timestamp,actual_power,ideal_power,deficit,deficit_trend,performance_ratio,cumulative_deficit
2020-01-01,710.0625,3066.5810882953556,2356.5185882953556,-4658.798036567818,0.18906704211070766,2356.5185882953556
2020-01-02,695.21090000002,2840.2894891676447,2145.0785891676246,-4658.818265251792,0.21136573971559316,4501.59717746298
2020-01-03,660.2421999999933,2301.250084276961,1641.0078842769676,-4658.838493935766,0.47109379911964205,6142.605061739947
2020-01-04,626.6328999999678,2857.2050862071187,2230.5721862071514,-4658.85872261974,0.22359432019233008,8373.177247947098
2020-01-05,172.6015000000043,174.9314034479039,2.3299034478995964,-4658.8789513037145,0.33669047555223636,8375.507151394999
2020-01-06,315.73439999998664,717.9164432319125,402.1820432319259,-4658.8991799876885,-0.19182884024296096,8777.689194626924
2020-01-07,670.25,2641.10039799331,1970.8503979933098,-4658.9194086716625,0.25546770693384585,10748.539592620235
2020-01-08,2764.000009999989,2849.250490744117,85.25048074412831,-4658.9396373556365,0.8576504475913875,10833.790073364364
2020-01-09,3090.0001099999645,2547.677421087706,-542.3226889122584,-4658.9598660396105,1.0483052311549141,10291.467384452106
2020-01-10,1704.1406899999856,1833.3583793300386,129.21768933005308,-4658.980094723584,0.8933892443746966,10420.685073782159
2020-01-11,2781.23431,3284.8440534346314,503.6097434346317,-4659.000323407558,0.8270080859045592,10924.29481721679
2020-01-12,3404.1326800000243,3318.3880827004164,-85.74459729960773,-4659.020552091533,1.0757829317675145,10838.550219917182
2020-01-13,3742.2812999999733,2917.087133609595,-825.1941663903781,-4659.040780775507,0.9694398256881163,10013.356053526804
2020-01-14,3427.6484200000123,2680.456116274597,-747.1923037254148,-4659.061009459481,2.1632824936805943,9266.16374980139
2020-01-15,3164.898430000001,1970.4600575119962,-1194.438372488005,-4659.081238143455,0.914006745259876,8071.725377313385
2020-01-16,2705.5077999999776,3226.3495930514346,520.8417930514568,-4659.101466827429,0.846438930558426,8592.567170364842
2020-01-17,2974.039139999979,3278.3553232760364,304.3161832760576,-4659.121695511403,0.9664129817971518,8896.8833536409
2020-01-18,3216.3436200000287,2909.3040174442776,-307.039602555751,-4659.141924195377,1.2382709051291825,8589.843751085149
2020-01-19,3035.2578299999877,2484.6359647810705,-550.6218652189172,-4659.162152879352,0.45023231486068366,8039.221885866232
2020-01-20,1527.2968099999853,1337.1940780474893,-190.102731952496,-4659.182381563326,0.6746580397692237,7849.119153913736
2020-01-21,3793.976600000038,3539.4577722437234,-254.5188277563147,-4659.2026102473,0.8109791554255578,7594.6003261574215
2020-01-22,1929.984300000011,1845.4638131036281,-84.52048689638282,-4659.222838931274,-1.2136978972679535,7510.079839261039
2020-01-23,1629.3905999999697,1924.1421084143446,294.7515084143751,-4659.243067615248,0.9137581792871626,7804.831347675414
2020-01-24,2494.2499000000244,3619.3616358344693,1125.111735834445,-4659.263296299222,0.6609283189148852,8929.94308350986
2020-01-25,3022.1718999999866,3383.2623530802484,361.09045308026174,-4659.283524983196,0.6911240881475623,9291.033536590121
2020-01-26,2477.76569999996,3415.979626356755,938.2139263567951,-4659.30375366717,0.768156498970428,10229.247462946916
2020-01-27,2819.3046999999933,3168.720503816693,349.4158038166997,-4659.323982351145,0.8372220856145963,10578.663266763615
2020-01-28,2938.5624000000244,3390.612259650653,452.04985965062866,-4659.344211035119,0.9628810067798634,11030.713126414244
2020-01-29,3185.5000999999756,3331.390987803033,145.89088780305758,-4659.364439719093,0.6432764785335554,11176.604014217302
2020-01-30,3090.554600000003,2864.285055958176,-226.26954404182706,-4659.384668403067,0.8039539994981001,10950.334470175476
2020-01-31,2133.0043866004953,2625.342111598422,492.3377249979264,-4659.404897087041,0.8593723886344795,11442.672195173402
2020-02-01,752.1862309345818,1921.0709071498654,1168.8846762152837,-4659.425125771015,-0.012192768198936967,12611.556871388686
2020-02-02,3155.365930934619,2982.0791301751715,-173.28680075944726,-4659.445354454989,0.9326011330567993,12438.270070629238
2020-02-03,3223.6903162248113,3436.60341784784,212.91310162302875,-4659.465583138964,1.1596397783616523,12651.183172252267
2020-02-04,4282.293046553977,3830.705512087381,-451.5875344665958,-4659.485811822938,1.06641812633351,12199.595637785671
2020-02-05,3919.363226628913,3419.237292409876,-500.12593421903665,-4659.506040506912,1.6491647378021095,11699.469703566634
2020-02-06,3253.5572600751543,2968.4348192477987,-285.12244082735583,-4659.526269190886,-0.14003959987080333,11414.347262739278
2020-02-07,2300.735865843187,2308.0023686602512,7.266502817063952,-4659.54649787486,-1.4559627076964563,11421.613765556342
2020-02-08,3618.8299416481004,2544.8801757139368,-1073.949765934164,-4659.566726558834,-1.8253190459876372,10347.663999622178
2020-02-09,2669.814441648092,1829.3539431799784,-840.4604984681135,-4659.586955242808,0.19050881742873843,9507.203501154065
2020-02-10,1870.3659398451587,1988.3315916396152,117.9656517944567,-4659.608026788615,28.472151396118555,9625.169152948522
2020-02-11,2639.38941632735,2634.7261188731336,-4.6632974542160355,-4659.627412610756,25.74605331632214,9620.505855494306
2020-02-12,2284.379266034514,3131.6706591676975,847.2913931331839,-4659.64764129473,0.6164110031865881,10467.79724862749
2020-02-13,3393.9399513031926,3003.354994627207,-390.58495667598584,-4659.667869978704,1.8411245738985091,10077.212291951504
2020-02-14,2333.3549174476584,2390.6402629131953,57.28534546553675,-4659.688098662678,0.1083338748376254,10134.49763741704
2020-02-15,985.3171787372914,2534.468478516207,1549.1512997789157,-4659.708327346652,0.6907377512914736,11683.648937195956
2020-02-16,3246.012578737303,3096.3124952005523,-149.70008353675053,-4659.728556030626,1.8315307971514763,11533.948853659205
2020-02-17,3133.231378737305,3046.554895467103,-86.67648327020248,-4659.748784714601,-6.517166575249048,11447.272370389002
2020-02-18,1566.7780787373115,2123.896791369404,557.1187126320924,-4659.769013398575,-0.17989678378540064,12004.391083021095
2020-02-19,1956.856487398913,2691.2806349911716,734.4241475922586,-4659.790084944381,-0.13764110192912507,12738.815230613354
2020-02-20,2425.1507167262794,3254.8982154493942,829.7474987231146,-4659.809470766523,-0.4185119833465803,13568.562729336469
2020-02-21,2564.801578737322,3385.9365234425695,821.1349447052478,-4659.829699450497,-1.3978524411306332,14389.697674041716
2020-02-22,3827.473378737333,3314.0650346380835,-513.4083440992495,-4659.849928134471,-0.7994945808686814,13876.289329942467
2020-02-23,3243.33287873731,2805.028572764746,-438.3043059725637,-4659.870156818445,0.34403446751563116,13437.985023969903
2020-02-24,1898.3956873988977,2664.9997328562577,766.6040454573601,-4659.891228364252,-1.1230319944475615,14204.589069427262
2020-02-25,1680.2626873989543,2311.7511170482753,631.488429649321,-4659.911457048226,-0.011722000004310153,14836.077499076582
2020-02-26,2603.8564873989276,3052.9903678660726,449.1338804671448,-4659.9316857322,-1.0519236500635105,15285.211379543727
2020-02-27,2571.153487398948,3422.0250575445452,850.8715701455972,-4659.951914416174,-0.6206355895257629,16136.082949689324
2020-02-28,2026.0907873989677,2816.189624373008,790.0988369740404,-4659.972143100148,-0.36680223376253884,16926.181786663365
2020-02-29,3274.02848739889,3280.6968431516952,6.6683557528053825,-4659.992371784122,-1.284722931587928,16932.85014241617
2020-03-01,3002.364496060576,2874.110522591625,-128.25397346895124,-4660.012600468097,0.6064539148855691,16804.596168947217
2020-03-02,2524.442696060521,2939.219877335799,414.777181275278,-4660.032829152071,-0.7369410005586445,17219.373350222493
2020-03-03,2238.3255960605475,2743.496329364447,505.1707333038994,-4660.053057836045,0.09528365682664759,17724.544083526394
2020-03-04,1012.9018513237113,411.35632140303153,-601.5455299206797,-4660.073286520019,-0.684002847614488,17122.998553605714
2020-03-05,694.4854092184848,723.1497436637609,28.664334445276097,-4660.093515203993,0.4138272393139526,17151.66288805099
2020-03-06,2108.0207960605344,2840.0353554853536,732.0145594248191,-4660.113743887967,0.19873246659400076,17883.67744747581
2020-03-07,2310.364496060561,3094.8528138888546,784.4883178282932,-4660.133972571941,0.1811066177348389,18668.165765304104
2020-03-08,2820.8409960605804,2990.3740249677926,169.53302890721255,-4660.154201255915,-0.07390363808775735,18837.698794211316
2020-03-09,3041.778596060585,3198.771979731737,156.99338367115172,-4660.17442993989,0.3098714858270107,18994.69217788247
2020-03-10,3100.919196060584,2952.5713883197286,-148.34780774085527,-4660.194658623864,0.12339139588678953,18846.344370141614
2020-03-11,3195.636310695344,3000.8864509024174,-194.74985979292632,-4660.214887307838,0.24056188397557152,18651.59451034869
2020-03-12,2024.8375007691764,2905.7189249130456,880.881424143869,-4660.235115991812,0.17069179287023087,19532.47593449256
2020-03-13,1146.6382150935785,2019.3033043803478,872.6650892867692,-4660.255344675786,0.48318060743706964,20405.141023779328
2020-03-14,1840.0893404130816,3091.1859186442357,1251.0965782311541,-4660.27557335976,0.031025792188588586,21656.237602010482
2020-03-15,1691.8704404131472,3141.1652554232533,1449.294815010106,-4660.295802043734,0.10389325932033737,23105.53241702059
2020-03-16,2648.7813561489493,3103.2358285022106,454.4544723532608,-4660.3160307277085,0.11672344081134156,23559.98688937385
2020-03-17,3115.036701363262,2819.5156077092493,-295.5210936540129,-4660.3362594116825,0.40704565495640566,23264.465795719836
2020-03-18,1814.4365642631928,2413.812467559441,599.3759032962479,-4660.3564880956565,0.43914605920656813,23863.841699016084
2020-03-19,1734.6847228932172,2186.0040704735625,451.31934758034527,-4660.37671677963,0.6272746327571938,24315.16104659643
2020-03-20,2153.5735271632366,2654.121830061331,500.5483028980948,-4660.396945463604,0.34531528731464417,24815.709349494526
2020-03-21,2331.681746103175,2794.961574967808,463.2798288646324,-4660.417174147578,0.5543869913526581,25278.98917835916
2020-03-22,2237.6895842631966,2816.7616879109714,579.0721036477751,-4660.437402831552,0.4764311762516064,25858.061282006933
2020-03-23,1889.5484049091965,2796.590808677024,907.0424037678281,-4660.457631515527,0.45398500739455744,26765.10368577476
2020-03-24,2679.8093532274756,2176.275754538595,-503.533598688881,-4660.477860199501,6.951963349584028,26261.57008708588
2020-03-25,1785.561172444669,2800.153769487798,1014.592597043129,-4660.498088883475,0.4693544451663169,27276.162684129005
2020-03-26,2988.6084894118317,2785.2348496624263,-203.37363974940564,-4660.518317567449,0.7968601733224202,27072.7890443796
2020-03-27,2575.193142207909,2547.836477032908,-27.356665175000728,-4660.538546251423,0.8390039418221962,27045.432379204598
2020-03-28,2878.493357025887,2495.114165143661,-383.37919188222565,-4660.558774935397,1.1314505917260964,26662.053187322374
2020-03-29,1355.8789883259137,986.0804212560217,-369.79856706989193,-4660.579003619371,0.8357481165832708,26292.254620252483
2020-03-30,2483.1167606707886,2538.050769534675,54.934008863886675,-4660.599232303346,0.9976132666794925,26347.18862911637
2020-03-31,2658.571389689009,2745.8558192345677,87.28442954555891,-4660.61946098732,0.9581162385275707,26434.473058661926
2020-04-01,2428.9317368634406,1873.8779284139732,-555.0538084494673,-4660.639689671294,0.6931144101358712,25879.41925021246
2020-04-02,984.257178152057,648.3666966543905,-335.89048149766654,-4660.659918355268,0.2236471365575856,25543.528768714794
2020-04-03,2263.892790101727,1339.1772083906385,-924.7155817110884,-4660.680147039242,0.2772311970644832,24618.813187003707
2020-04-04,1663.150093556195,1680.488802563565,17.338709007369886,-4660.700375723216,-0.03984544024356588,24636.151896011077
2020-04-05,1299.1873645561461,755.4549784997588,-543.7323860563872,-4660.72060440719,0.4676299305617586,24092.41950995469
2020-04-06,2093.5067230406744,2114.941850725178,21.435127684503726,-4660.740833091165,-2.48481360747101,24113.854637639193
2020-04-07,1682.9964836494762,1808.3209545127365,125.32447086326036,-4660.761061775139,-0.24663626864417126,24239.179108502452
2020-04-08,2123.1784340341574,2397.5200590939135,274.341625059756,-4660.781290459113,-0.7799695997962708,24513.520733562207
2020-04-09,2829.7733274645884,2230.5444640257015,-599.228863438887,-4660.801519143087,-0.503964453717663,23914.29187012332
2020-04-10,2346.012697320754,1741.6478588929212,-604.3648384278326,-4660.821747827061,-0.3937076259215013,23309.92703169549
2020-04-11,2095.449565320714,1919.7044987960658,-175.74506652464842,-4660.841976511035,-0.056160469928495375,23134.181965170843
2020-04-12,1669.7644473207104,2050.909264513386,381.14481719267565,-4660.862205195009,-0.11771612801063291,23515.326782363518
2020-04-13,2667.294611320674,2360.6438481820983,-306.650763138576,-4660.882433878983,-2.9411943945811765,23208.676019224942
2020-04-14,2163.7952534606407,2185.5128148990184,21.7175614383778,-4660.902662562958,0.05896964479089529,23230.39358066332
2020-04-15,2240.155994043256,2043.1370104310527,-197.01898361220358,-4660.922891246932,0.504447237809643,23033.374597051115
2020-04-16,1919.0754030159037,1807.8100123083932,-111.26539070751039,-4660.943119930906,0.4635819420504534,22922.109206343604
2020-04-17,1706.546337196284,2049.4808945404693,342.93455734418507,-4660.96334861488,-0.3858317403101971,23265.04376368779
2020-04-18,1173.9631451962887,1509.865951253416,335.90280605712724,-4660.983577298854,0.3556829714679876,23600.94656974492
2020-04-19,2238.6740571962728,2096.194924038329,-142.47913315794366,-4661.0038059828275,0.5897699271699138,23458.467436586976
2020-04-20,1135.4943034485766,1537.6341803215364,402.1398768729597,-4661.0248775286345,0.24711856291759454,23860.607313459936
2020-04-21,1693.0881629893831,1817.5711760520664,124.48301306268343,-4661.044263350776,0.12886053492197727,23985.09032652262
2020-04-22,1562.1217809719496,2083.204813129611,521.0830321576616,-4661.06449203475,0.20386092688279234,24506.17335868028
2020-04-23,905.7223169912844,1360.7630300580768,455.04071306679236,-4661.084720718724,0.6692387673566106,24961.214071747072
2020-04-24,1577.2614303260484,1675.4032049524244,98.14177462637588,-4661.104949402698,0.24635178113585499,25059.355846373448
2020-04-25,1356.3546915444786,1714.5590639881507,358.2043724436721,-4661.125178086672,0.5820722852747603,25417.56021881712
2020-04-26,955.5007910404196,1107.3958257714264,151.8950347310068,-4661.146249632478,0.4655575209776416,25569.455253548127
2020-04-27,1697.370341544451,2286.012068122118,588.6417265776668,-4661.16563545462,0.10588709867590315,26158.096980125792
2020-04-28,1215.1791805444363,1603.8871612899884,388.7079807455518,-4661.185864138595,-0.08689477959576429,26546.804960871345
2020-04-29,446.3733860403994,102.6628081763828,-343.7105778640166,-4661.206935684401,0.8642563670090041,26203.094383007327
2020-04-30,941.6455920403623,1452.7379287332192,511.092336692857,-4661.227164368375,0.6950195143846695,26714.186719700185
2020-05-01,639.1221160404119,593.9620199391428,-45.16009610126912,-4661.247393052349,1.1987597601635551,26669.026623598915
2020-05-02,914.2511210403871,1106.1815485733425,191.93042753295532,-4661.267621736323,0.6767525547617834,26860.95705113187
2020-05-03,1165.5350570403873,1980.7376229965896,815.2025659562023,-4661.287850420297,0.47745163171586374,27676.159617088073
2020-05-04,828.2635360403932,1732.150537836434,903.8870017960409,-4661.308079104272,0.25048645418711163,28580.046618884113
2020-05-05,1638.2431960404178,2164.274676664745,526.0314806243272,-4661.328307788246,0.4029976866734762,29106.07809950844
2020-05-06,1269.7642778024247,1724.260863902554,454.49658610012955,-4661.34853647222,1.499358060211806,29560.574685608568
2020-05-07,1177.3541078308945,1256.9010152505261,79.54690741963182,-4661.368765156194,1.526155591252841,29640.1215930282
2020-05-08,1455.1675348309354,1722.7926935024334,267.62515867149796,-4661.388993840168,0.8965846488538501,29907.7467516997
2020-05-09,635.0469038309492,826.5383324202774,191.49142858932817,-4661.409222524142,0.36474584367458796,30099.238180289027
2020-05-10,1186.0263138308903,1641.6282822257115,455.60196839482103,-4661.429451208116,0.4766703079252922,30554.84014868385
2020-05-11,1219.760407830867,1818.24409386889,598.483686038023,-4661.449679892091,0.6737545729796774,31153.323834721872
2020-05-12,1078.7547536008,1440.0844851889383,361.3297315881382,-4661.469908576065,2.550638565539379,31514.65356631001
2020-05-13,961.720746427485,1216.041098255961,254.32035182847622,-4661.490137260039,-0.9218378596730421,31768.973918138487
2020-05-14,1105.5477139170712,1828.6885768930106,723.1408629759395,-4661.510365944013,0.8653251947152238,32492.114781114426
2020-05-15,1758.609894452784,1941.4274845841235,182.81759013133976,-4661.530594627987,0.8808948491361231,32674.932371245766
2020-05-16,1774.6022481237744,1899.299164224292,124.69691610051754,-4661.550823311961,1.1496257331438806,32799.62928734628
2020-05-17,1730.5971961237194,1880.5001866833459,149.90299055962652,-4661.571051995935,1.2942237212034073,32949.532277905906
2020-05-18,1584.6611019150623,1542.0301912739665,-42.63091064109577,-4661.59128067991,-71.21681406435289,32906.90136726481
2020-05-19,729.7125101278705,878.8049217537861,149.09241162591562,-4661.611509363884,-0.004814483313087215,33055.99377889072
2020-05-20,1237.5783703192285,1065.1970410112656,-172.38132930796297,-4661.631738047858,3.297474674120096,32883.61244958275
2020-05-21,958.7498120098517,789.1593863351673,-169.5904256746844,-4661.651966731832,3.1027876871519924,32714.02202390807
2020-05-22,629.2856847238337,1140.7838345425528,511.49814981871907,-4661.672195415806,-3.3786309468183604,33225.52017372679
2020-05-23,674.9596138238051,922.9001947408304,247.9405809170253,-4661.69242409978,-0.7517572924766086,33473.46075464382
2020-05-24,912.3202738237853,1129.2908329861018,216.97055916231636,-4661.712652783754,307.0529003777989,33690.43131380613
2020-05-25,1645.6260807525596,1651.1412770223922,5.5151962698327,-4661.7328814677285,1.3535202019808468,33695.94651007596
2020-05-26,1503.5579571971373,1515.3580076498242,11.800050452686918,-4661.7531101517025,-13.694727052989743,33707.74656052865
2020-05-27,906.6203114600321,788.0572941682207,-118.56301729181149,-4661.773338835676,-0.7166714864150829,33589.18354323684
2020-05-28,1389.70381031502,1238.0328047343294,-151.67100558069052,-4661.79356751965,-0.04700522601897069,33437.51253765615
2020-05-29,1489.5156912070686,1369.3822398105358,-120.13345139653283,-4661.813796203624,11.084421856872243,33317.379086259614
2020-05-30,1712.6290680888187,1534.5238161554503,-178.10525193336832,-4661.834024887598,-4.6973335524300746,33139.273834326246
2020-05-31,1395.5474447888023,981.0119299002287,-414.5355148885735,-4661.854253571572,0.3116991648063219,32724.738319437674
2020-06-01,547.5483476887938,467.87479489491096,-79.67355279388285,-4661.874482255546,0.24157700317495764,32645.06476664379
2020-06-02,782.3750478038289,676.670185147794,-105.70486265603485,-4661.894710939521,-1.222393171771436,32539.359903987755
2020-06-03,1190.8711898300216,1175.435395496274,-15.435794333747822,-4661.914939623495,-36.12632032134361,32523.924109654006
2020-06-04,1857.3210352999993,1624.5934467438715,-232.72758855612784,-4661.935168307469,1.622769387381242,32291.196521097878
2020-06-05,1783.0625769999415,1613.0970722180703,-169.9655047818713,-4661.955396991443,1.6422849124297012,32121.231016316007
2020-06-06,1034.4154703000033,1102.8763793868186,68.46090908681516,-4661.975625675417,-2.5056280918266296,32189.69192540282
2020-06-07,1031.965635200005,1164.9909713075106,133.02533610750547,-4661.995854359391,1.652120029972033,32322.717261510326
2020-06-08,1518.373083000028,1530.994607633995,12.621524633966942,-4662.016083043365,2.6207332102118537,32335.338786144293
2020-06-09,1724.6990514000258,1478.5330078938027,-246.16604350622328,-4662.03631172734,-3.180015044288837,32089.17274263807
2020-06-10,1051.3180150817686,1285.1677059558815,233.84969087411295,-4662.056540411314,1.412146762844383,32323.022433512186
2020-06-11,869.8747733924965,1418.422690477455,548.5479170849583,-4662.076769095288,0.49644500391554336,32871.57035059715
2020-06-12,2308.1688237144626,1426.895179985345,-881.2736437291177,-4662.096997779262,2.8545651010230815,31990.29670686803
2020-06-13,610.9018621262087,556.8805342988011,-54.02132782740766,-4662.117226463236,0.3015909509709971,31936.275379040624
2020-06-14,2362.131231440506,1020.3548442063577,-1341.776387234148,-4662.13745514721,0.08180926206511145,30594.498991806475
2020-06-15,2518.5395269755472,616.5537682431468,-1901.9857587324004,-4662.157683831184,-0.4984724457117283,28692.513233074074
2020-06-16,1958.6917963805038,663.8456954808465,-1294.8461008996574,-4662.177912515159,0.05255295289693394,27397.667132174418
2020-06-17,2305.8277300134564,1173.9682110044648,-1131.8595190089916,-4662.198141199133,3.1857005721591154,26265.807613165427
2020-06-18,2738.6436448634963,1239.4261086004349,-1499.2175362630614,-4662.218369883107,-5.332978432039363,24766.590076902365
2020-06-19,2920.425468690331,640.7624207489472,-2279.663047941384,-4662.238598567081,-1.140204085568086,22486.92702896098
2020-06-20,3092.1693519999744,690.4424834198022,-2401.7268685801723,-4662.258827251055,-13.46154274572541,20085.20016038081
2020-06-21,1229.651916999996,565.9176373738358,-663.7342796261603,-4662.279055935029,-0.2980361163170297,19421.465880754648
2020-06-22,1820.7817727000288,663.9075581440324,-1156.8742145559966,-4662.299284619003,-0.6355241945673755,18264.591666198652
2020-06-23,2134.0567483000054,629.4753015839142,-1504.5814467160912,-4662.319513302978,-1.2330755627697898,16760.01021948256
2020-06-24,2503.323757499967,689.7785329765202,-1813.545224523447,-4662.339741986952,-0.25479213968064796,14946.464994959113
2020-06-25,2439.528478490001,763.7649750992232,-1675.7635033907777,-4662.359970670926,0.6103200153968958,13270.701491568336
2020-06-26,2694.268564755432,1161.5910369360238,-1532.6775278194084,-4662.3801993549,-2.2918264365829937,11738.023963748927
2020-06-27,2275.6150882419356,1157.1836095307635,-1118.431478711172,-4662.4004280388735,-0.9356230045788584,10619.592485037754
2020-06-28,4145.863715260386,1459.8105145948728,-2686.053200665513,-4662.4206567228475,4.288266515346357,7933.539284372241
2020-06-29,4511.073216082355,1447.6014053802212,-3063.471810702134,-4662.4408854068215,4.314335317436414,4870.067473670108
2020-06-30,3906.4907409836537,1038.3510132992594,-2868.139727684394,-4662.461114090796,0.6150819690874847,2001.9277459857135
2020-07-01,5052.594504575549,1255.1885049931614,-3797.405999582388,-4662.48134277477,-126.59342980457097,-1795.4782535966747
2020-07-02,3299.4954833984375,954.1264469401979,-2345.3690364582394,-4662.501571458744,-1.6214120268166574,-4140.847290054914
2020-07-03,1292.4427490234375,415.7966941448585,-876.646054878579,-4662.521800142718,1.0943974152337848,-5017.493344933493
2020-07-04,0.0,765.5343656038539,765.5343656038539,-4662.542028826692,0.0,-4251.958979329639
2020-07-05,2123.380533854167,722.6892269872575,-1400.6913068669094,-4662.562257510666,-4.14083641086907,-5652.650286196548
2020-07-06,2722.7232666015625,821.9266275909167,-1900.7966390106458,-4662.58248619464,-0.5862003928638118,-7553.446925207194
2020-07-07,1825.306640625,647.4473162289877,-1177.8593243960122,-4662.602714878614,-2.221989778479589,-8731.306249603207
2020-07-08,4868.2464599609375,972.3667358115748,-3895.8797241493626,-4662.622943562589,-35.18292570536929,-12627.18597375257
2020-07-09,5067.412857055664,1189.1460277019344,-3878.2668293537295,-4662.643172246563,17.27947803048835,-16505.4528031063
2020-07-10,4571.351425170898,967.2017668351945,-3604.149658335704,-4662.663400930537,-15.688650141916522,-20109.602461442002
2020-07-11,714.7684020996094,332.4485442003142,-382.3198578992952,-4662.683629614511,0.235105187481375,-20491.922319341298
2020-07-12,4306.284606933594,594.6495855226027,-3711.635021410991,-4662.703858298485,-2.2795140053730805,-24203.55734075229
2020-07-13,3877.3684692382812,1146.0813687877023,-2731.287100450579,-4662.724086982459,7.1836583490249195,-26934.84444120287
2020-07-14,4732.07470703125,1461.2680270449239,-3270.806679986326,-4662.744315666433,2.8726333318280473,-30205.651121189196
2020-07-15,6417.60986328125,1635.9815565509953,-4781.628306730255,-4662.764544350408,4.4829650834793275,-34987.27942791945
2020-07-16,3731.9639892578125,1482.0313280439489,-2249.932661213864,-4662.784773034382,3.1796947181130735,-37237.21208913331
2020-07-17,4235.544677734375,1617.549540378073,-2617.9951373563017,-4662.805001718356,2.7986304741008503,-39855.20722648961
2020-07-18,4116.4503173828125,1022.4031144142571,-3094.0472029685557,-4662.82523040233,1.1956723840512766,-42949.25442945817
2020-07-19,5217.8331298828125,1376.9891110825613,-3840.8440188002514,-4662.845459086304,-2.824676057444708,-46790.09844825842
2020-07-20,4086.375,1222.8149044892978,-2863.5600955107025,-4662.865687770278,-0.37139482887025366,-49653.65854376912
2020-07-21,2572.43896484375,1348.9933144139966,-1223.4456504297534,-4662.885916454252,6.540228457107941,-50877.10419419887
2020-07-22,3091.3193359375,1297.964771082684,-1793.354564854816,-4662.906145138227,2.453239029434255,-52670.45875905369
2020-07-23,2413.21923828125,1218.9858209547074,-1194.2334173265426,-4662.926373822201,1.1904601442641771,-53864.69217638023
2020-07-24,6535.1728515625,1791.0887669092008,-4744.084084653299,-4662.946602506175,2.096962198865524,-58608.776261033534
2020-07-25,0.0,1268.4881478080572,1268.4881478080572,-4662.966831190149,0.0,-57340.28811322548
2020-07-26,2945.684326171894,1386.2284695006535,-1559.4558566712403,-4662.987059874123,0.913916478405574,-58899.74396989672
2020-07-27,2125.236328125,991.8363380290203,-1133.3999900959798,-4663.007288558097,2.033263484621062,-60033.1439599927
2020-07-28,4882.34521484375,1634.4758995059985,-3247.8693153377512,-4663.027517242071,1.9314747724268446,-63281.01327533046
2020-07-29,5357.07861328125,1902.375602384265,-3454.703010896985,-4663.0477459260455,1.2820618187289268,-66735.71628622744
2020-07-30,6960.94775390625,1833.3778779995275,-5127.569875906723,-4663.0679746100195,1.9037195018950854,-71863.28616213416
2020-07-31,6996.831136067709,1930.35434694495,-5066.476789122758,-4663.0882032939935,1.8922891964691917,-76929.76295125691
2020-08-01,7380.61767578125,1828.8052830692154,-5551.812392712034,-4663.1084319779675,1.6525439070754704,-82481.57534396894
2020-08-02,7603.353271484375,1853.757918517133,-5749.595352967242,-4663.1286606619415,2.311219914380215,-88231.17069693618
2020-08-03,6409.499755859375,1751.314140180368,-4658.185615679007,-4663.148889345915,3.338666973736769,-92889.35631261519
2020-08-04,5129.942138671875,1763.901595279304,-3366.0405433925707,-4663.169118029889,2.1439731816670666,-96255.39685600776
2020-08-05,4667.48681640625,1602.8307536185407,-3064.6560627877093,-4663.189346713864,1.0561713657333558,-99320.05291879547
2020-08-06,4451.752685546875,1508.025820448435,-2943.7268650984397,-4663.209575397838,1.5944298306152445,-102263.7797838939
2020-08-07,2351.6942138671875,26.75920369236212,-2324.9350101748255,-4663.229804081812,5.403787131700296,-104588.71479406873
2020-08-08,5342.27294921875,569.0351801738946,-4773.237769044856,-4663.250032765786,119.72424568486372,-109361.95256311359
2020-08-09,6109.972412109375,1459.6840352484137,-4650.288376860961,-4663.27026144976,2.41624601779393,-114012.24093997455
2020-08-10,8615.5283203125,2311.045026419946,-6304.483293892554,-4663.290490133734,0.8591313924575779,-120316.7242338671
2020-08-11,7062.5185546875,1440.6357106633614,-5621.882844024139,-4663.310718817708,-17.927346949425008,-125938.60707789124
2020-08-12,5591.802734375,830.5325673210282,-4761.270167053972,-4663.330947501682,3.897593239831683,-130699.87724494521
2020-08-13,6519.62548828125,1369.116200806824,-5150.509287474426,-4663.351176185657,2.5381934847453813,-135850.38653241962
2020-08-14,4031.0849609375,1070.8835900141514,-2960.2013709233483,-4663.371404869631,5.201481707279545,-138810.58790334297
2020-08-15,7048.240744850831,1836.1843227983934,-5212.0564220524375,-4663.391633553605,1.8598099644148292,-144022.6443253954
2020-08-16,3343.34765625,1277.1411937212044,-2066.206462528796,-4663.411862237579,1.357295977111504,-146088.8507879242
2020-08-17,6631.677734375,1940.6683616152752,-4691.009372759725,-4663.432090921553,1.9605614750046385,-150779.86016068392
2020-08-18,8110.116455078125,1819.8180087227365,-6290.2984463553885,-4663.452319605527,1.7676543384085188,-157070.1586070393
2020-08-19,3183.10205078125,933.5069579081126,-2249.5950928731377,-4663.472548289501,2.51154481225527,-159319.75369991246
2020-08-20,6076.240234375,1598.0878317896509,-4478.15240258535,-4663.492776973476,1.8939100712307204,-163797.9061024978
2020-08-21,9179.410628318787,1770.902545274617,-7408.508083044169,-4663.51300565745,1.8450354276165821,-171206.41418554197
2020-08-22,3397.8853912353516,1234.3305928596533,-2163.5547983756983,-4663.533234341424,2.071784846390109,-173369.96898391767
2020-08-23,4917.278434753418,1618.6897872805303,-3298.5886474728877,-4663.552620163566,0.7947835988123049,-176668.55763139055
2020-08-24,6102.206611633301,1560.7965267206218,-4541.410084912679,-4663.57284884754,2.1261799944363835,-181209.96771630322
2020-08-25,5687.231338500977,2244.5134703959743,-3442.7178681050023,-4663.593077531514,-0.5906270797884173,-184652.68558440823
2020-08-26,7642.583999633789,2377.41333237776,-5265.170667256029,-4663.613306215488,-5.147250217614679,-189917.85625166426
2020-08-27,9570.323318481445,1997.5646899819817,-7572.758628499464,-4663.633534899462,-1.2783381089287102,-197490.61488016372
2020-08-28,9393.579010009766,2503.0787291468605,-6890.500280862905,-4663.653763583437,-11.949067353211188,-204381.11516102662
2020-08-29,11788.882446289062,2514.604886152953,-9274.27756013611,-4663.6739922674105,-4.202304594385399,-213655.39272116273
2020-08-30,6879.805328369141,2025.4857627222912,-4854.31956564685,-4663.6942209513845,2.028870922579401,-218509.71228680958
2020-08-31,9122.195617675781,2363.853906999351,-6758.34171067643,-4663.7144496353585,-7.398142406686094,-225268.05399748601
2020-09-01,11053.033996582031,2729.169438472361,-8323.86455810967,-4663.7346783193325,-19.53827652444742,-233591.91855559568
2020-09-02,7711.150085449219,1926.100536191295,-5785.049549257924,-4663.7549070033065,1.133167931195584,-239376.96810485361
2020-09-03,9577.850708007812,2258.811835350611,-7319.038872657202,-4663.77513568728,2.24310826489021,-246696.0069775108
2020-09-04,9643.764831542969,2024.8891785470478,-7618.875652995921,-4663.795364371255,-2.488412432734676,-254314.88263050673
2020-09-05,7586.762451171875,2133.82710048095,-5452.935350690925,-4663.815593055229,-7.778568638048932,-259767.81798119767
2020-09-06,12446.134887695312,2650.703772665089,-9795.431115030224,-4663.835821739203,-8.252441587248159,-269563.2490962279
2020-09-07,12313.388854980469,2542.6648137307634,-9770.724041249705,-4663.856050423177,-6.727344537911814,-279333.97313747765
2020-09-08,1992.6317138671875,1162.129057555045,-830.5026563121426,-4663.876279107151,1.6876988313848933,-280164.4757937898
2020-09-09,11022.152587890625,2610.0152550088014,-8412.137332881823,-4663.896507791125,10.277329435077826,-288576.6131266716
2020-09-10,10526.8125,2667.723752360692,-7859.088747639309,-4663.916736475099,-0.9330923601118517,-296435.7018743109
2020-09-11,10114.905029296875,2428.4910131946463,-7686.414016102229,-4663.936965159073,-0.33643498450171966,-304122.1158904131
2020-09-12,1884.47607421875,1436.564245787745,-447.9118284310051,-4663.957193843048,0.49498445126913454,-304570.0277188441
2020-09-13,11046.51513671875,1985.4260355141255,-9061.089101204625,-4663.977422527022,10.87010793260941,-313631.1168200488
2020-09-14,10549.824096679688,2732.983435375745,-7816.840661303942,-4663.997651210996,7.748024969611958,-321447.9574813527
2020-09-15,12686.629516601562,2943.2196376303687,-9743.409878971193,-4664.01787989497,133.0662487329602,-331191.3673603239
2020-09-16,9551.545288085938,2496.1963084995846,-7055.3489795863525,-4664.038108578944,0.9574944742220177,-338246.7163399102
2020-09-17,33.9014892578125,1459.8153054796624,1425.9138162218499,-4664.058337262918,0.072169229036464,-336820.80252368835
2020-09-18,6014.877197265625,1206.3999278465494,-4808.477269419076,-4664.078565946892,2.451809848103911,-341629.2797931074
2020-09-19,7519.360776521964,1825.7090599445994,-5693.651716577365,-4664.098794630867,3.9488339863541997,-347322.9315096848
2020-09-20,9758.643975425512,1872.3938153721824,-7886.25016005333,-4664.119023314841,-1.7241316920977228,-355209.1816697381
2020-09-21,5513.316213822109,1471.201802136498,-4042.114411685611,-4664.139251998815,4.287725744085741,-359251.2960814237
2020-09-22,11460.139435136902,2279.9479395280164,-9180.191495608886,-4664.159480682789,-5.153866999856919,-368431.4875770326
2020-09-23,8227.297200520828,1878.0197716273294,-6349.277428893499,-4664.179709366763,8.75073737155528,-374780.7650059261
2020-09-24,7595.0423081341905,1951.943318927567,-5643.098989206624,-4664.199938050737,-14.114121306227263,-380423.8639951327
2020-09-25,5932.2431640625,1757.9928526690826,-4174.250311393417,-4664.220166734711,8.407799429846966,-384598.1143065261
2020-09-26,8723.013549804688,2306.2904588541032,-6416.723090950584,-4664.240395418686,3.631680836879879,-391014.83739747666
2020-09-27,12768.137939453125,2997.0489131454183,-9771.089026307707,-4664.26062410266,5.018504487388911,-400785.92642378435
2020-09-28,12854.53564453125,3280.0296735088514,-9574.505971022398,-4664.280852786634,3.8631229804754192,-410360.43239480676
2020-09-29,11884.99462890625,2832.2369052824124,-9052.757723623838,-4664.301081470608,-0.18399277995151733,-419413.1901184306
2020-09-30,9034.215908363218,944.8840058425171,-8089.3319025207,-4664.321310154582,3.487289504608956,-427502.52202095126
2020-10-01,13727.197998046875,3130.4552117694825,-10596.742786277393,-4664.3406959767235,4.18953875111474,-438099.26480722864
2020-10-02,14345.1513671875,2811.0867485056306,-11534.06461868187,-4664.3609246606975,5.772997062500256,-449633.3294259105
2020-10-03,13062.13427734375,2627.619495506114,-10434.514781837635,-4664.3811533446715,7.256361903298227,-460067.84420774813
2020-10-04,4951.84765625,1820.1749884850299,-3131.67266776497,-4664.401382028646,-11.197833830747774,-463199.5168755131
2020-10-05,3581.989013671875,1567.7657869339723,-2014.2232267379027,-4664.422453574452,4.361189958124293,-465213.740102251
2020-10-06,3025.5029296875,1145.2372533397252,-1880.2656763477748,-4664.442682258426,0.6985232798694615,-467094.0057785988
2020-10-07,4079.1865234375,343.82413382584025,-3735.3623896116596,-4664.4629109424,8.414667827506905,-470829.36816821044
2020-10-08,6771.646728515625,948.8196307240577,-5822.827097791567,-4664.482296764542,-2.044343063046166,-476652.195266002
2020-10-09,6828.228515625,2211.303833200315,-4616.924682424686,-4664.502525448516,2.3455446760856713,-481269.11994842667
2020-10-10,10938.109375,3145.914458048637,-7792.194916951364,-4664.52275413249,2.836929355924946,-489061.314865378
2020-10-11,11275.689697265625,3491.1973800176274,-7784.492317247998,-4664.542982816464,1.1342082303607188,-496845.80718262604
2020-10-12,13639.811279296875,3222.455153350494,-10417.35612594638,-4664.563211500439,3.3763814262161373,-507263.16330857243
2020-10-13,6134.044189453125,2806.8085698900513,-3327.2356195630737,-4664.583440184413,1.4819337797066499,-510590.3989281355
2020-10-14,13670.5107421875,2894.2918645694044,-10776.218877618096,-4664.603668868387,4.120175374089562,-521366.6178057536
2020-10-15,3125.897705078125,964.9180765825794,-2160.9796284955455,-4664.623897552361,3.7208807778662876,-523527.5974342491
2020-10-16,11399.791748046875,1283.7807604321888,-10116.010987614687,-4664.644126236335,9.43936998522795,-533643.6084218638
2020-10-17,7681.98974609375,1321.6027570555361,-6360.386989038214,-4664.664354920309,3.9423081368481294,-540003.995410902
2020-10-18,10075.856689453125,3120.9504253602095,-6954.906264092915,-4664.684583604283,0.9701135154846666,-546958.9016749948
2020-10-19,10290.065673828125,3271.6496137765776,-7018.416060051548,-4664.704812288258,1.7898788984217666,-553977.3177350464
2020-10-20,12024.95556640625,3417.0105586560376,-8607.945007750212,-4664.725040972232,1.7938997954262466,-562585.2627427966
2020-10-21,10699.444580078125,3106.9263010755185,-7592.5182790026065,-4664.745269656206,1.1213843679121187,-570177.7810217992
2020-10-22,14688.313720703125,2965.9987535696328,-11722.314967133492,-4664.76549834018,3.234645307916698,-581900.0959889326
2020-10-23,6189.746826171875,876.4808095626482,-5313.266016609227,-4664.785727024154,1.5163013250580906,-587213.3620055419
2020-10-24,5877.62646484375,1480.1453568427244,-4397.481108001026,-4664.805955708128,1.9487958949099717,-591610.843113543
2020-10-25,10571.87158203125,3356.0258543070295,-7215.8457277242205,-4664.826184392102,1.6284316719231953,-598826.6888412673
2020-10-26,13354.094482421875,2750.180175520212,-10603.914306901663,-4664.846413076077,2.6109116581106884,-609430.6031481689
2020-10-27,10565.244384765625,2426.993743716247,-8138.250641049378,-4664.866641760051,2.9367253938636373,-617568.8537892182
2020-10-28,14053.076416015625,3014.4523127826365,-11038.624103232989,-4664.886870444025,1.9920762534010754,-628607.4778924512
2020-10-29,11066.064697265625,2451.270398517919,-8614.794298747705,-4664.907099127999,2.308000091303064,-637222.2721911989
2020-10-30,11559.441650390625,2309.1213342738565,-9250.320316116768,-4664.927327811973,2.4077561520230093,-646472.5925073157
2020-10-31,3749.08154296875,2427.804098282519,-1321.2774446862309,-4664.947556495947,0.2695371024436367,-647793.869952002
2020-11-01,13812.07177734375,3158.139954769841,-10653.931822573908,-4664.967785179921,0.6737516232316216,-658447.8017745758
2020-11-02,15455.847412109375,3168.824171149406,-12287.023240959968,-4664.9880138638955,1.3923030578441171,-670734.8250155358
2020-11-03,15650.869873046875,3077.246942145779,-12573.622930901096,-4665.0082425478695,1.9424333384239285,-683308.4479464369
2020-11-04,1880.71240234375,927.7423026049894,-952.9700997387606,-4665.0284712318435,1.202206582888606,-684261.4180461757
2020-11-05,10798.51953125,3209.9324679453207,-7588.58706330468,-4665.048699915817,-2.410537584028733,-691850.0051094805
2020-11-06,7142.53466796875,3584.623821837487,-3557.910846131263,-4665.068928599791,-0.40025819612023056,-695407.9159556117
2020-11-07,11946.29296875,3445.089722343769,-8501.20324640623,-4665.089157283765,-1.874704327705544,-703909.119202018
2020-11-08,16925.92041015625,3335.5991486629114,-13590.321261493338,-4665.109385967739,-0.31751603008518386,-717499.4404635114
2020-11-09,16251.130859375,3505.9474627690547,-12745.183396605946,-4665.129614651714,1.2808794991471752,-730244.6238601173
2020-11-10,16167.369140625,3283.4780154484442,-12883.891125176557,-4665.149843335688,0.4065285095468771,-743128.5149852938
2020-11-11,4558.45556640625,1472.2228280742515,-3086.2327383319985,-4665.170072019662,2.6317285874427316,-746214.7477236259
2020-11-12,14054.44873046875,2901.1378261747186,-11153.310904294032,-4665.190300703636,2.77845864268897,-757368.0586279199
2020-11-13,10316.00634765625,2988.0548036852906,-7327.951543970959,-4665.21052938761,0.7532873616481648,-764696.0101718908
2020-11-14,12172.556640625,3329.7394977692575,-8842.817142855743,-4665.230758071584,-2.4582303910433994,-773538.8273147466
2020-11-15,8273.7373046875,2010.6487982686565,-6263.088506418843,-4665.250986755558,6.1243905061166775,-779801.9158211654
2020-11-16,16708.185546875,3247.5415779632613,-13460.64396891174,-4665.271215439532,-0.8450078017850142,-793262.5597900772
2020-11-17,13218.8251953125,3689.1929892544836,-9529.632206058017,-4665.291444123507,-4.673426005333769,-802792.1919961352
2020-11-18,17170.04296875,3576.2640181019096,-13593.778950648091,-4665.311672807481,-1.8080809043294244,-816385.9709467832
2020-11-19,16713.8671875,2924.6242028706793,-13789.24298462932,-4665.331901491455,-4.671804833869472,-830175.2139314126
2020-11-20,17066.2578125,3058.0379079496633,-14008.219904550337,-4665.352130175429,-0.08300926528589196,-844183.4338359629
2020-11-21,10653.6767578125,2435.7799025776203,-8217.89685523488,-4665.372358859403,1.6045615149813244,-852401.3306911978
2020-11-22,6901.955078125,1554.2621219386428,-5347.692956186357,-4665.392587543377,-0.7167565867569811,-857749.0236473841
2020-11-23,6764.3818359375,2525.740813878111,-4238.641022059389,-4665.412816227351,-2.2914259490499376,-861987.6646694435
2020-11-24,11846.3974609375,3114.948315327098,-8731.449145610402,-4665.433044911326,-0.2740285614865795,-870719.113815054
2020-11-25,16437.734375,3102.6541347159587,-13335.080240284042,-4665.452430733468,0.0771376061791693,-884054.194055338
2020-11-26,14036.66015625,2916.642880484714,-11120.017275765285,-4665.472659417442,-1.7771750503060342,-895174.2113311033
2020-11-27,15778.6455078125,2493.827890392145,-13284.817617420355,-4665.492888101416,1.4484606747088327,-908459.0289485237
2020-11-28,6021.115234375,1879.4605294425035,-4141.654704932496,-4665.513959647222,2.4993826802236714,-912600.6836534562
2020-11-29,9890.353515625,3139.573660550526,-6750.779855074474,-4665.534188331196,-4.207940562106253,-919351.4635085306
2020-11-30,17369.357421875,3141.037685492032,-14228.319736382968,-4665.553574153338,7.737737431138998,-933579.7832449136
2020-12-01,4793.2666015625,1525.289194692905,-3267.9774068695947,-4665.573802837312,-1.8019333873869878,-936847.7606517832
2020-12-02,14933.236328125,3618.255403568733,-11314.980924556266,-4665.5940315212865,4.11091492806415,-948162.7415763395
2020-12-03,17604.17578125,3191.668475125913,-14412.507306124087,-4665.6142602052605,6.599830126195042,-962575.2488824636
2020-12-04,17191.181640625,3258.926094296126,-13932.255546328874,-4665.6344888892345,9.044302718510037,-976507.5044287924
2020-12-05,4872.0712890625,738.3287979294778,-4133.742491133023,-4665.6547175732085,2.723580177527214,-980641.2469199254
2020-12-06,10783.6513671875,2585.2413007167547,-8198.410066470746,-4665.6749462571825,-50.85290994247491,-988839.6569863962
2020-12-07,9974.2119140625,2222.8243773878376,-7751.387536674662,-4665.6960178029885,6.73548482540848,-996591.0445230708
2020-12-08,8877.0068359375,3191.325966164335,-5685.680869773165,-4665.71540362513,1.952608295622106,-1002276.725392844
2020-12-09,18073.375,3332.9648554690334,-14740.410144530966,-4665.735632309105,6.295737032794829,-1017017.1355373749
2020-12-10,15880.23046875,3358.5196655751697,-12521.71080317483,-4665.755860993079,9.69349510089782,-1029538.8463405498
2020-12-11,17099.2861328125,3467.4762848429536,-13631.809847969547,-4665.776089677053,6.310292568351366,-1043170.6561885193
2020-12-12,17701.875,2762.763806159528,-14939.111193840472,-4665.796318361027,10.952203241882392,-1058109.7673823598
2020-12-13,16460.1259765625,3235.43560552528,-13224.69037103722,-4665.817389906833,18.169636279780764,-1071334.457753397
2020-12-14,18030.06640625,2838.150713298227,-15191.915692951774,-4665.836775728975,4.977220723001694,-1086526.3734463488
2020-12-15,15630.32421875,2565.8612634627884,-13064.462955287212,-4665.857004412949,7.145178607453159,-1099590.836401636
2020-12-16,13722.0244140625,2535.2420282145526,-11186.782385847948,-4665.878075958756,-14.08507411434249,-1110777.618787484
2020-12-17,14033.72802734375,3082.8890172429515,-10950.839010100799,-4665.89830464273,3.402402879125685,-1121728.4577975848
2020-12-18,11905.314453125,3364.465481591049,-8540.848971533951,-4665.918533326704,5.072708661437823,-1130269.3067691189
2020-12-19,12785.4697265625,3561.1504681968854,-9224.319258365615,-4665.937919148846,4.480834037840188,-1139493.6260274844
2020-12-20,16306.595703125,3515.4956460579588,-12791.10005706704,-4665.95814783282,4.405427200479116,-1152284.7260845515
2020-12-21,6660.20751953125,1142.9924951843645,-5517.215024346886,-4665.979219378626,-6.6109790254547836,-1157801.9411088985
2020-12-22,6053.22119140625,2275.0314826255135,-3778.1897087807365,-4665.999448062601,34.4845297034325,-1161580.1308176792
2020-12-23,13042.21923828125,3481.1827175026724,-9561.036520778578,-4666.019676746575,4.5246121937241535,-1171141.167338458
2020-12-24,11966.46826171875,3393.205636639019,-8573.262625079731,-4666.039905430549,4.393473246478537,-1179714.4299635377
2020-12-25,14358.0,3480.4054492901073,-10877.594550709893,-4666.060134114523,4.6605447807638365,-1190592.0245142477
2020-12-26,0.0,2644.145813349295,2644.145813349295,-4666.080362798497,0.0,-1187947.8787008983
2020-12-27,0.0,1336.0480801773292,1336.0480801773292,-4666.100591482471,0.0,-1186611.830620721
2020-12-28,15155.7939453125,3393.9683095006467,-11761.825635811854,-4666.120820166445,5.41825691302965,-1198373.6562565328
2020-12-29,15240.1767578125,3609.8865045550033,-11630.290253257497,-4666.141048850419,3.6252096240291403,-1210003.9465097904
2020-12-30,16703.48388671875,3296.7918692946982,-13406.692017424051,-4666.161277534394,7.405887157871719,-1223410.6385272145
2020-12-31,6296.17236328125,2987.874229467151,-3308.298133814099,-4666.181506218368,1.9980563981110977,-1226718.9366610285
2021-01-01,15152.17431640625,2451.849410041441,-12700.324906364809,-4666.201734902342,330.1935240757017,-1239419.2615673933
2021-01-02,9227.66650390625,2515.122034204699,-6712.544469701551,-4666.221963586316,2.7729486435565707,-1246131.806037095
2021-01-03,10880.36328125,2794.195509207204,-8086.167772042796,-4666.24219227029,4.938582661737128,-1254217.9738091377
2021-01-04,6279.0009765625,2497.9557904974886,-3781.0451860650114,-4666.262420954264,15.53712443042267,-1257999.0189952026
2021-01-05,4690.77734375,3102.9455813145632,-1587.8317624354365,-4666.282649638238,1.283038513079877,-1259586.850757638
2021-01-06,2445.2724609375,3091.4082189929663,646.1357580554662,-4666.302878322213,0.601500852798618,-1258940.7149995826
2021-01-07,759.0,3146.6560914924994,2387.6560914924994,-4666.323107006187,0.20022313329585617,-1256553.0589080902
2021-01-08,14240.4609375,3044.5092615446047,-11195.951675955395,-4666.3433356901605,3.5901164120334896,-1267749.0105840457
2021-01-09,14462.416519742459,2782.2015650680623,-11680.214954674397,-4666.3635643741345,4.017817429139089,-1279429.2255387201
2021-01-10,13577.69220597553,2682.640971831636,-10895.051234143895,-4666.3837930581085,4.710639603634301,-1290324.276772864
2021-01-11,14291.4208984375,2346.6585741849563,-11944.762324252544,-4666.4040217420825,10.107833498176706,-1302269.0390971166
2021-01-12,12931.685546875,2920.709162220246,-10010.976384654754,-4666.4242504260565,3.4901773484473826,-1312280.0154817712
2021-01-13,13449.3876953125,2360.4526629454913,-11088.935032367008,-4666.444479110031,-14.335339094925711,-1323368.9505141382
2021-01-14,11977.2724609375,3190.798332900559,-8786.474128036942,-4666.464707794005,2.512585110824162,-1332155.4246421752
2021-01-15,10156.931640625,3160.885478047157,-6996.0461625778435,-4666.484936477979,2.574980004325621,-1339151.470804753
2021-01-16,8625.11474609375,3116.9234341448955,-5508.1913119488545,-4666.505165161953,2.0806511935553296,-1344659.662116702
2021-01-17,16161.77880859375,3539.9227488738024,-12621.856059719948,-4666.525393845927,3.451763480681471,-1357281.518176422
2021-01-18,13711.765625,3211.4560665259646,-10500.309558474035,-4666.545622529901,3.861577302476928,-1367781.827734896
2021-01-19,15815.859375,3425.818109157256,-12390.041265842743,-4666.565851213875,3.733314569203084,-1380171.8690007387
2021-01-20,17783.197265625,3331.0357183465817,-14452.161547278418,-4666.58607989785,3.0708700265982043,-1394624.0305480172
2021-01-21,16487.53515625,2960.91513667717,-13526.62001957283,-4666.606308581824,3.6321910493836924,-1408150.65056759
2021-01-22,16892.58203125,2877.1954418347264,-14015.386589415273,-4666.626537265798,4.668934057515506,-1422166.0371570054
2021-01-23,16555.8359375,2720.5215317548796,-13835.31440574512,-4666.646765949772,5.805573888322198,-1436001.3515627505
2021-01-24,13614.056529017864,2698.12417071269,-10915.932358305174,-4666.666994633746,3.0619029311574186,-1446917.2839210557
2021-01-25,9202.26953125,1766.4321603497829,-7435.837370900217,-4666.68722331772,1.2434488086491042,-1454353.121291956
2021-01-26,4942.9375,1866.3283486507896,-3076.60915134921,-4666.707452001694,1.8373417859578827,-1457429.730443305
2021-01-27,16698.38671875,3385.3013019184323,-13313.085416831567,-4666.727680685669,6.618900629669125,-1470742.8158601366
2021-01-28,7277.158203125,901.926518205964,-6375.231684919036,-4666.747909369643,0.4099741338424144,-1477118.0475450556
2021-01-29,2350.265625,307.08093672105,-2043.18468827895,-4666.768138053617,-0.4535927868101052,-1479161.2322333346
2021-01-30,11992.099609375,3339.073993523905,-8653.025615851095,-4666.788366737591,7.031746574560676,-1487814.2578491857
2021-01-31,16077.708984375,3381.065865373827,-12696.643119001174,-4666.808595421565,5.060999453098453,-1500510.9009681868
2021-02-01,8005.205078125,1486.2333892285956,-6518.971688896405,-4666.828824105539,9.22459087993913,-1507029.8726570832
2021-02-02,11477.31640625,3585.4278724485007,-7891.888533801499,-4666.849052789513,3.8017792568944957,-1514921.7611908847
2021-02-03,16912.912109375,3481.240638931397,-13431.671470443604,-4666.869281473487,4.342045030572884,-1528353.4326613285
2021-02-04,10857.328125,2030.1186622845053,-8827.209462715495,-4666.889510157462,-6.294546500107805,-1537180.642124044
2021-02-05,9885.849609375,1890.617747174015,-7995.231862200985,-4666.909738841436,11.763312794360598,-1545175.873986245
2021-02-06,10014.181640625,2897.3363982307756,-7116.845242394224,-4666.92996752541,2.6861525592525193,-1552292.719228639
2021-02-07,9711.40234375,3264.265832086234,-6447.136511663766,-4666.950196209384,10.383359807499387,-1558739.8557403027
2021-02-08,9470.8984375,3067.6571858006573,-6403.241251699343,-4666.970424893358,-4.63497195753945,-1565143.096992002
2021-02-09,16896.19921875,3545.4685906328777,-13350.730628117122,-4666.990653577332,5.5133925731086935,-1578493.8276201193
2021-02-10,15821.53125,3031.160297668691,-12790.370952331308,-4667.010882261306,4.735498797345722,-1591284.1985724506
2021-02-11,11232.05029296875,2536.274265242972,-8695.776027725778,-4667.0311109452805,0.11539767603746467,-1599979.9746001763
2021-02-12,10608.8349609375,2219.7207720475385,-8389.114188889962,-4667.052182491087,18.44312283659484,-1608369.0887890663
2021-02-13,11181.6474609375,3171.7221104227356,-8009.925350514764,-4667.071568313228,7.00110794167522,-1616379.014139581
2021-02-14,12938.04296875,3436.651227658557,-9501.391741091442,-4667.091796997202,4.88764347745822,-1625880.4058806724
2021-02-15,14190.19580078125,3236.6555116497984,-10953.540289131452,-4667.112025681176,4.052640351857055,-1636833.9461698039
2021-02-16,13146.36328125,3020.070506249051,-10126.29277500095,-4667.13225436515,7.486159369056729,-1646960.2389448048
2021-02-17,15699.1298828125,3154.327473410118,-12544.802409402382,-4667.152483049124,-5.1147356442690395,-1659505.041354207
2021-02-18,15767.169921875,3157.5882948193585,-12609.581627055642,-4667.172711733099,-8.80520488023611,-1672114.6229812626
2021-02-19,0.00390625,2980.992399672679,2980.988493422679,-4667.192940417073,-2.540812776557516e-06,-1669133.6344878399
2021-02-20,8776.9970703125,2234.055067074128,-6542.942003238372,-4667.213169101047,-3.3573470744185174,-1675676.5764910784
2021-02-21,4985.57958984375,2862.266145664764,-2123.313444178986,-4667.234240646853,-0.16473683811224474,-1677799.8899352574
2021-02-22,11062.908203125,3082.598561282269,-7980.30964184273,-4667.253626468995,0.3460911529374725,-1685780.1995771
2021-02-23,15061.90380859375,3429.2695611894005,-11632.634247404349,-4667.273855152969,22.538774663744196,-1697412.8338245044
2021-02-24,0.0,3353.532481236117,3353.532481236117,-4667.294926698776,0.0,-1694059.3013432682
2021-02-25,13354.6796875,3289.4480258951453,-10065.231661604856,-4667.31515538275,-1.5491044506512233,-1704124.5330048732
2021-02-26,9538.3095703125,3342.667160339614,-6195.6424099728865,-4667.335384066724,-5.442320666015708,-1710320.175414846
2021-02-27,8103.65234375,2526.3274444795993,-5577.3248992704,-4667.355612750698,-5.980825525098394,-1715897.5003141165
2021-02-28,14262.62890625,3248.84000656783,-11013.78889968217,-4667.375841434672,19.93009545498829,-1726911.2892137987
2021-03-01,8423.77734375,3111.881782511965,-5311.895561238035,-4667.396070118646,-1.3893731347531983,-1732223.1847750368
2021-03-02,9209.4775390625,3480.3730584547234,-5729.104480607777,-4667.41629880262,-4.138652021687411,-1737952.2892556444
2021-03-03,7143.763671875,3185.732024746237,-3958.0316471287633,-4667.436527486595,-1.4662078785657275,-1741910.3209027732
2021-03-04,5375.90234375,3077.079184709054,-2298.823159040946,-4667.456756170569,0.041274822414138455,-1744209.144061814
2021-03-05,7795.8408203125,3263.260424639227,-4532.580395673273,-4667.476984854543,-1.05387219481241,-1748741.7244574872
2021-03-06,14094.2822265625,3446.318906958599,-10647.963319603901,-4667.497213538517,-1.90893768792305,-1759389.687777091
2021-03-07,11021.583984375,2808.737987052904,-8212.845997322096,-4667.517442222491,2.379390089552032,-1767602.5337744132
2021-03-08,4085.6044921875,1534.6145935035502,-2550.98989868395,-4667.537670906465,1.5298306857110988,-1770153.5236730971
2021-03-09,9034.9931640625,3159.6049183155014,-5875.388245746999,-4667.557899590439,-0.4238543472955163,-1776028.911918844
2021-03-10,12794.837890625,2984.8296017990588,-9810.008288825942,-4667.578128274414,0.4306199407582536,-1785838.92020767
2021-03-11,8589.9404296875,2087.461342854821,-6502.479086832679,-4667.598356958388,2.4770707811999646,-1792341.3992945026
2021-03-12,11109.4130859375,2960.543660779466,-8148.869425158035,-4667.618585642362,-1.0657248701514686,-1800490.2687196606
2021-03-13,3142.193359375,1028.930581699114,-2113.262777675886,-4667.638814326336,2.544674192906919,-1802603.5314973365
2021-03-14,8582.2265625,3291.204304198766,-5291.022258301235,-4667.65904301031,-0.5021596822027478,-1807894.5537556377
2021-03-15,8923.515625,3060.743436857708,-5862.772188142292,-4667.679271694284,0.14284670350103687,-1813757.3259437801
2021-03-16,12431.443359375,3021.360087075437,-9410.083272299564,-4667.699500378258,1.0124435807228072,-1823167.4092160796
2021-03-17,11392.4912109375,2625.944014862205,-8766.547196075295,-4667.719729062232,2.6373946937084045,-1831933.956412155
2021-03-18,10038.197265625,2505.504556106116,-7532.692709518884,-4667.7399577462065,5.683297708799373,-1839466.6491216738
2021-03-19,10372.9892578125,2484.54336476365,-7888.445893048849,-4667.7601864301805,3.862319397232985,-1847355.0950147226
2021-03-20,8780.197265625,2023.464746490582,-6756.732519134418,-4667.7804151141545,7.075801180981614,-1854111.827533857
2021-03-21,2925.1611328125,642.298317249606,-2282.862815562894,-4667.8006437981285,1.0520756356384298,-1856394.6903494198
2021-03-22,4743.8564453125,512.8753817953132,-4230.981063517187,-4667.8208724821025,2.1034631335602625,-1860625.671412937
2021-03-23,3693.117464539013,954.1710355043704,-2738.9464290346423,-4667.841101166076,12.57705610170765,-1863364.6178419718
2021-03-24,4807.3812541556545,1306.176252740301,-3501.2050014153533,-4667.86132985005,23.004560223459823,-1866865.8228433873
2021-03-25,5331.9808635306545,2216.339194470035,-3115.6416690606193,-4667.881558534025,1.5226087305175764,-1869981.4645124478
2021-03-26,7404.072944370564,2203.168105675082,-5200.904838695482,-4667.901787217999,-23.22716324106427,-1875182.3693511433
2021-03-27,720.591796875,2148.905787118393,1428.3139902433932,-4667.922015901973,0.25835092752272426,-1873754.0553608998
2021-03-28,6442.273293922772,2552.433316995405,-3889.8399769273665,-4667.942244585947,0.8984697386610118,-1877643.895337827
2021-03-29,8268.877894089906,2809.0374330334216,-5459.840461056485,-4667.962473269921,2.5261769716299063,-1883103.7357988835
2021-03-30,9578.987269089906,2871.4633687146024,-6707.523900375304,-4667.982701953895,3.5914700324099775,-1889811.2596992587
2021-03-31,9098.14449565229,2742.373437329149,-6355.771058323141,-4668.002930637869,2.5225588403615054,-1896167.0307575818
2021-04-01,9262.873011277406,2497.1079281831817,-6765.765083094225,-4668.023159321844,4.388059271763445,-1902932.795840676
2021-04-02,9060.59469096479,2241.6162320473863,-6818.978458917403,-4668.043388005818,10.961230278546202,-1909751.7742995934
2021-04-03,9156.320276902406,2288.0119552080355,-6868.308321694371,-4668.063616689792,-7.522340379992637,-1916620.0826212878
2021-04-04,9586.36031596479,2279.715498908367,-7306.644817056423,-4668.083845373766,19.05700058433158,-1923926.7274383442
2021-04-05,8103.55953471479,2631.9235259094708,-5471.636008805319,-4668.10407405774,-21.38533680787185,-1929398.3634471495
2021-04-06,4636.907310810406,2390.3689351983935,-2246.5383756120123,-4668.124302741714,13.75555499416052,-1931644.9018227616
2021-04-07,6714.74605815229,2368.6699105654757,-4346.076147586815,-4668.144531425688,-51.9567319304147,-1935990.9779703484
2021-04-08,8846.877282996662,2359.268518742709,-6487.608764253952,-4668.164760109663,-0.2783483076324493,-1942478.5867346025
2021-04-09,6196.5829722149065,2242.361025331348,-3954.2219468835583,-4668.184988793637,-2.236793495843101,-1946432.808681486
2021-04-10,4925.71187846479,1533.2104199179666,-3392.5014585468234,-4668.205217477611,-0.45034268296851193,-1949825.3101400328
2021-04-11,5494.58004252729,1891.3896219193232,-3603.190420607967,-4668.225446161585,-5.612185627434542,-1953428.5005606408
2021-04-12,5842.22066752729,1785.3764524944202,-4056.8442150328697,-4668.245674845559,-6.088422637196174,-1957485.3447756737
2021-04-13,5037.719205650035,1444.185731328072,-3593.5334743219637,-4668.265903529533,2.1400076333543807,-1961078.8782499956
2021-04-14,5896.527320018271,1738.1048506016803,-4158.4224694165905,-4668.286132213507,1.3374584838317878,-1965237.3007194123
2021-04-15,4799.963226245483,2095.861610001995,-2704.1016162434885,-4668.306360897482,0.9358829047226588,-1967941.4023356559
2021-04-16,2505.656786060543,2231.0655261001993,-274.59125996034356,-4668.326589581456,-1.9482090209148957,-1968215.9935956162
2021-04-17,5139.5101012456,2396.363787826593,-2743.1463134190067,-4668.34681826543,-3.4521648713082196,-1970959.1399090353
2021-04-18,3199.1917418704834,1541.4218151269,-1657.7699267435835,-4668.367046949404,0.5280132767983772,-1972616.9098357789
2021-04-19,3730.7727965581,1470.5840750253146,-2260.188721532785,-4668.387275633378,0.8071107168571046,-1974877.0985573116
2021-04-20,2001.2483824954834,1123.687097268659,-877.5612852268243,-4668.407504317352,0.8261840090715276,-1975754.6598425384
2021-04-21,6248.837249682983,2361.7014816677934,-3887.13576801519,-4668.427733001326,-1.2015640895139144,-1979641.7956105536
2021-04-22,3252.8763121829834,1068.7039887104156,-2184.1723234725678,-4668.4479616853005,2.269429473848415,-1981825.9679340262
2021-04-23,3617.2229918704834,1321.2991246816225,-2295.923867188861,-4668.468190369274,1.73471160981784,-1984121.891801215
2021-04-24,3680.0233171842992,1433.182123759667,-2246.8411934246324,-4668.488419053248,1.2549830015889685,-1986368.7329946395
2021-04-25,4265.275125930435,1830.9487081721193,-2434.3264177583155,-4668.508647737222,1.3045353509367013,-1988803.059412398
2021-04-26,4173.034891555435,2000.238715397233,-2172.796176158202,-4668.528876421196,1.0833734410116043,-1990975.855588556
2021-04-27,3545.887430617935,1999.808902255018,-1546.078528362917,-4668.54910510517,0.4377889382841701,-1992521.934116919
2021-04-28,7219.705789992935,2245.087015129989,-4974.618774862946,-4668.569333789144,1.5671720846954533,-1997496.552891782
2021-04-29,7620.137508823187,2206.2653434419503,-5413.872165381237,-4668.589562473118,0.9905029304226037,-2002910.4250571632
2021-04-30,7110.248046875,2142.002762845784,-4968.245284029215,-4668.609791157093,1.3177843913593568,-2007878.6703411925
2021-05-01,5297.14589475235,1679.5462375745115,-3617.5996571778383,-4668.630019841067,3.178382885243981,-2011496.2699983704
2021-05-02,4960.784916715813,1718.6066191681468,-3242.1782975476663,-4668.651091386873,2.7743926969950485,-2014738.448295918
2021-05-03,2784.4841170400614,1128.1385833249428,-1656.3455337151186,-4668.671320070847,6.323926934655555,-2016394.7938296332
2021-05-04,2464.771484375,738.0482175322647,-1726.7232668427353,-4668.691548754821,-0.5958111786864244,-2018121.517096476
2021-05-05,6705.577305169776,2022.2482604203612,-4683.329044749415,-4668.711777438795,2.1959373003296547,-2022804.8461412254
2021-05-06,7478.422441647388,1959.011405831824,-5519.411035815564,-4668.73200612277,3.9427355932536385,-2028324.257177041
2021-05-07,5234.0732421875,1453.9452914189255,-3780.1279507685745,-4668.752234806744,3.531231186345953,-2032104.3851278096
2021-05-08,5552.8271484375,1639.263337618874,-3913.5638108186263,-4668.772463490718,3.4583026670114463,-2036017.9489386282
2021-05-09,5024.591174139525,1063.0946785258147,-3961.49649561371,-4668.792692174692,4.23220415867714,-2039979.4454342418
2021-05-10,1102.7534014568664,539.198572366575,-563.5548290902914,-4668.812920858666,-1.0521825170916683,-2040543.0002633322
2021-05-11,2531.97508114425,1461.7562980127443,-1070.2187831315057,-4668.83314954264,1.432046218144959,-2041613.2190464637
2021-05-12,6213.064924894366,1945.7634234554482,-4267.301501438918,-4668.853378226614,2.1718178642243466,-2045880.5205479027
2021-05-13,2776.1508623943664,1086.5173983892287,-1689.6334640051377,-4668.873606910589,1.530987450451538,-2047570.1540119078
2021-05-14,4676.624869791674,1052.2079955625877,-3624.4168742290867,-4668.893835594563,-0.6589428637700949,-2051194.5708861367
2021-05-15,4325.188647889299,1686.1681425449913,-2639.020505344308,-4668.914064278537,4.368802138474759,-2053833.591391481
2021-05-16,3084.5909916392993,898.5018531105724,-2186.089138528727,-4668.934292962511,0.7199802944584125,-2056019.6805300098
2021-05-17,3770.0724814967252,1124.2705151286896,-2645.8019663680357,-4668.954521646485,-5.346991310662408,-2058665.4824963778
2021-05-18,3378.142578125,1331.921595952661,-2046.220982172339,-4668.974750330459,-2.664861643959555,-2060711.70347855
2021-05-19,7003.4345703125,1449.3257184062336,-5554.108851906267,-4668.994979014433,-3.5499759739087424,-2066265.8123304565
2021-05-20,2921.4208984375,1017.1607962163872,-1904.260102221113,-4669.015207698408,-0.4679986213442738,-2068170.0724326775
2021-05-21,7108.7509765625,1767.4560644237756,-5341.294912138725,-4669.035436382382,4.493997615030706,-2073511.3673448162
2021-05-22,7208.1025390625,1748.0905646425565,-5460.011974419944,-4669.055665066356,5.840059578357314,-2078971.3793192361
2021-05-23,6863.730794270839,1721.107924557804,-5142.6228697130355,-4669.07589375033,7.020399725717117,-2084114.0021889491
2021-05-24,5125.087239583372,1391.2584525206566,-3733.8287870627155,-4669.096122434304,-1.1939753712740122,-2087847.830976012
2021-05-25,3205.7900390625,338.993556245271,-2866.796482817229,-4669.116351118278,5.337837270163837,-2090714.6274588292
2021-05-26,2871.5732421875,749.9534056612524,-2121.6198365262476,-4669.136579802252,-2.206888169334771,-2092836.2472953554
2021-05-27,3042.03515625,990.5756113250458,-2051.459544924954,-4669.1568084862265,-0.6273658869933857,-2094887.7068402804
2021-05-28,3510.4306640625,1370.8796366244553,-2139.5510274380445,-4669.1770371702005,12.725716635526089,-2097027.2578677186
2021-05-29,1939.7744140625,1617.4544857805838,-322.31992828191625,-4669.1972658541745,1.091610217235872,-2097349.5777960005
2021-05-30,6677.1220703125,1684.9599761280913,-4992.1620941844085,-4669.2174945381485,4.229797818922143,-2102341.7398901847
2021-05-31,5981.1083984375,1592.3300794893066,-4388.778318948193,-4669.237723222122,28.783208202701342,-2106730.518209133
2021-06-01,3773.28515625,589.5903559887549,-3183.6948002612453,-4669.257951906096,-0.09235526433099257,-2109914.2130093942
2021-06-02,5912.6591796875,890.6551524785965,-5022.004027208904,-4669.27818059007,-0.8970476908002389,-2114936.217036603
2021-06-03,5508.0078125,697.1690903081775,-4810.838722191823,-4669.298409274045,6.000976350922101,-2119747.055758795
2021-06-04,3514.681640625,1030.885595039539,-2483.796045585461,-4669.318637958019,-22.777298187729834,-2122230.8518043803
2021-06-05,4076.9970703125,1156.4331657121975,-2920.5639046003025,-4669.338866641993,-0.15160336634961774,-2125151.4157089805
2021-06-06,2621.6005859375,471.614033635695,-2149.9865523018047,-4669.359095325967,-0.787893624742397,-2127301.4022612823
2021-06-07,2679.1748046875,1045.1087416003468,-1634.0660630871532,-4669.379324009941,-1.474956365649436,-2128935.4683243693
2021-06-08,2365.380859375,490.1499768576359,-1875.230882517364,-4669.399552693915,-0.5115303280453685,-2130810.699206887
2021-06-09,859.9111328125,394.81995105160297,-465.09118176089703,-4669.419781377889,0.8536755868246318,-2131275.790388648
2021-06-10,1416.451171875,577.3408578139671,-839.1103140610329,-4669.440010061863,-1.0813834980033004,-2132114.900702709
2021-06-11,2667.232421875,1119.0258703948828,-1548.2065514801175,-4669.460238745838,-3.1775985020936637,-2133663.107254189
2021-06-12,3107.205078125,524.0355415578541,-2583.1695365671458,-4669.480467429812,0.8618618808806767,-2136246.2767907563
2021-06-13,3913.0537109375,539.8228663655306,-3373.230844571969,-4669.500696113786,-1.6127659146946787,-2139619.5076353285
2021-06-14,3428.94140625,743.9364887775275,-2685.0049174724727,-4669.52092479776,-1.0531729288563603,-2142304.512552801
2021-06-15,3467.9482421875,603.4632119839823,-2864.4850302035175,-4669.541153481734,0.5829738437121759,-2145168.9975830046
2021-06-16,3128.1904296875,618.5050191267535,-2509.6854105607463,-4669.561382165708,-3.5364616455739495,-2147678.682993565
2021-06-17,3106.5380859375,433.5420744627836,-2672.9960114747164,-4669.581610849682,1.5989221181379294,-2150351.67900504
2021-06-18,1901.83203125,650.5476014767135,-1251.2844297732865,-4669.601839533657,-0.2872820883878394,-2151602.963434813
2021-06-19,4974.94921875,1258.8194080002345,-3716.1298107497655,-4669.622068217631,-7.902796113562405,-2155319.0932455626
2021-06-20,5885.642578125,1458.5087405993204,-4427.133837525679,-4669.642296901605,6.477028593598556,-2159746.2270830884
2021-06-21,5969.7822265625,1441.8443259600372,-4527.937900602463,-4669.662525585579,12.16565323232777,-2164274.1649836907
2021-06-22,4676.1875,1036.2295510751408,-3639.957948924859,-4669.682754269553,0.4690696353735945,-2167914.1229326157
2021-06-23,2406.9013671875,-52.15001522458246,-2459.0513824120826,-4669.702982953527,-13.280056977809707,-2170373.174315028
2021-06-24,4285.005859375,687.5971373086304,-3597.4087220663696,-4669.723211637501,1.9846757123296128,-2173970.583037094
2021-06-25,2058.7421875,331.10882495103084,-1727.6333625489692,-4669.743440321476,1.6412737520005138,-2175698.216399643
2021-06-26,3151.51953125,707.1047745881218,-2444.414756661878,-4669.76366900545,-4.625225024709711,-2178142.631156305
2021-06-27,4500.20703125,550.2986967151609,-3949.908334534839,-4669.783897689424,1.2309098414678117,-2182092.5394908395
2021-06-28,6027.2470703125,1027.175317022516,-5000.071753289984,-4669.804126373398,-106.72072309860582,-2187092.6112441295
2021-06-29,5593.3310546875,1298.8945474016596,-4294.436507285841,-4669.824355057372,6.319854180734322,-2191387.0477514155
2021-06-30,4806.0830078125,905.4825685041594,-3900.6004393083404,-4669.844583741346,-2.5316775725194534,-2195287.6481907237
2021-07-01,5802.613494946709,949.7842427999551,-4852.829252146754,-4669.8648124253195,-1.5803224475232642,-2200140.4774428704
2021-07-02,2924.2570873453806,277.38282297050455,-2646.874264374876,-4669.885041109294,2.372291163444213,-2202787.351707245
2021-07-03,4787.262946720381,677.9674299236218,-4109.295516796758,-4669.905269793268,-5.821318256366163,-2206896.647224042
2021-07-04,3535.1008373453806,598.6203130639016,-2936.480524281479,-4669.925498477242,-7.870680486369599,-2209833.1277483236
2021-07-05,3567.741462345395,690.6857916656331,-2877.055670679762,-4669.945727161216,-2.6176013270582525,-2212710.183419003
2021-07-06,3373.2626608066785,522.9051753719405,-2850.357485434738,-4669.96595584519,0.33797061611076906,-2215560.5409044377
2021-07-07,3703.54238469564,1031.2769707814332,-2672.265413914207,-4669.986184529164,9.014888682702987,-2218232.806318352
2021-07-08,4983.47207219564,1311.01694823552,-3672.45512396012,-4670.006413213138,6.28829225394952,-2221905.261442312
2021-07-09,5861.933106237935,1386.0568204122133,-4475.876285825721,-4670.026641897113,6.225338891592787,-2226381.137728138
2021-07-10,0.0,1502.1179958707726,1502.1179958707726,-4670.046870581087,0.0,-2224879.019732267
2021-07-11,5689.135993595381,1427.3533959716158,-4261.782597623765,-4670.067099265061,5.33064897830799,-2229140.802329891
2021-07-12,4070.7277904703806,896.5162156354891,-3174.2115748348915,-4670.087327949035,5.871647826706777,-2232315.0139047257
2021-07-13,4994.160407657895,953.7180863942439,-4040.442321263651,-4670.107556633009,-7.808877195776558,-2236355.4562259894
2021-07-14,2747.7785717203806,225.2716272429302,-2522.5069444774504,-4670.127785316983,-2.186147600611709,-2238877.963170467
2021-07-15,4952.326423282881,920.9976322308407,-4031.32879105204,-4670.148014000957,18.51550718078058,-2242909.291961519
2021-07-16,3608.389899845395,598.5549712414786,-3009.8349286039165,-4670.168242684931,-2.0089567205097554,-2245919.126890123
2021-07-17,2074.1652904703806,385.19201996017375,-1688.9732705102067,-4670.188471368906,1.2863281027607405,-2247608.100160633
2021-07-18,3434.7678295328806,857.7855836947748,-2576.9822458381054,-4670.20870005288,1.4193841840652273,-2250185.0824064715
2021-07-19,2733.0119701578806,702.0117864865747,-2031.0001836713059,-4670.228928736854,0.7116591062806572,-2252216.0825901427
2021-07-20,1260.0373607828951,228.92671952419602,-1031.1106412586992,-4670.249157420828,1.3003539674990803,-2253247.1932314015
2021-07-21,4135.844001407895,1364.7223202695004,-2771.1216811383947,-4670.269386104802,15.796669534283808,-2256018.31491254
2021-07-22,3366.5119701578806,670.6587492021893,-2695.8532209556915,-4670.289614788776,1.270588063393824,-2258714.1681334954
2021-07-23,3462.8420482828806,359.9707269690866,-3102.871321313794,-4670.30984347275,2.9998144984535275,-2261817.0394548094
2021-07-24,3720.3635326578806,605.8427318010487,-3114.5208008568316,-4670.330072156725,13.437197601476802,-2264931.5602556663
2021-07-25,3977.219001407895,993.7659590624046,-2983.4530423454903,-4670.350300840699,-7.214467632173829,-2267915.013298012
2021-07-26,3861.8107982828806,788.2613439032982,-3073.5494543795826,-4670.370529524673,3.1598858323206147,-2270988.562752391
2021-07-27,4414.685798282881,1573.9141595887615,-2840.7716386941192,-4670.390758208647,1.7030025825681812,-2273829.3343910854
2021-07-28,5546.436567433877,1008.4357195064886,-4538.000847927388,-4670.410986892621,3.5520331140699435,-2278367.3352390127
2021-07-29,7381.2724609375,1570.6799038379838,-5810.592557099516,-4670.431215576595,2.414629163623485,-2284177.9277961124
2021-07-30,6497.103515625,1162.4178271980322,-5334.685688426967,-4670.451444260569,0.5712145585538166,-2289512.6134845396
2021-07-31,7635.9013671875,1502.5671381145864,-6133.334229072913,-4670.471672944544,3.1945699952873583,-2295645.9477136126
2021-08-01,7539.1572265625,1837.955549008237,-5701.201677554263,-4670.491901628518,2.128975555181886,-2301347.149391167
2021-08-02,8475.474609375,1813.5269110403256,-6661.947698334674,-4670.5121303124915,2.551752338593927,-2308009.0970895016
2021-08-03,5797.4443359375,969.1280398269604,-4828.31629611054,-4670.5323589964655,4.695058169757473,-2312837.413385612
2021-08-04,4662.69140625,1142.9323064372427,-3519.759099812757,-4670.5525876804395,5.421409965882338,-2316357.1724854247
2021-08-05,4604.1064453125,1054.8574870274215,-3549.2489582850785,-4670.5728163644135,3.0081928902510233,-2319906.4214437096
2021-08-06,2440.6435546875,708.6342066385896,-1732.0093480489104,-4670.5930450483875,8.752637612795032,-2321638.4307917585
2021-08-07,4072.6513671875,815.9974323791735,-3256.6539348083265,-4670.613273732362,4.394407726771872,-2324895.084726567
2021-08-08,6080.693359375,1569.8946676397359,-4510.798691735264,-4670.633502416336,3.7004757249020144,-2329405.883418302
2021-08-09,4599.794921875,1359.9554621374157,-3239.8394597375845,-4670.65373110031,1.7381302352070116,-2332645.72287804
2021-08-10,160.6591796875,1939.6644707181176,1779.0052910306176,-4670.673959784284,0.08739396985904865,-2330866.717587009
2021-08-11,0.0,865.723119461031,865.723119461031,-4670.694188468258,0.0,-2330000.994467548
2021-08-12,6050.8662109375,1833.2572008092834,-4217.609010128217,-4670.714417152232,2.0865618475641328,-2334218.6034776764
2021-08-13,7890.693359375,1861.3557019662844,-6029.337657408716,-4670.734645836206,2.565492344617206,-2340247.941135085
2021-08-14,6810.5673828125,1912.3069209108535,-4898.2604619016465,-4670.754874520181,1.010500609126587,-2345146.201596987
2021-08-15,9322.59375,1985.0058009121035,-7337.587949087897,-4670.775103204155,0.8854898104467835,-2352483.789546075
2021-08-16,5147.4677734375,1278.6546274153704,-3868.8131460221293,-4670.795331888129,2.2614867089707325,-2356352.602692097
2021-08-17,5591.5810546875,1350.7409311688457,-4240.840123518654,-4670.815560572103,0.928875948481491,-2360593.442815616
2021-08-18,4951.76171875,1822.0067684007647,-3129.7549503492355,-4670.835789256077,0.7570770999339306,-2363723.197765965
2021-08-19,9327.4482421875,2039.9662250981135,-7287.482017089387,-4670.856017940051,0.646645974172657,-2371010.6797830546
2021-08-20,2779.677734375,657.7234088366001,-2121.9543255384,-4670.876246624025,9.718647587398014,-2373132.634108593
2021-08-21,9681.90625,2245.9571730418293,-7435.949076958171,-4670.895632446167,-1.2752473383260272,-2380568.583185551
2021-08-22,10107.3291015625,2207.2240307521633,-7900.105070810337,-4670.915861130141,0.38238372284414557,-2388468.6882563615
2021-08-23,4972.39453125,1063.5950994612092,-3908.7994317887906,-4670.936932675948,1.2584256363636102,-2392377.4876881503
2021-08-24,8856.671875,2121.5035510878,-6735.1683239122,-4670.95631849809,0.4385992179618699,-2399112.6560120624
2021-08-25,6673.1826171875,1897.7764361866448,-4775.406181000855,-4670.976547182064,-0.26084331749297457,-2403888.062193063
2021-08-26,5768.013671875,2044.6659013916967,-3723.3477704833035,-4670.996775866038,0.282061717656036,-2407611.4099635463
2021-08-27,5476.001953125,1862.5857204917736,-3613.416232633226,-4671.017004550012,0.12677386130376658,-2411224.8261961797
2021-08-28,10623.2333984375,2332.392108747246,-8290.841289690254,-4671.037233233986,0.7333206814363451,-2419515.66748587
2021-08-29,5898.572265625,1496.4042380596247,-4402.168027565375,-4671.058304779793,-1.8157236889452832,-2423917.8355134353
2021-08-30,9717.349609375,1986.104142014793,-7731.245467360207,-4671.077690601935,-1.8507174975028968,-2431649.0809807954
2021-08-31,5838.095703125,2113.75433251984,-3724.3413706051597,-4671.097919285909,-0.9918957504085836,-2435373.4223514004
2021-09-01,11137.2158203125,2338.151073029013,-8799.064747283486,-4671.118147969883,-1.10315542658151,-2444172.487098684
2021-09-02,11427.9423828125,2274.6702480113477,-9153.272134801153,-4671.1383766538565,-0.9999843709625807,-2453325.7592334854
2021-09-03,4034.2333984375,642.6450736450851,-3391.588324792415,-4671.1586053378305,23.320357415677275,-2456717.3475582777
2021-09-04,6854.3037109375,1474.3116619262473,-5379.992049011253,-4671.1788340218045,1.143217555141857,-2462097.339607289
2021-09-05,7442.19140625,2016.0888342434775,-5426.102572006523,-4671.1990627057785,2.072321049301048,-2467523.4421792957
2021-09-06,10651.1787109375,2740.829387720328,-7910.349323217172,-4671.219291389753,18.448614988407133,-2475433.791502513
2021-09-07,5849.4775390625,1918.8123165706286,-3930.6652224918716,-4671.239520073727,-5.629361308792755,-2479364.456725005
2021-09-08,12333.4775390625,2691.908655939446,-9641.568883123055,-4671.259748757701,42.224553267703136,-2489006.025608128
2021-09-09,11136.9384765625,2629.2066227551054,-8507.731853807394,-4671.279977441675,-11.41641146565432,-2497513.7574619353
2021-09-10,7263.1376953125,1964.2972546690216,-5298.840440643478,-4671.300206125649,-1.0311010788103236,-2502812.597902579
2021-09-11,4794.8017578125,2187.3145715030696,-2607.4871863094304,-4671.320434809623,-0.16035853844237283,-2505420.085088888
2021-09-12,9832.5146484375,2073.442624595506,-7759.072023841994,-4671.340663493597,0.28250869552179864,-2513179.15711273
2021-09-13,11695.501953125,2551.678215669677,-9143.823737455323,-4671.360892177572,9.00137827930135,-2522322.9808501857
2021-09-14,11518.49609375,2994.717682583341,-8523.778411166659,-4671.381120861546,5.5682497565506965,-2530846.7592613525
2021-09-15,12632.2685546875,2749.430080621286,-9882.838474066213,-4671.40134954552,18.68291344428096,-2540729.5977354185
2021-09-16,11570.935546875,2540.0152486302627,-9030.920298244737,-4671.421578229494,259.1328269911704,-2549760.5180336633
2021-09-17,7284.6279296875,1471.4362346592156,-5813.191695028285,-4671.441806913468,3.301748177136212,-2555573.7097286917
2021-09-18,10440.453125,2684.657657572228,-7755.795467427772,-4671.462035597442,-2.9248353113040806,-2563329.5051961197
2021-09-19,6482.8125,2370.8993057972452,-4111.913194202754,-4671.482264281416,-1.0838231029082546,-2567441.4183903225
2021-09-20,9146.28125,1933.0613516218496,-7213.21989837815,-4671.502492965391,1.664783169601294,-2574654.6382887005
2021-09-21,8293.23828125,2605.4633583710074,-5687.774922878993,-4671.522721649365,-6.529223630839248,-2580342.4132115794
2021-09-22,8289.546875,2126.653444834735,-6162.893430165265,-4671.542950333339,5.114265941988121,-2586505.306641745
2021-09-23,14157.9853515625,2784.4629486994822,-11373.522402863018,-4671.563179017313,4.926158461516111,-2597878.829044608
2021-09-24,10103.056640625,2744.7379553609862,-7358.318685264014,-4671.583407701287,4.996353861576174,-2605237.147729872
2021-09-25,11404.130859375,2935.8835963734377,-8468.247263001562,-4671.603636385261,3.499318720844927,-2613705.3949928735
2021-09-26,14667.0703125,3343.2769755457934,-11323.793336954206,-4671.623865069235,3.970662499050152,-2625029.188329828
2021-09-27,14157.224609375,2945.5917635001265,-11211.632845874874,-4671.644093753209,4.332946912874385,-2636240.821175703
2021-09-28,12540.9296875,2573.641362101711,-9967.288325398289,-4671.664322437184,14.040804348467224,-2646208.109501101
2021-09-29,6083.724609375,870.6248364679809,-5213.099772907019,-4671.684551121158,3.4905411604515195,-2651421.209274008
2021-09-30,4676.79296875,1157.6815966924667,-3519.1113720575336,-4671.704779805132,1.2969574615057715,-2654940.3206460653
2021-10-01,10932.4072265625,1081.9410977399039,-9850.466128822596,-4671.725008489106,0.8585181584605316,-2664790.7867748877
2021-10-02,7179.18359375,2045.0538571463048,-5134.129736603695,-4671.74523717308,8.27701977545819,-2669924.9165114914
2021-10-03,9758.068359375,1741.329123357044,-8016.7392360179565,-4671.7646229952215,0.413965677291352,-2677941.6557475096
2021-10-04,10053.94140625,2186.6868298183335,-7867.2545764316665,-4671.7848516791955,4.773383151715333,-2685808.910323941
2021-10-05,7101.35546875,2163.7838321192326,-4937.571636630768,-4671.8050803631695,2.800195990106988,-2690746.481960572
2021-10-06,14107.546875,3154.275557502501,-10953.271317497498,-4671.825309047144,8.298075346131316,-2701699.753278069
2021-10-07,10851.20703125,3236.7707374460165,-7614.436293803984,-4671.845537731118,2.7607399214681743,-2709314.1895718733
2021-10-08,14147.552734375,3358.235370293171,-10789.31736408183,-4671.865766415092,3.622708570936986,-2720103.506935955
2021-10-09,12207.1484375,2886.87827952992,-9320.27015797008,-4671.885995099066,4920.363629600494,-2729423.777093925
2021-10-10,12193.310546875,2412.8079994557856,-9780.502547419215,-4671.907066644872,3.5979939757728587,-2739204.279641344
2021-10-11,10259.720703125,3157.1410613359153,-7102.579641789084,-4671.926452467014,2.4198840555759094,-2746306.8592831334
2021-10-12,11895.017578125,2866.1349843346547,-9028.882593790346,-4671.946681150988,4.293746253750299,-2755335.741876924
2021-10-13,7401.52734375,1265.9658056731284,-6135.561538076871,-4671.966909834963,4.839636435273547,-2761471.303415001
2021-10-14,14549.41796875,2723.6172002007943,-11825.800768549205,-4671.987138518937,5.093937388660783,-2773297.10418355
2021-10-15,8878.384765625,2284.871176901001,-6593.5135887239985,-4672.007367202911,23.096461837024382,-2779890.617772274
2021-10-16,7122.8359375,2598.98916244757,-4523.8467750524305,-4672.027595886885,2.43729598081478,-2784414.464547327
2021-10-17,8443.130859375,3274.405072897727,-5168.725786477273,-4672.047824570859,0.3979556611289675,-2789583.190333804
2021-10-18,5154.79296875,1774.543681473503,-3380.249287276497,-4672.068053254833,3.8145034370808903,-2792963.4396210806
2021-10-19,9186.623046875,3299.4174866254616,-5887.205560249538,-4672.088281938807,1.7109844997961619,-2798850.6451813304
2021-10-20,15551.685546875,3394.103078671335,-12157.582468203665,-4672.108510622782,3.0376874263019737,-2811008.227649534
2021-10-21,11914.607421875,2664.539729650215,-9250.067692224784,-4672.128739306756,3.1533156207376196,-2820258.295341759
2021-10-22,12180.943359375,2834.1013181688145,-9346.842041206186,-4672.14896799073,4.759528345808416,-2829605.137382965
2021-10-23,5346.060546875,2515.650522430275,-2830.410024444725,-4672.169196674704,0.9900155840861358,-2832435.5474074096
2021-10-24,13207.806640625,3473.6729727362936,-9734.133667888706,-4672.189425358678,1.2097527478074246,-2842169.681075298
2021-10-25,12343.85546875,3626.8154003564673,-8717.040068393533,-4672.209654042652,-0.5386959441454178,-2850886.721143692
2021-10-26,15938.501953125,3476.535690072103,-12461.966263052896,-4672.229882726626,0.7791743270012924,-2863348.687406745
2021-10-27,15798.8828125,2880.8458866886263,-12918.036925811373,-4672.2501114106,5.5423975269800065,-2876266.724332556
2021-10-28,10514.18359375,2207.5297175518836,-8306.653876198116,-4672.270340094575,7.887471251717361,-2884573.378208754
2021-10-29,6999.154296875,2414.272082174669,-4584.882214700331,-4672.290568778549,0.7561794104172114,-2889158.2604234545
2021-10-30,10015.634765625,3441.982748562282,-6573.652017062718,-4672.310797462523,1.1884899506251663,-2895731.912440517
2021-10-31,15994.130859375,3639.1596000423965,-12354.971259332604,-4672.331026146497,0.3523345871166649,-2908086.8836998497
2021-11-01,13972.669921875,3036.0418522469367,-10936.628069628063,-4672.351254830471,0.2882033566959652,-2919023.5117694777
2021-11-02,15878.841796875,3170.0396760024437,-12708.802120872555,-4672.371483514445,3.4887886951781835,-2931732.3138903505
2021-11-03,3993.74609375,887.0579293299083,-3106.6881644200917,-4672.391712198419,1.7048345851240987,-2934839.0020547705
2021-11-04,12368.576171875,3210.8493088120267,-9157.726863062973,-4672.4119408823935,0.13879356857736325,-2943996.7289178334
2021-11-05,14537.462890625,3099.555872255744,-11437.907018369257,-4672.4321695663675,1.1934746681017638,-2955434.6359362025
2021-11-06,11581.69140625,1889.1869738442476,-9692.504432405753,-4672.4523982503415,5.422033911213867,-2965127.1403686083
2021-11-07,6356.595703125,2653.3136274707867,-3703.282075654213,-4672.4726269343155,-0.14535288959956597,-2968830.4224442625
2021-11-08,12774.775390625,3472.165019974544,-9302.610370650456,-4672.4928556182895,-3.303738902471821,-2978133.032814913
2021-11-09,14822.7109375,3614.147750249648,-11208.56318725035,-4672.513084302263,2.6604558898590387,-2989341.5960021634
2021-11-10,5202.47265625,1885.183093779056,-3317.2895624709436,-4672.533312986237,-0.39397643092174905,-2992658.885564634
2021-11-11,10363.158203125,2538.323730308114,-7824.834472816886,-4672.553541670212,4.637509639742516,-3000483.720037451
2021-11-12,3649.12890625,459.0472176417233,-3190.0816886082766,-4672.573770354186,8.498574581294788,-3003673.8017260595
2021-11-13,9231.033203125,2234.494382079024,-6996.538821045976,-4672.59399903816,1.3065263174081079,-3010670.3405471053
2021-11-14,11491.498046875,2757.08751708331,-8734.41052979169,-4672.614227722134,-2.1520213856458743,-3019404.751076897
2021-11-15,9983.15234375,2614.369171614311,-7368.783172135689,-4672.634456406108,-0.07512074903569024,-3026773.534249033
2021-11-16,10015.28515625,3334.723956328055,-6680.5611999219445,-4672.654685090082,-0.05633541893590545,-3033454.095448955
2021-11-17,15680.119140625,3596.7667189612644,-12083.352421663736,-4672.674913774056,-2.5406546373876258,-3045537.4478706187
2021-11-18,9238.55859375,1940.4942273895779,-7298.064366360422,-4672.695142458031,2.538691864901666,-3052835.512236979
2021-11-19,9467.765625,1585.8663381539543,-7881.8992868460455,-4672.715371142005,8.771674079276833,-3060717.411523825
2021-11-20,13440.083984375,2136.304950514203,-11303.779033860797,-4672.735599825979,-1.9842879178123896,-3072021.1905576857
2021-11-21,14076.7109375,3481.4274412356826,-10595.283496264317,-4672.755828509953,-7.1951685005778065,-3082616.47405395
2021-11-22,16724.51793323864,3445.940342257435,-13278.577590981204,-4672.776057193927,-2.047755794031936,-3095895.051644931
2021-11-23,10057.333984375,1955.1843612043085,-8102.1496231706915,-4672.796285877901,6.447656377863125,-3103997.2012681016
2021-11-24,10868.498046875,2037.771711287698,-8830.726335587302,-4672.816514561875,3.1208553235529295,-3112827.927603689
2021-11-25,2061.6953125,796.5140854073036,-1265.1812270926962,-4672.83674324585,-0.638568401462994,-3114093.1088307817
2021-11-26,9049.984375,2690.388963513909,-6359.5954114860915,-4672.856971929824,0.23059982581094982,-3120452.7042422676
2021-11-27,0.0,3508.572987132134,3508.572987132134,-4672.876357751966,0.0,-3116944.1312551354
2021-11-28,14981.04248046875,3414.329422297835,-11566.713058170915,-4672.89658643594,-10.705817243314822,-3128510.8443133063
2021-11-29,14489.269140624907,3215.5054552790516,-11273.763685345855,-4672.916815119914,0.5004489886096223,-3139784.607998652
2021-11-30,16964.482421875,2983.8559454841015,-13980.626476390898,-4672.937043803888,22.686107744205597,-3153765.2344750427
2021-12-01,11317.708984375,2649.8451986277614,-8667.863785747239,-4672.958115349694,3.1819749292690047,-3162433.09826079
2021-12-02,13255.81640625,2520.2628463480805,-10735.55355990192,-4672.977501171836,2.697091147696052,-3173168.6518206922
2021-12-03,14801.1953125,3522.6540891606223,-11278.541223339378,-4672.99772985581,8.598574934023585,-3184447.1930440315
2021-12-04,13259.61328125,3702.3472257816884,-9557.266055468312,-4673.017958539785,4.586352438190918,-3194004.4590995
2021-12-05,14687.15625,3610.569290357314,-11076.586959642686,-4673.0381872237585,9.097390198196951,-3205081.046059143
2021-12-06,16088.095703125,2984.9609313170995,-13103.134771807901,-4673.059258769565,17.17299066516912,-3218184.180830951
2021-12-07,4137.896484375,2808.0618902509723,-1329.8345941240277,-4673.079487453539,3.8338641099373745,-3219514.015425075
2021-12-08,15415.390625,3412.8150521933467,-12002.575572806654,-4673.0988732756805,6.460094807289933,-3231516.5909978817
2021-12-09,5615.064453125,1761.6281021961656,-3853.436350928834,-4673.119944821487,-7.93220247291878,-3235370.0273488103
2021-12-10,9850.031849118095,3173.7282696172474,-6676.303579500848,-4673.139330643628,2.771488077641102,-3242046.330928311
2021-12-11,10694.292561349692,3447.256826417089,-7247.035734932603,-4673.159559327603,4.244251881395003,-3249293.3666632436
2021-12-12,15882.499592599692,2994.8891660588342,-12887.610426540858,-4673.179788011577,5.320117998199775,-3262180.9770897846
2021-12-13,13267.828292753082,2684.756219932643,-10583.07207282044,-4673.200016695551,-1.3912989127063515,-3272764.049162605
2021-12-14,15694.21875,2903.279585600472,-12790.939164399528,-4673.221088241357,7.916762998649522,-3285554.9883270045
2021-12-15,2877.265625,937.3115878453195,-1939.9540371546805,-4673.241316925331,6.490550227352798,-3287494.942364159
2021-12-16,16479.484375,3294.194052678873,-13185.290322321127,-4673.260702747473,4.593338014313122,-3300680.23268648
2021-12-17,16177.5234375,2776.7498375371415,-13400.773599962858,-4673.280931431447,5.797032797563622,-3314081.0062864427
2021-12-18,14261.69140625,2362.329688202451,-11899.361718047548,-4673.302002977254,6.076695578744046,-3325980.36800449
2021-12-19,6277.5625,1635.6335110081934,-4641.928988991806,-4673.322231661228,2.8711860693580062,-3330622.296993482
2021-12-20,16765.3046875,3521.7089799113983,-13243.595707588602,-4673.34161748337,3.9571391455739238,-3343865.8927010708
2021-12-21,17185.11328125,2957.765955865777,-14227.347325384222,-4673.361846167344,7.1545031079963985,-3358093.240026455
2021-12-22,11716.78125,3112.5268245270427,-8604.254425472958,-4673.382074851318,6.211680856542472,-3366697.494451928
2021-12-23,15532.04296875,3103.1417813505814,-12428.901187399419,-4673.403146397124,4.83477372875277,-3379126.3956393274
2021-12-24,17048.078125,2874.188480299871,-14173.889644700128,-4673.423375081099,5.539825077945407,-3393300.2852840275
2021-12-25,12342.55859375,2805.126389311557,-9537.432204438443,-4673.443603765073,6.241810040161062,-3402837.717488466
2021-12-26,8859.21484375,3195.460538570419,-5663.754305179581,-4673.463832449047,3.576332216880058,-3408501.4717936455
2021-12-27,14237.24609375,3268.9316293292554,-10968.314464420744,-4673.484061133021,4.117004825067608,-3419469.786258066
2021-12-28,16453.3515625,2959.813872457861,-13493.537690042138,-4673.504289816995,5.535572892421864,-3432963.323948108
2021-12-29,17032.328125,2782.122544264784,-14250.205580735215,-4673.524518500969,5.307816928559345,-3447213.5295288432
2021-12-30,16283.765625,2964.7139582201353,-13319.051666779866,-4673.544747184943,4.631983815886434,-3460532.581195623
2021-12-31,16394.4921875,2088.9207259729596,-14305.57146152704,-4673.564975868918,10.937315236904686,-3474838.1526571503
2022-01-01,12845.26171875,2199.057380012496,-10646.204338737503,-4673.585204552892,7.366466055932338,-3485484.3569958876
2022-01-02,12800.03515625,2500.753116792481,-10299.28203945752,-4673.605433236866,4.812884931182192,-3495783.639035345
2022-01-03,15874.984375,2751.254159221897,-13123.730215778103,-4673.62566192084,4.426399866711433,-3508907.369251123
2022-01-04,7560.27734375,3250.8894239441447,-4309.387919805855,-4673.645890604814,2.40722033979366,-3513216.757170929
2022-01-05,7805.60546875,2142.080062428601,-5663.525406321399,-4673.666119288788,3.098900269380742,-3518880.2825772506
2022-01-06,9849.7734375,1731.2384508071307,-8118.53498669287,-4673.686347972762,14.856782927146138,-3526998.8175639436
2022-01-07,8868.05078125,1910.431598281484,-6957.619182968516,-4673.706576656736,4.437523747600708,-3533956.436746912
2022-01-08,7180.40234375,3058.2663408802255,-4122.1360028697745,-4673.726805340711,1.8757164150954648,-3538078.572749782
2022-01-09,14426.91015625,3119.2862362442147,-11307.623920005784,-4673.747034024685,3.483161540760533,-3549386.1966697876
2022-01-10,16099.421875,2826.18406694713,-13273.23780805287,-4673.767262708659,5.437529712175624,-3562659.4344778406
2022-01-11,14063.0234375,2724.660680049652,-11338.362757450348,-4673.787491392633,3.664169908916869,-3573997.797235291
2022-01-12,14522.25,3081.174149735948,-11441.075850264051,-4673.8077200766065,7.739074371282871,-3585438.873085555
2022-01-13,13680.63671875,2502.2105466546705,-11178.42617209533,-4673.8279487605805,-0.46096564506961063,-3596617.2992576505
2022-01-14,9973.5859375,2346.4789754012318,-7627.106962098768,-4673.8481774445545,5.8454898222705305,-3604244.4062197492
2022-01-15,8561.8515625,2867.6545219494296,-5694.19704055057,-4673.868406128529,3.2693797509546947,-3609938.6032602997
2022-01-16,15917.27734375,2615.504573993011,-13301.77276975699,-4673.888634812503,5.521762101004895,-3623240.3760300567
2022-01-17,9308.25390625,2023.8029513203473,-7284.450954929653,-4673.908863496477,7.631159028720366,-3630524.826984986
2022-01-18,10624.47265625,2843.832214736512,-7780.640441513488,-4673.929092180451,9.726263509661178,-3638305.4674265
2022-01-19,16431.8828125,2893.193557109634,-13538.689255390367,-4673.949320864425,4.867565524173982,-3651844.15668189
2022-01-20,16228.6328125,3166.703665182063,-13061.929147317936,-4673.969549548399,3.900920997610181,-3664906.085829208
2022-01-21,16006.326171875,2850.1234980204495,-13156.20267385455,-4673.989778232373,4.010738788288512,-3678062.288503063
2022-01-22,15611.39453125,2893.778718997349,-12717.61581225265,-4674.010006916348,4.352780502192128,-3690779.9043153157
2022-01-23,14680.30859375,2933.7060912759457,-11746.602502474054,-4674.030235600322,7.116245189048497,-3702526.5068177897
2022-01-24,14279.50390625,2909.024146277,-11370.479759973001,-4674.050464284296,4.656924763262647,-3713896.9865777628
2022-01-25,14694.91796875,2877.7872333429323,-11817.130735407069,-4674.07069296827,4.1944835967334555,-3725714.11731317
2022-01-26,13779.62890625,2664.5151913647264,-11115.113714885274,-4674.090921652244,-2.6161092003869766,-3736829.2310280553
2022-01-27,12754.84765625,2739.4094859648267,-10015.438170285173,-4674.111150336218,11.043932062912797,-3746844.6691983403
2022-01-28,6351.890625,2319.289078956714,-4032.601546043286,-4674.131379020192,1.4206315234225833,-3750877.2707443833
2022-01-29,6540.9765625,2579.8231619477524,-3961.1534005522476,-4674.151607704167,2.486392102209688,-3754838.424144936
2022-01-30,12272.5703125,3075.865988343355,-9196.704324156644,-4674.171836388141,3.0326337239219585,-3764035.1284690923
2022-01-31,11288.244140625,3231.819643565107,-8056.424497059893,-4674.192065072115,3.0445904635742167,-3772091.5529661523
2022-02-01,10094.146484375,3053.1008174604935,-7041.045666914506,-4674.212293756089,3.621879512575323,-3779132.5986330668
2022-02-02,10573.076171875,3429.1082959544833,-7143.967875920516,-4674.232522440063,2.9813772080268732,-3786276.5665089875
2022-02-03,6796.053683917984,3529.752478088935,-3266.301205829049,-4674.252751124037,2.1625437333972015,-3789542.8677148167
2022-02-04,12506.631206768776,3627.0987575727595,-8879.532449196016,-4674.272979808011,3.157569283160908,-3798422.400164013
2022-02-05,14335.650738018776,3361.203245112745,-10974.44749290603,-4674.293208491986,5.713834171439517,-3809396.8476569187
2022-02-06,14335.0771484375,3404.9475055961516,-10930.129642841348,-4674.31343717596,4.848422703850194,-3820326.97729976
2022-02-07,15587.326171875,3534.257615527206,-12053.068556347795,-4674.333665859934,10.652411159321288,-3832380.045856108
2022-02-08,14303.333984375,3388.768295777723,-10914.565688597277,-4674.353894543908,5.355171031379936,-3843294.6115447055
2022-02-09,8178.99609375,2656.880469893632,-5522.115623856368,-4674.374123227882,5.313216175253382,-3848816.727168562
2022-02-10,11563.314453125,3002.4359338796917,-8560.878519245309,-4674.394351911856,7.588162319717813,-3857377.6056878073
2022-02-11,11430.73828125,3296.730574453206,-8134.007706796794,-4674.41458059583,5.035834400443837,-3865511.613394604
2022-02-12,13951.15234375,3417.761727651113,-10533.390616098886,-4674.434809279804,4.051910266962226,-3876045.004010703
2022-02-13,12776.841796875,2783.866454250552,-9992.975342624448,-4674.4550379637785,20.900399177901285,-3886037.9793533273
2022-02-14,14599.8984375,2728.5018808891004,-11871.3965566109,-4674.4752666477525,9.812899701239827,-3897909.375909938
2022-02-15,9367.453125,2840.685179027125,-6526.767945972875,-4674.4954953317265,3.3665872392832346,-3904436.1438559107
2022-02-16,6113.484375,2475.035066054975,-3638.449308945025,-4674.5157240157005,-0.9558195763224481,-3908074.5931648556
2022-02-17,9320.49609375,3239.1798547319518,-6081.316239018049,-4674.536795561507,-3.1728274553348683,-3914155.9094038736
2022-02-18,7965.626953125,3054.0418453517873,-4911.585107773212,-4674.556181383648,-4.302773908036075,-3919067.4945116467
2022-02-19,13928.72265625,3402.1759838060466,-10526.546672443952,-4674.576410067622,-9.494470165965991,-3929594.0411840905
2022-02-20,11170.685546875,3005.6049067207236,-8165.080640154276,-4674.596638751597,0.9744311195686232,-3937759.121824245
2022-02-21,12062.022890624998,3343.0735032540733,-8718.949387370923,-4674.616867435571,-6.695293698680993,-3946478.071211616
2022-02-22,14417.652499999997,3238.4052621899414,-11179.247237810056,-4674.637096119545,-5.501466485245672,-3957657.318449426
2022-02-23,13038.146484375,2916.1241320825798,-10122.02235229242,-4674.657324803519,-18.86680484031749,-3967779.340801718
2022-02-24,7063.3046875,2049.678871223625,-5013.625816276375,-4674.678396349325,0.10400663340002608,-3972792.9666179945
2022-02-25,9426.119140625,2940.4934343071086,-6485.625706317892,-4674.698625033299,-3.728768910662061,-3979278.5923243123
2022-02-26,11943.931640625,2591.1494207555443,-9352.782219869456,-4674.718853717274,-1.1626811491626379,-3988631.374544182
2022-02-27,8029.6171875,2879.62068573333,-5149.99650176667,-4674.739082401248,-0.24050321832309182,-3993781.3710459485
2022-02-28,6079.41796875,2349.955442986466,-3729.4625257635344,-4674.759311085222,-0.5743446949554721,-3997510.833571712
2022-03-01,4503.25,1466.8672039632427,-3036.3827960367576,-4674.779539769196,2.327023932735609,-4000547.2163677486
2022-03-02,8795.26171875,2644.3831719867,-6150.878546763301,-4674.79976845317,0.5743856770716148,-4006698.094914512
2022-03-03,12845.125,3226.787613619396,-9618.337386380605,-4674.819997137144,-614.4264163433166,-4016316.432300892
2022-03-04,8966.705078125,2409.1070023502593,-6557.59807577474,-4674.840225821118,3.1108680729634712,-4022874.030376667
2022-03-05,3419.923828125,1474.3361653417976,-1945.5876627832026,-4674.860454505093,0.8475638471299113,-4024819.61803945
2022-03-06,4909.642578125,2987.39600296216,-1922.2465751628404,-4674.880683189067,-0.6520888270034803,-4026741.864614613
2022-03-07,12140.890625,3148.8111529322987,-8992.0794720677,-4674.900911873041,1.522705761623894,-4035733.9440866807
2022-03-08,5353.509765625,2748.2698089787573,-2605.2399566462427,-4674.921140557015,0.003950972104773835,-4038339.184043327
2022-03-09,10120.6796875,3139.280253804721,-6981.399433695279,-4674.941369240989,-0.5599892650882824,-4045320.583477022
2022-03-10,11411.0390625,3403.9747600692085,-8007.064302430792,-4674.961597924963,-0.4814018159863889,-4053327.647779453
2022-03-11,9541.400390625,3230.414433510438,-6310.985957114563,-4674.981826608937,0.43860510392165164,-4059638.6337365676
2022-03-12,11901.052734375,2914.2886670102243,-8986.764067364777,-4675.002055292912,1.165087139632343,-4068625.3978039324
2022-03-13,11028.615234375,2821.203532094648,-8207.411702280353,-4675.022283976886,0.6984247520690934,-4076832.809506213
2022-03-14,10465.033203125,2552.5618042385795,-7912.4713988864205,-4675.04251266086,3.295541060081693,-4084745.280905099
2022-03-15,9283.92578125,1743.1503761366068,-7540.775405113393,-4675.062741344834,6.900271175458227,-4092286.0563102127
2022-03-16,4679.798828125,1282.0134772644674,-3397.7853508605326,-4675.082970028808,1.923911418191372,-4095683.8416610733
2022-03-17,6144.26953125,1945.5346942980516,-4198.734836951949,-4675.103198712782,2.027382064807297,-4099882.576498025
2022-03-18,6129.54296875,2656.395423010037,-3473.147545739963,-4675.123427396756,1.2786482481947277,-4103355.724043765
2022-03-19,11800.6640625,2738.662607275816,-9062.001455224185,-4675.143656080731,0.8791902062331038,-4112417.725498989
2022-03-20,9078.615234375,2584.7697480180113,-6493.845486356989,-4675.163884764705,2.862983453713936,-4118911.570985346
2022-03-21,11049.17578125,2564.9592766677306,-8484.21650458227,-4675.1841134486785,2.3614474788602355,-4127395.7874899283
2022-03-22,5452.958984375,2014.5257402807279,-3438.4332440942726,-4675.2043421326525,-1.8862414680771524,-4130834.2207340226
2022-03-23,9830.91015625,2924.1452273600053,-6906.764928889995,-4675.2245708166265,2.3214096786460616,-4137740.9856629125
2022-03-24,11368.21875,2928.6624008155504,-8439.55634918445,-4675.2447995006005,2.853552283040667,-4146180.542012097
2022-03-25,8636.390625,2900.4733610129924,-5735.917263987008,-4675.2650281845745,1.836862430467048,-4151916.459276084
2022-03-26,11214.482421875,2751.1009743142586,-8463.381447560741,-4675.285256868549,3.076669263912381,-4160379.8407236445
2022-03-27,11137.3984375,2608.7462153880306,-8528.652222111969,-4675.305485552523,5.066021344891181,-4168908.4929457563
2022-03-28,5695.5,2217.032586562698,-3478.467413437302,-4675.325714236497,1.8067240425598368,-4172386.9603591934
2022-03-29,5850.724609375,2625.078152448661,-3225.646456926339,-4675.345942920471,2.0691150994822074,-4175612.6068161195
2022-03-30,6550.447265625,2665.41325596744,-3885.0340096575605,-4675.366171604445,1.6582769974586544,-4179497.640825777
2022-03-31,9294.19921875,2654.5818274017133,-6639.617391348286,-4675.386400288419,3.0243717194435558,-4186137.258217125
2022-04-01,7827.02734375,2623.3323508469025,-5203.694992903098,-4675.406628972393,2.4096337304086046,-4191340.9532100284
2022-04-02,2798.478515625,1017.188134420259,-1781.2903812047412,-4675.426857656367,0.49315938217988897,-4193122.243591233
2022-04-03,3250.91015625,944.8163668690581,-2306.093789380942,-4675.447086340342,1.541995079951147,-4195428.337380614
2022-04-04,4482.88671875,1704.25330429962,-2778.6334144503803,-4675.467315024316,0.6921970386628895,-4198206.970795064
2022-04-05,7363.568359375,2640.331516427065,-4723.236842947936,-4675.48754370829,-6.379611562293667,-4202930.207638012
2022-04-06,6116.4140625,1226.877167702103,-4889.536894797897,-4675.507772392264,-0.7622408814897748,-4207819.7445328105
2022-04-07,9346.22265625,1859.1904074074719,-7487.032248842528,-4675.528001076238,-1.0435867687727898,-4215306.776781653
2022-04-08,8240.427734375,1298.6934811572087,-6941.734253217792,-4675.548229760212,3.7775824554236763,-4222248.5110348705
2022-04-09,6308.3515625,1269.025886052966,-5039.325676447034,-4675.568458444186,-2.218146436626074,-4227287.836711317
2022-04-10,9801.998046875,2170.529492854091,-7631.468554020908,-4675.588687128161,40.28253448922374,-4234919.305265338
2022-04-11,4653.576171875,1534.5739487114731,-3119.0022231635267,-4675.608915812135,-7.413183602606325,-4238038.307488502
2022-04-12,5013.892578125,2259.3615461301083,-2754.5310319948917,-4675.629144496109,0.821643228143222,-4240792.838520497
2022-04-13,10111.017578125,2556.3003648719186,-7554.717213253081,-4675.649373180083,-11.054801162149596,-4248347.555733751
2022-04-14,7887.951171875,2400.4011524302573,-5487.550019444742,-4675.669601864057,-0.18864081931851698,-4253835.1057531955
2022-04-15,6172.248046875,1625.889528094967,-4546.358518780033,-4675.689830548031,0.6612999387632347,-4258381.464271976
2022-04-16,9070.02734375,2348.49521276679,-6721.53213098321,-4675.710059232005,-5.527609272308237,-4265102.996402959
2022-04-17,8495.84375,2092.7959022708064,-6403.047847729194,-4675.73028791598,2.215318838047663,-4271506.0442506885
2022-04-18,1038.6171875,36.98569574433711,-1001.631491755663,-4675.751359461786,1.5289796211670463,-4272507.675742445
2022-04-19,976.955078125,221.61947421682618,-755.3356039081738,-4675.77158814576,1.87174582473899,-4273263.011346353
2022-04-20,4310.50390625,1485.4977942073272,-2825.0061120426726,-4675.790973967902,1.9956922801061205,-4276088.017458396
2022-04-21,3907.509765625,1622.551767970362,-2284.957997654638,-4675.811202651876,1.5394249139301335,-4278372.975456051
2022-04-22,8814.755859375,2138.981541902559,-6675.774317472441,-4675.83143133585,0.16335399576787715,-4285048.749773523
2022-04-23,8380.7265625,2165.3912925527397,-6215.33526994726,-4675.851660019824,0.9722262997385339,-4291264.08504347
2022-04-24,6801.525390625,2186.564608009295,-4614.960782615705,-4675.8718887037985,0.8759243185896911,-4295879.045826086
2022-04-25,7494.0078125,1965.1497177451915,-5528.858094754808,-4675.8921173877725,1.31357686766204,-4301407.9039208405
2022-04-26,6306.255859375,1348.6181738123396,-4957.63768556266,-4675.9123460717465,-2.9308784679759827,-4306365.541606403
2022-04-27,3281.357421875,549.7841228940724,-2731.5732989809276,-4675.933417617553,-1.5163240746813849,-4309097.114905383
2022-04-28,3756.685546875,823.3996850257261,-2933.2858618492737,-4675.9536463015265,6.706618020190236,-4312030.400767232
2022-04-29,2223.943359375,735.9599656499175,-1487.9833937250826,-4675.9738749855005,11.858425906100761,-4313518.384160957
2022-04-30,6472.435546875,2071.059942536534,-4401.3756043384665,-4675.994103669475,2.1672629080232055,-4317919.759765295
2022-05-01,5406.580078125,1598.4021809712133,-3808.177897153787,-4676.013489491617,1.952025813169847,-4321727.937662449
2022-05-02,4965.470703125,1593.8599773194185,-3371.6107258055818,-4676.033718175591,2.1096636831627325,-4325099.548388254
2022-05-03,7170.3125,1870.8004501677988,-5299.512049832201,-4676.053946859565,2.0822620598479435,-4330399.060438086
2022-05-04,2372.275390625,1085.7405596228725,-1286.5348310021275,-4676.075018405371,2.8346159345995567,-4331685.595269089
2022-05-05,6352.541015625,1883.4573947527342,-4469.083620872266,-4676.094404227513,2.1936876279114204,-4336154.678889961
2022-05-06,6296.28515625,1414.6554409276935,-4881.629715322307,-4676.115475773319,3.1074265116943067,-4341036.3086052835
2022-05-07,2801.6640625,1245.663539882089,-1556.0005226179112,-4676.135704457294,4.482050273474796,-4342592.309127902
2022-05-08,3706.03125,993.1546817042241,-2712.876568295776,-4676.155933141268,4.0115424060693,-4345305.185696198
2022-05-09,6732.18359375,1954.4362306918683,-4777.747363058132,-4676.176161825242,2.8490853501598226,-4350082.933059256
2022-05-10,6612.109375,1690.3386803643427,-4921.7706946356575,-4676.196390509216,5.400297228997187,-4355004.703753891
2022-05-11,3464.8515625,601.3688097781514,-2863.4827527218486,-4676.21661919319,0.9685720163165057,-4357868.186506613
2022-05-12,3998.490234375,535.6203878100094,-3462.8698465649904,-4676.236847877164,1.2978754235162604,-4361331.056353178
2022-05-13,2226.17578125,474.74149282661176,-1751.4342884233884,-4676.257076561138,1.2988151210828722,-4363082.490641601
2022-05-14,877.392578125,232.19694341549354,-645.1956347095065,-4676.277305245112,0.11598667331808539,-4363727.686276311
2022-05-15,4961.900390625,1404.1753799982523,-3557.7250106267475,-4676.297533929087,-2.2835393178971364,-4367285.411286938
2022-05-16,3350.31640625,1042.4013593382513,-2307.9150469117485,-4676.317762613061,-0.9695221983638312,-4369593.32633385
2022-05-17,4624.16796875,1224.549369708296,-3399.6185990417043,-4676.337991297035,1.1630710190099929,-4372992.944932891
2022-05-18,4470.818359375,1267.3598214539645,-3203.4585379210357,-4676.358219981009,-4.287888125732666,-4376196.403470812
2022-05-19,3137.31640625,1560.6804044906894,-1576.6360017593106,-4676.378448664983,2.8656831114455015,-4377773.039472572
2022-05-20,3279.6796875,1568.2497418550158,-1711.4299456449842,-4676.398677348957,10.091591550639944,-4379484.4694182165
2022-05-21,6622.447265625,1570.5758659830472,-5051.871399641953,-4676.418906032931,12.231279028973038,-4384536.340817858
2022-05-22,4239.8203125,1573.3346202382966,-2666.485692261703,-4676.439134716906,4.198548335015616,-4387202.82651012
2022-05-23,5972.365234375,1678.3202375706603,-4294.0449968043395,-4676.45936340088,7.726469413506945,-4391496.871506925
2022-05-24,6385.728515625,1642.3138269433096,-4743.414688681691,-4676.479592084854,15.866137510714399,-4396240.286195606
2022-05-25,4985.703125,1144.4646403614167,-3841.2384846385835,-4676.499820768828,-1.1531649905939703,-4400081.524680245
2022-05-26,1818.587890625,273.6550043652188,-1544.9328862597813,-4676.520049452802,1.256613700585406,-4401626.457566504
2022-05-27,3790.30859375,823.7461056327967,-2966.5624881172034,-4676.540278136776,-1.4273167881925193,-4404593.020054622
2022-05-28,3565.9921875,1255.1908827226716,-2310.8013047773284,-4676.56050682075,4.465135166576744,-4406903.821359399
2022-05-29,5007.330078125,1069.7234373459282,-3937.6066407790718,-4676.5807355047245,-12.806961495612438,-4410841.428000178
2022-05-30,825.767578125,-103.88226484120152,-929.6498429662015,-4676.6009641886985,0.5340184353507877,-4411771.077843145
2022-05-31,3407.373046875,816.314090419665,-2591.058956455335,-4676.6211928726725,-2.8584588956668915,-4414362.1367996
2022-06-01,3108.482421875,748.7819442635463,-2359.7004776114536,-4676.6414215566465,0.6487790909715561,-4416721.837277211
2022-06-02,4767.16796875,1010.783566841382,-3756.384401908618,-4676.6616502406205,0.4095557595956739,-4420478.22167912
2022-06-03,3645.982421875,593.4332736685226,-3052.549148206477,-4676.6818789245945,-1.7036537528382514,-4423530.770827327
2022-06-04,5039.1484375,723.8438106308412,-4315.304626869159,-4676.702107608568,0.08010945754214367,-4427846.075454196
2022-06-05,3464.423828125,420.9677665607787,-3043.4560615642213,-4676.722336292543,3.103960762531286,-4430889.53151576
2022-06-06,4519.96484375,1050.5154381858233,-3469.4494055641767,-4676.742564976517,-2.9468830346008232,-4434358.980921324
2022-06-07,3813.80859375,837.4273707359148,-2976.381223014085,-4676.762793660491,-11.643875843771376,-4437335.362144338
2022-06-08,2962.7421875,686.8995439565791,-2275.8426435434208,-4676.783022344465,-0.005802588727410995,-4439611.204787881
2022-06-09,2341.494140625,498.3846024902968,-1843.1095381347031,-4676.803251028439,0.12326823216853873,-4441454.314326016
2022-06-10,2508.021484375,643.2865630918747,-1864.7349212831255,-4676.823479712413,0.14802856187024654,-4443319.049247299
2022-06-11,2018.22265625,626.3401873002629,-1391.8824689497371,-4676.843708396387,0.5456333708686634,-4444710.931716249
2022-06-12,3071.0078125,491.5747202914953,-2579.4330922085046,-4676.863937080362,-0.19305958721162475,-4447290.364808458
2022-06-13,2758.26171875,688.9212181140153,-2069.3405006359844,-4676.884165764336,-0.32778536797929947,-4449359.705309094
2022-06-14,4045.134765625,542.6858766219708,-3502.448889003029,-4676.90439444831,0.26369394401629753,-4452862.154198097
2022-06-15,3029.720703125,440.71040471247966,-2589.01029841252,-4676.924623132284,1.741603504028253,-4455451.164496509
2022-06-16,1803.416015625,415.87236606180835,-1387.5436495631916,-4676.944851816258,-0.20022578918587247,-4456838.708146073
2022-06-17,2775.541015625,741.0969713692564,-2034.4440442557436,-4676.965080500232,-0.026505930436604697,-4458873.152190329
2022-06-18,4812.486328125,1394.6221377394504,-3417.8641903855496,-4676.985309184206,6.247453425337008,-4462291.016380714
2022-06-19,4897.625,941.8120006711137,-3955.8129993288862,-4677.005537868181,1.5035869777863164,-4466246.829380043
2022-06-20,3743.537109375,922.5070213927669,-2821.030087982233,-4677.025766552155,-0.7390581417970583,-4469067.859468025
2022-06-21,3534.716796875,953.6232198061211,-2581.093577068879,-4677.045995236129,116.5867975491049,-4471648.953045094
2022-06-22,3225.689453125,514.8876330830349,-2710.8018200419656,-4677.066223920103,1.2515096792476406,-4474359.754865136
2022-06-23,3261.16796875,552.3931365591689,-2708.774832190831,-4677.086452604077,0.17457417676993597,-4477068.529697327
2022-06-24,3043.55078125,532.6465870015247,-2510.9041942484755,-4677.106681288051,-1.8621386634068275,-4479579.433891576
2022-06-25,5113.65234375,1013.9663008384472,-4099.686042911553,-4677.126909972025,-15.659609027867868,-4483679.119934487
2022-06-26,2188.5,861.7304725650381,-1326.769527434962,-4677.147138655999,-1.6528474676906029,-4485005.889461922
2022-06-27,3395.6953125,1206.887336696836,-2188.807975803164,-4677.167367339974,8.370051252306597,-4487194.697437726
2022-06-28,3581.78125,1254.8233543146353,-2326.9578956853647,-4677.187596023948,3.533357125707636,-4489521.655333411
2022-06-29,2621.3984375,626.3501099589612,-1995.0483275410388,-4677.207824707922,0.25251851753025667,-4491516.703660952
2022-06-30,4943.927734375,1114.2936191531478,-3829.634115221852,-4677.228053391896,-1.5958288357033346,-4495346.337776174
2022-07-01,2615.0078125,1178.6649126693003,-1436.3428998307,-4677.24828207587,-8.552153673772665,-4496782.680676005
2022-07-02,3687.951171875,1352.72466615877,-2335.22650571623,-4677.268510759844,6.732332787717475,-4499117.907181721
2022-07-03,5052.513671875,1299.3536761014927,-3753.159995773507,-4677.288739443818,12.887177193321733,-4502871.067177495
2022-07-04,5811.669921875,1409.884500485688,-4401.785421389312,-4677.3089681277925,7.160449972776642,-4507272.852598884
2022-07-05,4996.544921875,1430.364465211772,-3566.180456663228,-4677.329196811766,2.963289519720165,-4510839.033055548
2022-07-06,5729.630859375,1571.3814330049167,-4158.249426370084,-4677.34942549574,3.7703618423915146,-4514997.282481918
2022-07-07,4357.619140625,1204.9912794239308,-3152.627861201069,-4677.369654179714,-4.511968471558654,-4518149.910343119
2022-07-08,2236.748046875,673.0957835862588,-1563.6522632887413,-4677.389882863688,-0.360731935790452,-4519713.562606407
2022-07-09,3502.1796875,973.5925066477224,-2528.5871808522775,-4677.410111547662,3.690755921960556,-4522242.149787259
2022-07-10,5104.859375,1485.7100195457447,-3619.1493554542553,-4677.430340231636,3.8653838676859067,-4525861.299142714
2022-07-11,5288.61328125,1083.959586404198,-4204.653694845802,-4677.450568915611,-4.352256937433917,-4530065.952837559
2022-07-12,1640.490234375,535.7158189259861,-1104.774415449014,-4677.470797599585,-0.6026266515456254,-4531170.727253009
2022-07-13,4528.806640625,1106.9080728055349,-3421.898567819465,-4677.491026283559,3.6427930236532498,-4534592.625820828
2022-07-14,3270.046875,1255.6643379926104,-2014.3825370073896,-4677.511254967533,3.6067503721470118,-4536607.008357835
2022-07-15,4507.330078125044,1211.619948012757,-3295.7101301122866,-4677.531483651507,-3.995907387241174,-4539902.718487947
2022-07-16,3564.6588541667734,1068.3478529308068,-2496.3110012359666,-4677.551712335481,-9.392042600338485,-4542399.029489183
2022-07-17,4213.826171875,495.80919460029713,-3718.0169772747026,-4677.571941019455,3.5732756132793484,-4546117.046466458
2022-07-18,3681.369140625,1076.639261857001,-2604.729878767999,-4677.59216970343,-4.0361810232424045,-4548721.776345226
2022-07-19,6488.895833333343,1604.8216720534572,-4884.074161279886,-4677.612398387404,10.189272618610879,-4553605.850506506
2022-07-20,6069.238281250015,1605.678460935722,-4463.559820314293,-4677.632627071378,3.821224848309305,-4558069.41032682
2022-07-21,5737.061197916657,1609.8167647787884,-4127.244433137868,-4677.652855755352,5.247107852260873,-4562196.654759957
2022-07-22,5405.146484375,1533.0415405643532,-3872.104943810647,-4677.673084439326,-1.118252991774845,-4566068.759703768
2022-07-23,1387.6953125,486.9779745623263,-900.7173379376736,-4677.6933131233,0.12056866780862237,-4566969.477041706
2022-07-24,5438.88671875,1480.9818648213802,-3957.9048539286196,-4677.713541807274,2.112076384846895,-4570927.381895635
2022-07-25,1942.427734375,528.8321325978584,-1413.5956017771416,-4677.733770491249,-1.3027395302000675,-4572340.977497413
2022-07-26,3244.384765625,1089.1711723139506,-2155.2135933110494,-4677.753999175223,2.159401995855554,-4574496.1910907235
2022-07-27,3197.4285156250116,1186.6157950801692,-2010.8127205448427,-4677.774227859197,1.5806246415986225,-4576507.003811268
2022-07-28,3796.263671875,1276.0847590054116,-2520.1789128695887,-4677.794456543171,2.2656030727960847,-4579027.182724138
2022-07-29,5483.873046875,1814.3806018189919,-3669.4924450560084,-4677.814685227145,1.495864600220902,-4582696.675169194
2022-07-30,6776.029296875,1909.1438453255057,-4866.885451549494,-4677.834913911119,1.9737375115757856,-4587563.560620744
2022-07-31,2929.068359375,385.3181572644728,-2543.7502021105274,-4677.855142595093,2.2791106685517857,-4590107.310822855
2022-08-01,4556.88671875,1388.6985033289477,-3168.188215421052,-4677.875371279067,3.0442477267845103,-4593275.499038276
2022-08-02,5986.939453125,1738.678358510363,-4248.261094614637,-4677.895599963042,2.426152756776284,-4597523.760132891
2022-08-03,6685.525390625,1496.9655483940176,-5188.559842230983,-4677.915828647016,2.621753684760248,-4602712.319975122
2022-08-04,4801.298828125,918.7531953650458,-3882.545632759954,-4677.93605733099,3.2451430082164485,-4606594.865607882
2022-08-05,3491.9921875,910.0155153958127,-2581.9766721041874,-4677.956286014964,-1.549667919327927,-4609176.8422799865
2022-08-06,3711.1640625,969.2047091988559,-2741.9593533011443,-4677.9765146989375,2.7323292560136574,-4611918.801633287
2022-08-07,5445.91015625,1179.3884739377943,-4266.5216823122055,-4677.9967433829115,3.3049401360426245,-4616185.323315599
2022-08-08,8009.89453125,1995.920056876269,-6013.974474373731,-4678.0169720668855,1.912605754501834,-4622199.297789972
2022-08-09,7491.87890625,2084.494634596962,-5407.384271653038,-4678.03720075086,0.8678717304957771,-4627606.682061626
2022-08-10,4114.58203125,868.7698406403782,-3245.812190609622,-4678.057429434834,25.276173051234274,-4630852.494252236
2022-08-11,3088.4453125,543.9249683361253,-2544.5203441638746,-4678.077658118808,-18.425738738873743,-4633397.0145964
2022-08-12,3036.126953125,1030.9863941463714,-2005.1405589786286,-4678.097886802782,2.3330591314203506,-4635402.155155378
2022-08-13,5762.767578125,1275.4649535253793,-4487.302624599621,-4678.118115486756,3.0101648162178054,-4639889.457779978
2022-08-14,2808.65234375,989.6890961318927,-1818.9632476181073,-4678.13834417073,1.89680617571541,-4641708.421027596
2022-08-15,5577.9375,1299.6286325155577,-4278.308867484442,-4678.158572854704,2.0522269471706567,-4645986.72989508
2022-08-16,4400.083984375,1520.3669774601583,-2879.7170069148415,-4678.178801538679,1.0340004233746627,-4648866.446901996
2022-08-17,5348.099609375,1182.8897478192594,-4165.209861555741,-4678.199030222653,-9.55420609638663,-4653031.656763552
2022-08-18,2066.39453125,466.43177741412836,-1599.9627538358716,-4678.219258906627,-4.125075698899366,-4654631.619517388
2022-08-19,8117.333984375,2296.1118916160954,-5821.222092758904,-4678.239487590601,1.1340777748578368,-4660452.841610147
2022-08-20,7054.03515625,1816.4161760577101,-5237.61898019229,-4678.259716274575,-0.5464579593809958,-4665690.460590339
2022-08-21,8240.564453125,2350.106446079203,-5890.458007045797,-4678.279102096717,0.6404192291269311,-4671580.918597385
2022-08-22,6647.525390625,1163.2627504304423,-5484.262640194558,-4678.299330780691,-4.592517144646658,-4677065.18123758
2022-08-23,7390.357421875,2053.5951406294894,-5336.762281245511,-4678.319559464665,1.5500813376252567,-4682401.943518826
2022-08-24,3887.580078125,992.059462081301,-2895.5206160436987,-4678.33978814864,2.981479262122977,-4685297.464134869
2022-08-25,5831.611328125,1398.4908069883763,-4433.120521136623,-4678.360016832614,-0.09747142526239924,-4689730.584656006
2022-08-26,3312.076171875,2006.2083346167224,-1305.8678372582776,-4678.380245516588,0.17395472384425403,-4691036.452493264
2022-08-27,9308.087890625,2191.192513000824,-7116.895377624176,-4678.400474200562,1.7005942991708587,-4698153.347870888
2022-08-28,7554.048828125,1986.2216239985082,-5567.827204126492,-4678.420702884536,0.49850440380040695,-4703721.175075015
2022-08-29,1370.0859375,425.7328543078533,-944.3530831921466,-4678.44093156851,3.677253887295015,-4704665.528158207
2022-08-30,3285.96484375,909.4849814422778,-2376.479862307722,-4678.461160252484,1.0872862030244397,-4707042.008020516
2022-08-31,10569.591796875,2509.638517991963,-8059.953278883037,-4678.481388936458,-48.738885676207396,-4715101.961299399
2022-09-01,4641.029296875,1578.6264971493285,-3062.4027997256717,-4678.501617620433,1.4143077261376058,-4718164.364099124
2022-09-02,7297.771484375,2113.2344854248927,-5184.536998950107,-4678.521846304407,-10.893292532115224,-4723348.901098074
2022-09-03,7694.73828125,2391.123969726728,-5303.614311523273,-4678.542074988381,33.356571831507885,-4728652.515409598
2022-09-04,5949.44140625,2326.074332783933,-3623.367073466067,-4678.562303672355,-14.720847843894589,-4732275.882483064
2022-09-05,9595.791015625,2576.0463381133654,-7019.744677511634,-4678.582532356329,-20.626935640981173,-4739295.627160576
2022-09-06,8443.8046875,2412.8022073286566,-6031.002480171343,-4678.6027610403025,-3.4517196542436928,-4745326.629640748
2022-09-07,9536.563281250012,1897.19097269881,-7639.372308551202,-4678.6229897242765,4.343317204981658,-4752966.001949299
2022-09-08,2063.80859375,194.14244364791318,-1869.6661501020867,-4678.643218408251,4.052785157459262,-4754835.6680994015
2022-09-09,7022.669921875,1676.4830772395705,-5346.186844635429,-4678.663447092225,1.0709850475454068,-4760181.854944037
2022-09-10,6078.8515625,1578.7869398919665,-4500.0646226080335,-4678.683675776199,-29.935324774838502,-4764681.919566645
2022-09-11,6310.8125,1816.6254449723976,-4494.187055027603,-4678.703904460173,-1.356998884351891,-4769176.106621673
2022-09-12,8063.978515625,1916.9650223985495,-6147.01349322645,-4678.724133144147,-0.26181304207923956,-4775323.1201149
2022-09-13,6937.22265625,2956.123854070613,-3981.098802179387,-4678.744361828121,2.4503034525853544,-4779304.218917079
2022-09-14,11536.79296875,2406.8406642230307,-9129.952304526969,-4678.764590512095,3.0260373683759156,-4788434.171221606
2022-09-15,4642.291015625,765.8063071771924,-3876.4847084478074,-4678.78481919607,2.685062024228941,-4792310.655930054
2022-09-16,7122.62109375,1630.153830859472,-5492.467262890528,-4678.805047880044,3.7576865862659266,-4797803.123192945
2022-09-17,5102.208984375,1320.056084887467,-3782.152899487533,-4678.825276564018,2.1625849793806236,-4801585.276092432
2022-09-18,4486.8984375,1398.8492863364818,-3088.049151163518,-4678.845505247992,0.4404289638438113,-4804673.325243596
2022-09-19,7964.2578125,2594.9548188504195,-5369.3029936495805,-4678.865733931966,-4.5760857750110695,-4810042.628237246
2022-09-20,11133.3984375,2787.514875011454,-8345.883562488545,-4678.88596261594,1.3998365378524695,-4818388.511799734
2022-09-21,4079.931640625,831.1584482081175,-3248.773192416882,-4678.906191299914,3.437910381813123,-4821637.284992151
2022-09-22,11734.27734375,1984.6429437282534,-9749.634400021747,-4678.926419983889,1.820141842845722,-4831386.919392172
2022-09-23,3604.63671875,1602.1907479850756,-2002.4459707649244,-4678.946648667863,0.6794687935671426,-4833389.365362938
2022-09-24,10514.3203125,3081.499308201358,-7432.821004298642,-4678.966877351837,3.3483951041749633,-4840822.186367236
2022-09-25,12370.681640625,3039.4400084650506,-9331.241632159948,-4678.987106035811,41.74738536084283,-4850153.427999396
2022-09-26,3877.529296875,757.481807904073,-3120.047488970927,-4679.007334719785,2.4452194494566335,-4853273.475488367
2022-09-27,4529.666015625,1271.0018322566102,-3258.66418336839,-4679.027563403759,1.4485548266674657,-4856532.1396717345
2022-09-28,6162.671875,1760.0585136471261,-4402.613361352874,-4679.047792087733,-4.4894788177625475,-4860934.753033088
2022-09-29,8062.767578125,2582.672767560359,-5480.094810564641,-4679.068020771708,11.422891361095914,-4866414.847843653
2022-09-30,10237.021484375,2812.727400155234,-7424.294084219766,-4679.087406593849,4.269566073476924,-4873839.141927873
2022-10-01,11453.019945240376,2488.777362703117,-8964.24258253726,-4679.107635277824,6.185212680148322,-4882803.38451041
2022-10-02,13295.90234375,3110.128254369183,-10185.774089380817,-4679.127863961798,3.598459372983345,-4892989.158599791
2022-10-03,11743.021484375,2822.0453893036856,-8920.976095071315,-4679.148092645772,-43.46564871085942,-4901910.134694862
2022-10-04,7368.869140625,1709.5450200465373,-5659.3241205784625,-4679.168321329746,0.9913772170174915,-4907569.458815441
2022-10-05,2651.408203125,264.493077905654,-2386.915125219346,-4679.189392875552,2.6856720538295416,-4909956.37394066
2022-10-06,8805.658203125,858.9768833771221,-7946.681319747878,-4679.208778697694,-15.514053929172563,-4917903.055260408
2022-10-07,5596.09375,1106.5961160298036,-4489.497633970196,-4679.2290073816675,3.895901753115887,-4922392.552894378
2022-10-08,11059.705078125,2956.9951724826396,-8102.70990564236,-4679.249236065642,3.7840938913882294,-4930495.26280002
2022-10-09,12061.07421875,3456.7374354280573,-8604.336783321942,-4679.269464749616,2.0298958352485252,-4939099.599583342
2022-10-10,14031.994140625,3352.31096530148,-10679.68317532352,-4679.28969343359,2.684961945559081,-4949779.282758665
2022-10-11,10035.92578125,2769.6807988921864,-7266.244982357814,-4679.309922117564,3.245261308970527,-4957045.527741023
2022-10-12,2084.033203125,398.33677912148306,-1685.696424003517,-4679.330150801538,-0.11375499935302298,-4958731.224165027
2022-10-13,1625.392578125,-156.04633267604993,-1781.43891080105,-4679.350379485512,3.722951182088131,-4960512.663075828
2022-10-14,8693.544921875,2427.3477283508064,-6266.197193524194,-4679.370608169486,3.266074145317463,-4966778.860269352
2022-10-15,8108.4765625,2320.3880073814553,-5788.088555118545,-4679.390836853461,2.8715119869589834,-4972566.948824471
2022-10-16,9337.35546875,3167.300159522774,-6170.055309227226,-4679.411065537435,2.0096545607547536,-4978737.0041336985
2022-10-17,14510.9765625,3553.8029954395042,-10957.173567060496,-4679.431294221409,2.120853681119936,-4989694.177700759
2022-10-18,9508.9140625,2262.8828010440125,-7246.031261455988,-4679.451522905383,1.4754634337018375,-4996940.208962215
2022-10-19,14532.37109375,3230.536491460288,-11301.834602289713,-4679.471751589357,3.2332306177106926,-5008242.043564505
2022-10-20,13882.49674479157,2905.9522411579055,-10976.544503633664,-4679.491980273331,4.960495458376476,-5019218.588068139
2022-10-21,8830.2578125,1863.520247999881,-6966.737564500119,-4679.512208957305,15.424865841669552,-5026185.325632639
2022-10-22,4705.5703125,2004.287033226352,-2701.283279273648,-4679.53243764128,0.6364795354642562,-5028886.608911913
2022-10-23,6343.50390625,2462.193218046761,-3881.310688203239,-4679.552666325254,4.274575981207852,-5032767.919600116
2022-10-24,6692.5546875,1052.264576685597,-5640.290110814403,-4679.572895009228,1.792177851877401,-5038408.2097109305
2022-10-25,9272.95703125,2214.2858948010057,-7058.671136448995,-4679.593123693202,2.296831317215774,-5045466.88084738
2022-10-26,5331.7578125,1436.5903362140696,-3895.1674762859307,-4679.613352377176,2.4038404831725897,-5049362.048323666
2022-10-27,4935.96484375,1818.9295802316115,-3117.0352635183885,-4679.63358106115,1.6027024045847171,-5052479.083587185
2022-10-28,3942.62109375,1678.221527555275,-2264.399566194725,-4679.653809745124,2.2882922126896412,-5054743.4831533795
2022-10-29,9535.125,2959.0117953267004,-6576.113204673299,-4679.674038429099,1.8951537433332923,-5061319.596358052
2022-10-30,13063.1328125,2960.1355336698375,-10102.997278830162,-4679.694267113073,7.2431078255762475,-5071422.5936368825
2022-10-31,5751.08203125,1258.597079757297,-4492.484951492703,-4679.714495797047,5.877033157470634,-5075915.078588375
2022-11-01,6890.61328125,1907.8786088287607,-4982.734672421239,-4679.734724481021,2.226988354916394,-5080897.8132607965
2022-11-02,9136.48046875,2801.162031081357,-6335.318437668643,-4679.754953164995,3.397887488263452,-5087233.131698465
2022-11-03,9266.65234375,2960.383046298505,-6306.269297451495,-4679.775181848969,0.7655312520038202,-5093539.400995917
2022-11-04,9936.76171875,3411.6265156021946,-6525.135203147805,-4679.795410532943,-1.3038165754267155,-5100064.536199065
2022-11-05,11291.30859375,3205.2210566651497,-8086.08753708485,-4679.815639216917,0.9258565512490519,-5108150.62373615
2022-11-06,12530.11328125,2867.3704477247343,-9662.742833525266,-4679.835867900892,2.2531348645406664,-5117813.366569675
2022-11-07,11203.83203125,2958.1824178241986,-8245.649613425801,-4679.856096584866,1.2309734198134143,-5126059.016183101
2022-11-08,12502.29296875,3111.3116792922174,-9390.981289457783,-4679.8763252688395,2.675644816318301,-5135449.997472558
2022-11-09,11554.046875,3344.305178945546,-8209.741696054454,-4679.8965539528135,0.36248349107610306,-5143659.739168612
2022-11-10,9168.1328125,2003.2550761847658,-7164.877736315234,-4679.9167826367875,5.327152923012049,-5150824.616904927
2022-11-11,6288.578125,2379.8306024135645,-3908.7475225864355,-4679.9370113207615,1.4358202544803524,-5154733.364427513
2022-11-12,9969.9921875,2124.8126880561827,-7845.179499443817,-4679.9572400047355,-7.354853085474637,-5162578.543926957
2022-11-13,7704.19921875,907.5690339832621,-6796.630184766738,-4679.97746868871,3.016338839081497,-5169375.174111724
2022-11-14,4247.2109375,2190.2939807177804,-2056.9169567822196,-4679.997697372684,-0.24534710272448826,-5171432.091068506
2022-11-15,9564.5234375,3047.8204312712655,-6516.703006228735,-4680.017926056658,1.3070351517971113,-5177948.794074735
2022-11-16,11934.12890625,3520.015672606902,-8414.113233643098,-4680.038154740632,-6.753581367379975,-5186362.907308377
2022-11-17,6722.12890625,3165.4832745047797,-3556.6456317452203,-4680.058383424606,-2.9440857729986383,-5189919.552940123
2022-11-18,16569.0,3265.8193485084457,-13303.180651491555,-4680.07861210858,-0.1031639041318581,-5203222.733591614
2022-11-19,4682.87109375,1204.216671225188,-3478.6544225248117,-4680.098840792554,1.6543753810823778,-5206701.388014139
2022-11-20,10436.3125,3008.407812786421,-7427.90468721358,-4680.119069476529,0.34462828241935956,-5214129.292701352
2022-11-21,10930.27734375,3105.0394309066924,-7825.237912843308,-4680.139298160503,-2.3580691066661004,-5221954.530614195
2022-11-22,6562.0,1772.2525407930736,-4789.747459206927,-4680.159526844477,0.8902000443743877,-5226744.278073402
2022-11-23,7569.41015625,2388.993555278667,-5180.416600971333,-4680.179755528451,0.3669441253575209,-5231924.694674374
2022-11-24,7214.296875,3503.409019770986,-3710.8878552290134,-4680.199984212425,-3.6740508501103513,-5235635.582529603
2022-11-25,12230.125,3356.060291123077,-8874.064708876922,-4680.219370034567,-3.1308996026527343,-5244509.64723848
2022-11-26,11863.58203125,2679.016100211574,-9184.565931038425,-4680.239598718541,4.3699287011780195,-5253694.213169518
2022-11-27,9576.53515625,2909.74750213463,-6666.78765411537,-4680.260670264348,0.24224404339932162,-5260361.000823634
2022-11-28,9093.9453125,2939.4260218245795,-6154.51929067542,-4680.28005608649,0.618275538831963,-5266515.520114309
2022-11-29,13471.4375,3665.062245404435,-9806.375254595565,-4680.300284770464,22.48398858861607,-5276321.895368905
2022-11-30,14463.33203125,3576.3817771922068,-10886.950254057792,-4680.320513454438,8.677972839595819,-5287208.845622962
2022-12-01,560.50390625,3412.98989977374,2852.48599352374,-4680.340742138412,0.11888414293067981,-5284356.359629438
2022-12-02,0.0,3232.806511950764,3232.806511950764,-4680.360970822386,0.0,-5281123.553117488
2022-12-03,0.0,3336.275994527771,3336.275994527771,-4680.38119950636,0.0,-5277787.2771229595
2022-12-04,0.0,3003.2565431555367,3003.2565431555367,-4680.401428190334,0.0,-5274784.020579804
2022-12-05,6351.80859375,2528.096100820054,-3823.712492929946,-4680.422499736141,-33393.75667389244,-5278607.7330727335
2022-12-06,13019.8359375,3700.392421720282,-9319.443515779718,-4680.441885558283,5.336774314840214,-5287927.176588513
2022-12-07,9821.85546875,3033.0948934492344,-6788.760575300766,-4680.462114242257,2.1293721429095864,-5294715.937163814
2022-12-08,0.0,3446.055743081274,3446.055743081274,-4680.482342926231,0.0,-5291269.8814207325
2022-12-09,0.0,3428.754858127891,3428.754858127891,-4680.5025716102045,0.0,-5287841.126562605
2022-12-10,0.0,3571.3396900615994,3571.3396900615994,-4680.5228002941785,0.0,-5284269.786872543
2022-12-11,8321.912286931809,1734.4828539770356,-6587.429432954773,-4680.543871839985,3.3118695436866723,-5290857.216305498
2022-12-12,9228.90234375,3066.310392139554,-6162.591951610446,-4680.5641005239595,8.714046338276097,-5297019.808257109
2022-12-13,8152.09765625,2397.064238087344,-5755.033418162656,-4680.583486346101,-3.5463077537159857,-5302774.841675271
2022-12-14,11010.2265625,3141.5236288965334,-7868.702933603467,-4680.6045578919075,4.287190137596762,-5310643.544608875
2022-12-15,10671.00390625,3234.459517176582,-7436.544389073419,-4680.623943714049,3.6282719069413463,-5318080.088997949
2022-12-16,13870.7265625,3296.6624965479814,-10574.06406595202,-4680.644172398023,4.26013163447517,-5328654.153063901
2022-12-17,15486.9375,3322.291494091137,-12164.646005908864,-4680.664401081997,5.1844325457795195,-5340818.79906981
2022-12-18,16750.8828125,3345.8463944158125,-13405.036418084188,-4680.684629765971,5.517750065766029,-5354223.835487894
2022-12-19,16613.12890625,3319.7793080557653,-13293.349598194234,-4680.704858449945,5.845684904383101,-5367517.185086088
2022-12-20,16467.71875,3306.1877034681847,-13161.531046531814,-4680.72508713392,5.56811924293496,-5380678.71613262
2022-12-21,13149.2421875,2265.689401247756,-10883.552786252245,-4680.746158679726,1.7386140024620442,-5391562.268918873
2022-12-22,8053.91796875,2287.560286961852,-5766.357681788148,-4680.7663873637,-80.17168855527554,-5397328.626600661
2022-12-23,14129.8359375,3187.701581303162,-10942.134356196837,-4680.786616047674,5.213881852588956,-5408270.760956858
2022-12-24,16051.203125,3103.6646264481915,-12947.538498551809,-4680.806844731648,4.629585995889841,-5421218.29945541
2022-12-25,16008.93359375,2524.6818320470697,-13484.25176170293,-4680.827073415622,6.182797592456266,-5434702.551217113
2022-12-26,14552.35546875,2359.4929985448357,-12192.862470205164,-4680.847302099597,9.96222782724225,-5446895.413687318
2022-12-27,15417.66796875,1935.9822338774873,-13481.685734872513,-4680.867530783571,9.234912842465658,-5460377.09942219
2022-12-28,3065.515625,770.1613474024405,-2295.3542775975593,-4680.887759467545,0.35499915682694405,-5462672.453699788
2022-12-29,8594.59375,3191.7266155628304,-5402.86713443717,-4680.907988151519,3.280703503806894,-5468075.320834225
2022-12-30,13970.890625,3260.905830656214,-10709.984794343785,-4680.928216835493,4.752727228901667,-5478785.305628569
2022-12-31,13389.39453125,3210.4790544551433,-10178.915476794857,-4680.948445519467,3.097486667543462,-5488964.221105364
2023-01-01,13986.3984375,2613.2366720784466,-11373.161765421553,-4680.968674203441,3.760611742274434,-5500337.382870786
2023-01-02,10953.25,2265.4869721762275,-8687.763027823772,-4680.988902887416,-1.9038177475720743,-5509025.145898609
2023-01-03,8186.08984375,3177.0022179242574,-5009.087625825742,-4681.00913157139,2.324937281026142,-5514034.233524435
2023-01-04,5761.921875,3431.556986943714,-2330.3648880562855,-4681.029360255364,2.057000306685747,-5516364.598412491
2023-01-05,5464.700639204559,3553.9297699497606,-1910.770869254798,-4681.049588939338,1.2700276160857151,-5518275.369281746
2023-01-06,13516.47265625,3429.0055212961565,-10087.467134953844,-4681.069817623312,3.3995727202515376,-5528362.8364167
2023-01-07,15218.625,2837.7416623793465,-12380.883337620653,-4681.090046307286,3.631198962624126,-5540743.719754321
2023-01-08,15770.84765625,2943.6988600104246,-12827.148796239575,-4681.11027499126,3.7762703037365424,-5553570.86855056
2023-01-09,15427.0625,2699.478151188537,-12727.584348811462,-4681.130503675235,4.731256108635544,-5566298.452899372
2023-01-10,10776.525699013146,2933.2509529765657,-7843.27474603658,-4681.150732359209,3.0762064769526893,-5574141.727645408
2023-01-11,15104.875,2873.8038520112837,-12231.071147988718,-4681.170961043183,4.326048375745176,-5586372.798793397
2023-01-12,11160.7734375,2674.5215466739687,-8486.251890826032,-4681.191189727157,3.1934648977206277,-5594859.050684223
2023-01-13,10821.16796875,2799.6250770031875,-8021.5428917468125,-4681.211418411131,3.194639405392567,-5602880.593575969
2023-01-14,14810.28125,2538.4387949354323,-12271.842455064567,-4681.231647095105,5.953107119690584,-5615152.436031034
2023-01-15,7240.98046875,2922.971045252999,-4318.009423497001,-4681.251875779079,2.6539064559857053,-5619470.445454531
2023-01-16,10700.26953125,2727.215506771883,-7973.054024478117,-4681.2721044630525,2.74541224710188,-5627443.49947901
2023-01-17,13698.8671875,2269.9795260646174,-11428.887661435383,-4681.292333147027,6.553809806611107,-5638872.387140445
2023-01-18,2196.06640625,764.4246954078748,-1431.6417108421251,-4681.312561831001,1.0284333108887684,-5640304.028851287
2023-01-19,9313.03125,3615.241510252996,-5697.789739747004,-4681.332790514975,2.1314759180646488,-5646001.818591034
2023-01-20,14577.4375,3287.156502655815,-11290.280997344184,-4681.353019198949,4.898127765665758,-5657292.099588378
2023-01-21,14567.16796875,3073.9546891487153,-11493.213279601285,-4681.373247882923,-47.64950022427559,-5668785.3128679795
2023-01-22,12884.87109375,2825.862794400361,-10059.00829934964,-4681.393476566897,-5.1427633099112615,-5678844.321167329
2023-01-23,14740.359375,3047.96694419907,-11692.39243080093,-4681.413705250871,4.687890205549228,-5690536.71359813
2023-01-24,7026.5390625,2062.6041308485615,-4963.934931651439,-4681.433933934846,3.121565030088765,-5695500.648529782
2023-01-25,13021.57421875,3016.8728011093904,-10004.70141764061,-4681.45416261882,2.2937953812589824,-5705505.349947423
2023-01-26,13108.05859375,3586.0818378199283,-9521.97675593007,-4681.474391302794,3.7662015346545696,-5715027.326703353
2023-01-27,15572.26171875,3186.367022294271,-12385.894696455729,-4681.494619986768,2.937170221571688,-5727413.221399808
2023-01-28,9825.33984375,2276.8278297822867,-7548.512013967713,-4681.514848670742,0.9696191283993538,-5734961.733413776
2023-01-29,3888.015625,283.6193368733982,-3604.3962881266016,-4681.535077354716,-2.042175936452448,-5738566.129701903
2023-01-30,7429.921875,2802.416470360289,-4627.505404639711,-4681.55530603869,2.6954667299191897,-5743193.635106543
2023-01-31,13361.234375,3304.0808016988162,-10057.153573301184,-4681.575534722665,3.9132726074576323,-5753250.788679845
2023-02-01,8515.85546875,3503.3821255583853,-5012.473343191615,-4681.595763406639,2.3430752285840035,-5758263.262023036
2023-02-02,8245.98828125,2421.2251440146947,-5824.763137235305,-4681.615992090613,2.3499479098005187,-5764088.025160272
2023-02-03,8347.0546875,2471.262813313511,-5875.791874186489,-4681.636220774587,36.1290003367461,-5769963.817034458
2023-02-04,5940.06640625,2056.995992866783,-3883.070413383217,-4681.656449458561,3.0020443905883867,-5773846.887447841
2023-02-05,7721.7109375,3529.4963417947233,-4192.214595705276,-4681.676678142535,2.086939996683048,-5778039.102043547
2023-02-06,8226.87890625,3526.9107162848723,-4699.968189965128,-4681.696906826509,2.976873407023903,-5782739.070233512
2023-02-07,12960.875,3460.8267421564474,-9500.048257843553,-4681.717135510484,6.380781151495581,-5792239.118491355
2023-02-08,13553.233972639486,3437.4156825111218,-10115.818290128364,-4681.737364194458,5.232047052531492,-5802354.936781484
2023-02-09,13789.193803648057,3202.1216601783144,-10587.072143469743,-4681.757592878432,4.483404069292555,-5812942.008924954
2023-02-10,12643.963888143771,2630.972257282861,-10012.99163086091,-4681.777821562406,4.744886849539471,-5822955.000555814
2023-02-11,14513.0234375,3167.585793836261,-11345.43764366374,-4681.79805024638,5.795570916370981,-5834300.438199478
2023-02-12,10689.1875,3136.6509723882514,-7552.536527611748,-4681.818278930354,4.215156354984837,-5841852.9747270895
2023-02-13,7877.39453125,3217.201683488847,-4660.192847761154,-4681.838507614328,2.911668926809021,-5846513.167574851
2023-02-14,13669.4375,3514.407645048307,-10155.029854951692,-4681.858736298303,5.057659213559375,-5856668.197429802
2023-02-15,10965.5546875,3096.914106957983,-7868.640580542016,-4681.878964982277,3.613895773694106,-5864536.838010345
2023-02-16,11523.6484375,2079.1709916503946,-9444.477445849605,-4681.8991936662505,10.472608370120541,-5873981.315456194
2023-02-17,10245.4765625,2196.4657505981136,-8049.010811901887,-4681.9194223502245,0.41446619732552137,-5882030.3262680955
2023-02-18,10901.1953125,2986.4386427989325,-7914.756669701068,-4681.9396510341985,-3.3315138022060085,-5889945.082937797
2023-02-19,13254.40234375,3154.538394439154,-10099.863949310846,-4681.9598797181725,-19.90575913005741,-5900044.946887108
2023-02-20,12339.390625,2900.606032908745,-9438.784592091255,-4681.9801084021465,-5.334313579805207,-5909483.731479199
2023-02-21,10244.06640625,2837.2007250360098,-7406.86568121399,-4682.000337086121,-1.3905737907816718,-5916890.597160413
2023-02-22,12112.16796875,3099.978603372842,-9012.189365377159,-4682.020565770095,-4.531430613373476,-5925902.78652579
2023-02-23,11792.42578125,3025.8912355398706,-8766.534545710128,-4682.040794454069,-6.621499863336115,-5934669.3210715
2023-02-24,13026.78515625,2683.382398037096,-10343.402758212904,-4682.061023138043,-3.4141322433269687,-5945012.723829713
2023-02-25,2036.75390625,1669.6154672516464,-367.13843899835365,-4682.082094683849,1.0139992788360355,-5945379.862268711
2023-02-26,8576.1328125,3254.2250685330487,-5321.907743966952,-4682.102323367823,-0.22485320579970194,-5950701.770012679
2023-02-27,4698.375,2941.3478280541044,-1757.0271719458956,-4682.122552051798,-0.9535693670212843,-5952458.797184625
2023-02-28,3189.37109375,2748.6634373445468,-440.70765640545306,-4682.142780735772,0.09451292135681655,-5952899.504841031
2023-03-01,8636.63671875,3212.373775591138,-5424.262943158862,-4682.163009419746,-2.2572711617763086,-5958323.767784189
2023-03-02,5276.38671875,2944.1298482972325,-2332.2568704527675,-4682.18323810372,-2.728113410405184,-5960656.024654642
2023-03-03,11736.79296875,3154.908472042006,-8581.884496707993,-4682.203466787694,-1.4750179878723217,-5969237.90915135
2023-03-04,8767.1796875,2840.2684831917522,-5926.911204308248,-4682.223695471668,-0.2982649050731734,-5975164.820355658
2023-03-05,10106.625,2383.237629864229,-7723.387370135772,-4682.243924155642,14.249868573692302,-5982888.207725794
2023-03-06,10797.3125,3413.316708220707,-7383.995791779293,-4682.264152839616,-0.8368890829749732,-5990272.203517573
2023-03-07,9380.33203125,3126.379661576702,-6253.952369673298,-4682.284381523591,0.1070450761907414,-5996526.155887246
2023-03-08,8890.60546875,1950.9883628392581,-6939.617105910742,-4682.304610207565,1.9414126017330975,-6003465.772993157
2023-03-09,7072.04296875,2819.5597620918975,-4252.483206658102,-4682.324838891539,0.42802680044605523,-6007718.256199814
2023-03-10,9542.5390625,3292.600767811599,-6249.938294688402,-4682.345067575513,-1.0962235664616014,-6013968.194494503
2023-03-11,11123.45703125,2943.9605077908714,-8179.496523459129,-4682.365296259487,1.3828668238663138,-6022147.691017962
2023-03-12,6381.9140625,2244.129864707852,-4137.784197792148,-4682.385524943461,1.0770055737979103,-6026285.4752157545
2023-03-13,11807.59765625,3082.3653778493444,-8725.232278400656,-4682.405753627435,0.7485057150851683,-6035010.7074941555
2023-03-14,10284.26953125,2765.8736308164707,-7518.395900433529,-4682.42598231141,2.662727891571098,-6042529.103394589
2023-03-15,8961.78515625,2830.0832791658113,-6131.701877084189,-4682.446210995384,1.2991932878678567,-6048660.805271674
2023-03-16,9438.59765625,2912.705041113073,-6525.892615136927,-4682.466439679358,2.559116211520635,-6055186.697886811
2023-03-17,11214.2734375,2953.9312119897522,-8260.342225510249,-4682.486668363332,1.5165664293859014,-6063447.040112321
2023-03-18,4299.29296875,2194.3826361534298,-2104.9103325965702,-4682.506897047306,1.2128815003728282,-6065551.950444918
2023-03-19,3347.2734375,1687.0712199034854,-1660.2022175965144,-4682.52712573128,-0.33133174211920063,-6067212.152662515
2023-03-20,10989.48828125,2231.8380901468204,-8757.65019110318,-4682.547354415254,5.409542097888757,-6075969.802853618
2023-03-21,2704.98046875,767.4630504317337,-1937.5174183182662,-4682.567583099229,1.179320149346579,-6077907.320271936
2023-03-22,9350.47265625,2550.0237582683812,-6800.448897981619,-4682.587811783203,2.5882266312988045,-6084707.769169918
2023-03-23,7034.6640625,2108.3597333356397,-4926.304329164361,-4682.608040467177,1.7698260690229723,-6089634.073499083
2023-03-24,3015.6484375,1519.2226919808572,-1496.4257455191428,-4682.628269151151,9.5391325198061,-6091130.4992446015
2023-03-25,9713.1328125,2579.907442729395,-7133.2253697706055,-4682.6484978351245,3.5642376581378414,-6098263.7246143725
2023-03-26,4751.08984375,1570.292997817552,-3180.796845932448,-4682.6687265190985,-0.5141779845725517,-6101444.521460305
2023-03-27,2401.9375,407.60350835485735,-1994.3339916451425,-4682.6889552030725,2.7593942888760346,-6103438.85545195
2023-03-28,7623.6796875,2092.7021107430505,-5530.97757675695,-4682.709183887047,6.542135310634897,-6108969.833028707
2023-03-29,4192.71875,1571.4144557660964,-2621.3042942339034,-4682.729412571021,14.069435733110671,-6111591.137322941
2023-03-30,7007.34765625,1820.1076566621791,-5187.23999958782,-4682.749641254995,-1.458299547242791,-6116778.3773225285
2023-03-31,5562.87890625,1560.9859687450548,-4001.892937504945,-4682.769869938969,8.33051166393311,-6120780.270260033
2023-04-01,5399.96484375,2218.96081545574,-3181.00402829426,-4682.790098622943,5.257637867850342,-6123961.274288327
2023-04-02,11089.828125,2745.9584769619323,-8343.869648038068,-4682.810327306917,-58.46308213406448,-6132305.143936366
2023-04-03,8719.359375,2433.7515183229525,-6285.6078566770475,-4682.830555990891,-2.744966227810263,-6138590.751793043
2023-04-04,9019.0078125,2529.5561613837276,-6489.451651116272,-4682.850784674866,-5.375871466486729,-6145080.203444159
2023-04-05,3466.78125,2248.9821722099323,-1217.799077790068,-4682.87101335884,-1.5121323169071514,-6146298.002521949
2023-04-06,1149.30078125,768.5270638381776,-380.7737174118225,-4682.891242042814,0.5999483286482412,-6146678.776239361
2023-04-07,0.0,839.4719459286551,839.4719459286551,-4682.911470726788,0.0,-6145839.304293432
2023-04-08,0.0,1543.3297501397985,1543.3297501397985,-4682.931699410762,0.0,-6144295.974543292
2023-04-09,0.0,1390.7751532351663,1390.7751532351663,-4682.951928094736,0.0,-6142905.199390057
2023-04-10,0.0,1353.4184529313807,1353.4184529313807,-4682.97215677871,0.0,-6141551.780937125
2023-04-11,8167.83203125,2248.658418927737,-5919.173612322264,-4682.992385462684,2.3522376213321157,-6147470.954549448
2023-04-12,5441.13671875,646.8355839325438,-4794.301134817456,-4683.012614146659,1.8778172586879862,-6152265.255684265
2023-04-13,7091.01953125,1955.1901259125389,-5135.829405337461,-4683.032842830633,-2.32828008808402,-6157401.0850896025
2023-04-14,7414.4375,2271.2277665309016,-5143.209733469099,-4683.053071514607,-4.96360926899282,-6162544.294823072
2023-04-15,2608.01171875,387.42699688136884,-2220.5847218686313,-4683.073300198581,1.6615493841699738,-6164764.879544941
2023-04-16,3894.424479166657,1380.586118465684,-2513.838360700973,-4683.093528882555,0.8364537900886192,-6167278.7179056415
2023-04-17,6098.7421875,2179.5000018879578,-3919.2421856120422,-4683.113757566529,1.0415229431646813,-6171197.960091254
2023-04-18,8430.11328125,2268.7217529109994,-6161.391528339001,-4683.133986250503,-0.08627159890487816,-6177359.351619593
2023-04-19,4675.73046875,1964.1380731042186,-2711.5923956457814,-4683.154214934478,0.6093741379878833,-6180070.944015238
2023-04-20,6151.21875,2229.766320318162,-3921.452429681838,-4683.174443618452,0.27951930321620694,-6183992.39644492
2023-04-21,3427.84765625,2017.3330777595131,-1410.5145784904869,-4683.194672302426,0.3279513989081704,-6185402.911023411
2023-04-22,6140.33203125,2140.540934047607,-3999.791097202393,-4683.2149009864,-0.5643480854203369,-6189402.702120613
2023-04-23,5266.83203125,2208.6164920766796,-3058.2155391733204,-4683.235129670374,-0.7056705556384899,-6192460.9176597865
2023-04-24,8132.6875,2193.995189690801,-5938.6923103091995,-4683.255358354348,0.8497323517450223,-6198399.609970096
2023-04-25,7003.859375,2191.903766777168,-4811.955608222832,-4683.275587038322,0.547345032393935,-6203211.565578318
2023-04-26,7852.16796875,1935.0033305081163,-5917.164638241884,-4683.2958157222965,3.030327934174548,-6209128.73021656
2023-04-27,3492.20703125,805.6350007693244,-2686.5720304806755,-4683.3160444062705,4.786590018094021,-6211815.302247041
2023-04-28,5257.53515625,1292.7476341124936,-3964.787522137506,-4683.3362730902445,3.259482297538227,-6215780.089769178
2023-04-29,6899.3359375,1936.1815158997542,-4963.154421600246,-4683.3565017742185,1.2807948203998891,-6220743.244190779
2023-04-30,8115.2890625,1766.359970777546,-6348.929091722454,-4683.3767304581925,8.644502654242173,-6227092.173282501
2023-05-01,5240.375,993.3219645418636,-4247.053035458136,-4683.396959142166,5.905360933369232,-6231339.22631796
2023-05-02,4217.213541666686,1152.1261718074027,-3065.0873698592836,-4683.41718782614,2.818102341877658,-6234404.313687819
2023-05-03,4303.56640625,1224.8183057517801,-3078.7481004982196,-4683.438259371947,3.678651130360854,-6237483.061788317
2023-05-04,3808.23046875,1545.8746378096434,-2262.3558309403566,-4683.457645194089,1.731215807717917,-6239745.417619257
2023-05-05,6390.47265625,1342.2087741050475,-5048.263882144953,-4683.478716739895,7.093901208290188,-6244793.6815014025
2023-05-06,3010.0703125,855.1289278364409,-2154.941384663559,-4683.498945423869,-19.22951409234814,-6246948.622886066
2023-05-07,4789.32421875,1494.133450999014,-3295.190767750986,-4683.519174107843,2.8506460787132086,-6250243.813653817
2023-05-08,3683.359375,1457.13101933429,-2226.2283556657103,-4683.539402791817,2.4568738974787503,-6252470.042009483
2023-05-09,3196.6954228461254,1511.9220346024554,-1684.77338824367,-4683.559631475792,3.928519579069109,-6254154.815397726
2023-05-10,2335.750441384036,1395.7109005027523,-940.0395408812838,-4683.579860159766,2.054894996519881,-6255094.854938608
2023-05-11,6119.513837394072,2017.1484859827106,-4102.365351411361,-4683.60008884374,2.0537513889033994,-6259197.220290019
2023-05-12,4744.73046875,1768.869127368339,-2975.861341381661,-4683.620317527714,4.14701879444192,-6262173.081631401
2023-05-13,4394.38671875,1835.5770896071251,-2558.8096291428747,-4683.640546211688,2.95127400587382,-6264731.891260544
2023-05-14,5835.42578125,1913.7064680290546,-3921.7193132209454,-4683.660774895662,3.632064586471633,-6268653.610573765
2023-05-15,5782.3359375,1786.3207800411603,-3996.0151574588394,-4683.681003579636,29.289248820463932,-6272649.625731224
2023-05-16,2023.5234375,1148.1097198549103,-875.4137176450897,-4683.701232263611,-0.7475016334033334,-6273525.039448869
2023-05-17,5501.2578125,1886.090339348804,-3615.1674731511957,-4683.721460947585,3.215960354427838,-6277140.206922021
2023-05-18,3543.9296875,1291.5847715848258,-2252.344915915174,-4683.741689631559,-16.250506505665236,-6279392.551837936
2023-05-19,2790.5625,1314.4252006126803,-1476.1372993873197,-4683.761918315533,0.10320624996864036,-6280868.689137324
2023-05-20,2969.44140625,796.952755523623,-2172.4886507263773,-4683.782146999507,-2.8108435142178703,-6283041.17778805
2023-05-21,2602.2109375,824.8770031996017,-1777.3339343003981,-4683.802375683481,4.861759119133425,-6284818.5117223505
2023-05-22,4799.28515625,1717.9413060445347,-3081.3438502054655,-4683.822604367455,3.0729401548088737,-6287899.855572556
2023-05-23,5531.0703125,1572.729564998492,-3958.340747501508,-4683.842833051429,5.873834052705677,-6291858.196320058
2023-05-24,5692.13671875,1584.9218788367289,-4107.214839913271,-4683.863061735404,11.303891097457663,-6295965.411159971
2023-05-25,2053.5785006009683,243.54241166487947,-1810.0360889360888,-4683.883290419378,2.914770458915231,-6297775.447248907
2023-05-26,3712.467548076922,1223.0673450834147,-2489.4002029935073,-4683.903519103352,0.37590801167839605,-6300264.8474519
2023-05-27,3851.1875,607.8543077802777,-3243.333192219722,-4683.923747787326,2.3284368424434576,-6303508.18064412
2023-05-28,2692.1640625,462.76163551013354,-2229.4024269898664,-4683.9439764713,0.4364664020790639,-6305737.58307111
2023-05-29,3933.82421875,653.2140117761612,-3280.610206973839,-4683.964205155274,-1.7801784412726633,-6309018.193278084
2023-05-30,3019.01953125,322.7797453803405,-2696.2397858696595,-4683.984433839248,2.2783905358866656,-6311714.433063953
2023-05-31,1349.65234375,181.7499975606579,-1167.902346189342,-4684.004662523223,1.1229821914910156,-6312882.335410142
2023-06-01,3863.6953125,1278.5400494373903,-2585.1552630626097,-4684.024891207197,11.932645373167967,-6315467.490673205
2023-06-02,4592.33984375,1089.3589964084158,-3502.980847341584,-4684.0451198911705,-0.724407135477794,-6318970.471520547
2023-06-03,2717.430679563491,859.5111871643405,-1857.9194923991506,-4684.0653485751445,-1.0966326028791749,-6320828.391012946
2023-06-04,4170.926525297618,1173.3892022989176,-2997.537322998701,-4684.0855772591185,-5.543239128400975,-6323825.928335945
2023-06-05,4313.03515625,395.96972023943147,-3917.0654360105686,-4684.1058059430925,8.558477282262373,-6327742.993771955
2023-06-06,2082.70703125,226.28234624763115,-1856.424685002369,-4684.1260346270665,2.20626679225655,-6329599.418456958
2023-06-07,795.6484375,-8.16872446835432,-803.8171619683543,-4684.146263311041,44.50205023661832,-6330403.235618926
2023-06-08,4867.65625,844.0771285380521,-4023.579121461948,-4684.166491995015,-0.41460657138683493,-6334426.814740388
2023-06-09,5139.66015625,1156.137655075187,-3983.522501174813,-4684.186720678989,-2.829962463667216,-6338410.337241562
2023-06-10,3918.28125,1000.4652545857663,-2917.815995414234,-4684.206949362963,-0.3536739800607491,-6341328.153236976
2023-06-11,3403.6875,650.8376104360976,-2752.8498895639023,-4684.227178046937,0.5752328752362754,-6344081.00312654
2023-06-12,2808.93359375,828.027354408472,-1980.906239341528,-4684.247406730911,-2.9422032016563877,-6346061.909365882
2023-06-13,2860.59765625,478.2197729476124,-2382.3778833023875,-4684.267635414885,0.18624526839492211,-6348444.287249184
2023-06-14,3464.7109375,715.797356652031,-2748.913580847969,-4684.28786409886,-3.715859953754772,-6351193.200830032
2023-06-15,2362.57421875,573.6796519874913,-1788.8945667625087,-4684.308092782834,0.8785517219819654,-6352982.095396794
2023-06-16,0.0,1234.967006869512,1234.967006869512,-4684.328321466808,0.0,-6351747.128389925
2023-06-17,0.0,1224.3056148107953,1224.3056148107953,-4684.348550150782,0.0,-6350522.822775114
2023-06-18,4642.21875,1064.7261064815627,-3577.492643518437,-4684.368778834756,-56.15415003424705,-6354100.315418633
2023-06-19,3138.91796875,454.1386728847964,-2684.7792958652035,-4684.38900751873,-7.870563207776051,-6356785.094714498
2023-06-20,2883.01953125,1179.5280542173293,-1703.4914770326707,-4684.409236202704,-15.978003830792693,-6358488.586191531
2023-06-21,3791.1328125,950.9659945439686,-2840.1668179560315,-4684.429464886679,-0.4589755716340075,-6361328.753009487
2023-06-22,3151.45703125,417.4340880956842,-2734.0229431543157,-4684.449693570653,-7.278337524684389,-6364062.775952641
2023-06-23,2068.18359375,227.04537676015883,-1841.138216989841,-4684.469922254627,1.2645827605778264,-6365903.914169631
2023-06-24,3843.72265625,1028.4162382769862,-2815.3064179730136,-4684.490150938601,-1.0982924421095615,-6368719.220587604
2023-06-25,2052.4765625,856.889878539161,-1195.586683960839,-4684.510379622575,-0.75516296699277,-6369914.807271564
2023-06-26,2387.078125,748.6196645051665,-1638.4584604948336,-4684.530608306549,-2.2437634142499725,-6371553.265732059
2023-06-27,3630.359375,492.9291928416067,-3137.4301821583936,-4684.550836990523,3.895751259865586,-6374690.695914217
2023-06-28,1750.05078125,159.32297459236466,-1590.7278066576353,-4684.571065674498,1.5494134106968578,-6376281.423720875
2023-06-29,2883.3118428739253,827.8324697387686,-2055.4793731351565,-4684.591294358472,1.3440191030998845,-6378336.90309401
2023-06-30,2233.248904789798,414.36287234633346,-1818.8860324434645,-4684.611523042446,0.5761445558060292,-6380155.789126454
2023-07-01,2528.33984375,743.4973864455749,-1784.8424573044251,-4684.63175172642,-0.237125927568225,-6381940.631583759
2023-07-02,1862.2734375,1186.6110405296265,-675.6623969703736,-4684.651980410394,-26.613186982983223,-6382616.293980729
2023-07-03,2400.65234375,761.4136063872668,-1639.2387373627332,-4684.672209094368,-0.35272724113096277,-6384255.532718091
2023-07-04,1328.0,140.99491535266807,-1187.0050846473318,-4684.692437778342,3.2502211736822635,-6385442.537802739
2023-07-05,1913.83203125,605.4191226850508,-1308.4129085649492,-4684.712666462316,-2.3746890569608565,-6386750.950711304
2023-07-06,0.0,539.1954471192123,539.1954471192123,-4684.7328951462905,0.0,-6386211.755264185
2023-07-07,0.0,888.1438466071529,888.1438466071529,-4684.7531238302645,0.0,-6385323.6114175785
2023-07-08,0.0,608.955475984001,608.955475984001,-4684.7733525142385,0.0,-6384714.655941594
2023-07-09,3596.15234375,485.93066904176106,-3110.221674708239,-4684.793581198212,-0.9503628827835933,-6387824.877616303
2023-07-10,4425.1015625,444.02787690828154,-3981.0736855917185,-4684.813809882186,0.8816627408647779,-6391805.951301895
2023-07-11,4444.4765625,987.9813366835158,-3456.495225816484,-4684.83403856616,0.37202691835565715,-6395262.446527711
2023-07-12,5095.9140625,997.9379071525233,-4097.976155347476,-4684.854267250134,-2.2115448792799777,-6399360.422683058
2023-07-13,4696.59375,1123.4268851508525,-3573.1668648491477,-4684.874495934109,-40.49496292173632,-6402933.589547907
2023-07-14,3557.703125,1390.7238224029504,-2166.9793025970494,-4684.894724618083,3.057331378353509,-6405100.568850504
2023-07-15,2128.88671875,1136.4311962230133,-992.4555225269867,-4684.914953302057,-0.20264394125258028,-6406093.024373031
2023-07-16,5801.975260416657,1683.267423098933,-4118.707837317724,-4684.935181986031,3.382443645612045,-6410211.732210349
2023-07-17,6033.23046875,1664.5683951539218,-4368.662073596079,-4684.955410670005,4.323290287017477,-6414580.394283946
2023-07-18,3695.16015625,1070.0665417028085,-2625.0936145471915,-4684.975639353979,-1.6708989426633143,-6417205.487898493
2023-07-19,5479.6875,1666.7701057939576,-3812.9173942060424,-4684.995868037953,2.991721183362903,-6421018.405292699
2023-07-20,2853.65234375,743.1302572869158,-2110.522086463084,-4685.016096721928,2.1981749764463574,-6423128.927379162
2023-07-21,4354.671875,1455.9164625318597,-2898.7554124681405,-4685.036325405902,-41.058430366920916,-6426027.68279163
2023-07-22,4493.23046875,747.1766745054342,-3746.053794244566,-4685.056554089876,2.1067324724158465,-6429773.736585874
2023-07-23,2446.13671875,1060.7688979376348,-1385.3678208123652,-4685.07678277385,-2.829579679157159,-6431159.1044066865
2023-07-24,2518.5546875,1424.2281962757986,-1094.3264912242012,-4685.097011457824,2.0322664760091484,-6432253.430897911
2023-07-25,3317.578125,1537.0749579320493,-1780.5031670679507,-4685.117240141798,1.1889960667184731,-6434033.934064979
2023-07-26,5832.77734375,1517.0452126999044,-4315.732131050096,-4685.137468825772,1.993865337606153,-6438349.666196029
2023-07-27,5515.11328125,1584.6179888498627,-3930.4952924001373,-4685.157697509747,2.776335125615574,-6442280.161488429
2023-07-28,4900.703125,1008.0504574214028,-3892.652667578597,-4685.177926193721,3.239391603895619,-6446172.814156007
2023-07-29,5195.94921875,1183.3107084363435,-4012.6385103136563,-4685.198154877695,2.62348582287711,-6450185.452666321
2023-07-30,5241.5390625,1515.6956073860126,-3725.843455113987,-4685.218383561669,3.9789260731493967,-6453911.296121435
2023-07-31,4878.82421875,1090.741357811097,-3788.082860938903,-4685.238612245643,5.0916225003688265,-6457699.378982374
2023-08-01,2942.90625,1147.0741132279334,-1795.8321367720666,-4685.258840929617,4.56822810990852,-6459495.211119146
2023-08-02,5804.78515625,1804.434224455025,-4000.3509317949747,-4685.279069613591,1.6512607906140346,-6463495.562050941
2023-08-03,5967.046875,1850.532610581687,-4116.514264418312,-4685.299298297566,1.5588978773137787,-6467612.07631536
2023-08-04,1922.109375,315.35851991113503,-1606.750855088865,-4685.31952698154,3.4574927345649087,-6469218.827170449
2023-08-05,3614.7256433824077,1503.0931717653539,-2111.632471617054,-4685.339755665514,1.0445193097795797,-6471330.459642067
2023-08-06,2525.4325800174847,1754.2698752687652,-771.1627047487195,-4685.359984349488,1.1614257517376774,-6472101.622346816
2023-08-07,3613.0341425174847,2011.375578148739,-1601.6585643687458,-4685.380213033462,0.5030557557158175,-6473703.280911185
2023-08-08,5177.909548010444,2085.982137620831,-3091.927410389613,-4685.400441717436,0.46509793356608176,-6476795.208321574
2023-08-09,6244.1875,1958.1021766158744,-4286.085323384125,-4685.42067040141,1.6202113575330057,-6481081.293644958
2023-08-10,3084.0234375,1301.9284585797823,-1782.0949789202177,-4685.4408990853835,1.620467405338583,-6482863.388623878
2023-08-11,4720.2421875,1139.7016777780466,-3580.540509721953,-4685.461127769358,3.773091162497489,-6486443.929133601
2023-08-12,4041.8515625,712.0077749898508,-3329.8437875101495,-4685.481356453332,0.8637337012209609,-6489773.7729211105
2023-08-13,4716.2890625,1710.221163930784,-3006.0678985692157,-4685.501585137306,3.373047023463175,-6492779.84081968
2023-08-14,5692.08203125,1842.2542984890242,-3849.827732760976,-4685.52181382128,1.6047590865924442,-6496629.6685524415
2023-08-15,7947.890625,2305.772815418665,-5642.117809581336,-4685.542042505254,0.2590248343518894,-6502271.786362023
2023-08-16,8589.2734375,2350.6992228237286,-6238.574214676271,-4685.562271189228,-0.0625250913098057,-6508510.3605766995
2023-08-17,2349.55078125,839.8853405310967,-1509.6654407189033,-4685.582499873202,5.198321850844282,-6510020.026017418
2023-08-18,3734.37890625,1362.0584306763844,-2372.3204755736156,-4685.602728557177,0.9509344822552321,-6512392.346492992
2023-08-19,2220.6171875,793.2372376608985,-1427.3799498391015,-4685.622957241151,0.9412783132168154,-6513819.726442831
2023-08-20,6017.3359375,1627.6465970812756,-4389.689340418724,-4685.643185925125,1.646187632764022,-6518209.41578325
2023-08-21,6345.11328125,1265.0269922329087,-5080.086289017091,-4685.663414609099,3.4509586785306725,-6523289.502072267
2023-08-22,2341.484375,933.6685761226163,-1407.8157988773837,-4685.683643293073,1.6796359225125368,-6524697.317871145
2023-08-23,7296.7578125,2026.4327816079785,-5270.3250308920215,-4685.703029115215,1.5094211430443985,-6529967.642902037
2023-08-24,9003.50390625,2333.402670978704,-6670.101235271296,-4685.723257799189,-1.180970425104909,-6536637.744137309
2023-08-25,8654.55859375,2359.1911574906967,-6295.367436259304,-4685.743486483163,1.650893142142471,-6542933.111573568
2023-08-26,4584.10546875,2166.706130604902,-2417.399338145098,-4685.763715167138,-0.43892080993882165,-6545350.510911712
2023-08-27,7109.07421875,2112.6992661915156,-4996.374952558484,-4685.783943851112,0.9092895007637594,-6550346.885864271
2023-08-28,6989.74609375,2108.4617495619473,-4881.284344188053,-4685.804172535086,0.4764439252195587,-6555228.170208459
2023-08-29,3270.08984375,1715.3591503797875,-1554.7306933702125,-4685.82440121906,1.3546420568916453,-6556782.900901829
2023-08-30,3204.4609375,1332.8524949991527,-1871.608442500847,-4685.844629903034,0.9892946133795739,-6558654.50934433
2023-08-31,4738.1328125,1598.5465563302441,-3139.586256169756,-4685.864858587008,1.127877270024611,-6561794.0956005
2023-09-01,6051.68359375,1972.8485053138397,-4078.83508843616,-4685.885087270982,15.703631327444436,-6565872.930688936
2023-09-02,10102.45703125,2690.6924267122517,-7411.764604537748,-4685.905315954957,-26.529385538685137,-6573284.695293474
2023-09-03,10432.15234375,2632.727567493147,-7799.424776256853,-4685.925544638931,-6.362442753409105,-6581084.120069731
2023-09-04,2566.30859375,1654.95039556778,-911.35819818222,-4685.945773322905,0.7993473285593794,-6581995.478267914
2023-09-05,0.0,1956.7411148310935,1956.7411148310935,-4685.966002006879,0.0,-6580038.737153082
2023-09-06,0.0,2558.8323512271945,2558.8323512271945,-4685.986230690853,0.0,-6577479.904801855
2023-09-07,0.0,1554.0209585900852,1554.0209585900852,-4686.006459374827,0.0,-6575925.883843265
2023-09-08,0.0,1168.453248653825,1168.453248653825,-4686.026688058801,0.0,-6574757.430594611
2023-09-09,0.0,2360.738122278485,2360.738122278485,-4686.046916742775,0.0,-6572396.692472332
2023-09-10,0.0,1716.1556394468432,1716.1556394468432,-4686.067145426749,0.0,-6570680.536832885
2023-09-11,0.0,2613.7596384279027,2613.7596384279027,-4686.087374110723,0.0,-6568066.777194457
2023-09-12,0.0,2705.155408821903,2705.155408821903,-4686.107602794697,0.0,-6565361.621785635
2023-09-13,9666.4609375,2662.9024142832145,-7003.558523216786,-4686.127831478671,-39.16425955325732,-6572365.180308852
2023-09-14,9425.9765625,2506.3823897099023,-6919.594172790098,-4686.148060162645,0.17454004721421504,-6579284.774481642
2023-09-15,11084.78125,2597.2201216010067,-8487.561128398993,-4686.168288846619,-33.20344220863457,-6587772.335610041
2023-09-16,11430.89453125,2698.8807092545017,-8732.013821995499,-4686.188517530593,-2.9071354478209135,-6596504.349432037
2023-09-17,9835.65234375,2616.0107464881953,-7219.641597261805,-4686.208746214568,-20.52942754322305,-6603723.991029299
2023-09-18,5707.02734375,1826.3487382754606,-3880.6786054745394,-4686.228974898542,1.2083015932979912,-6607604.669634773
2023-09-19,6988.23046875,1988.7748453888805,-4999.455623361119,-4686.249203582516,1.6239177160331113,-6612604.125258135
2023-09-20,1227.80078125,1539.5269603782713,311.7261791282713,-4686.26943226649,0.341705340480199,-6612292.399079006
2023-09-21,10385.21484375,2717.3056430698343,-7667.909200680166,-4686.289660950464,-18.35759726660791,-6619960.308279687
2023-09-22,11499.8359375,3116.0529799275946,-8383.782957572404,-4686.309889634438,4.0263479820529815,-6628344.091237259
2023-09-23,10308.25390625,3090.31490776164,-7217.93899848836,-4686.330118318412,2.6765785939713638,-6635562.030235748
2023-09-24,11906.79296875,3017.448819838739,-8889.344148911261,-4686.350347002387,4.336315843376362,-6644451.374384659
2023-09-25,10367.7578125,2394.3962609225573,-7973.361551577443,-4686.370575686361,20.866710442492423,-6652424.735936237
2023-09-26,12082.2109375,3105.894920594565,-8976.316016905435,-4686.390804370335,4.064353959083921,-6661401.051953142
2023-09-27,8881.81640625,2927.010113630201,-5954.806292619799,-4686.411033054309,3.4226961091822736,-6667355.858245761
2023-09-28,11578.90234375,3161.584348941995,-8417.317994808005,-4686.431261738283,3.7262597328315423,-6675773.176240569
2023-09-29,12463.68359375,2870.873361386354,-9592.810232363645,-4686.450647560425,3.890134570489998,-6685365.986472933
2023-09-30,11223.846575797768,2747.521897937993,-8476.324677859775,-4686.470876244399,3.883111259260746,-6693842.311150792
2023-10-01,8884.404670877615,2646.4711277604006,-6237.933543117215,-4686.491947790206,3.1724202861216853,-6700080.244693909
2023-10-02,9429.35255984054,2574.6210000852407,-6854.731559755299,-4686.511333612348,4.913866502443146,-6706934.976253664
2023-10-03,516.33203125,6.5440369539849,-509.7879942960151,-4686.532405158154,-0.22388793453947314,-6707444.76424796
2023-10-04,2895.9296875,1106.8077531311978,-1789.1219343688022,-4686.552633842128,-0.12697928659986493,-6709233.88618233
2023-10-05,5683.73046875,1948.5324766257186,-3735.1979921242814,-4686.57201966427,-0.0009297299603665885,-6712969.084174454
2023-10-06,9641.359375,2803.90261890097,-6837.45675609903,-4686.592248348244,2.7293618461148066,-6719806.540930553
2023-10-07,6073.07421875,3086.514448686905,-2986.559770063095,-4686.612477032218,1.9501367343721856,-6722793.100700617
2023-10-08,12680.515625,3368.7848933086248,-9311.730731691376,-4686.632705716192,2.0557350332373865,-6732104.831432308
2023-10-09,11525.28515625,3177.0036548567023,-8348.281501393298,-4686.652934400166,2.9182212555602454,-6740453.112933701
2023-10-10,9272.29296875,3339.258742315232,-5933.034226434767,-4686.6731630841405,1.3482805127089548,-6746386.147160135
2023-10-11,12925.09375,3129.4808521839122,-9795.612897816089,-4686.693391768114,2.8978886811360933,-6756181.760057951
2023-10-12,4011.3515625,1186.646490485473,-2824.705072014527,-4686.713620452088,2.235826868690235,-6759006.465129966
2023-10-13,4748.35546875,1707.2784611538461,-3041.0770075961536,-4686.733849136062,27.069591166032783,-6762047.542137562
2023-10-14,7908.0625,2145.379458896413,-5762.683041103587,-4686.754077820036,2.8898463711603912,-6767810.2251786655
2023-10-15,5743.921875,1414.7530246873866,-4329.168850312613,-4686.77430650401,-2.3302589235362285,-6772139.394028978
2023-10-16,10235.03125,3108.6526296489315,-7126.378620351068,-4686.794535187984,1.629377600446868,-6779265.772649329
2023-10-17,11012.31640625,3478.5219995853063,-7533.794406664694,-4686.814763871959,0.9659538789255477,-6786799.567055994
2023-10-18,13180.234375,3211.548290361266,-9968.686084638734,-4686.834992555933,2.2255025308083396,-6796768.253140632
2023-10-19,13096.5703125,3156.8921643857957,-9939.678148114204,-4686.855221239907,2.200205967663258,-6806707.931288746
2023-10-20,0.0,3251.022140347326,3251.022140347326,-4686.875449923881,0.0,-6803456.909148399
2023-10-21,0.0,2031.8784324859048,2031.8784324859048,-4686.895678607855,0.0,-6801425.030715913
2023-10-22,3092.62890625,1414.8757659734538,-1677.7531402765462,-4686.915907291829,1.61604160631848,-6803102.783856189
2023-10-23,5670.4140625,3260.2806451685055,-2410.1334173314945,-4686.936135975803,-0.41427383278372404,-6805512.9172735205
2023-10-24,9824.78125,2688.9448343932977,-7135.836415606702,-4686.956364659778,2.8821423156766297,-6812648.753689127
2023-10-25,10805.52734375,3177.6763602230108,-7627.850983526989,-4686.976593343752,1.2883853057874448,-6820276.604672654
2023-10-26,10262.7734375,3481.1279995534783,-6781.645437946522,-4686.996822027726,0.5618635279037884,-6827058.2501106
2023-10-27,14260.31640625,3416.711938090401,-10843.6044681596,-4687.0170507117,1.0349930662453313,-6837901.8545787595
2023-10-28,10116.73828125,2901.046883431135,-7215.691397818865,-4687.037279395674,0.8338255817749956,-6845117.545976578
2023-10-29,13406.7890625,3062.091579768795,-10344.697482731206,-4687.057508079648,2.543211196719345,-6855462.243459309
2023-10-30,11131.4453125,2581.4377186673883,-8550.007593832612,-4687.077736763622,2.8871255550769215,-6864012.251053142
2023-10-31,9782.24609375,3559.6003133612053,-6222.645780388794,-4687.097965447597,-0.5455481560913434,-6870234.896833532
2023-11-01,5772.58203125,3393.06740028124,-2379.51463096876,-4687.118194131571,-0.44994205503120643,-6872614.4114645
2023-11-02,9501.38671875,3305.477138812581,-6195.909579937419,-4687.138422815545,0.7266289280750644,-6878810.321044438
2023-11-03,7742.15234375,3285.993422575276,-4456.158921174724,-4687.158651499519,0.33408996823600634,-6883266.479965612
2023-11-04,10613.6796875,3459.8703165185507,-7153.809370981449,-4687.178880183493,-0.2729825512853053,-6890420.289336594
2023-11-05,12461.890625,3218.70165063578,-9243.18897436422,-4687.199108867467,0.9899701223817947,-6899663.4783109585
2023-11-06,11806.5859375,3279.6655180934363,-8526.920419406564,-4687.219337551441,2.004717454346928,-6908190.398730365
2023-11-07,13387.69921875,2634.3150167366343,-10753.384202013365,-4687.239566235416,4.469817316021348,-6918943.782932378
2023-11-08,11168.49609375,3067.3290384985057,-8101.167055251494,-4687.25979491939,2.307654743325882,-6927044.949987629
2023-11-09,8682.359375,3011.4232478842096,-5670.93612711579,-4687.280023603364,-0.481099263213593,-6932715.886114745
2023-11-10,13698.70703125,2984.940406302841,-10713.766624947159,-4687.300252287338,0.547878717187034,-6943429.6527396925
2023-11-11,8401.7890625,3098.8665835517004,-5302.9224789483,-4687.320480971312,-0.2572159082967893,-6948732.575218641
2023-11-12,12885.8203125,3382.9489011513583,-9502.871411348642,-4687.3407096552855,1.2313649582005057,-6958235.44662999
2023-11-13,13809.28515625,3259.4997830389557,-10549.785373211043,-4687.3609383392595,-0.27995434864839225,-6968785.232003201
2023-11-14,5837.84765625,1875.769708860427,-3962.0779473895727,-4687.3811670232335,-0.11311725017102794,-6972747.30995059
2023-11-15,12162.58203125,3600.74537651188,-8561.83665473812,-4687.401395707208,-1.0466158298073476,-6981309.146605329
2023-11-16,10567.3203125,3347.923970798018,-7219.396341701981,-4687.421624391182,-1.5106281543190445,-6988528.542947031
2023-11-17,10683.87890625,3588.3464537325635,-7095.5324525174365,-4687.441853075156,-2.0226052811398567,-6995624.075399548
2023-11-18,14972.51171875,3415.3856245925335,-11557.126094157466,-4687.46208175913,-1.6607969155001894,-7007181.201493706
2023-11-19,13385.91796875,3294.0919596791023,-10091.826009070897,-4687.482310443104,-0.46572740950180996,-7017273.027502776
2023-11-20,8495.00390625,2768.279907455686,-5726.723998794314,-4687.502539127078,1.866149295170841,-7022999.75150157
2023-11-21,7116.31640625,2549.923939979556,-4566.392466270444,-4687.522767811052,0.2062082846770808,-7027566.143967841
2023-11-22,14344.7421875,3504.402797167443,-10840.339390332556,-4687.542996495027,-1.5206705922684502,-7038406.483358174
2023-11-23,9903.39453125,2713.920021901665,-7189.474509348334,-4687.563225179001,2.8629676058147098,-7045595.957867522
2023-11-24,6222.38671875,1285.6105013287313,-4936.7762174212685,-4687.583453862975,3.432468795454447,-7050532.734084943
2023-11-25,10321.984375,2592.5779693122367,-7729.406405687763,-4687.603682546949,0.3793064720187265,-7058262.140490631
2023-11-26,5534.15625,2670.8305829912274,-2863.3256670087726,-4687.623911230923,-1.3262967555880338,-7061125.466157639
2023-11-27,7481.6484375,3167.6739210623414,-4313.974516437659,-4687.644139914897,-0.49001050141702623,-7065439.440674077
2023-11-28,8407.0625,1661.365409212916,-6745.697090787085,-4687.664368598871,3.3580088871348694,-7072185.137764864
2023-11-29,3698.16015625,1511.4664211182928,-2186.693735131707,-4687.684597282846,1.0118131945407776,-7074371.831499996
2023-11-30,5471.171875,2911.7835985437578,-2559.3882764562422,-4687.70482596682,-1.4813581430830671,-7076931.219776452
2023-12-01,8251.6484375,2381.5970250848013,-5870.051412415199,-4687.725054650794,2.940779226472476,-7082801.271188866
2023-12-02,3404.16796875,2599.4381450898727,-804.7298236601275,-4687.745283334768,9.921375113158655,-7083606.001012526
2023-12-03,10421.4453125,3493.3989150636685,-6928.046397436331,-4687.76466915691,3.2912800632018584,-7090534.047409963
2023-12-04,14501.84375,3015.4712830882077,-11486.372466911793,-4687.784897840884,7.915479568436012,-7102020.419876874
2023-12-05,11423.5234375,2600.797794722883,-8822.725642777117,-4687.805126524858,14.689701583284773,-7110843.1455196515
2023-12-06,14686.03515625,3299.5998268534436,-11386.435329396556,-4687.825355208832,16.942680416228356,-7122229.580849048
2023-12-07,10513.7421875,1352.011900416015,-9161.730287083985,-4687.846426754639,1.920958924309556,-7131391.311136132
2023-12-08,7515.53515625,1202.576346276338,-6312.958809973662,-4687.866655438613,4.556414753617146,-7137704.269946106
2023-12-09,1761.45703125,1797.5507433614155,36.09371211141547,-4687.886884122587,0.27032626396785625,-7137668.176233995
2023-12-10,3974.59375,2444.8088582288983,-1529.7848917711015,-4687.907112806561,0.32428752082018353,-7139197.961125766
2023-12-11,2402.2890625,1422.4029058275003,-979.8861566724997,-4687.927341490535,0.27538488841251446,-7140177.847282439
2023-12-12,11887.66796875,2474.943330113856,-9412.724638636144,-4687.947570174509,14.568382017819344,-7149590.571921075
2023-12-13,7702.96484375,2195.7887330488884,-5507.176110701112,-4687.967798858484,51.27657431269031,-7155097.7480317755
2023-12-14,9696.25,2995.572778202338,-6700.677221797662,-4687.9871846806245,2.969740197455031,-7161798.425253573
2023-12-15,0.125,3047.1626814027177,3047.0376814027177,-4688.007413364599,-0.00010140245858104276,-7158751.38757217
2023-12-16,0.0,3507.121385114881,3507.121385114881,-4688.027642048573,0.0,-7155244.266187055
2023-12-17,0.0,3217.663137940821,3217.663137940821,-4688.047870732547,0.0,-7152026.603049114
2023-12-18,0.0,1345.6699982067184,1345.6699982067184,-4688.0689422783535,0.0,-7150680.933050907
2023-12-19,0.0,2175.8317103317486,2175.8317103317486,-4688.089170962327,0.0,-7148505.101340575
2023-12-20,0.0,3394.6068351257545,3394.6068351257545,-4688.109399646302,0.0,-7145110.494505449
2023-12-21,0.0,3289.5511194152696,3289.5511194152696,-4688.129628330276,0.0,-7141820.943386034
2023-12-22,0.0,3117.978939581364,3117.978939581364,-4688.149014152418,0.0,-7138702.964446452
2023-12-23,0.0,3292.0571154975783,3292.0571154975783,-4688.170085698224,0.0,-7135410.907330954
2023-12-24,0.0,2809.135899156962,2809.135899156962,-4688.190314382198,0.0,-7132601.771431797
2023-12-25,0.0,932.2776664538918,932.2776664538918,-4688.210543066172,0.0,-7131669.493765343
2023-12-26,0.0,2387.168283618047,2387.168283618047,-4688.230771750146,0.0,-7129282.325481725
2023-12-27,0.0,2841.2309827140925,2841.2309827140925,-4688.25100043412,0.0,-7126441.094499011
2023-12-28,0.0,3012.5120399680204,3012.5120399680204,-4688.271229118095,0.0,-7123428.582459043
2023-12-29,0.0,3303.436176283412,3303.436176283412,-4688.291457802069,0.0,-7120125.1462827595
2023-12-30,0.0,3319.649780957092,3319.649780957092,-4688.311686486043,0.0,-7116805.4965018025
2023-12-31,0.0,3338.46118224454,3338.46118224454,-4688.331915170017,0.0,-7113467.035319558
2024-01-01,0.0,2966.6130543951044,2966.6130543951044,-4688.352143853991,0.0,-7110500.422265164
2024-01-02,0.0,2161.43938305698,2161.43938305698,-4688.372372537965,0.0,-7108338.982882107
2024-01-03,0.0,2751.7912346969806,2751.7912346969806,-4688.392601221939,0.0,-7105587.191647409
2024-01-04,0.0,2891.1101900413328,2891.1101900413328,-4688.412829905914,0.0,-7102696.081457368
2024-01-05,0.0,3112.5081763264757,3112.5081763264757,-4688.433058589888,0.0,-7099583.573281041
2024-01-06,0.0,2651.6093339904237,2651.6093339904237,-4688.453287273862,0.0,-7096931.963947051
2024-01-07,0.0,604.8957741013047,604.8957741013047,-4688.473515957836,0.0,-7096327.06817295
2024-01-08,0.0,1334.6175028341042,1334.6175028341042,-4688.49374464181,0.0,-7094992.450670117
2024-01-09,0.0,3354.678016560414,3354.678016560414,-4688.513973325784,0.0,-7091637.772653556
2024-01-10,13344.776019021752,3133.811706169355,-10210.964312852397,-4688.534202009758,3.3128263644397182,-7101848.736966409
2024-01-11,13819.475237771752,2806.1553694336867,-11013.319868338065,-4688.554430693733,3.876549043406073,-7112862.056834747
2024-01-12,13489.697894021752,2695.3378111651946,-10794.360082856558,-4688.574659377707,4.840332640208573,-7123656.416917603
2024-01-13,5614.471331521752,2744.486880592931,-2869.9844509288214,-4688.594888061681,-3.939028741622395,-7126526.401368532
2024-01-14,13008.663620923908,2987.590053295708,-10021.0735676282,-4688.615116745655,7.105460775430994,-7136547.47493616
2024-01-15,10473.840979651664,2973.4945224718867,-7500.346457179778,-4688.635345429629,5.161154110352738,-7144047.82139334
2024-01-16,12299.787368677207,2877.3152297612264,-9422.47213891598,-4688.655574113603,5.5927839801824115,-7153470.293532256
2024-01-17,4335.354144021752,1734.820218578524,-2600.5339254432283,-4688.675802797577,1.5966100943624812,-7156070.827457699
2024-01-18,9672.564538043487,3339.840680123067,-6332.7238579204195,-4688.6960314815515,2.5728032843554445,-7162403.55131562
2024-01-19,6088.5859375,3410.656668258399,-2677.929269241601,-4688.7162601655255,2.022097091937709,-7165081.480584861
2024-01-20,6383.208228786476,2601.5303663738487,-3781.6778624126273,-4688.736488849499,3.191026350002981,-7168863.158447273
2024-01-21,5650.718322308268,3425.702547615499,-2225.015774692769,-4688.756717533473,1.6208260972090744,-7171088.1742219655
2024-01-22,9137.917541058501,3398.955238082877,-5738.962302975625,-4688.776946217447,2.5158021174693497,-7176827.136524941
2024-01-23,11679.750646204455,2923.4883887048527,-8756.262257499602,-4688.797174901421,3.7305152448039416,-7185583.39878244
2024-01-24,9903.079955836292,1919.8496601070892,-7983.230295729203,-4688.817403585395,7.147312313101716,-7193566.629078169
2024-01-25,4418.344357949449,1050.1799811101926,-3368.1643768392564,-4688.83763226937,6.491978698359938,-7196934.793455008
2024-01-26,10166.490112086292,3389.7623463206655,-6776.727765765627,-4688.857860953344,3.2842987775765353,-7203711.521220774
2024-01-27,8891.32737623714,3670.8347427974286,-5220.4926334397105,-4688.878089637318,2.860073754140326,-7208932.013854214
2024-01-28,9553.873484727694,3560.4396833157152,-5993.4338014119785,-4688.898318321292,2.926478418655877,-7214925.447655626
2024-01-29,10453.90549134207,3312.5796944176964,-7141.325796924373,-4688.918547005266,2.8675108658809783,-7222066.77345255
2024-01-30,12621.073738766368,3212.156131759063,-9408.917607007304,-4688.93877568924,3.317559490502999,-7231475.691059558
2024-01-31,10239.495613766368,3638.7617642877017,-6600.733849478667,-4688.959004373214,2.5653865630135138,-7238076.424909037
2024-02-01,11299.831551266368,3340.457462852117,-7959.374088414252,-4688.979233057188,3.158960401111149,-7246035.798997451
2024-02-02,12218.487801266368,3639.6439406010645,-8578.843860665304,-4688.999461741163,3.1360337447524813,-7254614.642858116
2024-02-03,12289.894051266368,3242.4840866998375,-9047.40996456653,-4689.019690425137,3.124386698049538,-7263662.052822682
2024-02-04,12313.397957516368,2781.939613958893,-9531.458343557475,-4689.039919109111,8.849810183322838,-7273193.511166239
2024-02-05,2550.9526450161356,1291.5833265370388,-1259.3693184790968,-4689.060147793085,-1.4105995898407404,-7274452.880484718
2024-02-06,12654.746594158467,3453.2512617252155,-9201.495332433251,-4689.080376477059,5.264801513143908,-7283654.375817151
2024-02-07,13127.30078125,3515.1271194051487,-9612.173661844852,-4689.100605161033,9.31965651783219,-7293266.549478996
2024-02-08,13876.16796875,3496.4076303868974,-10379.760338363103,-4689.120833845007,5.071839571548317,-7303646.309817359
2024-02-09,11434.52734375,3271.1284407050484,-8163.398903044952,-4689.141062528982,5.29131836362288,-7311809.708720404
2024-02-10,12521.10546875,3309.9763680171977,-9211.129100732802,-4689.161291212956,3.7067922632164385,-7321020.837821136
2024-02-11,13456.94140625,3007.039736732283,-10449.901669517716,-4689.18151989693,4.7893276492865775,-7331470.739490654
2024-02-12,12936.39453125,2575.2304914039364,-10361.164039846064,-4689.201748580904,4.710157194365424,-7341831.903530501
2024-02-13,9582.585695876274,1974.6145234299174,-7607.971172446357,-4689.221977264878,2.568184184233641,-7349439.874702947
2024-02-14,9867.39537693304,3566.0893186110766,-6301.306058321963,-4689.242205948852,3.2392709375445046,-7355741.180761269
2024-02-15,13767.1328125,3502.4216397544915,-10264.711172745509,-4689.262434632826,8.243325176871148,-7366005.891934015
2024-02-16,12010.890625,3132.869115441774,-8878.021509558226,-4689.282663316801,6.35760667449907,-7374883.913443573
2024-02-17,11436.890625,2802.8976937018747,-8633.992931298126,-4689.302892000775,-2.8497810126434686,-7383517.906374871
2024-02-18,12179.8046875,3084.661093610418,-9095.143593889581,-4689.323120684749,-2.361812067213972,-7392613.04996876
2024-02-19,12791.0234375,2962.5651212381304,-9828.45831626187,-4689.343349368723,-4.17800317045513,-7402441.508285022
2024-02-20,12613.48046875,2493.570090545539,-10119.91037820446,-4689.3635780526965,0.5164949668447448,-7412561.418663227
2024-02-21,13051.40234375,2638.9332474471216,-10412.469096302879,-4689.384649598503,-7.3786225713083455,-7422973.88775953
2024-02-22,11303.84765625,1977.4384836404402,-9326.40917260956,-4689.4040354206445,2.8005320722329765,-7432300.296932139
2024-02-23,7775.80859375,3014.0992564172166,-4761.709337332783,-4689.4251069664515,-1.7050374871603795,-7437062.006269473
2024-02-24,12726.9453125,3381.2172869373344,-9345.728025562665,-4689.444492788593,-7.2233972813727325,-7446407.734295036
2024-02-25,12535.48046875,2974.4270536810454,-9561.053415068955,-4689.464721472567,152.96684481023186,-7455968.787710105
2024-02-26,11041.15234375,3173.261268337462,-7867.891075412538,-4689.485793018373,1.4887336657306822,-7463836.678785518
2024-02-27,13400.3203125,2946.8533418356506,-10453.466970664349,-4689.506021702347,-19.436136332240554,-7474290.145756182
2024-02-28,5342.015625,1750.2098472338007,-3591.8057777661993,-4689.526250386321,1.0014102978334722,-7477881.951533948
2024-02-29,8011.7265625,2877.0931244117432,-5134.633438088256,-4689.546479070296,1.4979834880331762,-7483016.584972036
2024-03-01,11334.11328125,2978.521346847343,-8355.591934402657,-4689.56670775427,-7.31097418479056,-7491372.176906439
2024-03-02,9791.2109375,2999.161890774347,-6792.049046725653,-4689.586936438244,-2.145360482462579,-7498164.2259531645
2024-03-03,8285.2578125,3246.3890629075613,-5038.868749592439,-4689.607165122218,-0.48786541547798024,-7503203.094702757
2024-03-04,12861.83203125,3454.721424165977,-9407.110607084023,-4689.627393806192,-1.5005295573007114,-7512610.205309841
2024-03-05,12263.33203125,3133.4129172604557,-9129.919113989545,-4689.647622490166,112.63860013419337,-7521740.124423831
2024-03-06,10111.19140625,2707.4894009704103,-7403.70200527959,-4689.66785117414,0.5486211458514832,-7529143.82642911
2024-03-07,12378.58203125,3239.8322394410015,-9138.749791808998,-4689.688079858115,0.14900436370283407,-7538282.576220919
2024-03-08,11444.4296875,2808.0978723520207,-8636.33181514798,-4689.708308542089,-2.593972406793638,-7546918.908036067
2024-03-09,11295.59375,2180.65425019671,-9114.93949980329,-4689.728537226063,2.321987735134528,-7556033.84753587
2024-03-10,11312.8359375,2471.1266189184175,-8841.709318581583,-4689.748765910037,0.7319162550382371,-7564875.556854452
2024-03-11,10431.453125,2289.276996538032,-8142.176128461968,-4689.768994594011,0.8938931929374346,-7573017.732982914
2024-03-12,4071.7265625,2128.3115252008715,-1943.4150372991285,-4689.789223277985,1.3527447167152047,-7574961.1480202135
2024-03-13,2913.01171875,1454.6155114106357,-1458.3962073393643,-4689.809451961959,1.8562542630890322,-7576419.544227553
2024-03-14,7060.1328125,1771.3168684033594,-5288.815944096641,-4689.829680645933,3.004626563490761,-7581708.36017165
2024-03-15,11135.42578125,2780.8117886311093,-8354.613992618892,-4689.849909329908,2.4879931531723387,-7590062.974164269
2024-03-16,10671.140625,2737.358414727638,-7933.782210272362,-4689.870138013882,1.8945415444467455,-7597996.756374542
2024-03-17,10092.29296875,2523.263988782051,-7569.028979967949,-4689.890366697856,2.3469963942687113,-7605565.78535451
2024-03-18,10382.4921875,2811.2084267718924,-7571.283760728107,-4689.91059538183,-0.009746130226336192,-7613137.069115238
2024-03-19,6721.796875,1633.3757275640785,-5088.421147435922,-4689.930824065804,-12.693010789320546,-7618225.490262674
2024-03-20,10797.2265625,3019.1026361160366,-7778.123926383963,-4689.951052749778,1.0369046985383583,-7626003.614189059
2024-03-21,11600.74609375,3057.541373117704,-8543.204720632297,-4689.971281433752,1.439593129693242,-7634546.818909691
2024-03-22,10640.875,2906.823458728513,-7734.051541271487,-4689.991510117727,1.8181837709531254,-7642280.870450962
2024-03-23,7503.203125,2815.568479292277,-4687.634645707723,-4690.011738801701,1.5629718728188655,-7646968.50509667
2024-03-24,9420.14453125,3019.233782457552,-6400.910748792448,-4690.031967485675,2.07021390556873,-7653369.415845463
2024-03-25,10712.82421875,2909.4184902329475,-7803.405728517053,-4690.052196169649,3.330367801239151,-7661172.82157398
2024-03-26,8093.67578125,2757.0055185077103,-5336.670262742289,-4690.072424853623,2.7852329414860164,-7666509.491836722
2024-03-27,7702.87109375,2828.125918236355,-4874.745175513645,-4690.092653537597,2.51662136196587,-7671384.237012235
2024-03-28,8825.20703125,2708.044850552778,-6117.162180697222,-4690.1128822215705,2.615689441677987,-7677501.399192933
2024-03-29,10476.46875,2532.6822844136036,-7943.786465586396,-4690.133110905545,3.3082615018460024,-7685445.185658519
2024-03-30,9407.76953125,2351.015490995724,-7056.754040254275,-4690.153339589519,3.903338016049352,-7692501.939698773
2024-03-31,8245.96484375,2293.8053337989622,-5952.159509951038,-4690.173568273493,4.290069912221267,-7698454.099208725
2024-04-01,3693.64453125,1405.2576224543411,-2288.386908795659,-4690.193796957467,7.656463473177713,-7700742.48611752
2024-04-02,5862.55078125,1452.4776075470006,-4410.073173702999,-4690.214025641441,-0.36678113576509935,-7705152.559291223
2024-04-03,4677.671875,1923.7577077110077,-2753.914167288992,-4690.234254325415,-3.0674858211965623,-7707906.473458512
2024-04-04,9112.93359375,2580.220264440057,-6532.713329309943,-4690.254483009389,-5.829541024075893,-7714439.186787821
2024-04-05,9042.95703125,2003.1311179717384,-7039.825913278262,-4690.274711693364,2.420571532506509,-7721479.0127011
2024-04-06,3705.4921875,635.5927928193889,-3069.899394680611,-4690.294940377338,2.2589181191983885,-7724548.9120957805
2024-04-07,5076.19921875,1497.8362364922002,-3578.3629822578,-4690.315169061312,-8.09526198253359,-7728127.275078039
2024-04-08,7651.390625,2013.0093522374632,-5638.381272762536,-4690.335397745286,0.7777992006122966,-7733765.656350801
2024-04-09,6442.01953125,2263.0662232896266,-4178.953307960373,-4690.35562642926,-2.462396327552861,-7737944.609658761
2024-04-10,5009.671875,1873.36098022932,-3136.31089477068,-4690.375855113234,-0.41862853871855465,-7741080.9205535315
2024-04-11,5048.953125,2223.3192170436228,-2825.6339079563772,-4690.396083797208,-2.8794877645030534,-7743906.554461488
2024-04-12,3782.86328125,2247.7617998110577,-1535.1014814389423,-4690.416312481183,-0.3805070762296409,-7745441.655942926
2024-04-13,6131.76953125,2309.132690080789,-3822.636841169211,-4690.436541165157,-1.9865769568665057,-7749264.292784096
2024-04-14,5840.6328125,2486.1869980159995,-3354.4458144840005,-4690.456769849131,-27.773546452521565,-7752618.73859858
2024-04-15,8843.375,2505.273768546114,-6338.101231453886,-4690.476998533105,-8.540974058493145,-7758956.8398300335
2024-04-16,6230.6484375,2019.8348755571783,-4210.813561942821,-4690.497227217079,-0.33227050800489977,-7763167.653391976
2024-04-17,5398.01171875,1903.4295813240365,-3494.5821374259635,-4690.517455901053,-0.8244916862449737,-7766662.235529402
2024-04-18,4184.77734375,1752.8831942125012,-2431.894149537499,-4690.537684585027,1.3921741057821455,-7769094.1296789395
2024-04-19,5038.22265625,1662.9638291739934,-3375.2588270760066,-4690.557913269002,1.9371809950003092,-7772469.388506016
2024-04-20,6186.76171875,2274.78704696628,-3911.97467178372,-4690.578141952976,-0.49811494992898697,-7776381.3631778
2024-04-21,4761.351776766824,2320.641400506451,-2440.7103762603724,-4690.59837063695,-0.3209974767915527,-7778822.07355406
2024-04-22,6170.976776766824,2372.287609547674,-3798.6891672191496,-4690.618599320924,0.05631144088889557,-7782620.76272128
2024-04-23,6030.071449762676,2142.4965303077684,-3887.5749194549076,-4690.638828004898,1.5791155853445134,-7786508.337640734
2024-04-24,5373.90625,1985.644392557041,-3388.261857442959,-4690.659056688872,1.4533630815226748,-7789896.599498177
2024-04-25,3488.5703125,1573.4803784748512,-1915.089934025149,-4690.679285372846,1.117013009354718,-7791811.689432202
2024-04-26,3265.51171875,1946.5604339702004,-1318.9512847797996,-4690.69951405682,0.6710382817203334,-7793130.640716982
2024-04-27,6774.50390625,2293.067477843804,-4481.436428406196,-4690.719742740795,1.2203756580733438,-7797612.077145388
2024-04-28,6387.609375,1924.6103821845008,-4462.998992815499,-4690.739971424769,1.5548371471860138,-7802075.076138204
2024-04-29,1516.62109375,1161.0423663267866,-355.57872742321337,-4690.761042970575,1.6204922139160876,-7802430.654865627
2024-04-30,3597.359375,1952.6116667549925,-1644.7477082450075,-4690.7804287927165,0.6347390679580518,-7804075.402573872
2024-05-01,6513.7578125,2154.145035459894,-4359.612777040105,-4690.8006574766905,1.2434563293982865,-7808435.015350913
2024-05-02,4984.96484375,2010.0998763141442,-2974.8649674358558,-4690.8208861606645,1.0766146564776304,-7811409.880318348
2024-05-03,5032.68359375,1526.3431120811433,-3506.3404816688567,-4690.8419577064715,3.480096734141225,-7814916.220800017
2024-05-04,3566.203125,1035.5994841248962,-2530.603640875104,-4690.8621863904455,10.142393867598114,-7817446.824440892
2024-05-05,4314.46484375,1897.1967878850244,-2417.2680558649754,-4690.882415074419,1.9112498185768754,-7819864.092496756
2024-05-06,4130.625,1921.1547326862537,-2209.4702673137463,-4690.902643758393,1.1592743463872182,-7822073.56276407
2024-05-07,5650.78515625,2024.7112665595168,-3626.073889690483,-4690.922872442367,1.8433572864023815,-7825699.63665376
2024-05-08,5378.05078125,1533.713778177841,-3844.337003072159,-4690.943101126341,4.6097554684076325,-7829543.973656832
2024-05-09,2821.15625,717.759628718384,-2103.396621281616,-4690.963329810315,-0.9154105092792936,-7831647.3702781135
2024-05-10,2433.9609375,848.0566421969742,-1585.9042953030257,-4690.98355849429,0.3953025455170883,-7833233.274573416
2024-05-11,3578.26953125,819.4131227257442,-2758.8564085242556,-4691.003787178264,12.71925461253763,-7835992.130981941
2024-05-12,5582.3515625,1838.297519834636,-3744.0540426653642,-4691.024015862238,3.305510884611685,-7839736.185024606
2024-05-13,5124.71875,1728.795466121281,-3395.923283878719,-4691.044244546212,-42.926178797094295,-7843132.108308485
2024-05-14,3524.44140625,1727.3764106011283,-1797.0649956488717,-4691.064473230186,4.21226593207437,-7844929.173304134
2024-05-15,5527.13671875,1887.1230176506074,-3640.0137010993926,-4691.08470191416,26.306904199713898,-7848569.187005233
2024-05-16,5003.484375,1817.9366388598446,-3185.5477361401554,-4691.104930598134,28.404382211021225,-7851754.734741373
2024-05-17,2327.51953125,1404.7126261450385,-922.8069051049614,-4691.125159282109,-0.061209298778928264,-7852677.541646478
2024-05-18,5630.4921875,1870.3346285744428,-3760.157558925557,-4691.145387966083,4.254483012085188,-7856437.699205403
2024-05-19,1811.1171875,956.6526870125795,-854.4645004874205,-4691.165616650057,0.35364981974285276,-7857292.163705891
2024-05-20,2407.33984375,1200.6547953640652,-1206.6850483859348,-4691.185845334031,7.839900476956226,-7858498.8487542765
2024-05-21,2408.10546875,1487.7264491632416,-920.3790195867584,-4691.206074018005,8.513821331281214,-7859419.227773863
2024-05-22,4742.484375,1719.8169605198934,-3022.6674144801063,-4691.226302701979,4.290087327016412,-7862441.895188343
2024-05-23,3434.42578125,1614.429622589562,-1819.9961586604377,-4691.246531385953,4.438778692902805,-7864261.891347003
2024-05-24,1942.25,1316.7862153044243,-625.4637846955757,-4691.266760069928,-1.1543258504316973,-7864887.355131699
2024-05-25,3468.49609375,1549.087262106041,-1919.4088316439588,-4691.286988753902,1.281963749086121,-7866806.763963343
2024-05-26,4717.44140625,1670.95143805529,-3046.48996819471,-4691.307217437876,4.540532812455069,-7869853.253931537
2024-05-27,4927.140625,1673.8487182700223,-3253.2919067299777,-4691.32744612185,4.317559186533369,-7873106.545838268
2024-05-28,4867.94921875,1666.5465783249306,-3201.4026404250694,-4691.347674805824,4.851855650092044,-7876307.948478692
2024-05-29,4891.29296875,1509.8663635876376,-3381.4266051623626,-4691.367903489798,-30.981997506395818,-7879689.375083854
2024-05-30,1925.671875,268.9216186278132,-1656.7502563721869,-4691.388132173772,5.7511400895459825,-7881346.125340227
2024-05-31,0.0,1207.3688261668776,1207.3688261668776,-4691.408360857747,0.0,-7880138.75651406
2024-06-01,3099.921875,1397.0060587138628,-1702.9158162861372,-4691.428589541721,-3.2769655848094765,-7881841.672330347
2024-06-02,2748.7734375,1357.6902533834464,-1391.0831841165536,-4691.448818225695,10.026573512299523,-7883232.755514463
2024-06-03,2106.77734375,1070.1348732224283,-1036.6424705275717,-4691.469046909669,-0.5557901518617917,-7884269.397984991
2024-06-04,2132.99609375,559.8906985743598,-1573.1053951756403,-4691.489275593643,1.4829393111106137,-7885842.503380166
2024-06-05,2203.5546875,1003.1825945248527,-1200.3720929751473,-4691.5095042776165,0.23358583972533956,-7887042.875473142
2024-06-06,3714.91015625,1345.295540282503,-2369.6146159674972,-4691.5297329615905,-17.67079699804551,-7889412.490089109
2024-06-07,3567.09765625,1370.2412117973681,-2196.856444452632,-4691.5499616455645,-15.996715780409207,-7891609.346533562
2024-06-08,1691.29296875,1104.0591201215982,-587.2338486284017,-4691.570190329539,-1.4397897642492095,-7892196.580382191
2024-06-09,0.0,533.7890559798225,533.7890559798225,-4691.590419013513,0.0,-7891662.791326211
2024-06-10,4309.94921875,1199.841012118173,-3110.108206631827,-4691.610647697487,-5.5056254659702795,-7894772.899532842
2024-06-11,1222.1796875,-90.60025787225794,-1312.779945372258,-4691.630876381461,-0.814983712635396,-7896085.679478215
2024-06-12,2332.34765625,983.5898249508091,-1348.757831299191,-4691.651105065435,-1.0317319798709548,-7897434.437309514
2024-06-13,844.85546875,485.6871527253894,-359.1683160246106,-4691.671333749409,0.4461132706055564,-7897793.605625538
2024-06-14,2106.43359375,476.36341076073666,-1630.0701829892632,-4691.691562433383,1.0246019242315179,-7899423.6758085275
2024-06-15,3076.03515625,952.2580639987143,-2123.777092251286,-4691.711791117358,-4.16322689419229,-7901547.4529007785
2024-06-16,3745.8125,1409.1308085329044,-2336.681691467096,-4691.732019801332,-34.7188342007838,-7903884.134592245
2024-06-17,3668.3046875,1294.0419380524252,-2374.2627494475746,-4691.752248485306,7.017272136372921,-7906258.397341693
2024-06-18,0.0,1375.5905283594348,1375.5905283594348,-4691.77247716928,0.0,-7904882.806813333
2024-06-19,0.0,1335.3648689613046,1335.3648689613046,-4691.792705853254,0.0,-7903547.441944372
2024-06-20,2992.58203125,844.5645107926199,-2148.01752045738,-4691.812934537228,1.6623511258070869,-7905695.459464829
2024-06-21,2114.25390625,1102.4538098381627,-1011.8000964118373,-4691.833163221202,-1.2995999718245066,-7906707.259561242
2024-06-22,0.0,1385.432532653314,1385.432532653314,-4691.853391905177,0.0,-7905321.827028588
2024-06-23,4460.7265625,1453.4088885310762,-3007.317673968924,-4691.873620589151,5.92188905018189,-7908329.1447025575
2024-06-24,2955.37109375,1053.6990813574437,-1901.6720123925563,-4691.893849273125,-1.1999805401261063,-7910230.81671495
2024-06-25,1552.23828125,1061.6543298084093,-490.5839514415906,-4691.914077957099,-0.4340986825597611,-7910721.4006663915
2024-06-26,0.0,1024.7114170747805,1024.7114170747805,-4691.934306641073,0.0,-7909696.689249317
2024-06-27,1652.359375,1045.4796203689045,-606.8797546310955,-4691.954535325047,-8.926973537244809,-7910303.569003948
2024-06-28,1663.08984375,1259.0701329962421,-404.0197107537579,-4691.974764009021,-0.6903632857488573,-7910707.588714702
2024-06-29,0.0,-29.957654981798242,-29.957654981798242,-4691.994992692996,0.0,-7910737.546369684
2024-06-30,1385.546875,1082.8122768454427,-302.73459815455726,-4692.01522137697,-4.253033410456793,-7911040.280967838
2024-07-01,1084.38671875,946.666202976564,-137.72051577343598,-4692.035450060944,-0.956982641462217,-7911178.001483612
2024-07-02,1764.98828125,1495.3617587700983,-269.62652247990184,-4692.055678744918,1.5065752160825616,-7911447.628006091
2024-07-03,1846.1221046466671,1486.0396247935653,-360.0824798531018,-4692.075907428892,1.3825982677379602,-7911807.7104859445
2024-07-04,1189.47917865208,1251.9827343520392,62.503555699959094,-4692.096136112866,2.134178961992607,-7911745.206930244
2024-07-05,810.7968401402759,1212.7030016403114,401.9061615000354,-4692.11636479684,1.8127693294691831,-7911343.300768744
2024-07-06,0.0,1322.777520307344,1322.777520307344,-4692.136593480815,0.0,-7910020.523248437
2024-07-07,1717.930285202805,1187.0256694787279,-530.9046157240771,-4692.1568221647885,-1.2968557164445909,-7910551.427864161
2024-07-08,1029.5363548329624,106.2964128379396,-923.2399419950227,-4692.1770508487625,0.9533477696706161,-7911474.667806156
2024-07-09,602.6646602028923,359.03195768684367,-243.6327025160486,-4692.1972795327365,0.14124014471646137,-7911718.300508672
2024-07-10,1337.414660202834,1116.2334879702978,-221.1811722325363,-4692.2175082167105,1.6814604835414584,-7911939.4816809045
2024-07-11,515.8653816825827,319.265543617746,-196.59983806483666,-4692.2377369006845,0.614038568456452,-7912136.0815189695
2024-07-12,1014.7950691824954,634.467800023122,-380.3272691593734,-4692.257965584658,-8.800120829076043,-7912516.408788129
2024-07-13,1479.703722702834,953.8130795907448,-525.8906431120893,-4692.279037130465,0.7118482034484095,-7913042.299431241
2024-07-14,1609.3834102028632,1148.3323165348957,-461.0510936679674,-4692.299265814439,2.578303980004061,-7913503.350524909
2024-07-15,716.756908532232,645.267527093979,-71.48938143825315,-4692.319494498413,0.1084144148908756,-7913574.839906347
2024-07-16,1028.9459102028923,375.5023477121572,-653.4435624907351,-4692.339723182387,0.9120308274879807,-7914228.283468838
2024-07-17,897.5381585321738,1002.5921348899813,105.05397635780739,-4692.359951866361,0.5983505197670189,-7914123.22949248
2024-07-18,1359.6490352028632,1036.678304339386,-322.97073086347734,-4692.380180550335,0.3958824271430733,-7914446.200223343
2024-07-19,590.2815477923141,310.02786515057153,-280.25368264174256,-4692.400409234309,36.64544820551728,-7914726.453905985
2024-07-20,0.0,500.5689704242592,500.5689704242592,-4692.420637918284,0.0,-7914225.884935561
2024-07-21,1764.2818477028632,924.8428545664167,-839.4389931364464,-4692.440866602258,0.6312182250906158,-7915065.323928697
2024-07-22,1949.5943477028923,1197.0700173036,-752.5243303992922,-4692.461095286232,0.22721976672017585,-7915817.848259096
2024-07-23,1940.9756585321738,1643.745011148927,-297.23064738324683,-4692.481323970206,0.8005431011686589,-7916115.078906479
2024-07-24,0.0,1127.6689920802305,1127.6689920802305,-4692.50155265418,0.0,-7914987.4099143995
2024-07-25,0.0,227.84046795357142,227.84046795357142,-4692.521781338154,0.0,-7914759.569446446
2024-07-26,0.0,1301.4120065740372,1301.4120065740372,-4692.542010022128,0.0,-7913458.157439873
2024-07-27,0.0,788.1232789388603,788.1232789388603,-4692.562238706103,0.0,-7912670.034160933
2024-07-28,0.0,1561.8983643414736,1561.8983643414736,-4692.582467390077,0.0,-7911108.135796592
2024-07-29,0.0,1509.967301226178,1509.967301226178,-4692.602696074051,0.0,-7909598.168495365
2024-07-30,0.0,1928.7158885557844,1928.7158885557844,-4692.622924758025,0.0,-7907669.452606809
2024-07-31,0.0,1789.2639167790003,1789.2639167790003,-4692.643153441999,0.0,-7905880.18869003
2024-08-01,0.0,1989.441078771575,1989.441078771575,-4692.663382125973,0.0,-7903890.747611258
2024-08-02,0.0,1856.9990460622405,1856.9990460622405,-4692.683610809947,0.0,-7902033.748565196
2024-08-03,0.0,1433.2402837953919,1433.2402837953919,-4692.703839493922,0.0,-7900600.5082814
2024-08-04,0.0,1521.8802795036138,1521.8802795036138,-4692.724068177896,0.0,-7899078.628001897
2024-08-05,0.0,722.9687042908872,722.9687042908872,-4692.74429686187,0.0,-7898355.659297606
2024-08-06,0.0,1773.826701827246,1773.826701827246,-4692.764525545844,0.0,-7896581.832595779
2024-08-07,0.0,1957.2119229629166,1957.2119229629166,-4692.784754229818,0.0,-7894624.6206728155
2024-08-08,0.0,1264.3322014289429,1264.3322014289429,-4692.804982913792,0.0,-7893360.288471387
2024-08-09,0.0,1763.520823933929,1763.520823933929,-4692.825211597766,0.0,-7891596.767647453
2024-08-10,0.0,1962.5991325520572,1962.5991325520572,-4692.845440281741,0.0,-7889634.168514901
2024-08-11,0.0,2235.7417532771497,2235.7417532771497,-4692.865668965715,0.0,-7887398.4267616235
2024-08-12,8165.3515625,2149.6387355791867,-6015.712826920813,-4692.885897649689,2.3051008638432786,-7893414.139588544
2024-08-13,6954.5,1984.7776011337912,-4969.722398866209,-4692.9061263336625,2.204826551907034,-7898383.86198741
2024-08-14,0.0,1616.6165818471936,1616.6165818471936,-4692.9263550176365,0.0,-7896767.245405563
2024-08-15,5056.765625,1882.694637223764,-3174.070987776236,-4692.9465837016105,1.2308607017812754,-7899941.316393339
2024-08-16,1637.09375,679.742241866598,-957.351508133402,-4692.9668123855845,-1.3959145664190697,-7900898.667901472
2024-08-17,0.0,953.9648691813852,953.9648691813852,-4692.987041069559,0.0,-7899944.703032291
2024-08-18,0.0,1944.4368344305221,1944.4368344305221,-4693.007269753533,0.0,-7898000.26619786
2024-08-19,7635.507565355918,1837.0416874288067,-5798.465877927111,-4693.027498437507,2.8977880143532806,-7903798.732075787
2024-08-20,1611.355667838303,721.8461497146917,-889.5095181236113,-4693.047727121481,2.4280763470845397,-7904688.24159391
2024-08-21,0.0,893.3714551627293,893.3714551627293,-4693.067112943623,0.0,-7903794.870138748
2024-08-22,0.0,2183.989909368242,2183.989909368242,-4693.088184489429,0.0,-7901610.880229379
2024-08-23,0.0,1418.2350013227851,1418.2350013227851,-4693.107570311571,0.0,-7900192.645228056
2024-08-24,0.0,2285.712294119685,2285.712294119685,-4693.127798995545,0.0,-7897906.932933937
2024-08-25,0.0,1202.5819731548495,1202.5819731548495,-4693.148870541352,0.0,-7896704.350960782
2024-08-26,4916.29112203425,1427.370865864789,-3488.9202561694615,-4693.168256363494,1.7588102147234443,-7900193.271216951
2024-08-27,3995.4900181239354,1800.0592464153103,-2195.4307717086253,-4693.188485047468,1.269523381804259,-7902388.70198866
2024-08-28,0.0,1828.6801356902254,1828.6801356902254,-4693.208713731442,0.0,-7900560.021852969
2024-08-29,0.0,1932.5926368838052,1932.5926368838052,-4693.228942415416,0.0,-7898627.429216085
2024-08-30,0.0,2105.944982674874,2105.944982674874,-4693.24917109939,0.0,-7896521.48423341
2024-08-31,0.0,1690.3203921145812,1690.3203921145812,-4693.269399783364,0.0,-7894831.163841295
2024-09-01,0.0,1664.8285622727326,1664.8285622727326,-4693.289628467338,0.0,-7893166.335279022
2024-09-02,8542.838765927067,2217.496347903179,-6325.342418023887,-4693.309857151313,1.2408141926259162,-7899491.677697047
2024-09-03,6677.310715070285,2395.183941055691,-4282.126774014594,-4693.330085835287,2.0033066754776883,-7903773.804471062
2024-09-04,8130.384487587842,2619.91163712472,-5510.472850463122,-4693.350314519261,1.4512458175440837,-7909284.277321525
2024-09-05,1575.688406195084,494.8331341791193,-1080.8552720159646,-4693.370543203235,1.5372107364561003,-7910365.1325935405
2024-09-06,0.0,1715.8951353690209,1715.8951353690209,-4693.390771887209,0.0,-7908649.237458171
2024-09-07,0.0,2758.5747665837725,2758.5747665837725,-4693.411000571183,0.0,-7905890.662691588
2024-09-08,2668.1981409270666,2079.6364909474096,-588.561649979657,-4693.431229255157,0.7165779803985508,-7906479.224341568
2024-09-09,2541.1122034270666,1713.3658234706268,-827.7463799564399,-4693.451457939132,0.6063874090065783,-7907306.970721524
2024-09-10,3309.6306431238772,2711.1541260658837,-598.4765170579934,-4693.471686623106,0.828203093482854,-7907905.447238582
2024-09-11,0.0,1927.1498466634755,1927.1498466634755,-4693.49191530708,0.0,-7905978.2973919185
2024-09-12,0.0,2851.629650477328,2851.629650477328,-4693.512143991054,0.0,-7903126.667741441
2024-09-13,0.0,2569.2509828043776,2569.2509828043776,-4693.532372675028,0.0,-7900557.416758637
2024-09-14,0.0,2054.3370487503344,2054.3370487503344,-4693.5526013590015,0.0,-7898503.079709887
2024-09-15,3646.8622034270666,3012.182348035026,-634.6798553920405,-4693.5728300429755,-0.22345423188908412,-7899137.759565279
2024-09-16,2717.5184534270666,2428.6955986080143,-288.8228548190523,-4693.59305872695,0.370809761976141,-7899426.582420098
2024-09-17,2984.3962681238772,2834.7773441824556,-149.61892394142177,-4693.613287410924,0.6553948705087627,-7899576.201344039
2024-09-18,0.0,3036.5732802367056,3036.5732802367056,-4693.633516094898,0.0,-7896539.628063803
2024-09-19,0.0,2244.654755636432,2244.654755636432,-4693.653744778872,0.0,-7894294.9733081665
2024-09-20,0.0,1847.3418590683743,1847.3418590683743,-4693.673973462846,0.0,-7892447.631449098
2024-09-21,0.0,2092.1752753709793,2092.1752753709793,-4693.69420214682,0.0,-7890355.456173726
2024-09-22,2789.4609375,2018.5760821449276,-770.8848553550725,-4693.714430830794,-0.4721306890519518,-7891126.3410290815
2024-09-23,2409.359375,2567.217560745483,157.85818574548276,-4693.734659514768,12.726423773719787,-7890968.482843336
2024-09-24,6694.78125,1936.3319079508694,-4758.449342049131,-4693.754888198743,2.225198464468626,-7895726.932185384
2024-09-25,0.0,685.6193873500006,685.6193873500006,-4693.775116882717,0.0,-7895041.312798034
2024-09-26,0.0,3041.5904301556347,3041.5904301556347,-4693.795345566691,0.0,-7891999.722367879
2024-09-27,0.0,3263.339856013735,3263.339856013735,-4693.815574250665,0.0,-7888736.382511865
2024-09-28,0.0,3097.548072186642,3097.548072186642,-4693.835802934639,0.0,-7885638.834439679
2024-09-29,975.921875,658.7985286825372,-317.1233463174628,-4693.856031618613,18.28858215534049,-7885955.957785997
2024-09-30,4162.3984375,2728.8495581110715,-1433.5488793889283,-4693.875417440755,7.931858904432271,-7887389.506665385
2024-10-01,9070.5859375,2934.136392697123,-6136.4495448028765,-4693.895646124729,3.7320941302845623,-7893525.956210189
2024-10-02,13081.125,3136.8515363724605,-9944.27346362754,-4693.915874808704,4.942573991012347,-7903470.229673816
2024-10-03,12698.921875,2884.9314039164497,-9813.99047108355,-4693.936103492678,4.376550505302319,-7913284.2201449
2024-10-04,9224.6171875,1724.8788172408351,-7499.738370259165,-4693.957175038484,2.70706970950258,-7920783.958515159
2024-10-05,7142.5859375,2191.1743084598406,-4951.411629040159,-4693.976560860626,-1.2168026308433622,-7925735.370144199
2024-10-06,8017.3828125,2586.8553425634786,-5430.527469936521,-4693.997632406432,3.4076758772569415,-7931165.897614135
2024-10-07,3551.8125,1986.0917406750364,-1565.7207593249636,-4694.017861090406,0.35956629240460225,-7932731.61837346
2024-10-08,9100.9453125,3152.089998005685,-5948.855314494315,-4694.038089774381,4.876872004116096,-7938680.473687954
2024-10-09,10133.6484375,3277.0548645597723,-6856.593572940227,-4694.058318458355,3.2580457726402723,-7945537.067260895
2024-10-10,12686.8671875,3109.0314118224615,-9577.835775677539,-4694.078547142329,2.8414590477077346,-7955114.903036572
2024-10-11,5653.015625,2970.122723830441,-2682.892901169559,-4694.098775826303,2.5199079882670437,-7957797.795937741
2024-10-12,13747.390625,3042.092676840025,-10705.297948159976,-4694.119004510277,4.282326771449295,-7968503.093885901
2024-10-13,13080.8125,2740.686110666325,-10340.126389333675,-4694.139233194251,-23.54733302807782,-7978843.220275235
2024-10-14,10989.8125,2529.2682258761315,-8460.544274123868,-4694.159461878225,5.507090559596225,-7987303.76454936
2024-10-15,3429.7578125,2378.5081967380206,-1051.2496157619792,-4694.1796905621995,-0.3526042653701963,-7988355.014165122
2024-10-16,3473.3984375,2434.9092194839955,-1038.4892180160048,-4694.1999192461735,1.744743077842099,-7989393.503383138
2024-10-17,2781.3046875,1882.3261674913288,-898.9785200086712,-4694.2201479301475,14.009007781891757,-7990292.481903147
2024-10-18,1913.4375,1229.84239534882,-683.5951046511799,-4694.2403766141215,0.42250239748134716,-7990976.0770077985
2024-10-19,3475.375,2919.254049130571,-556.1209508694291,-4694.2606052980955,1.455546698418219,-7991532.197958668
2024-10-20,2875.84375,3057.6944238979786,181.8506738979787,-4694.280833982069,1.1689014250863947,-7991350.34728477
2024-10-21,4460.421875,3048.8773217161565,-1411.5445532838437,-4694.301062666043,1.3169475987197816,-7992761.891838053
2024-10-22,4017.3828125,2792.897810318235,-1224.485002181765,-4694.321291350018,1.9382344981918094,-7993986.376840235
2024-10-23,3427.453125,2324.1194620708325,-1103.3336629291678,-4694.341520033992,0.9204823926273122,-7995089.710503164
2024-10-24,3564.65625,3325.1776432888278,-239.47860671117235,-4694.361748717966,0.9899035307062399,-7995329.189109875
2024-10-25,4276.546875,3378.67103351348,-897.87584148652,-4694.38197740194,1.0532213597012456,-7996227.064951361
2024-10-26,4676.640625,3215.528314632989,-1461.112310367011,-4694.402206085914,1.3232964859020682,-7997688.177261728
2024-10-27,3079.09375,2791.465580307364,-287.6281696926362,-4694.422434769888,1.1861690142609613,-7997975.805431421
2024-10-28,4173.9375,3238.648341428961,-935.289158571039,-4694.442663453862,0.9660998525212171,-7998911.0945899915
2024-10-29,3920.0859375,3019.265327450715,-900.820610049285,-4694.462892137837,1.043062284955681,-7999811.915200041
2024-10-30,4449.234375,2936.0777558539476,-1513.1566191460524,-4694.483120821811,1.15490927905271,-8001325.071819187
2024-10-31,3687.1796875,3068.658635965241,-618.5210515347592,-4694.503349505785,1.0150908752233208,-8001943.592870722
2024-11-01,4790.203125,3290.2901669385383,-1499.9129580614617,-4694.523578189759,0.9294946067201451,-8003443.505828783
2024-11-02,13051.4609375,2997.4494465214484,-10054.011490978552,-4694.543806873733,4.689727625149208,-8013497.517319761
2024-11-03,14802.609375,2669.629491642581,-12132.979883357419,-4694.564035557707,6.5581555609546545,-8025630.497203119
2024-11-04,12358.8359375,3122.3973193368483,-9236.43861816315,-4694.584264241681,2.8921041234834233,-8034866.935821283
2024-11-05,11998.2578125,3136.2486248371624,-8862.009187662838,-4694.604492925655,3.536627525102702,-8043728.945008946
2024-11-06,9651.0546875,2254.657250457452,-7396.397437042548,-4694.62472160963,-9.148875041199416,-8051125.342445988
2024-11-07,11527.3359375,2690.377019473318,-8836.958918026681,-4694.644950293604,10.575008526867673,-8059962.301364015
2024-11-08,10980.3203125,2969.2381437903823,-8011.082168709618,-4694.665178977578,2.990297132915371,-8067973.383532724
2024-11-09,10228.9609375,2424.2356518206693,-7804.725285679331,-4694.685407661552,5.284359154394817,-8075778.108818403
2024-11-10,12275.734375,3344.1357526963725,-8931.598622303627,-4694.705636345526,2.601623681409261,-8084709.707440707
2024-11-11,13909.8359375,3138.2432505476054,-10771.592686952396,-4694.7258650295,3.658401898135123,-8095481.300127659
2024-11-12,9998.59375,2089.718031698573,-7908.875718301427,-4694.746093713474,5.185268581163471,-8103390.17584596
2024-11-13,6443.609375,2417.551957786115,-4026.057417213885,-4694.766322397449,1.9028087812030363,-8107416.233263174
2024-11-14,14698.625,3337.0244703134204,-11361.600529686579,-4694.786551081423,2.5434227062196335,-8118777.833792861
2024-11-15,15856.109375,2961.1201019644336,-12894.989273035566,-4694.806779765397,3.438201068680987,-8131672.8230658965
2024-11-16,14489.453125,2748.5277031861506,-11740.92542181385,-4694.827008449371,5.6796919119963984,-8143413.74848771
2024-11-17,7087.75,1682.5322247445547,-5405.217775255445,-4694.847237133345,7.108017465869928,-8148818.966262965
2024-11-18,11141.5625,3523.3230631128713,-7618.239436887128,-4694.867465817319,1.3698536281740368,-8156437.205699853
2024-11-19,12531.575903894758,3159.4394358294826,-9372.136468065275,-4694.887694501293,0.06528630211948346,-8165809.342167918
2024-11-20,11797.24777889502,3137.71940238414,-8659.52837651088,-4694.9079231852675,0.7657551456808391,-8174468.870544429
2024-11-21,13201.045670375373,2750.231370524521,-10450.814299850852,-4694.928151869241,1.6369070185048902,-8184919.68484428
2024-11-22,12940.59375,2403.423356733999,-10537.170393266002,-4694.948380553215,4.617476178520917,-8195456.855237545
2024-11-23,8930.4921875,1948.4157358815867,-6982.076451618414,-4694.968609237189,-1.6267837938811467,-8202438.931689164
2024-11-24,3029.4765625,585.7786723189661,-2443.697890181034,-4694.988837921163,1.905847760464563,-8204882.629579345
2024-11-25,2010.5625,1189.363668332509,-821.198831667491,-4695.009066605137,2.2354118484871197,-8205703.828411012
2024-11-26,9114.291354773333,2406.8059003413437,-6707.48545443199,-4695.029295289111,2.071255179020885,-8212411.313865444
2024-11-27,9294.991047051386,2136.7261319518416,-7158.264915099545,-4695.049523973086,2.5540064592495884,-8219569.578780543
2024-11-28,12079.631672051386,3194.9784313540263,-8884.65324069736,-4695.06975265706,0.8678487037784166,-8228454.2320212405
2024-11-29,13972.000452197855,2743.773373277062,-11228.227078920792,-4695.089138479202,3.579508603874223,-8239682.459100162
2024-11-30,5044.45198455127,1472.1602118273922,-3572.2917727238773,-4695.110210025008,1.3555364555037972,-8243254.750872886
2024-12-01,4713.74885955127,3331.0287712156555,-1382.720088335614,-4695.130438708982,0.14855921693510268,-8244637.4709612215
2024-12-02,14176.992639697855,2942.3298710012064,-11234.66276869665,-4695.149824531124,2.341838850434453,-8255872.133729918
2024-12-03,10549.623859551386,2562.3232167086776,-7987.300642842708,-4695.17089607693,1.543119667658726,-8263859.43437276
2024-12-04,15229.977014697855,2924.2502818543526,-12305.726732843503,-4695.190281899072,5.335425313956445,-8276165.161105604
2024-12-05,14426.312952197855,2611.107292055385,-11815.20566014247,-4695.210510583046,5.6387739598315,-8287980.366765747
2024-12-06,8522.727014697855,1723.4537457754839,-6799.273268922371,-4695.230739267021,-205.57485499017102,-8294779.640034669
2024-12-07,8755.99104705127,2547.8095860604585,-6208.181460990811,-4695.251810812827,4.750559192129215,-8300987.82149566
2024-12-08,14666.414514697855,3354.551981084548,-11311.862533613308,-4695.271196634969,4.34243348963984,-8312299.684029273
2024-12-09,11861.802030861785,2620.1670935430957,-9241.63493731869,-4695.292268180775,5.245046003753515,-8321541.318966592
2024-12-10,13423.463816235599,3186.0187791419153,-10237.445037093683,-4695.311654002917,5.5907271017648315,-8331778.764003686
2024-12-11,13260.440378735599,3296.613598303996,-9963.826780431604,-4695.331882686891,3.807316747219981,-8341742.590784118
2024-12-12,13197.315378735599,2797.8341886013814,-10399.481190134218,-4695.352111370865,7.797013242533023,-8352142.071974251
2024-12-13,11345.995066235599,2826.1148210076594,-8519.88024522794,-4695.37234005484,4.695902802788127,-8360661.95221948
2024-12-14,10627.057566235599,2887.1717762096555,-7739.885790025944,-4695.392568738814,1.6182903318946589,-8368401.8380095055
2024-12-15,13977.807566235599,2507.9935229251,-11469.814043310498,-4695.412797422788,5.788452751284382,-8379871.652052816
2024-12-16,5758.190378735599,1790.4052390841837,-3967.785139651415,-4695.433026106762,-8.794915260939195,-8383839.437192467
2024-12-17,12008.631332653284,3045.0064479623898,-8963.624884690893,-4695.454097652568,4.359162280113154,-8392803.062077157
2024-12-18,13795.198191235599,2979.46897525703,-10815.729215978568,-4695.47348347471,6.435054334080699,-8403618.791293135
2024-12-19,12350.870066235599,2697.6779941619716,-9653.192072073627,-4695.493712158684,4.023663969225469,-8413271.983365208
2024-12-20,11946.487253735599,2190.4176274945166,-9756.069626241082,-4695.5139408426585,6.2335137523706825,-8423028.05299145
2024-12-21,12109.135691235599,2874.907678942647,-9234.228012292951,-4695.5341695266325,4.273703259317626,-8432262.281003743
2024-12-22,12937.295395153284,3075.034333234756,-9862.261061918527,-4695.555241072439,4.495279826477801,-8442124.542065661
2024-12-23,8777.576645153284,3162.6996432175447,-5614.877001935739,-4695.5754697564125,3.4181011630294997,-8447739.419067597
2024-12-24,9850.218359798833,2994.6617540286657,-6855.556605770168,-4695.5956984403865,3.7561723206736097,-8454594.975673366
2024-12-25,13926.529770153167,2444.808163263793,-11481.721606889374,-4695.6159271243605,6.528472232137846,-8466076.697280256
2024-12-26,7998.318832653284,1659.6665438234963,-6338.652288829788,-4695.636155808335,3.740231545369027,-8472415.349569086
2024-12-27,9912.085547298833,3114.1068741106033,-6797.97867318823,-4695.656384492309,1.424232052455123,-8479213.328242274
2024-12-28,7655.654770153167,2929.231932584421,-4726.422837568746,-4695.676613176283,1.3350266892050349,-8483939.751079842
2024-12-29,13766.959457653167,3233.0324115058766,-10533.927046147292,-4695.696841860257,4.068479508067118,-8494473.67812599
2024-12-30,12598.936020153342,2949.2988915731326,-9649.637128580209,-4695.717070544231,1.613789891836277,-8504123.31525457
2024-12-31,13885.365707653342,2642.5760264599476,-11242.789681193393,-4695.737299228205,5.643698417720887,-8515366.104935763
2025-01-01,12598.529770153342,2663.628944634116,-9934.900825519226,-4695.757527912179,5.481045686593026,-8525301.005761283
2025-01-02,14800.365707653225,2986.050286830196,-11814.31542082303,-4695.777756596154,5.142501167075259,-8537115.321182106
2025-01-03,14271.631332653225,2517.518324918004,-11754.113007735223,-4695.797985280128,7.578665236603242,-8548869.434189841
2025-01-04,12262.271957653225,2161.818487677636,-10100.45346997559,-4695.818213964102,-9.365504080835054,-8558969.887659816
2025-01-05,6876.475082653225,1335.1794368055653,-5541.29564584766,-4695.838442648076,1.6845414806883403,-8564511.183305664
2025-01-06,2818.5532076532836,425.0353767974781,-2393.5178308558056,-4695.85867133205,2.104471531330716,-8566904.70113652
2025-01-07,10534.959457653167,3040.711145924391,-7494.248311728776,-4695.878900016024,3.549309602413199,-8574398.949448248
2025-01-08,7190.865707653167,2527.8054539693208,-4663.060253683846,-4695.899128699998,3.7649569539165446,-8579062.009701932
2025-01-09,10469.803207653167,2275.685437701237,-8194.11776995193,-4695.919357383973,-6.5900484082648125,-8587256.127471883
2025-01-10,12078.615707653284,2766.6490129986464,-9311.966694654637,-4695.939586067947,4.000301604948596,-8596568.094166538
2025-01-11,11067.678207653284,2802.711410825692,-8264.966796827592,-4695.959814751921,3.649506775322029,-8604833.060963366
2025-01-12,2331.404770153167,2123.382425913472,-208.0223442396948,-4695.980043435895,-0.6054377902285287,-8605041.083307605
2025-01-13,10492.029770153167,2646.6174002394437,-7845.4123699137235,-4696.000272119869,3.7928899507603053,-8612886.49567752
2025-01-14,12449.420395153284,2567.095153591906,-9882.325241561377,-4696.020500803843,5.594023439098449,-8622768.820919082
2025-01-15,4312.381332653284,1605.883307217035,-2706.4980254362486,-4696.040729487817,-26.438865689468393,-8625475.318944518
2025-01-16,11820.107895153284,3184.432327524622,-8635.675567628661,-4696.060958171791,3.7298335587489864,-8634110.994512146
2025-01-17,13475.014145153167,2827.885185129686,-10647.128960023481,-4696.081186855766,4.858445481009283,-8644758.123472169
2025-01-18,12504.756332653167,2579.6995982564426,-9925.056734396725,-4696.10141553974,5.551699397148368,-8654683.180206565
2025-01-19,11218.858984798833,2339.0581477256565,-8879.800837073177,-4696.121644223714,5.415690082243089,-8663562.981043639
2025-01-20,10940.279770153284,2410.2654009955454,-8530.014369157738,-4696.141872907688,8.15903896994796,-8672092.995412797
2025-01-21,14020.537582653167,2274.606888080214,-11745.930694572953,-4696.162101591662,10.07243305061401,-8683838.92610737
2025-01-22,11155.074000611494,2776.166893232294,-8378.9071073792,-4696.182330275636,4.406970399366897,-8692217.833214749
2025-01-23,7719.132473101898,2104.744117229958,-5614.38835587194,-4696.20255895961,3.644122413333058,-8697832.22157062
2025-01-24,13905.788723101898,3070.203383642453,-10835.585339459445,-4696.2227876435845,4.735723886661492,-8708667.806910079
2025-01-25,12164.710598101898,3257.648337724065,-8907.062260377832,-4696.2430163275585,4.274514200671305,-8717574.869170457
2025-01-26,12365.624660601898,2791.3585852309925,-9574.266075370904,-4696.2632450115325,4.581020647359851,-8727149.135245828
2025-01-27,10478.944973101898,2339.28563482161,-8139.659338280288,-4696.2834736955065,5.975148532540691,-8735288.794584109
2025-01-28,12773.187160601898,2938.8400088854955,-9834.347151716402,-4696.3037023794805,-3.598849838021748,-8745123.141735826
2025-01-29,15906.85370990663,3032.1990961678994,-12874.65461373873,-4696.323931063454,6.549231865975225,-8757997.796349565
2025-01-30,13676.7265625,2833.0795532675215,-10843.647009232478,-4696.344159747428,6.400609440045851,-8768841.443358798
2025-01-31,16118.625,2794.2681858584724,-13324.356814141527,-4696.364388431403,6.6700659668843185,-8782165.80017294
2025-02-01,12809.3671875,2437.059546816561,-10372.307640683439,-4696.384617115377,6.719593414578161,-8792538.107813623
2025-02-02,10532.984375,2233.580096191613,-8299.404278808388,-4696.404845799351,7.47844513750193,-8800837.512092432
2025-02-03,9347.296875,2003.6940210755054,-7343.602853924494,-4696.425074483325,5.439496274878361,-8808181.114946356
2025-02-04,11188.234375,2374.5691605915395,-8813.66521440846,-4696.445303167299,4.834532824743731,-8816994.780160764
2025-02-05,13895.234375,2707.1677823747004,-11188.0665926253,-4696.465531851273,4.55125517101911,-8828182.846753389
2025-02-06,14565.34375,2363.6577561050344,-12201.685993894966,-4696.485760535247,2.75288926880533,-8840384.532747284
2025-02-07,4862.65625,2285.1974316839764,-2577.4588183160236,-4696.505989219222,-6.176543479973212,-8842961.9915656
2025-02-08,3448.6015625,2538.4481870798472,-910.1533754201527,-4696.526217903196,1.2303187713414812,-8843872.14494102
2025-02-09,10626.4765625,2714.85973493712,-7911.616827562881,-4696.54644658717,4.2050089158593424,-8851783.761768583
2025-02-10,11139.625,3042.2280073658208,-8097.396992634179,-4696.566675271144,10.4765300876328,-8859881.158761218
2025-02-11,12522.5078125,2672.5712853011105,-9849.93652719889,-4696.586903955118,3.9879668059207134,-8869731.095288416
2025-02-12,8336.1171875,2288.5573276644022,-6047.559859835598,-4696.607132639092,3.546276850034445,-8875778.655148253
2025-02-13,7084.7890625,2093.786381671196,-4991.002680828804,-4696.627361323066,2.4744268072703437,-8880769.657829082
2025-02-14,12021.859375,2814.1867947725386,-9207.672580227461,-4696.647590007041,0.6326523076906042,-8889977.330409309
2025-02-15,8985.265625,2635.6467768822818,-6349.618848117718,-4696.667818691015,-0.2072409125888491,-8896326.949257426
2025-02-16,11598.25,3377.4244419002703,-8220.82555809973,-4696.688047374989,3.0211648177960955,-8904547.774815526
2025-02-17,15202.2265625,3248.913343890965,-11953.313218609035,-4696.708276058963,1.378854990216453,-8916501.088034134
2025-02-18,13143.828125,3166.08722591758,-9977.74089908242,-4696.728504742937,1.1617495700428004,-8926478.828933217
2025-02-19,8699.671875,3071.4840235947186,-5628.187851405281,-4696.748733426911,1.231470535667348,-8932107.016784621
2025-02-20,10461.0703125,3013.081968859074,-7447.988343640926,-4696.768962110885,-0.18914509767857607,-8939555.005128263
2025-02-21,12531.671875,2742.087674783546,-9789.584200216454,-4696.78919079486,36.15023965442366,-8949344.589328479
2025-02-22,13338.375,1945.440334480183,-11392.934665519817,-4696.810262340666,4.945909197833966,-8960737.523993999
2025-02-23,8668.75,2280.5448161221625,-6388.205183877837,-4696.83049102464,0.48999539532971936,-8967125.729177877
2025-02-24,11951.7109375,3065.3190696733127,-8886.391867826687,-4696.849876846782,0.6977432102770631,-8976012.121045703
2025-02-25,14388.0390625,2578.8473531274917,-11809.191709372508,-4696.870105530756,0.8758023657190755,-8987821.312755076
2025-02-26,12688.9609375,1987.857308766632,-10701.103628733368,-4696.89033421473,3.2566455257913995,-8998522.41638381
2025-02-27,12682.6484375,2341.960668445782,-10340.687769054219,-4696.911405760537,4.21096262878413,-9008863.104152864
2025-02-28,8757.234375,2878.671750519432,-5878.562624480568,-4696.931634444511,1.4613699509374745,-9014741.666777344
2025-03-01,13174.4453125,2856.22041085244,-10318.22490164756,-4696.951863128485,3.4793796373522934,-9025059.891678993
2025-03-02,6017.204861111008,2511.153778360405,-3506.0510827506027,-4696.9720918124585,1.0751689581922927,-9028565.942761743
2025-03-03,11686.6796875,3032.0516871741484,-8654.62800032585,-4696.9923204964325,2.133705546798238,-9037220.57076207
2025-03-04,12318.046875,2842.4519553513737,-9475.594919648627,-4697.0125491804065,1.6820927444118332,-9046696.165681718
2025-03-05,12688.0,2652.5476662530605,-10035.45233374694,-4697.0327778643805,3.2064566831652237,-9056731.618015464
2025-03-06,7084.4609375,2640.7041861676416,-4443.756751332358,-4697.0530065483545,1.9817087326880707,-9061175.374766797
2025-03-07,12722.015625,2982.4893942806725,-9739.526230719328,-4697.073235232329,2.699516563634274,-9070914.900997516
2025-03-08,12920.0859375,2819.301925785222,-10100.784011714779,-4697.093463916303,3.0475123398363437,-9081015.68500923
2025-03-09,10705.84375,2586.2419819249903,-8119.60176807501,-4697.113692600277,5.742737145879894,-9089135.286777304
2025-03-10,10318.1640625,2513.633023806032,-7804.531038693969,-4697.133921284251,2.869398547288457,-9096939.817815999
2025-03-11,8876.0234375,2316.7890110659996,-6559.234426434001,-4697.154149968225,3.141080833827998,-9103499.052242432
2025-03-12,8129.9140625,2501.720564191025,-5628.193498308975,-4697.174378652199,3.1015587666224422,-9109127.245740741
2025-03-13,7309.234375,2399.7277780238423,-4909.506596976158,-4697.194607336173,3.047467344803231,-9114036.752337718
2025-03-14,9755.8671875,2402.6718815013596,-7353.19530599864,-4697.214836020148,3.2080063774707903,-9121389.947643718
2025-03-15,7767.5,2189.7866325774085,-5577.713367422592,-4697.235064704122,5.4119532088167475,-9126967.66101114
2025-03-16,1320.984375,448.07942128307457,-872.9049537169253,-4697.255293388096,-0.37474568494338306,-9127840.565964857
2025-03-17,10763.234375,2923.903594903017,-7839.330780096982,-4697.27552207207,3.1700922758927135,-9135679.896744953
2025-03-18,12493.3359375,2838.5155429593005,-9654.820394540699,-4697.295750756044,3.9477686084401498,-9145334.717139494
2025-03-19,10627.8359375,2647.193545130323,-7980.6423923696775,-4697.315979440018,3.937913448725201,-9153315.359531863
2025-03-20,3613.234375,759.4894850698008,-2853.7448899301994,-4697.336208123992,-20.64813456404738,-9156169.104421793
2025-03-21,5093.5703125,2215.6022238944506,-2877.9680886055494,-4697.356436807967,3.438039745897252,-9159047.072510399
2025-03-22,12251.078125,2686.2511519492623,-9564.826973050738,-4697.376665491941,4.196242326985355,-9168611.89948345
2025-03-23,10006.359375,2674.454101643596,-7331.905273356404,-4697.396894175915,3.283865538192188,-9175943.804756805
2025-03-24,6982.828125,2559.780966449896,-4423.0471585501045,-4697.417122859889,2.8739298061814513,-9180366.851915356
2025-03-25,8743.4140625,2396.495500640651,-6346.918561859349,-4697.437351543863,3.4731810160441827,-9186713.770477215
2025-03-26,7408.6640625,2418.2345223590637,-4990.429540140936,-4697.457580227837,3.4485378373504942,-9191704.200017355
2025-03-27,11376.5859375,2476.7394109738784,-8899.846526526122,-4697.477808911811,5.46396237041775,-9200604.046543881
2025-03-28,8048.1875,1505.3226455382048,-6542.8648544617945,-4697.498037595786,1.1329491709116184,-9207146.911398344
2025-03-29,3317.828125,877.5110525188802,-2440.31707248112,-4697.51826627976,0.973249693621468,-9209587.228470825
2025-03-30,5755.1015625,2230.653344312205,-3524.448218187795,-4697.538494963734,-0.8549845904385571,-9213111.676689012
2025-03-31,8754.2421875,2675.0502164495942,-6079.191971050405,-4697.558723647708,3.8094430865009894,-9219190.868660063
2025-04-01,9042.765625,2563.918205597324,-6478.847419402677,-4697.578952331682,3.2831318857189937,-9225669.716079466
2025-04-02,8989.2109375,2579.650720153767,-6409.560217346233,-4697.599181015656,0.11598135466331422,-9232079.276296813
2025-04-03,7536.625,2341.310859702101,-5195.314140297899,-4697.61940969963,1.939661201471824,-9237274.59043711
2025-04-04,4297.3671875,2348.9585048915233,-1948.4086826084765,-4697.6396383836045,0.7870692493322773,-9239222.99911972
2025-04-05,9063.9375,2755.4820183826223,-6308.455481617378,-4697.6598670675785,-4.128323067098619,-9245531.454601336
2025-04-06,5991.9140625,1642.3715715613064,-4349.542490938694,-4697.67925288972,2.957152068291817,-9249880.997092275
2025-04-07,5343.0,2029.787648824339,-3313.2123511756613,-4697.699481573694,0.027158009785634013,-9253194.20944345
2025-04-08,6875.671875,2567.3237712016753,-4308.348103798325,-4697.719710257668,12.26081770305027,-9257502.557547249
2025-04-09,9559.3515625,2491.7851775898016,-7067.566384910198,-4697.739938941642,2.4687946668069483,-9264570.123932159
2025-04-10,8609.0546875,2387.1226785429853,-6221.932008957015,-4697.760167625616,-0.5554121601236304,-9270792.055941116
2025-04-11,8036.7734375,2317.6771678054497,-5719.096269694551,-4697.78039630959,1.733372625135141,-9276511.152210811
2025-04-12,9328.1484375,2287.758572762507,-7040.389864737493,-4697.800624993564,-6.996652410256981,-9283551.542075548
2025-04-13,8921.2578125,2316.0150991829496,-6605.24271331705,-4697.820853677539,-3.5071525647373414,-9290156.784788866
2025-04-14,6293.0234375,2006.5323019522953,-4286.491135547705,-4697.841082361513,1.3583910871294855,-9294443.275924413
2025-04-15,8572.171875,2240.315176686828,-6331.856698313171,-4697.861311045487,0.8257249248518559,-9300775.132622726
2025-04-16,6940.2578125,2162.1494268710753,-4778.108385628925,-4697.881539729461,5.445288405543556,-9305553.241008354
2025-04-17,8514.7109375,2346.7353147060126,-6167.975622793988,-4697.901768413435,-27.340754749424658,-9311721.216631148
2025-04-18,7998.7109375,2127.279996478304,-5871.4309410216965,-4697.921997097409,3.456673568684024,-9317592.64757217
2025-04-19,5748.953125,1637.7311138634477,-4111.222011136552,-4697.942225781383,2.179664748616258,-9321703.869583305
2025-04-20,4555.1171875,1195.0271681619306,-3360.0900193380694,-4697.962454465358,3.080548710540968,-9325063.959602643
2025-04-21,7308.625,1674.598469516377,-5634.026530483623,-4697.982683149332,1.5504567293375997,-9330697.986133127
2025-04-22,4289.703125,2041.9044514591205,-2247.7986735408795,-4698.002911833306,1.2596273737689672,-9332945.784806667
2025-04-23,8115.640625,2198.266794764189,-5917.373830235811,-4698.02314051728,2.6597785338692885,-9338863.158636903
2025-04-24,7598.609375,1728.8921273803999,-5869.7172476196,-4698.043369201254,2.7305612799220316,-9344732.875884524
2025-04-25,3434.515625,805.617320445117,-2628.898304554883,-4698.063597885228,1.203012725076306,-9347361.77418908
2025-04-26,2400.3984375,1291.9568469425728,-1108.4415905574272,-4698.084669431035,2.3530728081180436,-9348470.215779636
2025-04-27,2746.6328125,1642.7309067896717,-1103.9019057103283,-4698.104055253177,0.9740672125368004,-9349574.117685346
2025-04-28,4850.484375,1673.4702984594408,-3177.014076540559,-4698.124283937151,1.4049027224612105,-9352751.131761886
2025-04-29,2967.4375,1684.5319257987087,-1282.9055742012913,-4698.144512621125,1.0042609404594662,-9354034.037336087
2025-04-30,7918.1640625,1992.7873885792999,-5925.3766739207,-4698.164741305099,2.438172733740265,-9359959.414010007
2025-05-01,7766.7265625,2205.7623332889293,-5560.964229211071,-4698.184969989073,8.833464476603497,-9365520.378239218
2025-05-02,7888.7890625,2198.936044040656,-5689.853018459344,-4698.205198673047,10.403833413471823,-9371210.231257677
2025-05-03,7746.0,2153.5022204613856,-5592.497779538615,-4698.225427357021,3.173468360626279,-9376802.729037216
2025-05-04,6718.96875,2025.3317579848685,-4693.636992015131,-4698.246498902828,2.926385780406703,-9381496.36602923
2025-05-05,6769.71875,1870.3192875965572,-4899.399462403443,-4698.266727586802,2.820498452785052,-9386395.765491635
2025-05-06,7257.9921875,1891.5581815430896,-5366.43400595691,-4698.286956270776,3.1296382977264927,-9391762.199497592
2025-05-07,4233.53125,1193.2081197718874,-3040.323130228113,-4698.30718495475,9.6171886118923,-9394802.52262782
2025-05-08,6388.484375,1975.5847096126956,-4412.899665387305,-4698.327413638724,2.195483861332029,-9399215.422293207
2025-05-09,5072.5703125,1963.61915783014,-3108.95115466986,-4698.3476423226975,1.8843879815765987,-9402324.373447876
2025-05-10,6995.1796875,2013.6543634939092,-4981.525324006091,-4698.367871006672,2.504204618008429,-9407305.898771882
2025-05-11,6806.6796875,1903.520867351775,-4903.158820148225,-4698.388099690646,2.669065201300584,-9412209.05759203
2025-05-12,6743.546875,1901.541042750129,-4842.005832249871,-4698.40832837462,2.585742940363533,-9417051.06342428
2025-05-13,5467.3359375,1897.699464479136,-3569.636473020864,-4698.428557058594,2.2204228291309125,-9420620.6998973
2025-05-14,5406.78125,1851.0479756552884,-3555.733274344712,-4698.448785742568,4.015835333037724,-9424176.433171645
2025-05-15,3992.71875,1699.9767432829224,-2292.7420067170774,-4698.469014426542,-7.321700795566838,-9426469.175178362
2025-05-16,4900.671875,1647.1387009550429,-3253.533174044957,-4698.489243110516,20.216691145977684,-9429722.708352407
2025-05-17,2515.390625,1170.6131460621589,-1344.7774789378411,-4698.50947179449,0.03683978441799836,-9431067.485831345
2025-05-18,6371.4765625,1781.7887827338775,-4589.687779766123,-4698.529700478465,4.771588182322061,-9435657.17361111
2025-05-19,6642.625,1874.9037771611197,-4767.721222838881,-4698.549929162439,3.819670360436297,-9440424.894833948
2025-05-20,6563.0859375,1852.7127147720255,-4710.373222727974,-4698.570157846413,3.220572384019717,-9445135.268056676
2025-05-21,6259.2421875,1542.9881651715166,-4716.254022328483,-4698.590386530387,8.54751788628479,-9449851.522079004
2025-05-22,4883.53125,1290.2385565869274,-3593.2926934130724,-4698.610615214361,1.7536212516807321,-9453444.814772418
2025-05-23,2440.1796875,508.70038853258336,-1931.4792989674165,-4698.630843898335,-0.03827021067593837,-9455376.294071386
2025-05-24,5474.2265625,1484.3977761476683,-3989.828786352332,-4698.651072582309,67.10072082404123,-9459366.122857738
2025-05-25,5762.8125,1578.7926005383881,-4184.019899461612,-4698.671301266284,9.848835157826313,-9463550.1427572
2025-05-26,5807.0625,998.517644668028,-4808.544855331972,-4698.691529950258,-0.08343924954864357,-9468358.687612532
2025-05-27,3412.625,762.5764684867062,-2650.0485315132937,-4698.711758634232,6.35154652164589,-9471008.736144045
2025-05-28,3003.6640625,1151.7831569453872,-1851.8809055546128,-4698.731987318206,0.9103125322046489,-9472860.617049599
2025-05-29,4013.0625,1288.8919942790412,-2724.1705057209588,-4698.75221600218,5.073962014811164,-9475584.78755532
2025-05-30,2918.5859375,1416.696533797959,-1501.889403702041,-4698.772444686154,-2.0920223123175568,-9477086.676959023
2025-05-31,5156.203125,1565.458774966751,-3590.7443500332492,-4698.792673370128,3.7828347085937777,-9480677.421309056
2025-06-01,5462.34375,1497.9005580791472,-3964.4431919208528,-4698.812902054103,-1.6522095238889558,-9484641.864500977
2025-06-02,4995.234375,1087.8127901217526,-3907.4215848782474,-4698.833130738077,1.912706398853069,-9488549.286085855
2025-06-03,2745.9296875,921.6633142985281,-1824.2663732014719,-4698.853359422051,0.8264511386578617,-9490373.552459057
2025-06-04,3742.890625,1446.3377712441943,-2296.5528537558057,-4698.873588106025,-15.552633546941152,-9492670.105312813
2025-06-05,5445.1328125,1542.633743059999,-3902.4990694400008,-4698.893816789999,-0.05059530887497583,-9496572.604382252
2025-06-06,1186.265625,368.785148618779,-817.480476381221,-4698.914045473973,0.6879600249425415,-9497390.084858634
2025-06-07,2609.2578125,487.14550490608633,-2122.1123075939136,-4698.934274157947,3.545813600555143,-9499512.197166227
2025-06-08,1434.9375,328.4962131748965,-1106.4412868251034,-4698.954502841922,1.1443741813076191,-9500618.638453051
2025-06-09,2563.2890625,671.19293783947,-1892.09612466053,-4698.974731525896,3.105004106426928,-9502510.734577712
2025-06-10,4259.9375,817.2039593604588,-3442.7335406395414,-4698.9949602098695,-0.108400292063819,-9505953.468118351
2025-06-11,4049.1484375,807.3565226024831,-3241.791914897517,-4699.0151888938435,-0.5183242103751896,-9509195.260033248
2025-06-12,4669.7109375,974.8859863103842,-3694.824951189616,-4699.0354175778175,229.04257591656497,-9512890.084984438
2025-06-13,5283.65625,1425.361894913682,-3858.294355086318,-4699.0556462617915,5.997359743070652,-9516748.379339525
2025-06-14,4456.328125,1053.9113206482823,-3402.4168043517175,-4699.0758749457655,2.9475737870324017,-9520150.796143876
2025-06-15,2409.8515625,325.1033728325454,-2084.7481896674544,-4699.09610362974,1.7525061692362365,-9522235.544333544
2025-06-16,3706.1171875,861.4458647467332,-2844.671322753267,-4699.116332313714,2.5870680229670207,-9525080.215656297
2025-06-17,4216.515625,633.6733556644142,-3582.8422693355856,-4699.136560997688,2.0478884294692206,-9528663.057925632
2025-06-18,2413.7734375,654.2370268738383,-1759.5364106261616,-4699.156789681662,-1.0887674465684882,-9530422.594336258
2025-06-19,3519.1640625,1007.3916005693281,-2511.772461930672,-4699.177018365636,-1.1340904836732422,-9532934.366798189
2025-06-20,4465.0625,1372.3161768483812,-3092.7463231516185,-4699.19724704961,4.374681465622023,-9536027.11312134
2025-06-21,0.0,1155.0250785668397,1155.0250785668397,-4699.217475733584,0.0,-9534872.088042773
2025-06-22,4350.40625,1283.8932391638436,-3066.5130108361564,-4699.237704417559,3.0962317862345072,-9537938.601053609
2025-06-23,3278.296875,745.8746875574366,-2532.4221874425634,-4699.257933101533,1.238354697376121,-9540471.02324105
2025-06-24,2888.71875,603.7216130421983,-2284.9971369578016,-4699.278161785507,0.9944109185053259,-9542756.020378008
2025-06-25,2411.828125,759.8037848740706,-1652.0243401259293,-4699.298390469481,-0.5027877867777699,-9544408.044718135
2025-06-26,3180.078125,1163.6211217931832,-2016.4570032068168,-4699.318619153455,0.6687260302048277,-9546424.501721341
2025-06-27,3786.15625,1245.0059463245918,-2541.150303675408,-4699.338847837429,-1140.353630364269,-9548965.652025016
2025-06-28,0.65625,1047.270608707122,1046.614358707122,-4699.359076521403,-0.005782919070685753,-9547919.03766631
2025-06-29,2079.6171875,863.1407135985264,-1216.4764739014736,-4699.379305205377,-2.285933367295601,-9549135.514140211
2025-06-30,3741.0234375,1118.4980289784214,-2622.5254085215784,-4699.399533889352,-0.6558370143441004,-9551758.039548732
2025-07-01,2470.6796875,863.2488928865641,-1607.4307946134359,-4699.419762573326,0.2288042293139349,-9553365.470343346
2025-07-02,837.5234375,973.4824279012144,135.95899040121435,-4699.4399912573,0.025539324666734992,-9553229.511352945
2025-07-03,0.0,1130.1787645551215,1130.1787645551215,-4699.460219941274,0.0,-9552099.33258839
2025-07-04,0.0,1360.1119758991515,1360.1119758991515,-4699.480448625248,0.0,-9550739.22061249
2025-07-05,0.0,1232.4494489288008,1232.4494489288008,-4699.500677309222,0.0,-9549506.771163562
2025-07-06,2566.484375,415.09941508884117,-2151.3849599111586,-4699.520905993196,1.6619911659908264,-9551658.156123474
2025-07-07,4468.390625,1113.4376286185957,-3354.9529963814043,-4699.541134677171,0.41946175706678124,-9555013.109119855
2025-07-08,2288.8515625,299.81787474361727,-1989.0336877563827,-4699.561363361145,1.5238204163963098,-9557002.14280761
2025-07-09,3810.8359375,902.9081136942076,-2907.9278238057923,-4699.581592045119,-2.635713983070005,-9559910.070631417
2025-07-10,0.0,674.1131974441205,674.1131974441205,-4699.601820729093,0.0,-9559235.957433973
2025-07-11,0.0,572.2810652004517,572.2810652004517,-4699.622049413067,0.0,-9558663.676368773
2025-07-12,0.0,1117.9323945284864,1117.9323945284864,-4699.642278097041,0.0,-9557545.743974244
2025-07-13,2338.640625,656.50669418347,-1682.13393081653,-4699.662506781015,0.9437897062226321,-9559227.877905061
2025-07-14,3887.515625,1293.9174458392727,-2593.5981791607273,-4699.6827354649895,-0.048919246409088346,-9561821.476084223
2025-07-15,5469.629523026088,982.4855685675547,-4487.143954458533,-4699.7029641489635,-17.00921933055298,-9566308.62003868
2025-07-16,0.0,1051.4790374972895,1051.4790374972895,-4699.7231928329375,0.0,-9565257.141001184
2025-07-17,0.0,883.3848654204219,883.3848654204219,-4699.743421516911,0.0,-9564373.756135764
2025-07-18,0.0,1601.5365250761604,1601.5365250761604,-4699.763650200885,0.0,-9562772.219610687
2025-07-19,0.0,1330.9395772217213,1330.9395772217213,-4699.783878884859,0.0,-9561441.280033465
2025-07-20,5396.78125,1558.739159611281,-3838.042090388719,-4699.804107568833,-2.547150130679602,-9565279.322123853
2025-07-21,5196.2890625,1606.9235152799813,-3589.3655472200185,-4699.824336252808,3.739466326848837,-9568868.687671073
2025-07-22,2141.4921875,274.12978466239196,-1867.362402837608,-4699.844564936782,-0.01605421611433866,-9570736.05007391
2025-07-23,0.0,1362.0842776563393,1362.0842776563393,-4699.864793620756,0.0,-9569373.965796255
2025-07-24,0.0,1720.637363661589,1720.637363661589,-4699.88502230473,0.0,-9567653.328432593
2025-07-25,0.0,226.11557927696515,226.11557927696515,-4699.905250988704,0.0,-9567427.212853316
2025-07-26,0.0,218.86817173622575,218.86817173622575,-4699.925479672678,0.0,-9567208.34468158
2025-07-27,3046.578125,621.8863346800636,-2424.6917903199364,-4699.945708356652,3.7047492797912356,-9569633.0364719
2025-07-28,4165.1328125,1102.3934365025812,-3062.739375997419,-4699.965937040627,48.53248898089406,-9572695.775847897
2025-07-29,4612.46875,1134.8550480467218,-3477.613701953278,-4699.986165724601,4.543228878592553,-9576173.38954985
2025-07-30,0.0,1689.9395419929847,1689.9395419929847,-4700.006394408575,0.0,-9574483.450007856
2025-07-31,4298.9296875,1760.6540144777773,-2538.2756730222227,-4700.026623092549,2.040256083741305,-9577021.725680878
2025-08-01,5191.9296875,1898.4828785561274,-3293.446808943873,-4700.046851776523,1.9337864479926978,-9580315.172489822
2025-08-02,0.0,1917.5249525634883,1917.5249525634883,-4700.067080460497,0.0,-9578397.647537258
2025-08-03,6832.75,2017.3670680611274,-4815.382931938872,-4700.087309144471,2.357339256921686,-9583213.030469196
2025-08-04,3678.5,1617.2780774911573,-2061.2219225088425,-4700.107537828445,2.475197827188763,-9585274.252391705
2025-08-05,5333.7734375,1650.961415728834,-3682.8120217711657,-4700.12776651242,2.2539810299121825,-9588957.064413477
2025-08-06,0.0,1453.934996756299,1453.934996756299,-4700.147995196394,0.0,-9587503.129416721
2025-08-07,4326.7734375,1971.8040508814659,-2354.9693866185344,-4700.168223880368,1.3663903872119572,-9589858.09880334
2025-08-08,5154.8671875,1950.6162007961543,-3204.2509867038457,-4700.188452564342,1.8318155845961954,-9593062.349790044
2025-08-09,0.0,2077.197961151415,2077.197961151415,-4700.208681248316,0.0,-9590985.151828893
2025-08-10,6960.7578125,1994.931278295291,-4965.826534204709,-4700.22890993229,2.3607996646243907,-9595950.978363097
2025-08-11,7044.9296875,2116.923274659735,-4928.0064128402655,-4700.249138616264,2.2786682219443817,-9600878.984775936
2025-08-12,2625.078125,809.105135910665,-1815.972989089335,-4700.269367300239,-0.7343616860087225,-9602694.957765026
2025-08-13,0.0,271.5802981942354,271.5802981942354,-4700.289595984213,0.0,-9602423.377466831
