timestamp,meter,campus,Meter_reading,Real_model_prediction,Simulated_model,Simulated_degraded,global_horizontal_irradiance
2025-01-01 01:00:00,solar.bun_tlc#realenergyintotheload#kwh,BUNDOORA,0.0,0.08558935,0.0010272426,0.0009968079,0.0
2025-01-01 02:00:00,solar.bun_tlc#realenergyintotheload#kwh,BUNDOORA,0.0,0.03269926,0.0010272426,0.0009968079,0.0
2025-01-01 03:00:00,solar.bun_tlc#realenergyintotheload#kwh,BUNDOORA,0.0,0.03269926,0.0010272426,0.0009968079,0.0
2025-01-01 04:00:00,solar.bun_tlc#realenergyintotheload#kwh,BUNDOORA,0.0,0.08081755,0.0010272426,0.0009968079,0.0
2025-01-01 05:00:00,solar.bun_tlc#realenergyintotheload#kwh,BUNDOORA,0.0,0.54039073,0.0016301372,0.0015818403,0.0
2025-01-01 06:00:00,solar.bun_tlc#realenergyintotheload#kwh,BUNDOORA,0.0,0.3312434,0.0015669185,0.0015204946,0.0
2025-01-01 07:00:00,solar.bun_tlc#realenergyintotheload#kwh,BUNDOORA,0.46875,3.0281038,2.1998692,2.1346924,48.0
2025-01-01 08:00:00,solar.bun_tlc#realenergyintotheload#kwh,BUNDOORA,3.0625,9.949314,6.299371,6.112736,140.0
2025-01-01 09:00:00,solar.bun_tlc#realenergyintotheload#kwh,BUNDOORA,8.40625,13.090595,11.7563,11.40799,247.0
2025-01-01 10:00:00,solar.bun_tlc#realenergyintotheload#kwh,BUNDOORA,12.5,22.406656,17.319918,16.806772,355.0
2025-01-01 11:00:00,solar.bun_tlc#realenergyintotheload#kwh,BUNDOORA,22.96875,26.098976,29.450926,28.57837,624.0
2025-01-01 12:00:00,solar.bun_tlc#realenergyintotheload#kwh,BUNDOORA,33.46875,40.62088,41.252117,40.02992,960.0
2025-01-01 13:00:00,solar.bun_tlc#realenergyintotheload#kwh,BUNDOORA,44.75,42.9124,44.18733,42.87817,1072.0
2025-01-01 14:00:00,solar.bun_tlc#realenergyintotheload#kwh,BUNDOORA,45.375,43.92981,44.340523,43.026825,1077.0
2025-01-01 15:00:00,solar.bun_tlc#realenergyintotheload#kwh,BUNDOORA,44.375,44.016384,43.714302,42.419155,1019.0
2025-01-01 16:00:00,solar.bun_tlc#realenergyintotheload#kwh,BUNDOORA,41.09375,38.63949,40.464966,39.26609,901.0
2025-01-01 17:00:00,solar.bun_tlc#realenergyintotheload#kwh,BUNDOORA,35.8125,36.20248,33.6192,32.62315,736.0
2025-01-01 18:00:00,solar.bun_tlc#realenergyintotheload#kwh,BUNDOORA,22.78125,34.551907,24.17223,23.456066,514.0
2025-01-01 19:00:00,solar.bun_tlc#realenergyintotheload#kwh,BUNDOORA,7.3125,14.32824,5.401658,5.2416205,119.0
2025-01-01 20:00:00,solar.bun_tlc#realenergyintotheload#kwh,BUNDOORA,3.21875,20.096899,3.1921184,3.097544,81.0
2025-01-01 21:00:00,solar.bun_tlc#realenergyintotheload#kwh,BUNDOORA,0.53125,11.433887,0.006225898,0.00604144,1.0
2025-01-01 22:00:00,solar.bun_tlc#realenergyintotheload#kwh,BUNDOORA,0.0,3.718832,0.008511975,0.008259787,0.0
2025-01-01 23:00:00,solar.bun_tlc#realenergyintotheload#kwh,BUNDOORA,0.0,0.61561507,0.0039865063,0.003868396,0.0
2025-01-02 00:00:00,solar.bun_tlc#realenergyintotheload#kwh,BUNDOORA,0.0,0.57906866,0.008741336,0.008482352,0.0
2025-01-02 01:00:00,solar.bun_tlc#realenergyintotheload#kwh,BUNDOORA,0.0,0.11250673,0.00051683985,0.00050152716,0.0
2025-01-02 02:00:00,solar.bun_tlc#realenergyintotheload#kwh,BUNDOORA,0.0,0.11591923,0.004281143,0.0041543036,0.0
2025-01-02 03:00:00,solar.bun_tlc#realenergyintotheload#kwh,BUNDOORA,0.0,0.21537971,-0.00092849176,0.0,0.0
2025-01-02 04:00:00,solar.bun_tlc#realenergyintotheload#kwh,BUNDOORA,0.0,1.0117208,0.0064900178,0.0062977346,0.0
2025-01-02 05:00:00,solar.bun_tlc#realenergyintotheload#kwh,BUNDOORA,0.0,0.6635389,0.007439382,0.0072189714,0.0
2025-01-02 06:00:00,solar.bun_tlc#realenergyintotheload#kwh,BUNDOORA,0.0,2.0962126,0.00051194197,0.0004967744,0.0
2025-01-02 07:00:00,solar.bun_tlc#realenergyintotheload#kwh,BUNDOORA,1.25,4.205233,3.8956919,3.7802722,76.0
2025-01-02 08:00:00,solar.bun_tlc#realenergyintotheload#kwh,BUNDOORA,6.03125,11.64974,13.576987,13.174735,278.0
2025-01-02 09:00:00,solar.bun_tlc#realenergyintotheload#kwh,BUNDOORA,17.59375,18.815626,23.507524,22.811056,483.0
2025-01-02 10:00:00,solar.bun_tlc#realenergyintotheload#kwh,BUNDOORA,25.125,23.392103,30.527477,29.623024,625.0
2025-01-02 11:00:00,solar.bun_tlc#realenergyintotheload#kwh,BUNDOORA,36.53125,40.73473,37.886814,36.764324,879.0
2025-01-02 12:00:00,solar.bun_tlc#realenergyintotheload#kwh,BUNDOORA,43.09375,43.70023,42.777287,41.509903,1005.0
2025-01-02 13:00:00,solar.bun_tlc#realenergyintotheload#kwh,BUNDOORA,44.875,43.6367,43.75951,42.463024,1074.0
2025-01-02 14:00:00,solar.bun_tlc#realenergyintotheload#kwh,BUNDOORA,45.40625,42.894157,44.107273,42.800484,1082.0
2025-01-02 15:00:00,solar.bun_tlc#realenergyintotheload#kwh,BUNDOORA,45.0625,43.226196,44.059395,42.754025,1028.0
2025-01-02 16:00:00,solar.bun_tlc#realenergyintotheload#kwh,BUNDOORA,42.03125,38.33617,41.020267,39.80494,917.0
2025-01-02 17:00:00,solar.bun_tlc#realenergyintotheload#kwh,BUNDOORA,36.6875,34.691418,35.30514,34.25914,755.0
2025-01-02 18:00:00,solar.bun_tlc#realenergyintotheload#kwh,BUNDOORA,27.28125,29.282072,26.7868,25.993174,558.0
2025-01-02 19:00:00,solar.bun_tlc#realenergyintotheload#kwh,BUNDOORA,14.125,18.73176,16.26843,15.786438,342.0
2025-01-02 20:00:00,solar.bun_tlc#realenergyintotheload#kwh,BUNDOORA,3.75,17.190508,5.1388254,4.9865746,135.0
2025-01-02 21:00:00,solar.bun_tlc#realenergyintotheload#kwh,BUNDOORA,0.4375,5.4817915,-0.013871092,0.0,2.0
2025-01-02 22:00:00,solar.bun_tlc#realenergyintotheload#kwh,BUNDOORA,0.0,2.7717319,0.0039972537,0.003878825,0.0
2025-01-02 23:00:00,solar.bun_tlc#realenergyintotheload#kwh,BUNDOORA,0.0,-0.026376098,0.0025586248,0.0024828191,0.0
2025-01-03 00:00:00,solar.bun_tlc#realenergyintotheload#kwh,BUNDOORA,0.0,0.06716709,0.0022203312,0.0021545484,0.0
2025-01-03 01:00:00,solar.bun_tlc#realenergyintotheload#kwh,BUNDOORA,0.0,0.037443988,-0.00018375556,0.0,0.0
2025-01-03 02:00:00,solar.bun_tlc#realenergyintotheload#kwh,BUNDOORA,0.0,0.09098226,0.005169502,0.0050163427,0.0
2025-01-03 03:00:00,solar.bun_tlc#realenergyintotheload#kwh,BUNDOORA,0.0,0.05852316,0.0011895162,0.0011542737,0.0
2025-01-03 04:00:00,solar.bun_tlc#realenergyintotheload#kwh,BUNDOORA,0.0,0.056826677,0.0011895162,0.0011542737,0.0
2025-01-03 05:00:00,solar.bun_tlc#realenergyintotheload#kwh,BUNDOORA,0.0,0.070088446,0.0020929102,0.0020309025,0.0
2025-01-03 06:00:00,solar.bun_tlc#realenergyintotheload#kwh,BUNDOORA,0.0,0.5982798,0.00160239,0.0015549151,0.0
2025-01-03 07:00:00,solar.bun_tlc#realenergyintotheload#kwh,BUNDOORA,0.71875,3.0852141,4.5281644,4.3940063,85.0
2025-01-03 08:00:00,solar.bun_tlc#realenergyintotheload#kwh,BUNDOORA,5.25,9.938622,14.918303,14.476311,280.0
2025-01-03 09:00:00,solar.bun_tlc#realenergyintotheload#kwh,BUNDOORA,16.59375,17.557045,24.89164,24.154163,493.0
2025-01-03 10:00:00,solar.bun_tlc#realenergyintotheload#kwh,BUNDOORA,28.875,24.807026,32.82313,31.850664,695.0
2025-01-03 11:00:00,solar.bun_tlc#realenergyintotheload#kwh,BUNDOORA,36.90625,29.149397,37.900414,36.77752,868.0
2025-01-03 12:00:00,solar.bun_tlc#realenergyintotheload#kwh,BUNDOORA,41.03125,38.59592,43.418488,42.132107,990.0
2025-01-03 13:00:00,solar.bun_tlc#realenergyintotheload#kwh,BUNDOORA,43.34375,40.991104,43.810738,42.512733,1058.0
2025-01-03 14:00:00,solar.bun_tlc#realenergyintotheload#kwh,BUNDOORA,43.8125,41.78629,43.417343,42.130997,1065.0
2025-01-03 15:00:00,solar.bun_tlc#realenergyintotheload#kwh,BUNDOORA,42.1875,41.555393,43.40595,42.119938,1011.0
2025-01-03 16:00:00,solar.bun_tlc#realenergyintotheload#kwh,BUNDOORA,39.28125,39.20024,40.178204,38.987823,899.0
2025-01-03 17:00:00,solar.bun_tlc#realenergyintotheload#kwh,BUNDOORA,34.3125,36.55772,34.230927,33.21675,738.0
2025-01-03 18:00:00,solar.bun_tlc#realenergyintotheload#kwh,BUNDOORA,25.3125,30.552147,25.12129,24.377008,544.0
2025-01-03 19:00:00,solar.bun_tlc#realenergyintotheload#kwh,BUNDOORA,13.28125,27.887535,15.356761,14.901778,333.0
2025-01-03 20:00:00,solar.bun_tlc#realenergyintotheload#kwh,BUNDOORA,3.46875,20.684483,4.5821395,4.446382,131.0
2025-01-03 21:00:00,solar.bun_tlc#realenergyintotheload#kwh,BUNDOORA,0.34375,7.552884,0.004311408,0.0041836714,2.0
2025-01-03 22:00:00,solar.bun_tlc#realenergyintotheload#kwh,BUNDOORA,0.0,4.888968,0.020176282,0.019578509,0.0
2025-01-03 23:00:00,solar.bun_tlc#realenergyintotheload#kwh,BUNDOORA,0.0,0.46237028,0.013302917,0.012908785,0.0
2025-01-04 00:00:00,solar.bun_tlc#realenergyintotheload#kwh,BUNDOORA,0.0,0.432787,0.009207552,0.008934756,0.0
2025-01-04 01:00:00,solar.bun_tlc#realenergyintotheload#kwh,BUNDOORA,0.0,0.06112071,0.009207552,0.008934756,0.0
2025-01-04 02:00:00,solar.bun_tlc#realenergyintotheload#kwh,BUNDOORA,0.0,0.2569844,0.0093365265,0.009059909,0.0
2025-01-04 03:00:00,solar.bun_tlc#realenergyintotheload#kwh,BUNDOORA,0.0,1.1507994,0.010716745,0.0103992345,0.0
2025-01-04 04:00:00,solar.bun_tlc#realenergyintotheload#kwh,BUNDOORA,0.0,-0.28522402,0.007611997,0.0073864725,0.0
2025-01-04 05:00:00,solar.bun_tlc#realenergyintotheload#kwh,BUNDOORA,0.0,2.483761,0.018443756,0.017897313,0.0
2025-01-04 06:00:00,solar.bun_tlc#realenergyintotheload#kwh,BUNDOORA,0.0,4.4443855,0.019376261,0.01880219,0.0
2025-01-04 07:00:00,solar.bun_tlc#realenergyintotheload#kwh,BUNDOORA,0.6875,9.115435,4.300912,4.1734867,86.0
2025-01-04 08:00:00,solar.bun_tlc#realenergyintotheload#kwh,BUNDOORA,5.1875,17.346779,13.686569,13.281071,285.0
2025-01-04 09:00:00,solar.bun_tlc#realenergyintotheload#kwh,BUNDOORA,16.1875,27.331793,23.561842,22.863764,501.0
2025-01-04 10:00:00,solar.bun_tlc#realenergyintotheload#kwh,BUNDOORA,28.3125,31.435171,31.922812,30.977018,705.0
2025-01-04 11:00:00,solar.bun_tlc#realenergyintotheload#kwh,BUNDOORA,36.375,37.761074,37.388874,36.281136,878.0
2025-01-04 12:00:00,solar.bun_tlc#realenergyintotheload#kwh,BUNDOORA,40.65625,40.217884,40.393974,39.1972,1001.0
2025-01-04 13:00:00,solar.bun_tlc#realenergyintotheload#kwh,BUNDOORA,42.75,29.979116,41.574516,40.342766,1067.0
2025-01-04 14:00:00,solar.bun_tlc#realenergyintotheload#kwh,BUNDOORA,34.0,32.442474,33.328884,32.34143,748.0
2025-01-04 15:00:00,solar.bun_tlc#realenergyintotheload#kwh,BUNDOORA,24.03125,20.507563,20.33955,19.73694,446.0
2025-01-04 16:00:00,solar.bun_tlc#realenergyintotheload#kwh,BUNDOORA,35.5,24.483654,38.738052,37.59034,893.0
2025-01-04 17:00:00,solar.bun_tlc#realenergyintotheload#kwh,BUNDOORA,26.9375,28.908302,30.190125,29.295666,659.0
2025-01-04 18:00:00,solar.bun_tlc#realenergyintotheload#kwh,BUNDOORA,17.90625,19.71292,20.936255,20.315966,448.0
2025-01-04 19:00:00,solar.bun_tlc#realenergyintotheload#kwh,BUNDOORA,10.625,12.145484,8.006379,7.7691703,165.0
2025-01-04 20:00:00,solar.bun_tlc#realenergyintotheload#kwh,BUNDOORA,3.25,9.639183,2.611279,2.5339134,56.0
2025-01-04 21:00:00,solar.bun_tlc#realenergyintotheload#kwh,BUNDOORA,0.96875,5.5757904,0.01320471,0.012813487,0.0
2025-01-04 22:00:00,solar.bun_tlc#realenergyintotheload#kwh,BUNDOORA,0.0,0.49794057,-0.008149201,0.0,0.0
2025-01-04 23:00:00,solar.bun_tlc#realenergyintotheload#kwh,BUNDOORA,0.0,-0.014567785,-0.013982336,0.0,0.0
2025-01-05 00:00:00,solar.bun_tlc#realenergyintotheload#kwh,BUNDOORA,0.0,-0.13223368,-0.0055058175,0.0,0.0
2025-01-05 01:00:00,solar.bun_tlc#realenergyintotheload#kwh,BUNDOORA,0.0,-0.13969482,-0.0055630435,0.0,0.0
2025-01-05 02:00:00,solar.bun_tlc#realenergyintotheload#kwh,BUNDOORA,0.0,-0.09328972,-0.00012039242,0.0,0.0
2025-01-05 03:00:00,solar.bun_tlc#realenergyintotheload#kwh,BUNDOORA,0.0,-0.08102256,0.0069536897,0.006747669,0.0
2025-01-05 04:00:00,solar.bun_tlc#realenergyintotheload#kwh,BUNDOORA,0.0,0.020656275,-0.0066809147,0.0,0.0
2025-01-05 05:00:00,solar.bun_tlc#realenergyintotheload#kwh,BUNDOORA,0.0,-0.05035712,-0.0044293613,0.0,0.0
2025-01-05 06:00:00,solar.bun_tlc#realenergyintotheload#kwh,BUNDOORA,0.0,0.27347118,0.0126557015,0.0122807445,0.0
2025-01-05 07:00:00,solar.bun_tlc#realenergyintotheload#kwh,BUNDOORA,0.4375,1.9480832,1.3437175,1.3039064,32.0
2025-01-05 08:00:00,solar.bun_tlc#realenergyintotheload#kwh,BUNDOORA,3.03125,6.36089,5.5830727,5.41766,127.0
2025-01-05 09:00:00,solar.bun_tlc#realenergyintotheload#kwh,BUNDOORA,8.5,14.854255,14.504484,14.074753,297.0
2025-01-05 10:00:00,solar.bun_tlc#realenergyintotheload#kwh,BUNDOORA,13.34375,13.56106,12.045614,11.688733,262.0
2025-01-05 11:00:00,solar.bun_tlc#realenergyintotheload#kwh,BUNDOORA,25.5625,33.695843,33.93832,32.93281,749.0
2025-01-05 12:00:00,solar.bun_tlc#realenergyintotheload#kwh,BUNDOORA,39.59375,36.6257,38.935783,37.782215,906.0
2025-01-05 13:00:00,solar.bun_tlc#realenergyintotheload#kwh,BUNDOORA,31.6875,38.586056,39.669556,38.494247,948.0
2025-01-05 14:00:00,solar.bun_tlc#realenergyintotheload#kwh,BUNDOORA,28.15625,26.450195,24.798239,24.063528,557.0
2025-01-05 15:00:00,solar.bun_tlc#realenergyintotheload#kwh,BUNDOORA,30.875,20.427366,20.21,19.611227,441.0
2025-01-05 16:00:00,solar.bun_tlc#realenergyintotheload#kwh,BUNDOORA,21.65625,19.982363,17.179016,16.670044,381.0
2025-01-05 17:00:00,solar.bun_tlc#realenergyintotheload#kwh,BUNDOORA,10.96875,11.327858,5.8233075,5.6507773,119.0
2025-01-05 18:00:00,solar.bun_tlc#realenergyintotheload#kwh,BUNDOORA,2.84375,6.743955,2.3897452,2.318943,46.0
2025-01-05 19:00:00,solar.bun_tlc#realenergyintotheload#kwh,BUNDOORA,0.40625,7.9548736,2.4038303,2.3326108,52.0
2025-01-05 20:00:00,solar.bun_tlc#realenergyintotheload#kwh,BUNDOORA,0.28125,8.329948,1.0012496,0.97158504,24.0
2025-01-05 21:00:00,solar.bun_tlc#realenergyintotheload#kwh,BUNDOORA,0.03125,11.589927,0.08925586,0.086611435,0.0
2025-01-05 22:00:00,solar.bun_tlc#realenergyintotheload#kwh,BUNDOORA,0.0,3.2286434,0.008419819,0.008170361,0.0
2025-01-05 23:00:00,solar.bun_tlc#realenergyintotheload#kwh,BUNDOORA,0.0,0.6642789,0.0065606725,0.006366296,0.0
2025-01-06 00:00:00,solar.bun_tlc#realenergyintotheload#kwh,BUNDOORA,0.0,0.21084242,0.008952234,0.008687002,0.0
2025-01-06 01:00:00,solar.bun_tlc#realenergyintotheload#kwh,BUNDOORA,0.0,0.5153653,0.010732428,0.010414453,0.0
2025-01-06 02:00:00,solar.bun_tlc#realenergyintotheload#kwh,BUNDOORA,0.0,0.3469259,0.014493349,0.014063947,0.0
2025-01-06 03:00:00,solar.bun_tlc#realenergyintotheload#kwh,BUNDOORA,0.0,0.05567707,0.014493349,0.014063947,0.0
2025-01-06 04:00:00,solar.bun_tlc#realenergyintotheload#kwh,BUNDOORA,0.0,0.14065947,-0.01115495,0.0,0.0
2025-01-06 05:00:00,solar.bun_tlc#realenergyintotheload#kwh,BUNDOORA,0.0,1.5624225,0.006485276,0.0062931334,0.0
2025-01-06 06:00:00,solar.bun_tlc#realenergyintotheload#kwh,BUNDOORA,0.0,3.3142142,0.0015785878,0.0015318182,0.0
2025-01-06 07:00:00,solar.bun_tlc#realenergyintotheload#kwh,BUNDOORA,0.1875,3.9084754,0.86834973,0.8426227,23.0
2025-01-06 08:00:00,solar.bun_tlc#realenergyintotheload#kwh,BUNDOORA,0.46875,3.3569903,2.9623268,2.8745604,63.0
2025-01-06 09:00:00,solar.bun_tlc#realenergyintotheload#kwh,BUNDOORA,0.8125,2.1069198,2.9958725,2.9071124,68.0
2025-01-06 10:00:00,solar.bun_tlc#realenergyintotheload#kwh,BUNDOORA,0.78125,2.0672238,1.6910478,1.6409463,39.0
2025-01-06 11:00:00,solar.bun_tlc#realenergyintotheload#kwh,BUNDOORA,2.0625,3.9707134,4.150572,4.027601,84.0
2025-01-06 12:00:00,solar.bun_tlc#realenergyintotheload#kwh,BUNDOORA,4.625,5.110871,7.7853947,7.554733,163.0
2025-01-06 13:00:00,solar.bun_tlc#realenergyintotheload#kwh,BUNDOORA,7.40625,6.013336,7.701371,7.473199,159.0
2025-01-06 14:00:00,solar.bun_tlc#realenergyintotheload#kwh,BUNDOORA,10.09375,8.3914585,11.460156,11.120621,252.0
2025-01-06 15:00:00,solar.bun_tlc#realenergyintotheload#kwh,BUNDOORA,8.59375,6.651717,8.936832,8.672056,196.0
2025-01-06 16:00:00,solar.bun_tlc#realenergyintotheload#kwh,BUNDOORA,8.09375,6.961345,6.972308,6.765736,149.0
2025-01-06 17:00:00,solar.bun_tlc#realenergyintotheload#kwh,BUNDOORA,7.5,10.340591,4.4055243,4.2749996,97.0
2025-01-06 18:00:00,solar.bun_tlc#realenergyintotheload#kwh,BUNDOORA,10.15625,8.634636,8.540586,8.28755,181.0
2025-01-06 19:00:00,solar.bun_tlc#realenergyintotheload#kwh,BUNDOORA,6.9375,8.629133,9.105466,8.835693,191.0
2025-01-06 20:00:00,solar.bun_tlc#realenergyintotheload#kwh,BUNDOORA,3.71875,3.8734682,2.3813334,2.3107803,59.0
2025-01-06 21:00:00,solar.bun_tlc#realenergyintotheload#kwh,BUNDOORA,0.4375,4.3800206,0.019039435,0.018475344,2.0
2025-01-06 22:00:00,solar.bun_tlc#realenergyintotheload#kwh,BUNDOORA,0.0,4.875097,0.0062328465,0.006048183,0.0
2025-01-06 23:00:00,solar.bun_tlc#realenergyintotheload#kwh,BUNDOORA,0.0,1.003162,0.0064900178,0.0062977346,0.0
2025-01-07 00:00:00,solar.bun_tlc#realenergyintotheload#kwh,BUNDOORA,0.0,0.2730464,0.00051194197,0.0004967744,0.0
2025-01-07 01:00:00,solar.bun_tlc#realenergyintotheload#kwh,BUNDOORA,0.0,0.16362397,-0.0041820924,0.0,0.0
2025-01-07 02:00:00,solar.bun_tlc#realenergyintotheload#kwh,BUNDOORA,0.0,0.08610811,0.00077037344,0.00074754923,0.0
2025-01-07 03:00:00,solar.bun_tlc#realenergyintotheload#kwh,BUNDOORA,0.0,0.052884836,0.0013055853,0.0012669041,0.0
2025-01-07 04:00:00,solar.bun_tlc#realenergyintotheload#kwh,BUNDOORA,0.0,0.071886964,0.0013688041,0.0013282499,0.0
2025-01-07 05:00:00,solar.bun_tlc#realenergyintotheload#kwh,BUNDOORA,0.0,0.51254857,0.0014016042,0.0013600781,0.0
2025-01-07 06:00:00,solar.bun_tlc#realenergyintotheload#kwh,BUNDOORA,0.0,1.496092,0.0026675987,0.0025885643,0.0
2025-01-07 07:00:00,solar.bun_tlc#realenergyintotheload#kwh,BUNDOORA,0.90625,1.3946623,2.9701455,2.8821476,63.0
2025-01-07 08:00:00,solar.bun_tlc#realenergyintotheload#kwh,BUNDOORA,5.3125,6.584527,12.7881155,12.409236,271.0
2025-01-07 09:00:00,solar.bun_tlc#realenergyintotheload#kwh,BUNDOORA,16.34375,22.423582,24.138279,23.423122,495.0
2025-01-07 10:00:00,solar.bun_tlc#realenergyintotheload#kwh,BUNDOORA,29.3125,25.49284,32.776855,31.80576,703.0
2025-01-07 11:00:00,solar.bun_tlc#realenergyintotheload#kwh,BUNDOORA,38.125,36.637997,38.666386,37.520798,878.0
2025-01-07 12:00:00,solar.bun_tlc#realenergyintotheload#kwh,BUNDOORA,42.625,40.224426,43.147556,41.8692,1001.0
2025-01-07 13:00:00,solar.bun_tlc#realenergyintotheload#kwh,BUNDOORA,43.46875,41.352215,44.39354,43.07827,1070.0
2025-01-07 14:00:00,solar.bun_tlc#realenergyintotheload#kwh,BUNDOORA,38.71875,37.684772,42.266148,41.01391,1001.0
2025-01-07 15:00:00,solar.bun_tlc#realenergyintotheload#kwh,BUNDOORA,33.5625,37.30482,39.101543,37.94306,916.0
2025-01-07 16:00:00,solar.bun_tlc#realenergyintotheload#kwh,BUNDOORA,40.65625,32.6132,37.45064,36.341072,874.0
2025-01-07 17:00:00,solar.bun_tlc#realenergyintotheload#kwh,BUNDOORA,36.1875,26.504866,34.17871,33.16608,747.0
2025-01-07 18:00:00,solar.bun_tlc#realenergyintotheload#kwh,BUNDOORA,26.90625,27.897343,25.389902,24.637663,552.0
2025-01-07 19:00:00,solar.bun_tlc#realenergyintotheload#kwh,BUNDOORA,12.75,25.561329,15.7192745,15.2535515,340.0
2025-01-07 20:00:00,solar.bun_tlc#realenergyintotheload#kwh,BUNDOORA,3.59375,26.913092,4.7263536,4.5863237,135.0
2025-01-07 21:00:00,solar.bun_tlc#realenergyintotheload#kwh,BUNDOORA,0.34375,12.089487,0.017939962,0.017408445,2.0
2025-01-07 22:00:00,solar.bun_tlc#realenergyintotheload#kwh,BUNDOORA,0.0,4.686546,0.003253604,0.003157208,0.0
2025-01-07 23:00:00,solar.bun_tlc#realenergyintotheload#kwh,BUNDOORA,0.0,1.0884951,-0.0024941775,0.0,0.0
2025-01-08 00:00:00,solar.bun_tlc#realenergyintotheload#kwh,BUNDOORA,0.0,0.31813055,0.008116856,0.007876374,0.0
2025-01-08 01:00:00,solar.bun_tlc#realenergyintotheload#kwh,BUNDOORA,0.0,0.21824491,0.008116856,0.007876374,0.0
2025-01-08 02:00:00,solar.bun_tlc#realenergyintotheload#kwh,BUNDOORA,0.0,0.10763343,0.0010651249,0.0010335679,0.0
2025-01-08 03:00:00,solar.bun_tlc#realenergyintotheload#kwh,BUNDOORA,0.0,0.09549419,0.001774617,0.0017220395,0.0
2025-01-08 04:00:00,solar.bun_tlc#realenergyintotheload#kwh,BUNDOORA,0.0,0.0900751,0.001774617,0.0017220395,0.0
2025-01-08 05:00:00,solar.bun_tlc#realenergyintotheload#kwh,BUNDOORA,0.0,0.5158204,0.0015363984,0.0014908788,0.0
2025-01-08 06:00:00,solar.bun_tlc#realenergyintotheload#kwh,BUNDOORA,0.0,2.022808,0.0009713856,0.0009426059,0.0
2025-01-08 07:00:00,solar.bun_tlc#realenergyintotheload#kwh,BUNDOORA,0.59375,3.0027351,3.266261,3.1694899,71.0
2025-01-08 08:00:00,solar.bun_tlc#realenergyintotheload#kwh,BUNDOORA,4.75,17.378393,13.843357,13.433213,262.0
2025-01-08 09:00:00,solar.bun_tlc#realenergyintotheload#kwh,BUNDOORA,15.8125,20.565668,23.420525,22.726633,473.0
2025-01-08 10:00:00,solar.bun_tlc#realenergyintotheload#kwh,BUNDOORA,4.21875,27.20987,32.24658,31.291193,676.0
2025-01-08 11:00:00,solar.bun_tlc#realenergyintotheload#kwh,BUNDOORA,0.0,19.843845,37.319397,36.213715,848.0
2025-01-08 12:00:00,solar.bun_tlc#realenergyintotheload#kwh,BUNDOORA,0.0,33.35205,42.990433,41.716732,974.0
2025-01-08 13:00:00,solar.bun_tlc#realenergyintotheload#kwh,BUNDOORA,0.0,34.855263,43.669174,42.375366,1046.0
2025-01-08 14:00:00,solar.bun_tlc#realenergyintotheload#kwh,BUNDOORA,0.0,35.953285,44.28225,42.970276,1033.0
2025-01-08 15:00:00,solar.bun_tlc#realenergyintotheload#kwh,BUNDOORA,0.0,35.15735,37.815475,36.6951,872.0
2025-01-08 16:00:00,solar.bun_tlc#realenergyintotheload#kwh,BUNDOORA,16.96875,35.230743,38.0742,36.946156,845.0
2025-01-08 17:00:00,solar.bun_tlc#realenergyintotheload#kwh,BUNDOORA,33.71875,37.272274,34.277767,33.262203,740.0
2025-01-08 18:00:00,solar.bun_tlc#realenergyintotheload#kwh,BUNDOORA,26.09375,31.067074,24.991917,24.251469,547.0
2025-01-08 19:00:00,solar.bun_tlc#realenergyintotheload#kwh,BUNDOORA,13.6875,26.938229,14.824596,14.385381,337.0
2025-01-08 20:00:00,solar.bun_tlc#realenergyintotheload#kwh,BUNDOORA,2.9375,12.306612,4.2370925,4.111558,97.0
2025-01-08 21:00:00,solar.bun_tlc#realenergyintotheload#kwh,BUNDOORA,0.5625,2.060747,-0.0077260905,0.0,0.0
2025-01-08 22:00:00,solar.bun_tlc#realenergyintotheload#kwh,BUNDOORA,0.0,0.53845346,0.007036766,0.0068282844,0.0
2025-01-08 23:00:00,solar.bun_tlc#realenergyintotheload#kwh,BUNDOORA,0.0,-0.38545546,0.028342055,0.02750235,0.0
2025-01-09 00:00:00,solar.bun_tlc#realenergyintotheload#kwh,BUNDOORA,0.0,-0.3506044,0.027993858,0.02716447,0.0
2025-01-09 01:00:00,solar.bun_tlc#realenergyintotheload#kwh,BUNDOORA,0.0,-0.015977293,0.028334105,0.027494637,0.0
2025-01-09 02:00:00,solar.bun_tlc#realenergyintotheload#kwh,BUNDOORA,0.0,-0.07460004,0.023513665,0.022817014,0.0
2025-01-09 03:00:00,solar.bun_tlc#realenergyintotheload#kwh,BUNDOORA,0.0,-0.5412415,0.022798058,0.022122608,0.0
2025-01-09 04:00:00,solar.bun_tlc#realenergyintotheload#kwh,BUNDOORA,0.0,0.22414099,0.015374449,0.014918943,0.0
2025-01-09 05:00:00,solar.bun_tlc#realenergyintotheload#kwh,BUNDOORA,0.0,0.4856422,0.002245172,0.0021786531,0.0
2025-01-09 06:00:00,solar.bun_tlc#realenergyintotheload#kwh,BUNDOORA,0.0,1.236677,0.01610193,0.015624871,0.0
2025-01-09 07:00:00,solar.bun_tlc#realenergyintotheload#kwh,BUNDOORA,1.09375,4.7178416,2.435069,2.362924,54.0
2025-01-09 08:00:00,solar.bun_tlc#realenergyintotheload#kwh,BUNDOORA,7.0,8.985071,8.918504,8.654271,188.0
2025-01-09 09:00:00,solar.bun_tlc#realenergyintotheload#kwh,BUNDOORA,13.4375,20.5022,20.322561,19.720455,416.0
2025-01-09 10:00:00,solar.bun_tlc#realenergyintotheload#kwh,BUNDOORA,17.03125,21.542524,18.333961,17.790771,380.0
2025-01-09 11:00:00,solar.bun_tlc#realenergyintotheload#kwh,BUNDOORA,31.125,34.72805,36.789635,35.69965,815.0
2025-01-09 12:00:00,solar.bun_tlc#realenergyintotheload#kwh,BUNDOORA,36.28125,40.51829,41.433575,40.206,961.0
2025-01-09 13:00:00,solar.bun_tlc#realenergyintotheload#kwh,BUNDOORA,26.65625,27.769825,25.762634,24.999352,577.0
2025-01-09 14:00:00,solar.bun_tlc#realenergyintotheload#kwh,BUNDOORA,31.21875,26.555464,23.877283,23.169859,550.0
2025-01-09 15:00:00,solar.bun_tlc#realenergyintotheload#kwh,BUNDOORA,25.78125,30.551342,31.281542,30.354748,687.0
2025-01-09 16:00:00,solar.bun_tlc#realenergyintotheload#kwh,BUNDOORA,31.1875,38.54953,37.67337,36.5572,846.0
2025-01-09 17:00:00,solar.bun_tlc#realenergyintotheload#kwh,BUNDOORA,30.21875,25.660767,28.047564,27.216585,592.0
2025-01-09 18:00:00,solar.bun_tlc#realenergyintotheload#kwh,BUNDOORA,23.1875,23.710793,23.9085,23.200151,498.0
2025-01-09 19:00:00,solar.bun_tlc#realenergyintotheload#kwh,BUNDOORA,8.5,11.251446,7.7649856,7.5349283,170.0
2025-01-09 20:00:00,solar.bun_tlc#realenergyintotheload#kwh,BUNDOORA,3.96875,9.292888,2.0262136,1.966182,48.0
2025-01-09 21:00:00,solar.bun_tlc#realenergyintotheload#kwh,BUNDOORA,0.15625,4.8608913,-0.006130383,0.0,0.0
2025-01-09 22:00:00,solar.bun_tlc#realenergyintotheload#kwh,BUNDOORA,0.0,1.0466682,-0.011956214,0.0,0.0
2025-01-09 23:00:00,solar.bun_tlc#realenergyintotheload#kwh,BUNDOORA,0.0,-0.071750954,-0.010762123,0.0,0.0
2025-01-10 00:00:00,solar.bun_tlc#realenergyintotheload#kwh,BUNDOORA,0.0,0.16633661,-0.0043900064,0.0,0.0
2025-01-10 01:00:00,solar.bun_tlc#realenergyintotheload#kwh,BUNDOORA,0.0,-0.17356846,0.017776608,0.017249933,0.0
2025-01-10 02:00:00,solar.bun_tlc#realenergyintotheload#kwh,BUNDOORA,0.0,-0.14587365,0.023481185,0.022785496,0.0
2025-01-10 03:00:00,solar.bun_tlc#realenergyintotheload#kwh,BUNDOORA,0.0,-0.119748324,0.024684934,0.023953581,0.0
2025-01-10 04:00:00,solar.bun_tlc#realenergyintotheload#kwh,BUNDOORA,0.0,0.4081073,0.028655704,0.027806707,0.0
2025-01-10 05:00:00,solar.bun_tlc#realenergyintotheload#kwh,BUNDOORA,0.0,0.990719,0.02948597,0.028612375,0.0
2025-01-10 06:00:00,solar.bun_tlc#realenergyintotheload#kwh,BUNDOORA,0.0,1.872399,0.02948597,0.028612375,0.0
2025-01-10 07:00:00,solar.bun_tlc#realenergyintotheload#kwh,BUNDOORA,0.46875,3.487532,1.5644674,1.5181161,35.0
2025-01-10 08:00:00,solar.bun_tlc#realenergyintotheload#kwh,BUNDOORA,2.46875,10.57259,7.0350723,6.8266406,157.0
2025-01-10 09:00:00,solar.bun_tlc#realenergyintotheload#kwh,BUNDOORA,6.40625,12.968397,14.474482,14.045639,294.0
2025-01-10 10:00:00,solar.bun_tlc#realenergyintotheload#kwh,BUNDOORA,20.34375,25.934954,27.323885,26.514347,564.0
2025-01-10 11:00:00,solar.bun_tlc#realenergyintotheload#kwh,BUNDOORA,33.09375,36.77607,38.55403,37.41177,838.0
2025-01-10 12:00:00,solar.bun_tlc#realenergyintotheload#kwh,BUNDOORA,38.15625,41.13566,41.69876,40.46333,969.0
2025-01-10 13:00:00,solar.bun_tlc#realenergyintotheload#kwh,BUNDOORA,36.8125,39.684387,42.908817,41.637535,992.0
2025-01-10 14:00:00,solar.bun_tlc#realenergyintotheload#kwh,BUNDOORA,35.84375,39.30658,42.626755,41.36383,994.0
2025-01-10 15:00:00,solar.bun_tlc#realenergyintotheload#kwh,BUNDOORA,26.34375,31.27976,34.901936,33.867878,766.0
2025-01-10 16:00:00,solar.bun_tlc#realenergyintotheload#kwh,BUNDOORA,36.34375,35.41458,39.540497,38.36901,889.0
2025-01-10 17:00:00,solar.bun_tlc#realenergyintotheload#kwh,BUNDOORA,34.0,24.26952,32.862633,31.888994,730.0
2025-01-10 18:00:00,solar.bun_tlc#realenergyintotheload#kwh,BUNDOORA,27.28125,27.262005,20.77097,20.155577,444.0
2025-01-10 19:00:00,solar.bun_tlc#realenergyintotheload#kwh,BUNDOORA,15.46875,28.195135,14.791955,14.353706,325.0
2025-01-10 20:00:00,solar.bun_tlc#realenergyintotheload#kwh,BUNDOORA,3.96875,21.686846,3.7146223,3.6045673,102.0
2025-01-10 21:00:00,solar.bun_tlc#realenergyintotheload#kwh,BUNDOORA,0.375,10.314359,0.029532788,0.028657805,2.0
2025-01-10 22:00:00,solar.bun_tlc#realenergyintotheload#kwh,BUNDOORA,0.0,4.4122906,-6.7294604e-06,0.0,0.0
2025-01-10 23:00:00,solar.bun_tlc#realenergyintotheload#kwh,BUNDOORA,0.0,0.33245695,0.00061172794,0.000593604,0.0
2025-01-11 00:00:00,solar.bun_tlc#realenergyintotheload#kwh,BUNDOORA,0.0,0.20510495,0.0018496229,0.0017948232,0.0
2025-01-11 01:00:00,solar.bun_tlc#realenergyintotheload#kwh,BUNDOORA,0.0,0.7932693,-0.0050864755,0.0,0.0
2025-01-11 02:00:00,solar.bun_tlc#realenergyintotheload#kwh,BUNDOORA,0.0,0.49955893,0.00012316082,0.00011951187,0.0
2025-01-11 03:00:00,solar.bun_tlc#realenergyintotheload#kwh,BUNDOORA,0.0,0.16041902,-0.0011147344,0.0,0.0
2025-01-11 04:00:00,solar.bun_tlc#realenergyintotheload#kwh,BUNDOORA,0.0,-0.073313646,-0.0016052551,0.0,0.0
2025-01-11 05:00:00,solar.bun_tlc#realenergyintotheload#kwh,BUNDOORA,0.0,2.0069318,-0.0016052551,0.0,0.0
2025-01-11 06:00:00,solar.bun_tlc#realenergyintotheload#kwh,BUNDOORA,0.0,5.7034526,0.0008900565,0.0008636863,0.0
2025-01-11 07:00:00,solar.bun_tlc#realenergyintotheload#kwh,BUNDOORA,0.5,10.109464,2.521589,2.4468806,59.0
2025-01-11 08:00:00,solar.bun_tlc#realenergyintotheload#kwh,BUNDOORA,4.21875,11.322764,10.361572,10.0545845,243.0
2025-01-11 09:00:00,solar.bun_tlc#realenergyintotheload#kwh,BUNDOORA,14.5625,21.255896,21.06347,20.439413,452.0
2025-01-11 10:00:00,solar.bun_tlc#realenergyintotheload#kwh,BUNDOORA,26.46875,31.596037,31.386124,30.456232,651.0
2025-01-11 11:00:00,solar.bun_tlc#realenergyintotheload#kwh,BUNDOORA,35.0,25.618979,36.575066,35.491436,826.0
2025-01-11 12:00:00,solar.bun_tlc#realenergyintotheload#kwh,BUNDOORA,39.625,31.374176,41.920998,40.67898,953.0
2025-01-11 13:00:00,solar.bun_tlc#realenergyintotheload#kwh,BUNDOORA,41.25,33.66837,41.135056,39.91633,1025.0
2025-01-11 14:00:00,solar.bun_tlc#realenergyintotheload#kwh,BUNDOORA,38.25,33.7161,35.12363,34.083004,794.0
2025-01-11 15:00:00,solar.bun_tlc#realenergyintotheload#kwh,BUNDOORA,18.53125,27.498158,24.78993,24.055466,542.0
2025-01-11 16:00:00,solar.bun_tlc#realenergyintotheload#kwh,BUNDOORA,19.71875,24.729107,19.10363,18.537638,409.0
2025-01-11 17:00:00,solar.bun_tlc#realenergyintotheload#kwh,BUNDOORA,28.71875,35.975277,32.175903,31.222612,716.0
2025-01-11 18:00:00,solar.bun_tlc#realenergyintotheload#kwh,BUNDOORA,15.84375,20.139843,9.703125,9.415646,207.0
2025-01-11 19:00:00,solar.bun_tlc#realenergyintotheload#kwh,BUNDOORA,1.25,18.68159,4.282198,4.1553273,99.0
2025-01-11 20:00:00,solar.bun_tlc#realenergyintotheload#kwh,BUNDOORA,4.0625,22.20677,3.0738766,2.9828053,76.0
2025-01-11 21:00:00,solar.bun_tlc#realenergyintotheload#kwh,BUNDOORA,0.65625,11.959301,-0.0011649176,0.0,1.0
2025-01-11 22:00:00,solar.bun_tlc#realenergyintotheload#kwh,BUNDOORA,0.0,5.4809713,0.0015962708,0.0015489773,0.0
2025-01-11 23:00:00,solar.bun_tlc#realenergyintotheload#kwh,BUNDOORA,0.0,0.22203138,0.0015962708,0.0015489773,0.0
2025-01-12 00:00:00,solar.bun_tlc#realenergyintotheload#kwh,BUNDOORA,0.0,-0.1630957,-0.0039826045,0.0,0.0
2025-01-12 01:00:00,solar.bun_tlc#realenergyintotheload#kwh,BUNDOORA,0.0,0.078315794,0.0047185034,0.004578706,0.0
2025-01-12 02:00:00,solar.bun_tlc#realenergyintotheload#kwh,BUNDOORA,0.0,-0.55420077,0.0034681286,0.0033653767,0.0
2025-01-12 03:00:00,solar.bun_tlc#realenergyintotheload#kwh,BUNDOORA,0.0,-0.45664597,0.0012167068,0.0011806588,0.0
2025-01-12 04:00:00,solar.bun_tlc#realenergyintotheload#kwh,BUNDOORA,0.0,0.2140251,0.009343696,0.009066866,0.0
2025-01-12 05:00:00,solar.bun_tlc#realenergyintotheload#kwh,BUNDOORA,0.0,3.6625733,0.0032249494,0.0031294022,0.0
2025-01-12 06:00:00,solar.bun_tlc#realenergyintotheload#kwh,BUNDOORA,0.0,5.68906,0.008709426,0.008451387,0.0
2025-01-12 07:00:00,solar.bun_tlc#realenergyintotheload#kwh,BUNDOORA,0.6875,2.3594265,1.4625931,1.4192601,35.0
2025-01-12 08:00:00,solar.bun_tlc#realenergyintotheload#kwh,BUNDOORA,4.0,3.2831912,7.3164225,7.099655,185.0
2025-01-12 09:00:00,solar.bun_tlc#realenergyintotheload#kwh,BUNDOORA,2.53125,15.1271305,18.003986,17.470573,381.0
2025-01-12 10:00:00,solar.bun_tlc#realenergyintotheload#kwh,BUNDOORA,0.0,12.963211,22.097479,21.442785,470.0
2025-01-12 11:00:00,solar.bun_tlc#realenergyintotheload#kwh,BUNDOORA,0.0,19.965797,15.368155,14.912834,333.0
2025-01-12 12:00:00,solar.bun_tlc#realenergyintotheload#kwh,BUNDOORA,0.0,15.57218,8.08327,7.843783,175.0
2025-01-12 13:00:00,solar.bun_tlc#realenergyintotheload#kwh,BUNDOORA,0.0,7.1260796,1.5302,1.484864,34.0
2025-01-12 14:00:00,solar.bun_tlc#realenergyintotheload#kwh,BUNDOORA,0.0,6.5140595,6.0228596,5.844417,131.0
2025-01-12 15:00:00,solar.bun_tlc#realenergyintotheload#kwh,BUNDOORA,0.0,9.868878,12.00533,11.649642,259.0
2025-01-12 16:00:00,solar.bun_tlc#realenergyintotheload#kwh,BUNDOORA,0.0,5.899303,3.3671443,3.2673843,73.0
2025-01-12 17:00:00,solar.bun_tlc#realenergyintotheload#kwh,BUNDOORA,0.0,6.7894225,1.5257869,1.4805816,35.0
2025-01-12 18:00:00,solar.bun_tlc#realenergyintotheload#kwh,BUNDOORA,0.0,5.084616,6.5133834,6.3204083,139.0
2025-01-12 19:00:00,solar.bun_tlc#realenergyintotheload#kwh,BUNDOORA,0.0,8.450788,10.341048,10.034669,224.0
2025-01-12 20:00:00,solar.bun_tlc#realenergyintotheload#kwh,BUNDOORA,0.6875,6.5998344,3.0231075,2.9335403,82.0
2025-01-12 21:00:00,solar.bun_tlc#realenergyintotheload#kwh,BUNDOORA,0.59375,2.8277645,0.0041819606,0.00405806,1.0
2025-01-12 22:00:00,solar.bun_tlc#realenergyintotheload#kwh,BUNDOORA,0.0,2.748984,0.00046430528,0.00045054907,0.0
2025-01-12 23:00:00,solar.bun_tlc#realenergyintotheload#kwh,BUNDOORA,0.0,0.21540177,0.00045359923,0.00044016022,0.0
2025-01-13 00:00:00,solar.bun_tlc#realenergyintotheload#kwh,BUNDOORA,0.0,0.28843462,0.0011988175,0.0011632995,0.0
2025-01-13 01:00:00,solar.bun_tlc#realenergyintotheload#kwh,BUNDOORA,0.0,0.38006425,0.0011368046,0.0011031239,0.0
2025-01-13 02:00:00,solar.bun_tlc#realenergyintotheload#kwh,BUNDOORA,0.0,0.14268532,0.0012551841,0.0012179961,0.0
2025-01-13 03:00:00,solar.bun_tlc#realenergyintotheload#kwh,BUNDOORA,0.0,0.012031751,0.0017288143,0.0016775939,0.0
2025-01-13 04:00:00,solar.bun_tlc#realenergyintotheload#kwh,BUNDOORA,0.0,0.011767363,0.001056994,0.0010256779,0.0
2025-01-13 05:00:00,solar.bun_tlc#realenergyintotheload#kwh,BUNDOORA,0.0,0.64744335,0.0022164583,0.0021507903,0.0
2025-01-13 06:00:00,solar.bun_tlc#realenergyintotheload#kwh,BUNDOORA,0.0,1.508725,0.0022164583,0.0021507903,0.0
2025-01-13 07:00:00,solar.bun_tlc#realenergyintotheload#kwh,BUNDOORA,0.21875,1.1695416,1.3102063,1.2713882,33.0
2025-01-13 08:00:00,solar.bun_tlc#realenergyintotheload#kwh,BUNDOORA,2.0,5.5959744,4.5367627,4.40235,112.0
2025-01-13 09:00:00,solar.bun_tlc#realenergyintotheload#kwh,BUNDOORA,5.1875,8.336088,9.919374,9.625488,216.0
2025-01-13 10:00:00,solar.bun_tlc#realenergyintotheload#kwh,BUNDOORA,15.0625,14.019808,23.979242,23.268797,510.0
2025-01-13 11:00:00,solar.bun_tlc#realenergyintotheload#kwh,BUNDOORA,29.9375,25.754133,36.748367,35.659603,816.0
2025-01-13 12:00:00,solar.bun_tlc#realenergyintotheload#kwh,BUNDOORA,40.1875,33.61113,40.768364,39.560497,944.0
2025-01-13 13:00:00,solar.bun_tlc#realenergyintotheload#kwh,BUNDOORA,43.03125,37.44961,44.49504,43.176765,1018.0
2025-01-13 14:00:00,solar.bun_tlc#realenergyintotheload#kwh,BUNDOORA,44.09375,36.030018,44.909473,43.57892,1032.0
2025-01-13 15:00:00,solar.bun_tlc#realenergyintotheload#kwh,BUNDOORA,40.3125,37.31115,41.86274,40.62245,971.0
2025-01-13 16:00:00,solar.bun_tlc#realenergyintotheload#kwh,BUNDOORA,35.4375,24.198904,35.91885,34.854664,787.0
2025-01-13 17:00:00,solar.bun_tlc#realenergyintotheload#kwh,BUNDOORA,33.96875,20.664299,32.88786,31.913475,719.0
2025-01-13 18:00:00,solar.bun_tlc#realenergyintotheload#kwh,BUNDOORA,23.1875,16.891396,24.072786,23.35957,526.0
2025-01-13 19:00:00,solar.bun_tlc#realenergyintotheload#kwh,BUNDOORA,12.96875,9.646743,11.610058,11.266081,253.0
2025-01-13 20:00:00,solar.bun_tlc#realenergyintotheload#kwh,BUNDOORA,3.90625,11.718968,4.500561,4.367221,127.0
2025-01-13 21:00:00,solar.bun_tlc#realenergyintotheload#kwh,BUNDOORA,0.34375,7.803373,0.009115564,0.008845492,1.0
2025-01-13 22:00:00,solar.bun_tlc#realenergyintotheload#kwh,BUNDOORA,0.0,4.2007713,0.0019004818,0.0018441753,0.0
2025-01-13 23:00:00,solar.bun_tlc#realenergyintotheload#kwh,BUNDOORA,0.0,0.496284,0.0008201869,0.00079588685,0.0
2025-01-14 00:00:00,solar.bun_tlc#realenergyintotheload#kwh,BUNDOORA,0.0,0.70522165,-0.00035033285,0.0,0.0
2025-01-14 01:00:00,solar.bun_tlc#realenergyintotheload#kwh,BUNDOORA,0.0,0.3317911,-0.00035033285,0.0,0.0
2025-01-14 02:00:00,solar.bun_tlc#realenergyintotheload#kwh,BUNDOORA,0.0,0.035074048,-0.00029396624,0.0,0.0
2025-01-14 03:00:00,solar.bun_tlc#realenergyintotheload#kwh,BUNDOORA,0.0,0.035074048,-0.00049215637,0.0,0.0
2025-01-14 04:00:00,solar.bun_tlc#realenergyintotheload#kwh,BUNDOORA,0.0,0.03533843,0.00017966414,0.00017434114,0.0
2025-01-14 05:00:00,solar.bun_tlc#realenergyintotheload#kwh,BUNDOORA,0.0,0.11978775,-0.00049215637,0.0,0.0
2025-01-14 06:00:00,solar.bun_tlc#realenergyintotheload#kwh,BUNDOORA,0.0,0.524123,0.000110739034,0.000107458116,0.0
2025-01-14 07:00:00,solar.bun_tlc#realenergyintotheload#kwh,BUNDOORA,0.03125,0.60603523,1.5080682,1.463388,35.0
2025-01-14 08:00:00,solar.bun_tlc#realenergyintotheload#kwh,BUNDOORA,1.03125,4.479376,4.64802,4.5103106,109.0
2025-01-14 09:00:00,solar.bun_tlc#realenergyintotheload#kwh,BUNDOORA,3.34375,4.819527,8.11274,7.8723793,174.0
2025-01-14 10:00:00,solar.bun_tlc#realenergyintotheload#kwh,BUNDOORA,5.71875,9.159032,9.256705,8.982452,197.0
2025-01-14 11:00:00,solar.bun_tlc#realenergyintotheload#kwh,BUNDOORA,19.65625,20.27848,24.336058,23.615042,529.0
2025-01-14 12:00:00,solar.bun_tlc#realenergyintotheload#kwh,BUNDOORA,41.78125,32.63175,40.978195,39.764114,965.0
2025-01-14 13:00:00,solar.bun_tlc#realenergyintotheload#kwh,BUNDOORA,43.5,33.61428,44.68238,43.358555,1041.0
2025-01-14 14:00:00,solar.bun_tlc#realenergyintotheload#kwh,BUNDOORA,44.28125,35.12448,44.825264,43.497204,1056.0
2025-01-14 15:00:00,solar.bun_tlc#realenergyintotheload#kwh,BUNDOORA,43.53125,34.352047,43.64914,42.355923,1008.0
2025-01-14 16:00:00,solar.bun_tlc#realenergyintotheload#kwh,BUNDOORA,40.40625,27.241892,39.796093,38.617035,900.0
2025-01-14 17:00:00,solar.bun_tlc#realenergyintotheload#kwh,BUNDOORA,31.3125,29.073574,33.81353,32.811718,741.0
2025-01-14 18:00:00,solar.bun_tlc#realenergyintotheload#kwh,BUNDOORA,26.46875,30.512093,24.732704,23.999935,549.0
2025-01-14 19:00:00,solar.bun_tlc#realenergyintotheload#kwh,BUNDOORA,14.0625,28.720167,15.277999,14.82535,337.0
2025-01-14 20:00:00,solar.bun_tlc#realenergyintotheload#kwh,BUNDOORA,3.65625,20.726898,4.629343,4.492187,131.0
2025-01-14 21:00:00,solar.bun_tlc#realenergyintotheload#kwh,BUNDOORA,0.28125,9.341702,-0.0024513593,0.0,2.0
2025-01-14 22:00:00,solar.bun_tlc#realenergyintotheload#kwh,BUNDOORA,0.0,3.9349732,0.02147624,0.020839954,0.0
2025-01-14 23:00:00,solar.bun_tlc#realenergyintotheload#kwh,BUNDOORA,0.0,0.63682306,0.015247692,0.014795941,0.0
2025-01-15 00:00:00,solar.bun_tlc#realenergyintotheload#kwh,BUNDOORA,0.0,0.06514468,0.013302917,0.012908785,0.0
2025-01-15 01:00:00,solar.bun_tlc#realenergyintotheload#kwh,BUNDOORA,0.0,0.0890854,0.020924045,0.020304117,0.0
2025-01-15 02:00:00,solar.bun_tlc#realenergyintotheload#kwh,BUNDOORA,0.0,0.06001309,0.011401888,0.011064079,0.0
2025-01-15 03:00:00,solar.bun_tlc#realenergyintotheload#kwh,BUNDOORA,0.0,-0.05165535,0.020563092,0.019953858,0.0
2025-01-15 04:00:00,solar.bun_tlc#realenergyintotheload#kwh,BUNDOORA,0.0,0.05095848,0.025808485,0.025043845,0.0
2025-01-15 05:00:00,solar.bun_tlc#realenergyintotheload#kwh,BUNDOORA,0.0,0.43599743,0.016366769,0.015881862,0.0
2025-01-15 06:00:00,solar.bun_tlc#realenergyintotheload#kwh,BUNDOORA,0.0,1.0422578,0.02303773,0.02235518,0.0
2025-01-15 07:00:00,solar.bun_tlc#realenergyintotheload#kwh,BUNDOORA,0.59375,6.212026,1.5231885,1.4780602,34.0
2025-01-15 08:00:00,solar.bun_tlc#realenergyintotheload#kwh,BUNDOORA,4.3125,13.146998,4.915562,4.7699265,127.0
2025-01-15 09:00:00,solar.bun_tlc#realenergyintotheload#kwh,BUNDOORA,4.03125,12.134144,6.548721,6.3546987,140.0
2025-01-15 10:00:00,solar.bun_tlc#realenergyintotheload#kwh,BUNDOORA,3.3125,14.944529,4.8855295,4.7407837,105.0
2025-01-15 11:00:00,solar.bun_tlc#realenergyintotheload#kwh,BUNDOORA,6.4375,18.053375,7.080827,6.87104,156.0
2025-01-15 12:00:00,solar.bun_tlc#realenergyintotheload#kwh,BUNDOORA,16.09375,15.13627,16.74368,16.247606,351.0
2025-01-15 13:00:00,solar.bun_tlc#realenergyintotheload#kwh,BUNDOORA,17.25,15.527288,22.461283,21.79581,485.0
2025-01-15 14:00:00,solar.bun_tlc#realenergyintotheload#kwh,BUNDOORA,17.90625,15.513613,24.073624,23.360382,528.0
2025-01-15 15:00:00,solar.bun_tlc#realenergyintotheload#kwh,BUNDOORA,9.75,12.366824,7.6134024,7.3878365,161.0
2025-01-15 16:00:00,solar.bun_tlc#realenergyintotheload#kwh,BUNDOORA,6.96875,9.28155,2.2308109,2.1647174,49.0
2025-01-15 17:00:00,solar.bun_tlc#realenergyintotheload#kwh,BUNDOORA,2.65625,11.630877,5.608685,5.4425135,127.0
2025-01-15 18:00:00,solar.bun_tlc#realenergyintotheload#kwh,BUNDOORA,6.3125,6.142486,3.7056358,3.5958471,81.0
2025-01-15 19:00:00,solar.bun_tlc#realenergyintotheload#kwh,BUNDOORA,2.125,8.555317,4.046683,3.9267898,84.0
2025-01-15 20:00:00,solar.bun_tlc#realenergyintotheload#kwh,BUNDOORA,0.5,7.5130863,0.8260145,0.80154175,22.0
2025-01-15 21:00:00,solar.bun_tlc#realenergyintotheload#kwh,BUNDOORA,0.03125,5.5902133,0.0076736705,0.007446319,1.0
2025-01-15 22:00:00,solar.bun_tlc#realenergyintotheload#kwh,BUNDOORA,0.0,2.1108863,-0.0026529308,0.0,0.0
2025-01-15 23:00:00,solar.bun_tlc#realenergyintotheload#kwh,BUNDOORA,0.0,1.2931476,-0.0069659334,0.0,0.0
2025-01-16 00:00:00,solar.bun_tlc#realenergyintotheload#kwh,BUNDOORA,0.0,0.19640513,0.0052666995,0.00511066,0.0
2025-01-16 01:00:00,solar.bun_tlc#realenergyintotheload#kwh,BUNDOORA,0.0,-0.132791,0.003561612,0.0034560903,0.0
2025-01-16 02:00:00,solar.bun_tlc#realenergyintotheload#kwh,BUNDOORA,0.0,0.06538182,0.003498393,0.0033947444,0.0
2025-01-16 03:00:00,solar.bun_tlc#realenergyintotheload#kwh,BUNDOORA,0.0,0.35930625,0.0025586248,0.0024828191,0.0
2025-01-16 04:00:00,solar.bun_tlc#realenergyintotheload#kwh,BUNDOORA,0.0,0.46316049,0.011131273,0.010801481,0.0
2025-01-16 05:00:00,solar.bun_tlc#realenergyintotheload#kwh,BUNDOORA,0.0,-0.07929921,0.002928793,0.0028420202,0.0
2025-01-16 06:00:00,solar.bun_tlc#realenergyintotheload#kwh,BUNDOORA,0.0,0.32198828,0.002928793,0.0028420202,0.0
2025-01-16 07:00:00,solar.bun_tlc#realenergyintotheload#kwh,BUNDOORA,0.25,1.9055513,1.5957395,1.5484617,37.0
2025-01-16 08:00:00,solar.bun_tlc#realenergyintotheload#kwh,BUNDOORA,3.3125,8.5412855,11.178311,10.847126,225.0
2025-01-16 09:00:00,solar.bun_tlc#realenergyintotheload#kwh,BUNDOORA,5.09375,8.793769,10.436801,10.127584,212.0
2025-01-16 10:00:00,solar.bun_tlc#realenergyintotheload#kwh,BUNDOORA,7.3125,16.71191,10.780142,10.460753,227.0
2025-01-16 11:00:00,solar.bun_tlc#realenergyintotheload#kwh,BUNDOORA,21.8125,17.630272,24.168497,23.452444,510.0
2025-01-16 12:00:00,solar.bun_tlc#realenergyintotheload#kwh,BUNDOORA,36.84375,27.690022,39.860683,38.67971,890.0
2025-01-16 13:00:00,solar.bun_tlc#realenergyintotheload#kwh,BUNDOORA,33.21875,31.521687,39.17882,38.01805,889.0
2025-01-16 14:00:00,solar.bun_tlc#realenergyintotheload#kwh,BUNDOORA,25.75,27.782633,39.828922,38.64889,913.0
2025-01-16 15:00:00,solar.bun_tlc#realenergyintotheload#kwh,BUNDOORA,36.59375,34.200893,37.704155,36.587074,860.0
2025-01-16 16:00:00,solar.bun_tlc#realenergyintotheload#kwh,BUNDOORA,39.90625,33.473335,38.707436,37.56063,841.0
2025-01-16 17:00:00,solar.bun_tlc#realenergyintotheload#kwh,BUNDOORA,37.25,37.1349,35.131702,34.09084,743.0
2025-01-16 18:00:00,solar.bun_tlc#realenergyintotheload#kwh,BUNDOORA,22.6875,23.87513,24.533213,23.806355,502.0
2025-01-16 19:00:00,solar.bun_tlc#realenergyintotheload#kwh,BUNDOORA,12.875,26.475643,15.919929,15.448261,327.0
2025-01-16 20:00:00,solar.bun_tlc#realenergyintotheload#kwh,BUNDOORA,3.90625,23.675535,4.9739857,4.8266187,131.0
2025-01-16 21:00:00,solar.bun_tlc#realenergyintotheload#kwh,BUNDOORA,0.34375,3.5835602,0.011207127,0.010875088,1.0
2025-01-16 22:00:00,solar.bun_tlc#realenergyintotheload#kwh,BUNDOORA,0.0,3.4830575,0.0039592427,0.0038419403,0.0
2025-01-16 23:00:00,solar.bun_tlc#realenergyintotheload#kwh,BUNDOORA,0.0,1.0228541,0.003308034,0.0032100251,0.0
2025-01-17 00:00:00,solar.bun_tlc#realenergyintotheload#kwh,BUNDOORA,0.0,0.06560511,0.0010272426,0.0009968079,0.0
2025-01-17 01:00:00,solar.bun_tlc#realenergyintotheload#kwh,BUNDOORA,0.0,0.051468957,0.0010272426,0.0009968079,0.0
2025-01-17 02:00:00,solar.bun_tlc#realenergyintotheload#kwh,BUNDOORA,0.0,0.04762646,-0.00041355172,0.0,0.0
2025-01-17 03:00:00,solar.bun_tlc#realenergyintotheload#kwh,BUNDOORA,0.0,0.059707653,-0.00041355172,0.0,0.0
2025-01-17 04:00:00,solar.bun_tlc#realenergyintotheload#kwh,BUNDOORA,0.0,0.021806164,-0.00041355172,0.0,0.0
2025-01-17 05:00:00,solar.bun_tlc#realenergyintotheload#kwh,BUNDOORA,0.0,0.32058758,-0.00029396624,0.0,0.0
2025-01-17 06:00:00,solar.bun_tlc#realenergyintotheload#kwh,BUNDOORA,0.0,1.4839307,-0.00029396624,0.0,0.0
2025-01-17 07:00:00,solar.bun_tlc#realenergyintotheload#kwh,BUNDOORA,0.125,1.536094,1.168848,1.134218,30.0
2025-01-17 08:00:00,solar.bun_tlc#realenergyintotheload#kwh,BUNDOORA,2.53125,0.8621548,4.912382,4.7668405,121.0
2025-01-17 09:00:00,solar.bun_tlc#realenergyintotheload#kwh,BUNDOORA,7.84375,6.0282197,12.527684,12.15652,277.0
2025-01-17 10:00:00,solar.bun_tlc#realenergyintotheload#kwh,BUNDOORA,16.0625,10.350588,24.126835,23.412018,510.0
2025-01-17 11:00:00,solar.bun_tlc#realenergyintotheload#kwh,BUNDOORA,24.59375,14.360493,30.20177,29.306969,643.0
2025-01-17 12:00:00,solar.bun_tlc#realenergyintotheload#kwh,BUNDOORA,27.71875,26.333069,34.164093,33.151897,756.0
2025-01-17 13:00:00,solar.bun_tlc#realenergyintotheload#kwh,BUNDOORA,39.6875,41.684593,44.421116,43.10503,1031.0
2025-01-17 14:00:00,solar.bun_tlc#realenergyintotheload#kwh,BUNDOORA,45.5625,41.69711,44.617527,43.29562,1069.0
2025-01-17 15:00:00,solar.bun_tlc#realenergyintotheload#kwh,BUNDOORA,45.1875,40.6476,44.250652,42.939617,1022.0
2025-01-17 16:00:00,solar.bun_tlc#realenergyintotheload#kwh,BUNDOORA,42.28125,36.246353,41.35243,40.12726,916.0
2025-01-17 17:00:00,solar.bun_tlc#realenergyintotheload#kwh,BUNDOORA,36.8125,34.431927,35.288555,34.243042,757.0
2025-01-17 18:00:00,solar.bun_tlc#realenergyintotheload#kwh,BUNDOORA,27.59375,30.990057,26.705284,25.914074,557.0
2025-01-17 19:00:00,solar.bun_tlc#realenergyintotheload#kwh,BUNDOORA,14.65625,25.954494,16.605877,16.113886,340.0
2025-01-17 20:00:00,solar.bun_tlc#realenergyintotheload#kwh,BUNDOORA,4.25,20.960796,4.9914765,4.8435917,130.0
2025-01-17 21:00:00,solar.bun_tlc#realenergyintotheload#kwh,BUNDOORA,0.40625,5.9321856,0.012180497,0.01181962,1.0
2025-01-17 22:00:00,solar.bun_tlc#realenergyintotheload#kwh,BUNDOORA,0.0,5.0718412,0.006067455,0.0058876914,0.0
2025-01-17 23:00:00,solar.bun_tlc#realenergyintotheload#kwh,BUNDOORA,0.0,0.481842,-0.0025357874,0.0,0.0
2025-01-18 00:00:00,solar.bun_tlc#realenergyintotheload#kwh,BUNDOORA,0.0,0.054479226,0.005428398,0.005267568,0.0
2025-01-18 01:00:00,solar.bun_tlc#realenergyintotheload#kwh,BUNDOORA,0.0,0.30080968,0.0027285123,0.0026476732,0.0
2025-01-18 02:00:00,solar.bun_tlc#realenergyintotheload#kwh,BUNDOORA,0.0,0.15213035,0.00191694,0.0018601458,0.0
2025-01-18 03:00:00,solar.bun_tlc#realenergyintotheload#kwh,BUNDOORA,0.0,0.15704706,0.00057460426,0.00055758015,0.0
2025-01-18 04:00:00,solar.bun_tlc#realenergyintotheload#kwh,BUNDOORA,0.0,0.14010775,0.004545374,0.004410706,0.0
2025-01-18 05:00:00,solar.bun_tlc#realenergyintotheload#kwh,BUNDOORA,0.0,0.9421616,0.0009713856,0.0009426059,0.0
2025-01-18 06:00:00,solar.bun_tlc#realenergyintotheload#kwh,BUNDOORA,0.0,1.0728258,0.0015363984,0.0014908788,0.0
2025-01-18 07:00:00,solar.bun_tlc#realenergyintotheload#kwh,BUNDOORA,0.40625,2.4312108,2.301842,2.2336442,52.0
2025-01-18 08:00:00,solar.bun_tlc#realenergyintotheload#kwh,BUNDOORA,4.0625,8.359831,12.424103,12.056007,245.0
2025-01-18 09:00:00,solar.bun_tlc#realenergyintotheload#kwh,BUNDOORA,14.78125,25.333326,23.300663,22.610323,464.0
2025-01-18 10:00:00,solar.bun_tlc#realenergyintotheload#kwh,BUNDOORA,27.25,23.603125,32.43581,31.474817,675.0
2025-01-18 11:00:00,solar.bun_tlc#realenergyintotheload#kwh,BUNDOORA,36.15625,27.9025,38.60627,37.462463,855.0
2025-01-18 12:00:00,solar.bun_tlc#realenergyintotheload#kwh,BUNDOORA,40.90625,40.671913,42.877285,41.606937,986.0
2025-01-18 13:00:00,solar.bun_tlc#realenergyintotheload#kwh,BUNDOORA,43.625,42.55985,44.03606,42.73138,1063.0
2025-01-18 14:00:00,solar.bun_tlc#realenergyintotheload#kwh,BUNDOORA,43.78125,42.251766,43.67524,42.381252,1078.0
2025-01-18 15:00:00,solar.bun_tlc#realenergyintotheload#kwh,BUNDOORA,43.09375,43.08725,43.494244,42.205616,1028.0
2025-01-18 16:00:00,solar.bun_tlc#realenergyintotheload#kwh,BUNDOORA,39.78125,37.95935,40.77256,39.56457,919.0
2025-01-18 17:00:00,solar.bun_tlc#realenergyintotheload#kwh,BUNDOORA,34.75,34.86049,34.848392,33.81592,759.0
2025-01-18 18:00:00,solar.bun_tlc#realenergyintotheload#kwh,BUNDOORA,26.1875,29.57922,26.407099,25.624722,561.0
2025-01-18 19:00:00,solar.bun_tlc#realenergyintotheload#kwh,BUNDOORA,14.125,24.981373,14.941767,14.49908,344.0
2025-01-18 20:00:00,solar.bun_tlc#realenergyintotheload#kwh,BUNDOORA,3.625,22.107143,5.1381836,4.985952,134.0
2025-01-18 21:00:00,solar.bun_tlc#realenergyintotheload#kwh,BUNDOORA,0.28125,7.609576,-0.015149173,0.0,1.0
2025-01-18 22:00:00,solar.bun_tlc#realenergyintotheload#kwh,BUNDOORA,0.0,3.5543246,0.012247309,0.011884452,0.0
2025-01-18 23:00:00,solar.bun_tlc#realenergyintotheload#kwh,BUNDOORA,0.0,0.781216,0.024748152,0.024014926,0.0
2025-01-19 00:00:00,solar.bun_tlc#realenergyintotheload#kwh,BUNDOORA,0.0,0.968258,0.015247692,0.014795941,0.0
2025-01-19 01:00:00,solar.bun_tlc#realenergyintotheload#kwh,BUNDOORA,0.0,0.14519665,0.0073537924,0.007135918,0.0
2025-01-19 02:00:00,solar.bun_tlc#realenergyintotheload#kwh,BUNDOORA,0.0,0.88058275,0.011064942,0.0107371155,0.0
2025-01-19 03:00:00,solar.bun_tlc#realenergyintotheload#kwh,BUNDOORA,0.0,0.100975215,0.008170336,0.007928269,0.0
2025-01-19 04:00:00,solar.bun_tlc#realenergyintotheload#kwh,BUNDOORA,0.0,0.6679646,0.008186726,0.007944174,0.0
2025-01-19 05:00:00,solar.bun_tlc#realenergyintotheload#kwh,BUNDOORA,0.0,1.7978652,0.0076263347,0.0074003856,0.0
2025-01-19 06:00:00,solar.bun_tlc#realenergyintotheload#kwh,BUNDOORA,0.0,4.7014356,-0.0021328821,0.0,0.0
2025-01-19 07:00:00,solar.bun_tlc#realenergyintotheload#kwh,BUNDOORA,0.3125,8.029759,2.1979005,2.1327822,49.0
2025-01-19 08:00:00,solar.bun_tlc#realenergyintotheload#kwh,BUNDOORA,3.65625,21.784986,12.183536,11.822568,239.0
2025-01-19 09:00:00,solar.bun_tlc#realenergyintotheload#kwh,BUNDOORA,14.28125,30.789774,21.50194,20.864891,455.0
2025-01-19 10:00:00,solar.bun_tlc#realenergyintotheload#kwh,BUNDOORA,26.1875,29.77625,31.542007,30.607496,660.0
2025-01-19 11:00:00,solar.bun_tlc#realenergyintotheload#kwh,BUNDOORA,35.21875,32.460663,37.56388,36.45096,836.0
2025-01-19 12:00:00,solar.bun_tlc#realenergyintotheload#kwh,BUNDOORA,36.0625,39.834587,41.650826,40.416817,967.0
2025-01-19 13:00:00,solar.bun_tlc#realenergyintotheload#kwh,BUNDOORA,40.4375,39.722256,41.512955,40.28303,1042.0
2025-01-19 14:00:00,solar.bun_tlc#realenergyintotheload#kwh,BUNDOORA,42.21875,39.760254,41.530056,40.299625,1056.0
2025-01-19 15:00:00,solar.bun_tlc#realenergyintotheload#kwh,BUNDOORA,39.9375,39.584988,40.954655,39.741272,991.0
2025-01-19 16:00:00,solar.bun_tlc#realenergyintotheload#kwh,BUNDOORA,31.0,32.627186,32.933704,31.95796,725.0
2025-01-19 17:00:00,solar.bun_tlc#realenergyintotheload#kwh,BUNDOORA,29.03125,28.204306,31.783232,30.841574,692.0
2025-01-19 18:00:00,solar.bun_tlc#realenergyintotheload#kwh,BUNDOORA,20.875,21.03828,22.399302,21.735666,485.0
2025-01-19 19:00:00,solar.bun_tlc#realenergyintotheload#kwh,BUNDOORA,10.65625,13.279502,10.702656,10.385563,225.0
2025-01-19 20:00:00,solar.bun_tlc#realenergyintotheload#kwh,BUNDOORA,4.25,8.069707,2.1465619,2.0829647,53.0
2025-01-19 21:00:00,solar.bun_tlc#realenergyintotheload#kwh,BUNDOORA,0.84375,7.7893167,-0.008754408,0.0,1.0
2025-01-19 22:00:00,solar.bun_tlc#realenergyintotheload#kwh,BUNDOORA,0.0,1.4348611,-0.002252498,0.0,0.0
2025-01-19 23:00:00,solar.bun_tlc#realenergyintotheload#kwh,BUNDOORA,0.0,1.5369009,-0.0003077226,0.0,0.0
2025-01-20 00:00:00,solar.bun_tlc#realenergyintotheload#kwh,BUNDOORA,0.0,0.31790963,0.0019572312,0.0018992433,0.0
2025-01-20 01:00:00,solar.bun_tlc#realenergyintotheload#kwh,BUNDOORA,0.0,0.5019774,0.0015268141,0.0014815783,0.0
2025-01-20 02:00:00,solar.bun_tlc#realenergyintotheload#kwh,BUNDOORA,0.0,-0.2725243,0.0142427115,0.013820736,0.0
2025-01-20 03:00:00,solar.bun_tlc#realenergyintotheload#kwh,BUNDOORA,0.0,-0.038516376,0.024684934,0.023953581,0.0
2025-01-20 04:00:00,solar.bun_tlc#realenergyintotheload#kwh,BUNDOORA,0.0,-0.042674962,0.024684934,0.023953581,0.0
2025-01-20 05:00:00,solar.bun_tlc#realenergyintotheload#kwh,BUNDOORA,0.0,1.1423917,0.020499874,0.019892514,0.0
2025-01-20 06:00:00,solar.bun_tlc#realenergyintotheload#kwh,BUNDOORA,0.0,-0.84346175,0.026660303,0.025870424,0.0
2025-01-20 07:00:00,solar.bun_tlc#realenergyintotheload#kwh,BUNDOORA,0.625,4.472305,1.3292756,1.2898924,32.0
2025-01-20 08:00:00,solar.bun_tlc#realenergyintotheload#kwh,BUNDOORA,2.84375,8.304601,6.949511,6.743614,157.0
2025-01-20 09:00:00,solar.bun_tlc#realenergyintotheload#kwh,BUNDOORA,14.96875,16.98439,20.599169,19.988867,417.0
2025-01-20 10:00:00,solar.bun_tlc#realenergyintotheload#kwh,BUNDOORA,19.96875,25.348198,26.307943,25.528505,548.0
2025-01-20 11:00:00,solar.bun_tlc#realenergyintotheload#kwh,BUNDOORA,31.0625,38.62171,37.363716,36.25672,799.0
2025-01-20 12:00:00,solar.bun_tlc#realenergyintotheload#kwh,BUNDOORA,21.40625,17.53657,13.412654,13.01527,304.0
2025-01-20 13:00:00,solar.bun_tlc#realenergyintotheload#kwh,BUNDOORA,33.65625,32.75729,39.67411,38.498665,906.0
2025-01-20 14:00:00,solar.bun_tlc#realenergyintotheload#kwh,BUNDOORA,38.3125,34.550625,36.467365,35.38693,830.0
2025-01-20 15:00:00,solar.bun_tlc#realenergyintotheload#kwh,BUNDOORA,22.46875,24.015255,22.30136,21.640625,482.0
2025-01-20 16:00:00,solar.bun_tlc#realenergyintotheload#kwh,BUNDOORA,27.03125,24.353333,23.886534,23.178835,516.0
2025-01-20 17:00:00,solar.bun_tlc#realenergyintotheload#kwh,BUNDOORA,25.09375,29.991337,26.287136,25.508314,574.0
2025-01-20 18:00:00,solar.bun_tlc#realenergyintotheload#kwh,BUNDOORA,18.78125,35.50404,19.48637,18.909039,413.0
2025-01-20 19:00:00,solar.bun_tlc#realenergyintotheload#kwh,BUNDOORA,10.53125,21.044039,13.981523,13.567285,295.0
2025-01-20 20:00:00,solar.bun_tlc#realenergyintotheload#kwh,BUNDOORA,3.15625,21.965885,3.7636373,3.6521301,89.0
2025-01-20 21:00:00,solar.bun_tlc#realenergyintotheload#kwh,BUNDOORA,0.375,11.862548,0.01535545,0.0149005065,1.0
2025-01-20 22:00:00,solar.bun_tlc#realenergyintotheload#kwh,BUNDOORA,0.0,2.888965,-0.009310021,0.0,0.0
2025-01-20 23:00:00,solar.bun_tlc#realenergyintotheload#kwh,BUNDOORA,0.0,-0.031109903,-0.0053887838,0.0,0.0
2025-01-21 00:00:00,solar.bun_tlc#realenergyintotheload#kwh,BUNDOORA,0.0,-0.08104617,-0.012177001,0.0,0.0
2025-01-21 01:00:00,solar.bun_tlc#realenergyintotheload#kwh,BUNDOORA,0.0,0.6997034,0.0058411127,0.0056680553,0.0
2025-01-21 02:00:00,solar.bun_tlc#realenergyintotheload#kwh,BUNDOORA,0.0,0.09166905,0.013298169,0.012904177,0.0
2025-01-21 03:00:00,solar.bun_tlc#realenergyintotheload#kwh,BUNDOORA,0.0,0.042338815,0.009113109,0.00884311,0.0
2025-01-21 04:00:00,solar.bun_tlc#realenergyintotheload#kwh,BUNDOORA,0.0,-0.0641103,0.012949189,0.012565537,0.0
2025-01-21 05:00:00,solar.bun_tlc#realenergyintotheload#kwh,BUNDOORA,0.0,1.8106819,0.0046751015,0.00453659,0.0
2025-01-21 06:00:00,solar.bun_tlc#realenergyintotheload#kwh,BUNDOORA,0.0,3.067072,0.007906438,0.0076721897,0.0
2025-01-21 07:00:00,solar.bun_tlc#realenergyintotheload#kwh,BUNDOORA,0.40625,10.674722,1.0855726,1.0534098,28.0
2025-01-21 08:00:00,solar.bun_tlc#realenergyintotheload#kwh,BUNDOORA,4.40625,18.90803,9.519241,9.23721,204.0
2025-01-21 09:00:00,solar.bun_tlc#realenergyintotheload#kwh,BUNDOORA,13.4375,16.021595,19.607811,19.02688,416.0
2025-01-21 10:00:00,solar.bun_tlc#realenergyintotheload#kwh,BUNDOORA,24.65625,22.345648,29.343456,28.474083,620.0
2025-01-21 11:00:00,solar.bun_tlc#realenergyintotheload#kwh,BUNDOORA,33.375,30.597935,35.84585,34.78383,805.0
2025-01-21 12:00:00,solar.bun_tlc#realenergyintotheload#kwh,BUNDOORA,38.28125,36.002914,39.792652,38.613697,938.0
2025-01-21 13:00:00,solar.bun_tlc#realenergyintotheload#kwh,BUNDOORA,41.0,35.67946,41.284637,40.061478,1014.0
2025-01-21 14:00:00,solar.bun_tlc#realenergyintotheload#kwh,BUNDOORA,37.3125,35.34371,41.37288,40.147102,1028.0
2025-01-21 15:00:00,solar.bun_tlc#realenergyintotheload#kwh,BUNDOORA,41.75,32.16365,41.79991,40.561485,981.0
2025-01-21 16:00:00,solar.bun_tlc#realenergyintotheload#kwh,BUNDOORA,39.0,25.970238,38.30337,37.168537,875.0
2025-01-21 17:00:00,solar.bun_tlc#realenergyintotheload#kwh,BUNDOORA,33.53125,22.280903,32.245583,31.290226,717.0
2025-01-21 18:00:00,solar.bun_tlc#realenergyintotheload#kwh,BUNDOORA,25.125,20.605854,23.847372,23.140835,510.0
2025-01-21 19:00:00,solar.bun_tlc#realenergyintotheload#kwh,BUNDOORA,13.5625,17.256529,13.478183,13.078858,305.0
2025-01-21 20:00:00,solar.bun_tlc#realenergyintotheload#kwh,BUNDOORA,3.53125,14.832793,2.9965556,2.9077752,78.0
2025-01-21 21:00:00,solar.bun_tlc#realenergyintotheload#kwh,BUNDOORA,0.40625,8.219139,0.003837343,0.003723652,0.0
2025-01-21 22:00:00,solar.bun_tlc#realenergyintotheload#kwh,BUNDOORA,0.0,3.27917,0.0017182468,0.0016673395,0.0
2025-01-21 23:00:00,solar.bun_tlc#realenergyintotheload#kwh,BUNDOORA,0.0,1.099401,0.0016618802,0.0016126428,0.0
2025-01-22 00:00:00,solar.bun_tlc#realenergyintotheload#kwh,BUNDOORA,0.0,0.13227524,1.1546232e-05,1.1204145e-05,0.0
2025-01-22 01:00:00,solar.bun_tlc#realenergyintotheload#kwh,BUNDOORA,0.0,0.010436863,0.00049136044,0.00047680264,0.0
2025-01-22 02:00:00,solar.bun_tlc#realenergyintotheload#kwh,BUNDOORA,0.0,0.31444585,0.00054772705,0.0005314993,0.0
2025-01-22 03:00:00,solar.bun_tlc#realenergyintotheload#kwh,BUNDOORA,0.0,0.16877672,0.0019667551,0.0019084851,0.0
2025-01-22 04:00:00,solar.bun_tlc#realenergyintotheload#kwh,BUNDOORA,0.0,0.30155823,0.0011302986,0.0010968107,0.0
2025-01-22 05:00:00,solar.bun_tlc#realenergyintotheload#kwh,BUNDOORA,0.0,0.98842496,0.0015602561,0.0015140296,0.0
2025-01-22 06:00:00,solar.bun_tlc#realenergyintotheload#kwh,BUNDOORA,0.0,2.693331,0.0012776953,0.0012398404,0.0
2025-01-22 07:00:00,solar.bun_tlc#realenergyintotheload#kwh,BUNDOORA,0.1875,7.727667,0.5245149,0.50897485,15.0
2025-01-22 08:00:00,solar.bun_tlc#realenergyintotheload#kwh,BUNDOORA,3.875,16.341146,4.8694835,4.725213,126.0
2025-01-22 09:00:00,solar.bun_tlc#realenergyintotheload#kwh,BUNDOORA,9.125,20.928291,10.862017,10.540202,225.0
2025-01-22 10:00:00,solar.bun_tlc#realenergyintotheload#kwh,BUNDOORA,10.0625,13.631841,8.628522,8.37288,183.0
2025-01-22 11:00:00,solar.bun_tlc#realenergyintotheload#kwh,BUNDOORA,13.625,26.228706,18.73834,18.18317,398.0
2025-01-22 12:00:00,solar.bun_tlc#realenergyintotheload#kwh,BUNDOORA,24.03125,22.686161,25.038853,24.297014,552.0
2025-01-22 13:00:00,solar.bun_tlc#realenergyintotheload#kwh,BUNDOORA,25.28125,18.249214,24.567236,23.83937,536.0
2025-01-22 14:00:00,solar.bun_tlc#realenergyintotheload#kwh,BUNDOORA,25.34375,13.532925,21.137075,20.510838,453.0
2025-01-22 15:00:00,solar.bun_tlc#realenergyintotheload#kwh,BUNDOORA,30.0625,28.325136,30.815687,29.902695,673.0
2025-01-22 16:00:00,solar.bun_tlc#realenergyintotheload#kwh,BUNDOORA,33.0,33.817356,35.759922,34.700443,769.0
2025-01-22 17:00:00,solar.bun_tlc#realenergyintotheload#kwh,BUNDOORA,32.9375,35.365303,35.54032,34.48735,763.0
2025-01-22 18:00:00,solar.bun_tlc#realenergyintotheload#kwh,BUNDOORA,27.28125,24.404518,26.372389,25.591042,567.0
2025-01-22 19:00:00,solar.bun_tlc#realenergyintotheload#kwh,BUNDOORA,14.96875,17.929504,16.748575,16.252357,348.0
2025-01-22 20:00:00,solar.bun_tlc#realenergyintotheload#kwh,BUNDOORA,3.875,18.145351,4.528374,4.39421,133.0
2025-01-22 21:00:00,solar.bun_tlc#realenergyintotheload#kwh,BUNDOORA,0.28125,4.6347446,0.018628256,0.018076347,1.0
2025-01-22 22:00:00,solar.bun_tlc#realenergyintotheload#kwh,BUNDOORA,0.0,3.6880708,0.015503907,0.015044564,0.0
2025-01-22 23:00:00,solar.bun_tlc#realenergyintotheload#kwh,BUNDOORA,0.0,0.9063171,0.0032543223,0.0031579048,0.0
2025-01-23 00:00:00,solar.bun_tlc#realenergyintotheload#kwh,BUNDOORA,0.0,0.15438005,0.0064900178,0.0062977346,0.0
2025-01-23 01:00:00,solar.bun_tlc#realenergyintotheload#kwh,BUNDOORA,0.0,-0.022951018,0.0038287602,0.0037153237,0.0
2025-01-23 02:00:00,solar.bun_tlc#realenergyintotheload#kwh,BUNDOORA,0.0,0.15728128,0.00918202,0.00890998,0.0
2025-01-23 03:00:00,solar.bun_tlc#realenergyintotheload#kwh,BUNDOORA,0.0,0.10837186,0.0013688041,0.0013282499,0.0
2025-01-23 04:00:00,solar.bun_tlc#realenergyintotheload#kwh,BUNDOORA,0.0,0.0020327773,0.0015648248,0.001518463,0.0
2025-01-23 05:00:00,solar.bun_tlc#realenergyintotheload#kwh,BUNDOORA,0.0,0.40684912,0.0015648248,0.001518463,0.0
2025-01-23 06:00:00,solar.bun_tlc#realenergyintotheload#kwh,BUNDOORA,0.0,0.78186387,0.0013314232,0.0012919764,0.0
2025-01-23 07:00:00,solar.bun_tlc#realenergyintotheload#kwh,BUNDOORA,0.5,3.1378884,0.81101465,0.7869863,22.0
2025-01-23 08:00:00,solar.bun_tlc#realenergyintotheload#kwh,BUNDOORA,3.8125,7.1813154,6.2859607,6.0997233,136.0
2025-01-23 09:00:00,solar.bun_tlc#realenergyintotheload#kwh,BUNDOORA,9.09375,11.346238,11.162471,10.831755,224.0
2025-01-23 10:00:00,solar.bun_tlc#realenergyintotheload#kwh,BUNDOORA,14.5625,19.393402,16.317112,15.833676,329.0
2025-01-23 11:00:00,solar.bun_tlc#realenergyintotheload#kwh,BUNDOORA,27.5,20.089376,32.700882,31.732037,707.0
2025-01-23 12:00:00,solar.bun_tlc#realenergyintotheload#kwh,BUNDOORA,33.78125,31.26868,38.02899,36.902287,844.0
2025-01-23 13:00:00,solar.bun_tlc#realenergyintotheload#kwh,BUNDOORA,28.59375,24.510498,21.268223,20.638098,455.0
2025-01-23 14:00:00,solar.bun_tlc#realenergyintotheload#kwh,BUNDOORA,21.8125,24.32817,21.521597,20.883966,476.0
2025-01-23 15:00:00,solar.bun_tlc#realenergyintotheload#kwh,BUNDOORA,15.0625,16.316454,11.118155,10.788752,238.0
2025-01-23 16:00:00,solar.bun_tlc#realenergyintotheload#kwh,BUNDOORA,5.96875,14.670056,6.0114865,5.833381,135.0
2025-01-23 17:00:00,solar.bun_tlc#realenergyintotheload#kwh,BUNDOORA,5.0625,11.19113,4.075035,3.954302,84.0
2025-01-23 18:00:00,solar.bun_tlc#realenergyintotheload#kwh,BUNDOORA,3.03125,5.862016,3.568557,3.4628296,76.0
2025-01-23 19:00:00,solar.bun_tlc#realenergyintotheload#kwh,BUNDOORA,2.125,5.7308064,3.576678,3.47071,77.0
2025-01-23 20:00:00,solar.bun_tlc#realenergyintotheload#kwh,BUNDOORA,0.65625,2.465466,0.7447844,0.7227183,21.0
2025-01-23 21:00:00,solar.bun_tlc#realenergyintotheload#kwh,BUNDOORA,0.0,1.2202302,-0.00067279144,0.0,0.0
2025-01-23 22:00:00,solar.bun_tlc#realenergyintotheload#kwh,BUNDOORA,0.0,0.54640573,0.00018233672,0.00017693454,0.0
2025-01-23 23:00:00,solar.bun_tlc#realenergyintotheload#kwh,BUNDOORA,0.0,-0.005569703,0.00019683555,0.0001910038,0.0
2025-01-24 00:00:00,solar.bun_tlc#realenergyintotheload#kwh,BUNDOORA,0.0,0.304587,0.0019614156,0.0019033038,0.0
2025-01-24 01:00:00,solar.bun_tlc#realenergyintotheload#kwh,BUNDOORA,0.0,0.2397061,0.0019101606,0.0018535673,0.0
2025-01-24 02:00:00,solar.bun_tlc#realenergyintotheload#kwh,BUNDOORA,0.0,0.060747687,0.0013178397,0.0012787954,0.0
2025-01-24 03:00:00,solar.bun_tlc#realenergyintotheload#kwh,BUNDOORA,0.0,-0.0363057,0.0010592701,0.0010278866,0.0
2025-01-24 04:00:00,solar.bun_tlc#realenergyintotheload#kwh,BUNDOORA,0.0,0.051397618,0.001471733,0.0014281292,0.0
2025-01-24 05:00:00,solar.bun_tlc#realenergyintotheload#kwh,BUNDOORA,0.0,0.566226,0.0041909884,0.00406682,0.0
2025-01-24 06:00:00,solar.bun_tlc#realenergyintotheload#kwh,BUNDOORA,0.0,1.5213209,0.0043571265,0.004228036,0.0
2025-01-24 07:00:00,solar.bun_tlc#realenergyintotheload#kwh,BUNDOORA,0.21875,3.595461,1.0974709,1.0649556,27.0
2025-01-24 08:00:00,solar.bun_tlc#realenergyintotheload#kwh,BUNDOORA,3.0625,6.8963823,6.5814424,6.386451,142.0
2025-01-24 09:00:00,solar.bun_tlc#realenergyintotheload#kwh,BUNDOORA,6.78125,5.882059,10.694113,10.377273,212.0
2025-01-24 10:00:00,solar.bun_tlc#realenergyintotheload#kwh,BUNDOORA,13.125,14.480891,16.262003,15.7802,332.0
2025-01-24 11:00:00,solar.bun_tlc#realenergyintotheload#kwh,BUNDOORA,18.9375,16.343618,23.075415,22.391748,482.0
2025-01-24 12:00:00,solar.bun_tlc#realenergyintotheload#kwh,BUNDOORA,28.84375,21.865467,31.227938,30.302732,670.0
2025-01-24 13:00:00,solar.bun_tlc#realenergyintotheload#kwh,BUNDOORA,30.65625,29.623684,37.91851,36.79508,854.0
2025-01-24 14:00:00,solar.bun_tlc#realenergyintotheload#kwh,BUNDOORA,44.0625,42.448795,44.169178,42.860554,1048.0
2025-01-24 15:00:00,solar.bun_tlc#realenergyintotheload#kwh,BUNDOORA,44.84375,42.73559,42.109245,40.861652,1001.0
2025-01-24 16:00:00,solar.bun_tlc#realenergyintotheload#kwh,BUNDOORA,41.75,34.349876,40.438206,39.240124,894.0
2025-01-24 17:00:00,solar.bun_tlc#realenergyintotheload#kwh,BUNDOORA,36.21875,28.974705,33.45789,32.466618,736.0
2025-01-24 18:00:00,solar.bun_tlc#realenergyintotheload#kwh,BUNDOORA,26.6875,28.033098,26.197128,25.420973,542.0
2025-01-24 19:00:00,solar.bun_tlc#realenergyintotheload#kwh,BUNDOORA,14.4375,26.044914,16.132507,15.654541,329.0
2025-01-24 20:00:00,solar.bun_tlc#realenergyintotheload#kwh,BUNDOORA,3.65625,14.894732,4.9056206,4.760279,123.0
2025-01-24 21:00:00,solar.bun_tlc#realenergyintotheload#kwh,BUNDOORA,0.25,4.277666,0.005510018,0.00534677,0.0
2025-01-24 22:00:00,solar.bun_tlc#realenergyintotheload#kwh,BUNDOORA,0.0,3.9587173,0.005663544,0.005495747,0.0
2025-01-24 23:00:00,solar.bun_tlc#realenergyintotheload#kwh,BUNDOORA,0.0,0.5556853,0.006954682,0.006748632,0.0
2025-01-25 00:00:00,solar.bun_tlc#realenergyintotheload#kwh,BUNDOORA,0.0,0.34694445,0.007768659,0.007538493,0.0
2025-01-25 01:00:00,solar.bun_tlc#realenergyintotheload#kwh,BUNDOORA,0.0,0.08869185,0.0009640237,0.00093546207,0.0
2025-01-25 02:00:00,solar.bun_tlc#realenergyintotheload#kwh,BUNDOORA,0.0,0.046651836,0.00082434324,0.00079992,0.0
2025-01-25 03:00:00,solar.bun_tlc#realenergyintotheload#kwh,BUNDOORA,0.0,0.04600918,0.00082434324,0.00079992,0.0
2025-01-25 04:00:00,solar.bun_tlc#realenergyintotheload#kwh,BUNDOORA,0.0,-0.0061751558,0.00018934318,0.00018373341,0.0
2025-01-25 05:00:00,solar.bun_tlc#realenergyintotheload#kwh,BUNDOORA,0.0,0.54446644,0.00018934318,0.00018373341,0.0
2025-01-25 06:00:00,solar.bun_tlc#realenergyintotheload#kwh,BUNDOORA,0.0,2.3724947,0.00018934318,0.00018373341,0.0
2025-01-25 07:00:00,solar.bun_tlc#realenergyintotheload#kwh,BUNDOORA,0.25,4.8685575,0.68175876,0.66155994,19.0
2025-01-25 08:00:00,solar.bun_tlc#realenergyintotheload#kwh,BUNDOORA,4.78125,3.6385133,4.4120913,4.281372,127.0
2025-01-25 09:00:00,solar.bun_tlc#realenergyintotheload#kwh,BUNDOORA,9.53125,11.177238,17.32717,16.813808,375.0
2025-01-25 10:00:00,solar.bun_tlc#realenergyintotheload#kwh,BUNDOORA,15.125,11.442653,21.765076,21.120232,451.0
2025-01-25 11:00:00,solar.bun_tlc#realenergyintotheload#kwh,BUNDOORA,27.625,24.534235,31.110363,30.18864,678.0
2025-01-25 12:00:00,solar.bun_tlc#realenergyintotheload#kwh,BUNDOORA,30.96875,20.42703,31.547176,30.612513,693.0
2025-01-25 13:00:00,solar.bun_tlc#realenergyintotheload#kwh,BUNDOORA,40.40625,39.74779,43.858593,42.559174,1014.0
2025-01-25 14:00:00,solar.bun_tlc#realenergyintotheload#kwh,BUNDOORA,43.15625,39.561554,44.003128,42.699425,1031.0
2025-01-25 15:00:00,solar.bun_tlc#realenergyintotheload#kwh,BUNDOORA,43.34375,38.826965,42.315407,41.061707,983.0
2025-01-25 16:00:00,solar.bun_tlc#realenergyintotheload#kwh,BUNDOORA,39.96875,34.84897,38.414368,37.276245,878.0
2025-01-25 17:00:00,solar.bun_tlc#realenergyintotheload#kwh,BUNDOORA,34.8125,30.777922,32.206566,31.252365,719.0
2025-01-25 18:00:00,solar.bun_tlc#realenergyintotheload#kwh,BUNDOORA,25.875,25.998121,24.054077,23.341415,522.0
2025-01-25 19:00:00,solar.bun_tlc#realenergyintotheload#kwh,BUNDOORA,12.25,25.656582,13.6643095,13.25947,307.0
2025-01-25 20:00:00,solar.bun_tlc#realenergyintotheload#kwh,BUNDOORA,3.21875,5.056563,1.2611148,1.2237512,31.0
2025-01-25 21:00:00,solar.bun_tlc#realenergyintotheload#kwh,BUNDOORA,0.21875,4.3488774,0.00287452,0.002789355,0.0
2025-01-25 22:00:00,solar.bun_tlc#realenergyintotheload#kwh,BUNDOORA,0.0,2.124829,0.0033543343,0.0032549538,0.0
2025-01-25 23:00:00,solar.bun_tlc#realenergyintotheload#kwh,BUNDOORA,0.0,0.40935653,0.002646548,0.0025681374,0.0
2025-01-26 00:00:00,solar.bun_tlc#realenergyintotheload#kwh,BUNDOORA,0.0,0.12133229,0.0004080682,0.00039597816,0.0
2025-01-26 01:00:00,solar.bun_tlc#realenergyintotheload#kwh,BUNDOORA,0.0,0.26079893,-0.00041355172,0.0,0.0
2025-01-26 02:00:00,solar.bun_tlc#realenergyintotheload#kwh,BUNDOORA,0.0,0.07866836,0.00017966414,0.00017434114,0.0
2025-01-26 03:00:00,solar.bun_tlc#realenergyintotheload#kwh,BUNDOORA,0.0,0.0821413,-0.00029396624,0.0,0.0
2025-01-26 04:00:00,solar.bun_tlc#realenergyintotheload#kwh,BUNDOORA,0.0,0.09259906,-0.00029396624,0.0,0.0
2025-01-26 05:00:00,solar.bun_tlc#realenergyintotheload#kwh,BUNDOORA,0.0,0.4321775,-0.00029396624,0.0,0.0
2025-01-26 06:00:00,solar.bun_tlc#realenergyintotheload#kwh,BUNDOORA,0.0,1.1657642,-0.00029396624,0.0,0.0
2025-01-26 07:00:00,solar.bun_tlc#realenergyintotheload#kwh,BUNDOORA,0.1875,2.4386349,0.6425617,0.6235242,17.0
2025-01-26 08:00:00,solar.bun_tlc#realenergyintotheload#kwh,BUNDOORA,2.9375,7.532496,3.4648583,3.3622031,82.0
2025-01-26 09:00:00,solar.bun_tlc#realenergyintotheload#kwh,BUNDOORA,6.03125,13.691332,11.46744,11.127688,243.0
2025-01-26 10:00:00,solar.bun_tlc#realenergyintotheload#kwh,BUNDOORA,21.78125,18.977798,26.96623,26.167288,567.0
2025-01-26 11:00:00,solar.bun_tlc#realenergyintotheload#kwh,BUNDOORA,22.25,23.271395,22.19282,21.535301,473.0
2025-01-26 12:00:00,solar.bun_tlc#realenergyintotheload#kwh,BUNDOORA,31.9375,21.38497,39.581177,38.408485,902.0
2025-01-26 13:00:00,solar.bun_tlc#realenergyintotheload#kwh,BUNDOORA,42.34375,32.99163,44.352722,43.038662,1007.0
2025-01-26 14:00:00,solar.bun_tlc#realenergyintotheload#kwh,BUNDOORA,44.75,34.38117,44.155403,42.847187,1023.0
2025-01-26 15:00:00,solar.bun_tlc#realenergyintotheload#kwh,BUNDOORA,43.78125,32.038246,43.082447,41.806023,974.0
2025-01-26 16:00:00,solar.bun_tlc#realenergyintotheload#kwh,BUNDOORA,39.8125,25.470312,38.35397,37.217636,866.0
2025-01-26 17:00:00,solar.bun_tlc#realenergyintotheload#kwh,BUNDOORA,35.15625,23.725704,32.472294,31.510221,710.0
2025-01-26 18:00:00,solar.bun_tlc#realenergyintotheload#kwh,BUNDOORA,25.96875,24.799158,23.932135,23.223085,519.0
2025-01-26 19:00:00,solar.bun_tlc#realenergyintotheload#kwh,BUNDOORA,13.96875,22.341198,13.958199,13.544652,310.0
2025-01-26 20:00:00,solar.bun_tlc#realenergyintotheload#kwh,BUNDOORA,3.5625,20.543953,4.070807,3.9501991,110.0
2025-01-26 21:00:00,solar.bun_tlc#realenergyintotheload#kwh,BUNDOORA,0.15625,7.194975,0.0046587754,0.0045207473,0.0
2025-01-26 22:00:00,solar.bun_tlc#realenergyintotheload#kwh,BUNDOORA,0.0,3.6593645,0.0013641869,0.0013237695,0.0
2025-01-26 23:00:00,solar.bun_tlc#realenergyintotheload#kwh,BUNDOORA,0.0,0.30688545,-0.00057855353,0.0,0.0
2025-01-27 00:00:00,solar.bun_tlc#realenergyintotheload#kwh,BUNDOORA,0.0,0.25404721,0.0006593416,0.0006398069,0.0
2025-01-27 01:00:00,solar.bun_tlc#realenergyintotheload#kwh,BUNDOORA,0.0,0.15271045,0.0067392797,0.0065396116,0.0
2025-01-27 02:00:00,solar.bun_tlc#realenergyintotheload#kwh,BUNDOORA,0.0,0.1514458,0.005438164,0.0052770446,0.0
2025-01-27 03:00:00,solar.bun_tlc#realenergyintotheload#kwh,BUNDOORA,0.0,0.22018601,0.001300001,0.0012614853,0.0
2025-01-27 04:00:00,solar.bun_tlc#realenergyintotheload#kwh,BUNDOORA,0.0,0.23665324,-0.0039096354,0.0,0.0
2025-01-27 05:00:00,solar.bun_tlc#realenergyintotheload#kwh,BUNDOORA,0.0,1.5025063,0.0031583575,0.0030647833,0.0
2025-01-27 06:00:00,solar.bun_tlc#realenergyintotheload#kwh,BUNDOORA,0.0,4.5233955,0.0138922725,0.013480679,0.0
2025-01-27 07:00:00,solar.bun_tlc#realenergyintotheload#kwh,BUNDOORA,0.15625,11.45416,0.8702748,0.8444907,24.0
2025-01-27 08:00:00,solar.bun_tlc#realenergyintotheload#kwh,BUNDOORA,3.5,30.07334,8.561219,8.307571,199.0
2025-01-27 09:00:00,solar.bun_tlc#realenergyintotheload#kwh,BUNDOORA,11.46875,32.358334,18.8451,18.286768,395.0
2025-01-27 10:00:00,solar.bun_tlc#realenergyintotheload#kwh,BUNDOORA,21.9375,27.367918,20.530785,19.922508,424.0
2025-01-27 11:00:00,solar.bun_tlc#realenergyintotheload#kwh,BUNDOORA,14.3125,14.42905,7.9030547,7.668907,166.0
2025-01-27 12:00:00,solar.bun_tlc#realenergyintotheload#kwh,BUNDOORA,21.21875,21.299541,18.191027,17.652073,407.0
2025-01-27 13:00:00,solar.bun_tlc#realenergyintotheload#kwh,BUNDOORA,26.09375,35.602425,40.87627,39.665207,1003.0
2025-01-27 14:00:00,solar.bun_tlc#realenergyintotheload#kwh,BUNDOORA,42.25,37.951817,41.289852,40.066536,1025.0
2025-01-27 15:00:00,solar.bun_tlc#realenergyintotheload#kwh,BUNDOORA,41.1875,37.472237,40.864758,39.654037,976.0
2025-01-27 16:00:00,solar.bun_tlc#realenergyintotheload#kwh,BUNDOORA,36.8125,34.54754,37.289135,36.184353,860.0
2025-01-27 17:00:00,solar.bun_tlc#realenergyintotheload#kwh,BUNDOORA,10.15625,11.119962,8.682591,8.425348,191.0
2025-01-27 18:00:00,solar.bun_tlc#realenergyintotheload#kwh,BUNDOORA,8.96875,11.331013,8.196286,7.9534507,181.0
2025-01-27 19:00:00,solar.bun_tlc#realenergyintotheload#kwh,BUNDOORA,1.1875,16.054617,3.592025,3.4856024,81.0
2025-01-27 20:00:00,solar.bun_tlc#realenergyintotheload#kwh,BUNDOORA,0.375,13.181674,1.7355887,1.6841675,39.0
2025-01-27 21:00:00,solar.bun_tlc#realenergyintotheload#kwh,BUNDOORA,0.0,4.404137,0.01477571,0.014337943,0.0
2025-01-27 22:00:00,solar.bun_tlc#realenergyintotheload#kwh,BUNDOORA,0.0,2.0941172,0.007950352,0.0077148024,0.0
2025-01-27 23:00:00,solar.bun_tlc#realenergyintotheload#kwh,BUNDOORA,0.0,-0.16874963,0.004344589,0.0042158696,0.0
2025-01-28 00:00:00,solar.bun_tlc#realenergyintotheload#kwh,BUNDOORA,0.0,-0.21139608,0.0015162588,0.0014713359,0.0
2025-01-28 01:00:00,solar.bun_tlc#realenergyintotheload#kwh,BUNDOORA,0.0,0.05865198,0.0011310596,0.0010975491,0.0
2025-01-28 02:00:00,solar.bun_tlc#realenergyintotheload#kwh,BUNDOORA,0.0,-0.06789505,0.00160469,0.001557147,0.0
2025-01-28 03:00:00,solar.bun_tlc#realenergyintotheload#kwh,BUNDOORA,0.0,0.17127146,0.0011302986,0.0010968107,0.0
2025-01-28 04:00:00,solar.bun_tlc#realenergyintotheload#kwh,BUNDOORA,0.0,0.5108247,0.0010726122,0.0010408334,0.0
2025-01-28 05:00:00,solar.bun_tlc#realenergyintotheload#kwh,BUNDOORA,0.0,1.1676285,0.002249316,0.0021826744,0.0
2025-01-28 06:00:00,solar.bun_tlc#realenergyintotheload#kwh,BUNDOORA,0.0,6.099841,0.0021980612,0.0021329382,0.0
2025-01-28 07:00:00,solar.bun_tlc#realenergyintotheload#kwh,BUNDOORA,0.03125,12.54353,0.5288048,0.51313764,16.0
2025-01-28 08:00:00,solar.bun_tlc#realenergyintotheload#kwh,BUNDOORA,2.25,15.446386,4.430581,4.299314,125.0
2025-01-28 09:00:00,solar.bun_tlc#realenergyintotheload#kwh,BUNDOORA,6.28125,18.700848,11.651627,11.306418,250.0
2025-01-28 10:00:00,solar.bun_tlc#realenergyintotheload#kwh,BUNDOORA,11.25,18.290709,12.252543,11.889531,256.0
2025-01-28 11:00:00,solar.bun_tlc#realenergyintotheload#kwh,BUNDOORA,18.0625,21.506153,20.262026,19.661713,433.0
2025-01-28 12:00:00,solar.bun_tlc#realenergyintotheload#kwh,BUNDOORA,22.875,18.078222,30.544506,29.63955,653.0
2025-01-28 13:00:00,solar.bun_tlc#realenergyintotheload#kwh,BUNDOORA,29.0625,35.709217,38.96726,37.812756,905.0
2025-01-28 14:00:00,solar.bun_tlc#realenergyintotheload#kwh,BUNDOORA,40.53125,41.06769,44.664463,43.341167,1042.0
2025-01-28 15:00:00,solar.bun_tlc#realenergyintotheload#kwh,BUNDOORA,43.1875,42.17521,42.846077,41.576656,1003.0
2025-01-28 16:00:00,solar.bun_tlc#realenergyintotheload#kwh,BUNDOORA,41.28125,38.29033,40.015747,38.83018,900.0
2025-01-28 17:00:00,solar.bun_tlc#realenergyintotheload#kwh,BUNDOORA,35.53125,35.853645,34.837185,33.805046,742.0
2025-01-28 18:00:00,solar.bun_tlc#realenergyintotheload#kwh,BUNDOORA,13.875,32.35102,26.079102,25.306442,545.0
2025-01-28 19:00:00,solar.bun_tlc#realenergyintotheload#kwh,BUNDOORA,14.375,25.365715,15.2204895,14.769545,326.0
2025-01-28 20:00:00,solar.bun_tlc#realenergyintotheload#kwh,BUNDOORA,4.0,25.358915,4.094752,3.9734344,115.0
2025-01-28 21:00:00,solar.bun_tlc#realenergyintotheload#kwh,BUNDOORA,0.125,7.698944,0.013251377,0.012858772,0.0
2025-01-28 22:00:00,solar.bun_tlc#realenergyintotheload#kwh,BUNDOORA,0.0,2.4345725,0.0063905925,0.006201255,0.0
2025-01-28 23:00:00,solar.bun_tlc#realenergyintotheload#kwh,BUNDOORA,0.0,1.266945,0.006245611,0.006060569,0.0
2025-01-29 00:00:00,solar.bun_tlc#realenergyintotheload#kwh,BUNDOORA,0.0,0.2867066,0.0037655414,0.0036539778,0.0
2025-01-29 01:00:00,solar.bun_tlc#realenergyintotheload#kwh,BUNDOORA,0.0,0.059176132,0.0037655414,0.0036539778,0.0
2025-01-29 02:00:00,solar.bun_tlc#realenergyintotheload#kwh,BUNDOORA,0.0,0.09718212,0.0037655414,0.0036539778,0.0
2025-01-29 03:00:00,solar.bun_tlc#realenergyintotheload#kwh,BUNDOORA,0.0,0.15895393,0.008583589,0.008329279,0.0
2025-01-29 04:00:00,solar.bun_tlc#realenergyintotheload#kwh,BUNDOORA,0.0,0.08538433,0.0011638727,0.00112939,0.0
2025-01-29 05:00:00,solar.bun_tlc#realenergyintotheload#kwh,BUNDOORA,0.0,0.30447346,0.0012567686,0.0012195337,0.0
2025-01-29 06:00:00,solar.bun_tlc#realenergyintotheload#kwh,BUNDOORA,0.0,0.7358405,0.0015627564,0.0015164558,0.0
2025-01-29 07:00:00,solar.bun_tlc#realenergyintotheload#kwh,BUNDOORA,0.15625,3.2380822,0.8198703,0.7955796,21.0
2025-01-29 08:00:00,solar.bun_tlc#realenergyintotheload#kwh,BUNDOORA,4.65625,8.652689,7.83871,7.6064687,166.0
2025-01-29 09:00:00,solar.bun_tlc#realenergyintotheload#kwh,BUNDOORA,9.25,14.382887,16.202454,15.722415,317.0
2025-01-29 10:00:00,solar.bun_tlc#realenergyintotheload#kwh,BUNDOORA,22.15625,27.368456,31.271206,30.344719,632.0
2025-01-29 11:00:00,solar.bun_tlc#realenergyintotheload#kwh,BUNDOORA,34.78125,29.382402,37.354294,36.247578,820.0
2025-01-29 12:00:00,solar.bun_tlc#realenergyintotheload#kwh,BUNDOORA,41.1875,38.5571,41.21139,39.990402,959.0
2025-01-29 13:00:00,solar.bun_tlc#realenergyintotheload#kwh,BUNDOORA,44.53125,43.187855,43.65964,42.366116,1039.0
2025-01-29 14:00:00,solar.bun_tlc#realenergyintotheload#kwh,BUNDOORA,44.46875,42.87309,43.871243,42.571445,1057.0
2025-01-29 15:00:00,solar.bun_tlc#realenergyintotheload#kwh,BUNDOORA,43.46875,41.558357,43.341927,42.05781,1011.0
2025-01-29 16:00:00,solar.bun_tlc#realenergyintotheload#kwh,BUNDOORA,41.84375,36.212032,40.038353,38.852116,904.0
2025-01-29 17:00:00,solar.bun_tlc#realenergyintotheload#kwh,BUNDOORA,36.25,35.27549,34.924915,33.89018,746.0
2025-01-29 18:00:00,solar.bun_tlc#realenergyintotheload#kwh,BUNDOORA,26.6875,26.900179,25.562216,24.80487,548.0
2025-01-29 19:00:00,solar.bun_tlc#realenergyintotheload#kwh,BUNDOORA,14.4375,18.33042,15.333885,14.8795805,330.0
2025-01-29 20:00:00,solar.bun_tlc#realenergyintotheload#kwh,BUNDOORA,3.78125,17.168434,4.4521375,4.320232,118.0
2025-01-29 21:00:00,solar.bun_tlc#realenergyintotheload#kwh,BUNDOORA,0.1875,7.9107327,0.01209458,0.011736248,0.0
2025-01-29 22:00:00,solar.bun_tlc#realenergyintotheload#kwh,BUNDOORA,0.0,2.324183,0.014821917,0.0143827805,0.0
2025-01-29 23:00:00,solar.bun_tlc#realenergyintotheload#kwh,BUNDOORA,0.0,0.1455889,0.0038287602,0.0037153237,0.0
2025-01-30 00:00:00,solar.bun_tlc#realenergyintotheload#kwh,BUNDOORA,0.0,0.17809825,-0.0008652729,0.0,0.0
2025-01-30 01:00:00,solar.bun_tlc#realenergyintotheload#kwh,BUNDOORA,0.0,0.09103546,0.0013688041,0.0013282499,0.0
2025-01-30 02:00:00,solar.bun_tlc#realenergyintotheload#kwh,BUNDOORA,0.0,-0.0072189234,0.0015648248,0.001518463,0.0
2025-01-30 03:00:00,solar.bun_tlc#realenergyintotheload#kwh,BUNDOORA,0.0,0.036596175,0.0019455588,0.0018879168,0.0
2025-01-30 04:00:00,solar.bun_tlc#realenergyintotheload#kwh,BUNDOORA,0.0,0.061155494,0.0025260986,0.0024512566,0.0
2025-01-30 05:00:00,solar.bun_tlc#realenergyintotheload#kwh,BUNDOORA,0.0,0.33218485,0.00048381634,0.00046948207,0.0
2025-01-30 06:00:00,solar.bun_tlc#realenergyintotheload#kwh,BUNDOORA,0.0,1.3825934,0.009932678,0.009638398,0.0
2025-01-30 07:00:00,solar.bun_tlc#realenergyintotheload#kwh,BUNDOORA,0.125,1.8148285,0.33194637,0.32211164,10.0
2025-01-30 08:00:00,solar.bun_tlc#realenergyintotheload#kwh,BUNDOORA,2.03125,9.352872,4.312715,4.18494,96.0
2025-01-30 09:00:00,solar.bun_tlc#realenergyintotheload#kwh,BUNDOORA,5.96875,7.009828,9.285328,9.010227,193.0
2025-01-30 10:00:00,solar.bun_tlc#realenergyintotheload#kwh,BUNDOORA,11.40625,19.164932,16.171291,15.692177,332.0
2025-01-30 11:00:00,solar.bun_tlc#realenergyintotheload#kwh,BUNDOORA,25.4375,18.156681,22.79479,22.119438,478.0
2025-01-30 12:00:00,solar.bun_tlc#realenergyintotheload#kwh,BUNDOORA,29.25,26.76837,32.651367,31.683989,712.0
2025-01-30 13:00:00,solar.bun_tlc#realenergyintotheload#kwh,BUNDOORA,33.03125,35.969654,37.655556,36.539917,837.0
2025-01-30 14:00:00,solar.bun_tlc#realenergyintotheload#kwh,BUNDOORA,37.3125,41.990444,44.19424,42.884876,1039.0
2025-01-30 15:00:00,solar.bun_tlc#realenergyintotheload#kwh,BUNDOORA,43.34375,42.21612,42.775246,41.507923,1002.0
2025-01-30 16:00:00,solar.bun_tlc#realenergyintotheload#kwh,BUNDOORA,40.9375,38.32966,40.11088,38.922497,891.0
2025-01-30 17:00:00,solar.bun_tlc#realenergyintotheload#kwh,BUNDOORA,35.875,35.83037,33.107285,32.1264,731.0
2025-01-30 18:00:00,solar.bun_tlc#realenergyintotheload#kwh,BUNDOORA,26.21875,30.470348,25.770454,25.00694,534.0
2025-01-30 19:00:00,solar.bun_tlc#realenergyintotheload#kwh,BUNDOORA,14.09375,28.419651,14.825524,14.386281,317.0
2025-01-30 20:00:00,solar.bun_tlc#realenergyintotheload#kwh,BUNDOORA,3.4375,24.164719,4.358209,4.2290864,111.0
2025-01-30 21:00:00,solar.bun_tlc#realenergyintotheload#kwh,BUNDOORA,0.15625,6.754309,0.008221794,0.007978203,0.0
2025-01-30 22:00:00,solar.bun_tlc#realenergyintotheload#kwh,BUNDOORA,0.0,2.7938712,0.0063633295,0.0061748,0.0
2025-01-30 23:00:00,solar.bun_tlc#realenergyintotheload#kwh,BUNDOORA,0.0,0.3751802,-0.004705561,0.0,0.0
2025-01-31 00:00:00,solar.bun_tlc#realenergyintotheload#kwh,BUNDOORA,0.0,0.38807577,0.0018577884,0.0018027468,0.0
2025-01-31 01:00:00,solar.bun_tlc#realenergyintotheload#kwh,BUNDOORA,0.0,0.22957322,0.0011025058,0.0010698413,0.0
2025-01-31 02:00:00,solar.bun_tlc#realenergyintotheload#kwh,BUNDOORA,0.0,0.110699,0.0010651249,0.0010335679,0.0
2025-01-31 03:00:00,solar.bun_tlc#realenergyintotheload#kwh,BUNDOORA,0.0,0.12106405,0.0014619057,0.001418593,0.0
2025-01-31 04:00:00,solar.bun_tlc#realenergyintotheload#kwh,BUNDOORA,0.0,0.09071491,0.0013314232,0.0012919764,0.0
2025-01-31 05:00:00,solar.bun_tlc#realenergyintotheload#kwh,BUNDOORA,0.0,0.09543223,0.0013314232,0.0012919764,0.0
2025-01-31 06:00:00,solar.bun_tlc#realenergyintotheload#kwh,BUNDOORA,0.0,0.5805715,0.0013314232,0.0012919764,0.0
2025-01-31 07:00:00,solar.bun_tlc#realenergyintotheload#kwh,BUNDOORA,0.125,1.571656,0.6975444,0.6768779,19.0
2025-01-31 08:00:00,solar.bun_tlc#realenergyintotheload#kwh,BUNDOORA,2.84375,2.8623917,9.210425,8.937544,193.0
2025-01-31 09:00:00,solar.bun_tlc#realenergyintotheload#kwh,BUNDOORA,12.84375,19.442602,20.796783,20.180626,408.0
2025-01-31 10:00:00,solar.bun_tlc#realenergyintotheload#kwh,BUNDOORA,25.1875,17.237652,29.298971,28.430916,620.0
2025-01-31 11:00:00,solar.bun_tlc#realenergyintotheload#kwh,BUNDOORA,33.625,29.54316,36.82661,35.73553,805.0
2025-01-31 12:00:00,solar.bun_tlc#realenergyintotheload#kwh,BUNDOORA,40.4375,33.14317,41.074215,39.85729,943.0
2025-01-31 13:00:00,solar.bun_tlc#realenergyintotheload#kwh,BUNDOORA,43.5625,41.772877,43.80195,42.504208,1025.0
2025-01-31 14:00:00,solar.bun_tlc#realenergyintotheload#kwh,BUNDOORA,44.5,41.921364,44.44579,43.12897,1043.0
2025-01-31 15:00:00,solar.bun_tlc#realenergyintotheload#kwh,BUNDOORA,44.125,41.34062,43.026077,41.751324,997.0
2025-01-31 16:00:00,solar.bun_tlc#realenergyintotheload#kwh,BUNDOORA,40.625,35.85296,38.877254,37.725418,893.0
2025-01-31 17:00:00,solar.bun_tlc#realenergyintotheload#kwh,BUNDOORA,35.71875,33.534508,32.639782,31.672747,737.0
2025-01-31 18:00:00,solar.bun_tlc#realenergyintotheload#kwh,BUNDOORA,26.0,32.54186,25.397465,24.645,542.0
2025-01-31 19:00:00,solar.bun_tlc#realenergyintotheload#kwh,BUNDOORA,14.0,27.919409,15.231421,14.780152,325.0
2025-01-31 20:00:00,solar.bun_tlc#realenergyintotheload#kwh,BUNDOORA,3.3125,22.343918,4.5439205,4.4092956,115.0
2025-01-31 21:00:00,solar.bun_tlc#realenergyintotheload#kwh,BUNDOORA,0.15625,9.876585,0.013566823,0.013164871,0.0
2025-01-31 22:00:00,solar.bun_tlc#realenergyintotheload#kwh,BUNDOORA,0.0,2.6921127,-0.0045219716,0.0,0.0
2025-01-31 23:00:00,solar.bun_tlc#realenergyintotheload#kwh,BUNDOORA,0.0,0.06986799,0.006080623,0.005900469,0.0
2025-02-01 00:00:00,solar.bun_tlc#realenergyintotheload#kwh,BUNDOORA,0.0,0.52558976,0.006097012,0.005916373,0.0
2025-02-01 01:00:00,solar.bun_tlc#realenergyintotheload#kwh,BUNDOORA,0.0,0.1962676,0.0018577884,0.0018027468,0.0
2025-02-01 02:00:00,solar.bun_tlc#realenergyintotheload#kwh,BUNDOORA,0.0,0.41683054,0.0018577884,0.0018027468,0.0
2025-02-01 03:00:00,solar.bun_tlc#realenergyintotheload#kwh,BUNDOORA,0.0,0.07477961,0.0010651249,0.0010335679,0.0
2025-02-01 04:00:00,solar.bun_tlc#realenergyintotheload#kwh,BUNDOORA,0.0,0.12373154,0.0014619057,0.001418593,0.0
2025-02-01 05:00:00,solar.bun_tlc#realenergyintotheload#kwh,BUNDOORA,0.0,0.13464673,0.0013314232,0.0012919764,0.0
2025-02-01 06:00:00,solar.bun_tlc#realenergyintotheload#kwh,BUNDOORA,0.0,0.29136467,0.0018332166,0.001778903,0.0
2025-02-01 07:00:00,solar.bun_tlc#realenergyintotheload#kwh,BUNDOORA,0.09375,0.5593118,0.4250821,0.41248795,13.0
2025-02-01 08:00:00,solar.bun_tlc#realenergyintotheload#kwh,BUNDOORA,4.78125,3.390303,9.44,9.1603155,192.0
2025-02-01 09:00:00,solar.bun_tlc#realenergyintotheload#kwh,BUNDOORA,12.46875,24.851212,21.338127,20.705933,407.0
2025-02-01 10:00:00,solar.bun_tlc#realenergyintotheload#kwh,BUNDOORA,23.8125,17.260784,29.575823,28.699566,613.0
2025-02-01 11:00:00,solar.bun_tlc#realenergyintotheload#kwh,BUNDOORA,33.1875,20.996752,36.226643,35.15334,793.0
2025-02-01 12:00:00,solar.bun_tlc#realenergyintotheload#kwh,BUNDOORA,38.5625,26.687143,40.4246,39.226917,928.0
2025-02-01 13:00:00,solar.bun_tlc#realenergyintotheload#kwh,BUNDOORA,41.46875,37.033848,42.174236,40.92472,1005.0
2025-02-01 14:00:00,solar.bun_tlc#realenergyintotheload#kwh,BUNDOORA,41.90625,36.365433,41.87622,40.635532,1022.0
2025-02-01 15:00:00,solar.bun_tlc#realenergyintotheload#kwh,BUNDOORA,40.71875,34.240433,42.46781,41.209595,977.0
2025-02-01 16:00:00,solar.bun_tlc#realenergyintotheload#kwh,BUNDOORA,37.53125,31.667192,37.705242,36.58813,871.0
2025-02-01 17:00:00,solar.bun_tlc#realenergyintotheload#kwh,BUNDOORA,32.03125,29.798847,32.197136,31.243216,714.0
2025-02-01 18:00:00,solar.bun_tlc#realenergyintotheload#kwh,BUNDOORA,23.59375,29.757534,23.965616,23.255575,521.0
2025-02-01 19:00:00,solar.bun_tlc#realenergyintotheload#kwh,BUNDOORA,12.625,25.885162,13.663366,13.258554,309.0
2025-02-01 20:00:00,solar.bun_tlc#realenergyintotheload#kwh,BUNDOORA,3.09375,21.289759,4.1520524,4.0290375,106.0
2025-02-01 21:00:00,solar.bun_tlc#realenergyintotheload#kwh,BUNDOORA,0.125,10.243705,0.0022369297,0.0021706552,0.0
2025-02-01 22:00:00,solar.bun_tlc#realenergyintotheload#kwh,BUNDOORA,0.0,2.98747,-0.0013382644,0.0,0.0
2025-02-01 23:00:00,solar.bun_tlc#realenergyintotheload#kwh,BUNDOORA,0.0,-0.10706014,-0.00064738904,0.0,0.0
2025-02-02 00:00:00,solar.bun_tlc#realenergyintotheload#kwh,BUNDOORA,0.0,-0.076018766,0.004334283,0.004205869,0.0
2025-02-02 01:00:00,solar.bun_tlc#realenergyintotheload#kwh,BUNDOORA,0.0,0.16600017,0.013298169,0.012904177,0.0
2025-02-02 02:00:00,solar.bun_tlc#realenergyintotheload#kwh,BUNDOORA,0.0,0.121550664,0.008827151,0.008565624,0.0
2025-02-02 03:00:00,solar.bun_tlc#realenergyintotheload#kwh,BUNDOORA,0.0,0.58583546,-0.009108709,0.0,0.0
2025-02-02 04:00:00,solar.bun_tlc#realenergyintotheload#kwh,BUNDOORA,0.0,0.4170623,-0.016635193,0.0,0.0
2025-02-02 05:00:00,solar.bun_tlc#realenergyintotheload#kwh,BUNDOORA,0.0,-0.1671833,-0.0077125425,0.0,0.0
2025-02-02 06:00:00,solar.bun_tlc#realenergyintotheload#kwh,BUNDOORA,0.0,2.2361088,-0.0018062143,0.0,0.0
2025-02-02 07:00:00,solar.bun_tlc#realenergyintotheload#kwh,BUNDOORA,0.125,10.122062,0.42019838,0.40774897,12.0
2025-02-02 08:00:00,solar.bun_tlc#realenergyintotheload#kwh,BUNDOORA,3.15625,23.698605,6.4735107,6.281717,152.0
2025-02-02 09:00:00,solar.bun_tlc#realenergyintotheload#kwh,BUNDOORA,9.34375,25.36257,13.771433,13.36342,308.0
2025-02-02 10:00:00,solar.bun_tlc#realenergyintotheload#kwh,BUNDOORA,19.125,21.3443,22.751709,22.077633,483.0
2025-02-02 11:00:00,solar.bun_tlc#realenergyintotheload#kwh,BUNDOORA,26.21875,22.784513,29.040297,28.179905,647.0
2025-02-02 12:00:00,solar.bun_tlc#realenergyintotheload#kwh,BUNDOORA,31.5625,30.77581,34.64522,33.61877,770.0
2025-02-02 13:00:00,solar.bun_tlc#realenergyintotheload#kwh,BUNDOORA,24.875,25.909327,25.550493,24.793495,572.0
2025-02-02 14:00:00,solar.bun_tlc#realenergyintotheload#kwh,BUNDOORA,34.53125,33.584312,40.3618,39.16598,971.0
2025-02-02 15:00:00,solar.bun_tlc#realenergyintotheload#kwh,BUNDOORA,35.46875,29.694834,38.953045,37.79896,894.0
2025-02-02 16:00:00,solar.bun_tlc#realenergyintotheload#kwh,BUNDOORA,34.5,30.893091,34.87634,33.84304,809.0
2025-02-02 17:00:00,solar.bun_tlc#realenergyintotheload#kwh,BUNDOORA,30.46875,33.259743,29.504583,28.630436,679.0
2025-02-02 18:00:00,solar.bun_tlc#realenergyintotheload#kwh,BUNDOORA,22.5625,32.971947,22.242266,21.583282,491.0
2025-02-02 19:00:00,solar.bun_tlc#realenergyintotheload#kwh,BUNDOORA,11.40625,20.103971,13.020392,12.634631,286.0
2025-02-02 20:00:00,solar.bun_tlc#realenergyintotheload#kwh,BUNDOORA,1.03125,10.337193,2.1675966,2.1033762,46.0
2025-02-02 21:00:00,solar.bun_tlc#realenergyintotheload#kwh,BUNDOORA,0.0,7.999515,0.018354628,0.017810827,0.0
2025-02-02 22:00:00,solar.bun_tlc#realenergyintotheload#kwh,BUNDOORA,0.0,2.2424524,0.017149486,0.01664139,0.0
2025-02-02 23:00:00,solar.bun_tlc#realenergyintotheload#kwh,BUNDOORA,0.0,0.31945035,0.012860234,0.012479218,0.0
2025-02-03 00:00:00,solar.bun_tlc#realenergyintotheload#kwh,BUNDOORA,0.0,0.26804557,0.01311493,0.012726367,0.0
2025-02-03 01:00:00,solar.bun_tlc#realenergyintotheload#kwh,BUNDOORA,0.0,0.1297621,0.012860234,0.012479218,0.0
2025-02-03 02:00:00,solar.bun_tlc#realenergyintotheload#kwh,BUNDOORA,0.0,-0.23464762,0.011969067,0.011614454,0.0
2025-02-03 03:00:00,solar.bun_tlc#realenergyintotheload#kwh,BUNDOORA,0.0,-0.17396697,0.011969067,0.011614454,0.0
2025-02-03 04:00:00,solar.bun_tlc#realenergyintotheload#kwh,BUNDOORA,0.0,0.51313686,0.0069130245,0.006708209,0.0
2025-02-03 05:00:00,solar.bun_tlc#realenergyintotheload#kwh,BUNDOORA,0.0,0.55686355,0.005654392,0.0054868665,0.0
2025-02-03 06:00:00,solar.bun_tlc#realenergyintotheload#kwh,BUNDOORA,0.0,3.671298,0.006102942,0.005922127,0.0
2025-02-03 07:00:00,solar.bun_tlc#realenergyintotheload#kwh,BUNDOORA,0.03125,5.956744,0.16047727,0.15572272,6.0
2025-02-03 08:00:00,solar.bun_tlc#realenergyintotheload#kwh,BUNDOORA,2.5,10.58193,3.7671547,3.6555433,101.0
2025-02-03 09:00:00,solar.bun_tlc#realenergyintotheload#kwh,BUNDOORA,7.90625,20.252846,15.5695095,15.108224,342.0
2025-02-03 10:00:00,solar.bun_tlc#realenergyintotheload#kwh,BUNDOORA,15.4375,23.179817,18.369524,17.825281,385.0
2025-02-03 11:00:00,solar.bun_tlc#realenergyintotheload#kwh,BUNDOORA,21.1875,24.685608,18.716751,18.16222,414.0
2025-02-03 12:00:00,solar.bun_tlc#realenergyintotheload#kwh,BUNDOORA,16.5,24.264233,18.25175,17.710997,404.0
2025-02-03 13:00:00,solar.bun_tlc#realenergyintotheload#kwh,BUNDOORA,17.25,22.25139,16.37328,15.88818,372.0
2025-02-03 14:00:00,solar.bun_tlc#realenergyintotheload#kwh,BUNDOORA,17.25,17.583729,13.005572,12.62025,286.0
2025-02-03 15:00:00,solar.bun_tlc#realenergyintotheload#kwh,BUNDOORA,34.90625,33.39982,38.83159,37.681107,896.0
2025-02-03 16:00:00,solar.bun_tlc#realenergyintotheload#kwh,BUNDOORA,29.09375,32.5269,28.118519,27.285437,620.0
2025-02-03 17:00:00,solar.bun_tlc#realenergyintotheload#kwh,BUNDOORA,20.28125,15.066105,13.792822,13.384175,291.0
2025-02-03 18:00:00,solar.bun_tlc#realenergyintotheload#kwh,BUNDOORA,17.4375,19.522358,18.350224,17.806553,389.0
2025-02-03 19:00:00,solar.bun_tlc#realenergyintotheload#kwh,BUNDOORA,14.4375,27.252775,12.889058,12.507188,271.0
2025-02-03 20:00:00,solar.bun_tlc#realenergyintotheload#kwh,BUNDOORA,3.65625,11.6170845,2.1619627,2.0979092,48.0
2025-02-03 21:00:00,solar.bun_tlc#realenergyintotheload#kwh,BUNDOORA,0.1875,7.9787774,0.028026389,0.027196037,0.0
2025-02-03 22:00:00,solar.bun_tlc#realenergyintotheload#kwh,BUNDOORA,0.0,3.6796274,0.023572762,0.022874359,0.0
2025-02-03 23:00:00,solar.bun_tlc#realenergyintotheload#kwh,BUNDOORA,0.0,0.80331856,0.009400062,0.009121562,0.0
2025-02-04 00:00:00,solar.bun_tlc#realenergyintotheload#kwh,BUNDOORA,0.0,0.15919262,0.006544236,0.006350347,0.0
2025-02-04 01:00:00,solar.bun_tlc#realenergyintotheload#kwh,BUNDOORA,0.0,0.13494848,0.00084839575,0.0008232599,0.0
2025-02-04 02:00:00,solar.bun_tlc#realenergyintotheload#kwh,BUNDOORA,0.0,0.5588075,0.008503766,0.008251821,0.0
2025-02-04 03:00:00,solar.bun_tlc#realenergyintotheload#kwh,BUNDOORA,0.0,0.37793487,0.0026737573,0.0025945406,0.0
2025-02-04 04:00:00,solar.bun_tlc#realenergyintotheload#kwh,BUNDOORA,0.0,0.11540498,0.006060721,0.005881157,0.0
2025-02-04 05:00:00,solar.bun_tlc#realenergyintotheload#kwh,BUNDOORA,0.0,-0.08203088,0.014255934,0.013833567,0.0
2025-02-04 06:00:00,solar.bun_tlc#realenergyintotheload#kwh,BUNDOORA,0.0,1.8686994,-0.018581377,0.0,0.0
2025-02-04 07:00:00,solar.bun_tlc#realenergyintotheload#kwh,BUNDOORA,0.03125,2.7916753,0.123445235,0.119787864,5.0
2025-02-04 08:00:00,solar.bun_tlc#realenergyintotheload#kwh,BUNDOORA,1.40625,8.28582,2.9060953,2.819995,69.0
2025-02-04 09:00:00,solar.bun_tlc#realenergyintotheload#kwh,BUNDOORA,5.4375,14.927998,10.647605,10.332143,220.0
2025-02-04 10:00:00,solar.bun_tlc#realenergyintotheload#kwh,BUNDOORA,7.375,16.465128,10.511653,10.200219,229.0
2025-02-04 11:00:00,solar.bun_tlc#realenergyintotheload#kwh,BUNDOORA,12.375,24.645555,17.960327,17.428207,395.0
2025-02-04 12:00:00,solar.bun_tlc#realenergyintotheload#kwh,BUNDOORA,38.78125,29.783115,38.610153,37.466232,893.0
2025-02-04 13:00:00,solar.bun_tlc#realenergyintotheload#kwh,BUNDOORA,40.09375,35.57051,41.01669,39.801468,974.0
2025-02-04 14:00:00,solar.bun_tlc#realenergyintotheload#kwh,BUNDOORA,27.125,31.71147,34.84628,33.81387,792.0
2025-02-04 15:00:00,solar.bun_tlc#realenergyintotheload#kwh,BUNDOORA,35.28125,30.746914,35.882984,34.819862,807.0
2025-02-04 16:00:00,solar.bun_tlc#realenergyintotheload#kwh,BUNDOORA,29.9375,20.957273,20.654814,20.042864,438.0
2025-02-04 17:00:00,solar.bun_tlc#realenergyintotheload#kwh,BUNDOORA,24.34375,16.29592,23.952728,23.243069,528.0
2025-02-04 18:00:00,solar.bun_tlc#realenergyintotheload#kwh,BUNDOORA,17.25,7.7332706,10.612015,10.297607,232.0
2025-02-04 19:00:00,solar.bun_tlc#realenergyintotheload#kwh,BUNDOORA,6.5625,10.709101,7.0982203,6.887918,187.0
2025-02-04 20:00:00,solar.bun_tlc#realenergyintotheload#kwh,BUNDOORA,1.75,3.006545,1.4860724,1.4420438,37.0
2025-02-04 21:00:00,solar.bun_tlc#realenergyintotheload#kwh,BUNDOORA,0.1875,4.476736,0.0015203913,0.0014753459,0.0
2025-02-04 22:00:00,solar.bun_tlc#realenergyintotheload#kwh,BUNDOORA,0.0,1.6284013,0.00016957207,0.00016454808,0.0
2025-02-04 23:00:00,solar.bun_tlc#realenergyintotheload#kwh,BUNDOORA,0.0,0.0953364,0.00022593862,0.00021924463,0.0
2025-02-05 00:00:00,solar.bun_tlc#realenergyintotheload#kwh,BUNDOORA,0.0,0.32019854,-0.00055320596,0.0,0.0
2025-02-05 01:00:00,solar.bun_tlc#realenergyintotheload#kwh,BUNDOORA,0.0,0.28619468,0.00030192218,0.00029297697,0.0
2025-02-05 02:00:00,solar.bun_tlc#realenergyintotheload#kwh,BUNDOORA,0.0,0.16813907,0.00022593862,0.00021924463,0.0
2025-02-05 03:00:00,solar.bun_tlc#realenergyintotheload#kwh,BUNDOORA,0.0,0.044159018,0.00018233672,0.00017693454,0.0
2025-02-05 04:00:00,solar.bun_tlc#realenergyintotheload#kwh,BUNDOORA,0.0,0.06331799,0.00018233672,0.00017693454,0.0
2025-02-05 05:00:00,solar.bun_tlc#realenergyintotheload#kwh,BUNDOORA,0.0,0.011788923,0.0018326706,0.0017783731,0.0
2025-02-05 06:00:00,solar.bun_tlc#realenergyintotheload#kwh,BUNDOORA,0.0,1.78431,0.0018326706,0.0017783731,0.0
2025-02-05 07:00:00,solar.bun_tlc#realenergyintotheload#kwh,BUNDOORA,0.0,4.9591193,0.239339,0.23224798,8.0
2025-02-05 08:00:00,solar.bun_tlc#realenergyintotheload#kwh,BUNDOORA,1.125,13.190668,3.7927198,3.680351,94.0
2025-02-05 09:00:00,solar.bun_tlc#realenergyintotheload#kwh,BUNDOORA,3.6875,6.8712296,9.880034,9.587314,205.0
2025-02-05 10:00:00,solar.bun_tlc#realenergyintotheload#kwh,BUNDOORA,11.21875,22.674131,20.926432,20.306435,420.0
2025-02-05 11:00:00,solar.bun_tlc#realenergyintotheload#kwh,BUNDOORA,28.0,24.192844,35.201267,34.15834,763.0
2025-02-05 12:00:00,solar.bun_tlc#realenergyintotheload#kwh,BUNDOORA,38.5625,27.445648,40.5039,39.30387,902.0
2025-02-05 13:00:00,solar.bun_tlc#realenergyintotheload#kwh,BUNDOORA,42.46875,37.664997,42.743828,41.477436,986.0
2025-02-05 14:00:00,solar.bun_tlc#realenergyintotheload#kwh,BUNDOORA,43.15625,39.227016,44.28682,42.974712,1008.0
2025-02-05 15:00:00,solar.bun_tlc#realenergyintotheload#kwh,BUNDOORA,42.4375,39.871967,41.481415,40.252422,965.0
2025-02-05 16:00:00,solar.bun_tlc#realenergyintotheload#kwh,BUNDOORA,28.3125,35.37977,37.515953,36.40445,863.0
2025-02-05 17:00:00,solar.bun_tlc#realenergyintotheload#kwh,BUNDOORA,32.84375,27.741297,31.440739,30.509228,707.0
2025-02-05 18:00:00,solar.bun_tlc#realenergyintotheload#kwh,BUNDOORA,23.65625,26.775064,24.00396,23.292782,511.0
2025-02-05 19:00:00,solar.bun_tlc#realenergyintotheload#kwh,BUNDOORA,12.375,14.937952,13.514952,13.114537,291.0
2025-02-05 20:00:00,solar.bun_tlc#realenergyintotheload#kwh,BUNDOORA,3.375,12.061107,2.7202928,2.6396973,74.0
2025-02-05 21:00:00,solar.bun_tlc#realenergyintotheload#kwh,BUNDOORA,0.125,6.5305276,0.0008201869,0.00079588685,0.0
2025-02-05 22:00:00,solar.bun_tlc#realenergyintotheload#kwh,BUNDOORA,0.0,1.975043,-0.00035033285,0.0,0.0
2025-02-05 23:00:00,solar.bun_tlc#realenergyintotheload#kwh,BUNDOORA,0.0,0.5122499,-0.00035033285,0.0,0.0
2025-02-06 00:00:00,solar.bun_tlc#realenergyintotheload#kwh,BUNDOORA,0.0,0.17963785,-0.00084085355,0.0,0.0
2025-02-06 01:00:00,solar.bun_tlc#realenergyintotheload#kwh,BUNDOORA,0.0,0.090530895,-0.00023795772,0.0,0.0
2025-02-06 02:00:00,solar.bun_tlc#realenergyintotheload#kwh,BUNDOORA,0.0,0.3913483,0.00025256214,0.00024507934,0.0
2025-02-06 03:00:00,solar.bun_tlc#realenergyintotheload#kwh,BUNDOORA,0.0,0.22694701,-0.00023795772,0.0,0.0
2025-02-06 04:00:00,solar.bun_tlc#realenergyintotheload#kwh,BUNDOORA,0.0,0.014558507,0.00030892863,0.00029977586,0.0
2025-02-06 05:00:00,solar.bun_tlc#realenergyintotheload#kwh,BUNDOORA,0.0,0.23915198,0.0011228061,0.0010895402,0.0
2025-02-06 06:00:00,solar.bun_tlc#realenergyintotheload#kwh,BUNDOORA,0.0,0.7503362,0.000110739034,0.000107458116,0.0
2025-02-06 07:00:00,solar.bun_tlc#realenergyintotheload#kwh,BUNDOORA,0.0625,0.81311375,0.23113804,0.22429,8.0
2025-02-06 08:00:00,solar.bun_tlc#realenergyintotheload#kwh,BUNDOORA,2.625,5.756461,6.85569,6.652573,159.0
2025-02-06 09:00:00,solar.bun_tlc#realenergyintotheload#kwh,BUNDOORA,11.40625,14.903295,16.764807,16.268106,369.0
2025-02-06 10:00:00,solar.bun_tlc#realenergyintotheload#kwh,BUNDOORA,22.625,14.825326,27.483734,26.66946,579.0
2025-02-06 11:00:00,solar.bun_tlc#realenergyintotheload#kwh,BUNDOORA,31.84375,35.00543,35.900734,34.837086,766.0
2025-02-06 12:00:00,solar.bun_tlc#realenergyintotheload#kwh,BUNDOORA,37.46875,34.42185,39.87738,38.69591,902.0
2025-02-06 13:00:00,solar.bun_tlc#realenergyintotheload#kwh,BUNDOORA,40.78125,31.973421,41.582043,40.35007,982.0
2025-02-06 14:00:00,solar.bun_tlc#realenergyintotheload#kwh,BUNDOORA,40.75,33.08272,41.001274,39.78651,1000.0
2025-02-06 15:00:00,solar.bun_tlc#realenergyintotheload#kwh,BUNDOORA,35.46875,34.69901,39.173588,38.012974,926.0
2025-02-06 16:00:00,solar.bun_tlc#realenergyintotheload#kwh,BUNDOORA,36.90625,35.499973,36.683624,35.59678,852.0
2025-02-06 17:00:00,solar.bun_tlc#realenergyintotheload#kwh,BUNDOORA,32.53125,38.202595,30.456362,29.554016,697.0
2025-02-06 18:00:00,solar.bun_tlc#realenergyintotheload#kwh,BUNDOORA,22.90625,31.08747,22.461517,21.79604,505.0
2025-02-06 19:00:00,solar.bun_tlc#realenergyintotheload#kwh,BUNDOORA,12.03125,20.561916,12.964756,12.580643,292.0
2025-02-06 20:00:00,solar.bun_tlc#realenergyintotheload#kwh,BUNDOORA,3.09375,17.230446,2.951343,2.863902,78.0
2025-02-06 21:00:00,solar.bun_tlc#realenergyintotheload#kwh,BUNDOORA,0.09375,10.270488,-0.0132876905,0.0,0.0
2025-02-06 22:00:00,solar.bun_tlc#realenergyintotheload#kwh,BUNDOORA,0.0,4.4680467,-0.0113418065,0.0,0.0
2025-02-06 23:00:00,solar.bun_tlc#realenergyintotheload#kwh,BUNDOORA,0.0,0.7267687,-0.0013772027,0.0,0.0
2025-02-07 00:00:00,solar.bun_tlc#realenergyintotheload#kwh,BUNDOORA,0.0,1.792001,0.00094270124,0.00091477134,0.0
2025-02-07 01:00:00,solar.bun_tlc#realenergyintotheload#kwh,BUNDOORA,0.0,-0.022310255,0.004277916,0.004151172,0.0
2025-02-07 02:00:00,solar.bun_tlc#realenergyintotheload#kwh,BUNDOORA,0.0,0.31635302,0.0012410197,0.0012042514,0.0
2025-02-07 03:00:00,solar.bun_tlc#realenergyintotheload#kwh,BUNDOORA,0.0,0.2844229,0.010414223,0.010105676,0.0
2025-02-07 04:00:00,solar.bun_tlc#realenergyintotheload#kwh,BUNDOORA,0.0,1.0932785,0.022983765,0.022302814,0.0
2025-02-07 05:00:00,solar.bun_tlc#realenergyintotheload#kwh,BUNDOORA,0.0,1.8622762,0.02436134,0.023639575,0.0
2025-02-07 06:00:00,solar.bun_tlc#realenergyintotheload#kwh,BUNDOORA,0.0,4.4376864,0.003824638,0.0037113235,0.0
2025-02-07 07:00:00,solar.bun_tlc#realenergyintotheload#kwh,BUNDOORA,0.03125,6.75559,0.15501323,0.15042058,6.0
2025-02-07 08:00:00,solar.bun_tlc#realenergyintotheload#kwh,BUNDOORA,1.5,6.213271,2.8737497,2.7886076,71.0
2025-02-07 09:00:00,solar.bun_tlc#realenergyintotheload#kwh,BUNDOORA,1.6875,9.065691,5.9366455,5.7607574,130.0
2025-02-07 10:00:00,solar.bun_tlc#realenergyintotheload#kwh,BUNDOORA,2.6875,7.139282,7.498721,7.2765527,159.0
2025-02-07 11:00:00,solar.bun_tlc#realenergyintotheload#kwh,BUNDOORA,4.65625,7.141899,12.048225,11.691267,263.0
2025-02-07 12:00:00,solar.bun_tlc#realenergyintotheload#kwh,BUNDOORA,6.625,8.9418545,9.001336,8.734649,197.0
2025-02-07 13:00:00,solar.bun_tlc#realenergyintotheload#kwh,BUNDOORA,11.71875,10.664229,10.8692255,10.547197,236.0
2025-02-07 14:00:00,solar.bun_tlc#realenergyintotheload#kwh,BUNDOORA,10.4375,12.3573475,24.578796,23.850588,539.0
2025-02-07 15:00:00,solar.bun_tlc#realenergyintotheload#kwh,BUNDOORA,18.375,12.292264,17.156761,16.648449,375.0
2025-02-07 16:00:00,solar.bun_tlc#realenergyintotheload#kwh,BUNDOORA,19.53125,12.805899,10.820624,10.500036,239.0
2025-02-07 17:00:00,solar.bun_tlc#realenergyintotheload#kwh,BUNDOORA,8.5625,8.120792,8.597587,8.342861,186.0
2025-02-07 18:00:00,solar.bun_tlc#realenergyintotheload#kwh,BUNDOORA,8.78125,8.493731,8.633458,8.37767,188.0
2025-02-07 19:00:00,solar.bun_tlc#realenergyintotheload#kwh,BUNDOORA,12.03125,8.923339,7.27673,7.0611386,196.0
2025-02-07 20:00:00,solar.bun_tlc#realenergyintotheload#kwh,BUNDOORA,3.46875,7.525454,0.79419106,0.7706612,22.0
2025-02-07 21:00:00,solar.bun_tlc#realenergyintotheload#kwh,BUNDOORA,0.0,6.297367,-0.0024788603,0.0,0.0
2025-02-07 22:00:00,solar.bun_tlc#realenergyintotheload#kwh,BUNDOORA,0.0,4.0088577,-0.0030679416,0.0,0.0
2025-02-07 23:00:00,solar.bun_tlc#realenergyintotheload#kwh,BUNDOORA,0.0,0.7556578,0.0018199059,0.0017659867,0.0
2025-02-08 00:00:00,solar.bun_tlc#realenergyintotheload#kwh,BUNDOORA,0.0,0.50064224,0.0018762726,0.0018206834,0.0
2025-02-08 01:00:00,solar.bun_tlc#realenergyintotheload#kwh,BUNDOORA,0.0,0.21715608,0.001756687,0.0017046407,0.0
2025-02-08 02:00:00,solar.bun_tlc#realenergyintotheload#kwh,BUNDOORA,0.0,0.29156557,0.0023930608,0.0023221604,0.0
2025-02-08 03:00:00,solar.bun_tlc#realenergyintotheload#kwh,BUNDOORA,0.0,0.49931544,0.0036779915,0.0035690218,0.0
2025-02-08 04:00:00,solar.bun_tlc#realenergyintotheload#kwh,BUNDOORA,0.0,0.17995556,0.0077754725,0.0075451047,0.0
2025-02-08 05:00:00,solar.bun_tlc#realenergyintotheload#kwh,BUNDOORA,0.0,0.5558478,0.007922869,0.0076881344,0.0
2025-02-08 06:00:00,solar.bun_tlc#realenergyintotheload#kwh,BUNDOORA,0.0,2.3041098,0.0077754725,0.0075451047,0.0
2025-02-08 07:00:00,solar.bun_tlc#realenergyintotheload#kwh,BUNDOORA,0.03125,4.869511,0.010239503,0.0099361325,1.0
2025-02-08 08:00:00,solar.bun_tlc#realenergyintotheload#kwh,BUNDOORA,1.0,13.035595,3.9484084,3.8314269,96.0
2025-02-08 09:00:00,solar.bun_tlc#realenergyintotheload#kwh,BUNDOORA,6.09375,9.509826,8.682578,8.425335,186.0
2025-02-08 10:00:00,solar.bun_tlc#realenergyintotheload#kwh,BUNDOORA,7.96875,11.76947,11.378666,11.041545,248.0
2025-02-08 11:00:00,solar.bun_tlc#realenergyintotheload#kwh,BUNDOORA,6.0,14.018965,8.940861,8.675965,192.0
2025-02-08 12:00:00,solar.bun_tlc#realenergyintotheload#kwh,BUNDOORA,9.90625,11.879358,12.850503,12.469774,277.0
2025-02-08 13:00:00,solar.bun_tlc#realenergyintotheload#kwh,BUNDOORA,12.25,13.687951,7.1714015,6.958931,156.0
2025-02-08 14:00:00,solar.bun_tlc#realenergyintotheload#kwh,BUNDOORA,5.03125,16.971613,6.480096,6.288107,139.0
2025-02-08 15:00:00,solar.bun_tlc#realenergyintotheload#kwh,BUNDOORA,0.0,15.648291,8.932195,8.667556,193.0
2025-02-08 16:00:00,solar.bun_tlc#realenergyintotheload#kwh,BUNDOORA,0.0,15.390201,10.757398,10.438683,232.0
2025-02-08 17:00:00,solar.bun_tlc#realenergyintotheload#kwh,BUNDOORA,0.0,11.48557,8.248278,8.0039015,179.0
2025-02-08 18:00:00,solar.bun_tlc#realenergyintotheload#kwh,BUNDOORA,0.0,7.2159877,9.011109,8.744133,192.0
2025-02-08 19:00:00,solar.bun_tlc#realenergyintotheload#kwh,BUNDOORA,0.0,7.987518,4.3031425,4.175651,97.0
2025-02-08 20:00:00,solar.bun_tlc#realenergyintotheload#kwh,BUNDOORA,0.0,7.0161495,0.6512622,0.63196695,17.0
2025-02-08 21:00:00,solar.bun_tlc#realenergyintotheload#kwh,BUNDOORA,0.0,3.7830105,0.002300818,0.0022326505,0.0
2025-02-08 22:00:00,solar.bun_tlc#realenergyintotheload#kwh,BUNDOORA,0.0,1.4919565,0.0027806323,0.0026982492,0.0
2025-02-08 23:00:00,solar.bun_tlc#realenergyintotheload#kwh,BUNDOORA,0.0,0.18464734,0.0007161192,0.0006949024,0.0
2025-02-09 00:00:00,solar.bun_tlc#realenergyintotheload#kwh,BUNDOORA,0.0,0.23995642,0.0007900515,0.0007666442,0.0
2025-02-09 01:00:00,solar.bun_tlc#realenergyintotheload#kwh,BUNDOORA,0.0,0.18081984,0.0007900515,0.0007666442,0.0
2025-02-09 02:00:00,solar.bun_tlc#realenergyintotheload#kwh,BUNDOORA,0.0,0.3372616,0.000316421,0.00030704626,0.0
2025-02-09 03:00:00,solar.bun_tlc#realenergyintotheload#kwh,BUNDOORA,0.0,0.20192637,0.000316421,0.00030704626,0.0
2025-02-09 04:00:00,solar.bun_tlc#realenergyintotheload#kwh,BUNDOORA,0.0,0.13443343,0.000316421,0.00030704626,0.0
2025-02-09 05:00:00,solar.bun_tlc#realenergyintotheload#kwh,BUNDOORA,0.0,0.09080633,0.00070162024,0.000680833,0.0
2025-02-09 06:00:00,solar.bun_tlc#realenergyintotheload#kwh,BUNDOORA,0.0,1.7030866,0.00030192218,0.00029297697,0.0
2025-02-09 07:00:00,solar.bun_tlc#realenergyintotheload#kwh,BUNDOORA,0.03125,1.1452471,0.012807729,0.012428268,2.0
2025-02-09 08:00:00,solar.bun_tlc#realenergyintotheload#kwh,BUNDOORA,2.34375,6.518546,5.4427156,5.2814617,146.0
2025-02-09 09:00:00,solar.bun_tlc#realenergyintotheload#kwh,BUNDOORA,11.5,5.0796356,16.020132,15.545496,351.0
2025-02-09 10:00:00,solar.bun_tlc#realenergyintotheload#kwh,BUNDOORA,18.4375,20.026705,26.689283,25.898546,559.0
2025-02-09 11:00:00,solar.bun_tlc#realenergyintotheload#kwh,BUNDOORA,19.03125,19.036049,31.305073,30.377583,679.0
2025-02-09 12:00:00,solar.bun_tlc#realenergyintotheload#kwh,BUNDOORA,30.0625,14.157332,40.194786,39.003914,887.0
2025-02-09 13:00:00,solar.bun_tlc#realenergyintotheload#kwh,BUNDOORA,35.0,32.804752,38.826996,37.676647,879.0
2025-02-09 14:00:00,solar.bun_tlc#realenergyintotheload#kwh,BUNDOORA,10.125,29.226109,30.908337,29.9926,662.0
2025-02-09 15:00:00,solar.bun_tlc#realenergyintotheload#kwh,BUNDOORA,32.5625,20.013985,26.941746,26.14353,581.0
2025-02-09 16:00:00,solar.bun_tlc#realenergyintotheload#kwh,BUNDOORA,27.15625,21.18254,25.1303,24.385752,544.0
2025-02-09 17:00:00,solar.bun_tlc#realenergyintotheload#kwh,BUNDOORA,26.71875,22.03447,29.778812,28.89654,627.0
2025-02-09 18:00:00,solar.bun_tlc#realenergyintotheload#kwh,BUNDOORA,20.09375,12.040481,3.682427,3.5733259,80.0
2025-02-09 19:00:00,solar.bun_tlc#realenergyintotheload#kwh,BUNDOORA,9.96875,6.6723228,11.261528,10.927877,265.0
2025-02-09 20:00:00,solar.bun_tlc#realenergyintotheload#kwh,BUNDOORA,2.71875,6.4471173,1.2596215,1.2223021,31.0
2025-02-09 21:00:00,solar.bun_tlc#realenergyintotheload#kwh,BUNDOORA,0.0625,6.62126,0.00054772705,0.0005314993,0.0
2025-02-09 22:00:00,solar.bun_tlc#realenergyintotheload#kwh,BUNDOORA,0.0,1.1824411,0.00049136044,0.00047680264,0.0
2025-02-09 23:00:00,solar.bun_tlc#realenergyintotheload#kwh,BUNDOORA,0.0,0.25840056,0.00049136044,0.00047680264,0.0
2025-02-10 00:00:00,solar.bun_tlc#realenergyintotheload#kwh,BUNDOORA,0.0,0.29293814,0.00049136044,0.00047680264,0.0
2025-02-10 01:00:00,solar.bun_tlc#realenergyintotheload#kwh,BUNDOORA,0.0,0.278372,0.00049136044,0.00047680264,0.0
2025-02-10 02:00:00,solar.bun_tlc#realenergyintotheload#kwh,BUNDOORA,0.0,0.34525925,0.00049136044,0.00047680264,0.0
2025-02-10 03:00:00,solar.bun_tlc#realenergyintotheload#kwh,BUNDOORA,0.0,0.1670051,0.00016957207,0.00016454808,0.0
2025-02-10 04:00:00,solar.bun_tlc#realenergyintotheload#kwh,BUNDOORA,0.0,0.17963646,0.00049136044,0.00047680264,0.0
2025-02-10 05:00:00,solar.bun_tlc#realenergyintotheload#kwh,BUNDOORA,0.0,0.43601713,0.00016957207,0.00016454808,0.0
2025-02-10 06:00:00,solar.bun_tlc#realenergyintotheload#kwh,BUNDOORA,0.0,3.7109725,0.00016957207,0.00016454808,0.0
2025-02-10 07:00:00,solar.bun_tlc#realenergyintotheload#kwh,BUNDOORA,0.0,1.5628874,0.014073456,0.013656494,2.0
2025-02-10 08:00:00,solar.bun_tlc#realenergyintotheload#kwh,BUNDOORA,2.03125,10.681237,5.292045,5.135255,142.0
2025-02-10 09:00:00,solar.bun_tlc#realenergyintotheload#kwh,BUNDOORA,7.09375,8.437958,16.252659,15.771133,352.0
2025-02-10 10:00:00,solar.bun_tlc#realenergyintotheload#kwh,BUNDOORA,12.9375,9.379038,19.170275,18.602308,401.0
2025-02-10 11:00:00,solar.bun_tlc#realenergyintotheload#kwh,BUNDOORA,20.71875,5.5832877,27.118423,26.314972,565.0
2025-02-10 12:00:00,solar.bun_tlc#realenergyintotheload#kwh,BUNDOORA,33.5625,20.489672,39.09554,37.937237,852.0
2025-02-10 13:00:00,solar.bun_tlc#realenergyintotheload#kwh,BUNDOORA,41.5625,31.25904,40.405647,39.20853,927.0
2025-02-10 14:00:00,solar.bun_tlc#realenergyintotheload#kwh,BUNDOORA,35.78125,30.618006,38.119934,36.990536,859.0
2025-02-10 15:00:00,solar.bun_tlc#realenergyintotheload#kwh,BUNDOORA,39.5,27.48477,40.63475,39.430843,906.0
2025-02-10 16:00:00,solar.bun_tlc#realenergyintotheload#kwh,BUNDOORA,29.65625,29.244001,36.062347,34.99391,816.0
2025-02-10 17:00:00,solar.bun_tlc#realenergyintotheload#kwh,BUNDOORA,34.59375,22.168316,31.170868,30.247353,676.0
2025-02-10 18:00:00,solar.bun_tlc#realenergyintotheload#kwh,BUNDOORA,21.78125,20.845665,21.873438,21.225382,486.0
2025-02-10 19:00:00,solar.bun_tlc#realenergyintotheload#kwh,BUNDOORA,12.46875,8.233046,12.24512,11.882328,277.0
2025-02-10 20:00:00,solar.bun_tlc#realenergyintotheload#kwh,BUNDOORA,2.78125,7.184356,3.1014445,3.0095565,80.0
2025-02-10 21:00:00,solar.bun_tlc#realenergyintotheload#kwh,BUNDOORA,0.0625,9.236105,0.0017182468,0.0016673395,0.0
2025-02-10 22:00:00,solar.bun_tlc#realenergyintotheload#kwh,BUNDOORA,0.0,2.2420669,0.0016618802,0.0016126428,0.0
2025-02-10 23:00:00,solar.bun_tlc#realenergyintotheload#kwh,BUNDOORA,0.0,-0.11771957,0.0013400917,0.0013003881,0.0
2025-02-11 00:00:00,solar.bun_tlc#realenergyintotheload#kwh,BUNDOORA,0.0,0.1275454,0.0013400917,0.0013003881,0.0
2025-02-11 01:00:00,solar.bun_tlc#realenergyintotheload#kwh,BUNDOORA,0.0,0.49348572,-0.00031024212,0.0,0.0
2025-02-11 02:00:00,solar.bun_tlc#realenergyintotheload#kwh,BUNDOORA,0.0,1.2582737,0.00016957207,0.00016454808,0.0
2025-02-11 03:00:00,solar.bun_tlc#realenergyintotheload#kwh,BUNDOORA,0.0,0.33619326,-0.00035033285,0.0,0.0
2025-02-11 04:00:00,solar.bun_tlc#realenergyintotheload#kwh,BUNDOORA,0.0,0.047761254,-0.00084085355,0.0,0.0
2025-02-11 05:00:00,solar.bun_tlc#realenergyintotheload#kwh,BUNDOORA,0.0,0.43951157,-0.00035033285,0.0,0.0
2025-02-11 06:00:00,solar.bun_tlc#realenergyintotheload#kwh,BUNDOORA,0.0,2.7841225,-0.00035033285,0.0,0.0
2025-02-11 07:00:00,solar.bun_tlc#realenergyintotheload#kwh,BUNDOORA,0.0,4.0239267,0.07811757,0.075803146,4.0
2025-02-11 08:00:00,solar.bun_tlc#realenergyintotheload#kwh,BUNDOORA,2.9375,11.067751,5.229211,5.074282,143.0
2025-02-11 09:00:00,solar.bun_tlc#realenergyintotheload#kwh,BUNDOORA,9.65625,9.315728,14.606232,14.173486,335.0
2025-02-11 10:00:00,solar.bun_tlc#realenergyintotheload#kwh,BUNDOORA,23.46875,13.579762,27.646992,26.82788,563.0
2025-02-11 11:00:00,solar.bun_tlc#realenergyintotheload#kwh,BUNDOORA,32.125,20.285484,34.947906,33.912487,743.0
2025-02-11 12:00:00,solar.bun_tlc#realenergyintotheload#kwh,BUNDOORA,37.875,33.338764,39.099136,37.940727,880.0
2025-02-11 13:00:00,solar.bun_tlc#realenergyintotheload#kwh,BUNDOORA,41.21875,36.43767,41.623672,40.39047,963.0
2025-02-11 14:00:00,solar.bun_tlc#realenergyintotheload#kwh,BUNDOORA,42.0,35.19508,43.156635,41.878014,983.0
2025-02-11 15:00:00,solar.bun_tlc#realenergyintotheload#kwh,BUNDOORA,41.09375,32.27406,40.71979,39.513367,938.0
2025-02-11 16:00:00,solar.bun_tlc#realenergyintotheload#kwh,BUNDOORA,38.0,25.713154,37.08277,35.9841,833.0
2025-02-11 17:00:00,solar.bun_tlc#realenergyintotheload#kwh,BUNDOORA,31.65625,25.839077,31.18027,30.256475,678.0
2025-02-11 18:00:00,solar.bun_tlc#realenergyintotheload#kwh,BUNDOORA,22.9375,23.402725,22.014633,21.362394,486.0
2025-02-11 19:00:00,solar.bun_tlc#realenergyintotheload#kwh,BUNDOORA,11.84375,17.560862,12.50084,12.130471,276.0
2025-02-11 20:00:00,solar.bun_tlc#realenergyintotheload#kwh,BUNDOORA,2.5625,8.397908,3.0488818,2.958551,78.0
2025-02-11 21:00:00,solar.bun_tlc#realenergyintotheload#kwh,BUNDOORA,0.0625,7.631147,0.023516394,0.022819662,0.0
2025-02-11 22:00:00,solar.bun_tlc#realenergyintotheload#kwh,BUNDOORA,0.0,1.831308,0.0064377883,0.0062470525,0.0
2025-02-11 23:00:00,solar.bun_tlc#realenergyintotheload#kwh,BUNDOORA,0.0,-0.0022120047,0.0006281178,0.00060950825,0.0
2025-02-12 00:00:00,solar.bun_tlc#realenergyintotheload#kwh,BUNDOORA,0.0,0.22693887,0.0022518768,0.0021851594,0.0
2025-02-12 01:00:00,solar.bun_tlc#realenergyintotheload#kwh,BUNDOORA,0.0,0.0838657,0.0010694158,0.0010377317,0.0
2025-02-12 02:00:00,solar.bun_tlc#realenergyintotheload#kwh,BUNDOORA,0.0,0.01835599,0.0013540031,0.0013138874,0.0
2025-02-12 03:00:00,solar.bun_tlc#realenergyintotheload#kwh,BUNDOORA,0.0,-0.18863638,0.0008634832,0.0008379003,0.0
2025-02-12 04:00:00,solar.bun_tlc#realenergyintotheload#kwh,BUNDOORA,0.0,-0.19353096,-8.27723e-05,0.0,0.0
2025-02-12 05:00:00,solar.bun_tlc#realenergyintotheload#kwh,BUNDOORA,0.0,-0.16937546,-8.27723e-05,0.0,0.0
2025-02-12 06:00:00,solar.bun_tlc#realenergyintotheload#kwh,BUNDOORA,0.0,2.7850485,-0.00023795772,0.0,0.0
2025-02-12 07:00:00,solar.bun_tlc#realenergyintotheload#kwh,BUNDOORA,0.0,3.7215443,0.03883819,0.03768751,3.0
2025-02-12 08:00:00,solar.bun_tlc#realenergyintotheload#kwh,BUNDOORA,1.96875,6.374592,5.2841516,5.1275954,144.0
2025-02-12 09:00:00,solar.bun_tlc#realenergyintotheload#kwh,BUNDOORA,6.71875,9.203261,16.356829,15.872217,354.0
2025-02-12 10:00:00,solar.bun_tlc#realenergyintotheload#kwh,BUNDOORA,0.0,22.632595,27.313087,26.503868,563.0
2025-02-12 11:00:00,solar.bun_tlc#realenergyintotheload#kwh,BUNDOORA,0.0,31.478159,34.31448,33.29783,746.0
2025-02-12 12:00:00,solar.bun_tlc#realenergyintotheload#kwh,BUNDOORA,0.0,33.274864,38.789333,37.640102,882.0
2025-02-12 13:00:00,solar.bun_tlc#realenergyintotheload#kwh,BUNDOORA,6.59375,35.044697,40.352036,39.156506,964.0
2025-02-12 14:00:00,solar.bun_tlc#realenergyintotheload#kwh,BUNDOORA,0.46875,34.538815,40.997467,39.782814,984.0
2025-02-12 15:00:00,solar.bun_tlc#realenergyintotheload#kwh,BUNDOORA,30.125,32.463768,39.458553,38.289494,940.0
2025-02-12 16:00:00,solar.bun_tlc#realenergyintotheload#kwh,BUNDOORA,36.28125,28.348259,36.3049,35.22928,835.0
2025-02-12 17:00:00,solar.bun_tlc#realenergyintotheload#kwh,BUNDOORA,31.0625,28.210443,30.060097,29.16949,678.0
2025-02-12 18:00:00,solar.bun_tlc#realenergyintotheload#kwh,BUNDOORA,21.9375,29.60725,21.774044,21.128933,486.0
2025-02-12 19:00:00,solar.bun_tlc#realenergyintotheload#kwh,BUNDOORA,11.375,22.003765,12.483352,12.113502,275.0
2025-02-12 20:00:00,solar.bun_tlc#realenergyintotheload#kwh,BUNDOORA,2.46875,14.272183,3.1223853,3.0298767,75.0
2025-02-12 21:00:00,solar.bun_tlc#realenergyintotheload#kwh,BUNDOORA,0.03125,6.570023,0.0034638192,0.0033611949,0.0
2025-02-12 22:00:00,solar.bun_tlc#realenergyintotheload#kwh,BUNDOORA,0.0,2.4446762,-0.0031189024,0.0,0.0
2025-02-12 23:00:00,solar.bun_tlc#realenergyintotheload#kwh,BUNDOORA,0.0,0.07766335,0.0015962708,0.0015489773,0.0
2025-02-13 00:00:00,solar.bun_tlc#realenergyintotheload#kwh,BUNDOORA,0.0,-0.27494016,0.0003583755,0.0003477577,0.0
2025-02-13 01:00:00,solar.bun_tlc#realenergyintotheload#kwh,BUNDOORA,0.0,1.1201808,0.002036851,0.001976504,0.0
2025-02-13 02:00:00,solar.bun_tlc#realenergyintotheload#kwh,BUNDOORA,0.0,1.2297543,-0.012242583,0.0,0.0
2025-02-13 03:00:00,solar.bun_tlc#realenergyintotheload#kwh,BUNDOORA,0.0,-0.858494,-0.030822374,0.0,0.0
2025-02-13 04:00:00,solar.bun_tlc#realenergyintotheload#kwh,BUNDOORA,0.0,-0.92162454,-0.054452904,0.0,0.0
2025-02-13 05:00:00,solar.bun_tlc#realenergyintotheload#kwh,BUNDOORA,0.0,-0.5601042,-0.054668188,0.0,0.0
2025-02-13 06:00:00,solar.bun_tlc#realenergyintotheload#kwh,BUNDOORA,0.0,0.63534033,-0.021361085,0.0,0.0
2025-02-13 07:00:00,solar.bun_tlc#realenergyintotheload#kwh,BUNDOORA,0.03125,3.722795,-0.053516954,0.0,1.0
2025-02-13 08:00:00,solar.bun_tlc#realenergyintotheload#kwh,BUNDOORA,2.8125,16.818235,3.6965702,3.58705,106.0
2025-02-13 09:00:00,solar.bun_tlc#realenergyintotheload#kwh,BUNDOORA,8.28125,18.267397,10.1452,9.844623,226.0
2025-02-13 10:00:00,solar.bun_tlc#realenergyintotheload#kwh,BUNDOORA,12.9375,11.382889,12.024621,11.668362,257.0
2025-02-13 11:00:00,solar.bun_tlc#realenergyintotheload#kwh,BUNDOORA,13.9375,11.729554,17.060896,16.555424,364.0
2025-02-13 12:00:00,solar.bun_tlc#realenergyintotheload#kwh,BUNDOORA,18.84375,13.479956,20.219606,19.62055,421.0
2025-02-13 13:00:00,solar.bun_tlc#realenergyintotheload#kwh,BUNDOORA,28.96875,25.570515,32.410694,31.450447,720.0
2025-02-13 14:00:00,solar.bun_tlc#realenergyintotheload#kwh,BUNDOORA,35.3125,29.079237,36.31147,35.235653,819.0
2025-02-13 15:00:00,solar.bun_tlc#realenergyintotheload#kwh,BUNDOORA,35.5625,31.130026,35.528797,34.476166,796.0
2025-02-13 16:00:00,solar.bun_tlc#realenergyintotheload#kwh,BUNDOORA,14.8125,15.123954,10.670186,10.354055,233.0
2025-02-13 17:00:00,solar.bun_tlc#realenergyintotheload#kwh,BUNDOORA,5.15625,12.409371,6.139121,5.9572344,137.0
2025-02-13 18:00:00,solar.bun_tlc#realenergyintotheload#kwh,BUNDOORA,5.40625,13.316647,3.5303578,3.4257622,75.0
2025-02-13 19:00:00,solar.bun_tlc#realenergyintotheload#kwh,BUNDOORA,1.125,10.367711,1.9952251,1.9361116,42.0
2025-02-13 20:00:00,solar.bun_tlc#realenergyintotheload#kwh,BUNDOORA,0.25,3.9985352,0.18931457,0.18370566,6.0
2025-02-13 21:00:00,solar.bun_tlc#realenergyintotheload#kwh,BUNDOORA,0.0,1.9643592,0.005719783,0.00555032,0.0
2025-02-13 22:00:00,solar.bun_tlc#realenergyintotheload#kwh,BUNDOORA,0.0,0.19559407,0.005719783,0.00555032,0.0
2025-02-13 23:00:00,solar.bun_tlc#realenergyintotheload#kwh,BUNDOORA,0.0,-0.17689036,0.0038180149,0.0037048967,0.0
2025-02-14 00:00:00,solar.bun_tlc#realenergyintotheload#kwh,BUNDOORA,0.0,-0.03497002,0.002592831,0.0025160117,0.0
2025-02-14 01:00:00,solar.bun_tlc#realenergyintotheload#kwh,BUNDOORA,0.0,-0.17014717,0.0006680945,0.0006483005,0.0
2025-02-14 02:00:00,solar.bun_tlc#realenergyintotheload#kwh,BUNDOORA,0.0,0.517646,0.0044205273,0.004289558,0.0
2025-02-14 03:00:00,solar.bun_tlc#realenergyintotheload#kwh,BUNDOORA,0.0,-0.05592168,0.0042249584,0.0040997835,0.0
2025-02-14 04:00:00,solar.bun_tlc#realenergyintotheload#kwh,BUNDOORA,0.0,0.9105044,0.0047679916,0.004626728,0.0
2025-02-14 05:00:00,solar.bun_tlc#realenergyintotheload#kwh,BUNDOORA,0.0,0.6308985,0.0054043047,0.0052441885,0.0
2025-02-14 06:00:00,solar.bun_tlc#realenergyintotheload#kwh,BUNDOORA,0.0,3.4835482,0.0072210003,0.00700706,0.0
2025-02-14 07:00:00,solar.bun_tlc#realenergyintotheload#kwh,BUNDOORA,0.0,7.5644283,0.01952953,0.018950919,2.0
2025-02-14 08:00:00,solar.bun_tlc#realenergyintotheload#kwh,BUNDOORA,2.0625,14.242898,5.389411,5.2297363,144.0
2025-02-14 09:00:00,solar.bun_tlc#realenergyintotheload#kwh,BUNDOORA,10.9375,21.120636,17.677727,17.15398,357.0
2025-02-14 10:00:00,solar.bun_tlc#realenergyintotheload#kwh,BUNDOORA,23.9375,17.333485,27.224436,26.417843,567.0
2025-02-14 11:00:00,solar.bun_tlc#realenergyintotheload#kwh,BUNDOORA,30.9375,22.960825,29.655607,28.776985,631.0
2025-02-14 12:00:00,solar.bun_tlc#realenergyintotheload#kwh,BUNDOORA,22.9375,23.005503,29.1638,28.29975,626.0
2025-02-14 13:00:00,solar.bun_tlc#realenergyintotheload#kwh,BUNDOORA,30.25,27.021933,27.928532,27.10108,598.0
2025-02-14 14:00:00,solar.bun_tlc#realenergyintotheload#kwh,BUNDOORA,36.1875,30.746061,37.74076,36.622597,850.0
2025-02-14 15:00:00,solar.bun_tlc#realenergyintotheload#kwh,BUNDOORA,43.40625,30.51751,38.2751,37.141106,872.0
2025-02-14 16:00:00,solar.bun_tlc#realenergyintotheload#kwh,BUNDOORA,23.6875,22.89914,16.932049,16.430395,359.0
2025-02-14 17:00:00,solar.bun_tlc#realenergyintotheload#kwh,BUNDOORA,24.3125,27.804039,29.355635,28.4859,622.0
2025-02-14 18:00:00,solar.bun_tlc#realenergyintotheload#kwh,BUNDOORA,17.90625,31.161766,16.95025,16.448057,357.0
2025-02-14 19:00:00,solar.bun_tlc#realenergyintotheload#kwh,BUNDOORA,4.71875,13.016163,5.1115613,4.9601183,113.0
2025-02-14 20:00:00,solar.bun_tlc#realenergyintotheload#kwh,BUNDOORA,3.21875,7.698439,1.0959918,1.0635203,27.0
2025-02-14 21:00:00,solar.bun_tlc#realenergyintotheload#kwh,BUNDOORA,0.0,2.3536644,0.0018326706,0.0017783731,0.0
2025-02-14 22:00:00,solar.bun_tlc#realenergyintotheload#kwh,BUNDOORA,0.0,0.42026052,0.0009640237,0.00093546207,0.0
2025-02-14 23:00:00,solar.bun_tlc#realenergyintotheload#kwh,BUNDOORA,0.0,0.19335286,0.0032448152,0.0031486794,0.0
2025-02-15 00:00:00,solar.bun_tlc#realenergyintotheload#kwh,BUNDOORA,0.0,0.5710769,0.0005040751,0.00048914057,0.0
2025-02-15 01:00:00,solar.bun_tlc#realenergyintotheload#kwh,BUNDOORA,0.0,0.33223617,0.0043443623,0.00421565,0.0
2025-02-15 02:00:00,solar.bun_tlc#realenergyintotheload#kwh,BUNDOORA,0.0,-0.054189928,0.0007071545,0.0006862033,0.0
2025-02-15 03:00:00,solar.bun_tlc#realenergyintotheload#kwh,BUNDOORA,0.0,0.005850786,0.0004105337,0.0003983706,0.0
2025-02-15 04:00:00,solar.bun_tlc#realenergyintotheload#kwh,BUNDOORA,0.0,0.07919495,0.00077037344,0.00074754923,0.0
2025-02-15 05:00:00,solar.bun_tlc#realenergyintotheload#kwh,BUNDOORA,0.0,0.0521003,0.0015627564,0.0015164558,0.0
2025-02-15 06:00:00,solar.bun_tlc#realenergyintotheload#kwh,BUNDOORA,0.0,0.26560816,-0.0036468804,0.0,0.0
2025-02-15 07:00:00,solar.bun_tlc#realenergyintotheload#kwh,BUNDOORA,0.0,1.7000222,0.0068131248,0.006611269,1.0
2025-02-15 08:00:00,solar.bun_tlc#realenergyintotheload#kwh,BUNDOORA,1.78125,6.9212365,2.450845,2.3782325,57.0
2025-02-15 09:00:00,solar.bun_tlc#realenergyintotheload#kwh,BUNDOORA,6.9375,10.248631,12.058372,11.701112,239.0
2025-02-15 10:00:00,solar.bun_tlc#realenergyintotheload#kwh,BUNDOORA,10.75,14.301793,21.853994,21.206514,435.0
2025-02-15 11:00:00,solar.bun_tlc#realenergyintotheload#kwh,BUNDOORA,21.9375,23.588564,28.908316,28.051834,606.0
2025-02-15 12:00:00,solar.bun_tlc#realenergyintotheload#kwh,BUNDOORA,28.9375,19.148193,27.474411,26.660414,582.0
2025-02-15 13:00:00,solar.bun_tlc#realenergyintotheload#kwh,BUNDOORA,16.625,21.768402,18.458925,17.912033,398.0
2025-02-15 14:00:00,solar.bun_tlc#realenergyintotheload#kwh,BUNDOORA,12.03125,11.743508,8.643979,8.387879,185.0
2025-02-15 15:00:00,solar.bun_tlc#realenergyintotheload#kwh,BUNDOORA,31.71875,22.741365,22.726665,22.053331,485.0
2025-02-15 16:00:00,solar.bun_tlc#realenergyintotheload#kwh,BUNDOORA,25.625,35.904175,37.016914,35.920197,828.0
2025-02-15 17:00:00,solar.bun_tlc#realenergyintotheload#kwh,BUNDOORA,19.9375,17.451538,14.866238,14.425788,296.0
2025-02-15 18:00:00,solar.bun_tlc#realenergyintotheload#kwh,BUNDOORA,14.75,19.199608,21.671051,21.028992,410.0
2025-02-15 19:00:00,solar.bun_tlc#realenergyintotheload#kwh,BUNDOORA,8.5,9.258243,8.245752,8.0014515,176.0
2025-02-15 20:00:00,solar.bun_tlc#realenergyintotheload#kwh,BUNDOORA,1.75,3.13992,1.9981513,1.938951,47.0
2025-02-15 21:00:00,solar.bun_tlc#realenergyintotheload#kwh,BUNDOORA,0.03125,1.0451947,-0.04110034,0.0,0.0
2025-02-15 22:00:00,solar.bun_tlc#realenergyintotheload#kwh,BUNDOORA,0.0,0.2935349,-0.01790324,0.0,0.0
2025-02-15 23:00:00,solar.bun_tlc#realenergyintotheload#kwh,BUNDOORA,0.0,0.74551165,0.002820145,0.0027365913,0.0
2025-02-16 00:00:00,solar.bun_tlc#realenergyintotheload#kwh,BUNDOORA,0.0,0.45689633,9.105999e-05,8.836211e-05,0.0
2025-02-16 01:00:00,solar.bun_tlc#realenergyintotheload#kwh,BUNDOORA,0.0,0.42758846,9.105999e-05,8.836211e-05,0.0
2025-02-16 02:00:00,solar.bun_tlc#realenergyintotheload#kwh,BUNDOORA,0.0,0.13998224,-0.012762777,0.0,0.0
2025-02-16 03:00:00,solar.bun_tlc#realenergyintotheload#kwh,BUNDOORA,0.0,0.109937266,-0.0006175086,0.0,0.0
2025-02-16 04:00:00,solar.bun_tlc#realenergyintotheload#kwh,BUNDOORA,0.0,0.07103708,-0.0006175086,0.0,0.0
2025-02-16 05:00:00,solar.bun_tlc#realenergyintotheload#kwh,BUNDOORA,0.0,-0.07639888,-0.0033941935,0.0,0.0
2025-02-16 06:00:00,solar.bun_tlc#realenergyintotheload#kwh,BUNDOORA,0.0,0.24746332,-0.0006175086,0.0,0.0
2025-02-16 07:00:00,solar.bun_tlc#realenergyintotheload#kwh,BUNDOORA,0.0,1.0263555,0.013784592,0.013376189,1.0
2025-02-16 08:00:00,solar.bun_tlc#realenergyintotheload#kwh,BUNDOORA,1.34375,5.989688,2.846997,2.7626476,64.0
2025-02-16 09:00:00,solar.bun_tlc#realenergyintotheload#kwh,BUNDOORA,7.8125,11.136016,10.435457,10.126281,213.0
2025-02-16 10:00:00,solar.bun_tlc#realenergyintotheload#kwh,BUNDOORA,10.90625,18.135847,19.394903,18.82028,384.0
2025-02-16 11:00:00,solar.bun_tlc#realenergyintotheload#kwh,BUNDOORA,20.65625,22.552263,18.310621,17.768124,383.0
2025-02-16 12:00:00,solar.bun_tlc#realenergyintotheload#kwh,BUNDOORA,17.90625,21.917,21.153473,20.526749,446.0
2025-02-16 13:00:00,solar.bun_tlc#realenergyintotheload#kwh,BUNDOORA,30.28125,25.27293,32.907295,31.932335,724.0
2025-02-16 14:00:00,solar.bun_tlc#realenergyintotheload#kwh,BUNDOORA,32.21875,29.047825,34.09558,33.085415,744.0
2025-02-16 15:00:00,solar.bun_tlc#realenergyintotheload#kwh,BUNDOORA,29.75,29.239378,35.519695,34.467335,784.0
2025-02-16 16:00:00,solar.bun_tlc#realenergyintotheload#kwh,BUNDOORA,37.125,22.857632,25.485954,24.73087,547.0
2025-02-16 17:00:00,solar.bun_tlc#realenergyintotheload#kwh,BUNDOORA,35.0,33.91065,32.538128,31.574104,690.0
2025-02-16 18:00:00,solar.bun_tlc#realenergyintotheload#kwh,BUNDOORA,20.09375,24.287483,23.046316,22.363512,476.0
2025-02-16 19:00:00,solar.bun_tlc#realenergyintotheload#kwh,BUNDOORA,11.4375,13.235858,13.512382,13.112043,266.0
2025-02-16 20:00:00,solar.bun_tlc#realenergyintotheload#kwh,BUNDOORA,2.625,8.35178,2.9568536,2.8692493,65.0
2025-02-16 21:00:00,solar.bun_tlc#realenergyintotheload#kwh,BUNDOORA,0.0,-0.0904311,0.012733447,0.012356187,0.0
2025-02-16 22:00:00,solar.bun_tlc#realenergyintotheload#kwh,BUNDOORA,0.0,0.18149385,0.0072779204,0.0070622936,0.0
2025-02-16 23:00:00,solar.bun_tlc#realenergyintotheload#kwh,BUNDOORA,0.0,-0.26460278,-0.009700268,0.0,0.0
2025-02-17 00:00:00,solar.bun_tlc#realenergyintotheload#kwh,BUNDOORA,0.0,-0.14580162,-0.014680784,0.0,0.0
2025-02-17 01:00:00,solar.bun_tlc#realenergyintotheload#kwh,BUNDOORA,0.0,-0.066156484,0.0043492345,0.0042203777,0.0
2025-02-17 02:00:00,solar.bun_tlc#realenergyintotheload#kwh,BUNDOORA,0.0,0.099690974,0.0030147822,0.0029254619,0.0
2025-02-17 03:00:00,solar.bun_tlc#realenergyintotheload#kwh,BUNDOORA,0.0,-0.033798303,0.0006739143,0.00065394794,0.0
2025-02-17 04:00:00,solar.bun_tlc#realenergyintotheload#kwh,BUNDOORA,0.0,0.07708769,0.0006739143,0.00065394794,0.0
2025-02-17 05:00:00,solar.bun_tlc#realenergyintotheload#kwh,BUNDOORA,0.0,0.0645311,0.0014717579,0.0014281534,0.0
2025-02-17 06:00:00,solar.bun_tlc#realenergyintotheload#kwh,BUNDOORA,0.0,0.085525736,0.0067446115,0.0065447856,0.0
2025-02-17 07:00:00,solar.bun_tlc#realenergyintotheload#kwh,BUNDOORA,0.0,1.000542,0.0077316444,0.007502575,1.0
2025-02-17 08:00:00,solar.bun_tlc#realenergyintotheload#kwh,BUNDOORA,2.1875,4.8291936,6.6908975,6.492663,137.0
2025-02-17 09:00:00,solar.bun_tlc#realenergyintotheload#kwh,BUNDOORA,11.0625,12.68679,18.66134,18.108452,353.0
2025-02-17 10:00:00,solar.bun_tlc#realenergyintotheload#kwh,BUNDOORA,22.71875,21.542229,27.997025,27.167543,567.0
2025-02-17 11:00:00,solar.bun_tlc#realenergyintotheload#kwh,BUNDOORA,33.46875,32.285023,35.39735,34.348614,754.0
2025-02-17 12:00:00,solar.bun_tlc#realenergyintotheload#kwh,BUNDOORA,39.75,36.09447,40.049892,38.863316,894.0
2025-02-17 13:00:00,solar.bun_tlc#realenergyintotheload#kwh,BUNDOORA,42.71875,42.914757,42.05677,40.810734,978.0
2025-02-17 14:00:00,solar.bun_tlc#realenergyintotheload#kwh,BUNDOORA,43.90625,43.247494,42.844257,41.57489,998.0
2025-02-17 15:00:00,solar.bun_tlc#realenergyintotheload#kwh,BUNDOORA,41.84375,41.507687,41.583645,40.351624,951.0
2025-02-17 16:00:00,solar.bun_tlc#realenergyintotheload#kwh,BUNDOORA,39.65625,36.239693,38.12459,36.995056,843.0
2025-02-17 17:00:00,solar.bun_tlc#realenergyintotheload#kwh,BUNDOORA,34.0625,34.52143,32.189564,31.235867,683.0
2025-02-17 18:00:00,solar.bun_tlc#realenergyintotheload#kwh,BUNDOORA,23.75,30.94756,23.28455,22.594687,485.0
2025-02-17 19:00:00,solar.bun_tlc#realenergyintotheload#kwh,BUNDOORA,12.0625,21.317432,13.329628,12.934705,267.0
2025-02-17 20:00:00,solar.bun_tlc#realenergyintotheload#kwh,BUNDOORA,2.4375,2.9874544,2.223398,2.1575243,52.0
2025-02-17 21:00:00,solar.bun_tlc#realenergyintotheload#kwh,BUNDOORA,0.03125,-0.21245506,0.02045399,0.01984799,0.0
2025-02-17 22:00:00,solar.bun_tlc#realenergyintotheload#kwh,BUNDOORA,0.0,0.6731866,-0.0032663727,0.0,0.0
2025-02-17 23:00:00,solar.bun_tlc#realenergyintotheload#kwh,BUNDOORA,0.0,0.059025317,0.004048773,0.0039288183,0.0
2025-02-18 00:00:00,solar.bun_tlc#realenergyintotheload#kwh,BUNDOORA,0.0,-0.041585863,0.01587881,0.01540836,0.0
2025-02-18 01:00:00,solar.bun_tlc#realenergyintotheload#kwh,BUNDOORA,0.0,0.06251663,0.026167072,0.025391808,0.0
2025-02-18 02:00:00,solar.bun_tlc#realenergyintotheload#kwh,BUNDOORA,0.0,-0.12636721,0.008233833,0.007989885,0.0
2025-02-18 03:00:00,solar.bun_tlc#realenergyintotheload#kwh,BUNDOORA,0.0,-0.068569236,0.028416164,0.027574264,0.0
2025-02-18 04:00:00,solar.bun_tlc#realenergyintotheload#kwh,BUNDOORA,0.0,0.09826444,0.016181692,0.01570227,0.0
2025-02-18 05:00:00,solar.bun_tlc#realenergyintotheload#kwh,BUNDOORA,0.0,0.061699893,0.01363021,0.0132263815,0.0
2025-02-18 06:00:00,solar.bun_tlc#realenergyintotheload#kwh,BUNDOORA,0.0,0.21006581,0.00343069,0.0033290472,0.0
2025-02-18 07:00:00,solar.bun_tlc#realenergyintotheload#kwh,BUNDOORA,0.0,1.5664427,0.0086403275,0.008384336,0.0
2025-02-18 08:00:00,solar.bun_tlc#realenergyintotheload#kwh,BUNDOORA,1.8125,7.3448424,6.0487847,5.8695745,132.0
2025-02-18 09:00:00,solar.bun_tlc#realenergyintotheload#kwh,BUNDOORA,10.96875,21.028708,17.551046,17.031054,336.0
2025-02-18 10:00:00,solar.bun_tlc#realenergyintotheload#kwh,BUNDOORA,20.96875,29.148146,27.428852,26.616203,560.0
2025-02-18 11:00:00,solar.bun_tlc#realenergyintotheload#kwh,BUNDOORA,32.21875,24.865046,35.85191,34.789707,748.0
2025-02-18 12:00:00,solar.bun_tlc#realenergyintotheload#kwh,BUNDOORA,39.46875,27.202993,40.631706,39.42789,888.0
2025-02-18 13:00:00,solar.bun_tlc#realenergyintotheload#kwh,BUNDOORA,42.875,37.921677,41.79917,40.56077,966.0
2025-02-18 14:00:00,solar.bun_tlc#realenergyintotheload#kwh,BUNDOORA,43.375,39.399216,41.45217,40.22405,960.0
2025-02-18 15:00:00,solar.bun_tlc#realenergyintotheload#kwh,BUNDOORA,35.84375,25.197643,31.061512,30.141237,676.0
2025-02-18 16:00:00,solar.bun_tlc#realenergyintotheload#kwh,BUNDOORA,23.4375,27.122671,23.321686,22.630722,504.0
2025-02-18 17:00:00,solar.bun_tlc#realenergyintotheload#kwh,BUNDOORA,16.625,26.925156,17.963858,17.431633,375.0
2025-02-18 18:00:00,solar.bun_tlc#realenergyintotheload#kwh,BUNDOORA,14.28125,16.24364,13.355114,12.959435,278.0
2025-02-18 19:00:00,solar.bun_tlc#realenergyintotheload#kwh,BUNDOORA,10.625,15.27808,10.2678795,9.963668,214.0
2025-02-18 20:00:00,solar.bun_tlc#realenergyintotheload#kwh,BUNDOORA,2.0,6.319093,1.1553581,1.1211277,29.0
2025-02-18 21:00:00,solar.bun_tlc#realenergyintotheload#kwh,BUNDOORA,0.0,2.4736106,0.012170563,0.0118099805,0.0
2025-02-18 22:00:00,solar.bun_tlc#realenergyintotheload#kwh,BUNDOORA,0.0,-0.013904423,0.0074521466,0.007231358,0.0
2025-02-18 23:00:00,solar.bun_tlc#realenergyintotheload#kwh,BUNDOORA,0.0,-0.053323343,0.015650911,0.015187214,0.0
2025-02-19 00:00:00,solar.bun_tlc#realenergyintotheload#kwh,BUNDOORA,0.0,0.3437058,0.01209458,0.011736248,0.0
2025-02-19 01:00:00,solar.bun_tlc#realenergyintotheload#kwh,BUNDOORA,0.0,-0.083450325,0.01234586,0.011980083,0.0
2025-02-19 02:00:00,solar.bun_tlc#realenergyintotheload#kwh,BUNDOORA,0.0,-0.22727492,0.01234586,0.011980083,0.0
2025-02-19 03:00:00,solar.bun_tlc#realenergyintotheload#kwh,BUNDOORA,0.0,-0.13811037,0.0138068255,0.0133977635,0.0
2025-02-19 04:00:00,solar.bun_tlc#realenergyintotheload#kwh,BUNDOORA,0.0,-0.13229725,0.0040100184,0.0038912117,0.0
2025-02-19 05:00:00,solar.bun_tlc#realenergyintotheload#kwh,BUNDOORA,0.0,0.4891893,0.015091851,0.014644718,0.0
2025-02-19 06:00:00,solar.bun_tlc#realenergyintotheload#kwh,BUNDOORA,0.0,0.757642,0.00899661,0.008730062,0.0
2025-02-19 07:00:00,solar.bun_tlc#realenergyintotheload#kwh,BUNDOORA,0.0,3.3189127,0.0046029314,0.004466558,0.0
2025-02-19 08:00:00,solar.bun_tlc#realenergyintotheload#kwh,BUNDOORA,0.46875,3.1666834,2.5914066,2.5146296,61.0
2025-02-19 09:00:00,solar.bun_tlc#realenergyintotheload#kwh,BUNDOORA,2.4375,6.6706715,7.055087,6.8460627,150.0
2025-02-19 10:00:00,solar.bun_tlc#realenergyintotheload#kwh,BUNDOORA,7.78125,7.685105,11.461929,11.122341,236.0
2025-02-19 11:00:00,solar.bun_tlc#realenergyintotheload#kwh,BUNDOORA,12.40625,14.535114,14.4660845,14.037491,309.0
2025-02-19 12:00:00,solar.bun_tlc#realenergyintotheload#kwh,BUNDOORA,19.8125,19.179071,20.695364,20.082212,437.0
2025-02-19 13:00:00,solar.bun_tlc#realenergyintotheload#kwh,BUNDOORA,25.78125,22.862793,22.197622,21.539963,477.0
2025-02-19 14:00:00,solar.bun_tlc#realenergyintotheload#kwh,BUNDOORA,32.28125,29.531239,32.305508,31.348375,734.0
2025-02-19 15:00:00,solar.bun_tlc#realenergyintotheload#kwh,BUNDOORA,21.90625,16.106646,14.083952,13.666679,308.0
2025-02-19 16:00:00,solar.bun_tlc#realenergyintotheload#kwh,BUNDOORA,10.34375,23.364765,25.896692,25.129438,549.0
2025-02-19 17:00:00,solar.bun_tlc#realenergyintotheload#kwh,BUNDOORA,24.5625,22.328175,25.174515,24.428658,518.0
2025-02-19 18:00:00,solar.bun_tlc#realenergyintotheload#kwh,BUNDOORA,21.84375,24.630571,21.71495,21.07159,435.0
2025-02-19 19:00:00,solar.bun_tlc#realenergyintotheload#kwh,BUNDOORA,7.875,16.53153,6.0967894,5.916157,145.0
2025-02-19 20:00:00,solar.bun_tlc#realenergyintotheload#kwh,BUNDOORA,1.5625,11.06872,1.1562213,1.1219653,30.0
2025-02-19 21:00:00,solar.bun_tlc#realenergyintotheload#kwh,BUNDOORA,0.0,4.386388,0.0032412228,0.0031451934,0.0
2025-02-19 22:00:00,solar.bun_tlc#realenergyintotheload#kwh,BUNDOORA,0.0,0.7842132,0.0062601096,0.006074638,0.0
2025-02-19 23:00:00,solar.bun_tlc#realenergyintotheload#kwh,BUNDOORA,0.0,0.8840947,0.0062601096,0.006074638,0.0
2025-02-20 00:00:00,solar.bun_tlc#realenergyintotheload#kwh,BUNDOORA,0.0,0.7251778,0.004502108,0.0043687215,0.0
2025-02-20 01:00:00,solar.bun_tlc#realenergyintotheload#kwh,BUNDOORA,0.0,0.68130535,-0.00060670334,0.0,0.0
2025-02-20 02:00:00,solar.bun_tlc#realenergyintotheload#kwh,BUNDOORA,0.0,0.32801002,0.0043716254,0.004242105,0.0
2025-02-20 03:00:00,solar.bun_tlc#realenergyintotheload#kwh,BUNDOORA,0.0,0.36104858,0.0046029314,0.004466558,0.0
2025-02-20 04:00:00,solar.bun_tlc#realenergyintotheload#kwh,BUNDOORA,0.0,0.027509565,0.008594464,0.008339831,0.0
2025-02-20 05:00:00,solar.bun_tlc#realenergyintotheload#kwh,BUNDOORA,0.0,0.21166241,0.006662256,0.00646487,0.0
2025-02-20 06:00:00,solar.bun_tlc#realenergyintotheload#kwh,BUNDOORA,0.0,1.8601938,0.006811806,0.0066099893,0.0
2025-02-20 07:00:00,solar.bun_tlc#realenergyintotheload#kwh,BUNDOORA,0.0,2.3407795,0.006517281,0.00632419,0.0
2025-02-20 08:00:00,solar.bun_tlc#realenergyintotheload#kwh,BUNDOORA,0.5625,4.40626,2.1434555,2.0799503,52.0
2025-02-20 09:00:00,solar.bun_tlc#realenergyintotheload#kwh,BUNDOORA,4.125,9.697074,8.108163,7.867938,172.0
2025-02-20 10:00:00,solar.bun_tlc#realenergyintotheload#kwh,BUNDOORA,8.375,12.417629,13.512373,13.112035,270.0
2025-02-20 11:00:00,solar.bun_tlc#realenergyintotheload#kwh,BUNDOORA,14.34375,12.7207,13.12166,12.732898,280.0
2025-02-20 12:00:00,solar.bun_tlc#realenergyintotheload#kwh,BUNDOORA,15.8125,13.373833,13.27769,12.884305,285.0
2025-02-20 13:00:00,solar.bun_tlc#realenergyintotheload#kwh,BUNDOORA,34.4375,33.67249,39.919468,38.736755,909.0
2025-02-20 14:00:00,solar.bun_tlc#realenergyintotheload#kwh,BUNDOORA,44.46875,43.09941,41.88274,40.64186,984.0
2025-02-20 15:00:00,solar.bun_tlc#realenergyintotheload#kwh,BUNDOORA,43.5625,40.90611,40.490696,39.291058,941.0
2025-02-20 16:00:00,solar.bun_tlc#realenergyintotheload#kwh,BUNDOORA,40.09375,36.93473,38.33042,37.194786,834.0
2025-02-20 17:00:00,solar.bun_tlc#realenergyintotheload#kwh,BUNDOORA,33.8125,33.08233,32.47983,31.517536,674.0
2025-02-20 18:00:00,solar.bun_tlc#realenergyintotheload#kwh,BUNDOORA,23.375,30.277493,22.484308,21.818155,476.0
2025-02-20 19:00:00,solar.bun_tlc#realenergyintotheload#kwh,BUNDOORA,11.71875,26.230633,12.085922,11.727846,259.0
2025-02-20 20:00:00,solar.bun_tlc#realenergyintotheload#kwh,BUNDOORA,2.34375,13.942106,2.3863692,2.3156672,55.0
2025-02-20 21:00:00,solar.bun_tlc#realenergyintotheload#kwh,BUNDOORA,0.0,8.694374,0.0033044417,0.0032065394,0.0
2025-02-20 22:00:00,solar.bun_tlc#realenergyintotheload#kwh,BUNDOORA,0.0,1.6746638,0.006554635,0.0063604373,0.0
2025-02-20 23:00:00,solar.bun_tlc#realenergyintotheload#kwh,BUNDOORA,0.0,0.3242486,0.0041505485,0.004027578,0.0
2025-02-21 00:00:00,solar.bun_tlc#realenergyintotheload#kwh,BUNDOORA,0.0,0.3351221,0.00077037344,0.00074754923,0.0
2025-02-21 01:00:00,solar.bun_tlc#realenergyintotheload#kwh,BUNDOORA,0.0,0.14785478,0.00077037344,0.00074754923,0.0
2025-02-21 02:00:00,solar.bun_tlc#realenergyintotheload#kwh,BUNDOORA,0.0,-0.033167534,0.0004737526,0.00045971648,0.0
2025-02-21 03:00:00,solar.bun_tlc#realenergyintotheload#kwh,BUNDOORA,0.0,-0.019335985,0.0004737526,0.00045971648,0.0
2025-02-21 04:00:00,solar.bun_tlc#realenergyintotheload#kwh,BUNDOORA,0.0,-0.06445199,0.0019429076,0.001885344,0.0
2025-02-21 05:00:00,solar.bun_tlc#realenergyintotheload#kwh,BUNDOORA,0.0,0.00022352359,0.0010980741,0.001065541,0.0
2025-02-21 06:00:00,solar.bun_tlc#realenergyintotheload#kwh,BUNDOORA,0.0,0.030430315,0.0010980741,0.001065541,0.0
2025-02-21 07:00:00,solar.bun_tlc#realenergyintotheload#kwh,BUNDOORA,0.0,0.27944255,0.0021536069,0.0020898008,0.0
2025-02-21 08:00:00,solar.bun_tlc#realenergyintotheload#kwh,BUNDOORA,1.875,0.41551268,5.648034,5.480697,122.0
2025-02-21 09:00:00,solar.bun_tlc#realenergyintotheload#kwh,BUNDOORA,11.0,4.2179403,13.896877,13.485147,286.0
2025-02-21 10:00:00,solar.bun_tlc#realenergyintotheload#kwh,BUNDOORA,21.46875,22.588654,26.268051,25.489794,543.0
2025-02-21 11:00:00,solar.bun_tlc#realenergyintotheload#kwh,BUNDOORA,31.65625,32.829086,33.424023,32.433754,730.0
2025-02-21 12:00:00,solar.bun_tlc#realenergyintotheload#kwh,BUNDOORA,38.34375,37.114967,38.28921,37.154797,871.0
2025-02-21 13:00:00,solar.bun_tlc#realenergyintotheload#kwh,BUNDOORA,41.21875,40.77889,41.969612,40.72616,953.0
2025-02-21 14:00:00,solar.bun_tlc#realenergyintotheload#kwh,BUNDOORA,41.46875,40.864525,43.10371,41.826656,975.0
2025-02-21 15:00:00,solar.bun_tlc#realenergyintotheload#kwh,BUNDOORA,40.75,39.71525,40.86197,39.65133,931.0
2025-02-21 16:00:00,solar.bun_tlc#realenergyintotheload#kwh,BUNDOORA,37.375,40.372684,36.763573,35.67436,824.0
2025-02-21 17:00:00,solar.bun_tlc#realenergyintotheload#kwh,BUNDOORA,30.4375,33.807556,30.779987,29.868053,659.0
2025-02-21 18:00:00,solar.bun_tlc#realenergyintotheload#kwh,BUNDOORA,19.0,25.988861,16.04114,15.565881,355.0
2025-02-21 19:00:00,solar.bun_tlc#realenergyintotheload#kwh,BUNDOORA,12.65625,23.188389,9.712865,9.4250965,197.0
2025-02-21 20:00:00,solar.bun_tlc#realenergyintotheload#kwh,BUNDOORA,2.875,11.03404,1.0820643,1.0500054,27.0
2025-02-21 21:00:00,solar.bun_tlc#realenergyintotheload#kwh,BUNDOORA,0.0625,2.4606452,-0.01805874,0.0,0.0
2025-02-21 22:00:00,solar.bun_tlc#realenergyintotheload#kwh,BUNDOORA,0.0,1.3520336,-0.010432015,0.0,0.0
2025-02-21 23:00:00,solar.bun_tlc#realenergyintotheload#kwh,BUNDOORA,0.0,0.277006,0.018101336,0.01756504,0.0
2025-02-22 00:00:00,solar.bun_tlc#realenergyintotheload#kwh,BUNDOORA,0.0,0.19900323,0.008753336,0.008493996,0.0
2025-02-22 01:00:00,solar.bun_tlc#realenergyintotheload#kwh,BUNDOORA,0.0,0.09591258,0.016266093,0.015784169,0.0
2025-02-22 02:00:00,solar.bun_tlc#realenergyintotheload#kwh,BUNDOORA,0.0,0.35114425,0.015041209,0.014595576,0.0
2025-02-22 03:00:00,solar.bun_tlc#realenergyintotheload#kwh,BUNDOORA,0.0,0.32570863,0.005870565,0.0056966348,0.0
2025-02-22 04:00:00,solar.bun_tlc#realenergyintotheload#kwh,BUNDOORA,0.0,0.026979854,0.0153292585,0.014875091,0.0
2025-02-22 05:00:00,solar.bun_tlc#realenergyintotheload#kwh,BUNDOORA,0.0,-0.14490628,0.02094373,0.020323219,0.0
2025-02-22 06:00:00,solar.bun_tlc#realenergyintotheload#kwh,BUNDOORA,0.0,1.162364,0.014521239,0.014091011,0.0
2025-02-22 07:00:00,solar.bun_tlc#realenergyintotheload#kwh,BUNDOORA,0.0,5.3821926,0.0072010183,0.00698767,0.0
2025-02-22 08:00:00,solar.bun_tlc#realenergyintotheload#kwh,BUNDOORA,1.28125,24.19737,3.9122627,3.7963521,111.0
2025-02-22 09:00:00,solar.bun_tlc#realenergyintotheload#kwh,BUNDOORA,8.84375,29.463802,13.995813,13.581152,316.0
2025-02-22 10:00:00,solar.bun_tlc#realenergyintotheload#kwh,BUNDOORA,19.875,10.514956,23.771957,23.067654,523.0
2025-02-22 11:00:00,solar.bun_tlc#realenergyintotheload#kwh,BUNDOORA,32.1875,17.385208,31.647226,30.709599,702.0
2025-02-22 12:00:00,solar.bun_tlc#realenergyintotheload#kwh,BUNDOORA,35.09375,25.199148,36.626144,35.541004,823.0
2025-02-22 13:00:00,solar.bun_tlc#realenergyintotheload#kwh,BUNDOORA,39.65625,28.271753,40.175926,38.985615,922.0
2025-02-22 14:00:00,solar.bun_tlc#realenergyintotheload#kwh,BUNDOORA,37.53125,31.393576,39.551838,38.380016,910.0
2025-02-22 15:00:00,solar.bun_tlc#realenergyintotheload#kwh,BUNDOORA,39.5,32.622192,38.59429,37.45084,893.0
2025-02-22 16:00:00,solar.bun_tlc#realenergyintotheload#kwh,BUNDOORA,35.90625,36.73538,34.773678,33.74342,787.0
2025-02-22 17:00:00,solar.bun_tlc#realenergyintotheload#kwh,BUNDOORA,28.3125,20.324425,28.206081,27.370405,630.0
2025-02-22 18:00:00,solar.bun_tlc#realenergyintotheload#kwh,BUNDOORA,14.21875,13.198884,8.889445,8.626073,194.0
2025-02-22 19:00:00,solar.bun_tlc#realenergyintotheload#kwh,BUNDOORA,11.90625,19.210533,8.126565,7.885795,191.0
2025-02-22 20:00:00,solar.bun_tlc#realenergyintotheload#kwh,BUNDOORA,1.90625,12.086362,1.3668417,1.3263456,32.0
2025-02-22 21:00:00,solar.bun_tlc#realenergyintotheload#kwh,BUNDOORA,0.0,6.5145035,0.111176,0.107882135,0.0
2025-02-22 22:00:00,solar.bun_tlc#realenergyintotheload#kwh,BUNDOORA,0.0,5.5633187,0.10483954,0.10173341,0.0
2025-02-22 23:00:00,solar.bun_tlc#realenergyintotheload#kwh,BUNDOORA,0.0,2.4643452,0.10107862,0.09808391,0.0
2025-02-23 00:00:00,solar.bun_tlc#realenergyintotheload#kwh,BUNDOORA,0.0,1.4496893,-0.012379963,0.0,0.0
2025-02-23 01:00:00,solar.bun_tlc#realenergyintotheload#kwh,BUNDOORA,0.0,1.5600078,-0.012379963,0.0,0.0
2025-02-23 02:00:00,solar.bun_tlc#realenergyintotheload#kwh,BUNDOORA,0.0,2.4722798,0.10483954,0.10173341,0.0
2025-02-23 03:00:00,solar.bun_tlc#realenergyintotheload#kwh,BUNDOORA,0.0,1.4512122,-0.012379963,0.0,0.0
2025-02-23 04:00:00,solar.bun_tlc#realenergyintotheload#kwh,BUNDOORA,0.0,-0.43077692,-0.018559594,0.0,0.0
2025-02-23 05:00:00,solar.bun_tlc#realenergyintotheload#kwh,BUNDOORA,0.0,-0.48604634,-0.016448032,0.0,0.0
2025-02-23 06:00:00,solar.bun_tlc#realenergyintotheload#kwh,BUNDOORA,0.0,0.828915,-0.018307181,0.0,0.0
2025-02-23 07:00:00,solar.bun_tlc#realenergyintotheload#kwh,BUNDOORA,0.0,2.682484,-0.033100143,0.0,0.0
2025-02-23 08:00:00,solar.bun_tlc#realenergyintotheload#kwh,BUNDOORA,1.1875,5.2324653,2.0844967,2.0227382,49.0
2025-02-23 09:00:00,solar.bun_tlc#realenergyintotheload#kwh,BUNDOORA,3.03125,15.144287,5.441772,5.2805457,121.0
2025-02-23 10:00:00,solar.bun_tlc#realenergyintotheload#kwh,BUNDOORA,12.40625,11.861321,20.512152,19.904428,451.0
2025-02-23 11:00:00,solar.bun_tlc#realenergyintotheload#kwh,BUNDOORA,17.75,13.966442,17.38953,16.874321,377.0
2025-02-23 12:00:00,solar.bun_tlc#realenergyintotheload#kwh,BUNDOORA,15.40625,10.032714,11.966147,11.61162,267.0
2025-02-23 13:00:00,solar.bun_tlc#realenergyintotheload#kwh,BUNDOORA,22.4375,14.351803,17.722351,17.197283,385.0
2025-02-23 14:00:00,solar.bun_tlc#realenergyintotheload#kwh,BUNDOORA,7.375,12.079475,9.401448,9.122907,200.0
2025-02-23 15:00:00,solar.bun_tlc#realenergyintotheload#kwh,BUNDOORA,13.4375,21.4604,22.822098,22.145937,493.0
2025-02-23 16:00:00,solar.bun_tlc#realenergyintotheload#kwh,BUNDOORA,32.0625,22.913742,35.758614,34.699177,787.0
2025-02-23 17:00:00,solar.bun_tlc#realenergyintotheload#kwh,BUNDOORA,31.1875,28.317669,29.933462,29.046608,635.0
2025-02-23 18:00:00,solar.bun_tlc#realenergyintotheload#kwh,BUNDOORA,20.96875,27.195496,20.552979,19.944046,449.0
2025-02-23 19:00:00,solar.bun_tlc#realenergyintotheload#kwh,BUNDOORA,10.28125,24.117498,10.21224,9.9096775,239.0
2025-02-23 20:00:00,solar.bun_tlc#realenergyintotheload#kwh,BUNDOORA,1.96875,14.051529,1.9107187,1.8541088,41.0
2025-02-23 21:00:00,solar.bun_tlc#realenergyintotheload#kwh,BUNDOORA,0.0,8.349146,0.003705397,0.0035956153,0.0
2025-02-23 22:00:00,solar.bun_tlc#realenergyintotheload#kwh,BUNDOORA,0.0,0.8279222,0.0018840919,0.001828271,0.0
2025-02-23 23:00:00,solar.bun_tlc#realenergyintotheload#kwh,BUNDOORA,0.0,0.88285327,0.0018199059,0.0017659867,0.0
2025-02-24 00:00:00,solar.bun_tlc#realenergyintotheload#kwh,BUNDOORA,0.0,0.45536587,0.0018199059,0.0017659867,0.0
2025-02-24 01:00:00,solar.bun_tlc#realenergyintotheload#kwh,BUNDOORA,0.0,0.29316536,0.00016957207,0.00016454808,0.0
2025-02-24 02:00:00,solar.bun_tlc#realenergyintotheload#kwh,BUNDOORA,0.0,0.08579967,0.00016957207,0.00016454808,0.0
2025-02-24 03:00:00,solar.bun_tlc#realenergyintotheload#kwh,BUNDOORA,0.0,0.065868974,0.00076800276,0.00074524875,0.0
2025-02-24 04:00:00,solar.bun_tlc#realenergyintotheload#kwh,BUNDOORA,0.0,0.098882824,0.0010272426,0.0009968079,0.0
2025-02-24 05:00:00,solar.bun_tlc#realenergyintotheload#kwh,BUNDOORA,0.0,0.051349275,0.0010272426,0.0009968079,0.0
2025-02-24 06:00:00,solar.bun_tlc#realenergyintotheload#kwh,BUNDOORA,0.0,0.7163271,0.0010272426,0.0009968079,0.0
2025-02-24 07:00:00,solar.bun_tlc#realenergyintotheload#kwh,BUNDOORA,0.0,0.5084934,0.001424025,0.0013818347,0.0
2025-02-24 08:00:00,solar.bun_tlc#realenergyintotheload#kwh,BUNDOORA,1.375,0.96180147,3.8720486,3.7573295,92.0
2025-02-24 09:00:00,solar.bun_tlc#realenergyintotheload#kwh,BUNDOORA,6.25,3.2143354,8.227214,7.983462,248.0
2025-02-24 10:00:00,solar.bun_tlc#realenergyintotheload#kwh,BUNDOORA,17.40625,9.999101,15.537453,15.077117,335.0
2025-02-24 11:00:00,solar.bun_tlc#realenergyintotheload#kwh,BUNDOORA,29.03125,18.218403,26.323542,25.54364,567.0
2025-02-24 12:00:00,solar.bun_tlc#realenergyintotheload#kwh,BUNDOORA,22.6875,18.535439,19.988596,19.396383,419.0
2025-02-24 13:00:00,solar.bun_tlc#realenergyintotheload#kwh,BUNDOORA,23.40625,21.161737,30.76638,29.854849,662.0
2025-02-24 14:00:00,solar.bun_tlc#realenergyintotheload#kwh,BUNDOORA,28.25,29.485565,34.161716,33.14959,754.0
2025-02-24 15:00:00,solar.bun_tlc#realenergyintotheload#kwh,BUNDOORA,36.09375,32.79471,38.45294,37.31368,872.0
2025-02-24 16:00:00,solar.bun_tlc#realenergyintotheload#kwh,BUNDOORA,38.59375,36.58213,36.556725,35.47364,808.0
2025-02-24 17:00:00,solar.bun_tlc#realenergyintotheload#kwh,BUNDOORA,32.125,31.487026,31.093735,30.172504,650.0
2025-02-24 18:00:00,solar.bun_tlc#realenergyintotheload#kwh,BUNDOORA,21.65625,34.993122,21.063715,20.43965,455.0
2025-02-24 19:00:00,solar.bun_tlc#realenergyintotheload#kwh,BUNDOORA,10.625,29.65616,10.286103,9.981352,238.0
2025-02-24 20:00:00,solar.bun_tlc#realenergyintotheload#kwh,BUNDOORA,1.875,17.52648,1.6589357,1.6097856,40.0
2025-02-24 21:00:00,solar.bun_tlc#realenergyintotheload#kwh,BUNDOORA,0.0,9.132091,0.0026856947,0.0026061244,0.0
2025-02-24 22:00:00,solar.bun_tlc#realenergyintotheload#kwh,BUNDOORA,0.0,1.9708887,0.0021416945,0.0020782414,0.0
2025-02-24 23:00:00,solar.bun_tlc#realenergyintotheload#kwh,BUNDOORA,0.0,0.036623817,0.0026906296,0.002610913,0.0
2025-02-25 00:00:00,solar.bun_tlc#realenergyintotheload#kwh,BUNDOORA,0.0,-0.07427951,0.0010402963,0.0010094749,0.0
2025-02-25 01:00:00,solar.bun_tlc#realenergyintotheload#kwh,BUNDOORA,0.0,0.06691716,0.00016957207,0.00016454808,0.0
2025-02-25 02:00:00,solar.bun_tlc#realenergyintotheload#kwh,BUNDOORA,0.0,0.0045023356,0.0010592701,0.0010278866,0.0
2025-02-25 03:00:00,solar.bun_tlc#realenergyintotheload#kwh,BUNDOORA,0.0,0.096131295,0.0010592701,0.0010278866,0.0
2025-02-25 04:00:00,solar.bun_tlc#realenergyintotheload#kwh,BUNDOORA,0.0,0.089956485,0.0009960514,0.0009665408,0.0
2025-02-25 05:00:00,solar.bun_tlc#realenergyintotheload#kwh,BUNDOORA,0.0,0.070322104,0.0014560526,0.0014129134,0.0
2025-02-25 06:00:00,solar.bun_tlc#realenergyintotheload#kwh,BUNDOORA,0.0,0.5449373,0.0014560526,0.0014129134,0.0
2025-02-25 07:00:00,solar.bun_tlc#realenergyintotheload#kwh,BUNDOORA,0.0,0.75312495,0.0014560526,0.0014129134,0.0
2025-02-25 08:00:00,solar.bun_tlc#realenergyintotheload#kwh,BUNDOORA,1.59375,0.26586196,3.8579311,3.7436302,110.0
2025-02-25 09:00:00,solar.bun_tlc#realenergyintotheload#kwh,BUNDOORA,9.875,0.45976493,15.037798,14.592265,324.0
2025-02-25 10:00:00,solar.bun_tlc#realenergyintotheload#kwh,BUNDOORA,20.96875,18.184196,25.299282,24.549728,539.0
2025-02-25 11:00:00,solar.bun_tlc#realenergyintotheload#kwh,BUNDOORA,32.0,28.092516,33.381824,32.392803,730.0
2025-02-25 12:00:00,solar.bun_tlc#realenergyintotheload#kwh,BUNDOORA,38.625,37.95907,37.98294,36.8576,873.0
2025-02-25 13:00:00,solar.bun_tlc#realenergyintotheload#kwh,BUNDOORA,41.71875,39.419174,41.76651,40.52907,956.0
2025-02-25 14:00:00,solar.bun_tlc#realenergyintotheload#kwh,BUNDOORA,42.40625,40.457943,42.405285,41.148922,973.0
2025-02-25 15:00:00,solar.bun_tlc#realenergyintotheload#kwh,BUNDOORA,41.375,39.35717,40.626324,39.42267,925.0
2025-02-25 16:00:00,solar.bun_tlc#realenergyintotheload#kwh,BUNDOORA,37.84375,35.410767,36.858505,35.76648,815.0
2025-02-25 17:00:00,solar.bun_tlc#realenergyintotheload#kwh,BUNDOORA,31.5625,30.578627,30.892294,29.977032,650.0
2025-02-25 18:00:00,solar.bun_tlc#realenergyintotheload#kwh,BUNDOORA,21.0625,20.822607,20.424128,19.819012,447.0
2025-02-25 19:00:00,solar.bun_tlc#realenergyintotheload#kwh,BUNDOORA,10.125,13.061362,10.086077,9.787251,229.0
2025-02-25 20:00:00,solar.bun_tlc#realenergyintotheload#kwh,BUNDOORA,1.75,10.228939,1.4569609,1.4137948,36.0
2025-02-25 21:00:00,solar.bun_tlc#realenergyintotheload#kwh,BUNDOORA,0.0,2.4876194,0.0003296663,0.00031989912,0.0
2025-02-25 22:00:00,solar.bun_tlc#realenergyintotheload#kwh,BUNDOORA,0.0,0.7892848,-0.00035033285,0.0,0.0
2025-02-25 23:00:00,solar.bun_tlc#realenergyintotheload#kwh,BUNDOORA,0.0,0.090530895,-0.00023795772,0.0,0.0
2025-02-26 00:00:00,solar.bun_tlc#realenergyintotheload#kwh,BUNDOORA,0.0,-0.018894333,-0.00035033285,0.0,0.0
2025-02-26 01:00:00,solar.bun_tlc#realenergyintotheload#kwh,BUNDOORA,0.0,-0.01906413,-0.00035033285,0.0,0.0
2025-02-26 02:00:00,solar.bun_tlc#realenergyintotheload#kwh,BUNDOORA,0.0,-0.06356665,-0.00023795772,0.0,0.0
2025-02-26 03:00:00,solar.bun_tlc#realenergyintotheload#kwh,BUNDOORA,0.0,-0.11143916,-0.00084085355,0.0,0.0
2025-02-26 04:00:00,solar.bun_tlc#realenergyintotheload#kwh,BUNDOORA,0.0,-0.06378804,-0.00035033285,0.0,0.0
2025-02-26 05:00:00,solar.bun_tlc#realenergyintotheload#kwh,BUNDOORA,0.0,-0.02188829,-0.00029396624,0.0,0.0
2025-02-26 06:00:00,solar.bun_tlc#realenergyintotheload#kwh,BUNDOORA,0.0,0.6135098,0.00016957207,0.00016454808,0.0
2025-02-26 07:00:00,solar.bun_tlc#realenergyintotheload#kwh,BUNDOORA,0.0,7.323324,0.0018199059,0.0017659867,0.0
2025-02-26 08:00:00,solar.bun_tlc#realenergyintotheload#kwh,BUNDOORA,1.375,13.337107,3.5593204,3.4538667,104.0
2025-02-26 09:00:00,solar.bun_tlc#realenergyintotheload#kwh,BUNDOORA,9.09375,12.980724,14.026132,13.610573,313.0
2025-02-26 10:00:00,solar.bun_tlc#realenergyintotheload#kwh,BUNDOORA,19.75,23.346617,23.697393,22.995298,524.0
2025-02-26 11:00:00,solar.bun_tlc#realenergyintotheload#kwh,BUNDOORA,30.84375,24.988688,31.455374,30.52343,713.0
2025-02-26 12:00:00,solar.bun_tlc#realenergyintotheload#kwh,BUNDOORA,37.34375,33.80049,37.545277,36.432903,854.0
2025-02-26 13:00:00,solar.bun_tlc#realenergyintotheload#kwh,BUNDOORA,40.4375,37.388676,39.95946,38.775562,936.0
2025-02-26 14:00:00,solar.bun_tlc#realenergyintotheload#kwh,BUNDOORA,40.53125,40.79021,40.08472,38.89711,955.0
2025-02-26 15:00:00,solar.bun_tlc#realenergyintotheload#kwh,BUNDOORA,38.65625,38.052986,39.215782,38.053917,910.0
2025-02-26 16:00:00,solar.bun_tlc#realenergyintotheload#kwh,BUNDOORA,35.4375,37.43359,35.33258,34.285763,798.0
2025-02-26 17:00:00,solar.bun_tlc#realenergyintotheload#kwh,BUNDOORA,22.75,20.510908,17.696299,17.172,378.0
2025-02-26 18:00:00,solar.bun_tlc#realenergyintotheload#kwh,BUNDOORA,3.90625,16.886879,5.4822116,5.3197875,119.0
2025-02-26 19:00:00,solar.bun_tlc#realenergyintotheload#kwh,BUNDOORA,4.78125,15.246276,5.4138637,5.253464,143.0
2025-02-26 20:00:00,solar.bun_tlc#realenergyintotheload#kwh,BUNDOORA,3.09375,7.6483445,0.783126,0.75992393,22.0
2025-02-26 21:00:00,solar.bun_tlc#realenergyintotheload#kwh,BUNDOORA,0.0,4.3586626,0.017243665,0.016732778,0.0
2025-02-26 22:00:00,solar.bun_tlc#realenergyintotheload#kwh,BUNDOORA,0.0,0.7230541,0.009840442,0.009548894,0.0
2025-02-26 23:00:00,solar.bun_tlc#realenergyintotheload#kwh,BUNDOORA,0.0,0.21559568,0.00609957,0.005918855,0.0
2025-02-27 00:00:00,solar.bun_tlc#realenergyintotheload#kwh,BUNDOORA,0.0,0.027402645,0.0013698706,0.0013292847,0.0
2025-02-27 01:00:00,solar.bun_tlc#realenergyintotheload#kwh,BUNDOORA,0.0,0.17999704,0.0013563676,0.0013161818,0.0
2025-02-27 02:00:00,solar.bun_tlc#realenergyintotheload#kwh,BUNDOORA,0.0,0.06616075,-0.00035033285,0.0,0.0
2025-02-27 03:00:00,solar.bun_tlc#realenergyintotheload#kwh,BUNDOORA,0.0,0.026267426,-0.00035033285,0.0,0.0
2025-02-27 04:00:00,solar.bun_tlc#realenergyintotheload#kwh,BUNDOORA,0.0,0.060187772,-0.00035033285,0.0,0.0
2025-02-27 05:00:00,solar.bun_tlc#realenergyintotheload#kwh,BUNDOORA,0.0,0.045533836,-0.00035033285,0.0,0.0
2025-02-27 06:00:00,solar.bun_tlc#realenergyintotheload#kwh,BUNDOORA,0.0,0.5179631,-0.00049215637,0.0,0.0
2025-02-27 07:00:00,solar.bun_tlc#realenergyintotheload#kwh,BUNDOORA,0.0,1.5700955,-0.00029396624,0.0,0.0
2025-02-27 08:00:00,solar.bun_tlc#realenergyintotheload#kwh,BUNDOORA,0.3125,0.78042924,1.9132686,1.8565832,48.0
2025-02-27 09:00:00,solar.bun_tlc#realenergyintotheload#kwh,BUNDOORA,2.90625,5.527092,7.119294,6.908367,155.0
2025-02-27 10:00:00,solar.bun_tlc#realenergyintotheload#kwh,BUNDOORA,8.0625,9.687199,15.032494,14.587118,312.0
2025-02-27 11:00:00,solar.bun_tlc#realenergyintotheload#kwh,BUNDOORA,24.25,9.315904,31.68942,30.750542,706.0
2025-02-27 12:00:00,solar.bun_tlc#realenergyintotheload#kwh,BUNDOORA,37.03125,25.678957,37.627113,36.512318,848.0
2025-02-27 13:00:00,solar.bun_tlc#realenergyintotheload#kwh,BUNDOORA,40.625,26.498722,40.31265,39.118286,933.0
2025-02-27 14:00:00,solar.bun_tlc#realenergyintotheload#kwh,BUNDOORA,41.28125,34.76384,41.004044,39.789196,955.0
2025-02-27 15:00:00,solar.bun_tlc#realenergyintotheload#kwh,BUNDOORA,40.46875,29.501314,39.51893,38.34808,905.0
2025-02-27 16:00:00,solar.bun_tlc#realenergyintotheload#kwh,BUNDOORA,36.90625,25.468302,35.87361,34.810764,794.0
2025-02-27 17:00:00,solar.bun_tlc#realenergyintotheload#kwh,BUNDOORA,30.46875,27.248728,29.718475,28.837992,630.0
2025-02-27 18:00:00,solar.bun_tlc#realenergyintotheload#kwh,BUNDOORA,19.75,20.409632,20.312267,19.710466,427.0
2025-02-27 19:00:00,solar.bun_tlc#realenergyintotheload#kwh,BUNDOORA,8.03125,7.4039764,7.235449,7.0210805,181.0
2025-02-27 20:00:00,solar.bun_tlc#realenergyintotheload#kwh,BUNDOORA,0.5625,5.4205093,0.28916472,0.2805975,9.0
2025-02-27 21:00:00,solar.bun_tlc#realenergyintotheload#kwh,BUNDOORA,0.0,2.4824302,0.00491063,0.0047651404,0.0
2025-02-27 22:00:00,solar.bun_tlc#realenergyintotheload#kwh,BUNDOORA,0.0,-0.1253813,0.0009943021,0.00096484344,0.0
2025-02-27 23:00:00,solar.bun_tlc#realenergyintotheload#kwh,BUNDOORA,0.0,0.02547819,0.0013345492,0.0012950099,0.0
2025-02-28 00:00:00,solar.bun_tlc#realenergyintotheload#kwh,BUNDOORA,0.0,-0.04022898,0.0013345492,0.0012950099,0.0
2025-02-28 01:00:00,solar.bun_tlc#realenergyintotheload#kwh,BUNDOORA,0.0,0.19290428,0.0022164583,0.0021507903,0.0
2025-02-28 02:00:00,solar.bun_tlc#realenergyintotheload#kwh,BUNDOORA,0.0,0.16451688,0.0022164583,0.0021507903,0.0
2025-02-28 03:00:00,solar.bun_tlc#realenergyintotheload#kwh,BUNDOORA,0.0,0.16451688,0.0022164583,0.0021507903,0.0
2025-02-28 04:00:00,solar.bun_tlc#realenergyintotheload#kwh,BUNDOORA,0.0,0.17320675,0.0019617602,0.0019036381,0.0
2025-02-28 05:00:00,solar.bun_tlc#realenergyintotheload#kwh,BUNDOORA,0.0,0.03533843,0.0019617602,0.0019036381,0.0
2025-02-28 06:00:00,solar.bun_tlc#realenergyintotheload#kwh,BUNDOORA,0.0,0.121527195,-0.00029396624,0.0,0.0
2025-02-28 07:00:00,solar.bun_tlc#realenergyintotheload#kwh,BUNDOORA,0.0,0.30280674,-0.00049215637,0.0,0.0
2025-02-28 08:00:00,solar.bun_tlc#realenergyintotheload#kwh,BUNDOORA,1.0625,4.1725492,3.590428,3.4840527,87.0
2025-02-28 09:00:00,solar.bun_tlc#realenergyintotheload#kwh,BUNDOORA,8.75,7.4423337,12.971648,12.587331,283.0
2025-02-28 10:00:00,solar.bun_tlc#realenergyintotheload#kwh,BUNDOORA,19.15625,6.7686553,22.974543,22.293865,502.0
2025-02-28 11:00:00,solar.bun_tlc#realenergyintotheload#kwh,BUNDOORA,30.53125,13.017482,31.558836,30.623827,689.0
2025-02-28 12:00:00,solar.bun_tlc#realenergyintotheload#kwh,BUNDOORA,34.03125,30.114985,35.878628,34.81563,803.0
2025-02-28 13:00:00,solar.bun_tlc#realenergyintotheload#kwh,BUNDOORA,9.78125,23.763273,39.753223,38.575436,909.0
2025-02-28 14:00:00,solar.bun_tlc#realenergyintotheload#kwh,BUNDOORA,0.0,28.134699,40.36613,39.170185,919.0
2025-02-28 15:00:00,solar.bun_tlc#realenergyintotheload#kwh,BUNDOORA,30.78125,23.503021,38.218567,37.086246,876.0
2025-02-28 16:00:00,solar.bun_tlc#realenergyintotheload#kwh,BUNDOORA,0.0,20.850863,35.33286,34.286034,769.0
2025-02-28 17:00:00,solar.bun_tlc#realenergyintotheload#kwh,BUNDOORA,17.28125,23.901575,28.145872,27.31198,590.0
2025-02-28 18:00:00,solar.bun_tlc#realenergyintotheload#kwh,BUNDOORA,18.9375,27.18426,19.636463,19.054684,415.0
2025-02-28 19:00:00,solar.bun_tlc#realenergyintotheload#kwh,BUNDOORA,9.25,20.061861,9.18136,8.90934,204.0
2025-02-28 20:00:00,solar.bun_tlc#realenergyintotheload#kwh,BUNDOORA,1.65625,7.4587703,0.64407647,0.6249941,17.0
2025-02-28 21:00:00,solar.bun_tlc#realenergyintotheload#kwh,BUNDOORA,0.0,5.2387624,0.0019568484,0.0018988719,0.0
2025-02-28 22:00:00,solar.bun_tlc#realenergyintotheload#kwh,BUNDOORA,0.0,1.0666665,0.0018762726,0.0018206834,0.0
2025-02-28 23:00:00,solar.bun_tlc#realenergyintotheload#kwh,BUNDOORA,0.0,0.3875876,0.00022593862,0.00021924463,0.0
2025-03-01 00:00:00,solar.bun_tlc#realenergyintotheload#kwh,BUNDOORA,0.0,0.36585096,0.00022593862,0.00021924463,0.0
2025-03-01 01:00:00,solar.bun_tlc#realenergyintotheload#kwh,BUNDOORA,0.0,0.021233747,-0.00060957257,0.0,0.0
2025-03-01 02:00:00,solar.bun_tlc#realenergyintotheload#kwh,BUNDOORA,0.0,-0.037039366,-0.00035033285,0.0,0.0
2025-03-01 03:00:00,solar.bun_tlc#realenergyintotheload#kwh,BUNDOORA,0.0,-0.23906851,-0.00035033285,0.0,0.0
2025-03-01 04:00:00,solar.bun_tlc#realenergyintotheload#kwh,BUNDOORA,0.0,-0.03424659,-0.00084085355,0.0,0.0
2025-03-01 05:00:00,solar.bun_tlc#realenergyintotheload#kwh,BUNDOORA,0.0,-0.03424659,-0.00084085355,0.0,0.0
2025-03-01 06:00:00,solar.bun_tlc#realenergyintotheload#kwh,BUNDOORA,0.0,0.25342047,0.00025256214,0.00024507934,0.0
2025-03-01 07:00:00,solar.bun_tlc#realenergyintotheload#kwh,BUNDOORA,0.0,0.9073297,0.00025256214,0.00024507934,0.0
2025-03-01 08:00:00,solar.bun_tlc#realenergyintotheload#kwh,BUNDOORA,1.25,0.8631263,4.0343323,3.9148052,90.0
2025-03-01 09:00:00,solar.bun_tlc#realenergyintotheload#kwh,BUNDOORA,8.9375,0.6058787,13.038745,12.652439,294.0
2025-03-01 10:00:00,solar.bun_tlc#realenergyintotheload#kwh,BUNDOORA,19.84375,3.7044926,24.009745,23.298395,505.0
2025-03-01 11:00:00,solar.bun_tlc#realenergyintotheload#kwh,BUNDOORA,30.25,12.544932,31.55114,30.616358,688.0
2025-03-01 12:00:00,solar.bun_tlc#realenergyintotheload#kwh,BUNDOORA,36.40625,25.392567,36.3266,35.25033,830.0
2025-03-01 13:00:00,solar.bun_tlc#realenergyintotheload#kwh,BUNDOORA,40.125,28.989256,39.352276,38.186367,912.0
2025-03-01 14:00:00,solar.bun_tlc#realenergyintotheload#kwh,BUNDOORA,40.8125,32.58602,40.085182,38.89756,929.0
2025-03-01 15:00:00,solar.bun_tlc#realenergyintotheload#kwh,BUNDOORA,39.78125,32.9951,38.495186,37.35467,882.0
2025-03-01 16:00:00,solar.bun_tlc#realenergyintotheload#kwh,BUNDOORA,36.53125,30.86407,35.26299,34.218235,778.0
2025-03-01 17:00:00,solar.bun_tlc#realenergyintotheload#kwh,BUNDOORA,30.21875,28.464813,29.120506,28.257738,620.0
2025-03-01 18:00:00,solar.bun_tlc#realenergyintotheload#kwh,BUNDOORA,19.5625,33.69797,19.65943,19.07697,418.0
2025-03-01 19:00:00,solar.bun_tlc#realenergyintotheload#kwh,BUNDOORA,6.4375,33.408028,9.278577,9.003675,205.0
2025-03-01 20:00:00,solar.bun_tlc#realenergyintotheload#kwh,BUNDOORA,1.375,7.302144,0.43247712,0.4196639,12.0
2025-03-01 21:00:00,solar.bun_tlc#realenergyintotheload#kwh,BUNDOORA,0.0,5.476681,0.0037813804,0.0036693476,0.0
2025-03-01 22:00:00,solar.bun_tlc#realenergyintotheload#kwh,BUNDOORA,0.0,1.6546586,0.0047679916,0.004626728,0.0
2025-03-01 23:00:00,solar.bun_tlc#realenergyintotheload#kwh,BUNDOORA,0.0,0.39633697,0.0023802961,0.0023097738,0.0
2025-03-02 00:00:00,solar.bun_tlc#realenergyintotheload#kwh,BUNDOORA,0.0,0.41438946,0.0018199059,0.0017659867,0.0
2025-03-02 01:00:00,solar.bun_tlc#realenergyintotheload#kwh,BUNDOORA,0.0,-0.10041404,-0.00060957257,0.0,0.0
2025-03-02 02:00:00,solar.bun_tlc#realenergyintotheload#kwh,BUNDOORA,0.0,0.03654459,-0.00035033285,0.0,0.0
2025-03-02 03:00:00,solar.bun_tlc#realenergyintotheload#kwh,BUNDOORA,0.0,0.0019887593,-0.00035033285,0.0,0.0
2025-03-02 04:00:00,solar.bun_tlc#realenergyintotheload#kwh,BUNDOORA,0.0,0.06760531,-0.00041355172,0.0,0.0
2025-03-02 05:00:00,solar.bun_tlc#realenergyintotheload#kwh,BUNDOORA,0.0,0.009034704,0.00054772245,0.0005314948,0.0
2025-03-02 06:00:00,solar.bun_tlc#realenergyintotheload#kwh,BUNDOORA,0.0,0.20311037,0.00054772245,0.0005314948,0.0
2025-03-02 07:00:00,solar.bun_tlc#realenergyintotheload#kwh,BUNDOORA,0.0,0.71922064,6.0078666e-05,5.8298687e-05,0.0
2025-03-02 08:00:00,solar.bun_tlc#realenergyintotheload#kwh,BUNDOORA,1.46875,1.2129543,2.7538733,2.672283,68.0
2025-03-02 09:00:00,solar.bun_tlc#realenergyintotheload#kwh,BUNDOORA,4.5,4.6108637,5.528043,5.3642607,123.0
2025-03-02 10:00:00,solar.bun_tlc#realenergyintotheload#kwh,BUNDOORA,4.375,5.0996366,9.944306,9.649681,210.0
2025-03-02 11:00:00,solar.bun_tlc#realenergyintotheload#kwh,BUNDOORA,5.5,12.247062,12.419067,12.051122,267.0
2025-03-02 12:00:00,solar.bun_tlc#realenergyintotheload#kwh,BUNDOORA,12.25,13.0533495,11.133562,10.803702,247.0
2025-03-02 13:00:00,solar.bun_tlc#realenergyintotheload#kwh,BUNDOORA,8.25,14.843952,13.847408,13.437144,304.0
2025-03-02 14:00:00,solar.bun_tlc#realenergyintotheload#kwh,BUNDOORA,31.75,19.889805,34.14298,33.13141,749.0
2025-03-02 15:00:00,solar.bun_tlc#realenergyintotheload#kwh,BUNDOORA,28.65625,13.959071,21.059256,20.435322,442.0
2025-03-02 16:00:00,solar.bun_tlc#realenergyintotheload#kwh,BUNDOORA,12.5,15.747223,10.773456,10.454265,231.0
2025-03-02 17:00:00,solar.bun_tlc#realenergyintotheload#kwh,BUNDOORA,13.125,16.723839,11.310829,10.975718,233.0
2025-03-02 18:00:00,solar.bun_tlc#realenergyintotheload#kwh,BUNDOORA,9.75,24.66376,12.0615635,11.704209,258.0
2025-03-02 19:00:00,solar.bun_tlc#realenergyintotheload#kwh,BUNDOORA,7.75,24.19192,9.307479,9.031721,197.0
2025-03-02 20:00:00,solar.bun_tlc#realenergyintotheload#kwh,BUNDOORA,1.28125,16.222313,0.7840185,0.76079,21.0
2025-03-02 21:00:00,solar.bun_tlc#realenergyintotheload#kwh,BUNDOORA,0.0,8.63161,0.010599958,0.010285907,0.0
2025-03-02 22:00:00,solar.bun_tlc#realenergyintotheload#kwh,BUNDOORA,0.0,1.1280527,0.006554635,0.0063604373,0.0
2025-03-02 23:00:00,solar.bun_tlc#realenergyintotheload#kwh,BUNDOORA,0.0,0.27201807,0.0041505485,0.004027578,0.0
2025-03-03 00:00:00,solar.bun_tlc#realenergyintotheload#kwh,BUNDOORA,0.0,0.5768899,0.008888989,0.00862563,0.0
2025-03-03 01:00:00,solar.bun_tlc#realenergyintotheload#kwh,BUNDOORA,0.0,0.29517695,-0.0041319733,0.0,0.0
2025-03-03 02:00:00,solar.bun_tlc#realenergyintotheload#kwh,BUNDOORA,0.0,0.3121901,0.0010275447,0.0009971012,0.0
2025-03-03 03:00:00,solar.bun_tlc#realenergyintotheload#kwh,BUNDOORA,0.0,0.20596059,0.0013348343,0.0012952865,0.0
2025-03-03 04:00:00,solar.bun_tlc#realenergyintotheload#kwh,BUNDOORA,0.0,0.05611518,0.0010382137,0.001007454,0.0
2025-03-03 05:00:00,solar.bun_tlc#realenergyintotheload#kwh,BUNDOORA,0.0,0.062402956,0.00073092396,0.0007092685,0.0
2025-03-03 06:00:00,solar.bun_tlc#realenergyintotheload#kwh,BUNDOORA,0.0,0.1090311,0.0004737526,0.00045971648,0.0
2025-03-03 07:00:00,solar.bun_tlc#realenergyintotheload#kwh,BUNDOORA,0.0,0.5285084,0.0004737526,0.00045971648,0.0
2025-03-03 08:00:00,solar.bun_tlc#realenergyintotheload#kwh,BUNDOORA,0.96875,2.7902257,3.2463634,3.1501818,62.0
2025-03-03 09:00:00,solar.bun_tlc#realenergyintotheload#kwh,BUNDOORA,7.84375,10.342093,10.546194,10.233737,258.0
2025-03-03 10:00:00,solar.bun_tlc#realenergyintotheload#kwh,BUNDOORA,16.65625,17.198065,23.589413,22.890518,505.0
2025-03-03 11:00:00,solar.bun_tlc#realenergyintotheload#kwh,BUNDOORA,29.34375,22.880253,32.101383,31.1503,690.0
2025-03-03 12:00:00,solar.bun_tlc#realenergyintotheload#kwh,BUNDOORA,37.21875,24.440865,37.092815,35.993847,826.0
2025-03-03 13:00:00,solar.bun_tlc#realenergyintotheload#kwh,BUNDOORA,40.96875,36.097828,40.858135,39.64761,907.0
2025-03-03 14:00:00,solar.bun_tlc#realenergyintotheload#kwh,BUNDOORA,42.21875,39.708862,40.700348,39.4945,925.0
2025-03-03 15:00:00,solar.bun_tlc#realenergyintotheload#kwh,BUNDOORA,41.25,39.71984,38.96909,37.814533,877.0
2025-03-03 16:00:00,solar.bun_tlc#realenergyintotheload#kwh,BUNDOORA,37.78125,36.253723,36.309746,35.23398,770.0
2025-03-03 17:00:00,solar.bun_tlc#realenergyintotheload#kwh,BUNDOORA,30.9375,35.806355,29.334654,28.465542,610.0
2025-03-03 18:00:00,solar.bun_tlc#realenergyintotheload#kwh,BUNDOORA,19.75,37.176716,19.888773,19.299519,413.0
2025-03-03 19:00:00,solar.bun_tlc#realenergyintotheload#kwh,BUNDOORA,9.03125,26.882826,9.220612,8.947428,201.0
2025-03-03 20:00:00,solar.bun_tlc#realenergyintotheload#kwh,BUNDOORA,1.3125,15.94077,0.6529435,0.6335984,18.0
2025-03-03 21:00:00,solar.bun_tlc#realenergyintotheload#kwh,BUNDOORA,0.0,5.774606,0.006554635,0.0063604373,0.0
2025-03-03 22:00:00,solar.bun_tlc#realenergyintotheload#kwh,BUNDOORA,0.0,0.8178563,0.008905378,0.0086415345,0.0
2025-03-03 23:00:00,solar.bun_tlc#realenergyintotheload#kwh,BUNDOORA,0.0,0.27903426,0.0043443623,0.00421565,0.0
2025-03-04 00:00:00,solar.bun_tlc#realenergyintotheload#kwh,BUNDOORA,0.0,0.2705958,0.004178224,0.0040544337,0.0
2025-03-04 01:00:00,solar.bun_tlc#realenergyintotheload#kwh,BUNDOORA,0.0,0.111091115,0.0014749594,0.00143126,0.0
2025-03-04 02:00:00,solar.bun_tlc#realenergyintotheload#kwh,BUNDOORA,0.0,-0.16888666,0.0006042352,0.0005863332,0.0
2025-03-04 03:00:00,solar.bun_tlc#realenergyintotheload#kwh,BUNDOORA,0.0,0.02502014,0.0020544834,0.0019936142,0.0
2025-03-04 04:00:00,solar.bun_tlc#realenergyintotheload#kwh,BUNDOORA,0.0,0.004008259,0.0023137226,0.0022451729,0.0
2025-03-04 05:00:00,solar.bun_tlc#realenergyintotheload#kwh,BUNDOORA,0.0,-0.038262296,0.0009713856,0.0009426059,0.0
2025-03-04 06:00:00,solar.bun_tlc#realenergyintotheload#kwh,BUNDOORA,0.0,-0.0037953188,0.0009713856,0.0009426059,0.0
2025-03-04 07:00:00,solar.bun_tlc#realenergyintotheload#kwh,BUNDOORA,0.0,-0.060664598,0.0015363984,0.0014908788,0.0
2025-03-04 08:00:00,solar.bun_tlc#realenergyintotheload#kwh,BUNDOORA,1.125,0.4809927,4.241749,4.1160765,83.0
2025-03-04 09:00:00,solar.bun_tlc#realenergyintotheload#kwh,BUNDOORA,8.25,0.34627205,13.284647,12.891056,286.0
2025-03-04 10:00:00,solar.bun_tlc#realenergyintotheload#kwh,BUNDOORA,18.28125,6.2111416,23.863047,23.156044,494.0
2025-03-04 11:00:00,solar.bun_tlc#realenergyintotheload#kwh,BUNDOORA,28.0625,26.606981,32.21725,31.262733,683.0
2025-03-04 12:00:00,solar.bun_tlc#realenergyintotheload#kwh,BUNDOORA,25.8125,32.758076,36.687466,35.600506,822.0
2025-03-04 13:00:00,solar.bun_tlc#realenergyintotheload#kwh,BUNDOORA,39.0,36.70862,40.01524,38.82969,903.0
2025-03-04 14:00:00,solar.bun_tlc#realenergyintotheload#kwh,BUNDOORA,39.84375,37.882626,40.69577,39.490055,920.0
2025-03-04 15:00:00,solar.bun_tlc#realenergyintotheload#kwh,BUNDOORA,38.6875,38.53209,38.04013,36.913097,873.0
2025-03-04 16:00:00,solar.bun_tlc#realenergyintotheload#kwh,BUNDOORA,35.1875,39.99871,35.75322,34.69394,765.0
2025-03-04 17:00:00,solar.bun_tlc#realenergyintotheload#kwh,BUNDOORA,28.65625,37.546455,28.217276,27.381268,605.0
2025-03-04 18:00:00,solar.bun_tlc#realenergyintotheload#kwh,BUNDOORA,18.125,30.526323,19.750862,19.165693,409.0
2025-03-04 19:00:00,solar.bun_tlc#realenergyintotheload#kwh,BUNDOORA,8.1875,31.368904,8.596359,8.341671,196.0
2025-03-04 20:00:00,solar.bun_tlc#realenergyintotheload#kwh,BUNDOORA,1.125,16.483347,0.51195174,0.49678388,16.0
2025-03-04 21:00:00,solar.bun_tlc#realenergyintotheload#kwh,BUNDOORA,0.0,6.009787,-0.0013772027,0.0,0.0
2025-03-04 22:00:00,solar.bun_tlc#realenergyintotheload#kwh,BUNDOORA,0.0,0.3480044,0.013361388,0.012965524,0.0
2025-03-04 23:00:00,solar.bun_tlc#realenergyintotheload#kwh,BUNDOORA,0.0,0.038128667,0.010300636,0.009995454,0.0
2025-03-05 00:00:00,solar.bun_tlc#realenergyintotheload#kwh,BUNDOORA,0.0,0.35223365,0.007969657,0.007733536,0.0
2025-03-05 01:00:00,solar.bun_tlc#realenergyintotheload#kwh,BUNDOORA,0.0,0.14093867,0.006045385,0.005866275,0.0
2025-03-05 02:00:00,solar.bun_tlc#realenergyintotheload#kwh,BUNDOORA,0.0,0.10219273,0.0069324384,0.0067270477,0.0
2025-03-05 03:00:00,solar.bun_tlc#realenergyintotheload#kwh,BUNDOORA,0.0,0.6266712,0.0041112737,0.003989467,0.0
2025-03-05 04:00:00,solar.bun_tlc#realenergyintotheload#kwh,BUNDOORA,0.0,0.8883339,0.0060248394,0.0058463383,0.0
2025-03-05 05:00:00,solar.bun_tlc#realenergyintotheload#kwh,BUNDOORA,0.0,-0.42094433,-0.0011415944,0.0,0.0
2025-03-05 06:00:00,solar.bun_tlc#realenergyintotheload#kwh,BUNDOORA,0.0,3.9898813,0.018401343,0.017856158,0.0
2025-03-05 07:00:00,solar.bun_tlc#realenergyintotheload#kwh,BUNDOORA,0.0,10.484896,0.0055373223,0.005373265,0.0
2025-03-05 08:00:00,solar.bun_tlc#realenergyintotheload#kwh,BUNDOORA,0.96875,26.167078,3.5014079,3.3976698,83.0
2025-03-05 09:00:00,solar.bun_tlc#realenergyintotheload#kwh,BUNDOORA,7.8125,19.47015,12.278915,11.915122,286.0
2025-03-05 10:00:00,solar.bun_tlc#realenergyintotheload#kwh,BUNDOORA,17.96875,28.88017,22.713497,22.040552,492.0
2025-03-05 11:00:00,solar.bun_tlc#realenergyintotheload#kwh,BUNDOORA,28.6875,32.344135,31.435099,30.503756,673.0
2025-03-05 12:00:00,solar.bun_tlc#realenergyintotheload#kwh,BUNDOORA,33.09375,36.347122,36.26287,35.18849,809.0
2025-03-05 13:00:00,solar.bun_tlc#realenergyintotheload#kwh,BUNDOORA,38.75,36.301334,39.371117,38.204647,889.0
2025-03-05 14:00:00,solar.bun_tlc#realenergyintotheload#kwh,BUNDOORA,39.4375,35.240513,39.10367,37.945126,907.0
2025-03-05 15:00:00,solar.bun_tlc#realenergyintotheload#kwh,BUNDOORA,37.53125,34.70827,37.62861,36.513767,859.0
2025-03-05 16:00:00,solar.bun_tlc#realenergyintotheload#kwh,BUNDOORA,34.125,24.173407,34.077057,33.06744,751.0
2025-03-05 17:00:00,solar.bun_tlc#realenergyintotheload#kwh,BUNDOORA,28.15625,14.878525,27.536587,26.720747,592.0
2025-03-05 18:00:00,solar.bun_tlc#realenergyintotheload#kwh,BUNDOORA,17.625,25.876242,18.800018,18.243021,397.0
2025-03-05 19:00:00,solar.bun_tlc#realenergyintotheload#kwh,BUNDOORA,7.71875,25.922789,7.578233,7.3537087,188.0
2025-03-05 20:00:00,solar.bun_tlc#realenergyintotheload#kwh,BUNDOORA,1.0625,11.933015,0.41820154,0.40581128,13.0
2025-03-05 21:00:00,solar.bun_tlc#realenergyintotheload#kwh,BUNDOORA,0.0,3.1444352,0.001472442,0.0014288172,0.0
2025-03-05 22:00:00,solar.bun_tlc#realenergyintotheload#kwh,BUNDOORA,0.0,0.3482126,0.0010405772,0.0010097475,0.0
2025-03-05 23:00:00,solar.bun_tlc#realenergyintotheload#kwh,BUNDOORA,0.0,0.2147604,0.0011165608,0.0010834798,0.0
2025-03-06 00:00:00,solar.bun_tlc#realenergyintotheload#kwh,BUNDOORA,0.0,-0.3234895,0.0015307576,0.0014854051,0.0
2025-03-06 01:00:00,solar.bun_tlc#realenergyintotheload#kwh,BUNDOORA,0.0,-0.1668238,0.001944937,0.0018873134,0.0
2025-03-06 02:00:00,solar.bun_tlc#realenergyintotheload#kwh,BUNDOORA,0.0,-0.01149795,0.002293133,0.0022251932,0.0
2025-03-06 03:00:00,solar.bun_tlc#realenergyintotheload#kwh,BUNDOORA,0.0,0.36474264,0.0018934348,0.001837337,0.0
2025-03-06 04:00:00,solar.bun_tlc#realenergyintotheload#kwh,BUNDOORA,0.0,0.0519188,0.0018934348,0.001837337,0.0
2025-03-06 05:00:00,solar.bun_tlc#realenergyintotheload#kwh,BUNDOORA,0.0,-0.023307728,0.000316421,0.00030704626,0.0
2025-03-06 06:00:00,solar.bun_tlc#realenergyintotheload#kwh,BUNDOORA,0.0,0.18263786,0.000316421,0.00030704626,0.0
2025-03-06 07:00:00,solar.bun_tlc#realenergyintotheload#kwh,BUNDOORA,0.0,2.782934,0.000316421,0.00030704626,0.0
2025-03-06 08:00:00,solar.bun_tlc#realenergyintotheload#kwh,BUNDOORA,0.71875,1.3373469,0.79243284,0.76895505,22.0
2025-03-06 09:00:00,solar.bun_tlc#realenergyintotheload#kwh,BUNDOORA,3.53125,4.4629955,3.720807,3.6105688,81.0
2025-03-06 10:00:00,solar.bun_tlc#realenergyintotheload#kwh,BUNDOORA,2.15625,2.4217677,10.125904,9.825899,214.0
2025-03-06 11:00:00,solar.bun_tlc#realenergyintotheload#kwh,BUNDOORA,9.5625,10.69083,10.531421,10.219401,224.0
2025-03-06 12:00:00,solar.bun_tlc#realenergyintotheload#kwh,BUNDOORA,11.0625,11.217933,11.880667,11.528672,255.0
2025-03-06 13:00:00,solar.bun_tlc#realenergyintotheload#kwh,BUNDOORA,15.1875,7.838737,15.993114,15.519279,344.0
2025-03-06 14:00:00,solar.bun_tlc#realenergyintotheload#kwh,BUNDOORA,17.59375,13.933016,17.04456,16.539572,368.0
2025-03-06 15:00:00,solar.bun_tlc#realenergyintotheload#kwh,BUNDOORA,21.84375,18.075165,27.975866,27.14701,608.0
2025-03-06 16:00:00,solar.bun_tlc#realenergyintotheload#kwh,BUNDOORA,23.8125,8.312435,29.315535,28.44699,629.0
2025-03-06 17:00:00,solar.bun_tlc#realenergyintotheload#kwh,BUNDOORA,19.9375,3.3688471,21.843502,21.196333,458.0
2025-03-06 18:00:00,solar.bun_tlc#realenergyintotheload#kwh,BUNDOORA,16.375,6.6399646,13.858904,13.448299,308.0
2025-03-06 19:00:00,solar.bun_tlc#realenergyintotheload#kwh,BUNDOORA,8.25,10.07223,4.091808,3.9705777,126.0
2025-03-06 20:00:00,solar.bun_tlc#realenergyintotheload#kwh,BUNDOORA,1.65625,7.7434163,0.20003784,0.19411121,7.0
2025-03-06 21:00:00,solar.bun_tlc#realenergyintotheload#kwh,BUNDOORA,0.0,3.2443411,0.0075946175,0.007369608,0.0
2025-03-06 22:00:00,solar.bun_tlc#realenergyintotheload#kwh,BUNDOORA,0.0,0.034698967,0.0022990226,0.0022309083,0.0
2025-03-06 23:00:00,solar.bun_tlc#realenergyintotheload#kwh,BUNDOORA,0.0,0.10307569,0.0011165608,0.0010834798,0.0
2025-03-07 00:00:00,solar.bun_tlc#realenergyintotheload#kwh,BUNDOORA,0.0,-0.4591734,0.0009842105,0.0009550508,0.0
2025-03-07 01:00:00,solar.bun_tlc#realenergyintotheload#kwh,BUNDOORA,0.0,-0.06593392,0.0010405772,0.0010097475,0.0
2025-03-07 02:00:00,solar.bun_tlc#realenergyintotheload#kwh,BUNDOORA,0.0,0.46107203,0.0014640248,0.0014206494,0.0
2025-03-07 03:00:00,solar.bun_tlc#realenergyintotheload#kwh,BUNDOORA,0.0,0.21210462,0.00094411947,0.00091614755,0.0
2025-03-07 04:00:00,solar.bun_tlc#realenergyintotheload#kwh,BUNDOORA,0.0,0.22321782,-0.00084085355,0.0,0.0
2025-03-07 05:00:00,solar.bun_tlc#realenergyintotheload#kwh,BUNDOORA,0.0,0.21233022,-0.00023795772,0.0,0.0
2025-03-07 06:00:00,solar.bun_tlc#realenergyintotheload#kwh,BUNDOORA,0.0,0.43400484,-0.00023795772,0.0,0.0
2025-03-07 07:00:00,solar.bun_tlc#realenergyintotheload#kwh,BUNDOORA,0.0,1.5781732,-0.00023795772,0.0,0.0
2025-03-07 08:00:00,solar.bun_tlc#realenergyintotheload#kwh,BUNDOORA,0.9375,1.271371,2.9552581,2.8677013,71.0
2025-03-07 09:00:00,solar.bun_tlc#realenergyintotheload#kwh,BUNDOORA,7.71875,5.4328146,12.2425375,11.879822,271.0
2025-03-07 10:00:00,solar.bun_tlc#realenergyintotheload#kwh,BUNDOORA,17.5625,8.540389,22.171133,21.514257,479.0
2025-03-07 11:00:00,solar.bun_tlc#realenergyintotheload#kwh,BUNDOORA,28.0,17.472326,31.617016,30.680283,663.0
2025-03-07 12:00:00,solar.bun_tlc#realenergyintotheload#kwh,BUNDOORA,34.75,19.413338,36.179195,35.107296,804.0
2025-03-07 13:00:00,solar.bun_tlc#realenergyintotheload#kwh,BUNDOORA,38.125,30.484945,38.303787,37.16894,887.0
2025-03-07 14:00:00,solar.bun_tlc#realenergyintotheload#kwh,BUNDOORA,39.25,31.96118,40.30379,39.10969,906.0
2025-03-07 15:00:00,solar.bun_tlc#realenergyintotheload#kwh,BUNDOORA,38.0,31.098011,37.867374,36.74546,860.0
2025-03-07 16:00:00,solar.bun_tlc#realenergyintotheload#kwh,BUNDOORA,34.53125,29.390244,34.190464,33.177486,752.0
2025-03-07 17:00:00,solar.bun_tlc#realenergyintotheload#kwh,BUNDOORA,27.96875,31.35168,27.748798,26.92667,593.0
2025-03-07 18:00:00,solar.bun_tlc#realenergyintotheload#kwh,BUNDOORA,17.28125,30.956013,18.903759,18.343687,398.0
2025-03-07 19:00:00,solar.bun_tlc#realenergyintotheload#kwh,BUNDOORA,7.6875,24.392542,7.6023493,7.3771105,184.0
2025-03-07 20:00:00,solar.bun_tlc#realenergyintotheload#kwh,BUNDOORA,0.9375,13.62607,0.35172284,0.34130216,10.0
2025-03-07 21:00:00,solar.bun_tlc#realenergyintotheload#kwh,BUNDOORA,0.0,4.1693025,-0.0006412382,0.0,0.0
2025-03-07 22:00:00,solar.bun_tlc#realenergyintotheload#kwh,BUNDOORA,0.0,-0.19903064,0.006832449,0.0066300207,0.0
2025-03-07 23:00:00,solar.bun_tlc#realenergyintotheload#kwh,BUNDOORA,0.0,-0.04318938,-0.006814892,0.0,0.0
2025-03-08 00:00:00,solar.bun_tlc#realenergyintotheload#kwh,BUNDOORA,0.0,0.8676227,-0.00035033285,0.0,0.0
2025-03-08 01:00:00,solar.bun_tlc#realenergyintotheload#kwh,BUNDOORA,0.0,0.41340548,0.0008875621,0.0008612659,0.0
2025-03-08 02:00:00,solar.bun_tlc#realenergyintotheload#kwh,BUNDOORA,0.0,0.28600383,-0.00029997068,0.0,0.0
2025-03-08 03:00:00,solar.bun_tlc#realenergyintotheload#kwh,BUNDOORA,0.0,0.044573627,0.00025256214,0.00024507934,0.0
2025-03-08 04:00:00,solar.bun_tlc#realenergyintotheload#kwh,BUNDOORA,0.0,-0.046775557,-0.00084085355,0.0,0.0
2025-03-08 05:00:00,solar.bun_tlc#realenergyintotheload#kwh,BUNDOORA,0.0,-0.054180488,-0.00084085355,0.0,0.0
2025-03-08 06:00:00,solar.bun_tlc#realenergyintotheload#kwh,BUNDOORA,0.0,0.4029445,-0.00084085355,0.0,0.0
2025-03-08 07:00:00,solar.bun_tlc#realenergyintotheload#kwh,BUNDOORA,0.0,2.8901389,-0.00060957257,0.0,0.0
2025-03-08 08:00:00,solar.bun_tlc#realenergyintotheload#kwh,BUNDOORA,0.90625,4.772579,2.846164,2.7618392,74.0
2025-03-08 09:00:00,solar.bun_tlc#realenergyintotheload#kwh,BUNDOORA,7.96875,6.2829714,12.574995,12.20243,279.0
2025-03-08 10:00:00,solar.bun_tlc#realenergyintotheload#kwh,BUNDOORA,17.875,23.345018,23.11808,22.43315,491.0
2025-03-08 11:00:00,solar.bun_tlc#realenergyintotheload#kwh,BUNDOORA,29.21875,21.876009,31.482677,30.549925,675.0
2025-03-08 12:00:00,solar.bun_tlc#realenergyintotheload#kwh,BUNDOORA,36.0625,35.546738,36.22117,35.148026,814.0
2025-03-08 13:00:00,solar.bun_tlc#realenergyintotheload#kwh,BUNDOORA,39.3125,37.142197,39.934708,38.75154,896.0
2025-03-08 14:00:00,solar.bun_tlc#realenergyintotheload#kwh,BUNDOORA,39.6875,38.984486,40.057137,38.870342,915.0
2025-03-08 15:00:00,solar.bun_tlc#realenergyintotheload#kwh,BUNDOORA,38.4375,39.80378,37.794086,36.674343,867.0
2025-03-08 16:00:00,solar.bun_tlc#realenergyintotheload#kwh,BUNDOORA,34.5,35.710125,34.620365,33.59465,758.0
2025-03-08 17:00:00,solar.bun_tlc#realenergyintotheload#kwh,BUNDOORA,28.34375,30.829397,27.181015,26.37571,596.0
2025-03-08 18:00:00,solar.bun_tlc#realenergyintotheload#kwh,BUNDOORA,17.53125,27.31663,20.000214,19.407658,402.0
2025-03-08 19:00:00,solar.bun_tlc#realenergyintotheload#kwh,BUNDOORA,7.75,18.658384,8.983833,8.717665,184.0
2025-03-08 20:00:00,solar.bun_tlc#realenergyintotheload#kwh,BUNDOORA,0.90625,12.30832,0.24809746,0.24074696,8.0
2025-03-08 21:00:00,solar.bun_tlc#realenergyintotheload#kwh,BUNDOORA,0.0,4.202865,-0.014513812,0.0,0.0
2025-03-08 22:00:00,solar.bun_tlc#realenergyintotheload#kwh,BUNDOORA,0.0,1.3465843,0.0016397266,0.0015911455,0.0
2025-03-08 23:00:00,solar.bun_tlc#realenergyintotheload#kwh,BUNDOORA,0.0,0.15787686,0.018798707,0.018241748,0.0
2025-03-09 00:00:00,solar.bun_tlc#realenergyintotheload#kwh,BUNDOORA,0.0,0.5118263,0.015247692,0.014795941,0.0
2025-03-09 01:00:00,solar.bun_tlc#realenergyintotheload#kwh,BUNDOORA,0.0,0.5574805,0.009347232,0.009070297,0.0
2025-03-09 02:00:00,solar.bun_tlc#realenergyintotheload#kwh,BUNDOORA,0.0,0.17135659,0.0069324384,0.0067270477,0.0
2025-03-09 03:00:00,solar.bun_tlc#realenergyintotheload#kwh,BUNDOORA,0.0,0.31027228,0.0032215763,0.003126129,0.0
2025-03-09 04:00:00,solar.bun_tlc#realenergyintotheload#kwh,BUNDOORA,0.0,0.27321574,0.010055625,0.009757702,0.0
2025-03-09 05:00:00,solar.bun_tlc#realenergyintotheload#kwh,BUNDOORA,0.0,-0.117524624,0.012779842,0.012401207,0.0
2025-03-09 06:00:00,solar.bun_tlc#realenergyintotheload#kwh,BUNDOORA,0.0,1.9342159,0.018775443,0.018219173,0.0
2025-03-09 07:00:00,solar.bun_tlc#realenergyintotheload#kwh,BUNDOORA,0.0,4.141393,0.008197744,0.007954866,0.0
2025-03-09 08:00:00,solar.bun_tlc#realenergyintotheload#kwh,BUNDOORA,1.0,9.3058605,2.664818,2.5858662,66.0
2025-03-09 09:00:00,solar.bun_tlc#realenergyintotheload#kwh,BUNDOORA,6.65625,8.412613,11.76141,11.412949,263.0
2025-03-09 10:00:00,solar.bun_tlc#realenergyintotheload#kwh,BUNDOORA,16.0,22.669977,22.061132,21.407516,476.0
2025-03-09 11:00:00,solar.bun_tlc#realenergyintotheload#kwh,BUNDOORA,20.8125,25.715467,30.32574,29.427265,645.0
2025-03-09 12:00:00,solar.bun_tlc#realenergyintotheload#kwh,BUNDOORA,28.28125,22.15414,34.284107,33.268356,746.0
2025-03-09 13:00:00,solar.bun_tlc#realenergyintotheload#kwh,BUNDOORA,32.0625,24.78196,38.665504,37.519943,867.0
2025-03-09 14:00:00,solar.bun_tlc#realenergyintotheload#kwh,BUNDOORA,36.1875,25.389423,38.33615,37.200348,881.0
2025-03-09 15:00:00,solar.bun_tlc#realenergyintotheload#kwh,BUNDOORA,37.5,28.915176,35.952076,34.886906,832.0
2025-03-09 16:00:00,solar.bun_tlc#realenergyintotheload#kwh,BUNDOORA,26.65625,33.8869,31.066309,30.145891,697.0
2025-03-09 17:00:00,solar.bun_tlc#realenergyintotheload#kwh,BUNDOORA,25.03125,34.857536,24.873024,24.136099,535.0
2025-03-09 18:00:00,solar.bun_tlc#realenergyintotheload#kwh,BUNDOORA,9.46875,17.444115,8.387693,8.139187,184.0
2025-03-09 19:00:00,solar.bun_tlc#realenergyintotheload#kwh,BUNDOORA,3.03125,17.464172,2.4120562,2.340593,54.0
2025-03-09 20:00:00,solar.bun_tlc#realenergyintotheload#kwh,BUNDOORA,0.46875,10.355911,0.019778693,0.0191927,1.0
2025-03-09 21:00:00,solar.bun_tlc#realenergyintotheload#kwh,BUNDOORA,0.0,3.4283247,0.019513924,0.018935775,0.0
2025-03-09 22:00:00,solar.bun_tlc#realenergyintotheload#kwh,BUNDOORA,0.0,-0.6360437,0.005666133,0.00549826,0.0
2025-03-09 23:00:00,solar.bun_tlc#realenergyintotheload#kwh,BUNDOORA,0.0,0.51905495,0.010878675,0.010556366,0.0
2025-03-10 00:00:00,solar.bun_tlc#realenergyintotheload#kwh,BUNDOORA,0.0,0.3046956,0.00018948024,0.00018386642,0.0
2025-03-10 01:00:00,solar.bun_tlc#realenergyintotheload#kwh,BUNDOORA,0.0,0.24542095,0.007135686,0.0069242734,0.0
2025-03-10 02:00:00,solar.bun_tlc#realenergyintotheload#kwh,BUNDOORA,0.0,0.16374707,0.013346154,0.012950741,0.0
2025-03-10 03:00:00,solar.bun_tlc#realenergyintotheload#kwh,BUNDOORA,0.0,-0.07563594,0.0040292502,0.003909874,0.0
2025-03-10 04:00:00,solar.bun_tlc#realenergyintotheload#kwh,BUNDOORA,0.0,0.38445547,0.008092617,0.007852852,0.0
2025-03-10 05:00:00,solar.bun_tlc#realenergyintotheload#kwh,BUNDOORA,0.0,0.2052605,0.0059967935,0.0058191237,0.0
2025-03-10 06:00:00,solar.bun_tlc#realenergyintotheload#kwh,BUNDOORA,0.0,1.7845656,0.0006075037,0.0005895049,0.0
2025-03-10 07:00:00,solar.bun_tlc#realenergyintotheload#kwh,BUNDOORA,0.0,5.0094566,0.007371237,0.0071528456,0.0
2025-03-10 08:00:00,solar.bun_tlc#realenergyintotheload#kwh,BUNDOORA,1.65625,4.298151,2.0762274,2.014714,53.0
2025-03-10 09:00:00,solar.bun_tlc#realenergyintotheload#kwh,BUNDOORA,6.625,1.689353,8.449701,8.199358,227.0
2025-03-10 10:00:00,solar.bun_tlc#realenergyintotheload#kwh,BUNDOORA,16.65625,10.739839,20.931223,20.311083,454.0
2025-03-10 11:00:00,solar.bun_tlc#realenergyintotheload#kwh,BUNDOORA,26.8125,27.730963,28.78974,27.936771,634.0
2025-03-10 12:00:00,solar.bun_tlc#realenergyintotheload#kwh,BUNDOORA,33.59375,35.061817,35.320908,34.274437,769.0
2025-03-10 13:00:00,solar.bun_tlc#realenergyintotheload#kwh,BUNDOORA,37.4375,32.28196,37.414646,36.306145,848.0
2025-03-10 14:00:00,solar.bun_tlc#realenergyintotheload#kwh,BUNDOORA,38.6875,28.420832,37.880486,36.758183,853.0
2025-03-10 15:00:00,solar.bun_tlc#realenergyintotheload#kwh,BUNDOORA,37.4375,35.671314,36.632526,35.547195,821.0
2025-03-10 16:00:00,solar.bun_tlc#realenergyintotheload#kwh,BUNDOORA,33.15625,31.94824,31.99622,31.048252,716.0
2025-03-10 17:00:00,solar.bun_tlc#realenergyintotheload#kwh,BUNDOORA,26.90625,32.033012,26.083824,25.311026,560.0
2025-03-10 18:00:00,solar.bun_tlc#realenergyintotheload#kwh,BUNDOORA,16.03125,26.881876,16.89946,16.398771,367.0
2025-03-10 19:00:00,solar.bun_tlc#realenergyintotheload#kwh,BUNDOORA,6.8125,27.215261,6.6294937,6.4330783,161.0
2025-03-10 20:00:00,solar.bun_tlc#realenergyintotheload#kwh,BUNDOORA,0.5,9.434437,0.062883586,0.0610205,3.0
2025-03-10 21:00:00,solar.bun_tlc#realenergyintotheload#kwh,BUNDOORA,0.0,2.4692879,0.027581463,0.026764292,0.0
2025-03-10 22:00:00,solar.bun_tlc#realenergyintotheload#kwh,BUNDOORA,0.0,0.2835734,0.0031760442,0.003081946,0.0
2025-03-10 23:00:00,solar.bun_tlc#realenergyintotheload#kwh,BUNDOORA,0.0,0.04683302,0.0007998742,0.00077617593,0.0
2025-03-11 00:00:00,solar.bun_tlc#realenergyintotheload#kwh,BUNDOORA,0.0,0.22201774,0.0037194702,0.0036092717,0.0
2025-03-11 01:00:00,solar.bun_tlc#realenergyintotheload#kwh,BUNDOORA,0.0,0.15238838,0.004427259,0.0042960905,0.0
2025-03-11 02:00:00,solar.bun_tlc#realenergyintotheload#kwh,BUNDOORA,0.0,0.2528321,0.004427259,0.0042960905,0.0
2025-03-11 03:00:00,solar.bun_tlc#realenergyintotheload#kwh,BUNDOORA,0.0,0.22201774,0.0046091694,0.0044726115,0.0
2025-03-11 04:00:00,solar.bun_tlc#realenergyintotheload#kwh,BUNDOORA,0.0,-0.02110018,0.0023082434,0.002239856,0.0
2025-03-11 05:00:00,solar.bun_tlc#realenergyintotheload#kwh,BUNDOORA,0.0,-0.07719199,0.002592831,0.0025160117,0.0
2025-03-11 06:00:00,solar.bun_tlc#realenergyintotheload#kwh,BUNDOORA,0.0,0.48940626,0.0013540031,0.0013138874,0.0
2025-03-11 07:00:00,solar.bun_tlc#realenergyintotheload#kwh,BUNDOORA,0.0,1.2977539,0.00052067183,0.00050524564,0.0
2025-03-11 08:00:00,solar.bun_tlc#realenergyintotheload#kwh,BUNDOORA,1.125,1.3710179,1.5981398,1.5507909,39.0
2025-03-11 09:00:00,solar.bun_tlc#realenergyintotheload#kwh,BUNDOORA,6.1875,6.518403,7.8058786,7.5746098,192.0
2025-03-11 10:00:00,solar.bun_tlc#realenergyintotheload#kwh,BUNDOORA,15.34375,11.330511,17.587704,17.066624,391.0
2025-03-11 11:00:00,solar.bun_tlc#realenergyintotheload#kwh,BUNDOORA,20.0,30.030113,28.702354,27.851974,600.0
2025-03-11 12:00:00,solar.bun_tlc#realenergyintotheload#kwh,BUNDOORA,30.875,37.83463,35.456223,34.405743,773.0
2025-03-11 13:00:00,solar.bun_tlc#realenergyintotheload#kwh,BUNDOORA,31.5,34.936737,34.9709,33.9348,811.0
2025-03-11 14:00:00,solar.bun_tlc#realenergyintotheload#kwh,BUNDOORA,27.90625,32.61482,37.441956,36.332645,869.0
2025-03-11 15:00:00,solar.bun_tlc#realenergyintotheload#kwh,BUNDOORA,31.625,33.242783,35.70847,34.650517,820.0
2025-03-11 16:00:00,solar.bun_tlc#realenergyintotheload#kwh,BUNDOORA,31.875,32.00432,30.2512,29.354933,689.0
2025-03-11 17:00:00,solar.bun_tlc#realenergyintotheload#kwh,BUNDOORA,20.5,30.06185,24.936043,24.19725,549.0
2025-03-11 18:00:00,solar.bun_tlc#realenergyintotheload#kwh,BUNDOORA,10.1875,13.657788,13.6021185,13.199121,297.0
2025-03-11 19:00:00,solar.bun_tlc#realenergyintotheload#kwh,BUNDOORA,6.59375,22.540037,5.0539627,4.9042263,130.0
2025-03-11 20:00:00,solar.bun_tlc#realenergyintotheload#kwh,BUNDOORA,0.25,7.7637115,0.020841261,0.020223787,0.0
2025-03-11 21:00:00,solar.bun_tlc#realenergyintotheload#kwh,BUNDOORA,0.0,3.2813585,0.014367258,0.013941593,0.0
2025-03-11 22:00:00,solar.bun_tlc#realenergyintotheload#kwh,BUNDOORA,0.0,0.13282572,0.0067394483,0.006539775,0.0
2025-03-11 23:00:00,solar.bun_tlc#realenergyintotheload#kwh,BUNDOORA,0.0,0.23143622,0.00851246,0.008260257,0.0
2025-03-12 00:00:00,solar.bun_tlc#realenergyintotheload#kwh,BUNDOORA,0.0,0.5352712,0.0063365893,0.006148852,0.0
2025-03-12 01:00:00,solar.bun_tlc#realenergyintotheload#kwh,BUNDOORA,0.0,0.023883546,0.0048495377,0.004705858,0.0
2025-03-12 02:00:00,solar.bun_tlc#realenergyintotheload#kwh,BUNDOORA,0.0,0.024037594,0.0048495377,0.004705858,0.0
2025-03-12 03:00:00,solar.bun_tlc#realenergyintotheload#kwh,BUNDOORA,0.0,-0.10454197,0.0040162057,0.0038972155,0.0
2025-03-12 04:00:00,solar.bun_tlc#realenergyintotheload#kwh,BUNDOORA,0.0,-0.089633435,0.0028337473,0.0027497904,0.0
2025-03-12 05:00:00,solar.bun_tlc#realenergyintotheload#kwh,BUNDOORA,0.0,-0.22791706,0.0028337473,0.0027497904,0.0
2025-03-12 06:00:00,solar.bun_tlc#realenergyintotheload#kwh,BUNDOORA,0.0,0.6612161,0.0031987885,0.0031040164,0.0
2025-03-12 07:00:00,solar.bun_tlc#realenergyintotheload#kwh,BUNDOORA,0.0,1.7624905,0.0015307576,0.0014854051,0.0
2025-03-12 08:00:00,solar.bun_tlc#realenergyintotheload#kwh,BUNDOORA,0.875,7.0987015,2.136251,2.0729592,50.0
2025-03-12 09:00:00,solar.bun_tlc#realenergyintotheload#kwh,BUNDOORA,8.28125,3.1126475,9.064848,8.796279,206.0
2025-03-12 10:00:00,solar.bun_tlc#realenergyintotheload#kwh,BUNDOORA,12.3125,10.517152,11.915505,11.562479,258.0
2025-03-12 11:00:00,solar.bun_tlc#realenergyintotheload#kwh,BUNDOORA,17.5625,25.517733,27.715727,26.894579,582.0
2025-03-12 12:00:00,solar.bun_tlc#realenergyintotheload#kwh,BUNDOORA,21.1875,21.014935,18.717936,18.16337,401.0
2025-03-12 13:00:00,solar.bun_tlc#realenergyintotheload#kwh,BUNDOORA,27.25,24.464396,35.863396,34.800854,824.0
2025-03-12 14:00:00,solar.bun_tlc#realenergyintotheload#kwh,BUNDOORA,35.84375,27.238699,37.706833,36.589672,853.0
2025-03-12 15:00:00,solar.bun_tlc#realenergyintotheload#kwh,BUNDOORA,31.75,27.671572,30.00117,29.11231,677.0
2025-03-12 16:00:00,solar.bun_tlc#realenergyintotheload#kwh,BUNDOORA,29.625,28.900316,17.2605,16.749115,384.0
2025-03-12 17:00:00,solar.bun_tlc#realenergyintotheload#kwh,BUNDOORA,13.75,21.197485,21.122238,20.496439,445.0
2025-03-12 18:00:00,solar.bun_tlc#realenergyintotheload#kwh,BUNDOORA,16.0,24.555862,14.881548,14.440645,330.0
2025-03-12 19:00:00,solar.bun_tlc#realenergyintotheload#kwh,BUNDOORA,1.375,6.3475237,1.2018797,1.1662711,30.0
2025-03-12 20:00:00,solar.bun_tlc#realenergyintotheload#kwh,BUNDOORA,0.0,1.0328052,0.012847073,0.0124664465,1.0
2025-03-12 21:00:00,solar.bun_tlc#realenergyintotheload#kwh,BUNDOORA,0.0,0.31498906,0.01115519,0.01082469,0.0
2025-03-12 22:00:00,solar.bun_tlc#realenergyintotheload#kwh,BUNDOORA,0.0,-0.037398387,0.0036754406,0.0035665464,0.0
2025-03-12 23:00:00,solar.bun_tlc#realenergyintotheload#kwh,BUNDOORA,0.0,-0.06429228,0.0034296357,0.0033280242,0.0
2025-03-13 00:00:00,solar.bun_tlc#realenergyintotheload#kwh,BUNDOORA,0.0,0.54076684,0.001596375,0.0015490784,0.0
2025-03-13 01:00:00,solar.bun_tlc#realenergyintotheload#kwh,BUNDOORA,0.0,0.1885498,0.0010004861,0.0009708442,0.0
2025-03-13 02:00:00,solar.bun_tlc#realenergyintotheload#kwh,BUNDOORA,0.0,0.22024664,-0.00029396624,0.0,0.0
2025-03-13 03:00:00,solar.bun_tlc#realenergyintotheload#kwh,BUNDOORA,0.0,0.22024664,-0.00029396624,0.0,0.0
2025-03-13 04:00:00,solar.bun_tlc#realenergyintotheload#kwh,BUNDOORA,0.0,0.08237832,-0.00029396624,0.0,0.0
2025-03-13 05:00:00,solar.bun_tlc#realenergyintotheload#kwh,BUNDOORA,0.0,0.43107554,-0.00029396624,0.0,0.0
2025-03-13 06:00:00,solar.bun_tlc#realenergyintotheload#kwh,BUNDOORA,0.0,0.4320968,-0.00029396624,0.0,0.0
2025-03-13 07:00:00,solar.bun_tlc#realenergyintotheload#kwh,BUNDOORA,0.0,1.449724,-0.00029396624,0.0,0.0
2025-03-13 08:00:00,solar.bun_tlc#realenergyintotheload#kwh,BUNDOORA,0.0,3.159328,1.4916898,1.4474947,34.0
2025-03-13 09:00:00,solar.bun_tlc#realenergyintotheload#kwh,BUNDOORA,0.78125,4.6612725,4.6390834,4.501639,106.0
2025-03-13 10:00:00,solar.bun_tlc#realenergyintotheload#kwh,BUNDOORA,2.65625,3.8789022,7.262725,7.0475483,158.0
2025-03-13 11:00:00,solar.bun_tlc#realenergyintotheload#kwh,BUNDOORA,5.5625,9.395162,8.09157,7.8518367,173.0
2025-03-13 12:00:00,solar.bun_tlc#realenergyintotheload#kwh,BUNDOORA,8.28125,10.941024,10.014686,9.717976,215.0
2025-03-13 13:00:00,solar.bun_tlc#realenergyintotheload#kwh,BUNDOORA,20.0,13.525768,24.349014,23.627613,530.0
2025-03-13 14:00:00,solar.bun_tlc#realenergyintotheload#kwh,BUNDOORA,34.34375,21.4983,38.200153,37.06838,859.0
2025-03-13 15:00:00,solar.bun_tlc#realenergyintotheload#kwh,BUNDOORA,37.5,30.498304,36.14292,35.072098,813.0
2025-03-13 16:00:00,solar.bun_tlc#realenergyintotheload#kwh,BUNDOORA,33.25,20.08267,31.8801,30.935572,704.0
2025-03-13 17:00:00,solar.bun_tlc#realenergyintotheload#kwh,BUNDOORA,26.0,19.578123,25.446314,24.692404,546.0
2025-03-13 18:00:00,solar.bun_tlc#realenergyintotheload#kwh,BUNDOORA,15.71875,16.298113,16.646563,16.153366,359.0
2025-03-13 19:00:00,solar.bun_tlc#realenergyintotheload#kwh,BUNDOORA,6.65625,17.257639,5.6237106,5.457094,152.0
2025-03-13 20:00:00,solar.bun_tlc#realenergyintotheload#kwh,BUNDOORA,0.59375,10.629118,0.03785617,0.036734585,3.0
2025-03-13 21:00:00,solar.bun_tlc#realenergyintotheload#kwh,BUNDOORA,0.0,2.5577188,0.0022108152,0.0021453144,0.0
2025-03-13 22:00:00,solar.bun_tlc#realenergyintotheload#kwh,BUNDOORA,0.0,0.035664827,0.00026115167,0.0002534144,0.0
2025-03-13 23:00:00,solar.bun_tlc#realenergyintotheload#kwh,BUNDOORA,0.0,0.08110964,-0.00035033285,0.0,0.0
2025-03-14 00:00:00,solar.bun_tlc#realenergyintotheload#kwh,BUNDOORA,0.0,-0.009677974,-0.00084085355,0.0,0.0
2025-03-14 01:00:00,solar.bun_tlc#realenergyintotheload#kwh,BUNDOORA,0.0,-0.0006799051,-0.00035033285,0.0,0.0
2025-03-14 02:00:00,solar.bun_tlc#realenergyintotheload#kwh,BUNDOORA,0.0,-0.035076298,-0.00084085355,0.0,0.0
2025-03-14 03:00:00,solar.bun_tlc#realenergyintotheload#kwh,BUNDOORA,0.0,0.015726509,-0.00035033285,0.0,0.0
2025-03-14 04:00:00,solar.bun_tlc#realenergyintotheload#kwh,BUNDOORA,0.0,0.013189726,0.00030892863,0.00029977586,0.0
2025-03-14 05:00:00,solar.bun_tlc#realenergyintotheload#kwh,BUNDOORA,0.0,-0.031979255,0.00018934318,0.00018373341,0.0
2025-03-14 06:00:00,solar.bun_tlc#realenergyintotheload#kwh,BUNDOORA,0.0,0.4681401,0.001547398,0.0015015525,0.0
2025-03-14 07:00:00,solar.bun_tlc#realenergyintotheload#kwh,BUNDOORA,0.0,0.29199454,0.00058612385,0.00056875846,0.0
2025-03-14 08:00:00,solar.bun_tlc#realenergyintotheload#kwh,BUNDOORA,0.75,0.61749613,1.2073871,1.1716152,30.0
2025-03-14 09:00:00,solar.bun_tlc#realenergyintotheload#kwh,BUNDOORA,3.125,0.554989,6.964228,6.7578955,180.0
2025-03-14 10:00:00,solar.bun_tlc#realenergyintotheload#kwh,BUNDOORA,9.1875,9.437671,15.1804285,14.73067,342.0
2025-03-14 11:00:00,solar.bun_tlc#realenergyintotheload#kwh,BUNDOORA,26.9375,16.799128,30.364317,29.464699,648.0
2025-03-14 12:00:00,solar.bun_tlc#realenergyintotheload#kwh,BUNDOORA,34.625,23.785774,35.365337,34.31755,786.0
2025-03-14 13:00:00,solar.bun_tlc#realenergyintotheload#kwh,BUNDOORA,38.375,36.46481,38.18285,37.051586,861.0
2025-03-14 14:00:00,solar.bun_tlc#realenergyintotheload#kwh,BUNDOORA,39.0625,35.762527,37.88548,36.763027,871.0
2025-03-14 15:00:00,solar.bun_tlc#realenergyintotheload#kwh,BUNDOORA,36.21875,32.3942,36.5573,35.474197,817.0
2025-03-14 16:00:00,solar.bun_tlc#realenergyintotheload#kwh,BUNDOORA,31.15625,33.756268,31.800797,30.858618,702.0
2025-03-14 17:00:00,solar.bun_tlc#realenergyintotheload#kwh,BUNDOORA,21.59375,25.041842,24.142942,23.427647,509.0
2025-03-14 18:00:00,solar.bun_tlc#realenergyintotheload#kwh,BUNDOORA,13.125,16.920326,12.598295,12.2250395,272.0
2025-03-14 19:00:00,solar.bun_tlc#realenergyintotheload#kwh,BUNDOORA,7.0,19.083725,4.331108,4.2027884,122.0
2025-03-14 20:00:00,solar.bun_tlc#realenergyintotheload#kwh,BUNDOORA,0.71875,7.141207,0.001756479,0.0017044389,1.0
2025-03-14 21:00:00,solar.bun_tlc#realenergyintotheload#kwh,BUNDOORA,0.0,2.0499778,-0.0005143672,0.0,0.0
2025-03-14 22:00:00,solar.bun_tlc#realenergyintotheload#kwh,BUNDOORA,0.0,-0.037612,-0.00024449022,0.0,0.0
2025-03-14 23:00:00,solar.bun_tlc#realenergyintotheload#kwh,BUNDOORA,0.0,0.017430982,4.009703e-05,3.8909056e-05,0.0
2025-03-15 00:00:00,solar.bun_tlc#realenergyintotheload#kwh,BUNDOORA,0.0,0.39953086,0.0017578059,0.0017057265,0.0
2025-03-15 01:00:00,solar.bun_tlc#realenergyintotheload#kwh,BUNDOORA,0.0,0.016523939,0.00046411448,0.00045036394,0.0
2025-03-15 02:00:00,solar.bun_tlc#realenergyintotheload#kwh,BUNDOORA,0.0,0.240647,0.00046411448,0.00045036394,0.0
2025-03-15 03:00:00,solar.bun_tlc#realenergyintotheload#kwh,BUNDOORA,0.0,0.65998423,0.00030892863,0.00029977586,0.0
2025-03-15 04:00:00,solar.bun_tlc#realenergyintotheload#kwh,BUNDOORA,0.0,0.34712502,0.00030892863,0.00029977586,0.0
2025-03-15 05:00:00,solar.bun_tlc#realenergyintotheload#kwh,BUNDOORA,0.0,0.2381913,0.00030892863,0.00029977586,0.0
2025-03-15 06:00:00,solar.bun_tlc#realenergyintotheload#kwh,BUNDOORA,0.0,0.42447016,0.00030892863,0.00029977586,0.0
2025-03-15 07:00:00,solar.bun_tlc#realenergyintotheload#kwh,BUNDOORA,0.0,2.5295227,-0.00035033285,0.0,0.0
2025-03-15 08:00:00,solar.bun_tlc#realenergyintotheload#kwh,BUNDOORA,0.75,2.81103,1.9212217,1.8643007,41.0
2025-03-15 09:00:00,solar.bun_tlc#realenergyintotheload#kwh,BUNDOORA,7.96875,5.7070932,9.866244,9.573932,220.0
2025-03-15 10:00:00,solar.bun_tlc#realenergyintotheload#kwh,BUNDOORA,15.625,21.169073,17.161419,16.65297,364.0
2025-03-15 11:00:00,solar.bun_tlc#realenergyintotheload#kwh,BUNDOORA,18.9375,25.78791,23.837723,23.13147,502.0
2025-03-15 12:00:00,solar.bun_tlc#realenergyintotheload#kwh,BUNDOORA,28.875,28.738575,28.464167,27.620844,621.0
2025-03-15 13:00:00,solar.bun_tlc#realenergyintotheload#kwh,BUNDOORA,25.375,30.588675,28.12835,27.294977,608.0
2025-03-15 14:00:00,solar.bun_tlc#realenergyintotheload#kwh,BUNDOORA,12.8125,17.616581,15.319557,14.865677,326.0
2025-03-15 15:00:00,solar.bun_tlc#realenergyintotheload#kwh,BUNDOORA,25.0625,30.044176,29.956362,29.06883,672.0
2025-03-15 16:00:00,solar.bun_tlc#realenergyintotheload#kwh,BUNDOORA,21.84375,20.833479,23.333187,22.641884,510.0
2025-03-15 17:00:00,solar.bun_tlc#realenergyintotheload#kwh,BUNDOORA,10.90625,12.857329,8.1293,7.888449,173.0
2025-03-15 18:00:00,solar.bun_tlc#realenergyintotheload#kwh,BUNDOORA,3.03125,7.563377,4.1276555,4.0053635,89.0
2025-03-15 19:00:00,solar.bun_tlc#realenergyintotheload#kwh,BUNDOORA,2.0625,7.9565253,3.5333936,3.428708,80.0
2025-03-15 20:00:00,solar.bun_tlc#realenergyintotheload#kwh,BUNDOORA,0.34375,9.01453,0.0991694,0.09623126,0.0
2025-03-15 21:00:00,solar.bun_tlc#realenergyintotheload#kwh,BUNDOORA,0.0,4.9259973,0.094475135,0.09167607,0.0
2025-03-15 22:00:00,solar.bun_tlc#realenergyintotheload#kwh,BUNDOORA,0.0,-0.025838394,0.01081138,0.010491066,0.0
2025-03-15 23:00:00,solar.bun_tlc#realenergyintotheload#kwh,BUNDOORA,0.0,0.12841788,0.011431321,0.0110926395,0.0
2025-03-16 00:00:00,solar.bun_tlc#realenergyintotheload#kwh,BUNDOORA,0.0,-1.195653,-0.01284695,0.0,0.0
2025-03-16 01:00:00,solar.bun_tlc#realenergyintotheload#kwh,BUNDOORA,0.0,0.09762011,0.010878675,0.010556366,0.0
2025-03-16 02:00:00,solar.bun_tlc#realenergyintotheload#kwh,BUNDOORA,0.0,0.1014107,0.011594986,0.011251455,0.0
2025-03-16 03:00:00,solar.bun_tlc#realenergyintotheload#kwh,BUNDOORA,0.0,0.24414225,-0.00045306794,0.0,0.0
2025-03-16 04:00:00,solar.bun_tlc#realenergyintotheload#kwh,BUNDOORA,0.0,0.19299875,0.004756566,0.0046156407,0.0
2025-03-16 05:00:00,solar.bun_tlc#realenergyintotheload#kwh,BUNDOORA,0.0,-0.013201424,0.0032695173,0.0031726498,0.0
2025-03-16 06:00:00,solar.bun_tlc#realenergyintotheload#kwh,BUNDOORA,0.0,0.017039482,0.0014819459,0.0014380395,0.0
2025-03-16 07:00:00,solar.bun_tlc#realenergyintotheload#kwh,BUNDOORA,0.0,1.8503754,0.00237982,0.0023093119,0.0
2025-03-16 08:00:00,solar.bun_tlc#realenergyintotheload#kwh,BUNDOORA,0.0,4.1568613,0.3308784,0.32107532,11.0
2025-03-16 09:00:00,solar.bun_tlc#realenergyintotheload#kwh,BUNDOORA,0.03125,4.7392774,2.9070535,2.8209248,70.0
2025-03-16 10:00:00,solar.bun_tlc#realenergyintotheload#kwh,BUNDOORA,1.0,4.272721,3.5241685,3.4197562,77.0
2025-03-16 11:00:00,solar.bun_tlc#realenergyintotheload#kwh,BUNDOORA,2.34375,4.0677714,4.342202,4.2135534,92.0
2025-03-16 12:00:00,solar.bun_tlc#realenergyintotheload#kwh,BUNDOORA,2.46875,5.3182764,5.5835414,5.418115,122.0
2025-03-16 13:00:00,solar.bun_tlc#realenergyintotheload#kwh,BUNDOORA,1.875,3.0759513,2.1454966,2.0819309,48.0
2025-03-16 14:00:00,solar.bun_tlc#realenergyintotheload#kwh,BUNDOORA,3.46875,2.8875947,1.3556232,1.3154595,32.0
2025-03-16 15:00:00,solar.bun_tlc#realenergyintotheload#kwh,BUNDOORA,2.59375,3.2121794,1.3733822,1.3326924,31.0
2025-03-16 16:00:00,solar.bun_tlc#realenergyintotheload#kwh,BUNDOORA,2.0,5.785153,1.0111638,0.9812056,26.0
2025-03-16 17:00:00,solar.bun_tlc#realenergyintotheload#kwh,BUNDOORA,2.5625,5.52707,4.4774776,4.344821,94.0
2025-03-16 18:00:00,solar.bun_tlc#realenergyintotheload#kwh,BUNDOORA,9.21875,6.162774,5.4793363,5.316997,115.0
2025-03-16 19:00:00,solar.bun_tlc#realenergyintotheload#kwh,BUNDOORA,5.5625,7.9978895,3.26167,3.165035,81.0
2025-03-16 20:00:00,solar.bun_tlc#realenergyintotheload#kwh,BUNDOORA,0.75,2.7115562,-0.019272905,0.0,0.0
2025-03-16 21:00:00,solar.bun_tlc#realenergyintotheload#kwh,BUNDOORA,0.0,-0.16060461,0.0071374965,0.0069260304,0.0
2025-03-16 22:00:00,solar.bun_tlc#realenergyintotheload#kwh,BUNDOORA,0.0,-0.15704443,0.0036898672,0.0035805458,0.0
2025-03-16 23:00:00,solar.bun_tlc#realenergyintotheload#kwh,BUNDOORA,0.0,-0.1890723,0.0021373578,0.0020740333,0.0
2025-03-17 00:00:00,solar.bun_tlc#realenergyintotheload#kwh,BUNDOORA,0.0,-0.15973285,0.0036898672,0.0035805458,0.0
2025-03-17 01:00:00,solar.bun_tlc#realenergyintotheload#kwh,BUNDOORA,0.0,0.07364079,0.0029966775,0.0029078934,0.0
2025-03-17 02:00:00,solar.bun_tlc#realenergyintotheload#kwh,BUNDOORA,0.0,-0.008672265,0.0018042723,0.0017508162,0.0
2025-03-17 03:00:00,solar.bun_tlc#realenergyintotheload#kwh,BUNDOORA,0.0,-0.026282206,0.0018555272,0.0018005525,0.0
2025-03-17 04:00:00,solar.bun_tlc#realenergyintotheload#kwh,BUNDOORA,0.0,-0.021330334,0.0012951375,0.0012567658,0.0
2025-03-17 05:00:00,solar.bun_tlc#realenergyintotheload#kwh,BUNDOORA,0.0,-0.084695235,0.001145835,0.0011118868,0.0
2025-03-17 06:00:00,solar.bun_tlc#realenergyintotheload#kwh,BUNDOORA,0.0,-0.05621982,0.0014424557,0.0013997193,0.0
2025-03-17 07:00:00,solar.bun_tlc#realenergyintotheload#kwh,BUNDOORA,0.0,0.59083414,-0.002432074,0.0,0.0
2025-03-17 08:00:00,solar.bun_tlc#realenergyintotheload#kwh,BUNDOORA,0.75,2.301798,1.5821872,1.5353109,36.0
2025-03-17 09:00:00,solar.bun_tlc#realenergyintotheload#kwh,BUNDOORA,6.1875,5.895404,6.2135077,6.029417,141.0
2025-03-17 10:00:00,solar.bun_tlc#realenergyintotheload#kwh,BUNDOORA,10.4375,11.242243,13.76334,13.355567,278.0
2025-03-17 11:00:00,solar.bun_tlc#realenergyintotheload#kwh,BUNDOORA,19.90625,23.025406,21.714159,21.070824,432.0
2025-03-17 12:00:00,solar.bun_tlc#realenergyintotheload#kwh,BUNDOORA,21.21875,22.418001,25.69256,24.931355,536.0
2025-03-17 13:00:00,solar.bun_tlc#realenergyintotheload#kwh,BUNDOORA,23.6875,19.968441,24.444542,23.720312,531.0
2025-03-17 14:00:00,solar.bun_tlc#realenergyintotheload#kwh,BUNDOORA,35.0,35.962437,36.359463,35.282223,813.0
2025-03-17 15:00:00,solar.bun_tlc#realenergyintotheload#kwh,BUNDOORA,37.25,30.853802,34.962322,33.926476,764.0
2025-03-17 16:00:00,solar.bun_tlc#realenergyintotheload#kwh,BUNDOORA,37.0,35.65087,32.256382,31.300707,695.0
2025-03-17 17:00:00,solar.bun_tlc#realenergyintotheload#kwh,BUNDOORA,27.90625,26.76116,25.977106,25.20747,535.0
2025-03-17 18:00:00,solar.bun_tlc#realenergyintotheload#kwh,BUNDOORA,16.46875,19.192287,16.637178,16.14426,329.0
2025-03-17 19:00:00,solar.bun_tlc#realenergyintotheload#kwh,BUNDOORA,6.59375,12.844536,5.269155,5.1130433,127.0
2025-03-17 20:00:00,solar.bun_tlc#realenergyintotheload#kwh,BUNDOORA,0.25,2.6479032,0.01209458,0.011736248,0.0
2025-03-17 21:00:00,solar.bun_tlc#realenergyintotheload#kwh,BUNDOORA,0.0,0.39002678,0.0064267986,0.006236389,0.0
2025-03-17 22:00:00,solar.bun_tlc#realenergyintotheload#kwh,BUNDOORA,0.0,-0.15774973,0.0037655414,0.0036539778,0.0
2025-03-17 23:00:00,solar.bun_tlc#realenergyintotheload#kwh,BUNDOORA,0.0,0.0052337195,0.0037655414,0.0036539778,0.0
2025-03-18 00:00:00,solar.bun_tlc#realenergyintotheload#kwh,BUNDOORA,0.0,0.17342821,0.00852037,0.0082679335,0.0
2025-03-18 01:00:00,solar.bun_tlc#realenergyintotheload#kwh,BUNDOORA,0.0,0.093666166,0.0015648248,0.001518463,0.0
2025-03-18 02:00:00,solar.bun_tlc#realenergyintotheload#kwh,BUNDOORA,0.0,-0.00033895485,0.0012682043,0.0012306306,0.0
2025-03-18 03:00:00,solar.bun_tlc#realenergyintotheload#kwh,BUNDOORA,0.0,-0.014561534,0.0013314232,0.0012919764,0.0
2025-03-18 04:00:00,solar.bun_tlc#realenergyintotheload#kwh,BUNDOORA,0.0,-0.00058292836,0.0013314232,0.0012919764,0.0
2025-03-18 05:00:00,solar.bun_tlc#realenergyintotheload#kwh,BUNDOORA,0.0,-0.0029664473,0.0015885938,0.0015415278,0.0
2025-03-18 06:00:00,solar.bun_tlc#realenergyintotheload#kwh,BUNDOORA,0.0,0.056684807,0.0022980885,0.0022300018,0.0
2025-03-18 07:00:00,solar.bun_tlc#realenergyintotheload#kwh,BUNDOORA,0.0,0.6693699,0.0022980885,0.0022300018,0.0
2025-03-18 08:00:00,solar.bun_tlc#realenergyintotheload#kwh,BUNDOORA,0.59375,0.2946162,2.2684062,2.201199,48.0
2025-03-18 09:00:00,solar.bun_tlc#realenergyintotheload#kwh,BUNDOORA,7.0625,2.3831728,12.07476,11.717015,244.0
2025-03-18 10:00:00,solar.bun_tlc#realenergyintotheload#kwh,BUNDOORA,17.15625,17.686424,23.67293,22.97156,452.0
2025-03-18 11:00:00,solar.bun_tlc#realenergyintotheload#kwh,BUNDOORA,28.65625,27.861973,31.702436,30.763172,636.0
2025-03-18 12:00:00,solar.bun_tlc#realenergyintotheload#kwh,BUNDOORA,35.8125,32.960716,36.39858,35.32018,773.0
2025-03-18 13:00:00,solar.bun_tlc#realenergyintotheload#kwh,BUNDOORA,39.0625,33.26863,38.364933,37.228275,853.0
2025-03-18 14:00:00,solar.bun_tlc#realenergyintotheload#kwh,BUNDOORA,40.25,34.84183,38.42428,37.285862,867.0
2025-03-18 15:00:00,solar.bun_tlc#realenergyintotheload#kwh,BUNDOORA,38.625,33.989475,37.040096,35.94269,816.0
2025-03-18 16:00:00,solar.bun_tlc#realenergyintotheload#kwh,BUNDOORA,34.40625,32.12546,32.534348,31.570436,704.0
2025-03-18 17:00:00,solar.bun_tlc#realenergyintotheload#kwh,BUNDOORA,26.65625,27.703697,25.68688,24.925842,541.0
2025-03-18 18:00:00,solar.bun_tlc#realenergyintotheload#kwh,BUNDOORA,15.40625,17.76679,16.444595,15.957383,341.0
2025-03-18 19:00:00,solar.bun_tlc#realenergyintotheload#kwh,BUNDOORA,5.96875,18.127968,5.307496,5.150248,131.0
2025-03-18 20:00:00,solar.bun_tlc#realenergyintotheload#kwh,BUNDOORA,0.34375,4.6148734,0.0141172055,0.013698948,0.0
2025-03-18 21:00:00,solar.bun_tlc#realenergyintotheload#kwh,BUNDOORA,0.0,1.7287107,0.008256101,0.008011494,0.0
2025-03-18 22:00:00,solar.bun_tlc#realenergyintotheload#kwh,BUNDOORA,0.0,0.6182466,0.005663544,0.005495747,0.0
2025-03-18 23:00:00,solar.bun_tlc#realenergyintotheload#kwh,BUNDOORA,0.0,0.3318265,0.0076263347,0.0074003856,0.0
2025-03-19 00:00:00,solar.bun_tlc#realenergyintotheload#kwh,BUNDOORA,0.0,0.076520845,0.0022651374,0.002198027,0.0
2025-03-19 01:00:00,solar.bun_tlc#realenergyintotheload#kwh,BUNDOORA,0.0,0.09873661,0.0015669185,0.0015204946,0.0
2025-03-19 02:00:00,solar.bun_tlc#realenergyintotheload#kwh,BUNDOORA,0.0,0.0125025045,0.002026918,0.0019668655,0.0
2025-03-19 03:00:00,solar.bun_tlc#realenergyintotheload#kwh,BUNDOORA,0.0,-0.0036322111,0.002026918,0.0019668655,0.0
2025-03-19 04:00:00,solar.bun_tlc#realenergyintotheload#kwh,BUNDOORA,0.0,-0.0036298605,0.002026918,0.0019668655,0.0
2025-03-19 05:00:00,solar.bun_tlc#realenergyintotheload#kwh,BUNDOORA,0.0,-0.0029775682,0.0018964355,0.0018402488,0.0
2025-03-19 06:00:00,solar.bun_tlc#realenergyintotheload#kwh,BUNDOORA,0.0,-0.022978043,0.0008409031,0.0008159892,0.0
2025-03-19 07:00:00,solar.bun_tlc#realenergyintotheload#kwh,BUNDOORA,0.0,0.41108182,0.0013314232,0.0012919764,0.0
2025-03-19 08:00:00,solar.bun_tlc#realenergyintotheload#kwh,BUNDOORA,0.375,0.30211198,2.0798862,2.0182643,45.0
2025-03-19 09:00:00,solar.bun_tlc#realenergyintotheload#kwh,BUNDOORA,6.625,0.0027851872,10.508615,10.19727,238.0
2025-03-19 10:00:00,solar.bun_tlc#realenergyintotheload#kwh,BUNDOORA,16.40625,18.280947,21.979612,21.328411,443.0
2025-03-19 11:00:00,solar.bun_tlc#realenergyintotheload#kwh,BUNDOORA,27.8125,32.59131,29.599945,28.722973,620.0
2025-03-19 12:00:00,solar.bun_tlc#realenergyintotheload#kwh,BUNDOORA,34.625,29.087841,34.229992,33.215843,746.0
2025-03-19 13:00:00,solar.bun_tlc#realenergyintotheload#kwh,BUNDOORA,31.15625,30.15434,35.995235,34.928787,819.0
2025-03-19 14:00:00,solar.bun_tlc#realenergyintotheload#kwh,BUNDOORA,32.21875,35.966618,35.82397,34.762596,798.0
2025-03-19 15:00:00,solar.bun_tlc#realenergyintotheload#kwh,BUNDOORA,29.40625,35.3217,34.944225,33.908916,765.0
2025-03-19 16:00:00,solar.bun_tlc#realenergyintotheload#kwh,BUNDOORA,24.0,34.20895,30.536612,29.631887,667.0
2025-03-19 17:00:00,solar.bun_tlc#realenergyintotheload#kwh,BUNDOORA,19.28125,30.343666,23.338648,22.647182,519.0
2025-03-19 18:00:00,solar.bun_tlc#realenergyintotheload#kwh,BUNDOORA,13.65625,28.411623,14.76079,14.323464,324.0
2025-03-19 19:00:00,solar.bun_tlc#realenergyintotheload#kwh,BUNDOORA,5.4375,22.346514,4.1313295,4.008929,118.0
2025-03-19 20:00:00,solar.bun_tlc#realenergyintotheload#kwh,BUNDOORA,0.34375,11.822634,-0.0025511128,0.0,0.0
2025-03-19 21:00:00,solar.bun_tlc#realenergyintotheload#kwh,BUNDOORA,0.0,4.466399,0.001696093,0.001645842,0.0
2025-03-19 22:00:00,solar.bun_tlc#realenergyintotheload#kwh,BUNDOORA,0.0,0.6511812,0.002491104,0.0024172987,0.0
2025-03-19 23:00:00,solar.bun_tlc#realenergyintotheload#kwh,BUNDOORA,0.0,-0.5467756,0.0016802449,0.0016304635,0.0
2025-03-20 00:00:00,solar.bun_tlc#realenergyintotheload#kwh,BUNDOORA,0.0,0.24445169,0.008500714,0.008248859,0.0
2025-03-20 01:00:00,solar.bun_tlc#realenergyintotheload#kwh,BUNDOORA,0.0,0.33871052,0.006904211,0.0066996566,0.0
2025-03-20 02:00:00,solar.bun_tlc#realenergyintotheload#kwh,BUNDOORA,0.0,0.04571122,0.007147427,0.006935667,0.0
2025-03-20 03:00:00,solar.bun_tlc#realenergyintotheload#kwh,BUNDOORA,0.0,-0.46433482,0.0075778444,0.007353332,0.0
2025-03-20 04:00:00,solar.bun_tlc#realenergyintotheload#kwh,BUNDOORA,0.0,-0.3649502,0.007885134,0.007651517,0.0
2025-03-20 05:00:00,solar.bun_tlc#realenergyintotheload#kwh,BUNDOORA,0.0,0.49545786,0.013463913,0.013065011,0.0
2025-03-20 06:00:00,solar.bun_tlc#realenergyintotheload#kwh,BUNDOORA,0.0,0.0060443925,-0.00991169,0.0,0.0
2025-03-20 07:00:00,solar.bun_tlc#realenergyintotheload#kwh,BUNDOORA,0.0,4.1622396,-0.04815795,0.0,0.0
2025-03-20 08:00:00,solar.bun_tlc#realenergyintotheload#kwh,BUNDOORA,0.25,5.544148,0.8956596,0.86912346,26.0
2025-03-20 09:00:00,solar.bun_tlc#realenergyintotheload#kwh,BUNDOORA,2.40625,9.2235155,4.3688674,4.239429,107.0
2025-03-20 10:00:00,solar.bun_tlc#realenergyintotheload#kwh,BUNDOORA,3.125,4.632427,7.925533,7.690719,174.0
2025-03-20 11:00:00,solar.bun_tlc#realenergyintotheload#kwh,BUNDOORA,5.96875,17.191391,4.870188,4.725897,105.0
2025-03-20 12:00:00,solar.bun_tlc#realenergyintotheload#kwh,BUNDOORA,24.375,12.000112,20.141779,19.545029,428.0
2025-03-20 13:00:00,solar.bun_tlc#realenergyintotheload#kwh,BUNDOORA,16.21875,17.554546,7.6693316,7.4421086,162.0
2025-03-20 14:00:00,solar.bun_tlc#realenergyintotheload#kwh,BUNDOORA,3.75,19.758015,2.2094615,2.1440005,50.0
2025-03-20 15:00:00,solar.bun_tlc#realenergyintotheload#kwh,BUNDOORA,4.21875,15.684029,4.3700323,4.240559,96.0
2025-03-20 16:00:00,solar.bun_tlc#realenergyintotheload#kwh,BUNDOORA,8.65625,11.229935,6.5862346,6.391101,140.0
2025-03-20 17:00:00,solar.bun_tlc#realenergyintotheload#kwh,BUNDOORA,2.28125,8.210986,3.0611143,2.970421,69.0
2025-03-20 18:00:00,solar.bun_tlc#realenergyintotheload#kwh,BUNDOORA,1.71875,7.5479245,1.0294783,0.9989774,26.0
2025-03-20 19:00:00,solar.bun_tlc#realenergyintotheload#kwh,BUNDOORA,0.34375,7.809752,0.5492477,0.53297484,15.0
2025-03-20 20:00:00,solar.bun_tlc#realenergyintotheload#kwh,BUNDOORA,0.0,0.47262758,0.011373178,0.011036219,0.0
2025-03-20 21:00:00,solar.bun_tlc#realenergyintotheload#kwh,BUNDOORA,0.0,-0.10183166,0.010190717,0.0098887915,0.0
2025-03-20 22:00:00,solar.bun_tlc#realenergyintotheload#kwh,BUNDOORA,0.0,-0.2149859,0.0036476243,0.0035395543,0.0
2025-03-20 23:00:00,solar.bun_tlc#realenergyintotheload#kwh,BUNDOORA,0.0,-0.20629603,0.0036476243,0.0035395543,0.0
2025-03-21 00:00:00,solar.bun_tlc#realenergyintotheload#kwh,BUNDOORA,0.0,0.3052388,0.0045684637,0.0044331113,0.0
2025-03-21 01:00:00,solar.bun_tlc#realenergyintotheload#kwh,BUNDOORA,0.0,0.06656418,0.0024102526,0.0023388427,0.0
2025-03-21 02:00:00,solar.bun_tlc#realenergyintotheload#kwh,BUNDOORA,0.0,0.18296456,0.001596375,0.0015490784,0.0
2025-03-21 03:00:00,solar.bun_tlc#realenergyintotheload#kwh,BUNDOORA,0.0,0.24984373,0.001596375,0.0015490784,0.0
2025-03-21 04:00:00,solar.bun_tlc#realenergyintotheload#kwh,BUNDOORA,0.0,0.2256795,0.00022593862,0.00021924463,0.0
2025-03-21 05:00:00,solar.bun_tlc#realenergyintotheload#kwh,BUNDOORA,0.0,0.24113601,0.00022593862,0.00021924463,0.0
2025-03-21 06:00:00,solar.bun_tlc#realenergyintotheload#kwh,BUNDOORA,0.0,0.17235604,0.00030192218,0.00029297697,0.0
2025-03-21 07:00:00,solar.bun_tlc#realenergyintotheload#kwh,BUNDOORA,0.0,1.1933053,0.00030192218,0.00029297697,0.0
2025-03-21 08:00:00,solar.bun_tlc#realenergyintotheload#kwh,BUNDOORA,0.0625,1.418663,0.4113672,0.39917943,13.0
2025-03-21 09:00:00,solar.bun_tlc#realenergyintotheload#kwh,BUNDOORA,2.125,1.0171739,4.8806014,4.7360015,125.0
2025-03-21 10:00:00,solar.bun_tlc#realenergyintotheload#kwh,BUNDOORA,3.5,2.963099,8.182712,7.9402785,172.0
2025-03-21 11:00:00,solar.bun_tlc#realenergyintotheload#kwh,BUNDOORA,9.1875,7.9461904,9.9152565,9.621492,206.0
2025-03-21 12:00:00,solar.bun_tlc#realenergyintotheload#kwh,BUNDOORA,10.375,12.447903,7.0145206,6.806698,151.0
2025-03-21 13:00:00,solar.bun_tlc#realenergyintotheload#kwh,BUNDOORA,6.0,12.4164915,6.6710296,6.4733834,146.0
2025-03-21 14:00:00,solar.bun_tlc#realenergyintotheload#kwh,BUNDOORA,10.96875,12.68982,4.399499,4.2691526,96.0
2025-03-21 15:00:00,solar.bun_tlc#realenergyintotheload#kwh,BUNDOORA,13.6875,14.309287,15.657601,15.193706,324.0
2025-03-21 16:00:00,solar.bun_tlc#realenergyintotheload#kwh,BUNDOORA,20.84375,20.833984,17.155693,16.647413,354.0
2025-03-21 17:00:00,solar.bun_tlc#realenergyintotheload#kwh,BUNDOORA,13.8125,16.111708,13.881998,13.470709,287.0
2025-03-21 18:00:00,solar.bun_tlc#realenergyintotheload#kwh,BUNDOORA,12.5625,14.320076,11.125713,10.796086,262.0
2025-03-21 19:00:00,solar.bun_tlc#realenergyintotheload#kwh,BUNDOORA,2.46875,6.0858665,2.0452287,1.9846337,48.0
2025-03-21 20:00:00,solar.bun_tlc#realenergyintotheload#kwh,BUNDOORA,0.09375,3.846413,0.002722368,0.0026417112,0.0
2025-03-21 21:00:00,solar.bun_tlc#realenergyintotheload#kwh,BUNDOORA,0.0,1.3642665,0.0027096034,0.0026293246,0.0
2025-03-21 22:00:00,solar.bun_tlc#realenergyintotheload#kwh,BUNDOORA,0.0,0.086101525,0.0016577006,0.0016085871,0.0
2025-03-21 23:00:00,solar.bun_tlc#realenergyintotheload#kwh,BUNDOORA,0.0,0.086766884,0.0010651249,0.0010335679,0.0
2025-03-22 00:00:00,solar.bun_tlc#realenergyintotheload#kwh,BUNDOORA,0.0,0.08529528,0.0013986868,0.0013572472,0.0
2025-03-22 01:00:00,solar.bun_tlc#realenergyintotheload#kwh,BUNDOORA,0.0,0.08527187,0.0013986868,0.0013572472,0.0
2025-03-22 02:00:00,solar.bun_tlc#realenergyintotheload#kwh,BUNDOORA,0.0,0.0066123405,0.0013986868,0.0013572472,0.0
2025-03-22 03:00:00,solar.bun_tlc#realenergyintotheload#kwh,BUNDOORA,0.0,0.003331772,0.0012682043,0.0012306306,0.0
2025-03-22 04:00:00,solar.bun_tlc#realenergyintotheload#kwh,BUNDOORA,0.0,-0.015079952,0.0008409031,0.0008159892,0.0
2025-03-22 05:00:00,solar.bun_tlc#realenergyintotheload#kwh,BUNDOORA,0.0,-0.02532599,0.0013314232,0.0012919764,0.0
2025-03-22 06:00:00,solar.bun_tlc#realenergyintotheload#kwh,BUNDOORA,0.0,-0.008361254,0.0013314232,0.0012919764,0.0
2025-03-22 07:00:00,solar.bun_tlc#realenergyintotheload#kwh,BUNDOORA,0.0,0.07190576,0.0013314232,0.0012919764,0.0
2025-03-22 08:00:00,solar.bun_tlc#realenergyintotheload#kwh,BUNDOORA,0.4375,0.3087525,1.571195,1.5246444,37.0
2025-03-22 09:00:00,solar.bun_tlc#realenergyintotheload#kwh,BUNDOORA,6.3125,1.337044,11.0028715,10.676884,224.0
2025-03-22 10:00:00,solar.bun_tlc#realenergyintotheload#kwh,BUNDOORA,16.1875,3.5086005,20.476173,19.869516,426.0
2025-03-22 11:00:00,solar.bun_tlc#realenergyintotheload#kwh,BUNDOORA,27.09375,17.669943,28.829674,27.975523,602.0
2025-03-22 12:00:00,solar.bun_tlc#realenergyintotheload#kwh,BUNDOORA,34.375,23.401403,33.91958,32.914627,737.0
2025-03-22 13:00:00,solar.bun_tlc#realenergyintotheload#kwh,BUNDOORA,38.5,24.16114,36.89579,35.80266,815.0
2025-03-22 14:00:00,solar.bun_tlc#realenergyintotheload#kwh,BUNDOORA,39.9375,24.34609,37.167347,36.06617,829.0
2025-03-22 15:00:00,solar.bun_tlc#realenergyintotheload#kwh,BUNDOORA,38.375,33.69984,36.750877,35.66204,778.0
2025-03-22 16:00:00,solar.bun_tlc#realenergyintotheload#kwh,BUNDOORA,34.0,32.88048,32.63488,31.66799,667.0
2025-03-22 17:00:00,solar.bun_tlc#realenergyintotheload#kwh,BUNDOORA,26.09375,21.575562,23.99222,23.281391,505.0
2025-03-22 18:00:00,solar.bun_tlc#realenergyintotheload#kwh,BUNDOORA,14.90625,19.7399,14.702536,14.266936,311.0
2025-03-22 19:00:00,solar.bun_tlc#realenergyintotheload#kwh,BUNDOORA,5.21875,16.825916,4.611447,4.474821,109.0
2025-03-22 20:00:00,solar.bun_tlc#realenergyintotheload#kwh,BUNDOORA,0.21875,8.024689,0.0009220831,0.0008947641,0.0
2025-03-22 21:00:00,solar.bun_tlc#realenergyintotheload#kwh,BUNDOORA,0.0,2.3094227,0.0056009693,0.0054350267,0.0
2025-03-22 22:00:00,solar.bun_tlc#realenergyintotheload#kwh,BUNDOORA,0.0,0.36860093,0.0027154589,0.0026350066,0.0
2025-03-22 23:00:00,solar.bun_tlc#realenergyintotheload#kwh,BUNDOORA,0.0,0.08767346,0.00191694,0.0018601458,0.0
2025-03-23 00:00:00,solar.bun_tlc#realenergyintotheload#kwh,BUNDOORA,0.0,0.07726308,0.0023137226,0.0022451729,0.0
2025-03-23 01:00:00,solar.bun_tlc#realenergyintotheload#kwh,BUNDOORA,0.0,0.020196985,0.0014619057,0.001418593,0.0
2025-03-23 02:00:00,solar.bun_tlc#realenergyintotheload#kwh,BUNDOORA,0.0,0.0056130365,0.0014619057,0.001418593,0.0
2025-03-23 03:00:00,solar.bun_tlc#realenergyintotheload#kwh,BUNDOORA,0.0,0.01921778,0.0014619057,0.001418593,0.0
2025-03-23 04:00:00,solar.bun_tlc#realenergyintotheload#kwh,BUNDOORA,0.0,-0.03722632,0.0009713856,0.0009426059,0.0
2025-03-23 05:00:00,solar.bun_tlc#realenergyintotheload#kwh,BUNDOORA,0.0,-0.03722632,0.0009713856,0.0009426059,0.0
2025-03-23 06:00:00,solar.bun_tlc#realenergyintotheload#kwh,BUNDOORA,0.0,-0.034226082,0.0008409031,0.0008159892,0.0
2025-03-23 07:00:00,solar.bun_tlc#realenergyintotheload#kwh,BUNDOORA,0.0,0.09442046,0.0008409031,0.0008159892,0.0
2025-03-23 08:00:00,solar.bun_tlc#realenergyintotheload#kwh,BUNDOORA,0.40625,0.20374332,1.5722078,1.5256273,35.0
2025-03-23 09:00:00,solar.bun_tlc#realenergyintotheload#kwh,BUNDOORA,6.3125,0.84687334,10.920836,10.59728,221.0
2025-03-23 10:00:00,solar.bun_tlc#realenergyintotheload#kwh,BUNDOORA,16.15625,3.008035,19.832026,19.244452,421.0
2025-03-23 11:00:00,solar.bun_tlc#realenergyintotheload#kwh,BUNDOORA,27.0625,18.105724,28.898647,28.042452,599.0
2025-03-23 12:00:00,solar.bun_tlc#realenergyintotheload#kwh,BUNDOORA,34.6875,27.755764,33.86149,32.858257,731.0
2025-03-23 13:00:00,solar.bun_tlc#realenergyintotheload#kwh,BUNDOORA,38.4375,31.803436,36.438,35.358433,807.0
2025-03-23 14:00:00,solar.bun_tlc#realenergyintotheload#kwh,BUNDOORA,35.125,33.600513,36.811337,35.720707,819.0
2025-03-23 15:00:00,solar.bun_tlc#realenergyintotheload#kwh,BUNDOORA,37.90625,30.123192,35.523834,34.47135,767.0
2025-03-23 16:00:00,solar.bun_tlc#realenergyintotheload#kwh,BUNDOORA,33.53125,26.561438,31.223509,30.298435,654.0
2025-03-23 17:00:00,solar.bun_tlc#realenergyintotheload#kwh,BUNDOORA,25.21875,29.228964,22.853807,22.176706,492.0
2025-03-23 18:00:00,solar.bun_tlc#realenergyintotheload#kwh,BUNDOORA,12.3125,12.053978,13.645063,13.240794,298.0
2025-03-23 19:00:00,solar.bun_tlc#realenergyintotheload#kwh,BUNDOORA,3.8125,14.104549,3.9231584,3.806925,94.0
2025-03-23 20:00:00,solar.bun_tlc#realenergyintotheload#kwh,BUNDOORA,0.0625,4.324625,0.0019522562,0.0018944157,0.0
2025-03-23 21:00:00,solar.bun_tlc#realenergyintotheload#kwh,BUNDOORA,0.0,0.48201936,0.0011157998,0.0010827414,0.0
2025-03-23 22:00:00,solar.bun_tlc#realenergyintotheload#kwh,BUNDOORA,0.0,-0.0039710114,0.00070162024,0.000680833,0.0
2025-03-23 23:00:00,solar.bun_tlc#realenergyintotheload#kwh,BUNDOORA,0.0,0.10367345,-0.00055320596,0.0,0.0
2025-03-24 00:00:00,solar.bun_tlc#realenergyintotheload#kwh,BUNDOORA,0.0,0.052282788,-0.00029396624,0.0,0.0
2025-03-24 01:00:00,solar.bun_tlc#realenergyintotheload#kwh,BUNDOORA,0.0,0.02350231,-0.00049215637,0.0,0.0
2025-03-24 02:00:00,solar.bun_tlc#realenergyintotheload#kwh,BUNDOORA,0.0,0.02350231,-0.00049215637,0.0,0.0
2025-03-24 03:00:00,solar.bun_tlc#realenergyintotheload#kwh,BUNDOORA,0.0,0.01613288,0.00017966414,0.00017434114,0.0
2025-03-24 04:00:00,solar.bun_tlc#realenergyintotheload#kwh,BUNDOORA,0.0,0.019798547,0.00010573178,0.00010259921,0.0
2025-03-24 05:00:00,solar.bun_tlc#realenergyintotheload#kwh,BUNDOORA,0.0,-0.03874173,-0.00035033285,0.0,0.0
2025-03-24 06:00:00,solar.bun_tlc#realenergyintotheload#kwh,BUNDOORA,0.0,0.1161114,-0.00035033285,0.0,0.0
2025-03-24 07:00:00,solar.bun_tlc#realenergyintotheload#kwh,BUNDOORA,0.0,0.8819503,-0.00049215637,0.0,0.0
2025-03-24 08:00:00,solar.bun_tlc#realenergyintotheload#kwh,BUNDOORA,0.3125,1.0440781,0.7843992,0.7611594,22.0
2025-03-24 09:00:00,solar.bun_tlc#realenergyintotheload#kwh,BUNDOORA,3.6875,4.849477,6.087668,5.9073057,153.0
2025-03-24 10:00:00,solar.bun_tlc#realenergyintotheload#kwh,BUNDOORA,8.1875,7.3996897,12.203105,11.8415575,280.0
2025-03-24 11:00:00,solar.bun_tlc#realenergyintotheload#kwh,BUNDOORA,14.1875,11.722751,9.911093,9.617452,207.0
2025-03-24 12:00:00,solar.bun_tlc#realenergyintotheload#kwh,BUNDOORA,13.28125,13.240505,14.014608,13.599391,291.0
2025-03-24 13:00:00,solar.bun_tlc#realenergyintotheload#kwh,BUNDOORA,18.78125,11.791167,18.558142,18.00831,386.0
2025-03-24 14:00:00,solar.bun_tlc#realenergyintotheload#kwh,BUNDOORA,26.09375,11.143952,19.017265,18.45383,400.0
2025-03-24 15:00:00,solar.bun_tlc#realenergyintotheload#kwh,BUNDOORA,28.1875,7.2640843,25.380232,24.628279,542.0
2025-03-24 16:00:00,solar.bun_tlc#realenergyintotheload#kwh,BUNDOORA,24.3125,28.907492,17.615482,17.09358,374.0
2025-03-24 17:00:00,solar.bun_tlc#realenergyintotheload#kwh,BUNDOORA,20.625,29.190159,22.036835,21.383938,486.0
2025-03-24 18:00:00,solar.bun_tlc#realenergyintotheload#kwh,BUNDOORA,14.53125,16.436419,13.458889,13.060136,301.0
2025-03-24 19:00:00,solar.bun_tlc#realenergyintotheload#kwh,BUNDOORA,4.84375,15.661129,3.4951205,3.391569,99.0
2025-03-24 20:00:00,solar.bun_tlc#realenergyintotheload#kwh,BUNDOORA,0.15625,10.915878,-0.0013075199,0.0,0.0
2025-03-24 21:00:00,solar.bun_tlc#realenergyintotheload#kwh,BUNDOORA,0.0,3.361653,0.0027096034,0.0026293246,0.0
2025-03-24 22:00:00,solar.bun_tlc#realenergyintotheload#kwh,BUNDOORA,0.0,0.2043807,0.0010592701,0.0010278866,0.0
2025-03-24 23:00:00,solar.bun_tlc#realenergyintotheload#kwh,BUNDOORA,0.0,0.096131295,0.0010592701,0.0010278866,0.0
2025-03-25 00:00:00,solar.bun_tlc#realenergyintotheload#kwh,BUNDOORA,0.0,-0.20720367,0.00016957207,0.00016454808,0.0
2025-03-25 01:00:00,solar.bun_tlc#realenergyintotheload#kwh,BUNDOORA,0.0,-0.1644812,0.0005663545,0.0005495748,0.0
2025-03-25 02:00:00,solar.bun_tlc#realenergyintotheload#kwh,BUNDOORA,0.0,-0.0886048,0.0014370779,0.0013945008,0.0
2025-03-25 03:00:00,solar.bun_tlc#realenergyintotheload#kwh,BUNDOORA,0.0,-0.021028837,0.0005663545,0.0005495748,0.0
2025-03-25 04:00:00,solar.bun_tlc#realenergyintotheload#kwh,BUNDOORA,0.0,-0.25790575,0.0014370779,0.0013945008,0.0
2025-03-25 05:00:00,solar.bun_tlc#realenergyintotheload#kwh,BUNDOORA,0.0,-0.23969099,0.0023267765,0.00225784,0.0
2025-03-25 06:00:00,solar.bun_tlc#realenergyintotheload#kwh,BUNDOORA,0.0,-0.087745525,0.0023267765,0.00225784,0.0
2025-03-25 07:00:00,solar.bun_tlc#realenergyintotheload#kwh,BUNDOORA,0.0,0.11856544,0.0011647852,0.0011302755,0.0
2025-03-25 08:00:00,solar.bun_tlc#realenergyintotheload#kwh,BUNDOORA,0.1875,0.49916524,0.78985405,0.76645267,21.0
2025-03-25 09:00:00,solar.bun_tlc#realenergyintotheload#kwh,BUNDOORA,2.3125,0.66110533,4.6299424,4.492769,111.0
2025-03-25 10:00:00,solar.bun_tlc#realenergyintotheload#kwh,BUNDOORA,5.875,2.975299,10.613586,10.299132,225.0
2025-03-25 11:00:00,solar.bun_tlc#realenergyintotheload#kwh,BUNDOORA,15.03125,18.14601,15.430131,14.972975,323.0
2025-03-25 12:00:00,solar.bun_tlc#realenergyintotheload#kwh,BUNDOORA,25.21875,24.139416,32.75845,31.787899,707.0
2025-03-25 13:00:00,solar.bun_tlc#realenergyintotheload#kwh,BUNDOORA,37.125,28.685066,36.211514,35.138657,803.0
2025-03-25 14:00:00,solar.bun_tlc#realenergyintotheload#kwh,BUNDOORA,38.1875,27.989359,35.859917,34.797478,816.0
2025-03-25 15:00:00,solar.bun_tlc#realenergyintotheload#kwh,BUNDOORA,36.46875,22.414507,34.1448,33.133175,763.0
2025-03-25 16:00:00,solar.bun_tlc#realenergyintotheload#kwh,BUNDOORA,32.03125,22.621588,30.580986,29.674948,650.0
2025-03-25 17:00:00,solar.bun_tlc#realenergyintotheload#kwh,BUNDOORA,24.5,27.282684,22.676914,22.005054,487.0
2025-03-25 18:00:00,solar.bun_tlc#realenergyintotheload#kwh,BUNDOORA,13.625,16.083912,13.363608,12.967678,291.0
2025-03-25 19:00:00,solar.bun_tlc#realenergyintotheload#kwh,BUNDOORA,4.34375,11.626362,3.6792648,3.5702574,91.0
2025-03-25 20:00:00,solar.bun_tlc#realenergyintotheload#kwh,BUNDOORA,0.09375,5.52849,0.0018199059,0.0017659867,0.0
2025-03-25 21:00:00,solar.bun_tlc#realenergyintotheload#kwh,BUNDOORA,0.0,1.1709456,0.00026115167,0.0002534144,0.0
2025-03-25 22:00:00,solar.bun_tlc#realenergyintotheload#kwh,BUNDOORA,0.0,0.04114282,-0.00084085355,0.0,0.0
2025-03-25 23:00:00,solar.bun_tlc#realenergyintotheload#kwh,BUNDOORA,0.0,0.073468715,-0.00029396624,0.0,0.0
2025-03-26 00:00:00,solar.bun_tlc#realenergyintotheload#kwh,BUNDOORA,0.0,0.021877278,-0.00029396624,0.0,0.0
2025-03-26 01:00:00,solar.bun_tlc#realenergyintotheload#kwh,BUNDOORA,0.0,0.025790218,-0.00049215637,0.0,0.0
2025-03-26 02:00:00,solar.bun_tlc#realenergyintotheload#kwh,BUNDOORA,0.0,0.02315449,-0.00049215637,0.0,0.0
2025-03-26 03:00:00,solar.bun_tlc#realenergyintotheload#kwh,BUNDOORA,0.0,0.01620408,-0.00029396624,0.0,0.0
2025-03-26 04:00:00,solar.bun_tlc#realenergyintotheload#kwh,BUNDOORA,0.0,0.02315449,-0.00029396624,0.0,0.0
2025-03-26 05:00:00,solar.bun_tlc#realenergyintotheload#kwh,BUNDOORA,0.0,0.01620408,-0.00029396624,0.0,0.0
2025-03-26 06:00:00,solar.bun_tlc#realenergyintotheload#kwh,BUNDOORA,0.0,0.01620408,-0.00055320596,0.0,0.0
2025-03-26 07:00:00,solar.bun_tlc#realenergyintotheload#kwh,BUNDOORA,0.0,0.77929276,-0.00055320596,0.0,0.0
2025-03-26 08:00:00,solar.bun_tlc#realenergyintotheload#kwh,BUNDOORA,0.0625,1.0791926,0.4108316,0.39865968,13.0
2025-03-26 09:00:00,solar.bun_tlc#realenergyintotheload#kwh,BUNDOORA,1.375,3.4020023,3.7963474,3.683871,103.0
2025-03-26 10:00:00,solar.bun_tlc#realenergyintotheload#kwh,BUNDOORA,5.5,1.8024405,9.58382,9.299875,201.0
2025-03-26 11:00:00,solar.bun_tlc#realenergyintotheload#kwh,BUNDOORA,10.40625,11.264718,13.364029,12.968086,280.0
2025-03-26 12:00:00,solar.bun_tlc#realenergyintotheload#kwh,BUNDOORA,16.21875,13.130721,17.497335,16.978933,371.0
2025-03-26 13:00:00,solar.bun_tlc#realenergyintotheload#kwh,BUNDOORA,28.65625,10.282072,24.429106,23.705332,518.0
2025-03-26 14:00:00,solar.bun_tlc#realenergyintotheload#kwh,BUNDOORA,25.40625,17.363224,29.270445,28.403234,635.0
2025-03-26 15:00:00,solar.bun_tlc#realenergyintotheload#kwh,BUNDOORA,26.875,23.95592,31.511581,30.577972,675.0
2025-03-26 16:00:00,solar.bun_tlc#realenergyintotheload#kwh,BUNDOORA,32.25,16.197866,30.66853,29.759897,636.0
2025-03-26 17:00:00,solar.bun_tlc#realenergyintotheload#kwh,BUNDOORA,24.71875,22.490936,22.294792,21.634253,477.0
2025-03-26 18:00:00,solar.bun_tlc#realenergyintotheload#kwh,BUNDOORA,13.78125,8.57273,13.018114,12.63242,284.0
2025-03-26 19:00:00,solar.bun_tlc#realenergyintotheload#kwh,BUNDOORA,4.3125,14.1152115,3.6275911,3.5201147,86.0
2025-03-26 20:00:00,solar.bun_tlc#realenergyintotheload#kwh,BUNDOORA,0.09375,9.543687,0.0021416945,0.0020782414,0.0
2025-03-26 21:00:00,solar.bun_tlc#realenergyintotheload#kwh,BUNDOORA,0.0,1.2959884,0.0021416945,0.0020782414,0.0
2025-03-26 22:00:00,solar.bun_tlc#realenergyintotheload#kwh,BUNDOORA,0.0,0.21422026,0.00049136044,0.00047680264,0.0
2025-03-26 23:00:00,solar.bun_tlc#realenergyintotheload#kwh,BUNDOORA,0.0,0.1910293,0.00016957207,0.00016454808,0.0
2025-03-27 00:00:00,solar.bun_tlc#realenergyintotheload#kwh,BUNDOORA,0.0,0.026788114,0.000106353145,0.00010320217,0.0
2025-03-27 01:00:00,solar.bun_tlc#realenergyintotheload#kwh,BUNDOORA,0.0,0.056318577,0.00018233672,0.00017693454,0.0
2025-03-27 02:00:00,solar.bun_tlc#realenergyintotheload#kwh,BUNDOORA,0.0,0.036339737,0.000106353145,0.00010320217,0.0
2025-03-27 03:00:00,solar.bun_tlc#realenergyintotheload#kwh,BUNDOORA,0.0,0.055232357,0.000106353145,0.00010320217,0.0
2025-03-27 04:00:00,solar.bun_tlc#realenergyintotheload#kwh,BUNDOORA,0.0,0.019929672,0.00018233672,0.00017693454,0.0
2025-03-27 05:00:00,solar.bun_tlc#realenergyintotheload#kwh,BUNDOORA,0.0,-0.13432549,0.00018233672,0.00017693454,0.0
2025-03-27 06:00:00,solar.bun_tlc#realenergyintotheload#kwh,BUNDOORA,0.0,0.0697629,0.00018233672,0.00017693454,0.0
2025-03-27 07:00:00,solar.bun_tlc#realenergyintotheload#kwh,BUNDOORA,0.0,0.54450744,0.00018233672,0.00017693454,0.0
2025-03-27 08:00:00,solar.bun_tlc#realenergyintotheload#kwh,BUNDOORA,0.09375,4.767256,0.78327197,0.76006556,22.0
2025-03-27 09:00:00,solar.bun_tlc#realenergyintotheload#kwh,BUNDOORA,3.0,2.4532266,5.248507,5.093007,144.0
2025-03-27 10:00:00,solar.bun_tlc#realenergyintotheload#kwh,BUNDOORA,15.09375,8.332273,18.150192,17.612448,386.0
2025-03-27 11:00:00,solar.bun_tlc#realenergyintotheload#kwh,BUNDOORA,27.875,16.504852,28.058971,27.227654,589.0
2025-03-27 12:00:00,solar.bun_tlc#realenergyintotheload#kwh,BUNDOORA,33.71875,25.969896,33.5879,32.592773,722.0
2025-03-27 13:00:00,solar.bun_tlc#realenergyintotheload#kwh,BUNDOORA,37.34375,29.95873,36.78132,35.69158,795.0
2025-03-27 14:00:00,solar.bun_tlc#realenergyintotheload#kwh,BUNDOORA,38.28125,32.632236,36.49051,35.409386,804.0
2025-03-27 15:00:00,solar.bun_tlc#realenergyintotheload#kwh,BUNDOORA,36.71875,30.337858,34.673782,33.646484,750.0
2025-03-27 16:00:00,solar.bun_tlc#realenergyintotheload#kwh,BUNDOORA,31.96875,29.914349,30.926367,30.010096,636.0
2025-03-27 17:00:00,solar.bun_tlc#realenergyintotheload#kwh,BUNDOORA,23.6875,29.834776,21.463219,20.827316,473.0
2025-03-27 18:00:00,solar.bun_tlc#realenergyintotheload#kwh,BUNDOORA,13.09375,21.833883,12.5329275,12.161608,277.0
2025-03-27 19:00:00,solar.bun_tlc#realenergyintotheload#kwh,BUNDOORA,4.0,14.360984,3.1465487,3.0533245,79.0
2025-03-27 20:00:00,solar.bun_tlc#realenergyintotheload#kwh,BUNDOORA,0.0625,4.7422986,0.0008736666,0.00084778207,0.0
2025-03-27 21:00:00,solar.bun_tlc#realenergyintotheload#kwh,BUNDOORA,0.0,2.8211432,0.001300001,0.0012614853,0.0
2025-03-27 22:00:00,solar.bun_tlc#realenergyintotheload#kwh,BUNDOORA,0.0,0.26462567,-0.00084085355,0.0,0.0
2025-03-27 23:00:00,solar.bun_tlc#realenergyintotheload#kwh,BUNDOORA,0.0,0.057623588,0.00039704188,0.00038527852,0.0
2025-03-28 00:00:00,solar.bun_tlc#realenergyintotheload#kwh,BUNDOORA,0.0,-0.05047673,-0.00084085355,0.0,0.0
2025-03-28 01:00:00,solar.bun_tlc#realenergyintotheload#kwh,BUNDOORA,0.0,-0.09834924,-0.00084085355,0.0,0.0
2025-03-28 02:00:00,solar.bun_tlc#realenergyintotheload#kwh,BUNDOORA,0.0,-0.0928956,-0.00035033285,0.0,0.0
2025-03-28 03:00:00,solar.bun_tlc#realenergyintotheload#kwh,BUNDOORA,0.0,-0.031979255,0.00058612385,0.00056875846,0.0
2025-03-28 04:00:00,solar.bun_tlc#realenergyintotheload#kwh,BUNDOORA,0.0,-0.022967549,0.0006493428,0.0006301044,0.0
2025-03-28 05:00:00,solar.bun_tlc#realenergyintotheload#kwh,BUNDOORA,0.0,-0.029990442,4.644969e-05,4.5073502e-05,0.0
2025-03-28 06:00:00,solar.bun_tlc#realenergyintotheload#kwh,BUNDOORA,0.0,-0.16712098,4.644969e-05,4.5073502e-05,0.0
2025-03-28 07:00:00,solar.bun_tlc#realenergyintotheload#kwh,BUNDOORA,0.0,0.99813104,0.00016957207,0.00016454808,0.0
2025-03-28 08:00:00,solar.bun_tlc#realenergyintotheload#kwh,BUNDOORA,0.25,1.2425861,0.7855309,0.7622576,21.0
2025-03-28 09:00:00,solar.bun_tlc#realenergyintotheload#kwh,BUNDOORA,6.1875,7.0182176,5.242777,5.0874467,143.0
2025-03-28 10:00:00,solar.bun_tlc#realenergyintotheload#kwh,BUNDOORA,14.625,11.52196,18.048613,17.513878,394.0
2025-03-28 11:00:00,solar.bun_tlc#realenergyintotheload#kwh,BUNDOORA,21.59375,16.875288,25.87072,25.104235,552.0
2025-03-28 12:00:00,solar.bun_tlc#realenergyintotheload#kwh,BUNDOORA,21.25,12.766613,25.966776,25.197445,551.0
2025-03-28 13:00:00,solar.bun_tlc#realenergyintotheload#kwh,BUNDOORA,26.09375,18.947567,29.518368,28.643812,632.0
2025-03-28 14:00:00,solar.bun_tlc#realenergyintotheload#kwh,BUNDOORA,29.28125,22.68304,32.719498,31.750101,723.0
2025-03-28 15:00:00,solar.bun_tlc#realenergyintotheload#kwh,BUNDOORA,31.125,23.167498,32.84943,31.876184,731.0
2025-03-28 16:00:00,solar.bun_tlc#realenergyintotheload#kwh,BUNDOORA,18.5625,25.84949,21.994045,21.342417,462.0
2025-03-28 17:00:00,solar.bun_tlc#realenergyintotheload#kwh,BUNDOORA,13.625,26.00997,14.070442,13.65357,302.0
2025-03-28 18:00:00,solar.bun_tlc#realenergyintotheload#kwh,BUNDOORA,7.96875,14.647922,5.48178,5.319369,137.0
2025-03-28 19:00:00,solar.bun_tlc#realenergyintotheload#kwh,BUNDOORA,2.3125,7.399676,1.5048773,1.4602916,35.0
2025-03-28 20:00:00,solar.bun_tlc#realenergyintotheload#kwh,BUNDOORA,0.0625,3.6931098,0.0040173815,0.0038983566,0.0
2025-03-28 21:00:00,solar.bun_tlc#realenergyintotheload#kwh,BUNDOORA,0.0,1.462809,0.008495937,0.008244224,0.0
2025-03-28 22:00:00,solar.bun_tlc#realenergyintotheload#kwh,BUNDOORA,0.0,0.10380337,0.0045592324,0.004424154,0.0
2025-03-28 23:00:00,solar.bun_tlc#realenergyintotheload#kwh,BUNDOORA,0.0,-0.4841791,0.0026030147,0.002525894,0.0
2025-03-29 00:00:00,solar.bun_tlc#realenergyintotheload#kwh,BUNDOORA,0.0,0.0423407,-0.0005143672,0.0,0.0
2025-03-29 01:00:00,solar.bun_tlc#realenergyintotheload#kwh,BUNDOORA,0.0,0.11802815,-0.00588727,0.0,0.0
2025-03-29 02:00:00,solar.bun_tlc#realenergyintotheload#kwh,BUNDOORA,0.0,-0.017512428,0.0018378275,0.0017833773,0.0
2025-03-29 03:00:00,solar.bun_tlc#realenergyintotheload#kwh,BUNDOORA,0.0,-0.05233182,0.0018378275,0.0017833773,0.0
2025-03-29 04:00:00,solar.bun_tlc#realenergyintotheload#kwh,BUNDOORA,0.0,0.07851496,0.0015785878,0.0015318182,0.0
2025-03-29 05:00:00,solar.bun_tlc#realenergyintotheload#kwh,BUNDOORA,0.0,0.14550333,0.00078338233,0.00076017267,0.0
2025-03-29 06:00:00,solar.bun_tlc#realenergyintotheload#kwh,BUNDOORA,0.0,-0.13293646,0.002077835,0.0020162738,0.0
2025-03-29 07:00:00,solar.bun_tlc#realenergyintotheload#kwh,BUNDOORA,0.0,0.54672015,0.0014819459,0.0014380395,0.0
2025-03-29 08:00:00,solar.bun_tlc#realenergyintotheload#kwh,BUNDOORA,0.0,0.5662644,0.19621232,0.19039904,7.0
2025-03-29 09:00:00,solar.bun_tlc#realenergyintotheload#kwh,BUNDOORA,1.46875,2.7717052,3.385301,3.2850032,82.0
2025-03-29 10:00:00,solar.bun_tlc#realenergyintotheload#kwh,BUNDOORA,2.34375,5.2397904,7.7442155,7.514774,167.0
2025-03-29 11:00:00,solar.bun_tlc#realenergyintotheload#kwh,BUNDOORA,7.5625,8.428664,5.9531794,5.7768016,131.0
2025-03-29 12:00:00,solar.bun_tlc#realenergyintotheload#kwh,BUNDOORA,5.625,11.617499,4.8967776,4.7516985,105.0
2025-03-29 13:00:00,solar.bun_tlc#realenergyintotheload#kwh,BUNDOORA,6.90625,8.56207,8.051248,7.8127093,172.0
2025-03-29 14:00:00,solar.bun_tlc#realenergyintotheload#kwh,BUNDOORA,23.09375,12.206562,13.391656,12.994895,285.0
2025-03-29 15:00:00,solar.bun_tlc#realenergyintotheload#kwh,BUNDOORA,12.1875,12.882191,8.612573,8.357404,188.0
2025-03-29 16:00:00,solar.bun_tlc#realenergyintotheload#kwh,BUNDOORA,5.0,16.702682,3.5397222,3.434849,76.0
2025-03-29 17:00:00,solar.bun_tlc#realenergyintotheload#kwh,BUNDOORA,8.59375,10.421315,9.11646,8.846362,195.0
2025-03-29 18:00:00,solar.bun_tlc#realenergyintotheload#kwh,BUNDOORA,7.40625,8.652342,4.2783346,4.1515784,94.0
2025-03-29 19:00:00,solar.bun_tlc#realenergyintotheload#kwh,BUNDOORA,1.9375,8.65766,1.4941996,1.4499302,36.0
2025-03-29 20:00:00,solar.bun_tlc#realenergyintotheload#kwh,BUNDOORA,0.0,6.462058,0.0024705508,0.0023973547,0.0
2025-03-29 21:00:00,solar.bun_tlc#realenergyintotheload#kwh,BUNDOORA,0.0,1.2267896,0.0019614156,0.0019033038,0.0
2025-03-29 22:00:00,solar.bun_tlc#realenergyintotheload#kwh,BUNDOORA,0.0,0.5845616,0.0023611137,0.0022911597,0.0
2025-03-29 23:00:00,solar.bun_tlc#realenergyintotheload#kwh,BUNDOORA,0.0,0.1985066,0.0029226898,0.0028360977,0.0
2025-03-30 00:00:00,solar.bun_tlc#realenergyintotheload#kwh,BUNDOORA,0.0,0.5597316,0.0019101606,0.0018535673,0.0
2025-03-30 01:00:00,solar.bun_tlc#realenergyintotheload#kwh,BUNDOORA,0.0,0.06437155,0.0005989819,0.00058123557,0.0
2025-03-30 02:00:00,solar.bun_tlc#realenergyintotheload#kwh,BUNDOORA,0.0,0.092314005,0.0012776953,0.0012398404,0.0
2025-03-30 03:00:00,solar.bun_tlc#realenergyintotheload#kwh,BUNDOORA,0.0,0.057663914,0.0019614156,0.0019033038,0.0
2025-03-30 04:00:00,solar.bun_tlc#realenergyintotheload#kwh,BUNDOORA,0.0,0.44833773,0.0036629557,0.0035544315,0.0
2025-03-30 05:00:00,solar.bun_tlc#realenergyintotheload#kwh,BUNDOORA,0.0,0.65814143,0.0036629557,0.0035544315,0.0
2025-03-30 06:00:00,solar.bun_tlc#realenergyintotheload#kwh,BUNDOORA,0.0,0.56227183,0.0024705508,0.0023973547,0.0
2025-03-30 07:00:00,solar.bun_tlc#realenergyintotheload#kwh,BUNDOORA,0.0,4.425376,0.0019101606,0.0018535673,0.0
2025-03-30 08:00:00,solar.bun_tlc#realenergyintotheload#kwh,BUNDOORA,0.125,12.088391,0.64393514,0.62485695,17.0
2025-03-30 09:00:00,solar.bun_tlc#realenergyintotheload#kwh,BUNDOORA,3.40625,7.928702,6.338121,6.150338,161.0
2025-03-30 10:00:00,solar.bun_tlc#realenergyintotheload#kwh,BUNDOORA,9.6875,13.508986,15.528784,15.068705,332.0
2025-03-30 11:00:00,solar.bun_tlc#realenergyintotheload#kwh,BUNDOORA,21.84375,18.083233,24.699766,23.967974,525.0
2025-03-30 12:00:00,solar.bun_tlc#realenergyintotheload#kwh,BUNDOORA,17.21875,17.171465,21.46035,20.824533,457.0
2025-03-30 13:00:00,solar.bun_tlc#realenergyintotheload#kwh,BUNDOORA,15.4375,20.172436,17.091702,16.585318,360.0
2025-03-30 14:00:00,solar.bun_tlc#realenergyintotheload#kwh,BUNDOORA,19.875,24.856508,21.342922,20.710585,457.0
2025-03-30 15:00:00,solar.bun_tlc#realenergyintotheload#kwh,BUNDOORA,16.53125,18.956251,12.843044,12.462537,269.0
2025-03-30 16:00:00,solar.bun_tlc#realenergyintotheload#kwh,BUNDOORA,17.40625,28.06994,19.49648,18.918848,398.0
2025-03-30 17:00:00,solar.bun_tlc#realenergyintotheload#kwh,BUNDOORA,13.15625,20.535963,12.792824,12.413804,264.0
2025-03-30 18:00:00,solar.bun_tlc#realenergyintotheload#kwh,BUNDOORA,6.25,16.281403,6.6867285,6.4886174,164.0
2025-03-30 19:00:00,solar.bun_tlc#realenergyintotheload#kwh,BUNDOORA,1.75,8.142321,2.069496,2.0081818,46.0
2025-03-30 20:00:00,solar.bun_tlc#realenergyintotheload#kwh,BUNDOORA,0.03125,2.981607,-0.017921396,0.0,0.0
2025-03-30 21:00:00,solar.bun_tlc#realenergyintotheload#kwh,BUNDOORA,0.0,0.20420858,0.0032827703,0.00318551,0.0
2025-03-30 22:00:00,solar.bun_tlc#realenergyintotheload#kwh,BUNDOORA,0.0,-0.29427093,0.0032827703,0.00318551,0.0
2025-03-30 23:00:00,solar.bun_tlc#realenergyintotheload#kwh,BUNDOORA,0.0,-0.29802567,0.0015456179,0.0014998252,0.0
2025-03-31 00:00:00,solar.bun_tlc#realenergyintotheload#kwh,BUNDOORA,0.0,-0.009848873,0.0023840612,0.0023134274,0.0
2025-03-31 01:00:00,solar.bun_tlc#realenergyintotheload#kwh,BUNDOORA,0.0,0.39318532,0.0017004885,0.0016501073,0.0
2025-03-31 02:00:00,solar.bun_tlc#realenergyintotheload#kwh,BUNDOORA,0.0,0.6511971,0.0016441221,0.0015954109,0.0
2025-03-31 03:00:00,solar.bun_tlc#realenergyintotheload#kwh,BUNDOORA,0.0,0.67447484,0.0008486737,0.0008235296,0.0
2025-03-31 04:00:00,solar.bun_tlc#realenergyintotheload#kwh,BUNDOORA,0.0,0.70132273,0.003126213,0.0030335912,0.0
2025-03-31 05:00:00,solar.bun_tlc#realenergyintotheload#kwh,BUNDOORA,0.0,0.84030926,0.0037008382,0.0035911915,0.0
2025-03-31 06:00:00,solar.bun_tlc#realenergyintotheload#kwh,BUNDOORA,0.0,0.8122772,0.0024520666,0.0023794181,0.0
2025-03-31 07:00:00,solar.bun_tlc#realenergyintotheload#kwh,BUNDOORA,0.0,2.83419,0.0024520666,0.0023794181,0.0
2025-03-31 08:00:00,solar.bun_tlc#realenergyintotheload#kwh,BUNDOORA,0.3125,7.522028,0.53857166,0.52261513,16.0
2025-03-31 09:00:00,solar.bun_tlc#realenergyintotheload#kwh,BUNDOORA,5.90625,15.947338,8.055218,7.8165617,188.0
2025-03-31 10:00:00,solar.bun_tlc#realenergyintotheload#kwh,BUNDOORA,16.21875,23.182734,19.461039,18.884457,390.0
2025-03-31 11:00:00,solar.bun_tlc#realenergyintotheload#kwh,BUNDOORA,26.15625,26.128828,27.62808,26.80953,569.0
2025-03-31 12:00:00,solar.bun_tlc#realenergyintotheload#kwh,BUNDOORA,36.59375,30.705011,30.01223,29.123043,649.0
2025-03-31 13:00:00,solar.bun_tlc#realenergyintotheload#kwh,BUNDOORA,32.40625,22.542334,26.076963,25.304369,548.0
2025-03-31 14:00:00,solar.bun_tlc#realenergyintotheload#kwh,BUNDOORA,31.0,20.574839,22.16919,21.512371,471.0
2025-03-31 15:00:00,solar.bun_tlc#realenergyintotheload#kwh,BUNDOORA,27.4375,22.472322,27.078236,26.275974,557.0
2025-03-31 16:00:00,solar.bun_tlc#realenergyintotheload#kwh,BUNDOORA,26.03125,19.543728,17.692114,17.16794,371.0
2025-03-31 17:00:00,solar.bun_tlc#realenergyintotheload#kwh,BUNDOORA,19.28125,17.79202,17.94542,17.413742,375.0
2025-03-31 18:00:00,solar.bun_tlc#realenergyintotheload#kwh,BUNDOORA,14.0625,14.008862,9.641017,9.355378,201.0
2025-03-31 19:00:00,solar.bun_tlc#realenergyintotheload#kwh,BUNDOORA,2.21875,8.012558,1.2514237,1.2143471,32.0
2025-03-31 20:00:00,solar.bun_tlc#realenergyintotheload#kwh,BUNDOORA,0.0,6.942892,-0.0029960417,0.0,0.0
2025-03-31 21:00:00,solar.bun_tlc#realenergyintotheload#kwh,BUNDOORA,0.0,1.8134744,0.0015422115,0.0014965197,0.0
2025-03-31 22:00:00,solar.bun_tlc#realenergyintotheload#kwh,BUNDOORA,0.0,1.1618906,0.004796633,0.0046545207,0.0
2025-03-31 23:00:00,solar.bun_tlc#realenergyintotheload#kwh,BUNDOORA,0.0,0.47577885,0.0005292429,0.00051356276,0.0
2025-04-01 00:00:00,solar.bun_tlc#realenergyintotheload#kwh,BUNDOORA,0.0,0.34508187,0.0009115249,0.0008845187,0.0
2025-04-01 01:00:00,solar.bun_tlc#realenergyintotheload#kwh,BUNDOORA,0.0,0.4898323,0.0017633422,0.0017110987,0.0
2025-04-01 02:00:00,solar.bun_tlc#realenergyintotheload#kwh,BUNDOORA,0.0,0.37782162,0.0017633422,0.0017110987,0.0
2025-04-01 03:00:00,solar.bun_tlc#realenergyintotheload#kwh,BUNDOORA,0.0,0.3734643,0.0017633422,0.0017110987,0.0
2025-04-01 04:00:00,solar.bun_tlc#realenergyintotheload#kwh,BUNDOORA,0.0,0.037576355,0.0014560526,0.0014129134,0.0
2025-04-01 05:00:00,solar.bun_tlc#realenergyintotheload#kwh,BUNDOORA,0.0,-0.02028218,0.0014560526,0.0014129134,0.0
2025-04-01 06:00:00,solar.bun_tlc#realenergyintotheload#kwh,BUNDOORA,0.0,-0.17429227,0.0023267765,0.00225784,0.0
2025-04-01 07:00:00,solar.bun_tlc#realenergyintotheload#kwh,BUNDOORA,0.0,0.44262177,0.0023267765,0.00225784,0.0
2025-04-01 08:00:00,solar.bun_tlc#realenergyintotheload#kwh,BUNDOORA,0.125,0.46640664,0.65453774,0.6351454,18.0
2025-04-01 09:00:00,solar.bun_tlc#realenergyintotheload#kwh,BUNDOORA,5.21875,0.41404518,8.389196,8.140645,195.0
2025-04-01 10:00:00,solar.bun_tlc#realenergyintotheload#kwh,BUNDOORA,14.875,1.0166181,18.211365,17.671808,395.0
2025-04-01 11:00:00,solar.bun_tlc#realenergyintotheload#kwh,BUNDOORA,26.0,24.823982,28.002504,27.17286,572.0
2025-04-01 12:00:00,solar.bun_tlc#realenergyintotheload#kwh,BUNDOORA,33.8125,34.693993,32.867714,31.893927,704.0
2025-04-01 13:00:00,solar.bun_tlc#realenergyintotheload#kwh,BUNDOORA,37.3125,37.945934,36.313282,35.23741,777.0
2025-04-01 14:00:00,solar.bun_tlc#realenergyintotheload#kwh,BUNDOORA,38.40625,35.732555,36.370304,35.292744,786.0
2025-04-01 15:00:00,solar.bun_tlc#realenergyintotheload#kwh,BUNDOORA,36.78125,34.319176,33.875263,32.871624,730.0
2025-04-01 16:00:00,solar.bun_tlc#realenergyintotheload#kwh,BUNDOORA,33.46875,21.481705,22.375061,21.712143,463.0
2025-04-01 17:00:00,solar.bun_tlc#realenergyintotheload#kwh,BUNDOORA,9.625,11.927516,13.029935,12.64389,267.0
2025-04-01 18:00:00,solar.bun_tlc#realenergyintotheload#kwh,BUNDOORA,5.0,13.062717,10.550525,10.237939,214.0
2025-04-01 19:00:00,solar.bun_tlc#realenergyintotheload#kwh,BUNDOORA,1.78125,13.409137,2.708254,2.6280153,59.0
2025-04-01 20:00:00,solar.bun_tlc#realenergyintotheload#kwh,BUNDOORA,0.0,6.1701503,0.010602044,0.010287932,0.0
2025-04-01 21:00:00,solar.bun_tlc#realenergyintotheload#kwh,BUNDOORA,0.0,0.8601418,0.0024145534,0.0023430162,0.0
2025-04-01 22:00:00,solar.bun_tlc#realenergyintotheload#kwh,BUNDOORA,0.0,0.27808258,0.0026463845,0.0025679788,0.0
2025-04-01 23:00:00,solar.bun_tlc#realenergyintotheload#kwh,BUNDOORA,0.0,0.19358867,0.00191694,0.0018601458,0.0
2025-04-02 00:00:00,solar.bun_tlc#realenergyintotheload#kwh,BUNDOORA,0.0,0.08209685,0.0010651249,0.0010335679,0.0
2025-04-02 01:00:00,solar.bun_tlc#realenergyintotheload#kwh,BUNDOORA,0.0,0.04064292,0.002026918,0.0019668655,0.0
2025-04-02 02:00:00,solar.bun_tlc#realenergyintotheload#kwh,BUNDOORA,0.0,0.042419054,0.002026918,0.0019668655,0.0
2025-04-02 03:00:00,solar.bun_tlc#realenergyintotheload#kwh,BUNDOORA,0.0,0.009950949,0.002026918,0.0019668655,0.0
2025-04-02 04:00:00,solar.bun_tlc#realenergyintotheload#kwh,BUNDOORA,0.0,-0.04747235,0.0015363984,0.0014908788,0.0
2025-04-02 05:00:00,solar.bun_tlc#realenergyintotheload#kwh,BUNDOORA,0.0,-0.02532599,0.0008409031,0.0008159892,0.0
2025-04-02 06:00:00,solar.bun_tlc#realenergyintotheload#kwh,BUNDOORA,0.0,-0.024639297,0.001405916,0.0013642622,0.0
2025-04-02 07:00:00,solar.bun_tlc#realenergyintotheload#kwh,BUNDOORA,0.0,0.106355175,0.0008409031,0.0008159892,0.0
2025-04-02 08:00:00,solar.bun_tlc#realenergyintotheload#kwh,BUNDOORA,0.15625,0.26370853,0.54426944,0.5281441,16.0
2025-04-02 09:00:00,solar.bun_tlc#realenergyintotheload#kwh,BUNDOORA,5.0,0.511419,9.495703,9.214369,188.0
2025-04-02 10:00:00,solar.bun_tlc#realenergyintotheload#kwh,BUNDOORA,14.40625,3.0293784,18.227068,17.687046,386.0
2025-04-02 11:00:00,solar.bun_tlc#realenergyintotheload#kwh,BUNDOORA,24.625,27.62585,28.386242,27.545229,565.0
2025-04-02 12:00:00,solar.bun_tlc#realenergyintotheload#kwh,BUNDOORA,31.84375,29.41052,32.494884,31.532143,695.0
2025-04-02 13:00:00,solar.bun_tlc#realenergyintotheload#kwh,BUNDOORA,35.46875,34.90962,36.40787,35.329197,766.0
2025-04-02 14:00:00,solar.bun_tlc#realenergyintotheload#kwh,BUNDOORA,36.625,35.959133,36.30085,35.225346,774.0
2025-04-02 15:00:00,solar.bun_tlc#realenergyintotheload#kwh,BUNDOORA,33.09375,33.343933,33.203625,32.219883,715.0
2025-04-02 16:00:00,solar.bun_tlc#realenergyintotheload#kwh,BUNDOORA,29.03125,28.645857,28.970879,28.112543,600.0
2025-04-02 17:00:00,solar.bun_tlc#realenergyintotheload#kwh,BUNDOORA,21.34375,20.545355,20.52864,19.92043,438.0
2025-04-02 18:00:00,solar.bun_tlc#realenergyintotheload#kwh,BUNDOORA,9.3125,16.311638,10.673147,10.356929,217.0
2025-04-02 19:00:00,solar.bun_tlc#realenergyintotheload#kwh,BUNDOORA,2.21875,3.6789744,1.7256314,1.6745052,40.0
2025-04-02 20:00:00,solar.bun_tlc#realenergyintotheload#kwh,BUNDOORA,0.0,2.7227623,0.006067455,0.0058876914,0.0
2025-04-02 21:00:00,solar.bun_tlc#realenergyintotheload#kwh,BUNDOORA,0.0,0.36837974,0.004623211,0.0044862367,0.0
2025-04-02 22:00:00,solar.bun_tlc#realenergyintotheload#kwh,BUNDOORA,0.0,0.15535375,0.0052692955,0.0051131793,0.0
2025-04-02 23:00:00,solar.bun_tlc#realenergyintotheload#kwh,BUNDOORA,0.0,0.12343156,0.004972675,0.004825347,0.0
2025-04-03 00:00:00,solar.bun_tlc#realenergyintotheload#kwh,BUNDOORA,0.0,0.08592417,0.0014619057,0.001418593,0.0
2025-04-03 01:00:00,solar.bun_tlc#realenergyintotheload#kwh,BUNDOORA,0.0,0.10565886,0.0013986868,0.0013572472,0.0
2025-04-03 02:00:00,solar.bun_tlc#realenergyintotheload#kwh,BUNDOORA,0.0,0.09084848,0.0014619057,0.001418593,0.0
2025-04-03 03:00:00,solar.bun_tlc#realenergyintotheload#kwh,BUNDOORA,0.0,0.079695866,0.0014619057,0.001418593,0.0
2025-04-03 04:00:00,solar.bun_tlc#realenergyintotheload#kwh,BUNDOORA,0.0,0.075025834,0.0019636992,0.0019055197,0.0
2025-04-03 05:00:00,solar.bun_tlc#realenergyintotheload#kwh,BUNDOORA,0.0,0.011374466,0.0018964355,0.0018402488,0.0
2025-04-03 06:00:00,solar.bun_tlc#realenergyintotheload#kwh,BUNDOORA,0.0,-0.009807724,0.0013314232,0.0012919764,0.0
2025-04-03 07:00:00,solar.bun_tlc#realenergyintotheload#kwh,BUNDOORA,0.0,0.18553221,0.0012004967,0.001164929,0.0
2025-04-03 08:00:00,solar.bun_tlc#realenergyintotheload#kwh,BUNDOORA,0.03125,0.048978318,0.294493,0.2857679,9.0
2025-04-03 09:00:00,solar.bun_tlc#realenergyintotheload#kwh,BUNDOORA,1.8125,0.40489158,4.009319,3.8905327,94.0
2025-04-03 10:00:00,solar.bun_tlc#realenergyintotheload#kwh,BUNDOORA,5.9375,2.7195144,9.844872,9.553193,207.0
2025-04-03 11:00:00,solar.bun_tlc#realenergyintotheload#kwh,BUNDOORA,13.1875,19.898333,20.652071,20.040201,403.0
2025-04-03 12:00:00,solar.bun_tlc#realenergyintotheload#kwh,BUNDOORA,23.53125,24.957317,31.54035,30.605888,651.0
2025-04-03 13:00:00,solar.bun_tlc#realenergyintotheload#kwh,BUNDOORA,26.65625,26.05536,32.049118,31.099583,677.0
2025-04-03 14:00:00,solar.bun_tlc#realenergyintotheload#kwh,BUNDOORA,31.21875,28.646128,35.280827,34.235542,750.0
2025-04-03 15:00:00,solar.bun_tlc#realenergyintotheload#kwh,BUNDOORA,33.34375,25.098566,32.365055,31.406158,706.0
2025-04-03 16:00:00,solar.bun_tlc#realenergyintotheload#kwh,BUNDOORA,29.375,25.313314,24.756313,24.022846,502.0
2025-04-03 17:00:00,solar.bun_tlc#realenergyintotheload#kwh,BUNDOORA,20.625,22.869158,17.683758,17.159832,363.0
2025-04-03 18:00:00,solar.bun_tlc#realenergyintotheload#kwh,BUNDOORA,4.625,15.468773,4.297218,4.169902,102.0
2025-04-03 19:00:00,solar.bun_tlc#realenergyintotheload#kwh,BUNDOORA,1.75,10.217446,0.85602844,0.8306665,23.0
2025-04-03 20:00:00,solar.bun_tlc#realenergyintotheload#kwh,BUNDOORA,0.0,5.3953414,0.0019101606,0.0018535673,0.0
2025-04-03 21:00:00,solar.bun_tlc#realenergyintotheload#kwh,BUNDOORA,0.0,-0.037965383,0.00019683555,0.0001910038,0.0
2025-04-03 22:00:00,solar.bun_tlc#realenergyintotheload#kwh,BUNDOORA,0.0,0.26108977,0.0005989819,0.00058123557,0.0
2025-04-03 23:00:00,solar.bun_tlc#realenergyintotheload#kwh,BUNDOORA,0.0,0.64380884,0.0005989819,0.00058123557,0.0
2025-04-04 00:00:00,solar.bun_tlc#realenergyintotheload#kwh,BUNDOORA,0.0,0.38820413,0.0010865338,0.0010543425,0.0
2025-04-04 01:00:00,solar.bun_tlc#realenergyintotheload#kwh,BUNDOORA,0.0,0.4373268,0.0017001233,0.001649753,0.0
2025-04-04 02:00:00,solar.bun_tlc#realenergyintotheload#kwh,BUNDOORA,0.0,0.025941497,0.0006042352,0.0005863332,0.0
2025-04-04 03:00:00,solar.bun_tlc#realenergyintotheload#kwh,BUNDOORA,0.0,0.06788485,0.0004737526,0.00045971648,0.0
2025-04-04 04:00:00,solar.bun_tlc#realenergyintotheload#kwh,BUNDOORA,0.0,-0.0022217957,0.0004737526,0.00045971648,0.0
2025-04-04 05:00:00,solar.bun_tlc#realenergyintotheload#kwh,BUNDOORA,0.0,-0.027761031,0.0004105337,0.0003983706,0.0
2025-04-04 06:00:00,solar.bun_tlc#realenergyintotheload#kwh,BUNDOORA,0.0,0.051408645,0.0010403094,0.0010094877,0.0
2025-04-04 07:00:00,solar.bun_tlc#realenergyintotheload#kwh,BUNDOORA,0.0,0.39376378,0.0015627564,0.0015164558,0.0
2025-04-04 08:00:00,solar.bun_tlc#realenergyintotheload#kwh,BUNDOORA,0.0,2.2972555,0.32431915,0.31471038,10.0
2025-04-04 09:00:00,solar.bun_tlc#realenergyintotheload#kwh,BUNDOORA,1.1875,6.7862806,3.994152,3.8758154,84.0
2025-04-04 10:00:00,solar.bun_tlc#realenergyintotheload#kwh,BUNDOORA,4.9375,8.806411,9.635008,9.349546,199.0
2025-04-04 11:00:00,solar.bun_tlc#realenergyintotheload#kwh,BUNDOORA,11.125,12.144721,12.458738,12.089617,254.0
2025-04-04 12:00:00,solar.bun_tlc#realenergyintotheload#kwh,BUNDOORA,12.4375,14.672115,12.282665,11.91876,252.0
2025-04-04 13:00:00,solar.bun_tlc#realenergyintotheload#kwh,BUNDOORA,8.03125,13.201763,7.4435954,7.22306,158.0
2025-04-04 14:00:00,solar.bun_tlc#realenergyintotheload#kwh,BUNDOORA,15.34375,14.725685,14.447173,14.019139,297.0
2025-04-04 15:00:00,solar.bun_tlc#realenergyintotheload#kwh,BUNDOORA,18.09375,21.687428,17.405905,16.890211,363.0
2025-04-04 16:00:00,solar.bun_tlc#realenergyintotheload#kwh,BUNDOORA,12.65625,17.125778,15.157722,14.708637,310.0
2025-04-04 17:00:00,solar.bun_tlc#realenergyintotheload#kwh,BUNDOORA,7.78125,11.250479,11.845533,11.49458,237.0
2025-04-04 18:00:00,solar.bun_tlc#realenergyintotheload#kwh,BUNDOORA,6.8125,6.2756867,7.9937916,7.7569556,169.0
2025-04-04 19:00:00,solar.bun_tlc#realenergyintotheload#kwh,BUNDOORA,1.75,1.2257476,0.9751719,0.94628,26.0
2025-04-04 20:00:00,solar.bun_tlc#realenergyintotheload#kwh,BUNDOORA,0.0,0.68394107,0.011630535,0.011285951,0.0
2025-04-04 21:00:00,solar.bun_tlc#realenergyintotheload#kwh,BUNDOORA,0.0,0.101310596,0.015663937,0.015199853,0.0
2025-04-04 22:00:00,solar.bun_tlc#realenergyintotheload#kwh,BUNDOORA,0.0,-0.104918465,0.0013063931,0.0012676879,0.0
2025-04-04 23:00:00,solar.bun_tlc#realenergyintotheload#kwh,BUNDOORA,0.0,0.06122032,0.0015371741,0.0014916315,0.0
2025-04-05 00:00:00,solar.bun_tlc#realenergyintotheload#kwh,BUNDOORA,0.0,0.12355918,0.0060934112,0.0059128786,0.0
2025-04-05 01:00:00,solar.bun_tlc#realenergyintotheload#kwh,BUNDOORA,0.0,0.0065208566,0.00052470673,0.000509161,0.0
2025-04-05 02:00:00,solar.bun_tlc#realenergyintotheload#kwh,BUNDOORA,0.0,0.24418917,0.0015023708,0.0014578593,0.0
2025-04-05 03:00:00,solar.bun_tlc#realenergyintotheload#kwh,BUNDOORA,0.0,-0.009199727,0.00078313827,0.0007599358,0.0
2025-04-05 04:00:00,solar.bun_tlc#realenergyintotheload#kwh,BUNDOORA,0.0,0.26097518,0.0010379662,0.0010072138,0.0
2025-04-05 05:00:00,solar.bun_tlc#realenergyintotheload#kwh,BUNDOORA,0.0,-0.1373217,0.0028471278,0.0027627745,0.0
2025-04-05 06:00:00,solar.bun_tlc#realenergyintotheload#kwh,BUNDOORA,0.0,0.043634668,0.0015471011,0.0015012643,0.0
2025-04-05 07:00:00,solar.bun_tlc#realenergyintotheload#kwh,BUNDOORA,0.0,0.35864297,0.0010382137,0.001007454,0.0
2025-04-05 08:00:00,solar.bun_tlc#realenergyintotheload#kwh,BUNDOORA,0.15625,1.7700406,0.4133896,0.40114188,12.0
2025-04-05 09:00:00,solar.bun_tlc#realenergyintotheload#kwh,BUNDOORA,4.78125,4.8969836,9.816158,9.52533,180.0
2025-04-05 10:00:00,solar.bun_tlc#realenergyintotheload#kwh,BUNDOORA,13.40625,13.448351,17.26331,16.75184,326.0
2025-04-05 11:00:00,solar.bun_tlc#realenergyintotheload#kwh,BUNDOORA,23.53125,24.692707,25.835392,25.069954,555.0
2025-04-05 12:00:00,solar.bun_tlc#realenergyintotheload#kwh,BUNDOORA,26.8125,29.105986,27.969904,27.141226,595.0
2025-04-05 13:00:00,solar.bun_tlc#realenergyintotheload#kwh,BUNDOORA,36.65625,34.26281,34.800175,33.76913,759.0
2025-04-05 14:00:00,solar.bun_tlc#realenergyintotheload#kwh,BUNDOORA,37.9375,34.318714,35.99859,34.93204,769.0
2025-04-05 15:00:00,solar.bun_tlc#realenergyintotheload#kwh,BUNDOORA,35.65625,34.502296,31.865374,30.921282,714.0
2025-04-05 16:00:00,solar.bun_tlc#realenergyintotheload#kwh,BUNDOORA,30.625,28.913435,27.915518,27.088451,599.0
2025-04-05 17:00:00,solar.bun_tlc#realenergyintotheload#kwh,BUNDOORA,21.71875,17.922155,21.391636,20.757854,434.0
2025-04-05 18:00:00,solar.bun_tlc#realenergyintotheload#kwh,BUNDOORA,11.28125,10.165917,12.21633,11.85439,239.0
2025-04-05 19:00:00,solar.bun_tlc#realenergyintotheload#kwh,BUNDOORA,2.4375,3.893557,1.9961482,1.9370073,45.0
2025-04-05 20:00:00,solar.bun_tlc#realenergyintotheload#kwh,BUNDOORA,0.0,0.32140028,0.00045968778,0.00044606838,0.0
2025-04-05 21:00:00,solar.bun_tlc#realenergyintotheload#kwh,BUNDOORA,0.0,-0.06036224,0.0018565003,0.0018014968,0.0
2025-04-05 22:00:00,solar.bun_tlc#realenergyintotheload#kwh,BUNDOORA,0.0,0.053376563,0.0067446115,0.0065447856,0.0
2025-04-05 23:00:00,solar.bun_tlc#realenergyintotheload#kwh,BUNDOORA,0.0,-0.0006510127,0.00089289556,0.0008664413,0.0
2025-04-06 00:00:00,solar.bun_tlc#realenergyintotheload#kwh,BUNDOORA,0.0,-0.0006510127,0.00089289556,0.0008664413,0.0
2025-04-06 01:00:00,solar.bun_tlc#realenergyintotheload#kwh,BUNDOORA,0.0,0.0047935382,0.00089289556,0.0008664413,0.0
2025-04-06 02:00:00,solar.bun_tlc#realenergyintotheload#kwh,BUNDOORA,0.0,0.030050695,0.00033184592,0.00032201415,0.0
2025-04-06 03:00:00,solar.bun_tlc#realenergyintotheload#kwh,BUNDOORA,0.0,0.05754082,0.00033184592,0.00032201415,0.0
2025-04-06 04:00:00,solar.bun_tlc#realenergyintotheload#kwh,BUNDOORA,0.0,0.05555438,0.00033184592,0.00032201415,0.0
2025-04-06 05:00:00,solar.bun_tlc#realenergyintotheload#kwh,BUNDOORA,0.0,0.028903473,0.00026862705,0.00026066828,0.0
2025-04-06 06:00:00,solar.bun_tlc#realenergyintotheload#kwh,BUNDOORA,0.0,0.40097326,0.0003446107,0.00033440074,0.0
2025-04-06 07:00:00,solar.bun_tlc#realenergyintotheload#kwh,BUNDOORA,0.09375,1.4234475,0.17369412,0.168548,7.0
2025-04-06 08:00:00,solar.bun_tlc#realenergyintotheload#kwh,BUNDOORA,1.875,7.1480494,3.9423401,3.8255384,83.0
2025-04-06 09:00:00,solar.bun_tlc#realenergyintotheload#kwh,BUNDOORA,5.4375,10.763423,9.388515,9.110357,192.0
2025-04-06 10:00:00,solar.bun_tlc#realenergyintotheload#kwh,BUNDOORA,18.96875,19.620007,23.325403,22.634329,462.0
2025-04-06 11:00:00,solar.bun_tlc#realenergyintotheload#kwh,BUNDOORA,28.46875,32.151947,32.110836,31.159472,655.0
2025-04-06 12:00:00,solar.bun_tlc#realenergyintotheload#kwh,BUNDOORA,32.84375,22.521292,27.431477,26.61875,561.0
2025-04-06 13:00:00,solar.bun_tlc#realenergyintotheload#kwh,BUNDOORA,19.75,18.983837,17.421822,16.905657,370.0
2025-04-06 14:00:00,solar.bun_tlc#realenergyintotheload#kwh,BUNDOORA,17.6875,16.662785,17.108185,16.601313,352.0
2025-04-06 15:00:00,solar.bun_tlc#realenergyintotheload#kwh,BUNDOORA,20.84375,14.676516,14.215283,13.79412,305.0
2025-04-06 16:00:00,solar.bun_tlc#realenergyintotheload#kwh,BUNDOORA,10.40625,16.466066,13.865817,13.455008,274.0
2025-04-06 17:00:00,solar.bun_tlc#realenergyintotheload#kwh,BUNDOORA,1.78125,18.424353,4.7221518,4.5822463,106.0
2025-04-06 18:00:00,solar.bun_tlc#realenergyintotheload#kwh,BUNDOORA,0.875,11.48698,0.5271415,0.5115236,15.0
2025-04-06 19:00:00,solar.bun_tlc#realenergyintotheload#kwh,BUNDOORA,0.0,4.581035,-0.0024872674,0.0,0.0
2025-04-06 20:00:00,solar.bun_tlc#realenergyintotheload#kwh,BUNDOORA,0.0,0.23962766,0.000106353145,0.00010320217,0.0
2025-04-06 21:00:00,solar.bun_tlc#realenergyintotheload#kwh,BUNDOORA,0.0,0.044884644,0.00019683555,0.0001910038,0.0
2025-04-06 22:00:00,solar.bun_tlc#realenergyintotheload#kwh,BUNDOORA,0.0,-0.0800504,0.00057911925,0.0005619614,0.0
2025-04-06 23:00:00,solar.bun_tlc#realenergyintotheload#kwh,BUNDOORA,0.0,-0.14643632,0.0008104253,0.0007864144,0.0
2025-04-07 00:00:00,solar.bun_tlc#realenergyintotheload#kwh,BUNDOORA,0.0,-0.03597825,0.0014688175,0.0014253,0.0
2025-04-07 01:00:00,solar.bun_tlc#realenergyintotheload#kwh,BUNDOORA,0.0,-0.0073178494,0.0014688175,0.0014253,0.0
2025-04-07 02:00:00,solar.bun_tlc#realenergyintotheload#kwh,BUNDOORA,0.0,-0.004256876,0.0013928338,0.0013515676,0.0
2025-04-07 03:00:00,solar.bun_tlc#realenergyintotheload#kwh,BUNDOORA,0.0,0.029648837,0.000617,0.0005987198,0.0
2025-04-07 04:00:00,solar.bun_tlc#realenergyintotheload#kwh,BUNDOORA,0.0,0.025800642,0.0004105337,0.0003983706,0.0
2025-04-07 05:00:00,solar.bun_tlc#realenergyintotheload#kwh,BUNDOORA,0.0,-0.023354888,0.0004105337,0.0003983706,0.0
2025-04-07 06:00:00,solar.bun_tlc#realenergyintotheload#kwh,BUNDOORA,0.0,0.32295358,0.00048651735,0.00047210307,0.0
2025-04-07 07:00:00,solar.bun_tlc#realenergyintotheload#kwh,BUNDOORA,0.0,1.0624733,0.20311719,0.19709934,7.0
2025-04-07 08:00:00,solar.bun_tlc#realenergyintotheload#kwh,BUNDOORA,1.71875,3.947302,4.3465347,4.2177577,96.0
2025-04-07 09:00:00,solar.bun_tlc#realenergyintotheload#kwh,BUNDOORA,7.3125,10.106882,15.648533,15.184906,312.0
2025-04-07 10:00:00,solar.bun_tlc#realenergyintotheload#kwh,BUNDOORA,15.9375,14.312458,17.385038,16.869963,344.0
2025-04-07 11:00:00,solar.bun_tlc#realenergyintotheload#kwh,BUNDOORA,11.75,19.57567,15.801156,15.333007,318.0
2025-04-07 12:00:00,solar.bun_tlc#realenergyintotheload#kwh,BUNDOORA,19.59375,18.52728,16.62477,16.13222,343.0
2025-04-07 13:00:00,solar.bun_tlc#realenergyintotheload#kwh,BUNDOORA,8.4375,11.777489,8.2735195,8.028396,177.0
2025-04-07 14:00:00,solar.bun_tlc#realenergyintotheload#kwh,BUNDOORA,22.8125,20.429777,22.192337,21.534834,464.0
2025-04-07 15:00:00,solar.bun_tlc#realenergyintotheload#kwh,BUNDOORA,8.5625,11.465799,8.03716,7.799039,169.0
2025-04-07 16:00:00,solar.bun_tlc#realenergyintotheload#kwh,BUNDOORA,11.53125,11.938351,13.393292,12.996483,266.0
2025-04-07 17:00:00,solar.bun_tlc#realenergyintotheload#kwh,BUNDOORA,7.125,12.355032,6.106931,5.925998,141.0
2025-04-07 18:00:00,solar.bun_tlc#realenergyintotheload#kwh,BUNDOORA,1.1875,3.9129872,0.98113173,0.95206326,25.0
2025-04-07 19:00:00,solar.bun_tlc#realenergyintotheload#kwh,BUNDOORA,0.0,2.6079981,0.005138813,0.0049865628,0.0
2025-04-07 20:00:00,solar.bun_tlc#realenergyintotheload#kwh,BUNDOORA,0.0,0.26027182,0.010693912,0.010377078,0.0
2025-04-07 21:00:00,solar.bun_tlc#realenergyintotheload#kwh,BUNDOORA,0.0,0.12348722,0.011893924,0.011541537,0.0
2025-04-07 22:00:00,solar.bun_tlc#realenergyintotheload#kwh,BUNDOORA,0.0,0.09942033,0.011893924,0.011541537,0.0
2025-04-07 23:00:00,solar.bun_tlc#realenergyintotheload#kwh,BUNDOORA,0.0,0.14212425,0.010693912,0.010377078,0.0
2025-04-08 00:00:00,solar.bun_tlc#realenergyintotheload#kwh,BUNDOORA,0.0,0.105740175,0.0012682043,0.0012306306,0.0
2025-04-08 01:00:00,solar.bun_tlc#realenergyintotheload#kwh,BUNDOORA,0.0,-0.10281866,0.0012682043,0.0012306306,0.0
2025-04-08 02:00:00,solar.bun_tlc#realenergyintotheload#kwh,BUNDOORA,0.0,0.0001562275,0.0012682043,0.0012306306,0.0
2025-04-08 03:00:00,solar.bun_tlc#realenergyintotheload#kwh,BUNDOORA,0.0,0.026413603,0.0010700141,0.0010383122,0.0
2025-04-08 04:00:00,solar.bun_tlc#realenergyintotheload#kwh,BUNDOORA,0.0,-0.023298915,0.0013314232,0.0012919764,0.0
2025-04-08 05:00:00,solar.bun_tlc#realenergyintotheload#kwh,BUNDOORA,0.0,-0.0017184598,0.0013314232,0.0012919764,0.0
2025-04-08 06:00:00,solar.bun_tlc#realenergyintotheload#kwh,BUNDOORA,0.0,0.099276155,0.0013314232,0.0012919764,0.0
2025-04-08 07:00:00,solar.bun_tlc#realenergyintotheload#kwh,BUNDOORA,0.03125,0.00619924,0.20114262,0.19518328,7.0
2025-04-08 08:00:00,solar.bun_tlc#realenergyintotheload#kwh,BUNDOORA,1.59375,1.7737241,5.4876146,5.3250303,115.0
2025-04-08 09:00:00,solar.bun_tlc#realenergyintotheload#kwh,BUNDOORA,8.4375,3.57639,13.172826,12.782548,266.0
2025-04-08 10:00:00,solar.bun_tlc#realenergyintotheload#kwh,BUNDOORA,13.03125,11.332027,15.127899,14.679697,297.0
2025-04-08 11:00:00,solar.bun_tlc#realenergyintotheload#kwh,BUNDOORA,13.5625,14.488895,13.40593,13.008745,272.0
2025-04-08 12:00:00,solar.bun_tlc#realenergyintotheload#kwh,BUNDOORA,13.875,14.482837,12.569956,12.197539,261.0
2025-04-08 13:00:00,solar.bun_tlc#realenergyintotheload#kwh,BUNDOORA,23.28125,23.783663,24.746853,24.013666,513.0
2025-04-08 14:00:00,solar.bun_tlc#realenergyintotheload#kwh,BUNDOORA,20.34375,27.35403,26.480148,25.695608,539.0
2025-04-08 15:00:00,solar.bun_tlc#realenergyintotheload#kwh,BUNDOORA,24.4375,26.203081,27.89514,27.068676,559.0
2025-04-08 16:00:00,solar.bun_tlc#realenergyintotheload#kwh,BUNDOORA,18.34375,23.388672,20.633108,20.021801,402.0
2025-04-08 17:00:00,solar.bun_tlc#realenergyintotheload#kwh,BUNDOORA,10.9375,16.94048,11.125654,10.796029,212.0
2025-04-08 18:00:00,solar.bun_tlc#realenergyintotheload#kwh,BUNDOORA,2.21875,6.9451337,1.2783887,1.2405133,32.0
2025-04-08 19:00:00,solar.bun_tlc#realenergyintotheload#kwh,BUNDOORA,0.0,2.0231545,0.0018577884,0.0018027468,0.0
2025-04-08 20:00:00,solar.bun_tlc#realenergyintotheload#kwh,BUNDOORA,0.0,0.18541548,0.001202666,0.001167034,0.0
2025-04-08 21:00:00,solar.bun_tlc#realenergyintotheload#kwh,BUNDOORA,0.0,0.06039936,0.0014619057,0.001418593,0.0
2025-04-08 22:00:00,solar.bun_tlc#realenergyintotheload#kwh,BUNDOORA,0.0,0.009474899,0.0008409031,0.0008159892,0.0
2025-04-08 23:00:00,solar.bun_tlc#realenergyintotheload#kwh,BUNDOORA,0.0,-0.016809525,0.0013314232,0.0012919764,0.0
2025-04-09 00:00:00,solar.bun_tlc#realenergyintotheload#kwh,BUNDOORA,0.0,-0.016809525,0.0008409031,0.0008159892,0.0
2025-04-09 01:00:00,solar.bun_tlc#realenergyintotheload#kwh,BUNDOORA,0.0,-0.00046316895,0.0008409031,0.0008159892,0.0
2025-04-09 02:00:00,solar.bun_tlc#realenergyintotheload#kwh,BUNDOORA,0.0,-0.00046316895,0.0008409031,0.0008159892,0.0
2025-04-09 03:00:00,solar.bun_tlc#realenergyintotheload#kwh,BUNDOORA,0.0,-0.010022513,0.001405916,0.0013642622,0.0
2025-04-09 04:00:00,solar.bun_tlc#realenergyintotheload#kwh,BUNDOORA,0.0,-0.010022513,0.001343903,0.0013040865,0.0
2025-04-09 05:00:00,solar.bun_tlc#realenergyintotheload#kwh,BUNDOORA,0.0,-0.024639297,0.001405916,0.0013642622,0.0
2025-04-09 06:00:00,solar.bun_tlc#realenergyintotheload#kwh,BUNDOORA,0.0,0.037903786,0.0016630865,0.0016138133,0.0
2025-04-09 07:00:00,solar.bun_tlc#realenergyintotheload#kwh,BUNDOORA,0.0625,0.35304594,0.2319554,0.22508314,8.0
2025-04-09 08:00:00,solar.bun_tlc#realenergyintotheload#kwh,BUNDOORA,3.78125,0.50347066,8.2247505,7.9810715,164.0
2025-04-09 09:00:00,solar.bun_tlc#realenergyintotheload#kwh,BUNDOORA,12.5,3.848082,17.2069,16.697102,359.0
2025-04-09 10:00:00,solar.bun_tlc#realenergyintotheload#kwh,BUNDOORA,23.21875,27.952156,25.865602,25.09927,532.0
2025-04-09 11:00:00,solar.bun_tlc#realenergyintotheload#kwh,BUNDOORA,29.875,28.796774,32.304348,31.34725,660.0
2025-04-09 12:00:00,solar.bun_tlc#realenergyintotheload#kwh,BUNDOORA,34.25,35.23234,33.846752,32.843956,730.0
2025-04-09 13:00:00,solar.bun_tlc#realenergyintotheload#kwh,BUNDOORA,34.90625,33.985836,33.94992,32.94407,734.0
2025-04-09 14:00:00,solar.bun_tlc#realenergyintotheload#kwh,BUNDOORA,33.0,33.632755,32.265953,31.309994,674.0
2025-04-09 15:00:00,solar.bun_tlc#realenergyintotheload#kwh,BUNDOORA,25.84375,26.539133,27.465532,26.651796,558.0
2025-04-09 16:00:00,solar.bun_tlc#realenergyintotheload#kwh,BUNDOORA,17.71875,14.530702,19.39537,18.820734,396.0
2025-04-09 17:00:00,solar.bun_tlc#realenergyintotheload#kwh,BUNDOORA,5.28125,10.480706,3.943212,3.8263845,83.0
2025-04-09 18:00:00,solar.bun_tlc#realenergyintotheload#kwh,BUNDOORA,1.34375,2.7984602,0.30311033,0.29412994,9.0
2025-04-09 19:00:00,solar.bun_tlc#realenergyintotheload#kwh,BUNDOORA,0.0,2.7270687,0.018298496,0.017756356,0.0
2025-04-09 20:00:00,solar.bun_tlc#realenergyintotheload#kwh,BUNDOORA,0.0,0.25062832,0.013254137,0.01286145,0.0
2025-04-09 21:00:00,solar.bun_tlc#realenergyintotheload#kwh,BUNDOORA,0.0,0.23930755,0.00901491,0.008747821,0.0
2025-04-09 22:00:00,solar.bun_tlc#realenergyintotheload#kwh,BUNDOORA,0.0,0.13869222,0.00901491,0.008747821,0.0
2025-04-09 23:00:00,solar.bun_tlc#realenergyintotheload#kwh,BUNDOORA,0.0,0.2491066,0.008434371,0.008184481,0.0
2025-04-10 00:00:00,solar.bun_tlc#realenergyintotheload#kwh,BUNDOORA,0.0,0.09667991,0.002598701,0.002521708,0.0
2025-04-10 01:00:00,solar.bun_tlc#realenergyintotheload#kwh,BUNDOORA,0.0,0.09500561,0.0027775767,0.002695284,0.0
2025-04-10 02:00:00,solar.bun_tlc#realenergyintotheload#kwh,BUNDOORA,0.0,0.0799409,0.0013986868,0.0013572472,0.0
2025-04-10 03:00:00,solar.bun_tlc#realenergyintotheload#kwh,BUNDOORA,0.0,0.09766799,0.0010700141,0.0010383122,0.0
2025-04-10 04:00:00,solar.bun_tlc#realenergyintotheload#kwh,BUNDOORA,0.0,-0.0076828245,0.0015648248,0.001518463,0.0
2025-04-10 05:00:00,solar.bun_tlc#realenergyintotheload#kwh,BUNDOORA,0.0,0.005768539,0.005138813,0.0049865628,0.0
2025-04-10 06:00:00,solar.bun_tlc#realenergyintotheload#kwh,BUNDOORA,0.0,0.5854811,0.0043639718,0.004234678,0.0
2025-04-10 07:00:00,solar.bun_tlc#realenergyintotheload#kwh,BUNDOORA,0.0,0.20473751,0.031201864,0.030277431,3.0
2025-04-10 08:00:00,solar.bun_tlc#realenergyintotheload#kwh,BUNDOORA,2.15625,13.260234,5.910479,5.7353663,136.0
2025-04-10 09:00:00,solar.bun_tlc#realenergyintotheload#kwh,BUNDOORA,14.8125,23.517447,16.413418,15.927129,332.0
2025-04-10 10:00:00,solar.bun_tlc#realenergyintotheload#kwh,BUNDOORA,24.09375,25.98426,24.234879,23.51686,515.0
2025-04-10 11:00:00,solar.bun_tlc#realenergyintotheload#kwh,BUNDOORA,30.125,31.761591,31.108984,30.187302,638.0
2025-04-10 12:00:00,solar.bun_tlc#realenergyintotheload#kwh,BUNDOORA,32.21875,32.09913,32.388367,31.42878,705.0
2025-04-10 13:00:00,solar.bun_tlc#realenergyintotheload#kwh,BUNDOORA,0.0,33.040737,33.299862,32.31327,712.0
2025-04-10 14:00:00,solar.bun_tlc#realenergyintotheload#kwh,BUNDOORA,24.125,31.034084,31.899971,30.954855,658.0
2025-04-10 15:00:00,solar.bun_tlc#realenergyintotheload#kwh,BUNDOORA,27.4375,27.000305,25.498941,24.743471,546.0
2025-04-10 16:00:00,solar.bun_tlc#realenergyintotheload#kwh,BUNDOORA,18.8125,23.27253,18.992409,18.42971,388.0
2025-04-10 17:00:00,solar.bun_tlc#realenergyintotheload#kwh,BUNDOORA,7.625,12.156847,6.4509563,6.2598305,151.0
2025-04-10 18:00:00,solar.bun_tlc#realenergyintotheload#kwh,BUNDOORA,1.53125,4.8519177,0.85559547,0.8302463,23.0
2025-04-10 19:00:00,solar.bun_tlc#realenergyintotheload#kwh,BUNDOORA,0.0,3.3966556,0.0013568348,0.0013166352,0.0
2025-04-10 20:00:00,solar.bun_tlc#realenergyintotheload#kwh,BUNDOORA,0.0,0.5545267,0.0077118874,0.007483403,0.0
2025-04-10 21:00:00,solar.bun_tlc#realenergyintotheload#kwh,BUNDOORA,0.0,0.27089417,0.0076976074,0.0074695465,0.0
2025-04-10 22:00:00,solar.bun_tlc#realenergyintotheload#kwh,BUNDOORA,0.0,0.5565564,-0.008720077,0.0,0.0
2025-04-10 23:00:00,solar.bun_tlc#realenergyintotheload#kwh,BUNDOORA,0.0,0.5925231,-0.018091913,0.0,0.0
2025-04-11 00:00:00,solar.bun_tlc#realenergyintotheload#kwh,BUNDOORA,0.0,1.1446776,-0.018247228,0.0,0.0
2025-04-11 01:00:00,solar.bun_tlc#realenergyintotheload#kwh,BUNDOORA,0.0,0.74353176,0.0055249357,0.0053612455,0.0
2025-04-11 02:00:00,solar.bun_tlc#realenergyintotheload#kwh,BUNDOORA,0.0,0.6333904,0.014640965,0.014207189,0.0
2025-04-11 03:00:00,solar.bun_tlc#realenergyintotheload#kwh,BUNDOORA,0.0,0.10374168,0.011436584,0.011097747,0.0
2025-04-11 04:00:00,solar.bun_tlc#realenergyintotheload#kwh,BUNDOORA,0.0,0.32439733,0.011092849,0.010764196,0.0
2025-04-11 05:00:00,solar.bun_tlc#realenergyintotheload#kwh,BUNDOORA,0.0,0.2052605,0.008053637,0.007815028,0.0
2025-04-11 06:00:00,solar.bun_tlc#realenergyintotheload#kwh,BUNDOORA,0.0,0.7812678,0.00018934318,0.00018373341,0.0
2025-04-11 07:00:00,solar.bun_tlc#realenergyintotheload#kwh,BUNDOORA,0.0,1.901803,0.1261615,0.12242365,5.0
2025-04-11 08:00:00,solar.bun_tlc#realenergyintotheload#kwh,BUNDOORA,2.6875,5.4290547,4.3683686,4.238945,121.0
2025-04-11 09:00:00,solar.bun_tlc#realenergyintotheload#kwh,BUNDOORA,9.5625,9.2883835,11.616732,11.272557,257.0
2025-04-11 10:00:00,solar.bun_tlc#realenergyintotheload#kwh,BUNDOORA,12.53125,11.511837,14.127115,13.708564,293.0
2025-04-11 11:00:00,solar.bun_tlc#realenergyintotheload#kwh,BUNDOORA,22.1875,12.71576,22.356215,21.693855,475.0
2025-04-11 12:00:00,solar.bun_tlc#realenergyintotheload#kwh,BUNDOORA,26.6875,21.667624,25.573355,24.81568,556.0
2025-04-11 13:00:00,solar.bun_tlc#realenergyintotheload#kwh,BUNDOORA,22.71875,21.793243,23.773216,23.068874,496.0
2025-04-11 14:00:00,solar.bun_tlc#realenergyintotheload#kwh,BUNDOORA,25.40625,17.76951,30.327274,29.428753,643.0
2025-04-11 15:00:00,solar.bun_tlc#realenergyintotheload#kwh,BUNDOORA,27.0625,18.946278,24.999561,24.258886,531.0
2025-04-11 16:00:00,solar.bun_tlc#realenergyintotheload#kwh,BUNDOORA,18.40625,19.757492,17.356354,16.842129,374.0
2025-04-11 17:00:00,solar.bun_tlc#realenergyintotheload#kwh,BUNDOORA,8.6875,16.73777,7.9459667,7.7105474,192.0
2025-04-11 18:00:00,solar.bun_tlc#realenergyintotheload#kwh,BUNDOORA,1.5,12.907988,0.78625226,0.7629576,21.0
2025-04-11 19:00:00,solar.bun_tlc#realenergyintotheload#kwh,BUNDOORA,0.0,7.354879,0.0018199059,0.0017659867,0.0
2025-04-11 20:00:00,solar.bun_tlc#realenergyintotheload#kwh,BUNDOORA,0.0,0.21484566,0.00016957207,0.00016454808,0.0
2025-04-11 21:00:00,solar.bun_tlc#realenergyintotheload#kwh,BUNDOORA,0.0,0.008660192,-0.00060957257,0.0,0.0
2025-04-11 22:00:00,solar.bun_tlc#realenergyintotheload#kwh,BUNDOORA,0.0,0.0359906,-0.00060957257,0.0,0.0
2025-04-11 23:00:00,solar.bun_tlc#realenergyintotheload#kwh,BUNDOORA,0.0,-0.03938664,0.0005367218,0.00052082003,0.0
2025-04-12 00:00:00,solar.bun_tlc#realenergyintotheload#kwh,BUNDOORA,0.0,-0.024398254,0.0018232024,0.0017691854,0.0
2025-04-12 01:00:00,solar.bun_tlc#realenergyintotheload#kwh,BUNDOORA,0.0,0.01944424,0.0023137226,0.0022451729,0.0
2025-04-12 02:00:00,solar.bun_tlc#realenergyintotheload#kwh,BUNDOORA,0.0,-0.03464429,0.0018232024,0.0017691854,0.0
2025-04-12 03:00:00,solar.bun_tlc#realenergyintotheload#kwh,BUNDOORA,0.0,-0.049486935,0.0015363984,0.0014908788,0.0
2025-04-12 04:00:00,solar.bun_tlc#realenergyintotheload#kwh,BUNDOORA,0.0,-0.03464429,0.0015363984,0.0014908788,0.0
2025-04-12 05:00:00,solar.bun_tlc#realenergyintotheload#kwh,BUNDOORA,0.0,-0.050080262,0.0015363984,0.0014908788,0.0
2025-04-12 06:00:00,solar.bun_tlc#realenergyintotheload#kwh,BUNDOORA,0.0,-0.10173949,0.0015363984,0.0014908788,0.0
2025-04-12 07:00:00,solar.bun_tlc#realenergyintotheload#kwh,BUNDOORA,0.03125,0.08961968,0.13898872,0.13487083,5.0
2025-04-12 08:00:00,solar.bun_tlc#realenergyintotheload#kwh,BUNDOORA,3.46875,0.046029717,6.2989297,6.112308,150.0
2025-04-12 09:00:00,solar.bun_tlc#realenergyintotheload#kwh,BUNDOORA,12.1875,3.3784146,16.130625,15.652715,339.0
2025-04-12 10:00:00,solar.bun_tlc#realenergyintotheload#kwh,BUNDOORA,21.90625,21.271452,23.802835,23.097616,508.0
2025-04-12 11:00:00,solar.bun_tlc#realenergyintotheload#kwh,BUNDOORA,29.0625,32.620876,30.117388,29.225084,634.0
2025-04-12 12:00:00,solar.bun_tlc#realenergyintotheload#kwh,BUNDOORA,32.9375,35.663,32.215347,31.260887,703.0
2025-04-12 13:00:00,solar.bun_tlc#realenergyintotheload#kwh,BUNDOORA,33.625,38.599842,32.532604,31.568745,709.0
2025-04-12 14:00:00,solar.bun_tlc#realenergyintotheload#kwh,BUNDOORA,31.1875,39.812347,30.97355,30.055882,650.0
2025-04-12 15:00:00,solar.bun_tlc#realenergyintotheload#kwh,BUNDOORA,24.84375,34.298923,25.539349,24.782682,534.0
2025-04-12 16:00:00,solar.bun_tlc#realenergyintotheload#kwh,BUNDOORA,14.96875,24.05078,15.810415,15.341992,346.0
2025-04-12 17:00:00,solar.bun_tlc#realenergyintotheload#kwh,BUNDOORA,8.15625,29.082148,7.821227,7.589504,187.0
2025-04-12 18:00:00,solar.bun_tlc#realenergyintotheload#kwh,BUNDOORA,1.65625,11.193778,0.5162799,0.5009838,15.0
2025-04-12 19:00:00,solar.bun_tlc#realenergyintotheload#kwh,BUNDOORA,0.0,5.5656476,-0.009475937,0.0,0.0
2025-04-12 20:00:00,solar.bun_tlc#realenergyintotheload#kwh,BUNDOORA,0.0,0.26363635,0.007863638,0.007630658,0.0
2025-04-12 21:00:00,solar.bun_tlc#realenergyintotheload#kwh,BUNDOORA,0.0,0.7838284,0.0055624424,0.005397641,0.0
2025-04-12 22:00:00,solar.bun_tlc#realenergyintotheload#kwh,BUNDOORA,0.0,0.5072269,0.017472703,0.016955031,0.0
2025-04-12 23:00:00,solar.bun_tlc#realenergyintotheload#kwh,BUNDOORA,0.0,0.1782221,0.017548703,0.017028779,0.0
2025-04-13 00:00:00,solar.bun_tlc#realenergyintotheload#kwh,BUNDOORA,0.0,0.2663679,0.014806812,0.014368122,0.0
2025-04-13 01:00:00,solar.bun_tlc#realenergyintotheload#kwh,BUNDOORA,0.0,0.15944016,0.010024707,0.0097277,0.0
2025-04-13 02:00:00,solar.bun_tlc#realenergyintotheload#kwh,BUNDOORA,0.0,0.117636785,0.0039325547,0.003816043,0.0
2025-04-13 03:00:00,solar.bun_tlc#realenergyintotheload#kwh,BUNDOORA,0.0,0.51461965,0.013041631,0.0126552405,0.0
2025-04-13 04:00:00,solar.bun_tlc#realenergyintotheload#kwh,BUNDOORA,0.0,0.32783616,0.0033649246,0.0032652302,0.0
2025-04-13 05:00:00,solar.bun_tlc#realenergyintotheload#kwh,BUNDOORA,0.0,1.0508783,0.0023061053,0.0022377812,0.0
2025-04-13 06:00:00,solar.bun_tlc#realenergyintotheload#kwh,BUNDOORA,0.0,6.7316895,0.0039035715,0.0037879185,0.0
2025-04-13 07:00:00,solar.bun_tlc#realenergyintotheload#kwh,BUNDOORA,0.0,13.161046,0.025797607,0.02503329,3.0
2025-04-13 08:00:00,solar.bun_tlc#realenergyintotheload#kwh,BUNDOORA,2.9375,27.558256,5.657624,5.4900026,148.0
2025-04-13 09:00:00,solar.bun_tlc#realenergyintotheload#kwh,BUNDOORA,11.8125,21.65255,12.564199,12.191954,272.0
2025-04-13 10:00:00,solar.bun_tlc#realenergyintotheload#kwh,BUNDOORA,21.09375,25.646505,23.596563,22.897455,501.0
2025-04-13 11:00:00,solar.bun_tlc#realenergyintotheload#kwh,BUNDOORA,28.96875,30.278358,29.007454,28.148035,623.0
2025-04-13 12:00:00,solar.bun_tlc#realenergyintotheload#kwh,BUNDOORA,32.625,32.266514,31.64971,30.712008,690.0
2025-04-13 13:00:00,solar.bun_tlc#realenergyintotheload#kwh,BUNDOORA,33.25,32.725418,31.708414,30.768972,695.0
2025-04-13 14:00:00,solar.bun_tlc#realenergyintotheload#kwh,BUNDOORA,30.21875,31.932795,30.41773,29.51653,637.0
2025-04-13 15:00:00,solar.bun_tlc#realenergyintotheload#kwh,BUNDOORA,22.625,25.121462,23.71739,23.014704,522.0
2025-04-13 16:00:00,solar.bun_tlc#realenergyintotheload#kwh,BUNDOORA,13.84375,14.008394,12.992601,12.607663,270.0
2025-04-13 17:00:00,solar.bun_tlc#realenergyintotheload#kwh,BUNDOORA,5.09375,8.151079,4.2020216,4.077526,97.0
2025-04-13 18:00:00,solar.bun_tlc#realenergyintotheload#kwh,BUNDOORA,1.625,9.15935,0.22298953,0.2163829,8.0
2025-04-13 19:00:00,solar.bun_tlc#realenergyintotheload#kwh,BUNDOORA,0.0,1.837672,-0.0077125425,0.0,0.0
2025-04-13 20:00:00,solar.bun_tlc#realenergyintotheload#kwh,BUNDOORA,0.0,-1.1806346,-0.013404522,0.0,0.0
2025-04-13 21:00:00,solar.bun_tlc#realenergyintotheload#kwh,BUNDOORA,0.0,-1.2244862,-0.008078822,0.0,0.0
2025-04-13 22:00:00,solar.bun_tlc#realenergyintotheload#kwh,BUNDOORA,0.0,0.13525853,0.005079638,0.004929141,0.0
2025-04-13 23:00:00,solar.bun_tlc#realenergyintotheload#kwh,BUNDOORA,0.0,0.14494652,0.01417693,0.013756903,0.0
2025-04-14 00:00:00,solar.bun_tlc#realenergyintotheload#kwh,BUNDOORA,0.0,0.07881996,0.0037050524,0.003595281,0.0
2025-04-14 01:00:00,solar.bun_tlc#realenergyintotheload#kwh,BUNDOORA,0.0,0.36896887,-0.00057855353,0.0,0.0
2025-04-14 02:00:00,solar.bun_tlc#realenergyintotheload#kwh,BUNDOORA,0.0,0.094790556,0.0012702028,0.0012325699,0.0
2025-04-14 03:00:00,solar.bun_tlc#realenergyintotheload#kwh,BUNDOORA,0.0,0.03990701,0.0007825591,0.0007593738,0.0
2025-04-14 04:00:00,solar.bun_tlc#realenergyintotheload#kwh,BUNDOORA,0.0,0.023418881,0.00017966414,0.00017434114,0.0
2025-04-14 05:00:00,solar.bun_tlc#realenergyintotheload#kwh,BUNDOORA,0.0,0.008802084,0.00051991123,0.00050450757,0.0
2025-04-14 06:00:00,solar.bun_tlc#realenergyintotheload#kwh,BUNDOORA,0.0,0.36471665,0.0002606715,0.00025294846,0.0
2025-04-14 07:00:00,solar.bun_tlc#realenergyintotheload#kwh,BUNDOORA,0.0,0.668046,0.002822642,0.002739014,1.0
2025-04-14 08:00:00,solar.bun_tlc#realenergyintotheload#kwh,BUNDOORA,0.34375,0.7540186,1.4919858,1.447782,35.0
2025-04-14 09:00:00,solar.bun_tlc#realenergyintotheload#kwh,BUNDOORA,2.65625,5.349218,6.705156,6.506499,146.0
2025-04-14 10:00:00,solar.bun_tlc#realenergyintotheload#kwh,BUNDOORA,8.25,9.954847,11.606694,11.262816,243.0
2025-04-14 11:00:00,solar.bun_tlc#realenergyintotheload#kwh,BUNDOORA,15.3125,7.384963,17.622927,17.100803,367.0
2025-04-14 12:00:00,solar.bun_tlc#realenergyintotheload#kwh,BUNDOORA,20.0625,20.268705,29.361094,28.491198,630.0
2025-04-14 13:00:00,solar.bun_tlc#realenergyintotheload#kwh,BUNDOORA,22.75,21.38764,28.399813,27.558397,605.0
2025-04-14 14:00:00,solar.bun_tlc#realenergyintotheload#kwh,BUNDOORA,23.03125,14.638331,28.930521,28.073381,615.0
2025-04-14 15:00:00,solar.bun_tlc#realenergyintotheload#kwh,BUNDOORA,22.15625,21.356293,23.85302,23.146315,511.0
2025-04-14 16:00:00,solar.bun_tlc#realenergyintotheload#kwh,BUNDOORA,15.4375,23.584352,16.805204,16.307308,355.0
2025-04-14 17:00:00,solar.bun_tlc#realenergyintotheload#kwh,BUNDOORA,7.84375,11.180925,7.975013,7.7387333,173.0
2025-04-14 18:00:00,solar.bun_tlc#realenergyintotheload#kwh,BUNDOORA,1.3125,7.416343,0.32878956,0.31904835,11.0
2025-04-14 19:00:00,solar.bun_tlc#realenergyintotheload#kwh,BUNDOORA,0.0,1.9161215,0.0011157998,0.0010827414,0.0
2025-04-14 20:00:00,solar.bun_tlc#realenergyintotheload#kwh,BUNDOORA,0.0,0.3936536,-0.00029396624,0.0,0.0
2025-04-14 21:00:00,solar.bun_tlc#realenergyintotheload#kwh,BUNDOORA,0.0,0.11157112,-0.00029396624,0.0,0.0
2025-04-14 22:00:00,solar.bun_tlc#realenergyintotheload#kwh,BUNDOORA,0.0,0.047742385,-0.00029396624,0.0,0.0
2025-04-14 23:00:00,solar.bun_tlc#realenergyintotheload#kwh,BUNDOORA,0.0,-0.008672571,-0.00041355172,0.0,0.0
2025-04-15 00:00:00,solar.bun_tlc#realenergyintotheload#kwh,BUNDOORA,0.0,-0.036008358,-0.00041355172,0.0,0.0
2025-04-15 01:00:00,solar.bun_tlc#realenergyintotheload#kwh,BUNDOORA,0.0,-0.046136983,0.00058612385,0.00056875846,0.0
2025-04-15 02:00:00,solar.bun_tlc#realenergyintotheload#kwh,BUNDOORA,0.0,-0.03549021,0.0006493428,0.0006301044,0.0
2025-04-15 03:00:00,solar.bun_tlc#realenergyintotheload#kwh,BUNDOORA,0.0,-0.03549021,0.0006493428,0.0006301044,0.0
2025-04-15 04:00:00,solar.bun_tlc#realenergyintotheload#kwh,BUNDOORA,0.0,-0.06410373,0.0015363984,0.0014908788,0.0
2025-04-15 05:00:00,solar.bun_tlc#realenergyintotheload#kwh,BUNDOORA,0.0,-0.0071947128,0.002026918,0.0019668655,0.0
2025-04-15 06:00:00,solar.bun_tlc#realenergyintotheload#kwh,BUNDOORA,0.0,-0.016472831,0.0019636992,0.0019055197,0.0
2025-04-15 07:00:00,solar.bun_tlc#realenergyintotheload#kwh,BUNDOORA,0.0,0.015882118,0.0028694577,0.0027844429,1.0
2025-04-15 08:00:00,solar.bun_tlc#realenergyintotheload#kwh,BUNDOORA,1.65625,0.38078335,2.7045877,2.6244576,72.0
2025-04-15 09:00:00,solar.bun_tlc#realenergyintotheload#kwh,BUNDOORA,7.46875,1.9241312,9.0743265,8.805477,192.0
2025-04-15 10:00:00,solar.bun_tlc#realenergyintotheload#kwh,BUNDOORA,15.4375,15.965843,24.124794,23.410036,495.0
2025-04-15 11:00:00,solar.bun_tlc#realenergyintotheload#kwh,BUNDOORA,28.46875,16.945667,29.222834,28.357035,618.0
2025-04-15 12:00:00,solar.bun_tlc#realenergyintotheload#kwh,BUNDOORA,30.1875,27.91507,31.675333,30.736872,685.0
2025-04-15 13:00:00,solar.bun_tlc#realenergyintotheload#kwh,BUNDOORA,33.03125,30.604671,32.076046,31.125713,689.0
2025-04-15 14:00:00,solar.bun_tlc#realenergyintotheload#kwh,BUNDOORA,30.84375,37.220867,30.253428,29.357094,632.0
2025-04-15 15:00:00,solar.bun_tlc#realenergyintotheload#kwh,BUNDOORA,25.46875,32.169117,24.532692,23.80585,518.0
2025-04-15 16:00:00,solar.bun_tlc#realenergyintotheload#kwh,BUNDOORA,17.125,23.880665,17.008419,16.504501,359.0
2025-04-15 17:00:00,solar.bun_tlc#realenergyintotheload#kwh,BUNDOORA,7.75,24.647257,7.810976,7.5795565,174.0
2025-04-15 18:00:00,solar.bun_tlc#realenergyintotheload#kwh,BUNDOORA,0.6875,7.122407,0.24475391,0.23750247,8.0
2025-04-15 19:00:00,solar.bun_tlc#realenergyintotheload#kwh,BUNDOORA,0.0,2.2083294,0.007906438,0.0076721897,0.0
2025-04-15 20:00:00,solar.bun_tlc#realenergyintotheload#kwh,BUNDOORA,0.0,0.26793298,0.005998556,0.0058208336,0.0
2025-04-15 21:00:00,solar.bun_tlc#realenergyintotheload#kwh,BUNDOORA,0.0,-0.031746157,-0.00041355172,0.0,0.0
2025-04-15 22:00:00,solar.bun_tlc#realenergyintotheload#kwh,BUNDOORA,0.0,0.024166321,-0.00061174185,0.0,0.0
2025-04-15 23:00:00,solar.bun_tlc#realenergyintotheload#kwh,BUNDOORA,0.0,-0.0057194782,-0.00061174185,0.0,0.0
2025-04-16 00:00:00,solar.bun_tlc#realenergyintotheload#kwh,BUNDOORA,0.0,-0.008157998,0.00040032572,0.00038846507,0.0
2025-04-16 01:00:00,solar.bun_tlc#realenergyintotheload#kwh,BUNDOORA,0.0,0.05899888,0.0007658335,0.0007431437,0.0
2025-04-16 02:00:00,solar.bun_tlc#realenergyintotheload#kwh,BUNDOORA,0.0,0.050145622,0.0017779008,0.0017252261,0.0
2025-04-16 03:00:00,solar.bun_tlc#realenergyintotheload#kwh,BUNDOORA,0.0,0.13544272,0.00199418,0.0019350975,0.0
2025-04-16 04:00:00,solar.bun_tlc#realenergyintotheload#kwh,BUNDOORA,0.0,0.21601701,0.003195999,0.0031013095,0.0
2025-04-16 05:00:00,solar.bun_tlc#realenergyintotheload#kwh,BUNDOORA,0.0,0.34567443,0.0036836423,0.0035745052,0.0
2025-04-16 06:00:00,solar.bun_tlc#realenergyintotheload#kwh,BUNDOORA,0.0,2.211653,0.0018705531,0.0018151333,0.0
2025-04-16 07:00:00,solar.bun_tlc#realenergyintotheload#kwh,BUNDOORA,0.0,11.160295,0.021613088,0.020972745,2.0
2025-04-16 08:00:00,solar.bun_tlc#realenergyintotheload#kwh,BUNDOORA,2.40625,21.380476,4.7661037,4.624896,135.0
2025-04-16 09:00:00,solar.bun_tlc#realenergyintotheload#kwh,BUNDOORA,9.9375,18.445541,8.462678,8.21195,183.0
2025-04-16 10:00:00,solar.bun_tlc#realenergyintotheload#kwh,BUNDOORA,11.125,19.918875,20.068745,19.474157,409.0
2025-04-16 11:00:00,solar.bun_tlc#realenergyintotheload#kwh,BUNDOORA,16.21875,15.252346,14.454614,14.02636,301.0
2025-04-16 12:00:00,solar.bun_tlc#realenergyintotheload#kwh,BUNDOORA,16.25,13.077731,10.474803,10.164461,226.0
2025-04-16 13:00:00,solar.bun_tlc#realenergyintotheload#kwh,BUNDOORA,23.5,30.332958,30.38322,29.483042,629.0
2025-04-16 14:00:00,solar.bun_tlc#realenergyintotheload#kwh,BUNDOORA,30.90625,31.98398,29.151604,28.287914,606.0
2025-04-16 15:00:00,solar.bun_tlc#realenergyintotheload#kwh,BUNDOORA,25.5625,22.568157,24.203026,23.48595,495.0
2025-04-16 16:00:00,solar.bun_tlc#realenergyintotheload#kwh,BUNDOORA,12.875,13.326426,14.497326,14.067806,298.0
2025-04-16 17:00:00,solar.bun_tlc#realenergyintotheload#kwh,BUNDOORA,6.5625,22.241798,6.6384063,6.4417267,150.0
2025-04-16 18:00:00,solar.bun_tlc#realenergyintotheload#kwh,BUNDOORA,0.84375,5.2514396,0.17593539,0.17072286,7.0
2025-04-16 19:00:00,solar.bun_tlc#realenergyintotheload#kwh,BUNDOORA,0.0,3.820764,0.018551366,0.018001735,0.0
2025-04-16 20:00:00,solar.bun_tlc#realenergyintotheload#kwh,BUNDOORA,0.0,0.04059061,0.007906438,0.0076721897,0.0
2025-04-16 21:00:00,solar.bun_tlc#realenergyintotheload#kwh,BUNDOORA,0.0,0.30958194,0.00022852904,0.0002217583,0.0
2025-04-16 22:00:00,solar.bun_tlc#realenergyintotheload#kwh,BUNDOORA,0.0,0.22775011,0.0012367822,0.0012001394,0.0
2025-04-16 23:00:00,solar.bun_tlc#realenergyintotheload#kwh,BUNDOORA,0.0,-0.10366109,-0.00041355172,0.0,0.0
2025-04-17 00:00:00,solar.bun_tlc#realenergyintotheload#kwh,BUNDOORA,0.0,-0.10599065,-0.00035033285,0.0,0.0
2025-04-17 01:00:00,solar.bun_tlc#realenergyintotheload#kwh,BUNDOORA,0.0,0.08947009,0.0009640237,0.00093546207,0.0
2025-04-17 02:00:00,solar.bun_tlc#realenergyintotheload#kwh,BUNDOORA,0.0,0.06871301,0.0009640237,0.00093546207,0.0
2025-04-17 03:00:00,solar.bun_tlc#realenergyintotheload#kwh,BUNDOORA,0.0,0.03269926,0.0010272426,0.0009968079,0.0
2025-04-17 04:00:00,solar.bun_tlc#realenergyintotheload#kwh,BUNDOORA,0.0,0.051349275,0.0010272426,0.0009968079,0.0
2025-04-17 05:00:00,solar.bun_tlc#realenergyintotheload#kwh,BUNDOORA,0.0,-0.00067344087,0.00191694,0.0018601458,0.0
2025-04-17 06:00:00,solar.bun_tlc#realenergyintotheload#kwh,BUNDOORA,0.0,0.469504,0.0023137226,0.0022451729,0.0
2025-04-17 07:00:00,solar.bun_tlc#realenergyintotheload#kwh,BUNDOORA,0.0,1.095343,0.016258674,0.01577697,2.0
2025-04-17 08:00:00,solar.bun_tlc#realenergyintotheload#kwh,BUNDOORA,2.75,2.6969628,4.4468603,4.315111,129.0
2025-04-17 09:00:00,solar.bun_tlc#realenergyintotheload#kwh,BUNDOORA,10.5625,12.463184,14.911125,14.469346,310.0
2025-04-17 10:00:00,solar.bun_tlc#realenergyintotheload#kwh,BUNDOORA,19.90625,21.85913,22.392202,21.728777,475.0
2025-04-17 11:00:00,solar.bun_tlc#realenergyintotheload#kwh,BUNDOORA,26.65625,28.357656,29.248533,28.381971,596.0
2025-04-17 12:00:00,solar.bun_tlc#realenergyintotheload#kwh,BUNDOORA,30.25,37.612244,32.152065,31.19948,661.0
2025-04-17 13:00:00,solar.bun_tlc#realenergyintotheload#kwh,BUNDOORA,31.0,40.271233,31.4302,30.499002,666.0
2025-04-17 14:00:00,solar.bun_tlc#realenergyintotheload#kwh,BUNDOORA,28.71875,38.532734,28.980381,28.121765,611.0
2025-04-17 15:00:00,solar.bun_tlc#realenergyintotheload#kwh,BUNDOORA,23.84375,30.876907,23.89542,23.187458,500.0
2025-04-17 16:00:00,solar.bun_tlc#realenergyintotheload#kwh,BUNDOORA,15.875,27.761427,15.402994,14.946642,344.0
2025-04-17 17:00:00,solar.bun_tlc#realenergyintotheload#kwh,BUNDOORA,6.34375,27.039333,7.156394,6.944368,160.0
2025-04-17 18:00:00,solar.bun_tlc#realenergyintotheload#kwh,BUNDOORA,0.6875,5.0038924,0.029175071,0.028310686,3.0
2025-04-17 19:00:00,solar.bun_tlc#realenergyintotheload#kwh,BUNDOORA,0.0,2.0325668,0.008427241,0.008177563,0.0
2025-04-17 20:00:00,solar.bun_tlc#realenergyintotheload#kwh,BUNDOORA,0.0,0.12889922,0.014673785,0.014239037,0.0
2025-04-17 21:00:00,solar.bun_tlc#realenergyintotheload#kwh,BUNDOORA,0.0,0.11005837,0.0078004193,0.0075693126,0.0
2025-04-17 22:00:00,solar.bun_tlc#realenergyintotheload#kwh,BUNDOORA,0.0,-0.014199388,0.0018512942,0.001796445,0.0
2025-04-17 23:00:00,solar.bun_tlc#realenergyintotheload#kwh,BUNDOORA,0.0,-0.0397238,0.006036351,0.005857509,0.0
2025-04-18 00:00:00,solar.bun_tlc#realenergyintotheload#kwh,BUNDOORA,0.0,0.17598303,0.011033288,0.0107064,0.0
2025-04-18 01:00:00,solar.bun_tlc#realenergyintotheload#kwh,BUNDOORA,0.0,0.036867343,0.006848229,0.006645333,0.0
2025-04-18 02:00:00,solar.bun_tlc#realenergyintotheload#kwh,BUNDOORA,0.0,-0.13765144,0.0054527638,0.005291212,0.0
2025-04-18 03:00:00,solar.bun_tlc#realenergyintotheload#kwh,BUNDOORA,0.0,0.51189333,0.016266093,0.015784169,0.0
2025-04-18 04:00:00,solar.bun_tlc#realenergyintotheload#kwh,BUNDOORA,0.0,0.4996654,0.004780756,0.004639114,0.0
2025-04-18 05:00:00,solar.bun_tlc#realenergyintotheload#kwh,BUNDOORA,0.0,0.40222552,0.004780756,0.004639114,0.0
2025-04-18 06:00:00,solar.bun_tlc#realenergyintotheload#kwh,BUNDOORA,0.0,1.8933336,0.004780756,0.004639114,0.0
2025-04-18 07:00:00,solar.bun_tlc#realenergyintotheload#kwh,BUNDOORA,0.0,6.681183,0.007753327,0.0075236154,1.0
2025-04-18 08:00:00,solar.bun_tlc#realenergyintotheload#kwh,BUNDOORA,1.78125,14.421961,4.175152,4.0514526,106.0
2025-04-18 09:00:00,solar.bun_tlc#realenergyintotheload#kwh,BUNDOORA,9.6875,13.80361,13.827135,13.417472,306.0
2025-04-18 10:00:00,solar.bun_tlc#realenergyintotheload#kwh,BUNDOORA,20.15625,21.489532,19.824516,19.237165,415.0
2025-04-18 11:00:00,solar.bun_tlc#realenergyintotheload#kwh,BUNDOORA,22.59375,27.326502,27.945261,27.117313,586.0
2025-04-18 12:00:00,solar.bun_tlc#realenergyintotheload#kwh,BUNDOORA,31.34375,32.430874,31.834393,30.891218,659.0
2025-04-18 13:00:00,solar.bun_tlc#realenergyintotheload#kwh,BUNDOORA,25.625,26.870148,28.893276,28.037241,604.0
2025-04-18 14:00:00,solar.bun_tlc#realenergyintotheload#kwh,BUNDOORA,29.53125,29.682816,26.592762,25.804884,575.0
2025-04-18 15:00:00,solar.bun_tlc#realenergyintotheload#kwh,BUNDOORA,25.5,29.003647,22.75887,22.084581,496.0
2025-04-18 16:00:00,solar.bun_tlc#realenergyintotheload#kwh,BUNDOORA,15.46875,23.805588,14.535539,14.104887,324.0
2025-04-18 17:00:00,solar.bun_tlc#realenergyintotheload#kwh,BUNDOORA,5.15625,20.386389,4.2763944,4.1496954,101.0
2025-04-18 18:00:00,solar.bun_tlc#realenergyintotheload#kwh,BUNDOORA,0.78125,3.299476,0.11431183,0.110925056,5.0
2025-04-18 19:00:00,solar.bun_tlc#realenergyintotheload#kwh,BUNDOORA,0.0,2.055382,0.0072010183,0.00698767,0.0
2025-04-18 20:00:00,solar.bun_tlc#realenergyintotheload#kwh,BUNDOORA,0.0,0.9708976,0.0018762726,0.0018206834,0.0
2025-04-18 21:00:00,solar.bun_tlc#realenergyintotheload#kwh,BUNDOORA,0.0,0.36622697,-0.00035033285,0.0,0.0
2025-04-18 22:00:00,solar.bun_tlc#realenergyintotheload#kwh,BUNDOORA,0.0,0.035074048,-0.00029396624,0.0,0.0
2025-04-18 23:00:00,solar.bun_tlc#realenergyintotheload#kwh,BUNDOORA,0.0,-0.00015217718,0.00030892863,0.00029977586,0.0
2025-04-19 00:00:00,solar.bun_tlc#realenergyintotheload#kwh,BUNDOORA,0.0,-0.0056638434,0.00030892863,0.00029977586,0.0
2025-04-19 01:00:00,solar.bun_tlc#realenergyintotheload#kwh,BUNDOORA,0.0,0.014729008,0.0011228061,0.0010895402,0.0
2025-04-19 02:00:00,solar.bun_tlc#realenergyintotheload#kwh,BUNDOORA,0.0,0.02315449,-0.00049215637,0.0,0.0
2025-04-19 03:00:00,solar.bun_tlc#realenergyintotheload#kwh,BUNDOORA,0.0,0.100807495,0.0002606715,0.00025294846,0.0
2025-04-19 04:00:00,solar.bun_tlc#realenergyintotheload#kwh,BUNDOORA,0.0,0.34227535,0.0029135302,0.0028272097,0.0
2025-04-19 05:00:00,solar.bun_tlc#realenergyintotheload#kwh,BUNDOORA,0.0,0.29219857,0.005772919,0.0056018815,0.0
2025-04-19 06:00:00,solar.bun_tlc#realenergyintotheload#kwh,BUNDOORA,0.0,1.5500025,0.014019294,0.013603937,0.0
2025-04-19 07:00:00,solar.bun_tlc#realenergyintotheload#kwh,BUNDOORA,0.0,4.6908183,0.017276956,0.016765082,0.0
2025-04-19 08:00:00,solar.bun_tlc#realenergyintotheload#kwh,BUNDOORA,1.3125,11.040502,3.2672875,3.170486,75.0
2025-04-19 09:00:00,solar.bun_tlc#realenergyintotheload#kwh,BUNDOORA,9.75,21.997446,10.615674,10.301158,253.0
2025-04-19 10:00:00,solar.bun_tlc#realenergyintotheload#kwh,BUNDOORA,9.25,16.26811,15.029338,14.584056,316.0
2025-04-19 11:00:00,solar.bun_tlc#realenergyintotheload#kwh,BUNDOORA,15.1875,22.926638,23.996208,23.285261,494.0
2025-04-19 12:00:00,solar.bun_tlc#realenergyintotheload#kwh,BUNDOORA,19.0625,27.666456,27.39325,26.581656,560.0
2025-04-19 13:00:00,solar.bun_tlc#realenergyintotheload#kwh,BUNDOORA,17.15625,21.690592,24.76731,24.033516,527.0
2025-04-19 14:00:00,solar.bun_tlc#realenergyintotheload#kwh,BUNDOORA,28.71875,29.344412,28.198938,27.363474,583.0
2025-04-19 15:00:00,solar.bun_tlc#realenergyintotheload#kwh,BUNDOORA,19.8125,18.354351,21.497454,20.860538,447.0
2025-04-19 16:00:00,solar.bun_tlc#realenergyintotheload#kwh,BUNDOORA,6.9375,10.175724,5.631935,5.465075,119.0
2025-04-19 17:00:00,solar.bun_tlc#realenergyintotheload#kwh,BUNDOORA,3.59375,7.13792,4.4988937,4.365603,99.0
2025-04-19 18:00:00,solar.bun_tlc#realenergyintotheload#kwh,BUNDOORA,0.25,1.3753563,0.0038597956,0.0037454395,2.0
2025-04-19 19:00:00,solar.bun_tlc#realenergyintotheload#kwh,BUNDOORA,0.0,0.6246111,-0.004388281,0.0,0.0
2025-04-19 20:00:00,solar.bun_tlc#realenergyintotheload#kwh,BUNDOORA,0.0,0.21796492,-0.010093977,0.0,0.0
2025-04-19 21:00:00,solar.bun_tlc#realenergyintotheload#kwh,BUNDOORA,0.0,0.04496733,-0.0040618517,0.0,0.0
2025-04-19 22:00:00,solar.bun_tlc#realenergyintotheload#kwh,BUNDOORA,0.0,-0.66579956,-0.009844063,0.0,0.0
2025-04-19 23:00:00,solar.bun_tlc#realenergyintotheload#kwh,BUNDOORA,0.0,-0.0018974243,0.007293937,0.0070778355,0.0
2025-04-20 00:00:00,solar.bun_tlc#realenergyintotheload#kwh,BUNDOORA,0.0,-0.087337136,0.024417311,0.023693888,0.0
2025-04-20 01:00:00,solar.bun_tlc#realenergyintotheload#kwh,BUNDOORA,0.0,-0.5015026,0.018944217,0.018382948,0.0
2025-04-20 02:00:00,solar.bun_tlc#realenergyintotheload#kwh,BUNDOORA,0.0,-0.26568368,0.021795547,0.0211498,0.0
2025-04-20 03:00:00,solar.bun_tlc#realenergyintotheload#kwh,BUNDOORA,0.0,0.6623539,-0.0014096055,0.0,0.0
2025-04-20 04:00:00,solar.bun_tlc#realenergyintotheload#kwh,BUNDOORA,0.0,0.40009415,0.00027497846,0.00026683154,0.0
2025-04-20 05:00:00,solar.bun_tlc#realenergyintotheload#kwh,BUNDOORA,0.0,0.07121987,0.007278538,0.007062893,0.0
2025-04-20 06:00:00,solar.bun_tlc#realenergyintotheload#kwh,BUNDOORA,0.0,0.6973607,0.016871795,0.016371926,0.0
2025-04-20 07:00:00,solar.bun_tlc#realenergyintotheload#kwh,BUNDOORA,0.0,5.2733884,0.030665804,0.029757252,1.0
2025-04-20 08:00:00,solar.bun_tlc#realenergyintotheload#kwh,BUNDOORA,2.4375,10.191897,4.531552,4.397293,99.0
2025-04-20 09:00:00,solar.bun_tlc#realenergyintotheload#kwh,BUNDOORA,3.21875,7.640885,2.9511604,2.863725,64.0
2025-04-20 10:00:00,solar.bun_tlc#realenergyintotheload#kwh,BUNDOORA,2.03125,3.7341845,4.022625,3.9034445,86.0
2025-04-20 11:00:00,solar.bun_tlc#realenergyintotheload#kwh,BUNDOORA,4.84375,5.1516767,3.563303,3.4577312,75.0
2025-04-20 12:00:00,solar.bun_tlc#realenergyintotheload#kwh,BUNDOORA,17.0625,25.92725,28.091629,27.259344,580.0
2025-04-20 13:00:00,solar.bun_tlc#realenergyintotheload#kwh,BUNDOORA,12.9375,16.745918,15.782378,15.314786,331.0
2025-04-20 14:00:00,solar.bun_tlc#realenergyintotheload#kwh,BUNDOORA,26.5625,31.483425,27.953382,27.125195,591.0
2025-04-20 15:00:00,solar.bun_tlc#realenergyintotheload#kwh,BUNDOORA,23.375,16.797474,18.597971,18.046959,387.0
2025-04-20 16:00:00,solar.bun_tlc#realenergyintotheload#kwh,BUNDOORA,8.59375,6.865854,4.832903,4.689716,112.0
2025-04-20 17:00:00,solar.bun_tlc#realenergyintotheload#kwh,BUNDOORA,1.78125,7.658419,2.8089225,2.725701,67.0
2025-04-20 18:00:00,solar.bun_tlc#realenergyintotheload#kwh,BUNDOORA,1.28125,13.07718,0.18185183,0.17646402,6.0
2025-04-20 19:00:00,solar.bun_tlc#realenergyintotheload#kwh,BUNDOORA,0.0,5.20079,0.014413042,0.013986019,0.0
2025-04-20 20:00:00,solar.bun_tlc#realenergyintotheload#kwh,BUNDOORA,0.0,1.0101181,0.00092533743,0.000897922,0.0
2025-04-20 21:00:00,solar.bun_tlc#realenergyintotheload#kwh,BUNDOORA,0.0,0.64209557,0.012144699,0.011784881,0.0
2025-04-20 22:00:00,solar.bun_tlc#realenergyintotheload#kwh,BUNDOORA,0.0,0.37615138,0.002997152,0.002908354,0.0
2025-04-20 23:00:00,solar.bun_tlc#realenergyintotheload#kwh,BUNDOORA,0.0,0.3315987,0.0032543223,0.0031579048,0.0
2025-04-21 00:00:00,solar.bun_tlc#realenergyintotheload#kwh,BUNDOORA,0.0,0.03811104,0.00047933002,0.00046512866,0.0
2025-04-21 01:00:00,solar.bun_tlc#realenergyintotheload#kwh,BUNDOORA,0.0,0.0044041127,0.0064267986,0.006236389,0.0
2025-04-21 02:00:00,solar.bun_tlc#realenergyintotheload#kwh,BUNDOORA,0.0,-0.1640924,0.004623211,0.0044862367,0.0
2025-04-21 03:00:00,solar.bun_tlc#realenergyintotheload#kwh,BUNDOORA,0.0,0.08048987,-7.0821545e-05,0.0,0.0
2025-04-21 04:00:00,solar.bun_tlc#realenergyintotheload#kwh,BUNDOORA,0.0,0.08558236,0.0071199215,0.006908976,0.0
2025-04-21 05:00:00,solar.bun_tlc#realenergyintotheload#kwh,BUNDOORA,0.0,-0.078508325,0.0024682186,0.0023950913,0.0
2025-04-21 06:00:00,solar.bun_tlc#realenergyintotheload#kwh,BUNDOORA,0.0,0.06859603,0.0012682043,0.0012306306,0.0
2025-04-21 07:00:00,solar.bun_tlc#realenergyintotheload#kwh,BUNDOORA,0.0,0.15238707,0.0028834678,0.0027980378,1.0
2025-04-21 08:00:00,solar.bun_tlc#realenergyintotheload#kwh,BUNDOORA,2.5,0.7153175,4.99944,4.8513193,125.0
2025-04-21 09:00:00,solar.bun_tlc#realenergyintotheload#kwh,BUNDOORA,9.84375,2.667471,14.794873,14.356538,306.0
2025-04-21 10:00:00,solar.bun_tlc#realenergyintotheload#kwh,BUNDOORA,19.71875,21.143913,22.589619,21.920345,465.0
2025-04-21 11:00:00,solar.bun_tlc#realenergyintotheload#kwh,BUNDOORA,27.0625,26.227657,28.803097,27.949734,583.0
2025-04-21 12:00:00,solar.bun_tlc#realenergyintotheload#kwh,BUNDOORA,24.25,29.465218,26.85753,26.06181,552.0
2025-04-21 13:00:00,solar.bun_tlc#realenergyintotheload#kwh,BUNDOORA,31.34375,29.67812,31.375385,30.44581,650.0
2025-04-21 14:00:00,solar.bun_tlc#realenergyintotheload#kwh,BUNDOORA,17.5625,12.51973,12.078075,11.720232,252.0
2025-04-21 15:00:00,solar.bun_tlc#realenergyintotheload#kwh,BUNDOORA,22.65625,19.67059,20.636044,20.024649,427.0
2025-04-21 16:00:00,solar.bun_tlc#realenergyintotheload#kwh,BUNDOORA,13.34375,18.567785,9.404824,9.126183,202.0
2025-04-21 17:00:00,solar.bun_tlc#realenergyintotheload#kwh,BUNDOORA,6.09375,6.7205553,3.0919063,3.000301,80.0
2025-04-21 18:00:00,solar.bun_tlc#realenergyintotheload#kwh,BUNDOORA,0.40625,0.9819924,0.008929478,0.00866492,2.0
2025-04-21 19:00:00,solar.bun_tlc#realenergyintotheload#kwh,BUNDOORA,0.0,2.1980815,0.0037193222,0.0036091278,0.0
2025-04-21 20:00:00,solar.bun_tlc#realenergyintotheload#kwh,BUNDOORA,0.0,0.8730357,0.0019614156,0.0019033038,0.0
2025-04-21 21:00:00,solar.bun_tlc#realenergyintotheload#kwh,BUNDOORA,0.0,0.38407427,0.0019614156,0.0019033038,0.0
2025-04-21 22:00:00,solar.bun_tlc#realenergyintotheload#kwh,BUNDOORA,0.0,0.4073369,0.0019614156,0.0019033038,0.0
2025-04-21 23:00:00,solar.bun_tlc#realenergyintotheload#kwh,BUNDOORA,0.0,0.5950883,0.0019101606,0.0018535673,0.0
2025-04-22 00:00:00,solar.bun_tlc#realenergyintotheload#kwh,BUNDOORA,0.0,0.35605308,0.0019614156,0.0019033038,0.0
2025-04-22 01:00:00,solar.bun_tlc#realenergyintotheload#kwh,BUNDOORA,0.0,0.24961586,0.0019101606,0.0018535673,0.0
2025-04-22 02:00:00,solar.bun_tlc#realenergyintotheload#kwh,BUNDOORA,0.0,0.51890695,0.0019101606,0.0018535673,0.0
2025-04-22 03:00:00,solar.bun_tlc#realenergyintotheload#kwh,BUNDOORA,0.0,0.53786373,0.0027998588,0.002716906,0.0
2025-04-22 04:00:00,solar.bun_tlc#realenergyintotheload#kwh,BUNDOORA,0.0,1.093721,0.0014374251,0.0013948379,0.0
2025-04-22 05:00:00,solar.bun_tlc#realenergyintotheload#kwh,BUNDOORA,0.0,0.40111718,0.0013810586,0.0013401413,0.0
2025-04-22 06:00:00,solar.bun_tlc#realenergyintotheload#kwh,BUNDOORA,0.0,1.1224762,0.0013178397,0.0012787954,0.0
2025-04-22 07:00:00,solar.bun_tlc#realenergyintotheload#kwh,BUNDOORA,0.0,3.3290527,0.000466024,0.0004522169,0.0
2025-04-22 08:00:00,solar.bun_tlc#realenergyintotheload#kwh,BUNDOORA,0.46875,2.6695147,2.1258683,2.062884,61.0
2025-04-22 09:00:00,solar.bun_tlc#realenergyintotheload#kwh,BUNDOORA,4.25,3.568374,7.0233846,6.815299,175.0
2025-04-22 10:00:00,solar.bun_tlc#realenergyintotheload#kwh,BUNDOORA,11.34375,10.987152,13.55579,13.154166,280.0
2025-04-22 11:00:00,solar.bun_tlc#realenergyintotheload#kwh,BUNDOORA,19.03125,14.784214,16.602146,16.110266,343.0
2025-04-22 12:00:00,solar.bun_tlc#realenergyintotheload#kwh,BUNDOORA,8.875,16.442467,10.866293,10.544352,230.0
2025-04-22 13:00:00,solar.bun_tlc#realenergyintotheload#kwh,BUNDOORA,7.5625,15.30463,6.763256,6.5628777,144.0
2025-04-22 14:00:00,solar.bun_tlc#realenergyintotheload#kwh,BUNDOORA,15.75,22.408823,21.59619,20.956348,442.0
2025-04-22 15:00:00,solar.bun_tlc#realenergyintotheload#kwh,BUNDOORA,14.59375,15.240631,14.149941,13.730714,293.0
2025-04-22 16:00:00,solar.bun_tlc#realenergyintotheload#kwh,BUNDOORA,5.8125,10.100623,3.3797367,3.2796035,73.0
2025-04-22 17:00:00,solar.bun_tlc#realenergyintotheload#kwh,BUNDOORA,0.875,6.2934012,1.2935253,1.2552015,33.0
2025-04-22 18:00:00,solar.bun_tlc#realenergyintotheload#kwh,BUNDOORA,0.09375,4.595424,-0.001002298,0.0,1.0
2025-04-22 19:00:00,solar.bun_tlc#realenergyintotheload#kwh,BUNDOORA,0.0,2.6778717,0.0048186383,0.004675874,0.0
2025-04-22 20:00:00,solar.bun_tlc#realenergyintotheload#kwh,BUNDOORA,0.0,0.35488263,0.006080623,0.005900469,0.0
2025-04-22 21:00:00,solar.bun_tlc#realenergyintotheload#kwh,BUNDOORA,0.0,0.4928346,0.006097012,0.005916373,0.0
2025-04-22 22:00:00,solar.bun_tlc#realenergyintotheload#kwh,BUNDOORA,0.0,0.7611783,0.0018577884,0.0018027468,0.0
2025-04-22 23:00:00,solar.bun_tlc#realenergyintotheload#kwh,BUNDOORA,0.0,0.012536207,0.00049136044,0.00047680264,0.0
2025-04-23 00:00:00,solar.bun_tlc#realenergyintotheload#kwh,BUNDOORA,0.0,-0.058810227,0.00016957207,0.00016454808,0.0
2025-04-23 01:00:00,solar.bun_tlc#realenergyintotheload#kwh,BUNDOORA,0.0,-0.22758067,0.0010402963,0.0010094749,0.0
2025-04-23 02:00:00,solar.bun_tlc#realenergyintotheload#kwh,BUNDOORA,0.0,-0.25023878,0.0014370779,0.0013945008,0.0
2025-04-23 03:00:00,solar.bun_tlc#realenergyintotheload#kwh,BUNDOORA,0.0,-0.0955546,0.0014370779,0.0013945008,0.0
2025-04-23 04:00:00,solar.bun_tlc#realenergyintotheload#kwh,BUNDOORA,0.0,-0.10989702,0.0006579333,0.00063844037,0.0
2025-04-23 05:00:00,solar.bun_tlc#realenergyintotheload#kwh,BUNDOORA,0.0,-0.11729276,0.0006579333,0.00063844037,0.0
2025-04-23 06:00:00,solar.bun_tlc#realenergyintotheload#kwh,BUNDOORA,0.0,0.32846722,0.000933504,0.00090584665,0.0
2025-04-23 07:00:00,solar.bun_tlc#realenergyintotheload#kwh,BUNDOORA,0.0,-0.018270737,0.0013608062,0.0013204889,0.0
2025-04-23 08:00:00,solar.bun_tlc#realenergyintotheload#kwh,BUNDOORA,2.3125,-0.35959235,5.0106697,4.862216,119.0
2025-04-23 09:00:00,solar.bun_tlc#realenergyintotheload#kwh,BUNDOORA,9.65625,-0.26246804,14.173812,13.753878,296.0
2025-04-23 10:00:00,solar.bun_tlc#realenergyintotheload#kwh,BUNDOORA,19.5625,22.018816,23.407917,22.7144,455.0
2025-04-23 11:00:00,solar.bun_tlc#realenergyintotheload#kwh,BUNDOORA,26.1875,22.957558,28.321196,27.48211,571.0
2025-04-23 12:00:00,solar.bun_tlc#realenergyintotheload#kwh,BUNDOORA,30.0625,17.746912,30.017319,29.127981,633.0
2025-04-23 13:00:00,solar.bun_tlc#realenergyintotheload#kwh,BUNDOORA,31.0625,28.269524,31.2659,30.33957,636.0
2025-04-23 14:00:00,solar.bun_tlc#realenergyintotheload#kwh,BUNDOORA,28.5,32.459606,28.23591,27.399351,579.0
2025-04-23 15:00:00,solar.bun_tlc#realenergyintotheload#kwh,BUNDOORA,23.65625,31.742392,22.102892,21.448038,467.0
2025-04-23 16:00:00,solar.bun_tlc#realenergyintotheload#kwh,BUNDOORA,14.71875,27.326324,15.323618,14.869617,313.0
2025-04-23 17:00:00,solar.bun_tlc#realenergyintotheload#kwh,BUNDOORA,6.03125,21.289562,4.5690284,4.4336596,136.0
2025-04-23 18:00:00,solar.bun_tlc#realenergyintotheload#kwh,BUNDOORA,0.5625,10.279157,0.021457747,0.020822007,2.0
2025-04-23 19:00:00,solar.bun_tlc#realenergyintotheload#kwh,BUNDOORA,0.0,2.8532853,0.0055655707,0.0054006767,0.0
2025-04-23 20:00:00,solar.bun_tlc#realenergyintotheload#kwh,BUNDOORA,0.0,0.0028953422,-0.00035033285,0.0,0.0
2025-04-23 21:00:00,solar.bun_tlc#realenergyintotheload#kwh,BUNDOORA,0.0,0.046527144,-0.00035033285,0.0,0.0
2025-04-23 22:00:00,solar.bun_tlc#realenergyintotheload#kwh,BUNDOORA,0.0,0.038897466,0.0008875621,0.0008612659,0.0
2025-04-23 23:00:00,solar.bun_tlc#realenergyintotheload#kwh,BUNDOORA,0.0,-0.013926616,0.00025256214,0.00024507934,0.0
2025-04-24 00:00:00,solar.bun_tlc#realenergyintotheload#kwh,BUNDOORA,0.0,-0.031520177,0.00058612385,0.00056875846,0.0
2025-04-24 01:00:00,solar.bun_tlc#realenergyintotheload#kwh,BUNDOORA,0.0,-0.037447106,-1.6769205e-05,0.0,0.0
2025-04-24 02:00:00,solar.bun_tlc#realenergyintotheload#kwh,BUNDOORA,0.0,-0.022830298,-1.6769205e-05,0.0,0.0
2025-04-24 03:00:00,solar.bun_tlc#realenergyintotheload#kwh,BUNDOORA,0.0,-0.16339292,0.00076800276,0.00074524875,0.0
2025-04-24 04:00:00,solar.bun_tlc#realenergyintotheload#kwh,BUNDOORA,0.0,0.031679835,0.00016957207,0.00016454808,0.0
2025-04-24 05:00:00,solar.bun_tlc#realenergyintotheload#kwh,BUNDOORA,0.0,-0.07542569,0.00016957207,0.00016454808,0.0
2025-04-24 06:00:00,solar.bun_tlc#realenergyintotheload#kwh,BUNDOORA,0.0,1.4128217,0.00042814153,0.00041545677,0.0
2025-04-24 07:00:00,solar.bun_tlc#realenergyintotheload#kwh,BUNDOORA,0.0,7.2930303,0.0019101606,0.0018535673,0.0
2025-04-24 08:00:00,solar.bun_tlc#realenergyintotheload#kwh,BUNDOORA,1.5,19.563957,3.606433,3.4995832,107.0
2025-04-24 09:00:00,solar.bun_tlc#realenergyintotheload#kwh,BUNDOORA,6.5625,10.01013,12.619407,12.245525,281.0
2025-04-24 10:00:00,solar.bun_tlc#realenergyintotheload#kwh,BUNDOORA,16.46875,24.83866,18.737719,18.182568,396.0
2025-04-24 11:00:00,solar.bun_tlc#realenergyintotheload#kwh,BUNDOORA,23.0625,27.780163,25.723427,24.961306,556.0
2025-04-24 12:00:00,solar.bun_tlc#realenergyintotheload#kwh,BUNDOORA,29.9375,25.340736,28.968168,28.109913,621.0
2025-04-24 13:00:00,solar.bun_tlc#realenergyintotheload#kwh,BUNDOORA,30.84375,27.189526,29.381151,28.51066,626.0
2025-04-24 14:00:00,solar.bun_tlc#realenergyintotheload#kwh,BUNDOORA,28.21875,30.17577,26.72318,25.93144,571.0
2025-04-24 15:00:00,solar.bun_tlc#realenergyintotheload#kwh,BUNDOORA,22.90625,27.289152,21.309008,20.677675,462.0
2025-04-24 16:00:00,solar.bun_tlc#realenergyintotheload#kwh,BUNDOORA,14.34375,16.451393,14.111888,13.693788,295.0
2025-04-24 17:00:00,solar.bun_tlc#realenergyintotheload#kwh,BUNDOORA,6.0,14.6448145,4.148419,4.0255117,114.0
2025-04-24 18:00:00,solar.bun_tlc#realenergyintotheload#kwh,BUNDOORA,0.59375,4.103105,-0.0049018436,0.0,1.0
2025-04-24 19:00:00,solar.bun_tlc#realenergyintotheload#kwh,BUNDOORA,0.0,2.353984,-0.001404293,0.0,0.0
2025-04-24 20:00:00,solar.bun_tlc#realenergyintotheload#kwh,BUNDOORA,0.0,0.79862195,0.017550955,0.017030964,0.0
2025-04-24 21:00:00,solar.bun_tlc#realenergyintotheload#kwh,BUNDOORA,0.0,1.6273115,0.0025162362,0.0024416863,0.0
2025-04-24 22:00:00,solar.bun_tlc#realenergyintotheload#kwh,BUNDOORA,0.0,1.5945975,-0.005880755,0.0,0.0
2025-04-24 23:00:00,solar.bun_tlc#realenergyintotheload#kwh,BUNDOORA,0.0,1.3488449,-0.0058243885,0.0,0.0
2025-04-25 00:00:00,solar.bun_tlc#realenergyintotheload#kwh,BUNDOORA,0.0,1.526007,0.0052350983,0.0050799954,0.0
2025-04-25 01:00:00,solar.bun_tlc#realenergyintotheload#kwh,BUNDOORA,0.0,0.04073808,0.012559379,0.012187276,0.0
2025-04-25 02:00:00,solar.bun_tlc#realenergyintotheload#kwh,BUNDOORA,0.0,-0.061467472,0.0074387,0.00721831,0.0
2025-04-25 03:00:00,solar.bun_tlc#realenergyintotheload#kwh,BUNDOORA,0.0,-0.19289607,0.002364631,0.002294573,0.0
2025-04-25 04:00:00,solar.bun_tlc#realenergyintotheload#kwh,BUNDOORA,0.0,0.3876246,0.005600325,0.0054344013,0.0
2025-04-25 05:00:00,solar.bun_tlc#realenergyintotheload#kwh,BUNDOORA,0.0,0.6251918,0.0037888153,0.003676562,0.0
2025-04-25 06:00:00,solar.bun_tlc#realenergyintotheload#kwh,BUNDOORA,0.0,1.8571684,0.0069452045,0.0067394353,0.0
2025-04-25 07:00:00,solar.bun_tlc#realenergyintotheload#kwh,BUNDOORA,0.0,4.210354,0.0073423292,0.007124794,0.0
2025-04-25 08:00:00,solar.bun_tlc#realenergyintotheload#kwh,BUNDOORA,1.375,8.992896,2.0834076,2.0216815,54.0
2025-04-25 09:00:00,solar.bun_tlc#realenergyintotheload#kwh,BUNDOORA,7.0625,11.089538,12.707002,12.330525,275.0
2025-04-25 10:00:00,solar.bun_tlc#realenergyintotheload#kwh,BUNDOORA,17.59375,30.03767,21.10834,20.482952,432.0
2025-04-25 11:00:00,solar.bun_tlc#realenergyintotheload#kwh,BUNDOORA,17.1875,13.011654,21.750774,21.106354,441.0
2025-04-25 12:00:00,solar.bun_tlc#realenergyintotheload#kwh,BUNDOORA,14.875,13.53486,13.815902,13.406571,283.0
2025-04-25 13:00:00,solar.bun_tlc#realenergyintotheload#kwh,BUNDOORA,7.59375,8.593175,6.971952,6.7653904,149.0
2025-04-25 14:00:00,solar.bun_tlc#realenergyintotheload#kwh,BUNDOORA,8.15625,7.5663652,5.5996494,5.433746,117.0
2025-04-25 15:00:00,solar.bun_tlc#realenergyintotheload#kwh,BUNDOORA,3.53125,12.958648,4.0562553,3.9360785,90.0
2025-04-25 16:00:00,solar.bun_tlc#realenergyintotheload#kwh,BUNDOORA,1.90625,9.887913,3.023482,2.933904,68.0
2025-04-25 17:00:00,solar.bun_tlc#realenergyintotheload#kwh,BUNDOORA,0.8125,6.6710334,1.0113711,0.98140675,25.0
2025-04-25 18:00:00,solar.bun_tlc#realenergyintotheload#kwh,BUNDOORA,0.03125,3.2125943,0.0026250128,0.0025472401,0.0
2025-04-25 19:00:00,solar.bun_tlc#realenergyintotheload#kwh,BUNDOORA,0.0,0.8706221,0.0012702028,0.0012325699,0.0
2025-04-25 20:00:00,solar.bun_tlc#realenergyintotheload#kwh,BUNDOORA,0.0,0.03533843,0.00066730793,0.0006475373,0.0
2025-04-25 21:00:00,solar.bun_tlc#realenergyintotheload#kwh,BUNDOORA,0.0,0.000112206675,0.0012702028,0.0012325699,0.0
2025-04-25 22:00:00,solar.bun_tlc#realenergyintotheload#kwh,BUNDOORA,0.0,0.008802084,0.00066730793,0.0006475373,0.0
2025-04-25 23:00:00,solar.bun_tlc#realenergyintotheload#kwh,BUNDOORA,0.0,0.008802084,0.00066730793,0.0006475373,0.0
2025-04-26 00:00:00,solar.bun_tlc#realenergyintotheload#kwh,BUNDOORA,0.0,0.008802084,0.00066730793,0.0006475373,0.0
2025-04-26 01:00:00,solar.bun_tlc#realenergyintotheload#kwh,BUNDOORA,0.0,-0.021083616,0.00051991123,0.00050450757,0.0
2025-04-26 02:00:00,solar.bun_tlc#realenergyintotheload#kwh,BUNDOORA,0.0,-0.028717436,0.00051991123,0.00050450757,0.0
2025-04-26 03:00:00,solar.bun_tlc#realenergyintotheload#kwh,BUNDOORA,0.0,-0.028717436,0.00051991123,0.00050450757,0.0
2025-04-26 04:00:00,solar.bun_tlc#realenergyintotheload#kwh,BUNDOORA,0.0,-0.026859669,-0.00029396624,0.0,0.0
2025-04-26 05:00:00,solar.bun_tlc#realenergyintotheload#kwh,BUNDOORA,0.0,-0.03698829,0.00030892863,0.00029977586,0.0
2025-04-26 06:00:00,solar.bun_tlc#realenergyintotheload#kwh,BUNDOORA,0.0,0.64520264,0.00030892863,0.00029977586,0.0
2025-04-26 07:00:00,solar.bun_tlc#realenergyintotheload#kwh,BUNDOORA,0.0,0.4102385,0.00030892863,0.00029977586,0.0
2025-04-26 08:00:00,solar.bun_tlc#realenergyintotheload#kwh,BUNDOORA,0.03125,0.67486346,1.4021113,1.3605702,37.0
2025-04-26 09:00:00,solar.bun_tlc#realenergyintotheload#kwh,BUNDOORA,1.375,1.1896192,3.6323524,3.5247347,75.0
2025-04-26 10:00:00,solar.bun_tlc#realenergyintotheload#kwh,BUNDOORA,4.25,2.1469958,5.642677,5.475498,125.0
2025-04-26 11:00:00,solar.bun_tlc#realenergyintotheload#kwh,BUNDOORA,5.4375,3.8638656,8.132205,7.8912683,175.0
2025-04-26 12:00:00,solar.bun_tlc#realenergyintotheload#kwh,BUNDOORA,6.5,3.8320212,8.181416,7.9390206,176.0
2025-04-26 13:00:00,solar.bun_tlc#realenergyintotheload#kwh,BUNDOORA,8.375,5.450195,13.481432,13.082011,288.0
2025-04-26 14:00:00,solar.bun_tlc#realenergyintotheload#kwh,BUNDOORA,12.65625,5.3331323,4.8645353,4.7204113,110.0
2025-04-26 15:00:00,solar.bun_tlc#realenergyintotheload#kwh,BUNDOORA,4.46875,6.3269134,6.9355946,6.73011,151.0
2025-04-26 16:00:00,solar.bun_tlc#realenergyintotheload#kwh,BUNDOORA,3.90625,5.4830465,3.377375,3.2773118,74.0
2025-04-26 17:00:00,solar.bun_tlc#realenergyintotheload#kwh,BUNDOORA,0.96875,1.7703316,1.1300507,1.0965701,27.0
2025-04-26 18:00:00,solar.bun_tlc#realenergyintotheload#kwh,BUNDOORA,0.0625,0.9445603,0.00030192218,0.00029297697,0.0
2025-04-26 19:00:00,solar.bun_tlc#realenergyintotheload#kwh,BUNDOORA,0.0,0.3253391,0.00030192218,0.00029297697,0.0
2025-04-26 20:00:00,solar.bun_tlc#realenergyintotheload#kwh,BUNDOORA,0.0,0.0085377,-0.00015350804,0.0,0.0
2025-04-26 21:00:00,solar.bun_tlc#realenergyintotheload#kwh,BUNDOORA,0.0,-0.14258122,0.00030192218,0.00029297697,0.0
2025-04-26 22:00:00,solar.bun_tlc#realenergyintotheload#kwh,BUNDOORA,0.0,0.1483523,0.0011157998,0.0010827414,0.0
2025-04-26 23:00:00,solar.bun_tlc#realenergyintotheload#kwh,BUNDOORA,0.0,-0.021701561,0.0011157998,0.0010827414,0.0
2025-04-27 00:00:00,solar.bun_tlc#realenergyintotheload#kwh,BUNDOORA,0.0,0.051205575,0.0011302986,0.0010968107,0.0
2025-04-27 01:00:00,solar.bun_tlc#realenergyintotheload#kwh,BUNDOORA,0.0,-0.007919666,0.0012776953,0.0012398404,0.0
2025-04-27 02:00:00,solar.bun_tlc#realenergyintotheload#kwh,BUNDOORA,0.0,0.01698517,0.00070162024,0.000680833,0.0
2025-04-27 03:00:00,solar.bun_tlc#realenergyintotheload#kwh,BUNDOORA,0.0,0.0011165347,0.00030192218,0.00029297697,0.0
2025-04-27 04:00:00,solar.bun_tlc#realenergyintotheload#kwh,BUNDOORA,0.0,0.012605514,0.0011157998,0.0010827414,0.0
2025-04-27 05:00:00,solar.bun_tlc#realenergyintotheload#kwh,BUNDOORA,0.0,0.03070981,0.00070162024,0.000680833,0.0
2025-04-27 06:00:00,solar.bun_tlc#realenergyintotheload#kwh,BUNDOORA,0.0,0.23439515,0.00030192218,0.00029297697,0.0
2025-04-27 07:00:00,solar.bun_tlc#realenergyintotheload#kwh,BUNDOORA,0.0,0.25859386,0.00058203476,0.0005647905,0.0
2025-04-27 08:00:00,solar.bun_tlc#realenergyintotheload#kwh,BUNDOORA,0.34375,0.6322685,1.837871,1.7834194,44.0
2025-04-27 09:00:00,solar.bun_tlc#realenergyintotheload#kwh,BUNDOORA,3.0,1.3038019,6.1722136,5.9893465,138.0
2025-04-27 10:00:00,solar.bun_tlc#realenergyintotheload#kwh,BUNDOORA,5.09375,6.7314525,6.0981097,5.917438,138.0
2025-04-27 11:00:00,solar.bun_tlc#realenergyintotheload#kwh,BUNDOORA,10.78125,11.542942,10.852265,10.53074,223.0
2025-04-27 12:00:00,solar.bun_tlc#realenergyintotheload#kwh,BUNDOORA,13.0625,15.489629,8.68839,8.430975,188.0
2025-04-27 13:00:00,solar.bun_tlc#realenergyintotheload#kwh,BUNDOORA,8.15625,14.300028,4.923788,4.7779083,112.0
2025-04-27 14:00:00,solar.bun_tlc#realenergyintotheload#kwh,BUNDOORA,5.0,11.770414,4.434995,4.3035975,92.0
2025-04-27 15:00:00,solar.bun_tlc#realenergyintotheload#kwh,BUNDOORA,5.09375,11.136177,4.8618684,4.7178235,105.0
2025-04-27 16:00:00,solar.bun_tlc#realenergyintotheload#kwh,BUNDOORA,2.4375,5.8505874,4.969798,4.8225555,107.0
2025-04-27 17:00:00,solar.bun_tlc#realenergyintotheload#kwh,BUNDOORA,1.5,6.409089,1.895709,1.8395439,43.0
2025-04-27 18:00:00,solar.bun_tlc#realenergyintotheload#kwh,BUNDOORA,0.15625,5.432032,0.00044085618,0.0004277947,0.0
2025-04-27 19:00:00,solar.bun_tlc#realenergyintotheload#kwh,BUNDOORA,0.0,1.4888042,0.0005040751,0.00048914057,0.0
2025-04-27 20:00:00,solar.bun_tlc#realenergyintotheload#kwh,BUNDOORA,0.0,0.110976644,0.00020745455,0.00020130818,0.0
2025-04-27 21:00:00,solar.bun_tlc#realenergyintotheload#kwh,BUNDOORA,0.0,0.097226,0.001202666,0.001167034,0.0
2025-04-27 22:00:00,solar.bun_tlc#realenergyintotheload#kwh,BUNDOORA,0.0,0.021232963,0.0014619057,0.001418593,0.0
2025-04-27 23:00:00,solar.bun_tlc#realenergyintotheload#kwh,BUNDOORA,0.0,0.00017001294,0.0013986868,0.0013572472,0.0
2025-04-28 00:00:00,solar.bun_tlc#realenergyintotheload#kwh,BUNDOORA,0.0,-0.0067812884,0.0013986868,0.0013572472,0.0
2025-04-28 01:00:00,solar.bun_tlc#realenergyintotheload#kwh,BUNDOORA,0.0,-0.0008425539,0.0013986868,0.0013572472,0.0
2025-04-28 02:00:00,solar.bun_tlc#realenergyintotheload#kwh,BUNDOORA,0.0,-0.0008425539,0.0013986868,0.0013572472,0.0
2025-04-28 03:00:00,solar.bun_tlc#realenergyintotheload#kwh,BUNDOORA,0.0,-0.0068072896,0.0013986868,0.0013572472,0.0
2025-04-28 04:00:00,solar.bun_tlc#realenergyintotheload#kwh,BUNDOORA,0.0,-0.007817267,0.0013986868,0.0013572472,0.0
2025-04-28 05:00:00,solar.bun_tlc#realenergyintotheload#kwh,BUNDOORA,0.0,0.009791991,0.0013986868,0.0013572472,0.0
2025-04-28 06:00:00,solar.bun_tlc#realenergyintotheload#kwh,BUNDOORA,0.0,0.042687047,0.0022505037,0.0021838269,0.0
2025-04-28 07:00:00,solar.bun_tlc#realenergyintotheload#kwh,BUNDOORA,0.0,0.08896275,0.0022505037,0.0021838269,0.0
2025-04-28 08:00:00,solar.bun_tlc#realenergyintotheload#kwh,BUNDOORA,1.90625,0.15358873,2.1293268,2.06624,62.0
2025-04-28 09:00:00,solar.bun_tlc#realenergyintotheload#kwh,BUNDOORA,7.9375,0.55257815,7.5435386,7.320042,189.0
2025-04-28 10:00:00,solar.bun_tlc#realenergyintotheload#kwh,BUNDOORA,14.53125,10.703811,18.582495,18.031942,384.0
2025-04-28 11:00:00,solar.bun_tlc#realenergyintotheload#kwh,BUNDOORA,13.46875,19.712568,19.414644,18.839437,388.0
2025-04-28 12:00:00,solar.bun_tlc#realenergyintotheload#kwh,BUNDOORA,22.5625,23.628973,29.189322,28.324514,603.0
2025-04-28 13:00:00,solar.bun_tlc#realenergyintotheload#kwh,BUNDOORA,20.34375,24.4656,15.3155,14.86174,315.0
2025-04-28 14:00:00,solar.bun_tlc#realenergyintotheload#kwh,BUNDOORA,10.59375,15.163319,11.085334,10.756903,229.0
2025-04-28 15:00:00,solar.bun_tlc#realenergyintotheload#kwh,BUNDOORA,7.125,9.762261,11.580818,11.237707,234.0
2025-04-28 16:00:00,solar.bun_tlc#realenergyintotheload#kwh,BUNDOORA,5.1875,9.846293,6.1909003,6.007479,136.0
2025-04-28 17:00:00,solar.bun_tlc#realenergyintotheload#kwh,BUNDOORA,2.375,4.397365,0.81321806,0.7891244,23.0
2025-04-28 18:00:00,solar.bun_tlc#realenergyintotheload#kwh,BUNDOORA,0.3125,1.2549459,0.00058203476,0.0005647905,0.0
2025-04-28 19:00:00,solar.bun_tlc#realenergyintotheload#kwh,BUNDOORA,0.0,0.25664583,0.00018233672,0.00017693454,0.0
2025-04-28 20:00:00,solar.bun_tlc#realenergyintotheload#kwh,BUNDOORA,0.0,-0.024223456,0.00058203476,0.0005647905,0.0
2025-04-28 21:00:00,solar.bun_tlc#realenergyintotheload#kwh,BUNDOORA,0.0,-0.1644229,0.00018233672,0.00017693454,0.0
2025-04-28 22:00:00,solar.bun_tlc#realenergyintotheload#kwh,BUNDOORA,0.0,-0.04093482,0.00018233672,0.00017693454,0.0
2025-04-28 23:00:00,solar.bun_tlc#realenergyintotheload#kwh,BUNDOORA,0.0,-0.04009507,0.000106353145,0.00010320217,0.0
2025-04-29 00:00:00,solar.bun_tlc#realenergyintotheload#kwh,BUNDOORA,0.0,-0.05120917,0.00016957207,0.00016454808,0.0
2025-04-29 01:00:00,solar.bun_tlc#realenergyintotheload#kwh,BUNDOORA,0.0,0.0017969627,0.00016957207,0.00016454808,0.0
2025-04-29 02:00:00,solar.bun_tlc#realenergyintotheload#kwh,BUNDOORA,0.0,-0.058991298,0.0005031356,0.00048822895,0.0
2025-04-29 03:00:00,solar.bun_tlc#realenergyintotheload#kwh,BUNDOORA,0.0,-0.012819817,0.0005663545,0.0005495748,0.0
2025-04-29 04:00:00,solar.bun_tlc#realenergyintotheload#kwh,BUNDOORA,0.0,-0.042021036,0.0005031356,0.00048822895,0.0
2025-04-29 05:00:00,solar.bun_tlc#realenergyintotheload#kwh,BUNDOORA,0.0,-0.042021036,0.0005031356,0.00048822895,0.0
2025-04-29 06:00:00,solar.bun_tlc#realenergyintotheload#kwh,BUNDOORA,0.0,0.067870714,0.00057911925,0.0005619614,0.0
2025-04-29 07:00:00,solar.bun_tlc#realenergyintotheload#kwh,BUNDOORA,0.0,0.2389379,0.00057911925,0.0005619614,0.0
2025-04-29 08:00:00,solar.bun_tlc#realenergyintotheload#kwh,BUNDOORA,0.59375,0.124316305,3.4877338,3.384401,88.0
2025-04-29 09:00:00,solar.bun_tlc#realenergyintotheload#kwh,BUNDOORA,3.875,-0.46415585,8.560314,8.306693,213.0
2025-04-29 10:00:00,solar.bun_tlc#realenergyintotheload#kwh,BUNDOORA,8.96875,10.244556,10.270493,9.966204,212.0
2025-04-29 11:00:00,solar.bun_tlc#realenergyintotheload#kwh,BUNDOORA,10.625,14.483621,11.899528,11.546974,244.0
2025-04-29 12:00:00,solar.bun_tlc#realenergyintotheload#kwh,BUNDOORA,14.34375,16.679,11.060327,10.732636,230.0
2025-04-29 13:00:00,solar.bun_tlc#realenergyintotheload#kwh,BUNDOORA,9.6875,12.342049,8.664051,8.407357,185.0
2025-04-29 14:00:00,solar.bun_tlc#realenergyintotheload#kwh,BUNDOORA,3.59375,7.649402,2.9508276,2.863402,61.0
2025-04-29 15:00:00,solar.bun_tlc#realenergyintotheload#kwh,BUNDOORA,2.53125,5.7724895,2.9748244,2.8866878,62.0
2025-04-29 16:00:00,solar.bun_tlc#realenergyintotheload#kwh,BUNDOORA,2.09375,7.2290597,3.5888743,3.482545,80.0
2025-04-29 17:00:00,solar.bun_tlc#realenergyintotheload#kwh,BUNDOORA,0.96875,8.331963,0.63866836,0.6197462,17.0
2025-04-29 18:00:00,solar.bun_tlc#realenergyintotheload#kwh,BUNDOORA,0.0,4.283697,-0.001550487,0.0,0.0
2025-04-29 19:00:00,solar.bun_tlc#realenergyintotheload#kwh,BUNDOORA,0.0,0.2638999,0.00018233672,0.00017693454,0.0
2025-04-29 20:00:00,solar.bun_tlc#realenergyintotheload#kwh,BUNDOORA,0.0,-0.051602773,0.00065596716,0.0006365325,0.0
2025-04-29 21:00:00,solar.bun_tlc#realenergyintotheload#kwh,BUNDOORA,0.0,-0.018929496,0.00065596716,0.0006365325,0.0
2025-04-29 22:00:00,solar.bun_tlc#realenergyintotheload#kwh,BUNDOORA,0.0,-0.0078048296,0.0009788176,0.00094981765,0.0
2025-04-29 23:00:00,solar.bun_tlc#realenergyintotheload#kwh,BUNDOORA,0.0,-0.00068806217,0.0013928338,0.0013515676,0.0
2025-04-30 00:00:00,solar.bun_tlc#realenergyintotheload#kwh,BUNDOORA,0.0,0.0019760747,0.0014560526,0.0014129134,0.0
2025-04-30 01:00:00,solar.bun_tlc#realenergyintotheload#kwh,BUNDOORA,0.0,-0.006115063,0.0006042352,0.0005863332,0.0
2025-04-30 02:00:00,solar.bun_tlc#realenergyintotheload#kwh,BUNDOORA,0.0,0.0070859245,0.000617,0.0005987198,0.0
2025-04-30 03:00:00,solar.bun_tlc#realenergyintotheload#kwh,BUNDOORA,0.0,0.073380366,0.0004737526,0.00045971648,0.0
2025-04-30 04:00:00,solar.bun_tlc#realenergyintotheload#kwh,BUNDOORA,0.0,-0.04129471,0.001344477,0.0013046435,0.0
2025-04-30 05:00:00,solar.bun_tlc#realenergyintotheload#kwh,BUNDOORA,0.0,0.02928146,0.0004737526,0.00045971648,0.0
2025-04-30 06:00:00,solar.bun_tlc#realenergyintotheload#kwh,BUNDOORA,0.0,0.085448764,0.0004105337,0.0003983706,0.0
2025-04-30 07:00:00,solar.bun_tlc#realenergyintotheload#kwh,BUNDOORA,0.0,0.46288228,0.0004737526,0.00045971648,0.0
2025-04-30 08:00:00,solar.bun_tlc#realenergyintotheload#kwh,BUNDOORA,1.6875,0.5566117,4.176254,4.0525217,99.0
2025-04-30 09:00:00,solar.bun_tlc#realenergyintotheload#kwh,BUNDOORA,8.1875,0.92129594,13.300878,12.906806,277.0
2025-04-30 10:00:00,solar.bun_tlc#realenergyintotheload#kwh,BUNDOORA,19.21875,7.4321847,21.672657,21.03055,436.0
2025-04-30 11:00:00,solar.bun_tlc#realenergyintotheload#kwh,BUNDOORA,27.84375,25.479269,27.176762,26.371582,552.0
2025-04-30 12:00:00,solar.bun_tlc#realenergyintotheload#kwh,BUNDOORA,30.0625,30.874952,29.90112,29.015224,612.0
2025-04-30 13:00:00,solar.bun_tlc#realenergyintotheload#kwh,BUNDOORA,33.90625,23.707306,26.15881,25.38379,545.0
2025-04-30 14:00:00,solar.bun_tlc#realenergyintotheload#kwh,BUNDOORA,21.5625,21.092333,23.54735,22.8497,486.0
2025-04-30 15:00:00,solar.bun_tlc#realenergyintotheload#kwh,BUNDOORA,23.75,16.109354,20.553814,19.944857,407.0
2025-04-30 16:00:00,solar.bun_tlc#realenergyintotheload#kwh,BUNDOORA,14.5,12.6608925,14.32084,13.896549,285.0
2025-04-30 17:00:00,solar.bun_tlc#realenergyintotheload#kwh,BUNDOORA,6.53125,12.483315,4.5389743,4.4044957,110.0
2025-04-30 18:00:00,solar.bun_tlc#realenergyintotheload#kwh,BUNDOORA,0.3125,6.9681964,0.0041505485,0.004027578,0.0
2025-04-30 19:00:00,solar.bun_tlc#realenergyintotheload#kwh,BUNDOORA,0.0,1.2201046,0.001077663,0.0010457346,0.0
2025-04-30 20:00:00,solar.bun_tlc#realenergyintotheload#kwh,BUNDOORA,0.0,0.11635888,0.0013348343,0.0012952865,0.0
2025-04-30 21:00:00,solar.bun_tlc#realenergyintotheload#kwh,BUNDOORA,0.0,0.30980018,0.0010275447,0.0009971012,0.0
2025-04-30 22:00:00,solar.bun_tlc#realenergyintotheload#kwh,BUNDOORA,0.0,-0.0033150734,0.0016016482,0.0015541953,0.0
2025-04-30 23:00:00,solar.bun_tlc#realenergyintotheload#kwh,BUNDOORA,0.0,-0.057937272,0.0016016482,0.0015541953,0.0
2025-05-01 00:00:00,solar.bun_tlc#realenergyintotheload#kwh,BUNDOORA,0.0,-0.053162813,0.002200079,0.002134896,0.0
2025-05-01 01:00:00,solar.bun_tlc#realenergyintotheload#kwh,BUNDOORA,0.0,0.013184916,0.0010980741,0.001065541,0.0
2025-05-01 02:00:00,solar.bun_tlc#realenergyintotheload#kwh,BUNDOORA,0.0,0.002510557,0.0010980741,0.001065541,0.0
2025-05-01 03:00:00,solar.bun_tlc#realenergyintotheload#kwh,BUNDOORA,0.0,0.0027753087,0.00040237568,0.00039045428,0.0
2025-05-01 04:00:00,solar.bun_tlc#realenergyintotheload#kwh,BUNDOORA,0.0,-0.02470738,0.00040237568,0.00039045428,0.0
2025-05-01 05:00:00,solar.bun_tlc#realenergyintotheload#kwh,BUNDOORA,0.0,-0.02195189,0.00040237568,0.00039045428,0.0
2025-05-01 06:00:00,solar.bun_tlc#realenergyintotheload#kwh,BUNDOORA,0.0,0.005265496,0.00040237568,0.00039045428,0.0
2025-05-01 07:00:00,solar.bun_tlc#realenergyintotheload#kwh,BUNDOORA,0.0,-0.022044357,0.00040237568,0.00039045428,0.0
2025-05-01 08:00:00,solar.bun_tlc#realenergyintotheload#kwh,BUNDOORA,1.6875,0.14369243,4.272018,4.1454487,97.0
2025-05-01 09:00:00,solar.bun_tlc#realenergyintotheload#kwh,BUNDOORA,7.875,1.0776132,14.310352,13.886373,272.0
2025-05-01 10:00:00,solar.bun_tlc#realenergyintotheload#kwh,BUNDOORA,18.5625,15.995617,22.963297,22.282951,432.0
2025-05-01 11:00:00,solar.bun_tlc#realenergyintotheload#kwh,BUNDOORA,26.71875,17.852581,27.16306,26.358286,549.0
2025-05-01 12:00:00,solar.bun_tlc#realenergyintotheload#kwh,BUNDOORA,30.75,27.044651,29.900558,29.014679,610.0
2025-05-01 13:00:00,solar.bun_tlc#realenergyintotheload#kwh,BUNDOORA,29.28125,29.34952,29.827614,28.943895,610.0
2025-05-01 14:00:00,solar.bun_tlc#realenergyintotheload#kwh,BUNDOORA,27.34375,24.772144,25.131376,24.386797,532.0
2025-05-01 15:00:00,solar.bun_tlc#realenergyintotheload#kwh,BUNDOORA,22.625,18.981777,21.40245,20.768349,438.0
2025-05-01 16:00:00,solar.bun_tlc#realenergyintotheload#kwh,BUNDOORA,12.0,13.061351,13.937406,13.524475,283.0
2025-05-01 17:00:00,solar.bun_tlc#realenergyintotheload#kwh,BUNDOORA,4.84375,6.3005214,4.9116955,4.7661743,107.0
2025-05-01 18:00:00,solar.bun_tlc#realenergyintotheload#kwh,BUNDOORA,0.25,3.6611354,0.0064900178,0.0062977346,0.0
2025-05-01 19:00:00,solar.bun_tlc#realenergyintotheload#kwh,BUNDOORA,0.0,0.110903606,0.0004737526,0.00045971648,0.0
2025-05-01 20:00:00,solar.bun_tlc#realenergyintotheload#kwh,BUNDOORA,0.0,0.017026933,0.0010721834,0.0010404172,0.0
2025-05-01 21:00:00,solar.bun_tlc#realenergyintotheload#kwh,BUNDOORA,0.0,0.00017355563,0.0013314232,0.0012919764,0.0
2025-05-01 22:00:00,solar.bun_tlc#realenergyintotheload#kwh,BUNDOORA,0.0,0.00022352359,0.0008409031,0.0008159892,0.0
2025-05-01 23:00:00,solar.bun_tlc#realenergyintotheload#kwh,BUNDOORA,0.0,-0.011841476,0.0010980741,0.001065541,0.0
2025-05-02 00:00:00,solar.bun_tlc#realenergyintotheload#kwh,BUNDOORA,0.0,-0.011841476,0.0010980741,0.001065541,0.0
2025-05-02 01:00:00,solar.bun_tlc#realenergyintotheload#kwh,BUNDOORA,0.0,-0.007223196,0.0016630865,0.0016138133,0.0
2025-05-02 02:00:00,solar.bun_tlc#realenergyintotheload#kwh,BUNDOORA,0.0,-0.007223196,0.0009673884,0.0009387271,0.0
2025-05-02 03:00:00,solar.bun_tlc#realenergyintotheload#kwh,BUNDOORA,0.0,-0.020089101,0.00040237568,0.00039045428,0.0
2025-05-02 04:00:00,solar.bun_tlc#realenergyintotheload#kwh,BUNDOORA,0.0,-0.02470738,0.00040237568,0.00039045428,0.0
2025-05-02 05:00:00,solar.bun_tlc#realenergyintotheload#kwh,BUNDOORA,0.0,-0.02470738,0.00040237568,0.00039045428,0.0
2025-05-02 06:00:00,solar.bun_tlc#realenergyintotheload#kwh,BUNDOORA,0.0,0.0025100051,0.00040237568,0.00039045428,0.0
2025-05-02 07:00:00,solar.bun_tlc#realenergyintotheload#kwh,BUNDOORA,0.0,-0.0123266075,0.00089289556,0.0008664413,0.0
2025-05-02 08:00:00,solar.bun_tlc#realenergyintotheload#kwh,BUNDOORA,1.5625,0.11629574,4.7559605,4.615053,95.0
2025-05-02 09:00:00,solar.bun_tlc#realenergyintotheload#kwh,BUNDOORA,7.0625,1.9171219,13.643303,13.239086,271.0
2025-05-02 10:00:00,solar.bun_tlc#realenergyintotheload#kwh,BUNDOORA,18.46875,17.857286,22.657934,21.986637,433.0
2025-05-02 11:00:00,solar.bun_tlc#realenergyintotheload#kwh,BUNDOORA,26.84375,26.488148,27.022764,26.222147,551.0
2025-05-02 12:00:00,solar.bun_tlc#realenergyintotheload#kwh,BUNDOORA,30.8125,30.284494,29.482508,28.609015,612.0
2025-05-02 13:00:00,solar.bun_tlc#realenergyintotheload#kwh,BUNDOORA,31.6875,32.198593,29.531628,28.65668,613.0
2025-05-02 14:00:00,solar.bun_tlc#realenergyintotheload#kwh,BUNDOORA,28.9375,28.7974,24.76789,24.03408,554.0
2025-05-02 15:00:00,solar.bun_tlc#realenergyintotheload#kwh,BUNDOORA,22.9375,17.520304,21.906988,21.257938,439.0
2025-05-02 16:00:00,solar.bun_tlc#realenergyintotheload#kwh,BUNDOORA,12.84375,12.3311405,14.83409,14.394593,282.0
2025-05-02 17:00:00,solar.bun_tlc#realenergyintotheload#kwh,BUNDOORA,5.09375,7.8937616,5.24172,5.086421,106.0
2025-05-02 18:00:00,solar.bun_tlc#realenergyintotheload#kwh,BUNDOORA,0.21875,1.8623872,0.010998056,0.010672212,0.0
2025-05-02 19:00:00,solar.bun_tlc#realenergyintotheload#kwh,BUNDOORA,0.0,0.07830918,0.0067446115,0.0065447856,0.0
2025-05-02 20:00:00,solar.bun_tlc#realenergyintotheload#kwh,BUNDOORA,0.0,0.032020465,0.00089289556,0.0008664413,0.0
2025-05-02 21:00:00,solar.bun_tlc#realenergyintotheload#kwh,BUNDOORA,0.0,-0.0006510127,0.00089289556,0.0008664413,0.0
2025-05-02 22:00:00,solar.bun_tlc#realenergyintotheload#kwh,BUNDOORA,0.0,0.002104478,0.00089289556,0.0008664413,0.0
2025-05-02 23:00:00,solar.bun_tlc#realenergyintotheload#kwh,BUNDOORA,0.0,0.0047935382,0.00089289556,0.0008664413,0.0
2025-05-03 00:00:00,solar.bun_tlc#realenergyintotheload#kwh,BUNDOORA,0.0,0.005380544,3.5225275e-05,3.4181638e-05,0.0
2025-05-03 01:00:00,solar.bun_tlc#realenergyintotheload#kwh,BUNDOORA,0.0,0.010629068,3.5225275e-05,3.4181638e-05,0.0
2025-05-03 02:00:00,solar.bun_tlc#realenergyintotheload#kwh,BUNDOORA,0.0,-0.009485275,3.5225275e-05,3.4181638e-05,0.0
2025-05-03 03:00:00,solar.bun_tlc#realenergyintotheload#kwh,BUNDOORA,0.0,-0.018156298,3.5225275e-05,3.4181638e-05,0.0
2025-05-03 04:00:00,solar.bun_tlc#realenergyintotheload#kwh,BUNDOORA,0.0,-0.08252197,0.0009059498,0.0008791088,0.0
2025-05-03 05:00:00,solar.bun_tlc#realenergyintotheload#kwh,BUNDOORA,0.0,-0.08252197,0.0009059498,0.0008791088,0.0
2025-05-03 06:00:00,solar.bun_tlc#realenergyintotheload#kwh,BUNDOORA,0.0,0.0181236,3.5225275e-05,3.4181638e-05,0.0
2025-05-03 07:00:00,solar.bun_tlc#realenergyintotheload#kwh,BUNDOORA,0.0,0.1502988,3.5225275e-05,3.4181638e-05,0.0
2025-05-03 08:00:00,solar.bun_tlc#realenergyintotheload#kwh,BUNDOORA,1.71875,2.4876056,4.66567,4.5274377,96.0
2025-05-03 09:00:00,solar.bun_tlc#realenergyintotheload#kwh,BUNDOORA,7.46875,7.742161,14.027954,13.612341,277.0
2025-05-03 10:00:00,solar.bun_tlc#realenergyintotheload#kwh,BUNDOORA,18.3125,15.87298,22.31952,21.658249,434.0
2025-05-03 11:00:00,solar.bun_tlc#realenergyintotheload#kwh,BUNDOORA,27.09375,28.303846,24.50565,23.779608,551.0
2025-05-03 12:00:00,solar.bun_tlc#realenergyintotheload#kwh,BUNDOORA,31.15625,29.956642,28.117664,27.284609,613.0
2025-05-03 13:00:00,solar.bun_tlc#realenergyintotheload#kwh,BUNDOORA,31.65625,30.970058,27.962574,27.134113,615.0
2025-05-03 14:00:00,solar.bun_tlc#realenergyintotheload#kwh,BUNDOORA,28.1875,28.906683,24.355146,23.633564,556.0
2025-05-03 15:00:00,solar.bun_tlc#realenergyintotheload#kwh,BUNDOORA,20.90625,19.980871,21.19576,20.567783,437.0
2025-05-03 16:00:00,solar.bun_tlc#realenergyintotheload#kwh,BUNDOORA,10.90625,7.3726335,9.757952,9.468848,221.0
2025-05-03 17:00:00,solar.bun_tlc#realenergyintotheload#kwh,BUNDOORA,3.625,2.3323555,3.476484,3.3734846,74.0
2025-05-03 18:00:00,solar.bun_tlc#realenergyintotheload#kwh,BUNDOORA,0.25,-0.26266465,0.023836834,0.023130609,0.0
2025-05-03 19:00:00,solar.bun_tlc#realenergyintotheload#kwh,BUNDOORA,0.0,-0.046301946,0.01537558,0.01492004,0.0
2025-05-03 20:00:00,solar.bun_tlc#realenergyintotheload#kwh,BUNDOORA,0.0,0.019401906,0.018474814,0.017927451,0.0
2025-05-03 21:00:00,solar.bun_tlc#realenergyintotheload#kwh,BUNDOORA,0.0,-0.09287181,0.016319918,0.015836399,0.0
2025-05-03 22:00:00,solar.bun_tlc#realenergyintotheload#kwh,BUNDOORA,0.0,0.057466432,0.016319918,0.015836399,0.0
2025-05-03 23:00:00,solar.bun_tlc#realenergyintotheload#kwh,BUNDOORA,0.0,0.57162505,0.024067331,0.023354277,0.0
2025-05-04 00:00:00,solar.bun_tlc#realenergyintotheload#kwh,BUNDOORA,0.0,0.048463024,0.007818364,0.007586725,0.0
2025-05-04 01:00:00,solar.bun_tlc#realenergyintotheload#kwh,BUNDOORA,0.0,0.48048386,0.0077648894,0.007534835,0.0
2025-05-04 02:00:00,solar.bun_tlc#realenergyintotheload#kwh,BUNDOORA,0.0,0.46706772,0.0017948212,0.0017416452,0.0
2025-05-04 03:00:00,solar.bun_tlc#realenergyintotheload#kwh,BUNDOORA,0.0,0.82343554,0.017528467,0.017009143,0.0
2025-05-04 04:00:00,solar.bun_tlc#realenergyintotheload#kwh,BUNDOORA,0.0,0.6208607,-0.0027797574,0.0,0.0
2025-05-04 05:00:00,solar.bun_tlc#realenergyintotheload#kwh,BUNDOORA,0.0,1.0181135,0.002820145,0.0027365913,0.0
2025-05-04 06:00:00,solar.bun_tlc#realenergyintotheload#kwh,BUNDOORA,0.0,0.79749453,-0.0036125237,0.0,0.0
2025-05-04 07:00:00,solar.bun_tlc#realenergyintotheload#kwh,BUNDOORA,0.0,3.1839983,0.006858884,0.006655672,0.0
2025-05-04 08:00:00,solar.bun_tlc#realenergyintotheload#kwh,BUNDOORA,0.90625,9.230454,3.830412,3.7169263,87.0
2025-05-04 09:00:00,solar.bun_tlc#realenergyintotheload#kwh,BUNDOORA,6.46875,14.603615,12.294972,11.930703,253.0
2025-05-04 10:00:00,solar.bun_tlc#realenergyintotheload#kwh,BUNDOORA,16.5625,17.34744,17.96119,17.429045,354.0
2025-05-04 11:00:00,solar.bun_tlc#realenergyintotheload#kwh,BUNDOORA,15.90625,22.68359,24.600811,23.87195,528.0
2025-05-04 12:00:00,solar.bun_tlc#realenergyintotheload#kwh,BUNDOORA,21.8125,21.409986,23.953638,23.243952,500.0
2025-05-04 13:00:00,solar.bun_tlc#realenergyintotheload#kwh,BUNDOORA,29.78125,31.69826,29.512564,28.63818,598.0
2025-05-04 14:00:00,solar.bun_tlc#realenergyintotheload#kwh,BUNDOORA,28.15625,28.231218,25.53876,24.78211,540.0
2025-05-04 15:00:00,solar.bun_tlc#realenergyintotheload#kwh,BUNDOORA,19.875,21.10719,20.70572,20.092262,423.0
2025-05-04 16:00:00,solar.bun_tlc#realenergyintotheload#kwh,BUNDOORA,12.6875,14.269594,12.110509,11.751705,261.0
2025-05-04 17:00:00,solar.bun_tlc#realenergyintotheload#kwh,BUNDOORA,4.25,11.823931,4.552296,4.417423,98.0
2025-05-04 18:00:00,solar.bun_tlc#realenergyintotheload#kwh,BUNDOORA,0.25,0.96454436,0.013896213,0.013484503,0.0
2025-05-04 19:00:00,solar.bun_tlc#realenergyintotheload#kwh,BUNDOORA,0.0,0.11264465,0.015548645,0.015087977,0.0
2025-05-04 20:00:00,solar.bun_tlc#realenergyintotheload#kwh,BUNDOORA,0.0,0.06736151,0.015516671,0.015056951,0.0
2025-05-04 21:00:00,solar.bun_tlc#realenergyintotheload#kwh,BUNDOORA,0.0,0.027789982,0.0058399644,0.005666941,0.0
2025-05-04 22:00:00,solar.bun_tlc#realenergyintotheload#kwh,BUNDOORA,0.0,0.47128108,-0.015153036,0.0,0.0
2025-05-04 23:00:00,solar.bun_tlc#realenergyintotheload#kwh,BUNDOORA,0.0,0.24838075,-0.01834185,0.0,0.0
2025-05-05 00:00:00,solar.bun_tlc#realenergyintotheload#kwh,BUNDOORA,0.0,0.14387995,-0.02172416,0.0,0.0
2025-05-05 01:00:00,solar.bun_tlc#realenergyintotheload#kwh,BUNDOORA,0.0,-0.025283663,-0.04170672,0.0,0.0
2025-05-05 02:00:00,solar.bun_tlc#realenergyintotheload#kwh,BUNDOORA,0.0,-0.007384351,-0.044765964,0.0,0.0
2025-05-05 03:00:00,solar.bun_tlc#realenergyintotheload#kwh,BUNDOORA,0.0,0.19186619,-0.03456377,0.0,0.0
2025-05-05 04:00:00,solar.bun_tlc#realenergyintotheload#kwh,BUNDOORA,0.0,0.1767574,-0.034366492,0.0,0.0
2025-05-05 05:00:00,solar.bun_tlc#realenergyintotheload#kwh,BUNDOORA,0.0,0.12343979,-0.023623155,0.0,0.0
2025-05-05 06:00:00,solar.bun_tlc#realenergyintotheload#kwh,BUNDOORA,0.0,0.36981553,-0.06171431,0.0,0.0
2025-05-05 07:00:00,solar.bun_tlc#realenergyintotheload#kwh,BUNDOORA,0.0,2.2608008,-0.034026247,0.0,0.0
2025-05-05 08:00:00,solar.bun_tlc#realenergyintotheload#kwh,BUNDOORA,0.5,7.639807,3.0774279,2.9862514,63.0
2025-05-05 09:00:00,solar.bun_tlc#realenergyintotheload#kwh,BUNDOORA,3.90625,9.586766,8.992723,8.726292,186.0
2025-05-05 10:00:00,solar.bun_tlc#realenergyintotheload#kwh,BUNDOORA,14.21875,19.739511,15.568761,15.107497,321.0
2025-05-05 11:00:00,solar.bun_tlc#realenergyintotheload#kwh,BUNDOORA,22.34375,24.873049,24.899279,24.161575,521.0
2025-05-05 12:00:00,solar.bun_tlc#realenergyintotheload#kwh,BUNDOORA,28.375,27.244879,27.836512,27.011786,579.0
2025-05-05 13:00:00,solar.bun_tlc#realenergyintotheload#kwh,BUNDOORA,23.875,17.83881,23.330275,22.639057,482.0
2025-05-05 14:00:00,solar.bun_tlc#realenergyintotheload#kwh,BUNDOORA,28.125,23.543106,24.365513,23.643623,523.0
2025-05-05 15:00:00,solar.bun_tlc#realenergyintotheload#kwh,BUNDOORA,21.34375,25.577826,19.047846,18.483505,414.0
2025-05-05 16:00:00,solar.bun_tlc#realenergyintotheload#kwh,BUNDOORA,11.8125,11.748228,11.291242,10.956711,245.0
2025-05-05 17:00:00,solar.bun_tlc#realenergyintotheload#kwh,BUNDOORA,3.03125,2.3594673,2.1191912,2.0564048,51.0
2025-05-05 18:00:00,solar.bun_tlc#realenergyintotheload#kwh,BUNDOORA,0.28125,1.923802,-0.009392036,0.0,0.0
2025-05-05 19:00:00,solar.bun_tlc#realenergyintotheload#kwh,BUNDOORA,0.0,0.12292894,0.012769871,0.012391532,0.0
2025-05-05 20:00:00,solar.bun_tlc#realenergyintotheload#kwh,BUNDOORA,0.0,-0.023908587,0.005120124,0.0049684276,0.0
2025-05-05 21:00:00,solar.bun_tlc#realenergyintotheload#kwh,BUNDOORA,0.0,0.13888723,-0.019349284,0.0,0.0
2025-05-05 22:00:00,solar.bun_tlc#realenergyintotheload#kwh,BUNDOORA,0.0,0.15890661,-0.017161299,0.0,0.0
2025-05-05 23:00:00,solar.bun_tlc#realenergyintotheload#kwh,BUNDOORA,0.0,0.21425885,-0.019031057,0.0,0.0
2025-05-06 00:00:00,solar.bun_tlc#realenergyintotheload#kwh,BUNDOORA,0.0,-0.7403511,-0.02029493,0.0,0.0
2025-05-06 01:00:00,solar.bun_tlc#realenergyintotheload#kwh,BUNDOORA,0.0,0.19026235,-0.007402391,0.0,0.0
2025-05-06 02:00:00,solar.bun_tlc#realenergyintotheload#kwh,BUNDOORA,0.0,-0.024447462,0.004220132,0.0040951,0.0
2025-05-06 03:00:00,solar.bun_tlc#realenergyintotheload#kwh,BUNDOORA,0.0,0.1797307,-0.020249272,0.0,0.0
2025-05-06 04:00:00,solar.bun_tlc#realenergyintotheload#kwh,BUNDOORA,0.0,0.9216259,-0.030541405,0.0,0.0
2025-05-06 05:00:00,solar.bun_tlc#realenergyintotheload#kwh,BUNDOORA,0.0,0.6055215,-0.030541405,0.0,0.0
2025-05-06 06:00:00,solar.bun_tlc#realenergyintotheload#kwh,BUNDOORA,0.0,1.3289479,-0.033422913,0.0,0.0
2025-05-06 07:00:00,solar.bun_tlc#realenergyintotheload#kwh,BUNDOORA,0.0,4.4871583,-0.013843222,0.0,0.0
2025-05-06 08:00:00,solar.bun_tlc#realenergyintotheload#kwh,BUNDOORA,0.875,20.843086,3.2915876,3.194066,82.0
2025-05-06 09:00:00,solar.bun_tlc#realenergyintotheload#kwh,BUNDOORA,6.0,20.88558,11.3783455,11.041233,249.0
2025-05-06 10:00:00,solar.bun_tlc#realenergyintotheload#kwh,BUNDOORA,15.875,21.865278,20.141731,19.544983,402.0
2025-05-06 11:00:00,solar.bun_tlc#realenergyintotheload#kwh,BUNDOORA,24.9375,24.207506,24.288252,23.568651,514.0
2025-05-06 12:00:00,solar.bun_tlc#realenergyintotheload#kwh,BUNDOORA,28.9375,26.768526,26.875889,26.079624,573.0
2025-05-06 13:00:00,solar.bun_tlc#realenergyintotheload#kwh,BUNDOORA,29.71875,24.392637,26.768631,25.975544,574.0
2025-05-06 14:00:00,solar.bun_tlc#realenergyintotheload#kwh,BUNDOORA,27.15625,17.99048,24.376797,23.654573,517.0
2025-05-06 15:00:00,solar.bun_tlc#realenergyintotheload#kwh,BUNDOORA,20.65625,21.648182,19.490862,18.913397,408.0
2025-05-06 16:00:00,solar.bun_tlc#realenergyintotheload#kwh,BUNDOORA,11.5,9.919157,10.902792,10.579769,257.0
2025-05-06 17:00:00,solar.bun_tlc#realenergyintotheload#kwh,BUNDOORA,4.15625,11.7231045,4.018632,3.89957,90.0
2025-05-06 18:00:00,solar.bun_tlc#realenergyintotheload#kwh,BUNDOORA,0.15625,2.2744746,0.0013568348,0.0013166352,0.0
2025-05-06 19:00:00,solar.bun_tlc#realenergyintotheload#kwh,BUNDOORA,0.0,0.6396717,0.013560157,0.013158403,0.0
2025-05-06 20:00:00,solar.bun_tlc#realenergyintotheload#kwh,BUNDOORA,0.0,-0.38830996,0.030097159,0.029205455,0.0
2025-05-06 21:00:00,solar.bun_tlc#realenergyintotheload#kwh,BUNDOORA,0.0,0.12421349,0.0149864685,0.014542457,0.0
2025-05-06 22:00:00,solar.bun_tlc#realenergyintotheload#kwh,BUNDOORA,0.0,1.5433508,0.028641997,0.027793406,0.0
2025-05-06 23:00:00,solar.bun_tlc#realenergyintotheload#kwh,BUNDOORA,0.0,1.4908212,0.014362923,0.013937386,0.0
2025-05-07 00:00:00,solar.bun_tlc#realenergyintotheload#kwh,BUNDOORA,0.0,1.8721623,0.011567901,0.011225173,0.0
2025-05-07 01:00:00,solar.bun_tlc#realenergyintotheload#kwh,BUNDOORA,0.0,0.5647366,0.017218051,0.016707923,0.0
2025-05-07 02:00:00,solar.bun_tlc#realenergyintotheload#kwh,BUNDOORA,0.0,1.1387811,0.0062328465,0.006048183,0.0
2025-05-07 03:00:00,solar.bun_tlc#realenergyintotheload#kwh,BUNDOORA,0.0,0.50737584,0.0046994844,0.0045602503,0.0
2025-05-07 04:00:00,solar.bun_tlc#realenergyintotheload#kwh,BUNDOORA,0.0,0.2058653,0.0005040751,0.00048914057,0.0
2025-05-07 05:00:00,solar.bun_tlc#realenergyintotheload#kwh,BUNDOORA,0.0,0.12538642,0.0009960514,0.0009665408,0.0
2025-05-07 06:00:00,solar.bun_tlc#realenergyintotheload#kwh,BUNDOORA,0.0,0.601818,0.0010720349,0.0010402732,0.0
2025-05-07 07:00:00,solar.bun_tlc#realenergyintotheload#kwh,BUNDOORA,0.0,3.1079454,0.00042814153,0.00041545677,0.0
2025-05-07 08:00:00,solar.bun_tlc#realenergyintotheload#kwh,BUNDOORA,1.125,1.986944,2.765023,2.6831024,66.0
2025-05-07 09:00:00,solar.bun_tlc#realenergyintotheload#kwh,BUNDOORA,7.53125,0.08183177,9.556956,9.273808,215.0
2025-05-07 10:00:00,solar.bun_tlc#realenergyintotheload#kwh,BUNDOORA,15.40625,20.949839,15.462912,15.004785,333.0
2025-05-07 11:00:00,solar.bun_tlc#realenergyintotheload#kwh,BUNDOORA,14.125,13.239305,12.189617,11.828469,251.0
2025-05-07 12:00:00,solar.bun_tlc#realenergyintotheload#kwh,BUNDOORA,9.90625,12.819032,5.6290417,5.4622674,117.0
2025-05-07 13:00:00,solar.bun_tlc#realenergyintotheload#kwh,BUNDOORA,6.59375,15.993706,3.4107833,3.3097303,74.0
2025-05-07 14:00:00,solar.bun_tlc#realenergyintotheload#kwh,BUNDOORA,9.0625,12.059953,9.09943,8.829837,197.0
2025-05-07 15:00:00,solar.bun_tlc#realenergyintotheload#kwh,BUNDOORA,14.59375,18.792116,11.910643,11.55776,249.0
2025-05-07 16:00:00,solar.bun_tlc#realenergyintotheload#kwh,BUNDOORA,12.15625,13.582184,10.857086,10.535418,220.0
2025-05-07 17:00:00,solar.bun_tlc#realenergyintotheload#kwh,BUNDOORA,4.1875,5.5306783,2.0444198,1.9838487,48.0
2025-05-07 18:00:00,solar.bun_tlc#realenergyintotheload#kwh,BUNDOORA,0.125,7.155559,-0.012717532,0.0,0.0
2025-05-07 19:00:00,solar.bun_tlc#realenergyintotheload#kwh,BUNDOORA,0.0,0.780205,-0.0016188697,0.0,0.0
2025-05-07 20:00:00,solar.bun_tlc#realenergyintotheload#kwh,BUNDOORA,0.0,-0.02928156,-0.016923748,0.0,0.0
2025-05-07 21:00:00,solar.bun_tlc#realenergyintotheload#kwh,BUNDOORA,0.0,-0.100064866,-0.015774548,0.0,0.0
2025-05-07 22:00:00,solar.bun_tlc#realenergyintotheload#kwh,BUNDOORA,0.0,0.1639355,-0.0016027963,0.0,0.0
2025-05-07 23:00:00,solar.bun_tlc#realenergyintotheload#kwh,BUNDOORA,0.0,0.109413624,0.0018703701,0.0018149557,0.0
2025-05-08 00:00:00,solar.bun_tlc#realenergyintotheload#kwh,BUNDOORA,0.0,-0.08456152,-0.004007065,0.0,0.0
2025-05-08 01:00:00,solar.bun_tlc#realenergyintotheload#kwh,BUNDOORA,0.0,0.00810984,0.0012025704,0.0011669412,0.0
2025-05-08 02:00:00,solar.bun_tlc#realenergyintotheload#kwh,BUNDOORA,0.0,0.11865053,0.0012025704,0.0011669412,0.0
2025-05-08 03:00:00,solar.bun_tlc#realenergyintotheload#kwh,BUNDOORA,0.0,-0.1295395,0.0009059498,0.0008791088,0.0
2025-05-08 04:00:00,solar.bun_tlc#realenergyintotheload#kwh,BUNDOORA,0.0,0.059942134,3.5225275e-05,3.4181638e-05,0.0
2025-05-08 05:00:00,solar.bun_tlc#realenergyintotheload#kwh,BUNDOORA,0.0,-0.006704695,-2.7993621e-05,0.0,0.0
2025-05-08 06:00:00,solar.bun_tlc#realenergyintotheload#kwh,BUNDOORA,0.0,0.003484412,3.5225275e-05,3.4181638e-05,0.0
2025-05-08 07:00:00,solar.bun_tlc#realenergyintotheload#kwh,BUNDOORA,0.0,0.49528503,3.5225275e-05,3.4181638e-05,0.0
2025-05-08 08:00:00,solar.bun_tlc#realenergyintotheload#kwh,BUNDOORA,1.0,0.9156202,3.4751103,3.3721514,70.0
2025-05-08 09:00:00,solar.bun_tlc#realenergyintotheload#kwh,BUNDOORA,5.625,5.0020785,11.790823,11.44149,240.0
2025-05-08 10:00:00,solar.bun_tlc#realenergyintotheload#kwh,BUNDOORA,15.0625,14.31894,20.61121,20.000551,392.0
2025-05-08 11:00:00,solar.bun_tlc#realenergyintotheload#kwh,BUNDOORA,24.21875,21.197586,25.642859,24.883125,503.0
2025-05-08 12:00:00,solar.bun_tlc#realenergyintotheload#kwh,BUNDOORA,26.5625,20.387167,28.446825,27.604017,561.0
2025-05-08 13:00:00,solar.bun_tlc#realenergyintotheload#kwh,BUNDOORA,27.96875,19.399618,25.326693,24.576326,512.0
2025-05-08 14:00:00,solar.bun_tlc#realenergyintotheload#kwh,BUNDOORA,21.09375,17.831472,20.78955,20.173609,410.0
2025-05-08 15:00:00,solar.bun_tlc#realenergyintotheload#kwh,BUNDOORA,12.46875,12.254846,10.92639,10.602668,219.0
2025-05-08 16:00:00,solar.bun_tlc#realenergyintotheload#kwh,BUNDOORA,6.125,5.9836783,6.922208,6.71712,154.0
2025-05-08 17:00:00,solar.bun_tlc#realenergyintotheload#kwh,BUNDOORA,2.9375,0.815137,0.5159319,0.5006461,14.0
2025-05-08 18:00:00,solar.bun_tlc#realenergyintotheload#kwh,BUNDOORA,0.1875,0.900718,0.0013063931,0.0012676879,0.0
2025-05-08 19:00:00,solar.bun_tlc#realenergyintotheload#kwh,BUNDOORA,0.0,0.15070091,0.0018852145,0.0018293603,0.0
2025-05-08 20:00:00,solar.bun_tlc#realenergyintotheload#kwh,BUNDOORA,0.0,0.059300285,0.0026358732,0.0025577787,0.0
2025-05-08 21:00:00,solar.bun_tlc#realenergyintotheload#kwh,BUNDOORA,0.0,0.0393677,0.0022027302,0.0021374687,0.0
2025-05-08 22:00:00,solar.bun_tlc#realenergyintotheload#kwh,BUNDOORA,0.0,0.0066787642,0.001525375,0.0014801819,0.0
2025-05-08 23:00:00,solar.bun_tlc#realenergyintotheload#kwh,BUNDOORA,0.0,0.008471413,0.001525375,0.0014801819,0.0
2025-05-09 00:00:00,solar.bun_tlc#realenergyintotheload#kwh,BUNDOORA,0.0,0.0066787642,0.001525375,0.0014801819,0.0
2025-05-09 01:00:00,solar.bun_tlc#realenergyintotheload#kwh,BUNDOORA,0.0,0.005626231,0.001525375,0.0014801819,0.0
2025-05-09 02:00:00,solar.bun_tlc#realenergyintotheload#kwh,BUNDOORA,0.0,0.010296265,0.00089289556,0.0008664413,0.0
2025-05-09 03:00:00,solar.bun_tlc#realenergyintotheload#kwh,BUNDOORA,0.0,0.012472855,0.00063148636,0.000612777,0.0
2025-05-09 04:00:00,solar.bun_tlc#realenergyintotheload#kwh,BUNDOORA,0.0,-0.0031111566,0.00089289556,0.0008664413,0.0
2025-05-09 05:00:00,solar.bun_tlc#realenergyintotheload#kwh,BUNDOORA,0.0,0.010984122,0.00089289556,0.0008664413,0.0
2025-05-09 06:00:00,solar.bun_tlc#realenergyintotheload#kwh,BUNDOORA,0.0,0.021634499,0.00089289556,0.0008664413,0.0
2025-05-09 07:00:00,solar.bun_tlc#realenergyintotheload#kwh,BUNDOORA,0.0,0.08964612,0.00089289556,0.0008664413,0.0
2025-05-09 08:00:00,solar.bun_tlc#realenergyintotheload#kwh,BUNDOORA,0.96875,0.21028098,3.7505355,3.6394165,74.0
2025-05-09 09:00:00,solar.bun_tlc#realenergyintotheload#kwh,BUNDOORA,4.3125,1.4842945,10.736594,10.418496,218.0
2025-05-09 10:00:00,solar.bun_tlc#realenergyintotheload#kwh,BUNDOORA,9.53125,12.290906,13.711973,13.305721,262.0
2025-05-09 11:00:00,solar.bun_tlc#realenergyintotheload#kwh,BUNDOORA,13.96875,15.421976,17.661915,17.138636,345.0
2025-05-09 12:00:00,solar.bun_tlc#realenergyintotheload#kwh,BUNDOORA,20.375,19.148357,14.883254,14.442301,302.0
2025-05-09 13:00:00,solar.bun_tlc#realenergyintotheload#kwh,BUNDOORA,14.6875,25.873848,27.037441,26.23639,551.0
2025-05-09 14:00:00,solar.bun_tlc#realenergyintotheload#kwh,BUNDOORA,17.125,21.9026,24.44716,23.722853,508.0
2025-05-09 15:00:00,solar.bun_tlc#realenergyintotheload#kwh,BUNDOORA,19.34375,20.6912,20.62541,20.01433,398.0
2025-05-09 16:00:00,solar.bun_tlc#realenergyintotheload#kwh,BUNDOORA,10.96875,13.189179,12.893089,12.511099,246.0
2025-05-09 17:00:00,solar.bun_tlc#realenergyintotheload#kwh,BUNDOORA,3.65625,7.380554,3.7767909,3.6648939,79.0
2025-05-09 18:00:00,solar.bun_tlc#realenergyintotheload#kwh,BUNDOORA,0.09375,3.9323378,0.007440311,0.007219873,0.0
2025-05-09 19:00:00,solar.bun_tlc#realenergyintotheload#kwh,BUNDOORA,0.0,0.06537436,0.0015885938,0.0015415278,0.0
2025-05-09 20:00:00,solar.bun_tlc#realenergyintotheload#kwh,BUNDOORA,0.0,0.011313414,0.0010980741,0.001065541,0.0
2025-05-09 21:00:00,solar.bun_tlc#realenergyintotheload#kwh,BUNDOORA,0.0,0.012214892,0.0015885938,0.0015415278,0.0
2025-05-09 22:00:00,solar.bun_tlc#realenergyintotheload#kwh,BUNDOORA,0.0,0.011313414,0.0010980741,0.001065541,0.0
2025-05-09 23:00:00,solar.bun_tlc#realenergyintotheload#kwh,BUNDOORA,0.0,0.015931694,0.0016630865,0.0016138133,0.0
2025-05-10 00:00:00,solar.bun_tlc#realenergyintotheload#kwh,BUNDOORA,0.0,0.007194308,0.0016630865,0.0016138133,0.0
2025-05-10 01:00:00,solar.bun_tlc#realenergyintotheload#kwh,BUNDOORA,0.0,0.007393584,0.0016630865,0.0016138133,0.0
2025-05-10 02:00:00,solar.bun_tlc#realenergyintotheload#kwh,BUNDOORA,0.0,0.007393584,0.0016630865,0.0016138133,0.0
2025-05-10 03:00:00,solar.bun_tlc#realenergyintotheload#kwh,BUNDOORA,0.0,0.007393584,0.0016630865,0.0016138133,0.0
2025-05-10 04:00:00,solar.bun_tlc#realenergyintotheload#kwh,BUNDOORA,0.0,0.007393584,0.0009673884,0.0009387271,0.0
2025-05-10 05:00:00,solar.bun_tlc#realenergyintotheload#kwh,BUNDOORA,0.0,-0.020089101,0.0009673884,0.0009387271,0.0
2025-05-10 06:00:00,solar.bun_tlc#realenergyintotheload#kwh,BUNDOORA,0.0,0.007128283,0.0014579084,0.0014147143,0.0
2025-05-10 07:00:00,solar.bun_tlc#realenergyintotheload#kwh,BUNDOORA,0.0,0.0036842767,0.0014579084,0.0014147143,0.0
2025-05-10 08:00:00,solar.bun_tlc#realenergyintotheload#kwh,BUNDOORA,0.5625,0.2465018,3.4588308,3.3563542,71.0
2025-05-10 09:00:00,solar.bun_tlc#realenergyintotheload#kwh,BUNDOORA,5.375,0.8212762,11.528432,11.186873,236.0
2025-05-10 10:00:00,solar.bun_tlc#realenergyintotheload#kwh,BUNDOORA,14.28125,14.259915,20.0102,19.417349,387.0
2025-05-10 11:00:00,solar.bun_tlc#realenergyintotheload#kwh,BUNDOORA,23.84375,22.86324,25.561977,24.80464,498.0
2025-05-10 12:00:00,solar.bun_tlc#realenergyintotheload#kwh,BUNDOORA,28.625,29.920021,28.653986,27.80504,557.0
2025-05-10 13:00:00,solar.bun_tlc#realenergyintotheload#kwh,BUNDOORA,29.21875,26.780851,27.995993,27.166542,557.0
2025-05-10 14:00:00,solar.bun_tlc#realenergyintotheload#kwh,BUNDOORA,26.28125,29.207235,24.19898,23.482025,499.0
2025-05-10 15:00:00,solar.bun_tlc#realenergyintotheload#kwh,BUNDOORA,19.125,23.699678,19.585228,19.004967,389.0
2025-05-10 16:00:00,solar.bun_tlc#realenergyintotheload#kwh,BUNDOORA,10.59375,13.013319,12.611776,12.238121,239.0
2025-05-10 17:00:00,solar.bun_tlc#realenergyintotheload#kwh,BUNDOORA,3.40625,14.8213825,3.6622934,3.553789,76.0
2025-05-10 18:00:00,solar.bun_tlc#realenergyintotheload#kwh,BUNDOORA,0.0625,3.5937974,0.0065999962,0.006404455,0.0
2025-05-10 19:00:00,solar.bun_tlc#realenergyintotheload#kwh,BUNDOORA,0.0,1.0752658,0.0071831406,0.006970322,0.0
2025-05-10 20:00:00,solar.bun_tlc#realenergyintotheload#kwh,BUNDOORA,0.0,0.016833171,0.0015885938,0.0015415278,0.0
2025-05-10 21:00:00,solar.bun_tlc#realenergyintotheload#kwh,BUNDOORA,0.0,0.015931694,0.0016630865,0.0016138133,0.0
2025-05-10 22:00:00,solar.bun_tlc#realenergyintotheload#kwh,BUNDOORA,0.0,0.007393584,0.0010980741,0.001065541,0.0
2025-05-10 23:00:00,solar.bun_tlc#realenergyintotheload#kwh,BUNDOORA,0.0,0.007393584,0.0015885938,0.0015415278,0.0
2025-05-11 00:00:00,solar.bun_tlc#realenergyintotheload#kwh,BUNDOORA,0.0,0.0027753087,0.0015885938,0.0015415278,0.0
2025-05-11 01:00:00,solar.bun_tlc#realenergyintotheload#kwh,BUNDOORA,0.0,0.0027753087,0.00040237568,0.00039045428,0.0
2025-05-11 02:00:00,solar.bun_tlc#realenergyintotheload#kwh,BUNDOORA,0.0,-0.0075343815,0.00040237568,0.00039045428,0.0
2025-05-11 03:00:00,solar.bun_tlc#realenergyintotheload#kwh,BUNDOORA,0.0,0.011811888,0.00040237568,0.00039045428,0.0
2025-05-11 04:00:00,solar.bun_tlc#realenergyintotheload#kwh,BUNDOORA,0.0,0.011811888,0.00040237568,0.00039045428,0.0
2025-05-11 05:00:00,solar.bun_tlc#realenergyintotheload#kwh,BUNDOORA,0.0,-0.063273236,0.0015043805,0.0014598095,0.0
2025-05-11 06:00:00,solar.bun_tlc#realenergyintotheload#kwh,BUNDOORA,0.0,-0.023665851,0.0009059498,0.0008791088,0.0
2025-05-11 07:00:00,solar.bun_tlc#realenergyintotheload#kwh,BUNDOORA,0.0,0.6438421,3.5225275e-05,3.4181638e-05,0.0
2025-05-11 08:00:00,solar.bun_tlc#realenergyintotheload#kwh,BUNDOORA,0.9375,2.3743293,3.3444166,3.2453299,71.0
2025-05-11 09:00:00,solar.bun_tlc#realenergyintotheload#kwh,BUNDOORA,5.21875,6.8492894,11.420506,11.082145,236.0
2025-05-11 10:00:00,solar.bun_tlc#realenergyintotheload#kwh,BUNDOORA,13.75,16.921438,19.945686,19.354746,390.0
2025-05-11 11:00:00,solar.bun_tlc#realenergyintotheload#kwh,BUNDOORA,23.09375,25.00285,23.086527,22.40253,501.0
2025-05-11 12:00:00,solar.bun_tlc#realenergyintotheload#kwh,BUNDOORA,27.9375,29.248392,27.101149,26.29821,559.0
2025-05-11 13:00:00,solar.bun_tlc#realenergyintotheload#kwh,BUNDOORA,28.0,28.231455,27.174122,26.36902,559.0
2025-05-11 14:00:00,solar.bun_tlc#realenergyintotheload#kwh,BUNDOORA,24.46875,26.876368,23.069784,22.386284,501.0
2025-05-11 15:00:00,solar.bun_tlc#realenergyintotheload#kwh,BUNDOORA,18.6875,20.46788,19.084183,18.518766,391.0
2025-05-11 16:00:00,solar.bun_tlc#realenergyintotheload#kwh,BUNDOORA,10.65625,12.52052,11.595966,11.252407,239.0
2025-05-11 17:00:00,solar.bun_tlc#realenergyintotheload#kwh,BUNDOORA,3.46875,2.277812,3.1164618,3.0241287,65.0
2025-05-11 18:00:00,solar.bun_tlc#realenergyintotheload#kwh,BUNDOORA,0.09375,1.4412988,0.0031835083,0.0030891888,0.0
2025-05-11 19:00:00,solar.bun_tlc#realenergyintotheload#kwh,BUNDOORA,0.0,0.4912532,0.015440688,0.014983218,0.0
2025-05-11 20:00:00,solar.bun_tlc#realenergyintotheload#kwh,BUNDOORA,0.0,-0.09456667,0.0018529946,0.001798095,0.0
2025-05-11 21:00:00,solar.bun_tlc#realenergyintotheload#kwh,BUNDOORA,0.0,-0.052373752,0.008978556,0.008712544,0.0
2025-05-11 22:00:00,solar.bun_tlc#realenergyintotheload#kwh,BUNDOORA,0.0,0.089043655,0.002928793,0.0028420202,0.0
2025-05-11 23:00:00,solar.bun_tlc#realenergyintotheload#kwh,BUNDOORA,0.0,0.10620192,0.0052035498,0.0050493814,0.0
2025-05-12 00:00:00,solar.bun_tlc#realenergyintotheload#kwh,BUNDOORA,0.0,0.04479148,0.00026862705,0.00026066828,0.0
2025-05-12 01:00:00,solar.bun_tlc#realenergyintotheload#kwh,BUNDOORA,0.0,0.03449794,0.00026862705,0.00026066828,0.0
2025-05-12 02:00:00,solar.bun_tlc#realenergyintotheload#kwh,BUNDOORA,0.0,0.02319926,0.0010403094,0.0010094877,0.0
2025-05-12 03:00:00,solar.bun_tlc#realenergyintotheload#kwh,BUNDOORA,0.0,-0.0027772181,0.0007436888,0.00072165515,0.0
2025-05-12 04:00:00,solar.bun_tlc#realenergyintotheload#kwh,BUNDOORA,0.0,0.0019043107,0.0007436888,0.00072165515,0.0
2025-05-12 05:00:00,solar.bun_tlc#realenergyintotheload#kwh,BUNDOORA,0.0,0.006915256,0.0012661358,0.0012286234,0.0
2025-05-12 06:00:00,solar.bun_tlc#realenergyintotheload#kwh,BUNDOORA,0.0,0.037552923,0.00089289556,0.0008664413,0.0
2025-05-12 07:00:00,solar.bun_tlc#realenergyintotheload#kwh,BUNDOORA,0.0,0.12262313,0.00089289556,0.0008664413,0.0
2025-05-12 08:00:00,solar.bun_tlc#realenergyintotheload#kwh,BUNDOORA,0.78125,0.8115258,3.342338,3.243313,68.0
2025-05-12 09:00:00,solar.bun_tlc#realenergyintotheload#kwh,BUNDOORA,5.03125,4.84674,11.5454645,11.203402,233.0
2025-05-12 10:00:00,solar.bun_tlc#realenergyintotheload#kwh,BUNDOORA,13.03125,17.313946,19.741158,19.156277,384.0
2025-05-12 11:00:00,solar.bun_tlc#realenergyintotheload#kwh,BUNDOORA,22.15625,21.90293,24.320736,23.600174,496.0
2025-05-12 12:00:00,solar.bun_tlc#realenergyintotheload#kwh,BUNDOORA,27.46875,27.1058,26.473288,25.68895,555.0
2025-05-12 13:00:00,solar.bun_tlc#realenergyintotheload#kwh,BUNDOORA,28.34375,29.740387,26.474499,25.690126,555.0
2025-05-12 14:00:00,solar.bun_tlc#realenergyintotheload#kwh,BUNDOORA,25.4375,25.054047,23.95806,23.248241,496.0
2025-05-12 15:00:00,solar.bun_tlc#realenergyintotheload#kwh,BUNDOORA,18.53125,22.21516,19.57676,18.996748,385.0
2025-05-12 16:00:00,solar.bun_tlc#realenergyintotheload#kwh,BUNDOORA,9.9375,10.406838,11.957286,11.603022,235.0
2025-05-12 17:00:00,solar.bun_tlc#realenergyintotheload#kwh,BUNDOORA,3.09375,14.997406,2.7927842,2.710041,70.0
2025-05-12 18:00:00,solar.bun_tlc#realenergyintotheload#kwh,BUNDOORA,0.0625,6.6831527,0.007090517,0.0068804426,0.0
2025-05-12 19:00:00,solar.bun_tlc#realenergyintotheload#kwh,BUNDOORA,0.0,0.43253547,0.005202032,0.005047909,0.0
2025-05-12 20:00:00,solar.bun_tlc#realenergyintotheload#kwh,BUNDOORA,0.0,0.008976415,0.0013314232,0.0012919764,0.0
2025-05-12 21:00:00,solar.bun_tlc#realenergyintotheload#kwh,BUNDOORA,0.0,-0.007584725,0.0008409031,0.0008159892,0.0
2025-05-12 22:00:00,solar.bun_tlc#realenergyintotheload#kwh,BUNDOORA,0.0,-0.007584725,0.0008409031,0.0008159892,0.0
2025-05-12 23:00:00,solar.bun_tlc#realenergyintotheload#kwh,BUNDOORA,0.0,-0.00058292836,0.0013314232,0.0012919764,0.0
2025-05-13 00:00:00,solar.bun_tlc#realenergyintotheload#kwh,BUNDOORA,0.0,-0.026568143,0.0013314232,0.0012919764,0.0
2025-05-13 01:00:00,solar.bun_tlc#realenergyintotheload#kwh,BUNDOORA,0.0,2.4243724e-05,0.0008409031,0.0008159892,0.0
2025-05-13 02:00:00,solar.bun_tlc#realenergyintotheload#kwh,BUNDOORA,0.0,0.00022352359,0.0013314232,0.0012919764,0.0
2025-05-13 03:00:00,solar.bun_tlc#realenergyintotheload#kwh,BUNDOORA,0.0,0.00022352359,0.0013314232,0.0012919764,0.0
2025-05-13 04:00:00,solar.bun_tlc#realenergyintotheload#kwh,BUNDOORA,0.0,-0.010022513,0.0018964355,0.0018402488,0.0
2025-05-13 05:00:00,solar.bun_tlc#realenergyintotheload#kwh,BUNDOORA,0.0,-0.0091210315,0.0018964355,0.0018402488,0.0
2025-05-13 06:00:00,solar.bun_tlc#realenergyintotheload#kwh,BUNDOORA,0.0,0.018096356,0.0018964355,0.0018402488,0.0
2025-05-13 07:00:00,solar.bun_tlc#realenergyintotheload#kwh,BUNDOORA,0.0,0.001015285,0.0021536069,0.0020898008,0.0
2025-05-13 08:00:00,solar.bun_tlc#realenergyintotheload#kwh,BUNDOORA,0.9375,0.26481867,3.2042904,3.1093552,61.0
2025-05-13 09:00:00,solar.bun_tlc#realenergyintotheload#kwh,BUNDOORA,5.1875,0.7528118,10.869449,10.547414,222.0
2025-05-13 10:00:00,solar.bun_tlc#realenergyintotheload#kwh,BUNDOORA,12.71875,15.374078,19.615025,19.03388,375.0
2025-05-13 11:00:00,solar.bun_tlc#realenergyintotheload#kwh,BUNDOORA,21.625,24.263195,24.822813,24.087376,486.0
2025-05-13 12:00:00,solar.bun_tlc#realenergyintotheload#kwh,BUNDOORA,26.59375,26.252604,27.213913,26.407633,545.0
2025-05-13 13:00:00,solar.bun_tlc#realenergyintotheload#kwh,BUNDOORA,27.59375,28.71767,26.62226,25.833508,545.0
2025-05-13 14:00:00,solar.bun_tlc#realenergyintotheload#kwh,BUNDOORA,24.46875,20.285627,23.34856,22.656801,487.0
2025-05-13 15:00:00,solar.bun_tlc#realenergyintotheload#kwh,BUNDOORA,17.65625,21.410515,18.505175,17.956913,377.0
2025-05-13 16:00:00,solar.bun_tlc#realenergyintotheload#kwh,BUNDOORA,9.34375,12.063206,11.626168,11.2817135,228.0
2025-05-13 17:00:00,solar.bun_tlc#realenergyintotheload#kwh,BUNDOORA,2.90625,15.514133,3.1630812,3.069367,66.0
2025-05-13 18:00:00,solar.bun_tlc#realenergyintotheload#kwh,BUNDOORA,0.0625,5.150348,0.00468643,0.004547583,0.0
2025-05-13 19:00:00,solar.bun_tlc#realenergyintotheload#kwh,BUNDOORA,0.0,0.56413895,0.0016280437,0.0015798089,0.0
2025-05-13 20:00:00,solar.bun_tlc#realenergyintotheload#kwh,BUNDOORA,0.0,0.09233112,0.0015885938,0.0015415278,0.0
2025-05-13 21:00:00,solar.bun_tlc#realenergyintotheload#kwh,BUNDOORA,0.0,0.012214892,0.0015885938,0.0015415278,0.0
2025-05-13 22:00:00,solar.bun_tlc#realenergyintotheload#kwh,BUNDOORA,0.0,0.011313414,0.0010980741,0.001065541,0.0
2025-05-13 23:00:00,solar.bun_tlc#realenergyintotheload#kwh,BUNDOORA,0.0,0.011313414,0.0010980741,0.001065541,0.0
2025-05-14 00:00:00,solar.bun_tlc#realenergyintotheload#kwh,BUNDOORA,0.0,0.012214892,0.0015885938,0.0015415278,0.0
2025-05-14 01:00:00,solar.bun_tlc#realenergyintotheload#kwh,BUNDOORA,0.0,0.011909701,0.00040237568,0.00039045428,0.0
2025-05-14 02:00:00,solar.bun_tlc#realenergyintotheload#kwh,BUNDOORA,0.0,0.011811888,0.00040237568,0.00039045428,0.0
2025-05-14 03:00:00,solar.bun_tlc#realenergyintotheload#kwh,BUNDOORA,0.0,-0.063273236,0.00063365593,0.0006148823,0.0
2025-05-14 04:00:00,solar.bun_tlc#realenergyintotheload#kwh,BUNDOORA,0.0,-0.06366478,0.0015043805,0.0014598095,0.0
2025-05-14 05:00:00,solar.bun_tlc#realenergyintotheload#kwh,BUNDOORA,0.0,-0.048324898,0.0009059498,0.0008791088,0.0
2025-05-14 06:00:00,solar.bun_tlc#realenergyintotheload#kwh,BUNDOORA,0.0,-0.038614266,0.0015043805,0.0014598095,0.0
2025-05-14 07:00:00,solar.bun_tlc#realenergyintotheload#kwh,BUNDOORA,0.0,0.33767986,3.5225275e-05,3.4181638e-05,0.0
2025-05-14 08:00:00,solar.bun_tlc#realenergyintotheload#kwh,BUNDOORA,0.8125,0.926983,2.9620168,2.8742597,60.0
2025-05-14 09:00:00,solar.bun_tlc#realenergyintotheload#kwh,BUNDOORA,5.96875,4.818544,11.4488,11.109601,215.0
2025-05-14 10:00:00,solar.bun_tlc#realenergyintotheload#kwh,BUNDOORA,13.3125,14.761221,18.728905,18.174013,370.0
2025-05-14 11:00:00,solar.bun_tlc#realenergyintotheload#kwh,BUNDOORA,21.125,25.622639,23.61353,22.91392,483.0
2025-05-14 12:00:00,solar.bun_tlc#realenergyintotheload#kwh,BUNDOORA,26.1875,29.806246,25.979687,25.209974,543.0
2025-05-14 13:00:00,solar.bun_tlc#realenergyintotheload#kwh,BUNDOORA,24.6875,29.372822,26.008825,25.238249,543.0
2025-05-14 14:00:00,solar.bun_tlc#realenergyintotheload#kwh,BUNDOORA,24.40625,24.958838,22.55015,21.882046,485.0
2025-05-14 15:00:00,solar.bun_tlc#realenergyintotheload#kwh,BUNDOORA,16.96875,16.386822,16.44434,15.957135,334.0
2025-05-14 16:00:00,solar.bun_tlc#realenergyintotheload#kwh,BUNDOORA,10.5,13.05324,11.075028,10.746903,222.0
2025-05-14 17:00:00,solar.bun_tlc#realenergyintotheload#kwh,BUNDOORA,2.59375,10.985982,2.9220684,2.8354948,62.0
2025-05-14 18:00:00,solar.bun_tlc#realenergyintotheload#kwh,BUNDOORA,0.03125,2.3063982,0.0010651249,0.0010335679,0.0
2025-05-14 19:00:00,solar.bun_tlc#realenergyintotheload#kwh,BUNDOORA,0.0,0.083063304,0.0013314232,0.0012919764,0.0
2025-05-14 20:00:00,solar.bun_tlc#realenergyintotheload#kwh,BUNDOORA,0.0,-0.043404184,0.0008409031,0.0008159892,0.0
2025-05-14 21:00:00,solar.bun_tlc#realenergyintotheload#kwh,BUNDOORA,0.0,-0.043404184,0.0008409031,0.0008159892,0.0
2025-05-14 22:00:00,solar.bun_tlc#realenergyintotheload#kwh,BUNDOORA,0.0,-0.053650223,0.001405916,0.0013642622,0.0
2025-05-14 23:00:00,solar.bun_tlc#realenergyintotheload#kwh,BUNDOORA,0.0,-0.053650223,0.001405916,0.0013642622,0.0
2025-05-15 00:00:00,solar.bun_tlc#realenergyintotheload#kwh,BUNDOORA,0.0,-0.010709205,0.001405916,0.0013642622,0.0
2025-05-15 01:00:00,solar.bun_tlc#realenergyintotheload#kwh,BUNDOORA,0.0,-0.00046316895,0.0008409031,0.0008159892,0.0
2025-05-15 02:00:00,solar.bun_tlc#realenergyintotheload#kwh,BUNDOORA,0.0,-0.00046316895,0.0008409031,0.0008159892,0.0
2025-05-15 03:00:00,solar.bun_tlc#realenergyintotheload#kwh,BUNDOORA,0.0,-0.02373782,0.0018964355,0.0018402488,0.0
2025-05-15 04:00:00,solar.bun_tlc#realenergyintotheload#kwh,BUNDOORA,0.0,0.012204479,0.0018332166,0.001778903,0.0
2025-05-15 05:00:00,solar.bun_tlc#realenergyintotheload#kwh,BUNDOORA,0.0,-0.05315714,0.0018332166,0.001778903,0.0
2025-05-15 06:00:00,solar.bun_tlc#realenergyintotheload#kwh,BUNDOORA,0.0,-0.017464416,0.0018964355,0.0018402488,0.0
2025-05-15 07:00:00,solar.bun_tlc#realenergyintotheload#kwh,BUNDOORA,0.0,0.07849488,0.0026470942,0.0025686675,0.0
2025-05-15 08:00:00,solar.bun_tlc#realenergyintotheload#kwh,BUNDOORA,0.21875,0.28853357,1.2028865,1.1672479,29.0
2025-05-15 09:00:00,solar.bun_tlc#realenergyintotheload#kwh,BUNDOORA,4.53125,0.49685988,6.761365,6.561043,181.0
2025-05-15 10:00:00,solar.bun_tlc#realenergyintotheload#kwh,BUNDOORA,9.59375,2.758744,14.030563,13.614873,281.0
2025-05-15 11:00:00,solar.bun_tlc#realenergyintotheload#kwh,BUNDOORA,16.28125,15.252729,23.721512,23.018703,469.0
2025-05-15 12:00:00,solar.bun_tlc#realenergyintotheload#kwh,BUNDOORA,24.75,14.947316,17.123186,16.61587,332.0
2025-05-15 13:00:00,solar.bun_tlc#realenergyintotheload#kwh,BUNDOORA,11.59375,13.251104,12.4458,12.077062,253.0
2025-05-15 14:00:00,solar.bun_tlc#realenergyintotheload#kwh,BUNDOORA,17.5625,17.377905,20.120684,19.524559,393.0
2025-05-15 15:00:00,solar.bun_tlc#realenergyintotheload#kwh,BUNDOORA,6.5,16.983315,16.336481,15.852472,316.0
2025-05-15 16:00:00,solar.bun_tlc#realenergyintotheload#kwh,BUNDOORA,11.90625,9.457763,9.704102,9.416594,194.0
2025-05-15 17:00:00,solar.bun_tlc#realenergyintotheload#kwh,BUNDOORA,2.625,7.541679,3.126686,3.0340502,61.0
2025-05-15 18:00:00,solar.bun_tlc#realenergyintotheload#kwh,BUNDOORA,0.03125,2.4993482,0.0013314232,0.0012919764,0.0
2025-05-15 19:00:00,solar.bun_tlc#realenergyintotheload#kwh,BUNDOORA,0.0,0.062822565,0.0013314232,0.0012919764,0.0
2025-05-15 20:00:00,solar.bun_tlc#realenergyintotheload#kwh,BUNDOORA,0.0,-0.0017184598,0.0013314232,0.0012919764,0.0
2025-05-15 21:00:00,solar.bun_tlc#realenergyintotheload#kwh,BUNDOORA,0.0,0.0027753087,0.0010980741,0.001065541,0.0
2025-05-15 22:00:00,solar.bun_tlc#realenergyintotheload#kwh,BUNDOORA,0.0,0.007393584,0.0010980741,0.001065541,0.0
2025-05-15 23:00:00,solar.bun_tlc#realenergyintotheload#kwh,BUNDOORA,0.0,0.007393584,0.0014579084,0.0014147143,0.0
2025-05-16 00:00:00,solar.bun_tlc#realenergyintotheload#kwh,BUNDOORA,0.0,-0.007223196,0.0009673884,0.0009387271,0.0
2025-05-16 01:00:00,solar.bun_tlc#realenergyintotheload#kwh,BUNDOORA,0.0,-0.007223196,0.00040237568,0.00039045428,0.0
2025-05-16 02:00:00,solar.bun_tlc#realenergyintotheload#kwh,BUNDOORA,0.0,-0.020089101,0.00040237568,0.00039045428,0.0
2025-05-16 03:00:00,solar.bun_tlc#realenergyintotheload#kwh,BUNDOORA,0.0,-0.020089101,0.00040237568,0.00039045428,0.0
2025-05-16 04:00:00,solar.bun_tlc#realenergyintotheload#kwh,BUNDOORA,0.0,-0.020089101,0.00040237568,0.00039045428,0.0
2025-05-16 05:00:00,solar.bun_tlc#realenergyintotheload#kwh,BUNDOORA,0.0,-0.020089101,0.00040237568,0.00039045428,0.0
2025-05-16 06:00:00,solar.bun_tlc#realenergyintotheload#kwh,BUNDOORA,0.0,0.007128283,0.00040237568,0.00039045428,0.0
2025-05-16 07:00:00,solar.bun_tlc#realenergyintotheload#kwh,BUNDOORA,0.0,0.021216039,0.0014579084,0.0014147143,0.0
2025-05-16 08:00:00,solar.bun_tlc#realenergyintotheload#kwh,BUNDOORA,0.71875,0.284785,2.9546907,2.8671505,56.0
2025-05-16 09:00:00,solar.bun_tlc#realenergyintotheload#kwh,BUNDOORA,4.53125,0.7516711,10.878285,10.555989,214.0
2025-05-16 10:00:00,solar.bun_tlc#realenergyintotheload#kwh,BUNDOORA,9.8125,14.103313,19.491844,18.914349,366.0
2025-05-16 11:00:00,solar.bun_tlc#realenergyintotheload#kwh,BUNDOORA,17.375,14.757682,24.379984,23.657665,477.0
2025-05-16 12:00:00,solar.bun_tlc#realenergyintotheload#kwh,BUNDOORA,16.71875,12.804418,14.63113,14.197646,293.0
2025-05-16 13:00:00,solar.bun_tlc#realenergyintotheload#kwh,BUNDOORA,16.84375,20.181782,17.264309,16.752811,347.0
2025-05-16 14:00:00,solar.bun_tlc#realenergyintotheload#kwh,BUNDOORA,19.0,16.881336,18.071207,17.535803,362.0
2025-05-16 15:00:00,solar.bun_tlc#realenergyintotheload#kwh,BUNDOORA,13.6875,12.947235,12.706376,12.329918,253.0
2025-05-16 16:00:00,solar.bun_tlc#realenergyintotheload#kwh,BUNDOORA,5.0625,8.404165,6.5888176,6.3936076,152.0
2025-05-16 17:00:00,solar.bun_tlc#realenergyintotheload#kwh,BUNDOORA,1.90625,1.805528,2.131335,2.068189,47.0
2025-05-16 18:00:00,solar.bun_tlc#realenergyintotheload#kwh,BUNDOORA,0.0,0.5480409,0.007284469,0.0070686485,0.0
2025-05-16 19:00:00,solar.bun_tlc#realenergyintotheload#kwh,BUNDOORA,0.0,0.34437114,0.011616318,0.011272155,0.0
2025-05-16 20:00:00,solar.bun_tlc#realenergyintotheload#kwh,BUNDOORA,0.0,-0.024976922,0.007377092,0.007158527,0.0
2025-05-16 21:00:00,solar.bun_tlc#realenergyintotheload#kwh,BUNDOORA,0.0,0.058926057,0.0022027302,0.0021374687,0.0
2025-05-16 22:00:00,solar.bun_tlc#realenergyintotheload#kwh,BUNDOORA,0.0,-0.01817903,0.001525375,0.0014801819,0.0
2025-05-16 23:00:00,solar.bun_tlc#realenergyintotheload#kwh,BUNDOORA,0.0,0.0012742993,0.0012682043,0.0012306306,0.0
2025-05-17 00:00:00,solar.bun_tlc#realenergyintotheload#kwh,BUNDOORA,0.0,-0.007463089,0.0012682043,0.0012306306,0.0
2025-05-17 01:00:00,solar.bun_tlc#realenergyintotheload#kwh,BUNDOORA,0.0,-0.007463089,0.0012682043,0.0012306306,0.0
2025-05-17 02:00:00,solar.bun_tlc#realenergyintotheload#kwh,BUNDOORA,0.0,-0.029850477,0.0012682043,0.0012306306,0.0
2025-05-17 03:00:00,solar.bun_tlc#realenergyintotheload#kwh,BUNDOORA,0.0,0.0038140612,0.0013314232,0.0012919764,0.0
2025-05-17 04:00:00,solar.bun_tlc#realenergyintotheload#kwh,BUNDOORA,0.0,-0.042674612,0.0012682043,0.0012306306,0.0
2025-05-17 05:00:00,solar.bun_tlc#realenergyintotheload#kwh,BUNDOORA,0.0,-0.04446726,0.0012682043,0.0012306306,0.0
2025-05-17 06:00:00,solar.bun_tlc#realenergyintotheload#kwh,BUNDOORA,0.0,-0.0128562935,0.0012682043,0.0012306306,0.0
2025-05-17 07:00:00,solar.bun_tlc#realenergyintotheload#kwh,BUNDOORA,0.0,0.10260134,0.0012682043,0.0012306306,0.0
2025-05-17 08:00:00,solar.bun_tlc#realenergyintotheload#kwh,BUNDOORA,0.28125,0.36171567,0.6947106,0.67412806,20.0
2025-05-17 09:00:00,solar.bun_tlc#realenergyintotheload#kwh,BUNDOORA,0.8125,0.63546455,2.985127,2.8966851,66.0
2025-05-17 10:00:00,solar.bun_tlc#realenergyintotheload#kwh,BUNDOORA,3.03125,3.7731707,9.398002,9.119562,190.0
2025-05-17 11:00:00,solar.bun_tlc#realenergyintotheload#kwh,BUNDOORA,7.15625,8.031291,12.253508,11.890467,247.0
2025-05-17 12:00:00,solar.bun_tlc#realenergyintotheload#kwh,BUNDOORA,11.875,7.3645315,11.655475,11.310152,237.0
2025-05-17 13:00:00,solar.bun_tlc#realenergyintotheload#kwh,BUNDOORA,7.09375,7.901551,5.697048,5.528259,119.0
2025-05-17 14:00:00,solar.bun_tlc#realenergyintotheload#kwh,BUNDOORA,7.53125,7.6583686,5.5990524,5.4331665,115.0
2025-05-17 15:00:00,solar.bun_tlc#realenergyintotheload#kwh,BUNDOORA,6.84375,2.334153,7.428801,7.2087045,156.0
2025-05-17 16:00:00,solar.bun_tlc#realenergyintotheload#kwh,BUNDOORA,6.40625,1.9348328,4.4115677,4.280864,97.0
2025-05-17 17:00:00,solar.bun_tlc#realenergyintotheload#kwh,BUNDOORA,0.875,1.7375038,0.99242276,0.9630197,26.0
2025-05-17 18:00:00,solar.bun_tlc#realenergyintotheload#kwh,BUNDOORA,0.0,0.5351012,0.0007436888,0.00072165515,0.0
2025-05-17 19:00:00,solar.bun_tlc#realenergyintotheload#kwh,BUNDOORA,0.0,0.038851004,0.0007436888,0.00072165515,0.0
2025-05-17 20:00:00,solar.bun_tlc#realenergyintotheload#kwh,BUNDOORA,0.0,0.015331617,0.0011433868,0.0011095111,0.0
2025-05-17 21:00:00,solar.bun_tlc#realenergyintotheload#kwh,BUNDOORA,0.0,-0.013841644,0.0007436888,0.00072165515,0.0
2025-05-17 22:00:00,solar.bun_tlc#realenergyintotheload#kwh,BUNDOORA,0.0,0.03852939,0.0007436888,0.00072165515,0.0
2025-05-17 23:00:00,solar.bun_tlc#realenergyintotheload#kwh,BUNDOORA,0.0,0.041081175,0.0007436888,0.00072165515,0.0
2025-05-18 00:00:00,solar.bun_tlc#realenergyintotheload#kwh,BUNDOORA,0.0,-0.011416202,-2.7993621e-05,0.0,0.0
2025-05-18 01:00:00,solar.bun_tlc#realenergyintotheload#kwh,BUNDOORA,0.0,-0.018880706,-2.7993621e-05,0.0,0.0
2025-05-18 02:00:00,solar.bun_tlc#realenergyintotheload#kwh,BUNDOORA,0.0,-0.013549224,-2.7993621e-05,0.0,0.0
2025-05-18 03:00:00,solar.bun_tlc#realenergyintotheload#kwh,BUNDOORA,0.0,0.049972992,3.5225275e-05,3.4181638e-05,0.0
2025-05-18 04:00:00,solar.bun_tlc#realenergyintotheload#kwh,BUNDOORA,0.0,-0.06549377,3.5225275e-05,3.4181638e-05,0.0
2025-05-18 05:00:00,solar.bun_tlc#realenergyintotheload#kwh,BUNDOORA,0.0,0.010629068,3.5225275e-05,3.4181638e-05,0.0
2025-05-18 06:00:00,solar.bun_tlc#realenergyintotheload#kwh,BUNDOORA,0.0,-0.017876089,0.0012025704,0.0011669412,0.0
2025-05-18 07:00:00,solar.bun_tlc#realenergyintotheload#kwh,BUNDOORA,0.0,0.100846976,0.00033184592,0.00032201415,0.0
2025-05-18 08:00:00,solar.bun_tlc#realenergyintotheload#kwh,BUNDOORA,0.78125,3.2117798,2.6013684,2.5242963,54.0
2025-05-18 09:00:00,solar.bun_tlc#realenergyintotheload#kwh,BUNDOORA,3.875,4.303297,11.544346,11.202315,219.0
2025-05-18 10:00:00,solar.bun_tlc#realenergyintotheload#kwh,BUNDOORA,11.1875,20.771667,19.139996,18.572926,372.0
2025-05-18 11:00:00,solar.bun_tlc#realenergyintotheload#kwh,BUNDOORA,22.34375,22.330088,24.417948,23.694506,485.0
2025-05-18 12:00:00,solar.bun_tlc#realenergyintotheload#kwh,BUNDOORA,27.4375,23.988264,25.404802,24.65212,544.0
2025-05-18 13:00:00,solar.bun_tlc#realenergyintotheload#kwh,BUNDOORA,28.875,24.048964,25.401363,24.648785,544.0
2025-05-18 14:00:00,solar.bun_tlc#realenergyintotheload#kwh,BUNDOORA,21.4375,14.994145,21.918667,21.269272,416.0
2025-05-18 15:00:00,solar.bun_tlc#realenergyintotheload#kwh,BUNDOORA,13.4375,9.635831,10.332347,10.026225,229.0
2025-05-18 16:00:00,solar.bun_tlc#realenergyintotheload#kwh,BUNDOORA,4.59375,4.7724285,7.360041,7.1419816,152.0
2025-05-18 17:00:00,solar.bun_tlc#realenergyintotheload#kwh,BUNDOORA,2.8125,1.7489845,2.1790178,2.114459,47.0
2025-05-18 18:00:00,solar.bun_tlc#realenergyintotheload#kwh,BUNDOORA,0.09375,0.80774224,0.03432421,0.03330727,0.0
2025-05-18 19:00:00,solar.bun_tlc#realenergyintotheload#kwh,BUNDOORA,0.0,0.023669764,0.012122469,0.011763311,0.0
2025-05-18 20:00:00,solar.bun_tlc#realenergyintotheload#kwh,BUNDOORA,0.0,-0.12250523,0.020484075,0.019877182,0.0
2025-05-18 21:00:00,solar.bun_tlc#realenergyintotheload#kwh,BUNDOORA,0.0,-0.12570807,0.0112585435,0.010924981,0.0
2025-05-18 22:00:00,solar.bun_tlc#realenergyintotheload#kwh,BUNDOORA,0.0,0.06556052,0.00033184592,0.00032201415,0.0
2025-05-18 23:00:00,solar.bun_tlc#realenergyintotheload#kwh,BUNDOORA,0.0,0.06902244,0.00069899636,0.00067828683,0.0
2025-05-19 00:00:00,solar.bun_tlc#realenergyintotheload#kwh,BUNDOORA,0.0,0.0012030011,0.00040237568,0.00039045428,0.0
2025-05-19 01:00:00,solar.bun_tlc#realenergyintotheload#kwh,BUNDOORA,0.0,0.0012030011,0.00040237568,0.00039045428,0.0
2025-05-19 02:00:00,solar.bun_tlc#realenergyintotheload#kwh,BUNDOORA,0.0,-0.0015524897,0.00040237568,0.00039045428,0.0
2025-05-19 03:00:00,solar.bun_tlc#realenergyintotheload#kwh,BUNDOORA,0.0,-0.0015524897,0.00089289556,0.0008664413,0.0
2025-05-19 04:00:00,solar.bun_tlc#realenergyintotheload#kwh,BUNDOORA,0.0,0.05252054,0.00069899636,0.00067828683,0.0
2025-05-19 05:00:00,solar.bun_tlc#realenergyintotheload#kwh,BUNDOORA,0.0,0.016378863,0.00069899636,0.00067828683,0.0
2025-05-19 06:00:00,solar.bun_tlc#realenergyintotheload#kwh,BUNDOORA,0.0,0.05235709,0.00069899636,0.00067828683,0.0
2025-05-19 07:00:00,solar.bun_tlc#realenergyintotheload#kwh,BUNDOORA,0.0,0.44739497,0.00069899636,0.00067828683,0.0
2025-05-19 08:00:00,solar.bun_tlc#realenergyintotheload#kwh,BUNDOORA,0.6875,2.6265268,2.76546,2.6835263,55.0
2025-05-19 09:00:00,solar.bun_tlc#realenergyintotheload#kwh,BUNDOORA,4.3125,5.2526245,10.884069,10.561602,218.0
2025-05-19 10:00:00,solar.bun_tlc#realenergyintotheload#kwh,BUNDOORA,10.25,12.509278,19.094671,18.528944,370.0
2025-05-19 11:00:00,solar.bun_tlc#realenergyintotheload#kwh,BUNDOORA,21.4375,24.432604,25.346474,24.595522,482.0
2025-05-19 12:00:00,solar.bun_tlc#realenergyintotheload#kwh,BUNDOORA,26.28125,26.612694,25.536821,24.78023,542.0
2025-05-19 13:00:00,solar.bun_tlc#realenergyintotheload#kwh,BUNDOORA,27.15625,24.89898,25.18727,24.441032,542.0
2025-05-19 14:00:00,solar.bun_tlc#realenergyintotheload#kwh,BUNDOORA,24.03125,21.107914,23.896313,23.188324,484.0
2025-05-19 15:00:00,solar.bun_tlc#realenergyintotheload#kwh,BUNDOORA,18.03125,15.490144,18.63389,18.081814,374.0
2025-05-19 16:00:00,solar.bun_tlc#realenergyintotheload#kwh,BUNDOORA,8.75,9.78132,10.349761,10.043123,222.0
2025-05-19 17:00:00,solar.bun_tlc#realenergyintotheload#kwh,BUNDOORA,2.34375,4.8654222,2.953146,2.8656516,59.0
2025-05-19 18:00:00,solar.bun_tlc#realenergyintotheload#kwh,BUNDOORA,0.03125,0.14476545,0.023494458,0.022798376,0.0
2025-05-19 19:00:00,solar.bun_tlc#realenergyintotheload#kwh,BUNDOORA,0.0,0.054661557,0.0011895162,0.0011542737,0.0
2025-05-19 20:00:00,solar.bun_tlc#realenergyintotheload#kwh,BUNDOORA,0.0,0.002104478,0.00089289556,0.0008664413,0.0
2025-05-19 21:00:00,solar.bun_tlc#realenergyintotheload#kwh,BUNDOORA,0.0,0.002104478,0.00089289556,0.0008664413,0.0
2025-05-19 22:00:00,solar.bun_tlc#realenergyintotheload#kwh,BUNDOORA,0.0,-0.0015524897,0.00040237568,0.00039045428,0.0
2025-05-19 23:00:00,solar.bun_tlc#realenergyintotheload#kwh,BUNDOORA,0.0,-0.0009109279,0.00160239,0.0015549151,0.0
2025-05-20 00:00:00,solar.bun_tlc#realenergyintotheload#kwh,BUNDOORA,0.0,-0.0009109279,0.0009673884,0.0009387271,0.0
2025-05-20 01:00:00,solar.bun_tlc#realenergyintotheload#kwh,BUNDOORA,0.0,-0.009449036,0.0009673884,0.0009387271,0.0
2025-05-20 02:00:00,solar.bun_tlc#realenergyintotheload#kwh,BUNDOORA,0.0,-0.024065819,0.00040237568,0.00039045428,0.0
2025-05-20 03:00:00,solar.bun_tlc#realenergyintotheload#kwh,BUNDOORA,0.0,-0.02470738,0.00040237568,0.00039045428,0.0
2025-05-20 04:00:00,solar.bun_tlc#realenergyintotheload#kwh,BUNDOORA,0.0,-0.02470738,0.00040237568,0.00039045428,0.0
2025-05-20 05:00:00,solar.bun_tlc#realenergyintotheload#kwh,BUNDOORA,0.0,-0.02470738,0.00040237568,0.00039045428,0.0
2025-05-20 06:00:00,solar.bun_tlc#realenergyintotheload#kwh,BUNDOORA,0.0,-0.014516569,0.00089289556,0.0008664413,0.0
2025-05-20 07:00:00,solar.bun_tlc#realenergyintotheload#kwh,BUNDOORA,0.0,0.035605647,0.00089289556,0.0008664413,0.0
2025-05-20 08:00:00,solar.bun_tlc#realenergyintotheload#kwh,BUNDOORA,0.59375,-0.12941535,2.3910909,2.3202488,52.0
2025-05-20 09:00:00,solar.bun_tlc#realenergyintotheload#kwh,BUNDOORA,4.09375,0.86113685,10.057977,9.759984,217.0
2025-05-20 10:00:00,solar.bun_tlc#realenergyintotheload#kwh,BUNDOORA,9.78125,17.354828,19.23044,18.66069,371.0
2025-05-20 11:00:00,solar.bun_tlc#realenergyintotheload#kwh,BUNDOORA,21.46875,22.780195,24.245806,23.527464,483.0
2025-05-20 12:00:00,solar.bun_tlc#realenergyintotheload#kwh,BUNDOORA,26.1875,24.672363,24.597498,23.868736,541.0
2025-05-20 13:00:00,solar.bun_tlc#realenergyintotheload#kwh,BUNDOORA,27.15625,25.532187,24.980825,24.240705,540.0
2025-05-20 14:00:00,solar.bun_tlc#realenergyintotheload#kwh,BUNDOORA,23.53125,25.0591,23.546595,22.848969,481.0
2025-05-20 15:00:00,solar.bun_tlc#realenergyintotheload#kwh,BUNDOORA,17.3125,18.119513,17.642088,17.119396,371.0
2025-05-20 16:00:00,solar.bun_tlc#realenergyintotheload#kwh,BUNDOORA,8.40625,10.328573,10.94331,10.619087,220.0
2025-05-20 17:00:00,solar.bun_tlc#realenergyintotheload#kwh,BUNDOORA,2.21875,3.6516893,2.5957727,2.5188665,55.0
2025-05-20 18:00:00,solar.bun_tlc#realenergyintotheload#kwh,BUNDOORA,0.03125,0.025340075,0.002882138,0.0027967473,0.0
2025-05-20 19:00:00,solar.bun_tlc#realenergyintotheload#kwh,BUNDOORA,0.0,0.06807242,0.0145203,0.014090099,0.0
2025-05-20 20:00:00,solar.bun_tlc#realenergyintotheload#kwh,BUNDOORA,0.0,0.031394985,-0.0040201196,0.0,0.0
2025-05-20 21:00:00,solar.bun_tlc#realenergyintotheload#kwh,BUNDOORA,0.0,0.033155818,0.0011895162,0.0011542737,0.0
2025-05-20 22:00:00,solar.bun_tlc#realenergyintotheload#kwh,BUNDOORA,0.0,-0.0015524897,0.00040237568,0.00039045428,0.0
2025-05-20 23:00:00,solar.bun_tlc#realenergyintotheload#kwh,BUNDOORA,0.0,-0.0009109279,0.00089289556,0.0008664413,0.0
2025-05-21 00:00:00,solar.bun_tlc#realenergyintotheload#kwh,BUNDOORA,0.0,-0.011391021,0.0014579084,0.0014147143,0.0
2025-05-21 01:00:00,solar.bun_tlc#realenergyintotheload#kwh,BUNDOORA,0.0,-0.009449036,0.0009673884,0.0009387271,0.0
2025-05-21 02:00:00,solar.bun_tlc#realenergyintotheload#kwh,BUNDOORA,0.0,-0.024065819,0.0009673884,0.0009387271,0.0
2025-05-21 03:00:00,solar.bun_tlc#realenergyintotheload#kwh,BUNDOORA,0.0,-0.024065819,0.0009673884,0.0009387271,0.0
2025-05-21 04:00:00,solar.bun_tlc#realenergyintotheload#kwh,BUNDOORA,0.0,-0.024065819,0.0009673884,0.0009387271,0.0
2025-05-21 05:00:00,solar.bun_tlc#realenergyintotheload#kwh,BUNDOORA,0.0,-0.024065819,0.0009673884,0.0009387271,0.0
2025-05-21 06:00:00,solar.bun_tlc#realenergyintotheload#kwh,BUNDOORA,0.0,-0.016630497,0.0009673884,0.0009387271,0.0
2025-05-21 07:00:00,solar.bun_tlc#realenergyintotheload#kwh,BUNDOORA,0.0,0.027034517,0.0009673884,0.0009387271,0.0
2025-05-21 08:00:00,solar.bun_tlc#realenergyintotheload#kwh,BUNDOORA,0.375,-0.038348123,2.2927766,2.2248473,47.0
2025-05-21 09:00:00,solar.bun_tlc#realenergyintotheload#kwh,BUNDOORA,3.9375,1.7169547,10.454554,10.144812,205.0
2025-05-21 10:00:00,solar.bun_tlc#realenergyintotheload#kwh,BUNDOORA,9.21875,12.507897,18.506863,17.958551,356.0
2025-05-21 11:00:00,solar.bun_tlc#realenergyintotheload#kwh,BUNDOORA,20.1875,17.810642,24.193161,23.476377,466.0
2025-05-21 12:00:00,solar.bun_tlc#realenergyintotheload#kwh,BUNDOORA,24.5625,18.932894,25.422365,24.669165,525.0
2025-05-21 13:00:00,solar.bun_tlc#realenergyintotheload#kwh,BUNDOORA,25.8125,18.000156,24.549675,23.822329,526.0
2025-05-21 14:00:00,solar.bun_tlc#realenergyintotheload#kwh,BUNDOORA,22.625,22.554281,23.243057,22.554424,469.0
2025-05-21 15:00:00,solar.bun_tlc#realenergyintotheload#kwh,BUNDOORA,16.46875,18.850496,18.34688,17.803308,361.0
2025-05-21 16:00:00,solar.bun_tlc#realenergyintotheload#kwh,BUNDOORA,8.09375,9.176793,10.662312,10.346414,212.0
2025-05-21 17:00:00,solar.bun_tlc#realenergyintotheload#kwh,BUNDOORA,2.375,2.1103973,2.0725381,2.011134,44.0
2025-05-21 18:00:00,solar.bun_tlc#realenergyintotheload#kwh,BUNDOORA,0.03125,1.0840493,-0.00389323,0.0,0.0
2025-05-21 19:00:00,solar.bun_tlc#realenergyintotheload#kwh,BUNDOORA,0.0,-0.15855221,0.010559705,0.010246848,0.0
2025-05-21 20:00:00,solar.bun_tlc#realenergyintotheload#kwh,BUNDOORA,0.0,0.04396077,0.0011895162,0.0011542737,0.0
2025-05-21 21:00:00,solar.bun_tlc#realenergyintotheload#kwh,BUNDOORA,0.0,-0.0015524897,0.00040237568,0.00039045428,0.0
2025-05-21 22:00:00,solar.bun_tlc#realenergyintotheload#kwh,BUNDOORA,0.0,-0.0015524897,0.00040237568,0.00039045428,0.0
2025-05-21 23:00:00,solar.bun_tlc#realenergyintotheload#kwh,BUNDOORA,0.0,-0.010289873,0.00040237568,0.00039045428,0.0
2025-05-22 00:00:00,solar.bun_tlc#realenergyintotheload#kwh,BUNDOORA,0.0,-0.006764811,0.00089289556,0.0008664413,0.0
2025-05-22 01:00:00,solar.bun_tlc#realenergyintotheload#kwh,BUNDOORA,0.0,-0.0100906,0.00040237568,0.00039045428,0.0
2025-05-22 02:00:00,solar.bun_tlc#realenergyintotheload#kwh,BUNDOORA,0.0,0.0026647393,0.00089289556,0.0008664413,0.0
2025-05-22 03:00:00,solar.bun_tlc#realenergyintotheload#kwh,BUNDOORA,0.0,-0.012910387,0.0008296767,0.0008050954,0.0
2025-05-22 04:00:00,solar.bun_tlc#realenergyintotheload#kwh,BUNDOORA,0.0,-0.008864281,0.00089289556,0.0008664413,0.0
2025-05-22 05:00:00,solar.bun_tlc#realenergyintotheload#kwh,BUNDOORA,0.0,-0.006321722,0.00089289556,0.0008664413,0.0
2025-05-22 06:00:00,solar.bun_tlc#realenergyintotheload#kwh,BUNDOORA,0.0,-0.0054750633,0.0008296767,0.0008050954,0.0
2025-05-22 07:00:00,solar.bun_tlc#realenergyintotheload#kwh,BUNDOORA,0.0,0.079521745,0.0015885938,0.0015415278,0.0
2025-05-22 08:00:00,solar.bun_tlc#realenergyintotheload#kwh,BUNDOORA,0.125,0.07275729,0.9957142,0.96621364,26.0
2025-05-22 09:00:00,solar.bun_tlc#realenergyintotheload#kwh,BUNDOORA,1.375,0.30741298,6.650579,6.453539,142.0
2025-05-22 10:00:00,solar.bun_tlc#realenergyintotheload#kwh,BUNDOORA,6.75,8.386469,12.731415,12.354215,242.0
2025-05-22 11:00:00,solar.bun_tlc#realenergyintotheload#kwh,BUNDOORA,19.5625,16.459446,23.93726,23.228058,442.0
2025-05-22 12:00:00,solar.bun_tlc#realenergyintotheload#kwh,BUNDOORA,23.53125,15.815138,25.815662,25.050808,500.0
2025-05-22 13:00:00,solar.bun_tlc#realenergyintotheload#kwh,BUNDOORA,21.375,12.452103,24.696136,23.96445,501.0
2025-05-22 14:00:00,solar.bun_tlc#realenergyintotheload#kwh,BUNDOORA,13.5625,15.404521,19.637236,19.055433,387.0
2025-05-22 15:00:00,solar.bun_tlc#realenergyintotheload#kwh,BUNDOORA,13.09375,12.420299,14.131864,13.713172,277.0
2025-05-22 16:00:00,solar.bun_tlc#realenergyintotheload#kwh,BUNDOORA,4.25,6.0485396,3.5165396,3.4123533,82.0
2025-05-22 17:00:00,solar.bun_tlc#realenergyintotheload#kwh,BUNDOORA,0.96875,5.7488775,0.51750124,0.50216895,14.0
2025-05-22 18:00:00,solar.bun_tlc#realenergyintotheload#kwh,BUNDOORA,0.0,1.3564731,0.0018859123,0.0018300375,0.0
2025-05-22 19:00:00,solar.bun_tlc#realenergyintotheload#kwh,BUNDOORA,0.0,0.24296704,0.00016957207,0.00016454808,0.0
2025-05-22 20:00:00,solar.bun_tlc#realenergyintotheload#kwh,BUNDOORA,0.0,-0.022548066,0.0013637217,0.001323318,0.0
2025-05-22 21:00:00,solar.bun_tlc#realenergyintotheload#kwh,BUNDOORA,0.0,-0.022813588,0.0013608062,0.0013204889,0.0
2025-05-22 22:00:00,solar.bun_tlc#realenergyintotheload#kwh,BUNDOORA,0.0,-0.04612027,0.0013608062,0.0013204889,0.0
2025-05-22 23:00:00,solar.bun_tlc#realenergyintotheload#kwh,BUNDOORA,0.0,-0.027056606,0.0013608062,0.0013204889,0.0
2025-05-23 00:00:00,solar.bun_tlc#realenergyintotheload#kwh,BUNDOORA,0.0,-0.0312933,0.0019636992,0.0019055197,0.0
2025-05-23 01:00:00,solar.bun_tlc#realenergyintotheload#kwh,BUNDOORA,0.0,-0.026333448,0.0017655089,0.0017132013,0.0
2025-05-23 02:00:00,solar.bun_tlc#realenergyintotheload#kwh,BUNDOORA,0.0,-0.025517246,0.0029249734,0.0028383138,0.0
2025-05-23 03:00:00,solar.bun_tlc#realenergyintotheload#kwh,BUNDOORA,0.0,-0.025517246,0.0027775767,0.002695284,0.0
2025-05-23 04:00:00,solar.bun_tlc#realenergyintotheload#kwh,BUNDOORA,0.0,-0.025781633,0.0017655089,0.0017132013,0.0
2025-05-23 05:00:00,solar.bun_tlc#realenergyintotheload#kwh,BUNDOORA,0.0,-0.025781633,0.0017655089,0.0017132013,0.0
2025-05-23 06:00:00,solar.bun_tlc#realenergyintotheload#kwh,BUNDOORA,0.0,-0.018346308,0.0019636992,0.0019055197,0.0
2025-05-23 07:00:00,solar.bun_tlc#realenergyintotheload#kwh,BUNDOORA,0.0,0.08974852,0.0017655089,0.0017132013,0.0
2025-05-23 08:00:00,solar.bun_tlc#realenergyintotheload#kwh,BUNDOORA,0.15625,0.27231318,0.341474,0.33135697,11.0
2025-05-23 09:00:00,solar.bun_tlc#realenergyintotheload#kwh,BUNDOORA,1.6875,0.629773,4.0862184,3.965154,89.0
2025-05-23 10:00:00,solar.bun_tlc#realenergyintotheload#kwh,BUNDOORA,3.28125,2.2647362,4.433987,4.302619,96.0
2025-05-23 11:00:00,solar.bun_tlc#realenergyintotheload#kwh,BUNDOORA,5.59375,5.482661,4.1055055,3.9838696,85.0
2025-05-23 12:00:00,solar.bun_tlc#realenergyintotheload#kwh,BUNDOORA,10.1875,6.9422207,11.50256,11.161768,249.0
2025-05-23 13:00:00,solar.bun_tlc#realenergyintotheload#kwh,BUNDOORA,13.0625,6.7529917,14.69315,14.257829,299.0
2025-05-23 14:00:00,solar.bun_tlc#realenergyintotheload#kwh,BUNDOORA,8.53125,5.2404056,11.63441,11.289711,238.0
2025-05-23 15:00:00,solar.bun_tlc#realenergyintotheload#kwh,BUNDOORA,3.40625,2.2622032,4.5383263,4.403867,104.0
2025-05-23 16:00:00,solar.bun_tlc#realenergyintotheload#kwh,BUNDOORA,3.25,1.580331,1.5718759,1.5253052,37.0
2025-05-23 17:00:00,solar.bun_tlc#realenergyintotheload#kwh,BUNDOORA,1.96875,1.2900128,0.53740144,0.52147955,15.0
2025-05-23 18:00:00,solar.bun_tlc#realenergyintotheload#kwh,BUNDOORA,0.0,0.4002523,0.00030892863,0.00029977586,0.0
2025-05-23 19:00:00,solar.bun_tlc#realenergyintotheload#kwh,BUNDOORA,0.0,0.12030957,0.00030892863,0.00029977586,0.0
2025-05-23 20:00:00,solar.bun_tlc#realenergyintotheload#kwh,BUNDOORA,0.0,-0.02699314,-0.00029396624,0.0,0.0
2025-05-23 21:00:00,solar.bun_tlc#realenergyintotheload#kwh,BUNDOORA,0.0,-0.017405378,-0.00035033285,0.0,0.0
2025-05-23 22:00:00,solar.bun_tlc#realenergyintotheload#kwh,BUNDOORA,0.0,-0.014614393,0.0005663545,0.0005495748,0.0
2025-05-23 23:00:00,solar.bun_tlc#realenergyintotheload#kwh,BUNDOORA,0.0,-0.031203829,0.0005663545,0.0005495748,0.0
2025-05-24 00:00:00,solar.bun_tlc#realenergyintotheload#kwh,BUNDOORA,0.0,-0.012819817,0.0005663545,0.0005495748,0.0
2025-05-24 01:00:00,solar.bun_tlc#realenergyintotheload#kwh,BUNDOORA,0.0,-0.089444,0.00057911925,0.0005619614,0.0
2025-05-24 02:00:00,solar.bun_tlc#realenergyintotheload#kwh,BUNDOORA,0.0,0.0010755872,0.00057911925,0.0005619614,0.0
2025-05-24 03:00:00,solar.bun_tlc#realenergyintotheload#kwh,BUNDOORA,0.0,-0.07966393,0.00057911925,0.0005619614,0.0
2025-05-24 04:00:00,solar.bun_tlc#realenergyintotheload#kwh,BUNDOORA,0.0,-0.055091776,0.00057911925,0.0005619614,0.0
2025-05-24 05:00:00,solar.bun_tlc#realenergyintotheload#kwh,BUNDOORA,0.0,-0.02310468,0.00057911925,0.0005619614,0.0
2025-05-24 06:00:00,solar.bun_tlc#realenergyintotheload#kwh,BUNDOORA,0.0,0.12834437,0.00057911925,0.0005619614,0.0
2025-05-24 07:00:00,solar.bun_tlc#realenergyintotheload#kwh,BUNDOORA,0.0,0.39740247,0.00057911925,0.0005619614,0.0
2025-05-24 08:00:00,solar.bun_tlc#realenergyintotheload#kwh,BUNDOORA,0.21875,0.5426609,0.9660268,0.9374058,26.0
2025-05-24 09:00:00,solar.bun_tlc#realenergyintotheload#kwh,BUNDOORA,2.65625,1.9517393,8.328581,8.081826,191.0
2025-05-24 10:00:00,solar.bun_tlc#realenergyintotheload#kwh,BUNDOORA,7.71875,11.251961,17.138193,16.630432,340.0
2025-05-24 11:00:00,solar.bun_tlc#realenergyintotheload#kwh,BUNDOORA,19.21875,15.966709,22.491098,21.824743,450.0
2025-05-24 12:00:00,solar.bun_tlc#realenergyintotheload#kwh,BUNDOORA,24.59375,25.71228,23.826248,23.120337,507.0
2025-05-24 13:00:00,solar.bun_tlc#realenergyintotheload#kwh,BUNDOORA,23.6875,24.92934,23.63313,22.932938,507.0
2025-05-24 14:00:00,solar.bun_tlc#realenergyintotheload#kwh,BUNDOORA,18.3125,19.544449,20.648653,20.036884,413.0
2025-05-24 15:00:00,solar.bun_tlc#realenergyintotheload#kwh,BUNDOORA,10.15625,19.716911,15.939416,15.467171,328.0
2025-05-24 16:00:00,solar.bun_tlc#realenergyintotheload#kwh,BUNDOORA,4.625,11.016552,8.21497,7.9715805,170.0
2025-05-24 17:00:00,solar.bun_tlc#realenergyintotheload#kwh,BUNDOORA,2.3125,1.8487066,1.236459,1.1998259,32.0
2025-05-24 18:00:00,solar.bun_tlc#realenergyintotheload#kwh,BUNDOORA,0.0,1.2531341,-0.039166648,0.0,0.0
2025-05-24 19:00:00,solar.bun_tlc#realenergyintotheload#kwh,BUNDOORA,0.0,-0.063911594,-0.07319416,0.0,0.0
2025-05-24 20:00:00,solar.bun_tlc#realenergyintotheload#kwh,BUNDOORA,0.0,-0.5244067,-0.026017424,0.0,0.0
2025-05-24 21:00:00,solar.bun_tlc#realenergyintotheload#kwh,BUNDOORA,0.0,-0.114854954,-0.020625107,0.0,0.0
2025-05-24 22:00:00,solar.bun_tlc#realenergyintotheload#kwh,BUNDOORA,0.0,-0.010019917,-0.020681474,0.0,0.0
2025-05-24 23:00:00,solar.bun_tlc#realenergyintotheload#kwh,BUNDOORA,0.0,-0.22872658,-0.020681474,0.0,0.0
2025-05-25 00:00:00,solar.bun_tlc#realenergyintotheload#kwh,BUNDOORA,0.0,-0.14994027,-0.022721432,0.0,0.0
2025-05-25 01:00:00,solar.bun_tlc#realenergyintotheload#kwh,BUNDOORA,0.0,0.07980249,-0.044417936,0.0,0.0
2025-05-25 02:00:00,solar.bun_tlc#realenergyintotheload#kwh,BUNDOORA,0.0,0.15847017,-0.078701995,0.0,0.0
2025-05-25 03:00:00,solar.bun_tlc#realenergyintotheload#kwh,BUNDOORA,0.0,0.36402947,0.002820145,0.0027365913,0.0
2025-05-25 04:00:00,solar.bun_tlc#realenergyintotheload#kwh,BUNDOORA,0.0,0.2748188,0.0048432485,0.004699755,0.0
2025-05-25 05:00:00,solar.bun_tlc#realenergyintotheload#kwh,BUNDOORA,0.0,0.0038238654,0.009421768,0.009142624,0.0
2025-05-25 06:00:00,solar.bun_tlc#realenergyintotheload#kwh,BUNDOORA,0.0,0.16264012,0.014997081,0.014552755,0.0
2025-05-25 07:00:00,solar.bun_tlc#realenergyintotheload#kwh,BUNDOORA,0.0,0.8805252,0.023195846,0.022508612,0.0
2025-05-25 08:00:00,solar.bun_tlc#realenergyintotheload#kwh,BUNDOORA,0.40625,2.4141147,2.0459964,1.9853786,42.0
2025-05-25 09:00:00,solar.bun_tlc#realenergyintotheload#kwh,BUNDOORA,3.59375,5.2790923,10.506577,10.195292,199.0
2025-05-25 10:00:00,solar.bun_tlc#realenergyintotheload#kwh,BUNDOORA,7.6875,12.251867,17.5781,17.057304,345.0
2025-05-25 11:00:00,solar.bun_tlc#realenergyintotheload#kwh,BUNDOORA,18.53125,18.661276,23.273565,22.584028,451.0
2025-05-25 12:00:00,solar.bun_tlc#realenergyintotheload#kwh,BUNDOORA,23.59375,24.012203,24.478525,23.753288,480.0
2025-05-25 13:00:00,solar.bun_tlc#realenergyintotheload#kwh,BUNDOORA,16.03125,22.937778,22.875544,22.197798,465.0
2025-05-25 14:00:00,solar.bun_tlc#realenergyintotheload#kwh,BUNDOORA,23.40625,19.73248,22.050829,21.397518,440.0
2025-05-25 15:00:00,solar.bun_tlc#realenergyintotheload#kwh,BUNDOORA,15.6875,17.933697,16.885357,16.385086,345.0
2025-05-25 16:00:00,solar.bun_tlc#realenergyintotheload#kwh,BUNDOORA,7.5625,12.750674,10.261669,9.957642,201.0
2025-05-25 17:00:00,solar.bun_tlc#realenergyintotheload#kwh,BUNDOORA,1.78125,8.7181225,2.0391753,1.9787596,46.0
2025-05-25 18:00:00,solar.bun_tlc#realenergyintotheload#kwh,BUNDOORA,0.0,5.489746,-0.035027694,0.0,0.0
2025-05-25 19:00:00,solar.bun_tlc#realenergyintotheload#kwh,BUNDOORA,0.0,1.6926526,-0.05243041,0.0,0.0
2025-05-25 20:00:00,solar.bun_tlc#realenergyintotheload#kwh,BUNDOORA,0.0,0.49914768,-0.051458616,0.0,0.0
2025-05-25 21:00:00,solar.bun_tlc#realenergyintotheload#kwh,BUNDOORA,0.0,-0.19441901,-0.02151424,0.0,0.0
2025-05-25 22:00:00,solar.bun_tlc#realenergyintotheload#kwh,BUNDOORA,0.0,-0.017229022,-0.020681474,0.0,0.0
2025-05-25 23:00:00,solar.bun_tlc#realenergyintotheload#kwh,BUNDOORA,0.0,0.37305918,-0.0114432,0.0,0.0
2025-05-26 00:00:00,solar.bun_tlc#realenergyintotheload#kwh,BUNDOORA,0.0,0.06009996,0.0038101843,0.003697298,0.0
2025-05-26 01:00:00,solar.bun_tlc#realenergyintotheload#kwh,BUNDOORA,0.0,-0.04048558,0.0046619996,0.004523876,0.0
2025-05-26 02:00:00,solar.bun_tlc#realenergyintotheload#kwh,BUNDOORA,0.0,-0.17675287,-0.015853876,0.0,0.0
2025-05-26 03:00:00,solar.bun_tlc#realenergyintotheload#kwh,BUNDOORA,0.0,-0.0033300295,0.0073963115,0.0071771774,0.0
2025-05-26 04:00:00,solar.bun_tlc#realenergyintotheload#kwh,BUNDOORA,0.0,-0.1754154,0.011018806,0.010692347,0.0
2025-05-26 05:00:00,solar.bun_tlc#realenergyintotheload#kwh,BUNDOORA,0.0,-0.08619212,0.013529111,0.013128277,0.0
2025-05-26 06:00:00,solar.bun_tlc#realenergyintotheload#kwh,BUNDOORA,0.0,0.27703854,0.026189202,0.025413282,0.0
2025-05-26 07:00:00,solar.bun_tlc#realenergyintotheload#kwh,BUNDOORA,0.0,1.1841977,0.0071260985,0.00691497,0.0
2025-05-26 08:00:00,solar.bun_tlc#realenergyintotheload#kwh,BUNDOORA,0.375,3.5464058,1.5799744,1.5331637,37.0
2025-05-26 09:00:00,solar.bun_tlc#realenergyintotheload#kwh,BUNDOORA,3.3125,11.772627,9.902592,9.609202,192.0
2025-05-26 10:00:00,solar.bun_tlc#realenergyintotheload#kwh,BUNDOORA,7.3125,15.6809225,17.335815,16.822199,335.0
2025-05-26 11:00:00,solar.bun_tlc#realenergyintotheload#kwh,BUNDOORA,18.125,17.978035,22.03342,21.380625,443.0
2025-05-26 12:00:00,solar.bun_tlc#realenergyintotheload#kwh,BUNDOORA,23.8125,22.785067,23.391575,22.698542,503.0
2025-05-26 13:00:00,solar.bun_tlc#realenergyintotheload#kwh,BUNDOORA,24.65625,24.14826,22.751009,22.076954,505.0
2025-05-26 14:00:00,solar.bun_tlc#realenergyintotheload#kwh,BUNDOORA,21.96875,20.796133,21.40002,20.765991,450.0
2025-05-26 15:00:00,solar.bun_tlc#realenergyintotheload#kwh,BUNDOORA,12.65625,13.895311,13.795171,13.386455,274.0
2025-05-26 16:00:00,solar.bun_tlc#realenergyintotheload#kwh,BUNDOORA,8.25,8.620137,8.334115,8.087196,169.0
2025-05-26 17:00:00,solar.bun_tlc#realenergyintotheload#kwh,BUNDOORA,2.0,-0.32160512,1.1587081,1.1243784,30.0
2025-05-26 18:00:00,solar.bun_tlc#realenergyintotheload#kwh,BUNDOORA,0.0,0.020602962,-0.015103448,0.0,0.0
2025-05-26 19:00:00,solar.bun_tlc#realenergyintotheload#kwh,BUNDOORA,0.0,-0.43380722,0.016526246,0.016036615,0.0
2025-05-26 20:00:00,solar.bun_tlc#realenergyintotheload#kwh,BUNDOORA,0.0,-0.2266814,-0.042002212,0.0,0.0
2025-05-26 21:00:00,solar.bun_tlc#realenergyintotheload#kwh,BUNDOORA,0.0,0.8776207,0.01363449,0.013230534,0.0
2025-05-26 22:00:00,solar.bun_tlc#realenergyintotheload#kwh,BUNDOORA,0.0,0.6885031,-0.018348109,0.0,0.0
2025-05-26 23:00:00,solar.bun_tlc#realenergyintotheload#kwh,BUNDOORA,0.0,-0.12975892,0.0074043726,0.0071849995,0.0
2025-05-27 00:00:00,solar.bun_tlc#realenergyintotheload#kwh,BUNDOORA,0.0,-0.13616596,0.0074043726,0.0071849995,0.0
2025-05-27 01:00:00,solar.bun_tlc#realenergyintotheload#kwh,BUNDOORA,0.0,-0.1054799,0.0083495425,0.0081021665,0.0
2025-05-27 02:00:00,solar.bun_tlc#realenergyintotheload#kwh,BUNDOORA,0.0,-0.160567,-0.029300582,0.0,0.0
2025-05-27 03:00:00,solar.bun_tlc#realenergyintotheload#kwh,BUNDOORA,0.0,0.25996032,-0.0242305,0.0,0.0
2025-05-27 04:00:00,solar.bun_tlc#realenergyintotheload#kwh,BUNDOORA,0.0,0.16946813,-0.0038399457,0.0,0.0
2025-05-27 05:00:00,solar.bun_tlc#realenergyintotheload#kwh,BUNDOORA,0.0,0.056532454,0.000746757,0.00072463247,0.0
2025-05-27 06:00:00,solar.bun_tlc#realenergyintotheload#kwh,BUNDOORA,0.0,0.057174463,-0.0023124884,0.0,0.0
2025-05-27 07:00:00,solar.bun_tlc#realenergyintotheload#kwh,BUNDOORA,0.0,0.72115046,0.0039701974,0.0038525704,0.0
2025-05-27 08:00:00,solar.bun_tlc#realenergyintotheload#kwh,BUNDOORA,0.40625,2.6988494,1.3140069,1.2750762,33.0
2025-05-27 09:00:00,solar.bun_tlc#realenergyintotheload#kwh,BUNDOORA,4.28125,2.8534985,8.875722,8.612757,167.0
2025-05-27 10:00:00,solar.bun_tlc#realenergyintotheload#kwh,BUNDOORA,8.78125,12.581963,16.147268,15.668865,299.0
2025-05-27 11:00:00,solar.bun_tlc#realenergyintotheload#kwh,BUNDOORA,14.46875,14.431589,17.431343,16.914896,335.0
2025-05-27 12:00:00,solar.bun_tlc#realenergyintotheload#kwh,BUNDOORA,15.4375,15.042641,18.18979,17.650873,360.0
2025-05-27 13:00:00,solar.bun_tlc#realenergyintotheload#kwh,BUNDOORA,8.90625,9.752976,8.592737,8.338156,181.0
2025-05-27 14:00:00,solar.bun_tlc#realenergyintotheload#kwh,BUNDOORA,7.96875,8.774294,7.117631,6.9067535,153.0
2025-05-27 15:00:00,solar.bun_tlc#realenergyintotheload#kwh,BUNDOORA,6.125,8.090143,5.9836273,5.8063474,128.0
2025-05-27 16:00:00,solar.bun_tlc#realenergyintotheload#kwh,BUNDOORA,3.28125,6.9771905,6.385144,6.195968,147.0
2025-05-27 17:00:00,solar.bun_tlc#realenergyintotheload#kwh,BUNDOORA,0.46875,1.332118,0.4260367,0.41341427,12.0
2025-05-27 18:00:00,solar.bun_tlc#realenergyintotheload#kwh,BUNDOORA,0.0,1.2098399,0.0028699888,0.002784958,0.0
2025-05-27 19:00:00,solar.bun_tlc#realenergyintotheload#kwh,BUNDOORA,0.0,0.28488642,0.0019315515,0.0018743244,0.0
2025-05-27 20:00:00,solar.bun_tlc#realenergyintotheload#kwh,BUNDOORA,0.0,0.30792418,0.0008374089,0.00081259856,0.0
2025-05-27 21:00:00,solar.bun_tlc#realenergyintotheload#kwh,BUNDOORA,0.0,-0.06341923,0.00088866375,0.00086233485,0.0
2025-05-27 22:00:00,solar.bun_tlc#realenergyintotheload#kwh,BUNDOORA,0.0,-0.03962431,0.0008374089,0.00081259856,0.0
2025-05-27 23:00:00,solar.bun_tlc#realenergyintotheload#kwh,BUNDOORA,0.0,0.28705874,0.0009867114,0.00095747755,0.0
2025-05-28 00:00:00,solar.bun_tlc#realenergyintotheload#kwh,BUNDOORA,0.0,0.3461653,0.0011171938,0.0010840942,0.0
2025-05-28 01:00:00,solar.bun_tlc#realenergyintotheload#kwh,BUNDOORA,0.0,0.30937338,0.0016775836,0.001627881,0.0
2025-05-28 02:00:00,solar.bun_tlc#realenergyintotheload#kwh,BUNDOORA,0.0,0.055178594,0.0015471011,0.0015012643,0.0
2025-05-28 03:00:00,solar.bun_tlc#realenergyintotheload#kwh,BUNDOORA,0.0,0.046076223,0.0010379662,0.0010072138,0.0
2025-05-28 04:00:00,solar.bun_tlc#realenergyintotheload#kwh,BUNDOORA,0.0,0.047029123,0.0009867114,0.00095747755,0.0
2025-05-28 05:00:00,solar.bun_tlc#realenergyintotheload#kwh,BUNDOORA,0.0,0.029269364,0.0015471011,0.0015012643,0.0
2025-05-28 06:00:00,solar.bun_tlc#realenergyintotheload#kwh,BUNDOORA,0.0,0.0350759,0.0009867114,0.00095747755,0.0
2025-05-28 07:00:00,solar.bun_tlc#realenergyintotheload#kwh,BUNDOORA,0.0,0.65160275,0.0009867114,0.00095747755,0.0
2025-05-28 08:00:00,solar.bun_tlc#realenergyintotheload#kwh,BUNDOORA,0.09375,2.5335565,0.7214302,0.700056,20.0
2025-05-28 09:00:00,solar.bun_tlc#realenergyintotheload#kwh,BUNDOORA,1.46875,2.2707589,4.1891,4.064987,89.0
2025-05-28 10:00:00,solar.bun_tlc#realenergyintotheload#kwh,BUNDOORA,5.84375,2.1364021,8.186072,7.9435396,170.0
2025-05-28 11:00:00,solar.bun_tlc#realenergyintotheload#kwh,BUNDOORA,8.125,4.0759416,9.613446,9.328624,198.0
2025-05-28 12:00:00,solar.bun_tlc#realenergyintotheload#kwh,BUNDOORA,13.96875,8.77676,13.505041,13.10492,272.0
2025-05-28 13:00:00,solar.bun_tlc#realenergyintotheload#kwh,BUNDOORA,11.15625,9.489944,12.462592,12.093357,251.0
2025-05-28 14:00:00,solar.bun_tlc#realenergyintotheload#kwh,BUNDOORA,11.5,6.0005097,11.430214,11.091565,229.0
2025-05-28 15:00:00,solar.bun_tlc#realenergyintotheload#kwh,BUNDOORA,7.5625,3.2286396,8.049862,7.8113647,165.0
2025-05-28 16:00:00,solar.bun_tlc#realenergyintotheload#kwh,BUNDOORA,3.125,4.1267934,3.1364567,3.0435314,70.0
2025-05-28 17:00:00,solar.bun_tlc#realenergyintotheload#kwh,BUNDOORA,0.875,4.579267,0.80936825,0.7853887,22.0
2025-05-28 18:00:00,solar.bun_tlc#realenergyintotheload#kwh,BUNDOORA,0.0,1.4008312,0.0010608273,0.0010293976,0.0
2025-05-28 19:00:00,solar.bun_tlc#realenergyintotheload#kwh,BUNDOORA,0.0,0.25345245,0.0009115249,0.0008845187,0.0
2025-05-28 20:00:00,solar.bun_tlc#realenergyintotheload#kwh,BUNDOORA,0.0,0.21099769,0.00084830605,0.00082317286,0.0
2025-05-28 21:00:00,solar.bun_tlc#realenergyintotheload#kwh,BUNDOORA,0.0,-0.024770195,0.0005410163,0.00052498735,0.0
2025-05-28 22:00:00,solar.bun_tlc#realenergyintotheload#kwh,BUNDOORA,0.0,-0.008705951,0.0005410163,0.00052498735,0.0
2025-05-28 23:00:00,solar.bun_tlc#realenergyintotheload#kwh,BUNDOORA,0.0,-0.023346145,0.0014560526,0.0014129134,0.0
2025-05-29 00:00:00,solar.bun_tlc#realenergyintotheload#kwh,BUNDOORA,0.0,-0.09382644,0.0014560526,0.0014129134,0.0
2025-05-29 01:00:00,solar.bun_tlc#realenergyintotheload#kwh,BUNDOORA,0.0,-0.09947251,0.0014560526,0.0014129134,0.0
2025-05-29 02:00:00,solar.bun_tlc#realenergyintotheload#kwh,BUNDOORA,0.0,-0.11251679,0.0006042352,0.0005863332,0.0
2025-05-29 03:00:00,solar.bun_tlc#realenergyintotheload#kwh,BUNDOORA,0.0,-0.06696663,0.0006042352,0.0005863332,0.0
2025-05-29 04:00:00,solar.bun_tlc#realenergyintotheload#kwh,BUNDOORA,0.0,-0.005175692,0.0004105337,0.0003983706,0.0
2025-05-29 05:00:00,solar.bun_tlc#realenergyintotheload#kwh,BUNDOORA,0.0,-0.02729521,0.0004105337,0.0003983706,0.0
2025-05-29 06:00:00,solar.bun_tlc#realenergyintotheload#kwh,BUNDOORA,0.0,0.0016807588,0.00048651735,0.00047210307,0.0
2025-05-29 07:00:00,solar.bun_tlc#realenergyintotheload#kwh,BUNDOORA,0.0,0.14347717,0.0004105337,0.0003983706,0.0
2025-05-29 08:00:00,solar.bun_tlc#realenergyintotheload#kwh,BUNDOORA,0.03125,0.56210655,0.87140864,0.845591,23.0
2025-05-29 09:00:00,solar.bun_tlc#realenergyintotheload#kwh,BUNDOORA,1.25,1.001683,3.6624358,3.553927,81.0
2025-05-29 10:00:00,solar.bun_tlc#realenergyintotheload#kwh,BUNDOORA,4.5625,7.209313,8.1786785,7.9363647,169.0
2025-05-29 11:00:00,solar.bun_tlc#realenergyintotheload#kwh,BUNDOORA,10.03125,10.9419565,14.858044,14.417837,295.0
2025-05-29 12:00:00,solar.bun_tlc#realenergyintotheload#kwh,BUNDOORA,14.375,13.188395,17.267427,16.755836,342.0
2025-05-29 13:00:00,solar.bun_tlc#realenergyintotheload#kwh,BUNDOORA,14.5625,17.443422,17.769606,17.243137,358.0
2025-05-29 14:00:00,solar.bun_tlc#realenergyintotheload#kwh,BUNDOORA,16.90625,16.948645,20.405817,19.801243,400.0
2025-05-29 15:00:00,solar.bun_tlc#realenergyintotheload#kwh,BUNDOORA,15.78125,17.45338,16.687508,16.193098,331.0
2025-05-29 16:00:00,solar.bun_tlc#realenergyintotheload#kwh,BUNDOORA,8.5,9.354561,9.819922,9.528983,181.0
2025-05-29 17:00:00,solar.bun_tlc#realenergyintotheload#kwh,BUNDOORA,2.34375,3.874119,1.7737123,1.7211616,39.0
2025-05-29 18:00:00,solar.bun_tlc#realenergyintotheload#kwh,BUNDOORA,0.0,0.68769664,0.0013314232,0.0012919764,0.0
2025-05-29 19:00:00,solar.bun_tlc#realenergyintotheload#kwh,BUNDOORA,0.0,0.025106031,0.0008409031,0.0008159892,0.0
2025-05-29 20:00:00,solar.bun_tlc#realenergyintotheload#kwh,BUNDOORA,0.0,-0.00046316895,0.0008409031,0.0008159892,0.0
2025-05-29 21:00:00,solar.bun_tlc#realenergyintotheload#kwh,BUNDOORA,0.0,-0.030537171,0.0012682043,0.0012306306,0.0
2025-05-29 22:00:00,solar.bun_tlc#realenergyintotheload#kwh,BUNDOORA,0.0,-0.025456885,0.0012682043,0.0012306306,0.0
2025-05-29 23:00:00,solar.bun_tlc#realenergyintotheload#kwh,BUNDOORA,0.0,-0.010793962,0.0012682043,0.0012306306,0.0
2025-05-30 00:00:00,solar.bun_tlc#realenergyintotheload#kwh,BUNDOORA,0.0,0.026413603,0.0014086626,0.0013669275,0.0
2025-05-30 01:00:00,solar.bun_tlc#realenergyintotheload#kwh,BUNDOORA,0.0,-0.0147943515,0.00048651735,0.00047210307,0.0
2025-05-30 02:00:00,solar.bun_tlc#realenergyintotheload#kwh,BUNDOORA,0.0,-0.032743394,0.0004105337,0.0003983706,0.0
2025-05-30 03:00:00,solar.bun_tlc#realenergyintotheload#kwh,BUNDOORA,0.0,-0.012237538,0.00048651735,0.00047210307,0.0
2025-05-30 04:00:00,solar.bun_tlc#realenergyintotheload#kwh,BUNDOORA,0.0,-0.007894465,0.0010089646,0.0009790715,0.0
2025-05-30 05:00:00,solar.bun_tlc#realenergyintotheload#kwh,BUNDOORA,0.0,-0.007894465,0.0010089646,0.0009790715,0.0
2025-05-30 06:00:00,solar.bun_tlc#realenergyintotheload#kwh,BUNDOORA,0.0,0.046331543,0.001741834,0.0016902278,0.0
2025-05-30 07:00:00,solar.bun_tlc#realenergyintotheload#kwh,BUNDOORA,0.0,0.3411231,0.0010700141,0.0010383122,0.0
2025-05-30 08:00:00,solar.bun_tlc#realenergyintotheload#kwh,BUNDOORA,0.0625,0.60435784,0.8987078,0.87208134,24.0
2025-05-30 09:00:00,solar.bun_tlc#realenergyintotheload#kwh,BUNDOORA,2.125,2.0663407,4.459295,4.327177,99.0
2025-05-30 10:00:00,solar.bun_tlc#realenergyintotheload#kwh,BUNDOORA,5.875,3.807607,9.364902,9.087443,184.0
2025-05-30 11:00:00,solar.bun_tlc#realenergyintotheload#kwh,BUNDOORA,9.5,9.98322,12.759694,12.381657,251.0
2025-05-30 12:00:00,solar.bun_tlc#realenergyintotheload#kwh,BUNDOORA,11.25,8.586656,11.859246,11.507887,233.0
2025-05-30 13:00:00,solar.bun_tlc#realenergyintotheload#kwh,BUNDOORA,9.6875,10.0856905,9.338458,9.061783,193.0
2025-05-30 14:00:00,solar.bun_tlc#realenergyintotheload#kwh,BUNDOORA,9.5625,8.996036,10.3954735,10.0874815,205.0
2025-05-30 15:00:00,solar.bun_tlc#realenergyintotheload#kwh,BUNDOORA,6.96875,7.8402615,6.3400817,6.1522408,131.0
2025-05-30 16:00:00,solar.bun_tlc#realenergyintotheload#kwh,BUNDOORA,3.53125,6.163168,3.6286573,3.5211494,81.0
2025-05-30 17:00:00,solar.bun_tlc#realenergyintotheload#kwh,BUNDOORA,1.03125,4.500191,1.1234486,1.0901636,27.0
2025-05-30 18:00:00,solar.bun_tlc#realenergyintotheload#kwh,BUNDOORA,0.0,0.50920033,0.0012682043,0.0012306306,0.0
2025-05-30 19:00:00,solar.bun_tlc#realenergyintotheload#kwh,BUNDOORA,0.0,0.04572961,0.0013314232,0.0012919764,0.0
2025-05-30 20:00:00,solar.bun_tlc#realenergyintotheload#kwh,BUNDOORA,0.0,-0.007584725,0.0008409031,0.0008159892,0.0
2025-05-30 21:00:00,solar.bun_tlc#realenergyintotheload#kwh,BUNDOORA,0.0,0.0012742993,0.0012682043,0.0012306306,0.0
2025-05-30 22:00:00,solar.bun_tlc#realenergyintotheload#kwh,BUNDOORA,0.0,0.03229562,0.0020820813,0.0020203944,0.0
2025-05-30 23:00:00,solar.bun_tlc#realenergyintotheload#kwh,BUNDOORA,0.0,0.041033003,0.001741834,0.0016902278,0.0
2025-05-31 00:00:00,solar.bun_tlc#realenergyintotheload#kwh,BUNDOORA,0.0,0.041033003,0.001741834,0.0016902278,0.0
2025-05-31 01:00:00,solar.bun_tlc#realenergyintotheload#kwh,BUNDOORA,0.0,0.027100295,0.0010700141,0.0010383122,0.0
2025-05-31 02:00:00,solar.bun_tlc#realenergyintotheload#kwh,BUNDOORA,0.0,-0.0074155806,0.0018332166,0.001778903,0.0
2025-05-31 03:00:00,solar.bun_tlc#realenergyintotheload#kwh,BUNDOORA,0.0,-0.02074198,0.002090388,0.002028455,0.0
2025-05-31 04:00:00,solar.bun_tlc#realenergyintotheload#kwh,BUNDOORA,0.0,0.0041158153,0.002090388,0.002028455,0.0
2025-05-31 05:00:00,solar.bun_tlc#realenergyintotheload#kwh,BUNDOORA,0.0,0.018581823,0.0013271854,0.0012878643,0.0
2025-05-31 06:00:00,solar.bun_tlc#realenergyintotheload#kwh,BUNDOORA,0.0,0.0012174738,0.001525375,0.0014801819,0.0
2025-05-31 07:00:00,solar.bun_tlc#realenergyintotheload#kwh,BUNDOORA,0.0,0.1103222,0.0019990054,0.00193978,0.0
2025-05-31 08:00:00,solar.bun_tlc#realenergyintotheload#kwh,BUNDOORA,0.21875,0.079410225,0.8949681,0.8684524,23.0
2025-05-31 09:00:00,solar.bun_tlc#realenergyintotheload#kwh,BUNDOORA,2.75,0.34547558,5.531254,5.367377,116.0
2025-05-31 10:00:00,solar.bun_tlc#realenergyintotheload#kwh,BUNDOORA,6.09375,6.478657,9.501251,9.219753,196.0
2025-05-31 11:00:00,solar.bun_tlc#realenergyintotheload#kwh,BUNDOORA,11.4375,12.723191,16.036758,15.561629,311.0
2025-05-31 12:00:00,solar.bun_tlc#realenergyintotheload#kwh,BUNDOORA,21.09375,17.404236,23.111378,22.426645,456.0
2025-05-31 13:00:00,solar.bun_tlc#realenergyintotheload#kwh,BUNDOORA,25.78125,19.58535,24.534958,23.808048,491.0
2025-05-31 14:00:00,solar.bun_tlc#realenergyintotheload#kwh,BUNDOORA,21.375,19.055103,22.87312,22.195446,437.0
2025-05-31 15:00:00,solar.bun_tlc#realenergyintotheload#kwh,BUNDOORA,13.1875,18.145824,17.445745,16.928871,331.0
2025-05-31 16:00:00,solar.bun_tlc#realenergyintotheload#kwh,BUNDOORA,6.65625,9.17052,9.778375,9.488666,188.0
2025-05-31 17:00:00,solar.bun_tlc#realenergyintotheload#kwh,BUNDOORA,1.40625,3.0895247,1.5897738,1.5426728,36.0
2025-05-31 18:00:00,solar.bun_tlc#realenergyintotheload#kwh,BUNDOORA,0.0,0.7266496,0.0086403275,0.008384336,0.0
2025-05-31 19:00:00,solar.bun_tlc#realenergyintotheload#kwh,BUNDOORA,0.0,0.061093673,0.007944629,0.007709249,0.0
2025-05-31 20:00:00,solar.bun_tlc#realenergyintotheload#kwh,BUNDOORA,0.0,0.035654496,0.00160239,0.0015549151,0.0
2025-05-31 21:00:00,solar.bun_tlc#realenergyintotheload#kwh,BUNDOORA,0.0,0.015931694,0.00160239,0.0015549151,0.0
2025-05-31 22:00:00,solar.bun_tlc#realenergyintotheload#kwh,BUNDOORA,0.0,0.015931694,0.00040237568,0.00039045428,0.0
2025-05-31 23:00:00,solar.bun_tlc#realenergyintotheload#kwh,BUNDOORA,0.0,0.011313414,0.00040237568,0.00039045428,0.0
2025-06-01 00:00:00,solar.bun_tlc#realenergyintotheload#kwh,BUNDOORA,0.0,-0.010289873,0.00040237568,0.00039045428,0.0
2025-06-01 01:00:00,solar.bun_tlc#realenergyintotheload#kwh,BUNDOORA,0.0,-0.00618714,0.0008296767,0.0008050954,0.0
2025-06-01 02:00:00,solar.bun_tlc#realenergyintotheload#kwh,BUNDOORA,0.0,-0.0015524897,0.00040237568,0.00039045428,0.0
2025-06-01 03:00:00,solar.bun_tlc#realenergyintotheload#kwh,BUNDOORA,0.0,0.0012030011,0.00040237568,0.00039045428,0.0
2025-06-01 04:00:00,solar.bun_tlc#realenergyintotheload#kwh,BUNDOORA,0.0,0.002104478,0.00089289556,0.0008664413,0.0
2025-06-01 05:00:00,solar.bun_tlc#realenergyintotheload#kwh,BUNDOORA,0.0,-0.00043807586,0.00089289556,0.0008664413,0.0
2025-06-01 06:00:00,solar.bun_tlc#realenergyintotheload#kwh,BUNDOORA,0.0,0.021466006,0.000570437,0.0005535364,0.0
2025-06-01 07:00:00,solar.bun_tlc#realenergyintotheload#kwh,BUNDOORA,0.0,0.019312888,0.0012025704,0.0011669412,0.0
2025-06-01 08:00:00,solar.bun_tlc#realenergyintotheload#kwh,BUNDOORA,0.3125,3.113181,1.1115408,1.0786086,27.0
2025-06-01 09:00:00,solar.bun_tlc#realenergyintotheload#kwh,BUNDOORA,2.90625,3.012294,9.541946,9.259242,178.0
2025-06-01 10:00:00,solar.bun_tlc#realenergyintotheload#kwh,BUNDOORA,6.3125,16.07183,17.317823,16.804739,325.0
2025-06-01 11:00:00,solar.bun_tlc#realenergyintotheload#kwh,BUNDOORA,14.875,16.532412,21.971712,21.320745,434.0
2025-06-01 12:00:00,solar.bun_tlc#realenergyintotheload#kwh,BUNDOORA,19.625,25.323826,22.75963,22.08532,493.0
2025-06-01 13:00:00,solar.bun_tlc#realenergyintotheload#kwh,BUNDOORA,23.625,23.08667,22.681093,22.00911,495.0
2025-06-01 14:00:00,solar.bun_tlc#realenergyintotheload#kwh,BUNDOORA,20.28125,18.835268,21.215548,20.586985,432.0
2025-06-01 15:00:00,solar.bun_tlc#realenergyintotheload#kwh,BUNDOORA,13.53125,19.275473,16.195692,15.715854,325.0
2025-06-01 16:00:00,solar.bun_tlc#realenergyintotheload#kwh,BUNDOORA,6.75,6.852626,6.3928804,6.2034755,136.0
2025-06-01 17:00:00,solar.bun_tlc#realenergyintotheload#kwh,BUNDOORA,1.46875,0.27036038,1.2770663,1.23923,30.0
2025-06-01 18:00:00,solar.bun_tlc#realenergyintotheload#kwh,BUNDOORA,0.0,-0.29726905,0.023807483,0.023102127,0.0
2025-06-01 19:00:00,solar.bun_tlc#realenergyintotheload#kwh,BUNDOORA,0.0,-0.16699722,0.020499,0.019891666,0.0
2025-06-01 20:00:00,solar.bun_tlc#realenergyintotheload#kwh,BUNDOORA,0.0,0.14887132,0.016937865,0.016436039,0.0
2025-06-01 21:00:00,solar.bun_tlc#realenergyintotheload#kwh,BUNDOORA,0.0,0.15391865,0.030031221,0.02914147,0.0
2025-06-01 22:00:00,solar.bun_tlc#realenergyintotheload#kwh,BUNDOORA,0.0,-0.116818376,0.016319918,0.015836399,0.0
2025-06-01 23:00:00,solar.bun_tlc#realenergyintotheload#kwh,BUNDOORA,0.0,-0.09327757,0.012712967,0.012336313,0.0
2025-06-02 00:00:00,solar.bun_tlc#realenergyintotheload#kwh,BUNDOORA,0.0,-0.15789592,0.023215516,0.022527698,0.0
2025-06-02 01:00:00,solar.bun_tlc#realenergyintotheload#kwh,BUNDOORA,0.0,-0.18341018,0.01300623,0.012620888,0.0
2025-06-02 02:00:00,solar.bun_tlc#realenergyintotheload#kwh,BUNDOORA,0.0,-0.18702658,0.012930246,0.012547155,0.0
2025-06-02 03:00:00,solar.bun_tlc#realenergyintotheload#kwh,BUNDOORA,0.0,-0.16290809,0.012263418,0.011900084,0.0
2025-06-02 04:00:00,solar.bun_tlc#realenergyintotheload#kwh,BUNDOORA,0.0,-0.14250322,0.012135234,0.011775697,0.0
2025-06-02 05:00:00,solar.bun_tlc#realenergyintotheload#kwh,BUNDOORA,0.0,-0.1019535,0.012135234,0.011775697,0.0
2025-06-02 06:00:00,solar.bun_tlc#realenergyintotheload#kwh,BUNDOORA,0.0,-0.14257568,0.009423461,0.009144267,0.0
2025-06-02 07:00:00,solar.bun_tlc#realenergyintotheload#kwh,BUNDOORA,0.0,0.10305384,0.009347477,0.009070534,0.0
2025-06-02 08:00:00,solar.bun_tlc#realenergyintotheload#kwh,BUNDOORA,0.1875,1.6707947,0.6511145,0.6318236,18.0
2025-06-02 09:00:00,solar.bun_tlc#realenergyintotheload#kwh,BUNDOORA,3.40625,5.4025908,8.020566,7.7829366,144.0
2025-06-02 10:00:00,solar.bun_tlc#realenergyintotheload#kwh,BUNDOORA,8.84375,13.512878,13.7884245,13.379908,264.0
2025-06-02 11:00:00,solar.bun_tlc#realenergyintotheload#kwh,BUNDOORA,16.65625,16.626076,17.892796,17.362677,340.0
2025-06-02 12:00:00,solar.bun_tlc#realenergyintotheload#kwh,BUNDOORA,21.3125,24.454342,23.826008,23.120102,481.0
2025-06-02 13:00:00,solar.bun_tlc#realenergyintotheload#kwh,BUNDOORA,19.1875,25.339773,22.212584,21.55448,463.0
2025-06-02 14:00:00,solar.bun_tlc#realenergyintotheload#kwh,BUNDOORA,17.40625,19.232634,21.433048,20.79804,420.0
2025-06-02 15:00:00,solar.bun_tlc#realenergyintotheload#kwh,BUNDOORA,12.25,15.663977,14.002472,13.587614,281.0
2025-06-02 16:00:00,solar.bun_tlc#realenergyintotheload#kwh,BUNDOORA,7.03125,5.4480205,5.5928416,5.4271398,120.0
2025-06-02 17:00:00,solar.bun_tlc#realenergyintotheload#kwh,BUNDOORA,2.03125,1.6660537,1.1380429,1.1043255,28.0
2025-06-02 18:00:00,solar.bun_tlc#realenergyintotheload#kwh,BUNDOORA,0.0,0.3476142,0.0043718545,0.0042423275,0.0
2025-06-02 19:00:00,solar.bun_tlc#realenergyintotheload#kwh,BUNDOORA,0.0,0.32210737,-0.0020589896,0.0,0.0
2025-06-02 20:00:00,solar.bun_tlc#realenergyintotheload#kwh,BUNDOORA,0.0,0.17697176,-0.00017099085,0.0,0.0
2025-06-02 21:00:00,solar.bun_tlc#realenergyintotheload#kwh,BUNDOORA,0.0,0.05393224,0.004567446,0.004432124,0.0
2025-06-02 22:00:00,solar.bun_tlc#realenergyintotheload#kwh,BUNDOORA,0.0,0.08076287,0.00026862705,0.00026066828,0.0
2025-06-02 23:00:00,solar.bun_tlc#realenergyintotheload#kwh,BUNDOORA,0.0,-0.0004908596,-0.002432074,0.0,0.0
2025-06-03 00:00:00,solar.bun_tlc#realenergyintotheload#kwh,BUNDOORA,0.0,-0.37714905,0.0035242748,0.0034198593,0.0
2025-06-03 01:00:00,solar.bun_tlc#realenergyintotheload#kwh,BUNDOORA,0.0,-0.019021966,-0.0026654757,0.0,0.0
2025-06-03 02:00:00,solar.bun_tlc#realenergyintotheload#kwh,BUNDOORA,0.0,-0.016000904,-0.0027286946,0.0,0.0
2025-06-03 03:00:00,solar.bun_tlc#realenergyintotheload#kwh,BUNDOORA,0.0,0.04772706,3.5225275e-05,3.4181638e-05,0.0
2025-06-03 04:00:00,solar.bun_tlc#realenergyintotheload#kwh,BUNDOORA,0.0,-0.005382009,4.7989954e-05,4.656813e-05,0.0
2025-06-03 05:00:00,solar.bun_tlc#realenergyintotheload#kwh,BUNDOORA,0.0,-0.005944116,0.0012661358,0.0012286234,0.0
2025-06-03 06:00:00,solar.bun_tlc#realenergyintotheload#kwh,BUNDOORA,0.0,-0.000116233714,0.001525375,0.0014801819,0.0
2025-06-03 07:00:00,solar.bun_tlc#realenergyintotheload#kwh,BUNDOORA,0.0,0.24638455,0.00048651735,0.00047210307,0.0
2025-06-03 08:00:00,solar.bun_tlc#realenergyintotheload#kwh,BUNDOORA,0.03125,0.676827,0.4306413,0.41788247,13.0
2025-06-03 09:00:00,solar.bun_tlc#realenergyintotheload#kwh,BUNDOORA,2.03125,0.26522306,3.5610864,3.4555802,78.0
2025-06-03 10:00:00,solar.bun_tlc#realenergyintotheload#kwh,BUNDOORA,3.40625,2.374312,6.858769,6.655561,145.0
2025-06-03 11:00:00,solar.bun_tlc#realenergyintotheload#kwh,BUNDOORA,8.09375,5.1676874,9.345313,9.068435,196.0
2025-06-03 12:00:00,solar.bun_tlc#realenergyintotheload#kwh,BUNDOORA,8.03125,9.106298,7.9506044,7.715048,165.0
2025-06-03 13:00:00,solar.bun_tlc#realenergyintotheload#kwh,BUNDOORA,8.3125,10.981453,10.058917,9.760897,206.0
2025-06-03 14:00:00,solar.bun_tlc#realenergyintotheload#kwh,BUNDOORA,12.1875,13.679137,17.177706,16.668774,325.0
2025-06-03 15:00:00,solar.bun_tlc#realenergyintotheload#kwh,BUNDOORA,9.3125,10.037635,9.539831,9.25719,199.0
2025-06-03 16:00:00,solar.bun_tlc#realenergyintotheload#kwh,BUNDOORA,5.59375,7.267442,3.333863,3.235089,73.0
2025-06-03 17:00:00,solar.bun_tlc#realenergyintotheload#kwh,BUNDOORA,0.625,1.9274057,0.6975216,0.6768558,20.0
2025-06-03 18:00:00,solar.bun_tlc#realenergyintotheload#kwh,BUNDOORA,0.0,0.68984216,0.0005994388,0.00058167893,0.0
2025-06-03 19:00:00,solar.bun_tlc#realenergyintotheload#kwh,BUNDOORA,0.0,-0.06500696,0.0004501363,0.00043679986,0.0
2025-06-03 20:00:00,solar.bun_tlc#realenergyintotheload#kwh,BUNDOORA,0.0,0.036753457,4.7989954e-05,4.656813e-05,0.0
2025-06-03 21:00:00,solar.bun_tlc#realenergyintotheload#kwh,BUNDOORA,0.0,-0.019062879,3.5225275e-05,3.4181638e-05,0.0
2025-06-03 22:00:00,solar.bun_tlc#realenergyintotheload#kwh,BUNDOORA,0.0,-0.02786573,3.5225275e-05,3.4181638e-05,0.0
2025-06-03 23:00:00,solar.bun_tlc#realenergyintotheload#kwh,BUNDOORA,0.0,-0.030981986,-2.7993621e-05,0.0,0.0
2025-06-04 00:00:00,solar.bun_tlc#realenergyintotheload#kwh,BUNDOORA,0.0,-0.011416202,-2.7993621e-05,0.0,0.0
2025-06-04 01:00:00,solar.bun_tlc#realenergyintotheload#kwh,BUNDOORA,0.0,-0.0853176,3.5225275e-05,3.4181638e-05,0.0
2025-06-04 02:00:00,solar.bun_tlc#realenergyintotheload#kwh,BUNDOORA,0.0,-0.021108598,4.7989954e-05,4.656813e-05,0.0
2025-06-04 03:00:00,solar.bun_tlc#realenergyintotheload#kwh,BUNDOORA,0.0,-0.021307876,4.7989954e-05,4.656813e-05,0.0
2025-06-04 04:00:00,solar.bun_tlc#realenergyintotheload#kwh,BUNDOORA,0.0,-0.14971446,3.5225275e-05,3.4181638e-05,0.0
2025-06-04 05:00:00,solar.bun_tlc#realenergyintotheload#kwh,BUNDOORA,0.0,-0.1612448,0.0009059498,0.0008791088,0.0
2025-06-04 06:00:00,solar.bun_tlc#realenergyintotheload#kwh,BUNDOORA,0.0,-0.013951905,0.0009059498,0.0008791088,0.0
2025-06-04 07:00:00,solar.bun_tlc#realenergyintotheload#kwh,BUNDOORA,0.0,0.6387764,0.0035242748,0.0034198593,0.0
2025-06-04 08:00:00,solar.bun_tlc#realenergyintotheload#kwh,BUNDOORA,0.21875,1.5915159,0.8781016,0.85208565,23.0
2025-06-04 09:00:00,solar.bun_tlc#realenergyintotheload#kwh,BUNDOORA,3.125,2.3185177,9.254268,8.980087,171.0
2025-06-04 10:00:00,solar.bun_tlc#realenergyintotheload#kwh,BUNDOORA,6.53125,8.389025,16.781574,16.284378,315.0
2025-06-04 11:00:00,solar.bun_tlc#realenergyintotheload#kwh,BUNDOORA,9.71875,16.597094,17.006067,16.50222,321.0
2025-06-04 12:00:00,solar.bun_tlc#realenergyintotheload#kwh,BUNDOORA,14.125,19.31,17.130539,16.623003,326.0
2025-06-04 13:00:00,solar.bun_tlc#realenergyintotheload#kwh,BUNDOORA,14.0,13.778288,13.2362385,12.844082,265.0
2025-06-04 14:00:00,solar.bun_tlc#realenergyintotheload#kwh,BUNDOORA,10.8125,12.199807,9.903708,9.610287,210.0
2025-06-04 15:00:00,solar.bun_tlc#realenergyintotheload#kwh,BUNDOORA,6.59375,9.980875,8.902155,8.638407,180.0
2025-06-04 16:00:00,solar.bun_tlc#realenergyintotheload#kwh,BUNDOORA,3.21875,5.164713,4.474008,4.3414545,90.0
2025-06-04 17:00:00,solar.bun_tlc#realenergyintotheload#kwh,BUNDOORA,1.0,1.350462,0.7071347,0.6861841,20.0
2025-06-04 18:00:00,solar.bun_tlc#realenergyintotheload#kwh,BUNDOORA,0.0,0.2993515,0.012116213,0.011757241,0.0
2025-06-04 19:00:00,solar.bun_tlc#realenergyintotheload#kwh,BUNDOORA,0.0,0.048509862,0.0011895162,0.0011542737,0.0
2025-06-04 20:00:00,solar.bun_tlc#realenergyintotheload#kwh,BUNDOORA,0.0,-0.00166306,0.00089289556,0.0008664413,0.0
2025-06-04 21:00:00,solar.bun_tlc#realenergyintotheload#kwh,BUNDOORA,0.0,-0.0006510127,0.00089289556,0.0008664413,0.0
2025-06-04 22:00:00,solar.bun_tlc#realenergyintotheload#kwh,BUNDOORA,0.0,0.0030657882,0.00040237568,0.00039045428,0.0
2025-06-04 23:00:00,solar.bun_tlc#realenergyintotheload#kwh,BUNDOORA,0.0,-0.0009109279,0.0009673884,0.0009387271,0.0
2025-06-05 00:00:00,solar.bun_tlc#realenergyintotheload#kwh,BUNDOORA,0.0,-0.005858497,0.0014579084,0.0014147143,0.0
2025-06-05 01:00:00,solar.bun_tlc#realenergyintotheload#kwh,BUNDOORA,0.0,-0.02417639,0.0014579084,0.0014147143,0.0
2025-06-05 02:00:00,solar.bun_tlc#realenergyintotheload#kwh,BUNDOORA,0.0,-0.023164345,0.0014579084,0.0014147143,0.0
2025-06-05 03:00:00,solar.bun_tlc#realenergyintotheload#kwh,BUNDOORA,0.0,-0.024065819,0.0014579084,0.0014147143,0.0
2025-06-05 04:00:00,solar.bun_tlc#realenergyintotheload#kwh,BUNDOORA,0.0,-0.029753007,0.0013946895,0.0013533684,0.0
2025-06-05 05:00:00,solar.bun_tlc#realenergyintotheload#kwh,BUNDOORA,0.0,-0.024065819,0.0009673884,0.0009387271,0.0
2025-06-05 06:00:00,solar.bun_tlc#realenergyintotheload#kwh,BUNDOORA,0.0,-0.021717872,0.0009673884,0.0009387271,0.0
2025-06-05 07:00:00,solar.bun_tlc#realenergyintotheload#kwh,BUNDOORA,0.0,0.34986427,0.0014579084,0.0014147143,0.0
2025-06-05 08:00:00,solar.bun_tlc#realenergyintotheload#kwh,BUNDOORA,0.21875,0.04599083,0.9126225,0.88558376,23.0
2025-06-05 09:00:00,solar.bun_tlc#realenergyintotheload#kwh,BUNDOORA,3.0,0.45746943,9.113573,8.84356,170.0
2025-06-05 10:00:00,solar.bun_tlc#realenergyintotheload#kwh,BUNDOORA,6.28125,9.373702,17.375755,16.860954,314.0
2025-06-05 11:00:00,solar.bun_tlc#realenergyintotheload#kwh,BUNDOORA,12.75,14.61633,22.46138,21.795906,422.0
2025-06-05 12:00:00,solar.bun_tlc#realenergyintotheload#kwh,BUNDOORA,21.03125,15.5744295,25.639938,24.880291,481.0
2025-06-05 13:00:00,solar.bun_tlc#realenergyintotheload#kwh,BUNDOORA,23.84375,19.826145,25.179308,24.433308,483.0
2025-06-05 14:00:00,solar.bun_tlc#realenergyintotheload#kwh,BUNDOORA,21.0625,14.204759,22.47117,21.805407,429.0
2025-06-05 15:00:00,solar.bun_tlc#realenergyintotheload#kwh,BUNDOORA,10.875,17.332832,15.901993,15.430857,303.0
2025-06-05 16:00:00,solar.bun_tlc#realenergyintotheload#kwh,BUNDOORA,6.03125,8.198755,9.044127,8.776173,179.0
2025-06-05 17:00:00,solar.bun_tlc#realenergyintotheload#kwh,BUNDOORA,2.03125,1.6349286,0.99935585,0.9697474,26.0
2025-06-05 18:00:00,solar.bun_tlc#realenergyintotheload#kwh,BUNDOORA,0.03125,-0.38086885,0.01300623,0.012620888,0.0
2025-06-05 19:00:00,solar.bun_tlc#realenergyintotheload#kwh,BUNDOORA,0.0,0.05927916,0.014467196,0.014038568,0.0
2025-06-05 20:00:00,solar.bun_tlc#realenergyintotheload#kwh,BUNDOORA,0.0,0.029978052,0.00815861,0.007916891,0.0
2025-06-05 21:00:00,solar.bun_tlc#realenergyintotheload#kwh,BUNDOORA,0.0,0.07728085,0.007727991,0.00749903,0.0
2025-06-05 22:00:00,solar.bun_tlc#realenergyintotheload#kwh,BUNDOORA,0.0,0.465269,0.0070795207,0.006869772,0.0
2025-06-05 23:00:00,solar.bun_tlc#realenergyintotheload#kwh,BUNDOORA,0.0,0.47093692,0.0032532879,0.003156901,0.0
2025-06-06 00:00:00,solar.bun_tlc#realenergyintotheload#kwh,BUNDOORA,0.0,0.019034106,-0.01887408,0.0,0.0
2025-06-06 01:00:00,solar.bun_tlc#realenergyintotheload#kwh,BUNDOORA,0.0,0.27010173,-0.02023656,0.0,0.0
2025-06-06 02:00:00,solar.bun_tlc#realenergyintotheload#kwh,BUNDOORA,0.0,0.29883274,-0.05700778,0.0,0.0
2025-06-06 03:00:00,solar.bun_tlc#realenergyintotheload#kwh,BUNDOORA,0.0,0.35790658,-0.055834766,0.0,0.0
2025-06-06 04:00:00,solar.bun_tlc#realenergyintotheload#kwh,BUNDOORA,0.0,0.29883274,-0.056175012,0.0,0.0
2025-06-06 05:00:00,solar.bun_tlc#realenergyintotheload#kwh,BUNDOORA,0.0,0.27019286,-0.027123285,0.0,0.0
2025-06-06 06:00:00,solar.bun_tlc#realenergyintotheload#kwh,BUNDOORA,0.0,0.15511492,-0.020690616,0.0,0.0
2025-06-06 07:00:00,solar.bun_tlc#realenergyintotheload#kwh,BUNDOORA,0.0,0.32017645,-0.007942029,0.0,0.0
2025-06-06 08:00:00,solar.bun_tlc#realenergyintotheload#kwh,BUNDOORA,0.03125,1.4862735,0.36097246,0.35027775,12.0
2025-06-06 09:00:00,solar.bun_tlc#realenergyintotheload#kwh,BUNDOORA,1.34375,5.4825563,3.6760929,3.5671794,74.0
2025-06-06 10:00:00,solar.bun_tlc#realenergyintotheload#kwh,BUNDOORA,3.25,9.887598,5.278261,5.1218796,112.0
2025-06-06 11:00:00,solar.bun_tlc#realenergyintotheload#kwh,BUNDOORA,3.125,9.9408865,7.4466805,7.226054,148.0
2025-06-06 12:00:00,solar.bun_tlc#realenergyintotheload#kwh,BUNDOORA,2.5,7.9348016,5.0829062,4.9323125,104.0
2025-06-06 13:00:00,solar.bun_tlc#realenergyintotheload#kwh,BUNDOORA,3.34375,9.943867,6.4587865,6.267429,136.0
2025-06-06 14:00:00,solar.bun_tlc#realenergyintotheload#kwh,BUNDOORA,3.375,10.044795,5.06778,4.9176345,104.0
2025-06-06 15:00:00,solar.bun_tlc#realenergyintotheload#kwh,BUNDOORA,4.125,7.9776716,3.9319036,3.815411,77.0
2025-06-06 16:00:00,solar.bun_tlc#realenergyintotheload#kwh,BUNDOORA,1.28125,2.1423283,2.1868374,2.122047,45.0
2025-06-06 17:00:00,solar.bun_tlc#realenergyintotheload#kwh,BUNDOORA,1.40625,1.2999215,0.6375247,0.6186364,17.0
2025-06-06 18:00:00,solar.bun_tlc#realenergyintotheload#kwh,BUNDOORA,0.03125,0.28035364,-0.031559616,0.0,0.0
2025-06-06 19:00:00,solar.bun_tlc#realenergyintotheload#kwh,BUNDOORA,0.0,0.3690263,-0.036303446,0.0,0.0
2025-06-06 20:00:00,solar.bun_tlc#realenergyintotheload#kwh,BUNDOORA,0.0,0.4930436,0.011896706,0.011544237,0.0
2025-06-06 21:00:00,solar.bun_tlc#realenergyintotheload#kwh,BUNDOORA,0.0,0.21474347,0.003901062,0.0037854833,0.0
2025-06-06 22:00:00,solar.bun_tlc#realenergyintotheload#kwh,BUNDOORA,0.0,-0.080970444,0.0065494208,0.006355378,0.0
2025-06-06 23:00:00,solar.bun_tlc#realenergyintotheload#kwh,BUNDOORA,0.0,0.28935686,-0.0015099637,0.0,0.0
2025-06-07 00:00:00,solar.bun_tlc#realenergyintotheload#kwh,BUNDOORA,0.0,0.1560714,0.0043623163,0.0042330716,0.0
2025-06-07 01:00:00,solar.bun_tlc#realenergyintotheload#kwh,BUNDOORA,0.0,0.35256872,0.0043623163,0.0042330716,0.0
2025-06-07 02:00:00,solar.bun_tlc#realenergyintotheload#kwh,BUNDOORA,0.0,0.34977475,0.0044699376,0.0043375045,0.0
2025-06-07 03:00:00,solar.bun_tlc#realenergyintotheload#kwh,BUNDOORA,0.0,0.07030056,-0.0028188196,0.0,0.0
2025-06-07 04:00:00,solar.bun_tlc#realenergyintotheload#kwh,BUNDOORA,0.0,-0.13287671,0.004418683,0.004287768,0.0
2025-06-07 05:00:00,solar.bun_tlc#realenergyintotheload#kwh,BUNDOORA,0.0,0.07030056,-0.0028188196,0.0,0.0
2025-06-07 06:00:00,solar.bun_tlc#realenergyintotheload#kwh,BUNDOORA,0.0,-0.0120036565,-0.0028188196,0.0,0.0
2025-06-07 07:00:00,solar.bun_tlc#realenergyintotheload#kwh,BUNDOORA,0.0,0.42803526,0.002925167,0.0028385017,0.0
2025-06-07 08:00:00,solar.bun_tlc#realenergyintotheload#kwh,BUNDOORA,0.15625,1.1625484,0.2351328,0.2281664,8.0
2025-06-07 09:00:00,solar.bun_tlc#realenergyintotheload#kwh,BUNDOORA,1.125,3.8155906,0.8549377,0.829608,21.0
2025-06-07 10:00:00,solar.bun_tlc#realenergyintotheload#kwh,BUNDOORA,2.0,3.2696764,2.422564,2.3507895,54.0
2025-06-07 11:00:00,solar.bun_tlc#realenergyintotheload#kwh,BUNDOORA,3.78125,4.4441395,7.164964,6.9526844,151.0
2025-06-07 12:00:00,solar.bun_tlc#realenergyintotheload#kwh,BUNDOORA,11.125,8.332617,12.982109,12.597482,256.0
2025-06-07 13:00:00,solar.bun_tlc#realenergyintotheload#kwh,BUNDOORA,16.03125,10.238375,14.152966,13.733648,273.0
2025-06-07 14:00:00,solar.bun_tlc#realenergyintotheload#kwh,BUNDOORA,10.3125,10.464428,8.761514,8.501932,182.0
2025-06-07 15:00:00,solar.bun_tlc#realenergyintotheload#kwh,BUNDOORA,9.21875,9.466662,8.860249,8.597741,183.0
2025-06-07 16:00:00,solar.bun_tlc#realenergyintotheload#kwh,BUNDOORA,2.5,5.029343,2.140314,2.076902,46.0
2025-06-07 17:00:00,solar.bun_tlc#realenergyintotheload#kwh,BUNDOORA,0.125,2.6514032,0.20722872,0.20108905,7.0
2025-06-07 18:00:00,solar.bun_tlc#realenergyintotheload#kwh,BUNDOORA,0.0,0.9613667,0.002109015,0.0020465301,0.0
2025-06-07 19:00:00,solar.bun_tlc#realenergyintotheload#kwh,BUNDOORA,0.0,0.015246121,0.0026694047,0.002590317,0.0
2025-06-07 20:00:00,solar.bun_tlc#realenergyintotheload#kwh,BUNDOORA,0.0,0.031653713,0.001557566,0.0015114192,0.0
2025-06-07 21:00:00,solar.bun_tlc#realenergyintotheload#kwh,BUNDOORA,0.0,0.06814384,0.001557566,0.0015114192,0.0
2025-06-07 22:00:00,solar.bun_tlc#realenergyintotheload#kwh,BUNDOORA,0.0,-0.0010271767,0.0007436888,0.00072165515,0.0
2025-06-07 23:00:00,solar.bun_tlc#realenergyintotheload#kwh,BUNDOORA,0.0,-0.0015604884,0.0006677051,0.0006479226,0.0
2025-06-08 00:00:00,solar.bun_tlc#realenergyintotheload#kwh,BUNDOORA,0.0,-0.0018593451,0.001525375,0.0014801819,0.0
2025-06-08 01:00:00,solar.bun_tlc#realenergyintotheload#kwh,BUNDOORA,0.0,-0.002911876,0.001525375,0.0014801819,0.0
2025-06-08 02:00:00,solar.bun_tlc#realenergyintotheload#kwh,BUNDOORA,0.0,-0.016789071,0.0019990054,0.00193978,0.0
2025-06-08 03:00:00,solar.bun_tlc#realenergyintotheload#kwh,BUNDOORA,0.0,0.014173955,0.0023392525,0.0022699463,0.0
2025-06-08 04:00:00,solar.bun_tlc#realenergyintotheload#kwh,BUNDOORA,0.0,-0.00815786,0.0011433868,0.0011095111,0.0
2025-06-08 05:00:00,solar.bun_tlc#realenergyintotheload#kwh,BUNDOORA,0.0,0.13989978,0.0010092646,0.0009793626,0.0
2025-06-08 06:00:00,solar.bun_tlc#realenergyintotheload#kwh,BUNDOORA,0.0,0.008913124,0.00092376705,0.00089639815,0.0
2025-06-08 07:00:00,solar.bun_tlc#realenergyintotheload#kwh,BUNDOORA,0.0,0.13892998,4.7989954e-05,4.656813e-05,0.0
2025-06-08 08:00:00,solar.bun_tlc#realenergyintotheload#kwh,BUNDOORA,0.0,0.27306414,0.34422764,0.33402905,10.0
2025-06-08 09:00:00,solar.bun_tlc#realenergyintotheload#kwh,BUNDOORA,0.90625,1.4661169,0.474711,0.4606465,12.0
2025-06-08 10:00:00,solar.bun_tlc#realenergyintotheload#kwh,BUNDOORA,1.34375,0.9588107,4.5560884,4.421103,95.0
2025-06-08 11:00:00,solar.bun_tlc#realenergyintotheload#kwh,BUNDOORA,3.40625,3.0663047,8.226735,7.9829974,169.0
2025-06-08 12:00:00,solar.bun_tlc#realenergyintotheload#kwh,BUNDOORA,3.75,2.9698675,3.7006443,3.5910034,80.0
2025-06-08 13:00:00,solar.bun_tlc#realenergyintotheload#kwh,BUNDOORA,8.65625,6.526175,6.111444,5.930377,129.0
2025-06-08 14:00:00,solar.bun_tlc#realenergyintotheload#kwh,BUNDOORA,4.75,5.0436325,4.189784,4.0656514,89.0
2025-06-08 15:00:00,solar.bun_tlc#realenergyintotheload#kwh,BUNDOORA,2.125,2.0108838,2.2442882,2.1777956,52.0
2025-06-08 16:00:00,solar.bun_tlc#realenergyintotheload#kwh,BUNDOORA,1.3125,0.85246444,2.0836687,2.0219347,48.0
2025-06-08 17:00:00,solar.bun_tlc#realenergyintotheload#kwh,BUNDOORA,0.15625,0.38023505,0.23803642,0.230984,8.0
2025-06-08 18:00:00,solar.bun_tlc#realenergyintotheload#kwh,BUNDOORA,0.0,0.09521341,0.0019990054,0.00193978,0.0
2025-06-08 19:00:00,solar.bun_tlc#realenergyintotheload#kwh,BUNDOORA,0.0,0.00066766934,0.0023392525,0.0022699463,0.0
2025-06-08 20:00:00,solar.bun_tlc#realenergyintotheload#kwh,BUNDOORA,0.0,-0.0016802748,0.0023392525,0.0022699463,0.0
2025-06-08 21:00:00,solar.bun_tlc#realenergyintotheload#kwh,BUNDOORA,0.0,-0.038053263,0.001525375,0.0014801819,0.0
2025-06-08 22:00:00,solar.bun_tlc#realenergyintotheload#kwh,BUNDOORA,0.0,-0.04446726,0.0012682043,0.0012306306,0.0
2025-06-08 23:00:00,solar.bun_tlc#realenergyintotheload#kwh,BUNDOORA,0.0,-0.042667627,0.001525375,0.0014801819,0.0
2025-06-09 00:00:00,solar.bun_tlc#realenergyintotheload#kwh,BUNDOORA,0.0,-0.04446726,0.0012682043,0.0012306306,0.0
2025-06-09 01:00:00,solar.bun_tlc#realenergyintotheload#kwh,BUNDOORA,0.0,-0.04628687,0.00048651735,0.00047210307,0.0
2025-06-09 02:00:00,solar.bun_tlc#realenergyintotheload#kwh,BUNDOORA,0.0,-0.019376822,0.00048651735,0.00047210307,0.0
2025-06-09 03:00:00,solar.bun_tlc#realenergyintotheload#kwh,BUNDOORA,0.0,-0.045522887,0.0014477915,0.0014048971,0.0
2025-06-09 04:00:00,solar.bun_tlc#realenergyintotheload#kwh,BUNDOORA,0.0,0.038756143,0.0013003948,0.0012618673,0.0
2025-06-09 05:00:00,solar.bun_tlc#realenergyintotheload#kwh,BUNDOORA,0.0,-0.10080187,0.00048651735,0.00047210307,0.0
2025-06-09 06:00:00,solar.bun_tlc#realenergyintotheload#kwh,BUNDOORA,0.0,-0.06009042,0.0007178234,0.00069655606,0.0
2025-06-09 07:00:00,solar.bun_tlc#realenergyintotheload#kwh,BUNDOORA,0.0,1.0342658,0.00048651735,0.00047210307,0.0
2025-06-09 08:00:00,solar.bun_tlc#realenergyintotheload#kwh,BUNDOORA,0.0,0.8324995,0.35114416,0.34074065,11.0
2025-06-09 09:00:00,solar.bun_tlc#realenergyintotheload#kwh,BUNDOORA,1.375,0.30366242,2.8170905,2.733627,67.0
2025-06-09 10:00:00,solar.bun_tlc#realenergyintotheload#kwh,BUNDOORA,2.71875,0.9290156,6.0610323,5.881459,129.0
2025-06-09 11:00:00,solar.bun_tlc#realenergyintotheload#kwh,BUNDOORA,4.125,3.2175937,5.7031355,5.534166,118.0
2025-06-09 12:00:00,solar.bun_tlc#realenergyintotheload#kwh,BUNDOORA,6.59375,7.8094163,10.976236,10.651038,225.0
2025-06-09 13:00:00,solar.bun_tlc#realenergyintotheload#kwh,BUNDOORA,17.15625,8.654263,13.939811,13.526809,286.0
2025-06-09 14:00:00,solar.bun_tlc#realenergyintotheload#kwh,BUNDOORA,11.71875,7.781965,14.235068,13.813319,274.0
2025-06-09 15:00:00,solar.bun_tlc#realenergyintotheload#kwh,BUNDOORA,4.875,6.2039495,10.796203,10.476338,252.0
2025-06-09 16:00:00,solar.bun_tlc#realenergyintotheload#kwh,BUNDOORA,3.1875,3.7161233,5.0108724,4.862413,105.0
2025-06-09 17:00:00,solar.bun_tlc#realenergyintotheload#kwh,BUNDOORA,0.8125,0.9844486,1.0995153,1.0669395,27.0
2025-06-09 18:00:00,solar.bun_tlc#realenergyintotheload#kwh,BUNDOORA,0.0,0.20782153,0.0004737526,0.00045971648,0.0
2025-06-09 19:00:00,solar.bun_tlc#realenergyintotheload#kwh,BUNDOORA,0.0,0.005946211,0.0013314232,0.0012919764,0.0
2025-06-09 20:00:00,solar.bun_tlc#realenergyintotheload#kwh,BUNDOORA,0.0,-0.025175707,0.0013314232,0.0012919764,0.0
2025-06-09 21:00:00,solar.bun_tlc#realenergyintotheload#kwh,BUNDOORA,0.0,-0.03443576,0.0013314232,0.0012919764,0.0
2025-06-09 22:00:00,solar.bun_tlc#realenergyintotheload#kwh,BUNDOORA,0.0,-0.043361302,0.0012682043,0.0012306306,0.0
2025-06-09 23:00:00,solar.bun_tlc#realenergyintotheload#kwh,BUNDOORA,0.0,-0.045153957,0.0012682043,0.0012306306,0.0
2025-06-10 00:00:00,solar.bun_tlc#realenergyintotheload#kwh,BUNDOORA,0.0,-0.045153957,0.0012682043,0.0012306306,0.0
2025-06-10 01:00:00,solar.bun_tlc#realenergyintotheload#kwh,BUNDOORA,0.0,-0.046080504,0.0012682043,0.0012306306,0.0
2025-06-10 02:00:00,solar.bun_tlc#realenergyintotheload#kwh,BUNDOORA,0.0,-0.013491786,0.0013314232,0.0012919764,0.0
2025-06-10 03:00:00,solar.bun_tlc#realenergyintotheload#kwh,BUNDOORA,0.0,-0.042386446,0.001525375,0.0014801819,0.0
2025-06-10 04:00:00,solar.bun_tlc#realenergyintotheload#kwh,BUNDOORA,0.0,-0.019459303,0.001525375,0.0014801819,0.0
2025-06-10 05:00:00,solar.bun_tlc#realenergyintotheload#kwh,BUNDOORA,0.0,-0.01647614,0.001525375,0.0014801819,0.0
2025-06-10 06:00:00,solar.bun_tlc#realenergyintotheload#kwh,BUNDOORA,0.0,-0.015180711,0.0015885938,0.0015415278,0.0
2025-06-10 07:00:00,solar.bun_tlc#realenergyintotheload#kwh,BUNDOORA,0.0,0.08114222,0.001525375,0.0014801819,0.0
2025-06-10 08:00:00,solar.bun_tlc#realenergyintotheload#kwh,BUNDOORA,0.15625,0.09346344,0.34580833,0.33556288,10.0
2025-06-10 09:00:00,solar.bun_tlc#realenergyintotheload#kwh,BUNDOORA,2.15625,0.060013693,7.322499,7.1055512,148.0
2025-06-10 10:00:00,solar.bun_tlc#realenergyintotheload#kwh,BUNDOORA,5.84375,1.4748333,14.880764,14.439884,294.0
2025-06-10 11:00:00,solar.bun_tlc#realenergyintotheload#kwh,BUNDOORA,11.4375,6.2686963,20.541737,19.933136,401.0
2025-06-10 12:00:00,solar.bun_tlc#realenergyintotheload#kwh,BUNDOORA,15.65625,11.101745,18.280993,17.739372,352.0
2025-06-10 13:00:00,solar.bun_tlc#realenergyintotheload#kwh,BUNDOORA,16.0,12.897678,21.924093,21.274538,407.0
2025-06-10 14:00:00,solar.bun_tlc#realenergyintotheload#kwh,BUNDOORA,16.78125,10.903804,14.8676405,14.42715,282.0
2025-06-10 15:00:00,solar.bun_tlc#realenergyintotheload#kwh,BUNDOORA,8.9375,12.175768,12.686,12.310145,255.0
2025-06-10 16:00:00,solar.bun_tlc#realenergyintotheload#kwh,BUNDOORA,4.90625,6.7506995,4.4144254,4.283637,92.0
2025-06-10 17:00:00,solar.bun_tlc#realenergyintotheload#kwh,BUNDOORA,0.84375,1.0531108,0.8983886,0.87177163,23.0
2025-06-10 18:00:00,solar.bun_tlc#realenergyintotheload#kwh,BUNDOORA,0.0,0.091249876,0.001525375,0.0014801819,0.0
2025-06-10 19:00:00,solar.bun_tlc#realenergyintotheload#kwh,BUNDOORA,0.0,-0.015180711,0.001525375,0.0014801819,0.0
2025-06-10 20:00:00,solar.bun_tlc#realenergyintotheload#kwh,BUNDOORA,0.0,0.004551584,0.001525375,0.0014801819,0.0
2025-06-10 21:00:00,solar.bun_tlc#realenergyintotheload#kwh,BUNDOORA,0.0,-0.012853494,0.0008296767,0.0008050954,0.0
2025-06-10 22:00:00,solar.bun_tlc#realenergyintotheload#kwh,BUNDOORA,0.0,-0.012910387,0.0008296767,0.0008050954,0.0
2025-06-10 23:00:00,solar.bun_tlc#realenergyintotheload#kwh,BUNDOORA,0.0,-0.0036326656,0.00089289556,0.0008664413,0.0
2025-06-11 00:00:00,solar.bun_tlc#realenergyintotheload#kwh,BUNDOORA,0.0,-0.029342048,0.0008296767,0.0008050954,0.0
2025-06-11 01:00:00,solar.bun_tlc#realenergyintotheload#kwh,BUNDOORA,0.0,-0.030394563,0.0008296767,0.0008050954,0.0
2025-06-11 02:00:00,solar.bun_tlc#realenergyintotheload#kwh,BUNDOORA,0.0,-0.02470738,0.00040237568,0.00039045428,0.0
2025-06-11 03:00:00,solar.bun_tlc#realenergyintotheload#kwh,BUNDOORA,0.0,-0.02470738,0.00040237568,0.00039045428,0.0
2025-06-11 04:00:00,solar.bun_tlc#realenergyintotheload#kwh,BUNDOORA,0.0,-0.02195189,0.00040237568,0.00039045428,0.0
2025-06-11 05:00:00,solar.bun_tlc#realenergyintotheload#kwh,BUNDOORA,0.0,-0.02195189,0.00040237568,0.00039045428,0.0
2025-06-11 06:00:00,solar.bun_tlc#realenergyintotheload#kwh,BUNDOORA,0.0,-0.019603943,0.00040237568,0.00039045428,0.0
2025-06-11 07:00:00,solar.bun_tlc#realenergyintotheload#kwh,BUNDOORA,0.0,0.046564925,0.00040237568,0.00039045428,0.0
2025-06-11 08:00:00,solar.bun_tlc#realenergyintotheload#kwh,BUNDOORA,0.125,0.1331522,0.5466027,0.53040826,16.0
2025-06-11 09:00:00,solar.bun_tlc#realenergyintotheload#kwh,BUNDOORA,2.40625,0.26818845,7.148964,6.937158,152.0
2025-06-11 10:00:00,solar.bun_tlc#realenergyintotheload#kwh,BUNDOORA,5.96875,2.7799191,15.111165,14.663459,295.0
2025-06-11 11:00:00,solar.bun_tlc#realenergyintotheload#kwh,BUNDOORA,10.75,7.855784,21.337057,20.704893,403.0
2025-06-11 12:00:00,solar.bun_tlc#realenergyintotheload#kwh,BUNDOORA,13.6875,13.796692,19.27613,18.705027,360.0
2025-06-11 13:00:00,solar.bun_tlc#realenergyintotheload#kwh,BUNDOORA,17.9375,17.75121,19.293365,18.721752,363.0
2025-06-11 14:00:00,solar.bun_tlc#realenergyintotheload#kwh,BUNDOORA,10.5625,14.09903,11.180203,10.848962,223.0
2025-06-11 15:00:00,solar.bun_tlc#realenergyintotheload#kwh,BUNDOORA,10.8125,6.9610367,5.7553864,5.5848684,120.0
2025-06-11 16:00:00,solar.bun_tlc#realenergyintotheload#kwh,BUNDOORA,3.6875,8.103065,7.025453,6.8173065,141.0
2025-06-11 17:00:00,solar.bun_tlc#realenergyintotheload#kwh,BUNDOORA,0.90625,1.2136078,0.7257499,0.7042478,20.0
2025-06-11 18:00:00,solar.bun_tlc#realenergyintotheload#kwh,BUNDOORA,0.0,0.15688087,0.0021536069,0.0020898008,0.0
2025-06-11 19:00:00,solar.bun_tlc#realenergyintotheload#kwh,BUNDOORA,0.0,0.032840196,0.0021536069,0.0020898008,0.0
2025-06-11 20:00:00,solar.bun_tlc#realenergyintotheload#kwh,BUNDOORA,0.0,0.0017064009,0.0008296767,0.0008050954,0.0
2025-06-11 21:00:00,solar.bun_tlc#realenergyintotheload#kwh,BUNDOORA,0.0,-0.011841476,0.00089289556,0.0008664413,0.0
2025-06-11 22:00:00,solar.bun_tlc#realenergyintotheload#kwh,BUNDOORA,0.0,-0.011841476,0.00040237568,0.00039045428,0.0
2025-06-11 23:00:00,solar.bun_tlc#realenergyintotheload#kwh,BUNDOORA,0.0,-0.022969045,0.00089289556,0.0008664413,0.0
2025-06-12 00:00:00,solar.bun_tlc#realenergyintotheload#kwh,BUNDOORA,0.0,-0.02195189,0.00040237568,0.00039045428,0.0
2025-06-12 01:00:00,solar.bun_tlc#realenergyintotheload#kwh,BUNDOORA,0.0,-0.018361352,0.00089289556,0.0008664413,0.0
2025-06-12 02:00:00,solar.bun_tlc#realenergyintotheload#kwh,BUNDOORA,0.0,-0.02195189,0.00040237568,0.00039045428,0.0
2025-06-12 03:00:00,solar.bun_tlc#realenergyintotheload#kwh,BUNDOORA,0.0,-0.02195189,0.00040237568,0.00039045428,0.0
2025-06-12 04:00:00,solar.bun_tlc#realenergyintotheload#kwh,BUNDOORA,0.0,-0.02195189,0.00040237568,0.00039045428,0.0
2025-06-12 05:00:00,solar.bun_tlc#realenergyintotheload#kwh,BUNDOORA,0.0,-0.019393522,0.00040237568,0.00039045428,0.0
2025-06-12 06:00:00,solar.bun_tlc#realenergyintotheload#kwh,BUNDOORA,0.0,-0.019603943,0.00040237568,0.00039045428,0.0
2025-06-12 07:00:00,solar.bun_tlc#realenergyintotheload#kwh,BUNDOORA,0.0,0.046564925,0.00040237568,0.00039045428,0.0
2025-06-12 08:00:00,solar.bun_tlc#realenergyintotheload#kwh,BUNDOORA,0.21875,0.14961754,0.54832023,0.53207487,15.0
2025-06-12 09:00:00,solar.bun_tlc#realenergyintotheload#kwh,BUNDOORA,2.625,0.26818845,7.132624,6.9213023,149.0
2025-06-12 10:00:00,solar.bun_tlc#realenergyintotheload#kwh,BUNDOORA,5.5625,6.5506215,16.269066,15.787054,295.0
2025-06-12 11:00:00,solar.bun_tlc#realenergyintotheload#kwh,BUNDOORA,10.46875,14.616645,21.77354,21.128445,403.0
2025-06-12 12:00:00,solar.bun_tlc#realenergyintotheload#kwh,BUNDOORA,19.34375,19.678743,24.325655,23.604946,462.0
2025-06-12 13:00:00,solar.bun_tlc#realenergyintotheload#kwh,BUNDOORA,21.875,19.918997,23.80728,23.101929,464.0
2025-06-12 14:00:00,solar.bun_tlc#realenergyintotheload#kwh,BUNDOORA,15.34375,13.234929,14.543515,14.112627,278.0
2025-06-12 15:00:00,solar.bun_tlc#realenergyintotheload#kwh,BUNDOORA,7.84375,7.0606756,9.133563,8.862958,184.0
2025-06-12 16:00:00,solar.bun_tlc#realenergyintotheload#kwh,BUNDOORA,4.6875,7.373575,5.523222,5.359583,110.0
2025-06-12 17:00:00,solar.bun_tlc#realenergyintotheload#kwh,BUNDOORA,0.90625,2.3951936,0.70956576,0.6885431,20.0
2025-06-12 18:00:00,solar.bun_tlc#realenergyintotheload#kwh,BUNDOORA,0.0,0.52871263,0.00089289556,0.0008664413,0.0
2025-06-12 19:00:00,solar.bun_tlc#realenergyintotheload#kwh,BUNDOORA,0.0,0.0063152113,0.0014579084,0.0014147143,0.0
2025-06-12 20:00:00,solar.bun_tlc#realenergyintotheload#kwh,BUNDOORA,0.0,0.003967265,0.0014579084,0.0014147143,0.0
2025-06-12 21:00:00,solar.bun_tlc#realenergyintotheload#kwh,BUNDOORA,0.0,-0.008315782,0.0009673884,0.0009387271,0.0
2025-06-12 22:00:00,solar.bun_tlc#realenergyintotheload#kwh,BUNDOORA,0.0,-0.009449036,0.0009673884,0.0009387271,0.0
2025-06-12 23:00:00,solar.bun_tlc#realenergyintotheload#kwh,BUNDOORA,0.0,-0.009449036,0.0009673884,0.0009387271,0.0
2025-06-13 00:00:00,solar.bun_tlc#realenergyintotheload#kwh,BUNDOORA,0.0,-0.009449036,0.0009673884,0.0009387271,0.0
2025-06-13 01:00:00,solar.bun_tlc#realenergyintotheload#kwh,BUNDOORA,0.0,-0.024065819,0.0009673884,0.0009387271,0.0
2025-06-13 02:00:00,solar.bun_tlc#realenergyintotheload#kwh,BUNDOORA,0.0,-0.024065819,0.0009673884,0.0009387271,0.0
2025-06-13 03:00:00,solar.bun_tlc#realenergyintotheload#kwh,BUNDOORA,0.0,-0.024065819,0.0009673884,0.0009387271,0.0
2025-06-13 04:00:00,solar.bun_tlc#realenergyintotheload#kwh,BUNDOORA,0.0,-0.024065819,0.0009673884,0.0009387271,0.0
2025-06-13 05:00:00,solar.bun_tlc#realenergyintotheload#kwh,BUNDOORA,0.0,-0.024065819,0.0014579084,0.0014147143,0.0
2025-06-13 06:00:00,solar.bun_tlc#realenergyintotheload#kwh,BUNDOORA,0.0,-0.021717872,0.0014579084,0.0014147143,0.0
2025-06-13 07:00:00,solar.bun_tlc#realenergyintotheload#kwh,BUNDOORA,0.0,0.04535248,0.0014579084,0.0014147143,0.0
2025-06-13 08:00:00,solar.bun_tlc#realenergyintotheload#kwh,BUNDOORA,0.15625,0.069308564,0.5659111,0.54914457,15.0
2025-06-13 09:00:00,solar.bun_tlc#realenergyintotheload#kwh,BUNDOORA,2.34375,0.3671934,7.4254675,7.2054696,151.0
2025-06-13 10:00:00,solar.bun_tlc#realenergyintotheload#kwh,BUNDOORA,5.46875,5.5552864,15.808155,15.339799,295.0
2025-06-13 11:00:00,solar.bun_tlc#realenergyintotheload#kwh,BUNDOORA,10.0625,17.289146,21.602407,20.962381,402.0
2025-06-13 12:00:00,solar.bun_tlc#realenergyintotheload#kwh,BUNDOORA,20.15625,17.498713,24.09803,23.384066,462.0
2025-06-13 13:00:00,solar.bun_tlc#realenergyintotheload#kwh,BUNDOORA,22.46875,15.976549,25.06005,24.317583,466.0
2025-06-13 14:00:00,solar.bun_tlc#realenergyintotheload#kwh,BUNDOORA,19.09375,15.332938,22.024206,21.371683,415.0
2025-06-13 15:00:00,solar.bun_tlc#realenergyintotheload#kwh,BUNDOORA,10.96875,13.877544,16.800426,16.302671,313.0
2025-06-13 16:00:00,solar.bun_tlc#realenergyintotheload#kwh,BUNDOORA,5.875,7.518669,9.080921,8.811876,171.0
2025-06-13 17:00:00,solar.bun_tlc#realenergyintotheload#kwh,BUNDOORA,1.1875,2.265642,1.2070423,1.1712807,29.0
2025-06-13 18:00:00,solar.bun_tlc#realenergyintotheload#kwh,BUNDOORA,0.0,0.9127098,0.012183854,0.011822877,0.0
2025-06-13 19:00:00,solar.bun_tlc#realenergyintotheload#kwh,BUNDOORA,0.0,0.061208416,0.007944629,0.007709249,0.0
2025-06-13 20:00:00,solar.bun_tlc#realenergyintotheload#kwh,BUNDOORA,0.0,0.056182843,0.007944629,0.007709249,0.0
2025-06-13 21:00:00,solar.bun_tlc#realenergyintotheload#kwh,BUNDOORA,0.0,0.02278859,0.00040237568,0.00039045428,0.0
2025-06-13 22:00:00,solar.bun_tlc#realenergyintotheload#kwh,BUNDOORA,0.0,-0.0015524897,0.00040237568,0.00039045428,0.0
2025-06-13 23:00:00,solar.bun_tlc#realenergyintotheload#kwh,BUNDOORA,0.0,-0.024065819,0.00040237568,0.00039045428,0.0
2025-06-14 00:00:00,solar.bun_tlc#realenergyintotheload#kwh,BUNDOORA,0.0,-0.02470738,0.00040237568,0.00039045428,0.0
2025-06-14 01:00:00,solar.bun_tlc#realenergyintotheload#kwh,BUNDOORA,0.0,-0.02195189,0.00040237568,0.00039045428,0.0
2025-06-14 02:00:00,solar.bun_tlc#realenergyintotheload#kwh,BUNDOORA,0.0,-0.08642812,0.0015043805,0.0014598095,0.0
2025-06-14 03:00:00,solar.bun_tlc#realenergyintotheload#kwh,BUNDOORA,0.0,-0.09120257,0.0009059498,0.0008791088,0.0
2025-06-14 04:00:00,solar.bun_tlc#realenergyintotheload#kwh,BUNDOORA,0.0,-0.10567686,0.0009059498,0.0008791088,0.0
2025-06-14 05:00:00,solar.bun_tlc#realenergyintotheload#kwh,BUNDOORA,0.0,-0.08864865,0.0009059498,0.0008791088,0.0
2025-06-14 06:00:00,solar.bun_tlc#realenergyintotheload#kwh,BUNDOORA,0.0,0.060217604,0.0009059498,0.0008791088,0.0
2025-06-14 07:00:00,solar.bun_tlc#realenergyintotheload#kwh,BUNDOORA,0.0,0.12382814,0.0009059498,0.0008791088,0.0
2025-06-14 08:00:00,solar.bun_tlc#realenergyintotheload#kwh,BUNDOORA,0.1875,0.086061016,0.5658686,0.5491033,15.0
2025-06-14 09:00:00,solar.bun_tlc#realenergyintotheload#kwh,BUNDOORA,2.6875,0.1528261,7.172712,6.960202,153.0
2025-06-14 10:00:00,solar.bun_tlc#realenergyintotheload#kwh,BUNDOORA,6.1875,3.8103018,15.444801,14.98721,296.0
2025-06-14 11:00:00,solar.bun_tlc#realenergyintotheload#kwh,BUNDOORA,11.75,10.430393,21.843876,21.196697,404.0
2025-06-14 12:00:00,solar.bun_tlc#realenergyintotheload#kwh,BUNDOORA,20.375,16.473957,23.709703,23.007244,453.0
2025-06-14 13:00:00,solar.bun_tlc#realenergyintotheload#kwh,BUNDOORA,19.4375,16.94114,23.989576,23.278826,465.0
2025-06-14 14:00:00,solar.bun_tlc#realenergyintotheload#kwh,BUNDOORA,12.4375,19.620478,17.635942,17.113434,339.0
2025-06-14 15:00:00,solar.bun_tlc#realenergyintotheload#kwh,BUNDOORA,8.96875,11.687718,9.941865,9.647312,228.0
2025-06-14 16:00:00,solar.bun_tlc#realenergyintotheload#kwh,BUNDOORA,7.9375,5.5398216,4.7466927,4.60606,94.0
2025-06-14 17:00:00,solar.bun_tlc#realenergyintotheload#kwh,BUNDOORA,2.8125,3.3995807,0.4178132,0.40543446,12.0
2025-06-14 18:00:00,solar.bun_tlc#realenergyintotheload#kwh,BUNDOORA,0.0,1.1719127,0.0017099371,0.001659276,0.0
2025-06-14 19:00:00,solar.bun_tlc#realenergyintotheload#kwh,BUNDOORA,0.0,0.10691778,0.0008960595,0.0008695115,0.0
2025-06-14 20:00:00,solar.bun_tlc#realenergyintotheload#kwh,BUNDOORA,0.0,0.021042692,-0.002609109,0.0,0.0
2025-06-14 21:00:00,solar.bun_tlc#realenergyintotheload#kwh,BUNDOORA,0.0,0.074024044,0.0011584884,0.0011241654,0.0
2025-06-14 22:00:00,solar.bun_tlc#realenergyintotheload#kwh,BUNDOORA,0.0,0.07088653,0.0011584884,0.0011241654,0.0
2025-06-14 23:00:00,solar.bun_tlc#realenergyintotheload#kwh,BUNDOORA,0.0,0.15677544,0.0013058851,0.001267195,0.0
2025-06-15 00:00:00,solar.bun_tlc#realenergyintotheload#kwh,BUNDOORA,0.0,0.0771449,0.0011584884,0.0011241654,0.0
2025-06-15 01:00:00,solar.bun_tlc#realenergyintotheload#kwh,BUNDOORA,0.0,0.07399028,0.0015606347,0.001514397,0.0
2025-06-15 02:00:00,solar.bun_tlc#realenergyintotheload#kwh,BUNDOORA,0.0,0.10614877,0.0018573339,0.0018023058,0.0
2025-06-15 03:00:00,solar.bun_tlc#realenergyintotheload#kwh,BUNDOORA,0.0,0.060649615,-0.0051558753,0.0,0.0
2025-06-15 04:00:00,solar.bun_tlc#realenergyintotheload#kwh,BUNDOORA,0.0,0.066340014,0.0011584884,0.0011241654,0.0
2025-06-15 05:00:00,solar.bun_tlc#realenergyintotheload#kwh,BUNDOORA,0.0,-0.008575531,4.7989954e-05,4.656813e-05,0.0
2025-06-15 06:00:00,solar.bun_tlc#realenergyintotheload#kwh,BUNDOORA,0.0,-0.041538905,-0.0027286946,0.0,0.0
2025-06-15 07:00:00,solar.bun_tlc#realenergyintotheload#kwh,BUNDOORA,0.0,0.39467612,4.7989954e-05,4.656813e-05,0.0
2025-06-15 08:00:00,solar.bun_tlc#realenergyintotheload#kwh,BUNDOORA,0.09375,0.50406283,0.1971198,0.19127963,7.0
2025-06-15 09:00:00,solar.bun_tlc#realenergyintotheload#kwh,BUNDOORA,2.25,1.0948218,3.8759058,3.7610724,84.0
2025-06-15 10:00:00,solar.bun_tlc#realenergyintotheload#kwh,BUNDOORA,4.5,5.4532413,11.947402,11.5934305,250.0
2025-06-15 11:00:00,solar.bun_tlc#realenergyintotheload#kwh,BUNDOORA,9.1875,7.505213,14.711061,14.275208,282.0
2025-06-15 12:00:00,solar.bun_tlc#realenergyintotheload#kwh,BUNDOORA,14.59375,10.817074,23.275354,22.585764,441.0
2025-06-15 13:00:00,solar.bun_tlc#realenergyintotheload#kwh,BUNDOORA,6.5625,8.948061,5.1667995,5.01372,111.0
2025-06-15 14:00:00,solar.bun_tlc#realenergyintotheload#kwh,BUNDOORA,3.25,8.425292,4.465953,4.3336377,94.0
2025-06-15 15:00:00,solar.bun_tlc#realenergyintotheload#kwh,BUNDOORA,4.09375,7.448498,5.567859,5.4028974,115.0
2025-06-15 16:00:00,solar.bun_tlc#realenergyintotheload#kwh,BUNDOORA,3.40625,6.6093993,3.4326205,3.3309205,78.0
2025-06-15 17:00:00,solar.bun_tlc#realenergyintotheload#kwh,BUNDOORA,1.03125,1.7357986,0.70080864,0.6800454,20.0
2025-06-15 18:00:00,solar.bun_tlc#realenergyintotheload#kwh,BUNDOORA,0.0,0.7620682,0.001557566,0.0015114192,0.0
2025-06-15 19:00:00,solar.bun_tlc#realenergyintotheload#kwh,BUNDOORA,0.0,0.019004883,0.0012173192,0.001181253,0.0
2025-06-15 20:00:00,solar.bun_tlc#realenergyintotheload#kwh,BUNDOORA,0.0,0.05830203,0.0007436888,0.00072165515,0.0
2025-06-15 21:00:00,solar.bun_tlc#realenergyintotheload#kwh,BUNDOORA,0.0,0.060021352,0.0010382137,0.001007454,0.0
2025-06-15 22:00:00,solar.bun_tlc#realenergyintotheload#kwh,BUNDOORA,0.0,-0.116028264,0.0010382137,0.001007454,0.0
2025-06-15 23:00:00,solar.bun_tlc#realenergyintotheload#kwh,BUNDOORA,0.0,-0.109756835,0.0010945802,0.0010621505,0.0
2025-06-16 00:00:00,solar.bun_tlc#realenergyintotheload#kwh,BUNDOORA,0.0,-0.11390329,0.0012951375,0.0012567658,0.0
2025-06-16 01:00:00,solar.bun_tlc#realenergyintotheload#kwh,BUNDOORA,0.0,0.13594487,0.0016948355,0.0016446217,0.0
2025-06-16 02:00:00,solar.bun_tlc#realenergyintotheload#kwh,BUNDOORA,0.0,0.1298052,0.0016334591,0.0015850638,0.0
2025-06-16 03:00:00,solar.bun_tlc#realenergyintotheload#kwh,BUNDOORA,0.0,-0.17500807,-0.0006506451,0.0,0.0
2025-06-16 04:00:00,solar.bun_tlc#realenergyintotheload#kwh,BUNDOORA,0.0,-0.14303172,0.005326749,0.0051689306,0.0
2025-06-16 05:00:00,solar.bun_tlc#realenergyintotheload#kwh,BUNDOORA,0.0,-0.18738367,0.0022675036,0.0022003232,0.0
2025-06-16 06:00:00,solar.bun_tlc#realenergyintotheload#kwh,BUNDOORA,0.0,-0.14303172,0.005326749,0.0051689306,0.0
2025-06-16 07:00:00,solar.bun_tlc#realenergyintotheload#kwh,BUNDOORA,0.0,0.22191468,0.0012134996,0.0011775466,0.0
2025-06-16 08:00:00,solar.bun_tlc#realenergyintotheload#kwh,BUNDOORA,0.0,0.073993124,0.089405805,0.08675694,4.0
2025-06-16 09:00:00,solar.bun_tlc#realenergyintotheload#kwh,BUNDOORA,1.03125,1.4171568,2.100794,2.0385528,48.0
2025-06-16 10:00:00,solar.bun_tlc#realenergyintotheload#kwh,BUNDOORA,4.0,4.4469223,5.5636563,5.398819,123.0
2025-06-16 11:00:00,solar.bun_tlc#realenergyintotheload#kwh,BUNDOORA,6.375,11.652392,9.406155,9.127474,196.0
2025-06-16 12:00:00,solar.bun_tlc#realenergyintotheload#kwh,BUNDOORA,10.0625,12.868007,14.251993,13.829742,283.0
2025-06-16 13:00:00,solar.bun_tlc#realenergyintotheload#kwh,BUNDOORA,19.09375,18.945372,23.372902,22.680422,452.0
2025-06-16 14:00:00,solar.bun_tlc#realenergyintotheload#kwh,BUNDOORA,16.8125,19.693068,20.887987,20.269129,396.0
2025-06-16 15:00:00,solar.bun_tlc#realenergyintotheload#kwh,BUNDOORA,14.375,17.879314,11.661158,11.315666,251.0
2025-06-16 16:00:00,solar.bun_tlc#realenergyintotheload#kwh,BUNDOORA,1.875,3.5173497,1.4446238,1.4018233,33.0
2025-06-16 17:00:00,solar.bun_tlc#realenergyintotheload#kwh,BUNDOORA,0.4375,2.9578238,0.62684286,0.60827106,17.0
2025-06-16 18:00:00,solar.bun_tlc#realenergyintotheload#kwh,BUNDOORA,0.0,0.38663325,0.001549282,0.0015033806,0.0
2025-06-16 19:00:00,solar.bun_tlc#realenergyintotheload#kwh,BUNDOORA,0.0,0.16675824,-0.0045645707,0.0,0.0
2025-06-16 20:00:00,solar.bun_tlc#realenergyintotheload#kwh,BUNDOORA,0.0,0.014783995,0.00573495,0.0055650375,0.0
2025-06-16 21:00:00,solar.bun_tlc#realenergyintotheload#kwh,BUNDOORA,0.0,0.19281252,0.0026694047,0.002590317,0.0
2025-06-16 22:00:00,solar.bun_tlc#realenergyintotheload#kwh,BUNDOORA,0.0,0.034154244,0.0019737063,0.0019152303,0.0
2025-06-16 23:00:00,solar.bun_tlc#realenergyintotheload#kwh,BUNDOORA,0.0,-0.9369029,0.0054827384,0.0053202985,0.0
2025-06-17 00:00:00,solar.bun_tlc#realenergyintotheload#kwh,BUNDOORA,0.0,-0.23060213,0.0027881332,0.0027055277,0.0
2025-06-17 01:00:00,solar.bun_tlc#realenergyintotheload#kwh,BUNDOORA,0.0,-0.4481388,0.0027881332,0.0027055277,0.0
2025-06-17 02:00:00,solar.bun_tlc#realenergyintotheload#kwh,BUNDOORA,0.0,-0.16837034,0.0027881332,0.0027055277,0.0
2025-06-17 03:00:00,solar.bun_tlc#realenergyintotheload#kwh,BUNDOORA,0.0,-0.22931431,-0.0029319704,0.0,0.0
2025-06-17 04:00:00,solar.bun_tlc#realenergyintotheload#kwh,BUNDOORA,0.0,-0.21368018,-0.0028756037,0.0,0.0
2025-06-17 05:00:00,solar.bun_tlc#realenergyintotheload#kwh,BUNDOORA,0.0,-0.22298923,-0.0029319704,0.0,0.0
2025-06-17 06:00:00,solar.bun_tlc#realenergyintotheload#kwh,BUNDOORA,0.0,-0.046432387,0.0024086006,0.00233724,0.0
2025-06-17 07:00:00,solar.bun_tlc#realenergyintotheload#kwh,BUNDOORA,0.0,0.5376772,-0.0006506451,0.0,0.0
2025-06-17 08:00:00,solar.bun_tlc#realenergyintotheload#kwh,BUNDOORA,0.0,0.3800988,0.23038068,0.22355507,8.0
2025-06-17 09:00:00,solar.bun_tlc#realenergyintotheload#kwh,BUNDOORA,1.90625,0.5176091,4.1390915,4.0164604,89.0
2025-06-17 10:00:00,solar.bun_tlc#realenergyintotheload#kwh,BUNDOORA,3.03125,2.1361654,8.800982,8.540232,189.0
2025-06-17 11:00:00,solar.bun_tlc#realenergyintotheload#kwh,BUNDOORA,9.71875,7.014484,20.884583,20.265825,398.0
2025-06-17 12:00:00,solar.bun_tlc#realenergyintotheload#kwh,BUNDOORA,16.8125,14.134243,20.379972,19.776165,389.0
2025-06-17 13:00:00,solar.bun_tlc#realenergyintotheload#kwh,BUNDOORA,15.78125,10.989692,14.7775345,14.339713,290.0
2025-06-17 14:00:00,solar.bun_tlc#realenergyintotheload#kwh,BUNDOORA,20.96875,16.624846,19.028664,18.464891,362.0
2025-06-17 15:00:00,solar.bun_tlc#realenergyintotheload#kwh,BUNDOORA,10.15625,10.940796,14.420297,13.993059,281.0
2025-06-17 16:00:00,solar.bun_tlc#realenergyintotheload#kwh,BUNDOORA,5.5625,6.2695146,4.924721,4.7788134,102.0
2025-06-17 17:00:00,solar.bun_tlc#realenergyintotheload#kwh,BUNDOORA,1.40625,2.469253,0.90337414,0.87660944,23.0
2025-06-17 18:00:00,solar.bun_tlc#realenergyintotheload#kwh,BUNDOORA,0.0,0.45852366,0.00033184592,0.00032201415,0.0
2025-06-17 19:00:00,solar.bun_tlc#realenergyintotheload#kwh,BUNDOORA,0.0,0.012977015,3.5225275e-05,3.4181638e-05,0.0
2025-06-17 20:00:00,solar.bun_tlc#realenergyintotheload#kwh,BUNDOORA,0.0,-0.06549377,0.0009059498,0.0008791088,0.0
2025-06-17 21:00:00,solar.bun_tlc#realenergyintotheload#kwh,BUNDOORA,0.0,-0.006932677,-2.7993621e-05,0.0,0.0
2025-06-17 22:00:00,solar.bun_tlc#realenergyintotheload#kwh,BUNDOORA,0.0,-0.006932677,-2.7993621e-05,0.0,0.0
2025-06-17 23:00:00,solar.bun_tlc#realenergyintotheload#kwh,BUNDOORA,0.0,-0.0020346628,3.5225275e-05,3.4181638e-05,0.0
2025-06-18 00:00:00,solar.bun_tlc#realenergyintotheload#kwh,BUNDOORA,0.0,-0.009093732,3.5225275e-05,3.4181638e-05,0.0
2025-06-18 01:00:00,solar.bun_tlc#realenergyintotheload#kwh,BUNDOORA,0.0,-0.032470286,-2.7993621e-05,0.0,0.0
2025-06-18 02:00:00,solar.bun_tlc#realenergyintotheload#kwh,BUNDOORA,0.0,-0.035675187,-2.7993621e-05,0.0,0.0
2025-06-18 03:00:00,solar.bun_tlc#realenergyintotheload#kwh,BUNDOORA,0.0,-0.013126707,3.5225275e-05,3.4181638e-05,0.0
2025-06-18 04:00:00,solar.bun_tlc#realenergyintotheload#kwh,BUNDOORA,0.0,-0.016744213,4.7989954e-05,4.656813e-05,0.0
2025-06-18 05:00:00,solar.bun_tlc#realenergyintotheload#kwh,BUNDOORA,0.0,0.0016168947,0.00063365593,0.0006148823,0.0
2025-06-18 06:00:00,solar.bun_tlc#realenergyintotheload#kwh,BUNDOORA,0.0,0.0016168947,0.00089289556,0.0008664413,0.0
2025-06-18 07:00:00,solar.bun_tlc#realenergyintotheload#kwh,BUNDOORA,0.0,0.0998521,0.00089289556,0.0008664413,0.0
2025-06-18 08:00:00,solar.bun_tlc#realenergyintotheload#kwh,BUNDOORA,0.125,0.24359345,0.41398785,0.40172243,12.0
2025-06-18 09:00:00,solar.bun_tlc#realenergyintotheload#kwh,BUNDOORA,2.40625,0.75355357,5.9072375,5.7322206,117.0
2025-06-18 10:00:00,solar.bun_tlc#realenergyintotheload#kwh,BUNDOORA,7.03125,5.598196,10.706643,10.389432,210.0
2025-06-18 11:00:00,solar.bun_tlc#realenergyintotheload#kwh,BUNDOORA,10.84375,11.380512,14.77954,14.34166,275.0
2025-06-18 12:00:00,solar.bun_tlc#realenergyintotheload#kwh,BUNDOORA,12.03125,13.1122265,10.593728,10.279862,236.0
2025-06-18 13:00:00,solar.bun_tlc#realenergyintotheload#kwh,BUNDOORA,6.1875,9.541608,7.5398474,7.3164606,151.0
2025-06-18 14:00:00,solar.bun_tlc#realenergyintotheload#kwh,BUNDOORA,5.8125,8.76773,8.418468,8.16905,174.0
2025-06-18 15:00:00,solar.bun_tlc#realenergyintotheload#kwh,BUNDOORA,5.21875,6.470276,4.3720827,4.242549,91.0
2025-06-18 16:00:00,solar.bun_tlc#realenergyintotheload#kwh,BUNDOORA,2.71875,5.0302706,3.164509,3.0707526,66.0
2025-06-18 17:00:00,solar.bun_tlc#realenergyintotheload#kwh,BUNDOORA,1.53125,1.0548553,0.7080305,0.6870533,19.0
2025-06-18 18:00:00,solar.bun_tlc#realenergyintotheload#kwh,BUNDOORA,0.0,0.43036819,0.013371537,0.012975372,0.0
2025-06-18 19:00:00,solar.bun_tlc#realenergyintotheload#kwh,BUNDOORA,0.0,0.041715648,0.0070621283,0.006852895,0.0
2025-06-18 20:00:00,solar.bun_tlc#realenergyintotheload#kwh,BUNDOORA,0.0,0.002793272,0.0008296767,0.0008050954,0.0
2025-06-18 21:00:00,solar.bun_tlc#realenergyintotheload#kwh,BUNDOORA,0.0,-0.0072396733,0.0008296767,0.0008050954,0.0
2025-06-18 22:00:00,solar.bun_tlc#realenergyintotheload#kwh,BUNDOORA,0.0,-0.0034316494,0.0008296767,0.0008050954,0.0
2025-06-18 23:00:00,solar.bun_tlc#realenergyintotheload#kwh,BUNDOORA,0.0,0.023965737,0.00097013556,0.00094139285,0.0
2025-06-19 00:00:00,solar.bun_tlc#realenergyintotheload#kwh,BUNDOORA,0.0,0.033871166,0.00086186785,0.00083633285,0.0
2025-06-19 01:00:00,solar.bun_tlc#realenergyintotheload#kwh,BUNDOORA,0.0,0.017752538,0.0004476883,0.0004344244,0.0
2025-06-19 02:00:00,solar.bun_tlc#realenergyintotheload#kwh,BUNDOORA,0.0,0.036887284,0.0010092646,0.0009793626,0.0
2025-06-19 03:00:00,solar.bun_tlc#realenergyintotheload#kwh,BUNDOORA,0.0,0.13411309,0.00086186785,0.00083633285,0.0
2025-06-19 04:00:00,solar.bun_tlc#realenergyintotheload#kwh,BUNDOORA,0.0,0.057713028,0.00086186785,0.00083633285,0.0
2025-06-19 05:00:00,solar.bun_tlc#realenergyintotheload#kwh,BUNDOORA,0.0,0.013483549,4.7989954e-05,4.656813e-05,0.0
2025-06-19 06:00:00,solar.bun_tlc#realenergyintotheload#kwh,BUNDOORA,0.0,0.075531855,0.0004476883,0.0004344244,0.0
2025-06-19 07:00:00,solar.bun_tlc#realenergyintotheload#kwh,BUNDOORA,0.0,0.543987,4.7989954e-05,4.656813e-05,0.0
2025-06-19 08:00:00,solar.bun_tlc#realenergyintotheload#kwh,BUNDOORA,0.0,0.9660643,0.13589673,0.13187045,5.0
2025-06-19 09:00:00,solar.bun_tlc#realenergyintotheload#kwh,BUNDOORA,1.53125,0.51302356,3.6043794,3.4975905,78.0
2025-06-19 10:00:00,solar.bun_tlc#realenergyintotheload#kwh,BUNDOORA,3.4375,5.5402837,7.8706756,7.637487,160.0
2025-06-19 11:00:00,solar.bun_tlc#realenergyintotheload#kwh,BUNDOORA,7.71875,12.571802,13.505404,13.105273,261.0
2025-06-19 12:00:00,solar.bun_tlc#realenergyintotheload#kwh,BUNDOORA,10.9375,15.222791,18.726797,18.171968,352.0
2025-06-19 13:00:00,solar.bun_tlc#realenergyintotheload#kwh,BUNDOORA,18.65625,18.870539,22.639051,21.968313,424.0
2025-06-19 14:00:00,solar.bun_tlc#realenergyintotheload#kwh,BUNDOORA,12.625,15.147301,14.302554,13.878805,272.0
2025-06-19 15:00:00,solar.bun_tlc#realenergyintotheload#kwh,BUNDOORA,11.5,9.688414,9.390628,9.112407,191.0
2025-06-19 16:00:00,solar.bun_tlc#realenergyintotheload#kwh,BUNDOORA,6.46875,6.7206755,7.9790673,7.7426677,147.0
2025-06-19 17:00:00,solar.bun_tlc#realenergyintotheload#kwh,BUNDOORA,2.0,3.686627,1.1176188,1.0845065,28.0
2025-06-19 18:00:00,solar.bun_tlc#realenergyintotheload#kwh,BUNDOORA,0.0,0.44493347,-0.002368855,0.0,0.0
2025-06-19 19:00:00,solar.bun_tlc#realenergyintotheload#kwh,BUNDOORA,0.0,-0.0054976055,-0.002368855,0.0,0.0
2025-06-19 20:00:00,solar.bun_tlc#realenergyintotheload#kwh,BUNDOORA,0.0,-0.076404065,0.0035242748,0.0034198593,0.0
2025-06-19 21:00:00,solar.bun_tlc#realenergyintotheload#kwh,BUNDOORA,0.0,-0.076404065,0.0035242748,0.0034198593,0.0
2025-06-19 22:00:00,solar.bun_tlc#realenergyintotheload#kwh,BUNDOORA,0.0,-0.065056026,-0.0026654757,0.0,0.0
2025-06-19 23:00:00,solar.bun_tlc#realenergyintotheload#kwh,BUNDOORA,0.0,-0.076404065,0.0035242748,0.0034198593,0.0
2025-06-20 00:00:00,solar.bun_tlc#realenergyintotheload#kwh,BUNDOORA,0.0,-0.076404065,0.0035242748,0.0034198593,0.0
2025-06-20 01:00:00,solar.bun_tlc#realenergyintotheload#kwh,BUNDOORA,0.0,-0.076404065,0.0035242748,0.0034198593,0.0
2025-06-20 02:00:00,solar.bun_tlc#realenergyintotheload#kwh,BUNDOORA,0.0,-0.085141525,0.0035242748,0.0034198593,0.0
2025-06-20 03:00:00,solar.bun_tlc#realenergyintotheload#kwh,BUNDOORA,0.0,-0.039627194,0.0035242748,0.0034198593,0.0
2025-06-20 04:00:00,solar.bun_tlc#realenergyintotheload#kwh,BUNDOORA,0.0,-0.0054111313,3.5225275e-05,3.4181638e-05,0.0
2025-06-20 05:00:00,solar.bun_tlc#realenergyintotheload#kwh,BUNDOORA,0.0,-0.1697829,0.0009059498,0.0008791088,0.0
2025-06-20 06:00:00,solar.bun_tlc#realenergyintotheload#kwh,BUNDOORA,0.0,-0.1697829,0.0009059498,0.0008791088,0.0
2025-06-20 07:00:00,solar.bun_tlc#realenergyintotheload#kwh,BUNDOORA,0.0,0.025567584,0.0009059498,0.0008791088,0.0
2025-06-20 08:00:00,solar.bun_tlc#realenergyintotheload#kwh,BUNDOORA,0.125,-0.08189389,0.337686,0.3276812,11.0
2025-06-20 09:00:00,solar.bun_tlc#realenergyintotheload#kwh,BUNDOORA,2.21875,0.7708105,7.1472106,6.9354568,142.0
2025-06-20 10:00:00,solar.bun_tlc#realenergyintotheload#kwh,BUNDOORA,5.1875,6.6911187,14.557883,14.12657,280.0
2025-06-20 11:00:00,solar.bun_tlc#realenergyintotheload#kwh,BUNDOORA,9.28125,15.462602,20.480377,19.873594,387.0
2025-06-20 12:00:00,solar.bun_tlc#realenergyintotheload#kwh,BUNDOORA,18.90625,19.86045,23.943756,23.234362,447.0
2025-06-20 13:00:00,solar.bun_tlc#realenergyintotheload#kwh,BUNDOORA,21.3125,12.906885,23.39354,22.700447,452.0
2025-06-20 14:00:00,solar.bun_tlc#realenergyintotheload#kwh,BUNDOORA,18.4375,14.78112,21.310518,20.67914,403.0
2025-06-20 15:00:00,solar.bun_tlc#realenergyintotheload#kwh,BUNDOORA,10.71875,14.437268,15.7174225,15.251755,305.0
2025-06-20 16:00:00,solar.bun_tlc#realenergyintotheload#kwh,BUNDOORA,5.8125,12.520372,8.173797,7.9316273,164.0
2025-06-20 17:00:00,solar.bun_tlc#realenergyintotheload#kwh,BUNDOORA,1.34375,2.6706402,1.1196958,1.086522,28.0
2025-06-20 18:00:00,solar.bun_tlc#realenergyintotheload#kwh,BUNDOORA,0.0,0.38089308,0.00089289556,0.0008664413,0.0
2025-06-20 19:00:00,solar.bun_tlc#realenergyintotheload#kwh,BUNDOORA,0.0,0.011588711,0.00089289556,0.0008664413,0.0
2025-06-20 20:00:00,solar.bun_tlc#realenergyintotheload#kwh,BUNDOORA,0.0,-0.0037691267,0.00089289556,0.0008664413,0.0
2025-06-20 21:00:00,solar.bun_tlc#realenergyintotheload#kwh,BUNDOORA,0.0,-0.07181135,0.0015043805,0.0014598095,0.0
2025-06-20 22:00:00,solar.bun_tlc#realenergyintotheload#kwh,BUNDOORA,0.0,-0.012220126,3.5225275e-05,3.4181638e-05,0.0
2025-06-20 23:00:00,solar.bun_tlc#realenergyintotheload#kwh,BUNDOORA,0.0,-0.0765858,0.0009059498,0.0008791088,0.0
2025-06-21 00:00:00,solar.bun_tlc#realenergyintotheload#kwh,BUNDOORA,0.0,-0.013126707,3.5225275e-05,3.4181638e-05,0.0
2025-06-21 01:00:00,solar.bun_tlc#realenergyintotheload#kwh,BUNDOORA,0.0,-0.0031575589,3.5225275e-05,3.4181638e-05,0.0
2025-06-21 02:00:00,solar.bun_tlc#realenergyintotheload#kwh,BUNDOORA,0.0,-0.09106008,0.0009059498,0.0008791088,0.0
2025-06-21 03:00:00,solar.bun_tlc#realenergyintotheload#kwh,BUNDOORA,0.0,-0.017631829,3.5225275e-05,3.4181638e-05,0.0
2025-06-21 04:00:00,solar.bun_tlc#realenergyintotheload#kwh,BUNDOORA,0.0,-0.0006036246,3.5225275e-05,3.4181638e-05,0.0
2025-06-21 05:00:00,solar.bun_tlc#realenergyintotheload#kwh,BUNDOORA,0.0,-0.015242804,3.5225275e-05,3.4181638e-05,0.0
2025-06-21 06:00:00,solar.bun_tlc#realenergyintotheload#kwh,BUNDOORA,0.0,-0.0006036246,3.5225275e-05,3.4181638e-05,0.0
2025-06-21 07:00:00,solar.bun_tlc#realenergyintotheload#kwh,BUNDOORA,0.0,0.12382814,3.5225275e-05,3.4181638e-05,0.0
2025-06-21 08:00:00,solar.bun_tlc#realenergyintotheload#kwh,BUNDOORA,0.0,0.011551784,0.32929638,0.31954014,11.0
2025-06-21 09:00:00,solar.bun_tlc#realenergyintotheload#kwh,BUNDOORA,0.0,0.3932486,7.026557,6.8183775,145.0
2025-06-21 10:00:00,solar.bun_tlc#realenergyintotheload#kwh,BUNDOORA,0.0,5.888295,14.613586,14.180622,286.0
2025-06-21 11:00:00,solar.bun_tlc#realenergyintotheload#kwh,BUNDOORA,0.0,15.639749,20.53939,19.93086,394.0
2025-06-21 12:00:00,solar.bun_tlc#realenergyintotheload#kwh,BUNDOORA,0.0,19.68281,23.555386,22.857498,455.0
2025-06-21 13:00:00,solar.bun_tlc#realenergyintotheload#kwh,BUNDOORA,0.0,19.12201,22.936932,22.257368,461.0
2025-06-21 14:00:00,solar.bun_tlc#realenergyintotheload#kwh,BUNDOORA,0.0,17.233196,21.420328,20.785698,411.0
2025-06-21 15:00:00,solar.bun_tlc#realenergyintotheload#kwh,BUNDOORA,0.0,14.741302,15.943006,15.4706545,312.0
2025-06-21 16:00:00,solar.bun_tlc#realenergyintotheload#kwh,BUNDOORA,0.0,8.257592,9.027354,8.759896,169.0
2025-06-21 17:00:00,solar.bun_tlc#realenergyintotheload#kwh,BUNDOORA,0.0,2.681646,1.2052258,1.169518,29.0
2025-06-21 18:00:00,solar.bun_tlc#realenergyintotheload#kwh,BUNDOORA,0.0,0.33690733,0.00033184592,0.00032201415,0.0
2025-06-21 19:00:00,solar.bun_tlc#realenergyintotheload#kwh,BUNDOORA,0.0,0.06479496,3.5225275e-05,3.4181638e-05,0.0
2025-06-21 20:00:00,solar.bun_tlc#realenergyintotheload#kwh,BUNDOORA,0.0,-0.15041764,-0.0026654757,0.0,0.0
2025-06-21 21:00:00,solar.bun_tlc#realenergyintotheload#kwh,BUNDOORA,0.0,0.16640252,-0.0026654757,0.0,0.0
2025-06-21 22:00:00,solar.bun_tlc#realenergyintotheload#kwh,BUNDOORA,0.0,-0.08573639,-0.0026654757,0.0,0.0
2025-06-21 23:00:00,solar.bun_tlc#realenergyintotheload#kwh,BUNDOORA,0.0,-0.077801034,-0.0026654757,0.0,0.0
2025-06-22 00:00:00,solar.bun_tlc#realenergyintotheload#kwh,BUNDOORA,0.0,-0.1320487,-0.0026654757,0.0,0.0
2025-06-22 01:00:00,solar.bun_tlc#realenergyintotheload#kwh,BUNDOORA,0.0,-0.22129425,0.0035242748,0.0034198593,0.0
2025-06-22 02:00:00,solar.bun_tlc#realenergyintotheload#kwh,BUNDOORA,0.0,-0.20994623,-0.0025161733,0.0,0.0
2025-06-22 03:00:00,solar.bun_tlc#realenergyintotheload#kwh,BUNDOORA,0.0,-0.20994623,-0.0026654757,0.0,0.0
2025-06-22 04:00:00,solar.bun_tlc#realenergyintotheload#kwh,BUNDOORA,0.0,-0.22129425,0.0035242748,0.0034198593,0.0
2025-06-22 05:00:00,solar.bun_tlc#realenergyintotheload#kwh,BUNDOORA,0.0,-0.1970831,0.0035242748,0.0034198593,0.0
2025-06-22 06:00:00,solar.bun_tlc#realenergyintotheload#kwh,BUNDOORA,0.0,-0.1970831,0.0035242748,0.0034198593,0.0
2025-06-22 07:00:00,solar.bun_tlc#realenergyintotheload#kwh,BUNDOORA,0.0,-0.07064693,0.0035242748,0.0034198593,0.0
2025-06-22 08:00:00,solar.bun_tlc#realenergyintotheload#kwh,BUNDOORA,0.15625,0.805981,0.42035213,0.40789816,12.0
2025-06-22 09:00:00,solar.bun_tlc#realenergyintotheload#kwh,BUNDOORA,2.28125,1.6657454,7.1182475,6.9073515,146.0
2025-06-22 10:00:00,solar.bun_tlc#realenergyintotheload#kwh,BUNDOORA,5.53125,9.846185,14.892591,14.451362,292.0
2025-06-22 11:00:00,solar.bun_tlc#realenergyintotheload#kwh,BUNDOORA,12.46875,16.700075,19.224176,18.654612,366.0
2025-06-22 12:00:00,solar.bun_tlc#realenergyintotheload#kwh,BUNDOORA,19.15625,15.42678,18.453402,17.906673,361.0
2025-06-22 13:00:00,solar.bun_tlc#realenergyintotheload#kwh,BUNDOORA,26.03125,19.464579,23.439663,22.745205,468.0
2025-06-22 14:00:00,solar.bun_tlc#realenergyintotheload#kwh,BUNDOORA,20.15625,15.6056795,21.87154,21.223541,424.0
2025-06-22 15:00:00,solar.bun_tlc#realenergyintotheload#kwh,BUNDOORA,10.59375,14.606022,16.62708,16.134462,321.0
2025-06-22 16:00:00,solar.bun_tlc#realenergyintotheload#kwh,BUNDOORA,3.15625,6.929742,5.9767466,5.7996707,113.0
2025-06-22 17:00:00,solar.bun_tlc#realenergyintotheload#kwh,BUNDOORA,1.125,4.3688974,0.6980358,0.6773547,20.0
2025-06-22 18:00:00,solar.bun_tlc#realenergyintotheload#kwh,BUNDOORA,0.0,2.5389555,0.006591877,0.0063965763,0.0
2025-06-22 19:00:00,solar.bun_tlc#realenergyintotheload#kwh,BUNDOORA,0.0,0.5773302,0.0011969088,0.0011614474,0.0
2025-06-22 20:00:00,solar.bun_tlc#realenergyintotheload#kwh,BUNDOORA,0.0,0.43808645,0.0011969088,0.0011614474,0.0
2025-06-22 21:00:00,solar.bun_tlc#realenergyintotheload#kwh,BUNDOORA,0.0,0.18210906,-0.02812047,0.0,0.0
2025-06-22 22:00:00,solar.bun_tlc#realenergyintotheload#kwh,BUNDOORA,0.0,0.26147997,-0.063440435,0.0,0.0
2025-06-22 23:00:00,solar.bun_tlc#realenergyintotheload#kwh,BUNDOORA,0.0,0.674222,0.00016134241,0.00015656224,0.0
2025-06-23 00:00:00,solar.bun_tlc#realenergyintotheload#kwh,BUNDOORA,0.0,1.128017,0.0023206943,0.002251938,0.0
2025-06-23 01:00:00,solar.bun_tlc#realenergyintotheload#kwh,BUNDOORA,0.0,-0.24426687,0.013355114,0.012959435,0.0
2025-06-23 02:00:00,solar.bun_tlc#realenergyintotheload#kwh,BUNDOORA,0.0,-0.0770367,0.016302649,0.015819643,0.0
2025-06-23 03:00:00,solar.bun_tlc#realenergyintotheload#kwh,BUNDOORA,0.0,-0.08675892,-0.021407355,0.0,0.0
2025-06-23 04:00:00,solar.bun_tlc#realenergyintotheload#kwh,BUNDOORA,0.0,-0.23260854,0.00626946,0.0060837115,0.0
2025-06-23 05:00:00,solar.bun_tlc#realenergyintotheload#kwh,BUNDOORA,0.0,-0.22381786,0.003980182,0.0038622592,0.0
2025-06-23 06:00:00,solar.bun_tlc#realenergyintotheload#kwh,BUNDOORA,0.0,-0.05101494,0.0021429383,0.0020794484,0.0
2025-06-23 07:00:00,solar.bun_tlc#realenergyintotheload#kwh,BUNDOORA,0.0,-0.20485136,0.0008238669,0.00079945783,0.0
2025-06-23 08:00:00,solar.bun_tlc#realenergyintotheload#kwh,BUNDOORA,0.0,0.062441472,0.14808163,0.14369434,6.0
2025-06-23 09:00:00,solar.bun_tlc#realenergyintotheload#kwh,BUNDOORA,1.0,1.9782753,2.6625097,2.5836263,70.0
2025-06-23 10:00:00,solar.bun_tlc#realenergyintotheload#kwh,BUNDOORA,6.25,7.722792,12.911869,12.529323,277.0
2025-06-23 11:00:00,solar.bun_tlc#realenergyintotheload#kwh,BUNDOORA,7.71875,9.529065,14.583123,14.151062,289.0
2025-06-23 12:00:00,solar.bun_tlc#realenergyintotheload#kwh,BUNDOORA,1.5,14.198515,22.986038,22.30502,444.0
2025-06-23 13:00:00,solar.bun_tlc#realenergyintotheload#kwh,BUNDOORA,9.96875,13.956128,22.353878,21.69159,451.0
2025-06-23 14:00:00,solar.bun_tlc#realenergyintotheload#kwh,BUNDOORA,18.71875,25.556702,20.374178,19.770542,402.0
2025-06-23 15:00:00,solar.bun_tlc#realenergyintotheload#kwh,BUNDOORA,13.15625,19.964212,13.644475,13.240223,291.0
2025-06-23 16:00:00,solar.bun_tlc#realenergyintotheload#kwh,BUNDOORA,6.0,24.369337,8.810704,8.549665,168.0
2025-06-23 17:00:00,solar.bun_tlc#realenergyintotheload#kwh,BUNDOORA,1.15625,7.5611405,0.9574785,0.9291108,26.0
2025-06-23 18:00:00,solar.bun_tlc#realenergyintotheload#kwh,BUNDOORA,0.0,3.2688634,-3.862626e-05,0.0,0.0
2025-06-23 19:00:00,solar.bun_tlc#realenergyintotheload#kwh,BUNDOORA,0.0,1.1973369,-0.003386927,0.0,0.0
2025-06-23 20:00:00,solar.bun_tlc#realenergyintotheload#kwh,BUNDOORA,0.0,-0.19021527,-0.0015194414,0.0,0.0
2025-06-23 21:00:00,solar.bun_tlc#realenergyintotheload#kwh,BUNDOORA,0.0,-0.26752925,0.003556306,0.0034509415,0.0
2025-06-23 22:00:00,solar.bun_tlc#realenergyintotheload#kwh,BUNDOORA,0.0,-0.0043602353,0.0057812645,0.00560998,0.0
2025-06-23 23:00:00,solar.bun_tlc#realenergyintotheload#kwh,BUNDOORA,0.0,-0.16371597,0.0057812645,0.00560998,0.0
2025-06-24 00:00:00,solar.bun_tlc#realenergyintotheload#kwh,BUNDOORA,0.0,-0.1051375,-0.0013600964,0.0,0.0
2025-06-24 01:00:00,solar.bun_tlc#realenergyintotheload#kwh,BUNDOORA,0.0,0.08614186,0.0057300096,0.005560244,0.0
2025-06-24 02:00:00,solar.bun_tlc#realenergyintotheload#kwh,BUNDOORA,0.0,0.59014964,0.0057812645,0.00560998,0.0
2025-06-24 03:00:00,solar.bun_tlc#realenergyintotheload#kwh,BUNDOORA,0.0,-0.029337497,0.0040986002,0.003977169,0.0
2025-06-24 04:00:00,solar.bun_tlc#realenergyintotheload#kwh,BUNDOORA,0.0,0.032511983,-0.0031732437,0.0,0.0
2025-06-24 05:00:00,solar.bun_tlc#realenergyintotheload#kwh,BUNDOORA,0.0,-0.0006282199,0.0030109747,0.002921767,0.0
2025-06-24 06:00:00,solar.bun_tlc#realenergyintotheload#kwh,BUNDOORA,0.0,-1.3595252,0.015412909,0.014956263,0.0
2025-06-24 07:00:00,solar.bun_tlc#realenergyintotheload#kwh,BUNDOORA,0.0,-0.5296255,0.0083495425,0.0081021665,0.0
2025-06-24 08:00:00,solar.bun_tlc#realenergyintotheload#kwh,BUNDOORA,0.09375,1.5269817,0.20617598,0.2000675,8.0
2025-06-24 09:00:00,solar.bun_tlc#realenergyintotheload#kwh,BUNDOORA,4.875,4.436185,6.1140943,5.932949,127.0
2025-06-24 10:00:00,solar.bun_tlc#realenergyintotheload#kwh,BUNDOORA,7.71875,6.504023,9.980678,9.684975,212.0
2025-06-24 11:00:00,solar.bun_tlc#realenergyintotheload#kwh,BUNDOORA,10.28125,14.30057,10.557236,10.2444515,215.0
2025-06-24 12:00:00,solar.bun_tlc#realenergyintotheload#kwh,BUNDOORA,11.53125,13.488726,7.174724,6.962155,150.0
2025-06-24 13:00:00,solar.bun_tlc#realenergyintotheload#kwh,BUNDOORA,7.9375,12.307151,7.3235865,7.106607,152.0
2025-06-24 14:00:00,solar.bun_tlc#realenergyintotheload#kwh,BUNDOORA,14.1875,15.157363,10.18989,9.887989,205.0
2025-06-24 15:00:00,solar.bun_tlc#realenergyintotheload#kwh,BUNDOORA,9.0,9.546995,9.733258,9.444886,197.0
2025-06-24 16:00:00,solar.bun_tlc#realenergyintotheload#kwh,BUNDOORA,3.8125,7.517432,3.2869313,3.1895478,72.0
2025-06-24 17:00:00,solar.bun_tlc#realenergyintotheload#kwh,BUNDOORA,1.15625,1.7057997,0.35198966,0.34156108,11.0
2025-06-24 18:00:00,solar.bun_tlc#realenergyintotheload#kwh,BUNDOORA,0.0,-0.61733294,0.0030201843,0.0029307038,0.0
2025-06-24 19:00:00,solar.bun_tlc#realenergyintotheload#kwh,BUNDOORA,0.0,-0.1530368,-0.003854765,0.0,0.0
2025-06-24 20:00:00,solar.bun_tlc#realenergyintotheload#kwh,BUNDOORA,0.0,-0.12642229,0.00068124465,0.0006610611,0.0
2025-06-24 21:00:00,solar.bun_tlc#realenergyintotheload#kwh,BUNDOORA,0.0,-0.005440478,-0.0035145178,0.0,0.0
2025-06-24 22:00:00,solar.bun_tlc#realenergyintotheload#kwh,BUNDOORA,0.0,0.009932876,-0.0028188196,0.0,0.0
2025-06-24 23:00:00,solar.bun_tlc#realenergyintotheload#kwh,BUNDOORA,0.0,0.020491311,-0.0035145178,0.0,0.0
2025-06-25 00:00:00,solar.bun_tlc#realenergyintotheload#kwh,BUNDOORA,0.0,-0.007215784,-0.003367121,0.0,0.0
2025-06-25 01:00:00,solar.bun_tlc#realenergyintotheload#kwh,BUNDOORA,0.0,0.08182604,-0.003367121,0.0,0.0
2025-06-25 02:00:00,solar.bun_tlc#realenergyintotheload#kwh,BUNDOORA,0.0,-0.20094182,-0.039160084,0.0,0.0
2025-06-25 03:00:00,solar.bun_tlc#realenergyintotheload#kwh,BUNDOORA,0.0,-0.07451689,0.003975407,0.0038576259,0.0
2025-06-25 04:00:00,solar.bun_tlc#realenergyintotheload#kwh,BUNDOORA,0.0,0.008316906,-0.006616485,0.0,0.0
2025-06-25 05:00:00,solar.bun_tlc#realenergyintotheload#kwh,BUNDOORA,0.0,0.21126845,0.002270327,0.0022030629,0.0
2025-06-25 06:00:00,solar.bun_tlc#realenergyintotheload#kwh,BUNDOORA,0.0,0.22094002,0.0019737063,0.0019152303,0.0
2025-06-25 07:00:00,solar.bun_tlc#realenergyintotheload#kwh,BUNDOORA,0.0,1.0838464,0.0019737063,0.0019152303,0.0
2025-06-25 08:00:00,solar.bun_tlc#realenergyintotheload#kwh,BUNDOORA,0.0,0.428326,0.017979873,0.017447175,2.0
2025-06-25 09:00:00,solar.bun_tlc#realenergyintotheload#kwh,BUNDOORA,1.71875,0.80083483,6.2426825,6.0577273,116.0
2025-06-25 10:00:00,solar.bun_tlc#realenergyintotheload#kwh,BUNDOORA,6.625,2.5281389,8.101809,7.861772,168.0
2025-06-25 11:00:00,solar.bun_tlc#realenergyintotheload#kwh,BUNDOORA,5.5625,3.8626788,8.469362,8.218436,174.0
2025-06-25 12:00:00,solar.bun_tlc#realenergyintotheload#kwh,BUNDOORA,12.375,7.8930426,18.577473,18.02707,351.0
2025-06-25 13:00:00,solar.bun_tlc#realenergyintotheload#kwh,BUNDOORA,8.625,7.6206584,6.230158,6.0455737,135.0
2025-06-25 14:00:00,solar.bun_tlc#realenergyintotheload#kwh,BUNDOORA,11.125,5.7437177,6.2156563,6.031502,135.0
2025-06-25 15:00:00,solar.bun_tlc#realenergyintotheload#kwh,BUNDOORA,7.3125,3.6853878,1.6065917,1.5589924,35.0
2025-06-25 16:00:00,solar.bun_tlc#realenergyintotheload#kwh,BUNDOORA,5.34375,3.4579504,8.465776,8.214956,156.0
2025-06-25 17:00:00,solar.bun_tlc#realenergyintotheload#kwh,BUNDOORA,0.65625,0.8321894,0.6672774,0.6475076,17.0
2025-06-25 18:00:00,solar.bun_tlc#realenergyintotheload#kwh,BUNDOORA,0.0,-0.17397127,0.0037742408,0.0036624195,0.0
2025-06-25 19:00:00,solar.bun_tlc#realenergyintotheload#kwh,BUNDOORA,0.0,-0.26939857,-0.0009966722,0.0,0.0
2025-06-25 20:00:00,solar.bun_tlc#realenergyintotheload#kwh,BUNDOORA,0.0,-0.12677862,0.0037742408,0.0036624195,0.0
2025-06-25 21:00:00,solar.bun_tlc#realenergyintotheload#kwh,BUNDOORA,0.0,-0.16518143,-0.0006506451,0.0,0.0
2025-06-25 22:00:00,solar.bun_tlc#realenergyintotheload#kwh,BUNDOORA,0.0,-0.054520693,-0.0024598066,0.0,0.0
2025-06-25 23:00:00,solar.bun_tlc#realenergyintotheload#kwh,BUNDOORA,0.0,0.03613973,-0.0027286946,0.0,0.0
2025-06-26 00:00:00,solar.bun_tlc#realenergyintotheload#kwh,BUNDOORA,0.0,-0.021526616,-2.7993621e-05,0.0,0.0
2025-06-26 01:00:00,solar.bun_tlc#realenergyintotheload#kwh,BUNDOORA,0.0,-0.032413516,-2.7993621e-05,0.0,0.0
2025-06-26 02:00:00,solar.bun_tlc#realenergyintotheload#kwh,BUNDOORA,0.0,-0.021050416,0.00089289556,0.0008664413,0.0
2025-06-26 03:00:00,solar.bun_tlc#realenergyintotheload#kwh,BUNDOORA,0.0,-0.022969045,0.00089289556,0.0008664413,0.0
2025-06-26 04:00:00,solar.bun_tlc#realenergyintotheload#kwh,BUNDOORA,0.0,-0.020967636,0.00089289556,0.0008664413,0.0
2025-06-26 05:00:00,solar.bun_tlc#realenergyintotheload#kwh,BUNDOORA,0.0,-0.0074456725,0.00089289556,0.0008664413,0.0
2025-06-26 06:00:00,solar.bun_tlc#realenergyintotheload#kwh,BUNDOORA,0.0,-0.0083522545,0.00089289556,0.0008664413,0.0
2025-06-26 07:00:00,solar.bun_tlc#realenergyintotheload#kwh,BUNDOORA,0.0,0.16506238,0.00089289556,0.0008664413,0.0
2025-06-26 08:00:00,solar.bun_tlc#realenergyintotheload#kwh,BUNDOORA,0.0625,0.037096445,0.27974108,0.27145305,9.0
2025-06-26 09:00:00,solar.bun_tlc#realenergyintotheload#kwh,BUNDOORA,3.15625,0.122865945,6.20182,6.0180755,119.0
2025-06-26 10:00:00,solar.bun_tlc#realenergyintotheload#kwh,BUNDOORA,5.59375,3.6214201,14.548419,14.117386,269.0
2025-06-26 11:00:00,solar.bun_tlc#realenergyintotheload#kwh,BUNDOORA,12.125,11.330746,19.867926,19.27929,357.0
2025-06-26 12:00:00,solar.bun_tlc#realenergyintotheload#kwh,BUNDOORA,15.53125,11.1284895,13.642654,13.238457,266.0
2025-06-26 13:00:00,solar.bun_tlc#realenergyintotheload#kwh,BUNDOORA,16.875,13.700329,23.427961,22.733849,428.0
2025-06-26 14:00:00,solar.bun_tlc#realenergyintotheload#kwh,BUNDOORA,11.15625,12.701634,11.6306505,11.286063,231.0
2025-06-26 15:00:00,solar.bun_tlc#realenergyintotheload#kwh,BUNDOORA,5.1875,7.8017573,7.1932898,6.9801707,147.0
2025-06-26 16:00:00,solar.bun_tlc#realenergyintotheload#kwh,BUNDOORA,4.1875,7.095407,4.5829277,4.447147,94.0
2025-06-26 17:00:00,solar.bun_tlc#realenergyintotheload#kwh,BUNDOORA,0.90625,2.0109332,0.53576165,0.5198884,16.0
2025-06-26 18:00:00,solar.bun_tlc#realenergyintotheload#kwh,BUNDOORA,0.0,0.2988991,0.0020296914,0.0019695566,0.0
2025-06-26 19:00:00,solar.bun_tlc#realenergyintotheload#kwh,BUNDOORA,0.0,0.011787629,0.0013946895,0.0013533684,0.0
2025-06-26 20:00:00,solar.bun_tlc#realenergyintotheload#kwh,BUNDOORA,0.0,0.00803031,0.00089289556,0.0008664413,0.0
2025-06-26 21:00:00,solar.bun_tlc#realenergyintotheload#kwh,BUNDOORA,0.0,0.007393584,0.0014579084,0.0014147143,0.0
2025-06-26 22:00:00,solar.bun_tlc#realenergyintotheload#kwh,BUNDOORA,0.0,0.007393584,0.0009673884,0.0009387271,0.0
2025-06-26 23:00:00,solar.bun_tlc#realenergyintotheload#kwh,BUNDOORA,0.0,-0.0054723215,0.0009673884,0.0009387271,0.0
2025-06-27 00:00:00,solar.bun_tlc#realenergyintotheload#kwh,BUNDOORA,0.0,0.007393584,0.0009673884,0.0009387271,0.0
2025-06-27 01:00:00,solar.bun_tlc#realenergyintotheload#kwh,BUNDOORA,0.0,0.008295066,0.0014579084,0.0014147143,0.0
2025-06-27 02:00:00,solar.bun_tlc#realenergyintotheload#kwh,BUNDOORA,0.0,-0.019187627,0.0014579084,0.0014147143,0.0
2025-06-27 03:00:00,solar.bun_tlc#realenergyintotheload#kwh,BUNDOORA,0.0,-0.016498571,0.0014579084,0.0014147143,0.0
2025-06-27 04:00:00,solar.bun_tlc#realenergyintotheload#kwh,BUNDOORA,0.0,-0.016498571,0.0014579084,0.0014147143,0.0
2025-06-27 05:00:00,solar.bun_tlc#realenergyintotheload#kwh,BUNDOORA,0.0,-0.020089101,0.0009673884,0.0009387271,0.0
2025-06-27 06:00:00,solar.bun_tlc#realenergyintotheload#kwh,BUNDOORA,0.0,-0.019104855,0.0014579084,0.0014147143,0.0
2025-06-27 07:00:00,solar.bun_tlc#realenergyintotheload#kwh,BUNDOORA,0.0,0.049329206,0.0014579084,0.0014147143,0.0
2025-06-27 08:00:00,solar.bun_tlc#realenergyintotheload#kwh,BUNDOORA,0.0625,0.02709793,0.28673488,0.27823964,9.0
2025-06-27 09:00:00,solar.bun_tlc#realenergyintotheload#kwh,BUNDOORA,1.46875,0.01166611,4.545665,4.4109883,98.0
2025-06-27 10:00:00,solar.bun_tlc#realenergyintotheload#kwh,BUNDOORA,4.90625,3.7761238,14.242679,13.8207035,279.0
2025-06-27 11:00:00,solar.bun_tlc#realenergyintotheload#kwh,BUNDOORA,9.59375,13.272503,20.524841,19.916742,385.0
2025-06-27 12:00:00,solar.bun_tlc#realenergyintotheload#kwh,BUNDOORA,17.09375,17.909872,20.868465,20.250185,392.0
2025-06-27 13:00:00,solar.bun_tlc#realenergyintotheload#kwh,BUNDOORA,18.4375,15.147083,18.366877,17.822712,354.0
2025-06-27 14:00:00,solar.bun_tlc#realenergyintotheload#kwh,BUNDOORA,14.125,14.998439,16.214413,15.73402,314.0
2025-06-27 15:00:00,solar.bun_tlc#realenergyintotheload#kwh,BUNDOORA,14.90625,12.413042,11.246964,10.913745,222.0
2025-06-27 16:00:00,solar.bun_tlc#realenergyintotheload#kwh,BUNDOORA,5.5625,8.034236,8.07048,7.8313723,157.0
2025-06-27 17:00:00,solar.bun_tlc#realenergyintotheload#kwh,BUNDOORA,1.3125,2.4457676,1.0009584,0.97130257,26.0
2025-06-27 18:00:00,solar.bun_tlc#realenergyintotheload#kwh,BUNDOORA,0.0,0.4462238,0.007377092,0.007158527,0.0
2025-06-27 19:00:00,solar.bun_tlc#realenergyintotheload#kwh,BUNDOORA,0.0,0.066987716,0.0027253898,0.0026446432,0.0
2025-06-27 20:00:00,solar.bun_tlc#realenergyintotheload#kwh,BUNDOORA,0.0,0.009870036,0.002090388,0.002028455,0.0
2025-06-27 21:00:00,solar.bun_tlc#realenergyintotheload#kwh,BUNDOORA,0.0,0.009870036,0.002090388,0.002028455,0.0
2025-06-27 22:00:00,solar.bun_tlc#realenergyintotheload#kwh,BUNDOORA,0.0,0.0040503433,0.002090388,0.002028455,0.0
2025-06-27 23:00:00,solar.bun_tlc#realenergyintotheload#kwh,BUNDOORA,0.0,0.018846573,0.0011344865,0.0011008745,0.0
2025-06-28 00:00:00,solar.bun_tlc#realenergyintotheload#kwh,BUNDOORA,0.0,0.018846573,0.0011964994,0.0011610502,0.0
2025-06-28 01:00:00,solar.bun_tlc#realenergyintotheload#kwh,BUNDOORA,0.0,0.004229773,0.0013946895,0.0013533684,0.0
2025-06-28 02:00:00,solar.bun_tlc#realenergyintotheload#kwh,BUNDOORA,0.0,-0.010065217,0.0013946895,0.0013533684,0.0
2025-06-28 03:00:00,solar.bun_tlc#realenergyintotheload#kwh,BUNDOORA,0.0,-0.008240353,0.0014579084,0.0014147143,0.0
2025-06-28 04:00:00,solar.bun_tlc#realenergyintotheload#kwh,BUNDOORA,0.0,-0.021116843,0.00089289556,0.0008664413,0.0
2025-06-28 05:00:00,solar.bun_tlc#realenergyintotheload#kwh,BUNDOORA,0.0,-0.024817953,0.00089289556,0.0008664413,0.0
2025-06-28 06:00:00,solar.bun_tlc#realenergyintotheload#kwh,BUNDOORA,0.0,-0.030394563,0.00089289556,0.0008664413,0.0
2025-06-28 07:00:00,solar.bun_tlc#realenergyintotheload#kwh,BUNDOORA,0.0,0.06722377,0.0008296767,0.0008050954,0.0
2025-06-28 08:00:00,solar.bun_tlc#realenergyintotheload#kwh,BUNDOORA,0.0,0.043882858,0.2335602,0.2266404,8.0
2025-06-28 09:00:00,solar.bun_tlc#realenergyintotheload#kwh,BUNDOORA,0.0,0.10279192,2.1875026,2.1226923,50.0
2025-06-28 10:00:00,solar.bun_tlc#realenergyintotheload#kwh,BUNDOORA,0.0,5.1325936,6.081806,5.9016175,128.0
2025-06-28 11:00:00,solar.bun_tlc#realenergyintotheload#kwh,BUNDOORA,0.0,9.674253,9.343384,9.066563,186.0
2025-06-28 12:00:00,solar.bun_tlc#realenergyintotheload#kwh,BUNDOORA,0.0,10.174351,9.293395,9.018055,193.0
2025-06-28 13:00:00,solar.bun_tlc#realenergyintotheload#kwh,BUNDOORA,0.0,10.274925,9.906312,9.612813,202.0
2025-06-28 14:00:00,solar.bun_tlc#realenergyintotheload#kwh,BUNDOORA,0.0,12.806349,13.405142,13.007981,255.0
2025-06-28 15:00:00,solar.bun_tlc#realenergyintotheload#kwh,BUNDOORA,0.0,16.766823,15.086238,14.639271,285.0
2025-06-28 16:00:00,solar.bun_tlc#realenergyintotheload#kwh,BUNDOORA,0.0,7.036973,9.212088,8.939157,169.0
2025-06-28 17:00:00,solar.bun_tlc#realenergyintotheload#kwh,BUNDOORA,0.0,2.094244,1.1304938,1.097,28.0
2025-06-28 18:00:00,solar.bun_tlc#realenergyintotheload#kwh,BUNDOORA,0.0,0.4967328,0.0067446115,0.0065447856,0.0
2025-06-28 19:00:00,solar.bun_tlc#realenergyintotheload#kwh,BUNDOORA,0.0,0.014114082,0.0008296767,0.0008050954,0.0
2025-06-28 20:00:00,solar.bun_tlc#realenergyintotheload#kwh,BUNDOORA,0.0,0.006915256,0.0008296767,0.0008050954,0.0
2025-06-28 21:00:00,solar.bun_tlc#realenergyintotheload#kwh,BUNDOORA,0.0,0.0055487626,0.0008296767,0.0008050954,0.0
2025-06-28 22:00:00,solar.bun_tlc#realenergyintotheload#kwh,BUNDOORA,0.0,0.023965737,0.0012293747,0.0011929513,0.0
2025-06-28 23:00:00,solar.bun_tlc#realenergyintotheload#kwh,BUNDOORA,0.0,-0.0132215675,0.0008296767,0.0008050954,0.0
2025-06-29 00:00:00,solar.bun_tlc#realenergyintotheload#kwh,BUNDOORA,0.0,0.0030090301,0.00040237568,0.00039045428,0.0
2025-06-29 01:00:00,solar.bun_tlc#realenergyintotheload#kwh,BUNDOORA,0.0,-0.012234507,0.0008296767,0.0008050954,0.0
2025-06-29 02:00:00,solar.bun_tlc#realenergyintotheload#kwh,BUNDOORA,0.0,-0.013022287,0.0008296767,0.0008050954,0.0
2025-06-29 03:00:00,solar.bun_tlc#realenergyintotheload#kwh,BUNDOORA,0.0,-0.010177107,0.0008296767,0.0008050954,0.0
2025-06-29 04:00:00,solar.bun_tlc#realenergyintotheload#kwh,BUNDOORA,0.0,-0.011969758,0.0008296767,0.0008050954,0.0
2025-06-29 05:00:00,solar.bun_tlc#realenergyintotheload#kwh,BUNDOORA,0.0,-0.011969758,0.000570437,0.0005535364,0.0
2025-06-29 06:00:00,solar.bun_tlc#realenergyintotheload#kwh,BUNDOORA,0.0,-0.0135830045,0.0008296767,0.0008050954,0.0
2025-06-29 07:00:00,solar.bun_tlc#realenergyintotheload#kwh,BUNDOORA,0.0,0.19387421,0.00089289556,0.0008664413,0.0
2025-06-29 08:00:00,solar.bun_tlc#realenergyintotheload#kwh,BUNDOORA,0.0625,0.19191779,0.24114184,0.2339974,8.0
2025-06-29 09:00:00,solar.bun_tlc#realenergyintotheload#kwh,BUNDOORA,3.375,0.09173181,5.2685475,5.1124535,111.0
2025-06-29 10:00:00,solar.bun_tlc#realenergyintotheload#kwh,BUNDOORA,6.21875,1.0629936,8.160218,7.9184513,178.0
2025-06-29 11:00:00,solar.bun_tlc#realenergyintotheload#kwh,BUNDOORA,4.0,2.987933,9.60038,9.315945,189.0
2025-06-29 12:00:00,solar.bun_tlc#realenergyintotheload#kwh,BUNDOORA,10.3125,6.5234923,10.620346,10.305692,212.0
2025-06-29 13:00:00,solar.bun_tlc#realenergyintotheload#kwh,BUNDOORA,7.53125,10.846381,11.02678,10.700084,222.0
2025-06-29 14:00:00,solar.bun_tlc#realenergyintotheload#kwh,BUNDOORA,9.8125,11.156907,10.520319,10.208629,213.0
2025-06-29 15:00:00,solar.bun_tlc#realenergyintotheload#kwh,BUNDOORA,7.59375,7.77531,7.1260223,6.914896,144.0
2025-06-29 16:00:00,solar.bun_tlc#realenergyintotheload#kwh,BUNDOORA,2.8125,6.837548,4.675686,4.537157,102.0
2025-06-29 17:00:00,solar.bun_tlc#realenergyintotheload#kwh,BUNDOORA,1.0,0.8212617,1.2049952,1.1692941,30.0
2025-06-29 18:00:00,solar.bun_tlc#realenergyintotheload#kwh,BUNDOORA,0.0,0.3454742,0.0013314232,0.0012919764,0.0
2025-06-29 19:00:00,solar.bun_tlc#realenergyintotheload#kwh,BUNDOORA,0.0,-0.035239298,0.0012682043,0.0012306306,0.0
2025-06-29 20:00:00,solar.bun_tlc#realenergyintotheload#kwh,BUNDOORA,0.0,-0.037716415,0.0013314232,0.0012919764,0.0
2025-06-29 21:00:00,solar.bun_tlc#realenergyintotheload#kwh,BUNDOORA,0.0,-0.042947162,0.001525375,0.0014801819,0.0
2025-06-29 22:00:00,solar.bun_tlc#realenergyintotheload#kwh,BUNDOORA,0.0,-0.04133392,0.001525375,0.0014801819,0.0
2025-06-29 23:00:00,solar.bun_tlc#realenergyintotheload#kwh,BUNDOORA,0.0,-0.04133392,0.001525375,0.0014801819,0.0
2025-06-30 00:00:00,solar.bun_tlc#realenergyintotheload#kwh,BUNDOORA,0.0,-0.01647614,0.001525375,0.0014801819,0.0
2025-06-30 01:00:00,solar.bun_tlc#realenergyintotheload#kwh,BUNDOORA,0.0,-0.020361634,0.001525375,0.0014801819,0.0
2025-06-30 02:00:00,solar.bun_tlc#realenergyintotheload#kwh,BUNDOORA,0.0,-0.01647614,0.001525375,0.0014801819,0.0
2025-06-30 03:00:00,solar.bun_tlc#realenergyintotheload#kwh,BUNDOORA,0.0,-0.01647614,0.001525375,0.0014801819,0.0
2025-06-30 04:00:00,solar.bun_tlc#realenergyintotheload#kwh,BUNDOORA,0.0,-0.01647614,0.001525375,0.0014801819,0.0
2025-06-30 05:00:00,solar.bun_tlc#realenergyintotheload#kwh,BUNDOORA,0.0,-0.017528666,0.001525375,0.0014801819,0.0
2025-06-30 06:00:00,solar.bun_tlc#realenergyintotheload#kwh,BUNDOORA,0.0,-0.017528666,0.001525375,0.0014801819,0.0
2025-06-30 07:00:00,solar.bun_tlc#realenergyintotheload#kwh,BUNDOORA,0.0,0.079528965,0.0008296767,0.0008050954,0.0
2025-06-30 08:00:00,solar.bun_tlc#realenergyintotheload#kwh,BUNDOORA,0.09375,0.023498494,0.28813452,0.27959782,9.0
2025-06-30 09:00:00,solar.bun_tlc#realenergyintotheload#kwh,BUNDOORA,2.15625,0.4183446,6.7407637,6.541052,137.0
2025-06-30 10:00:00,solar.bun_tlc#realenergyintotheload#kwh,BUNDOORA,5.65625,3.7387812,14.053796,13.637417,278.0
2025-06-30 11:00:00,solar.bun_tlc#realenergyintotheload#kwh,BUNDOORA,10.15625,9.6601,14.626026,14.192694,277.0
2025-06-30 12:00:00,solar.bun_tlc#realenergyintotheload#kwh,BUNDOORA,17.1875,11.854765,20.288897,19.687788,379.0
2025-06-30 13:00:00,solar.bun_tlc#realenergyintotheload#kwh,BUNDOORA,19.75,14.131285,19.959425,19.368076,378.0
2025-06-30 14:00:00,solar.bun_tlc#realenergyintotheload#kwh,BUNDOORA,13.46875,14.1199875,18.9964,18.433584,367.0
2025-06-30 15:00:00,solar.bun_tlc#realenergyintotheload#kwh,BUNDOORA,12.75,11.274261,16.129934,15.652044,313.0
2025-06-30 16:00:00,solar.bun_tlc#realenergyintotheload#kwh,BUNDOORA,6.09375,4.918647,9.422291,9.143132,178.0
2025-06-30 17:00:00,solar.bun_tlc#realenergyintotheload#kwh,BUNDOORA,1.5625,2.7226617,1.5956407,1.5483658,35.0
2025-06-30 18:00:00,solar.bun_tlc#realenergyintotheload#kwh,BUNDOORA,0.0,0.6800689,0.0008296767,0.0008050954,0.0
2025-06-30 19:00:00,solar.bun_tlc#realenergyintotheload#kwh,BUNDOORA,0.0,-0.0038717045,0.00089289556,0.0008664413,0.0
2025-06-30 20:00:00,solar.bun_tlc#realenergyintotheload#kwh,BUNDOORA,0.0,-0.0100906,0.00089289556,0.0008664413,0.0
2025-06-30 21:00:00,solar.bun_tlc#realenergyintotheload#kwh,BUNDOORA,0.0,-0.02195189,0.00040237568,0.00039045428,0.0
2025-06-30 22:00:00,solar.bun_tlc#realenergyintotheload#kwh,BUNDOORA,0.0,-0.02195189,0.00040237568,0.00039045428,0.0
2025-06-30 23:00:00,solar.bun_tlc#realenergyintotheload#kwh,BUNDOORA,0.0,-0.026348457,0.00089289556,0.0008664413,0.0
2025-07-01 00:00:00,solar.bun_tlc#realenergyintotheload#kwh,BUNDOORA,0.0,-0.02470738,0.00089289556,0.0008664413,0.0
2025-07-01 01:00:00,solar.bun_tlc#realenergyintotheload#kwh,BUNDOORA,0.0,-0.021116843,0.00089289556,0.0008664413,0.0
2025-07-01 02:00:00,solar.bun_tlc#realenergyintotheload#kwh,BUNDOORA,0.0,-0.029342048,0.0008296767,0.0008050954,0.0
2025-07-01 03:00:00,solar.bun_tlc#realenergyintotheload#kwh,BUNDOORA,0.0,-0.029342048,0.0008296767,0.0008050954,0.0
2025-07-01 04:00:00,solar.bun_tlc#realenergyintotheload#kwh,BUNDOORA,0.0,-0.01647614,0.0008296767,0.0008050954,0.0
2025-07-01 05:00:00,solar.bun_tlc#realenergyintotheload#kwh,BUNDOORA,0.0,-0.019027928,0.001525375,0.0014801819,0.0
2025-07-01 06:00:00,solar.bun_tlc#realenergyintotheload#kwh,BUNDOORA,0.0,-0.014683487,0.0012661358,0.0012286234,0.0
2025-07-01 07:00:00,solar.bun_tlc#realenergyintotheload#kwh,BUNDOORA,0.0,0.17215188,0.0006677051,0.0006479226,0.0
2025-07-01 08:00:00,solar.bun_tlc#realenergyintotheload#kwh,BUNDOORA,0.03125,0.046361554,0.16248341,0.15766943,6.0
2025-07-01 09:00:00,solar.bun_tlc#realenergyintotheload#kwh,BUNDOORA,1.625,0.4297596,2.4235988,2.3517935,56.0
2025-07-01 10:00:00,solar.bun_tlc#realenergyintotheload#kwh,BUNDOORA,6.6875,0.9612266,7.286619,7.070735,153.0
2025-07-01 11:00:00,solar.bun_tlc#realenergyintotheload#kwh,BUNDOORA,6.96875,2.6315355,10.92937,10.60556,212.0
2025-07-01 12:00:00,solar.bun_tlc#realenergyintotheload#kwh,BUNDOORA,9.78125,5.4324365,8.481364,8.2300825,179.0
2025-07-01 13:00:00,solar.bun_tlc#realenergyintotheload#kwh,BUNDOORA,10.0,7.275252,10.010192,9.713614,205.0
2025-07-01 14:00:00,solar.bun_tlc#realenergyintotheload#kwh,BUNDOORA,10.5,3.080532,8.56547,8.311696,173.0
2025-07-01 15:00:00,solar.bun_tlc#realenergyintotheload#kwh,BUNDOORA,7.59375,6.0532756,7.2927303,7.076665,148.0
2025-07-01 16:00:00,solar.bun_tlc#realenergyintotheload#kwh,BUNDOORA,4.4375,5.981082,3.342658,3.2436235,74.0
2025-07-01 17:00:00,solar.bun_tlc#realenergyintotheload#kwh,BUNDOORA,2.34375,3.4585512,0.52784336,0.51220465,16.0
2025-07-01 18:00:00,solar.bun_tlc#realenergyintotheload#kwh,BUNDOORA,0.0,0.6249115,0.001145835,0.0011118868,0.0
2025-07-01 19:00:00,solar.bun_tlc#realenergyintotheload#kwh,BUNDOORA,0.0,0.2624195,0.0007436888,0.00072165515,0.0
2025-07-01 20:00:00,solar.bun_tlc#realenergyintotheload#kwh,BUNDOORA,0.0,0.025560923,0.00097499485,0.0009461082,0.0
2025-07-01 21:00:00,solar.bun_tlc#realenergyintotheload#kwh,BUNDOORA,0.0,0.05041872,0.00097499485,0.0009461082,0.0
2025-07-01 22:00:00,solar.bun_tlc#realenergyintotheload#kwh,BUNDOORA,0.0,0.048972204,0.0007436888,0.00072165515,0.0
2025-07-01 23:00:00,solar.bun_tlc#realenergyintotheload#kwh,BUNDOORA,0.0,0.058209635,0.0007436888,0.00072165515,0.0
2025-07-02 00:00:00,solar.bun_tlc#realenergyintotheload#kwh,BUNDOORA,0.0,0.12492195,0.0017049626,0.0016544488,0.0
2025-07-02 01:00:00,solar.bun_tlc#realenergyintotheload#kwh,BUNDOORA,0.0,0.0393145,0.00052162074,0.0005061664,0.0
2025-07-02 02:00:00,solar.bun_tlc#realenergyintotheload#kwh,BUNDOORA,0.0,-0.080909096,-0.0027286946,0.0,0.0
2025-07-02 03:00:00,solar.bun_tlc#realenergyintotheload#kwh,BUNDOORA,0.0,-0.08034839,-0.0026654757,0.0,0.0
2025-07-02 04:00:00,solar.bun_tlc#realenergyintotheload#kwh,BUNDOORA,0.0,-0.078456126,4.7989954e-05,4.656813e-05,0.0
2025-07-02 05:00:00,solar.bun_tlc#realenergyintotheload#kwh,BUNDOORA,0.0,-0.103499725,-0.0026654757,0.0,0.0
2025-07-02 06:00:00,solar.bun_tlc#realenergyintotheload#kwh,BUNDOORA,0.0,-0.103499725,-0.0026654757,0.0,0.0
2025-07-02 07:00:00,solar.bun_tlc#realenergyintotheload#kwh,BUNDOORA,0.0,0.18665577,0.0010945802,0.0010621505,0.0
2025-07-02 08:00:00,solar.bun_tlc#realenergyintotheload#kwh,BUNDOORA,0.0,0.43550816,0.13134101,0.1274497,5.0
2025-07-02 09:00:00,solar.bun_tlc#realenergyintotheload#kwh,BUNDOORA,0.6875,0.9418393,2.2731233,2.2057762,54.0
2025-07-02 10:00:00,solar.bun_tlc#realenergyintotheload#kwh,BUNDOORA,1.4375,2.571766,5.860313,5.6866865,124.0
2025-07-02 11:00:00,solar.bun_tlc#realenergyintotheload#kwh,BUNDOORA,1.375,6.3687882,3.599617,3.4929693,82.0
2025-07-02 12:00:00,solar.bun_tlc#realenergyintotheload#kwh,BUNDOORA,2.3125,6.5090566,4.091075,3.9698665,91.0
2025-07-02 13:00:00,solar.bun_tlc#realenergyintotheload#kwh,BUNDOORA,2.5,7.2741456,4.3896413,4.2595873,92.0
2025-07-02 14:00:00,solar.bun_tlc#realenergyintotheload#kwh,BUNDOORA,1.5625,2.9184372,2.0513813,1.990604,44.0
2025-07-02 15:00:00,solar.bun_tlc#realenergyintotheload#kwh,BUNDOORA,1.125,4.1254554,3.6606362,3.5521808,79.0
2025-07-02 16:00:00,solar.bun_tlc#realenergyintotheload#kwh,BUNDOORA,0.625,2.948176,2.0901043,2.02818,48.0
2025-07-02 17:00:00,solar.bun_tlc#realenergyintotheload#kwh,BUNDOORA,0.0,0.9810033,0.35038364,0.34000266,10.0
2025-07-02 18:00:00,solar.bun_tlc#realenergyintotheload#kwh,BUNDOORA,0.0,0.6065612,0.0014477915,0.0014048971,0.0
2025-07-02 19:00:00,solar.bun_tlc#realenergyintotheload#kwh,BUNDOORA,0.0,0.06694795,0.0014477915,0.0014048971,0.0
2025-07-02 20:00:00,solar.bun_tlc#realenergyintotheload#kwh,BUNDOORA,0.0,0.026017299,0.00088621565,0.0008599593,0.0
2025-07-02 21:00:00,solar.bun_tlc#realenergyintotheload#kwh,BUNDOORA,0.0,0.026017299,0.00088621565,0.0008599593,0.0
2025-07-02 22:00:00,solar.bun_tlc#realenergyintotheload#kwh,BUNDOORA,0.0,-0.03938697,0.0010089646,0.0009790715,0.0
2025-07-02 23:00:00,solar.bun_tlc#realenergyintotheload#kwh,BUNDOORA,0.0,0.033732332,0.0018228417,0.0017688355,0.0
2025-07-03 00:00:00,solar.bun_tlc#realenergyintotheload#kwh,BUNDOORA,0.0,-0.04446726,0.0010089646,0.0009790715,0.0
2025-07-03 01:00:00,solar.bun_tlc#realenergyintotheload#kwh,BUNDOORA,0.0,-0.06371602,0.00048651735,0.00047210307,0.0
2025-07-03 02:00:00,solar.bun_tlc#realenergyintotheload#kwh,BUNDOORA,0.0,-0.06371602,0.00048651735,0.00047210307,0.0
2025-07-03 03:00:00,solar.bun_tlc#realenergyintotheload#kwh,BUNDOORA,0.0,-0.04446726,0.0010089646,0.0009790715,0.0
2025-07-03 04:00:00,solar.bun_tlc#realenergyintotheload#kwh,BUNDOORA,0.0,-0.04423077,0.0012682043,0.0012306306,0.0
2025-07-03 05:00:00,solar.bun_tlc#realenergyintotheload#kwh,BUNDOORA,0.0,0.0176137,0.0016679016,0.0016184859,0.0
2025-07-03 06:00:00,solar.bun_tlc#realenergyintotheload#kwh,BUNDOORA,0.0,-0.03938697,0.0012682043,0.0012306306,0.0
2025-07-03 07:00:00,solar.bun_tlc#realenergyintotheload#kwh,BUNDOORA,0.0,0.08758424,0.0012682043,0.0012306306,0.0
2025-07-03 08:00:00,solar.bun_tlc#realenergyintotheload#kwh,BUNDOORA,0.0,-0.036647797,0.1678105,0.1628387,6.0
2025-07-03 09:00:00,solar.bun_tlc#realenergyintotheload#kwh,BUNDOORA,0.0,-0.122344986,5.8320293,5.6592407,115.0
2025-07-03 10:00:00,solar.bun_tlc#realenergyintotheload#kwh,BUNDOORA,0.0,1.103352,10.826136,10.505384,212.0
2025-07-03 11:00:00,solar.bun_tlc#realenergyintotheload#kwh,BUNDOORA,0.0,6.075918,14.188232,13.767871,273.0
2025-07-03 12:00:00,solar.bun_tlc#realenergyintotheload#kwh,BUNDOORA,0.0,8.839634,20.256762,19.656605,394.0
2025-07-03 13:00:00,solar.bun_tlc#realenergyintotheload#kwh,BUNDOORA,0.0,14.870915,17.701208,17.176765,340.0
2025-07-03 14:00:00,solar.bun_tlc#realenergyintotheload#kwh,BUNDOORA,0.0,15.676071,17.368622,16.854033,334.0
2025-07-03 15:00:00,solar.bun_tlc#realenergyintotheload#kwh,BUNDOORA,0.0,11.330716,11.346715,11.01054,231.0
2025-07-03 16:00:00,solar.bun_tlc#realenergyintotheload#kwh,BUNDOORA,0.0,6.865935,7.751855,7.5221868,155.0
2025-07-03 17:00:00,solar.bun_tlc#realenergyintotheload#kwh,BUNDOORA,0.0,3.4655108,1.5857307,1.5387495,35.0
2025-07-03 18:00:00,solar.bun_tlc#realenergyintotheload#kwh,BUNDOORA,0.0,0.08271949,0.0015885938,0.0015415278,0.0
2025-07-03 19:00:00,solar.bun_tlc#realenergyintotheload#kwh,BUNDOORA,0.0,0.0078041055,0.0015885938,0.0015415278,0.0
2025-07-03 20:00:00,solar.bun_tlc#realenergyintotheload#kwh,BUNDOORA,0.0,-0.012858633,0.0015885938,0.0015415278,0.0
2025-07-03 21:00:00,solar.bun_tlc#realenergyintotheload#kwh,BUNDOORA,0.0,-0.013482559,0.0015885938,0.0015415278,0.0
2025-07-03 22:00:00,solar.bun_tlc#realenergyintotheload#kwh,BUNDOORA,0.0,-0.007223196,0.0016630865,0.0016138133,0.0
2025-07-03 23:00:00,solar.bun_tlc#realenergyintotheload#kwh,BUNDOORA,0.0,-0.007223196,0.0016010735,0.0015536377,0.0
2025-07-04 00:00:00,solar.bun_tlc#realenergyintotheload#kwh,BUNDOORA,0.0,-0.020089101,0.0009673884,0.0009387271,0.0
2025-07-04 01:00:00,solar.bun_tlc#realenergyintotheload#kwh,BUNDOORA,0.0,-0.020089101,0.0009673884,0.0009387271,0.0
2025-07-04 02:00:00,solar.bun_tlc#realenergyintotheload#kwh,BUNDOORA,0.0,-0.020089101,0.0009673884,0.0009387271,0.0
2025-07-04 03:00:00,solar.bun_tlc#realenergyintotheload#kwh,BUNDOORA,0.0,-0.02470738,0.00040237568,0.00039045428,0.0
2025-07-04 04:00:00,solar.bun_tlc#realenergyintotheload#kwh,BUNDOORA,0.0,-0.02195189,0.00089289556,0.0008664413,0.0
2025-07-04 05:00:00,solar.bun_tlc#realenergyintotheload#kwh,BUNDOORA,0.0,-0.02195189,0.00040237568,0.00039045428,0.0
2025-07-04 06:00:00,solar.bun_tlc#realenergyintotheload#kwh,BUNDOORA,0.0,-0.015542448,0.00089289556,0.0008664413,0.0
2025-07-04 07:00:00,solar.bun_tlc#realenergyintotheload#kwh,BUNDOORA,0.0,0.1504456,0.00063365593,0.0006148823,0.0
2025-07-04 08:00:00,solar.bun_tlc#realenergyintotheload#kwh,BUNDOORA,0.0,-0.10065533,0.27804837,0.2698105,9.0
2025-07-04 09:00:00,solar.bun_tlc#realenergyintotheload#kwh,BUNDOORA,0.0,0.35971335,6.835013,6.6325088,137.0
2025-07-04 10:00:00,solar.bun_tlc#realenergyintotheload#kwh,BUNDOORA,0.0,3.713607,14.181554,13.76139,282.0
2025-07-04 11:00:00,solar.bun_tlc#realenergyintotheload#kwh,BUNDOORA,0.0,15.2669115,20.71207,20.098423,394.0
2025-07-04 12:00:00,solar.bun_tlc#realenergyintotheload#kwh,BUNDOORA,0.0,12.05711,23.277342,22.587692,456.0
2025-07-04 13:00:00,solar.bun_tlc#realenergyintotheload#kwh,BUNDOORA,0.0,15.356057,23.199732,22.512383,464.0
2025-07-04 14:00:00,solar.bun_tlc#realenergyintotheload#kwh,BUNDOORA,0.0,15.768048,21.39823,20.764254,416.0
2025-07-04 15:00:00,solar.bun_tlc#realenergyintotheload#kwh,BUNDOORA,0.0,8.356772,9.336279,9.059669,193.0
2025-07-04 16:00:00,solar.bun_tlc#realenergyintotheload#kwh,BUNDOORA,0.0,5.3495326,3.3884866,3.2880943,75.0
2025-07-04 17:00:00,solar.bun_tlc#realenergyintotheload#kwh,BUNDOORA,0.0,3.4346032,1.1055499,1.0727953,27.0
2025-07-04 18:00:00,solar.bun_tlc#realenergyintotheload#kwh,BUNDOORA,0.0,0.9215442,0.0014210439,0.0013789419,0.0
2025-07-04 19:00:00,solar.bun_tlc#realenergyintotheload#kwh,BUNDOORA,0.0,0.03548251,0.0015455331,0.0014997427,0.0
2025-07-04 20:00:00,solar.bun_tlc#realenergyintotheload#kwh,BUNDOORA,0.0,-0.010139851,0.0012173192,0.001181253,0.0
2025-07-04 21:00:00,solar.bun_tlc#realenergyintotheload#kwh,BUNDOORA,0.0,0.18844812,0.002109015,0.0020465301,0.0
2025-07-04 22:00:00,solar.bun_tlc#realenergyintotheload#kwh,BUNDOORA,0.0,0.21513034,0.002109015,0.0020465301,0.0
2025-07-04 23:00:00,solar.bun_tlc#realenergyintotheload#kwh,BUNDOORA,0.0,0.19203903,0.0028168014,0.0027333465,0.0
2025-07-05 00:00:00,solar.bun_tlc#realenergyintotheload#kwh,BUNDOORA,0.0,0.29503018,0.002121103,0.00205826,0.0
2025-07-05 01:00:00,solar.bun_tlc#realenergyintotheload#kwh,BUNDOORA,0.0,0.0060433964,0.0019737063,0.0019152303,0.0
2025-07-05 02:00:00,solar.bun_tlc#realenergyintotheload#kwh,BUNDOORA,0.0,-0.00916812,0.0015595268,0.0015133219,0.0
2025-07-05 03:00:00,solar.bun_tlc#realenergyintotheload#kwh,BUNDOORA,0.0,-0.16235228,0.005903745,0.005728832,0.0
2025-07-05 04:00:00,solar.bun_tlc#realenergyintotheload#kwh,BUNDOORA,0.0,-0.1725316,0.0022675036,0.0022003232,0.0
2025-07-05 05:00:00,solar.bun_tlc#realenergyintotheload#kwh,BUNDOORA,0.0,0.048147812,-0.00070701167,0.0,0.0
2025-07-05 06:00:00,solar.bun_tlc#realenergyintotheload#kwh,BUNDOORA,0.0,-0.47771016,0.0054827384,0.0053202985,0.0
2025-07-05 07:00:00,solar.bun_tlc#realenergyintotheload#kwh,BUNDOORA,0.0,0.25816894,0.0042339666,0.004108525,0.0
2025-07-05 08:00:00,solar.bun_tlc#realenergyintotheload#kwh,BUNDOORA,0.0,1.6221448,0.27975035,0.27146205,9.0
2025-07-05 09:00:00,solar.bun_tlc#realenergyintotheload#kwh,BUNDOORA,0.0,1.6299103,6.8619576,6.6586547,140.0
2025-07-05 10:00:00,solar.bun_tlc#realenergyintotheload#kwh,BUNDOORA,0.0,4.1518703,14.263375,13.840787,285.0
2025-07-05 11:00:00,solar.bun_tlc#realenergyintotheload#kwh,BUNDOORA,0.0,12.102605,20.067873,19.473312,396.0
2025-07-05 12:00:00,solar.bun_tlc#realenergyintotheload#kwh,BUNDOORA,0.0,15.427802,23.58569,22.886904,458.0
2025-07-05 13:00:00,solar.bun_tlc#realenergyintotheload#kwh,BUNDOORA,0.0,18.824646,23.243067,22.554432,466.0
2025-07-05 14:00:00,solar.bun_tlc#realenergyintotheload#kwh,BUNDOORA,0.0,22.88411,21.486572,20.84998,420.0
2025-07-05 15:00:00,solar.bun_tlc#realenergyintotheload#kwh,BUNDOORA,0.0,19.088799,16.12027,15.642667,323.0
2025-07-05 16:00:00,solar.bun_tlc#realenergyintotheload#kwh,BUNDOORA,0.0,9.261648,7.960429,7.7245817,159.0
2025-07-05 17:00:00,solar.bun_tlc#realenergyintotheload#kwh,BUNDOORA,0.0,2.7261543,0.87305784,0.84719133,24.0
2025-07-05 18:00:00,solar.bun_tlc#realenergyintotheload#kwh,BUNDOORA,0.0,2.5007071,-0.0033941935,0.0,0.0
2025-07-05 19:00:00,solar.bun_tlc#realenergyintotheload#kwh,BUNDOORA,0.0,0.3183393,0.0022203312,0.0021545484,0.0
2025-07-05 20:00:00,solar.bun_tlc#realenergyintotheload#kwh,BUNDOORA,0.0,0.06753235,-0.0028844567,0.0,0.0
2025-07-05 21:00:00,solar.bun_tlc#realenergyintotheload#kwh,BUNDOORA,0.0,-0.0449849,0.0018539807,0.0017990519,0.0
2025-07-05 22:00:00,solar.bun_tlc#realenergyintotheload#kwh,BUNDOORA,0.0,-0.038809367,-0.007578492,0.0,0.0
2025-07-05 23:00:00,solar.bun_tlc#realenergyintotheload#kwh,BUNDOORA,0.0,-0.009789154,-0.002368855,0.0,0.0
2025-07-06 00:00:00,solar.bun_tlc#realenergyintotheload#kwh,BUNDOORA,0.0,-0.05170622,-0.0023124884,0.0,0.0
2025-07-06 01:00:00,solar.bun_tlc#realenergyintotheload#kwh,BUNDOORA,0.0,0.065735124,0.0051352847,0.004983139,0.0
2025-07-06 02:00:00,solar.bun_tlc#realenergyintotheload#kwh,BUNDOORA,0.0,0.1842822,0.0056089154,0.005442737,0.0
2025-07-06 03:00:00,solar.bun_tlc#realenergyintotheload#kwh,BUNDOORA,0.0,0.41756672,-0.0048650266,0.0,0.0
2025-07-06 04:00:00,solar.bun_tlc#realenergyintotheload#kwh,BUNDOORA,0.0,0.015972568,0.0003446107,0.00033440074,0.0
2025-07-06 05:00:00,solar.bun_tlc#realenergyintotheload#kwh,BUNDOORA,0.0,0.04212319,0.0012477925,0.0012108235,0.0
2025-07-06 06:00:00,solar.bun_tlc#realenergyintotheload#kwh,BUNDOORA,0.0,0.026305811,0.0008296767,0.0008050954,0.0
2025-07-06 07:00:00,solar.bun_tlc#realenergyintotheload#kwh,BUNDOORA,0.0,0.23084435,0.00063148636,0.000612777,0.0
2025-07-06 08:00:00,solar.bun_tlc#realenergyintotheload#kwh,BUNDOORA,0.15625,0.5499049,0.14960735,0.14517486,6.0
2025-07-06 09:00:00,solar.bun_tlc#realenergyintotheload#kwh,BUNDOORA,2.09375,0.82680017,6.1511436,5.9689007,130.0
2025-07-06 10:00:00,solar.bun_tlc#realenergyintotheload#kwh,BUNDOORA,5.71875,11.778705,13.170821,12.780602,257.0
2025-07-06 11:00:00,solar.bun_tlc#realenergyintotheload#kwh,BUNDOORA,13.21875,13.766156,18.826733,18.268944,369.0
2025-07-06 12:00:00,solar.bun_tlc#realenergyintotheload#kwh,BUNDOORA,13.15625,10.041557,16.489988,16.00143,319.0
2025-07-06 13:00:00,solar.bun_tlc#realenergyintotheload#kwh,BUNDOORA,5.65625,8.685554,6.3259177,6.1384964,132.0
2025-07-06 14:00:00,solar.bun_tlc#realenergyintotheload#kwh,BUNDOORA,6.3125,11.872193,10.159171,9.85818,228.0
2025-07-06 15:00:00,solar.bun_tlc#realenergyintotheload#kwh,BUNDOORA,7.21875,6.029211,8.46592,8.215096,176.0
2025-07-06 16:00:00,solar.bun_tlc#realenergyintotheload#kwh,BUNDOORA,3.90625,9.773661,6.1289053,5.947321,133.0
2025-07-06 17:00:00,solar.bun_tlc#realenergyintotheload#kwh,BUNDOORA,2.78125,4.0489388,0.98367995,0.95453596,26.0
2025-07-06 18:00:00,solar.bun_tlc#realenergyintotheload#kwh,BUNDOORA,0.15625,0.20048957,0.0012682043,0.0012306306,0.0
2025-07-06 19:00:00,solar.bun_tlc#realenergyintotheload#kwh,BUNDOORA,0.0,0.0063048513,0.001525375,0.0014801819,0.0
2025-07-06 20:00:00,solar.bun_tlc#realenergyintotheload#kwh,BUNDOORA,0.0,0.0044263406,0.002090388,0.002028455,0.0
2025-07-06 21:00:00,solar.bun_tlc#realenergyintotheload#kwh,BUNDOORA,0.0,0.007595748,0.001525375,0.0014801819,0.0
2025-07-06 22:00:00,solar.bun_tlc#realenergyintotheload#kwh,BUNDOORA,0.0,0.004551584,0.001525375,0.0014801819,0.0
2025-07-06 23:00:00,solar.bun_tlc#realenergyintotheload#kwh,BUNDOORA,0.0,-0.011841476,0.00089289556,0.0008664413,0.0
2025-07-07 00:00:00,solar.bun_tlc#realenergyintotheload#kwh,BUNDOORA,0.0,-0.02470738,0.00089289556,0.0008664413,0.0
2025-07-07 01:00:00,solar.bun_tlc#realenergyintotheload#kwh,BUNDOORA,0.0,-0.02470738,0.00040237568,0.00039045428,0.0
2025-07-07 02:00:00,solar.bun_tlc#realenergyintotheload#kwh,BUNDOORA,0.0,-0.02470738,0.00040237568,0.00039045428,0.0
2025-07-07 03:00:00,solar.bun_tlc#realenergyintotheload#kwh,BUNDOORA,0.0,-0.02470738,0.00040237568,0.00039045428,0.0
2025-07-07 04:00:00,solar.bun_tlc#realenergyintotheload#kwh,BUNDOORA,0.0,-0.020089101,0.0009673884,0.0009387271,0.0
2025-07-07 05:00:00,solar.bun_tlc#realenergyintotheload#kwh,BUNDOORA,0.0,-0.024065819,0.0009673884,0.0009387271,0.0
2025-07-07 06:00:00,solar.bun_tlc#realenergyintotheload#kwh,BUNDOORA,0.0,-0.024065819,0.00040237568,0.00039045428,0.0
2025-07-07 07:00:00,solar.bun_tlc#realenergyintotheload#kwh,BUNDOORA,0.0,0.044451006,0.0009673884,0.0009387271,0.0
2025-07-07 08:00:00,solar.bun_tlc#realenergyintotheload#kwh,BUNDOORA,0.125,0.02709793,0.2818235,0.27347377,9.0
2025-07-07 09:00:00,solar.bun_tlc#realenergyintotheload#kwh,BUNDOORA,2.375,0.36179444,6.3424087,6.154499,135.0
2025-07-07 10:00:00,solar.bun_tlc#realenergyintotheload#kwh,BUNDOORA,5.8125,7.144872,15.064056,14.617746,284.0
2025-07-07 11:00:00,solar.bun_tlc#realenergyintotheload#kwh,BUNDOORA,11.375,18.43553,19.557413,18.977976,376.0
2025-07-07 12:00:00,solar.bun_tlc#realenergyintotheload#kwh,BUNDOORA,20.5625,13.274347,23.535515,22.838217,436.0
2025-07-07 13:00:00,solar.bun_tlc#realenergyintotheload#kwh,BUNDOORA,22.125,15.166976,22.67137,21.999674,429.0
2025-07-07 14:00:00,solar.bun_tlc#realenergyintotheload#kwh,BUNDOORA,20.1875,11.76353,18.663185,18.11024,363.0
2025-07-07 15:00:00,solar.bun_tlc#realenergyintotheload#kwh,BUNDOORA,12.71875,14.185969,13.699079,13.293209,262.0
2025-07-07 16:00:00,solar.bun_tlc#realenergyintotheload#kwh,BUNDOORA,6.71875,7.551157,6.304384,6.117601,139.0
2025-07-07 17:00:00,solar.bun_tlc#realenergyintotheload#kwh,BUNDOORA,1.6875,2.6467519,0.9821114,0.9530139,26.0
2025-07-07 18:00:00,solar.bun_tlc#realenergyintotheload#kwh,BUNDOORA,0.0,0.20266902,0.0010403094,0.0010094877,0.0
2025-07-07 19:00:00,solar.bun_tlc#realenergyintotheload#kwh,BUNDOORA,0.0,0.14703968,0.0007436888,0.00072165515,0.0
2025-07-07 20:00:00,solar.bun_tlc#realenergyintotheload#kwh,BUNDOORA,0.0,-0.017685961,0.0007436888,0.00072165515,0.0
2025-07-07 21:00:00,solar.bun_tlc#realenergyintotheload#kwh,BUNDOORA,0.0,-0.031990815,0.001145835,0.0011118868,0.0
2025-07-07 22:00:00,solar.bun_tlc#realenergyintotheload#kwh,BUNDOORA,0.0,0.07791103,0.0012951375,0.0012567658,0.0
2025-07-07 23:00:00,solar.bun_tlc#realenergyintotheload#kwh,BUNDOORA,0.0,0.40489262,-0.0037052513,0.0,0.0
2025-07-08 00:00:00,solar.bun_tlc#realenergyintotheload#kwh,BUNDOORA,0.0,-0.06780801,0.0022552253,0.0021884085,0.0
2025-07-08 01:00:00,solar.bun_tlc#realenergyintotheload#kwh,BUNDOORA,0.0,-0.029181072,0.0019091981,0.0018526333,0.0
2025-07-08 02:00:00,solar.bun_tlc#realenergyintotheload#kwh,BUNDOORA,0.0,-0.023118814,-0.0031401028,0.0,0.0
2025-07-08 03:00:00,solar.bun_tlc#realenergyintotheload#kwh,BUNDOORA,0.0,-0.1045736,-0.0031590664,0.0,0.0
2025-07-08 04:00:00,solar.bun_tlc#realenergyintotheload#kwh,BUNDOORA,0.0,-0.073610574,-0.0028188196,0.0,0.0
2025-07-08 05:00:00,solar.bun_tlc#realenergyintotheload#kwh,BUNDOORA,0.0,-0.043976862,-0.0028188196,0.0,0.0
2025-07-08 06:00:00,solar.bun_tlc#realenergyintotheload#kwh,BUNDOORA,0.0,0.0054774764,-0.0035145178,0.0,0.0
2025-07-08 07:00:00,solar.bun_tlc#realenergyintotheload#kwh,BUNDOORA,0.0,0.01032841,-0.0035145178,0.0,0.0
2025-07-08 08:00:00,solar.bun_tlc#realenergyintotheload#kwh,BUNDOORA,0.03125,0.5043335,0.0010616314,0.0010301779,1.0
2025-07-08 09:00:00,solar.bun_tlc#realenergyintotheload#kwh,BUNDOORA,1.0,1.4753186,1.1506112,1.1165215,28.0
2025-07-08 10:00:00,solar.bun_tlc#realenergyintotheload#kwh,BUNDOORA,1.53125,4.418715,3.763166,3.6516728,81.0
2025-07-08 11:00:00,solar.bun_tlc#realenergyintotheload#kwh,BUNDOORA,5.21875,12.601303,10.043839,9.746265,200.0
2025-07-08 12:00:00,solar.bun_tlc#realenergyintotheload#kwh,BUNDOORA,19.21875,14.980103,21.936865,21.28693,409.0
2025-07-08 13:00:00,solar.bun_tlc#realenergyintotheload#kwh,BUNDOORA,17.5,11.439254,12.347407,11.981585,248.0
2025-07-08 14:00:00,solar.bun_tlc#realenergyintotheload#kwh,BUNDOORA,4.28125,3.7252367,2.9552405,2.8676841,64.0
2025-07-08 15:00:00,solar.bun_tlc#realenergyintotheload#kwh,BUNDOORA,4.78125,2.7420602,6.3526273,6.164415,137.0
2025-07-08 16:00:00,solar.bun_tlc#realenergyintotheload#kwh,BUNDOORA,4.5625,2.681789,2.6430683,2.5647607,57.0
2025-07-08 17:00:00,solar.bun_tlc#realenergyintotheload#kwh,BUNDOORA,1.09375,2.427892,0.5161562,0.5008638,14.0
2025-07-08 18:00:00,solar.bun_tlc#realenergyintotheload#kwh,BUNDOORA,0.0,0.71467096,0.0018555272,0.0018005525,0.0
2025-07-08 19:00:00,solar.bun_tlc#realenergyintotheload#kwh,BUNDOORA,0.0,0.10576947,0.0014564494,0.0014132984,0.0
2025-07-08 20:00:00,solar.bun_tlc#realenergyintotheload#kwh,BUNDOORA,0.0,0.0897473,-0.002432074,0.0,0.0
2025-07-08 21:00:00,solar.bun_tlc#realenergyintotheload#kwh,BUNDOORA,0.0,0.056380194,-0.002432074,0.0,0.0
2025-07-08 22:00:00,solar.bun_tlc#realenergyintotheload#kwh,BUNDOORA,0.0,-0.09061429,-0.0026654757,0.0,0.0
2025-07-08 23:00:00,solar.bun_tlc#realenergyintotheload#kwh,BUNDOORA,0.0,-0.24159373,0.0035242748,0.0034198593,0.0
2025-07-09 00:00:00,solar.bun_tlc#realenergyintotheload#kwh,BUNDOORA,0.0,-0.24159373,0.0035242748,0.0034198593,0.0
2025-07-09 01:00:00,solar.bun_tlc#realenergyintotheload#kwh,BUNDOORA,0.0,-0.11249266,0.0035242748,0.0034198593,0.0
2025-07-09 02:00:00,solar.bun_tlc#realenergyintotheload#kwh,BUNDOORA,0.0,-0.088281505,0.0035242748,0.0034198593,0.0
2025-07-09 03:00:00,solar.bun_tlc#realenergyintotheload#kwh,BUNDOORA,0.0,-0.088281505,0.0035242748,0.0034198593,0.0
2025-07-09 04:00:00,solar.bun_tlc#realenergyintotheload#kwh,BUNDOORA,0.0,-0.12123011,0.0035242748,0.0034198593,0.0
2025-07-09 05:00:00,solar.bun_tlc#realenergyintotheload#kwh,BUNDOORA,0.0,-0.11249266,0.0035242748,0.0034198593,0.0
2025-07-09 06:00:00,solar.bun_tlc#realenergyintotheload#kwh,BUNDOORA,0.0,-0.11249266,0.0035242748,0.0034198593,0.0
2025-07-09 07:00:00,solar.bun_tlc#realenergyintotheload#kwh,BUNDOORA,0.0,0.12765539,-0.0026654757,0.0,0.0
2025-07-09 08:00:00,solar.bun_tlc#realenergyintotheload#kwh,BUNDOORA,0.125,0.26260298,0.34157005,0.3314502,11.0
2025-07-09 09:00:00,solar.bun_tlc#realenergyintotheload#kwh,BUNDOORA,2.53125,1.9510686,6.9064245,6.7018046,146.0
2025-07-09 10:00:00,solar.bun_tlc#realenergyintotheload#kwh,BUNDOORA,5.96875,2.823635,15.078252,14.631521,289.0
2025-07-09 11:00:00,solar.bun_tlc#realenergyintotheload#kwh,BUNDOORA,12.375,8.640565,21.476707,20.840406,400.0
2025-07-09 12:00:00,solar.bun_tlc#realenergyintotheload#kwh,BUNDOORA,22.5,10.445426,24.228325,23.5105,463.0
2025-07-09 13:00:00,solar.bun_tlc#realenergyintotheload#kwh,BUNDOORA,21.3125,13.454031,23.399841,22.706562,435.0
2025-07-09 14:00:00,solar.bun_tlc#realenergyintotheload#kwh,BUNDOORA,9.40625,10.87623,7.765529,7.5354557,159.0
2025-07-09 15:00:00,solar.bun_tlc#realenergyintotheload#kwh,BUNDOORA,8.28125,12.903958,10.789967,10.470286,215.0
2025-07-09 16:00:00,solar.bun_tlc#realenergyintotheload#kwh,BUNDOORA,6.625,6.734608,5.719985,5.550516,127.0
2025-07-09 17:00:00,solar.bun_tlc#realenergyintotheload#kwh,BUNDOORA,2.0,2.7155192,0.50854725,0.49348027,16.0
2025-07-09 18:00:00,solar.bun_tlc#realenergyintotheload#kwh,BUNDOORA,0.03125,0.037511192,-0.0058601624,0.0,0.0
2025-07-09 19:00:00,solar.bun_tlc#realenergyintotheload#kwh,BUNDOORA,0.0,-0.03631779,-0.003367121,0.0,0.0
2025-07-09 20:00:00,solar.bun_tlc#realenergyintotheload#kwh,BUNDOORA,0.0,-0.030549288,0.0016063048,0.001558714,0.0
2025-07-09 21:00:00,solar.bun_tlc#realenergyintotheload#kwh,BUNDOORA,0.0,-0.030549288,0.0016063048,0.001558714,0.0
2025-07-09 22:00:00,solar.bun_tlc#realenergyintotheload#kwh,BUNDOORA,0.0,-0.026366651,-0.003367121,0.0,0.0
2025-07-09 23:00:00,solar.bun_tlc#realenergyintotheload#kwh,BUNDOORA,0.0,-0.005283424,-0.003367121,0.0,0.0
2025-07-10 00:00:00,solar.bun_tlc#realenergyintotheload#kwh,BUNDOORA,0.0,0.04630555,-0.003367121,0.0,0.0
2025-07-10 01:00:00,solar.bun_tlc#realenergyintotheload#kwh,BUNDOORA,0.0,0.01701721,0.002121103,0.00205826,0.0
2025-07-10 02:00:00,solar.bun_tlc#realenergyintotheload#kwh,BUNDOORA,0.0,0.17490199,0.002121103,0.00205826,0.0
2025-07-10 03:00:00,solar.bun_tlc#realenergyintotheload#kwh,BUNDOORA,0.0,0.08965087,0.0010092646,0.0009793626,0.0
2025-07-10 04:00:00,solar.bun_tlc#realenergyintotheload#kwh,BUNDOORA,0.0,0.15451656,0.0010092646,0.0009793626,0.0
2025-07-10 05:00:00,solar.bun_tlc#realenergyintotheload#kwh,BUNDOORA,0.0,0.025593689,0.0010092646,0.0009793626,0.0
2025-07-10 06:00:00,solar.bun_tlc#realenergyintotheload#kwh,BUNDOORA,0.0,0.14016479,0.0010092646,0.0009793626,0.0
2025-07-10 07:00:00,solar.bun_tlc#realenergyintotheload#kwh,BUNDOORA,0.0,0.29305488,0.0010092646,0.0009793626,0.0
2025-07-10 08:00:00,solar.bun_tlc#realenergyintotheload#kwh,BUNDOORA,0.0,0.07511037,0.08943373,0.086784035,4.0
2025-07-10 09:00:00,solar.bun_tlc#realenergyintotheload#kwh,BUNDOORA,0.0,0.8864079,1.1878334,1.1526409,29.0
2025-07-10 10:00:00,solar.bun_tlc#realenergyintotheload#kwh,BUNDOORA,0.0,1.9576725,9.955613,9.660653,206.0
2025-07-10 11:00:00,solar.bun_tlc#realenergyintotheload#kwh,BUNDOORA,0.0,3.0201583,10.439936,10.130627,210.0
2025-07-10 12:00:00,solar.bun_tlc#realenergyintotheload#kwh,BUNDOORA,0.0,7.851735,17.080645,16.574587,337.0
2025-07-10 13:00:00,solar.bun_tlc#realenergyintotheload#kwh,BUNDOORA,0.0,7.650061,15.524793,15.064832,295.0
2025-07-10 14:00:00,solar.bun_tlc#realenergyintotheload#kwh,BUNDOORA,0.0,6.191868,13.990067,13.575576,279.0
2025-07-10 15:00:00,solar.bun_tlc#realenergyintotheload#kwh,BUNDOORA,0.0,3.9189677,7.7967114,7.5657144,160.0
2025-07-10 16:00:00,solar.bun_tlc#realenergyintotheload#kwh,BUNDOORA,0.0,2.5944679,6.1447864,5.962732,136.0
2025-07-10 17:00:00,solar.bun_tlc#realenergyintotheload#kwh,BUNDOORA,0.0,3.3748553,0.9812456,0.9521737,25.0
2025-07-10 18:00:00,solar.bun_tlc#realenergyintotheload#kwh,BUNDOORA,0.0,0.5955253,-0.002368855,0.0,0.0
2025-07-10 19:00:00,solar.bun_tlc#realenergyintotheload#kwh,BUNDOORA,0.0,0.16702384,0.0004287247,0.00041602267,0.0
2025-07-10 20:00:00,solar.bun_tlc#realenergyintotheload#kwh,BUNDOORA,0.0,0.13980642,0.0004476883,0.0004344244,0.0
2025-07-10 21:00:00,solar.bun_tlc#realenergyintotheload#kwh,BUNDOORA,0.0,-0.012345852,-2.7993621e-05,0.0,0.0
2025-07-10 22:00:00,solar.bun_tlc#realenergyintotheload#kwh,BUNDOORA,0.0,0.0052897264,0.00052162074,0.0005061664,0.0
2025-07-10 23:00:00,solar.bun_tlc#realenergyintotheload#kwh,BUNDOORA,0.0,0.11904944,0.0004476883,0.0004344244,0.0
2025-07-11 00:00:00,solar.bun_tlc#realenergyintotheload#kwh,BUNDOORA,0.0,0.004402863,0.0008498347,0.0008246562,0.0
2025-07-11 01:00:00,solar.bun_tlc#realenergyintotheload#kwh,BUNDOORA,0.0,0.10068307,0.0005994388,0.00058167893,0.0
2025-07-11 02:00:00,solar.bun_tlc#realenergyintotheload#kwh,BUNDOORA,0.0,-0.009232976,0.0018042723,0.0017508162,0.0
2025-07-11 03:00:00,solar.bun_tlc#realenergyintotheload#kwh,BUNDOORA,0.0,-0.01487027,0.001187516,0.0011523329,0.0
2025-07-11 04:00:00,solar.bun_tlc#realenergyintotheload#kwh,BUNDOORA,0.0,-0.1009923,0.0010382137,0.001007454,0.0
2025-07-11 05:00:00,solar.bun_tlc#realenergyintotheload#kwh,BUNDOORA,0.0,-0.08728066,0.0007436888,0.00072165515,0.0
2025-07-11 06:00:00,solar.bun_tlc#realenergyintotheload#kwh,BUNDOORA,0.0,0.07583446,0.0007436888,0.00072165515,0.0
2025-07-11 07:00:00,solar.bun_tlc#realenergyintotheload#kwh,BUNDOORA,0.0,0.35032877,0.00097499485,0.0009461082,0.0
2025-07-11 08:00:00,solar.bun_tlc#realenergyintotheload#kwh,BUNDOORA,0.0,1.0170054,0.20006973,0.19414216,7.0
2025-07-11 09:00:00,solar.bun_tlc#realenergyintotheload#kwh,BUNDOORA,0.0,0.5810585,6.423937,6.2336116,135.0
2025-07-11 10:00:00,solar.bun_tlc#realenergyintotheload#kwh,BUNDOORA,0.0,1.8492507,7.8450203,7.6125917,177.0
2025-07-11 11:00:00,solar.bun_tlc#realenergyintotheload#kwh,BUNDOORA,0.0,7.8162932,18.585241,18.034607,354.0
2025-07-11 12:00:00,solar.bun_tlc#realenergyintotheload#kwh,BUNDOORA,0.0,9.406236,7.3517675,7.133953,156.0
2025-07-11 13:00:00,solar.bun_tlc#realenergyintotheload#kwh,BUNDOORA,0.0,7.2345414,7.948618,7.7131205,169.0
2025-07-11 14:00:00,solar.bun_tlc#realenergyintotheload#kwh,BUNDOORA,0.0,7.6527104,10.263595,9.95951,210.0
2025-07-11 15:00:00,solar.bun_tlc#realenergyintotheload#kwh,BUNDOORA,0.0,8.538319,7.644636,7.4181447,159.0
2025-07-11 16:00:00,solar.bun_tlc#realenergyintotheload#kwh,BUNDOORA,0.0,4.1761575,4.5088854,4.3752985,96.0
2025-07-11 17:00:00,solar.bun_tlc#realenergyintotheload#kwh,BUNDOORA,0.0,2.7132382,0.8572629,0.83186436,24.0
2025-07-11 18:00:00,solar.bun_tlc#realenergyintotheload#kwh,BUNDOORA,0.0,0.43430015,0.0004105337,0.0003983706,0.0
2025-07-11 19:00:00,solar.bun_tlc#realenergyintotheload#kwh,BUNDOORA,0.0,0.04500973,0.0010089646,0.0009790715,0.0
2025-07-11 20:00:00,solar.bun_tlc#realenergyintotheload#kwh,BUNDOORA,0.0,-0.028034423,0.0010089646,0.0009790715,0.0
2025-07-11 21:00:00,solar.bun_tlc#realenergyintotheload#kwh,BUNDOORA,0.0,-0.024489015,0.0010721834,0.0010404172,0.0
2025-07-11 22:00:00,solar.bun_tlc#realenergyintotheload#kwh,BUNDOORA,0.0,-0.061700933,0.002200079,0.002134896,0.0
2025-07-11 23:00:00,solar.bun_tlc#realenergyintotheload#kwh,BUNDOORA,0.0,-0.066475384,0.0016016482,0.0015541953,0.0
2025-07-12 00:00:00,solar.bun_tlc#realenergyintotheload#kwh,BUNDOORA,0.0,-0.06674013,0.0009059498,0.0008791088,0.0
2025-07-12 01:00:00,solar.bun_tlc#realenergyintotheload#kwh,BUNDOORA,0.0,-0.07201062,0.0015043805,0.0014598095,0.0
2025-07-12 02:00:00,solar.bun_tlc#realenergyintotheload#kwh,BUNDOORA,0.0,0.003074504,0.00040237568,0.00039045428,0.0
2025-07-12 03:00:00,solar.bun_tlc#realenergyintotheload#kwh,BUNDOORA,0.0,-0.07201062,0.0015043805,0.0014598095,0.0
2025-07-12 04:00:00,solar.bun_tlc#realenergyintotheload#kwh,BUNDOORA,0.0,-0.008617008,0.00063365593,0.0006148823,0.0
2025-07-12 05:00:00,solar.bun_tlc#realenergyintotheload#kwh,BUNDOORA,0.0,-0.006350853,0.00063365593,0.0006148823,0.0
2025-07-12 06:00:00,solar.bun_tlc#realenergyintotheload#kwh,BUNDOORA,0.0,0.0013521402,0.00063365593,0.0006148823,0.0
2025-07-12 07:00:00,solar.bun_tlc#realenergyintotheload#kwh,BUNDOORA,0.0,0.39897263,0.00089289556,0.0008664413,0.0
2025-07-12 08:00:00,solar.bun_tlc#realenergyintotheload#kwh,BUNDOORA,0.0,0.150021,0.2019106,0.1959285,7.0
2025-07-12 09:00:00,solar.bun_tlc#realenergyintotheload#kwh,BUNDOORA,0.0,1.0165168,3.9816127,3.8636475,83.0
2025-07-12 10:00:00,solar.bun_tlc#realenergyintotheload#kwh,BUNDOORA,0.0,1.1815392,9.005282,8.738479,190.0
2025-07-12 11:00:00,solar.bun_tlc#realenergyintotheload#kwh,BUNDOORA,0.0,10.567636,20.352129,19.749146,390.0
2025-07-12 12:00:00,solar.bun_tlc#realenergyintotheload#kwh,BUNDOORA,0.0,16.70887,20.485136,19.878212,386.0
2025-07-12 13:00:00,solar.bun_tlc#realenergyintotheload#kwh,BUNDOORA,0.0,14.176163,21.692547,21.04985,405.0
2025-07-12 14:00:00,solar.bun_tlc#realenergyintotheload#kwh,BUNDOORA,0.0,13.252744,13.879626,13.468408,277.0
2025-07-12 15:00:00,solar.bun_tlc#realenergyintotheload#kwh,BUNDOORA,0.0,12.632942,11.228179,10.895516,225.0
2025-07-12 16:00:00,solar.bun_tlc#realenergyintotheload#kwh,BUNDOORA,0.0,5.8311176,2.987197,2.8986938,64.0
2025-07-12 17:00:00,solar.bun_tlc#realenergyintotheload#kwh,BUNDOORA,0.0,1.9564447,0.70705485,0.68610656,20.0
2025-07-12 18:00:00,solar.bun_tlc#realenergyintotheload#kwh,BUNDOORA,0.0,0.7852642,0.00078313827,0.0007599358,0.0
2025-07-12 19:00:00,solar.bun_tlc#realenergyintotheload#kwh,BUNDOORA,0.0,0.14316227,0.00078313827,0.0007599358,0.0
2025-07-12 20:00:00,solar.bun_tlc#realenergyintotheload#kwh,BUNDOORA,0.0,0.03558496,0.00048651735,0.00047210307,0.0
2025-07-12 21:00:00,solar.bun_tlc#realenergyintotheload#kwh,BUNDOORA,0.0,-0.038391173,0.0007810423,0.000757902,0.0
2025-07-12 22:00:00,solar.bun_tlc#realenergyintotheload#kwh,BUNDOORA,0.0,-0.16450834,0.0016517665,0.0016028287,0.0
2025-07-12 23:00:00,solar.bun_tlc#realenergyintotheload#kwh,BUNDOORA,0.0,-0.057150993,0.0007810423,0.000757902,0.0
2025-07-13 00:00:00,solar.bun_tlc#realenergyintotheload#kwh,BUNDOORA,0.0,0.097506076,0.0014376643,0.0013950699,0.0
2025-07-13 01:00:00,solar.bun_tlc#realenergyintotheload#kwh,BUNDOORA,0.0,0.14506212,0.0024122335,0.002340765,0.0
2025-07-13 02:00:00,solar.bun_tlc#realenergyintotheload#kwh,BUNDOORA,0.0,-0.054761574,-0.00021010643,0.0,0.0
2025-07-13 03:00:00,solar.bun_tlc#realenergyintotheload#kwh,BUNDOORA,0.0,-0.07056447,0.002758272,0.0026765512,0.0
2025-07-13 04:00:00,solar.bun_tlc#realenergyintotheload#kwh,BUNDOORA,0.0,-0.1298763,0.0044699376,0.0043375045,0.0
2025-07-13 05:00:00,solar.bun_tlc#realenergyintotheload#kwh,BUNDOORA,0.0,0.07030056,-0.002671423,0.0,0.0
2025-07-13 06:00:00,solar.bun_tlc#realenergyintotheload#kwh,BUNDOORA,0.0,0.036729667,-0.0028188196,0.0,0.0
2025-07-13 07:00:00,solar.bun_tlc#realenergyintotheload#kwh,BUNDOORA,0.0,-0.099445365,-0.0031401028,0.0,0.0
2025-07-13 08:00:00,solar.bun_tlc#realenergyintotheload#kwh,BUNDOORA,0.03125,-0.0026853639,0.12177715,0.118169196,5.0
2025-07-13 09:00:00,solar.bun_tlc#realenergyintotheload#kwh,BUNDOORA,1.5,0.6234667,6.5054603,6.31272,130.0
2025-07-13 10:00:00,solar.bun_tlc#realenergyintotheload#kwh,BUNDOORA,7.28125,4.0156913,9.989925,9.693949,222.0
2025-07-13 11:00:00,solar.bun_tlc#realenergyintotheload#kwh,BUNDOORA,9.46875,12.793932,12.507063,12.13651,243.0
2025-07-13 12:00:00,solar.bun_tlc#realenergyintotheload#kwh,BUNDOORA,7.875,10.103373,8.540504,8.287471,177.0
2025-07-13 13:00:00,solar.bun_tlc#realenergyintotheload#kwh,BUNDOORA,10.0,12.609811,12.422866,12.054808,242.0
2025-07-13 14:00:00,solar.bun_tlc#realenergyintotheload#kwh,BUNDOORA,12.8125,15.237603,18.917526,18.357048,356.0
2025-07-13 15:00:00,solar.bun_tlc#realenergyintotheload#kwh,BUNDOORA,6.0,9.633725,5.6718745,5.503831,122.0
2025-07-13 16:00:00,solar.bun_tlc#realenergyintotheload#kwh,BUNDOORA,2.53125,7.3143806,3.2457485,3.149585,72.0
2025-07-13 17:00:00,solar.bun_tlc#realenergyintotheload#kwh,BUNDOORA,0.28125,0.19617279,0.40305072,0.39110935,13.0
2025-07-13 18:00:00,solar.bun_tlc#realenergyintotheload#kwh,BUNDOORA,0.0,-1.2692205,0.007245118,0.007030463,0.0
2025-07-13 19:00:00,solar.bun_tlc#realenergyintotheload#kwh,BUNDOORA,0.0,-0.1588808,0.003118596,0.0030261998,0.0
2025-07-13 20:00:00,solar.bun_tlc#realenergyintotheload#kwh,BUNDOORA,0.0,0.18603478,-0.0023396115,0.0,0.0
2025-07-13 21:00:00,solar.bun_tlc#realenergyintotheload#kwh,BUNDOORA,0.0,-0.16107446,0.00065862853,0.000639115,0.0
2025-07-13 22:00:00,solar.bun_tlc#realenergyintotheload#kwh,BUNDOORA,0.0,-0.9544315,0.0032577796,0.0031612597,0.0
2025-07-13 23:00:00,solar.bun_tlc#realenergyintotheload#kwh,BUNDOORA,0.0,0.011299066,-0.0019557835,0.0,0.0
2025-07-14 00:00:00,solar.bun_tlc#realenergyintotheload#kwh,BUNDOORA,0.0,0.017344505,-0.0025161733,0.0,0.0
2025-07-14 01:00:00,solar.bun_tlc#realenergyintotheload#kwh,BUNDOORA,0.0,-0.075934075,-0.0026654757,0.0,0.0
2025-07-14 02:00:00,solar.bun_tlc#realenergyintotheload#kwh,BUNDOORA,0.0,-0.08626728,-0.0026654757,0.0,0.0
2025-07-14 03:00:00,solar.bun_tlc#realenergyintotheload#kwh,BUNDOORA,0.0,-0.062917076,0.0009059498,0.0008791088,0.0
2025-07-14 04:00:00,solar.bun_tlc#realenergyintotheload#kwh,BUNDOORA,0.0,-0.094936036,3.5225275e-05,3.4181638e-05,0.0
2025-07-14 05:00:00,solar.bun_tlc#realenergyintotheload#kwh,BUNDOORA,0.0,0.051204756,3.5225275e-05,3.4181638e-05,0.0
2025-07-14 06:00:00,solar.bun_tlc#realenergyintotheload#kwh,BUNDOORA,0.0,-0.07423114,0.0009059498,0.0008791088,0.0
2025-07-14 07:00:00,solar.bun_tlc#realenergyintotheload#kwh,BUNDOORA,0.0,0.026782827,0.0009059498,0.0008791088,0.0
2025-07-14 08:00:00,solar.bun_tlc#realenergyintotheload#kwh,BUNDOORA,0.1875,0.09197287,0.42449656,0.4119198,13.0
2025-07-14 09:00:00,solar.bun_tlc#realenergyintotheload#kwh,BUNDOORA,2.875,0.9254619,7.2155123,7.0017347,151.0
2025-07-14 10:00:00,solar.bun_tlc#realenergyintotheload#kwh,BUNDOORA,7.125,5.7139134,15.836507,15.367311,299.0
2025-07-14 11:00:00,solar.bun_tlc#realenergyintotheload#kwh,BUNDOORA,15.5,14.000473,22.017944,21.365608,406.0
2025-07-14 12:00:00,solar.bun_tlc#realenergyintotheload#kwh,BUNDOORA,22.34375,10.575288,24.520094,23.793625,459.0
2025-07-14 13:00:00,solar.bun_tlc#realenergyintotheload#kwh,BUNDOORA,20.8125,15.500735,22.542229,21.87436,428.0
2025-07-14 14:00:00,solar.bun_tlc#realenergyintotheload#kwh,BUNDOORA,13.15625,9.743858,9.066911,8.798281,187.0
2025-07-14 15:00:00,solar.bun_tlc#realenergyintotheload#kwh,BUNDOORA,11.1875,8.848229,9.3260975,9.049788,184.0
2025-07-14 16:00:00,solar.bun_tlc#realenergyintotheload#kwh,BUNDOORA,4.3125,6.143916,5.9592686,5.7827106,123.0
2025-07-14 17:00:00,solar.bun_tlc#realenergyintotheload#kwh,BUNDOORA,1.21875,2.112385,0.7012142,0.680439,20.0
2025-07-14 18:00:00,solar.bun_tlc#realenergyintotheload#kwh,BUNDOORA,0.0,0.3595443,0.0144570805,0.014028753,0.0
2025-07-14 19:00:00,solar.bun_tlc#realenergyintotheload#kwh,BUNDOORA,0.0,0.09655742,0.011271308,0.010937368,0.0
2025-07-14 20:00:00,solar.bun_tlc#realenergyintotheload#kwh,BUNDOORA,0.0,0.095067546,0.011271308,0.010937368,0.0
2025-07-14 21:00:00,solar.bun_tlc#realenergyintotheload#kwh,BUNDOORA,0.0,0.10398018,-0.004484291,0.0,0.0
2025-07-14 22:00:00,solar.bun_tlc#realenergyintotheload#kwh,BUNDOORA,0.0,0.07763957,0.0011584884,0.0011241654,0.0
2025-07-14 23:00:00,solar.bun_tlc#realenergyintotheload#kwh,BUNDOORA,0.0,0.07072601,0.0013058851,0.001267195,0.0
2025-07-15 00:00:00,solar.bun_tlc#realenergyintotheload#kwh,BUNDOORA,0.0,0.087297365,0.0010092646,0.0009793626,0.0
2025-07-15 01:00:00,solar.bun_tlc#realenergyintotheload#kwh,BUNDOORA,0.0,0.074024044,0.0013058851,0.001267195,0.0
2025-07-15 02:00:00,solar.bun_tlc#realenergyintotheload#kwh,BUNDOORA,0.0,0.049274992,0.0014114107,0.0013695941,0.0
2025-07-15 03:00:00,solar.bun_tlc#realenergyintotheload#kwh,BUNDOORA,0.0,0.16327891,0.00086186785,0.00083633285,0.0
2025-07-15 04:00:00,solar.bun_tlc#realenergyintotheload#kwh,BUNDOORA,0.0,0.16305478,0.00086186785,0.00083633285,0.0
2025-07-15 05:00:00,solar.bun_tlc#realenergyintotheload#kwh,BUNDOORA,0.0,0.008300748,4.7989954e-05,4.656813e-05,0.0
2025-07-15 06:00:00,solar.bun_tlc#realenergyintotheload#kwh,BUNDOORA,0.0,-0.004303406,4.7989954e-05,4.656813e-05,0.0
2025-07-15 07:00:00,solar.bun_tlc#realenergyintotheload#kwh,BUNDOORA,0.0,0.095065735,-2.7993621e-05,0.0,0.0
2025-07-15 08:00:00,solar.bun_tlc#realenergyintotheload#kwh,BUNDOORA,0.09375,-0.019363528,0.35296255,0.34250516,10.0
2025-07-15 09:00:00,solar.bun_tlc#realenergyintotheload#kwh,BUNDOORA,2.25,0.2522441,5.5982456,5.4323835,115.0
2025-07-15 10:00:00,solar.bun_tlc#realenergyintotheload#kwh,BUNDOORA,5.28125,2.7158854,8.127917,7.8871074,170.0
2025-07-15 11:00:00,solar.bun_tlc#realenergyintotheload#kwh,BUNDOORA,8.6875,10.99699,14.104215,13.686342,267.0
2025-07-15 12:00:00,solar.bun_tlc#realenergyintotheload#kwh,BUNDOORA,10.3125,12.448002,10.958384,10.633714,221.0
2025-07-15 13:00:00,solar.bun_tlc#realenergyintotheload#kwh,BUNDOORA,20.625,11.22178,11.922485,11.569252,237.0
2025-07-15 14:00:00,solar.bun_tlc#realenergyintotheload#kwh,BUNDOORA,7.3125,9.656239,7.0952325,6.8850183,146.0
2025-07-15 15:00:00,solar.bun_tlc#realenergyintotheload#kwh,BUNDOORA,7.75,9.226759,8.952949,8.6876955,182.0
2025-07-15 16:00:00,solar.bun_tlc#realenergyintotheload#kwh,BUNDOORA,4.8125,6.9577975,4.840223,4.6968193,102.0
2025-07-15 17:00:00,solar.bun_tlc#realenergyintotheload#kwh,BUNDOORA,1.6875,1.8945401,2.1278462,2.0648034,44.0
2025-07-15 18:00:00,solar.bun_tlc#realenergyintotheload#kwh,BUNDOORA,0.0625,0.64378864,0.0011262973,0.0010929279,0.0
2025-07-15 19:00:00,solar.bun_tlc#realenergyintotheload#kwh,BUNDOORA,0.0,0.050093893,0.0011895162,0.0011542737,0.0
2025-07-15 20:00:00,solar.bun_tlc#realenergyintotheload#kwh,BUNDOORA,0.0,-0.08252197,3.5225275e-05,3.4181638e-05,0.0
2025-07-15 21:00:00,solar.bun_tlc#realenergyintotheload#kwh,BUNDOORA,0.0,-0.14926225,0.0009059498,0.0008791088,0.0
2025-07-15 22:00:00,solar.bun_tlc#realenergyintotheload#kwh,BUNDOORA,0.0,0.020295026,-0.0026654757,0.0,0.0
2025-07-15 23:00:00,solar.bun_tlc#realenergyintotheload#kwh,BUNDOORA,0.0,0.0350853,-0.0027286946,0.0,0.0
2025-07-16 00:00:00,solar.bun_tlc#realenergyintotheload#kwh,BUNDOORA,0.0,-0.041538905,-0.0027286946,0.0,0.0
2025-07-16 01:00:00,solar.bun_tlc#realenergyintotheload#kwh,BUNDOORA,0.0,-0.038693745,-0.0027286946,0.0,0.0
2025-07-16 02:00:00,solar.bun_tlc#realenergyintotheload#kwh,BUNDOORA,0.0,0.036977563,-0.0027286946,0.0,0.0
2025-07-16 03:00:00,solar.bun_tlc#realenergyintotheload#kwh,BUNDOORA,0.0,0.03064154,-0.0026654757,0.0,0.0
2025-07-16 04:00:00,solar.bun_tlc#realenergyintotheload#kwh,BUNDOORA,0.0,0.009701526,-0.0026654757,0.0,0.0
2025-07-16 05:00:00,solar.bun_tlc#realenergyintotheload#kwh,BUNDOORA,0.0,-0.11249266,0.0035242748,0.0034198593,0.0
2025-07-16 06:00:00,solar.bun_tlc#realenergyintotheload#kwh,BUNDOORA,0.0,-0.14361075,-0.0026654757,0.0,0.0
2025-07-16 07:00:00,solar.bun_tlc#realenergyintotheload#kwh,BUNDOORA,0.0,0.38749433,-0.0027286946,0.0,0.0
2025-07-16 08:00:00,solar.bun_tlc#realenergyintotheload#kwh,BUNDOORA,0.0,1.0032296,0.28801212,0.27947903,9.0
2025-07-16 09:00:00,solar.bun_tlc#realenergyintotheload#kwh,BUNDOORA,0.0,0.78323483,3.9987657,3.8802922,90.0
2025-07-16 10:00:00,solar.bun_tlc#realenergyintotheload#kwh,BUNDOORA,0.0,2.4090748,11.562988,11.220406,236.0
2025-07-16 11:00:00,solar.bun_tlc#realenergyintotheload#kwh,BUNDOORA,0.0,8.461799,20.886442,20.26763,391.0
2025-07-16 12:00:00,solar.bun_tlc#realenergyintotheload#kwh,BUNDOORA,0.0,10.217123,16.749792,16.253538,318.0
2025-07-16 13:00:00,solar.bun_tlc#realenergyintotheload#kwh,BUNDOORA,0.0,10.2467985,9.445503,9.165657,191.0
2025-07-16 14:00:00,solar.bun_tlc#realenergyintotheload#kwh,BUNDOORA,0.0,8.56924,6.9735327,6.7669244,142.0
2025-07-16 15:00:00,solar.bun_tlc#realenergyintotheload#kwh,BUNDOORA,0.0,8.264385,9.478482,9.197659,195.0
2025-07-16 16:00:00,solar.bun_tlc#realenergyintotheload#kwh,BUNDOORA,0.0,7.386318,2.9830704,2.8946896,61.0
2025-07-16 17:00:00,solar.bun_tlc#realenergyintotheload#kwh,BUNDOORA,0.0,2.1589043,1.104837,1.0721034,28.0
2025-07-16 18:00:00,solar.bun_tlc#realenergyintotheload#kwh,BUNDOORA,0.0,0.74549085,0.0004105337,0.0003983706,0.0
2025-07-16 19:00:00,solar.bun_tlc#realenergyintotheload#kwh,BUNDOORA,0.0,0.10006603,0.00048651735,0.00047210307,0.0
2025-07-16 20:00:00,solar.bun_tlc#realenergyintotheload#kwh,BUNDOORA,0.0,0.0916426,0.00088621565,0.0008599593,0.0
2025-07-16 21:00:00,solar.bun_tlc#realenergyintotheload#kwh,BUNDOORA,0.0,0.0071819383,0.00088621565,0.0008599593,0.0
2025-07-16 22:00:00,solar.bun_tlc#realenergyintotheload#kwh,BUNDOORA,0.0,0.024502333,0.001702541,0.001652099,0.0
2025-07-16 23:00:00,solar.bun_tlc#realenergyintotheload#kwh,BUNDOORA,0.0,0.09466262,0.0016948355,0.0016446217,0.0
2025-07-17 00:00:00,solar.bun_tlc#realenergyintotheload#kwh,BUNDOORA,0.0,0.07154329,0.0023291577,0.0022601506,0.0
2025-07-17 01:00:00,solar.bun_tlc#realenergyintotheload#kwh,BUNDOORA,0.0,-0.10258496,0.003104299,0.0030123265,0.0
2025-07-17 02:00:00,solar.bun_tlc#realenergyintotheload#kwh,BUNDOORA,0.0,-0.16399619,0.0059711924,0.0057942807,0.0
2025-07-17 03:00:00,solar.bun_tlc#realenergyintotheload#kwh,BUNDOORA,0.0,0.220801,-0.00078710273,0.0,0.0
2025-07-17 04:00:00,solar.bun_tlc#realenergyintotheload#kwh,BUNDOORA,0.0,-0.20137337,0.0022675036,0.0022003232,0.0
2025-07-17 05:00:00,solar.bun_tlc#realenergyintotheload#kwh,BUNDOORA,0.0,-0.13449362,0.005326749,0.0051689306,0.0
2025-07-17 06:00:00,solar.bun_tlc#realenergyintotheload#kwh,BUNDOORA,0.0,0.185047,-0.0009058042,0.0,0.0
2025-07-17 07:00:00,solar.bun_tlc#realenergyintotheload#kwh,BUNDOORA,0.0,0.5494134,-0.00070701167,0.0,0.0
2025-07-17 08:00:00,solar.bun_tlc#realenergyintotheload#kwh,BUNDOORA,0.0,1.6184944,0.342976,0.33281448,10.0
2025-07-17 09:00:00,solar.bun_tlc#realenergyintotheload#kwh,BUNDOORA,0.0,3.6504369,4.3367033,4.2082176,93.0
2025-07-17 10:00:00,solar.bun_tlc#realenergyintotheload#kwh,BUNDOORA,0.0,6.9911046,6.6963835,6.4979863,140.0
2025-07-17 11:00:00,solar.bun_tlc#realenergyintotheload#kwh,BUNDOORA,0.0,5.884118,4.472058,4.339562,97.0
2025-07-17 12:00:00,solar.bun_tlc#realenergyintotheload#kwh,BUNDOORA,0.0,6.693662,10.258853,9.954908,207.0
2025-07-17 13:00:00,solar.bun_tlc#realenergyintotheload#kwh,BUNDOORA,0.0,11.938918,24.162855,23.44697,489.0
2025-07-17 14:00:00,solar.bun_tlc#realenergyintotheload#kwh,BUNDOORA,0.0,12.640577,22.105722,21.450785,420.0
2025-07-17 15:00:00,solar.bun_tlc#realenergyintotheload#kwh,BUNDOORA,0.0,6.5508394,5.0783105,4.9278526,109.0
2025-07-17 16:00:00,solar.bun_tlc#realenergyintotheload#kwh,BUNDOORA,0.0,1.5243431,5.01997,4.8712406,105.0
2025-07-17 17:00:00,solar.bun_tlc#realenergyintotheload#kwh,BUNDOORA,0.0,2.9668999,2.9821036,2.8937514,57.0
2025-07-17 18:00:00,solar.bun_tlc#realenergyintotheload#kwh,BUNDOORA,0.0,0.19642018,0.001525375,0.0014801819,0.0
2025-07-17 19:00:00,solar.bun_tlc#realenergyintotheload#kwh,BUNDOORA,0.0,0.029882122,0.00089289556,0.0008664413,0.0
2025-07-17 20:00:00,solar.bun_tlc#realenergyintotheload#kwh,BUNDOORA,0.0,0.0027753087,0.00040237568,0.00039045428,0.0
2025-07-17 21:00:00,solar.bun_tlc#realenergyintotheload#kwh,BUNDOORA,0.0,0.0011342339,0.00089289556,0.0008664413,0.0
2025-07-17 22:00:00,solar.bun_tlc#realenergyintotheload#kwh,BUNDOORA,0.0,-0.02470738,0.00040237568,0.00039045428,0.0
2025-07-17 23:00:00,solar.bun_tlc#realenergyintotheload#kwh,BUNDOORA,0.0,-0.02470738,0.00040237568,0.00039045428,0.0
2025-07-18 00:00:00,solar.bun_tlc#realenergyintotheload#kwh,BUNDOORA,0.0,-0.02470738,0.00040237568,0.00039045428,0.0
2025-07-18 01:00:00,solar.bun_tlc#realenergyintotheload#kwh,BUNDOORA,0.0,-0.02195189,0.00040237568,0.00039045428,0.0
2025-07-18 02:00:00,solar.bun_tlc#realenergyintotheload#kwh,BUNDOORA,0.0,-0.019393522,0.00040237568,0.00039045428,0.0
2025-07-18 03:00:00,solar.bun_tlc#realenergyintotheload#kwh,BUNDOORA,0.0,-0.019393522,0.00040237568,0.00039045428,0.0
2025-07-18 04:00:00,solar.bun_tlc#realenergyintotheload#kwh,BUNDOORA,0.0,-0.004776741,0.00040237568,0.00039045428,0.0
2025-07-18 05:00:00,solar.bun_tlc#realenergyintotheload#kwh,BUNDOORA,0.0,-0.0064336234,0.00089289556,0.0008664413,0.0
2025-07-18 06:00:00,solar.bun_tlc#realenergyintotheload#kwh,BUNDOORA,0.0,0.0016168947,0.00089289556,0.0008664413,0.0
2025-07-18 07:00:00,solar.bun_tlc#realenergyintotheload#kwh,BUNDOORA,0.0,0.16506238,0.00089289556,0.0008664413,0.0
2025-07-18 08:00:00,solar.bun_tlc#realenergyintotheload#kwh,BUNDOORA,0.0,0.28963917,0.5674335,0.55062187,15.0
2025-07-18 09:00:00,solar.bun_tlc#realenergyintotheload#kwh,BUNDOORA,0.0,0.09607841,5.7703757,5.599414,113.0
2025-07-18 10:00:00,solar.bun_tlc#realenergyintotheload#kwh,BUNDOORA,0.0,4.1280136,12.9341345,12.550928,249.0
2025-07-18 11:00:00,solar.bun_tlc#realenergyintotheload#kwh,BUNDOORA,0.0,14.64877,23.158575,22.472445,422.0
2025-07-18 12:00:00,solar.bun_tlc#realenergyintotheload#kwh,BUNDOORA,0.0,17.754637,25.408367,24.65558,484.0
2025-07-18 13:00:00,solar.bun_tlc#realenergyintotheload#kwh,BUNDOORA,0.0,18.52834,26.167454,25.392178,498.0
2025-07-18 14:00:00,solar.bun_tlc#realenergyintotheload#kwh,BUNDOORA,0.0,17.28029,22.715282,22.042286,419.0
2025-07-18 15:00:00,solar.bun_tlc#realenergyintotheload#kwh,BUNDOORA,0.0,13.277519,18.522839,17.974052,354.0
2025-07-18 16:00:00,solar.bun_tlc#realenergyintotheload#kwh,BUNDOORA,0.0,12.778681,10.565831,10.252792,215.0
2025-07-18 17:00:00,solar.bun_tlc#realenergyintotheload#kwh,BUNDOORA,0.0,4.7015357,2.911536,2.8252745,60.0
2025-07-18 18:00:00,solar.bun_tlc#realenergyintotheload#kwh,BUNDOORA,0.0,0.7423532,0.0011895162,0.0011542737,0.0
2025-07-18 19:00:00,solar.bun_tlc#realenergyintotheload#kwh,BUNDOORA,0.0,0.01795869,-2.7993621e-05,0.0,0.0
2025-07-18 20:00:00,solar.bun_tlc#realenergyintotheload#kwh,BUNDOORA,0.0,-0.006932677,-2.7993621e-05,0.0,0.0
2025-07-18 21:00:00,solar.bun_tlc#realenergyintotheload#kwh,BUNDOORA,0.0,-0.026560038,-2.7993621e-05,0.0,0.0
2025-07-18 22:00:00,solar.bun_tlc#realenergyintotheload#kwh,BUNDOORA,0.0,-0.04209962,-0.0027286946,0.0,0.0
2025-07-18 23:00:00,solar.bun_tlc#realenergyintotheload#kwh,BUNDOORA,0.0,0.06176595,4.7989954e-05,4.656813e-05,0.0
2025-07-19 00:00:00,solar.bun_tlc#realenergyintotheload#kwh,BUNDOORA,0.0,0.025100114,4.7989954e-05,4.656813e-05,0.0
2025-07-19 01:00:00,solar.bun_tlc#realenergyintotheload#kwh,BUNDOORA,0.0,-0.19235258,0.0036735772,0.0035647382,0.0
2025-07-19 02:00:00,solar.bun_tlc#realenergyintotheload#kwh,BUNDOORA,0.0,-0.10735981,0.0042339666,0.004108525,0.0
2025-07-19 03:00:00,solar.bun_tlc#realenergyintotheload#kwh,BUNDOORA,0.0,-0.66266114,0.0054827384,0.0053202985,0.0
2025-07-19 04:00:00,solar.bun_tlc#realenergyintotheload#kwh,BUNDOORA,0.0,-0.6836936,0.009274504,0.008999724,0.0
2025-07-19 05:00:00,solar.bun_tlc#realenergyintotheload#kwh,BUNDOORA,0.0,-0.6278369,-0.029928125,0.0,0.0
2025-07-19 06:00:00,solar.bun_tlc#realenergyintotheload#kwh,BUNDOORA,0.0,0.15347223,-0.0009815171,0.0,0.0
2025-07-19 07:00:00,solar.bun_tlc#realenergyintotheload#kwh,BUNDOORA,0.0,0.21727371,-0.0009815171,0.0,0.0
2025-07-19 08:00:00,solar.bun_tlc#realenergyintotheload#kwh,BUNDOORA,0.0,0.46533597,0.42065635,0.40819335,12.0
2025-07-19 09:00:00,solar.bun_tlc#realenergyintotheload#kwh,BUNDOORA,0.0,2.349545,7.9504466,7.714895,144.0
2025-07-19 10:00:00,solar.bun_tlc#realenergyintotheload#kwh,BUNDOORA,0.0,11.002908,13.158945,12.769078,259.0
2025-07-19 11:00:00,solar.bun_tlc#realenergyintotheload#kwh,BUNDOORA,0.0,15.847809,16.656565,16.163073,319.0
2025-07-19 12:00:00,solar.bun_tlc#realenergyintotheload#kwh,BUNDOORA,0.0,16.893644,25.627665,24.868382,501.0
2025-07-19 13:00:00,solar.bun_tlc#realenergyintotheload#kwh,BUNDOORA,0.0,25.074644,25.658237,24.898048,504.0
2025-07-19 14:00:00,solar.bun_tlc#realenergyintotheload#kwh,BUNDOORA,0.0,19.80318,23.321482,22.630524,450.0
2025-07-19 15:00:00,solar.bun_tlc#realenergyintotheload#kwh,BUNDOORA,0.0,10.570225,6.3275013,6.1400332,135.0
2025-07-19 16:00:00,solar.bun_tlc#realenergyintotheload#kwh,BUNDOORA,0.0,7.000908,4.911837,4.7663116,104.0
2025-07-19 17:00:00,solar.bun_tlc#realenergyintotheload#kwh,BUNDOORA,0.0,4.141863,0.64433724,0.6252471,18.0
2025-07-19 18:00:00,solar.bun_tlc#realenergyintotheload#kwh,BUNDOORA,0.0,1.6112016,0.002233096,0.0021669348,0.0
2025-07-19 19:00:00,solar.bun_tlc#realenergyintotheload#kwh,BUNDOORA,0.0,0.06440656,-0.0002469745,0.0,0.0
2025-07-19 20:00:00,solar.bun_tlc#realenergyintotheload#kwh,BUNDOORA,0.0,0.036680788,0.0003446107,0.00033440074,0.0
2025-07-19 21:00:00,solar.bun_tlc#realenergyintotheload#kwh,BUNDOORA,0.0,0.017075043,3.5225275e-05,3.4181638e-05,0.0
2025-07-19 22:00:00,solar.bun_tlc#realenergyintotheload#kwh,BUNDOORA,0.0,-0.06804769,0.0009059498,0.0008791088,0.0
2025-07-19 23:00:00,solar.bun_tlc#realenergyintotheload#kwh,BUNDOORA,0.0,-0.06804769,0.0009059498,0.0008791088,0.0
2025-07-20 00:00:00,solar.bun_tlc#realenergyintotheload#kwh,BUNDOORA,0.0,-0.0746548,0.00063365593,0.0006148823,0.0
2025-07-20 01:00:00,solar.bun_tlc#realenergyintotheload#kwh,BUNDOORA,0.0,-0.010177107,0.000570437,0.0005535364,0.0
2025-07-20 02:00:00,solar.bun_tlc#realenergyintotheload#kwh,BUNDOORA,0.0,-0.011969758,0.000570437,0.0005535364,0.0
2025-07-20 03:00:00,solar.bun_tlc#realenergyintotheload#kwh,BUNDOORA,0.0,-0.0023517674,0.000570437,0.0005535364,0.0
2025-07-20 04:00:00,solar.bun_tlc#realenergyintotheload#kwh,BUNDOORA,0.0,-0.011969758,0.0008296767,0.0008050954,0.0
2025-07-20 05:00:00,solar.bun_tlc#realenergyintotheload#kwh,BUNDOORA,0.0,-0.0074456725,0.00089289556,0.0008664413,0.0
2025-07-20 06:00:00,solar.bun_tlc#realenergyintotheload#kwh,BUNDOORA,0.0,-0.0083522545,0.00089289556,0.0008664413,0.0
2025-07-20 07:00:00,solar.bun_tlc#realenergyintotheload#kwh,BUNDOORA,0.0,0.36907744,0.00089289556,0.0008664413,0.0
2025-07-20 08:00:00,solar.bun_tlc#realenergyintotheload#kwh,BUNDOORA,0.28125,0.08332501,0.5032865,0.48837537,14.0
2025-07-20 09:00:00,solar.bun_tlc#realenergyintotheload#kwh,BUNDOORA,3.28125,1.2363448,8.701217,8.443421,160.0
2025-07-20 10:00:00,solar.bun_tlc#realenergyintotheload#kwh,BUNDOORA,7.46875,12.181548,17.319942,16.806795,310.0
2025-07-20 11:00:00,solar.bun_tlc#realenergyintotheload#kwh,BUNDOORA,15.3125,14.282942,22.784996,22.109934,425.0
2025-07-20 12:00:00,solar.bun_tlc#realenergyintotheload#kwh,BUNDOORA,19.71875,20.379042,24.559639,23.831999,465.0
2025-07-20 13:00:00,solar.bun_tlc#realenergyintotheload#kwh,BUNDOORA,23.09375,19.271414,24.60147,23.872591,478.0
2025-07-20 14:00:00,solar.bun_tlc#realenergyintotheload#kwh,BUNDOORA,19.5,18.99234,23.459635,22.764584,438.0
2025-07-20 15:00:00,solar.bun_tlc#realenergyintotheload#kwh,BUNDOORA,13.71875,16.011393,18.38104,17.836456,347.0
2025-07-20 16:00:00,solar.bun_tlc#realenergyintotheload#kwh,BUNDOORA,9.25,12.913504,10.786808,10.467222,219.0
2025-07-20 17:00:00,solar.bun_tlc#realenergyintotheload#kwh,BUNDOORA,2.40625,2.7075934,2.2744231,2.2070377,50.0
2025-07-20 18:00:00,solar.bun_tlc#realenergyintotheload#kwh,BUNDOORA,0.0625,0.7813028,0.0145203,0.014090099,0.0
2025-07-20 19:00:00,solar.bun_tlc#realenergyintotheload#kwh,BUNDOORA,0.0,0.09658535,-0.0040833387,0.0,0.0
2025-07-20 20:00:00,solar.bun_tlc#realenergyintotheload#kwh,BUNDOORA,0.0,0.016900456,0.0011262973,0.0010929279,0.0
2025-07-20 21:00:00,solar.bun_tlc#realenergyintotheload#kwh,BUNDOORA,0.0,0.002793272,0.0008296767,0.0008050954,0.0
2025-07-20 22:00:00,solar.bun_tlc#realenergyintotheload#kwh,BUNDOORA,0.0,-0.008551536,0.00089289556,0.0008664413,0.0
2025-07-20 23:00:00,solar.bun_tlc#realenergyintotheload#kwh,BUNDOORA,0.0,-0.013022287,0.00089289556,0.0008664413,0.0
2025-07-21 00:00:00,solar.bun_tlc#realenergyintotheload#kwh,BUNDOORA,0.0,-0.07181135,0.0015043805,0.0014598095,0.0
2025-07-21 01:00:00,solar.bun_tlc#realenergyintotheload#kwh,BUNDOORA,0.0,-0.0765858,0.0009059498,0.0008791088,0.0
2025-07-21 02:00:00,solar.bun_tlc#realenergyintotheload#kwh,BUNDOORA,0.0,-0.09106008,0.0009059498,0.0008791088,0.0
2025-07-21 03:00:00,solar.bun_tlc#realenergyintotheload#kwh,BUNDOORA,0.0,-0.02157198,0.0009059498,0.0008791088,0.0
2025-07-21 04:00:00,solar.bun_tlc#realenergyintotheload#kwh,BUNDOORA,0.0,0.05140403,3.5225275e-05,3.4181638e-05,0.0
2025-07-21 05:00:00,solar.bun_tlc#realenergyintotheload#kwh,BUNDOORA,0.0,-0.022087334,-2.7993621e-05,0.0,0.0
2025-07-21 06:00:00,solar.bun_tlc#realenergyintotheload#kwh,BUNDOORA,0.0,0.10825532,0.0004476883,0.0004344244,0.0
2025-07-21 07:00:00,solar.bun_tlc#realenergyintotheload#kwh,BUNDOORA,0.0,0.29239786,0.0010092646,0.0009793626,0.0
2025-07-21 08:00:00,solar.bun_tlc#realenergyintotheload#kwh,BUNDOORA,0.1875,0.9222118,0.5409807,0.52495277,15.0
2025-07-21 09:00:00,solar.bun_tlc#realenergyintotheload#kwh,BUNDOORA,4.375,3.124222,8.177561,7.9352803,152.0
2025-07-21 10:00:00,solar.bun_tlc#realenergyintotheload#kwh,BUNDOORA,7.25,12.44767,13.181259,12.790731,261.0
2025-07-21 11:00:00,solar.bun_tlc#realenergyintotheload#kwh,BUNDOORA,11.25,12.71435,21.496655,20.859762,408.0
2025-07-21 12:00:00,solar.bun_tlc#realenergyintotheload#kwh,BUNDOORA,18.6875,18.42808,24.112633,23.398235,477.0
2025-07-21 13:00:00,solar.bun_tlc#realenergyintotheload#kwh,BUNDOORA,22.25,17.75368,26.037838,25.266401,509.0
2025-07-21 14:00:00,solar.bun_tlc#realenergyintotheload#kwh,BUNDOORA,20.8125,21.636044,23.357105,22.665092,466.0
2025-07-21 15:00:00,solar.bun_tlc#realenergyintotheload#kwh,BUNDOORA,15.75,21.57431,18.828394,18.270555,368.0
2025-07-21 16:00:00,solar.bun_tlc#realenergyintotheload#kwh,BUNDOORA,7.8125,12.0979805,11.315657,10.980402,228.0
2025-07-21 17:00:00,solar.bun_tlc#realenergyintotheload#kwh,BUNDOORA,2.34375,6.9012604,2.6846664,2.6051264,56.0
2025-07-21 18:00:00,solar.bun_tlc#realenergyintotheload#kwh,BUNDOORA,0.125,3.1726882,0.0069346223,0.006729167,0.0
2025-07-21 19:00:00,solar.bun_tlc#realenergyintotheload#kwh,BUNDOORA,0.0,0.76224244,-0.017258596,0.0,0.0
2025-07-21 20:00:00,solar.bun_tlc#realenergyintotheload#kwh,BUNDOORA,0.0,0.2049688,-0.01791236,0.0,0.0
2025-07-21 21:00:00,solar.bun_tlc#realenergyintotheload#kwh,BUNDOORA,0.0,0.44315267,-3.8363884e-05,0.0,0.0
2025-07-21 22:00:00,solar.bun_tlc#realenergyintotheload#kwh,BUNDOORA,0.0,0.31964245,-0.032794937,0.0,0.0
2025-07-21 23:00:00,solar.bun_tlc#realenergyintotheload#kwh,BUNDOORA,0.0,0.49113166,-0.03608263,0.0,0.0
2025-07-22 00:00:00,solar.bun_tlc#realenergyintotheload#kwh,BUNDOORA,0.0,-0.23774724,-0.0037595194,0.0,0.0
2025-07-22 01:00:00,solar.bun_tlc#realenergyintotheload#kwh,BUNDOORA,0.0,-0.029289503,-0.024431022,0.0,0.0
2025-07-22 02:00:00,solar.bun_tlc#realenergyintotheload#kwh,BUNDOORA,0.0,-0.04945625,-0.030937169,0.0,0.0
2025-07-22 03:00:00,solar.bun_tlc#realenergyintotheload#kwh,BUNDOORA,0.0,-0.16285421,-0.021888666,0.0,0.0
2025-07-22 04:00:00,solar.bun_tlc#realenergyintotheload#kwh,BUNDOORA,0.0,0.13768984,-0.02602219,0.0,0.0
2025-07-22 05:00:00,solar.bun_tlc#realenergyintotheload#kwh,BUNDOORA,0.0,-0.3758127,0.0051607983,0.0050078966,0.0
2025-07-22 06:00:00,solar.bun_tlc#realenergyintotheload#kwh,BUNDOORA,0.0,-0.2316306,-0.004273572,0.0,0.0
2025-07-22 07:00:00,solar.bun_tlc#realenergyintotheload#kwh,BUNDOORA,0.0,1.2881397,-0.010667135,0.0,0.0
2025-07-22 08:00:00,solar.bun_tlc#realenergyintotheload#kwh,BUNDOORA,0.1875,0.52409476,0.2774799,0.26925886,9.0
2025-07-22 09:00:00,solar.bun_tlc#realenergyintotheload#kwh,BUNDOORA,2.46875,4.6837106,3.5867736,3.4805064,78.0
2025-07-22 10:00:00,solar.bun_tlc#realenergyintotheload#kwh,BUNDOORA,3.875,7.3472533,7.529517,7.3064365,163.0
2025-07-22 11:00:00,solar.bun_tlc#realenergyintotheload#kwh,BUNDOORA,7.34375,3.110106,8.65883,8.40229,177.0
2025-07-22 12:00:00,solar.bun_tlc#realenergyintotheload#kwh,BUNDOORA,3.40625,5.6997457,4.769259,4.627958,100.0
2025-07-22 13:00:00,solar.bun_tlc#realenergyintotheload#kwh,BUNDOORA,3.6875,6.5755053,5.2765017,5.120172,110.0
2025-07-22 14:00:00,solar.bun_tlc#realenergyintotheload#kwh,BUNDOORA,2.1875,3.4939,3.1545315,3.0610707,71.0
2025-07-22 15:00:00,solar.bun_tlc#realenergyintotheload#kwh,BUNDOORA,11.21875,5.0190597,17.802563,17.275118,332.0
2025-07-22 16:00:00,solar.bun_tlc#realenergyintotheload#kwh,BUNDOORA,8.25,2.6940887,11.417123,11.078862,217.0
2025-07-22 17:00:00,solar.bun_tlc#realenergyintotheload#kwh,BUNDOORA,3.25,1.1141104,3.1935706,3.098953,67.0
2025-07-22 18:00:00,solar.bun_tlc#realenergyintotheload#kwh,BUNDOORA,0.09375,-0.5574065,0.0021937243,0.0021287296,0.0
2025-07-22 19:00:00,solar.bun_tlc#realenergyintotheload#kwh,BUNDOORA,0.0,-0.23925056,0.0021373578,0.0020740333,0.0
2025-07-22 20:00:00,solar.bun_tlc#realenergyintotheload#kwh,BUNDOORA,0.0,0.34383133,-0.0015663302,0.0,0.0
2025-07-22 21:00:00,solar.bun_tlc#realenergyintotheload#kwh,BUNDOORA,0.0,-0.123934604,0.008405909,0.008156863,0.0
2025-07-22 22:00:00,solar.bun_tlc#realenergyintotheload#kwh,BUNDOORA,0.0,0.16757555,0.0067093945,0.006510612,0.0
2025-07-22 23:00:00,solar.bun_tlc#realenergyintotheload#kwh,BUNDOORA,0.0,0.051595744,0.0067093945,0.006510612,0.0
2025-07-23 00:00:00,solar.bun_tlc#realenergyintotheload#kwh,BUNDOORA,0.0,-0.8132046,0.013772764,0.013364712,0.0
2025-07-23 01:00:00,solar.bun_tlc#realenergyintotheload#kwh,BUNDOORA,0.0,-0.04112576,-0.029300582,0.0,0.0
2025-07-23 02:00:00,solar.bun_tlc#realenergyintotheload#kwh,BUNDOORA,0.0,-0.13552827,0.004986317,0.004838585,0.0
2025-07-23 03:00:00,solar.bun_tlc#realenergyintotheload#kwh,BUNDOORA,0.0,0.038446426,-0.0026353498,0.0,0.0
2025-07-23 04:00:00,solar.bun_tlc#realenergyintotheload#kwh,BUNDOORA,0.0,0.04504501,0.005779359,0.005608131,0.0
2025-07-23 05:00:00,solar.bun_tlc#realenergyintotheload#kwh,BUNDOORA,0.0,-0.107751414,0.0042339666,0.004108525,0.0
2025-07-23 06:00:00,solar.bun_tlc#realenergyintotheload#kwh,BUNDOORA,0.0,-0.22778955,0.0036735772,0.0035647382,0.0
2025-07-23 07:00:00,solar.bun_tlc#realenergyintotheload#kwh,BUNDOORA,0.0,0.064498805,0.0036735772,0.0035647382,0.0
2025-07-23 08:00:00,solar.bun_tlc#realenergyintotheload#kwh,BUNDOORA,0.0,1.5594554,0.8276563,0.8031349,21.0
2025-07-23 09:00:00,solar.bun_tlc#realenergyintotheload#kwh,BUNDOORA,0.0,3.0767155,9.44134,9.161617,168.0
2025-07-23 10:00:00,solar.bun_tlc#realenergyintotheload#kwh,BUNDOORA,0.0,10.5731535,16.220093,15.7395315,295.0
2025-07-23 11:00:00,solar.bun_tlc#realenergyintotheload#kwh,BUNDOORA,0.0,14.203604,22.290745,21.630325,428.0
2025-07-23 12:00:00,solar.bun_tlc#realenergyintotheload#kwh,BUNDOORA,0.0,13.873257,13.123628,12.734807,263.0
2025-07-23 13:00:00,solar.bun_tlc#realenergyintotheload#kwh,BUNDOORA,0.0,13.408808,13.385995,12.989401,270.0
2025-07-23 14:00:00,solar.bun_tlc#realenergyintotheload#kwh,BUNDOORA,0.0,9.234665,7.692039,7.4641433,158.0
2025-07-23 15:00:00,solar.bun_tlc#realenergyintotheload#kwh,BUNDOORA,0.0,8.312446,10.390192,10.082356,204.0
2025-07-23 16:00:00,solar.bun_tlc#realenergyintotheload#kwh,BUNDOORA,0.0,6.4071116,6.1649094,5.9822583,131.0
2025-07-23 17:00:00,solar.bun_tlc#realenergyintotheload#kwh,BUNDOORA,0.0,1.82811,2.2320192,2.16589,48.0
2025-07-23 18:00:00,solar.bun_tlc#realenergyintotheload#kwh,BUNDOORA,0.0,0.83121175,0.0008670579,0.0008413691,0.0
2025-07-23 19:00:00,solar.bun_tlc#realenergyintotheload#kwh,BUNDOORA,0.0,0.044542834,0.0008296767,0.0008050954,0.0
2025-07-23 20:00:00,solar.bun_tlc#realenergyintotheload#kwh,BUNDOORA,0.0,0.005380544,3.5225275e-05,3.4181638e-05,0.0
2025-07-23 21:00:00,solar.bun_tlc#realenergyintotheload#kwh,BUNDOORA,0.0,-0.08252197,3.5225275e-05,3.4181638e-05,0.0
2025-07-23 22:00:00,solar.bun_tlc#realenergyintotheload#kwh,BUNDOORA,0.0,-0.009093732,3.5225275e-05,3.4181638e-05,0.0
2025-07-23 23:00:00,solar.bun_tlc#realenergyintotheload#kwh,BUNDOORA,0.0,-0.08252197,0.0009059498,0.0008791088,0.0
2025-07-24 00:00:00,solar.bun_tlc#realenergyintotheload#kwh,BUNDOORA,0.0,-0.0113245845,3.5225275e-05,3.4181638e-05,0.0
2025-07-24 01:00:00,solar.bun_tlc#realenergyintotheload#kwh,BUNDOORA,0.0,0.0013521402,0.00063365593,0.0006148823,0.0
2025-07-24 02:00:00,solar.bun_tlc#realenergyintotheload#kwh,BUNDOORA,0.0,0.0032737772,0.00040237568,0.00039045428,0.0
2025-07-24 03:00:00,solar.bun_tlc#realenergyintotheload#kwh,BUNDOORA,0.0,0.0032737772,0.00040237568,0.00039045428,0.0
2025-07-24 04:00:00,solar.bun_tlc#realenergyintotheload#kwh,BUNDOORA,0.0,-0.07181135,0.0015043805,0.0014598095,0.0
2025-07-24 05:00:00,solar.bun_tlc#realenergyintotheload#kwh,BUNDOORA,0.0,-0.0720761,0.0015043805,0.0014598095,0.0
2025-07-24 06:00:00,solar.bun_tlc#realenergyintotheload#kwh,BUNDOORA,0.0,-0.06972815,0.0015043805,0.0014598095,0.0
2025-07-24 07:00:00,solar.bun_tlc#realenergyintotheload#kwh,BUNDOORA,0.0,-0.010627324,0.0009059498,0.0008791088,0.0
2025-07-24 08:00:00,solar.bun_tlc#realenergyintotheload#kwh,BUNDOORA,0.0,0.27206662,0.8877212,0.8614202,22.0
2025-07-24 09:00:00,solar.bun_tlc#realenergyintotheload#kwh,BUNDOORA,0.0,1.3036355,9.423166,9.143981,171.0
2025-07-24 10:00:00,solar.bun_tlc#realenergyintotheload#kwh,BUNDOORA,0.0,6.1404967,17.034304,16.52962,323.0
2025-07-24 11:00:00,solar.bun_tlc#realenergyintotheload#kwh,BUNDOORA,0.0,9.839289,23.20971,22.522064,438.0
2025-07-24 12:00:00,solar.bun_tlc#realenergyintotheload#kwh,BUNDOORA,0.0,14.757786,26.196548,25.42041,504.0
2025-07-24 13:00:00,solar.bun_tlc#realenergyintotheload#kwh,BUNDOORA,0.0,21.070757,26.583275,25.79568,514.0
2025-07-24 14:00:00,solar.bun_tlc#realenergyintotheload#kwh,BUNDOORA,0.0,21.530739,23.202929,22.515484,464.0
2025-07-24 15:00:00,solar.bun_tlc#realenergyintotheload#kwh,BUNDOORA,0.0,18.795158,18.797232,18.240316,356.0
2025-07-24 16:00:00,solar.bun_tlc#realenergyintotheload#kwh,BUNDOORA,0.0,10.753409,11.543531,11.201526,232.0
2025-07-24 17:00:00,solar.bun_tlc#realenergyintotheload#kwh,BUNDOORA,0.0,3.5485961,3.380886,3.2807188,67.0
2025-07-24 18:00:00,solar.bun_tlc#realenergyintotheload#kwh,BUNDOORA,0.0,0.6698243,0.00035145614,0.00034104337,0.0
2025-07-24 19:00:00,solar.bun_tlc#realenergyintotheload#kwh,BUNDOORA,0.0,0.24937858,0.00026862705,0.00026066828,0.0
2025-07-24 20:00:00,solar.bun_tlc#realenergyintotheload#kwh,BUNDOORA,0.0,0.028350372,0.0038208952,0.0037076916,0.0
2025-07-24 21:00:00,solar.bun_tlc#realenergyintotheload#kwh,BUNDOORA,0.0,0.029357597,3.5225275e-05,3.4181638e-05,0.0
2025-07-24 22:00:00,solar.bun_tlc#realenergyintotheload#kwh,BUNDOORA,0.0,-0.0019480763,0.0035242748,0.0034198593,0.0
2025-07-24 23:00:00,solar.bun_tlc#realenergyintotheload#kwh,BUNDOORA,0.0,-0.0019480763,0.0035242748,0.0034198593,0.0
2025-07-25 00:00:00,solar.bun_tlc#realenergyintotheload#kwh,BUNDOORA,0.0,-0.16176571,0.0035242748,0.0034198593,0.0
2025-07-25 01:00:00,solar.bun_tlc#realenergyintotheload#kwh,BUNDOORA,0.0,0.03594045,-0.0026654757,0.0,0.0
2025-07-25 02:00:00,solar.bun_tlc#realenergyintotheload#kwh,BUNDOORA,0.0,-0.06538953,-0.0026654757,0.0,0.0
2025-07-25 03:00:00,solar.bun_tlc#realenergyintotheload#kwh,BUNDOORA,0.0,-0.06349727,4.7989954e-05,4.656813e-05,0.0
2025-07-25 04:00:00,solar.bun_tlc#realenergyintotheload#kwh,BUNDOORA,0.0,0.0050321687,0.00052162074,0.0005061664,0.0
2025-07-25 05:00:00,solar.bun_tlc#realenergyintotheload#kwh,BUNDOORA,0.0,0.11904944,0.0004476883,0.0004344244,0.0
2025-07-25 06:00:00,solar.bun_tlc#realenergyintotheload#kwh,BUNDOORA,0.0,0.091977075,0.00052162074,0.0005061664,0.0
2025-07-25 07:00:00,solar.bun_tlc#realenergyintotheload#kwh,BUNDOORA,0.0,0.7389607,0.0010092646,0.0009793626,0.0
2025-07-25 08:00:00,solar.bun_tlc#realenergyintotheload#kwh,BUNDOORA,0.0,3.0741878,0.40443006,0.3924478,13.0
2025-07-25 09:00:00,solar.bun_tlc#realenergyintotheload#kwh,BUNDOORA,0.0,6.22934,3.5342727,3.429561,75.0
2025-07-25 10:00:00,solar.bun_tlc#realenergyintotheload#kwh,BUNDOORA,0.0,8.622725,9.356295,9.079091,183.0
2025-07-25 11:00:00,solar.bun_tlc#realenergyintotheload#kwh,BUNDOORA,0.0,9.986596,7.436125,7.215811,150.0
2025-07-25 12:00:00,solar.bun_tlc#realenergyintotheload#kwh,BUNDOORA,0.0,10.117218,6.106805,5.9258757,126.0
2025-07-25 13:00:00,solar.bun_tlc#realenergyintotheload#kwh,BUNDOORA,0.0,7.489187,4.8553376,4.711486,96.0
2025-07-25 14:00:00,solar.bun_tlc#realenergyintotheload#kwh,BUNDOORA,0.0,7.1030054,5.066518,4.9164095,102.0
2025-07-25 15:00:00,solar.bun_tlc#realenergyintotheload#kwh,BUNDOORA,0.0,10.041638,6.107801,5.926842,129.0
2025-07-25 16:00:00,solar.bun_tlc#realenergyintotheload#kwh,BUNDOORA,0.0,8.022978,2.8715138,2.786438,60.0
2025-07-25 17:00:00,solar.bun_tlc#realenergyintotheload#kwh,BUNDOORA,0.0,2.7426844,0.52158767,0.50613433,16.0
2025-07-25 18:00:00,solar.bun_tlc#realenergyintotheload#kwh,BUNDOORA,0.0,1.5361757,-0.02051016,0.0,0.0
2025-07-25 19:00:00,solar.bun_tlc#realenergyintotheload#kwh,BUNDOORA,0.0,0.7841547,0.009706808,0.00941922,0.0
2025-07-25 20:00:00,solar.bun_tlc#realenergyintotheload#kwh,BUNDOORA,0.0,-0.026366651,0.0017537015,0.0017017437,0.0
2025-07-25 21:00:00,solar.bun_tlc#realenergyintotheload#kwh,BUNDOORA,0.0,-0.018682623,-0.003367121,0.0,0.0
2025-07-25 22:00:00,solar.bun_tlc#realenergyintotheload#kwh,BUNDOORA,0.0,0.17101151,-0.0005919431,0.0,0.0
2025-07-25 23:00:00,solar.bun_tlc#realenergyintotheload#kwh,BUNDOORA,0.0,0.14884762,-0.0016051661,0.0,0.0
2025-07-26 00:00:00,solar.bun_tlc#realenergyintotheload#kwh,BUNDOORA,0.0,-0.05633424,0.0023806244,0.0023100926,0.0
2025-07-26 01:00:00,solar.bun_tlc#realenergyintotheload#kwh,BUNDOORA,0.0,-0.15597083,0.00068124465,0.0006610611,0.0
2025-07-26 02:00:00,solar.bun_tlc#realenergyintotheload#kwh,BUNDOORA,0.0,-0.23678093,0.0007149951,0.00069381157,0.0
2025-07-26 03:00:00,solar.bun_tlc#realenergyintotheload#kwh,BUNDOORA,0.0,-0.059326235,0.0037742408,0.0036624195,0.0
2025-07-26 04:00:00,solar.bun_tlc#realenergyintotheload#kwh,BUNDOORA,0.0,-0.06263871,0.0044699376,0.0043375045,0.0
2025-07-26 05:00:00,solar.bun_tlc#realenergyintotheload#kwh,BUNDOORA,0.0,-0.20486869,0.0044699376,0.0043375045,0.0
2025-07-26 06:00:00,solar.bun_tlc#realenergyintotheload#kwh,BUNDOORA,0.0,-0.27788243,0.004418683,0.004287768,0.0
2025-07-26 07:00:00,solar.bun_tlc#realenergyintotheload#kwh,BUNDOORA,0.0,-0.041933183,0.004418683,0.004287768,0.0
2025-07-26 08:00:00,solar.bun_tlc#realenergyintotheload#kwh,BUNDOORA,0.0,0.28802162,0.33972728,0.32966202,10.0
2025-07-26 09:00:00,solar.bun_tlc#realenergyintotheload#kwh,BUNDOORA,0.0,2.6365933,2.6658902,2.5869064,57.0
2025-07-26 10:00:00,solar.bun_tlc#realenergyintotheload#kwh,BUNDOORA,0.0,4.740668,6.32231,6.134996,138.0
2025-07-26 11:00:00,solar.bun_tlc#realenergyintotheload#kwh,BUNDOORA,0.0,8.112465,6.834726,6.63223,142.0
2025-07-26 12:00:00,solar.bun_tlc#realenergyintotheload#kwh,BUNDOORA,0.0,6.429661,5.1830645,5.0295033,110.0
2025-07-26 13:00:00,solar.bun_tlc#realenergyintotheload#kwh,BUNDOORA,0.0,6.413837,9.622334,9.337248,201.0
2025-07-26 14:00:00,solar.bun_tlc#realenergyintotheload#kwh,BUNDOORA,0.0,6.4227943,4.510847,4.377202,98.0
2025-07-26 15:00:00,solar.bun_tlc#realenergyintotheload#kwh,BUNDOORA,0.0,5.3468575,4.4615045,4.3293214,92.0
2025-07-26 16:00:00,solar.bun_tlc#realenergyintotheload#kwh,BUNDOORA,0.0,2.6986532,2.6567135,2.5780017,60.0
2025-07-26 17:00:00,solar.bun_tlc#realenergyintotheload#kwh,BUNDOORA,0.0,1.9673705,0.71403444,0.6928794,19.0
2025-07-26 18:00:00,solar.bun_tlc#realenergyintotheload#kwh,BUNDOORA,0.0,0.37275404,-0.0039624223,0.0,0.0
2025-07-26 19:00:00,solar.bun_tlc#realenergyintotheload#kwh,BUNDOORA,0.0,0.03462946,0.0024122335,0.002340765,0.0
2025-07-26 20:00:00,solar.bun_tlc#realenergyintotheload#kwh,BUNDOORA,0.0,0.114154994,0.0025596302,0.0024837947,0.0
2025-07-26 21:00:00,solar.bun_tlc#realenergyintotheload#kwh,BUNDOORA,0.0,0.24195115,0.0024122335,0.002340765,0.0
2025-07-26 22:00:00,solar.bun_tlc#realenergyintotheload#kwh,BUNDOORA,0.0,0.14498089,0.0024122335,0.002340765,0.0
2025-07-26 23:00:00,solar.bun_tlc#realenergyintotheload#kwh,BUNDOORA,0.0,0.10362013,0.0015115966,0.0014668118,0.0
2025-07-27 00:00:00,solar.bun_tlc#realenergyintotheload#kwh,BUNDOORA,0.0,0.09842885,0.0019992404,0.0019400079,0.0
2025-07-27 01:00:00,solar.bun_tlc#realenergyintotheload#kwh,BUNDOORA,0.0,0.0056594755,0.0014477915,0.0014048971,0.0
2025-07-27 02:00:00,solar.bun_tlc#realenergyintotheload#kwh,BUNDOORA,0.0,0.009026978,0.0013003948,0.0012618673,0.0
2025-07-27 03:00:00,solar.bun_tlc#realenergyintotheload#kwh,BUNDOORA,0.0,0.016716503,0.0013003948,0.0012618673,0.0
2025-07-27 04:00:00,solar.bun_tlc#realenergyintotheload#kwh,BUNDOORA,0.0,0.009071996,0.0014477915,0.0014048971,0.0
2025-07-27 05:00:00,solar.bun_tlc#realenergyintotheload#kwh,BUNDOORA,0.0,-0.045600172,0.00048651735,0.00047210307,0.0
2025-07-27 06:00:00,solar.bun_tlc#realenergyintotheload#kwh,BUNDOORA,0.0,-0.03703903,0.0010089646,0.0009790715,0.0
2025-07-27 07:00:00,solar.bun_tlc#realenergyintotheload#kwh,BUNDOORA,0.0,0.19384487,0.0012661358,0.0012286234,0.0
2025-07-27 08:00:00,solar.bun_tlc#realenergyintotheload#kwh,BUNDOORA,0.4375,0.44876286,0.42397857,0.41141713,12.0
2025-07-27 09:00:00,solar.bun_tlc#realenergyintotheload#kwh,BUNDOORA,2.03125,0.74379754,3.6376777,3.5299025,81.0
2025-07-27 10:00:00,solar.bun_tlc#realenergyintotheload#kwh,BUNDOORA,2.84375,2.6839252,7.8872824,7.653602,164.0
2025-07-27 11:00:00,solar.bun_tlc#realenergyintotheload#kwh,BUNDOORA,6.90625,8.381586,11.510376,11.169353,226.0
2025-07-27 12:00:00,solar.bun_tlc#realenergyintotheload#kwh,BUNDOORA,15.09375,18.785776,25.055689,24.31335,477.0
2025-07-27 13:00:00,solar.bun_tlc#realenergyintotheload#kwh,BUNDOORA,16.375,9.476136,13.435001,13.036956,271.0
2025-07-27 14:00:00,solar.bun_tlc#realenergyintotheload#kwh,BUNDOORA,12.375,9.350347,11.921512,11.568307,236.0
2025-07-27 15:00:00,solar.bun_tlc#realenergyintotheload#kwh,BUNDOORA,6.90625,6.797076,6.1190987,5.937805,128.0
2025-07-27 16:00:00,solar.bun_tlc#realenergyintotheload#kwh,BUNDOORA,4.21875,5.9432735,4.0599537,3.9396675,88.0
2025-07-27 17:00:00,solar.bun_tlc#realenergyintotheload#kwh,BUNDOORA,0.53125,1.506341,1.5358632,1.4903594,36.0
2025-07-27 18:00:00,solar.bun_tlc#realenergyintotheload#kwh,BUNDOORA,0.0,0.33782792,0.00048651735,0.00047210307,0.0
2025-07-27 19:00:00,solar.bun_tlc#realenergyintotheload#kwh,BUNDOORA,0.0,0.023803566,0.00048651735,0.00047210307,0.0
2025-07-27 20:00:00,solar.bun_tlc#realenergyintotheload#kwh,BUNDOORA,0.0,-0.034624923,0.00048651735,0.00047210307,0.0
2025-07-27 21:00:00,solar.bun_tlc#realenergyintotheload#kwh,BUNDOORA,0.0,-0.049099196,0.00048651735,0.00047210307,0.0
2025-07-27 22:00:00,solar.bun_tlc#realenergyintotheload#kwh,BUNDOORA,0.0,-0.02693602,0.0004105337,0.0003983706,0.0
2025-07-27 23:00:00,solar.bun_tlc#realenergyintotheload#kwh,BUNDOORA,0.0,-0.040036228,0.0007178234,0.00069655606,0.0
2025-07-28 00:00:00,solar.bun_tlc#realenergyintotheload#kwh,BUNDOORA,0.0,-0.040036228,0.0007178234,0.00069655606,0.0
2025-07-28 01:00:00,solar.bun_tlc#realenergyintotheload#kwh,BUNDOORA,0.0,0.0054130084,0.0007178234,0.00069655606,0.0
2025-07-28 02:00:00,solar.bun_tlc#realenergyintotheload#kwh,BUNDOORA,0.0,0.0054130084,0.0007178234,0.00069655606,0.0
2025-07-28 03:00:00,solar.bun_tlc#realenergyintotheload#kwh,BUNDOORA,0.0,-0.03848007,0.0007178234,0.00069655606,0.0
2025-07-28 04:00:00,solar.bun_tlc#realenergyintotheload#kwh,BUNDOORA,0.0,-0.06020629,0.00048651735,0.00047210307,0.0
2025-07-28 05:00:00,solar.bun_tlc#realenergyintotheload#kwh,BUNDOORA,0.0,-0.084417455,0.00088866375,0.00086233485,0.0
2025-07-28 06:00:00,solar.bun_tlc#realenergyintotheload#kwh,BUNDOORA,0.0,-0.07216321,0.00088866375,0.00086233485,0.0
2025-07-28 07:00:00,solar.bun_tlc#realenergyintotheload#kwh,BUNDOORA,0.0,0.37585077,0.0008374089,0.00081259856,0.0
2025-07-28 08:00:00,solar.bun_tlc#realenergyintotheload#kwh,BUNDOORA,0.34375,1.1252242,0.88508725,0.8588643,24.0
2025-07-28 09:00:00,solar.bun_tlc#realenergyintotheload#kwh,BUNDOORA,4.28125,2.0733023,8.0807085,7.841297,155.0
2025-07-28 10:00:00,solar.bun_tlc#realenergyintotheload#kwh,BUNDOORA,8.59375,1.3735261,13.978856,13.564697,278.0
2025-07-28 11:00:00,solar.bun_tlc#realenergyintotheload#kwh,BUNDOORA,18.71875,7.4714894,22.878345,22.200518,437.0
2025-07-28 12:00:00,solar.bun_tlc#realenergyintotheload#kwh,BUNDOORA,15.5625,12.109487,18.284218,17.742502,371.0
2025-07-28 13:00:00,solar.bun_tlc#realenergyintotheload#kwh,BUNDOORA,18.0,12.309311,17.519773,17.000706,349.0
2025-07-28 14:00:00,solar.bun_tlc#realenergyintotheload#kwh,BUNDOORA,13.28125,10.765418,12.429305,12.061056,252.0
2025-07-28 15:00:00,solar.bun_tlc#realenergyintotheload#kwh,BUNDOORA,9.0,9.606352,11.245436,10.912262,224.0
2025-07-28 16:00:00,solar.bun_tlc#realenergyintotheload#kwh,BUNDOORA,7.625,6.1960597,5.0346518,4.8854876,109.0
2025-07-28 17:00:00,solar.bun_tlc#realenergyintotheload#kwh,BUNDOORA,1.5625,2.5013025,2.049624,1.9888988,43.0
2025-07-28 18:00:00,solar.bun_tlc#realenergyintotheload#kwh,BUNDOORA,0.1875,1.5807993,0.0013348343,0.0012952865,0.0
2025-07-28 19:00:00,solar.bun_tlc#realenergyintotheload#kwh,BUNDOORA,0.0,0.14521006,0.0007436888,0.00072165515,0.0
2025-07-28 20:00:00,solar.bun_tlc#realenergyintotheload#kwh,BUNDOORA,0.0,0.002617021,0.0006677051,0.0006479226,0.0
2025-07-28 21:00:00,solar.bun_tlc#realenergyintotheload#kwh,BUNDOORA,0.0,-0.012569966,0.0007436888,0.00072165515,0.0
2025-07-28 22:00:00,solar.bun_tlc#realenergyintotheload#kwh,BUNDOORA,0.0,-0.004271075,3.5225275e-05,3.4181638e-05,0.0
2025-07-28 23:00:00,solar.bun_tlc#realenergyintotheload#kwh,BUNDOORA,0.0,-0.003215576,3.5225275e-05,3.4181638e-05,0.0
2025-07-29 00:00:00,solar.bun_tlc#realenergyintotheload#kwh,BUNDOORA,0.0,-0.002109713,3.5225275e-05,3.4181638e-05,0.0
2025-07-29 01:00:00,solar.bun_tlc#realenergyintotheload#kwh,BUNDOORA,0.0,0.0016168947,0.00063365593,0.0006148823,0.0
2025-07-29 02:00:00,solar.bun_tlc#realenergyintotheload#kwh,BUNDOORA,0.0,-0.07181135,0.0015043805,0.0014598095,0.0
2025-07-29 03:00:00,solar.bun_tlc#realenergyintotheload#kwh,BUNDOORA,0.0,-0.07181135,0.0015043805,0.0014598095,0.0
2025-07-29 04:00:00,solar.bun_tlc#realenergyintotheload#kwh,BUNDOORA,0.0,-0.07181135,0.00063365593,0.0006148823,0.0
2025-07-29 05:00:00,solar.bun_tlc#realenergyintotheload#kwh,BUNDOORA,0.0,-0.07181135,0.00063365593,0.0006148823,0.0
2025-07-29 06:00:00,solar.bun_tlc#realenergyintotheload#kwh,BUNDOORA,0.0,-0.016013406,0.00089289556,0.0008664413,0.0
2025-07-29 07:00:00,solar.bun_tlc#realenergyintotheload#kwh,BUNDOORA,0.0,0.014531653,0.00089289556,0.0008664413,0.0
2025-07-29 08:00:00,solar.bun_tlc#realenergyintotheload#kwh,BUNDOORA,0.21875,0.13598454,1.1267393,1.0933568,27.0
2025-07-29 09:00:00,solar.bun_tlc#realenergyintotheload#kwh,BUNDOORA,2.96875,0.3775613,8.537806,8.284852,164.0
2025-07-29 10:00:00,solar.bun_tlc#realenergyintotheload#kwh,BUNDOORA,10.03125,4.9718146,15.37132,14.915906,303.0
2025-07-29 11:00:00,solar.bun_tlc#realenergyintotheload#kwh,BUNDOORA,15.96875,9.515783,24.034582,23.322498,449.0
2025-07-29 12:00:00,solar.bun_tlc#realenergyintotheload#kwh,BUNDOORA,26.4375,16.207708,24.560995,23.833315,471.0
2025-07-29 13:00:00,solar.bun_tlc#realenergyintotheload#kwh,BUNDOORA,10.0625,11.141087,9.363175,9.085768,198.0
2025-07-29 14:00:00,solar.bun_tlc#realenergyintotheload#kwh,BUNDOORA,21.28125,15.018331,25.08487,24.341667,466.0
2025-07-29 15:00:00,solar.bun_tlc#realenergyintotheload#kwh,BUNDOORA,15.625,13.093312,19.494793,18.917212,365.0
2025-07-29 16:00:00,solar.bun_tlc#realenergyintotheload#kwh,BUNDOORA,9.9375,10.306706,13.060858,12.673897,245.0
2025-07-29 17:00:00,solar.bun_tlc#realenergyintotheload#kwh,BUNDOORA,3.34375,3.2580628,4.0981984,3.976779,79.0
2025-07-29 18:00:00,solar.bun_tlc#realenergyintotheload#kwh,BUNDOORA,0.09375,0.14966114,0.001525375,0.0014801819,0.0
2025-07-29 19:00:00,solar.bun_tlc#realenergyintotheload#kwh,BUNDOORA,0.0,0.009688726,0.0008296767,0.0008050954,0.0
2025-07-29 20:00:00,solar.bun_tlc#realenergyintotheload#kwh,BUNDOORA,0.0,-0.0018593451,0.0008296767,0.0008050954,0.0
2025-07-29 21:00:00,solar.bun_tlc#realenergyintotheload#kwh,BUNDOORA,0.0,-0.002911876,0.00089289556,0.0008664413,0.0
2025-07-29 22:00:00,solar.bun_tlc#realenergyintotheload#kwh,BUNDOORA,0.0,0.0040503433,0.0008296767,0.0008050954,0.0
2025-07-29 23:00:00,solar.bun_tlc#realenergyintotheload#kwh,BUNDOORA,0.0,0.006111682,0.00089289556,0.0008664413,0.0
2025-07-30 00:00:00,solar.bun_tlc#realenergyintotheload#kwh,BUNDOORA,0.0,-0.0018817812,0.00089289556,0.0008664413,0.0
2025-07-30 01:00:00,solar.bun_tlc#realenergyintotheload#kwh,BUNDOORA,0.0,-0.0045708404,0.00089289556,0.0008664413,0.0
2025-07-30 02:00:00,solar.bun_tlc#realenergyintotheload#kwh,BUNDOORA,0.0,-0.0054723215,0.00040237568,0.00039045428,0.0
2025-07-30 03:00:00,solar.bun_tlc#realenergyintotheload#kwh,BUNDOORA,0.0,-0.0054723215,0.0009673884,0.0009387271,0.0
2025-07-30 04:00:00,solar.bun_tlc#realenergyintotheload#kwh,BUNDOORA,0.0,0.0044941604,0.0018683198,0.0018129662,0.0
2025-07-30 05:00:00,solar.bun_tlc#realenergyintotheload#kwh,BUNDOORA,0.0,-0.025776291,0.0013946895,0.0013533684,0.0
2025-07-30 06:00:00,solar.bun_tlc#realenergyintotheload#kwh,BUNDOORA,0.0,-0.023428345,0.0013946895,0.0013533684,0.0
2025-07-30 07:00:00,solar.bun_tlc#realenergyintotheload#kwh,BUNDOORA,0.0,0.14616385,0.0014579084,0.0014147143,0.0
2025-07-30 08:00:00,solar.bun_tlc#realenergyintotheload#kwh,BUNDOORA,0.0,0.12413749,1.2111284,1.1752456,29.0
2025-07-30 09:00:00,solar.bun_tlc#realenergyintotheload#kwh,BUNDOORA,0.0,0.5880713,6.4287076,6.238241,137.0
2025-07-30 10:00:00,solar.bun_tlc#realenergyintotheload#kwh,BUNDOORA,0.0,7.3432903,16.093863,15.617042,302.0
2025-07-30 11:00:00,solar.bun_tlc#realenergyintotheload#kwh,BUNDOORA,0.0,12.982744,24.818716,24.083399,461.0
2025-07-30 12:00:00,solar.bun_tlc#realenergyintotheload#kwh,BUNDOORA,0.0,15.536143,19.229002,18.659294,378.0
2025-07-30 13:00:00,solar.bun_tlc#realenergyintotheload#kwh,BUNDOORA,0.0,19.239471,20.074669,19.479906,394.0
2025-07-30 14:00:00,solar.bun_tlc#realenergyintotheload#kwh,BUNDOORA,0.0,13.281689,11.10902,10.779888,250.0
2025-07-30 15:00:00,solar.bun_tlc#realenergyintotheload#kwh,BUNDOORA,0.0,17.449842,17.424835,16.90858,327.0
2025-07-30 16:00:00,solar.bun_tlc#realenergyintotheload#kwh,BUNDOORA,0.0,6.3838997,9.766938,9.477569,197.0
2025-07-30 17:00:00,solar.bun_tlc#realenergyintotheload#kwh,BUNDOORA,0.0,3.7317722,3.7589688,3.6476,73.0
2025-07-30 18:00:00,solar.bun_tlc#realenergyintotheload#kwh,BUNDOORA,0.0,1.502687,0.00033184592,0.00032201415,0.0
2025-07-30 19:00:00,solar.bun_tlc#realenergyintotheload#kwh,BUNDOORA,0.0,-0.010822041,3.5225275e-05,3.4181638e-05,0.0
2025-07-30 20:00:00,solar.bun_tlc#realenergyintotheload#kwh,BUNDOORA,0.0,0.007934484,3.5225275e-05,3.4181638e-05,0.0
2025-07-30 21:00:00,solar.bun_tlc#realenergyintotheload#kwh,BUNDOORA,0.0,-0.093903534,3.5225275e-05,3.4181638e-05,0.0
2025-07-30 22:00:00,solar.bun_tlc#realenergyintotheload#kwh,BUNDOORA,0.0,-0.0765858,0.0009059498,0.0008791088,0.0
2025-07-30 23:00:00,solar.bun_tlc#realenergyintotheload#kwh,BUNDOORA,0.0,-0.09120257,0.0009059498,0.0008791088,0.0
2025-07-31 00:00:00,solar.bun_tlc#realenergyintotheload#kwh,BUNDOORA,0.0,-0.09120257,0.0009059498,0.0008791088,0.0
2025-07-31 01:00:00,solar.bun_tlc#realenergyintotheload#kwh,BUNDOORA,0.0,-0.08642812,0.0015043805,0.0014598095,0.0
2025-07-31 02:00:00,solar.bun_tlc#realenergyintotheload#kwh,BUNDOORA,0.0,-0.08642812,0.0015043805,0.0014598095,0.0
2025-07-31 03:00:00,solar.bun_tlc#realenergyintotheload#kwh,BUNDOORA,0.0,-0.019393522,0.00040237568,0.00039045428,0.0
2025-07-31 04:00:00,solar.bun_tlc#realenergyintotheload#kwh,BUNDOORA,0.0,-0.02195189,0.00040237568,0.00039045428,0.0
2025-07-31 05:00:00,solar.bun_tlc#realenergyintotheload#kwh,BUNDOORA,0.0,-0.021050416,0.00089289556,0.0008664413,0.0
2025-07-31 06:00:00,solar.bun_tlc#realenergyintotheload#kwh,BUNDOORA,0.0,-0.019603943,0.00040237568,0.00039045428,0.0
2025-07-31 07:00:00,solar.bun_tlc#realenergyintotheload#kwh,BUNDOORA,0.0,0.014531653,0.00040237568,0.00039045428,0.0
2025-07-31 08:00:00,solar.bun_tlc#realenergyintotheload#kwh,BUNDOORA,0.53125,0.120400906,1.3370856,1.297471,33.0
2025-07-31 09:00:00,solar.bun_tlc#realenergyintotheload#kwh,BUNDOORA,4.40625,0.6203816,9.841872,9.5502825,191.0
2025-07-31 10:00:00,solar.bun_tlc#realenergyintotheload#kwh,BUNDOORA,11.78125,8.380168,18.49949,17.951397,347.0
2025-07-31 11:00:00,solar.bun_tlc#realenergyintotheload#kwh,BUNDOORA,22.65625,12.104058,19.47895,18.901838,363.0
2025-07-31 12:00:00,solar.bun_tlc#realenergyintotheload#kwh,BUNDOORA,9.90625,11.524975,7.913155,7.678708,165.0
2025-07-31 13:00:00,solar.bun_tlc#realenergyintotheload#kwh,BUNDOORA,6.90625,9.062272,5.309891,5.1525726,108.0
2025-07-31 14:00:00,solar.bun_tlc#realenergyintotheload#kwh,BUNDOORA,13.09375,15.265435,15.729396,15.263373,314.0
2025-07-31 15:00:00,solar.bun_tlc#realenergyintotheload#kwh,BUNDOORA,18.625,17.244734,17.833559,17.305195,345.0
2025-07-31 16:00:00,solar.bun_tlc#realenergyintotheload#kwh,BUNDOORA,6.65625,5.4860945,7.6336317,7.4074664,160.0
2025-07-31 17:00:00,solar.bun_tlc#realenergyintotheload#kwh,BUNDOORA,2.78125,1.4120281,0.073029384,0.070865706,3.0
2025-07-31 18:00:00,solar.bun_tlc#realenergyintotheload#kwh,BUNDOORA,0.125,0.6731052,0.0003446107,0.00033440074,0.0
2025-07-31 19:00:00,solar.bun_tlc#realenergyintotheload#kwh,BUNDOORA,0.0,0.011632744,-2.7993621e-05,0.0,0.0
2025-07-31 20:00:00,solar.bun_tlc#realenergyintotheload#kwh,BUNDOORA,0.0,0.0015588766,0.00089289556,0.0008664413,0.0
2025-07-31 21:00:00,solar.bun_tlc#realenergyintotheload#kwh,BUNDOORA,0.0,-0.006698378,0.00089289556,0.0008664413,0.0
2025-07-31 22:00:00,solar.bun_tlc#realenergyintotheload#kwh,BUNDOORA,0.0,-0.0073351082,0.00040237568,0.00039045428,0.0
2025-07-31 23:00:00,solar.bun_tlc#realenergyintotheload#kwh,BUNDOORA,0.0,-0.02470738,0.00089289556,0.0008664413,0.0
2025-08-01 00:00:00,solar.bun_tlc#realenergyintotheload#kwh,BUNDOORA,0.0,-0.02470738,0.00040237568,0.00039045428,0.0
2025-08-01 01:00:00,solar.bun_tlc#realenergyintotheload#kwh,BUNDOORA,0.0,-0.02195189,0.00040237568,0.00039045428,0.0
2025-08-01 02:00:00,solar.bun_tlc#realenergyintotheload#kwh,BUNDOORA,0.0,-0.02195189,0.00040237568,0.00039045428,0.0
2025-08-01 03:00:00,solar.bun_tlc#realenergyintotheload#kwh,BUNDOORA,0.0,-0.02470738,0.00040237568,0.00039045428,0.0
2025-08-01 04:00:00,solar.bun_tlc#realenergyintotheload#kwh,BUNDOORA,0.0,-0.02470738,0.00040237568,0.00039045428,0.0
2025-08-01 05:00:00,solar.bun_tlc#realenergyintotheload#kwh,BUNDOORA,0.0,-0.024065819,0.00040237568,0.00039045428,0.0
2025-08-01 06:00:00,solar.bun_tlc#realenergyintotheload#kwh,BUNDOORA,0.0,-0.021717872,0.0014579084,0.0014147143,0.0
2025-08-01 07:00:00,solar.bun_tlc#realenergyintotheload#kwh,BUNDOORA,0.0,0.075550154,0.0013946895,0.0013533684,0.0
2025-08-01 08:00:00,solar.bun_tlc#realenergyintotheload#kwh,BUNDOORA,0.40625,0.033206407,1.1426128,1.10876,27.0
2025-08-01 09:00:00,solar.bun_tlc#realenergyintotheload#kwh,BUNDOORA,3.8125,0.32462397,5.7459064,5.5756693,119.0
2025-08-01 10:00:00,solar.bun_tlc#realenergyintotheload#kwh,BUNDOORA,5.8125,2.4205127,8.550731,8.297394,177.0
2025-08-01 11:00:00,solar.bun_tlc#realenergyintotheload#kwh,BUNDOORA,8.03125,9.975393,10.367976,10.060799,210.0
2025-08-01 12:00:00,solar.bun_tlc#realenergyintotheload#kwh,BUNDOORA,16.375,11.919053,18.610628,18.059242,371.0
2025-08-01 13:00:00,solar.bun_tlc#realenergyintotheload#kwh,BUNDOORA,29.125,14.414585,27.533558,26.717808,536.0
2025-08-01 14:00:00,solar.bun_tlc#realenergyintotheload#kwh,BUNDOORA,27.4375,16.266554,25.709625,24.947914,488.0
2025-08-01 15:00:00,solar.bun_tlc#realenergyintotheload#kwh,BUNDOORA,20.375,16.37314,19.720064,19.135807,378.0
2025-08-01 16:00:00,solar.bun_tlc#realenergyintotheload#kwh,BUNDOORA,10.96875,5.95532,6.8914833,6.687306,147.0
2025-08-01 17:00:00,solar.bun_tlc#realenergyintotheload#kwh,BUNDOORA,4.71875,3.980472,3.5135715,3.4094732,67.0
2025-08-01 18:00:00,solar.bun_tlc#realenergyintotheload#kwh,BUNDOORA,0.09375,0.44088697,0.001525375,0.0014801819,0.0
2025-08-01 19:00:00,solar.bun_tlc#realenergyintotheload#kwh,BUNDOORA,0.0,0.033162776,0.0015885938,0.0015415278,0.0
2025-08-01 20:00:00,solar.bun_tlc#realenergyintotheload#kwh,BUNDOORA,0.0,0.0027753087,0.0015885938,0.0015415278,0.0
2025-08-01 21:00:00,solar.bun_tlc#realenergyintotheload#kwh,BUNDOORA,0.0,-0.011841476,0.0010980741,0.001065541,0.0
2025-08-01 22:00:00,solar.bun_tlc#realenergyintotheload#kwh,BUNDOORA,0.0,-0.011841476,0.00040237568,0.00039045428,0.0
2025-08-01 23:00:00,solar.bun_tlc#realenergyintotheload#kwh,BUNDOORA,0.0,-0.010940002,0.00089289556,0.0008664413,0.0
2025-08-02 00:00:00,solar.bun_tlc#realenergyintotheload#kwh,BUNDOORA,0.0,-0.0019446624,0.00063148636,0.000612777,0.0
2025-08-02 01:00:00,solar.bun_tlc#realenergyintotheload#kwh,BUNDOORA,0.0,-0.0016802748,0.001303307,0.0012646933,0.0
2025-08-02 02:00:00,solar.bun_tlc#realenergyintotheload#kwh,BUNDOORA,0.0,-0.0016802748,0.0017909505,0.0017378891,0.0
2025-08-02 03:00:00,solar.bun_tlc#realenergyintotheload#kwh,BUNDOORA,0.0,0.004229773,0.0008296767,0.0008050954,0.0
2025-08-02 04:00:00,solar.bun_tlc#realenergyintotheload#kwh,BUNDOORA,0.0,-0.012853494,0.0013946895,0.0013533684,0.0
2025-08-02 05:00:00,solar.bun_tlc#realenergyintotheload#kwh,BUNDOORA,0.0,-0.023167616,0.0013946895,0.0013533684,0.0
2025-08-02 06:00:00,solar.bun_tlc#realenergyintotheload#kwh,BUNDOORA,0.0,-0.007953763,0.0013946895,0.0013533684,0.0
2025-08-02 07:00:00,solar.bun_tlc#realenergyintotheload#kwh,BUNDOORA,0.0,0.10187985,0.002208567,0.0021431327,0.0
2025-08-02 08:00:00,solar.bun_tlc#realenergyintotheload#kwh,BUNDOORA,0.0,0.08899489,1.0760795,1.0441979,25.0
2025-08-02 09:00:00,solar.bun_tlc#realenergyintotheload#kwh,BUNDOORA,0.0,0.3262923,5.9187303,5.743373,127.0
2025-08-02 10:00:00,solar.bun_tlc#realenergyintotheload#kwh,BUNDOORA,0.0,3.0922167,11.904255,11.551561,235.0
2025-08-02 11:00:00,solar.bun_tlc#realenergyintotheload#kwh,BUNDOORA,0.0,13.279557,21.94848,21.298203,402.0
2025-08-02 12:00:00,solar.bun_tlc#realenergyintotheload#kwh,BUNDOORA,0.0,17.321299,27.016413,26.215984,524.0
2025-08-02 13:00:00,solar.bun_tlc#realenergyintotheload#kwh,BUNDOORA,0.0,16.533531,27.473482,26.659512,538.0
2025-08-02 14:00:00,solar.bun_tlc#realenergyintotheload#kwh,BUNDOORA,0.0,17.537682,25.450119,24.696096,493.0
2025-08-02 15:00:00,solar.bun_tlc#realenergyintotheload#kwh,BUNDOORA,0.0,16.655876,20.685005,20.07216,395.0
2025-08-02 16:00:00,solar.bun_tlc#realenergyintotheload#kwh,BUNDOORA,0.0,11.893481,13.566785,13.164835,253.0
2025-08-02 17:00:00,solar.bun_tlc#realenergyintotheload#kwh,BUNDOORA,0.0,4.2854457,5.0037127,4.855465,92.0
2025-08-02 18:00:00,solar.bun_tlc#realenergyintotheload#kwh,BUNDOORA,0.0,0.3734193,0.0015885938,0.0015415278,0.0
2025-08-02 19:00:00,solar.bun_tlc#realenergyintotheload#kwh,BUNDOORA,0.0,0.031421866,0.00089289556,0.0008664413,0.0
2025-08-02 20:00:00,solar.bun_tlc#realenergyintotheload#kwh,BUNDOORA,0.0,0.0027753087,0.00040237568,0.00039045428,0.0
2025-08-02 21:00:00,solar.bun_tlc#realenergyintotheload#kwh,BUNDOORA,0.0,-0.011841476,0.00040237568,0.00039045428,0.0
2025-08-02 22:00:00,solar.bun_tlc#realenergyintotheload#kwh,BUNDOORA,0.0,-0.02470738,0.00040237568,0.00039045428,0.0
2025-08-02 23:00:00,solar.bun_tlc#realenergyintotheload#kwh,BUNDOORA,0.0,-0.020089101,0.00040237568,0.00039045428,0.0
2025-08-03 00:00:00,solar.bun_tlc#realenergyintotheload#kwh,BUNDOORA,0.0,-0.024065819,0.0009673884,0.0009387271,0.0
2025-08-03 01:00:00,solar.bun_tlc#realenergyintotheload#kwh,BUNDOORA,0.0,-0.024065819,0.0009673884,0.0009387271,0.0
2025-08-03 02:00:00,solar.bun_tlc#realenergyintotheload#kwh,BUNDOORA,0.0,-0.024065819,0.0009673884,0.0009387271,0.0
2025-08-03 03:00:00,solar.bun_tlc#realenergyintotheload#kwh,BUNDOORA,0.0,-0.024065819,0.00040237568,0.00039045428,0.0
2025-08-03 04:00:00,solar.bun_tlc#realenergyintotheload#kwh,BUNDOORA,0.0,-0.023805907,0.00089289556,0.0008664413,0.0
2025-08-03 05:00:00,solar.bun_tlc#realenergyintotheload#kwh,BUNDOORA,0.0,-0.02470738,0.00040237568,0.00039045428,0.0
2025-08-03 06:00:00,solar.bun_tlc#realenergyintotheload#kwh,BUNDOORA,0.0,-0.019603943,0.00089289556,0.0008664413,0.0
2025-08-03 07:00:00,solar.bun_tlc#realenergyintotheload#kwh,BUNDOORA,0.0,0.014531653,0.00040237568,0.00039045428,0.0
2025-08-03 08:00:00,solar.bun_tlc#realenergyintotheload#kwh,BUNDOORA,0.71875,0.011677396,1.8214294,1.767465,38.0
2025-08-03 09:00:00,solar.bun_tlc#realenergyintotheload#kwh,BUNDOORA,5.40625,0.47921667,9.888054,9.595096,196.0
2025-08-03 10:00:00,solar.bun_tlc#realenergyintotheload#kwh,BUNDOORA,13.21875,11.213981,19.860485,19.272068,358.0
2025-08-03 11:00:00,solar.bun_tlc#realenergyintotheload#kwh,BUNDOORA,23.78125,17.621431,25.72104,24.95899,479.0
2025-08-03 12:00:00,solar.bun_tlc#realenergyintotheload#kwh,BUNDOORA,29.21875,22.787405,27.115948,26.31257,549.0
2025-08-03 13:00:00,solar.bun_tlc#realenergyintotheload#kwh,BUNDOORA,29.9375,27.612717,27.876705,27.050789,561.0
2025-08-03 14:00:00,solar.bun_tlc#realenergyintotheload#kwh,BUNDOORA,28.375,20.249254,24.457119,23.732515,513.0
2025-08-03 15:00:00,solar.bun_tlc#realenergyintotheload#kwh,BUNDOORA,21.5,12.473503,21.364935,20.731945,411.0
2025-08-03 16:00:00,solar.bun_tlc#realenergyintotheload#kwh,BUNDOORA,12.84375,10.27221,14.380992,13.954919,265.0
2025-08-03 17:00:00,solar.bun_tlc#realenergyintotheload#kwh,BUNDOORA,5.0625,6.374177,4.6567664,4.518798,100.0
2025-08-03 18:00:00,solar.bun_tlc#realenergyintotheload#kwh,BUNDOORA,0.34375,1.0012423,0.003078001,0.0029868076,0.0
2025-08-03 19:00:00,solar.bun_tlc#realenergyintotheload#kwh,BUNDOORA,0.0,0.080125526,0.0011895162,0.0011542737,0.0
2025-08-03 20:00:00,solar.bun_tlc#realenergyintotheload#kwh,BUNDOORA,0.0,0.0010924311,0.00089289556,0.0008664413,0.0
2025-08-03 21:00:00,solar.bun_tlc#realenergyintotheload#kwh,BUNDOORA,0.0,0.002104478,0.00089289556,0.0008664413,0.0
2025-08-03 22:00:00,solar.bun_tlc#realenergyintotheload#kwh,BUNDOORA,0.0,-0.06804769,3.5225275e-05,3.4181638e-05,0.0
2025-08-03 23:00:00,solar.bun_tlc#realenergyintotheload#kwh,BUNDOORA,0.0,-0.08252197,0.0009059498,0.0008791088,0.0
2025-08-04 00:00:00,solar.bun_tlc#realenergyintotheload#kwh,BUNDOORA,0.0,0.007934484,3.5225275e-05,3.4181638e-05,0.0
2025-08-04 01:00:00,solar.bun_tlc#realenergyintotheload#kwh,BUNDOORA,0.0,0.059942134,3.5225275e-05,3.4181638e-05,0.0
2025-08-04 02:00:00,solar.bun_tlc#realenergyintotheload#kwh,BUNDOORA,0.0,0.26903167,4.7989954e-05,4.656813e-05,0.0
2025-08-04 03:00:00,solar.bun_tlc#realenergyintotheload#kwh,BUNDOORA,0.0,0.16327891,0.00086186785,0.00083633285,0.0
2025-08-04 04:00:00,solar.bun_tlc#realenergyintotheload#kwh,BUNDOORA,0.0,-0.12821217,0.0004501363,0.00043679986,0.0
2025-08-04 05:00:00,solar.bun_tlc#realenergyintotheload#kwh,BUNDOORA,0.0,0.00088894507,0.0005994388,0.00058167893,0.0
2025-08-04 06:00:00,solar.bun_tlc#realenergyintotheload#kwh,BUNDOORA,0.0,0.14143117,-0.0022195526,0.0,0.0
2025-08-04 07:00:00,solar.bun_tlc#realenergyintotheload#kwh,BUNDOORA,0.0,0.69595057,-0.0016591628,0.0,0.0
2025-08-04 08:00:00,solar.bun_tlc#realenergyintotheload#kwh,BUNDOORA,0.4375,3.6261125,2.0499322,1.9891979,42.0
2025-08-04 09:00:00,solar.bun_tlc#realenergyintotheload#kwh,BUNDOORA,4.71875,4.6562324,8.088785,7.8491344,166.0
2025-08-04 10:00:00,solar.bun_tlc#realenergyintotheload#kwh,BUNDOORA,9.46875,13.194921,17.144186,16.636246,325.0
2025-08-04 11:00:00,solar.bun_tlc#realenergyintotheload#kwh,BUNDOORA,11.65625,14.140008,16.912914,16.411827,332.0
2025-08-04 12:00:00,solar.bun_tlc#realenergyintotheload#kwh,BUNDOORA,13.34375,20.500795,20.781586,20.165878,418.0
2025-08-04 13:00:00,solar.bun_tlc#realenergyintotheload#kwh,BUNDOORA,12.5,18.06885,14.360178,13.934722,297.0
2025-08-04 14:00:00,solar.bun_tlc#realenergyintotheload#kwh,BUNDOORA,10.15625,12.935746,9.799177,9.508852,209.0
2025-08-04 15:00:00,solar.bun_tlc#realenergyintotheload#kwh,BUNDOORA,7.28125,13.138066,6.9006667,6.696217,148.0
2025-08-04 16:00:00,solar.bun_tlc#realenergyintotheload#kwh,BUNDOORA,10.71875,9.866722,7.834643,7.602522,171.0
2025-08-04 17:00:00,solar.bun_tlc#realenergyintotheload#kwh,BUNDOORA,2.78125,2.5696442,1.9289545,1.8718044,42.0
2025-08-04 18:00:00,solar.bun_tlc#realenergyintotheload#kwh,BUNDOORA,0.59375,6.4329605,-0.007989254,0.0,0.0
2025-08-04 19:00:00,solar.bun_tlc#realenergyintotheload#kwh,BUNDOORA,0.0,0.9503405,-0.0069616362,0.0,0.0
2025-08-04 20:00:00,solar.bun_tlc#realenergyintotheload#kwh,BUNDOORA,0.0,-0.28916845,-0.008924117,0.0,0.0
2025-08-04 21:00:00,solar.bun_tlc#realenergyintotheload#kwh,BUNDOORA,0.0,0.028180342,-0.0001691085,0.0,0.0
2025-08-04 22:00:00,solar.bun_tlc#realenergyintotheload#kwh,BUNDOORA,0.0,0.30809835,-0.0035174096,0.0,0.0
2025-08-04 23:00:00,solar.bun_tlc#realenergyintotheload#kwh,BUNDOORA,0.0,0.2140507,0.0065984875,0.006402991,0.0
2025-08-05 00:00:00,solar.bun_tlc#realenergyintotheload#kwh,BUNDOORA,0.0,-0.0077958703,-0.0035174096,0.0,0.0
2025-08-05 01:00:00,solar.bun_tlc#realenergyintotheload#kwh,BUNDOORA,0.0,0.1370168,-0.011608351,0.0,0.0
2025-08-05 02:00:00,solar.bun_tlc#realenergyintotheload#kwh,BUNDOORA,0.0,-0.07240105,0.0017286605,0.0016774447,0.0
2025-08-05 03:00:00,solar.bun_tlc#realenergyintotheload#kwh,BUNDOORA,0.0,0.06353249,0.0020719864,0.0020105985,0.0
2025-08-05 04:00:00,solar.bun_tlc#realenergyintotheload#kwh,BUNDOORA,0.0,0.020379908,0.0010379662,0.0010072138,0.0
2025-08-05 05:00:00,solar.bun_tlc#realenergyintotheload#kwh,BUNDOORA,0.0,-0.031765416,0.001187516,0.0011523329,0.0
2025-08-05 06:00:00,solar.bun_tlc#realenergyintotheload#kwh,BUNDOORA,0.0,0.02627088,0.001187516,0.0011523329,0.0
2025-08-05 07:00:00,solar.bun_tlc#realenergyintotheload#kwh,BUNDOORA,0.0,0.45809603,0.0035242748,0.0034198593,0.0
2025-08-05 08:00:00,solar.bun_tlc#realenergyintotheload#kwh,BUNDOORA,0.6875,1.3108476,2.0930378,2.0310264,44.0
2025-08-05 09:00:00,solar.bun_tlc#realenergyintotheload#kwh,BUNDOORA,5.0,2.9057322,10.724458,10.406719,206.0
2025-08-05 10:00:00,solar.bun_tlc#realenergyintotheload#kwh,BUNDOORA,13.8125,12.293574,19.20916,18.640041,361.0
2025-08-05 11:00:00,solar.bun_tlc#realenergyintotheload#kwh,BUNDOORA,24.3125,15.092051,24.495567,23.769825,481.0
2025-08-05 12:00:00,solar.bun_tlc#realenergyintotheload#kwh,BUNDOORA,23.9375,16.760313,23.055283,22.372211,445.0
2025-08-05 13:00:00,solar.bun_tlc#realenergyintotheload#kwh,BUNDOORA,16.875,17.903013,19.743809,19.15885,385.0
2025-08-05 14:00:00,solar.bun_tlc#realenergyintotheload#kwh,BUNDOORA,21.46875,13.668496,14.734362,14.297819,291.0
2025-08-05 15:00:00,solar.bun_tlc#realenergyintotheload#kwh,BUNDOORA,8.65625,8.604579,8.485167,8.233772,177.0
2025-08-05 16:00:00,solar.bun_tlc#realenergyintotheload#kwh,BUNDOORA,11.46875,9.38673,8.895489,8.631938,187.0
2025-08-05 17:00:00,solar.bun_tlc#realenergyintotheload#kwh,BUNDOORA,6.5,5.3645844,4.841682,4.698235,102.0
2025-08-05 18:00:00,solar.bun_tlc#realenergyintotheload#kwh,BUNDOORA,0.375,0.7202003,0.009041775,0.008773889,0.0
2025-08-05 19:00:00,solar.bun_tlc#realenergyintotheload#kwh,BUNDOORA,0.0,0.24510361,-0.004877791,0.0,0.0
2025-08-05 20:00:00,solar.bun_tlc#realenergyintotheload#kwh,BUNDOORA,0.0,0.12222118,-0.002432074,0.0,0.0
2025-08-05 21:00:00,solar.bun_tlc#realenergyintotheload#kwh,BUNDOORA,0.0,-0.03711261,-0.002368855,0.0,0.0
2025-08-05 22:00:00,solar.bun_tlc#realenergyintotheload#kwh,BUNDOORA,0.0,-0.11181329,-0.0026654757,0.0,0.0
2025-08-05 23:00:00,solar.bun_tlc#realenergyintotheload#kwh,BUNDOORA,0.0,-0.24159373,0.0035242748,0.0034198593,0.0
2025-08-06 00:00:00,solar.bun_tlc#realenergyintotheload#kwh,BUNDOORA,0.0,-0.24159373,0.0035242748,0.0034198593,0.0
2025-08-06 01:00:00,solar.bun_tlc#realenergyintotheload#kwh,BUNDOORA,0.0,0.043033734,-0.0025161733,0.0,0.0
2025-08-06 02:00:00,solar.bun_tlc#realenergyintotheload#kwh,BUNDOORA,0.0,-0.009227574,-0.0025161733,0.0,0.0
2025-08-06 03:00:00,solar.bun_tlc#realenergyintotheload#kwh,BUNDOORA,0.0,0.07563855,-0.0019557835,0.0,0.0
2025-08-06 04:00:00,solar.bun_tlc#realenergyintotheload#kwh,BUNDOORA,0.0,-0.023829907,0.0011598286,0.0011254658,0.0
2025-08-06 05:00:00,solar.bun_tlc#realenergyintotheload#kwh,BUNDOORA,0.0,0.117046095,0.0011598286,0.0011254658,0.0
2025-08-06 06:00:00,solar.bun_tlc#realenergyintotheload#kwh,BUNDOORA,0.0,0.120890476,0.0005994388,0.00058167893,0.0
2025-08-06 07:00:00,solar.bun_tlc#realenergyintotheload#kwh,BUNDOORA,0.0,0.5602087,4.7989954e-05,4.656813e-05,0.0
2025-08-06 08:00:00,solar.bun_tlc#realenergyintotheload#kwh,BUNDOORA,0.0,0.4131875,0.88952374,0.8631694,23.0
2025-08-06 09:00:00,solar.bun_tlc#realenergyintotheload#kwh,BUNDOORA,0.0,0.36050493,5.1183467,4.966703,108.0
2025-08-06 10:00:00,solar.bun_tlc#realenergyintotheload#kwh,BUNDOORA,0.0,6.393398,17.374231,16.859476,328.0
2025-08-06 11:00:00,solar.bun_tlc#realenergyintotheload#kwh,BUNDOORA,0.0,18.448454,24.73349,24.000698,484.0
2025-08-06 12:00:00,solar.bun_tlc#realenergyintotheload#kwh,BUNDOORA,0.0,15.482591,26.54397,25.757538,513.0
2025-08-06 13:00:00,solar.bun_tlc#realenergyintotheload#kwh,BUNDOORA,0.0,16.06408,17.146652,16.63864,342.0
2025-08-06 14:00:00,solar.bun_tlc#realenergyintotheload#kwh,BUNDOORA,0.0,8.155044,14.83239,14.392943,297.0
2025-08-06 15:00:00,solar.bun_tlc#realenergyintotheload#kwh,BUNDOORA,0.0,7.8964996,4.033759,3.914249,87.0
2025-08-06 16:00:00,solar.bun_tlc#realenergyintotheload#kwh,BUNDOORA,0.0,5.026193,8.346231,8.098953,179.0
2025-08-06 17:00:00,solar.bun_tlc#realenergyintotheload#kwh,BUNDOORA,0.0,1.845631,2.0660527,2.0048406,47.0
2025-08-06 18:00:00,solar.bun_tlc#realenergyintotheload#kwh,BUNDOORA,0.0,0.8653552,0.0008296767,0.0008050954,0.0
2025-08-06 19:00:00,solar.bun_tlc#realenergyintotheload#kwh,BUNDOORA,0.0,0.04111268,0.0008296767,0.0008050954,0.0
2025-08-06 20:00:00,solar.bun_tlc#realenergyintotheload#kwh,BUNDOORA,0.0,-0.0031821132,0.0020296914,0.0019695566,0.0
2025-08-06 21:00:00,solar.bun_tlc#realenergyintotheload#kwh,BUNDOORA,0.0,-1.2706965e-05,0.0008296767,0.0008050954,0.0
2025-08-06 22:00:00,solar.bun_tlc#realenergyintotheload#kwh,BUNDOORA,0.0,-0.00618714,0.0008296767,0.0008050954,0.0
2025-08-06 23:00:00,solar.bun_tlc#realenergyintotheload#kwh,BUNDOORA,0.0,-0.008551536,0.00089289556,0.0008664413,0.0
2025-08-07 00:00:00,solar.bun_tlc#realenergyintotheload#kwh,BUNDOORA,0.0,-0.013022287,0.00089289556,0.0008664413,0.0
2025-08-07 01:00:00,solar.bun_tlc#realenergyintotheload#kwh,BUNDOORA,0.0,-0.0073351082,0.00040237568,0.00039045428,0.0
2025-08-07 02:00:00,solar.bun_tlc#realenergyintotheload#kwh,BUNDOORA,0.0,-0.0100906,0.00040237568,0.00039045428,0.0
2025-08-07 03:00:00,solar.bun_tlc#realenergyintotheload#kwh,BUNDOORA,0.0,-0.009453869,0.00089289556,0.0008664413,0.0
2025-08-07 04:00:00,solar.bun_tlc#realenergyintotheload#kwh,BUNDOORA,0.0,-0.010289873,0.00089289556,0.0008664413,0.0
2025-08-07 05:00:00,solar.bun_tlc#realenergyintotheload#kwh,BUNDOORA,0.0,-0.010289873,0.00040237568,0.00039045428,0.0
2025-08-07 06:00:00,solar.bun_tlc#realenergyintotheload#kwh,BUNDOORA,0.0,0.007425873,0.00089289556,0.0008664413,0.0
2025-08-07 07:00:00,solar.bun_tlc#realenergyintotheload#kwh,BUNDOORA,0.0,0.10305509,0.0009673884,0.0009387271,0.0
2025-08-07 08:00:00,solar.bun_tlc#realenergyintotheload#kwh,BUNDOORA,0.5625,0.39523166,2.1313446,2.0681982,43.0
2025-08-07 09:00:00,solar.bun_tlc#realenergyintotheload#kwh,BUNDOORA,3.875,2.0409951,7.350062,7.132298,148.0
2025-08-07 10:00:00,solar.bun_tlc#realenergyintotheload#kwh,BUNDOORA,10.15625,10.420211,16.257141,15.775482,298.0
2025-08-07 11:00:00,solar.bun_tlc#realenergyintotheload#kwh,BUNDOORA,13.71875,12.262032,17.256449,16.745184,328.0
2025-08-07 12:00:00,solar.bun_tlc#realenergyintotheload#kwh,BUNDOORA,16.125,14.9443445,13.263107,12.870154,275.0
2025-08-07 13:00:00,solar.bun_tlc#realenergyintotheload#kwh,BUNDOORA,15.53125,15.048391,11.754761,11.406497,251.0
2025-08-07 14:00:00,solar.bun_tlc#realenergyintotheload#kwh,BUNDOORA,12.8125,10.491828,9.588099,9.304028,213.0
2025-08-07 15:00:00,solar.bun_tlc#realenergyintotheload#kwh,BUNDOORA,11.5625,12.85233,11.412579,11.074452,248.0
2025-08-07 16:00:00,solar.bun_tlc#realenergyintotheload#kwh,BUNDOORA,13.09375,10.470201,9.648111,9.362262,231.0
2025-08-07 17:00:00,solar.bun_tlc#realenergyintotheload#kwh,BUNDOORA,6.4375,4.0849385,3.8858292,3.770702,80.0
2025-08-07 18:00:00,solar.bun_tlc#realenergyintotheload#kwh,BUNDOORA,0.0625,0.7590979,0.0011262973,0.0010929279,0.0
2025-08-07 19:00:00,solar.bun_tlc#realenergyintotheload#kwh,BUNDOORA,0.0,0.04748567,0.00089289556,0.0008664413,0.0
2025-08-07 20:00:00,solar.bun_tlc#realenergyintotheload#kwh,BUNDOORA,0.0,-0.0132215675,0.00089289556,0.0008664413,0.0
2025-08-07 21:00:00,solar.bun_tlc#realenergyintotheload#kwh,BUNDOORA,0.0,-0.0132215675,0.0008296767,0.0008050954,0.0
2025-08-07 22:00:00,solar.bun_tlc#realenergyintotheload#kwh,BUNDOORA,0.0,-0.0039438466,0.00089289556,0.0008664413,0.0
2025-08-07 23:00:00,solar.bun_tlc#realenergyintotheload#kwh,BUNDOORA,0.0,-0.0056715957,0.0009673884,0.0009387271,0.0
2025-08-08 00:00:00,solar.bun_tlc#realenergyintotheload#kwh,BUNDOORA,0.0,-0.005582888,0.0013958955,0.0013545386,0.0
2025-08-08 01:00:00,solar.bun_tlc#realenergyintotheload#kwh,BUNDOORA,0.0,-0.020089101,0.0009673884,0.0009387271,0.0
2025-08-08 02:00:00,solar.bun_tlc#realenergyintotheload#kwh,BUNDOORA,0.0,-0.020089101,0.0009673884,0.0009387271,0.0
2025-08-08 03:00:00,solar.bun_tlc#realenergyintotheload#kwh,BUNDOORA,0.0,-0.020089101,0.0009673884,0.0009387271,0.0
2025-08-08 04:00:00,solar.bun_tlc#realenergyintotheload#kwh,BUNDOORA,0.0,-0.006321722,0.0014579084,0.0014147143,0.0
2025-08-08 05:00:00,solar.bun_tlc#realenergyintotheload#kwh,BUNDOORA,0.0,-0.007223196,0.0009673884,0.0009387271,0.0
2025-08-08 06:00:00,solar.bun_tlc#realenergyintotheload#kwh,BUNDOORA,0.0,0.0011135995,0.0014579084,0.0014147143,0.0
2025-08-08 07:00:00,solar.bun_tlc#realenergyintotheload#kwh,BUNDOORA,0.0,0.032006223,0.00089289556,0.0008664413,0.0
2025-08-08 08:00:00,solar.bun_tlc#realenergyintotheload#kwh,BUNDOORA,0.3125,-0.02916734,1.6056789,1.5581067,36.0
2025-08-08 09:00:00,solar.bun_tlc#realenergyintotheload#kwh,BUNDOORA,4.9375,0.76263654,9.129306,8.858828,193.0
2025-08-08 10:00:00,solar.bun_tlc#realenergyintotheload#kwh,BUNDOORA,9.375,4.0184407,12.407006,12.039417,248.0
2025-08-08 11:00:00,solar.bun_tlc#realenergyintotheload#kwh,BUNDOORA,15.8125,14.807321,17.81158,17.283869,339.0
2025-08-08 12:00:00,solar.bun_tlc#realenergyintotheload#kwh,BUNDOORA,17.96875,19.7608,24.742895,24.009825,469.0
2025-08-08 13:00:00,solar.bun_tlc#realenergyintotheload#kwh,BUNDOORA,22.5625,15.620438,19.973473,19.381708,393.0
2025-08-08 14:00:00,solar.bun_tlc#realenergyintotheload#kwh,BUNDOORA,25.03125,13.068513,22.15521,21.498806,439.0
2025-08-08 15:00:00,solar.bun_tlc#realenergyintotheload#kwh,BUNDOORA,15.375,12.490001,17.23502,16.72439,332.0
2025-08-08 16:00:00,solar.bun_tlc#realenergyintotheload#kwh,BUNDOORA,12.03125,8.703453,10.750712,10.432196,230.0
2025-08-08 17:00:00,solar.bun_tlc#realenergyintotheload#kwh,BUNDOORA,4.375,3.4816418,3.933181,3.8166506,91.0
2025-08-08 18:00:00,solar.bun_tlc#realenergyintotheload#kwh,BUNDOORA,0.25,0.81709385,0.00088621565,0.0008599593,0.0
2025-08-08 19:00:00,solar.bun_tlc#realenergyintotheload#kwh,BUNDOORA,0.0,-0.06533618,0.001344477,0.0013046435,0.0
2025-08-08 20:00:00,solar.bun_tlc#realenergyintotheload#kwh,BUNDOORA,0.0,-0.06425272,0.0019429076,0.001885344,0.0
2025-08-08 21:00:00,solar.bun_tlc#realenergyintotheload#kwh,BUNDOORA,0.0,-0.009283108,0.0010980741,0.001065541,0.0
2025-08-08 22:00:00,solar.bun_tlc#realenergyintotheload#kwh,BUNDOORA,0.0,-0.011841476,0.0010980741,0.001065541,0.0
2025-08-08 23:00:00,solar.bun_tlc#realenergyintotheload#kwh,BUNDOORA,0.0,-0.02470738,0.00040237568,0.00039045428,0.0
2025-08-09 00:00:00,solar.bun_tlc#realenergyintotheload#kwh,BUNDOORA,0.0,-0.007223196,0.0009673884,0.0009387271,0.0
2025-08-09 01:00:00,solar.bun_tlc#realenergyintotheload#kwh,BUNDOORA,0.0,-0.010065217,0.002028375,0.0019682792,0.0
2025-08-09 02:00:00,solar.bun_tlc#realenergyintotheload#kwh,BUNDOORA,0.0,0.0044941604,0.0023559637,0.0022861625,0.0
2025-08-09 03:00:00,solar.bun_tlc#realenergyintotheload#kwh,BUNDOORA,0.0,0.004229773,0.0011964994,0.0011610502,0.0
2025-08-09 04:00:00,solar.bun_tlc#realenergyintotheload#kwh,BUNDOORA,0.0,0.004229773,0.0013946895,0.0013533684,0.0
2025-08-09 05:00:00,solar.bun_tlc#realenergyintotheload#kwh,BUNDOORA,0.0,-0.020089101,0.00089289556,0.0008664413,0.0
2025-08-09 06:00:00,solar.bun_tlc#realenergyintotheload#kwh,BUNDOORA,0.0,-0.012653782,0.0014579084,0.0014147143,0.0
2025-08-09 07:00:00,solar.bun_tlc#realenergyintotheload#kwh,BUNDOORA,0.0,0.1535331,0.0014579084,0.0014147143,0.0
2025-08-09 08:00:00,solar.bun_tlc#realenergyintotheload#kwh,BUNDOORA,0.0,-0.033453442,2.12713,2.0641084,41.0
2025-08-09 09:00:00,solar.bun_tlc#realenergyintotheload#kwh,BUNDOORA,0.0,0.6712389,9.184464,8.912352,196.0
2025-08-09 10:00:00,solar.bun_tlc#realenergyintotheload#kwh,BUNDOORA,0.0,10.897556,11.199751,10.86793,218.0
2025-08-09 11:00:00,solar.bun_tlc#realenergyintotheload#kwh,BUNDOORA,0.0,14.124554,24.351645,23.630167,465.0
2025-08-09 12:00:00,solar.bun_tlc#realenergyintotheload#kwh,BUNDOORA,0.0,23.680374,28.484903,27.640966,571.0
2025-08-09 13:00:00,solar.bun_tlc#realenergyintotheload#kwh,BUNDOORA,0.0,28.56745,29.332676,28.463621,582.0
2025-08-09 14:00:00,solar.bun_tlc#realenergyintotheload#kwh,BUNDOORA,0.0,25.137316,25.362389,24.610964,533.0
2025-08-09 15:00:00,solar.bun_tlc#realenergyintotheload#kwh,BUNDOORA,0.0,18.577019,22.153862,21.497498,429.0
2025-08-09 16:00:00,solar.bun_tlc#realenergyintotheload#kwh,BUNDOORA,0.0,11.585331,14.539257,14.108495,281.0
2025-08-09 17:00:00,solar.bun_tlc#realenergyintotheload#kwh,BUNDOORA,0.0,6.596153,5.354524,5.195883,112.0
2025-08-09 18:00:00,solar.bun_tlc#realenergyintotheload#kwh,BUNDOORA,0.0,0.8933747,0.0015885938,0.0015415278,0.0
2025-08-09 19:00:00,solar.bun_tlc#realenergyintotheload#kwh,BUNDOORA,0.0,0.027709851,0.00089289556,0.0008664413,0.0
2025-08-09 20:00:00,solar.bun_tlc#realenergyintotheload#kwh,BUNDOORA,0.0,0.0027753087,0.00040237568,0.00039045428,0.0
2025-08-09 21:00:00,solar.bun_tlc#realenergyintotheload#kwh,BUNDOORA,0.0,-0.011841476,0.00040237568,0.00039045428,0.0
2025-08-09 22:00:00,solar.bun_tlc#realenergyintotheload#kwh,BUNDOORA,0.0,-0.020089101,0.00040237568,0.00039045428,0.0
2025-08-09 23:00:00,solar.bun_tlc#realenergyintotheload#kwh,BUNDOORA,0.0,-0.020089101,0.00040237568,0.00039045428,0.0
2025-08-10 00:00:00,solar.bun_tlc#realenergyintotheload#kwh,BUNDOORA,0.0,-0.020089101,0.0014579084,0.0014147143,0.0
2025-08-10 01:00:00,solar.bun_tlc#realenergyintotheload#kwh,BUNDOORA,0.0,-0.024065819,0.0014579084,0.0014147143,0.0
2025-08-10 02:00:00,solar.bun_tlc#realenergyintotheload#kwh,BUNDOORA,0.0,-0.02470738,0.00040237568,0.00039045428,0.0
2025-08-10 03:00:00,solar.bun_tlc#realenergyintotheload#kwh,BUNDOORA,0.0,-0.02470738,0.00040237568,0.00039045428,0.0
2025-08-10 04:00:00,solar.bun_tlc#realenergyintotheload#kwh,BUNDOORA,0.0,-0.02470738,0.00040237568,0.00039045428,0.0
2025-08-10 05:00:00,solar.bun_tlc#realenergyintotheload#kwh,BUNDOORA,0.0,-0.02470738,0.00040237568,0.00039045428,0.0
2025-08-10 06:00:00,solar.bun_tlc#realenergyintotheload#kwh,BUNDOORA,0.0,-0.017272059,0.00040237568,0.00039045428,0.0
2025-08-10 07:00:00,solar.bun_tlc#realenergyintotheload#kwh,BUNDOORA,0.0,0.035605647,0.00040237568,0.00039045428,0.0
2025-08-10 08:00:00,solar.bun_tlc#realenergyintotheload#kwh,BUNDOORA,1.03125,0.3080101,3.0064325,2.9173594,57.0
2025-08-10 09:00:00,solar.bun_tlc#realenergyintotheload#kwh,BUNDOORA,6.3125,1.019227,11.100453,10.771575,223.0
2025-08-10 10:00:00,solar.bun_tlc#realenergyintotheload#kwh,BUNDOORA,16.375,14.84003,21.145742,20.519247,384.0
2025-08-10 11:00:00,solar.bun_tlc#realenergyintotheload#kwh,BUNDOORA,25.75,16.564087,25.998362,25.228096,506.0
2025-08-10 12:00:00,solar.bun_tlc#realenergyintotheload#kwh,BUNDOORA,29.78125,25.651924,28.303877,27.465303,575.0
2025-08-10 13:00:00,solar.bun_tlc#realenergyintotheload#kwh,BUNDOORA,31.0625,26.726854,28.636011,27.787598,584.0
2025-08-10 14:00:00,solar.bun_tlc#realenergyintotheload#kwh,BUNDOORA,28.6875,20.790956,25.58289,24.824932,535.0
2025-08-10 15:00:00,solar.bun_tlc#realenergyintotheload#kwh,BUNDOORA,24.0,19.697584,21.979362,21.328169,431.0
2025-08-10 16:00:00,solar.bun_tlc#realenergyintotheload#kwh,BUNDOORA,14.25,12.182202,15.07371,14.627114,284.0
2025-08-10 17:00:00,solar.bun_tlc#realenergyintotheload#kwh,BUNDOORA,5.875,7.4637623,5.219357,5.0647206,115.0
2025-08-10 18:00:00,solar.bun_tlc#realenergyintotheload#kwh,BUNDOORA,0.4375,0.8013556,0.0006739143,0.00065394794,0.0
2025-08-10 19:00:00,solar.bun_tlc#realenergyintotheload#kwh,BUNDOORA,0.0,0.0959944,0.0011895162,0.0011542737,0.0
2025-08-10 20:00:00,solar.bun_tlc#realenergyintotheload#kwh,BUNDOORA,0.0,0.002104478,0.00089289556,0.0008664413,0.0
2025-08-10 21:00:00,solar.bun_tlc#realenergyintotheload#kwh,BUNDOORA,0.0,0.006656325,0.00089289556,0.0008664413,0.0
2025-08-10 22:00:00,solar.bun_tlc#realenergyintotheload#kwh,BUNDOORA,0.0,0.0030657882,0.0014579084,0.0014147143,0.0
2025-08-10 23:00:00,solar.bun_tlc#realenergyintotheload#kwh,BUNDOORA,0.0,-0.0056715957,0.0009673884,0.0009387271,0.0
2025-08-11 00:00:00,solar.bun_tlc#realenergyintotheload#kwh,BUNDOORA,0.0,-0.020089101,0.0009673884,0.0009387271,0.0
2025-08-11 01:00:00,solar.bun_tlc#realenergyintotheload#kwh,BUNDOORA,0.0,-0.024065819,0.0009673884,0.0009387271,0.0
2025-08-11 02:00:00,solar.bun_tlc#realenergyintotheload#kwh,BUNDOORA,0.0,-0.024065819,0.0009673884,0.0009387271,0.0
2025-08-11 03:00:00,solar.bun_tlc#realenergyintotheload#kwh,BUNDOORA,0.0,-0.024065819,0.00040237568,0.00039045428,0.0
2025-08-11 04:00:00,solar.bun_tlc#realenergyintotheload#kwh,BUNDOORA,0.0,-0.024065819,0.00040237568,0.00039045428,0.0
2025-08-11 05:00:00,solar.bun_tlc#realenergyintotheload#kwh,BUNDOORA,0.0,-0.02470738,0.00040237568,0.00039045428,0.0
2025-08-11 06:00:00,solar.bun_tlc#realenergyintotheload#kwh,BUNDOORA,0.0,-0.017272059,0.00040237568,0.00039045428,0.0
2025-08-11 07:00:00,solar.bun_tlc#realenergyintotheload#kwh,BUNDOORA,0.0,0.035605647,0.00089289556,0.0008664413,0.0
2025-08-11 08:00:00,solar.bun_tlc#realenergyintotheload#kwh,BUNDOORA,1.09375,0.13440003,2.978319,2.8900788,60.0
2025-08-11 09:00:00,solar.bun_tlc#realenergyintotheload#kwh,BUNDOORA,6.5625,0.64714974,10.846035,10.524694,228.0
2025-08-11 10:00:00,solar.bun_tlc#realenergyintotheload#kwh,BUNDOORA,16.78125,18.688576,20.971247,20.34992,388.0
2025-08-11 11:00:00,solar.bun_tlc#realenergyintotheload#kwh,BUNDOORA,25.90625,13.340268,26.003101,25.232695,509.0
2025-08-11 12:00:00,solar.bun_tlc#realenergyintotheload#kwh,BUNDOORA,30.21875,24.233524,28.1996,27.364117,578.0
2025-08-11 13:00:00,solar.bun_tlc#realenergyintotheload#kwh,BUNDOORA,32.5625,23.85529,28.937855,28.080498,589.0
2025-08-11 14:00:00,solar.bun_tlc#realenergyintotheload#kwh,BUNDOORA,31.25,25.203926,25.338713,24.58799,528.0
2025-08-11 15:00:00,solar.bun_tlc#realenergyintotheload#kwh,BUNDOORA,25.125,17.135712,21.946856,21.296625,435.0
2025-08-11 16:00:00,solar.bun_tlc#realenergyintotheload#kwh,BUNDOORA,14.59375,12.806871,13.93437,13.521529,273.0
2025-08-11 17:00:00,solar.bun_tlc#realenergyintotheload#kwh,BUNDOORA,6.75,7.770997,5.5953197,5.4295444,119.0
2025-08-11 18:00:00,solar.bun_tlc#realenergyintotheload#kwh,BUNDOORA,0.5,1.5988407,0.0016435198,0.0015948265,1.0
2025-08-11 19:00:00,solar.bun_tlc#realenergyintotheload#kwh,BUNDOORA,0.0,0.1323608,0.005412352,0.005251997,0.0
2025-08-11 20:00:00,solar.bun_tlc#realenergyintotheload#kwh,BUNDOORA,0.0,0.019071791,0.00089289556,0.0008664413,0.0
2025-08-11 21:00:00,solar.bun_tlc#realenergyintotheload#kwh,BUNDOORA,0.0,-0.0006510127,0.00089289556,0.0008664413,0.0
2025-08-11 22:00:00,solar.bun_tlc#realenergyintotheload#kwh,BUNDOORA,0.0,-0.006698378,0.00089289556,0.0008664413,0.0
2025-08-11 23:00:00,solar.bun_tlc#realenergyintotheload#kwh,BUNDOORA,0.0,-0.0073351082,0.00040237568,0.00039045428,0.0
2025-08-12 00:00:00,solar.bun_tlc#realenergyintotheload#kwh,BUNDOORA,0.0,-0.004776741,0.00040237568,0.00039045428,0.0
2025-08-12 01:00:00,solar.bun_tlc#realenergyintotheload#kwh,BUNDOORA,0.0,-0.07181135,0.0015043805,0.0014598095,0.0
2025-08-12 02:00:00,solar.bun_tlc#realenergyintotheload#kwh,BUNDOORA,0.0,-0.0765858,0.0009059498,0.0008791088,0.0
2025-08-12 03:00:00,solar.bun_tlc#realenergyintotheload#kwh,BUNDOORA,0.0,-0.09106008,0.0009059498,0.0008791088,0.0
2025-08-12 04:00:00,solar.bun_tlc#realenergyintotheload#kwh,BUNDOORA,0.0,-0.005965086,3.5225275e-05,3.4181638e-05,0.0
2025-08-12 05:00:00,solar.bun_tlc#realenergyintotheload#kwh,BUNDOORA,0.0,-0.018681427,-2.7993621e-05,0.0,0.0
2025-08-12 06:00:00,solar.bun_tlc#realenergyintotheload#kwh,BUNDOORA,0.0,0.09622049,4.7989954e-05,4.656813e-05,0.0
2025-08-12 07:00:00,solar.bun_tlc#realenergyintotheload#kwh,BUNDOORA,0.0,0.9921373,-0.0026654757,0.0,0.0
2025-08-12 08:00:00,solar.bun_tlc#realenergyintotheload#kwh,BUNDOORA,0.53125,2.7270267,2.3331609,2.2640352,51.0
2025-08-12 09:00:00,solar.bun_tlc#realenergyintotheload#kwh,BUNDOORA,5.71875,4.878998,6.726634,6.527341,143.0
2025-08-12 10:00:00,solar.bun_tlc#realenergyintotheload#kwh,BUNDOORA,10.21875,9.633387,14.836209,14.396649,286.0
2025-08-12 11:00:00,solar.bun_tlc#realenergyintotheload#kwh,BUNDOORA,15.59375,16.648485,15.666753,15.202586,317.0
2025-08-12 12:00:00,solar.bun_tlc#realenergyintotheload#kwh,BUNDOORA,12.84375,14.267451,13.984417,13.570093,288.0
2025-08-12 13:00:00,solar.bun_tlc#realenergyintotheload#kwh,BUNDOORA,12.75,15.7037945,10.556505,10.243742,222.0
2025-08-12 14:00:00,solar.bun_tlc#realenergyintotheload#kwh,BUNDOORA,4.875,12.005461,6.1491933,5.967008,137.0
2025-08-12 15:00:00,solar.bun_tlc#realenergyintotheload#kwh,BUNDOORA,3.90625,9.741976,8.791409,8.530941,180.0
2025-08-12 16:00:00,solar.bun_tlc#realenergyintotheload#kwh,BUNDOORA,4.0625,5.1267705,5.075536,4.9251604,107.0
2025-08-12 17:00:00,solar.bun_tlc#realenergyintotheload#kwh,BUNDOORA,0.59375,2.7995603,0.9062596,0.8794094,23.0
2025-08-12 18:00:00,solar.bun_tlc#realenergyintotheload#kwh,BUNDOORA,0.0,0.59366286,0.0013003948,0.0012618673,0.0
2025-08-12 19:00:00,solar.bun_tlc#realenergyintotheload#kwh,BUNDOORA,0.0,0.17812075,0.0014477915,0.0014048971,0.0
2025-08-12 20:00:00,solar.bun_tlc#realenergyintotheload#kwh,BUNDOORA,0.0,0.047662433,0.0019702385,0.0019118653,0.0
2025-08-12 21:00:00,solar.bun_tlc#realenergyintotheload#kwh,BUNDOORA,0.0,0.016927008,0.0016679016,0.0016184859,0.0
2025-08-12 22:00:00,solar.bun_tlc#realenergyintotheload#kwh,BUNDOORA,0.0,-0.045153957,0.0012682043,0.0012306306,0.0
2025-08-12 23:00:00,solar.bun_tlc#realenergyintotheload#kwh,BUNDOORA,0.0,-0.02105003,0.0012682043,0.0012306306,0.0
2025-08-13 00:00:00,solar.bun_tlc#realenergyintotheload#kwh,BUNDOORA,0.0,-0.017625174,0.0012682043,0.0012306306,0.0
2025-08-13 01:00:00,solar.bun_tlc#realenergyintotheload#kwh,BUNDOORA,0.0,-0.02747991,0.00048651735,0.00047210307,0.0
2025-08-13 02:00:00,solar.bun_tlc#realenergyintotheload#kwh,BUNDOORA,0.0,-0.016263872,0.0004737526,0.00045971648,0.0
2025-08-13 03:00:00,solar.bun_tlc#realenergyintotheload#kwh,BUNDOORA,0.0,-0.014503831,0.0015885938,0.0015415278,0.0
2025-08-13 04:00:00,solar.bun_tlc#realenergyintotheload#kwh,BUNDOORA,0.0,-0.013482559,0.0015885938,0.0015415278,0.0
2025-08-13 05:00:00,solar.bun_tlc#realenergyintotheload#kwh,BUNDOORA,0.0,-0.02470738,0.00040237568,0.00039045428,0.0
2025-08-13 06:00:00,solar.bun_tlc#realenergyintotheload#kwh,BUNDOORA,0.0,0.0034114826,0.00089289556,0.0008664413,0.0
2025-08-13 07:00:00,solar.bun_tlc#realenergyintotheload#kwh,BUNDOORA,0.0,0.015531337,0.00040237568,0.00039045428,0.0
2025-08-13 08:00:00,solar.bun_tlc#realenergyintotheload#kwh,BUNDOORA,0.0,-0.0050450102,2.625086,2.5473113,54.0
2025-08-13 09:00:00,solar.bun_tlc#realenergyintotheload#kwh,BUNDOORA,0.0,0.38596934,6.832442,6.6300135,140.0
2025-08-13 10:00:00,solar.bun_tlc#realenergyintotheload#kwh,BUNDOORA,0.0,3.4311445,13.74542,13.338178,259.0
2025-08-13 11:00:00,solar.bun_tlc#realenergyintotheload#kwh,BUNDOORA,0.0,9.384343,18.159922,17.62189,363.0
2025-08-13 12:00:00,solar.bun_tlc#realenergyintotheload#kwh,BUNDOORA,0.0,12.402976,19.396915,18.822233,391.0
2025-08-13 13:00:00,solar.bun_tlc#realenergyintotheload#kwh,BUNDOORA,0.0,17.491262,23.130024,22.444738,454.0
2025-08-13 14:00:00,solar.bun_tlc#realenergyintotheload#kwh,BUNDOORA,0.0,16.694138,25.908573,25.140966,506.0
2025-08-13 15:00:00,solar.bun_tlc#realenergyintotheload#kwh,BUNDOORA,0.0,12.420273,21.809053,21.162905,417.0
2025-08-13 16:00:00,solar.bun_tlc#realenergyintotheload#kwh,BUNDOORA,0.0,11.642344,14.162097,13.74251,276.0
2025-08-13 17:00:00,solar.bun_tlc#realenergyintotheload#kwh,BUNDOORA,0.0,4.6300597,5.510013,5.346765,122.0
2025-08-13 18:00:00,solar.bun_tlc#realenergyintotheload#kwh,BUNDOORA,0.0,0.7281766,0.002085106,0.0020233295,1.0
2025-08-13 19:00:00,solar.bun_tlc#realenergyintotheload#kwh,BUNDOORA,0.0,0.05077738,0.00089289556,0.0008664413,0.0
2025-08-13 20:00:00,solar.bun_tlc#realenergyintotheload#kwh,BUNDOORA,0.0,-0.0037445687,0.00089289556,0.0008664413,0.0
2025-08-13 21:00:00,solar.bun_tlc#realenergyintotheload#kwh,BUNDOORA,0.0,-0.0073351082,0.00040237568,0.00039045428,0.0
2025-08-13 22:00:00,solar.bun_tlc#realenergyintotheload#kwh,BUNDOORA,0.0,-0.011159504,0.0013946895,0.0013533684,0.0
2025-08-13 23:00:00,solar.bun_tlc#realenergyintotheload#kwh,BUNDOORA,0.0,-0.0045708404,0.0014579084,0.0014147143,0.0
2025-08-14 00:00:00,solar.bun_tlc#realenergyintotheload#kwh,BUNDOORA,0.0,-0.020089101,0.0009673884,0.0009387271,0.0
2025-08-14 01:00:00,solar.bun_tlc#realenergyintotheload#kwh,BUNDOORA,0.0,-0.020089101,0.0009673884,0.0009387271,0.0
2025-08-14 02:00:00,solar.bun_tlc#realenergyintotheload#kwh,BUNDOORA,0.0,-0.024065819,0.0009673884,0.0009387271,0.0
2025-08-14 03:00:00,solar.bun_tlc#realenergyintotheload#kwh,BUNDOORA,0.0,-0.024065819,0.0009673884,0.0009387271,0.0
2025-08-14 04:00:00,solar.bun_tlc#realenergyintotheload#kwh,BUNDOORA,0.0,-0.024065819,0.0009673884,0.0009387271,0.0
2025-08-14 05:00:00,solar.bun_tlc#realenergyintotheload#kwh,BUNDOORA,0.0,-0.026907839,0.0013946895,0.0013533684,0.0
2025-08-14 06:00:00,solar.bun_tlc#realenergyintotheload#kwh,BUNDOORA,0.0,0.009053472,0.0013946895,0.0013533684,0.0
2025-08-14 07:00:00,solar.bun_tlc#realenergyintotheload#kwh,BUNDOORA,0.0,0.05602559,0.0013946895,0.0013533684,0.0
2025-08-14 08:00:00,solar.bun_tlc#realenergyintotheload#kwh,BUNDOORA,1.15625,0.19484796,3.418643,3.317357,69.0
2025-08-14 09:00:00,solar.bun_tlc#realenergyintotheload#kwh,BUNDOORA,7.5625,1.4212345,12.21675,11.854798,242.0
2025-08-14 10:00:00,solar.bun_tlc#realenergyintotheload#kwh,BUNDOORA,18.125,7.228947,21.080523,20.45596,404.0
2025-08-14 11:00:00,solar.bun_tlc#realenergyintotheload#kwh,BUNDOORA,27.0625,18.252876,27.124275,26.32065,527.0
2025-08-14 12:00:00,solar.bun_tlc#realenergyintotheload#kwh,BUNDOORA,31.4375,25.039642,29.354422,28.484724,597.0
2025-08-14 13:00:00,solar.bun_tlc#realenergyintotheload#kwh,BUNDOORA,32.78125,25.7646,29.989119,29.100616,609.0
2025-08-14 14:00:00,solar.bun_tlc#realenergyintotheload#kwh,BUNDOORA,30.46875,26.68324,27.57486,26.757885,560.0
2025-08-14 15:00:00,solar.bun_tlc#realenergyintotheload#kwh,BUNDOORA,25.53125,20.158691,22.397612,21.734026,454.0
2025-08-14 16:00:00,solar.bun_tlc#realenergyintotheload#kwh,BUNDOORA,15.84375,16.968027,14.237927,13.816093,304.0
2025-08-14 17:00:00,solar.bun_tlc#realenergyintotheload#kwh,BUNDOORA,6.96875,8.4813175,5.788531,5.617031,131.0
2025-08-14 18:00:00,solar.bun_tlc#realenergyintotheload#kwh,BUNDOORA,0.46875,2.8780632,0.054764748,0.053142205,1.0
2025-08-14 19:00:00,solar.bun_tlc#realenergyintotheload#kwh,BUNDOORA,0.0,0.74062014,0.019408949,0.01883391,0.0
2025-08-14 20:00:00,solar.bun_tlc#realenergyintotheload#kwh,BUNDOORA,0.0,0.2967293,0.009076911,0.008807985,0.0
2025-08-14 21:00:00,solar.bun_tlc#realenergyintotheload#kwh,BUNDOORA,0.0,0.31166178,0.007742457,0.007513067,0.0
2025-08-14 22:00:00,solar.bun_tlc#realenergyintotheload#kwh,BUNDOORA,0.0,0.28078774,0.010320399,0.010014631,0.0
2025-08-14 23:00:00,solar.bun_tlc#realenergyintotheload#kwh,BUNDOORA,0.0,0.08683693,-0.015774548,0.0,0.0
2025-08-15 00:00:00,solar.bun_tlc#realenergyintotheload#kwh,BUNDOORA,0.0,0.049661726,-0.041702162,0.0,0.0
2025-08-15 01:00:00,solar.bun_tlc#realenergyintotheload#kwh,BUNDOORA,0.0,0.07264374,-0.008037835,0.0,0.0
2025-08-15 02:00:00,solar.bun_tlc#realenergyintotheload#kwh,BUNDOORA,0.0,-0.11151128,0.0033357388,0.0032369092,0.0
2025-08-15 03:00:00,solar.bun_tlc#realenergyintotheload#kwh,BUNDOORA,0.0,0.05624103,-0.0057127657,0.0,0.0
2025-08-15 04:00:00,solar.bun_tlc#realenergyintotheload#kwh,BUNDOORA,0.0,-0.05642924,-0.003854765,0.0,0.0
2025-08-15 05:00:00,solar.bun_tlc#realenergyintotheload#kwh,BUNDOORA,0.0,-0.21541466,0.001549282,0.0015033806,0.0
2025-08-15 06:00:00,solar.bun_tlc#realenergyintotheload#kwh,BUNDOORA,0.0,-0.037987437,-0.003367121,0.0,0.0
2025-08-15 07:00:00,solar.bun_tlc#realenergyintotheload#kwh,BUNDOORA,0.0,-0.28735992,-0.003367121,0.0,0.0
2025-08-15 08:00:00,solar.bun_tlc#realenergyintotheload#kwh,BUNDOORA,0.0,0.36559448,1.1166015,1.0835193,28.0
2025-08-15 09:00:00,solar.bun_tlc#realenergyintotheload#kwh,BUNDOORA,0.0,3.9586606,4.1346717,4.0121717,85.0
2025-08-15 10:00:00,solar.bun_tlc#realenergyintotheload#kwh,BUNDOORA,0.0,11.59438,8.577066,8.322949,175.0
2025-08-15 11:00:00,solar.bun_tlc#realenergyintotheload#kwh,BUNDOORA,0.0,15.36121,8.295596,8.049818,176.0
2025-08-15 12:00:00,solar.bun_tlc#realenergyintotheload#kwh,BUNDOORA,0.0,11.215889,4.6261296,4.489069,99.0
2025-08-15 13:00:00,solar.bun_tlc#realenergyintotheload#kwh,BUNDOORA,1.65625,10.779418,4.5954533,4.4593015,100.0
2025-08-15 14:00:00,solar.bun_tlc#realenergyintotheload#kwh,BUNDOORA,9.78125,15.544048,10.982975,10.657577,229.0
2025-08-15 15:00:00,solar.bun_tlc#realenergyintotheload#kwh,BUNDOORA,3.375,6.9287896,2.9409828,2.853849,63.0
2025-08-15 16:00:00,solar.bun_tlc#realenergyintotheload#kwh,BUNDOORA,2.03125,5.231425,3.17309,3.0790792,70.0
2025-08-15 17:00:00,solar.bun_tlc#realenergyintotheload#kwh,BUNDOORA,3.5625,0.43332204,3.0070465,2.9179552,74.0
2025-08-15 18:00:00,solar.bun_tlc#realenergyintotheload#kwh,BUNDOORA,0.21875,0.43903062,0.0034590866,0.0033566025,1.0
2025-08-15 19:00:00,solar.bun_tlc#realenergyintotheload#kwh,BUNDOORA,0.0,0.04674095,0.00088621565,0.0008599593,0.0
2025-08-15 20:00:00,solar.bun_tlc#realenergyintotheload#kwh,BUNDOORA,0.0,-0.021372825,0.0007436888,0.00072165515,0.0
2025-08-15 21:00:00,solar.bun_tlc#realenergyintotheload#kwh,BUNDOORA,0.0,0.0015588766,0.0015885938,0.0015415278,0.0
2025-08-15 22:00:00,solar.bun_tlc#realenergyintotheload#kwh,BUNDOORA,0.0,0.012407383,0.00063148636,0.000612777,0.0
2025-08-15 23:00:00,solar.bun_tlc#realenergyintotheload#kwh,BUNDOORA,0.0,-0.0074456725,0.00089289556,0.0008664413,0.0
2025-08-16 00:00:00,solar.bun_tlc#realenergyintotheload#kwh,BUNDOORA,0.0,-0.004776741,0.00040237568,0.00039045428,0.0
2025-08-16 01:00:00,solar.bun_tlc#realenergyintotheload#kwh,BUNDOORA,0.0,-0.07181135,0.0015043805,0.0014598095,0.0
2025-08-16 02:00:00,solar.bun_tlc#realenergyintotheload#kwh,BUNDOORA,0.0,-0.006430089,4.7989954e-05,4.656813e-05,0.0
2025-08-16 03:00:00,solar.bun_tlc#realenergyintotheload#kwh,BUNDOORA,0.0,-0.031218478,-2.7993621e-05,0.0,0.0
2025-08-16 04:00:00,solar.bun_tlc#realenergyintotheload#kwh,BUNDOORA,0.0,0.009214429,0.0004476883,0.0004344244,0.0
2025-08-16 05:00:00,solar.bun_tlc#realenergyintotheload#kwh,BUNDOORA,0.0,-0.0067196046,4.7989954e-05,4.656813e-05,0.0
2025-08-16 06:00:00,solar.bun_tlc#realenergyintotheload#kwh,BUNDOORA,0.0,0.107044995,4.7989954e-05,4.656813e-05,0.0
2025-08-16 07:00:00,solar.bun_tlc#realenergyintotheload#kwh,BUNDOORA,0.0,0.12422751,4.7989954e-05,4.656813e-05,0.0
2025-08-16 08:00:00,solar.bun_tlc#realenergyintotheload#kwh,BUNDOORA,0.0,0.20916481,3.0083697,2.9192393,56.0
2025-08-16 09:00:00,solar.bun_tlc#realenergyintotheload#kwh,BUNDOORA,0.0,1.4157163,9.867174,9.574835,200.0
2025-08-16 10:00:00,solar.bun_tlc#realenergyintotheload#kwh,BUNDOORA,0.0,6.574621,21.897411,21.248646,415.0
2025-08-16 11:00:00,solar.bun_tlc#realenergyintotheload#kwh,BUNDOORA,0.0,11.464921,26.704136,25.912958,536.0
2025-08-16 12:00:00,solar.bun_tlc#realenergyintotheload#kwh,BUNDOORA,0.0,14.302125,26.315208,25.535555,554.0
2025-08-16 13:00:00,solar.bun_tlc#realenergyintotheload#kwh,BUNDOORA,0.0,15.294192,29.615526,28.738092,618.0
2025-08-16 14:00:00,solar.bun_tlc#realenergyintotheload#kwh,BUNDOORA,0.0,18.852278,16.821245,16.322874,337.0
2025-08-16 15:00:00,solar.bun_tlc#realenergyintotheload#kwh,BUNDOORA,0.0,14.1093,22.00348,21.351572,410.0
2025-08-16 16:00:00,solar.bun_tlc#realenergyintotheload#kwh,BUNDOORA,0.0,11.258894,10.0819435,9.78324,229.0
2025-08-16 17:00:00,solar.bun_tlc#realenergyintotheload#kwh,BUNDOORA,0.0,5.7773395,2.4805257,2.407034,54.0
2025-08-16 18:00:00,solar.bun_tlc#realenergyintotheload#kwh,BUNDOORA,0.0,1.3833288,0.0020386884,0.0019782872,1.0
2025-08-16 19:00:00,solar.bun_tlc#realenergyintotheload#kwh,BUNDOORA,0.0,0.04386817,0.0008296767,0.0008050954,0.0
2025-08-16 20:00:00,solar.bun_tlc#realenergyintotheload#kwh,BUNDOORA,0.0,-0.015977059,0.0008296767,0.0008050954,0.0
2025-08-16 21:00:00,solar.bun_tlc#realenergyintotheload#kwh,BUNDOORA,0.0,-0.014989998,0.0008296767,0.0008050954,0.0
2025-08-16 22:00:00,solar.bun_tlc#realenergyintotheload#kwh,BUNDOORA,0.0,-0.009189115,0.00089289556,0.0008664413,0.0
2025-08-16 23:00:00,solar.bun_tlc#realenergyintotheload#kwh,BUNDOORA,0.0,-0.008976175,0.00089289556,0.0008664413,0.0
2025-08-17 00:00:00,solar.bun_tlc#realenergyintotheload#kwh,BUNDOORA,0.0,0.0016168947,0.00089289556,0.0008664413,0.0
2025-08-17 01:00:00,solar.bun_tlc#realenergyintotheload#kwh,BUNDOORA,0.0,-0.004776741,0.00089289556,0.0008664413,0.0
2025-08-17 02:00:00,solar.bun_tlc#realenergyintotheload#kwh,BUNDOORA,0.0,-0.006698378,0.00089289556,0.0008664413,0.0
2025-08-17 03:00:00,solar.bun_tlc#realenergyintotheload#kwh,BUNDOORA,0.0,-0.009175464,0.00089289556,0.0008664413,0.0
2025-08-17 04:00:00,solar.bun_tlc#realenergyintotheload#kwh,BUNDOORA,0.0,0.0014176122,0.00089289556,0.0008664413,0.0
2025-08-17 05:00:00,solar.bun_tlc#realenergyintotheload#kwh,BUNDOORA,0.0,-0.0132215675,0.000570437,0.0005535364,0.0
2025-08-17 06:00:00,solar.bun_tlc#realenergyintotheload#kwh,BUNDOORA,0.0,-0.0473516,0.00063365593,0.0006148823,0.0
2025-08-17 07:00:00,solar.bun_tlc#realenergyintotheload#kwh,BUNDOORA,0.0,0.10498279,3.5225275e-05,3.4181638e-05,0.0
2025-08-17 08:00:00,solar.bun_tlc#realenergyintotheload#kwh,BUNDOORA,1.9375,0.43018106,3.883801,3.7687337,76.0
2025-08-17 09:00:00,solar.bun_tlc#realenergyintotheload#kwh,BUNDOORA,6.0625,1.1992937,7.9698563,7.7337294,171.0
2025-08-17 10:00:00,solar.bun_tlc#realenergyintotheload#kwh,BUNDOORA,6.21875,8.106332,10.517138,10.205541,204.0
2025-08-17 11:00:00,solar.bun_tlc#realenergyintotheload#kwh,BUNDOORA,27.4375,9.5838585,26.766695,25.973665,533.0
2025-08-17 12:00:00,solar.bun_tlc#realenergyintotheload#kwh,BUNDOORA,26.15625,10.531154,29.311832,28.443396,589.0
2025-08-17 13:00:00,solar.bun_tlc#realenergyintotheload#kwh,BUNDOORA,24.65625,17.714287,23.517939,22.821161,465.0
2025-08-17 14:00:00,solar.bun_tlc#realenergyintotheload#kwh,BUNDOORA,17.21875,9.419492,18.29252,17.750559,356.0
2025-08-17 15:00:00,solar.bun_tlc#realenergyintotheload#kwh,BUNDOORA,13.5,8.820824,14.22317,13.801773,279.0
2025-08-17 16:00:00,solar.bun_tlc#realenergyintotheload#kwh,BUNDOORA,4.1875,6.3844886,3.6690512,3.5603464,80.0
2025-08-17 17:00:00,solar.bun_tlc#realenergyintotheload#kwh,BUNDOORA,1.96875,5.035254,2.1237855,2.060863,48.0
2025-08-17 18:00:00,solar.bun_tlc#realenergyintotheload#kwh,BUNDOORA,0.21875,1.5982428,0.018822892,0.018265216,2.0
2025-08-17 19:00:00,solar.bun_tlc#realenergyintotheload#kwh,BUNDOORA,0.0,0.24318272,0.0008296767,0.0008050954,0.0
2025-08-17 20:00:00,solar.bun_tlc#realenergyintotheload#kwh,BUNDOORA,0.0,-0.0031886254,0.0008296767,0.0008050954,0.0
2025-08-17 21:00:00,solar.bun_tlc#realenergyintotheload#kwh,BUNDOORA,0.0,-0.015977059,0.0008296767,0.0008050954,0.0
2025-08-17 22:00:00,solar.bun_tlc#realenergyintotheload#kwh,BUNDOORA,0.0,-0.0146880355,0.0008296767,0.0008050954,0.0
2025-08-17 23:00:00,solar.bun_tlc#realenergyintotheload#kwh,BUNDOORA,0.0,-0.010201164,0.00089289556,0.0008664413,0.0
2025-08-18 00:00:00,solar.bun_tlc#realenergyintotheload#kwh,BUNDOORA,0.0,-0.010201164,0.00089289556,0.0008664413,0.0
2025-08-18 01:00:00,solar.bun_tlc#realenergyintotheload#kwh,BUNDOORA,0.0,-0.022062462,0.00089289556,0.0008664413,0.0
2025-08-18 02:00:00,solar.bun_tlc#realenergyintotheload#kwh,BUNDOORA,0.0,-0.02470738,0.00040237568,0.00039045428,0.0
2025-08-18 03:00:00,solar.bun_tlc#realenergyintotheload#kwh,BUNDOORA,0.0,-0.025082974,0.0014579084,0.0014147143,0.0
2025-08-18 04:00:00,solar.bun_tlc#realenergyintotheload#kwh,BUNDOORA,0.0,-0.021106256,0.0014579084,0.0014147143,0.0
2025-08-18 05:00:00,solar.bun_tlc#realenergyintotheload#kwh,BUNDOORA,0.0,-0.012853494,0.0013946895,0.0013533684,0.0
2025-08-18 06:00:00,solar.bun_tlc#realenergyintotheload#kwh,BUNDOORA,0.0,0.004053045,0.0014579084,0.0014147143,0.0
2025-08-18 07:00:00,solar.bun_tlc#realenergyintotheload#kwh,BUNDOORA,0.0,0.23422468,0.0014579084,0.0014147143,0.0
2025-08-18 08:00:00,solar.bun_tlc#realenergyintotheload#kwh,BUNDOORA,0.8125,0.0038273367,2.9792483,2.8909805,58.0
2025-08-18 09:00:00,solar.bun_tlc#realenergyintotheload#kwh,BUNDOORA,3.0,1.8942803,6.35192,6.1637287,136.0
2025-08-18 10:00:00,solar.bun_tlc#realenergyintotheload#kwh,BUNDOORA,4.8125,9.345,7.9493527,7.7138333,160.0
2025-08-18 11:00:00,solar.bun_tlc#realenergyintotheload#kwh,BUNDOORA,8.9375,12.981466,9.748513,9.459689,205.0
2025-08-18 12:00:00,solar.bun_tlc#realenergyintotheload#kwh,BUNDOORA,6.9375,11.009642,6.29291,6.106467,129.0
2025-08-18 13:00:00,solar.bun_tlc#realenergyintotheload#kwh,BUNDOORA,6.84375,10.098007,6.264925,6.079311,129.0
2025-08-18 14:00:00,solar.bun_tlc#realenergyintotheload#kwh,BUNDOORA,9.375,12.050841,8.632947,8.377174,180.0
2025-08-18 15:00:00,solar.bun_tlc#realenergyintotheload#kwh,BUNDOORA,13.40625,13.156486,13.81866,13.409247,275.0
2025-08-18 16:00:00,solar.bun_tlc#realenergyintotheload#kwh,BUNDOORA,10.71875,10.545347,10.096134,9.797011,210.0
2025-08-18 17:00:00,solar.bun_tlc#realenergyintotheload#kwh,BUNDOORA,3.8125,4.147272,3.0084496,2.9193168,69.0
2025-08-18 18:00:00,solar.bun_tlc#realenergyintotheload#kwh,BUNDOORA,0.5,0.2918502,0.017035376,0.01653066,2.0
2025-08-18 19:00:00,solar.bun_tlc#realenergyintotheload#kwh,BUNDOORA,0.0,0.2320397,0.015287345,0.01483442,0.0
2025-08-18 20:00:00,solar.bun_tlc#realenergyintotheload#kwh,BUNDOORA,0.0,0.0919371,0.013030658,0.012644592,0.0
2025-08-18 21:00:00,solar.bun_tlc#realenergyintotheload#kwh,BUNDOORA,0.0,0.04054061,0.0011895162,0.0011542737,0.0
2025-08-18 22:00:00,solar.bun_tlc#realenergyintotheload#kwh,BUNDOORA,0.0,0.0012030011,0.00040237568,0.00039045428,0.0
2025-08-18 23:00:00,solar.bun_tlc#realenergyintotheload#kwh,BUNDOORA,0.0,-0.0075343815,0.00040237568,0.00039045428,0.0
2025-08-19 00:00:00,solar.bun_tlc#realenergyintotheload#kwh,BUNDOORA,0.0,-0.0073351082,0.00040237568,0.00039045428,0.0
2025-08-19 01:00:00,solar.bun_tlc#realenergyintotheload#kwh,BUNDOORA,0.0,-0.0073351082,0.00040237568,0.00039045428,0.0
2025-08-19 02:00:00,solar.bun_tlc#realenergyintotheload#kwh,BUNDOORA,0.0,-0.0100906,0.00040237568,0.00039045428,0.0
2025-08-19 03:00:00,solar.bun_tlc#realenergyintotheload#kwh,BUNDOORA,0.0,-0.009449036,0.00040237568,0.00039045428,0.0
2025-08-19 04:00:00,solar.bun_tlc#realenergyintotheload#kwh,BUNDOORA,0.0,-0.024065819,0.0009673884,0.0009387271,0.0
2025-08-19 05:00:00,solar.bun_tlc#realenergyintotheload#kwh,BUNDOORA,0.0,-0.024065819,0.0009673884,0.0009387271,0.0
2025-08-19 06:00:00,solar.bun_tlc#realenergyintotheload#kwh,BUNDOORA,0.0,0.0031515677,0.0009673884,0.0009387271,0.0
2025-08-19 07:00:00,solar.bun_tlc#realenergyintotheload#kwh,BUNDOORA,0.0,-0.08585499,0.0009673884,0.0009387271,0.0
2025-08-19 08:00:00,solar.bun_tlc#realenergyintotheload#kwh,BUNDOORA,2.3125,0.18578522,5.0128374,4.8643193,92.0
2025-08-19 09:00:00,solar.bun_tlc#realenergyintotheload#kwh,BUNDOORA,9.46875,2.561986,14.653348,14.219206,274.0
2025-08-19 10:00:00,solar.bun_tlc#realenergyintotheload#kwh,BUNDOORA,20.59375,12.804653,23.186459,22.499502,438.0
2025-08-19 11:00:00,solar.bun_tlc#realenergyintotheload#kwh,BUNDOORA,28.34375,16.76741,27.484932,26.670622,562.0
2025-08-19 12:00:00,solar.bun_tlc#realenergyintotheload#kwh,BUNDOORA,32.78125,23.69793,29.631968,28.754045,631.0
2025-08-19 13:00:00,solar.bun_tlc#realenergyintotheload#kwh,BUNDOORA,34.03125,27.567085,30.192017,29.297503,640.0
2025-08-19 14:00:00,solar.bun_tlc#realenergyintotheload#kwh,BUNDOORA,32.1875,24.199772,27.193954,26.388266,587.0
2025-08-19 15:00:00,solar.bun_tlc#realenergyintotheload#kwh,BUNDOORA,27.21875,22.849918,23.744486,23.040997,479.0
2025-08-19 16:00:00,solar.bun_tlc#realenergyintotheload#kwh,BUNDOORA,17.6875,17.182106,16.97649,16.473518,324.0
2025-08-19 17:00:00,solar.bun_tlc#realenergyintotheload#kwh,BUNDOORA,7.5625,10.398495,6.5506034,6.3565254,145.0
2025-08-19 18:00:00,solar.bun_tlc#realenergyintotheload#kwh,BUNDOORA,1.0,0.68616897,0.06772328,0.06571681,4.0
2025-08-19 19:00:00,solar.bun_tlc#realenergyintotheload#kwh,BUNDOORA,0.0,0.25770646,0.0011895162,0.0011542737,0.0
2025-08-19 20:00:00,solar.bun_tlc#realenergyintotheload#kwh,BUNDOORA,0.0,-0.0006510127,0.00089289556,0.0008664413,0.0
2025-08-19 21:00:00,solar.bun_tlc#realenergyintotheload#kwh,BUNDOORA,0.0,-0.010289873,0.00089289556,0.0008664413,0.0
2025-08-19 22:00:00,solar.bun_tlc#realenergyintotheload#kwh,BUNDOORA,0.0,-0.010289873,0.00040237568,0.00039045428,0.0
2025-08-19 23:00:00,solar.bun_tlc#realenergyintotheload#kwh,BUNDOORA,0.0,-0.012934058,0.00040237568,0.00039045428,0.0
2025-08-20 00:00:00,solar.bun_tlc#realenergyintotheload#kwh,BUNDOORA,0.0,-0.0100906,0.00089289556,0.0008664413,0.0
2025-08-20 01:00:00,solar.bun_tlc#realenergyintotheload#kwh,BUNDOORA,0.0,-0.0073351082,0.00040237568,0.00039045428,0.0
2025-08-20 02:00:00,solar.bun_tlc#realenergyintotheload#kwh,BUNDOORA,0.0,-0.0073351082,0.00040237568,0.00039045428,0.0
2025-08-20 03:00:00,solar.bun_tlc#realenergyintotheload#kwh,BUNDOORA,0.0,-0.0073351082,0.00040237568,0.00039045428,0.0
2025-08-20 04:00:00,solar.bun_tlc#realenergyintotheload#kwh,BUNDOORA,0.0,-0.0073351082,0.00040237568,0.00039045428,0.0
2025-08-20 05:00:00,solar.bun_tlc#realenergyintotheload#kwh,BUNDOORA,0.0,-0.0073351082,0.00040237568,0.00039045428,0.0
2025-08-20 06:00:00,solar.bun_tlc#realenergyintotheload#kwh,BUNDOORA,0.0,0.019882282,0.00040237568,0.00039045428,0.0
2025-08-20 07:00:00,solar.bun_tlc#realenergyintotheload#kwh,BUNDOORA,0.0,0.0022901911,0.00089289556,0.0008664413,0.0
2025-08-20 08:00:00,solar.bun_tlc#realenergyintotheload#kwh,BUNDOORA,0.0,0.25745812,5.023579,4.874743,96.0
2025-08-20 09:00:00,solar.bun_tlc#realenergyintotheload#kwh,BUNDOORA,0.0,3.2603397,14.36997,13.944224,277.0
2025-08-20 10:00:00,solar.bun_tlc#realenergyintotheload#kwh,BUNDOORA,0.0,18.458145,23.416632,22.722855,439.0
2025-08-20 11:00:00,solar.bun_tlc#realenergyintotheload#kwh,BUNDOORA,0.0,26.672312,26.605534,25.817278,561.0
2025-08-20 12:00:00,solar.bun_tlc#realenergyintotheload#kwh,BUNDOORA,0.0,32.98881,29.732048,28.851162,630.0
2025-08-20 13:00:00,solar.bun_tlc#realenergyintotheload#kwh,BUNDOORA,0.0,31.777758,29.875298,28.990168,639.0
2025-08-20 14:00:00,solar.bun_tlc#realenergyintotheload#kwh,BUNDOORA,0.0,25.160374,27.039267,26.238161,587.0
2025-08-20 15:00:00,solar.bun_tlc#realenergyintotheload#kwh,BUNDOORA,0.0,24.598124,23.328833,22.637657,478.0
2025-08-20 16:00:00,solar.bun_tlc#realenergyintotheload#kwh,BUNDOORA,0.0,16.430105,16.382576,15.897202,325.0
2025-08-20 17:00:00,solar.bun_tlc#realenergyintotheload#kwh,BUNDOORA,0.0,8.612131,6.764639,6.5642195,149.0
2025-08-20 18:00:00,solar.bun_tlc#realenergyintotheload#kwh,BUNDOORA,0.0,3.0887659,0.08821589,0.08560227,4.0
2025-08-20 19:00:00,solar.bun_tlc#realenergyintotheload#kwh,BUNDOORA,0.0,-0.08028073,-0.0032384852,0.0,0.0
2025-08-20 20:00:00,solar.bun_tlc#realenergyintotheload#kwh,BUNDOORA,0.0,0.055546053,0.005428741,0.0052679013,0.0
2025-08-20 21:00:00,solar.bun_tlc#realenergyintotheload#kwh,BUNDOORA,0.0,-0.074176356,0.004938221,0.004791914,0.0
2025-08-20 22:00:00,solar.bun_tlc#realenergyintotheload#kwh,BUNDOORA,0.0,-0.065105855,0.0049218317,0.0047760103,0.0
2025-08-20 23:00:00,solar.bun_tlc#realenergyintotheload#kwh,BUNDOORA,0.0,0.059420537,0.0074541066,0.00723326,0.0
2025-08-21 00:00:00,solar.bun_tlc#realenergyintotheload#kwh,BUNDOORA,0.0,-0.009648313,0.0014579084,0.0014147143,0.0
2025-08-21 01:00:00,solar.bun_tlc#realenergyintotheload#kwh,BUNDOORA,0.0,-0.009189115,0.00089289556,0.0008664413,0.0
2025-08-21 02:00:00,solar.bun_tlc#realenergyintotheload#kwh,BUNDOORA,0.0,-0.0100906,0.00040237568,0.00039045428,0.0
2025-08-21 03:00:00,solar.bun_tlc#realenergyintotheload#kwh,BUNDOORA,0.0,-0.024065819,0.00040237568,0.00039045428,0.0
2025-08-21 04:00:00,solar.bun_tlc#realenergyintotheload#kwh,BUNDOORA,0.0,-0.009449036,0.00040237568,0.00039045428,0.0
2025-08-21 05:00:00,solar.bun_tlc#realenergyintotheload#kwh,BUNDOORA,0.0,-0.0100906,0.00040237568,0.00039045428,0.0
2025-08-21 06:00:00,solar.bun_tlc#realenergyintotheload#kwh,BUNDOORA,0.0,0.017126791,0.00040237568,0.00039045428,0.0
2025-08-21 07:00:00,solar.bun_tlc#realenergyintotheload#kwh,BUNDOORA,0.0,0.018755531,0.00089289556,0.0008664413,0.0
2025-08-21 08:00:00,solar.bun_tlc#realenergyintotheload#kwh,BUNDOORA,2.25,0.2975117,4.8041177,4.6617837,97.0
2025-08-21 09:00:00,solar.bun_tlc#realenergyintotheload#kwh,BUNDOORA,9.78125,4.1587787,14.339446,13.914604,274.0
2025-08-21 10:00:00,solar.bun_tlc#realenergyintotheload#kwh,BUNDOORA,20.375,19.557734,23.393436,22.700348,439.0
2025-08-21 11:00:00,solar.bun_tlc#realenergyintotheload#kwh,BUNDOORA,28.15625,27.32215,26.441864,25.658457,560.0
2025-08-21 12:00:00,solar.bun_tlc#realenergyintotheload#kwh,BUNDOORA,32.09375,31.85469,30.548916,29.643827,626.0
2025-08-21 13:00:00,solar.bun_tlc#realenergyintotheload#kwh,BUNDOORA,33.09375,29.605782,30.591408,29.68506,632.0
2025-08-21 14:00:00,solar.bun_tlc#realenergyintotheload#kwh,BUNDOORA,31.125,31.197592,28.327135,27.487873,579.0
2025-08-21 15:00:00,solar.bun_tlc#realenergyintotheload#kwh,BUNDOORA,26.0,25.786394,22.5839,21.914797,473.0
2025-08-21 16:00:00,solar.bun_tlc#realenergyintotheload#kwh,BUNDOORA,17.125,18.553581,16.327164,15.8434305,321.0
2025-08-21 17:00:00,solar.bun_tlc#realenergyintotheload#kwh,BUNDOORA,7.28125,10.874951,6.13978,5.957874,145.0
2025-08-21 18:00:00,solar.bun_tlc#realenergyintotheload#kwh,BUNDOORA,0.96875,0.57076377,0.04781214,0.04639559,3.0
2025-08-21 19:00:00,solar.bun_tlc#realenergyintotheload#kwh,BUNDOORA,0.0,0.49519357,0.007284469,0.0070686485,0.0
2025-08-21 20:00:00,solar.bun_tlc#realenergyintotheload#kwh,BUNDOORA,0.0,-0.006293552,0.0021674559,0.0021032395,0.0
2025-08-21 21:00:00,solar.bun_tlc#realenergyintotheload#kwh,BUNDOORA,0.0,-0.23634726,0.0015648248,0.001518463,0.0
2025-08-21 22:00:00,solar.bun_tlc#realenergyintotheload#kwh,BUNDOORA,0.0,0.0019170088,0.0010089646,0.0009790715,0.0
2025-08-21 23:00:00,solar.bun_tlc#realenergyintotheload#kwh,BUNDOORA,0.0,-0.03381025,0.00073092396,0.0007092685,0.0
2025-08-22 00:00:00,solar.bun_tlc#realenergyintotheload#kwh,BUNDOORA,0.0,-0.0034199278,0.0007436888,0.00072165515,0.0
2025-08-22 01:00:00,solar.bun_tlc#realenergyintotheload#kwh,BUNDOORA,0.0,-0.0034199278,0.0007436888,0.00072165515,0.0
2025-08-22 02:00:00,solar.bun_tlc#realenergyintotheload#kwh,BUNDOORA,0.0,-0.0025175975,0.0007436888,0.00072165515,0.0
2025-08-22 03:00:00,solar.bun_tlc#realenergyintotheload#kwh,BUNDOORA,0.0,0.014997046,0.0011433868,0.0011095111,0.0
2025-08-22 04:00:00,solar.bun_tlc#realenergyintotheload#kwh,BUNDOORA,0.0,-0.0025175975,0.0007436888,0.00072165515,0.0
2025-08-22 05:00:00,solar.bun_tlc#realenergyintotheload#kwh,BUNDOORA,0.0,0.0042302627,0.0007436888,0.00072165515,0.0
2025-08-22 06:00:00,solar.bun_tlc#realenergyintotheload#kwh,BUNDOORA,0.0,0.15190041,0.0007436888,0.00072165515,0.0
2025-08-22 07:00:00,solar.bun_tlc#realenergyintotheload#kwh,BUNDOORA,0.0,0.57911855,0.0012173192,0.001181253,0.0
2025-08-22 08:00:00,solar.bun_tlc#realenergyintotheload#kwh,BUNDOORA,1.90625,1.033147,2.453477,2.3807864,70.0
2025-08-22 09:00:00,solar.bun_tlc#realenergyintotheload#kwh,BUNDOORA,5.90625,4.8637347,7.0608983,6.8517017,159.0
2025-08-22 10:00:00,solar.bun_tlc#realenergyintotheload#kwh,BUNDOORA,10.5625,11.944312,14.913742,14.471885,298.0
2025-08-22 11:00:00,solar.bun_tlc#realenergyintotheload#kwh,BUNDOORA,15.25,7.315202,9.84129,9.549718,206.0
2025-08-22 12:00:00,solar.bun_tlc#realenergyintotheload#kwh,BUNDOORA,16.625,22.490107,23.221327,22.533337,478.0
2025-08-22 13:00:00,solar.bun_tlc#realenergyintotheload#kwh,BUNDOORA,26.15625,23.007008,24.77288,24.038921,525.0
2025-08-22 14:00:00,solar.bun_tlc#realenergyintotheload#kwh,BUNDOORA,25.625,22.030758,23.11946,22.434486,470.0
2025-08-22 15:00:00,solar.bun_tlc#realenergyintotheload#kwh,BUNDOORA,11.9375,11.226398,10.870367,10.5483055,220.0
2025-08-22 16:00:00,solar.bun_tlc#realenergyintotheload#kwh,BUNDOORA,11.75,11.992084,11.130705,10.80093,229.0
2025-08-22 17:00:00,solar.bun_tlc#realenergyintotheload#kwh,BUNDOORA,4.3125,5.291403,2.1971912,2.132094,51.0
2025-08-22 18:00:00,solar.bun_tlc#realenergyintotheload#kwh,BUNDOORA,0.21875,3.733463,0.004808213,0.0046657575,1.0
2025-08-22 19:00:00,solar.bun_tlc#realenergyintotheload#kwh,BUNDOORA,0.0,0.92594844,0.0011814935,0.0011464888,0.0
2025-08-22 20:00:00,solar.bun_tlc#realenergyintotheload#kwh,BUNDOORA,0.0,0.09672352,0.0011959923,0.0011605581,0.0
2025-08-22 21:00:00,solar.bun_tlc#realenergyintotheload#kwh,BUNDOORA,0.0,0.017243346,0.0010485956,0.0010175284,0.0
2025-08-22 22:00:00,solar.bun_tlc#realenergyintotheload#kwh,BUNDOORA,0.0,-0.003021001,0.000617,0.0005987198,0.0
2025-08-22 23:00:00,solar.bun_tlc#realenergyintotheload#kwh,BUNDOORA,0.0,0.24938111,0.0009115249,0.0008845187,0.0
2025-08-23 00:00:00,solar.bun_tlc#realenergyintotheload#kwh,BUNDOORA,0.0,-0.10151295,0.0004737526,0.00045971648,0.0
2025-08-23 01:00:00,solar.bun_tlc#realenergyintotheload#kwh,BUNDOORA,0.0,-0.010759899,0.0004737526,0.00045971648,0.0
2025-08-23 02:00:00,solar.bun_tlc#realenergyintotheload#kwh,BUNDOORA,0.0,0.009175522,0.0010721834,0.0010404172,0.0
2025-08-23 03:00:00,solar.bun_tlc#realenergyintotheload#kwh,BUNDOORA,0.0,0.0038140612,0.0015885938,0.0015415278,0.0
2025-08-23 04:00:00,solar.bun_tlc#realenergyintotheload#kwh,BUNDOORA,0.0,-0.0044111293,0.001525375,0.0014801819,0.0
2025-08-23 05:00:00,solar.bun_tlc#realenergyintotheload#kwh,BUNDOORA,0.0,0.0036767903,0.0015885938,0.0015415278,0.0
2025-08-23 06:00:00,solar.bun_tlc#realenergyintotheload#kwh,BUNDOORA,0.0,0.015375909,0.00040237568,0.00039045428,0.0
2025-08-23 07:00:00,solar.bun_tlc#realenergyintotheload#kwh,BUNDOORA,0.0,-0.038509697,0.00089289556,0.0008664413,0.0
2025-08-23 08:00:00,solar.bun_tlc#realenergyintotheload#kwh,BUNDOORA,1.21875,0.06362657,2.6435697,2.5652473,66.0
2025-08-23 09:00:00,solar.bun_tlc#realenergyintotheload#kwh,BUNDOORA,4.28125,0.89733326,8.141233,7.900029,168.0
2025-08-23 10:00:00,solar.bun_tlc#realenergyintotheload#kwh,BUNDOORA,13.3125,8.785102,17.239588,16.728823,327.0
2025-08-23 11:00:00,solar.bun_tlc#realenergyintotheload#kwh,BUNDOORA,13.90625,8.354182,12.026013,11.669713,248.0
2025-08-23 12:00:00,solar.bun_tlc#realenergyintotheload#kwh,BUNDOORA,27.71875,18.934458,29.683939,28.804478,609.0
2025-08-23 13:00:00,solar.bun_tlc#realenergyintotheload#kwh,BUNDOORA,31.65625,22.170216,28.687998,27.838043,561.0
2025-08-23 14:00:00,solar.bun_tlc#realenergyintotheload#kwh,BUNDOORA,27.65625,13.338016,29.488434,28.614765,590.0
2025-08-23 15:00:00,solar.bun_tlc#realenergyintotheload#kwh,BUNDOORA,19.96875,15.968359,24.716768,23.984472,481.0
2025-08-23 16:00:00,solar.bun_tlc#realenergyintotheload#kwh,BUNDOORA,18.34375,14.221709,17.317451,16.804379,328.0
2025-08-23 17:00:00,solar.bun_tlc#realenergyintotheload#kwh,BUNDOORA,8.09375,4.937735,6.456026,6.26475,150.0
2025-08-23 18:00:00,solar.bun_tlc#realenergyintotheload#kwh,BUNDOORA,1.28125,0.93879616,0.15225936,0.1477483,6.0
2025-08-23 19:00:00,solar.bun_tlc#realenergyintotheload#kwh,BUNDOORA,0.0,0.2568862,0.00093027676,0.00090271496,0.0
2025-08-23 20:00:00,solar.bun_tlc#realenergyintotheload#kwh,BUNDOORA,0.0,0.024516335,0.00089289556,0.0008664413,0.0
2025-08-23 21:00:00,solar.bun_tlc#realenergyintotheload#kwh,BUNDOORA,0.0,0.002104478,0.00089289556,0.0008664413,0.0
2025-08-23 22:00:00,solar.bun_tlc#realenergyintotheload#kwh,BUNDOORA,0.0,-0.0075343815,0.00040237568,0.00039045428,0.0
2025-08-23 23:00:00,solar.bun_tlc#realenergyintotheload#kwh,BUNDOORA,0.0,-0.004976014,0.00040237568,0.00039045428,0.0
2025-08-24 00:00:00,solar.bun_tlc#realenergyintotheload#kwh,BUNDOORA,0.0,0.0012030011,0.00040237568,0.00039045428,0.0
2025-08-24 01:00:00,solar.bun_tlc#realenergyintotheload#kwh,BUNDOORA,0.0,0.0012030011,0.00040237568,0.00039045428,0.0
2025-08-24 02:00:00,solar.bun_tlc#realenergyintotheload#kwh,BUNDOORA,0.0,0.0037613693,0.00040237568,0.00039045428,0.0
2025-08-24 03:00:00,solar.bun_tlc#realenergyintotheload#kwh,BUNDOORA,0.0,0.00018584868,0.00089289556,0.0008664413,0.0
2025-08-24 04:00:00,solar.bun_tlc#realenergyintotheload#kwh,BUNDOORA,0.0,-0.013782285,0.0008296767,0.0008050954,0.0
2025-08-24 05:00:00,solar.bun_tlc#realenergyintotheload#kwh,BUNDOORA,0.0,-0.006698378,0.00089289556,0.0008664413,0.0
2025-08-24 06:00:00,solar.bun_tlc#realenergyintotheload#kwh,BUNDOORA,0.0,0.019617591,0.00089289556,0.0008664413,0.0
2025-08-24 07:00:00,solar.bun_tlc#realenergyintotheload#kwh,BUNDOORA,0.03125,-0.007427564,0.00040237568,0.00039045428,0.0
2025-08-24 08:00:00,solar.bun_tlc#realenergyintotheload#kwh,BUNDOORA,2.65625,0.6587211,5.4256935,5.2649436,111.0
2025-08-24 09:00:00,solar.bun_tlc#realenergyintotheload#kwh,BUNDOORA,11.0,2.654988,15.197331,14.747072,296.0
2025-08-24 10:00:00,solar.bun_tlc#realenergyintotheload#kwh,BUNDOORA,21.34375,8.055337,24.202183,23.485132,464.0
2025-08-24 11:00:00,solar.bun_tlc#realenergyintotheload#kwh,BUNDOORA,30.09375,25.06622,28.088154,27.255972,590.0
2025-08-24 12:00:00,solar.bun_tlc#realenergyintotheload#kwh,BUNDOORA,33.4375,24.356813,31.616325,30.679613,658.0
2025-08-24 13:00:00,solar.bun_tlc#realenergyintotheload#kwh,BUNDOORA,32.09375,31.007593,32.06489,31.11489,664.0
2025-08-24 14:00:00,solar.bun_tlc#realenergyintotheload#kwh,BUNDOORA,32.875,29.149162,28.598059,27.75077,608.0
2025-08-24 15:00:00,solar.bun_tlc#realenergyintotheload#kwh,BUNDOORA,27.53125,23.56147,24.34436,23.623098,497.0
2025-08-24 16:00:00,solar.bun_tlc#realenergyintotheload#kwh,BUNDOORA,18.40625,17.179237,17.968256,17.435902,340.0
2025-08-24 17:00:00,solar.bun_tlc#realenergyintotheload#kwh,BUNDOORA,8.21875,4.4801755,6.9948516,6.7876115,158.0
2025-08-24 18:00:00,solar.bun_tlc#realenergyintotheload#kwh,BUNDOORA,1.21875,1.1152779,0.20129345,0.19532964,7.0
2025-08-24 19:00:00,solar.bun_tlc#realenergyintotheload#kwh,BUNDOORA,0.0,0.16154833,0.00040237568,0.00039045428,0.0
2025-08-24 20:00:00,solar.bun_tlc#realenergyintotheload#kwh,BUNDOORA,0.0,-0.010178567,0.00040237568,0.00039045428,0.0
2025-08-24 21:00:00,solar.bun_tlc#realenergyintotheload#kwh,BUNDOORA,0.0,-0.0100906,0.00089289556,0.0008664413,0.0
2025-08-24 22:00:00,solar.bun_tlc#realenergyintotheload#kwh,BUNDOORA,0.0,-0.0054723215,0.0009673884,0.0009387271,0.0
2025-08-24 23:00:00,solar.bun_tlc#realenergyintotheload#kwh,BUNDOORA,0.0,-0.0054723215,0.0009673884,0.0009387271,0.0
2025-08-25 00:00:00,solar.bun_tlc#realenergyintotheload#kwh,BUNDOORA,0.0,-0.024065819,0.00040237568,0.00039045428,0.0
2025-08-25 01:00:00,solar.bun_tlc#realenergyintotheload#kwh,BUNDOORA,0.0,-0.029753007,0.0013946895,0.0013533684,0.0
2025-08-25 02:00:00,solar.bun_tlc#realenergyintotheload#kwh,BUNDOORA,0.0,-0.024065819,0.00040237568,0.00039045428,0.0
2025-08-25 03:00:00,solar.bun_tlc#realenergyintotheload#kwh,BUNDOORA,0.0,-0.023805907,0.00089289556,0.0008664413,0.0
2025-08-25 04:00:00,solar.bun_tlc#realenergyintotheload#kwh,BUNDOORA,0.0,-0.025724536,0.00089289556,0.0008664413,0.0
2025-08-25 05:00:00,solar.bun_tlc#realenergyintotheload#kwh,BUNDOORA,0.0,-0.027639072,0.0008296767,0.0008050954,0.0
2025-08-25 06:00:00,solar.bun_tlc#realenergyintotheload#kwh,BUNDOORA,0.0,-0.002245409,0.00089289556,0.0008664413,0.0
2025-08-25 07:00:00,solar.bun_tlc#realenergyintotheload#kwh,BUNDOORA,0.03125,0.09126483,0.00089289556,0.0008664413,0.0
2025-08-25 08:00:00,solar.bun_tlc#realenergyintotheload#kwh,BUNDOORA,2.5625,0.058908444,4.5375123,4.403077,95.0
2025-08-25 09:00:00,solar.bun_tlc#realenergyintotheload#kwh,BUNDOORA,11.0,1.5633608,10.660303,10.344465,228.0
2025-08-25 10:00:00,solar.bun_tlc#realenergyintotheload#kwh,BUNDOORA,14.3125,9.909074,10.129993,9.829867,205.0
2025-08-25 11:00:00,solar.bun_tlc#realenergyintotheload#kwh,BUNDOORA,16.59375,20.728996,21.787338,21.141834,425.0
2025-08-25 12:00:00,solar.bun_tlc#realenergyintotheload#kwh,BUNDOORA,25.75,20.899357,24.312262,23.59195,528.0
2025-08-25 13:00:00,solar.bun_tlc#realenergyintotheload#kwh,BUNDOORA,17.5,16.392986,14.4200735,13.992843,297.0
2025-08-25 14:00:00,solar.bun_tlc#realenergyintotheload#kwh,BUNDOORA,19.34375,20.704737,23.54332,22.84579,500.0
2025-08-25 15:00:00,solar.bun_tlc#realenergyintotheload#kwh,BUNDOORA,17.6875,16.129103,16.833118,16.334394,338.0
2025-08-25 16:00:00,solar.bun_tlc#realenergyintotheload#kwh,BUNDOORA,11.6875,11.469188,12.525759,12.154652,258.0
2025-08-25 17:00:00,solar.bun_tlc#realenergyintotheload#kwh,BUNDOORA,4.0,2.105179,2.1542683,2.0904427,48.0
2025-08-25 18:00:00,solar.bun_tlc#realenergyintotheload#kwh,BUNDOORA,0.5,1.084857,0.045013145,0.043679517,3.0
2025-08-25 19:00:00,solar.bun_tlc#realenergyintotheload#kwh,BUNDOORA,0.0,1.3668319,-0.027930243,0.0,0.0
2025-08-25 20:00:00,solar.bun_tlc#realenergyintotheload#kwh,BUNDOORA,0.0,0.5397313,-0.039613336,0.0,0.0
2025-08-25 21:00:00,solar.bun_tlc#realenergyintotheload#kwh,BUNDOORA,0.0,0.56841403,-0.039760735,0.0,0.0
2025-08-25 22:00:00,solar.bun_tlc#realenergyintotheload#kwh,BUNDOORA,0.0,0.5050458,-0.044124935,0.0,0.0
2025-08-25 23:00:00,solar.bun_tlc#realenergyintotheload#kwh,BUNDOORA,0.0,0.20720904,-0.034026247,0.0,0.0
2025-08-26 00:00:00,solar.bun_tlc#realenergyintotheload#kwh,BUNDOORA,0.0,0.17721498,-0.013335532,0.0,0.0
2025-08-26 01:00:00,solar.bun_tlc#realenergyintotheload#kwh,BUNDOORA,0.0,0.24053785,-0.0044209687,0.0,0.0
2025-08-26 02:00:00,solar.bun_tlc#realenergyintotheload#kwh,BUNDOORA,0.0,-0.39363196,0.0051607983,0.0050078966,0.0
2025-08-26 03:00:00,solar.bun_tlc#realenergyintotheload#kwh,BUNDOORA,0.0,-0.09362782,-0.024578419,0.0,0.0
2025-08-26 04:00:00,solar.bun_tlc#realenergyintotheload#kwh,BUNDOORA,0.0,-0.09210495,-0.026782194,0.0,0.0
2025-08-26 05:00:00,solar.bun_tlc#realenergyintotheload#kwh,BUNDOORA,0.0,0.12549563,-0.003113579,0.0,0.0
2025-08-26 06:00:00,solar.bun_tlc#realenergyintotheload#kwh,BUNDOORA,0.0,0.1794004,-0.011540752,0.0,0.0
2025-08-26 07:00:00,solar.bun_tlc#realenergyintotheload#kwh,BUNDOORA,0.0,0.17115001,-0.0028903722,0.0,0.0
2025-08-26 08:00:00,solar.bun_tlc#realenergyintotheload#kwh,BUNDOORA,0.09375,1.0930127,1.1845789,1.1494827,29.0
2025-08-26 09:00:00,solar.bun_tlc#realenergyintotheload#kwh,BUNDOORA,1.46875,6.8509574,4.6592956,4.521252,96.0
2025-08-26 10:00:00,solar.bun_tlc#realenergyintotheload#kwh,BUNDOORA,2.65625,9.90826,6.4493876,6.2583084,113.0
2025-08-26 11:00:00,solar.bun_tlc#realenergyintotheload#kwh,BUNDOORA,7.0,14.054902,7.556557,7.3326755,158.0
2025-08-26 12:00:00,solar.bun_tlc#realenergyintotheload#kwh,BUNDOORA,10.21875,8.9539,4.9313498,4.7852464,102.0
2025-08-26 13:00:00,solar.bun_tlc#realenergyintotheload#kwh,BUNDOORA,2.125,6.4134955,3.1113896,3.019207,66.0
2025-08-26 14:00:00,solar.bun_tlc#realenergyintotheload#kwh,BUNDOORA,5.9375,7.7115564,3.6625683,3.5540557,80.0
2025-08-26 15:00:00,solar.bun_tlc#realenergyintotheload#kwh,BUNDOORA,4.8125,7.335508,4.5530496,4.4181542,93.0
2025-08-26 16:00:00,solar.bun_tlc#realenergyintotheload#kwh,BUNDOORA,2.34375,5.3778887,2.935872,2.8488896,61.0
2025-08-26 17:00:00,solar.bun_tlc#realenergyintotheload#kwh,BUNDOORA,0.625,2.4874873,1.3216103,1.2824544,32.0
2025-08-26 18:00:00,solar.bun_tlc#realenergyintotheload#kwh,BUNDOORA,0.0,1.5144051,0.013873156,0.013462129,2.0
2025-08-26 19:00:00,solar.bun_tlc#realenergyintotheload#kwh,BUNDOORA,0.0,-0.013115339,0.0050857323,0.0049350546,0.0
2025-08-26 20:00:00,solar.bun_tlc#realenergyintotheload#kwh,BUNDOORA,0.0,0.12729779,0.0025596302,0.0024837947,0.0
2025-08-26 21:00:00,solar.bun_tlc#realenergyintotheload#kwh,BUNDOORA,0.0,0.06284579,0.0020719864,0.0020105985,0.0
2025-08-26 22:00:00,solar.bun_tlc#realenergyintotheload#kwh,BUNDOORA,0.0,0.06966437,0.001998054,0.0019388568,0.0
2025-08-26 23:00:00,solar.bun_tlc#realenergyintotheload#kwh,BUNDOORA,0.0,-0.05864666,0.0021361273,0.0020728393,0.0
2025-08-27 00:00:00,solar.bun_tlc#realenergyintotheload#kwh,BUNDOORA,0.0,-0.025592353,0.0031190442,0.0030266347,0.0
2025-08-27 01:00:00,solar.bun_tlc#realenergyintotheload#kwh,BUNDOORA,0.0,-0.0043402435,-0.0033206404,0.0,0.0
2025-08-27 02:00:00,solar.bun_tlc#realenergyintotheload#kwh,BUNDOORA,0.0,-0.05276599,0.0031190442,0.0030266347,0.0
2025-08-27 03:00:00,solar.bun_tlc#realenergyintotheload#kwh,BUNDOORA,0.0,-0.017301448,0.0031190442,0.0030266347,0.0
2025-08-27 04:00:00,solar.bun_tlc#realenergyintotheload#kwh,BUNDOORA,0.0,-0.034975305,0.0044944817,0.0043613217,0.0
2025-08-27 05:00:00,solar.bun_tlc#realenergyintotheload#kwh,BUNDOORA,0.0,-0.13506177,0.0021937243,0.0021287296,0.0
2025-08-27 06:00:00,solar.bun_tlc#realenergyintotheload#kwh,BUNDOORA,0.0,-0.2655076,-0.0015663302,0.0,0.0
2025-08-27 07:00:00,solar.bun_tlc#realenergyintotheload#kwh,BUNDOORA,0.0,0.0034799254,-0.0015099637,0.0,0.0
2025-08-27 08:00:00,solar.bun_tlc#realenergyintotheload#kwh,BUNDOORA,0.0,4.2233686,4.4726334,4.3401203,101.0
2025-08-27 09:00:00,solar.bun_tlc#realenergyintotheload#kwh,BUNDOORA,0.0,8.972309,15.04983,14.603942,299.0
2025-08-27 10:00:00,solar.bun_tlc#realenergyintotheload#kwh,BUNDOORA,0.0,11.085966,22.810156,22.134348,424.0
2025-08-27 11:00:00,solar.bun_tlc#realenergyintotheload#kwh,BUNDOORA,0.0,13.395439,13.953657,13.540245,289.0
2025-08-27 12:00:00,solar.bun_tlc#realenergyintotheload#kwh,BUNDOORA,0.0,6.4880257,2.31374,2.2451897,53.0
2025-08-27 13:00:00,solar.bun_tlc#realenergyintotheload#kwh,BUNDOORA,0.0,18.40406,23.5711,22.872747,480.0
2025-08-27 14:00:00,solar.bun_tlc#realenergyintotheload#kwh,BUNDOORA,0.0,12.2379,10.011887,9.71526,205.0
2025-08-27 15:00:00,solar.bun_tlc#realenergyintotheload#kwh,BUNDOORA,0.0,6.024299,3.0398986,2.949834,66.0
2025-08-27 16:00:00,solar.bun_tlc#realenergyintotheload#kwh,BUNDOORA,0.0,6.768782,10.609838,10.295494,215.0
2025-08-27 17:00:00,solar.bun_tlc#realenergyintotheload#kwh,BUNDOORA,0.0,6.6369023,7.5462418,7.3226657,149.0
2025-08-27 18:00:00,solar.bun_tlc#realenergyintotheload#kwh,BUNDOORA,0.0,2.390425,0.22856115,0.22178945,8.0
2025-08-27 19:00:00,solar.bun_tlc#realenergyintotheload#kwh,BUNDOORA,0.0,0.7140542,0.0076860907,0.007458371,0.0
2025-08-27 20:00:00,solar.bun_tlc#realenergyintotheload#kwh,BUNDOORA,0.0,0.26862353,-0.014467394,0.0,0.0
2025-08-27 21:00:00,solar.bun_tlc#realenergyintotheload#kwh,BUNDOORA,0.0,0.031063747,0.0072805225,0.007064819,0.0
2025-08-27 22:00:00,solar.bun_tlc#realenergyintotheload#kwh,BUNDOORA,0.0,0.31170365,0.0045053423,0.0043718605,0.0
2025-08-27 23:00:00,solar.bun_tlc#realenergyintotheload#kwh,BUNDOORA,0.0,0.29389316,0.0045053423,0.0043718605,0.0
2025-08-28 00:00:00,solar.bun_tlc#realenergyintotheload#kwh,BUNDOORA,0.0,0.052789878,0.0027052213,0.0026250724,0.0
2025-08-28 01:00:00,solar.bun_tlc#realenergyintotheload#kwh,BUNDOORA,0.0,0.02870937,-0.0045954855,0.0,0.0
2025-08-28 02:00:00,solar.bun_tlc#realenergyintotheload#kwh,BUNDOORA,0.0,-0.09357526,0.00048026248,0.0004660335,0.0
2025-08-28 03:00:00,solar.bun_tlc#realenergyintotheload#kwh,BUNDOORA,0.0,-0.0540079,0.00310179,0.0030098918,0.0
2025-08-28 04:00:00,solar.bun_tlc#realenergyintotheload#kwh,BUNDOORA,0.0,-0.10434934,0.00310179,0.0030098918,0.0
2025-08-28 05:00:00,solar.bun_tlc#realenergyintotheload#kwh,BUNDOORA,0.0,-0.21418007,-0.0015099637,0.0,0.0
2025-08-28 06:00:00,solar.bun_tlc#realenergyintotheload#kwh,BUNDOORA,0.0,-0.101983376,-0.0052602687,0.0,0.0
2025-08-28 07:00:00,solar.bun_tlc#realenergyintotheload#kwh,BUNDOORA,0.0,1.0030187,-0.0014828005,0.0,0.0
2025-08-28 08:00:00,solar.bun_tlc#realenergyintotheload#kwh,BUNDOORA,0.0,3.994888,2.8940885,2.808344,63.0
2025-08-28 09:00:00,solar.bun_tlc#realenergyintotheload#kwh,BUNDOORA,0.0,6.968542,8.331645,8.084799,179.0
2025-08-28 10:00:00,solar.bun_tlc#realenergyintotheload#kwh,BUNDOORA,0.0,8.923676,18.78228,18.225807,357.0
2025-08-28 11:00:00,solar.bun_tlc#realenergyintotheload#kwh,BUNDOORA,0.0,14.377099,21.968803,21.317923,428.0
2025-08-28 12:00:00,solar.bun_tlc#realenergyintotheload#kwh,BUNDOORA,0.0,16.44752,19.015276,18.4519,391.0
2025-08-28 13:00:00,solar.bun_tlc#realenergyintotheload#kwh,BUNDOORA,0.0,19.443417,20.68258,20.069807,431.0
2025-08-28 14:00:00,solar.bun_tlc#realenergyintotheload#kwh,BUNDOORA,0.0,18.653852,25.910242,25.142586,523.0
2025-08-28 15:00:00,solar.bun_tlc#realenergyintotheload#kwh,BUNDOORA,0.0,14.378748,10.652136,10.336539,220.0
2025-08-28 16:00:00,solar.bun_tlc#realenergyintotheload#kwh,BUNDOORA,0.0,7.4600677,6.7720857,6.5714455,141.0
2025-08-28 17:00:00,solar.bun_tlc#realenergyintotheload#kwh,BUNDOORA,0.0,7.7041173,6.49867,6.306131,141.0
2025-08-28 18:00:00,solar.bun_tlc#realenergyintotheload#kwh,BUNDOORA,0.0,3.3448434,0.23213819,0.22526051,8.0
2025-08-28 19:00:00,solar.bun_tlc#realenergyintotheload#kwh,BUNDOORA,0.0,0.33389604,0.0020032835,0.0019439312,0.0
2025-08-28 20:00:00,solar.bun_tlc#realenergyintotheload#kwh,BUNDOORA,0.0,0.13468798,-0.0076417113,0.0,0.0
2025-08-28 21:00:00,solar.bun_tlc#realenergyintotheload#kwh,BUNDOORA,0.0,-0.049944002,-0.002368855,0.0,0.0
2025-08-28 22:00:00,solar.bun_tlc#realenergyintotheload#kwh,BUNDOORA,0.0,-0.10798691,-0.0023124884,0.0,0.0
2025-08-28 23:00:00,solar.bun_tlc#realenergyintotheload#kwh,BUNDOORA,0.0,-0.1122175,-0.002368855,0.0,0.0
2025-08-29 00:00:00,solar.bun_tlc#realenergyintotheload#kwh,BUNDOORA,0.0,-0.12025957,-0.0025161733,0.0,0.0
2025-08-29 01:00:00,solar.bun_tlc#realenergyintotheload#kwh,BUNDOORA,0.0,-0.14361075,-0.0025161733,0.0,0.0
2025-08-29 02:00:00,solar.bun_tlc#realenergyintotheload#kwh,BUNDOORA,0.0,-0.12904462,-0.0025161733,0.0,0.0
2025-08-29 03:00:00,solar.bun_tlc#realenergyintotheload#kwh,BUNDOORA,0.0,0.089028366,-0.0025161733,0.0,0.0
2025-08-29 04:00:00,solar.bun_tlc#realenergyintotheload#kwh,BUNDOORA,0.0,-0.015273012,-0.0019557835,0.0,0.0
2025-08-29 05:00:00,solar.bun_tlc#realenergyintotheload#kwh,BUNDOORA,0.0,0.03974402,-0.00070701167,0.0,0.0
2025-08-29 06:00:00,solar.bun_tlc#realenergyintotheload#kwh,BUNDOORA,0.0,-0.2568866,-0.00070701167,0.0,0.0
2025-08-29 07:00:00,solar.bun_tlc#realenergyintotheload#kwh,BUNDOORA,0.0,0.3206975,0.004477675,0.004345013,0.0
2025-08-29 08:00:00,solar.bun_tlc#realenergyintotheload#kwh,BUNDOORA,1.25,2.5435276,2.4656851,2.392633,58.0
2025-08-29 09:00:00,solar.bun_tlc#realenergyintotheload#kwh,BUNDOORA,5.4375,3.7829957,9.547507,9.264639,197.0
2025-08-29 10:00:00,solar.bun_tlc#realenergyintotheload#kwh,BUNDOORA,9.125,7.752201,14.915256,14.473353,290.0
2025-08-29 11:00:00,solar.bun_tlc#realenergyintotheload#kwh,BUNDOORA,16.09375,8.733465,13.980318,13.566116,290.0
2025-08-29 12:00:00,solar.bun_tlc#realenergyintotheload#kwh,BUNDOORA,27.09375,10.457531,12.998273,12.613167,275.0
2025-08-29 13:00:00,solar.bun_tlc#realenergyintotheload#kwh,BUNDOORA,17.15625,9.137574,8.973865,8.707992,187.0
2025-08-29 14:00:00,solar.bun_tlc#realenergyintotheload#kwh,BUNDOORA,10.25,5.609496,5.1690536,5.0159073,111.0
2025-08-29 15:00:00,solar.bun_tlc#realenergyintotheload#kwh,BUNDOORA,15.34375,6.557618,7.9297256,7.6947875,164.0
2025-08-29 16:00:00,solar.bun_tlc#realenergyintotheload#kwh,BUNDOORA,18.53125,5.098507,17.77664,17.249962,336.0
2025-08-29 17:00:00,solar.bun_tlc#realenergyintotheload#kwh,BUNDOORA,7.0625,4.3199196,5.362804,5.2039175,110.0
2025-08-29 18:00:00,solar.bun_tlc#realenergyintotheload#kwh,BUNDOORA,0.8125,3.0327187,0.17058091,0.16552702,7.0
2025-08-29 19:00:00,solar.bun_tlc#realenergyintotheload#kwh,BUNDOORA,0.0,-0.052521147,0.001793663,0.0017405213,0.0
2025-08-29 20:00:00,solar.bun_tlc#realenergyintotheload#kwh,BUNDOORA,0.0,-0.22745946,0.016534355,0.016044483,0.0
2025-08-29 21:00:00,solar.bun_tlc#realenergyintotheload#kwh,BUNDOORA,0.0,0.06253525,-0.012637383,0.0,0.0
2025-08-29 22:00:00,solar.bun_tlc#realenergyintotheload#kwh,BUNDOORA,0.0,0.25746053,-0.0242305,0.0,0.0
2025-08-29 23:00:00,solar.bun_tlc#realenergyintotheload#kwh,BUNDOORA,0.0,0.28623688,0.0008960595,0.0008695115,0.0
2025-08-30 00:00:00,solar.bun_tlc#realenergyintotheload#kwh,BUNDOORA,0.0,-0.010441553,0.00092376705,0.00089639815,0.0
2025-08-30 01:00:00,solar.bun_tlc#realenergyintotheload#kwh,BUNDOORA,0.0,0.16636388,0.0019737063,0.0019152303,0.0
2025-08-30 02:00:00,solar.bun_tlc#realenergyintotheload#kwh,BUNDOORA,0.0,-0.03137073,-0.0035145178,0.0,0.0
2025-08-30 03:00:00,solar.bun_tlc#realenergyintotheload#kwh,BUNDOORA,0.0,0.14399484,0.0029062035,0.0028201,0.0
2025-08-30 04:00:00,solar.bun_tlc#realenergyintotheload#kwh,BUNDOORA,0.0,0.0003754543,-0.004018147,0.0,0.0
2025-08-30 05:00:00,solar.bun_tlc#realenergyintotheload#kwh,BUNDOORA,0.0,0.058436446,-0.0009589011,0.0,0.0
2025-08-30 06:00:00,solar.bun_tlc#realenergyintotheload#kwh,BUNDOORA,0.0,-0.021506982,-0.004018147,0.0,0.0
2025-08-30 07:00:00,solar.bun_tlc#realenergyintotheload#kwh,BUNDOORA,0.0,0.3901172,-0.0018932748,0.0,1.0
2025-08-30 08:00:00,solar.bun_tlc#realenergyintotheload#kwh,BUNDOORA,0.0,1.6552268,2.9767647,2.8885705,71.0
2025-08-30 09:00:00,solar.bun_tlc#realenergyintotheload#kwh,BUNDOORA,0.0,7.0831375,10.485127,10.1744795,200.0
2025-08-30 10:00:00,solar.bun_tlc#realenergyintotheload#kwh,BUNDOORA,0.0,11.965503,13.384888,12.988327,266.0
2025-08-30 11:00:00,solar.bun_tlc#realenergyintotheload#kwh,BUNDOORA,0.0,12.45539,28.298506,27.460093,601.0
2025-08-30 12:00:00,solar.bun_tlc#realenergyintotheload#kwh,BUNDOORA,0.0,14.828042,29.825167,28.94152,640.0
2025-08-30 13:00:00,solar.bun_tlc#realenergyintotheload#kwh,BUNDOORA,0.0,18.62932,18.003992,17.47058,375.0
2025-08-30 14:00:00,solar.bun_tlc#realenergyintotheload#kwh,BUNDOORA,0.0,15.1548395,13.886032,13.474624,283.0
2025-08-30 15:00:00,solar.bun_tlc#realenergyintotheload#kwh,BUNDOORA,0.0,10.808439,15.755045,15.288262,310.0
2025-08-30 16:00:00,solar.bun_tlc#realenergyintotheload#kwh,BUNDOORA,0.0,11.982412,12.5677395,12.195389,238.0
2025-08-30 17:00:00,solar.bun_tlc#realenergyintotheload#kwh,BUNDOORA,0.0,5.86807,8.156549,7.9148912,153.0
2025-08-30 18:00:00,solar.bun_tlc#realenergyintotheload#kwh,BUNDOORA,0.0,1.6512598,0.34283373,0.3326764,11.0
2025-08-30 19:00:00,solar.bun_tlc#realenergyintotheload#kwh,BUNDOORA,0.0,0.46312815,0.0003446107,0.00033440074,0.0
2025-08-30 20:00:00,solar.bun_tlc#realenergyintotheload#kwh,BUNDOORA,0.0,0.006221402,0.0003446107,0.00033440074,0.0
2025-08-30 21:00:00,solar.bun_tlc#realenergyintotheload#kwh,BUNDOORA,0.0,-0.012641601,4.7989954e-05,4.656813e-05,0.0
2025-08-30 22:00:00,solar.bun_tlc#realenergyintotheload#kwh,BUNDOORA,0.0,0.005726244,0.0007436888,0.00072165515,0.0
2025-08-30 23:00:00,solar.bun_tlc#realenergyintotheload#kwh,BUNDOORA,0.0,0.3018973,0.0007436888,0.00072165515,0.0
2025-08-31 00:00:00,solar.bun_tlc#realenergyintotheload#kwh,BUNDOORA,0.0,0.078741275,0.0007436888,0.00072165515,0.0
2025-08-31 01:00:00,solar.bun_tlc#realenergyintotheload#kwh,BUNDOORA,0.0,-0.011641122,0.0007436888,0.00072165515,0.0
2025-08-31 02:00:00,solar.bun_tlc#realenergyintotheload#kwh,BUNDOORA,0.0,0.032186497,0.0007436888,0.00072165515,0.0
2025-08-31 03:00:00,solar.bun_tlc#realenergyintotheload#kwh,BUNDOORA,0.0,-0.0026404308,0.0006677051,0.0006479226,0.0
2025-08-31 04:00:00,solar.bun_tlc#realenergyintotheload#kwh,BUNDOORA,0.0,-0.01887995,0.00073092396,0.0007092685,0.0
2025-08-31 05:00:00,solar.bun_tlc#realenergyintotheload#kwh,BUNDOORA,0.0,0.0013266414,0.00073092396,0.0007092685,0.0
2025-08-31 06:00:00,solar.bun_tlc#realenergyintotheload#kwh,BUNDOORA,0.0,0.005013838,0.00073092396,0.0007092685,0.0
2025-08-31 07:00:00,solar.bun_tlc#realenergyintotheload#kwh,BUNDOORA,0.0,0.11010006,0.014125074,0.0137065835,2.0
2025-08-31 08:00:00,solar.bun_tlc#realenergyintotheload#kwh,BUNDOORA,0.0,0.48189887,5.925246,5.7496953,123.0
2025-08-31 09:00:00,solar.bun_tlc#realenergyintotheload#kwh,BUNDOORA,0.0,2.424702,10.758871,10.440113,224.0
2025-08-31 10:00:00,solar.bun_tlc#realenergyintotheload#kwh,BUNDOORA,0.0,12.193409,11.18615,10.854732,225.0
2025-08-31 11:00:00,solar.bun_tlc#realenergyintotheload#kwh,BUNDOORA,0.0,15.763029,10.761541,10.442704,221.0
2025-08-31 12:00:00,solar.bun_tlc#realenergyintotheload#kwh,BUNDOORA,0.0,16.149065,17.917599,17.386745,366.0
2025-08-31 13:00:00,solar.bun_tlc#realenergyintotheload#kwh,BUNDOORA,0.0,18.446566,22.48773,21.821474,460.0
2025-08-31 14:00:00,solar.bun_tlc#realenergyintotheload#kwh,BUNDOORA,0.0,18.450714,21.62047,20.97991,435.0
2025-08-31 15:00:00,solar.bun_tlc#realenergyintotheload#kwh,BUNDOORA,0.0,11.162158,11.293345,10.958752,226.0
2025-08-31 16:00:00,solar.bun_tlc#realenergyintotheload#kwh,BUNDOORA,0.0,9.905504,15.309093,14.855523,291.0
2025-08-31 17:00:00,solar.bun_tlc#realenergyintotheload#kwh,BUNDOORA,0.0,8.946829,5.3221164,5.1644354,117.0
2025-08-31 18:00:00,solar.bun_tlc#realenergyintotheload#kwh,BUNDOORA,0.0,2.3375401,0.41772833,0.4053521,12.0
2025-08-31 19:00:00,solar.bun_tlc#realenergyintotheload#kwh,BUNDOORA,0.0,0.45909256,0.0018852145,0.0018293603,0.0
2025-08-31 20:00:00,solar.bun_tlc#realenergyintotheload#kwh,BUNDOORA,0.0,0.03441354,0.001525375,0.0014801819,0.0
2025-08-31 21:00:00,solar.bun_tlc#realenergyintotheload#kwh,BUNDOORA,0.0,-0.026916418,0.001525375,0.0014801819,0.0
2025-08-31 22:00:00,solar.bun_tlc#realenergyintotheload#kwh,BUNDOORA,0.0,-0.029850477,0.0010089646,0.0009790715,0.0
2025-08-31 23:00:00,solar.bun_tlc#realenergyintotheload#kwh,BUNDOORA,0.0,-0.029263454,0.00073092396,0.0007092685,0.0
2025-09-01 00:00:00,solar.bun_tlc#realenergyintotheload#kwh,BUNDOORA,0.0,0.00036878046,0.0013293547,0.0012899692,0.0
2025-09-01 01:00:00,solar.bun_tlc#realenergyintotheload#kwh,BUNDOORA,0.0,-0.0023744649,0.00073092396,0.0007092685,0.0
2025-09-01 02:00:00,solar.bun_tlc#realenergyintotheload#kwh,BUNDOORA,0.0,0.006952855,0.00073092396,0.0007092685,0.0
2025-09-01 03:00:00,solar.bun_tlc#realenergyintotheload#kwh,BUNDOORA,0.0,-0.066475384,0.0009059498,0.0008791088,0.0
2025-09-01 04:00:00,solar.bun_tlc#realenergyintotheload#kwh,BUNDOORA,0.0,0.006952855,3.5225275e-05,3.4181638e-05,0.0
2025-09-01 05:00:00,solar.bun_tlc#realenergyintotheload#kwh,BUNDOORA,0.0,-0.016744213,4.7989954e-05,4.656813e-05,0.0
2025-09-01 06:00:00,solar.bun_tlc#realenergyintotheload#kwh,BUNDOORA,0.0,0.015407739,-2.7993621e-05,0.0,0.0
2025-09-01 07:00:00,solar.bun_tlc#realenergyintotheload#kwh,BUNDOORA,0.03125,-0.07857471,0.013429376,0.013031498,2.0
2025-09-01 08:00:00,solar.bun_tlc#realenergyintotheload#kwh,BUNDOORA,3.3125,0.6135249,3.8814347,3.7664375,87.0
2025-09-01 09:00:00,solar.bun_tlc#realenergyintotheload#kwh,BUNDOORA,7.8125,2.3754132,15.136,14.687558,293.0
2025-09-01 10:00:00,solar.bun_tlc#realenergyintotheload#kwh,BUNDOORA,23.65625,17.248476,26.178186,25.402592,496.0
2025-09-01 11:00:00,solar.bun_tlc#realenergyintotheload#kwh,BUNDOORA,19.1875,22.84586,24.340115,23.618979,486.0
2025-09-01 12:00:00,solar.bun_tlc#realenergyintotheload#kwh,BUNDOORA,18.375,18.18687,16.01974,15.5451145,333.0
2025-09-01 13:00:00,solar.bun_tlc#realenergyintotheload#kwh,BUNDOORA,19.1875,12.8178215,8.110244,7.8699574,173.0
2025-09-01 14:00:00,solar.bun_tlc#realenergyintotheload#kwh,BUNDOORA,14.75,14.0059595,13.6059265,13.202817,281.0
2025-09-01 15:00:00,solar.bun_tlc#realenergyintotheload#kwh,BUNDOORA,9.3125,9.516577,7.795017,7.5640697,162.0
2025-09-01 16:00:00,solar.bun_tlc#realenergyintotheload#kwh,BUNDOORA,10.9375,8.207057,9.564706,9.281327,198.0
2025-09-01 17:00:00,solar.bun_tlc#realenergyintotheload#kwh,BUNDOORA,3.5,6.057593,4.0619946,3.9416478,86.0
2025-09-01 18:00:00,solar.bun_tlc#realenergyintotheload#kwh,BUNDOORA,0.65625,2.4071474,0.2792144,0.27094197,9.0
2025-09-01 19:00:00,solar.bun_tlc#realenergyintotheload#kwh,BUNDOORA,0.0,0.36485305,0.0027253898,0.0026446432,0.0
2025-09-01 20:00:00,solar.bun_tlc#realenergyintotheload#kwh,BUNDOORA,0.0,0.05780744,0.008577108,0.0083229905,0.0
2025-09-01 21:00:00,solar.bun_tlc#realenergyintotheload#kwh,BUNDOORA,0.0,0.031334843,0.007377092,0.007158527,0.0
2025-09-01 22:00:00,solar.bun_tlc#realenergyintotheload#kwh,BUNDOORA,0.0,0.01308969,0.001525375,0.0014801819,0.0
2025-09-01 23:00:00,solar.bun_tlc#realenergyintotheload#kwh,BUNDOORA,0.0,0.0040503433,0.002090388,0.002028455,0.0
2025-09-02 00:00:00,solar.bun_tlc#realenergyintotheload#kwh,BUNDOORA,0.0,0.007595748,0.002090388,0.002028455,0.0
2025-09-02 01:00:00,solar.bun_tlc#realenergyintotheload#kwh,BUNDOORA,0.0,0.0044263406,0.001525375,0.0014801819,0.0
2025-09-02 02:00:00,solar.bun_tlc#realenergyintotheload#kwh,BUNDOORA,0.0,0.0014213114,0.001525375,0.0014801819,0.0
2025-09-02 03:00:00,solar.bun_tlc#realenergyintotheload#kwh,BUNDOORA,0.0,-0.0044111293,0.001525375,0.0014801819,0.0
2025-09-02 04:00:00,solar.bun_tlc#realenergyintotheload#kwh,BUNDOORA,0.0,-0.002911876,0.001525375,0.0014801819,0.0
2025-09-02 05:00:00,solar.bun_tlc#realenergyintotheload#kwh,BUNDOORA,0.0,0.0017581573,0.00089289556,0.0008664413,0.0
2025-09-02 06:00:00,solar.bun_tlc#realenergyintotheload#kwh,BUNDOORA,0.0,0.036623064,4.7989954e-05,4.656813e-05,0.0
2025-09-02 07:00:00,solar.bun_tlc#realenergyintotheload#kwh,BUNDOORA,0.03125,-0.067250594,0.014355444,0.013930128,2.0
2025-09-02 08:00:00,solar.bun_tlc#realenergyintotheload#kwh,BUNDOORA,2.09375,0.7650124,4.064401,3.943983,89.0
2025-09-02 09:00:00,solar.bun_tlc#realenergyintotheload#kwh,BUNDOORA,6.53125,3.8427334,12.584429,12.211583,251.0
2025-09-02 10:00:00,solar.bun_tlc#realenergyintotheload#kwh,BUNDOORA,8.6875,10.024475,9.603003,9.31849,202.0
2025-09-02 11:00:00,solar.bun_tlc#realenergyintotheload#kwh,BUNDOORA,21.125,23.646282,25.450748,24.696707,495.0
2025-09-02 12:00:00,solar.bun_tlc#realenergyintotheload#kwh,BUNDOORA,30.53125,26.17007,33.393288,32.403927,695.0
2025-09-02 13:00:00,solar.bun_tlc#realenergyintotheload#kwh,BUNDOORA,25.15625,22.936043,25.129396,24.384874,526.0
2025-09-02 14:00:00,solar.bun_tlc#realenergyintotheload#kwh,BUNDOORA,15.0,24.157326,22.392458,21.729025,462.0
2025-09-02 15:00:00,solar.bun_tlc#realenergyintotheload#kwh,BUNDOORA,21.71875,19.67863,21.395527,20.761631,425.0
2025-09-02 16:00:00,solar.bun_tlc#realenergyintotheload#kwh,BUNDOORA,16.625,10.8308115,18.494959,17.946999,367.0
2025-09-02 17:00:00,solar.bun_tlc#realenergyintotheload#kwh,BUNDOORA,6.21875,12.834654,5.284458,5.127893,127.0
2025-09-02 18:00:00,solar.bun_tlc#realenergyintotheload#kwh,BUNDOORA,0.8125,2.4302542,0.025335845,0.024585206,4.0
2025-09-02 19:00:00,solar.bun_tlc#realenergyintotheload#kwh,BUNDOORA,0.0,2.5254421,-0.046190638,0.0,0.0
2025-09-02 20:00:00,solar.bun_tlc#realenergyintotheload#kwh,BUNDOORA,0.0,0.33777726,-0.0050876657,0.0,0.0
2025-09-02 21:00:00,solar.bun_tlc#realenergyintotheload#kwh,BUNDOORA,0.0,0.33443227,-0.0050876657,0.0,0.0
2025-09-02 22:00:00,solar.bun_tlc#realenergyintotheload#kwh,BUNDOORA,0.0,0.25632992,-0.032942336,0.0,0.0
2025-09-02 23:00:00,solar.bun_tlc#realenergyintotheload#kwh,BUNDOORA,0.0,0.5048365,-0.055670217,0.0,0.0
2025-09-03 00:00:00,solar.bun_tlc#realenergyintotheload#kwh,BUNDOORA,0.0,0.3942412,-0.00039782273,0.0,0.0
2025-09-03 01:00:00,solar.bun_tlc#realenergyintotheload#kwh,BUNDOORA,0.0,0.23600781,-0.010861217,0.0,0.0
2025-09-03 02:00:00,solar.bun_tlc#realenergyintotheload#kwh,BUNDOORA,0.0,0.7059847,-0.00082175713,0.0,0.0
2025-09-03 03:00:00,solar.bun_tlc#realenergyintotheload#kwh,BUNDOORA,0.0,0.6348968,-0.003341768,0.0,0.0
2025-09-03 04:00:00,solar.bun_tlc#realenergyintotheload#kwh,BUNDOORA,0.0,0.48527908,-0.0023207143,0.0,0.0
2025-09-03 05:00:00,solar.bun_tlc#realenergyintotheload#kwh,BUNDOORA,0.0,0.45282447,-0.0023207143,0.0,0.0
2025-09-03 06:00:00,solar.bun_tlc#realenergyintotheload#kwh,BUNDOORA,0.0,0.6084848,-0.002468111,0.0,0.0
2025-09-03 07:00:00,solar.bun_tlc#realenergyintotheload#kwh,BUNDOORA,0.0,2.5861955,0.015933363,0.015461297,2.0
2025-09-03 08:00:00,solar.bun_tlc#realenergyintotheload#kwh,BUNDOORA,0.0,7.096356,2.554015,2.4783459,58.0
2025-09-03 09:00:00,solar.bun_tlc#realenergyintotheload#kwh,BUNDOORA,0.0,11.650399,11.7544775,11.406221,237.0
2025-09-03 10:00:00,solar.bun_tlc#realenergyintotheload#kwh,BUNDOORA,0.0,17.303583,24.952387,24.21311,496.0
2025-09-03 11:00:00,solar.bun_tlc#realenergyintotheload#kwh,BUNDOORA,0.0,19.867762,29.699064,28.819155,618.0
2025-09-03 12:00:00,solar.bun_tlc#realenergyintotheload#kwh,BUNDOORA,0.0,21.506985,29.887932,29.002426,644.0
2025-09-03 13:00:00,solar.bun_tlc#realenergyintotheload#kwh,BUNDOORA,0.0,17.772951,21.693453,21.05073,454.0
2025-09-03 14:00:00,solar.bun_tlc#realenergyintotheload#kwh,BUNDOORA,0.0,22.148611,21.455982,20.820295,445.0
2025-09-03 15:00:00,solar.bun_tlc#realenergyintotheload#kwh,BUNDOORA,0.0,17.71103,20.57149,19.962008,413.0
2025-09-03 16:00:00,solar.bun_tlc#realenergyintotheload#kwh,BUNDOORA,0.0,9.912255,12.145346,11.785509,237.0
2025-09-03 17:00:00,solar.bun_tlc#realenergyintotheload#kwh,BUNDOORA,0.0,3.4266105,4.0050387,3.8863795,83.0
2025-09-03 18:00:00,solar.bun_tlc#realenergyintotheload#kwh,BUNDOORA,0.0,-0.59130186,0.12857203,0.124762766,6.0
2025-09-03 19:00:00,solar.bun_tlc#realenergyintotheload#kwh,BUNDOORA,0.0,0.4176539,0.004987683,0.0048399107,0.0
2025-09-03 20:00:00,solar.bun_tlc#realenergyintotheload#kwh,BUNDOORA,0.0,0.08355758,0.003992445,0.0038741587,0.0
2025-09-03 21:00:00,solar.bun_tlc#realenergyintotheload#kwh,BUNDOORA,0.0,0.08142478,-0.0036097083,0.0,0.0
2025-09-03 22:00:00,solar.bun_tlc#realenergyintotheload#kwh,BUNDOORA,0.0,0.056535225,0.0019401746,0.0018826921,0.0
2025-09-03 23:00:00,solar.bun_tlc#realenergyintotheload#kwh,BUNDOORA,0.0,0.042451907,0.0019401746,0.0018826921,0.0
2025-09-04 00:00:00,solar.bun_tlc#realenergyintotheload#kwh,BUNDOORA,0.0,0.039668318,0.0019401746,0.0018826921,0.0
2025-09-04 01:00:00,solar.bun_tlc#realenergyintotheload#kwh,BUNDOORA,0.0,0.039668318,0.0019401746,0.0018826921,0.0
2025-09-04 02:00:00,solar.bun_tlc#realenergyintotheload#kwh,BUNDOORA,0.0,0.033409897,0.0020875714,0.0020257218,0.0
2025-09-04 03:00:00,solar.bun_tlc#realenergyintotheload#kwh,BUNDOORA,0.0,0.0360095,0.0015317115,0.0014863308,0.0
2025-09-04 04:00:00,solar.bun_tlc#realenergyintotheload#kwh,BUNDOORA,0.0,0.029153597,0.0010092646,0.0009793626,0.0
2025-09-04 05:00:00,solar.bun_tlc#realenergyintotheload#kwh,BUNDOORA,0.0,0.038225546,0.0010092646,0.0009793626,0.0
2025-09-04 06:00:00,solar.bun_tlc#realenergyintotheload#kwh,BUNDOORA,0.0,0.21660547,0.0010092646,0.0009793626,0.0
2025-09-04 07:00:00,solar.bun_tlc#realenergyintotheload#kwh,BUNDOORA,0.0,1.2981511,0.0038344366,0.0037208318,1.0
2025-09-04 08:00:00,solar.bun_tlc#realenergyintotheload#kwh,BUNDOORA,0.0,4.9248776,4.306423,4.1788344,95.0
2025-09-04 09:00:00,solar.bun_tlc#realenergyintotheload#kwh,BUNDOORA,0.0,8.4942255,18.72163,18.166954,348.0
2025-09-04 10:00:00,solar.bun_tlc#realenergyintotheload#kwh,BUNDOORA,0.0,11.475576,11.568455,11.22571,233.0
2025-09-04 11:00:00,solar.bun_tlc#realenergyintotheload#kwh,BUNDOORA,0.0,12.522551,14.298113,13.8744955,293.0
2025-09-04 12:00:00,solar.bun_tlc#realenergyintotheload#kwh,BUNDOORA,0.0,15.200797,21.133284,20.507156,440.0
2025-09-04 13:00:00,solar.bun_tlc#realenergyintotheload#kwh,BUNDOORA,0.0,20.268425,27.874718,27.048859,588.0
2025-09-04 14:00:00,solar.bun_tlc#realenergyintotheload#kwh,BUNDOORA,0.0,16.41599,29.153028,28.289297,597.0
2025-09-04 15:00:00,solar.bun_tlc#realenergyintotheload#kwh,BUNDOORA,0.0,16.012474,26.31886,25.539097,523.0
2025-09-04 16:00:00,solar.bun_tlc#realenergyintotheload#kwh,BUNDOORA,0.0,10.430022,9.5533085,9.2702675,192.0
2025-09-04 17:00:00,solar.bun_tlc#realenergyintotheload#kwh,BUNDOORA,0.0,5.709648,9.444278,9.164468,178.0
2025-09-04 18:00:00,solar.bun_tlc#realenergyintotheload#kwh,BUNDOORA,0.0,3.9598298,0.717173,0.69592494,19.0
2025-09-04 19:00:00,solar.bun_tlc#realenergyintotheload#kwh,BUNDOORA,0.0,1.0717597,0.0045710714,0.004435642,0.0
2025-09-04 20:00:00,solar.bun_tlc#realenergyintotheload#kwh,BUNDOORA,0.0,0.07793543,-0.004877791,0.0,0.0
2025-09-04 21:00:00,solar.bun_tlc#realenergyintotheload#kwh,BUNDOORA,0.0,0.06389309,0.00033184592,0.00032201415,0.0
2025-09-04 22:00:00,solar.bun_tlc#realenergyintotheload#kwh,BUNDOORA,0.0,0.02191005,0.00089289556,0.0008664413,0.0
2025-09-04 23:00:00,solar.bun_tlc#realenergyintotheload#kwh,BUNDOORA,0.0,0.0012030011,0.00040237568,0.00039045428,0.0
2025-09-05 00:00:00,solar.bun_tlc#realenergyintotheload#kwh,BUNDOORA,0.0,-0.010178567,0.00040237568,0.00039045428,0.0
2025-09-05 01:00:00,solar.bun_tlc#realenergyintotheload#kwh,BUNDOORA,0.0,-0.0100906,0.00040237568,0.00039045428,0.0
2025-09-05 02:00:00,solar.bun_tlc#realenergyintotheload#kwh,BUNDOORA,0.0,-0.0100906,0.00040237568,0.00039045428,0.0
2025-09-05 03:00:00,solar.bun_tlc#realenergyintotheload#kwh,BUNDOORA,0.0,-0.0117316665,0.00089289556,0.0008664413,0.0
2025-09-05 04:00:00,solar.bun_tlc#realenergyintotheload#kwh,BUNDOORA,0.0,-0.02417639,0.00089289556,0.0008664413,0.0
2025-09-05 05:00:00,solar.bun_tlc#realenergyintotheload#kwh,BUNDOORA,0.0,-0.024065819,0.00040237568,0.00039045428,0.0
2025-09-05 06:00:00,solar.bun_tlc#realenergyintotheload#kwh,BUNDOORA,0.0,0.074085325,0.0009673884,0.0009387271,0.0
2025-09-05 07:00:00,solar.bun_tlc#realenergyintotheload#kwh,BUNDOORA,0.0,-0.05897678,0.22419149,0.21754925,8.0
2025-09-05 08:00:00,solar.bun_tlc#realenergyintotheload#kwh,BUNDOORA,0.0,0.6505465,9.227179,8.9538,168.0
2025-09-05 09:00:00,solar.bun_tlc#realenergyintotheload#kwh,BUNDOORA,0.0,7.712158,18.74054,18.185305,362.0
2025-09-05 10:00:00,solar.bun_tlc#realenergyintotheload#kwh,BUNDOORA,0.0,14.999499,26.362402,25.58135,534.0
2025-09-05 11:00:00,solar.bun_tlc#realenergyintotheload#kwh,BUNDOORA,0.0,23.0775,32.12534,31.173546,663.0
2025-09-05 12:00:00,solar.bun_tlc#realenergyintotheload#kwh,BUNDOORA,0.0,28.853642,33.20424,32.22048,732.0
2025-09-05 13:00:00,solar.bun_tlc#realenergyintotheload#kwh,BUNDOORA,0.0,29.134312,33.163334,32.180786,737.0
2025-09-05 14:00:00,solar.bun_tlc#realenergyintotheload#kwh,BUNDOORA,0.0,28.906126,31.899364,30.954266,677.0
2025-09-05 15:00:00,solar.bun_tlc#realenergyintotheload#kwh,BUNDOORA,0.0,25.677855,25.968012,25.198645,559.0
2025-09-05 16:00:00,solar.bun_tlc#realenergyintotheload#kwh,BUNDOORA,0.0,16.035278,20.798801,20.182585,392.0
2025-09-05 17:00:00,solar.bun_tlc#realenergyintotheload#kwh,BUNDOORA,0.0,9.727003,10.140693,9.840249,197.0
2025-09-05 18:00:00,solar.bun_tlc#realenergyintotheload#kwh,BUNDOORA,0.0,1.426691,0.6748111,0.6548182,18.0
2025-09-05 19:00:00,solar.bun_tlc#realenergyintotheload#kwh,BUNDOORA,0.0,0.45193365,0.0011262973,0.0010929279,0.0
2025-09-05 20:00:00,solar.bun_tlc#realenergyintotheload#kwh,BUNDOORA,0.0,0.02094291,0.00089289556,0.0008664413,0.0
2025-09-05 21:00:00,solar.bun_tlc#realenergyintotheload#kwh,BUNDOORA,0.0,-0.0072396733,0.0008296767,0.0008050954,0.0
2025-09-05 22:00:00,solar.bun_tlc#realenergyintotheload#kwh,BUNDOORA,0.0,-0.015205691,0.0008296767,0.0008050954,0.0
2025-09-05 23:00:00,solar.bun_tlc#realenergyintotheload#kwh,BUNDOORA,0.0,-0.015696933,0.0008296767,0.0008050954,0.0
2025-09-06 00:00:00,solar.bun_tlc#realenergyintotheload#kwh,BUNDOORA,0.0,-0.029753007,0.0013946895,0.0013533684,0.0
2025-09-06 01:00:00,solar.bun_tlc#realenergyintotheload#kwh,BUNDOORA,0.0,-0.025082974,0.00089289556,0.0008664413,0.0
2025-09-06 02:00:00,solar.bun_tlc#realenergyintotheload#kwh,BUNDOORA,0.0,-0.02470738,0.00089289556,0.0008664413,0.0
2025-09-06 03:00:00,solar.bun_tlc#realenergyintotheload#kwh,BUNDOORA,0.0,-0.02470738,0.00040237568,0.00039045428,0.0
2025-09-06 04:00:00,solar.bun_tlc#realenergyintotheload#kwh,BUNDOORA,0.0,-0.02195189,0.00040237568,0.00039045428,0.0
2025-09-06 05:00:00,solar.bun_tlc#realenergyintotheload#kwh,BUNDOORA,0.0,-0.08642812,0.0015043805,0.0014598095,0.0
2025-09-06 06:00:00,solar.bun_tlc#realenergyintotheload#kwh,BUNDOORA,0.0,0.00453272,0.0009059498,0.0008791088,0.0
2025-09-06 07:00:00,solar.bun_tlc#realenergyintotheload#kwh,BUNDOORA,0.0,0.34017447,0.33587304,0.32592195,11.0
2025-09-06 08:00:00,solar.bun_tlc#realenergyintotheload#kwh,BUNDOORA,0.0,2.1173618,9.915692,9.621915,173.0
2025-09-06 09:00:00,solar.bun_tlc#realenergyintotheload#kwh,BUNDOORA,0.0,9.470104,19.354206,18.780788,364.0
2025-09-06 10:00:00,solar.bun_tlc#realenergyintotheload#kwh,BUNDOORA,0.0,19.693,26.581636,25.794088,528.0
2025-09-06 11:00:00,solar.bun_tlc#realenergyintotheload#kwh,BUNDOORA,0.0,30.545946,32.593166,31.627512,652.0
2025-09-06 12:00:00,solar.bun_tlc#realenergyintotheload#kwh,BUNDOORA,0.0,35.077858,33.077995,32.097977,714.0
2025-09-06 13:00:00,solar.bun_tlc#realenergyintotheload#kwh,BUNDOORA,0.0,35.050117,32.96662,31.989902,713.0
2025-09-06 14:00:00,solar.bun_tlc#realenergyintotheload#kwh,BUNDOORA,0.0,34.33618,32.074894,31.124596,653.0
2025-09-06 15:00:00,solar.bun_tlc#realenergyintotheload#kwh,BUNDOORA,0.0,29.358578,25.821396,25.056372,538.0
2025-09-06 16:00:00,solar.bun_tlc#realenergyintotheload#kwh,BUNDOORA,0.0,20.556824,16.210815,15.73053,326.0
2025-09-06 17:00:00,solar.bun_tlc#realenergyintotheload#kwh,BUNDOORA,0.0,13.405473,6.478615,6.2866697,154.0
2025-09-06 18:00:00,solar.bun_tlc#realenergyintotheload#kwh,BUNDOORA,0.0,3.9358919,0.14138165,0.13719286,6.0
2025-09-06 19:00:00,solar.bun_tlc#realenergyintotheload#kwh,BUNDOORA,0.0,2.7251914,-0.02084549,0.0,0.0
2025-09-06 20:00:00,solar.bun_tlc#realenergyintotheload#kwh,BUNDOORA,0.0,0.3990653,-0.020992886,0.0,0.0
2025-09-06 21:00:00,solar.bun_tlc#realenergyintotheload#kwh,BUNDOORA,0.0,0.24333504,-0.025492106,0.0,0.0
2025-09-06 22:00:00,solar.bun_tlc#realenergyintotheload#kwh,BUNDOORA,0.0,0.24615496,-0.030541405,0.0,0.0
2025-09-06 23:00:00,solar.bun_tlc#realenergyintotheload#kwh,BUNDOORA,0.0,0.24275565,0.0018648866,0.0018096347,0.0
2025-09-07 00:00:00,solar.bun_tlc#realenergyintotheload#kwh,BUNDOORA,0.0,0.52501595,-0.013567556,0.0,0.0
2025-09-07 01:00:00,solar.bun_tlc#realenergyintotheload#kwh,BUNDOORA,0.0,0.009651374,0.0012198424,0.0011837014,0.0
2025-09-07 02:00:00,solar.bun_tlc#realenergyintotheload#kwh,BUNDOORA,0.0,-0.38315392,0.00028387565,0.00027546514,0.0
2025-09-07 03:00:00,solar.bun_tlc#realenergyintotheload#kwh,BUNDOORA,0.0,-0.28938022,0.009281122,0.009006145,0.0
2025-09-07 04:00:00,solar.bun_tlc#realenergyintotheload#kwh,BUNDOORA,0.0,0.017337522,0.01953673,0.018957905,0.0
2025-09-07 05:00:00,solar.bun_tlc#realenergyintotheload#kwh,BUNDOORA,0.0,-0.034981087,0.016287226,0.015804676,0.0
2025-09-07 06:00:00,solar.bun_tlc#realenergyintotheload#kwh,BUNDOORA,0.0,0.92733943,0.016287226,0.015804676,0.0
2025-09-07 07:00:00,solar.bun_tlc#realenergyintotheload#kwh,BUNDOORA,0.125,5.5492344,0.2909912,0.28236985,9.0
2025-09-07 08:00:00,solar.bun_tlc#realenergyintotheload#kwh,BUNDOORA,1.96875,11.4053,3.0839272,2.992558,67.0
2025-09-07 09:00:00,solar.bun_tlc#realenergyintotheload#kwh,BUNDOORA,5.46875,9.24394,8.476946,8.225795,178.0
2025-09-07 10:00:00,solar.bun_tlc#realenergyintotheload#kwh,BUNDOORA,12.28125,10.817261,9.1072,8.837376,198.0
2025-09-07 11:00:00,solar.bun_tlc#realenergyintotheload#kwh,BUNDOORA,7.90625,11.269136,8.124691,7.883977,175.0
2025-09-07 12:00:00,solar.bun_tlc#realenergyintotheload#kwh,BUNDOORA,5.5,14.12674,5.539815,5.3756843,116.0
2025-09-07 13:00:00,solar.bun_tlc#realenergyintotheload#kwh,BUNDOORA,5.40625,7.122578,4.0940905,3.9727929,84.0
2025-09-07 14:00:00,solar.bun_tlc#realenergyintotheload#kwh,BUNDOORA,8.75,11.066612,14.3770895,13.951132,305.0
2025-09-07 15:00:00,solar.bun_tlc#realenergyintotheload#kwh,BUNDOORA,15.84375,13.52004,14.1401415,13.721205,296.0
2025-09-07 16:00:00,solar.bun_tlc#realenergyintotheload#kwh,BUNDOORA,16.53125,17.486776,17.583935,17.062967,356.0
2025-09-07 17:00:00,solar.bun_tlc#realenergyintotheload#kwh,BUNDOORA,7.28125,14.780043,4.471753,4.3392663,112.0
2025-09-07 18:00:00,solar.bun_tlc#realenergyintotheload#kwh,BUNDOORA,1.0625,1.6402605,0.12650798,0.122759864,5.0
2025-09-07 19:00:00,solar.bun_tlc#realenergyintotheload#kwh,BUNDOORA,0.0,1.4792123,-0.0023971908,0.0,0.0
2025-09-07 20:00:00,solar.bun_tlc#realenergyintotheload#kwh,BUNDOORA,0.0,-0.22599147,0.0067474544,0.006547544,0.0
2025-09-07 21:00:00,solar.bun_tlc#realenergyintotheload#kwh,BUNDOORA,0.0,-0.26259533,-0.003424809,0.0,0.0
2025-09-07 22:00:00,solar.bun_tlc#realenergyintotheload#kwh,BUNDOORA,0.0,-0.09395338,0.0025589867,0.0024831702,0.0
2025-09-07 23:00:00,solar.bun_tlc#realenergyintotheload#kwh,BUNDOORA,0.0,0.038994435,0.003144697,0.0030515275,0.0
2025-09-08 00:00:00,solar.bun_tlc#realenergyintotheload#kwh,BUNDOORA,0.0,0.44904017,0.0019101606,0.0018535673,0.0
2025-09-08 01:00:00,solar.bun_tlc#realenergyintotheload#kwh,BUNDOORA,0.0,-0.07791459,0.00049136044,0.00047680264,0.0
2025-09-08 02:00:00,solar.bun_tlc#realenergyintotheload#kwh,BUNDOORA,0.0,-0.20993102,0.00016957207,0.00016454808,0.0
2025-09-08 03:00:00,solar.bun_tlc#realenergyintotheload#kwh,BUNDOORA,0.0,-0.10027037,0.00016957207,0.00016454808,0.0
2025-09-08 04:00:00,solar.bun_tlc#realenergyintotheload#kwh,BUNDOORA,0.0,-0.06691333,0.0014560526,0.0014129134,0.0
2025-09-08 05:00:00,solar.bun_tlc#realenergyintotheload#kwh,BUNDOORA,0.0,-0.25335908,0.0014749594,0.00143126,0.0
2025-09-08 06:00:00,solar.bun_tlc#realenergyintotheload#kwh,BUNDOORA,0.0,0.47533768,0.001344477,0.0013046435,0.0
2025-09-08 07:00:00,solar.bun_tlc#realenergyintotheload#kwh,BUNDOORA,0.1875,1.1759462,0.5414545,0.52541256,16.0
2025-09-08 08:00:00,solar.bun_tlc#realenergyintotheload#kwh,BUNDOORA,5.46875,4.667038,10.063776,9.765612,184.0
2025-09-08 09:00:00,solar.bun_tlc#realenergyintotheload#kwh,BUNDOORA,14.8125,13.877742,18.873993,18.314804,374.0
2025-09-08 10:00:00,solar.bun_tlc#realenergyintotheload#kwh,BUNDOORA,25.78125,18.918371,25.673023,24.912395,539.0
2025-09-08 11:00:00,solar.bun_tlc#realenergyintotheload#kwh,BUNDOORA,33.78125,27.099749,31.502241,30.568909,661.0
2025-09-08 12:00:00,solar.bun_tlc#realenergyintotheload#kwh,BUNDOORA,32.3125,28.073326,28.245415,27.408573,595.0
2025-09-08 13:00:00,solar.bun_tlc#realenergyintotheload#kwh,BUNDOORA,33.1875,27.13392,31.49844,30.56522,703.0
2025-09-08 14:00:00,solar.bun_tlc#realenergyintotheload#kwh,BUNDOORA,32.4375,22.07596,30.861574,29.947224,671.0
2025-09-08 15:00:00,solar.bun_tlc#realenergyintotheload#kwh,BUNDOORA,23.65625,21.878702,22.468637,21.802948,451.0
2025-09-08 16:00:00,solar.bun_tlc#realenergyintotheload#kwh,BUNDOORA,14.25,12.252136,10.118256,9.818477,210.0
2025-09-08 17:00:00,solar.bun_tlc#realenergyintotheload#kwh,BUNDOORA,7.59375,24.983358,8.947677,8.682579,188.0
2025-09-08 18:00:00,solar.bun_tlc#realenergyintotheload#kwh,BUNDOORA,2.28125,11.599551,0.88488364,0.8586668,24.0
2025-09-08 19:00:00,solar.bun_tlc#realenergyintotheload#kwh,BUNDOORA,0.0,3.7341793,0.0033044417,0.0032065394,0.0
2025-09-08 20:00:00,solar.bun_tlc#realenergyintotheload#kwh,BUNDOORA,0.0,0.27963734,0.0038560233,0.003741779,0.0
2025-09-08 21:00:00,solar.bun_tlc#realenergyintotheload#kwh,BUNDOORA,0.0,0.11951786,0.00852037,0.0082679335,0.0
2025-09-08 22:00:00,solar.bun_tlc#realenergyintotheload#kwh,BUNDOORA,0.0,0.45576546,0.00077037344,0.00074754923,0.0
2025-09-08 23:00:00,solar.bun_tlc#realenergyintotheload#kwh,BUNDOORA,0.0,0.35879928,0.0010275447,0.0009971012,0.0
2025-09-09 00:00:00,solar.bun_tlc#realenergyintotheload#kwh,BUNDOORA,0.0,0.033232003,0.0018982688,0.0018420279,0.0
2025-09-09 01:00:00,solar.bun_tlc#realenergyintotheload#kwh,BUNDOORA,0.0,-0.04211303,0.0018982688,0.0018420279,0.0
2025-09-09 02:00:00,solar.bun_tlc#realenergyintotheload#kwh,BUNDOORA,0.0,0.013137335,3.5225275e-05,3.4181638e-05,0.0
2025-09-09 03:00:00,solar.bun_tlc#realenergyintotheload#kwh,BUNDOORA,0.0,0.009240765,0.00089289556,0.0008664413,0.0
2025-09-09 04:00:00,solar.bun_tlc#realenergyintotheload#kwh,BUNDOORA,0.0,0.00366415,0.0008296767,0.0008050954,0.0
2025-09-09 05:00:00,solar.bun_tlc#realenergyintotheload#kwh,BUNDOORA,0.0,0.02283097,0.001525375,0.0014801819,0.0
2025-09-09 06:00:00,solar.bun_tlc#realenergyintotheload#kwh,BUNDOORA,0.0,0.18551767,0.001525375,0.0014801819,0.0
2025-09-09 07:00:00,solar.bun_tlc#realenergyintotheload#kwh,BUNDOORA,0.25,0.53784984,0.41814694,0.4057583,13.0
2025-09-09 08:00:00,solar.bun_tlc#realenergyintotheload#kwh,BUNDOORA,3.0,1.155426,5.04185,4.8924727,109.0
2025-09-09 09:00:00,solar.bun_tlc#realenergyintotheload#kwh,BUNDOORA,8.65625,2.8855076,13.22322,12.831449,260.0
2025-09-09 10:00:00,solar.bun_tlc#realenergyintotheload#kwh,BUNDOORA,10.53125,12.442082,10.275683,9.971241,211.0
2025-09-09 11:00:00,solar.bun_tlc#realenergyintotheload#kwh,BUNDOORA,10.03125,14.786599,14.713532,14.277607,305.0
2025-09-09 12:00:00,solar.bun_tlc#realenergyintotheload#kwh,BUNDOORA,22.0625,16.892809,23.838737,23.132456,483.0
2025-09-09 13:00:00,solar.bun_tlc#realenergyintotheload#kwh,BUNDOORA,29.25,16.839376,21.701674,21.058706,447.0
2025-09-09 14:00:00,solar.bun_tlc#realenergyintotheload#kwh,BUNDOORA,19.40625,19.030708,22.609287,21.93943,462.0
2025-09-09 15:00:00,solar.bun_tlc#realenergyintotheload#kwh,BUNDOORA,25.09375,17.48593,26.157644,25.382658,519.0
2025-09-09 16:00:00,solar.bun_tlc#realenergyintotheload#kwh,BUNDOORA,12.625,10.279516,10.512522,10.201062,212.0
2025-09-09 17:00:00,solar.bun_tlc#realenergyintotheload#kwh,BUNDOORA,5.46875,7.369391,6.7900167,6.5888453,156.0
2025-09-09 18:00:00,solar.bun_tlc#realenergyintotheload#kwh,BUNDOORA,0.9375,1.7534527,0.67278457,0.65285164,18.0
2025-09-09 19:00:00,solar.bun_tlc#realenergyintotheload#kwh,BUNDOORA,0.0,0.86749387,0.00033184592,0.00032201415,0.0
2025-09-09 20:00:00,solar.bun_tlc#realenergyintotheload#kwh,BUNDOORA,0.0,0.00018584868,0.00089289556,0.0008664413,0.0
2025-09-09 21:00:00,solar.bun_tlc#realenergyintotheload#kwh,BUNDOORA,0.0,-0.00618714,0.0008296767,0.0008050954,0.0
2025-09-09 22:00:00,solar.bun_tlc#realenergyintotheload#kwh,BUNDOORA,0.0,-0.010400445,0.00089289556,0.0008664413,0.0
2025-09-09 23:00:00,solar.bun_tlc#realenergyintotheload#kwh,BUNDOORA,0.0,-0.015647968,0.0008296767,0.0008050954,0.0
2025-09-10 00:00:00,solar.bun_tlc#realenergyintotheload#kwh,BUNDOORA,0.0,-0.0065000593,0.00089289556,0.0008664413,0.0
2025-09-10 01:00:00,solar.bun_tlc#realenergyintotheload#kwh,BUNDOORA,0.0,-0.00648947,0.00089289556,0.0008664413,0.0
2025-09-10 02:00:00,solar.bun_tlc#realenergyintotheload#kwh,BUNDOORA,0.0,0.018846573,0.0011964994,0.0011610502,0.0
2025-09-10 03:00:00,solar.bun_tlc#realenergyintotheload#kwh,BUNDOORA,0.0,-0.011159504,0.0008296767,0.0008050954,0.0
2025-09-10 04:00:00,solar.bun_tlc#realenergyintotheload#kwh,BUNDOORA,0.0,0.018846573,0.00063148636,0.000612777,0.0
2025-09-10 05:00:00,solar.bun_tlc#realenergyintotheload#kwh,BUNDOORA,0.0,-0.014725249,0.0008296767,0.0008050954,0.0
2025-09-10 06:00:00,solar.bun_tlc#realenergyintotheload#kwh,BUNDOORA,0.0,0.09567369,0.00072438235,0.0007029207,0.0
2025-09-10 07:00:00,solar.bun_tlc#realenergyintotheload#kwh,BUNDOORA,0.0,0.08585026,0.29249558,0.28382966,9.0
2025-09-10 08:00:00,solar.bun_tlc#realenergyintotheload#kwh,BUNDOORA,0.0,0.28136227,4.4306746,4.2994046,98.0
2025-09-10 09:00:00,solar.bun_tlc#realenergyintotheload#kwh,BUNDOORA,0.0,3.0704668,14.401592,13.974909,274.0
2025-09-10 10:00:00,solar.bun_tlc#realenergyintotheload#kwh,BUNDOORA,0.0,13.93755,11.182183,10.8508835,230.0
2025-09-10 11:00:00,solar.bun_tlc#realenergyintotheload#kwh,BUNDOORA,0.0,13.440871,12.54509,12.17341,271.0
2025-09-10 12:00:00,solar.bun_tlc#realenergyintotheload#kwh,BUNDOORA,0.0,14.814367,17.851768,17.322865,369.0
2025-09-10 13:00:00,solar.bun_tlc#realenergyintotheload#kwh,BUNDOORA,0.0,13.779707,12.423491,12.055413,259.0
2025-09-10 14:00:00,solar.bun_tlc#realenergyintotheload#kwh,BUNDOORA,0.0,15.025399,9.032998,8.765373,191.0
2025-09-10 15:00:00,solar.bun_tlc#realenergyintotheload#kwh,BUNDOORA,0.0,15.214335,8.858772,8.596309,185.0
2025-09-10 16:00:00,solar.bun_tlc#realenergyintotheload#kwh,BUNDOORA,0.0,13.563735,6.819725,6.6176734,145.0
2025-09-10 17:00:00,solar.bun_tlc#realenergyintotheload#kwh,BUNDOORA,0.0,6.4875345,4.01091,3.8920767,83.0
2025-09-10 18:00:00,solar.bun_tlc#realenergyintotheload#kwh,BUNDOORA,0.0,1.63484,0.16694047,0.16199444,6.0
2025-09-10 19:00:00,solar.bun_tlc#realenergyintotheload#kwh,BUNDOORA,0.0,1.0062759,-0.005062979,0.0,0.0
2025-09-10 20:00:00,solar.bun_tlc#realenergyintotheload#kwh,BUNDOORA,0.0,0.14034432,0.00081824145,0.000793999,0.0
2025-09-10 21:00:00,solar.bun_tlc#realenergyintotheload#kwh,BUNDOORA,0.0,0.11904944,0.0004476883,0.0004344244,0.0
2025-09-10 22:00:00,solar.bun_tlc#realenergyintotheload#kwh,BUNDOORA,0.0,0.16327891,0.00086186785,0.00083633285,0.0
2025-09-10 23:00:00,solar.bun_tlc#realenergyintotheload#kwh,BUNDOORA,0.0,0.04242524,0.0004476883,0.0004344244,0.0
2025-09-11 00:00:00,solar.bun_tlc#realenergyintotheload#kwh,BUNDOORA,0.0,-0.0020474258,4.7989954e-05,4.656813e-05,0.0
2025-09-11 01:00:00,solar.bun_tlc#realenergyintotheload#kwh,BUNDOORA,0.0,-0.006859617,4.7989954e-05,4.656813e-05,0.0
2025-09-11 02:00:00,solar.bun_tlc#realenergyintotheload#kwh,BUNDOORA,0.0,-0.016904004,-2.7993621e-05,0.0,0.0
2025-09-11 03:00:00,solar.bun_tlc#realenergyintotheload#kwh,BUNDOORA,0.0,-0.016904004,0.0006677051,0.0006479226,0.0
2025-09-11 04:00:00,solar.bun_tlc#realenergyintotheload#kwh,BUNDOORA,0.0,-0.019749174,0.0006677051,0.0006479226,0.0
2025-09-11 05:00:00,solar.bun_tlc#realenergyintotheload#kwh,BUNDOORA,0.0,-0.08933072,0.00073092396,0.0007092685,0.0
2025-09-11 06:00:00,solar.bun_tlc#realenergyintotheload#kwh,BUNDOORA,0.0,0.5061582,0.0010382137,0.001007454,0.0
2025-09-11 07:00:00,solar.bun_tlc#realenergyintotheload#kwh,BUNDOORA,0.3125,0.504647,0.6675308,0.6477535,18.0
2025-09-11 08:00:00,solar.bun_tlc#realenergyintotheload#kwh,BUNDOORA,4.6875,0.38256773,7.361456,7.1433544,163.0
2025-09-11 09:00:00,solar.bun_tlc#realenergyintotheload#kwh,BUNDOORA,13.6875,4.0053844,14.366257,13.94062,277.0
2025-09-11 10:00:00,solar.bun_tlc#realenergyintotheload#kwh,BUNDOORA,13.71875,8.686763,14.878763,14.4379425,303.0
2025-09-11 11:00:00,solar.bun_tlc#realenergyintotheload#kwh,BUNDOORA,16.71875,11.980477,18.788994,18.232323,394.0
2025-09-11 12:00:00,solar.bun_tlc#realenergyintotheload#kwh,BUNDOORA,20.46875,14.056921,18.887236,18.327654,392.0
2025-09-11 13:00:00,solar.bun_tlc#realenergyintotheload#kwh,BUNDOORA,23.59375,17.996714,22.106396,21.451439,453.0
2025-09-11 14:00:00,solar.bun_tlc#realenergyintotheload#kwh,BUNDOORA,24.875,16.855396,30.95101,30.034008,631.0
2025-09-11 15:00:00,solar.bun_tlc#realenergyintotheload#kwh,BUNDOORA,30.09375,8.311007,28.325853,27.48663,568.0
2025-09-11 16:00:00,solar.bun_tlc#realenergyintotheload#kwh,BUNDOORA,16.40625,11.204577,14.380664,13.9546,281.0
2025-09-11 17:00:00,solar.bun_tlc#realenergyintotheload#kwh,BUNDOORA,3.8125,5.6548834,4.360626,4.231432,95.0
2025-09-11 18:00:00,solar.bun_tlc#realenergyintotheload#kwh,BUNDOORA,1.25,1.3093077,0.6663747,0.64663166,17.0
2025-09-11 19:00:00,solar.bun_tlc#realenergyintotheload#kwh,BUNDOORA,0.0,0.20554514,0.0013293547,0.0012899692,0.0
2025-09-11 20:00:00,solar.bun_tlc#realenergyintotheload#kwh,BUNDOORA,0.0,-0.023436487,0.001525375,0.0014801819,0.0
2025-09-11 21:00:00,solar.bun_tlc#realenergyintotheload#kwh,BUNDOORA,0.0,-0.01424801,0.001525375,0.0014801819,0.0
2025-09-11 22:00:00,solar.bun_tlc#realenergyintotheload#kwh,BUNDOORA,0.0,0.005945395,0.0015885938,0.0015415278,0.0
2025-09-11 23:00:00,solar.bun_tlc#realenergyintotheload#kwh,BUNDOORA,0.0,0.0017581573,0.0015885938,0.0015415278,0.0
2025-09-12 00:00:00,solar.bun_tlc#realenergyintotheload#kwh,BUNDOORA,0.0,0.006952855,3.5225275e-05,3.4181638e-05,0.0
2025-09-12 01:00:00,solar.bun_tlc#realenergyintotheload#kwh,BUNDOORA,0.0,0.004410303,3.5225275e-05,3.4181638e-05,0.0
2025-09-12 02:00:00,solar.bun_tlc#realenergyintotheload#kwh,BUNDOORA,0.0,-0.005700114,3.5225275e-05,3.4181638e-05,0.0
2025-09-12 03:00:00,solar.bun_tlc#realenergyintotheload#kwh,BUNDOORA,0.0,-0.005700114,3.5225275e-05,3.4181638e-05,0.0
2025-09-12 04:00:00,solar.bun_tlc#realenergyintotheload#kwh,BUNDOORA,0.0,-0.0765858,0.0009059498,0.0008791088,0.0
2025-09-12 05:00:00,solar.bun_tlc#realenergyintotheload#kwh,BUNDOORA,0.0,-0.0765858,0.0009059498,0.0008791088,0.0
2025-09-12 06:00:00,solar.bun_tlc#realenergyintotheload#kwh,BUNDOORA,0.0,0.07013372,0.00063365593,0.0006148823,0.0
2025-09-12 07:00:00,solar.bun_tlc#realenergyintotheload#kwh,BUNDOORA,0.21875,0.26666597,0.8978493,0.8712483,23.0
2025-09-12 08:00:00,solar.bun_tlc#realenergyintotheload#kwh,BUNDOORA,4.3125,0.43639764,6.9821296,6.7752666,150.0
2025-09-12 09:00:00,solar.bun_tlc#realenergyintotheload#kwh,BUNDOORA,10.0,4.9721246,14.155331,13.735944,274.0
2025-09-12 10:00:00,solar.bun_tlc#realenergyintotheload#kwh,BUNDOORA,15.3125,16.829557,26.381313,25.5997,502.0
2025-09-12 11:00:00,solar.bun_tlc#realenergyintotheload#kwh,BUNDOORA,0.0,16.187529,17.721954,17.196898,360.0
2025-09-12 12:00:00,solar.bun_tlc#realenergyintotheload#kwh,BUNDOORA,0.0,16.405865,19.758427,19.173035,408.0
2025-09-12 13:00:00,solar.bun_tlc#realenergyintotheload#kwh,BUNDOORA,0.0,20.448166,26.319132,25.539362,554.0
2025-09-12 14:00:00,solar.bun_tlc#realenergyintotheload#kwh,BUNDOORA,0.0,10.650951,7.564371,7.3402576,161.0
2025-09-12 15:00:00,solar.bun_tlc#realenergyintotheload#kwh,BUNDOORA,0.0,12.33309,8.045661,7.807288,168.0
2025-09-12 16:00:00,solar.bun_tlc#realenergyintotheload#kwh,BUNDOORA,0.0,9.478596,10.642154,10.326854,214.0
2025-09-12 17:00:00,solar.bun_tlc#realenergyintotheload#kwh,BUNDOORA,0.0,8.96559,6.276647,6.090686,143.0
2025-09-12 18:00:00,solar.bun_tlc#realenergyintotheload#kwh,BUNDOORA,0.0,2.6186323,0.69092625,0.6704558,20.0
2025-09-12 19:00:00,solar.bun_tlc#realenergyintotheload#kwh,BUNDOORA,0.0,0.7081752,0.0012682043,0.0012306306,0.0
2025-09-12 20:00:00,solar.bun_tlc#realenergyintotheload#kwh,BUNDOORA,0.0,-0.09036441,0.0013314232,0.0012919764,0.0
2025-09-12 21:00:00,solar.bun_tlc#realenergyintotheload#kwh,BUNDOORA,0.0,-0.10281866,0.0010089646,0.0009790715,0.0
2025-09-12 22:00:00,solar.bun_tlc#realenergyintotheload#kwh,BUNDOORA,0.0,-0.07871472,0.0010089646,0.0009790715,0.0
2025-09-12 23:00:00,solar.bun_tlc#realenergyintotheload#kwh,BUNDOORA,0.0,0.013310535,0.0010089646,0.0009790715,0.0
2025-09-13 00:00:00,solar.bun_tlc#realenergyintotheload#kwh,BUNDOORA,0.0,0.00848883,0.0013314232,0.0012919764,0.0
2025-09-13 01:00:00,solar.bun_tlc#realenergyintotheload#kwh,BUNDOORA,0.0,0.00848883,0.0013314232,0.0012919764,0.0
2025-09-13 02:00:00,solar.bun_tlc#realenergyintotheload#kwh,BUNDOORA,0.0,0.00043831224,0.0013314232,0.0012919764,0.0
2025-09-13 03:00:00,solar.bun_tlc#realenergyintotheload#kwh,BUNDOORA,0.0,-0.020505672,0.0013314232,0.0012919764,0.0
2025-09-13 04:00:00,solar.bun_tlc#realenergyintotheload#kwh,BUNDOORA,0.0,-0.025175707,0.0012682043,0.0012306306,0.0
2025-09-13 05:00:00,solar.bun_tlc#realenergyintotheload#kwh,BUNDOORA,0.0,-0.01981898,0.0013314232,0.0012919764,0.0
2025-09-13 06:00:00,solar.bun_tlc#realenergyintotheload#kwh,BUNDOORA,0.0,0.13211952,0.0013314232,0.0012919764,0.0
2025-09-13 07:00:00,solar.bun_tlc#realenergyintotheload#kwh,BUNDOORA,0.0,0.24869685,0.81994736,0.79565436,21.0
2025-09-13 08:00:00,solar.bun_tlc#realenergyintotheload#kwh,BUNDOORA,0.0,0.48155543,7.041417,6.8327975,150.0
2025-09-13 09:00:00,solar.bun_tlc#realenergyintotheload#kwh,BUNDOORA,0.0,2.7986658,12.922433,12.539574,260.0
2025-09-13 10:00:00,solar.bun_tlc#realenergyintotheload#kwh,BUNDOORA,0.0,12.713356,27.57824,26.761166,530.0
2025-09-13 11:00:00,solar.bun_tlc#realenergyintotheload#kwh,BUNDOORA,0.0,16.119972,17.861004,17.331827,369.0
2025-09-13 12:00:00,solar.bun_tlc#realenergyintotheload#kwh,BUNDOORA,0.0,13.7236595,12.643272,12.268683,259.0
2025-09-13 13:00:00,solar.bun_tlc#realenergyintotheload#kwh,BUNDOORA,0.0,20.511385,21.413462,20.779034,440.0
2025-09-13 14:00:00,solar.bun_tlc#realenergyintotheload#kwh,BUNDOORA,0.0,21.48798,24.447515,23.723196,509.0
2025-09-13 15:00:00,solar.bun_tlc#realenergyintotheload#kwh,BUNDOORA,0.0,12.083103,8.164742,7.9228415,174.0
2025-09-13 16:00:00,solar.bun_tlc#realenergyintotheload#kwh,BUNDOORA,0.0,5.969278,4.061263,3.940938,83.0
2025-09-13 17:00:00,solar.bun_tlc#realenergyintotheload#kwh,BUNDOORA,0.0,8.430495,4.1568217,4.0336657,86.0
2025-09-13 18:00:00,solar.bun_tlc#realenergyintotheload#kwh,BUNDOORA,0.0,4.6563244,0.5078,0.49275514,14.0
2025-09-13 19:00:00,solar.bun_tlc#realenergyintotheload#kwh,BUNDOORA,0.0,1.6187371,0.0008037161,0.00077990396,0.0
2025-09-13 20:00:00,solar.bun_tlc#realenergyintotheload#kwh,BUNDOORA,0.0,0.07975979,0.0012682043,0.0012306306,0.0
2025-09-13 21:00:00,solar.bun_tlc#realenergyintotheload#kwh,BUNDOORA,0.0,-0.009291228,0.0012682043,0.0012306306,0.0
2025-09-13 22:00:00,solar.bun_tlc#realenergyintotheload#kwh,BUNDOORA,0.0,-0.025175707,0.0012682043,0.0012306306,0.0
2025-09-13 23:00:00,solar.bun_tlc#realenergyintotheload#kwh,BUNDOORA,0.0,0.004401072,0.0004737526,0.00045971648,0.0
2025-09-14 00:00:00,solar.bun_tlc#realenergyintotheload#kwh,BUNDOORA,0.0,-0.015633944,0.0004737526,0.00045971648,0.0
2025-09-14 01:00:00,solar.bun_tlc#realenergyintotheload#kwh,BUNDOORA,0.0,-0.01290744,0.00073092396,0.0007092685,0.0
2025-09-14 02:00:00,solar.bun_tlc#realenergyintotheload#kwh,BUNDOORA,0.0,-0.013147634,0.00073092396,0.0007092685,0.0
2025-09-14 03:00:00,solar.bun_tlc#realenergyintotheload#kwh,BUNDOORA,0.0,-0.08114894,0.0016016482,0.0015541953,0.0
2025-09-14 04:00:00,solar.bun_tlc#realenergyintotheload#kwh,BUNDOORA,0.0,0.06131517,0.00073092396,0.0007092685,0.0
2025-09-14 05:00:00,solar.bun_tlc#realenergyintotheload#kwh,BUNDOORA,0.0,0.04524333,0.00073092396,0.0007092685,0.0
2025-09-14 06:00:00,solar.bun_tlc#realenergyintotheload#kwh,BUNDOORA,0.0,0.5532879,0.0016016482,0.0015541953,0.0
2025-09-14 07:00:00,solar.bun_tlc#realenergyintotheload#kwh,BUNDOORA,0.0,1.3895503,1.3122939,1.2734139,32.0
2025-09-14 08:00:00,solar.bun_tlc#realenergyintotheload#kwh,BUNDOORA,0.0,0.9460722,11.190472,10.858926,214.0
2025-09-14 09:00:00,solar.bun_tlc#realenergyintotheload#kwh,BUNDOORA,0.0,13.706996,22.077133,21.423042,409.0
2025-09-14 10:00:00,solar.bun_tlc#realenergyintotheload#kwh,BUNDOORA,0.0,18.516607,27.984509,27.155397,581.0
2025-09-14 11:00:00,solar.bun_tlc#realenergyintotheload#kwh,BUNDOORA,0.0,31.063559,32.45474,31.493185,703.0
2025-09-14 12:00:00,solar.bun_tlc#realenergyintotheload#kwh,BUNDOORA,0.0,33.794132,35.135494,34.094517,744.0
2025-09-14 13:00:00,solar.bun_tlc#realenergyintotheload#kwh,BUNDOORA,0.0,35.535507,35.39495,34.346287,761.0
2025-09-14 14:00:00,solar.bun_tlc#realenergyintotheload#kwh,BUNDOORA,0.0,33.137516,32.441372,31.480215,702.0
2025-09-14 15:00:00,solar.bun_tlc#realenergyintotheload#kwh,BUNDOORA,0.0,27.716997,26.416517,25.633862,553.0
2025-09-14 16:00:00,solar.bun_tlc#realenergyintotheload#kwh,BUNDOORA,0.0,24.668625,20.079689,19.484777,412.0
2025-09-14 17:00:00,solar.bun_tlc#realenergyintotheload#kwh,BUNDOORA,0.0,13.233731,10.614344,10.299868,223.0
2025-09-14 18:00:00,solar.bun_tlc#realenergyintotheload#kwh,BUNDOORA,0.0,8.413553,1.5085415,1.4638472,37.0
2025-09-14 19:00:00,solar.bun_tlc#realenergyintotheload#kwh,BUNDOORA,0.0,4.894552,-0.020150853,0.0,0.0
2025-09-14 20:00:00,solar.bun_tlc#realenergyintotheload#kwh,BUNDOORA,0.0,1.104659,-0.021074194,0.0,0.0
2025-09-14 21:00:00,solar.bun_tlc#realenergyintotheload#kwh,BUNDOORA,0.0,0.24458472,-0.004461851,0.0,0.0
2025-09-14 22:00:00,solar.bun_tlc#realenergyintotheload#kwh,BUNDOORA,0.0,0.110239595,-0.016030123,0.0,0.0
2025-09-14 23:00:00,solar.bun_tlc#realenergyintotheload#kwh,BUNDOORA,0.0,0.346908,-0.001490685,0.0,0.0
2025-09-15 00:00:00,solar.bun_tlc#realenergyintotheload#kwh,BUNDOORA,0.0,-0.23471622,0.0067473906,0.006547482,0.0
2025-09-15 01:00:00,solar.bun_tlc#realenergyintotheload#kwh,BUNDOORA,0.0,0.34379664,0.014995256,0.014550985,0.0
2025-09-15 02:00:00,solar.bun_tlc#realenergyintotheload#kwh,BUNDOORA,0.0,0.08744651,0.015051623,0.0146056805,0.0
2025-09-15 03:00:00,solar.bun_tlc#realenergyintotheload#kwh,BUNDOORA,0.0,0.43349496,0.0073284884,0.0071113636,0.0
2025-09-15 04:00:00,solar.bun_tlc#realenergyintotheload#kwh,BUNDOORA,0.0,0.19751213,0.007384855,0.00716606,0.0
2025-09-15 05:00:00,solar.bun_tlc#realenergyintotheload#kwh,BUNDOORA,0.0,-0.15492205,0.0073284884,0.0071113636,0.0
2025-09-15 06:00:00,solar.bun_tlc#realenergyintotheload#kwh,BUNDOORA,0.0,-0.7655249,0.0073284884,0.0071113636,0.0
2025-09-15 07:00:00,solar.bun_tlc#realenergyintotheload#kwh,BUNDOORA,0.0,0.51939744,1.2059767,1.1702466,29.0
2025-09-15 08:00:00,solar.bun_tlc#realenergyintotheload#kwh,BUNDOORA,0.0,10.559587,10.371934,10.064639,207.0
2025-09-15 09:00:00,solar.bun_tlc#realenergyintotheload#kwh,BUNDOORA,0.0,15.609343,15.5938015,15.131796,295.0
2025-09-15 10:00:00,solar.bun_tlc#realenergyintotheload#kwh,BUNDOORA,0.0,20.682377,26.08309,25.310312,528.0
2025-09-15 11:00:00,solar.bun_tlc#realenergyintotheload#kwh,BUNDOORA,0.0,31.37168,32.913277,31.938139,693.0
2025-09-15 12:00:00,solar.bun_tlc#realenergyintotheload#kwh,BUNDOORA,0.0,34.628635,36.767662,35.67833,771.0
2025-09-15 13:00:00,solar.bun_tlc#realenergyintotheload#kwh,BUNDOORA,0.0,21.709543,25.104027,24.360258,524.0
2025-09-15 14:00:00,solar.bun_tlc#realenergyintotheload#kwh,BUNDOORA,0.0,33.254673,33.303383,32.31669,709.0
2025-09-15 15:00:00,solar.bun_tlc#realenergyintotheload#kwh,BUNDOORA,0.0,25.592596,28.873135,28.017696,588.0
2025-09-15 16:00:00,solar.bun_tlc#realenergyintotheload#kwh,BUNDOORA,0.0,17.495665,20.359234,19.75604,419.0
2025-09-15 17:00:00,solar.bun_tlc#realenergyintotheload#kwh,BUNDOORA,0.0,8.395482,10.772049,10.4529,227.0
2025-09-15 18:00:00,solar.bun_tlc#realenergyintotheload#kwh,BUNDOORA,0.0,0.72599196,1.5182085,1.4732277,36.0
2025-09-15 19:00:00,solar.bun_tlc#realenergyintotheload#kwh,BUNDOORA,0.0,-0.40758267,0.013205647,0.012814396,0.0
2025-09-15 20:00:00,solar.bun_tlc#realenergyintotheload#kwh,BUNDOORA,0.0,-0.90434426,0.008843367,0.00858136,0.0
2025-09-15 21:00:00,solar.bun_tlc#realenergyintotheload#kwh,BUNDOORA,0.0,-0.30688548,0.017425204,0.016908938,0.0
2025-09-15 22:00:00,solar.bun_tlc#realenergyintotheload#kwh,BUNDOORA,0.0,-0.29314756,0.017425204,0.016908938,0.0
2025-09-15 23:00:00,solar.bun_tlc#realenergyintotheload#kwh,BUNDOORA,0.0,-0.3887531,0.0048074964,0.0046650623,0.0
2025-09-16 00:00:00,solar.bun_tlc#realenergyintotheload#kwh,BUNDOORA,0.0,-0.3685602,-0.033455852,0.0,0.0
2025-09-16 01:00:00,solar.bun_tlc#realenergyintotheload#kwh,BUNDOORA,0.0,-0.41795573,-0.0025134692,0.0,0.0
2025-09-16 02:00:00,solar.bun_tlc#realenergyintotheload#kwh,BUNDOORA,0.0,-0.22134244,0.001596,0.0015487146,0.0
2025-09-16 03:00:00,solar.bun_tlc#realenergyintotheload#kwh,BUNDOORA,0.0,0.044433903,0.022898935,0.022220496,0.0
2025-09-16 04:00:00,solar.bun_tlc#realenergyintotheload#kwh,BUNDOORA,0.0,-0.39963323,-0.00032007686,0.0,0.0
2025-09-16 05:00:00,solar.bun_tlc#realenergyintotheload#kwh,BUNDOORA,0.0,0.36926046,0.0031176019,0.0030252351,0.0
2025-09-16 06:00:00,solar.bun_tlc#realenergyintotheload#kwh,BUNDOORA,0.0,2.6601243,0.0019623106,0.0019041722,0.0
2025-09-16 07:00:00,solar.bun_tlc#realenergyintotheload#kwh,BUNDOORA,0.0,6.1703005,0.41840857,0.40601218,12.0
2025-09-16 08:00:00,solar.bun_tlc#realenergyintotheload#kwh,BUNDOORA,0.0,5.5921073,2.9315448,2.8446903,63.0
2025-09-16 09:00:00,solar.bun_tlc#realenergyintotheload#kwh,BUNDOORA,0.0,9.5478525,5.6472588,5.4799447,122.0
2025-09-16 10:00:00,solar.bun_tlc#realenergyintotheload#kwh,BUNDOORA,0.0,7.3484206,2.6557643,2.5770807,59.0
2025-09-16 11:00:00,solar.bun_tlc#realenergyintotheload#kwh,BUNDOORA,0.0,11.061903,5.8423038,5.669211,127.0
2025-09-16 12:00:00,solar.bun_tlc#realenergyintotheload#kwh,BUNDOORA,0.0,12.157847,10.122596,9.822688,212.0
2025-09-16 13:00:00,solar.bun_tlc#realenergyintotheload#kwh,BUNDOORA,0.0,14.633843,12.981249,12.596647,270.0
2025-09-16 14:00:00,solar.bun_tlc#realenergyintotheload#kwh,BUNDOORA,0.0,15.519028,10.121371,9.821501,215.0
2025-09-16 15:00:00,solar.bun_tlc#realenergyintotheload#kwh,BUNDOORA,0.0,11.740159,7.6202984,7.394528,163.0
2025-09-16 16:00:00,solar.bun_tlc#realenergyintotheload#kwh,BUNDOORA,0.0,8.458567,11.361123,11.024522,226.0
2025-09-16 17:00:00,solar.bun_tlc#realenergyintotheload#kwh,BUNDOORA,0.0,9.2191305,4.533822,4.399496,108.0
2025-09-16 18:00:00,solar.bun_tlc#realenergyintotheload#kwh,BUNDOORA,0.0,3.4747877,0.64732754,0.62814885,18.0
2025-09-16 19:00:00,solar.bun_tlc#realenergyintotheload#kwh,BUNDOORA,0.0,1.0950729,0.00078313827,0.0007599358,0.0
2025-09-16 20:00:00,solar.bun_tlc#realenergyintotheload#kwh,BUNDOORA,0.0,0.044864822,0.00088621565,0.0008599593,0.0
2025-09-16 21:00:00,solar.bun_tlc#realenergyintotheload#kwh,BUNDOORA,0.0,-0.050427053,0.0010382137,0.001007454,0.0
2025-09-16 22:00:00,solar.bun_tlc#realenergyintotheload#kwh,BUNDOORA,0.0,0.13297996,0.0019089378,0.0018523808,0.0
2025-09-16 23:00:00,solar.bun_tlc#realenergyintotheload#kwh,BUNDOORA,0.0,-0.07011194,0.0010382137,0.001007454,0.0
2025-09-17 00:00:00,solar.bun_tlc#realenergyintotheload#kwh,BUNDOORA,0.0,-0.027366528,-0.0025161733,0.0,0.0
2025-09-17 01:00:00,solar.bun_tlc#realenergyintotheload#kwh,BUNDOORA,0.0,0.010252958,0.0042339666,0.004108525,0.0
2025-09-17 02:00:00,solar.bun_tlc#realenergyintotheload#kwh,BUNDOORA,0.0,-0.015664615,-0.0019557835,0.0,0.0
2025-09-17 03:00:00,solar.bun_tlc#realenergyintotheload#kwh,BUNDOORA,0.0,0.0028490573,0.0014564494,0.0014132984,0.0
2025-09-17 04:00:00,solar.bun_tlc#realenergyintotheload#kwh,BUNDOORA,0.0,0.12667878,-0.0016591628,0.0,0.0
2025-09-17 05:00:00,solar.bun_tlc#realenergyintotheload#kwh,BUNDOORA,0.0,0.20983413,0.0014564494,0.0014132984,0.0
2025-09-17 06:00:00,solar.bun_tlc#realenergyintotheload#kwh,BUNDOORA,0.0,1.1423582,-0.002368855,0.0,0.0
2025-09-17 07:00:00,solar.bun_tlc#realenergyintotheload#kwh,BUNDOORA,0.0,3.5456672,2.0067863,1.9473302,45.0
2025-09-17 08:00:00,solar.bun_tlc#realenergyintotheload#kwh,BUNDOORA,0.0,6.314176,11.690692,11.344326,234.0
2025-09-17 09:00:00,solar.bun_tlc#realenergyintotheload#kwh,BUNDOORA,0.0,12.688975,19.264256,18.693504,370.0
2025-09-17 10:00:00,solar.bun_tlc#realenergyintotheload#kwh,BUNDOORA,0.0,17.447378,12.904795,12.522458,264.0
2025-09-17 11:00:00,solar.bun_tlc#realenergyintotheload#kwh,BUNDOORA,0.0,25.264719,23.018688,22.336702,463.0
2025-09-17 12:00:00,solar.bun_tlc#realenergyintotheload#kwh,BUNDOORA,0.0,26.474552,26.506674,25.721348,564.0
2025-09-17 13:00:00,solar.bun_tlc#realenergyintotheload#kwh,BUNDOORA,0.0,22.844881,22.995762,22.314455,475.0
2025-09-17 14:00:00,solar.bun_tlc#realenergyintotheload#kwh,BUNDOORA,0.0,24.906445,29.300467,28.432367,625.0
2025-09-17 15:00:00,solar.bun_tlc#realenergyintotheload#kwh,BUNDOORA,0.0,14.29652,10.914205,10.590844,249.0
2025-09-17 16:00:00,solar.bun_tlc#realenergyintotheload#kwh,BUNDOORA,0.0,14.683365,18.272093,17.730736,350.0
2025-09-17 17:00:00,solar.bun_tlc#realenergyintotheload#kwh,BUNDOORA,0.0,6.7367945,7.4144664,7.194794,148.0
2025-09-17 18:00:00,solar.bun_tlc#realenergyintotheload#kwh,BUNDOORA,0.0,1.634626,1.1988353,1.1633167,30.0
2025-09-17 19:00:00,solar.bun_tlc#realenergyintotheload#kwh,BUNDOORA,0.0,0.36388254,0.0030147822,0.0029254619,0.0
2025-09-17 20:00:00,solar.bun_tlc#realenergyintotheload#kwh,BUNDOORA,0.0,0.038900886,0.0066813924,0.0064834394,0.0
2025-09-17 21:00:00,solar.bun_tlc#realenergyintotheload#kwh,BUNDOORA,0.0,0.04096733,0.0066813924,0.0064834394,0.0
2025-09-17 22:00:00,solar.bun_tlc#realenergyintotheload#kwh,BUNDOORA,0.0,0.0020380472,0.00089289556,0.0008664413,0.0
2025-09-17 23:00:00,solar.bun_tlc#realenergyintotheload#kwh,BUNDOORA,0.0,-0.0006510127,0.00089289556,0.0008664413,0.0
2025-09-18 00:00:00,solar.bun_tlc#realenergyintotheload#kwh,BUNDOORA,0.0,-0.010289873,0.00040237568,0.00039045428,0.0
2025-09-18 01:00:00,solar.bun_tlc#realenergyintotheload#kwh,BUNDOORA,0.0,-0.0064336234,0.00089289556,0.0008664413,0.0
2025-09-18 02:00:00,solar.bun_tlc#realenergyintotheload#kwh,BUNDOORA,0.0,-0.0037445687,0.00089289556,0.0008664413,0.0
2025-09-18 03:00:00,solar.bun_tlc#realenergyintotheload#kwh,BUNDOORA,0.0,-0.0720761,0.0015043805,0.0014598095,0.0
2025-09-18 04:00:00,solar.bun_tlc#realenergyintotheload#kwh,BUNDOORA,0.0,-0.093903534,0.0009059498,0.0008791088,0.0
2025-09-18 05:00:00,solar.bun_tlc#realenergyintotheload#kwh,BUNDOORA,0.0,-0.0038164137,3.5225275e-05,3.4181638e-05,0.0
2025-09-18 06:00:00,solar.bun_tlc#realenergyintotheload#kwh,BUNDOORA,0.0,0.3447529,3.5225275e-05,3.4181638e-05,0.0
2025-09-18 07:00:00,solar.bun_tlc#realenergyintotheload#kwh,BUNDOORA,0.0,0.50456554,2.0414386,1.9809558,42.0
2025-09-18 08:00:00,solar.bun_tlc#realenergyintotheload#kwh,BUNDOORA,0.0,0.39249855,10.592581,10.278749,209.0
2025-09-18 09:00:00,solar.bun_tlc#realenergyintotheload#kwh,BUNDOORA,0.0,7.6629515,22.691664,22.019367,430.0
2025-09-18 10:00:00,solar.bun_tlc#realenergyintotheload#kwh,BUNDOORA,0.0,16.950459,30.443926,29.541948,604.0
2025-09-18 11:00:00,solar.bun_tlc#realenergyintotheload#kwh,BUNDOORA,0.0,34.50166,34.003204,32.995773,728.0
2025-09-18 12:00:00,solar.bun_tlc#realenergyintotheload#kwh,BUNDOORA,0.0,34.756306,36.77705,35.68744,789.0
2025-09-18 13:00:00,solar.bun_tlc#realenergyintotheload#kwh,BUNDOORA,0.0,33.289127,36.760582,35.67146,787.0
2025-09-18 14:00:00,solar.bun_tlc#realenergyintotheload#kwh,BUNDOORA,0.0,29.400675,32.604088,31.63811,686.0
2025-09-18 15:00:00,solar.bun_tlc#realenergyintotheload#kwh,BUNDOORA,0.0,27.808914,27.54986,26.733627,570.0
2025-09-18 16:00:00,solar.bun_tlc#realenergyintotheload#kwh,BUNDOORA,0.0,19.778648,21.16288,20.535877,431.0
2025-09-18 17:00:00,solar.bun_tlc#realenergyintotheload#kwh,BUNDOORA,0.0,14.374947,11.280029,10.94583,235.0
2025-09-18 18:00:00,solar.bun_tlc#realenergyintotheload#kwh,BUNDOORA,0.0,6.685206,1.9037858,1.8473814,44.0
2025-09-18 19:00:00,solar.bun_tlc#realenergyintotheload#kwh,BUNDOORA,0.0,4.0214524,-0.053770084,0.0,0.0
2025-09-18 20:00:00,solar.bun_tlc#realenergyintotheload#kwh,BUNDOORA,0.0,0.3318018,-0.057822723,0.0,0.0
2025-09-18 21:00:00,solar.bun_tlc#realenergyintotheload#kwh,BUNDOORA,0.0,0.3287367,-0.05062585,0.0,0.0
2025-09-18 22:00:00,solar.bun_tlc#realenergyintotheload#kwh,BUNDOORA,0.0,0.14578317,-0.05062585,0.0,0.0
2025-09-18 23:00:00,solar.bun_tlc#realenergyintotheload#kwh,BUNDOORA,0.0,0.2016095,-0.022714198,0.0,0.0
2025-09-19 00:00:00,solar.bun_tlc#realenergyintotheload#kwh,BUNDOORA,0.0,-0.38098156,0.008866093,0.008603413,0.0
2025-09-19 01:00:00,solar.bun_tlc#realenergyintotheload#kwh,BUNDOORA,0.0,-0.3761008,0.016076822,0.015600506,0.0
2025-09-19 02:00:00,solar.bun_tlc#realenergyintotheload#kwh,BUNDOORA,0.0,-0.07035119,0.014995256,0.014550985,0.0
2025-09-19 03:00:00,solar.bun_tlc#realenergyintotheload#kwh,BUNDOORA,0.0,-0.06750834,-0.0137405805,0.0,0.0
2025-09-19 04:00:00,solar.bun_tlc#realenergyintotheload#kwh,BUNDOORA,0.0,-0.037835307,-0.010681336,0.0,0.0
2025-09-19 05:00:00,solar.bun_tlc#realenergyintotheload#kwh,BUNDOORA,0.0,0.037576888,0.0025936717,0.0025168275,0.0
2025-09-19 06:00:00,solar.bun_tlc#realenergyintotheload#kwh,BUNDOORA,0.0,-0.30790287,0.010686955,0.010370327,0.0
2025-09-19 07:00:00,solar.bun_tlc#realenergyintotheload#kwh,BUNDOORA,0.0,0.7221976,0.7145634,0.6933927,19.0
2025-09-19 08:00:00,solar.bun_tlc#realenergyintotheload#kwh,BUNDOORA,0.0,4.989779,7.612838,7.3872886,170.0
2025-09-19 09:00:00,solar.bun_tlc#realenergyintotheload#kwh,BUNDOORA,0.0,13.940233,19.015167,18.451796,369.0
2025-09-19 10:00:00,solar.bun_tlc#realenergyintotheload#kwh,BUNDOORA,0.0,19.767735,19.468904,18.89209,385.0
2025-09-19 11:00:00,solar.bun_tlc#realenergyintotheload#kwh,BUNDOORA,0.0,28.855753,30.808676,29.895891,634.0
2025-09-19 12:00:00,solar.bun_tlc#realenergyintotheload#kwh,BUNDOORA,0.0,28.727312,31.589985,30.654053,653.0
2025-09-19 13:00:00,solar.bun_tlc#realenergyintotheload#kwh,BUNDOORA,0.0,34.264744,36.75783,35.66879,769.0
2025-09-19 14:00:00,solar.bun_tlc#realenergyintotheload#kwh,BUNDOORA,0.0,32.893284,33.976597,32.969955,718.0
2025-09-19 15:00:00,solar.bun_tlc#realenergyintotheload#kwh,BUNDOORA,0.0,25.39663,29.163052,28.299023,600.0
2025-09-19 16:00:00,solar.bun_tlc#realenergyintotheload#kwh,BUNDOORA,0.0,11.120385,15.749406,15.28279,333.0
2025-09-19 17:00:00,solar.bun_tlc#realenergyintotheload#kwh,BUNDOORA,0.0,10.425871,10.553072,10.240411,218.0
2025-09-19 18:00:00,solar.bun_tlc#realenergyintotheload#kwh,BUNDOORA,0.0,2.5430377,1.955251,1.8973218,43.0
2025-09-19 19:00:00,solar.bun_tlc#realenergyintotheload#kwh,BUNDOORA,0.0,2.5724251,-0.00089928915,0.0,0.0
2025-09-19 20:00:00,solar.bun_tlc#realenergyintotheload#kwh,BUNDOORA,0.0,0.58217233,-0.06488765,0.0,0.0
2025-09-19 21:00:00,solar.bun_tlc#realenergyintotheload#kwh,BUNDOORA,0.0,0.7193751,-0.06164769,0.0,0.0
2025-09-19 22:00:00,solar.bun_tlc#realenergyintotheload#kwh,BUNDOORA,0.0,0.3426931,0.0022844614,0.0022167785,0.0
2025-09-19 23:00:00,solar.bun_tlc#realenergyintotheload#kwh,BUNDOORA,0.0,0.29990834,-0.0045954855,0.0,0.0
2025-09-20 00:00:00,solar.bun_tlc#realenergyintotheload#kwh,BUNDOORA,0.0,0.056451797,0.0011598286,0.0011254658,0.0
2025-09-20 01:00:00,solar.bun_tlc#realenergyintotheload#kwh,BUNDOORA,0.0,0.08863676,-0.0025161733,0.0,0.0
2025-09-20 02:00:00,solar.bun_tlc#realenergyintotheload#kwh,BUNDOORA,0.0,0.11643156,-0.0022195526,0.0,0.0
2025-09-20 03:00:00,solar.bun_tlc#realenergyintotheload#kwh,BUNDOORA,0.0,0.1645065,-0.0022195526,0.0,0.0
2025-09-20 04:00:00,solar.bun_tlc#realenergyintotheload#kwh,BUNDOORA,0.0,0.107775934,0.0045305872,0.004396357,0.0
2025-09-20 05:00:00,solar.bun_tlc#realenergyintotheload#kwh,BUNDOORA,0.0,0.17755052,-0.00035402444,0.0,0.0
2025-09-20 06:00:00,solar.bun_tlc#realenergyintotheload#kwh,BUNDOORA,0.0,0.94017386,-0.0016027963,0.0,0.0
2025-09-20 07:00:00,solar.bun_tlc#realenergyintotheload#kwh,BUNDOORA,0.0,2.4130375,1.755816,1.7037956,39.0
2025-09-20 08:00:00,solar.bun_tlc#realenergyintotheload#kwh,BUNDOORA,0.0,6.287497,12.0187025,11.662619,239.0
2025-09-20 09:00:00,solar.bun_tlc#realenergyintotheload#kwh,BUNDOORA,0.0,8.0497465,23.813906,23.108358,448.0
2025-09-20 10:00:00,solar.bun_tlc#realenergyintotheload#kwh,BUNDOORA,0.0,13.11632,15.520287,15.060459,314.0
2025-09-20 11:00:00,solar.bun_tlc#realenergyintotheload#kwh,BUNDOORA,0.0,16.103344,32.578365,31.61315,696.0
2025-09-20 12:00:00,solar.bun_tlc#realenergyintotheload#kwh,BUNDOORA,0.0,19.920832,18.797606,18.240679,386.0
2025-09-20 13:00:00,solar.bun_tlc#realenergyintotheload#kwh,BUNDOORA,0.0,18.684364,14.25543,13.833077,300.0
2025-09-20 14:00:00,solar.bun_tlc#realenergyintotheload#kwh,BUNDOORA,0.0,22.799097,20.111792,19.51593,408.0
2025-09-20 15:00:00,solar.bun_tlc#realenergyintotheload#kwh,BUNDOORA,0.0,16.812017,10.936319,10.612304,248.0
2025-09-20 16:00:00,solar.bun_tlc#realenergyintotheload#kwh,BUNDOORA,0.0,13.359816,10.127607,9.827552,232.0
2025-09-20 17:00:00,solar.bun_tlc#realenergyintotheload#kwh,BUNDOORA,0.0,5.4434958,5.3259945,5.1681986,110.0
2025-09-20 18:00:00,solar.bun_tlc#realenergyintotheload#kwh,BUNDOORA,0.0,0.83234215,0.84821594,0.8230854,21.0
2025-09-20 19:00:00,solar.bun_tlc#realenergyintotheload#kwh,BUNDOORA,0.0,-0.33993316,0.008669489,0.008412634,0.0
2025-09-20 20:00:00,solar.bun_tlc#realenergyintotheload#kwh,BUNDOORA,0.0,-0.16692135,0.01082479,0.010504079,0.0
2025-09-20 21:00:00,solar.bun_tlc#realenergyintotheload#kwh,BUNDOORA,0.0,0.0710888,0.012101574,0.011743034,0.0
2025-09-20 22:00:00,solar.bun_tlc#realenergyintotheload#kwh,BUNDOORA,0.0,0.063017,0.0003446107,0.00033440074,0.0
2025-09-20 23:00:00,solar.bun_tlc#realenergyintotheload#kwh,BUNDOORA,0.0,0.29661742,0.00065927603,0.00063974335,0.0
2025-09-21 00:00:00,solar.bun_tlc#realenergyintotheload#kwh,BUNDOORA,0.0,0.05504485,0.0045838356,0.004448028,0.0
2025-09-21 01:00:00,solar.bun_tlc#realenergyintotheload#kwh,BUNDOORA,0.0,0.056235958,0.0003446107,0.00033440074,0.0
2025-09-21 02:00:00,solar.bun_tlc#realenergyintotheload#kwh,BUNDOORA,0.0,-0.05197898,0.000746757,0.00072463247,0.0
2025-09-21 03:00:00,solar.bun_tlc#realenergyintotheload#kwh,BUNDOORA,0.0,0.003696038,0.0010403094,0.0010094877,0.0
2025-09-21 04:00:00,solar.bun_tlc#realenergyintotheload#kwh,BUNDOORA,0.0,-0.012783134,0.0019597125,0.001901651,0.0
2025-09-21 05:00:00,solar.bun_tlc#realenergyintotheload#kwh,BUNDOORA,0.0,0.05689981,0.0021071092,0.0020446808,0.0
2025-09-21 06:00:00,solar.bun_tlc#realenergyintotheload#kwh,BUNDOORA,0.0,0.76924556,0.0021071092,0.0020446808,0.0
2025-09-21 07:00:00,solar.bun_tlc#realenergyintotheload#kwh,BUNDOORA,0.0,2.5011487,0.9674064,0.93874454,25.0
2025-09-21 08:00:00,solar.bun_tlc#realenergyintotheload#kwh,BUNDOORA,0.0,2.476501,5.075789,4.925406,109.0
2025-09-21 09:00:00,solar.bun_tlc#realenergyintotheload#kwh,BUNDOORA,0.0,5.0897183,8.477678,8.226506,172.0
2025-09-21 10:00:00,solar.bun_tlc#realenergyintotheload#kwh,BUNDOORA,0.0,11.114728,4.1063237,3.9846635,87.0
2025-09-21 11:00:00,solar.bun_tlc#realenergyintotheload#kwh,BUNDOORA,0.0,9.507481,2.984453,2.8960311,66.0
2025-09-21 12:00:00,solar.bun_tlc#realenergyintotheload#kwh,BUNDOORA,0.0,12.757058,7.151512,6.9396305,148.0
2025-09-21 13:00:00,solar.bun_tlc#realenergyintotheload#kwh,BUNDOORA,0.0,13.980943,9.870538,9.578098,208.0
2025-09-21 14:00:00,solar.bun_tlc#realenergyintotheload#kwh,BUNDOORA,0.0,9.648617,6.2161937,6.0320234,136.0
2025-09-21 15:00:00,solar.bun_tlc#realenergyintotheload#kwh,BUNDOORA,0.0,9.145278,4.1688275,4.0453157,89.0
2025-09-21 16:00:00,solar.bun_tlc#realenergyintotheload#kwh,BUNDOORA,0.0,5.2007737,2.6390135,2.560826,59.0
2025-09-21 17:00:00,solar.bun_tlc#realenergyintotheload#kwh,BUNDOORA,0.0,3.9207609,4.531657,4.3973956,111.0
2025-09-21 18:00:00,solar.bun_tlc#realenergyintotheload#kwh,BUNDOORA,0.0,3.354053,0.6384038,0.6194895,17.0
2025-09-21 19:00:00,solar.bun_tlc#realenergyintotheload#kwh,BUNDOORA,0.0,0.91852677,0.00048651735,0.00047210307,0.0
2025-09-21 20:00:00,solar.bun_tlc#realenergyintotheload#kwh,BUNDOORA,0.0,0.028177643,0.0004105337,0.0003983706,0.0
2025-09-21 21:00:00,solar.bun_tlc#realenergyintotheload#kwh,BUNDOORA,0.0,0.035358187,0.0010382137,0.001007454,0.0
2025-09-21 22:00:00,solar.bun_tlc#realenergyintotheload#kwh,BUNDOORA,0.0,-0.05727223,0.00097499485,0.0009461082,0.0
2025-09-21 23:00:00,solar.bun_tlc#realenergyintotheload#kwh,BUNDOORA,0.0,-0.122732505,0.001145835,0.0011118868,0.0
2025-09-22 00:00:00,solar.bun_tlc#realenergyintotheload#kwh,BUNDOORA,0.0,-0.11608194,0.0010945802,0.0010621505,0.0
2025-09-22 01:00:00,solar.bun_tlc#realenergyintotheload#kwh,BUNDOORA,0.0,-0.11410257,0.0004501363,0.00043679986,0.0
2025-09-22 02:00:00,solar.bun_tlc#realenergyintotheload#kwh,BUNDOORA,0.0,-0.13582973,-0.0024598066,0.0,0.0
2025-09-22 03:00:00,solar.bun_tlc#realenergyintotheload#kwh,BUNDOORA,0.0,-0.14251593,-0.0025161733,0.0,0.0
2025-09-22 04:00:00,solar.bun_tlc#realenergyintotheload#kwh,BUNDOORA,0.0,-0.2503312,0.0035242748,0.0034198593,0.0
2025-09-22 05:00:00,solar.bun_tlc#realenergyintotheload#kwh,BUNDOORA,0.0,-0.21868472,0.0035242748,0.0034198593,0.0
2025-09-22 06:00:00,solar.bun_tlc#realenergyintotheload#kwh,BUNDOORA,0.0,0.50565755,-0.0026654757,0.0,0.0
2025-09-22 07:00:00,solar.bun_tlc#realenergyintotheload#kwh,BUNDOORA,0.0,0.04846118,2.3558142,2.2860174,50.0
2025-09-22 08:00:00,solar.bun_tlc#realenergyintotheload#kwh,BUNDOORA,0.0,1.8362699,9.31678,9.040748,195.0
2025-09-22 09:00:00,solar.bun_tlc#realenergyintotheload#kwh,BUNDOORA,0.0,9.286367,23.547646,22.849987,442.0
2025-09-22 10:00:00,solar.bun_tlc#realenergyintotheload#kwh,BUNDOORA,0.0,14.224241,14.707189,14.271451,301.0
2025-09-22 11:00:00,solar.bun_tlc#realenergyintotheload#kwh,BUNDOORA,0.0,17.217646,33.383625,32.39455,710.0
2025-09-22 12:00:00,solar.bun_tlc#realenergyintotheload#kwh,BUNDOORA,0.0,18.031485,32.656734,31.689198,699.0
2025-09-22 13:00:00,solar.bun_tlc#realenergyintotheload#kwh,BUNDOORA,0.0,25.356897,26.00635,25.235846,563.0
2025-09-22 14:00:00,solar.bun_tlc#realenergyintotheload#kwh,BUNDOORA,0.0,24.327469,28.396055,27.55475,614.0
2025-09-22 15:00:00,solar.bun_tlc#realenergyintotheload#kwh,BUNDOORA,0.0,23.206532,21.834562,21.187658,421.0
2025-09-22 16:00:00,solar.bun_tlc#realenergyintotheload#kwh,BUNDOORA,0.0,19.010065,22.774513,22.099762,440.0
2025-09-22 17:00:00,solar.bun_tlc#realenergyintotheload#kwh,BUNDOORA,0.0,8.7923,11.65613,11.310788,238.0
2025-09-22 18:00:00,solar.bun_tlc#realenergyintotheload#kwh,BUNDOORA,0.0,5.136252,2.0013244,1.9420302,41.0
2025-09-22 19:00:00,solar.bun_tlc#realenergyintotheload#kwh,BUNDOORA,0.0,1.0199475,-0.002432074,0.0,0.0
2025-09-22 20:00:00,solar.bun_tlc#realenergyintotheload#kwh,BUNDOORA,0.0,0.10737561,0.00026862705,0.00026066828,0.0
2025-09-22 21:00:00,solar.bun_tlc#realenergyintotheload#kwh,BUNDOORA,0.0,-0.006932677,-2.7993621e-05,0.0,0.0
2025-09-22 22:00:00,solar.bun_tlc#realenergyintotheload#kwh,BUNDOORA,0.0,0.0014436366,-2.7993621e-05,0.0,0.0
2025-09-22 23:00:00,solar.bun_tlc#realenergyintotheload#kwh,BUNDOORA,0.0,-0.007521727,-2.7993621e-05,0.0,0.0
2025-09-23 00:00:00,solar.bun_tlc#realenergyintotheload#kwh,BUNDOORA,0.0,-0.023715043,-2.7993621e-05,0.0,0.0
2025-09-23 01:00:00,solar.bun_tlc#realenergyintotheload#kwh,BUNDOORA,0.0,-0.003016295,3.5225275e-05,3.4181638e-05,0.0
2025-09-23 02:00:00,solar.bun_tlc#realenergyintotheload#kwh,BUNDOORA,0.0,0.009184752,0.00063365593,0.0006148823,0.0
2025-09-23 03:00:00,solar.bun_tlc#realenergyintotheload#kwh,BUNDOORA,0.0,0.011727309,0.00063365593,0.0006148823,0.0
2025-09-23 04:00:00,solar.bun_tlc#realenergyintotheload#kwh,BUNDOORA,0.0,-0.0048425077,0.000570437,0.0005535364,0.0
2025-09-23 05:00:00,solar.bun_tlc#realenergyintotheload#kwh,BUNDOORA,0.0,0.008994199,0.00063365593,0.0006148823,0.0
2025-09-23 06:00:00,solar.bun_tlc#realenergyintotheload#kwh,BUNDOORA,0.0,0.11336453,3.5225275e-05,3.4181638e-05,0.0
2025-09-23 07:00:00,solar.bun_tlc#realenergyintotheload#kwh,BUNDOORA,0.0,0.24061628,1.5709879,1.5244435,34.0
2025-09-23 08:00:00,solar.bun_tlc#realenergyintotheload#kwh,BUNDOORA,0.0,0.4602908,9.968534,9.673192,233.0
2025-09-23 09:00:00,solar.bun_tlc#realenergyintotheload#kwh,BUNDOORA,0.0,6.270857,22.419073,21.754852,444.0
2025-09-23 10:00:00,solar.bun_tlc#realenergyintotheload#kwh,BUNDOORA,0.0,17.242012,19.543232,18.964214,397.0
2025-09-23 11:00:00,solar.bun_tlc#realenergyintotheload#kwh,BUNDOORA,0.0,16.718208,25.125418,24.381014,522.0
2025-09-23 12:00:00,solar.bun_tlc#realenergyintotheload#kwh,BUNDOORA,0.0,20.354404,19.511494,18.933416,412.0
2025-09-23 13:00:00,solar.bun_tlc#realenergyintotheload#kwh,BUNDOORA,0.0,14.193198,10.224951,9.922011,215.0
2025-09-23 14:00:00,solar.bun_tlc#realenergyintotheload#kwh,BUNDOORA,0.0,17.983234,21.551973,20.913443,449.0
2025-09-23 15:00:00,solar.bun_tlc#realenergyintotheload#kwh,BUNDOORA,0.0,13.265999,10.205629,9.903262,213.0
2025-09-23 16:00:00,solar.bun_tlc#realenergyintotheload#kwh,BUNDOORA,0.0,11.095449,12.592154,12.21908,252.0
2025-09-23 17:00:00,solar.bun_tlc#realenergyintotheload#kwh,BUNDOORA,0.0,10.128759,10.042014,9.744494,202.0
2025-09-23 18:00:00,solar.bun_tlc#realenergyintotheload#kwh,BUNDOORA,0.0,1.5266342,1.1881336,1.1529322,29.0
2025-09-23 19:00:00,solar.bun_tlc#realenergyintotheload#kwh,BUNDOORA,0.0,0.25820848,0.0070252293,0.0068170894,0.0
2025-09-23 20:00:00,solar.bun_tlc#realenergyintotheload#kwh,BUNDOORA,0.0,0.056289006,0.0037104788,0.0036005466,0.0
2025-09-23 21:00:00,solar.bun_tlc#realenergyintotheload#kwh,BUNDOORA,0.0,0.076607965,0.00604483,0.005865737,0.0
2025-09-23 22:00:00,solar.bun_tlc#realenergyintotheload#kwh,BUNDOORA,0.0,0.024265923,0.0018219956,0.0017680144,0.0
2025-09-23 23:00:00,solar.bun_tlc#realenergyintotheload#kwh,BUNDOORA,0.0,-0.00045296596,0.0018219956,0.0017680144,0.0
2025-09-24 00:00:00,solar.bun_tlc#realenergyintotheload#kwh,BUNDOORA,0.0,0.021210246,0.0013271854,0.0012878643,0.0
2025-09-24 01:00:00,solar.bun_tlc#realenergyintotheload#kwh,BUNDOORA,0.0,0.021474633,0.0019990054,0.00193978,0.0
2025-09-24 02:00:00,solar.bun_tlc#realenergyintotheload#kwh,BUNDOORA,0.0,0.021210246,0.0013271854,0.0012878643,0.0
2025-09-24 03:00:00,solar.bun_tlc#realenergyintotheload#kwh,BUNDOORA,0.0,0.013512522,0.001525375,0.0014801819,0.0
2025-09-24 04:00:00,solar.bun_tlc#realenergyintotheload#kwh,BUNDOORA,0.0,0.022284422,0.0018219956,0.0017680144,0.0
2025-09-24 05:00:00,solar.bun_tlc#realenergyintotheload#kwh,BUNDOORA,0.0,0.0760187,0.0015627564,0.0015164558,0.0
2025-09-24 06:00:00,solar.bun_tlc#realenergyintotheload#kwh,BUNDOORA,0.0,0.48436388,0.0010403094,0.0010094877,0.0
2025-09-24 07:00:00,solar.bun_tlc#realenergyintotheload#kwh,BUNDOORA,0.0,2.3592923,0.9807868,0.9517285,25.0
2025-09-24 08:00:00,solar.bun_tlc#realenergyintotheload#kwh,BUNDOORA,0.0,5.229602,6.173179,5.9902835,137.0
2025-09-24 09:00:00,solar.bun_tlc#realenergyintotheload#kwh,BUNDOORA,0.0,9.69536,14.515716,14.085651,282.0
2025-09-24 10:00:00,solar.bun_tlc#realenergyintotheload#kwh,BUNDOORA,0.0,16.254671,16.93499,16.433249,339.0
2025-09-24 11:00:00,solar.bun_tlc#realenergyintotheload#kwh,BUNDOORA,0.0,15.744347,24.981787,24.241638,531.0
2025-09-24 12:00:00,solar.bun_tlc#realenergyintotheload#kwh,BUNDOORA,0.0,15.804903,16.629604,16.136911,344.0
2025-09-24 13:00:00,solar.bun_tlc#realenergyintotheload#kwh,BUNDOORA,0.0,15.465622,14.294139,13.870639,302.0
2025-09-24 14:00:00,solar.bun_tlc#realenergyintotheload#kwh,BUNDOORA,0.0,11.997318,10.770737,10.451627,232.0
2025-09-24 15:00:00,solar.bun_tlc#realenergyintotheload#kwh,BUNDOORA,0.0,11.2542305,12.947867,12.564255,267.0
2025-09-24 16:00:00,solar.bun_tlc#realenergyintotheload#kwh,BUNDOORA,0.0,5.6322737,10.233389,9.9302,209.0
2025-09-24 17:00:00,solar.bun_tlc#realenergyintotheload#kwh,BUNDOORA,0.0,3.9603097,5.0703344,4.920113,109.0
2025-09-24 18:00:00,solar.bun_tlc#realenergyintotheload#kwh,BUNDOORA,0.0,3.589149,1.1002038,1.0676075,28.0
2025-09-24 19:00:00,solar.bun_tlc#realenergyintotheload#kwh,BUNDOORA,0.0,0.3831389,0.0018332166,0.001778903,0.0
2025-09-24 20:00:00,solar.bun_tlc#realenergyintotheload#kwh,BUNDOORA,0.0,0.020171776,0.0012682043,0.0012306306,0.0
2025-09-24 21:00:00,solar.bun_tlc#realenergyintotheload#kwh,BUNDOORA,0.0,-0.0034983857,0.0012682043,0.0012306306,0.0
2025-09-24 22:00:00,solar.bun_tlc#realenergyintotheload#kwh,BUNDOORA,0.0,-0.008088661,0.0012682043,0.0012306306,0.0
2025-09-24 23:00:00,solar.bun_tlc#realenergyintotheload#kwh,BUNDOORA,0.0,-0.0013529445,0.0010089646,0.0009790715,0.0
2025-09-25 00:00:00,solar.bun_tlc#realenergyintotheload#kwh,BUNDOORA,0.0,0.020134931,0.00088621565,0.0008599593,0.0
2025-09-25 01:00:00,solar.bun_tlc#realenergyintotheload#kwh,BUNDOORA,0.0,0.03488999,0.0009791116,0.000950103,0.0
2025-09-25 02:00:00,solar.bun_tlc#realenergyintotheload#kwh,BUNDOORA,0.0,0.02272712,0.0012173192,0.001181253,0.0
2025-09-25 03:00:00,solar.bun_tlc#realenergyintotheload#kwh,BUNDOORA,0.0,0.033497274,0.001557566,0.0015114192,0.0
2025-09-25 04:00:00,solar.bun_tlc#realenergyintotheload#kwh,BUNDOORA,0.0,0.040187627,0.0017049626,0.0016544488,0.0
2025-09-25 05:00:00,solar.bun_tlc#realenergyintotheload#kwh,BUNDOORA,0.0,0.085129805,0.0017049626,0.0016544488,0.0
2025-09-25 06:00:00,solar.bun_tlc#realenergyintotheload#kwh,BUNDOORA,0.0,0.30104816,0.001557566,0.0015114192,0.0
2025-09-25 07:00:00,solar.bun_tlc#realenergyintotheload#kwh,BUNDOORA,0.0,1.3675438,0.72721756,0.7056719,19.0
2025-09-25 08:00:00,solar.bun_tlc#realenergyintotheload#kwh,BUNDOORA,0.0,2.3015006,4.4443183,4.3126445,100.0
2025-09-25 09:00:00,solar.bun_tlc#realenergyintotheload#kwh,BUNDOORA,0.0,5.651595,7.6562543,7.4294186,161.0
2025-09-25 10:00:00,solar.bun_tlc#realenergyintotheload#kwh,BUNDOORA,0.0,14.891811,11.905633,11.552898,248.0
2025-09-25 11:00:00,solar.bun_tlc#realenergyintotheload#kwh,BUNDOORA,0.0,12.653344,9.840669,9.549114,206.0
2025-09-25 12:00:00,solar.bun_tlc#realenergyintotheload#kwh,BUNDOORA,0.0,13.060443,9.056927,8.788592,197.0
2025-09-25 13:00:00,solar.bun_tlc#realenergyintotheload#kwh,BUNDOORA,0.0,10.490792,5.105167,4.9539137,110.0
2025-09-25 14:00:00,solar.bun_tlc#realenergyintotheload#kwh,BUNDOORA,0.0,9.884467,4.1780896,4.054303,88.0
2025-09-25 15:00:00,solar.bun_tlc#realenergyintotheload#kwh,BUNDOORA,0.0,10.037128,4.83603,4.6927505,104.0
2025-09-25 16:00:00,solar.bun_tlc#realenergyintotheload#kwh,BUNDOORA,0.0,7.5947146,5.5949736,5.4292083,113.0
2025-09-25 17:00:00,solar.bun_tlc#realenergyintotheload#kwh,BUNDOORA,0.0,6.1118608,2.9318542,2.8449907,63.0
2025-09-25 18:00:00,solar.bun_tlc#realenergyintotheload#kwh,BUNDOORA,0.0,2.878718,0.5384005,0.522449,15.0
2025-09-25 19:00:00,solar.bun_tlc#realenergyintotheload#kwh,BUNDOORA,0.0,0.41309825,0.012713252,0.012336589,0.0
2025-09-25 20:00:00,solar.bun_tlc#realenergyintotheload#kwh,BUNDOORA,0.0,0.35156307,0.005171004,0.0050178003,0.0
2025-09-25 21:00:00,solar.bun_tlc#realenergyintotheload#kwh,BUNDOORA,0.0,0.08053371,0.0015970154,0.0015496998,0.0
2025-09-25 22:00:00,solar.bun_tlc#realenergyintotheload#kwh,BUNDOORA,0.0,0.08558567,0.0011638727,0.00112939,0.0
2025-09-25 23:00:00,solar.bun_tlc#realenergyintotheload#kwh,BUNDOORA,0.0,0.16449898,0.0017444119,0.0016927293,0.0
2025-09-26 00:00:00,solar.bun_tlc#realenergyintotheload#kwh,BUNDOORA,0.0,0.05428964,0.0017444119,0.0016927293,0.0
2025-09-26 01:00:00,solar.bun_tlc#realenergyintotheload#kwh,BUNDOORA,0.0,0.21943574,0.0014424557,0.0013997193,0.0
2025-09-26 02:00:00,solar.bun_tlc#realenergyintotheload#kwh,BUNDOORA,0.0,0.15117142,0.0025530322,0.0024773923,0.0
2025-09-26 03:00:00,solar.bun_tlc#realenergyintotheload#kwh,BUNDOORA,0.0,0.17403479,-0.0038997862,0.0,0.0
2025-09-26 04:00:00,solar.bun_tlc#realenergyintotheload#kwh,BUNDOORA,0.0,0.32334045,-0.0034132805,0.0,0.0
2025-09-26 05:00:00,solar.bun_tlc#realenergyintotheload#kwh,BUNDOORA,0.0,0.52319676,-0.001347336,0.0,0.0
2025-09-26 06:00:00,solar.bun_tlc#realenergyintotheload#kwh,BUNDOORA,0.0,2.3567362,-0.008882449,0.0,0.0
2025-09-26 07:00:00,solar.bun_tlc#realenergyintotheload#kwh,BUNDOORA,0.0,3.2530198,1.1246728,1.0913515,28.0
2025-09-26 08:00:00,solar.bun_tlc#realenergyintotheload#kwh,BUNDOORA,0.0,5.719747,3.9662337,3.8487241,87.0
2025-09-26 09:00:00,solar.bun_tlc#realenergyintotheload#kwh,BUNDOORA,0.0,10.670227,7.322583,7.1056333,154.0
2025-09-26 10:00:00,solar.bun_tlc#realenergyintotheload#kwh,BUNDOORA,0.0,16.296227,11.328995,10.993345,237.0
2025-09-26 11:00:00,solar.bun_tlc#realenergyintotheload#kwh,BUNDOORA,0.0,12.335466,7.13109,6.9198136,150.0
2025-09-26 12:00:00,solar.bun_tlc#realenergyintotheload#kwh,BUNDOORA,0.0,9.850373,5.8179355,5.6455646,127.0
2025-09-26 13:00:00,solar.bun_tlc#realenergyintotheload#kwh,BUNDOORA,0.0,4.8848934,3.0322378,2.9424002,63.0
2025-09-26 14:00:00,solar.bun_tlc#realenergyintotheload#kwh,BUNDOORA,0.0,6.9147067,3.6687236,3.5600286,82.0
2025-09-26 15:00:00,solar.bun_tlc#realenergyintotheload#kwh,BUNDOORA,0.0,19.209404,17.355774,16.841566,355.0
2025-09-26 16:00:00,solar.bun_tlc#realenergyintotheload#kwh,BUNDOORA,0.0,19.208546,20.69701,20.083809,428.0
2025-09-26 17:00:00,solar.bun_tlc#realenergyintotheload#kwh,BUNDOORA,0.0,9.269657,3.2892017,3.191751,73.0
2025-09-26 18:00:00,solar.bun_tlc#realenergyintotheload#kwh,BUNDOORA,0.0,7.408733,0.42482272,0.41223627,13.0
2025-09-26 19:00:00,solar.bun_tlc#realenergyintotheload#kwh,BUNDOORA,0.0,4.5819526,0.006339192,0.0061513777,0.0
2025-09-26 20:00:00,solar.bun_tlc#realenergyintotheload#kwh,BUNDOORA,0.0,1.8063612,0.002179577,0.0021150017,0.0
2025-09-26 21:00:00,solar.bun_tlc#realenergyintotheload#kwh,BUNDOORA,0.0,0.18994898,0.0006042352,0.0005863332,0.0
2025-09-26 22:00:00,solar.bun_tlc#realenergyintotheload#kwh,BUNDOORA,0.0,-0.049166314,0.001344477,0.0013046435,0.0
2025-09-26 23:00:00,solar.bun_tlc#realenergyintotheload#kwh,BUNDOORA,0.0,0.031870436,0.0013314232,0.0012919764,0.0
2025-09-27 00:00:00,solar.bun_tlc#realenergyintotheload#kwh,BUNDOORA,0.0,-0.12332451,0.0012682043,0.0012306306,0.0
2025-09-27 01:00:00,solar.bun_tlc#realenergyintotheload#kwh,BUNDOORA,0.0,-0.009320312,0.0013314232,0.0012919764,0.0
2025-09-27 02:00:00,solar.bun_tlc#realenergyintotheload#kwh,BUNDOORA,0.0,0.010563672,0.0015885938,0.0015415278,0.0
2025-09-27 03:00:00,solar.bun_tlc#realenergyintotheload#kwh,BUNDOORA,0.0,0.00036878046,0.0015885938,0.0015415278,0.0
2025-09-27 04:00:00,solar.bun_tlc#realenergyintotheload#kwh,BUNDOORA,0.0,0.0063658454,0.00089289556,0.0008664413,0.0
2025-09-27 05:00:00,solar.bun_tlc#realenergyintotheload#kwh,BUNDOORA,0.0,0.025158763,0.0008296767,0.0008050954,0.0
2025-09-27 06:00:00,solar.bun_tlc#realenergyintotheload#kwh,BUNDOORA,0.0,0.17643219,0.0008296767,0.0008050954,0.0
2025-09-27 07:00:00,solar.bun_tlc#realenergyintotheload#kwh,BUNDOORA,0.0,0.43210962,3.3126023,3.2144582,65.0
2025-09-27 08:00:00,solar.bun_tlc#realenergyintotheload#kwh,BUNDOORA,0.0,6.694374,11.681729,11.3356285,238.0
2025-09-27 09:00:00,solar.bun_tlc#realenergyintotheload#kwh,BUNDOORA,0.0,12.112022,20.014084,19.421116,384.0
2025-09-27 10:00:00,solar.bun_tlc#realenergyintotheload#kwh,BUNDOORA,0.0,23.95105,23.47518,22.779669,476.0
2025-09-27 11:00:00,solar.bun_tlc#realenergyintotheload#kwh,BUNDOORA,0.0,29.776882,31.618946,30.682156,680.0
2025-09-27 12:00:00,solar.bun_tlc#realenergyintotheload#kwh,BUNDOORA,0.0,33.64314,35.667988,34.611233,779.0
2025-09-27 13:00:00,solar.bun_tlc#realenergyintotheload#kwh,BUNDOORA,0.0,40.148693,37.74431,36.626038,837.0
2025-09-27 14:00:00,solar.bun_tlc#realenergyintotheload#kwh,BUNDOORA,0.0,34.487915,35.358833,34.31124,760.0
2025-09-27 15:00:00,solar.bun_tlc#realenergyintotheload#kwh,BUNDOORA,0.0,32.38756,30.641659,29.733824,631.0
2025-09-27 16:00:00,solar.bun_tlc#realenergyintotheload#kwh,BUNDOORA,0.0,18.371807,19.448149,18.871948,385.0
2025-09-27 17:00:00,solar.bun_tlc#realenergyintotheload#kwh,BUNDOORA,0.0,6.663664,7.5370464,7.3137426,165.0
2025-09-27 18:00:00,solar.bun_tlc#realenergyintotheload#kwh,BUNDOORA,0.0,0.8900895,0.90782124,0.88092476,24.0
2025-09-27 19:00:00,solar.bun_tlc#realenergyintotheload#kwh,BUNDOORA,0.0,-0.3550716,-0.025937086,0.0,0.0
2025-09-27 20:00:00,solar.bun_tlc#realenergyintotheload#kwh,BUNDOORA,0.0,-0.04887408,-0.0013682061,0.0,0.0
2025-09-27 21:00:00,solar.bun_tlc#realenergyintotheload#kwh,BUNDOORA,0.0,0.07582977,0.009225252,0.008951931,0.0
2025-09-27 22:00:00,solar.bun_tlc#realenergyintotheload#kwh,BUNDOORA,0.0,0.09537616,-0.003208053,0.0,0.0
2025-09-27 23:00:00,solar.bun_tlc#realenergyintotheload#kwh,BUNDOORA,0.0,0.051227335,0.0025240304,0.0024492496,0.0
2025-09-28 00:00:00,solar.bun_tlc#realenergyintotheload#kwh,BUNDOORA,0.0,0.057529945,0.0024866492,0.002412976,0.0
2025-09-28 01:00:00,solar.bun_tlc#realenergyintotheload#kwh,BUNDOORA,0.0,0.005626231,0.001525375,0.0014801819,0.0
2025-09-28 02:00:00,solar.bun_tlc#realenergyintotheload#kwh,BUNDOORA,0.0,0.0008333236,0.0015885938,0.0015415278,0.0
2025-09-28 03:00:00,solar.bun_tlc#realenergyintotheload#kwh,BUNDOORA,0.0,0.0036767903,0.0015885938,0.0015415278,0.0
2025-09-28 04:00:00,solar.bun_tlc#realenergyintotheload#kwh,BUNDOORA,0.0,0.0063658454,0.0015885938,0.0015415278,0.0
2025-09-28 05:00:00,solar.bun_tlc#realenergyintotheload#kwh,BUNDOORA,0.0,0.028975543,0.0015885938,0.0015415278,0.0
2025-09-28 06:00:00,solar.bun_tlc#realenergyintotheload#kwh,BUNDOORA,0.0,0.05960385,0.0008296767,0.0008050954,0.0
2025-09-28 07:00:00,solar.bun_tlc#realenergyintotheload#kwh,BUNDOORA,0.0,-0.062055007,2.028935,1.9688227,46.0
2025-09-28 08:00:00,solar.bun_tlc#realenergyintotheload#kwh,BUNDOORA,0.0,1.062775,8.04461,7.806268,177.0
2025-09-28 09:00:00,solar.bun_tlc#realenergyintotheload#kwh,BUNDOORA,0.0,11.119292,18.258204,17.717258,352.0
2025-09-28 10:00:00,solar.bun_tlc#realenergyintotheload#kwh,BUNDOORA,0.0,17.100338,16.22963,15.748786,325.0
2025-09-28 11:00:00,solar.bun_tlc#realenergyintotheload#kwh,BUNDOORA,0.0,24.14724,23.381266,22.688538,477.0
2025-09-28 12:00:00,solar.bun_tlc#realenergyintotheload#kwh,BUNDOORA,0.0,31.051939,31.666887,30.728676,699.0
2025-09-28 13:00:00,solar.bun_tlc#realenergyintotheload#kwh,BUNDOORA,0.0,30.959614,35.29145,34.245853,791.0
2025-09-28 14:00:00,solar.bun_tlc#realenergyintotheload#kwh,BUNDOORA,0.0,26.398241,32.43784,31.476788,691.0
2025-09-28 15:00:00,solar.bun_tlc#realenergyintotheload#kwh,BUNDOORA,0.0,21.861526,23.83937,23.13307,521.0
2025-09-28 16:00:00,solar.bun_tlc#realenergyintotheload#kwh,BUNDOORA,0.0,16.498737,21.16002,20.533102,409.0
2025-09-28 17:00:00,solar.bun_tlc#realenergyintotheload#kwh,BUNDOORA,0.0,9.648561,10.950691,10.626249,215.0
2025-09-28 18:00:00,solar.bun_tlc#realenergyintotheload#kwh,BUNDOORA,0.0,1.7083585,1.5546778,1.5086166,36.0
2025-09-28 19:00:00,solar.bun_tlc#realenergyintotheload#kwh,BUNDOORA,0.0,0.2083744,0.0030147822,0.0029254619,0.0
2025-09-28 20:00:00,solar.bun_tlc#realenergyintotheload#kwh,BUNDOORA,0.0,0.040569305,0.0011262973,0.0010929279,0.0
2025-09-28 21:00:00,solar.bun_tlc#realenergyintotheload#kwh,BUNDOORA,0.0,0.025743794,0.00089289556,0.0008664413,0.0
2025-09-28 22:00:00,solar.bun_tlc#realenergyintotheload#kwh,BUNDOORA,0.0,-0.0006510127,0.00089289556,0.0008664413,0.0
2025-09-28 23:00:00,solar.bun_tlc#realenergyintotheload#kwh,BUNDOORA,0.0,-0.009189115,0.00089289556,0.0008664413,0.0
2025-09-29 00:00:00,solar.bun_tlc#realenergyintotheload#kwh,BUNDOORA,0.0,-0.0045708404,0.00089289556,0.0008664413,0.0
2025-09-29 01:00:00,solar.bun_tlc#realenergyintotheload#kwh,BUNDOORA,0.0,-0.0045708404,0.0014579084,0.0014147143,0.0
2025-09-29 02:00:00,solar.bun_tlc#realenergyintotheload#kwh,BUNDOORA,0.0,-0.020089101,0.0009673884,0.0009387271,0.0
2025-09-29 03:00:00,solar.bun_tlc#realenergyintotheload#kwh,BUNDOORA,0.0,-0.019187627,0.00089289556,0.0008664413,0.0
2025-09-29 04:00:00,solar.bun_tlc#realenergyintotheload#kwh,BUNDOORA,0.0,-0.023805907,0.00089289556,0.0008664413,0.0
2025-09-29 05:00:00,solar.bun_tlc#realenergyintotheload#kwh,BUNDOORA,0.0,0.0051549273,0.00089289556,0.0008664413,0.0
2025-09-29 06:00:00,solar.bun_tlc#realenergyintotheload#kwh,BUNDOORA,0.0,-0.0123266075,0.00089289556,0.0008664413,0.0
2025-09-29 07:00:00,solar.bun_tlc#realenergyintotheload#kwh,BUNDOORA,0.0,-0.20325887,4.3527822,4.22382,93.0
2025-09-29 08:00:00,solar.bun_tlc#realenergyintotheload#kwh,BUNDOORA,0.0,6.6728325,14.060237,13.643667,272.0
2025-09-29 09:00:00,solar.bun_tlc#realenergyintotheload#kwh,BUNDOORA,0.0,15.201224,23.9843,23.273706,489.0
2025-09-29 10:00:00,solar.bun_tlc#realenergyintotheload#kwh,BUNDOORA,0.0,28.287066,32.670662,31.702711,659.0
2025-09-29 11:00:00,solar.bun_tlc#realenergyintotheload#kwh,BUNDOORA,0.0,35.31995,36.52998,35.44769,778.0
2025-09-29 12:00:00,solar.bun_tlc#realenergyintotheload#kwh,BUNDOORA,0.0,39.686317,37.964886,36.84008,834.0
2025-09-29 13:00:00,solar.bun_tlc#realenergyintotheload#kwh,BUNDOORA,0.0,39.84958,36.981834,35.886154,827.0
2025-09-29 14:00:00,solar.bun_tlc#realenergyintotheload#kwh,BUNDOORA,0.0,35.45727,34.797993,33.767014,756.0
2025-09-29 15:00:00,solar.bun_tlc#realenergyintotheload#kwh,BUNDOORA,0.0,33.089428,30.427856,29.526356,630.0
2025-09-29 16:00:00,solar.bun_tlc#realenergyintotheload#kwh,BUNDOORA,0.0,15.752587,20.285671,19.684658,415.0
2025-09-29 17:00:00,solar.bun_tlc#realenergyintotheload#kwh,BUNDOORA,0.0,1.9807335,2.6813874,2.6019447,58.0
2025-09-29 18:00:00,solar.bun_tlc#realenergyintotheload#kwh,BUNDOORA,0.0,-0.11309869,0.3634153,0.3526482,11.0
2025-09-29 19:00:00,solar.bun_tlc#realenergyintotheload#kwh,BUNDOORA,0.0,1.196215,0.016814318,0.016316151,0.0
2025-09-29 20:00:00,solar.bun_tlc#realenergyintotheload#kwh,BUNDOORA,0.0,1.0412723,0.011285181,0.01095083,0.0
2025-09-29 21:00:00,solar.bun_tlc#realenergyintotheload#kwh,BUNDOORA,0.0,0.76531744,-0.013924256,0.0,0.0
2025-09-29 22:00:00,solar.bun_tlc#realenergyintotheload#kwh,BUNDOORA,0.0,0.9167975,-0.010589883,0.0,0.0
2025-09-29 23:00:00,solar.bun_tlc#realenergyintotheload#kwh,BUNDOORA,0.0,0.53416467,-0.017854206,0.0,0.0
2025-09-30 00:00:00,solar.bun_tlc#realenergyintotheload#kwh,BUNDOORA,0.0,0.56235695,-0.014175372,0.0,0.0
2025-09-30 01:00:00,solar.bun_tlc#realenergyintotheload#kwh,BUNDOORA,0.0,0.49578756,-0.014175372,0.0,0.0
2025-09-30 02:00:00,solar.bun_tlc#realenergyintotheload#kwh,BUNDOORA,0.0,0.39283973,-0.007863684,0.0,0.0
2025-09-30 03:00:00,solar.bun_tlc#realenergyintotheload#kwh,BUNDOORA,0.0,0.025425583,-0.007863684,0.0,0.0
2025-09-30 04:00:00,solar.bun_tlc#realenergyintotheload#kwh,BUNDOORA,0.0,-0.20529053,-0.007011866,0.0,0.0
2025-09-30 05:00:00,solar.bun_tlc#realenergyintotheload#kwh,BUNDOORA,0.0,0.13417925,-0.002387861,0.0,0.0
2025-09-30 06:00:00,solar.bun_tlc#realenergyintotheload#kwh,BUNDOORA,0.0,0.05154133,0.014495323,0.014065864,0.0
2025-09-30 07:00:00,solar.bun_tlc#realenergyintotheload#kwh,BUNDOORA,0.0,0.29666182,0.8599185,0.83444124,21.0
2025-09-30 08:00:00,solar.bun_tlc#realenergyintotheload#kwh,BUNDOORA,0.0,7.4142976,3.0418458,2.9517236,66.0
2025-09-30 09:00:00,solar.bun_tlc#realenergyintotheload#kwh,BUNDOORA,0.0,9.153726,6.5831738,6.3881307,145.0
2025-09-30 10:00:00,solar.bun_tlc#realenergyintotheload#kwh,BUNDOORA,0.0,15.037717,13.100633,12.712494,272.0
2025-09-30 11:00:00,solar.bun_tlc#realenergyintotheload#kwh,BUNDOORA,0.0,14.086965,12.151897,11.791867,257.0
2025-09-30 12:00:00,solar.bun_tlc#realenergyintotheload#kwh,BUNDOORA,0.0,17.605223,17.019192,16.514956,357.0
2025-09-30 13:00:00,solar.bun_tlc#realenergyintotheload#kwh,BUNDOORA,0.0,8.345232,2.6326985,2.5546982,58.0
2025-09-30 14:00:00,solar.bun_tlc#realenergyintotheload#kwh,BUNDOORA,0.0,17.937231,17.954514,17.422565,376.0
2025-09-30 15:00:00,solar.bun_tlc#realenergyintotheload#kwh,BUNDOORA,0.0,14.394462,13.724916,13.318281,289.0
2025-09-30 16:00:00,solar.bun_tlc#realenergyintotheload#kwh,BUNDOORA,0.0,12.53056,6.0424128,5.8633914,135.0
2025-09-30 17:00:00,solar.bun_tlc#realenergyintotheload#kwh,BUNDOORA,0.0,7.513266,8.397592,8.148792,172.0
2025-09-30 18:00:00,solar.bun_tlc#realenergyintotheload#kwh,BUNDOORA,0.0,1.870517,1.9507407,1.8929452,42.0
2025-09-30 19:00:00,solar.bun_tlc#realenergyintotheload#kwh,BUNDOORA,0.0,0.83154505,0.005138813,0.0049865628,0.0
2025-09-30 20:00:00,solar.bun_tlc#realenergyintotheload#kwh,BUNDOORA,0.0,0.10534046,0.0018219956,0.0017680144,0.0
2025-09-30 21:00:00,solar.bun_tlc#realenergyintotheload#kwh,BUNDOORA,0.0,0.032944553,0.008319938,0.008073439,0.0
2025-09-30 22:00:00,solar.bun_tlc#realenergyintotheload#kwh,BUNDOORA,0.0,-0.012004597,0.001525375,0.0014801819,0.0
2025-09-30 23:00:00,solar.bun_tlc#realenergyintotheload#kwh,BUNDOORA,0.0,-0.01817903,0.001525375,0.0014801819,0.0
2025-10-01 00:00:00,solar.bun_tlc#realenergyintotheload#kwh,BUNDOORA,0.0,0.0002910616,0.0006677051,0.0006479226,0.0
2025-10-01 01:00:00,solar.bun_tlc#realenergyintotheload#kwh,BUNDOORA,0.0,0.06469109,0.00073092396,0.0007092685,0.0
2025-10-01 02:00:00,solar.bun_tlc#realenergyintotheload#kwh,BUNDOORA,0.0,-0.089606605,3.5225275e-05,3.4181638e-05,0.0
2025-10-01 03:00:00,solar.bun_tlc#realenergyintotheload#kwh,BUNDOORA,0.0,-0.0136941355,3.5225275e-05,3.4181638e-05,0.0
2025-10-01 04:00:00,solar.bun_tlc#realenergyintotheload#kwh,BUNDOORA,0.0,0.03486116,-0.0026654757,0.0,0.0
2025-10-01 05:00:00,solar.bun_tlc#realenergyintotheload#kwh,BUNDOORA,0.0,0.06419495,-0.0027286946,0.0,0.0
2025-10-01 06:00:00,solar.bun_tlc#realenergyintotheload#kwh,BUNDOORA,0.0,0.39928928,-0.0027286946,0.0,0.0
2025-10-01 07:00:00,solar.bun_tlc#realenergyintotheload#kwh,BUNDOORA,0.0,1.4724293,4.7168865,4.577137,110.0
2025-10-01 08:00:00,solar.bun_tlc#realenergyintotheload#kwh,BUNDOORA,0.0,8.632183,12.820658,12.440814,260.0
2025-10-01 09:00:00,solar.bun_tlc#realenergyintotheload#kwh,BUNDOORA,0.0,12.765812,25.97323,25.203709,511.0
2025-10-01 10:00:00,solar.bun_tlc#realenergyintotheload#kwh,BUNDOORA,0.0,20.429604,17.789915,17.262844,372.0
2025-10-01 11:00:00,solar.bun_tlc#realenergyintotheload#kwh,BUNDOORA,0.0,14.764693,12.414325,12.046519,272.0
2025-10-01 12:00:00,solar.bun_tlc#realenergyintotheload#kwh,BUNDOORA,0.0,18.553001,20.290154,19.689007,433.0
2025-10-01 13:00:00,solar.bun_tlc#realenergyintotheload#kwh,BUNDOORA,0.0,14.859036,10.098501,9.799308,222.0
2025-10-01 14:00:00,solar.bun_tlc#realenergyintotheload#kwh,BUNDOORA,0.0,18.507074,16.169674,15.690607,337.0
2025-10-01 15:00:00,solar.bun_tlc#realenergyintotheload#kwh,BUNDOORA,0.0,20.017338,26.502462,25.71726,543.0
2025-10-01 16:00:00,solar.bun_tlc#realenergyintotheload#kwh,BUNDOORA,0.0,11.58454,9.677635,9.390911,201.0
2025-10-01 17:00:00,solar.bun_tlc#realenergyintotheload#kwh,BUNDOORA,0.0,11.325923,11.548378,11.206228,243.0
2025-10-01 18:00:00,solar.bun_tlc#realenergyintotheload#kwh,BUNDOORA,0.0,4.902202,1.9987881,1.939569,47.0
2025-10-01 19:00:00,solar.bun_tlc#realenergyintotheload#kwh,BUNDOORA,0.0,2.268681,-0.009706879,0.0,0.0
2025-10-01 20:00:00,solar.bun_tlc#realenergyintotheload#kwh,BUNDOORA,0.0,0.8946161,-0.009559482,0.0,0.0
2025-10-01 21:00:00,solar.bun_tlc#realenergyintotheload#kwh,BUNDOORA,0.0,0.09442281,-0.04084324,0.0,0.0
2025-10-01 22:00:00,solar.bun_tlc#realenergyintotheload#kwh,BUNDOORA,0.0,0.33322173,0.0060823206,0.0059021167,0.0
2025-10-01 23:00:00,solar.bun_tlc#realenergyintotheload#kwh,BUNDOORA,0.0,0.38375077,-0.0043774005,0.0,0.0
2025-10-02 00:00:00,solar.bun_tlc#realenergyintotheload#kwh,BUNDOORA,0.0,0.51662457,0.0044385893,0.004307085,0.0
2025-10-02 01:00:00,solar.bun_tlc#realenergyintotheload#kwh,BUNDOORA,0.0,0.11647284,-0.003367121,0.0,0.0
2025-10-02 02:00:00,solar.bun_tlc#realenergyintotheload#kwh,BUNDOORA,0.0,0.01948842,-0.002671423,0.0,0.0
2025-10-02 03:00:00,solar.bun_tlc#realenergyintotheload#kwh,BUNDOORA,0.0,0.06423834,0.0048918547,0.0047469214,0.0
2025-10-02 04:00:00,solar.bun_tlc#realenergyintotheload#kwh,BUNDOORA,0.0,0.17185482,-0.0014828005,0.0,0.0
2025-10-02 05:00:00,solar.bun_tlc#realenergyintotheload#kwh,BUNDOORA,0.0,-0.4305523,-0.0032779975,0.0,0.0
2025-10-02 06:00:00,solar.bun_tlc#realenergyintotheload#kwh,BUNDOORA,0.0,1.7300148,0.0008597951,0.0008343215,0.0
2025-10-02 07:00:00,solar.bun_tlc#realenergyintotheload#kwh,BUNDOORA,0.0,4.401384,3.5060055,3.4021313,78.0
2025-10-02 08:00:00,solar.bun_tlc#realenergyintotheload#kwh,BUNDOORA,0.0,8.358412,7.7855334,7.5548677,158.0
2025-10-02 09:00:00,solar.bun_tlc#realenergyintotheload#kwh,BUNDOORA,0.0,12.970082,25.769058,25.005585,510.0
2025-10-02 10:00:00,solar.bun_tlc#realenergyintotheload#kwh,BUNDOORA,0.0,21.343853,16.104523,15.627386,337.0
2025-10-02 11:00:00,solar.bun_tlc#realenergyintotheload#kwh,BUNDOORA,0.0,16.880713,12.558833,12.186747,265.0
2025-10-02 12:00:00,solar.bun_tlc#realenergyintotheload#kwh,BUNDOORA,0.0,10.862292,5.1716156,5.0183935,107.0
2025-10-02 13:00:00,solar.bun_tlc#realenergyintotheload#kwh,BUNDOORA,0.0,10.828854,4.499114,4.3658166,95.0
2025-10-02 14:00:00,solar.bun_tlc#realenergyintotheload#kwh,BUNDOORA,0.0,12.389829,5.187131,5.033449,109.0
2025-10-02 15:00:00,solar.bun_tlc#realenergyintotheload#kwh,BUNDOORA,0.0,9.084431,4.7773967,4.6358542,103.0
2025-10-02 16:00:00,solar.bun_tlc#realenergyintotheload#kwh,BUNDOORA,0.0,11.49006,6.057531,5.8780613,134.0
2025-10-02 17:00:00,solar.bun_tlc#realenergyintotheload#kwh,BUNDOORA,0.0,4.631484,5.546477,5.3821487,122.0
2025-10-02 18:00:00,solar.bun_tlc#realenergyintotheload#kwh,BUNDOORA,0.0,2.7088175,0.54510105,0.52895105,16.0
2025-10-02 19:00:00,solar.bun_tlc#realenergyintotheload#kwh,BUNDOORA,0.0,0.9596951,-0.012446351,0.0,0.0
2025-10-02 20:00:00,solar.bun_tlc#realenergyintotheload#kwh,BUNDOORA,0.0,0.13252112,0.0015917581,0.0015445983,0.0
2025-10-02 21:00:00,solar.bun_tlc#realenergyintotheload#kwh,BUNDOORA,0.0,-0.056142833,0.0010403094,0.0010094877,0.0
2025-10-02 22:00:00,solar.bun_tlc#realenergyintotheload#kwh,BUNDOORA,0.0,0.07403517,0.0003446107,0.00033440074,0.0
2025-10-02 23:00:00,solar.bun_tlc#realenergyintotheload#kwh,BUNDOORA,0.0,0.14001441,0.00026862705,0.00026066828,0.0
2025-10-03 00:00:00,solar.bun_tlc#realenergyintotheload#kwh,BUNDOORA,0.0,0.17161615,0.00072534545,0.0007038553,0.0
2025-10-03 01:00:00,solar.bun_tlc#realenergyintotheload#kwh,BUNDOORA,0.0,0.21579023,0.0011584884,0.0011241654,0.0
2025-10-03 02:00:00,solar.bun_tlc#realenergyintotheload#kwh,BUNDOORA,0.0,-0.054040294,0.0003446107,0.00033440074,0.0
2025-10-03 03:00:00,solar.bun_tlc#realenergyintotheload#kwh,BUNDOORA,0.0,-0.089056365,0.000746757,0.00072463247,0.0
2025-10-03 04:00:00,solar.bun_tlc#realenergyintotheload#kwh,BUNDOORA,0.0,0.26057243,0.0014424557,0.0013997193,0.0
2025-10-03 05:00:00,solar.bun_tlc#realenergyintotheload#kwh,BUNDOORA,0.0,0.08977001,0.0014424557,0.0013997193,0.0
2025-10-03 06:00:00,solar.bun_tlc#realenergyintotheload#kwh,BUNDOORA,0.0,1.1161106,0.0012716154,0.0012339406,0.0
2025-10-03 07:00:00,solar.bun_tlc#realenergyintotheload#kwh,BUNDOORA,0.0,2.4063194,2.7948391,2.712035,72.0
2025-10-03 08:00:00,solar.bun_tlc#realenergyintotheload#kwh,BUNDOORA,0.0,7.0388465,7.505605,7.2832327,157.0
2025-10-03 09:00:00,solar.bun_tlc#realenergyintotheload#kwh,BUNDOORA,0.0,15.093696,21.84297,21.195818,441.0
2025-10-03 10:00:00,solar.bun_tlc#realenergyintotheload#kwh,BUNDOORA,0.0,13.082532,16.07495,15.598689,334.0
2025-10-03 11:00:00,solar.bun_tlc#realenergyintotheload#kwh,BUNDOORA,0.0,19.939907,22.106007,21.451061,474.0
2025-10-03 12:00:00,solar.bun_tlc#realenergyintotheload#kwh,BUNDOORA,0.0,18.595963,16.884274,16.384035,352.0
2025-10-03 13:00:00,solar.bun_tlc#realenergyintotheload#kwh,BUNDOORA,0.0,19.05582,20.702623,20.089256,443.0
2025-10-03 14:00:00,solar.bun_tlc#realenergyintotheload#kwh,BUNDOORA,0.0,17.385235,11.555119,11.2127695,248.0
2025-10-03 15:00:00,solar.bun_tlc#realenergyintotheload#kwh,BUNDOORA,0.0,14.322515,13.895886,13.484186,289.0
2025-10-03 16:00:00,solar.bun_tlc#realenergyintotheload#kwh,BUNDOORA,0.0,8.459987,10.707262,10.390033,222.0
2025-10-03 17:00:00,solar.bun_tlc#realenergyintotheload#kwh,BUNDOORA,0.0,9.855567,7.6613,7.434315,196.0
2025-10-03 18:00:00,solar.bun_tlc#realenergyintotheload#kwh,BUNDOORA,0.0,4.776475,1.91171,1.8550708,44.0
2025-10-03 19:00:00,solar.bun_tlc#realenergyintotheload#kwh,BUNDOORA,0.0,1.6952758,0.0009960514,0.0009665408,0.0
2025-10-03 20:00:00,solar.bun_tlc#realenergyintotheload#kwh,BUNDOORA,0.0,0.3556662,0.0023137226,0.0022451729,0.0
2025-10-03 21:00:00,solar.bun_tlc#realenergyintotheload#kwh,BUNDOORA,0.0,0.008174818,0.002026918,0.0019668655,0.0
2025-10-03 22:00:00,solar.bun_tlc#realenergyintotheload#kwh,BUNDOORA,0.0,0.0009953636,0.0019636992,0.0019055197,0.0
2025-10-03 23:00:00,solar.bun_tlc#realenergyintotheload#kwh,BUNDOORA,0.0,-0.0047536986,0.002026918,0.0019668655,0.0
2025-10-04 00:00:00,solar.bun_tlc#realenergyintotheload#kwh,BUNDOORA,0.0,-0.024424512,0.0018964355,0.0018402488,0.0
2025-10-04 01:00:00,solar.bun_tlc#realenergyintotheload#kwh,BUNDOORA,0.0,-0.04377522,0.0013314232,0.0012919764,0.0
2025-10-04 02:00:00,solar.bun_tlc#realenergyintotheload#kwh,BUNDOORA,0.0,-0.0446818,0.0013314232,0.0012919764,0.0
2025-10-04 03:00:00,solar.bun_tlc#realenergyintotheload#kwh,BUNDOORA,0.0,-0.009774986,0.0010980741,0.001065541,0.0
2025-10-04 04:00:00,solar.bun_tlc#realenergyintotheload#kwh,BUNDOORA,0.0,-0.007223196,0.0016630865,0.0016138133,0.0
2025-10-04 05:00:00,solar.bun_tlc#realenergyintotheload#kwh,BUNDOORA,0.0,0.013389867,0.0021536069,0.0020898008,0.0
2025-10-04 06:00:00,solar.bun_tlc#realenergyintotheload#kwh,BUNDOORA,0.0,-0.013945354,0.00089289556,0.0008664413,0.0
2025-10-04 07:00:00,solar.bun_tlc#realenergyintotheload#kwh,BUNDOORA,0.0,0.0852595,5.986374,5.8090124,118.0
2025-10-04 08:00:00,solar.bun_tlc#realenergyintotheload#kwh,BUNDOORA,0.0,3.8067904,16.522373,16.032856,325.0
2025-10-04 09:00:00,solar.bun_tlc#realenergyintotheload#kwh,BUNDOORA,0.0,8.722449,25.467194,24.712664,526.0
2025-10-04 10:00:00,solar.bun_tlc#realenergyintotheload#kwh,BUNDOORA,0.0,23.506382,31.835745,30.89253,697.0
2025-10-04 11:00:00,solar.bun_tlc#realenergyintotheload#kwh,BUNDOORA,0.0,34.122192,36.565075,35.481743,816.0
2025-10-04 12:00:00,solar.bun_tlc#realenergyintotheload#kwh,BUNDOORA,0.0,38.91021,38.40189,37.264137,871.0
2025-10-04 13:00:00,solar.bun_tlc#realenergyintotheload#kwh,BUNDOORA,0.0,36.651806,38.26548,37.13177,863.0
2025-10-04 14:00:00,solar.bun_tlc#realenergyintotheload#kwh,BUNDOORA,0.0,33.265224,35.968243,34.90259,792.0
2025-10-04 15:00:00,solar.bun_tlc#realenergyintotheload#kwh,BUNDOORA,0.0,30.249428,32.194954,31.241098,664.0
2025-10-04 16:00:00,solar.bun_tlc#realenergyintotheload#kwh,BUNDOORA,0.0,27.868423,22.306536,21.645649,489.0
2025-10-04 17:00:00,solar.bun_tlc#realenergyintotheload#kwh,BUNDOORA,0.0,21.239992,13.051521,12.664837,282.0
2025-10-04 18:00:00,solar.bun_tlc#realenergyintotheload#kwh,BUNDOORA,0.0,14.908969,3.3746188,3.2746372,76.0
2025-10-04 19:00:00,solar.bun_tlc#realenergyintotheload#kwh,BUNDOORA,0.0,4.764716,0.013196315,0.012805341,0.0
2025-10-04 20:00:00,solar.bun_tlc#realenergyintotheload#kwh,BUNDOORA,0.0,0.72553784,0.008158575,0.007916857,0.0
2025-10-04 21:00:00,solar.bun_tlc#realenergyintotheload#kwh,BUNDOORA,0.0,1.0876161,0.0153937405,0.0149376625,0.0
2025-10-04 22:00:00,solar.bun_tlc#realenergyintotheload#kwh,BUNDOORA,0.0,-0.089657374,0.0062601096,0.006074638,0.0
2025-10-04 23:00:00,solar.bun_tlc#realenergyintotheload#kwh,BUNDOORA,0.0,0.004448749,0.0062601096,0.006074638,0.0
2025-10-05 00:00:00,solar.bun_tlc#realenergyintotheload#kwh,BUNDOORA,0.0,0.28588712,-0.008050347,0.0,0.0
2025-10-05 01:00:00,solar.bun_tlc#realenergyintotheload#kwh,BUNDOORA,0.0,0.29334903,-0.0031546103,0.0,0.0
2025-10-05 02:00:00,solar.bun_tlc#realenergyintotheload#kwh,BUNDOORA,0.0,,,,
2025-10-05 03:00:00,solar.bun_tlc#realenergyintotheload#kwh,BUNDOORA,0.0,0.0885271,-0.047359437,0.0,0.0
2025-10-05 04:00:00,solar.bun_tlc#realenergyintotheload#kwh,BUNDOORA,0.0,0.15311684,-0.03714148,0.0,0.0
2025-10-05 05:00:00,solar.bun_tlc#realenergyintotheload#kwh,BUNDOORA,0.0,0.75382787,-0.037192736,0.0,0.0
2025-10-05 06:00:00,solar.bun_tlc#realenergyintotheload#kwh,BUNDOORA,0.0,0.18307209,0.0012993994,0.0012609015,0.0
2025-10-05 07:00:00,solar.bun_tlc#realenergyintotheload#kwh,BUNDOORA,0.0,2.2159355,0.00987397,0.009581429,0.0
2025-10-05 08:00:00,solar.bun_tlc#realenergyintotheload#kwh,BUNDOORA,0.0,5.286502,2.553282,2.4776347,60.0
2025-10-05 09:00:00,solar.bun_tlc#realenergyintotheload#kwh,BUNDOORA,0.0,10.795403,12.470037,12.100581,254.0
2025-10-05 10:00:00,solar.bun_tlc#realenergyintotheload#kwh,BUNDOORA,0.0,13.380301,12.180376,11.819502,253.0
2025-10-05 11:00:00,solar.bun_tlc#realenergyintotheload#kwh,BUNDOORA,0.0,5.6119413,5.1733637,5.0200896,105.0
2025-10-05 12:00:00,solar.bun_tlc#realenergyintotheload#kwh,BUNDOORA,0.0,5.443213,4.075784,3.955029,84.0
2025-10-05 13:00:00,solar.bun_tlc#realenergyintotheload#kwh,BUNDOORA,0.0,9.159467,8.414931,8.165618,183.0
2025-10-05 14:00:00,solar.bun_tlc#realenergyintotheload#kwh,BUNDOORA,0.0,18.048063,15.172279,14.722763,324.0
2025-10-05 15:00:00,solar.bun_tlc#realenergyintotheload#kwh,BUNDOORA,0.0,15.218754,13.854984,13.444496,298.0
2025-10-05 16:00:00,solar.bun_tlc#realenergyintotheload#kwh,BUNDOORA,0.0,13.073259,8.73698,8.478126,198.0
2025-10-05 17:00:00,solar.bun_tlc#realenergyintotheload#kwh,BUNDOORA,0.0,14.0938425,5.9463625,5.7701864,129.0
2025-10-05 18:00:00,solar.bun_tlc#realenergyintotheload#kwh,BUNDOORA,0.0,4.26599,2.5959525,2.5190408,57.0
2025-10-05 19:00:00,solar.bun_tlc#realenergyintotheload#kwh,BUNDOORA,0.0,3.5180798,0.28907236,0.28050786,9.0
2025-10-05 20:00:00,solar.bun_tlc#realenergyintotheload#kwh,BUNDOORA,0.0,1.8931094,0.015710926,0.015245451,0.0
2025-10-05 21:00:00,solar.bun_tlc#realenergyintotheload#kwh,BUNDOORA,0.0,0.8520296,0.00911841,0.008848255,0.0
2025-10-05 22:00:00,solar.bun_tlc#realenergyintotheload#kwh,BUNDOORA,0.0,-0.0875937,0.0036325452,0.003524922,0.0
2025-10-05 23:00:00,solar.bun_tlc#realenergyintotheload#kwh,BUNDOORA,0.0,0.119350925,0.0036325452,0.003524922,0.0
2025-10-06 00:00:00,solar.bun_tlc#realenergyintotheload#kwh,BUNDOORA,0.0,0.5163819,-0.00063661253,0.0,0.0
2025-10-06 01:00:00,solar.bun_tlc#realenergyintotheload#kwh,BUNDOORA,0.0,0.68879634,0.0029226898,0.0028360977,0.0
2025-10-06 02:00:00,solar.bun_tlc#realenergyintotheload#kwh,BUNDOORA,0.0,-0.009701408,0.0034830796,0.0033798846,0.0
2025-10-06 03:00:00,solar.bun_tlc#realenergyintotheload#kwh,BUNDOORA,0.0,0.049145322,0.0028583577,0.0027736716,0.0
2025-10-06 04:00:00,solar.bun_tlc#realenergyintotheload#kwh,BUNDOORA,0.0,0.01851334,0.0025596302,0.0024837947,0.0
2025-10-06 05:00:00,solar.bun_tlc#realenergyintotheload#kwh,BUNDOORA,0.0,0.035738427,0.0018499378,0.0017951288,0.0
2025-10-06 06:00:00,solar.bun_tlc#realenergyintotheload#kwh,BUNDOORA,0.0,0.12258904,0.0017049626,0.0016544488,0.0
2025-10-06 07:00:00,solar.bun_tlc#realenergyintotheload#kwh,BUNDOORA,0.0,1.0016992,0.0017049626,0.0016544488,0.0
2025-10-06 08:00:00,solar.bun_tlc#realenergyintotheload#kwh,BUNDOORA,0.0,4.077575,2.147581,2.0839536,49.0
2025-10-06 09:00:00,solar.bun_tlc#realenergyintotheload#kwh,BUNDOORA,0.0,9.057894,7.8401976,7.607912,159.0
2025-10-06 10:00:00,solar.bun_tlc#realenergyintotheload#kwh,BUNDOORA,0.0,14.915068,16.11834,15.640794,318.0
2025-10-06 11:00:00,solar.bun_tlc#realenergyintotheload#kwh,BUNDOORA,0.0,21.071573,17.251772,16.740644,350.0
2025-10-06 12:00:00,solar.bun_tlc#realenergyintotheload#kwh,BUNDOORA,0.0,24.463453,31.337196,30.408754,667.0
2025-10-06 13:00:00,solar.bun_tlc#realenergyintotheload#kwh,BUNDOORA,0.0,20.34099,20.547379,19.938612,423.0
2025-10-06 14:00:00,solar.bun_tlc#realenergyintotheload#kwh,BUNDOORA,0.0,22.854916,21.526007,20.888245,454.0
2025-10-06 15:00:00,solar.bun_tlc#realenergyintotheload#kwh,BUNDOORA,0.0,19.687092,19.489206,18.911789,409.0
2025-10-06 16:00:00,solar.bun_tlc#realenergyintotheload#kwh,BUNDOORA,0.0,23.019218,25.329914,24.579453,547.0
2025-10-06 17:00:00,solar.bun_tlc#realenergyintotheload#kwh,BUNDOORA,0.0,15.608417,17.9057,17.3752,353.0
2025-10-06 18:00:00,solar.bun_tlc#realenergyintotheload#kwh,BUNDOORA,0.0,8.120788,11.242283,10.909203,235.0
2025-10-06 19:00:00,solar.bun_tlc#realenergyintotheload#kwh,BUNDOORA,0.0,2.5910835,2.4993258,2.425277,55.0
2025-10-06 20:00:00,solar.bun_tlc#realenergyintotheload#kwh,BUNDOORA,0.0,0.5578336,0.0030147822,0.0029254619,0.0
2025-10-06 21:00:00,solar.bun_tlc#realenergyintotheload#kwh,BUNDOORA,0.0,0.06676976,0.0067446115,0.0065447856,0.0
2025-10-06 22:00:00,solar.bun_tlc#realenergyintotheload#kwh,BUNDOORA,0.0,0.009683792,0.0020296914,0.0019695566,0.0
2025-10-06 23:00:00,solar.bun_tlc#realenergyintotheload#kwh,BUNDOORA,0.0,0.010244509,0.0008296767,0.0008050954,0.0
2025-10-07 00:00:00,solar.bun_tlc#realenergyintotheload#kwh,BUNDOORA,0.0,-0.0026213962,0.00089289556,0.0008664413,0.0
2025-10-07 01:00:00,solar.bun_tlc#realenergyintotheload#kwh,BUNDOORA,0.0,0.0020486368,0.00089289556,0.0008664413,0.0
2025-10-07 02:00:00,solar.bun_tlc#realenergyintotheload#kwh,BUNDOORA,0.0,0.010301415,0.0008296767,0.0008050954,0.0
2025-10-07 03:00:00,solar.bun_tlc#realenergyintotheload#kwh,BUNDOORA,0.0,-0.014002966,0.0008296767,0.0008050954,0.0
2025-10-07 04:00:00,solar.bun_tlc#realenergyintotheload#kwh,BUNDOORA,0.0,-0.0044880654,0.00089289556,0.0008664413,0.0
2025-10-07 05:00:00,solar.bun_tlc#realenergyintotheload#kwh,BUNDOORA,0.0,-0.010201164,0.00089289556,0.0008664413,0.0
2025-10-07 06:00:00,solar.bun_tlc#realenergyintotheload#kwh,BUNDOORA,0.0,0.010633036,0.00040237568,0.00039045428,0.0
2025-10-07 07:00:00,solar.bun_tlc#realenergyintotheload#kwh,BUNDOORA,0.0,-0.023636596,0.0018799275,0.00182423,1.0
2025-10-07 08:00:00,solar.bun_tlc#realenergyintotheload#kwh,BUNDOORA,0.0,1.0067831,6.8221097,6.6199875,138.0
2025-10-07 09:00:00,solar.bun_tlc#realenergyintotheload#kwh,BUNDOORA,0.0,8.230799,18.775688,18.219412,351.0
2025-10-07 10:00:00,solar.bun_tlc#realenergyintotheload#kwh,BUNDOORA,0.0,11.201848,26.93183,26.133907,555.0
2025-10-07 11:00:00,solar.bun_tlc#realenergyintotheload#kwh,BUNDOORA,0.0,29.23767,32.213852,31.259436,666.0
2025-10-07 12:00:00,solar.bun_tlc#realenergyintotheload#kwh,BUNDOORA,0.0,28.263287,29.483932,28.610397,636.0
2025-10-07 13:00:00,solar.bun_tlc#realenergyintotheload#kwh,BUNDOORA,0.0,39.140907,40.126278,38.937435,893.0
2025-10-07 14:00:00,solar.bun_tlc#realenergyintotheload#kwh,BUNDOORA,0.0,39.513474,39.885063,38.70337,890.0
2025-10-07 15:00:00,solar.bun_tlc#realenergyintotheload#kwh,BUNDOORA,0.0,40.06481,36.707924,35.62036,818.0
2025-10-07 16:00:00,solar.bun_tlc#realenergyintotheload#kwh,BUNDOORA,0.0,34.51459,30.97375,30.056074,686.0
2025-10-07 17:00:00,solar.bun_tlc#realenergyintotheload#kwh,BUNDOORA,0.0,24.795353,23.34178,22.65022,508.0
2025-10-07 18:00:00,solar.bun_tlc#realenergyintotheload#kwh,BUNDOORA,0.0,16.629887,14.315755,13.891615,287.0
2025-10-07 19:00:00,solar.bun_tlc#realenergyintotheload#kwh,BUNDOORA,0.0,8.0589285,4.455494,4.3234887,91.0
2025-10-07 20:00:00,solar.bun_tlc#realenergyintotheload#kwh,BUNDOORA,0.0,1.4324051,0.0024840357,0.00241044,0.0
2025-10-07 21:00:00,solar.bun_tlc#realenergyintotheload#kwh,BUNDOORA,0.0,0.14338073,-0.014680784,0.0,0.0
2025-10-07 22:00:00,solar.bun_tlc#realenergyintotheload#kwh,BUNDOORA,0.0,0.019672472,0.0006739143,0.00065394794,0.0
2025-10-07 23:00:00,solar.bun_tlc#realenergyintotheload#kwh,BUNDOORA,0.0,0.08900946,-0.0040201196,0.0,0.0
2025-10-08 00:00:00,solar.bun_tlc#realenergyintotheload#kwh,BUNDOORA,0.0,0.047079638,0.00069899636,0.00067828683,0.0
2025-10-08 01:00:00,solar.bun_tlc#realenergyintotheload#kwh,BUNDOORA,0.0,0.04372282,0.0011262973,0.0010929279,0.0
2025-10-08 02:00:00,solar.bun_tlc#realenergyintotheload#kwh,BUNDOORA,0.0,0.024516335,0.00063365593,0.0006148823,0.0
2025-10-08 03:00:00,solar.bun_tlc#realenergyintotheload#kwh,BUNDOORA,0.0,0.0052676066,3.5225275e-05,3.4181638e-05,0.0
2025-10-08 04:00:00,solar.bun_tlc#realenergyintotheload#kwh,BUNDOORA,0.0,0.0025730217,3.5225275e-05,3.4181638e-05,0.0
2025-10-08 05:00:00,solar.bun_tlc#realenergyintotheload#kwh,BUNDOORA,0.0,-0.076286234,3.5225275e-05,3.4181638e-05,0.0
2025-10-08 06:00:00,solar.bun_tlc#realenergyintotheload#kwh,BUNDOORA,0.0,0.07665743,3.5225275e-05,3.4181638e-05,0.0
2025-10-08 07:00:00,solar.bun_tlc#realenergyintotheload#kwh,BUNDOORA,0.0,1.5344077,0.012313614,0.011948792,2.0
2025-10-08 08:00:00,solar.bun_tlc#realenergyintotheload#kwh,BUNDOORA,0.0,3.6924188,4.5320587,4.397785,94.0
2025-10-08 09:00:00,solar.bun_tlc#realenergyintotheload#kwh,BUNDOORA,0.0,10.687541,11.721974,11.374681,234.0
2025-10-08 10:00:00,solar.bun_tlc#realenergyintotheload#kwh,BUNDOORA,0.0,10.814245,12.685654,12.30981,257.0
2025-10-08 11:00:00,solar.bun_tlc#realenergyintotheload#kwh,BUNDOORA,0.0,21.886097,18.127985,17.590899,382.0
2025-10-08 12:00:00,solar.bun_tlc#realenergyintotheload#kwh,BUNDOORA,0.0,36.93023,37.162094,36.061073,823.0
2025-10-08 13:00:00,solar.bun_tlc#realenergyintotheload#kwh,BUNDOORA,0.0,38.807278,38.76791,37.619312,873.0
2025-10-08 14:00:00,solar.bun_tlc#realenergyintotheload#kwh,BUNDOORA,0.0,27.32724,27.554895,26.738512,591.0
2025-10-08 15:00:00,solar.bun_tlc#realenergyintotheload#kwh,BUNDOORA,0.0,21.870226,25.350256,24.599192,534.0
2025-10-08 16:00:00,solar.bun_tlc#realenergyintotheload#kwh,BUNDOORA,0.0,19.160564,24.16371,23.4478,507.0
2025-10-08 17:00:00,solar.bun_tlc#realenergyintotheload#kwh,BUNDOORA,0.0,10.542804,11.9692545,11.614635,253.0
2025-10-08 18:00:00,solar.bun_tlc#realenergyintotheload#kwh,BUNDOORA,0.0,7.290191,7.3967223,7.177576,166.0
2025-10-08 19:00:00,solar.bun_tlc#realenergyintotheload#kwh,BUNDOORA,0.0,7.111282,3.0357983,2.9458551,73.0
2025-10-08 20:00:00,solar.bun_tlc#realenergyintotheload#kwh,BUNDOORA,0.0,1.898506,-0.0011444977,0.0,0.0
2025-10-08 21:00:00,solar.bun_tlc#realenergyintotheload#kwh,BUNDOORA,0.0,0.6581675,0.007090517,0.0068804426,0.0
2025-10-08 22:00:00,solar.bun_tlc#realenergyintotheload#kwh,BUNDOORA,0.0,0.10922673,0.005202032,0.005047909,0.0
2025-10-08 23:00:00,solar.bun_tlc#realenergyintotheload#kwh,BUNDOORA,0.0,0.18361016,0.0016280437,0.0015798089,0.0
2025-10-09 00:00:00,solar.bun_tlc#realenergyintotheload#kwh,BUNDOORA,0.0,0.043713357,0.0013314232,0.0012919764,0.0
2025-10-09 01:00:00,solar.bun_tlc#realenergyintotheload#kwh,BUNDOORA,0.0,-0.014561534,0.0013314232,0.0012919764,0.0
2025-10-09 02:00:00,solar.bun_tlc#realenergyintotheload#kwh,BUNDOORA,0.0,0.056887235,0.0024866492,0.002412976,0.0
2025-10-09 03:00:00,solar.bun_tlc#realenergyintotheload#kwh,BUNDOORA,0.0,0.014997046,0.0007436888,0.00072165515,0.0
2025-10-09 04:00:00,solar.bun_tlc#realenergyintotheload#kwh,BUNDOORA,0.0,0.25060296,0.0007436888,0.00072165515,0.0
2025-10-09 05:00:00,solar.bun_tlc#realenergyintotheload#kwh,BUNDOORA,0.0,0.060480636,0.00073092396,0.0007092685,0.0
2025-10-09 06:00:00,solar.bun_tlc#realenergyintotheload#kwh,BUNDOORA,0.0,0.05135147,0.0010382137,0.001007454,0.0
2025-10-09 07:00:00,solar.bun_tlc#realenergyintotheload#kwh,BUNDOORA,0.0,0.94426763,0.016017301,0.015542748,2.0
2025-10-09 08:00:00,solar.bun_tlc#realenergyintotheload#kwh,BUNDOORA,0.0,2.9768796,6.6973205,6.4988956,152.0
2025-10-09 09:00:00,solar.bun_tlc#realenergyintotheload#kwh,BUNDOORA,0.0,11.191388,18.886402,18.326845,366.0
2025-10-09 10:00:00,solar.bun_tlc#realenergyintotheload#kwh,BUNDOORA,0.0,17.985157,27.853378,27.028152,566.0
2025-10-09 11:00:00,solar.bun_tlc#realenergyintotheload#kwh,BUNDOORA,0.0,34.510563,33.630028,32.633656,717.0
2025-10-09 12:00:00,solar.bun_tlc#realenergyintotheload#kwh,BUNDOORA,0.0,35.126476,38.462234,37.322693,838.0
2025-10-09 13:00:00,solar.bun_tlc#realenergyintotheload#kwh,BUNDOORA,0.0,24.754791,26.728136,25.936249,575.0
2025-10-09 14:00:00,solar.bun_tlc#realenergyintotheload#kwh,BUNDOORA,0.0,17.866179,20.279745,19.678907,426.0
2025-10-09 15:00:00,solar.bun_tlc#realenergyintotheload#kwh,BUNDOORA,0.0,12.57786,11.191558,10.85998,243.0
2025-10-09 16:00:00,solar.bun_tlc#realenergyintotheload#kwh,BUNDOORA,0.0,21.705544,23.114857,22.430021,479.0
2025-10-09 17:00:00,solar.bun_tlc#realenergyintotheload#kwh,BUNDOORA,0.0,12.295087,11.523132,11.18173,248.0
2025-10-09 18:00:00,solar.bun_tlc#realenergyintotheload#kwh,BUNDOORA,0.0,13.870153,10.868615,10.546605,235.0
2025-10-09 19:00:00,solar.bun_tlc#realenergyintotheload#kwh,BUNDOORA,0.0,8.944406,4.0333505,3.9138525,86.0
2025-10-09 20:00:00,solar.bun_tlc#realenergyintotheload#kwh,BUNDOORA,0.0,4.9355016,-0.024300689,0.0,0.0
2025-10-09 21:00:00,solar.bun_tlc#realenergyintotheload#kwh,BUNDOORA,0.0,0.10185191,-0.026801666,0.0,0.0
2025-10-09 22:00:00,solar.bun_tlc#realenergyintotheload#kwh,BUNDOORA,0.0,0.027385917,0.0039972537,0.003878825,0.0
2025-10-09 23:00:00,solar.bun_tlc#realenergyintotheload#kwh,BUNDOORA,0.0,-0.015125282,-0.0006302733,0.0,0.0
2025-10-10 00:00:00,solar.bun_tlc#realenergyintotheload#kwh,BUNDOORA,0.0,0.11558438,0.00085408275,0.00082877843,0.0
2025-10-10 01:00:00,solar.bun_tlc#realenergyintotheload#kwh,BUNDOORA,0.0,0.4837957,-0.00048036993,0.0,0.0
2025-10-10 02:00:00,solar.bun_tlc#realenergyintotheload#kwh,BUNDOORA,0.0,0.07409309,-0.0037562079,0.0,0.0
2025-10-10 03:00:00,solar.bun_tlc#realenergyintotheload#kwh,BUNDOORA,0.0,0.14753672,0.0104951905,0.010184244,0.0
2025-10-10 04:00:00,solar.bun_tlc#realenergyintotheload#kwh,BUNDOORA,0.0,0.038238313,0.016302649,0.015819643,0.0
2025-10-10 05:00:00,solar.bun_tlc#realenergyintotheload#kwh,BUNDOORA,0.0,-0.26191324,0.015940426,0.015468151,0.0
2025-10-10 06:00:00,solar.bun_tlc#realenergyintotheload#kwh,BUNDOORA,0.0,1.4986503,0.016076822,0.015600506,0.0
2025-10-10 07:00:00,solar.bun_tlc#realenergyintotheload#kwh,BUNDOORA,0.0,1.922385,0.052500118,0.05094467,3.0
2025-10-10 08:00:00,solar.bun_tlc#realenergyintotheload#kwh,BUNDOORA,0.0,7.6072097,6.963357,6.75705,157.0
2025-10-10 09:00:00,solar.bun_tlc#realenergyintotheload#kwh,BUNDOORA,0.0,14.623799,17.48144,16.963509,346.0
2025-10-10 10:00:00,solar.bun_tlc#realenergyintotheload#kwh,BUNDOORA,0.0,22.039242,28.471546,27.628006,564.0
2025-10-10 11:00:00,solar.bun_tlc#realenergyintotheload#kwh,BUNDOORA,0.0,29.87623,33.23559,32.250904,688.0
2025-10-10 12:00:00,solar.bun_tlc#realenergyintotheload#kwh,BUNDOORA,0.0,33.452457,38.067097,36.939262,838.0
2025-10-10 13:00:00,solar.bun_tlc#realenergyintotheload#kwh,BUNDOORA,0.0,22.13856,32.345768,31.387444,687.0
2025-10-10 14:00:00,solar.bun_tlc#realenergyintotheload#kwh,BUNDOORA,0.0,31.63259,35.02587,33.988144,747.0
2025-10-10 15:00:00,solar.bun_tlc#realenergyintotheload#kwh,BUNDOORA,0.0,31.009293,37.162228,36.061203,811.0
2025-10-10 16:00:00,solar.bun_tlc#realenergyintotheload#kwh,BUNDOORA,0.0,32.81039,32.154533,31.201876,675.0
2025-10-10 17:00:00,solar.bun_tlc#realenergyintotheload#kwh,BUNDOORA,0.0,20.567518,20.975996,20.35453,425.0
2025-10-10 18:00:00,solar.bun_tlc#realenergyintotheload#kwh,BUNDOORA,0.0,7.21874,8.279103,8.033814,181.0
2025-10-10 19:00:00,solar.bun_tlc#realenergyintotheload#kwh,BUNDOORA,0.0,8.481233,4.019566,3.9004765,85.0
2025-10-10 20:00:00,solar.bun_tlc#realenergyintotheload#kwh,BUNDOORA,0.0,4.4559407,-0.05074436,0.0,0.0
2025-10-10 21:00:00,solar.bun_tlc#realenergyintotheload#kwh,BUNDOORA,0.0,2.432122,-0.00052254903,0.0,0.0
2025-10-10 22:00:00,solar.bun_tlc#realenergyintotheload#kwh,BUNDOORA,0.0,-0.001082602,0.014870948,0.014430359,0.0
2025-10-10 23:00:00,solar.bun_tlc#realenergyintotheload#kwh,BUNDOORA,0.0,-0.16338995,0.0010337898,0.0010031612,0.0
2025-10-11 00:00:00,solar.bun_tlc#realenergyintotheload#kwh,BUNDOORA,0.0,0.457857,0.0047400654,0.004599629,0.0
2025-10-11 01:00:00,solar.bun_tlc#realenergyintotheload#kwh,BUNDOORA,0.0,0.38917792,0.0039972537,0.003878825,0.0
2025-10-11 02:00:00,solar.bun_tlc#realenergyintotheload#kwh,BUNDOORA,0.0,0.7586376,0.011753549,0.011405321,0.0
2025-10-11 03:00:00,solar.bun_tlc#realenergyintotheload#kwh,BUNDOORA,0.0,0.46842727,0.002233096,0.0021669348,0.0
2025-10-11 04:00:00,solar.bun_tlc#realenergyintotheload#kwh,BUNDOORA,0.0,0.099093445,0.0018539807,0.0017990519,0.0
2025-10-11 05:00:00,solar.bun_tlc#realenergyintotheload#kwh,BUNDOORA,0.0,0.059219785,0.0009643258,0.0009357552,0.0
2025-10-11 06:00:00,solar.bun_tlc#realenergyintotheload#kwh,BUNDOORA,0.0,0.3591988,0.0010275447,0.0009971012,0.0
2025-10-11 07:00:00,solar.bun_tlc#realenergyintotheload#kwh,BUNDOORA,0.0,1.2859546,0.0493101,0.047849163,3.0
2025-10-11 08:00:00,solar.bun_tlc#realenergyintotheload#kwh,BUNDOORA,0.0,3.569242,4.7836986,4.6419697,102.0
2025-10-11 09:00:00,solar.bun_tlc#realenergyintotheload#kwh,BUNDOORA,0.0,15.155423,15.793346,15.325429,316.0
2025-10-11 10:00:00,solar.bun_tlc#realenergyintotheload#kwh,BUNDOORA,0.0,20.394722,24.140785,23.425554,493.0
2025-10-11 11:00:00,solar.bun_tlc#realenergyintotheload#kwh,BUNDOORA,0.0,26.858139,31.453238,30.521357,646.0
2025-10-11 12:00:00,solar.bun_tlc#realenergyintotheload#kwh,BUNDOORA,0.0,35.894547,36.359463,35.282223,803.0
2025-10-11 13:00:00,solar.bun_tlc#realenergyintotheload#kwh,BUNDOORA,0.0,24.044924,31.87627,30.931856,687.0
2025-10-11 14:00:00,solar.bun_tlc#realenergyintotheload#kwh,BUNDOORA,0.0,22.351702,23.301558,22.61119,508.0
2025-10-11 15:00:00,solar.bun_tlc#realenergyintotheload#kwh,BUNDOORA,0.0,21.262789,20.900156,20.280937,445.0
2025-10-11 16:00:00,solar.bun_tlc#realenergyintotheload#kwh,BUNDOORA,0.0,15.206765,14.735056,14.298493,306.0
2025-10-11 17:00:00,solar.bun_tlc#realenergyintotheload#kwh,BUNDOORA,0.0,7.649095,8.681263,8.424059,191.0
2025-10-11 18:00:00,solar.bun_tlc#realenergyintotheload#kwh,BUNDOORA,0.0,11.1561,7.8477187,7.6152105,171.0
2025-10-11 19:00:00,solar.bun_tlc#realenergyintotheload#kwh,BUNDOORA,0.0,3.0836585,1.1462318,1.1122718,28.0
2025-10-11 20:00:00,solar.bun_tlc#realenergyintotheload#kwh,BUNDOORA,0.0,1.7357506,0.009477556,0.009196759,0.0
2025-10-11 21:00:00,solar.bun_tlc#realenergyintotheload#kwh,BUNDOORA,0.0,0.4564059,0.00074305583,0.00072104094,0.0
2025-10-11 22:00:00,solar.bun_tlc#realenergyintotheload#kwh,BUNDOORA,0.0,0.08352014,0.001741834,0.0016902278,0.0
2025-10-11 23:00:00,solar.bun_tlc#realenergyintotheload#kwh,BUNDOORA,0.0,0.05935243,0.0018332166,0.001778903,0.0
2025-10-12 00:00:00,solar.bun_tlc#realenergyintotheload#kwh,BUNDOORA,0.0,-0.019947944,0.0018332166,0.001778903,0.0
2025-10-12 01:00:00,solar.bun_tlc#realenergyintotheload#kwh,BUNDOORA,0.0,0.023118317,0.0020820813,0.0020203944,0.0
2025-10-12 02:00:00,solar.bun_tlc#realenergyintotheload#kwh,BUNDOORA,0.0,-0.029850477,0.0012682043,0.0012306306,0.0
2025-10-12 03:00:00,solar.bun_tlc#realenergyintotheload#kwh,BUNDOORA,0.0,-0.01981898,0.0013314232,0.0012919764,0.0
2025-10-12 04:00:00,solar.bun_tlc#realenergyintotheload#kwh,BUNDOORA,0.0,0.00036878046,0.0015885938,0.0015415278,0.0
2025-10-12 05:00:00,solar.bun_tlc#realenergyintotheload#kwh,BUNDOORA,0.0,0.00036878046,0.001525375,0.0014801819,0.0
2025-10-12 06:00:00,solar.bun_tlc#realenergyintotheload#kwh,BUNDOORA,0.0,0.039431725,-2.7993621e-05,0.0,0.0
2025-10-12 07:00:00,solar.bun_tlc#realenergyintotheload#kwh,BUNDOORA,0.0,0.016901316,0.042594954,0.04133297,3.0
2025-10-12 08:00:00,solar.bun_tlc#realenergyintotheload#kwh,BUNDOORA,0.0,1.8947942,4.7261252,4.586102,103.0
2025-10-12 09:00:00,solar.bun_tlc#realenergyintotheload#kwh,BUNDOORA,0.0,3.5210607,12.487748,12.117767,253.0
2025-10-12 10:00:00,solar.bun_tlc#realenergyintotheload#kwh,BUNDOORA,0.0,13.488655,18.631508,18.079502,372.0
2025-10-12 11:00:00,solar.bun_tlc#realenergyintotheload#kwh,BUNDOORA,0.0,17.775723,22.004992,21.353039,455.0
2025-10-12 12:00:00,solar.bun_tlc#realenergyintotheload#kwh,BUNDOORA,0.0,22.746197,23.239202,22.550682,499.0
2025-10-12 13:00:00,solar.bun_tlc#realenergyintotheload#kwh,BUNDOORA,0.0,19.935244,23.3404,22.648884,502.0
2025-10-12 14:00:00,solar.bun_tlc#realenergyintotheload#kwh,BUNDOORA,0.0,16.318415,22.055088,21.401651,463.0
2025-10-12 15:00:00,solar.bun_tlc#realenergyintotheload#kwh,BUNDOORA,0.0,14.53241,18.432856,17.886736,389.0
2025-10-12 16:00:00,solar.bun_tlc#realenergyintotheload#kwh,BUNDOORA,0.0,12.986519,14.361607,13.936108,298.0
2025-10-12 17:00:00,solar.bun_tlc#realenergyintotheload#kwh,BUNDOORA,0.0,6.1054997,10.063883,9.765715,208.0
2025-10-12 18:00:00,solar.bun_tlc#realenergyintotheload#kwh,BUNDOORA,0.0,10.453054,5.5082126,5.345018,118.0
2025-10-12 19:00:00,solar.bun_tlc#realenergyintotheload#kwh,BUNDOORA,0.0,3.6219447,1.5327197,1.4873091,37.0
2025-10-12 20:00:00,solar.bun_tlc#realenergyintotheload#kwh,BUNDOORA,0.0,1.0601916,0.00048651735,0.00047210307,0.0
2025-10-12 21:00:00,solar.bun_tlc#realenergyintotheload#kwh,BUNDOORA,0.0,0.07847532,0.0010379662,0.0010072138,0.0
2025-10-12 22:00:00,solar.bun_tlc#realenergyintotheload#kwh,BUNDOORA,0.0,0.046076223,0.0010379662,0.0010072138,0.0
2025-10-12 23:00:00,solar.bun_tlc#realenergyintotheload#kwh,BUNDOORA,0.0,-0.09771575,0.00097499485,0.0009461082,0.0
2025-10-13 00:00:00,solar.bun_tlc#realenergyintotheload#kwh,BUNDOORA,0.0,0.045542322,0.0010382137,0.001007454,0.0
2025-10-13 01:00:00,solar.bun_tlc#realenergyintotheload#kwh,BUNDOORA,0.0,0.025480403,3.5225275e-05,3.4181638e-05,0.0
2025-10-13 02:00:00,solar.bun_tlc#realenergyintotheload#kwh,BUNDOORA,0.0,-0.09388691,3.5225275e-05,3.4181638e-05,0.0
2025-10-13 03:00:00,solar.bun_tlc#realenergyintotheload#kwh,BUNDOORA,0.0,-0.0031461818,3.5225275e-05,3.4181638e-05,0.0
2025-10-13 04:00:00,solar.bun_tlc#realenergyintotheload#kwh,BUNDOORA,0.0,-0.027600978,3.5225275e-05,3.4181638e-05,0.0
2025-10-13 05:00:00,solar.bun_tlc#realenergyintotheload#kwh,BUNDOORA,0.0,-0.017774343,3.5225275e-05,3.4181638e-05,0.0
2025-10-13 06:00:00,solar.bun_tlc#realenergyintotheload#kwh,BUNDOORA,0.0,0.082608685,0.00063365593,0.0006148823,0.0
2025-10-13 07:00:00,solar.bun_tlc#realenergyintotheload#kwh,BUNDOORA,0.0,0.044306513,0.16020663,0.1554601,6.0
2025-10-13 08:00:00,solar.bun_tlc#realenergyintotheload#kwh,BUNDOORA,0.0,0.43895686,5.885418,5.7110476,121.0
2025-10-13 09:00:00,solar.bun_tlc#realenergyintotheload#kwh,BUNDOORA,0.0,6.004043,20.611885,20.001207,390.0
2025-10-13 10:00:00,solar.bun_tlc#realenergyintotheload#kwh,BUNDOORA,0.0,17.10817,25.155025,24.409744,477.0
2025-10-13 11:00:00,solar.bun_tlc#realenergyintotheload#kwh,BUNDOORA,0.0,22.11729,25.322273,24.572037,523.0
2025-10-13 12:00:00,solar.bun_tlc#realenergyintotheload#kwh,BUNDOORA,0.0,24.3286,23.33898,22.647505,488.0
2025-10-13 13:00:00,solar.bun_tlc#realenergyintotheload#kwh,BUNDOORA,0.0,25.749865,30.42287,29.521517,652.0
2025-10-13 14:00:00,solar.bun_tlc#realenergyintotheload#kwh,BUNDOORA,0.0,21.313974,40.28696,39.093357,891.0
2025-10-13 15:00:00,solar.bun_tlc#realenergyintotheload#kwh,BUNDOORA,0.0,36.335323,38.335,37.19923,848.0
2025-10-13 16:00:00,solar.bun_tlc#realenergyintotheload#kwh,BUNDOORA,0.0,35.151035,32.076443,31.126099,714.0
2025-10-13 17:00:00,solar.bun_tlc#realenergyintotheload#kwh,BUNDOORA,0.0,26.641203,24.54956,23.822218,531.0
2025-10-13 18:00:00,solar.bun_tlc#realenergyintotheload#kwh,BUNDOORA,0.0,10.839417,16.870405,16.370577,320.0
2025-10-13 19:00:00,solar.bun_tlc#realenergyintotheload#kwh,BUNDOORA,0.0,7.514099,4.9338365,4.787659,100.0
2025-10-13 20:00:00,solar.bun_tlc#realenergyintotheload#kwh,BUNDOORA,0.0,0.5476072,-0.0043872483,0.0,0.0
2025-10-13 21:00:00,solar.bun_tlc#realenergyintotheload#kwh,BUNDOORA,0.0,0.09939244,0.0027349915,0.0026539606,0.0
2025-10-13 22:00:00,solar.bun_tlc#realenergyintotheload#kwh,BUNDOORA,0.0,0.07720074,0.007944629,0.007709249,0.0
2025-10-13 23:00:00,solar.bun_tlc#realenergyintotheload#kwh,BUNDOORA,0.0,0.02278859,0.00160239,0.0015549151,0.0
2025-10-14 00:00:00,solar.bun_tlc#realenergyintotheload#kwh,BUNDOORA,0.0,-0.0006510127,0.00089289556,0.0008664413,0.0
2025-10-14 01:00:00,solar.bun_tlc#realenergyintotheload#kwh,BUNDOORA,0.0,-0.0015524897,0.00040237568,0.00039045428,0.0
2025-10-14 02:00:00,solar.bun_tlc#realenergyintotheload#kwh,BUNDOORA,0.0,-0.00166306,0.00089289556,0.0008664413,0.0
2025-10-14 03:00:00,solar.bun_tlc#realenergyintotheload#kwh,BUNDOORA,0.0,0.002104478,0.00089289556,0.0008664413,0.0
2025-10-14 04:00:00,solar.bun_tlc#realenergyintotheload#kwh,BUNDOORA,0.0,-0.0050448994,0.0008296767,0.0008050954,0.0
2025-10-14 05:00:00,solar.bun_tlc#realenergyintotheload#kwh,BUNDOORA,0.0,0.0010924311,0.00063365593,0.0006148823,0.0
2025-10-14 06:00:00,solar.bun_tlc#realenergyintotheload#kwh,BUNDOORA,0.0,0.08440326,0.0015043805,0.0014598095,0.0
2025-10-14 07:00:00,solar.bun_tlc#realenergyintotheload#kwh,BUNDOORA,0.0,0.85392797,0.28015298,0.27185273,9.0
2025-10-14 08:00:00,solar.bun_tlc#realenergyintotheload#kwh,BUNDOORA,0.0,3.984283,4.4268165,4.295661,98.0
2025-10-14 09:00:00,solar.bun_tlc#realenergyintotheload#kwh,BUNDOORA,0.0,10.710553,11.7908745,11.441541,233.0
2025-10-14 10:00:00,solar.bun_tlc#realenergyintotheload#kwh,BUNDOORA,0.0,10.873146,13.469457,13.070391,277.0
2025-10-14 11:00:00,solar.bun_tlc#realenergyintotheload#kwh,BUNDOORA,0.0,19.548164,21.85189,21.204473,453.0
2025-10-14 12:00:00,solar.bun_tlc#realenergyintotheload#kwh,BUNDOORA,0.0,24.995466,35.82107,34.75978,789.0
2025-10-14 13:00:00,solar.bun_tlc#realenergyintotheload#kwh,BUNDOORA,0.0,28.661316,38.186382,37.055016,853.0
2025-10-14 14:00:00,solar.bun_tlc#realenergyintotheload#kwh,BUNDOORA,0.0,35.880344,40.44931,39.250896,909.0
2025-10-14 15:00:00,solar.bun_tlc#realenergyintotheload#kwh,BUNDOORA,0.0,39.22943,37.63237,36.517418,835.0
2025-10-14 16:00:00,solar.bun_tlc#realenergyintotheload#kwh,BUNDOORA,0.0,34.773094,32.01555,31.067007,702.0
2025-10-14 17:00:00,solar.bun_tlc#realenergyintotheload#kwh,BUNDOORA,0.0,25.759401,23.729622,23.026573,522.0
2025-10-14 18:00:00,solar.bun_tlc#realenergyintotheload#kwh,BUNDOORA,0.0,18.26385,15.631728,15.168599,316.0
2025-10-14 19:00:00,solar.bun_tlc#realenergyintotheload#kwh,BUNDOORA,0.0,10.967224,4.971281,4.8239946,105.0
2025-10-14 20:00:00,solar.bun_tlc#realenergyintotheload#kwh,BUNDOORA,0.0,4.8428206,0.007090517,0.0068804426,0.0
2025-10-14 21:00:00,solar.bun_tlc#realenergyintotheload#kwh,BUNDOORA,0.0,1.0524113,0.0071831406,0.006970322,0.0
2025-10-14 22:00:00,solar.bun_tlc#realenergyintotheload#kwh,BUNDOORA,0.0,-0.017830761,0.0020409173,0.00198045,0.0
2025-10-14 23:00:00,solar.bun_tlc#realenergyintotheload#kwh,BUNDOORA,0.0,0.028394744,0.0020409173,0.00198045,0.0
2025-10-15 00:00:00,solar.bun_tlc#realenergyintotheload#kwh,BUNDOORA,0.0,0.05958721,0.0010980741,0.001065541,0.0
2025-10-15 01:00:00,solar.bun_tlc#realenergyintotheload#kwh,BUNDOORA,0.0,0.011313414,0.0010980741,0.001065541,0.0
2025-10-15 02:00:00,solar.bun_tlc#realenergyintotheload#kwh,BUNDOORA,0.0,0.0027753087,0.0010980741,0.001065541,0.0
2025-10-15 03:00:00,solar.bun_tlc#realenergyintotheload#kwh,BUNDOORA,0.0,-0.013482559,0.00089289556,0.0008664413,0.0
2025-10-15 04:00:00,solar.bun_tlc#realenergyintotheload#kwh,BUNDOORA,0.0,-0.020089101,0.0009673884,0.0009387271,0.0
2025-10-15 05:00:00,solar.bun_tlc#realenergyintotheload#kwh,BUNDOORA,0.0,-0.020089101,0.0009673884,0.0009387271,0.0
2025-10-15 06:00:00,solar.bun_tlc#realenergyintotheload#kwh,BUNDOORA,0.0,0.07806204,0.0009673884,0.0009387271,0.0
2025-10-15 07:00:00,solar.bun_tlc#realenergyintotheload#kwh,BUNDOORA,0.0,0.010632591,0.33999437,0.3299212,10.0
2025-10-15 08:00:00,solar.bun_tlc#realenergyintotheload#kwh,BUNDOORA,0.0,0.324213,9.141006,8.870181,177.0
2025-10-15 09:00:00,solar.bun_tlc#realenergyintotheload#kwh,BUNDOORA,0.0,4.8785453,20.080618,19.48568,390.0
2025-10-15 10:00:00,solar.bun_tlc#realenergyintotheload#kwh,BUNDOORA,0.0,20.016214,28.82454,27.970541,592.0
2025-10-15 11:00:00,solar.bun_tlc#realenergyintotheload#kwh,BUNDOORA,0.0,33.016556,35.16652,34.124622,759.0
2025-10-15 12:00:00,solar.bun_tlc#realenergyintotheload#kwh,BUNDOORA,0.0,41.085766,38.453926,37.314632,876.0
2025-10-15 13:00:00,solar.bun_tlc#realenergyintotheload#kwh,BUNDOORA,0.0,39.834442,40.513866,39.31354,929.0
2025-10-15 14:00:00,solar.bun_tlc#realenergyintotheload#kwh,BUNDOORA,0.0,39.55235,40.286484,39.092896,919.0
2025-10-15 15:00:00,solar.bun_tlc#realenergyintotheload#kwh,BUNDOORA,0.0,38.551586,37.59363,36.479828,843.0
2025-10-15 16:00:00,solar.bun_tlc#realenergyintotheload#kwh,BUNDOORA,0.0,33.655907,32.373238,31.414099,709.0
2025-10-15 17:00:00,solar.bun_tlc#realenergyintotheload#kwh,BUNDOORA,0.0,25.45426,24.445879,23.72161,529.0
2025-10-15 18:00:00,solar.bun_tlc#realenergyintotheload#kwh,BUNDOORA,0.0,26.717646,15.632184,15.169042,319.0
2025-10-15 19:00:00,solar.bun_tlc#realenergyintotheload#kwh,BUNDOORA,0.0,15.601042,4.8191495,4.67637,105.0
2025-10-15 20:00:00,solar.bun_tlc#realenergyintotheload#kwh,BUNDOORA,0.0,3.2503002,0.0046994844,0.0045602503,0.0
2025-10-15 21:00:00,solar.bun_tlc#realenergyintotheload#kwh,BUNDOORA,0.0,0.51585454,0.0013314232,0.0012919764,0.0
2025-10-15 22:00:00,solar.bun_tlc#realenergyintotheload#kwh,BUNDOORA,0.0,0.00017355563,0.0013314232,0.0012919764,0.0
2025-10-15 23:00:00,solar.bun_tlc#realenergyintotheload#kwh,BUNDOORA,0.0,0.021624407,0.0018964355,0.0018402488,0.0
2025-10-16 00:00:00,solar.bun_tlc#realenergyintotheload#kwh,BUNDOORA,0.0,-0.009194541,0.0018964355,0.0018402488,0.0
2025-10-16 01:00:00,solar.bun_tlc#realenergyintotheload#kwh,BUNDOORA,0.0,-0.008208761,0.0013314232,0.0012919764,0.0
2025-10-16 02:00:00,solar.bun_tlc#realenergyintotheload#kwh,BUNDOORA,0.0,-0.03443576,0.0013314232,0.0012919764,0.0
2025-10-16 03:00:00,solar.bun_tlc#realenergyintotheload#kwh,BUNDOORA,0.0,-0.03910579,0.0012682043,0.0012306306,0.0
2025-10-16 04:00:00,solar.bun_tlc#realenergyintotheload#kwh,BUNDOORA,0.0,0.027394809,0.0004737526,0.00045971648,0.0
2025-10-16 05:00:00,solar.bun_tlc#realenergyintotheload#kwh,BUNDOORA,0.0,-0.02772895,0.0013348343,0.0012952865,0.0
2025-10-16 06:00:00,solar.bun_tlc#realenergyintotheload#kwh,BUNDOORA,0.0,0.6988474,-0.0036803237,0.0,0.0
2025-10-16 07:00:00,solar.bun_tlc#realenergyintotheload#kwh,BUNDOORA,0.0,3.741671,0.41152692,0.3993344,13.0
2025-10-16 08:00:00,solar.bun_tlc#realenergyintotheload#kwh,BUNDOORA,0.0,9.167987,9.663872,9.377556,186.0
2025-10-16 09:00:00,solar.bun_tlc#realenergyintotheload#kwh,BUNDOORA,0.0,22.169891,20.30432,19.702753,399.0
2025-10-16 10:00:00,solar.bun_tlc#realenergyintotheload#kwh,BUNDOORA,0.0,31.283995,29.358019,28.488214,597.0
2025-10-16 11:00:00,solar.bun_tlc#realenergyintotheload#kwh,BUNDOORA,0.0,33.937,35.375084,34.327007,762.0
2025-10-16 12:00:00,solar.bun_tlc#realenergyintotheload#kwh,BUNDOORA,0.0,35.59659,38.30776,37.172794,871.0
2025-10-16 13:00:00,solar.bun_tlc#realenergyintotheload#kwh,BUNDOORA,0.0,35.517822,40.4228,39.22517,914.0
2025-10-16 14:00:00,solar.bun_tlc#realenergyintotheload#kwh,BUNDOORA,0.0,32.857555,38.387035,37.24972,849.0
2025-10-16 15:00:00,solar.bun_tlc#realenergyintotheload#kwh,BUNDOORA,0.0,20.805288,16.496866,16.008106,360.0
2025-10-16 16:00:00,solar.bun_tlc#realenergyintotheload#kwh,BUNDOORA,0.0,6.806967,2.3550773,2.2853022,52.0
2025-10-16 17:00:00,solar.bun_tlc#realenergyintotheload#kwh,BUNDOORA,0.0,12.484906,8.040992,7.8027573,168.0
2025-10-16 18:00:00,solar.bun_tlc#realenergyintotheload#kwh,BUNDOORA,0.0,4.6293683,1.3739848,1.3332771,30.0
2025-10-16 19:00:00,solar.bun_tlc#realenergyintotheload#kwh,BUNDOORA,0.0,5.5293574,0.77798337,0.75493366,18.0
2025-10-16 20:00:00,solar.bun_tlc#realenergyintotheload#kwh,BUNDOORA,0.0,4.0895834,0.004377175,0.0042474903,0.0
2025-10-16 21:00:00,solar.bun_tlc#realenergyintotheload#kwh,BUNDOORA,0.0,0.26230448,-0.01093357,0.0,0.0
2025-10-16 22:00:00,solar.bun_tlc#realenergyintotheload#kwh,BUNDOORA,0.0,-0.20157932,-0.010235231,0.0,0.0
2025-10-16 23:00:00,solar.bun_tlc#realenergyintotheload#kwh,BUNDOORA,0.0,0.3798728,0.010560772,0.010247883,0.0
2025-10-17 00:00:00,solar.bun_tlc#realenergyintotheload#kwh,BUNDOORA,0.0,0.1085162,0.0016175165,0.0015695936,0.0
2025-10-17 01:00:00,solar.bun_tlc#realenergyintotheload#kwh,BUNDOORA,0.0,-0.116735876,0.00018233672,0.00017693454,0.0
2025-10-17 02:00:00,solar.bun_tlc#realenergyintotheload#kwh,BUNDOORA,0.0,0.048404213,0.00018233672,0.00017693454,0.0
2025-10-17 03:00:00,solar.bun_tlc#realenergyintotheload#kwh,BUNDOORA,0.0,0.0058989557,0.00058203476,0.0005647905,0.0
2025-10-17 04:00:00,solar.bun_tlc#realenergyintotheload#kwh,BUNDOORA,0.0,0.058967825,0.0014688175,0.0014253,0.0
2025-10-17 05:00:00,solar.bun_tlc#realenergyintotheload#kwh,BUNDOORA,0.0,0.027578553,0.0014308773,0.0013884839,0.0
2025-10-17 06:00:00,solar.bun_tlc#realenergyintotheload#kwh,BUNDOORA,0.0,0.27415538,0.0014308773,0.0013884839,0.0
2025-10-17 07:00:00,solar.bun_tlc#realenergyintotheload#kwh,BUNDOORA,0.0,0.47263986,0.2032783,0.19725567,7.0
2025-10-17 08:00:00,solar.bun_tlc#realenergyintotheload#kwh,BUNDOORA,0.0,2.1293023,4.3527617,4.2238,99.0
2025-10-17 09:00:00,solar.bun_tlc#realenergyintotheload#kwh,BUNDOORA,0.0,10.43898,17.851198,17.322311,344.0
2025-10-17 10:00:00,solar.bun_tlc#realenergyintotheload#kwh,BUNDOORA,0.0,21.483908,26.295444,25.516376,533.0
2025-10-17 11:00:00,solar.bun_tlc#realenergyintotheload#kwh,BUNDOORA,0.0,20.905127,19.40481,18.829893,410.0
2025-10-17 12:00:00,solar.bun_tlc#realenergyintotheload#kwh,BUNDOORA,0.0,16.711054,32.572,31.606972,693.0
2025-10-17 13:00:00,solar.bun_tlc#realenergyintotheload#kwh,BUNDOORA,0.0,22.525415,31.936262,30.99007,687.0
2025-10-17 14:00:00,solar.bun_tlc#realenergyintotheload#kwh,BUNDOORA,0.0,41.871506,40.24781,39.055367,923.0
2025-10-17 15:00:00,solar.bun_tlc#realenergyintotheload#kwh,BUNDOORA,0.0,38.508106,37.901913,36.778973,837.0
2025-10-17 16:00:00,solar.bun_tlc#realenergyintotheload#kwh,BUNDOORA,0.0,30.469917,32.02046,31.071772,664.0
2025-10-17 17:00:00,solar.bun_tlc#realenergyintotheload#kwh,BUNDOORA,0.0,18.110271,16.144014,15.665708,321.0
2025-10-17 18:00:00,solar.bun_tlc#realenergyintotheload#kwh,BUNDOORA,0.0,12.654912,13.933605,13.520787,270.0
2025-10-17 19:00:00,solar.bun_tlc#realenergyintotheload#kwh,BUNDOORA,0.0,3.1140308,2.188103,2.123275,52.0
2025-10-17 20:00:00,solar.bun_tlc#realenergyintotheload#kwh,BUNDOORA,0.0,0.5041013,-0.014744002,0.0,0.0
2025-10-17 21:00:00,solar.bun_tlc#realenergyintotheload#kwh,BUNDOORA,0.0,-0.0037542125,0.010904231,0.010581166,0.0
2025-10-17 22:00:00,solar.bun_tlc#realenergyintotheload#kwh,BUNDOORA,0.0,0.062380668,0.0078814095,0.007647903,0.0
2025-10-17 23:00:00,solar.bun_tlc#realenergyintotheload#kwh,BUNDOORA,0.0,0.2066246,0.007819396,0.007587727,0.0
2025-10-18 00:00:00,solar.bun_tlc#realenergyintotheload#kwh,BUNDOORA,0.0,0.060729366,0.007944629,0.007709249,0.0
2025-10-18 01:00:00,solar.bun_tlc#realenergyintotheload#kwh,BUNDOORA,0.0,0.023712281,0.0020929102,0.0020309025,0.0
2025-10-18 02:00:00,solar.bun_tlc#realenergyintotheload#kwh,BUNDOORA,0.0,0.003967265,0.0020929102,0.0020309025,0.0
2025-10-18 03:00:00,solar.bun_tlc#realenergyintotheload#kwh,BUNDOORA,0.0,0.0030657882,0.0009673884,0.0009387271,0.0
2025-10-18 04:00:00,solar.bun_tlc#realenergyintotheload#kwh,BUNDOORA,0.0,0.0030657882,0.0009673884,0.0009387271,0.0
2025-10-18 05:00:00,solar.bun_tlc#realenergyintotheload#kwh,BUNDOORA,0.0,0.0030657882,0.00040237568,0.00039045428,0.0
2025-10-18 06:00:00,solar.bun_tlc#realenergyintotheload#kwh,BUNDOORA,0.0,0.0883214,0.00040237568,0.00039045428,0.0
2025-10-18 07:00:00,solar.bun_tlc#realenergyintotheload#kwh,BUNDOORA,0.0,0.19144201,0.23637618,0.22937295,8.0
2025-10-18 08:00:00,solar.bun_tlc#realenergyintotheload#kwh,BUNDOORA,0.0,1.9560957,6.4465113,6.255517,137.0
2025-10-18 09:00:00,solar.bun_tlc#realenergyintotheload#kwh,BUNDOORA,0.0,5.580816,8.773897,8.513948,180.0
2025-10-18 10:00:00,solar.bun_tlc#realenergyintotheload#kwh,BUNDOORA,0.0,15.030043,19.257458,18.686907,381.0
2025-10-18 11:00:00,solar.bun_tlc#realenergyintotheload#kwh,BUNDOORA,0.0,20.08291,31.690292,30.751389,648.0
2025-10-18 12:00:00,solar.bun_tlc#realenergyintotheload#kwh,BUNDOORA,0.0,27.960405,36.58873,35.504696,807.0
2025-10-18 13:00:00,solar.bun_tlc#realenergyintotheload#kwh,BUNDOORA,0.0,37.87092,40.72804,39.52137,932.0
2025-10-18 14:00:00,solar.bun_tlc#realenergyintotheload#kwh,BUNDOORA,0.0,33.26784,40.366486,39.17053,922.0
2025-10-18 15:00:00,solar.bun_tlc#realenergyintotheload#kwh,BUNDOORA,0.0,35.73725,38.013107,36.886875,848.0
2025-10-18 16:00:00,solar.bun_tlc#realenergyintotheload#kwh,BUNDOORA,0.0,34.308727,32.850655,31.87737,716.0
2025-10-18 17:00:00,solar.bun_tlc#realenergyintotheload#kwh,BUNDOORA,0.0,28.190746,25.579502,24.821646,539.0
2025-10-18 18:00:00,solar.bun_tlc#realenergyintotheload#kwh,BUNDOORA,0.0,18.857908,16.574434,16.083376,331.0
2025-10-18 19:00:00,solar.bun_tlc#realenergyintotheload#kwh,BUNDOORA,0.0,9.294973,5.392265,5.2325053,124.0
2025-10-18 20:00:00,solar.bun_tlc#realenergyintotheload#kwh,BUNDOORA,0.0,2.5904324,0.0022665635,0.002199411,0.0
2025-10-18 21:00:00,solar.bun_tlc#realenergyintotheload#kwh,BUNDOORA,0.0,0.45388752,0.009899445,0.009606149,0.0
2025-10-18 22:00:00,solar.bun_tlc#realenergyintotheload#kwh,BUNDOORA,0.0,-0.0582196,0.001369612,0.0013290338,0.0
2025-10-18 23:00:00,solar.bun_tlc#realenergyintotheload#kwh,BUNDOORA,0.0,0.035330944,0.00051194197,0.0004967744,0.0
2025-10-19 00:00:00,solar.bun_tlc#realenergyintotheload#kwh,BUNDOORA,0.0,-0.062388487,0.011753549,0.011405321,0.0
2025-10-19 01:00:00,solar.bun_tlc#realenergyintotheload#kwh,BUNDOORA,0.0,0.040683076,0.0011683679,0.001133752,0.0
2025-10-19 02:00:00,solar.bun_tlc#realenergyintotheload#kwh,BUNDOORA,0.0,0.27380815,-0.045741618,0.0,0.0
2025-10-19 03:00:00,solar.bun_tlc#realenergyintotheload#kwh,BUNDOORA,0.0,0.44575995,-0.043498285,0.0,0.0
2025-10-19 04:00:00,solar.bun_tlc#realenergyintotheload#kwh,BUNDOORA,0.0,0.13900521,-0.055133794,0.0,0.0
2025-10-19 05:00:00,solar.bun_tlc#realenergyintotheload#kwh,BUNDOORA,0.0,-0.13060339,-0.037181303,0.0,0.0
2025-10-19 06:00:00,solar.bun_tlc#realenergyintotheload#kwh,BUNDOORA,0.0,0.29982683,-0.028132796,0.0,0.0
2025-10-19 07:00:00,solar.bun_tlc#realenergyintotheload#kwh,BUNDOORA,0.0,2.9790306,0.37886906,0.3676441,12.0
2025-10-19 08:00:00,solar.bun_tlc#realenergyintotheload#kwh,BUNDOORA,0.0,5.9306912,4.997521,4.849457,95.0
2025-10-19 09:00:00,solar.bun_tlc#realenergyintotheload#kwh,BUNDOORA,0.0,7.845948,6.344673,6.1566963,134.0
2025-10-19 10:00:00,solar.bun_tlc#realenergyintotheload#kwh,BUNDOORA,0.0,19.068184,15.734416,15.268245,332.0
2025-10-19 11:00:00,solar.bun_tlc#realenergyintotheload#kwh,BUNDOORA,0.0,7.4369287,5.36261,5.203729,107.0
2025-10-19 12:00:00,solar.bun_tlc#realenergyintotheload#kwh,BUNDOORA,0.0,7.1952076,4.8309007,4.687773,94.0
2025-10-19 13:00:00,solar.bun_tlc#realenergyintotheload#kwh,BUNDOORA,0.0,10.36034,9.384808,9.106759,222.0
2025-10-19 14:00:00,solar.bun_tlc#realenergyintotheload#kwh,BUNDOORA,0.0,11.340277,9.377903,9.1000595,220.0
2025-10-19 15:00:00,solar.bun_tlc#realenergyintotheload#kwh,BUNDOORA,0.0,12.69868,6.0366445,5.857794,131.0
2025-10-19 16:00:00,solar.bun_tlc#realenergyintotheload#kwh,BUNDOORA,0.0,20.797104,17.050032,16.544882,374.0
2025-10-19 17:00:00,solar.bun_tlc#realenergyintotheload#kwh,BUNDOORA,0.0,6.8453784,3.8034909,3.690803,77.0
2025-10-19 18:00:00,solar.bun_tlc#realenergyintotheload#kwh,BUNDOORA,0.0,5.0080113,2.97191,2.8838596,67.0
2025-10-19 19:00:00,solar.bun_tlc#realenergyintotheload#kwh,BUNDOORA,0.0,4.9367642,0.39985728,0.3880105,11.0
2025-10-19 20:00:00,solar.bun_tlc#realenergyintotheload#kwh,BUNDOORA,0.0,0.54764473,0.008594322,0.008339694,0.0
2025-10-19 21:00:00,solar.bun_tlc#realenergyintotheload#kwh,BUNDOORA,0.0,0.46828696,0.035086997,0.03404746,0.0
2025-10-19 22:00:00,solar.bun_tlc#realenergyintotheload#kwh,BUNDOORA,0.0,0.41578463,0.01721219,0.016702235,0.0
2025-10-19 23:00:00,solar.bun_tlc#realenergyintotheload#kwh,BUNDOORA,0.0,0.035875395,0.001143611,0.0011097287,0.0
2025-10-20 00:00:00,solar.bun_tlc#realenergyintotheload#kwh,BUNDOORA,0.0,-0.0027478142,0.0009962145,0.0009666991,0.0
2025-10-20 01:00:00,solar.bun_tlc#realenergyintotheload#kwh,BUNDOORA,0.0,-0.030150518,0.0011506174,0.0011165275,0.0
2025-10-20 02:00:00,solar.bun_tlc#realenergyintotheload#kwh,BUNDOORA,0.0,-0.030150518,0.0011506174,0.0011165275,0.0
2025-10-20 03:00:00,solar.bun_tlc#realenergyintotheload#kwh,BUNDOORA,0.0,-0.030150518,0.0010032208,0.00097349787,0.0
2025-10-20 04:00:00,solar.bun_tlc#realenergyintotheload#kwh,BUNDOORA,0.0,-0.030150518,0.0011506174,0.0011165275,0.0
2025-10-20 05:00:00,solar.bun_tlc#realenergyintotheload#kwh,BUNDOORA,0.0,0.14003935,0.0010032208,0.00097349787,0.0
2025-10-20 06:00:00,solar.bun_tlc#realenergyintotheload#kwh,BUNDOORA,0.0,0.27944553,0.0010032208,0.00097349787,0.0
2025-10-20 07:00:00,solar.bun_tlc#realenergyintotheload#kwh,BUNDOORA,0.0,0.39420527,0.21246266,0.20616792,6.0
2025-10-20 08:00:00,solar.bun_tlc#realenergyintotheload#kwh,BUNDOORA,0.0,0.35587522,2.857324,2.7726686,62.0
2025-10-20 09:00:00,solar.bun_tlc#realenergyintotheload#kwh,BUNDOORA,0.0,2.6370058,2.9474487,2.8601232,63.0
2025-10-20 10:00:00,solar.bun_tlc#realenergyintotheload#kwh,BUNDOORA,0.0,5.4363956,4.9813285,4.833744,105.0
2025-10-20 11:00:00,solar.bun_tlc#realenergyintotheload#kwh,BUNDOORA,0.0,3.3014708,2.210193,2.1447105,50.0
2025-10-20 12:00:00,solar.bun_tlc#realenergyintotheload#kwh,BUNDOORA,0.0,4.1370363,2.9404209,2.8533034,62.0
2025-10-20 13:00:00,solar.bun_tlc#realenergyintotheload#kwh,BUNDOORA,0.0,5.8142157,5.554911,5.390333,118.0
2025-10-20 14:00:00,solar.bun_tlc#realenergyintotheload#kwh,BUNDOORA,0.0,8.140321,4.471792,4.339304,96.0
2025-10-20 15:00:00,solar.bun_tlc#realenergyintotheload#kwh,BUNDOORA,0.0,12.693531,7.637973,7.411679,164.0
2025-10-20 16:00:00,solar.bun_tlc#realenergyintotheload#kwh,BUNDOORA,0.0,13.890402,17.417969,16.901918,368.0
2025-10-20 17:00:00,solar.bun_tlc#realenergyintotheload#kwh,BUNDOORA,0.0,16.320421,16.67342,16.179428,345.0
2025-10-20 18:00:00,solar.bun_tlc#realenergyintotheload#kwh,BUNDOORA,0.0,21.302914,14.485969,14.056786,272.0
2025-10-20 19:00:00,solar.bun_tlc#realenergyintotheload#kwh,BUNDOORA,0.0,6.505533,2.2163572,2.150692,52.0
2025-10-20 20:00:00,solar.bun_tlc#realenergyintotheload#kwh,BUNDOORA,0.0,1.4155266,0.005484274,0.0053217886,0.0
2025-10-20 21:00:00,solar.bun_tlc#realenergyintotheload#kwh,BUNDOORA,0.0,0.21379143,0.0010089646,0.0009790715,0.0
2025-10-20 22:00:00,solar.bun_tlc#realenergyintotheload#kwh,BUNDOORA,0.0,-0.015248226,0.0010721834,0.0010404172,0.0
2025-10-20 23:00:00,solar.bun_tlc#realenergyintotheload#kwh,BUNDOORA,0.0,-0.024489015,0.0012682043,0.0012306306,0.0
2025-10-21 00:00:00,solar.bun_tlc#realenergyintotheload#kwh,BUNDOORA,0.0,0.020894356,0.0010700141,0.0010383122,0.0
2025-10-21 01:00:00,solar.bun_tlc#realenergyintotheload#kwh,BUNDOORA,0.0,0.017386084,0.001741834,0.0016902278,0.0
2025-10-21 02:00:00,solar.bun_tlc#realenergyintotheload#kwh,BUNDOORA,0.0,0.032494895,0.0024866492,0.002412976,0.0
2025-10-21 03:00:00,solar.bun_tlc#realenergyintotheload#kwh,BUNDOORA,0.0,-0.0016802748,0.0024866492,0.002412976,0.0
2025-10-21 04:00:00,solar.bun_tlc#realenergyintotheload#kwh,BUNDOORA,0.0,0.0044941604,0.0030516621,0.002961249,0.0
2025-10-21 05:00:00,solar.bun_tlc#realenergyintotheload#kwh,BUNDOORA,0.0,0.0068421033,0.0030516621,0.002961249,0.0
2025-10-21 06:00:00,solar.bun_tlc#realenergyintotheload#kwh,BUNDOORA,0.0,0.11974556,0.002090388,0.002028455,0.0
2025-10-21 07:00:00,solar.bun_tlc#realenergyintotheload#kwh,BUNDOORA,0.0,0.189653,0.4251786,0.41258162,12.0
2025-10-21 08:00:00,solar.bun_tlc#realenergyintotheload#kwh,BUNDOORA,0.0,0.21818571,5.870705,5.6967707,126.0
2025-10-21 09:00:00,solar.bun_tlc#realenergyintotheload#kwh,BUNDOORA,0.0,7.757645,20.908592,20.289124,411.0
2025-10-21 10:00:00,solar.bun_tlc#realenergyintotheload#kwh,BUNDOORA,0.0,18.693647,30.272165,29.375277,613.0
2025-10-21 11:00:00,solar.bun_tlc#realenergyintotheload#kwh,BUNDOORA,0.0,22.379364,36.880825,35.78814,777.0
2025-10-21 12:00:00,solar.bun_tlc#realenergyintotheload#kwh,BUNDOORA,0.0,30.452581,34.39493,33.375896,754.0
2025-10-21 13:00:00,solar.bun_tlc#realenergyintotheload#kwh,BUNDOORA,0.0,40.26666,40.534588,39.33365,933.0
2025-10-21 14:00:00,solar.bun_tlc#realenergyintotheload#kwh,BUNDOORA,0.0,32.544544,37.532143,36.42016,835.0
2025-10-21 15:00:00,solar.bun_tlc#realenergyintotheload#kwh,BUNDOORA,0.0,38.601727,36.59237,35.50823,832.0
2025-10-21 16:00:00,solar.bun_tlc#realenergyintotheload#kwh,BUNDOORA,0.0,16.881142,15.641097,15.1776905,332.0
2025-10-21 17:00:00,solar.bun_tlc#realenergyintotheload#kwh,BUNDOORA,0.0,11.278721,9.654434,9.368398,203.0
2025-10-21 18:00:00,solar.bun_tlc#realenergyintotheload#kwh,BUNDOORA,0.0,5.144342,3.7526011,3.6414208,82.0
2025-10-21 19:00:00,solar.bun_tlc#realenergyintotheload#kwh,BUNDOORA,0.0,3.0774834,0.48194703,0.46766815,13.0
2025-10-21 20:00:00,solar.bun_tlc#realenergyintotheload#kwh,BUNDOORA,0.0,0.019596862,0.017666133,0.01714273,0.0
2025-10-21 21:00:00,solar.bun_tlc#realenergyintotheload#kwh,BUNDOORA,0.0,-0.04474359,-0.024905592,0.0,0.0
2025-10-21 22:00:00,solar.bun_tlc#realenergyintotheload#kwh,BUNDOORA,0.0,-0.23971795,-0.024905592,0.0,0.0
2025-10-21 23:00:00,solar.bun_tlc#realenergyintotheload#kwh,BUNDOORA,0.0,0.48978654,-0.026637765,0.0,0.0
2025-10-22 00:00:00,solar.bun_tlc#realenergyintotheload#kwh,BUNDOORA,0.0,0.39876428,-0.036378425,0.0,0.0
2025-10-22 01:00:00,solar.bun_tlc#realenergyintotheload#kwh,BUNDOORA,0.0,0.66586196,-0.046785843,0.0,0.0
2025-10-22 02:00:00,solar.bun_tlc#realenergyintotheload#kwh,BUNDOORA,0.0,0.23322359,-0.045736503,0.0,0.0
2025-10-22 03:00:00,solar.bun_tlc#realenergyintotheload#kwh,BUNDOORA,0.0,0.19950064,-0.034729697,0.0,0.0
2025-10-22 04:00:00,solar.bun_tlc#realenergyintotheload#kwh,BUNDOORA,0.0,0.30069512,-0.017901046,0.0,0.0
2025-10-22 05:00:00,solar.bun_tlc#realenergyintotheload#kwh,BUNDOORA,0.0,0.28603464,-0.0056764707,0.0,0.0
2025-10-22 06:00:00,solar.bun_tlc#realenergyintotheload#kwh,BUNDOORA,0.0,1.4917594,-0.029561508,0.0,0.0
2025-10-22 07:00:00,solar.bun_tlc#realenergyintotheload#kwh,BUNDOORA,0.0,5.260674,0.14997582,0.14553241,6.0
2025-10-22 08:00:00,solar.bun_tlc#realenergyintotheload#kwh,BUNDOORA,0.0,8.538676,1.7653729,1.7130693,40.0
2025-10-22 09:00:00,solar.bun_tlc#realenergyintotheload#kwh,BUNDOORA,0.0,8.1529455,2.6956022,2.6157382,57.0
2025-10-22 10:00:00,solar.bun_tlc#realenergyintotheload#kwh,BUNDOORA,0.0,5.453129,1.5997014,1.5523063,37.0
2025-10-22 11:00:00,solar.bun_tlc#realenergyintotheload#kwh,BUNDOORA,0.0,4.957835,3.4057722,3.3048677,73.0
2025-10-22 12:00:00,solar.bun_tlc#realenergyintotheload#kwh,BUNDOORA,0.0,4.8379307,4.406001,4.275462,93.0
2025-10-22 13:00:00,solar.bun_tlc#realenergyintotheload#kwh,BUNDOORA,0.0,11.006576,24.808456,24.073444,533.0
2025-10-22 14:00:00,solar.bun_tlc#realenergyintotheload#kwh,BUNDOORA,0.0,23.722939,40.09352,38.90565,915.0
2025-10-22 15:00:00,solar.bun_tlc#realenergyintotheload#kwh,BUNDOORA,0.0,18.811245,21.41307,20.778654,460.0
2025-10-22 16:00:00,solar.bun_tlc#realenergyintotheload#kwh,BUNDOORA,0.0,10.625518,7.8934817,7.6596174,167.0
2025-10-22 17:00:00,solar.bun_tlc#realenergyintotheload#kwh,BUNDOORA,0.0,10.821509,8.226166,7.9824452,175.0
2025-10-22 18:00:00,solar.bun_tlc#realenergyintotheload#kwh,BUNDOORA,0.0,4.9818826,5.4162836,5.2558126,106.0
2025-10-22 19:00:00,solar.bun_tlc#realenergyintotheload#kwh,BUNDOORA,0.0,3.2784374,2.1337976,2.0705786,53.0
2025-10-22 20:00:00,solar.bun_tlc#realenergyintotheload#kwh,BUNDOORA,0.0,0.7372165,0.0052300626,0.0050751087,1.0
2025-10-22 21:00:00,solar.bun_tlc#realenergyintotheload#kwh,BUNDOORA,0.0,-0.2234857,0.0039681173,0.0038505518,0.0
2025-10-22 22:00:00,solar.bun_tlc#realenergyintotheload#kwh,BUNDOORA,0.0,-0.08728565,0.0022564512,0.0021895983,0.0
2025-10-22 23:00:00,solar.bun_tlc#realenergyintotheload#kwh,BUNDOORA,0.0,-0.18637078,0.0027395063,0.0026583415,0.0
2025-10-23 00:00:00,solar.bun_tlc#realenergyintotheload#kwh,BUNDOORA,0.0,0.013658525,0.0014907345,0.0014465678,0.0
2025-10-23 01:00:00,solar.bun_tlc#realenergyintotheload#kwh,BUNDOORA,0.0,-0.08322834,0.0010945802,0.0010621505,0.0
2025-10-23 02:00:00,solar.bun_tlc#realenergyintotheload#kwh,BUNDOORA,0.0,0.05777511,0.0007436888,0.00072165515,0.0
2025-10-23 03:00:00,solar.bun_tlc#realenergyintotheload#kwh,BUNDOORA,0.0,-0.0127287,0.0006677051,0.0006479226,0.0
2025-10-23 04:00:00,solar.bun_tlc#realenergyintotheload#kwh,BUNDOORA,0.0,0.006931555,4.7989954e-05,4.656813e-05,0.0
2025-10-23 05:00:00,solar.bun_tlc#realenergyintotheload#kwh,BUNDOORA,0.0,-0.020648528,0.00026862705,0.00026066828,0.0
2025-10-23 06:00:00,solar.bun_tlc#realenergyintotheload#kwh,BUNDOORA,0.0,0.5767059,0.00072534545,0.0007038553,0.0
2025-10-23 07:00:00,solar.bun_tlc#realenergyintotheload#kwh,BUNDOORA,0.0,2.311462,0.6598619,0.64031184,18.0
2025-10-23 08:00:00,solar.bun_tlc#realenergyintotheload#kwh,BUNDOORA,0.0,5.697122,4.4503427,4.31849,98.0
2025-10-23 09:00:00,solar.bun_tlc#realenergyintotheload#kwh,BUNDOORA,0.0,10.553111,9.104518,8.834774,186.0
2025-10-23 10:00:00,solar.bun_tlc#realenergyintotheload#kwh,BUNDOORA,0.0,12.587673,11.6633,11.317745,237.0
2025-10-23 11:00:00,solar.bun_tlc#realenergyintotheload#kwh,BUNDOORA,0.0,13.551116,9.494,9.212717,201.0
2025-10-23 12:00:00,solar.bun_tlc#realenergyintotheload#kwh,BUNDOORA,0.0,16.077936,15.565026,15.103873,328.0
2025-10-23 13:00:00,solar.bun_tlc#realenergyintotheload#kwh,BUNDOORA,0.0,31.33124,32.689064,31.72057,722.0
2025-10-23 14:00:00,solar.bun_tlc#realenergyintotheload#kwh,BUNDOORA,0.0,34.271744,36.751614,35.662754,825.0
2025-10-23 15:00:00,solar.bun_tlc#realenergyintotheload#kwh,BUNDOORA,0.0,33.47635,35.01293,33.975586,783.0
2025-10-23 16:00:00,solar.bun_tlc#realenergyintotheload#kwh,BUNDOORA,0.0,28.606497,28.551773,27.705854,592.0
2025-10-23 17:00:00,solar.bun_tlc#realenergyintotheload#kwh,BUNDOORA,0.0,11.756077,9.843835,9.552187,230.0
2025-10-23 18:00:00,solar.bun_tlc#realenergyintotheload#kwh,BUNDOORA,0.0,10.584577,11.022558,10.695988,219.0
2025-10-23 19:00:00,solar.bun_tlc#realenergyintotheload#kwh,BUNDOORA,0.0,4.068657,1.5008247,1.456359,37.0
2025-10-23 20:00:00,solar.bun_tlc#realenergyintotheload#kwh,BUNDOORA,0.0,1.2239091,-0.00077753724,0.0,1.0
2025-10-23 21:00:00,solar.bun_tlc#realenergyintotheload#kwh,BUNDOORA,0.0,0.43877956,0.0013063931,0.0012676879,0.0
2025-10-23 22:00:00,solar.bun_tlc#realenergyintotheload#kwh,BUNDOORA,0.0,0.01951773,0.002295626,0.0022276125,0.0
2025-10-23 23:00:00,solar.bun_tlc#realenergyintotheload#kwh,BUNDOORA,0.0,0.012214892,0.0015885938,0.0015415278,0.0
2025-10-24 00:00:00,solar.bun_tlc#realenergyintotheload#kwh,BUNDOORA,0.0,0.010296265,0.0015885938,0.0015415278,0.0
2025-10-24 01:00:00,solar.bun_tlc#realenergyintotheload#kwh,BUNDOORA,0.0,-0.0020586238,0.001525375,0.0014801819,0.0
2025-10-24 02:00:00,solar.bun_tlc#realenergyintotheload#kwh,BUNDOORA,0.0,0.0024654586,0.0015885938,0.0015415278,0.0
2025-10-24 03:00:00,solar.bun_tlc#realenergyintotheload#kwh,BUNDOORA,0.0,0.0036767903,0.0015885938,0.0015415278,0.0
2025-10-24 04:00:00,solar.bun_tlc#realenergyintotheload#kwh,BUNDOORA,0.0,0.00036878046,0.001525375,0.0014801819,0.0
2025-10-24 05:00:00,solar.bun_tlc#realenergyintotheload#kwh,BUNDOORA,0.0,0.009943696,0.002090388,0.002028455,0.0
2025-10-24 06:00:00,solar.bun_tlc#realenergyintotheload#kwh,BUNDOORA,0.0,0.116496645,0.0029042654,0.0028182194,0.0
2025-10-24 07:00:00,solar.bun_tlc#realenergyintotheload#kwh,BUNDOORA,0.0,0.09813334,0.8265344,0.80204624,21.0
2025-10-24 08:00:00,solar.bun_tlc#realenergyintotheload#kwh,BUNDOORA,0.0,0.5079815,6.7311025,6.531677,146.0
2025-10-24 09:00:00,solar.bun_tlc#realenergyintotheload#kwh,BUNDOORA,0.0,10.38634,14.946674,14.503841,294.0
2025-10-24 10:00:00,solar.bun_tlc#realenergyintotheload#kwh,BUNDOORA,0.0,13.664371,11.1311455,10.801357,230.0
2025-10-24 11:00:00,solar.bun_tlc#realenergyintotheload#kwh,BUNDOORA,0.0,11.711897,8.7374525,8.478583,183.0
2025-10-24 12:00:00,solar.bun_tlc#realenergyintotheload#kwh,BUNDOORA,0.0,13.059644,11.49769,11.1570425,239.0
2025-10-24 13:00:00,solar.bun_tlc#realenergyintotheload#kwh,BUNDOORA,0.0,18.340837,19.978262,19.386356,420.0
2025-10-24 14:00:00,solar.bun_tlc#realenergyintotheload#kwh,BUNDOORA,0.0,20.33992,23.285103,22.595222,488.0
2025-10-24 15:00:00,solar.bun_tlc#realenergyintotheload#kwh,BUNDOORA,0.0,12.439653,12.418069,12.050153,265.0
2025-10-24 16:00:00,solar.bun_tlc#realenergyintotheload#kwh,BUNDOORA,0.0,17.911915,24.272696,23.553556,504.0
2025-10-24 17:00:00,solar.bun_tlc#realenergyintotheload#kwh,BUNDOORA,0.0,12.114074,13.461348,13.062522,273.0
2025-10-24 18:00:00,solar.bun_tlc#realenergyintotheload#kwh,BUNDOORA,0.0,12.044106,11.290564,10.956053,223.0
2025-10-24 19:00:00,solar.bun_tlc#realenergyintotheload#kwh,BUNDOORA,0.0,6.3772306,5.227511,5.072633,111.0
2025-10-24 20:00:00,solar.bun_tlc#realenergyintotheload#kwh,BUNDOORA,0.0,1.6420858,0.011029358,0.010702586,2.0
2025-10-24 21:00:00,solar.bun_tlc#realenergyintotheload#kwh,BUNDOORA,0.0,0.25756976,0.0067446115,0.0065447856,0.0
2025-10-24 22:00:00,solar.bun_tlc#realenergyintotheload#kwh,BUNDOORA,0.0,0.038157016,0.0015885938,0.0015415278,0.0
2025-10-24 23:00:00,solar.bun_tlc#realenergyintotheload#kwh,BUNDOORA,0.0,0.003477505,0.0015885938,0.0015415278,0.0
2025-10-25 00:00:00,solar.bun_tlc#realenergyintotheload#kwh,BUNDOORA,0.0,0.0027753087,0.00040237568,0.00039045428,0.0
2025-10-25 01:00:00,solar.bun_tlc#realenergyintotheload#kwh,BUNDOORA,0.0,0.003477505,0.0015885938,0.0015415278,0.0
2025-10-25 02:00:00,solar.bun_tlc#realenergyintotheload#kwh,BUNDOORA,0.0,0.0035329731,0.0021536069,0.0020898008,0.0
2025-10-25 03:00:00,solar.bun_tlc#realenergyintotheload#kwh,BUNDOORA,0.0,0.008295066,0.0021536069,0.0020898008,0.0
2025-10-25 04:00:00,solar.bun_tlc#realenergyintotheload#kwh,BUNDOORA,0.0,0.007393584,0.0016630865,0.0016138133,0.0
2025-10-25 05:00:00,solar.bun_tlc#realenergyintotheload#kwh,BUNDOORA,0.0,0.009741531,0.00040237568,0.00039045428,0.0
2025-10-25 06:00:00,solar.bun_tlc#realenergyintotheload#kwh,BUNDOORA,0.0,0.016394438,0.00040237568,0.00039045428,0.0
2025-10-25 07:00:00,solar.bun_tlc#realenergyintotheload#kwh,BUNDOORA,0.0,0.15346873,1.2059679,1.1702381,30.0
2025-10-25 08:00:00,solar.bun_tlc#realenergyintotheload#kwh,BUNDOORA,0.0,0.4471337,7.9921756,7.7553873,181.0
2025-10-25 09:00:00,solar.bun_tlc#realenergyintotheload#kwh,BUNDOORA,0.0,8.654021,18.04191,17.507374,341.0
2025-10-25 10:00:00,solar.bun_tlc#realenergyintotheload#kwh,BUNDOORA,0.0,22.960995,25.627691,24.868406,512.0
2025-10-25 11:00:00,solar.bun_tlc#realenergyintotheload#kwh,BUNDOORA,0.0,17.165108,22.67808,22.006186,468.0
2025-10-25 12:00:00,solar.bun_tlc#realenergyintotheload#kwh,BUNDOORA,0.0,18.188833,19.202646,18.63372,405.0
2025-10-25 13:00:00,solar.bun_tlc#realenergyintotheload#kwh,BUNDOORA,0.0,14.009977,13.789965,13.381402,294.0
2025-10-25 14:00:00,solar.bun_tlc#realenergyintotheload#kwh,BUNDOORA,0.0,13.902717,11.194719,10.863048,241.0
2025-10-25 15:00:00,solar.bun_tlc#realenergyintotheload#kwh,BUNDOORA,0.0,7.906776,4.623287,4.486311,100.0
2025-10-25 16:00:00,solar.bun_tlc#realenergyintotheload#kwh,BUNDOORA,0.0,8.5398,3.1237855,3.0312355,71.0
2025-10-25 17:00:00,solar.bun_tlc#realenergyintotheload#kwh,BUNDOORA,0.0,9.192607,5.12763,4.9757113,108.0
2025-10-25 18:00:00,solar.bun_tlc#realenergyintotheload#kwh,BUNDOORA,0.0,8.176071,3.1971886,3.102464,70.0
2025-10-25 19:00:00,solar.bun_tlc#realenergyintotheload#kwh,BUNDOORA,0.0,5.5368557,1.3076919,1.2689483,32.0
2025-10-25 20:00:00,solar.bun_tlc#realenergyintotheload#kwh,BUNDOORA,0.0,3.4851146,0.0026829902,0.0026035,0.0
2025-10-25 21:00:00,solar.bun_tlc#realenergyintotheload#kwh,BUNDOORA,0.0,0.7059272,0.0028149954,0.002731594,0.0
2025-10-25 22:00:00,solar.bun_tlc#realenergyintotheload#kwh,BUNDOORA,0.0,0.02893908,0.0026675987,0.0025885643,0.0
2025-10-25 23:00:00,solar.bun_tlc#realenergyintotheload#kwh,BUNDOORA,0.0,0.07382417,0.0029249734,0.0028383138,0.0
2025-10-26 00:00:00,solar.bun_tlc#realenergyintotheload#kwh,BUNDOORA,0.0,0.065905966,0.0029249734,0.0028383138,0.0
2025-10-26 01:00:00,solar.bun_tlc#realenergyintotheload#kwh,BUNDOORA,0.0,0.0073533603,0.003211778,0.003116621,0.0
2025-10-26 02:00:00,solar.bun_tlc#realenergyintotheload#kwh,BUNDOORA,0.0,0.0073533603,0.003211778,0.003116621,0.0
2025-10-26 03:00:00,solar.bun_tlc#realenergyintotheload#kwh,BUNDOORA,0.0,0.0073533603,0.003211778,0.003116621,0.0
2025-10-26 04:00:00,solar.bun_tlc#realenergyintotheload#kwh,BUNDOORA,0.0,0.0073533603,0.0029525387,0.0028650623,0.0
2025-10-26 05:00:00,solar.bun_tlc#realenergyintotheload#kwh,BUNDOORA,0.0,0.014788682,0.0029525387,0.0028650623,0.0
2025-10-26 06:00:00,solar.bun_tlc#realenergyintotheload#kwh,BUNDOORA,0.0,0.3783647,0.0024300916,0.002358094,0.0
2025-10-26 07:00:00,solar.bun_tlc#realenergyintotheload#kwh,BUNDOORA,0.0,0.57340145,0.34033015,0.330247,11.0
2025-10-26 08:00:00,solar.bun_tlc#realenergyintotheload#kwh,BUNDOORA,0.0,0.99914753,3.5000663,3.396368,77.0
2025-10-26 09:00:00,solar.bun_tlc#realenergyintotheload#kwh,BUNDOORA,0.0,4.8911214,7.994454,7.7575984,169.0
2025-10-26 10:00:00,solar.bun_tlc#realenergyintotheload#kwh,BUNDOORA,0.0,5.7152042,4.9477654,4.8011756,106.0
2025-10-26 11:00:00,solar.bun_tlc#realenergyintotheload#kwh,BUNDOORA,0.0,2.5182297,2.4095838,2.338194,54.0
2025-10-26 12:00:00,solar.bun_tlc#realenergyintotheload#kwh,BUNDOORA,0.0,1.6548444,2.106943,2.0445194,46.0
2025-10-26 13:00:00,solar.bun_tlc#realenergyintotheload#kwh,BUNDOORA,0.0,2.211754,1.6941173,1.6439248,38.0
2025-10-26 14:00:00,solar.bun_tlc#realenergyintotheload#kwh,BUNDOORA,0.0,3.9771018,4.4987283,4.3654423,94.0
2025-10-26 15:00:00,solar.bun_tlc#realenergyintotheload#kwh,BUNDOORA,0.0,7.7861776,20.1898,19.591627,465.0
2025-10-26 16:00:00,solar.bun_tlc#realenergyintotheload#kwh,BUNDOORA,0.0,8.805438,14.487036,14.057821,295.0
2025-10-26 17:00:00,solar.bun_tlc#realenergyintotheload#kwh,BUNDOORA,0.0,6.8616123,8.073,7.833817,169.0
2025-10-26 18:00:00,solar.bun_tlc#realenergyintotheload#kwh,BUNDOORA,0.0,3.3679755,9.321108,9.044947,197.0
2025-10-26 19:00:00,solar.bun_tlc#realenergyintotheload#kwh,BUNDOORA,0.0,3.6264055,2.5280344,2.453135,63.0
2025-10-26 20:00:00,solar.bun_tlc#realenergyintotheload#kwh,BUNDOORA,0.0,2.8483095,0.040878125,0.039667007,3.0
2025-10-26 21:00:00,solar.bun_tlc#realenergyintotheload#kwh,BUNDOORA,0.0,0.66644394,-0.00067279144,0.0,0.0
2025-10-26 22:00:00,solar.bun_tlc#realenergyintotheload#kwh,BUNDOORA,0.0,-0.1943907,0.00019683555,0.0001910038,0.0
2025-10-26 23:00:00,solar.bun_tlc#realenergyintotheload#kwh,BUNDOORA,0.0,0.16854145,0.0010793131,0.0010473358,0.0
2025-10-27 00:00:00,solar.bun_tlc#realenergyintotheload#kwh,BUNDOORA,0.0,0.0006328407,0.0017001233,0.001649753,0.0
2025-10-27 01:00:00,solar.bun_tlc#realenergyintotheload#kwh,BUNDOORA,0.0,-0.05379166,0.0014688175,0.0014253,0.0
2025-10-27 02:00:00,solar.bun_tlc#realenergyintotheload#kwh,BUNDOORA,0.0,-0.10125153,0.000617,0.0005987198,0.0
2025-10-27 03:00:00,solar.bun_tlc#realenergyintotheload#kwh,BUNDOORA,0.0,0.047562588,0.00088866375,0.00086233485,0.0
2025-10-27 04:00:00,solar.bun_tlc#realenergyintotheload#kwh,BUNDOORA,0.0,0.034652315,0.0028471278,0.0027627745,0.0
2025-10-27 05:00:00,solar.bun_tlc#realenergyintotheload#kwh,BUNDOORA,0.0,-0.17502451,0.0053435545,0.0051852386,0.0
2025-10-27 06:00:00,solar.bun_tlc#realenergyintotheload#kwh,BUNDOORA,0.0,0.21224158,0.0037742408,0.0036624195,0.0
2025-10-27 07:00:00,solar.bun_tlc#realenergyintotheload#kwh,BUNDOORA,0.0,1.8186179,0.9982549,0.9686791,25.0
2025-10-27 08:00:00,solar.bun_tlc#realenergyintotheload#kwh,BUNDOORA,0.0,6.191976,6.0461454,5.8670135,134.0
2025-10-27 09:00:00,solar.bun_tlc#realenergyintotheload#kwh,BUNDOORA,0.0,8.79087,7.4898057,7.2679014,155.0
2025-10-27 10:00:00,solar.bun_tlc#realenergyintotheload#kwh,BUNDOORA,0.0,14.016138,9.18557,8.9134245,195.0
2025-10-27 11:00:00,solar.bun_tlc#realenergyintotheload#kwh,BUNDOORA,0.0,11.949724,11.335134,10.999302,237.0
2025-10-27 12:00:00,solar.bun_tlc#realenergyintotheload#kwh,BUNDOORA,0.0,10.806255,8.969378,8.703638,197.0
2025-10-27 13:00:00,solar.bun_tlc#realenergyintotheload#kwh,BUNDOORA,0.0,16.257074,16.828592,16.330004,352.0
2025-10-27 14:00:00,solar.bun_tlc#realenergyintotheload#kwh,BUNDOORA,0.0,14.370939,31.67478,30.736336,671.0
2025-10-27 15:00:00,solar.bun_tlc#realenergyintotheload#kwh,BUNDOORA,0.0,14.834589,25.109743,24.365805,535.0
2025-10-27 16:00:00,solar.bun_tlc#realenergyintotheload#kwh,BUNDOORA,0.0,25.196947,33.211296,32.22733,711.0
2025-10-27 17:00:00,solar.bun_tlc#realenergyintotheload#kwh,BUNDOORA,0.0,23.539354,25.829544,25.06428,503.0
2025-10-27 18:00:00,solar.bun_tlc#realenergyintotheload#kwh,BUNDOORA,0.0,18.374517,17.02028,16.516012,336.0
2025-10-27 19:00:00,solar.bun_tlc#realenergyintotheload#kwh,BUNDOORA,0.0,6.7327843,6.945282,6.7395105,144.0
2025-10-27 20:00:00,solar.bun_tlc#realenergyintotheload#kwh,BUNDOORA,0.0,1.9535565,0.06892732,0.06688517,4.0
2025-10-27 21:00:00,solar.bun_tlc#realenergyintotheload#kwh,BUNDOORA,0.0,0.46928117,0.020186402,0.019588329,0.0
2025-10-27 22:00:00,solar.bun_tlc#realenergyintotheload#kwh,BUNDOORA,0.0,-0.53301305,0.017439893,0.016923193,0.0
2025-10-27 23:00:00,solar.bun_tlc#realenergyintotheload#kwh,BUNDOORA,0.0,0.43068895,0.01366263,0.01325784,0.0
2025-10-28 00:00:00,solar.bun_tlc#realenergyintotheload#kwh,BUNDOORA,0.0,-0.1185929,0.0012025704,0.0011669412,0.0
2025-10-28 01:00:00,solar.bun_tlc#realenergyintotheload#kwh,BUNDOORA,0.0,0.02311446,3.5225275e-05,3.4181638e-05,0.0
2025-10-28 02:00:00,solar.bun_tlc#realenergyintotheload#kwh,BUNDOORA,0.0,-0.098146535,3.5225275e-05,3.4181638e-05,0.0
2025-10-28 03:00:00,solar.bun_tlc#realenergyintotheload#kwh,BUNDOORA,0.0,-0.013033895,0.0009059498,0.0008791088,0.0
2025-10-28 04:00:00,solar.bun_tlc#realenergyintotheload#kwh,BUNDOORA,0.0,-0.013033895,0.0009059498,0.0008791088,0.0
2025-10-28 05:00:00,solar.bun_tlc#realenergyintotheload#kwh,BUNDOORA,0.0,-0.06679589,0.0009059498,0.0008791088,0.0
2025-10-28 06:00:00,solar.bun_tlc#realenergyintotheload#kwh,BUNDOORA,0.0,-0.050711103,0.0009059498,0.0008791088,0.0
2025-10-28 07:00:00,solar.bun_tlc#realenergyintotheload#kwh,BUNDOORA,0.0,-0.10260056,2.3052993,2.236999,47.0
2025-10-28 08:00:00,solar.bun_tlc#realenergyintotheload#kwh,BUNDOORA,0.0,2.3274398,10.639694,10.324467,249.0
2025-10-28 09:00:00,solar.bun_tlc#realenergyintotheload#kwh,BUNDOORA,0.0,12.612103,24.755655,24.022207,474.0
2025-10-28 10:00:00,solar.bun_tlc#realenergyintotheload#kwh,BUNDOORA,0.0,8.717039,31.879616,30.935102,679.0
2025-10-28 11:00:00,solar.bun_tlc#realenergyintotheload#kwh,BUNDOORA,0.0,12.650682,38.499115,37.358482,846.0
2025-10-28 12:00:00,solar.bun_tlc#realenergyintotheload#kwh,BUNDOORA,0.0,17.774727,41.288773,40.06549,960.0
2025-10-28 13:00:00,solar.bun_tlc#realenergyintotheload#kwh,BUNDOORA,0.0,30.839756,42.958504,41.68575,1010.0
2025-10-28 14:00:00,solar.bun_tlc#realenergyintotheload#kwh,BUNDOORA,0.0,31.648651,42.288254,41.03536,994.0
2025-10-28 15:00:00,solar.bun_tlc#realenergyintotheload#kwh,BUNDOORA,0.0,22.144325,40.74885,39.541565,913.0
2025-10-28 16:00:00,solar.bun_tlc#realenergyintotheload#kwh,BUNDOORA,0.0,37.71441,35.75175,34.692516,774.0
2025-10-28 17:00:00,solar.bun_tlc#realenergyintotheload#kwh,BUNDOORA,0.0,28.489574,28.728407,27.877256,588.0
2025-10-28 18:00:00,solar.bun_tlc#realenergyintotheload#kwh,BUNDOORA,0.0,8.74959,18.8477,18.28929,374.0
2025-10-28 19:00:00,solar.bun_tlc#realenergyintotheload#kwh,BUNDOORA,0.0,6.327392,7.2574306,7.042411,159.0
2025-10-28 20:00:00,solar.bun_tlc#realenergyintotheload#kwh,BUNDOORA,0.0,3.5356903,0.07791613,0.07560767,4.0
2025-10-28 21:00:00,solar.bun_tlc#realenergyintotheload#kwh,BUNDOORA,0.0,0.44863838,0.00073092396,0.0007092685,0.0
2025-10-28 22:00:00,solar.bun_tlc#realenergyintotheload#kwh,BUNDOORA,0.0,0.009620014,0.0008409031,0.0008159892,0.0
2025-10-28 23:00:00,solar.bun_tlc#realenergyintotheload#kwh,BUNDOORA,0.0,0.00022352359,0.0010980741,0.001065541,0.0
2025-10-29 00:00:00,solar.bun_tlc#realenergyintotheload#kwh,BUNDOORA,0.0,-0.011841476,0.0010980741,0.001065541,0.0
2025-10-29 01:00:00,solar.bun_tlc#realenergyintotheload#kwh,BUNDOORA,0.0,-0.013482559,0.00089289556,0.0008664413,0.0
2025-10-29 02:00:00,solar.bun_tlc#realenergyintotheload#kwh,BUNDOORA,0.0,-0.011841476,0.00040237568,0.00039045428,0.0
2025-10-29 03:00:00,solar.bun_tlc#realenergyintotheload#kwh,BUNDOORA,0.0,-0.02470738,0.00040237568,0.00039045428,0.0
2025-10-29 04:00:00,solar.bun_tlc#realenergyintotheload#kwh,BUNDOORA,0.0,-0.020089101,0.00040237568,0.00039045428,0.0
2025-10-29 05:00:00,solar.bun_tlc#realenergyintotheload#kwh,BUNDOORA,0.0,-0.012653782,0.0009673884,0.0009387271,0.0
2025-10-29 06:00:00,solar.bun_tlc#realenergyintotheload#kwh,BUNDOORA,0.0,0.016394438,0.0009673884,0.0009387271,0.0
2025-10-29 07:00:00,solar.bun_tlc#realenergyintotheload#kwh,BUNDOORA,0.0,0.041647114,2.3201873,2.251446,46.0
2025-10-29 08:00:00,solar.bun_tlc#realenergyintotheload#kwh,BUNDOORA,0.0,1.3245434,11.303758,10.968856,241.0
2025-10-29 09:00:00,solar.bun_tlc#realenergyintotheload#kwh,BUNDOORA,0.0,6.591473,23.31401,22.623274,459.0
2025-10-29 10:00:00,solar.bun_tlc#realenergyintotheload#kwh,BUNDOORA,0.0,8.237217,32.29841,31.341488,661.0
2025-10-29 11:00:00,solar.bun_tlc#realenergyintotheload#kwh,BUNDOORA,0.0,15.390069,37.761406,36.64263,827.0
2025-10-29 12:00:00,solar.bun_tlc#realenergyintotheload#kwh,BUNDOORA,0.0,36.404476,40.750423,39.54309,940.0
2025-10-29 13:00:00,solar.bun_tlc#realenergyintotheload#kwh,BUNDOORA,0.0,40.64206,41.15299,39.933727,970.0
2025-10-29 14:00:00,solar.bun_tlc#realenergyintotheload#kwh,BUNDOORA,0.0,35.911804,39.565456,38.39323,901.0
2025-10-29 15:00:00,solar.bun_tlc#realenergyintotheload#kwh,BUNDOORA,0.0,37.20756,40.049896,38.86332,897.0
2025-10-29 16:00:00,solar.bun_tlc#realenergyintotheload#kwh,BUNDOORA,0.0,33.288082,35.006634,33.969475,762.0
2025-10-29 17:00:00,solar.bun_tlc#realenergyintotheload#kwh,BUNDOORA,0.0,25.063036,28.872274,28.016861,579.0
2025-10-29 18:00:00,solar.bun_tlc#realenergyintotheload#kwh,BUNDOORA,0.0,20.167963,18.300177,17.757988,372.0
2025-10-29 19:00:00,solar.bun_tlc#realenergyintotheload#kwh,BUNDOORA,0.0,13.023178,7.979487,7.743075,157.0
2025-10-29 20:00:00,solar.bun_tlc#realenergyintotheload#kwh,BUNDOORA,0.0,2.5578477,0.14088547,0.13671139,5.0
2025-10-29 21:00:00,solar.bun_tlc#realenergyintotheload#kwh,BUNDOORA,0.0,0.8588481,-0.004439263,0.0,0.0
2025-10-29 22:00:00,solar.bun_tlc#realenergyintotheload#kwh,BUNDOORA,0.0,0.048121087,0.001344477,0.0013046435,0.0
2025-10-29 23:00:00,solar.bun_tlc#realenergyintotheload#kwh,BUNDOORA,0.0,0.0009725406,0.0004737526,0.00045971648,0.0
2025-10-30 00:00:00,solar.bun_tlc#realenergyintotheload#kwh,BUNDOORA,0.0,0.00022352359,0.0008409031,0.0008159892,0.0
2025-10-30 01:00:00,solar.bun_tlc#realenergyintotheload#kwh,BUNDOORA,0.0,0.00022352359,0.0008409031,0.0008159892,0.0
2025-10-30 02:00:00,solar.bun_tlc#realenergyintotheload#kwh,BUNDOORA,0.0,-0.0091210315,0.0018964355,0.0018402488,0.0
2025-10-30 03:00:00,solar.bun_tlc#realenergyintotheload#kwh,BUNDOORA,0.0,-0.05292065,0.0018332166,0.001778903,0.0
2025-10-30 04:00:00,solar.bun_tlc#realenergyintotheload#kwh,BUNDOORA,0.0,-0.024639297,0.001405916,0.0013642622,0.0
2025-10-30 05:00:00,solar.bun_tlc#realenergyintotheload#kwh,BUNDOORA,0.0,0.019994188,0.0016630865,0.0016138133,0.0
2025-10-30 06:00:00,solar.bun_tlc#realenergyintotheload#kwh,BUNDOORA,0.0,0.029260349,0.0009673884,0.0009387271,0.0
2025-10-30 07:00:00,solar.bun_tlc#realenergyintotheload#kwh,BUNDOORA,0.0,0.03897812,2.1201146,2.0573008,44.0
2025-10-30 08:00:00,solar.bun_tlc#realenergyintotheload#kwh,BUNDOORA,0.0,0.7614738,11.123409,10.793851,232.0
2025-10-30 09:00:00,solar.bun_tlc#realenergyintotheload#kwh,BUNDOORA,0.0,6.634141,22.163355,21.50671,448.0
2025-10-30 10:00:00,solar.bun_tlc#realenergyintotheload#kwh,BUNDOORA,0.0,15.783888,30.929893,30.013517,647.0
2025-10-30 11:00:00,solar.bun_tlc#realenergyintotheload#kwh,BUNDOORA,0.0,30.055883,37.159477,36.058537,824.0
2025-10-30 12:00:00,solar.bun_tlc#realenergyintotheload#kwh,BUNDOORA,0.0,36.174187,40.572983,39.370907,938.0
2025-10-30 13:00:00,solar.bun_tlc#realenergyintotheload#kwh,BUNDOORA,0.0,40.2818,41.706963,40.47129,969.0
2025-10-30 14:00:00,solar.bun_tlc#realenergyintotheload#kwh,BUNDOORA,0.0,29.391901,31.83781,30.894535,694.0
2025-10-30 15:00:00,solar.bun_tlc#realenergyintotheload#kwh,BUNDOORA,0.0,28.761662,28.765026,27.91279,622.0
2025-10-30 16:00:00,solar.bun_tlc#realenergyintotheload#kwh,BUNDOORA,0.0,26.55656,28.97158,28.113224,615.0
2025-10-30 17:00:00,solar.bun_tlc#realenergyintotheload#kwh,BUNDOORA,0.0,19.763823,20.686794,20.073896,418.0
2025-10-30 18:00:00,solar.bun_tlc#realenergyintotheload#kwh,BUNDOORA,0.0,14.466775,13.627199,13.223459,269.0
2025-10-30 19:00:00,solar.bun_tlc#realenergyintotheload#kwh,BUNDOORA,0.0,8.988047,5.2901206,5.1333876,116.0
2025-10-30 20:00:00,solar.bun_tlc#realenergyintotheload#kwh,BUNDOORA,0.0,0.903841,0.1788944,0.1735942,6.0
2025-10-30 21:00:00,solar.bun_tlc#realenergyintotheload#kwh,BUNDOORA,0.0,1.6765447,0.015769469,0.015302259,0.0
2025-10-30 22:00:00,solar.bun_tlc#realenergyintotheload#kwh,BUNDOORA,0.0,-0.44041517,0.015151521,0.014702619,0.0
2025-10-30 23:00:00,solar.bun_tlc#realenergyintotheload#kwh,BUNDOORA,0.0,-0.074402295,0.016814318,0.016316151,0.0
2025-10-31 00:00:00,solar.bun_tlc#realenergyintotheload#kwh,BUNDOORA,0.0,-0.34857568,0.023188103,0.022501098,0.0
2025-10-31 01:00:00,solar.bun_tlc#realenergyintotheload#kwh,BUNDOORA,0.0,-0.099880755,0.017467653,0.01695013,0.0
2025-10-31 02:00:00,solar.bun_tlc#realenergyintotheload#kwh,BUNDOORA,0.0,-0.10276077,0.016834699,0.016335929,0.0
2025-10-31 03:00:00,solar.bun_tlc#realenergyintotheload#kwh,BUNDOORA,0.0,-0.3379064,0.0038493562,0.0037353095,0.0
2025-10-31 04:00:00,solar.bun_tlc#realenergyintotheload#kwh,BUNDOORA,0.0,-0.33710167,0.0043369997,0.004208505,0.0
2025-10-31 05:00:00,solar.bun_tlc#realenergyintotheload#kwh,BUNDOORA,0.0,0.69681776,0.014566845,0.014135266,0.0
2025-10-31 06:00:00,solar.bun_tlc#realenergyintotheload#kwh,BUNDOORA,0.0,1.6552236,-0.006142572,0.0,0.0
2025-10-31 07:00:00,solar.bun_tlc#realenergyintotheload#kwh,BUNDOORA,0.0,2.95239,0.48813096,0.47366884,14.0
2025-10-31 08:00:00,solar.bun_tlc#realenergyintotheload#kwh,BUNDOORA,0.0,7.570029,4.2813597,4.154514,93.0
2025-10-31 09:00:00,solar.bun_tlc#realenergyintotheload#kwh,BUNDOORA,0.0,10.751113,2.9572346,2.8696191,64.0
2025-10-31 10:00:00,solar.bun_tlc#realenergyintotheload#kwh,BUNDOORA,0.0,17.505915,3.0117176,2.922488,66.0
2025-10-31 11:00:00,solar.bun_tlc#realenergyintotheload#kwh,BUNDOORA,0.0,15.300397,7.8062778,7.5749974,167.0
2025-10-31 12:00:00,solar.bun_tlc#realenergyintotheload#kwh,BUNDOORA,0.0,11.851537,7.5833597,7.3586836,161.0
2025-10-31 13:00:00,solar.bun_tlc#realenergyintotheload#kwh,BUNDOORA,0.0,13.138482,5.47579,5.313556,113.0
2025-10-31 14:00:00,solar.bun_tlc#realenergyintotheload#kwh,BUNDOORA,0.0,7.06294,5.7364006,5.5664454,129.0
2025-10-31 15:00:00,solar.bun_tlc#realenergyintotheload#kwh,BUNDOORA,0.0,8.9955225,26.466125,25.682001,571.0
2025-10-31 16:00:00,solar.bun_tlc#realenergyintotheload#kwh,BUNDOORA,0.0,13.125739,16.979284,16.47623,354.0
2025-10-31 17:00:00,solar.bun_tlc#realenergyintotheload#kwh,BUNDOORA,0.0,6.212711,8.69041,8.432935,183.0
2025-10-31 18:00:00,solar.bun_tlc#realenergyintotheload#kwh,BUNDOORA,0.0,16.194815,11.735232,11.387547,250.0
2025-10-31 19:00:00,solar.bun_tlc#realenergyintotheload#kwh,BUNDOORA,0.0,12.716719,2.8455591,2.7612524,71.0
2025-10-31 20:00:00,solar.bun_tlc#realenergyintotheload#kwh,BUNDOORA,0.0,3.1745844,0.042108946,0.040861364,3.0
2025-10-31 21:00:00,solar.bun_tlc#realenergyintotheload#kwh,BUNDOORA,0.0,0.92418146,-0.00041355172,0.0,0.0
2025-10-31 22:00:00,solar.bun_tlc#realenergyintotheload#kwh,BUNDOORA,0.0,0.10010322,-0.00041355172,0.0,0.0
2025-10-31 23:00:00,solar.bun_tlc#realenergyintotheload#kwh,BUNDOORA,0.0,-0.0076481234,0.000106353145,0.00010320217,0.0
2025-11-01 00:00:00,solar.bun_tlc#realenergyintotheload#kwh,BUNDOORA,0.0,-0.021725027,-0.00067279144,0.0,0.0
2025-11-01 01:00:00,solar.bun_tlc#realenergyintotheload#kwh,BUNDOORA,0.0,-0.023916528,-1.6769205e-05,0.0,0.0
2025-11-01 02:00:00,solar.bun_tlc#realenergyintotheload#kwh,BUNDOORA,0.0,-0.008158494,0.0013608062,0.0013204889,0.0
2025-11-01 03:00:00,solar.bun_tlc#realenergyintotheload#kwh,BUNDOORA,0.0,0.00038718572,0.0022505037,0.0021838269,0.0
2025-11-01 04:00:00,solar.bun_tlc#realenergyintotheload#kwh,BUNDOORA,0.0,0.000105996616,0.0022505037,0.0021838269,0.0
2025-11-01 05:00:00,solar.bun_tlc#realenergyintotheload#kwh,BUNDOORA,0.0,0.036902577,0.0023137226,0.0022451729,0.0
2025-11-01 06:00:00,solar.bun_tlc#realenergyintotheload#kwh,BUNDOORA,0.0,-0.016381172,0.0018232024,0.0017691854,0.0
2025-11-01 07:00:00,solar.bun_tlc#realenergyintotheload#kwh,BUNDOORA,0.0,0.085238904,2.005785,1.9463586,44.0
2025-11-01 08:00:00,solar.bun_tlc#realenergyintotheload#kwh,BUNDOORA,0.0,0.361948,6.409589,6.219689,160.0
2025-11-01 09:00:00,solar.bun_tlc#realenergyintotheload#kwh,BUNDOORA,0.0,9.475753,14.391882,13.965487,303.0
2025-11-01 10:00:00,solar.bun_tlc#realenergyintotheload#kwh,BUNDOORA,0.0,10.83012,30.63042,29.722918,639.0
2025-11-01 11:00:00,solar.bun_tlc#realenergyintotheload#kwh,BUNDOORA,0.0,19.021446,36.243637,35.16983,806.0
2025-11-01 12:00:00,solar.bun_tlc#realenergyintotheload#kwh,BUNDOORA,0.0,13.56709,40.781437,39.573185,922.0
2025-11-01 13:00:00,solar.bun_tlc#realenergyintotheload#kwh,BUNDOORA,0.0,31.005796,40.76367,39.555946,972.0
2025-11-01 14:00:00,solar.bun_tlc#realenergyintotheload#kwh,BUNDOORA,0.0,27.595806,41.641968,40.408222,961.0
2025-11-01 15:00:00,solar.bun_tlc#realenergyintotheload#kwh,BUNDOORA,0.0,22.902481,40.95168,39.738384,889.0
2025-11-01 16:00:00,solar.bun_tlc#realenergyintotheload#kwh,BUNDOORA,0.0,18.562279,34.48972,33.467876,758.0
2025-11-01 17:00:00,solar.bun_tlc#realenergyintotheload#kwh,BUNDOORA,0.0,21.438221,28.1112,27.278336,581.0
2025-11-01 18:00:00,solar.bun_tlc#realenergyintotheload#kwh,BUNDOORA,0.0,8.723975,17.701012,17.176575,378.0
2025-11-01 19:00:00,solar.bun_tlc#realenergyintotheload#kwh,BUNDOORA,0.0,11.83803,7.0395613,6.8309965,167.0
2025-11-01 20:00:00,solar.bun_tlc#realenergyintotheload#kwh,BUNDOORA,0.0,8.457982,0.28584912,0.27738014,9.0
2025-11-01 21:00:00,solar.bun_tlc#realenergyintotheload#kwh,BUNDOORA,0.0,2.4265945,-0.00084085355,0.0,0.0
2025-11-01 22:00:00,solar.bun_tlc#realenergyintotheload#kwh,BUNDOORA,0.0,0.16335464,-0.00084085355,0.0,0.0
2025-11-01 23:00:00,solar.bun_tlc#realenergyintotheload#kwh,BUNDOORA,0.0,-0.061609082,-0.00084085355,0.0,0.0
2025-11-02 00:00:00,solar.bun_tlc#realenergyintotheload#kwh,BUNDOORA,0.0,-0.07933271,-0.0004440714,0.0,0.0
2025-11-02 01:00:00,solar.bun_tlc#realenergyintotheload#kwh,BUNDOORA,0.0,-0.0646609,0.0015363984,0.0014908788,0.0
2025-11-02 02:00:00,solar.bun_tlc#realenergyintotheload#kwh,BUNDOORA,0.0,-0.06410373,0.0015363984,0.0014908788,0.0
2025-11-02 03:00:00,solar.bun_tlc#realenergyintotheload#kwh,BUNDOORA,0.0,-0.04926107,0.0018232024,0.0017691854,0.0
2025-11-02 04:00:00,solar.bun_tlc#realenergyintotheload#kwh,BUNDOORA,0.0,-0.03901504,0.0018232024,0.0017691854,0.0
2025-11-02 05:00:00,solar.bun_tlc#realenergyintotheload#kwh,BUNDOORA,0.0,-0.0913911,0.0018232024,0.0017691854,0.0
2025-11-02 06:00:00,solar.bun_tlc#realenergyintotheload#kwh,BUNDOORA,0.0,-0.015561974,0.0018232024,0.0017691854,0.0
2025-11-02 07:00:00,solar.bun_tlc#realenergyintotheload#kwh,BUNDOORA,0.0,0.36917308,2.2163262,2.150662,53.0
2025-11-02 08:00:00,solar.bun_tlc#realenergyintotheload#kwh,BUNDOORA,0.0,1.9105697,9.790623,9.500551,246.0
2025-11-02 09:00:00,solar.bun_tlc#realenergyintotheload#kwh,BUNDOORA,0.0,15.137342,21.123665,20.497824,454.0
2025-11-02 10:00:00,solar.bun_tlc#realenergyintotheload#kwh,BUNDOORA,0.0,10.354961,30.663736,29.755247,659.0
2025-11-02 11:00:00,solar.bun_tlc#realenergyintotheload#kwh,BUNDOORA,0.0,25.562698,35.95887,34.893497,805.0
2025-11-02 12:00:00,solar.bun_tlc#realenergyintotheload#kwh,BUNDOORA,0.0,34.74413,35.047806,34.009426,768.0
2025-11-02 13:00:00,solar.bun_tlc#realenergyintotheload#kwh,BUNDOORA,0.0,40.31664,43.203045,41.923046,989.0
2025-11-02 14:00:00,solar.bun_tlc#realenergyintotheload#kwh,BUNDOORA,0.0,39.206104,41.89835,40.657005,971.0
2025-11-02 15:00:00,solar.bun_tlc#realenergyintotheload#kwh,BUNDOORA,0.0,35.582664,39.79703,38.617947,895.0
2025-11-02 16:00:00,solar.bun_tlc#realenergyintotheload#kwh,BUNDOORA,0.0,35.454037,33.90594,32.901394,761.0
2025-11-02 17:00:00,solar.bun_tlc#realenergyintotheload#kwh,BUNDOORA,0.0,34.493042,27.314135,26.504885,583.0
2025-11-02 18:00:00,solar.bun_tlc#realenergyintotheload#kwh,BUNDOORA,0.0,32.01589,17.144543,16.636593,373.0
2025-11-02 19:00:00,solar.bun_tlc#realenergyintotheload#kwh,BUNDOORA,0.0,17.010483,2.3138585,2.2453046,54.0
2025-11-02 20:00:00,solar.bun_tlc#realenergyintotheload#kwh,BUNDOORA,0.0,10.493126,-0.0005241403,0.0,1.0
2025-11-02 21:00:00,solar.bun_tlc#realenergyintotheload#kwh,BUNDOORA,0.0,2.7909377,0.0016631393,0.0016138647,0.0
2025-11-02 22:00:00,solar.bun_tlc#realenergyintotheload#kwh,BUNDOORA,0.0,0.9226685,0.006485276,0.0062931334,0.0
2025-11-02 23:00:00,solar.bun_tlc#realenergyintotheload#kwh,BUNDOORA,0.0,0.44091436,0.0037084294,0.003598558,0.0
2025-11-03 00:00:00,solar.bun_tlc#realenergyintotheload#kwh,BUNDOORA,0.0,0.21921541,0.00079788116,0.0007742419,0.0
2025-11-03 01:00:00,solar.bun_tlc#realenergyintotheload#kwh,BUNDOORA,0.0,0.12343022,0.0012631965,0.0012257711,0.0
2025-11-03 02:00:00,solar.bun_tlc#realenergyintotheload#kwh,BUNDOORA,0.0,0.023418881,0.00066730793,0.0006475373,0.0
2025-11-03 03:00:00,solar.bun_tlc#realenergyintotheload#kwh,BUNDOORA,0.0,-0.021083616,0.00066730793,0.0006475373,0.0
2025-11-03 04:00:00,solar.bun_tlc#realenergyintotheload#kwh,BUNDOORA,0.0,-0.0021876763,0.00066730793,0.0006475373,0.0
2025-11-03 05:00:00,solar.bun_tlc#realenergyintotheload#kwh,BUNDOORA,0.0,0.041628562,0.00066730793,0.0006475373,0.0
2025-11-03 06:00:00,solar.bun_tlc#realenergyintotheload#kwh,BUNDOORA,0.0,0.42903158,0.0015403933,0.0014947554,0.0
2025-11-03 07:00:00,solar.bun_tlc#realenergyintotheload#kwh,BUNDOORA,0.0,0.9442911,0.7795954,0.7564979,22.0
2025-11-03 08:00:00,solar.bun_tlc#realenergyintotheload#kwh,BUNDOORA,0.0,1.6212147,1.9878042,1.9289105,42.0
2025-11-03 09:00:00,solar.bun_tlc#realenergyintotheload#kwh,BUNDOORA,0.0,4.563192,3.1465657,3.053341,69.0
2025-11-03 10:00:00,solar.bun_tlc#realenergyintotheload#kwh,BUNDOORA,0.0,3.8804812,2.987897,2.899373,63.0
2025-11-03 11:00:00,solar.bun_tlc#realenergyintotheload#kwh,BUNDOORA,0.0,6.9847775,4.5175114,4.383669,98.0
2025-11-03 12:00:00,solar.bun_tlc#realenergyintotheload#kwh,BUNDOORA,0.0,2.020842,1.7329589,1.6816157,38.0
2025-11-03 13:00:00,solar.bun_tlc#realenergyintotheload#kwh,BUNDOORA,0.0,6.293417,4.189837,4.0657024,85.0
2025-11-03 14:00:00,solar.bun_tlc#realenergyintotheload#kwh,BUNDOORA,0.0,4.633295,3.7365184,3.6258147,80.0
2025-11-03 15:00:00,solar.bun_tlc#realenergyintotheload#kwh,BUNDOORA,0.0,5.7807813,5.906415,5.731423,126.0
2025-11-03 16:00:00,solar.bun_tlc#realenergyintotheload#kwh,BUNDOORA,0.0,6.923544,5.5397925,5.3756623,123.0
2025-11-03 17:00:00,solar.bun_tlc#realenergyintotheload#kwh,BUNDOORA,0.0,4.06499,3.612579,3.5055475,78.0
2025-11-03 18:00:00,solar.bun_tlc#realenergyintotheload#kwh,BUNDOORA,0.0,5.452987,4.446698,4.314954,94.0
2025-11-03 19:00:00,solar.bun_tlc#realenergyintotheload#kwh,BUNDOORA,0.0,2.1839995,1.1521034,1.1179695,29.0
2025-11-03 20:00:00,solar.bun_tlc#realenergyintotheload#kwh,BUNDOORA,0.0,7.5376593e-06,0.019478014,0.018900929,2.0
2025-11-03 21:00:00,solar.bun_tlc#realenergyintotheload#kwh,BUNDOORA,0.0,0.30640268,0.0017655089,0.0017132013,0.0
2025-11-03 22:00:00,solar.bun_tlc#realenergyintotheload#kwh,BUNDOORA,0.0,0.020799233,0.0018723166,0.0018168446,0.0
2025-11-03 23:00:00,solar.bun_tlc#realenergyintotheload#kwh,BUNDOORA,0.0,0.00976141,0.0026470942,0.0025686675,0.0
2025-11-04 00:00:00,solar.bun_tlc#realenergyintotheload#kwh,BUNDOORA,0.0,0.009497022,0.0010700141,0.0010383122,0.0
2025-11-04 01:00:00,solar.bun_tlc#realenergyintotheload#kwh,BUNDOORA,0.0,0.01845129,0.001741834,0.0016902278,0.0
2025-11-04 02:00:00,solar.bun_tlc#realenergyintotheload#kwh,BUNDOORA,0.0,0.018186903,0.0013986868,0.0013572472,0.0
2025-11-04 03:00:00,solar.bun_tlc#realenergyintotheload#kwh,BUNDOORA,0.0,0.00976141,0.001741834,0.0016902278,0.0
2025-11-04 04:00:00,solar.bun_tlc#realenergyintotheload#kwh,BUNDOORA,0.0,-0.0022244672,0.001741834,0.0016902278,0.0
2025-11-04 05:00:00,solar.bun_tlc#realenergyintotheload#kwh,BUNDOORA,0.0,0.044408794,0.001741834,0.0016902278,0.0
2025-11-04 06:00:00,solar.bun_tlc#realenergyintotheload#kwh,BUNDOORA,0.0,0.043006714,0.0012682043,0.0012306306,0.0
2025-11-04 07:00:00,solar.bun_tlc#realenergyintotheload#kwh,BUNDOORA,0.0,0.30099326,1.1092316,1.0763679,28.0
2025-11-04 08:00:00,solar.bun_tlc#realenergyintotheload#kwh,BUNDOORA,0.0,0.802208,4.166746,4.043296,88.0
2025-11-04 09:00:00,solar.bun_tlc#realenergyintotheload#kwh,BUNDOORA,0.0,10.23375,19.149433,18.582083,358.0
2025-11-04 10:00:00,solar.bun_tlc#realenergyintotheload#kwh,BUNDOORA,0.0,13.576957,19.695908,19.112368,408.0
2025-11-04 11:00:00,solar.bun_tlc#realenergyintotheload#kwh,BUNDOORA,0.0,11.360694,10.365075,10.057983,213.0
2025-11-04 12:00:00,solar.bun_tlc#realenergyintotheload#kwh,BUNDOORA,0.0,16.73041,35.78243,34.722286,810.0
2025-11-04 13:00:00,solar.bun_tlc#realenergyintotheload#kwh,BUNDOORA,0.0,17.777323,25.325203,24.57488,545.0
2025-11-04 14:00:00,solar.bun_tlc#realenergyintotheload#kwh,BUNDOORA,0.0,18.085686,18.391111,17.84623,383.0
2025-11-04 15:00:00,solar.bun_tlc#realenergyintotheload#kwh,BUNDOORA,0.0,9.433361,6.225828,6.0413723,130.0
2025-11-04 16:00:00,solar.bun_tlc#realenergyintotheload#kwh,BUNDOORA,0.0,10.492688,10.02169,9.724772,210.0
2025-11-04 17:00:00,solar.bun_tlc#realenergyintotheload#kwh,BUNDOORA,0.0,7.3892207,10.438157,10.128901,212.0
2025-11-04 18:00:00,solar.bun_tlc#realenergyintotheload#kwh,BUNDOORA,0.0,11.462013,6.747322,6.5474157,145.0
2025-11-04 19:00:00,solar.bun_tlc#realenergyintotheload#kwh,BUNDOORA,0.0,9.518314,4.395358,4.265135,98.0
2025-11-04 20:00:00,solar.bun_tlc#realenergyintotheload#kwh,BUNDOORA,0.0,1.7705138,0.007725729,0.007496835,3.0
2025-11-04 21:00:00,solar.bun_tlc#realenergyintotheload#kwh,BUNDOORA,0.0,0.9606616,-0.0044601774,0.0,0.0
2025-11-04 22:00:00,solar.bun_tlc#realenergyintotheload#kwh,BUNDOORA,0.0,0.32809794,0.0012951375,0.0012567658,0.0
2025-11-04 23:00:00,solar.bun_tlc#realenergyintotheload#kwh,BUNDOORA,0.0,0.11040866,0.0022552253,0.0021884085,0.0
2025-11-05 00:00:00,solar.bun_tlc#realenergyintotheload#kwh,BUNDOORA,0.0,-0.03772389,0.0060469904,0.0058678333,0.0
2025-11-05 01:00:00,solar.bun_tlc#realenergyintotheload#kwh,BUNDOORA,0.0,-0.1552588,0.0060224473,0.005844017,0.0
2025-11-05 02:00:00,solar.bun_tlc#realenergyintotheload#kwh,BUNDOORA,0.0,-0.1853429,0.003104299,0.0030123265,0.0
2025-11-05 03:00:00,solar.bun_tlc#realenergyintotheload#kwh,BUNDOORA,0.0,-0.017652277,0.0018042723,0.0017508162,0.0
2025-11-05 04:00:00,solar.bun_tlc#realenergyintotheload#kwh,BUNDOORA,0.0,-0.10545223,0.0012951375,0.0012567658,0.0
2025-11-05 05:00:00,solar.bun_tlc#realenergyintotheload#kwh,BUNDOORA,0.0,-0.05229271,0.001145835,0.0011118868,0.0
2025-11-05 06:00:00,solar.bun_tlc#realenergyintotheload#kwh,BUNDOORA,0.0,0.54118705,0.0012951375,0.0012567658,0.0
2025-11-05 07:00:00,solar.bun_tlc#realenergyintotheload#kwh,BUNDOORA,0.0,1.8431128,1.5934638,1.5462534,35.0
2025-11-05 08:00:00,solar.bun_tlc#realenergyintotheload#kwh,BUNDOORA,0.0,1.7674258,7.6418753,7.4154654,168.0
2025-11-05 09:00:00,solar.bun_tlc#realenergyintotheload#kwh,BUNDOORA,0.0,12.297909,20.58472,19.974846,381.0
2025-11-05 10:00:00,solar.bun_tlc#realenergyintotheload#kwh,BUNDOORA,0.0,21.670004,19.04529,18.481026,394.0
2025-11-05 11:00:00,solar.bun_tlc#realenergyintotheload#kwh,BUNDOORA,0.0,20.154722,29.705498,28.825397,630.0
2025-11-05 12:00:00,solar.bun_tlc#realenergyintotheload#kwh,BUNDOORA,0.0,29.728676,33.019215,32.04094,718.0
2025-11-05 13:00:00,solar.bun_tlc#realenergyintotheload#kwh,BUNDOORA,0.0,26.19407,31.02505,30.105854,670.0
2025-11-05 14:00:00,solar.bun_tlc#realenergyintotheload#kwh,BUNDOORA,0.0,22.66201,25.06398,24.321398,549.0
2025-11-05 15:00:00,solar.bun_tlc#realenergyintotheload#kwh,BUNDOORA,0.0,24.336699,30.971579,30.053968,656.0
2025-11-05 16:00:00,solar.bun_tlc#realenergyintotheload#kwh,BUNDOORA,0.0,22.589909,22.193436,21.5359,463.0
2025-11-05 17:00:00,solar.bun_tlc#realenergyintotheload#kwh,BUNDOORA,0.0,21.401018,21.927773,21.278107,430.0
2025-11-05 18:00:00,solar.bun_tlc#realenergyintotheload#kwh,BUNDOORA,0.0,12.606774,14.371976,13.94617,283.0
2025-11-05 19:00:00,solar.bun_tlc#realenergyintotheload#kwh,BUNDOORA,0.0,11.315333,6.2862926,6.100045,141.0
2025-11-05 20:00:00,solar.bun_tlc#realenergyintotheload#kwh,BUNDOORA,0.0,7.556148,0.4242027,0.41163465,13.0
2025-11-05 21:00:00,solar.bun_tlc#realenergyintotheload#kwh,BUNDOORA,0.0,2.1535568,0.005202032,0.005047909,0.0
2025-11-05 22:00:00,solar.bun_tlc#realenergyintotheload#kwh,BUNDOORA,0.0,0.014635127,0.0013314232,0.0012919764,0.0
2025-11-05 23:00:00,solar.bun_tlc#realenergyintotheload#kwh,BUNDOORA,0.0,-0.015248226,0.0013314232,0.0012919764,0.0
2025-11-06 00:00:00,solar.bun_tlc#realenergyintotheload#kwh,BUNDOORA,0.0,-0.033544943,0.0013314232,0.0012919764,0.0
2025-11-06 01:00:00,solar.bun_tlc#realenergyintotheload#kwh,BUNDOORA,0.0,-0.030065002,0.0013314232,0.0012919764,0.0
2025-11-06 02:00:00,solar.bun_tlc#realenergyintotheload#kwh,BUNDOORA,0.0,-0.008873508,0.0015885938,0.0015415278,0.0
2025-11-06 03:00:00,solar.bun_tlc#realenergyintotheload#kwh,BUNDOORA,0.0,-0.007223196,0.0016630865,0.0016138133,0.0
2025-11-06 04:00:00,solar.bun_tlc#realenergyintotheload#kwh,BUNDOORA,0.0,-0.007223196,0.0010980741,0.001065541,0.0
2025-11-06 05:00:00,solar.bun_tlc#realenergyintotheload#kwh,BUNDOORA,0.0,0.019994188,0.0010980741,0.001065541,0.0
2025-11-06 06:00:00,solar.bun_tlc#realenergyintotheload#kwh,BUNDOORA,0.0,0.065949954,0.001525375,0.0014801819,0.0
2025-11-06 07:00:00,solar.bun_tlc#realenergyintotheload#kwh,BUNDOORA,0.0,0.16476285,3.1781309,3.0839708,69.0
2025-11-06 08:00:00,solar.bun_tlc#realenergyintotheload#kwh,BUNDOORA,0.0,0.7638808,14.152182,13.732888,271.0
2025-11-06 09:00:00,solar.bun_tlc#realenergyintotheload#kwh,BUNDOORA,0.0,8.537515,24.586756,23.85831,487.0
2025-11-06 10:00:00,solar.bun_tlc#realenergyintotheload#kwh,BUNDOORA,0.0,17.04211,31.172594,30.249027,682.0
2025-11-06 11:00:00,solar.bun_tlc#realenergyintotheload#kwh,BUNDOORA,0.0,34.20915,38.288914,37.15451,845.0
2025-11-06 12:00:00,solar.bun_tlc#realenergyintotheload#kwh,BUNDOORA,0.0,43.973206,41.06568,39.849007,952.0
2025-11-06 13:00:00,solar.bun_tlc#realenergyintotheload#kwh,BUNDOORA,0.0,42.509987,42.807266,41.538994,998.0
2025-11-06 14:00:00,solar.bun_tlc#realenergyintotheload#kwh,BUNDOORA,0.0,40.424988,42.457825,41.199905,977.0
2025-11-06 15:00:00,solar.bun_tlc#realenergyintotheload#kwh,BUNDOORA,0.0,38.337845,40.09834,38.910324,902.0
2025-11-06 16:00:00,solar.bun_tlc#realenergyintotheload#kwh,BUNDOORA,0.0,22.600891,23.978594,23.268167,509.0
2025-11-06 17:00:00,solar.bun_tlc#realenergyintotheload#kwh,BUNDOORA,0.0,12.442176,14.40311,13.976381,297.0
2025-11-06 18:00:00,solar.bun_tlc#realenergyintotheload#kwh,BUNDOORA,0.0,13.071415,6.162168,5.9795985,137.0
2025-11-06 19:00:00,solar.bun_tlc#realenergyintotheload#kwh,BUNDOORA,0.0,5.1639876,1.745162,1.6934572,38.0
2025-11-06 20:00:00,solar.bun_tlc#realenergyintotheload#kwh,BUNDOORA,0.0,4.867995,0.102780685,0.09973555,4.0
2025-11-06 21:00:00,solar.bun_tlc#realenergyintotheload#kwh,BUNDOORA,0.0,4.2774415,0.011979386,0.011624467,0.0
2025-11-06 22:00:00,solar.bun_tlc#realenergyintotheload#kwh,BUNDOORA,0.0,0.24437444,0.00901491,0.008747821,0.0
2025-11-06 23:00:00,solar.bun_tlc#realenergyintotheload#kwh,BUNDOORA,0.0,0.06412321,0.003015796,0.0029264456,0.0
2025-11-07 00:00:00,solar.bun_tlc#realenergyintotheload#kwh,BUNDOORA,0.0,-0.009214051,0.0010032208,0.00097349787,0.0
2025-11-07 01:00:00,solar.bun_tlc#realenergyintotheload#kwh,BUNDOORA,0.0,-0.009214051,0.0011506174,0.0011165275,0.0
2025-11-07 02:00:00,solar.bun_tlc#realenergyintotheload#kwh,BUNDOORA,0.0,-0.030150518,0.00054772245,0.0005314948,0.0
2025-11-07 03:00:00,solar.bun_tlc#realenergyintotheload#kwh,BUNDOORA,0.0,-0.0129578225,0.00054772245,0.0005314948,0.0
2025-11-07 04:00:00,solar.bun_tlc#realenergyintotheload#kwh,BUNDOORA,0.0,-0.02651857,0.00054772245,0.0005314948,0.0
2025-11-07 05:00:00,solar.bun_tlc#realenergyintotheload#kwh,BUNDOORA,0.0,0.08965641,-0.00061174185,0.0,0.0
2025-11-07 06:00:00,solar.bun_tlc#realenergyintotheload#kwh,BUNDOORA,0.0,0.32358712,-0.0002730935,0.0,0.0
2025-11-07 07:00:00,solar.bun_tlc#realenergyintotheload#kwh,BUNDOORA,0.0,2.1164749,1.530393,1.4850513,36.0
2025-11-07 08:00:00,solar.bun_tlc#realenergyintotheload#kwh,BUNDOORA,0.0,10.170015,5.356554,5.1978526,127.0
2025-11-07 09:00:00,solar.bun_tlc#realenergyintotheload#kwh,BUNDOORA,0.0,11.250528,3.5904548,3.4840786,75.0
2025-11-07 10:00:00,solar.bun_tlc#realenergyintotheload#kwh,BUNDOORA,0.0,15.019956,5.5137577,5.350399,115.0
2025-11-07 11:00:00,solar.bun_tlc#realenergyintotheload#kwh,BUNDOORA,0.0,10.796268,5.965164,5.788431,134.0
2025-11-07 12:00:00,solar.bun_tlc#realenergyintotheload#kwh,BUNDOORA,0.0,10.9483,10.026661,9.729596,213.0
2025-11-07 13:00:00,solar.bun_tlc#realenergyintotheload#kwh,BUNDOORA,0.0,13.659756,11.449603,11.11038,251.0
2025-11-07 14:00:00,solar.bun_tlc#realenergyintotheload#kwh,BUNDOORA,0.0,25.659658,24.437563,23.71354,547.0
2025-11-07 15:00:00,solar.bun_tlc#realenergyintotheload#kwh,BUNDOORA,0.0,11.306346,6.523638,6.3303585,140.0
2025-11-07 16:00:00,solar.bun_tlc#realenergyintotheload#kwh,BUNDOORA,0.0,11.240566,5.653327,5.485833,114.0
2025-11-07 17:00:00,solar.bun_tlc#realenergyintotheload#kwh,BUNDOORA,0.0,9.304803,1.7536356,1.7016798,40.0
2025-11-07 18:00:00,solar.bun_tlc#realenergyintotheload#kwh,BUNDOORA,0.0,10.048709,2.2307086,2.1646183,51.0
2025-11-07 19:00:00,solar.bun_tlc#realenergyintotheload#kwh,BUNDOORA,0.0,9.830964,0.9320657,0.90445095,24.0
2025-11-07 20:00:00,solar.bun_tlc#realenergyintotheload#kwh,BUNDOORA,0.0,3.6821284,0.075509794,0.07327263,3.0
2025-11-07 21:00:00,solar.bun_tlc#realenergyintotheload#kwh,BUNDOORA,0.0,3.984889,0.023634238,0.022934014,0.0
2025-11-07 22:00:00,solar.bun_tlc#realenergyintotheload#kwh,BUNDOORA,0.0,0.2535402,0.003428235,0.003326665,0.0
2025-11-07 23:00:00,solar.bun_tlc#realenergyintotheload#kwh,BUNDOORA,0.0,0.12457745,0.0005965337,0.0005788599,0.0
2025-11-08 00:00:00,solar.bun_tlc#realenergyintotheload#kwh,BUNDOORA,0.0,0.34913704,0.002775293,0.002693068,0.0
2025-11-08 01:00:00,solar.bun_tlc#realenergyintotheload#kwh,BUNDOORA,0.0,0.03027657,0.003335683,0.003236855,0.0
2025-11-08 02:00:00,solar.bun_tlc#realenergyintotheload#kwh,BUNDOORA,0.0,-0.11345378,0.0018212624,0.001767303,0.0
2025-11-08 03:00:00,solar.bun_tlc#realenergyintotheload#kwh,BUNDOORA,0.0,-0.10066008,0.0032116456,0.0031164926,0.0
2025-11-08 04:00:00,solar.bun_tlc#realenergyintotheload#kwh,BUNDOORA,0.0,-0.013099354,0.002710961,0.0026306421,0.0
2025-11-08 05:00:00,solar.bun_tlc#realenergyintotheload#kwh,BUNDOORA,0.0,0.23378466,0.0023405422,0.0022711977,0.0
2025-11-08 06:00:00,solar.bun_tlc#realenergyintotheload#kwh,BUNDOORA,0.0,0.3450766,0.0022214325,0.002155617,0.0
2025-11-08 07:00:00,solar.bun_tlc#realenergyintotheload#kwh,BUNDOORA,0.0,0.2512246,1.5759625,1.5292708,36.0
2025-11-08 08:00:00,solar.bun_tlc#realenergyintotheload#kwh,BUNDOORA,0.0,2.1579037,4.693,4.553958,104.0
2025-11-08 09:00:00,solar.bun_tlc#realenergyintotheload#kwh,BUNDOORA,0.0,5.423336,5.9947715,5.8171616,129.0
2025-11-08 10:00:00,solar.bun_tlc#realenergyintotheload#kwh,BUNDOORA,0.0,8.307989,6.900247,6.69581,144.0
2025-11-08 11:00:00,solar.bun_tlc#realenergyintotheload#kwh,BUNDOORA,0.0,6.3361654,6.2336717,6.0489836,130.0
2025-11-08 12:00:00,solar.bun_tlc#realenergyintotheload#kwh,BUNDOORA,0.0,6.255042,7.2668242,7.0515265,148.0
2025-11-08 13:00:00,solar.bun_tlc#realenergyintotheload#kwh,BUNDOORA,0.0,7.707707,9.090919,8.821577,200.0
2025-11-08 14:00:00,solar.bun_tlc#realenergyintotheload#kwh,BUNDOORA,0.0,7.5503526,8.875291,8.612338,189.0
2025-11-08 15:00:00,solar.bun_tlc#realenergyintotheload#kwh,BUNDOORA,0.0,8.033273,8.912039,8.647997,194.0
2025-11-08 16:00:00,solar.bun_tlc#realenergyintotheload#kwh,BUNDOORA,0.0,5.816175,5.7967668,5.625023,117.0
2025-11-08 17:00:00,solar.bun_tlc#realenergyintotheload#kwh,BUNDOORA,0.0,5.6948795,5.729345,5.5595984,116.0
2025-11-08 18:00:00,solar.bun_tlc#realenergyintotheload#kwh,BUNDOORA,0.0,4.8948007,2.6962042,2.6163223,59.0
2025-11-08 19:00:00,solar.bun_tlc#realenergyintotheload#kwh,BUNDOORA,0.0,2.2926364,1.5573772,1.5112361,35.0
2025-11-08 20:00:00,solar.bun_tlc#realenergyintotheload#kwh,BUNDOORA,0.0,0.88870746,0.27548805,0.26732603,9.0
2025-11-08 21:00:00,solar.bun_tlc#realenergyintotheload#kwh,BUNDOORA,0.0,0.7513237,0.0017877314,0.0017347654,0.0
2025-11-08 22:00:00,solar.bun_tlc#realenergyintotheload#kwh,BUNDOORA,0.0,-0.007904123,0.0016194654,0.0015714847,0.0
2025-11-08 23:00:00,solar.bun_tlc#realenergyintotheload#kwh,BUNDOORA,0.0,0.08942997,0.0011433868,0.0011095111,0.0
2025-11-09 00:00:00,solar.bun_tlc#realenergyintotheload#kwh,BUNDOORA,0.0,0.13365945,0.001557566,0.0015114192,0.0
2025-11-09 01:00:00,solar.bun_tlc#realenergyintotheload#kwh,BUNDOORA,0.0,0.074662104,0.0010382137,0.001007454,0.0
2025-11-09 02:00:00,solar.bun_tlc#realenergyintotheload#kwh,BUNDOORA,0.0,-0.080435485,0.0010382137,0.001007454,0.0
2025-11-09 03:00:00,solar.bun_tlc#realenergyintotheload#kwh,BUNDOORA,0.0,0.05231099,0.0007436888,0.00072165515,0.0
2025-11-09 04:00:00,solar.bun_tlc#realenergyintotheload#kwh,BUNDOORA,0.0,0.007328697,0.00097499485,0.0009461082,0.0
2025-11-09 05:00:00,solar.bun_tlc#realenergyintotheload#kwh,BUNDOORA,0.0,0.07085675,0.0004105337,0.0003983706,0.0
2025-11-09 06:00:00,solar.bun_tlc#realenergyintotheload#kwh,BUNDOORA,0.0,0.41705972,0.0004105337,0.0003983706,0.0
2025-11-09 07:00:00,solar.bun_tlc#realenergyintotheload#kwh,BUNDOORA,0.0,0.8116955,1.5814595,1.5346048,34.0
2025-11-09 08:00:00,solar.bun_tlc#realenergyintotheload#kwh,BUNDOORA,0.0,2.150477,5.969864,5.7929916,127.0
2025-11-09 09:00:00,solar.bun_tlc#realenergyintotheload#kwh,BUNDOORA,0.0,7.642211,11.912326,11.559393,242.0
2025-11-09 10:00:00,solar.bun_tlc#realenergyintotheload#kwh,BUNDOORA,0.0,9.895963,14.70216,14.266572,305.0
2025-11-09 11:00:00,solar.bun_tlc#realenergyintotheload#kwh,BUNDOORA,0.0,14.400614,28.017889,27.187788,599.0
2025-11-09 12:00:00,solar.bun_tlc#realenergyintotheload#kwh,BUNDOORA,0.0,20.67563,31.30775,30.38018,684.0
2025-11-09 13:00:00,solar.bun_tlc#realenergyintotheload#kwh,BUNDOORA,0.0,24.98995,38.303753,37.168907,884.0
2025-11-09 14:00:00,solar.bun_tlc#realenergyintotheload#kwh,BUNDOORA,0.0,26.070799,34.732876,33.703827,777.0
2025-11-09 15:00:00,solar.bun_tlc#realenergyintotheload#kwh,BUNDOORA,0.0,17.796223,32.097183,31.146223,684.0
2025-11-09 16:00:00,solar.bun_tlc#realenergyintotheload#kwh,BUNDOORA,0.0,15.487291,17.611572,17.089785,364.0
2025-11-09 17:00:00,solar.bun_tlc#realenergyintotheload#kwh,BUNDOORA,0.0,10.401085,10.537032,10.224846,212.0
2025-11-09 18:00:00,solar.bun_tlc#realenergyintotheload#kwh,BUNDOORA,0.0,11.019984,12.163024,11.802664,250.0
2025-11-09 19:00:00,solar.bun_tlc#realenergyintotheload#kwh,BUNDOORA,0.0,7.8740015,3.9255683,3.8092635,86.0
2025-11-09 20:00:00,solar.bun_tlc#realenergyintotheload#kwh,BUNDOORA,0.0,2.3340526,0.324738,0.31511682,11.0
2025-11-09 21:00:00,solar.bun_tlc#realenergyintotheload#kwh,BUNDOORA,0.0,0.5403399,0.0015627564,0.0015164558,0.0
2025-11-09 22:00:00,solar.bun_tlc#realenergyintotheload#kwh,BUNDOORA,0.0,0.07978057,0.0019434908,0.00188591,0.0
2025-11-09 23:00:00,solar.bun_tlc#realenergyintotheload#kwh,BUNDOORA,0.0,0.010909192,0.0018219956,0.0017680144,0.0
2025-11-10 00:00:00,solar.bun_tlc#realenergyintotheload#kwh,BUNDOORA,0.0,0.010938982,0.0015885938,0.0015415278,0.0
2025-11-10 01:00:00,solar.bun_tlc#realenergyintotheload#kwh,BUNDOORA,0.0,0.006915256,0.0012661358,0.0012286234,0.0
2025-11-10 02:00:00,solar.bun_tlc#realenergyintotheload#kwh,BUNDOORA,0.0,-0.014183218,0.0006677051,0.0006479226,0.0
2025-11-10 03:00:00,solar.bun_tlc#realenergyintotheload#kwh,BUNDOORA,0.0,-0.0136225,0.0006677051,0.0006479226,0.0
2025-11-10 04:00:00,solar.bun_tlc#realenergyintotheload#kwh,BUNDOORA,0.0,-0.022359885,0.0006677051,0.0006479226,0.0
2025-11-10 05:00:00,solar.bun_tlc#realenergyintotheload#kwh,BUNDOORA,0.0,0.03546966,0.00073092396,0.0007092685,0.0
2025-11-10 06:00:00,solar.bun_tlc#realenergyintotheload#kwh,BUNDOORA,0.0,0.08277922,-2.7993621e-05,0.0,0.0
2025-11-10 07:00:00,solar.bun_tlc#realenergyintotheload#kwh,BUNDOORA,0.0,0.6529276,2.2560956,2.189253,46.0
2025-11-10 08:00:00,solar.bun_tlc#realenergyintotheload#kwh,BUNDOORA,0.0,1.7861671,7.945209,7.709812,174.0
2025-11-10 09:00:00,solar.bun_tlc#realenergyintotheload#kwh,BUNDOORA,0.0,9.240246,14.983198,14.539284,290.0
2025-11-10 10:00:00,solar.bun_tlc#realenergyintotheload#kwh,BUNDOORA,0.0,17.734842,18.156809,17.618868,376.0
2025-11-10 11:00:00,solar.bun_tlc#realenergyintotheload#kwh,BUNDOORA,0.0,19.608763,18.472828,17.925524,384.0
2025-11-10 12:00:00,solar.bun_tlc#realenergyintotheload#kwh,BUNDOORA,0.0,14.423062,13.286924,12.893266,284.0
2025-11-10 13:00:00,solar.bun_tlc#realenergyintotheload#kwh,BUNDOORA,0.0,12.604854,7.7291703,7.5001745,161.0
2025-11-10 14:00:00,solar.bun_tlc#realenergyintotheload#kwh,BUNDOORA,0.0,9.8094225,4.457551,4.3254848,92.0
2025-11-10 15:00:00,solar.bun_tlc#realenergyintotheload#kwh,BUNDOORA,0.0,11.596555,5.6876245,5.5191145,120.0
2025-11-10 16:00:00,solar.bun_tlc#realenergyintotheload#kwh,BUNDOORA,0.0,13.404153,9.1289215,8.858455,189.0
2025-11-10 17:00:00,solar.bun_tlc#realenergyintotheload#kwh,BUNDOORA,0.0,22.492317,23.931313,23.222288,482.0
2025-11-10 18:00:00,solar.bun_tlc#realenergyintotheload#kwh,BUNDOORA,0.0,6.9131203,4.0452185,3.9253688,87.0
2025-11-10 19:00:00,solar.bun_tlc#realenergyintotheload#kwh,BUNDOORA,0.0,4.6670537,1.7301897,1.6789285,40.0
2025-11-10 20:00:00,solar.bun_tlc#realenergyintotheload#kwh,BUNDOORA,0.0,2.989163,0.3295367,0.31977335,10.0
2025-11-10 21:00:00,solar.bun_tlc#realenergyintotheload#kwh,BUNDOORA,0.0,0.6206641,0.0012004967,0.001164929,0.0
2025-11-10 22:00:00,solar.bun_tlc#realenergyintotheload#kwh,BUNDOORA,0.0,0.015416715,0.0013986868,0.0013572472,0.0
2025-11-10 23:00:00,solar.bun_tlc#realenergyintotheload#kwh,BUNDOORA,0.0,-0.007831138,0.0019636992,0.0019055197,0.0
2025-11-11 00:00:00,solar.bun_tlc#realenergyintotheload#kwh,BUNDOORA,0.0,0.008603351,0.0017655089,0.0017132013,0.0
2025-11-11 01:00:00,solar.bun_tlc#realenergyintotheload#kwh,BUNDOORA,0.0,0.00990372,0.0022125638,0.002147011,0.0
2025-11-11 02:00:00,solar.bun_tlc#realenergyintotheload#kwh,BUNDOORA,0.0,0.021467559,0.0012682043,0.0012306306,0.0
2025-11-11 03:00:00,solar.bun_tlc#realenergyintotheload#kwh,BUNDOORA,0.0,0.016927008,0.0014086626,0.0013669275,0.0
2025-11-11 04:00:00,solar.bun_tlc#realenergyintotheload#kwh,BUNDOORA,0.0,0.05723153,0.00088621565,0.0008599593,0.0
2025-11-11 05:00:00,solar.bun_tlc#realenergyintotheload#kwh,BUNDOORA,0.0,0.12528148,0.0017687678,0.0017163637,0.0
2025-11-11 06:00:00,solar.bun_tlc#realenergyintotheload#kwh,BUNDOORA,0.0,0.5621244,0.0014133165,0.0013714434,0.0
2025-11-11 07:00:00,solar.bun_tlc#realenergyintotheload#kwh,BUNDOORA,0.0,0.5112858,1.143631,1.109748,27.0
2025-11-11 08:00:00,solar.bun_tlc#realenergyintotheload#kwh,BUNDOORA,0.0,2.237814,2.9219823,2.8354113,65.0
2025-11-11 09:00:00,solar.bun_tlc#realenergyintotheload#kwh,BUNDOORA,0.0,6.1620865,6.3556976,6.167394,137.0
2025-11-11 10:00:00,solar.bun_tlc#realenergyintotheload#kwh,BUNDOORA,0.0,13.0037565,18.599298,18.048248,395.0
2025-11-11 11:00:00,solar.bun_tlc#realenergyintotheload#kwh,BUNDOORA,0.0,15.084872,26.874659,26.07843,562.0
2025-11-11 12:00:00,solar.bun_tlc#realenergyintotheload#kwh,BUNDOORA,0.0,6.7490306,8.39428,8.145579,179.0
2025-11-11 13:00:00,solar.bun_tlc#realenergyintotheload#kwh,BUNDOORA,0.0,24.960579,40.392525,39.195797,955.0
2025-11-11 14:00:00,solar.bun_tlc#realenergyintotheload#kwh,BUNDOORA,0.0,17.73115,36.015263,34.94822,799.0
2025-11-11 15:00:00,solar.bun_tlc#realenergyintotheload#kwh,BUNDOORA,0.0,15.0480175,36.60105,35.516655,802.0
2025-11-11 16:00:00,solar.bun_tlc#realenergyintotheload#kwh,BUNDOORA,0.0,22.617388,17.188438,16.679188,351.0
2025-11-11 17:00:00,solar.bun_tlc#realenergyintotheload#kwh,BUNDOORA,0.0,25.371342,27.578506,26.761425,558.0
2025-11-11 18:00:00,solar.bun_tlc#realenergyintotheload#kwh,BUNDOORA,0.0,14.790775,16.861692,16.362123,329.0
2025-11-11 19:00:00,solar.bun_tlc#realenergyintotheload#kwh,BUNDOORA,0.0,7.153813,4.4651346,4.332844,98.0
2025-11-11 20:00:00,solar.bun_tlc#realenergyintotheload#kwh,BUNDOORA,0.0,3.2463782,0.8906658,0.8642776,23.0
2025-11-11 21:00:00,solar.bun_tlc#realenergyintotheload#kwh,BUNDOORA,0.0,0.8989274,0.0045710714,0.004435642,0.0
2025-11-11 22:00:00,solar.bun_tlc#realenergyintotheload#kwh,BUNDOORA,0.0,0.056763828,0.00093027676,0.00090271496,0.0
2025-11-11 23:00:00,solar.bun_tlc#realenergyintotheload#kwh,BUNDOORA,0.0,0.056177504,0.0011895162,0.0011542737,0.0
2025-11-12 00:00:00,solar.bun_tlc#realenergyintotheload#kwh,BUNDOORA,0.0,0.023484172,0.00040237568,0.00039045428,0.0
2025-11-12 01:00:00,solar.bun_tlc#realenergyintotheload#kwh,BUNDOORA,0.0,-0.06804769,0.0009059498,0.0008791088,0.0
2025-11-12 02:00:00,solar.bun_tlc#realenergyintotheload#kwh,BUNDOORA,0.0,-0.08252197,0.0009059498,0.0008791088,0.0
2025-11-12 03:00:00,solar.bun_tlc#realenergyintotheload#kwh,BUNDOORA,0.0,-0.08252197,0.0009059498,0.0008791088,0.0
2025-11-12 04:00:00,solar.bun_tlc#realenergyintotheload#kwh,BUNDOORA,0.0,-0.06549377,0.0009059498,0.0008791088,0.0
2025-11-12 05:00:00,solar.bun_tlc#realenergyintotheload#kwh,BUNDOORA,0.0,0.12576602,0.0009059498,0.0008791088,0.0
2025-11-12 06:00:00,solar.bun_tlc#realenergyintotheload#kwh,BUNDOORA,0.0,0.3366535,0.0009059498,0.0008791088,0.0
2025-11-12 07:00:00,solar.bun_tlc#realenergyintotheload#kwh,BUNDOORA,0.0,0.74138635,4.5303316,4.396109,83.0
2025-11-12 08:00:00,solar.bun_tlc#realenergyintotheload#kwh,BUNDOORA,0.0,5.469688,13.962068,13.548407,266.0
2025-11-12 09:00:00,solar.bun_tlc#realenergyintotheload#kwh,BUNDOORA,0.0,16.069115,24.746918,24.01373,477.0
2025-11-12 10:00:00,solar.bun_tlc#realenergyintotheload#kwh,BUNDOORA,0.0,13.0287285,31.68815,30.74931,647.0
2025-11-12 11:00:00,solar.bun_tlc#realenergyintotheload#kwh,BUNDOORA,0.0,21.145638,17.327095,16.813736,356.0
2025-11-12 12:00:00,solar.bun_tlc#realenergyintotheload#kwh,BUNDOORA,0.0,23.224108,23.282629,22.592823,504.0
2025-11-12 13:00:00,solar.bun_tlc#realenergyintotheload#kwh,BUNDOORA,0.0,24.860605,23.104282,22.41976,496.0
2025-11-12 14:00:00,solar.bun_tlc#realenergyintotheload#kwh,BUNDOORA,0.0,23.734142,23.178894,22.49216,505.0
2025-11-12 15:00:00,solar.bun_tlc#realenergyintotheload#kwh,BUNDOORA,0.0,20.145613,16.867876,16.368122,356.0
2025-11-12 16:00:00,solar.bun_tlc#realenergyintotheload#kwh,BUNDOORA,0.0,11.1130295,8.158516,7.9167995,172.0
2025-11-12 17:00:00,solar.bun_tlc#realenergyintotheload#kwh,BUNDOORA,0.0,16.89198,16.094858,15.618008,331.0
2025-11-12 18:00:00,solar.bun_tlc#realenergyintotheload#kwh,BUNDOORA,0.0,18.76868,14.867804,14.427308,299.0
2025-11-12 19:00:00,solar.bun_tlc#realenergyintotheload#kwh,BUNDOORA,0.0,4.0875154,4.9933624,4.845422,109.0
2025-11-12 20:00:00,solar.bun_tlc#realenergyintotheload#kwh,BUNDOORA,0.0,3.027157,0.9965286,0.967004,26.0
2025-11-12 21:00:00,solar.bun_tlc#realenergyintotheload#kwh,BUNDOORA,0.0,0.9172826,0.015936758,0.015464592,0.0
2025-11-12 22:00:00,solar.bun_tlc#realenergyintotheload#kwh,BUNDOORA,0.0,0.41450375,0.003514459,0.0034103342,0.0
2025-11-12 23:00:00,solar.bun_tlc#realenergyintotheload#kwh,BUNDOORA,0.0,0.60208404,0.0022203312,0.0021545484,0.0
2025-11-13 00:00:00,solar.bun_tlc#realenergyintotheload#kwh,BUNDOORA,0.0,-0.060392015,0.0035547838,0.0034494644,0.0
2025-11-13 01:00:00,solar.bun_tlc#realenergyintotheload#kwh,BUNDOORA,0.0,-0.24948062,0.023195846,0.022508612,0.0
2025-11-13 02:00:00,solar.bun_tlc#realenergyintotheload#kwh,BUNDOORA,0.0,0.023277234,0.01366263,0.01325784,0.0
2025-11-13 03:00:00,solar.bun_tlc#realenergyintotheload#kwh,BUNDOORA,0.0,-0.09540752,0.012129268,0.011769908,0.0
2025-11-13 04:00:00,solar.bun_tlc#realenergyintotheload#kwh,BUNDOORA,0.0,-0.08765251,0.008557842,0.008304294,0.0
2025-11-13 05:00:00,solar.bun_tlc#realenergyintotheload#kwh,BUNDOORA,0.0,-0.016806666,0.0146717075,0.014237021,0.0
2025-11-13 06:00:00,solar.bun_tlc#realenergyintotheload#kwh,BUNDOORA,0.0,1.7128031,0.009816412,0.009525576,0.0
2025-11-13 07:00:00,solar.bun_tlc#realenergyintotheload#kwh,BUNDOORA,0.0,4.3965006,4.1230803,4.0009236,91.0
2025-11-13 08:00:00,solar.bun_tlc#realenergyintotheload#kwh,BUNDOORA,0.0,11.647069,15.044258,14.598535,295.0
2025-11-13 09:00:00,solar.bun_tlc#realenergyintotheload#kwh,BUNDOORA,0.0,25.118439,25.312254,24.562315,514.0
2025-11-13 10:00:00,solar.bun_tlc#realenergyintotheload#kwh,BUNDOORA,0.0,35.566265,32.749012,31.77874,711.0
2025-11-13 11:00:00,solar.bun_tlc#realenergyintotheload#kwh,BUNDOORA,0.0,30.510847,31.167175,30.24377,701.0
2025-11-13 12:00:00,solar.bun_tlc#realenergyintotheload#kwh,BUNDOORA,0.0,33.49561,31.602982,30.666664,714.0
2025-11-13 13:00:00,solar.bun_tlc#realenergyintotheload#kwh,BUNDOORA,0.0,32.63531,35.304398,34.258415,802.0
2025-11-13 14:00:00,solar.bun_tlc#realenergyintotheload#kwh,BUNDOORA,0.0,37.65148,37.449608,36.34007,843.0
2025-11-13 15:00:00,solar.bun_tlc#realenergyintotheload#kwh,BUNDOORA,0.0,38.600655,38.4261,37.287632,882.0
2025-11-13 16:00:00,solar.bun_tlc#realenergyintotheload#kwh,BUNDOORA,0.0,37.46389,37.08156,35.982925,806.0
2025-11-13 17:00:00,solar.bun_tlc#realenergyintotheload#kwh,BUNDOORA,0.0,31.150393,30.232992,29.337265,625.0
2025-11-13 18:00:00,solar.bun_tlc#realenergyintotheload#kwh,BUNDOORA,0.0,29.31781,20.006027,19.4133,398.0
2025-11-13 19:00:00,solar.bun_tlc#realenergyintotheload#kwh,BUNDOORA,0.0,25.444538,9.379377,9.10149,194.0
2025-11-13 20:00:00,solar.bun_tlc#realenergyintotheload#kwh,BUNDOORA,0.0,9.683385,0.5017324,0.48686734,14.0
2025-11-13 21:00:00,solar.bun_tlc#realenergyintotheload#kwh,BUNDOORA,0.0,1.8021277,0.0043716254,0.004242105,0.0
2025-11-13 22:00:00,solar.bun_tlc#realenergyintotheload#kwh,BUNDOORA,0.0,0.16429321,0.0004105337,0.0003983706,0.0
2025-11-13 23:00:00,solar.bun_tlc#realenergyintotheload#kwh,BUNDOORA,0.0,0.040384497,0.00048651735,0.00047210307,0.0
2025-11-14 00:00:00,solar.bun_tlc#realenergyintotheload#kwh,BUNDOORA,0.0,-0.073703565,0.0020820813,0.0020203944,0.0
2025-11-14 01:00:00,solar.bun_tlc#realenergyintotheload#kwh,BUNDOORA,0.0,0.03583769,0.0012682043,0.0012306306,0.0
2025-11-14 02:00:00,solar.bun_tlc#realenergyintotheload#kwh,BUNDOORA,0.0,0.0012742993,0.0012682043,0.0012306306,0.0
2025-11-14 03:00:00,solar.bun_tlc#realenergyintotheload#kwh,BUNDOORA,0.0,-0.022953484,0.0007436888,0.00072165515,0.0
2025-11-14 04:00:00,solar.bun_tlc#realenergyintotheload#kwh,BUNDOORA,0.0,-0.012569966,0.0007436888,0.00072165515,0.0
2025-11-14 05:00:00,solar.bun_tlc#realenergyintotheload#kwh,BUNDOORA,0.0,0.074091904,0.0007436888,0.00072165515,0.0
2025-11-14 06:00:00,solar.bun_tlc#realenergyintotheload#kwh,BUNDOORA,0.0,0.8664531,0.0007436888,0.00072165515,0.0
2025-11-14 07:00:00,solar.bun_tlc#realenergyintotheload#kwh,BUNDOORA,0.0,2.7060037,2.3323374,2.263236,52.0
2025-11-14 08:00:00,solar.bun_tlc#realenergyintotheload#kwh,BUNDOORA,0.0,5.3436775,14.7741165,14.336396,290.0
2025-11-14 09:00:00,solar.bun_tlc#realenergyintotheload#kwh,BUNDOORA,0.0,19.065083,26.993656,26.193901,511.0
2025-11-14 10:00:00,solar.bun_tlc#realenergyintotheload#kwh,BUNDOORA,0.0,14.177179,33.794125,32.79289,714.0
2025-11-14 11:00:00,solar.bun_tlc#realenergyintotheload#kwh,BUNDOORA,0.0,21.633238,38.870636,37.718998,873.0
2025-11-14 12:00:00,solar.bun_tlc#realenergyintotheload#kwh,BUNDOORA,0.0,33.196632,42.272564,41.020134,986.0
2025-11-14 13:00:00,solar.bun_tlc#realenergyintotheload#kwh,BUNDOORA,0.0,41.39896,43.67628,42.382263,1040.0
2025-11-14 14:00:00,solar.bun_tlc#realenergyintotheload#kwh,BUNDOORA,0.0,41.6311,43.554955,42.26453,1026.0
2025-11-14 15:00:00,solar.bun_tlc#realenergyintotheload#kwh,BUNDOORA,0.0,36.1625,40.476067,39.276863,948.0
2025-11-14 16:00:00,solar.bun_tlc#realenergyintotheload#kwh,BUNDOORA,0.0,36.57513,36.771572,35.68212,812.0
2025-11-14 17:00:00,solar.bun_tlc#realenergyintotheload#kwh,BUNDOORA,0.0,32.71811,30.54599,29.64099,630.0
2025-11-14 18:00:00,solar.bun_tlc#realenergyintotheload#kwh,BUNDOORA,0.0,20.743341,21.475445,20.839182,423.0
2025-11-14 19:00:00,solar.bun_tlc#realenergyintotheload#kwh,BUNDOORA,0.0,7.1702847,8.351366,8.103936,174.0
2025-11-14 20:00:00,solar.bun_tlc#realenergyintotheload#kwh,BUNDOORA,0.0,0.6876225,0.24208036,0.23490812,8.0
2025-11-14 21:00:00,solar.bun_tlc#realenergyintotheload#kwh,BUNDOORA,0.0,0.6458008,0.0013549741,0.0013148296,0.0
2025-11-14 22:00:00,solar.bun_tlc#realenergyintotheload#kwh,BUNDOORA,0.0,0.14771786,0.0015627564,0.0015164558,0.0
2025-11-14 23:00:00,solar.bun_tlc#realenergyintotheload#kwh,BUNDOORA,0.0,0.017398015,0.001525375,0.0014801819,0.0
2025-11-15 00:00:00,solar.bun_tlc#realenergyintotheload#kwh,BUNDOORA,0.0,0.03234313,0.002229478,0.0021634242,0.0
2025-11-15 01:00:00,solar.bun_tlc#realenergyintotheload#kwh,BUNDOORA,0.0,0.02360573,0.0026470942,0.0025686675,0.0
2025-11-15 02:00:00,solar.bun_tlc#realenergyintotheload#kwh,BUNDOORA,0.0,-0.0026808882,0.0016350264,0.0015865847,0.0
2025-11-15 03:00:00,solar.bun_tlc#realenergyintotheload#kwh,BUNDOORA,0.0,0.0029312642,0.0023068471,0.002238501,0.0
2025-11-15 04:00:00,solar.bun_tlc#realenergyintotheload#kwh,BUNDOORA,0.0,0.0029312642,0.0026470942,0.0025686675,0.0
2025-11-15 05:00:00,solar.bun_tlc#realenergyintotheload#kwh,BUNDOORA,0.0,0.030485045,0.0020820813,0.0020203944,0.0
2025-11-15 06:00:00,solar.bun_tlc#realenergyintotheload#kwh,BUNDOORA,0.0,0.04981688,0.0020820813,0.0020203944,0.0
2025-11-15 07:00:00,solar.bun_tlc#realenergyintotheload#kwh,BUNDOORA,0.0,0.28975788,2.0555167,1.9946169,45.0
2025-11-15 08:00:00,solar.bun_tlc#realenergyintotheload#kwh,BUNDOORA,0.0,1.1145493,13.934901,13.522045,269.0
2025-11-15 09:00:00,solar.bun_tlc#realenergyintotheload#kwh,BUNDOORA,0.0,7.3046207,23.322426,22.631441,495.0
2025-11-15 10:00:00,solar.bun_tlc#realenergyintotheload#kwh,BUNDOORA,0.0,16.490227,31.583574,30.647831,691.0
2025-11-15 11:00:00,solar.bun_tlc#realenergyintotheload#kwh,BUNDOORA,0.0,20.506897,37.479797,36.369366,850.0
2025-11-15 12:00:00,solar.bun_tlc#realenergyintotheload#kwh,BUNDOORA,0.0,29.439953,39.28463,38.120724,905.0
2025-11-15 13:00:00,solar.bun_tlc#realenergyintotheload#kwh,BUNDOORA,0.0,24.942717,34.928463,33.89362,770.0
2025-11-15 14:00:00,solar.bun_tlc#realenergyintotheload#kwh,BUNDOORA,0.0,24.286163,26.954285,26.155697,591.0
2025-11-15 15:00:00,solar.bun_tlc#realenergyintotheload#kwh,BUNDOORA,0.0,26.644304,26.304346,25.525015,568.0
2025-11-15 16:00:00,solar.bun_tlc#realenergyintotheload#kwh,BUNDOORA,0.0,25.732328,19.328241,18.755594,403.0
2025-11-15 17:00:00,solar.bun_tlc#realenergyintotheload#kwh,BUNDOORA,0.0,16.69356,14.295221,13.87169,301.0
2025-11-15 18:00:00,solar.bun_tlc#realenergyintotheload#kwh,BUNDOORA,0.0,10.817708,8.674959,8.417942,181.0
2025-11-15 19:00:00,solar.bun_tlc#realenergyintotheload#kwh,BUNDOORA,0.0,13.807136,4.4985366,4.3652563,108.0
2025-11-15 20:00:00,solar.bun_tlc#realenergyintotheload#kwh,BUNDOORA,0.0,7.2073016,0.6795717,0.65943766,20.0
2025-11-15 21:00:00,solar.bun_tlc#realenergyintotheload#kwh,BUNDOORA,0.0,2.1149583,0.00076800276,0.00074524875,0.0
2025-11-15 22:00:00,solar.bun_tlc#realenergyintotheload#kwh,BUNDOORA,0.0,0.309844,0.0010272426,0.0009968079,0.0
2025-11-15 23:00:00,solar.bun_tlc#realenergyintotheload#kwh,BUNDOORA,0.0,0.0074220733,0.0023137226,0.0022451729,0.0
2025-11-16 00:00:00,solar.bun_tlc#realenergyintotheload#kwh,BUNDOORA,0.0,0.001932851,0.0023137226,0.0022451729,0.0
2025-11-16 01:00:00,solar.bun_tlc#realenergyintotheload#kwh,BUNDOORA,0.0,-0.014531709,0.0022505037,0.0021838269,0.0
2025-11-16 02:00:00,solar.bun_tlc#realenergyintotheload#kwh,BUNDOORA,0.0,0.000105996616,0.0022505037,0.0021838269,0.0
2025-11-16 03:00:00,solar.bun_tlc#realenergyintotheload#kwh,BUNDOORA,0.0,-0.009403072,0.0020523136,0.0019915088,0.0
2025-11-16 04:00:00,solar.bun_tlc#realenergyintotheload#kwh,BUNDOORA,0.0,-0.014267428,0.0019636992,0.0019055197,0.0
2025-11-16 05:00:00,solar.bun_tlc#realenergyintotheload#kwh,BUNDOORA,0.0,-0.0150389075,0.0024373296,0.0023651177,0.0
2025-11-16 06:00:00,solar.bun_tlc#realenergyintotheload#kwh,BUNDOORA,0.0,-0.116132624,0.0019636992,0.0019055197,0.0
2025-11-16 07:00:00,solar.bun_tlc#realenergyintotheload#kwh,BUNDOORA,0.0,0.122374594,1.7365521,1.6851025,39.0
2025-11-16 08:00:00,solar.bun_tlc#realenergyintotheload#kwh,BUNDOORA,0.0,0.5578738,4.975731,4.8283124,109.0
2025-11-16 09:00:00,solar.bun_tlc#realenergyintotheload#kwh,BUNDOORA,0.0,5.744463,5.9130564,5.7378674,124.0
2025-11-16 10:00:00,solar.bun_tlc#realenergyintotheload#kwh,BUNDOORA,0.0,12.6393175,20.07667,19.481848,424.0
2025-11-16 11:00:00,solar.bun_tlc#realenergyintotheload#kwh,BUNDOORA,0.0,14.040281,22.111248,21.456146,476.0
2025-11-16 12:00:00,solar.bun_tlc#realenergyintotheload#kwh,BUNDOORA,0.0,13.069794,6.554662,6.360464,143.0
2025-11-16 13:00:00,solar.bun_tlc#realenergyintotheload#kwh,BUNDOORA,0.0,14.46872,15.495738,15.036638,341.0
2025-11-16 14:00:00,solar.bun_tlc#realenergyintotheload#kwh,BUNDOORA,0.0,16.778765,24.874882,24.137901,543.0
2025-11-16 15:00:00,solar.bun_tlc#realenergyintotheload#kwh,BUNDOORA,0.0,11.02586,28.427542,27.585304,620.0
2025-11-16 16:00:00,solar.bun_tlc#realenergyintotheload#kwh,BUNDOORA,0.0,13.245459,12.762273,12.384158,268.0
2025-11-16 17:00:00,solar.bun_tlc#realenergyintotheload#kwh,BUNDOORA,0.0,21.36877,17.196714,16.68722,347.0
2025-11-16 18:00:00,solar.bun_tlc#realenergyintotheload#kwh,BUNDOORA,0.0,10.654532,8.383757,8.135366,178.0
2025-11-16 19:00:00,solar.bun_tlc#realenergyintotheload#kwh,BUNDOORA,0.0,6.6079564,2.2017255,2.136494,48.0
2025-11-16 20:00:00,solar.bun_tlc#realenergyintotheload#kwh,BUNDOORA,0.0,3.9231725,0.28839213,0.2798478,9.0
2025-11-16 21:00:00,solar.bun_tlc#realenergyintotheload#kwh,BUNDOORA,0.0,1.1450704,0.0019823262,0.0019235947,0.0
2025-11-16 22:00:00,solar.bun_tlc#realenergyintotheload#kwh,BUNDOORA,0.0,-0.018050812,0.00048651735,0.00047210307,0.0
2025-11-16 23:00:00,solar.bun_tlc#realenergyintotheload#kwh,BUNDOORA,0.0,-0.1355541,0.0007810423,0.000757902,0.0
2025-11-17 00:00:00,solar.bun_tlc#realenergyintotheload#kwh,BUNDOORA,0.0,-0.11438067,0.0007178234,0.00069655606,0.0
2025-11-17 01:00:00,solar.bun_tlc#realenergyintotheload#kwh,BUNDOORA,0.0,-0.036865994,0.0007178234,0.00069655606,0.0
2025-11-17 02:00:00,solar.bun_tlc#realenergyintotheload#kwh,BUNDOORA,0.0,-0.036865994,0.0007178234,0.00069655606,0.0
2025-11-17 03:00:00,solar.bun_tlc#realenergyintotheload#kwh,BUNDOORA,0.0,0.061048422,0.0007436888,0.00072165515,0.0
2025-11-17 04:00:00,solar.bun_tlc#realenergyintotheload#kwh,BUNDOORA,0.0,0.07528924,0.001557566,0.0015114192,0.0
2025-11-17 05:00:00,solar.bun_tlc#realenergyintotheload#kwh,BUNDOORA,0.0,0.13113187,0.001557566,0.0015114192,0.0
2025-11-17 06:00:00,solar.bun_tlc#realenergyintotheload#kwh,BUNDOORA,0.0,0.994496,0.001557566,0.0015114192,0.0
2025-11-17 07:00:00,solar.bun_tlc#realenergyintotheload#kwh,BUNDOORA,0.0,0.99073285,3.470639,3.3678126,67.0
2025-11-17 08:00:00,solar.bun_tlc#realenergyintotheload#kwh,BUNDOORA,0.0,4.4635243,6.002723,5.8248777,138.0
2025-11-17 09:00:00,solar.bun_tlc#realenergyintotheload#kwh,BUNDOORA,0.0,10.92795,10.5063505,10.195073,215.0
2025-11-17 10:00:00,solar.bun_tlc#realenergyintotheload#kwh,BUNDOORA,0.0,12.995791,15.2295265,14.778314,322.0
2025-11-17 11:00:00,solar.bun_tlc#realenergyintotheload#kwh,BUNDOORA,0.0,13.866058,15.578575,15.117021,334.0
2025-11-17 12:00:00,solar.bun_tlc#realenergyintotheload#kwh,BUNDOORA,0.0,10.874095,13.247805,12.855306,284.0
2025-11-17 13:00:00,solar.bun_tlc#realenergyintotheload#kwh,BUNDOORA,0.0,10.418173,10.414115,10.105571,220.0
2025-11-17 14:00:00,solar.bun_tlc#realenergyintotheload#kwh,BUNDOORA,0.0,13.858578,16.12118,15.643549,339.0
2025-11-17 15:00:00,solar.bun_tlc#realenergyintotheload#kwh,BUNDOORA,0.0,12.808835,11.7084,11.361509,242.0
2025-11-17 16:00:00,solar.bun_tlc#realenergyintotheload#kwh,BUNDOORA,0.0,12.581656,10.786116,10.46655,225.0
2025-11-17 17:00:00,solar.bun_tlc#realenergyintotheload#kwh,BUNDOORA,0.0,14.172206,7.590708,7.365814,160.0
2025-11-17 18:00:00,solar.bun_tlc#realenergyintotheload#kwh,BUNDOORA,0.0,8.435631,6.033446,5.85469,124.0
2025-11-17 19:00:00,solar.bun_tlc#realenergyintotheload#kwh,BUNDOORA,0.0,5.75229,3.5516672,3.4464402,80.0
2025-11-17 20:00:00,solar.bun_tlc#realenergyintotheload#kwh,BUNDOORA,0.0,2.331375,0.40078366,0.38890943,13.0
2025-11-17 21:00:00,solar.bun_tlc#realenergyintotheload#kwh,BUNDOORA,0.0,1.4853997,0.0043571265,0.004228036,0.0
2025-11-17 22:00:00,solar.bun_tlc#realenergyintotheload#kwh,BUNDOORA,0.0,0.26263496,0.001578274,0.0015315136,0.0
2025-11-17 23:00:00,solar.bun_tlc#realenergyintotheload#kwh,BUNDOORA,0.0,0.10202288,0.0013986868,0.0013572472,0.0
2025-11-18 00:00:00,solar.bun_tlc#realenergyintotheload#kwh,BUNDOORA,0.0,0.107593805,0.0013986868,0.0013572472,0.0
2025-11-18 01:00:00,solar.bun_tlc#realenergyintotheload#kwh,BUNDOORA,0.0,0.105801165,0.0013986868,0.0013572472,0.0
2025-11-18 02:00:00,solar.bun_tlc#realenergyintotheload#kwh,BUNDOORA,0.0,0.10565886,0.0012682043,0.0012306306,0.0
2025-11-18 03:00:00,solar.bun_tlc#realenergyintotheload#kwh,BUNDOORA,0.0,0.08378054,0.0010089646,0.0009790715,0.0
2025-11-18 04:00:00,solar.bun_tlc#realenergyintotheload#kwh,BUNDOORA,0.0,-0.006325691,0.0012682043,0.0012306306,0.0
2025-11-18 05:00:00,solar.bun_tlc#realenergyintotheload#kwh,BUNDOORA,0.0,0.048966244,0.0012682043,0.0012306306,0.0
2025-11-18 06:00:00,solar.bun_tlc#realenergyintotheload#kwh,BUNDOORA,0.0,0.85019773,0.0016679016,0.0016184859,0.0
2025-11-18 07:00:00,solar.bun_tlc#realenergyintotheload#kwh,BUNDOORA,0.0,2.6265488,1.9436761,1.8860898,49.0
2025-11-18 08:00:00,solar.bun_tlc#realenergyintotheload#kwh,BUNDOORA,0.0,4.716075,7.977453,7.7411013,165.0
2025-11-18 09:00:00,solar.bun_tlc#realenergyintotheload#kwh,BUNDOORA,0.0,9.741248,15.730248,15.2642,312.0
2025-11-18 10:00:00,solar.bun_tlc#realenergyintotheload#kwh,BUNDOORA,0.0,9.261945,10.687992,10.371333,230.0
2025-11-18 11:00:00,solar.bun_tlc#realenergyintotheload#kwh,BUNDOORA,0.0,14.167053,14.6449585,14.211065,306.0
2025-11-18 12:00:00,solar.bun_tlc#realenergyintotheload#kwh,BUNDOORA,0.0,9.480583,9.980236,9.684546,211.0
2025-11-18 13:00:00,solar.bun_tlc#realenergyintotheload#kwh,BUNDOORA,0.0,10.94164,8.014229,7.7767873,169.0
2025-11-18 14:00:00,solar.bun_tlc#realenergyintotheload#kwh,BUNDOORA,0.0,21.124329,21.164576,20.537521,452.0
2025-11-18 15:00:00,solar.bun_tlc#realenergyintotheload#kwh,BUNDOORA,0.0,20.305487,21.14976,20.523146,454.0
2025-11-18 16:00:00,solar.bun_tlc#realenergyintotheload#kwh,BUNDOORA,0.0,15.105897,12.757191,12.379227,277.0
2025-11-18 17:00:00,solar.bun_tlc#realenergyintotheload#kwh,BUNDOORA,0.0,13.46219,13.080253,12.692718,278.0
2025-11-18 18:00:00,solar.bun_tlc#realenergyintotheload#kwh,BUNDOORA,0.0,12.237381,11.392431,11.054902,237.0
2025-11-18 19:00:00,solar.bun_tlc#realenergyintotheload#kwh,BUNDOORA,0.0,13.801254,4.542403,4.407823,106.0
2025-11-18 20:00:00,solar.bun_tlc#realenergyintotheload#kwh,BUNDOORA,0.0,7.6155796,1.2628952,1.2254788,33.0
2025-11-18 21:00:00,solar.bun_tlc#realenergyintotheload#kwh,BUNDOORA,0.0,3.215842,0.00030192218,0.00029297697,0.0
2025-11-18 22:00:00,solar.bun_tlc#realenergyintotheload#kwh,BUNDOORA,0.0,0.23386702,-0.00041355172,0.0,0.0
2025-11-18 23:00:00,solar.bun_tlc#realenergyintotheload#kwh,BUNDOORA,0.0,-0.022830298,-0.00041355172,0.0,0.0
2025-11-19 00:00:00,solar.bun_tlc#realenergyintotheload#kwh,BUNDOORA,0.0,-0.041728407,-1.6769205e-05,0.0,0.0
2025-11-19 01:00:00,solar.bun_tlc#realenergyintotheload#kwh,BUNDOORA,0.0,-0.03906427,0.0006493428,0.0006301044,0.0
2025-11-19 02:00:00,solar.bun_tlc#realenergyintotheload#kwh,BUNDOORA,0.0,-0.046960022,0.0013608062,0.0013204889,0.0
2025-11-19 03:00:00,solar.bun_tlc#realenergyintotheload#kwh,BUNDOORA,0.0,-0.024392469,0.001424025,0.0013818347,0.0
2025-11-19 04:00:00,solar.bun_tlc#realenergyintotheload#kwh,BUNDOORA,0.0,-0.008319493,0.0029249734,0.0028383138,0.0
2025-11-19 05:00:00,solar.bun_tlc#realenergyintotheload#kwh,BUNDOORA,0.0,0.041417487,0.0024373296,0.0023651177,0.0
2025-11-19 06:00:00,solar.bun_tlc#realenergyintotheload#kwh,BUNDOORA,0.0,0.46416485,0.0014619057,0.001418593,0.0
2025-11-19 07:00:00,solar.bun_tlc#realenergyintotheload#kwh,BUNDOORA,0.0,1.1997694,3.1849682,3.0906055,82.0
2025-11-19 08:00:00,solar.bun_tlc#realenergyintotheload#kwh,BUNDOORA,0.0,4.8493786,8.59192,8.337363,187.0
2025-11-19 09:00:00,solar.bun_tlc#realenergyintotheload#kwh,BUNDOORA,0.0,16.522875,18.702347,18.148243,379.0
2025-11-19 10:00:00,solar.bun_tlc#realenergyintotheload#kwh,BUNDOORA,0.0,25.966854,29.360949,28.491056,619.0
2025-11-19 11:00:00,solar.bun_tlc#realenergyintotheload#kwh,BUNDOORA,0.0,25.609932,35.81172,34.75071,771.0
2025-11-19 12:00:00,solar.bun_tlc#realenergyintotheload#kwh,BUNDOORA,0.0,30.549036,35.04754,34.009167,791.0
2025-11-19 13:00:00,solar.bun_tlc#realenergyintotheload#kwh,BUNDOORA,0.0,32.637302,36.4329,35.353485,825.0
2025-11-19 14:00:00,solar.bun_tlc#realenergyintotheload#kwh,BUNDOORA,0.0,38.858166,39.155014,37.99495,892.0
2025-11-19 15:00:00,solar.bun_tlc#realenergyintotheload#kwh,BUNDOORA,0.0,32.30172,35.37501,34.32694,765.0
2025-11-19 16:00:00,solar.bun_tlc#realenergyintotheload#kwh,BUNDOORA,0.0,27.955109,28.62697,27.778824,604.0
2025-11-19 17:00:00,solar.bun_tlc#realenergyintotheload#kwh,BUNDOORA,0.0,36.699818,31.243166,30.317509,655.0
2025-11-19 18:00:00,solar.bun_tlc#realenergyintotheload#kwh,BUNDOORA,0.0,21.111347,21.582474,20.943039,441.0
2025-11-19 19:00:00,solar.bun_tlc#realenergyintotheload#kwh,BUNDOORA,0.0,14.386963,10.743813,10.4255,215.0
2025-11-19 20:00:00,solar.bun_tlc#realenergyintotheload#kwh,BUNDOORA,0.0,3.2782402,1.0020274,0.9723398,26.0
2025-11-19 21:00:00,solar.bun_tlc#realenergyintotheload#kwh,BUNDOORA,0.0,0.90117,0.0021366598,0.002073356,0.0
2025-11-19 22:00:00,solar.bun_tlc#realenergyintotheload#kwh,BUNDOORA,0.0,0.35054684,0.0018219956,0.0017680144,0.0
2025-11-19 23:00:00,solar.bun_tlc#realenergyintotheload#kwh,BUNDOORA,0.0,0.02223692,0.0024866492,0.002412976,0.0
2025-11-20 00:00:00,solar.bun_tlc#realenergyintotheload#kwh,BUNDOORA,0.0,0.04561333,0.008338368,0.008091322,0.0
2025-11-20 01:00:00,solar.bun_tlc#realenergyintotheload#kwh,BUNDOORA,0.0,0.10117923,0.005746257,0.00557601,0.0
2025-11-20 02:00:00,solar.bun_tlc#realenergyintotheload#kwh,BUNDOORA,0.0,0.0720848,0.0006106954,0.000592602,0.0
2025-11-20 03:00:00,solar.bun_tlc#realenergyintotheload#kwh,BUNDOORA,0.0,0.095914975,0.0053491327,0.0051906514,0.0
2025-11-20 04:00:00,solar.bun_tlc#realenergyintotheload#kwh,BUNDOORA,0.0,0.032183524,0.0011895162,0.0011542737,0.0
2025-11-20 05:00:00,solar.bun_tlc#realenergyintotheload#kwh,BUNDOORA,0.0,0.04111268,0.0008296767,0.0008050954,0.0
2025-11-20 06:00:00,solar.bun_tlc#realenergyintotheload#kwh,BUNDOORA,0.0,0.28887585,0.00089289556,0.0008664413,0.0
2025-11-20 07:00:00,solar.bun_tlc#realenergyintotheload#kwh,BUNDOORA,0.0,1.1893003,3.3216739,3.2232609,81.0
2025-11-20 08:00:00,solar.bun_tlc#realenergyintotheload#kwh,BUNDOORA,0.0,3.1018355,8.282701,8.037305,177.0
2025-11-20 09:00:00,solar.bun_tlc#realenergyintotheload#kwh,BUNDOORA,0.0,13.864415,21.428518,20.793644,428.0
2025-11-20 10:00:00,solar.bun_tlc#realenergyintotheload#kwh,BUNDOORA,0.0,15.879211,23.802427,23.097221,477.0
2025-11-20 11:00:00,solar.bun_tlc#realenergyintotheload#kwh,BUNDOORA,0.0,19.672945,32.430805,31.469961,682.0
2025-11-20 12:00:00,solar.bun_tlc#realenergyintotheload#kwh,BUNDOORA,0.0,20.41342,34.388718,33.369865,755.0
2025-11-20 13:00:00,solar.bun_tlc#realenergyintotheload#kwh,BUNDOORA,0.0,24.590193,44.344826,43.031,1049.0
2025-11-20 14:00:00,solar.bun_tlc#realenergyintotheload#kwh,BUNDOORA,0.0,17.464346,36.728493,35.64032,820.0
2025-11-20 15:00:00,solar.bun_tlc#realenergyintotheload#kwh,BUNDOORA,0.0,23.17104,28.341263,27.501581,611.0
2025-11-20 16:00:00,solar.bun_tlc#realenergyintotheload#kwh,BUNDOORA,0.0,30.971903,37.34668,36.240192,824.0
2025-11-20 17:00:00,solar.bun_tlc#realenergyintotheload#kwh,BUNDOORA,0.0,31.70518,31.42654,30.495451,670.0
2025-11-20 18:00:00,solar.bun_tlc#realenergyintotheload#kwh,BUNDOORA,0.0,20.973438,23.448778,22.75405,463.0
2025-11-20 19:00:00,solar.bun_tlc#realenergyintotheload#kwh,BUNDOORA,0.0,14.280638,11.278473,10.94432,244.0
2025-11-20 20:00:00,solar.bun_tlc#realenergyintotheload#kwh,BUNDOORA,0.0,4.5541267,2.1850812,2.1203427,48.0
2025-11-20 21:00:00,solar.bun_tlc#realenergyintotheload#kwh,BUNDOORA,0.0,0.22254491,0.008100251,0.00786026,0.0
2025-11-20 22:00:00,solar.bun_tlc#realenergyintotheload#kwh,BUNDOORA,0.0,0.065803975,0.0112585435,0.010924981,0.0
2025-11-20 23:00:00,solar.bun_tlc#realenergyintotheload#kwh,BUNDOORA,0.0,-0.08588031,0.00069899636,0.00067828683,0.0
2025-11-21 00:00:00,solar.bun_tlc#realenergyintotheload#kwh,BUNDOORA,0.0,0.035009824,0.00069899636,0.00067828683,0.0
2025-11-21 01:00:00,solar.bun_tlc#realenergyintotheload#kwh,BUNDOORA,0.0,0.020925805,0.00040237568,0.00039045428,0.0
2025-11-21 02:00:00,solar.bun_tlc#realenergyintotheload#kwh,BUNDOORA,0.0,-0.0006510127,0.00089289556,0.0008664413,0.0
2025-11-21 03:00:00,solar.bun_tlc#realenergyintotheload#kwh,BUNDOORA,0.0,0.0012030011,0.00040237568,0.00039045428,0.0
2025-11-21 04:00:00,solar.bun_tlc#realenergyintotheload#kwh,BUNDOORA,0.0,0.0012030011,0.00040237568,0.00039045428,0.0
2025-11-21 05:00:00,solar.bun_tlc#realenergyintotheload#kwh,BUNDOORA,0.0,0.04574732,0.00040237568,0.00039045428,0.0
2025-11-21 06:00:00,solar.bun_tlc#realenergyintotheload#kwh,BUNDOORA,0.0,0.10742521,0.00040237568,0.00039045428,0.0
2025-11-21 07:00:00,solar.bun_tlc#realenergyintotheload#kwh,BUNDOORA,0.0,1.6257671,5.356131,5.197442,106.0
2025-11-21 08:00:00,solar.bun_tlc#realenergyintotheload#kwh,BUNDOORA,0.0,6.204219,16.331436,15.847576,317.0
2025-11-21 09:00:00,solar.bun_tlc#realenergyintotheload#kwh,BUNDOORA,0.0,10.881624,27.050795,26.249348,538.0
2025-11-21 10:00:00,solar.bun_tlc#realenergyintotheload#kwh,BUNDOORA,0.0,23.796492,33.05461,32.075287,733.0
2025-11-21 11:00:00,solar.bun_tlc#realenergyintotheload#kwh,BUNDOORA,0.0,31.582989,40.436035,39.238018,904.0
2025-11-21 12:00:00,solar.bun_tlc#realenergyintotheload#kwh,BUNDOORA,0.0,43.426796,42.011147,40.76646,998.0
2025-11-21 13:00:00,solar.bun_tlc#realenergyintotheload#kwh,BUNDOORA,0.0,44.857555,43.87062,42.570843,1066.0
2025-11-21 14:00:00,solar.bun_tlc#realenergyintotheload#kwh,BUNDOORA,0.0,44.074642,43.736473,42.44067,1053.0
2025-11-21 15:00:00,solar.bun_tlc#realenergyintotheload#kwh,BUNDOORA,0.0,43.71779,41.6296,40.39622,976.0
2025-11-21 16:00:00,solar.bun_tlc#realenergyintotheload#kwh,BUNDOORA,0.0,35.760742,38.36793,37.231186,842.0
2025-11-21 17:00:00,solar.bun_tlc#realenergyintotheload#kwh,BUNDOORA,0.0,32.972633,31.378551,30.448883,662.0
2025-11-21 18:00:00,solar.bun_tlc#realenergyintotheload#kwh,BUNDOORA,0.0,21.626823,22.313366,21.652277,435.0
2025-11-21 19:00:00,solar.bun_tlc#realenergyintotheload#kwh,BUNDOORA,0.0,8.84645,10.36638,10.05925,204.0
2025-11-21 20:00:00,solar.bun_tlc#realenergyintotheload#kwh,BUNDOORA,0.0,3.3438263,1.3025988,1.2640061,31.0
2025-11-21 21:00:00,solar.bun_tlc#realenergyintotheload#kwh,BUNDOORA,0.0,0.74728346,-0.0041820924,0.0,0.0
2025-11-21 22:00:00,solar.bun_tlc#realenergyintotheload#kwh,BUNDOORA,0.0,0.111068256,0.0006106954,0.000592602,0.0
2025-11-21 23:00:00,solar.bun_tlc#realenergyintotheload#kwh,BUNDOORA,0.0,0.07935005,0.0053491327,0.0051906514,0.0
2025-11-22 00:00:00,solar.bun_tlc#realenergyintotheload#kwh,BUNDOORA,0.0,0.04728343,0.0070621283,0.006852895,0.0
2025-11-22 01:00:00,solar.bun_tlc#realenergyintotheload#kwh,BUNDOORA,0.0,0.058451504,0.0078814095,0.007647903,0.0
2025-11-22 02:00:00,solar.bun_tlc#realenergyintotheload#kwh,BUNDOORA,0.0,0.010244509,0.0020296914,0.0019695566,0.0
2025-11-22 03:00:00,solar.bun_tlc#realenergyintotheload#kwh,BUNDOORA,0.0,0.012853198,0.0008296767,0.0008050954,0.0
2025-11-22 04:00:00,solar.bun_tlc#realenergyintotheload#kwh,BUNDOORA,0.0,0.021474633,0.0017909505,0.0017378891,0.0
2025-11-22 05:00:00,solar.bun_tlc#realenergyintotheload#kwh,BUNDOORA,0.0,0.05754433,0.0014579084,0.0014147143,0.0
2025-11-22 06:00:00,solar.bun_tlc#realenergyintotheload#kwh,BUNDOORA,0.0,0.32976443,0.0011964994,0.0011610502,0.0
2025-11-22 07:00:00,solar.bun_tlc#realenergyintotheload#kwh,BUNDOORA,0.0,2.0953388,1.6467559,1.5979667,40.0
2025-11-22 08:00:00,solar.bun_tlc#realenergyintotheload#kwh,BUNDOORA,0.0,4.643278,6.2738667,6.0879874,130.0
2025-11-22 09:00:00,solar.bun_tlc#realenergyintotheload#kwh,BUNDOORA,0.0,6.8312945,8.223504,7.979862,173.0
2025-11-22 10:00:00,solar.bun_tlc#realenergyintotheload#kwh,BUNDOORA,0.0,22.130886,22.469109,21.803406,470.0
2025-11-22 11:00:00,solar.bun_tlc#realenergyintotheload#kwh,BUNDOORA,0.0,23.899767,22.255365,21.595995,477.0
2025-11-22 12:00:00,solar.bun_tlc#realenergyintotheload#kwh,BUNDOORA,0.0,26.00158,32.843468,31.870398,719.0
2025-11-22 13:00:00,solar.bun_tlc#realenergyintotheload#kwh,BUNDOORA,0.0,25.771921,34.049355,33.040558,746.0
2025-11-22 14:00:00,solar.bun_tlc#realenergyintotheload#kwh,BUNDOORA,0.0,22.013145,31.200502,30.27611,687.0
2025-11-22 15:00:00,solar.bun_tlc#realenergyintotheload#kwh,BUNDOORA,0.0,29.896437,34.008526,33.00094,763.0
2025-11-22 16:00:00,solar.bun_tlc#realenergyintotheload#kwh,BUNDOORA,0.0,25.977942,26.42247,25.639639,564.0
2025-11-22 17:00:00,solar.bun_tlc#realenergyintotheload#kwh,BUNDOORA,0.0,16.583641,7.8391547,7.6069,165.0
2025-11-22 18:00:00,solar.bun_tlc#realenergyintotheload#kwh,BUNDOORA,0.0,11.551201,6.050817,5.8715463,131.0
2025-11-22 19:00:00,solar.bun_tlc#realenergyintotheload#kwh,BUNDOORA,0.0,11.023688,3.0251548,2.935527,70.0
2025-11-22 20:00:00,solar.bun_tlc#realenergyintotheload#kwh,BUNDOORA,0.0,5.326201,0.12196653,0.11835297,5.0
2025-11-22 21:00:00,solar.bun_tlc#realenergyintotheload#kwh,BUNDOORA,0.0,1.6628612,0.00066730793,0.0006475373,0.0
2025-11-22 22:00:00,solar.bun_tlc#realenergyintotheload#kwh,BUNDOORA,0.0,0.2492993,0.00066730793,0.0006475373,0.0
2025-11-22 23:00:00,solar.bun_tlc#realenergyintotheload#kwh,BUNDOORA,0.0,0.03892053,0.00054772245,0.0005314948,0.0
2025-11-23 00:00:00,solar.bun_tlc#realenergyintotheload#kwh,BUNDOORA,0.0,0.020846587,0.00066730793,0.0006475373,0.0
2025-11-23 01:00:00,solar.bun_tlc#realenergyintotheload#kwh,BUNDOORA,0.0,-0.034040943,0.00066730793,0.0006475373,0.0
2025-11-23 02:00:00,solar.bun_tlc#realenergyintotheload#kwh,BUNDOORA,0.0,-0.1814561,0.0011157998,0.0010827414,0.0
2025-11-23 03:00:00,solar.bun_tlc#realenergyintotheload#kwh,BUNDOORA,0.0,-0.023708401,0.0001976215,0.00019176646,0.0
2025-11-23 04:00:00,solar.bun_tlc#realenergyintotheload#kwh,BUNDOORA,0.0,-0.013303997,0.00038292832,0.00037158313,0.0
2025-11-23 05:00:00,solar.bun_tlc#realenergyintotheload#kwh,BUNDOORA,0.0,0.1177632,0.00045686073,0.0004433251,0.0
2025-11-23 06:00:00,solar.bun_tlc#realenergyintotheload#kwh,BUNDOORA,0.0,0.05889951,-0.00021495932,0.0,0.0
2025-11-23 07:00:00,solar.bun_tlc#realenergyintotheload#kwh,BUNDOORA,0.0,0.18374014,1.781302,1.7285265,41.0
2025-11-23 08:00:00,solar.bun_tlc#realenergyintotheload#kwh,BUNDOORA,0.0,0.9832531,4.2452326,4.119457,90.0
2025-11-23 09:00:00,solar.bun_tlc#realenergyintotheload#kwh,BUNDOORA,0.0,4.7161922,4.545619,4.4109435,92.0
2025-11-23 10:00:00,solar.bun_tlc#realenergyintotheload#kwh,BUNDOORA,0.0,3.3889234,6.1062407,5.9253283,129.0
2025-11-23 11:00:00,solar.bun_tlc#realenergyintotheload#kwh,BUNDOORA,0.0,3.6591353,5.6867886,5.5183034,117.0
2025-11-23 12:00:00,solar.bun_tlc#realenergyintotheload#kwh,BUNDOORA,0.0,3.315918,5.8237095,5.6511674,125.0
2025-11-23 13:00:00,solar.bun_tlc#realenergyintotheload#kwh,BUNDOORA,0.0,5.307971,5.4948807,5.3320813,122.0
2025-11-23 14:00:00,solar.bun_tlc#realenergyintotheload#kwh,BUNDOORA,0.0,13.248082,5.480881,5.318496,123.0
2025-11-23 15:00:00,solar.bun_tlc#realenergyintotheload#kwh,BUNDOORA,0.0,12.735358,7.925081,7.6902804,167.0
2025-11-23 16:00:00,solar.bun_tlc#realenergyintotheload#kwh,BUNDOORA,0.0,10.892502,9.557883,9.274707,201.0
2025-11-23 17:00:00,solar.bun_tlc#realenergyintotheload#kwh,BUNDOORA,0.0,9.238081,9.01845,8.751256,190.0
2025-11-23 18:00:00,solar.bun_tlc#realenergyintotheload#kwh,BUNDOORA,0.0,12.506177,6.9278154,6.7225614,151.0
2025-11-23 19:00:00,solar.bun_tlc#realenergyintotheload#kwh,BUNDOORA,0.0,8.001156,4.2130833,4.08826,102.0
2025-11-23 20:00:00,solar.bun_tlc#realenergyintotheload#kwh,BUNDOORA,0.0,1.535675,1.2652447,1.2277586,33.0
2025-11-23 21:00:00,solar.bun_tlc#realenergyintotheload#kwh,BUNDOORA,0.0,0.8497391,-0.00049215637,0.0,0.0
2025-11-23 22:00:00,solar.bun_tlc#realenergyintotheload#kwh,BUNDOORA,0.0,0.24139273,-0.00029396624,0.0,0.0
2025-11-23 23:00:00,solar.bun_tlc#realenergyintotheload#kwh,BUNDOORA,0.0,0.026215661,-0.00041355172,0.0,0.0
2025-11-24 00:00:00,solar.bun_tlc#realenergyintotheload#kwh,BUNDOORA,0.0,0.026215661,-0.00041355172,0.0,0.0
2025-11-24 01:00:00,solar.bun_tlc#realenergyintotheload#kwh,BUNDOORA,0.0,-0.0073770685,-0.00041355172,0.0,0.0
2025-11-24 02:00:00,solar.bun_tlc#realenergyintotheload#kwh,BUNDOORA,0.0,0.018481134,0.00018934318,0.00018373341,0.0
2025-11-24 03:00:00,solar.bun_tlc#realenergyintotheload#kwh,BUNDOORA,0.0,-0.04696025,-8.846451e-06,0.0,0.0
2025-11-24 04:00:00,solar.bun_tlc#realenergyintotheload#kwh,BUNDOORA,,-0.024447475,0.00025256214,0.00024507934,0.0
2025-11-24 05:00:00,solar.bun_tlc#realenergyintotheload#kwh,BUNDOORA,,0.6567322,0.00018934318,0.00018373341,0.0
2025-11-24 06:00:00,solar.bun_tlc#realenergyintotheload#kwh,BUNDOORA,,0.59850204,0.00025256214,0.00024507934,0.0
2025-11-24 07:00:00,solar.bun_tlc#realenergyintotheload#kwh,BUNDOORA,,-0.3106304,3.9291584,3.8127472,97.0
2025-11-24 08:00:00,solar.bun_tlc#realenergyintotheload#kwh,BUNDOORA,,1.462168,13.060695,12.6737385,276.0
2025-11-24 09:00:00,solar.bun_tlc#realenergyintotheload#kwh,BUNDOORA,,4.6375933,24.740334,24.00734,509.0
2025-11-24 10:00:00,solar.bun_tlc#realenergyintotheload#kwh,BUNDOORA,,10.9634,31.791176,30.849283,702.0
2025-11-24 11:00:00,solar.bun_tlc#realenergyintotheload#kwh,BUNDOORA,,19.327694,38.47328,37.333416,862.0
