timestamp,meter,campus,Meter_reading,Real_model_prediction,Simulated_model,Simulated_degraded,global_horizontal_irradiance
2025-01-01 01:00:00,solar.bun_hsc#realenergyintotheload#kwh,BUNDOORA,0.0,0.1199544,-0.001627401,0.0,0.0
2025-01-01 02:00:00,solar.bun_hsc#realenergyintotheload#kwh,BUNDOORA,0.0,0.09574857,-0.0017354824,0.0,0.0
2025-01-01 03:00:00,solar.bun_hsc#realenergyintotheload#kwh,BUNDOORA,0.0,0.05005262,-0.0017354824,0.0,0.0
2025-01-01 04:00:00,solar.bun_hsc#realenergyintotheload#kwh,BUNDOORA,0.0,0.02244547,-0.0017354824,0.0,0.0
2025-01-01 05:00:00,solar.bun_hsc#realenergyintotheload#kwh,BUNDOORA,0.0,0.09289349,-0.0017354824,0.0,0.0
2025-01-01 06:00:00,solar.bun_hsc#realenergyintotheload#kwh,BUNDOORA,0.0,0.9174328,-0.00059508556,0.0,0.0
2025-01-01 07:00:00,solar.bun_hsc#realenergyintotheload#kwh,BUNDOORA,0.46875,2.5127916,2.282069,2.214457,48.0
2025-01-01 08:00:00,solar.bun_hsc#realenergyintotheload#kwh,BUNDOORA,3.375,14.609326,6.165331,5.9826674,140.0
2025-01-01 09:00:00,solar.bun_hsc#realenergyintotheload#kwh,BUNDOORA,8.46875,15.1140175,12.996063,12.611022,247.0
2025-01-01 10:00:00,solar.bun_hsc#realenergyintotheload#kwh,BUNDOORA,12.0625,20.572498,19.414839,18.839626,355.0
2025-01-01 11:00:00,solar.bun_hsc#realenergyintotheload#kwh,BUNDOORA,23.46875,26.402052,34.002552,32.99514,624.0
2025-01-01 12:00:00,solar.bun_hsc#realenergyintotheload#kwh,BUNDOORA,33.34375,39.182213,47.564087,46.15488,960.0
2025-01-01 13:00:00,solar.bun_hsc#realenergyintotheload#kwh,BUNDOORA,47.5625,45.795982,49.005615,47.5537,1072.0
2025-01-01 14:00:00,solar.bun_hsc#realenergyintotheload#kwh,BUNDOORA,48.8125,45.904568,49.079666,47.625557,1077.0
2025-01-01 15:00:00,solar.bun_hsc#realenergyintotheload#kwh,BUNDOORA,48.21875,46.78372,49.204987,47.747166,1019.0
2025-01-01 16:00:00,solar.bun_hsc#realenergyintotheload#kwh,BUNDOORA,45.875,42.44045,47.044052,45.650253,901.0
2025-01-01 17:00:00,solar.bun_hsc#realenergyintotheload#kwh,BUNDOORA,40.3125,32.228004,39.66786,38.4926,736.0
2025-01-01 18:00:00,solar.bun_hsc#realenergyintotheload#kwh,BUNDOORA,28.1875,17.167753,27.535812,26.719995,514.0
2025-01-01 19:00:00,solar.bun_hsc#realenergyintotheload#kwh,BUNDOORA,7.71875,9.228738,5.7648635,5.594065,119.0
2025-01-01 20:00:00,solar.bun_hsc#realenergyintotheload#kwh,BUNDOORA,3.40625,5.7558227,3.319924,3.221563,81.0
2025-01-01 21:00:00,solar.bun_hsc#realenergyintotheload#kwh,BUNDOORA,0.59375,1.4862641,-0.00045473356,0.0,1.0
2025-01-01 22:00:00,solar.bun_hsc#realenergyintotheload#kwh,BUNDOORA,0.0,0.27170017,-0.020199593,0.0,0.0
2025-01-01 23:00:00,solar.bun_hsc#realenergyintotheload#kwh,BUNDOORA,0.0,0.2435839,-0.017648725,0.0,0.0
2025-01-02 00:00:00,solar.bun_hsc#realenergyintotheload#kwh,BUNDOORA,0.0,0.5669277,-0.020403262,0.0,0.0
2025-01-02 01:00:00,solar.bun_hsc#realenergyintotheload#kwh,BUNDOORA,0.0,0.5226809,0.0020395594,0.0019791324,0.0
2025-01-02 02:00:00,solar.bun_hsc#realenergyintotheload#kwh,BUNDOORA,0.0,0.029418185,0.0020395594,0.0019791324,0.0
2025-01-02 03:00:00,solar.bun_hsc#realenergyintotheload#kwh,BUNDOORA,0.0,-0.09229189,0.00058496953,0.0005676383,0.0
2025-01-02 04:00:00,solar.bun_hsc#realenergyintotheload#kwh,BUNDOORA,0.0,-0.035847113,0.032055456,0.031105733,0.0
2025-01-02 05:00:00,solar.bun_hsc#realenergyintotheload#kwh,BUNDOORA,0.0,-0.0071383105,0.0052942014,0.0051373476,0.0
2025-01-02 06:00:00,solar.bun_hsc#realenergyintotheload#kwh,BUNDOORA,0.0,0.77115154,0.0057779066,0.0056067216,0.0
2025-01-02 07:00:00,solar.bun_hsc#realenergyintotheload#kwh,BUNDOORA,1.5,4.3911576,3.8488028,3.7347724,76.0
2025-01-02 08:00:00,solar.bun_hsc#realenergyintotheload#kwh,BUNDOORA,4.1875,9.890028,15.674075,15.209691,278.0
2025-01-02 09:00:00,solar.bun_hsc#realenergyintotheload#kwh,BUNDOORA,13.4375,23.069796,26.937286,26.139202,483.0
2025-01-02 10:00:00,solar.bun_hsc#realenergyintotheload#kwh,BUNDOORA,22.125,28.183098,35.432785,34.383,625.0
2025-01-02 11:00:00,solar.bun_hsc#realenergyintotheload#kwh,BUNDOORA,34.53125,41.163845,44.292133,42.97987,879.0
2025-01-02 12:00:00,solar.bun_hsc#realenergyintotheload#kwh,BUNDOORA,43.90625,44.17442,48.891636,47.4431,1005.0
2025-01-02 13:00:00,solar.bun_hsc#realenergyintotheload#kwh,BUNDOORA,47.9375,43.853077,49.256275,47.796936,1074.0
2025-01-02 14:00:00,solar.bun_hsc#realenergyintotheload#kwh,BUNDOORA,49.3125,44.021275,49.172806,47.71594,1082.0
2025-01-02 15:00:00,solar.bun_hsc#realenergyintotheload#kwh,BUNDOORA,48.71875,44.818077,49.375385,47.912518,1028.0
2025-01-02 16:00:00,solar.bun_hsc#realenergyintotheload#kwh,BUNDOORA,46.875,42.97801,48.119617,46.693954,917.0
2025-01-02 17:00:00,solar.bun_hsc#realenergyintotheload#kwh,BUNDOORA,39.9375,34.536777,40.83848,39.62854,755.0
2025-01-02 18:00:00,solar.bun_hsc#realenergyintotheload#kwh,BUNDOORA,32.1875,23.655853,30.852013,29.937944,558.0
2025-01-02 19:00:00,solar.bun_hsc#realenergyintotheload#kwh,BUNDOORA,16.9375,20.137232,18.362953,17.818905,342.0
2025-01-02 20:00:00,solar.bun_hsc#realenergyintotheload#kwh,BUNDOORA,2.78125,2.6577377,6.209168,6.0252056,135.0
2025-01-02 21:00:00,solar.bun_hsc#realenergyintotheload#kwh,BUNDOORA,0.4375,0.14402665,0.034079775,0.033070076,2.0
2025-01-02 22:00:00,solar.bun_hsc#realenergyintotheload#kwh,BUNDOORA,0.0,0.31853893,0.0027310445,0.0026501305,0.0
2025-01-02 23:00:00,solar.bun_hsc#realenergyintotheload#kwh,BUNDOORA,0.0,-0.06092472,0.004332356,0.0042039994,0.0
2025-01-03 00:00:00,solar.bun_hsc#realenergyintotheload#kwh,BUNDOORA,0.0,-0.06420657,-0.009934356,0.0,0.0
2025-01-03 01:00:00,solar.bun_hsc#realenergyintotheload#kwh,BUNDOORA,0.0,-0.049141716,0.0056800516,0.005511766,0.0
2025-01-03 02:00:00,solar.bun_hsc#realenergyintotheload#kwh,BUNDOORA,0.0,0.033392135,0.0034624976,0.0033599124,0.0
2025-01-03 03:00:00,solar.bun_hsc#realenergyintotheload#kwh,BUNDOORA,0.0,0.023796987,0.0018364909,0.0017820803,0.0
2025-01-03 04:00:00,solar.bun_hsc#realenergyintotheload#kwh,BUNDOORA,0.0,0.024780717,0.001771967,0.001719468,0.0
2025-01-03 05:00:00,solar.bun_hsc#realenergyintotheload#kwh,BUNDOORA,0.0,0.011492491,0.001771967,0.001719468,0.0
2025-01-03 06:00:00,solar.bun_hsc#realenergyintotheload#kwh,BUNDOORA,0.0,0.24882562,0.0017614408,0.0017092536,0.0
2025-01-03 07:00:00,solar.bun_hsc#realenergyintotheload#kwh,BUNDOORA,0.75,1.5552872,4.301745,4.174295,85.0
2025-01-03 08:00:00,solar.bun_hsc#realenergyintotheload#kwh,BUNDOORA,4.25,7.402852,16.500946,16.012064,280.0
2025-01-03 09:00:00,solar.bun_hsc#realenergyintotheload#kwh,BUNDOORA,12.625,21.75496,28.593203,27.746058,493.0
2025-01-03 10:00:00,solar.bun_hsc#realenergyintotheload#kwh,BUNDOORA,24.96875,29.184946,38.883415,37.731396,695.0
2025-01-03 11:00:00,solar.bun_hsc#realenergyintotheload#kwh,BUNDOORA,34.875,39.383446,44.146404,42.838455,868.0
2025-01-03 12:00:00,solar.bun_hsc#realenergyintotheload#kwh,BUNDOORA,41.78125,45.058174,49.429024,47.964565,990.0
2025-01-03 13:00:00,solar.bun_hsc#realenergyintotheload#kwh,BUNDOORA,45.90625,45.401684,49.403038,47.93935,1058.0
2025-01-03 14:00:00,solar.bun_hsc#realenergyintotheload#kwh,BUNDOORA,47.375,45.43334,49.31216,47.851166,1065.0
2025-01-03 15:00:00,solar.bun_hsc#realenergyintotheload#kwh,BUNDOORA,46.75,45.944126,49.21917,47.76093,1011.0
2025-01-03 16:00:00,solar.bun_hsc#realenergyintotheload#kwh,BUNDOORA,43.75,45.18907,46.09954,44.733727,899.0
2025-01-03 17:00:00,solar.bun_hsc#realenergyintotheload#kwh,BUNDOORA,38.78125,36.82907,40.15185,38.962254,738.0
2025-01-03 18:00:00,solar.bun_hsc#realenergyintotheload#kwh,BUNDOORA,29.84375,27.672926,29.477154,28.603819,544.0
2025-01-03 19:00:00,solar.bun_hsc#realenergyintotheload#kwh,BUNDOORA,15.9375,20.13006,17.02486,16.520456,333.0
2025-01-03 20:00:00,solar.bun_hsc#realenergyintotheload#kwh,BUNDOORA,2.53125,8.999886,5.985074,5.807751,131.0
2025-01-03 21:00:00,solar.bun_hsc#realenergyintotheload#kwh,BUNDOORA,0.34375,0.8812013,0.01546252,0.015004404,2.0
2025-01-03 22:00:00,solar.bun_hsc#realenergyintotheload#kwh,BUNDOORA,0.0,0.21911567,0.015916519,0.015444952,0.0
2025-01-03 23:00:00,solar.bun_hsc#realenergyintotheload#kwh,BUNDOORA,0.0,0.28153232,0.0010942616,0.0010618414,0.0
2025-01-04 00:00:00,solar.bun_hsc#realenergyintotheload#kwh,BUNDOORA,0.0,0.3502868,-0.0007279903,0.0,0.0
2025-01-04 01:00:00,solar.bun_hsc#realenergyintotheload#kwh,BUNDOORA,0.0,0.4919923,-0.0009154293,0.0,0.0
2025-01-04 02:00:00,solar.bun_hsc#realenergyintotheload#kwh,BUNDOORA,0.0,0.4421972,0.0012196184,0.0011834841,0.0
2025-01-04 03:00:00,solar.bun_hsc#realenergyintotheload#kwh,BUNDOORA,0.0,0.1451237,0.0020115997,0.001952001,0.0
2025-01-04 04:00:00,solar.bun_hsc#realenergyintotheload#kwh,BUNDOORA,0.0,0.37632573,0.005377422,0.0052181026,0.0
2025-01-04 05:00:00,solar.bun_hsc#realenergyintotheload#kwh,BUNDOORA,0.0,0.150998,0.025279567,0.024530597,0.0
2025-01-04 06:00:00,solar.bun_hsc#realenergyintotheload#kwh,BUNDOORA,0.0,0.40860727,0.036489498,0.035408404,0.0
2025-01-04 07:00:00,solar.bun_hsc#realenergyintotheload#kwh,BUNDOORA,0.75,3.163015,4.3097754,4.1820874,86.0
2025-01-04 08:00:00,solar.bun_hsc#realenergyintotheload#kwh,BUNDOORA,4.21875,17.31793,15.413217,14.956561,285.0
2025-01-04 09:00:00,solar.bun_hsc#realenergyintotheload#kwh,BUNDOORA,12.1875,28.138195,28.261522,27.424204,501.0
2025-01-04 10:00:00,solar.bun_hsc#realenergyintotheload#kwh,BUNDOORA,24.53125,36.63178,37.85133,36.72989,705.0
2025-01-04 11:00:00,solar.bun_hsc#realenergyintotheload#kwh,BUNDOORA,29.71875,42.494858,43.780163,42.483067,878.0
2025-01-04 12:00:00,solar.bun_hsc#realenergyintotheload#kwh,BUNDOORA,41.0625,40.715576,46.759697,45.374325,1001.0
2025-01-04 13:00:00,solar.bun_hsc#realenergyintotheload#kwh,BUNDOORA,45.28125,39.50269,47.398094,45.99381,1067.0
2025-01-04 14:00:00,solar.bun_hsc#realenergyintotheload#kwh,BUNDOORA,35.9375,29.483109,34.94553,33.910183,748.0
2025-01-04 15:00:00,solar.bun_hsc#realenergyintotheload#kwh,BUNDOORA,24.84375,21.931696,22.298199,21.637558,446.0
2025-01-04 16:00:00,solar.bun_hsc#realenergyintotheload#kwh,BUNDOORA,38.40625,38.59484,43.644306,42.351234,893.0
2025-01-04 17:00:00,solar.bun_hsc#realenergyintotheload#kwh,BUNDOORA,31.21875,29.116491,31.82316,30.88032,659.0
2025-01-04 18:00:00,solar.bun_hsc#realenergyintotheload#kwh,BUNDOORA,19.59375,19.929754,24.041494,23.329205,448.0
2025-01-04 19:00:00,solar.bun_hsc#realenergyintotheload#kwh,BUNDOORA,12.125,10.374156,8.655552,8.39911,165.0
2025-01-04 20:00:00,solar.bun_hsc#realenergyintotheload#kwh,BUNDOORA,3.46875,3.2343736,2.68466,2.6051202,56.0
2025-01-04 21:00:00,solar.bun_hsc#realenergyintotheload#kwh,BUNDOORA,1.09375,0.6553995,-0.004718817,0.0,0.0
2025-01-04 22:00:00,solar.bun_hsc#realenergyintotheload#kwh,BUNDOORA,0.0,0.054038133,-0.030975366,0.0,0.0
2025-01-04 23:00:00,solar.bun_hsc#realenergyintotheload#kwh,BUNDOORA,0.0,-0.1348154,-0.019022092,0.0,0.0
2025-01-05 00:00:00,solar.bun_hsc#realenergyintotheload#kwh,BUNDOORA,0.0,-0.05753544,0.001966788,0.001908517,0.0
2025-01-05 01:00:00,solar.bun_hsc#realenergyintotheload#kwh,BUNDOORA,0.0,0.39184752,0.003813351,0.003700371,0.0
2025-01-05 02:00:00,solar.bun_hsc#realenergyintotheload#kwh,BUNDOORA,0.0,0.26956087,0.018578984,0.018028535,0.0
2025-01-05 03:00:00,solar.bun_hsc#realenergyintotheload#kwh,BUNDOORA,0.0,0.012144682,0.018376516,0.017832065,0.0
2025-01-05 04:00:00,solar.bun_hsc#realenergyintotheload#kwh,BUNDOORA,0.0,-0.04613171,0.01681172,0.01631363,0.0
2025-01-05 05:00:00,solar.bun_hsc#realenergyintotheload#kwh,BUNDOORA,0.0,0.07259168,0.020312015,0.01971022,0.0
2025-01-05 06:00:00,solar.bun_hsc#realenergyintotheload#kwh,BUNDOORA,0.0,0.29663852,0.021105302,0.020480005,0.0
2025-01-05 07:00:00,solar.bun_hsc#realenergyintotheload#kwh,BUNDOORA,0.5,1.8497479,1.3950788,1.353746,32.0
2025-01-05 08:00:00,solar.bun_hsc#realenergyintotheload#kwh,BUNDOORA,3.1875,6.8611655,6.485003,6.2928686,127.0
2025-01-05 09:00:00,solar.bun_hsc#realenergyintotheload#kwh,BUNDOORA,8.40625,15.888684,15.546097,15.085505,297.0
2025-01-05 10:00:00,solar.bun_hsc#realenergyintotheload#kwh,BUNDOORA,11.59375,15.988985,12.368609,12.002158,262.0
2025-01-05 11:00:00,solar.bun_hsc#realenergyintotheload#kwh,BUNDOORA,25.875,32.216297,38.51195,37.370937,749.0
2025-01-05 12:00:00,solar.bun_hsc#realenergyintotheload#kwh,BUNDOORA,40.6875,35.540688,45.09572,43.759644,906.0
2025-01-05 13:00:00,solar.bun_hsc#realenergyintotheload#kwh,BUNDOORA,33.5625,34.05909,46.23171,44.861977,948.0
2025-01-05 14:00:00,solar.bun_hsc#realenergyintotheload#kwh,BUNDOORA,29.71875,24.869787,27.927767,27.100336,557.0
2025-01-05 15:00:00,solar.bun_hsc#realenergyintotheload#kwh,BUNDOORA,28.625,23.39479,22.375214,21.712292,441.0
2025-01-05 16:00:00,solar.bun_hsc#realenergyintotheload#kwh,BUNDOORA,22.5,21.914919,19.580227,19.000114,381.0
2025-01-05 17:00:00,solar.bun_hsc#realenergyintotheload#kwh,BUNDOORA,11.875,9.671793,6.2765746,6.0906153,119.0
2025-01-05 18:00:00,solar.bun_hsc#realenergyintotheload#kwh,BUNDOORA,2.9375,3.6651788,2.2625115,2.195479,46.0
2025-01-05 19:00:00,solar.bun_hsc#realenergyintotheload#kwh,BUNDOORA,0.4375,3.2932987,2.4032838,2.3320806,52.0
2025-01-05 20:00:00,solar.bun_hsc#realenergyintotheload#kwh,BUNDOORA,0.375,3.191428,0.9579127,0.9295321,24.0
2025-01-05 21:00:00,solar.bun_hsc#realenergyintotheload#kwh,BUNDOORA,0.03125,0.6662791,0.019414298,0.0188391,0.0
2025-01-05 22:00:00,solar.bun_hsc#realenergyintotheload#kwh,BUNDOORA,0.0,-0.046281755,-0.0040394003,0.0,0.0
2025-01-05 23:00:00,solar.bun_hsc#realenergyintotheload#kwh,BUNDOORA,0.0,-0.05839512,-0.008863068,0.0,0.0
2025-01-06 00:00:00,solar.bun_hsc#realenergyintotheload#kwh,BUNDOORA,0.0,0.048952956,-0.00212154,0.0,0.0
2025-01-06 01:00:00,solar.bun_hsc#realenergyintotheload#kwh,BUNDOORA,0.0,-0.0035725683,0.002560364,0.002484507,0.0
2025-01-06 02:00:00,solar.bun_hsc#realenergyintotheload#kwh,BUNDOORA,0.0,0.03366045,-0.030972606,0.0,0.0
2025-01-06 03:00:00,solar.bun_hsc#realenergyintotheload#kwh,BUNDOORA,0.0,0.0005772973,-0.032595027,0.0,0.0
2025-01-06 04:00:00,solar.bun_hsc#realenergyintotheload#kwh,BUNDOORA,0.0,-0.013221795,0.0018793165,0.001823637,0.0
2025-01-06 05:00:00,solar.bun_hsc#realenergyintotheload#kwh,BUNDOORA,0.0,0.13065277,0.016523523,0.016033972,0.0
2025-01-06 06:00:00,solar.bun_hsc#realenergyintotheload#kwh,BUNDOORA,0.0,0.46099833,-0.0022843364,0.0,0.0
2025-01-06 07:00:00,solar.bun_hsc#realenergyintotheload#kwh,BUNDOORA,0.25,1.4207352,0.92328125,0.8959267,23.0
2025-01-06 08:00:00,solar.bun_hsc#realenergyintotheload#kwh,BUNDOORA,0.46875,2.5006008,3.1004126,3.0085552,63.0
2025-01-06 09:00:00,solar.bun_hsc#realenergyintotheload#kwh,BUNDOORA,1.15625,2.9951394,3.1036813,3.011727,68.0
2025-01-06 10:00:00,solar.bun_hsc#realenergyintotheload#kwh,BUNDOORA,0.6875,2.916557,1.962976,1.9048179,39.0
2025-01-06 11:00:00,solar.bun_hsc#realenergyintotheload#kwh,BUNDOORA,2.03125,3.0829194,4.095841,3.9744914,84.0
2025-01-06 12:00:00,solar.bun_hsc#realenergyintotheload#kwh,BUNDOORA,4.75,5.454406,8.3859415,8.137487,163.0
2025-01-06 13:00:00,solar.bun_hsc#realenergyintotheload#kwh,BUNDOORA,7.09375,5.6571503,8.188055,7.9454637,159.0
2025-01-06 14:00:00,solar.bun_hsc#realenergyintotheload#kwh,BUNDOORA,9.9375,9.833389,11.802768,11.453081,252.0
2025-01-06 15:00:00,solar.bun_hsc#realenergyintotheload#kwh,BUNDOORA,8.6875,7.7956767,9.876952,9.584323,196.0
2025-01-06 16:00:00,solar.bun_hsc#realenergyintotheload#kwh,BUNDOORA,6.875,7.055087,7.540108,7.316714,149.0
2025-01-06 17:00:00,solar.bun_hsc#realenergyintotheload#kwh,BUNDOORA,7.53125,5.6733036,4.786504,4.6446915,97.0
2025-01-06 18:00:00,solar.bun_hsc#realenergyintotheload#kwh,BUNDOORA,10.65625,13.577489,8.849912,8.587711,181.0
2025-01-06 19:00:00,solar.bun_hsc#realenergyintotheload#kwh,BUNDOORA,7.3125,11.0248165,10.173985,9.872555,191.0
2025-01-06 20:00:00,solar.bun_hsc#realenergyintotheload#kwh,BUNDOORA,4.03125,3.959759,2.5952814,2.5183897,59.0
2025-01-06 21:00:00,solar.bun_hsc#realenergyintotheload#kwh,BUNDOORA,0.53125,0.7042551,0.02112884,0.020502847,2.0
2025-01-06 22:00:00,solar.bun_hsc#realenergyintotheload#kwh,BUNDOORA,0.0,0.28655434,0.00667997,0.006482059,0.0
2025-01-06 23:00:00,solar.bun_hsc#realenergyintotheload#kwh,BUNDOORA,0.0,-0.027365535,0.012563086,0.012190873,0.0
2025-01-07 00:00:00,solar.bun_hsc#realenergyintotheload#kwh,BUNDOORA,0.0,0.064731166,0.008089968,0.007850283,0.0
2025-01-07 01:00:00,solar.bun_hsc#realenergyintotheload#kwh,BUNDOORA,0.0,0.24246469,0.0027602622,0.0026784826,0.0
2025-01-07 02:00:00,solar.bun_hsc#realenergyintotheload#kwh,BUNDOORA,0.0,0.06782027,0.0019812784,0.0019225781,0.0
2025-01-07 03:00:00,solar.bun_hsc#realenergyintotheload#kwh,BUNDOORA,0.0,0.021148995,0.0056587607,0.005491106,0.0
2025-01-07 04:00:00,solar.bun_hsc#realenergyintotheload#kwh,BUNDOORA,0.0,0.07370501,0.0043647853,0.0042354674,0.0
2025-01-07 05:00:00,solar.bun_hsc#realenergyintotheload#kwh,BUNDOORA,0.0,0.004300043,0.00012988166,0.0001260336,0.0
2025-01-07 06:00:00,solar.bun_hsc#realenergyintotheload#kwh,BUNDOORA,0.0,0.8758082,0.00012988166,0.0001260336,0.0
2025-01-07 07:00:00,solar.bun_hsc#realenergyintotheload#kwh,BUNDOORA,0.875,2.5173905,3.1222837,3.0297782,63.0
2025-01-07 08:00:00,solar.bun_hsc#realenergyintotheload#kwh,BUNDOORA,4.0625,9.783748,13.474075,13.074872,271.0
2025-01-07 09:00:00,solar.bun_hsc#realenergyintotheload#kwh,BUNDOORA,10.8125,26.22993,28.61107,27.763395,495.0
2025-01-07 10:00:00,solar.bun_hsc#realenergyintotheload#kwh,BUNDOORA,25.15625,36.074265,39.086918,37.92887,703.0
2025-01-07 11:00:00,solar.bun_hsc#realenergyintotheload#kwh,BUNDOORA,35.71875,41.609524,44.648716,43.325886,878.0
2025-01-07 12:00:00,solar.bun_hsc#realenergyintotheload#kwh,BUNDOORA,43.46875,45.739704,49.23863,47.77981,1001.0
2025-01-07 13:00:00,solar.bun_hsc#realenergyintotheload#kwh,BUNDOORA,40.0625,45.924793,49.303265,47.842533,1070.0
2025-01-07 14:00:00,solar.bun_hsc#realenergyintotheload#kwh,BUNDOORA,44.1875,39.41856,48.535477,47.097492,1001.0
2025-01-07 15:00:00,solar.bun_hsc#realenergyintotheload#kwh,BUNDOORA,39.34375,38.43406,45.559624,44.209805,916.0
2025-01-07 16:00:00,solar.bun_hsc#realenergyintotheload#kwh,BUNDOORA,45.125,35.217876,43.731316,42.435665,874.0
2025-01-07 17:00:00,solar.bun_hsc#realenergyintotheload#kwh,BUNDOORA,40.875,32.79169,39.68491,38.509144,747.0
2025-01-07 18:00:00,solar.bun_hsc#realenergyintotheload#kwh,BUNDOORA,31.8125,23.45054,29.760782,28.879045,552.0
2025-01-07 19:00:00,solar.bun_hsc#realenergyintotheload#kwh,BUNDOORA,16.9375,21.511742,16.860243,16.360716,340.0
2025-01-07 20:00:00,solar.bun_hsc#realenergyintotheload#kwh,BUNDOORA,2.375,5.0824876,5.889784,5.7152843,135.0
2025-01-07 21:00:00,solar.bun_hsc#realenergyintotheload#kwh,BUNDOORA,0.3125,1.0306144,0.017851276,0.017322388,2.0
2025-01-07 22:00:00,solar.bun_hsc#realenergyintotheload#kwh,BUNDOORA,0.0,-0.08924408,-0.00022912098,0.0,0.0
2025-01-07 23:00:00,solar.bun_hsc#realenergyintotheload#kwh,BUNDOORA,0.0,0.4451176,-0.0015657764,0.0,0.0
2025-01-08 00:00:00,solar.bun_hsc#realenergyintotheload#kwh,BUNDOORA,0.0,0.113803186,-0.0023447599,0.0,0.0
2025-01-08 01:00:00,solar.bun_hsc#realenergyintotheload#kwh,BUNDOORA,0.0,0.11102191,-0.00050652167,0.0,0.0
2025-01-08 02:00:00,solar.bun_hsc#realenergyintotheload#kwh,BUNDOORA,0.0,0.1212419,-0.00071507605,0.0,0.0
2025-01-08 03:00:00,solar.bun_hsc#realenergyintotheload#kwh,BUNDOORA,0.0,0.07299033,-0.0010767252,0.0,0.0
2025-01-08 04:00:00,solar.bun_hsc#realenergyintotheload#kwh,BUNDOORA,0.0,0.09638119,-0.000904968,0.0,0.0
2025-01-08 05:00:00,solar.bun_hsc#realenergyintotheload#kwh,BUNDOORA,0.0,0.0025183454,0.002432974,0.002360891,0.0
2025-01-08 06:00:00,solar.bun_hsc#realenergyintotheload#kwh,BUNDOORA,0.0,0.9954093,0.002432974,0.002360891,0.0
2025-01-08 07:00:00,solar.bun_hsc#realenergyintotheload#kwh,BUNDOORA,0.625,2.5716898,3.270994,3.1740825,71.0
2025-01-08 08:00:00,solar.bun_hsc#realenergyintotheload#kwh,BUNDOORA,3.84375,19.611,14.674592,14.2398205,262.0
2025-01-08 09:00:00,solar.bun_hsc#realenergyintotheload#kwh,BUNDOORA,11.9375,23.743675,26.053844,25.281935,473.0
2025-01-08 10:00:00,solar.bun_hsc#realenergyintotheload#kwh,BUNDOORA,23.90625,31.410948,37.76001,36.641273,676.0
2025-01-08 11:00:00,solar.bun_hsc#realenergyintotheload#kwh,BUNDOORA,34.3125,39.64005,43.302883,42.019928,848.0
2025-01-08 12:00:00,solar.bun_hsc#realenergyintotheload#kwh,BUNDOORA,40.75,42.728466,48.83476,47.387905,974.0
2025-01-08 13:00:00,solar.bun_hsc#realenergyintotheload#kwh,BUNDOORA,45.0625,43.61012,49.126015,47.670532,1046.0
2025-01-08 14:00:00,solar.bun_hsc#realenergyintotheload#kwh,BUNDOORA,41.0625,42.21073,49.159775,47.703293,1033.0
2025-01-08 15:00:00,solar.bun_hsc#realenergyintotheload#kwh,BUNDOORA,42.40625,37.96582,43.31819,42.034782,872.0
2025-01-08 16:00:00,solar.bun_hsc#realenergyintotheload#kwh,BUNDOORA,45.375,34.866596,44.450855,43.13389,845.0
2025-01-08 17:00:00,solar.bun_hsc#realenergyintotheload#kwh,BUNDOORA,36.5,37.191284,40.262638,39.069756,740.0
2025-01-08 18:00:00,solar.bun_hsc#realenergyintotheload#kwh,BUNDOORA,30.78125,29.403599,28.901964,28.045671,547.0
2025-01-08 19:00:00,solar.bun_hsc#realenergyintotheload#kwh,BUNDOORA,16.1875,21.096523,16.562849,16.072134,337.0
2025-01-08 20:00:00,solar.bun_hsc#realenergyintotheload#kwh,BUNDOORA,2.65625,6.9057245,4.460607,4.32845,97.0
2025-01-08 21:00:00,solar.bun_hsc#realenergyintotheload#kwh,BUNDOORA,0.65625,0.5212512,0.007013237,0.0068054525,0.0
2025-01-08 22:00:00,solar.bun_hsc#realenergyintotheload#kwh,BUNDOORA,0.0,0.015948895,0.018081078,0.017545382,0.0
2025-01-08 23:00:00,solar.bun_hsc#realenergyintotheload#kwh,BUNDOORA,0.0,-0.13904092,0.015411543,0.014954938,0.0
2025-01-09 00:00:00,solar.bun_hsc#realenergyintotheload#kwh,BUNDOORA,0.0,-0.124411754,0.01570698,0.015241622,0.0
2025-01-09 01:00:00,solar.bun_hsc#realenergyintotheload#kwh,BUNDOORA,0.0,-0.08561619,0.014672212,0.014237511,0.0
2025-01-09 02:00:00,solar.bun_hsc#realenergyintotheload#kwh,BUNDOORA,0.0,-0.08164825,0.01496765,0.014524196,0.0
2025-01-09 03:00:00,solar.bun_hsc#realenergyintotheload#kwh,BUNDOORA,0.0,-0.039778244,0.01496765,0.014524196,0.0
2025-01-09 04:00:00,solar.bun_hsc#realenergyintotheload#kwh,BUNDOORA,0.0,0.10373193,0.014376834,0.013950884,0.0
2025-01-09 05:00:00,solar.bun_hsc#realenergyintotheload#kwh,BUNDOORA,0.0,-0.044902198,0.023675261,0.022973822,0.0
2025-01-09 06:00:00,solar.bun_hsc#realenergyintotheload#kwh,BUNDOORA,0.0,0.23887926,0.011714472,0.011367402,0.0
2025-01-09 07:00:00,solar.bun_hsc#realenergyintotheload#kwh,BUNDOORA,1.09375,1.5285517,2.5125766,2.4381351,54.0
2025-01-09 08:00:00,solar.bun_hsc#realenergyintotheload#kwh,BUNDOORA,6.21875,7.975104,9.219215,8.946074,188.0
2025-01-09 09:00:00,solar.bun_hsc#realenergyintotheload#kwh,BUNDOORA,11.78125,24.85841,24.07318,23.359951,416.0
2025-01-09 10:00:00,solar.bun_hsc#realenergyintotheload#kwh,BUNDOORA,16.65625,19.93033,20.24083,19.641144,380.0
2025-01-09 11:00:00,solar.bun_hsc#realenergyintotheload#kwh,BUNDOORA,30.09375,38.91209,42.977856,41.70453,815.0
2025-01-09 12:00:00,solar.bun_hsc#realenergyintotheload#kwh,BUNDOORA,36.84375,41.52678,47.992752,46.570847,961.0
2025-01-09 13:00:00,solar.bun_hsc#realenergyintotheload#kwh,BUNDOORA,27.46875,25.481894,28.861609,28.006512,577.0
2025-01-09 14:00:00,solar.bun_hsc#realenergyintotheload#kwh,BUNDOORA,32.40625,23.763094,27.144312,26.340094,550.0
2025-01-09 15:00:00,solar.bun_hsc#realenergyintotheload#kwh,BUNDOORA,26.8125,32.074123,34.951454,33.91593,687.0
2025-01-09 16:00:00,solar.bun_hsc#realenergyintotheload#kwh,BUNDOORA,34.125,37.37862,43.668957,42.375156,846.0
2025-01-09 17:00:00,solar.bun_hsc#realenergyintotheload#kwh,BUNDOORA,33.1875,26.77616,32.089287,31.138561,592.0
2025-01-09 18:00:00,solar.bun_hsc#realenergyintotheload#kwh,BUNDOORA,23.21875,21.691578,27.955736,27.127478,498.0
2025-01-09 19:00:00,solar.bun_hsc#realenergyintotheload#kwh,BUNDOORA,9.65625,6.6199145,8.375068,8.126935,170.0
2025-01-09 20:00:00,solar.bun_hsc#realenergyintotheload#kwh,BUNDOORA,4.3125,2.8927164,2.0661612,2.004946,48.0
2025-01-09 21:00:00,solar.bun_hsc#realenergyintotheload#kwh,BUNDOORA,0.21875,0.33127168,-0.010130885,0.0,0.0
2025-01-09 22:00:00,solar.bun_hsc#realenergyintotheload#kwh,BUNDOORA,0.0,-0.041385677,0.004108731,0.003987,0.0
2025-01-09 23:00:00,solar.bun_hsc#realenergyintotheload#kwh,BUNDOORA,0.0,-0.15510097,0.018433027,0.017886903,0.0
2025-01-10 00:00:00,solar.bun_hsc#realenergyintotheload#kwh,BUNDOORA,0.0,-0.037270125,0.0081174355,0.007876936,0.0
2025-01-10 01:00:00,solar.bun_hsc#realenergyintotheload#kwh,BUNDOORA,0.0,-0.0013222406,0.014479317,0.014050331,0.0
2025-01-10 02:00:00,solar.bun_hsc#realenergyintotheload#kwh,BUNDOORA,0.0,0.0069608577,0.0014192342,0.0013771858,0.0
2025-01-10 03:00:00,solar.bun_hsc#realenergyintotheload#kwh,BUNDOORA,0.0,0.46232423,-0.00051797624,0.0,0.0
2025-01-10 04:00:00,solar.bun_hsc#realenergyintotheload#kwh,BUNDOORA,0.0,0.051371478,-0.00051797624,0.0,0.0
2025-01-10 05:00:00,solar.bun_hsc#realenergyintotheload#kwh,BUNDOORA,0.0,-0.09443564,0.015765619,0.015298523,0.0
2025-01-10 06:00:00,solar.bun_hsc#realenergyintotheload#kwh,BUNDOORA,0.0,0.1038029,0.0030890482,0.0029975274,0.0
2025-01-10 07:00:00,solar.bun_hsc#realenergyintotheload#kwh,BUNDOORA,0.46875,1.4668136,1.5762208,1.5295212,35.0
2025-01-10 08:00:00,solar.bun_hsc#realenergyintotheload#kwh,BUNDOORA,2.5,9.726655,7.093532,6.8833685,157.0
2025-01-10 09:00:00,solar.bun_hsc#realenergyintotheload#kwh,BUNDOORA,6.5625,12.959704,16.319658,15.836147,294.0
2025-01-10 10:00:00,solar.bun_hsc#realenergyintotheload#kwh,BUNDOORA,18.8125,25.321404,31.880653,30.93611,564.0
2025-01-10 11:00:00,solar.bun_hsc#realenergyintotheload#kwh,BUNDOORA,30.125,42.42056,44.208813,42.899017,838.0
2025-01-10 12:00:00,solar.bun_hsc#realenergyintotheload#kwh,BUNDOORA,36.3125,43.447853,48.00862,46.586246,969.0
2025-01-10 13:00:00,solar.bun_hsc#realenergyintotheload#kwh,BUNDOORA,38.40625,38.873642,48.81447,47.368217,992.0
2025-01-10 14:00:00,solar.bun_hsc#realenergyintotheload#kwh,BUNDOORA,37.4375,39.447098,48.84145,47.394398,994.0
2025-01-10 15:00:00,solar.bun_hsc#realenergyintotheload#kwh,BUNDOORA,29.5625,31.744295,38.256508,37.123062,766.0
2025-01-10 16:00:00,solar.bun_hsc#realenergyintotheload#kwh,BUNDOORA,40.78125,42.77112,45.65922,44.306454,889.0
2025-01-10 17:00:00,solar.bun_hsc#realenergyintotheload#kwh,BUNDOORA,34.09375,34.979584,38.739723,37.59196,730.0
2025-01-10 18:00:00,solar.bun_hsc#realenergyintotheload#kwh,BUNDOORA,31.28125,19.265377,23.523125,22.826193,444.0
2025-01-10 19:00:00,solar.bun_hsc#realenergyintotheload#kwh,BUNDOORA,17.28125,22.502605,16.187366,15.707775,325.0
2025-01-10 20:00:00,solar.bun_hsc#realenergyintotheload#kwh,BUNDOORA,3.25,5.9509163,4.4821568,4.3493614,102.0
2025-01-10 21:00:00,solar.bun_hsc#realenergyintotheload#kwh,BUNDOORA,0.40625,0.4890183,0.0054314607,0.0052705402,2.0
2025-01-10 22:00:00,solar.bun_hsc#realenergyintotheload#kwh,BUNDOORA,0.0,0.08265176,0.0010703035,0.0010385931,0.0
2025-01-10 23:00:00,solar.bun_hsc#realenergyintotheload#kwh,BUNDOORA,0.0,0.19606112,-0.0016265011,0.0,0.0
2025-01-11 00:00:00,solar.bun_hsc#realenergyintotheload#kwh,BUNDOORA,0.0,0.17346053,-0.0033777824,0.0,0.0
2025-01-11 01:00:00,solar.bun_hsc#realenergyintotheload#kwh,BUNDOORA,0.0,0.18420114,-0.004071225,0.0,0.0
2025-01-11 02:00:00,solar.bun_hsc#realenergyintotheload#kwh,BUNDOORA,0.0,-0.018599333,-0.0046350365,0.0,0.0
2025-01-11 03:00:00,solar.bun_hsc#realenergyintotheload#kwh,BUNDOORA,0.0,-0.0065137693,-0.0047162245,0.0,0.0
2025-01-11 04:00:00,solar.bun_hsc#realenergyintotheload#kwh,BUNDOORA,0.0,0.049095098,0.00080253487,0.00077875773,0.0
2025-01-11 05:00:00,solar.bun_hsc#realenergyintotheload#kwh,BUNDOORA,0.0,0.23513548,0.00080253487,0.00077875773,0.0
2025-01-11 06:00:00,solar.bun_hsc#realenergyintotheload#kwh,BUNDOORA,0.0,1.4168458,-0.003400396,0.0,0.0
2025-01-11 07:00:00,solar.bun_hsc#realenergyintotheload#kwh,BUNDOORA,0.5,3.6419115,2.68783,2.6081963,59.0
2025-01-11 08:00:00,solar.bun_hsc#realenergyintotheload#kwh,BUNDOORA,3.40625,15.507,12.075424,11.71766,243.0
2025-01-11 09:00:00,solar.bun_hsc#realenergyintotheload#kwh,BUNDOORA,10.8125,24.033533,25.022346,24.280996,452.0
2025-01-11 10:00:00,solar.bun_hsc#realenergyintotheload#kwh,BUNDOORA,22.5625,32.7102,36.604137,35.51965,651.0
2025-01-11 11:00:00,solar.bun_hsc#realenergyintotheload#kwh,BUNDOORA,32.84375,41.122528,42.553894,41.29313,826.0
2025-01-11 12:00:00,solar.bun_hsc#realenergyintotheload#kwh,BUNDOORA,39.71875,43.56226,48.818756,47.37238,953.0
2025-01-11 13:00:00,solar.bun_hsc#realenergyintotheload#kwh,BUNDOORA,38.25,42.66287,48.378822,46.94548,1025.0
2025-01-11 14:00:00,solar.bun_hsc#realenergyintotheload#kwh,BUNDOORA,40.40625,30.243797,39.834682,38.65448,794.0
2025-01-11 15:00:00,solar.bun_hsc#realenergyintotheload#kwh,BUNDOORA,18.59375,22.633783,26.80175,26.00768,542.0
2025-01-11 16:00:00,solar.bun_hsc#realenergyintotheload#kwh,BUNDOORA,19.0,22.910213,21.365873,20.732857,409.0
2025-01-11 17:00:00,solar.bun_hsc#realenergyintotheload#kwh,BUNDOORA,32.46875,34.659992,37.378063,36.270645,716.0
2025-01-11 18:00:00,solar.bun_hsc#realenergyintotheload#kwh,BUNDOORA,18.96875,12.012643,10.438021,10.128768,207.0
2025-01-11 19:00:00,solar.bun_hsc#realenergyintotheload#kwh,BUNDOORA,1.5,5.1447883,4.7146797,4.5749955,99.0
2025-01-11 20:00:00,solar.bun_hsc#realenergyintotheload#kwh,BUNDOORA,4.125,4.844604,3.4884527,3.3850985,76.0
2025-01-11 21:00:00,solar.bun_hsc#realenergyintotheload#kwh,BUNDOORA,0.6875,0.4591793,0.03710644,0.03600707,1.0
2025-01-11 22:00:00,solar.bun_hsc#realenergyintotheload#kwh,BUNDOORA,0.0,0.1370354,-0.022720955,0.0,0.0
2025-01-11 23:00:00,solar.bun_hsc#realenergyintotheload#kwh,BUNDOORA,0.0,0.04689859,-0.020412026,0.0,0.0
2025-01-12 00:00:00,solar.bun_hsc#realenergyintotheload#kwh,BUNDOORA,0.0,0.1413984,0.0033237902,0.0032253147,0.0
2025-01-12 01:00:00,solar.bun_hsc#realenergyintotheload#kwh,BUNDOORA,0.0,0.07242049,0.005274806,0.005118527,0.0
2025-01-12 02:00:00,solar.bun_hsc#realenergyintotheload#kwh,BUNDOORA,0.0,0.11143539,0.0022636054,0.0021965404,0.0
2025-01-12 03:00:00,solar.bun_hsc#realenergyintotheload#kwh,BUNDOORA,0.0,0.3629652,0.0025783195,0.0025019303,0.0
2025-01-12 04:00:00,solar.bun_hsc#realenergyintotheload#kwh,BUNDOORA,0.0,0.38629296,0.004205776,0.004081169,0.0
2025-01-12 05:00:00,solar.bun_hsc#realenergyintotheload#kwh,BUNDOORA,0.0,0.19417705,-0.01314465,0.0,0.0
2025-01-12 06:00:00,solar.bun_hsc#realenergyintotheload#kwh,BUNDOORA,0.0,0.49416503,-0.005201842,0.0,0.0
2025-01-12 07:00:00,solar.bun_hsc#realenergyintotheload#kwh,BUNDOORA,0.6875,1.8338244,1.501886,1.4573889,35.0
2025-01-12 08:00:00,solar.bun_hsc#realenergyintotheload#kwh,BUNDOORA,3.90625,7.9053226,7.364631,7.1464357,185.0
2025-01-12 09:00:00,solar.bun_hsc#realenergyintotheload#kwh,BUNDOORA,10.4375,15.298629,19.40734,18.832348,381.0
2025-01-12 10:00:00,solar.bun_hsc#realenergyintotheload#kwh,BUNDOORA,18.03125,21.303501,24.831028,24.095346,470.0
2025-01-12 11:00:00,solar.bun_hsc#realenergyintotheload#kwh,BUNDOORA,22.09375,23.802965,17.070482,16.564726,333.0
2025-01-12 12:00:00,solar.bun_hsc#realenergyintotheload#kwh,BUNDOORA,9.375,10.320373,8.745513,8.486405,175.0
2025-01-12 13:00:00,solar.bun_hsc#realenergyintotheload#kwh,BUNDOORA,0.90625,5.7288656,1.6293668,1.5810927,34.0
2025-01-12 14:00:00,solar.bun_hsc#realenergyintotheload#kwh,BUNDOORA,5.0625,7.011425,6.4307976,6.240269,131.0
2025-01-12 15:00:00,solar.bun_hsc#realenergyintotheload#kwh,BUNDOORA,14.375,11.814004,13.316823,12.922278,259.0
2025-01-12 16:00:00,solar.bun_hsc#realenergyintotheload#kwh,BUNDOORA,5.09375,4.9022713,3.4690242,3.3662457,73.0
2025-01-12 17:00:00,solar.bun_hsc#realenergyintotheload#kwh,BUNDOORA,1.4375,5.6250315,1.6479526,1.5991279,35.0
2025-01-12 18:00:00,solar.bun_hsc#realenergyintotheload#kwh,BUNDOORA,4.90625,6.1085696,6.9884706,6.7814198,139.0
2025-01-12 19:00:00,solar.bun_hsc#realenergyintotheload#kwh,BUNDOORA,14.46875,5.6414022,10.074084,9.775615,224.0
2025-01-12 20:00:00,solar.bun_hsc#realenergyintotheload#kwh,BUNDOORA,4.625,2.3270285,3.31369,3.2155137,82.0
2025-01-12 21:00:00,solar.bun_hsc#realenergyintotheload#kwh,BUNDOORA,0.625,0.42600358,-0.0023423014,0.0,1.0
2025-01-12 22:00:00,solar.bun_hsc#realenergyintotheload#kwh,BUNDOORA,0.0,0.0238293,-0.0038825546,0.0,0.0
2025-01-12 23:00:00,solar.bun_hsc#realenergyintotheload#kwh,BUNDOORA,0.0,-0.05276391,-0.0024652493,0.0,0.0
2025-01-13 00:00:00,solar.bun_hsc#realenergyintotheload#kwh,BUNDOORA,0.0,0.009896633,-0.0025534763,0.0,0.0
2025-01-13 01:00:00,solar.bun_hsc#realenergyintotheload#kwh,BUNDOORA,0.0,0.06469519,-0.0018237612,0.0,0.0
2025-01-13 02:00:00,solar.bun_hsc#realenergyintotheload#kwh,BUNDOORA,0.0,-0.00269972,-0.0014130799,0.0,0.0
2025-01-13 03:00:00,solar.bun_hsc#realenergyintotheload#kwh,BUNDOORA,0.0,-0.0066764946,-0.00033969193,0.0,0.0
2025-01-13 04:00:00,solar.bun_hsc#realenergyintotheload#kwh,BUNDOORA,0.0,-0.018719703,-0.00033969193,0.0,0.0
2025-01-13 05:00:00,solar.bun_hsc#realenergyintotheload#kwh,BUNDOORA,0.0,0.0077536837,-0.00033969193,0.0,0.0
2025-01-13 06:00:00,solar.bun_hsc#realenergyintotheload#kwh,BUNDOORA,0.0,0.028451927,-0.00033969193,0.0,0.0
2025-01-13 07:00:00,solar.bun_hsc#realenergyintotheload#kwh,BUNDOORA,0.25,1.1910146,1.3105683,1.2717395,33.0
2025-01-13 08:00:00,solar.bun_hsc#realenergyintotheload#kwh,BUNDOORA,2.0625,4.3684373,4.192364,4.068155,112.0
2025-01-13 09:00:00,solar.bun_hsc#realenergyintotheload#kwh,BUNDOORA,5.53125,10.414915,10.8468,10.525436,216.0
2025-01-13 10:00:00,solar.bun_hsc#realenergyintotheload#kwh,BUNDOORA,14.375,18.850319,26.767405,25.974354,510.0
2025-01-13 11:00:00,solar.bun_hsc#realenergyintotheload#kwh,BUNDOORA,26.03125,37.71272,41.754868,40.517776,816.0
2025-01-13 12:00:00,solar.bun_hsc#realenergyintotheload#kwh,BUNDOORA,40.3125,43.036537,47.719616,46.3058,944.0
2025-01-13 13:00:00,solar.bun_hsc#realenergyintotheload#kwh,BUNDOORA,44.8125,44.99804,48.89648,47.4478,1018.0
2025-01-13 14:00:00,solar.bun_hsc#realenergyintotheload#kwh,BUNDOORA,47.40625,45.358894,49.071247,47.61739,1032.0
2025-01-13 15:00:00,solar.bun_hsc#realenergyintotheload#kwh,BUNDOORA,43.46875,43.551876,47.883976,46.465294,971.0
2025-01-13 16:00:00,solar.bun_hsc#realenergyintotheload#kwh,BUNDOORA,38.03125,34.44874,40.852848,39.64248,787.0
2025-01-13 17:00:00,solar.bun_hsc#realenergyintotheload#kwh,BUNDOORA,37.46875,33.121017,38.13725,37.00734,719.0
2025-01-13 18:00:00,solar.bun_hsc#realenergyintotheload#kwh,BUNDOORA,26.625,22.8697,26.964598,26.165705,526.0
2025-01-13 19:00:00,solar.bun_hsc#realenergyintotheload#kwh,BUNDOORA,14.125,13.697813,11.879935,11.527963,253.0
2025-01-13 20:00:00,solar.bun_hsc#realenergyintotheload#kwh,BUNDOORA,2.65625,4.277299,5.747684,5.5773945,127.0
2025-01-13 21:00:00,solar.bun_hsc#realenergyintotheload#kwh,BUNDOORA,0.375,0.82049733,0.0029791433,0.0028908788,1.0
2025-01-13 22:00:00,solar.bun_hsc#realenergyintotheload#kwh,BUNDOORA,0.0,0.21997082,-0.003202545,0.0,0.0
2025-01-13 23:00:00,solar.bun_hsc#realenergyintotheload#kwh,BUNDOORA,0.0,0.11154507,-0.0044981204,0.0,0.0
2025-01-14 00:00:00,solar.bun_hsc#realenergyintotheload#kwh,BUNDOORA,0.0,0.01074601,-0.0029740669,0.0,0.0
2025-01-14 01:00:00,solar.bun_hsc#realenergyintotheload#kwh,BUNDOORA,0.0,0.015535455,-0.0028204864,0.0,0.0
2025-01-14 02:00:00,solar.bun_hsc#realenergyintotheload#kwh,BUNDOORA,0.0,-0.012139303,-0.0016800901,0.0,0.0
2025-01-14 03:00:00,solar.bun_hsc#realenergyintotheload#kwh,BUNDOORA,0.0,-0.016116075,-0.00031126378,0.0,0.0
2025-01-14 04:00:00,solar.bun_hsc#realenergyintotheload#kwh,BUNDOORA,0.0,-0.027301937,-0.00060670206,0.0,0.0
2025-01-14 05:00:00,solar.bun_hsc#realenergyintotheload#kwh,BUNDOORA,0.0,0.0015516619,-0.00060670206,0.0,0.0
2025-01-14 06:00:00,solar.bun_hsc#realenergyintotheload#kwh,BUNDOORA,0.0,0.19193058,-0.00031126378,0.0,0.0
2025-01-14 07:00:00,solar.bun_hsc#realenergyintotheload#kwh,BUNDOORA,0.03125,1.2170591,1.5205164,1.4754673,35.0
2025-01-14 08:00:00,solar.bun_hsc#realenergyintotheload#kwh,BUNDOORA,1.125,4.058289,4.18039,4.0565352,109.0
2025-01-14 09:00:00,solar.bun_hsc#realenergyintotheload#kwh,BUNDOORA,3.5625,8.119909,8.692276,8.434746,174.0
2025-01-14 10:00:00,solar.bun_hsc#realenergyintotheload#kwh,BUNDOORA,6.0,12.689003,10.050062,9.752304,197.0
2025-01-14 11:00:00,solar.bun_hsc#realenergyintotheload#kwh,BUNDOORA,18.25,23.722525,27.537067,26.721212,529.0
2025-01-14 12:00:00,solar.bun_hsc#realenergyintotheload#kwh,BUNDOORA,43.3125,44.319046,48.268536,46.83846,965.0
2025-01-14 13:00:00,solar.bun_hsc#realenergyintotheload#kwh,BUNDOORA,45.53125,44.74176,49.11923,47.663948,1041.0
2025-01-14 14:00:00,solar.bun_hsc#realenergyintotheload#kwh,BUNDOORA,47.8125,45.191868,49.171547,47.714718,1056.0
2025-01-14 15:00:00,solar.bun_hsc#realenergyintotheload#kwh,BUNDOORA,47.53125,45.316296,49.0495,47.596287,1008.0
2025-01-14 16:00:00,solar.bun_hsc#realenergyintotheload#kwh,BUNDOORA,45.0,44.08849,45.501175,44.153088,900.0
2025-01-14 17:00:00,solar.bun_hsc#realenergyintotheload#kwh,BUNDOORA,40.0625,37.441883,39.576275,38.40373,741.0
2025-01-14 18:00:00,solar.bun_hsc#realenergyintotheload#kwh,BUNDOORA,31.3125,27.107798,29.006508,28.147118,549.0
2025-01-14 19:00:00,solar.bun_hsc#realenergyintotheload#kwh,BUNDOORA,16.125,18.421362,16.885866,16.38558,337.0
2025-01-14 20:00:00,solar.bun_hsc#realenergyintotheload#kwh,BUNDOORA,2.28125,8.730992,5.942613,5.766548,131.0
2025-01-14 21:00:00,solar.bun_hsc#realenergyintotheload#kwh,BUNDOORA,0.28125,0.7482545,0.0063742492,0.006185396,2.0
2025-01-14 22:00:00,solar.bun_hsc#realenergyintotheload#kwh,BUNDOORA,0.0,0.10486126,0.01596119,0.0154883005,0.0
2025-01-14 23:00:00,solar.bun_hsc#realenergyintotheload#kwh,BUNDOORA,0.0,0.27433965,-0.00015514737,0.0,0.0
2025-01-15 00:00:00,solar.bun_hsc#realenergyintotheload#kwh,BUNDOORA,0.0,0.28365424,0.00080669735,0.00078279694,0.0
2025-01-15 01:00:00,solar.bun_hsc#realenergyintotheload#kwh,BUNDOORA,0.0,0.22224465,0.0020457935,0.0019851818,0.0
2025-01-15 02:00:00,solar.bun_hsc#realenergyintotheload#kwh,BUNDOORA,0.0,0.2925281,0.0023412313,0.0022718664,0.0
2025-01-15 03:00:00,solar.bun_hsc#realenergyintotheload#kwh,BUNDOORA,0.0,0.18617477,0.015224614,0.014773547,0.0
2025-01-15 04:00:00,solar.bun_hsc#realenergyintotheload#kwh,BUNDOORA,0.0,0.09619009,-0.00023041191,0.0,0.0
2025-01-15 05:00:00,solar.bun_hsc#realenergyintotheload#kwh,BUNDOORA,0.0,-0.08041391,0.014084563,0.013667272,0.0
2025-01-15 06:00:00,solar.bun_hsc#realenergyintotheload#kwh,BUNDOORA,0.0,0.57649994,0.0010323536,0.0010017676,0.0
2025-01-15 07:00:00,solar.bun_hsc#realenergyintotheload#kwh,BUNDOORA,0.59375,2.3193467,1.5398178,1.4941969,34.0
2025-01-15 08:00:00,solar.bun_hsc#realenergyintotheload#kwh,BUNDOORA,4.15625,9.263932,5.504034,5.3409634,127.0
2025-01-15 09:00:00,solar.bun_hsc#realenergyintotheload#kwh,BUNDOORA,4.125,7.4963374,6.9531627,6.747158,140.0
2025-01-15 10:00:00,solar.bun_hsc#realenergyintotheload#kwh,BUNDOORA,3.40625,7.2621484,5.3296647,5.17176,105.0
2025-01-15 11:00:00,solar.bun_hsc#realenergyintotheload#kwh,BUNDOORA,6.8125,11.118834,7.5315876,7.3084455,156.0
2025-01-15 12:00:00,solar.bun_hsc#realenergyintotheload#kwh,BUNDOORA,16.6875,21.092789,18.231552,17.691397,351.0
2025-01-15 13:00:00,solar.bun_hsc#realenergyintotheload#kwh,BUNDOORA,17.53125,24.257565,24.875996,24.138983,485.0
2025-01-15 14:00:00,solar.bun_hsc#realenergyintotheload#kwh,BUNDOORA,19.8125,22.545706,27.636772,26.817965,528.0
2025-01-15 15:00:00,solar.bun_hsc#realenergyintotheload#kwh,BUNDOORA,10.25,10.1056385,7.9990783,7.7620854,161.0
2025-01-15 16:00:00,solar.bun_hsc#realenergyintotheload#kwh,BUNDOORA,6.96875,6.0746512,2.3682663,2.2981005,49.0
2025-01-15 17:00:00,solar.bun_hsc#realenergyintotheload#kwh,BUNDOORA,2.78125,8.317356,6.181676,5.9985285,127.0
2025-01-15 18:00:00,solar.bun_hsc#realenergyintotheload#kwh,BUNDOORA,6.75,3.5076528,3.7564707,3.645176,81.0
2025-01-15 19:00:00,solar.bun_hsc#realenergyintotheload#kwh,BUNDOORA,2.40625,4.8369994,3.9238203,3.8075674,84.0
2025-01-15 20:00:00,solar.bun_hsc#realenergyintotheload#kwh,BUNDOORA,0.5625,2.254707,0.78901213,0.76563567,22.0
2025-01-15 21:00:00,solar.bun_hsc#realenergyintotheload#kwh,BUNDOORA,0.03125,1.8360827,9.6795644e-05,9.392783e-05,1.0
2025-01-15 22:00:00,solar.bun_hsc#realenergyintotheload#kwh,BUNDOORA,0.0,0.07794318,-0.02023998,0.0,0.0
2025-01-15 23:00:00,solar.bun_hsc#realenergyintotheload#kwh,BUNDOORA,0.0,-0.16734189,0.0039773374,0.0038594988,0.0
2025-01-16 00:00:00,solar.bun_hsc#realenergyintotheload#kwh,BUNDOORA,0.0,0.019866765,0.030293964,0.02939643,0.0
2025-01-16 01:00:00,solar.bun_hsc#realenergyintotheload#kwh,BUNDOORA,0.0,-0.19574773,-0.007885772,0.0,0.0
2025-01-16 02:00:00,solar.bun_hsc#realenergyintotheload#kwh,BUNDOORA,0.0,-0.228313,-0.0028799372,0.0,0.0
2025-01-16 03:00:00,solar.bun_hsc#realenergyintotheload#kwh,BUNDOORA,0.0,0.085129134,-0.002621252,0.0,0.0
2025-01-16 04:00:00,solar.bun_hsc#realenergyintotheload#kwh,BUNDOORA,0.0,-0.04840328,0.008037297,0.007799172,0.0
2025-01-16 05:00:00,solar.bun_hsc#realenergyintotheload#kwh,BUNDOORA,0.0,-0.019566115,-0.012060288,0.0,0.0
2025-01-16 06:00:00,solar.bun_hsc#realenergyintotheload#kwh,BUNDOORA,0.0,0.4485151,0.0072784377,0.0070627956,0.0
2025-01-16 07:00:00,solar.bun_hsc#realenergyintotheload#kwh,BUNDOORA,0.25,2.2382843,1.6154163,1.5675555,37.0
2025-01-16 08:00:00,solar.bun_hsc#realenergyintotheload#kwh,BUNDOORA,2.8125,8.7350025,12.555206,12.183227,225.0
2025-01-16 09:00:00,solar.bun_hsc#realenergyintotheload#kwh,BUNDOORA,5.21875,8.829362,10.871229,10.549142,212.0
2025-01-16 10:00:00,solar.bun_hsc#realenergyintotheload#kwh,BUNDOORA,7.71875,18.079617,11.886889,11.534711,227.0
2025-01-16 11:00:00,solar.bun_hsc#realenergyintotheload#kwh,BUNDOORA,21.40625,20.70421,26.62388,25.835081,510.0
2025-01-16 12:00:00,solar.bun_hsc#realenergyintotheload#kwh,BUNDOORA,38.9375,36.23739,45.06063,43.725597,890.0
2025-01-16 13:00:00,solar.bun_hsc#realenergyintotheload#kwh,BUNDOORA,33.9375,36.4785,44.569824,43.249332,889.0
2025-01-16 14:00:00,solar.bun_hsc#realenergyintotheload#kwh,BUNDOORA,42.5625,37.030132,45.652775,44.300198,913.0
2025-01-16 15:00:00,solar.bun_hsc#realenergyintotheload#kwh,BUNDOORA,40.1875,36.473915,43.464737,42.176987,860.0
2025-01-16 16:00:00,solar.bun_hsc#realenergyintotheload#kwh,BUNDOORA,44.125,35.80012,44.32902,43.015663,841.0
2025-01-16 17:00:00,solar.bun_hsc#realenergyintotheload#kwh,BUNDOORA,41.6875,36.195145,40.933525,39.720768,743.0
2025-01-16 18:00:00,solar.bun_hsc#realenergyintotheload#kwh,BUNDOORA,27.21875,20.111156,28.290005,27.451843,502.0
2025-01-16 19:00:00,solar.bun_hsc#realenergyintotheload#kwh,BUNDOORA,13.0,22.988417,17.925713,17.394619,327.0
2025-01-16 20:00:00,solar.bun_hsc#realenergyintotheload#kwh,BUNDOORA,2.4375,3.6702106,6.1157947,5.934599,131.0
2025-01-16 21:00:00,solar.bun_hsc#realenergyintotheload#kwh,BUNDOORA,0.375,0.48486102,0.030608576,0.02970172,1.0
2025-01-16 22:00:00,solar.bun_hsc#realenergyintotheload#kwh,BUNDOORA,0.0,0.05815392,0.0017698767,0.0017174396,0.0
2025-01-16 23:00:00,solar.bun_hsc#realenergyintotheload#kwh,BUNDOORA,0.0,0.2428647,-0.0022802362,0.0,0.0
2025-01-17 00:00:00,solar.bun_hsc#realenergyintotheload#kwh,BUNDOORA,0.0,0.225687,-0.0017809814,0.0,0.0
2025-01-17 01:00:00,solar.bun_hsc#realenergyintotheload#kwh,BUNDOORA,0.0,0.029254667,-0.0013170105,0.0,0.0
2025-01-17 02:00:00,solar.bun_hsc#realenergyintotheload#kwh,BUNDOORA,0.0,0.031313527,-0.00181179,0.0,0.0
2025-01-17 03:00:00,solar.bun_hsc#realenergyintotheload#kwh,BUNDOORA,0.0,0.030807931,-0.00017661363,0.0,0.0
2025-01-17 04:00:00,solar.bun_hsc#realenergyintotheload#kwh,BUNDOORA,0.0,0.03490347,-0.00076743204,0.0,0.0
2025-01-17 05:00:00,solar.bun_hsc#realenergyintotheload#kwh,BUNDOORA,0.0,0.027939904,-0.0024272306,0.0,0.0
2025-01-17 06:00:00,solar.bun_hsc#realenergyintotheload#kwh,BUNDOORA,0.0,0.36301056,-0.0025146941,0.0,0.0
2025-01-17 07:00:00,solar.bun_hsc#realenergyintotheload#kwh,BUNDOORA,0.15625,1.0069555,1.2073315,1.1715614,30.0
2025-01-17 08:00:00,solar.bun_hsc#realenergyintotheload#kwh,BUNDOORA,2.65625,2.8372526,4.543334,4.408726,121.0
2025-01-17 09:00:00,solar.bun_hsc#realenergyintotheload#kwh,BUNDOORA,7.71875,9.03232,12.939282,12.555923,277.0
2025-01-17 10:00:00,solar.bun_hsc#realenergyintotheload#kwh,BUNDOORA,15.75,15.055617,25.154652,24.409382,510.0
2025-01-17 11:00:00,solar.bun_hsc#realenergyintotheload#kwh,BUNDOORA,24.0,28.29683,33.263542,32.278027,643.0
2025-01-17 12:00:00,solar.bun_hsc#realenergyintotheload#kwh,BUNDOORA,26.125,33.3565,38.556362,37.414032,756.0
2025-01-17 13:00:00,solar.bun_hsc#realenergyintotheload#kwh,BUNDOORA,43.5,42.20066,49.600998,48.131443,1031.0
2025-01-17 14:00:00,solar.bun_hsc#realenergyintotheload#kwh,BUNDOORA,48.9375,43.091667,49.43956,47.97479,1069.0
2025-01-17 15:00:00,solar.bun_hsc#realenergyintotheload#kwh,BUNDOORA,48.59375,41.423534,49.78427,48.309288,1022.0
2025-01-17 16:00:00,solar.bun_hsc#realenergyintotheload#kwh,BUNDOORA,46.84375,41.56724,48.191936,46.76413,916.0
2025-01-17 17:00:00,solar.bun_hsc#realenergyintotheload#kwh,BUNDOORA,41.59375,35.565067,41.15812,39.938705,757.0
2025-01-17 18:00:00,solar.bun_hsc#realenergyintotheload#kwh,BUNDOORA,32.46875,30.856054,32.19646,31.24256,557.0
2025-01-17 19:00:00,solar.bun_hsc#realenergyintotheload#kwh,BUNDOORA,16.40625,26.512619,18.474253,17.926907,340.0
2025-01-17 20:00:00,solar.bun_hsc#realenergyintotheload#kwh,BUNDOORA,3.0625,4.069043,6.1898155,6.006427,130.0
2025-01-17 21:00:00,solar.bun_hsc#realenergyintotheload#kwh,BUNDOORA,0.4375,0.81950724,-0.0062394366,0.0,1.0
2025-01-17 22:00:00,solar.bun_hsc#realenergyintotheload#kwh,BUNDOORA,0.0,0.02468042,0.0011353916,0.0011017529,0.0
2025-01-17 23:00:00,solar.bun_hsc#realenergyintotheload#kwh,BUNDOORA,0.0,0.20552479,-0.001251624,0.0,0.0
2025-01-18 00:00:00,solar.bun_hsc#realenergyintotheload#kwh,BUNDOORA,0.0,-0.34256157,0.0065469258,0.006352957,0.0
2025-01-18 01:00:00,solar.bun_hsc#realenergyintotheload#kwh,BUNDOORA,0.0,0.07852963,0.0063935434,0.006204119,0.0
2025-01-18 02:00:00,solar.bun_hsc#realenergyintotheload#kwh,BUNDOORA,0.0,0.105124444,-0.00071507605,0.0,0.0
2025-01-18 03:00:00,solar.bun_hsc#realenergyintotheload#kwh,BUNDOORA,0.0,0.11377073,-0.0010767252,0.0,0.0
2025-01-18 04:00:00,solar.bun_hsc#realenergyintotheload#kwh,BUNDOORA,0.0,0.09604027,-0.0010767252,0.0,0.0
2025-01-18 05:00:00,solar.bun_hsc#realenergyintotheload#kwh,BUNDOORA,0.0,-0.008941269,0.0025410554,0.0024657703,0.0
2025-01-18 06:00:00,solar.bun_hsc#realenergyintotheload#kwh,BUNDOORA,0.0,0.72339445,0.0027128127,0.002632439,0.0
2025-01-18 07:00:00,solar.bun_hsc#realenergyintotheload#kwh,BUNDOORA,0.375,1.9218577,2.3077197,2.2393477,52.0
2025-01-18 08:00:00,solar.bun_hsc#realenergyintotheload#kwh,BUNDOORA,3.1875,10.24188,12.776566,12.398027,245.0
2025-01-18 09:00:00,solar.bun_hsc#realenergyintotheload#kwh,BUNDOORA,10.53125,27.908138,26.472916,25.68859,464.0
2025-01-18 10:00:00,solar.bun_hsc#realenergyintotheload#kwh,BUNDOORA,23.125,26.793482,37.1865,36.08476,675.0
2025-01-18 11:00:00,solar.bun_hsc#realenergyintotheload#kwh,BUNDOORA,33.9375,40.055935,45.190613,43.851727,855.0
2025-01-18 12:00:00,solar.bun_hsc#realenergyintotheload#kwh,BUNDOORA,41.4375,42.21332,49.208046,47.750134,986.0
2025-01-18 13:00:00,solar.bun_hsc#realenergyintotheload#kwh,BUNDOORA,46.0,45.57798,49.12326,47.667862,1063.0
2025-01-18 14:00:00,solar.bun_hsc#realenergyintotheload#kwh,BUNDOORA,47.84375,44.494698,49.116993,47.661777,1078.0
2025-01-18 15:00:00,solar.bun_hsc#realenergyintotheload#kwh,BUNDOORA,47.46875,45.645687,49.09354,47.639023,1028.0
2025-01-18 16:00:00,solar.bun_hsc#realenergyintotheload#kwh,BUNDOORA,44.84375,45.078907,47.531982,46.12373,919.0
2025-01-18 17:00:00,solar.bun_hsc#realenergyintotheload#kwh,BUNDOORA,39.5,40.808304,40.751965,39.544586,759.0
2025-01-18 18:00:00,solar.bun_hsc#realenergyintotheload#kwh,BUNDOORA,31.1875,30.159283,30.326727,29.428223,561.0
2025-01-18 19:00:00,solar.bun_hsc#realenergyintotheload#kwh,BUNDOORA,15.75,19.494083,17.125343,16.617962,344.0
2025-01-18 20:00:00,solar.bun_hsc#realenergyintotheload#kwh,BUNDOORA,2.15625,8.1159,6.1542754,5.9719396,134.0
2025-01-18 21:00:00,solar.bun_hsc#realenergyintotheload#kwh,BUNDOORA,0.28125,1.2386893,0.0023854466,0.0023147718,1.0
2025-01-18 22:00:00,solar.bun_hsc#realenergyintotheload#kwh,BUNDOORA,0.0,0.30814925,0.006069257,0.00588944,0.0
2025-01-18 23:00:00,solar.bun_hsc#realenergyintotheload#kwh,BUNDOORA,0.0,0.15359658,0.01547257,0.015014157,0.0
2025-01-19 00:00:00,solar.bun_hsc#realenergyintotheload#kwh,BUNDOORA,0.0,0.5111393,0.0007620258,0.0007394489,0.0
2025-01-19 01:00:00,solar.bun_hsc#realenergyintotheload#kwh,BUNDOORA,0.0,0.30780914,0.002713043,0.0026326624,0.0
2025-01-19 02:00:00,solar.bun_hsc#realenergyintotheload#kwh,BUNDOORA,0.0,0.20496514,0.0022914384,0.0022235487,0.0
2025-01-19 03:00:00,solar.bun_hsc#realenergyintotheload#kwh,BUNDOORA,0.0,0.30861428,0.00068151543,0.00066132384,0.0
2025-01-19 04:00:00,solar.bun_hsc#realenergyintotheload#kwh,BUNDOORA,0.0,0.21348052,-0.0017128895,0.0,0.0
2025-01-19 05:00:00,solar.bun_hsc#realenergyintotheload#kwh,BUNDOORA,0.0,0.19669303,-0.0033388953,0.0,0.0
2025-01-19 06:00:00,solar.bun_hsc#realenergyintotheload#kwh,BUNDOORA,0.0,1.6048844,-0.0028397506,0.0,0.0
2025-01-19 07:00:00,solar.bun_hsc#realenergyintotheload#kwh,BUNDOORA,0.3125,4.447417,2.3572817,2.2874413,49.0
2025-01-19 08:00:00,solar.bun_hsc#realenergyintotheload#kwh,BUNDOORA,2.875,16.135813,13.597905,13.195033,239.0
2025-01-19 09:00:00,solar.bun_hsc#realenergyintotheload#kwh,BUNDOORA,10.15625,29.15422,26.315077,25.535427,455.0
2025-01-19 10:00:00,solar.bun_hsc#realenergyintotheload#kwh,BUNDOORA,17.0,32.57896,36.714924,35.62715,660.0
2025-01-19 11:00:00,solar.bun_hsc#realenergyintotheload#kwh,BUNDOORA,32.875,40.699463,44.58727,43.26626,836.0
2025-01-19 12:00:00,solar.bun_hsc#realenergyintotheload#kwh,BUNDOORA,35.71875,42.30908,48.70877,47.26565,967.0
2025-01-19 13:00:00,solar.bun_hsc#realenergyintotheload#kwh,BUNDOORA,41.6875,40.756916,48.043114,46.619717,1042.0
2025-01-19 14:00:00,solar.bun_hsc#realenergyintotheload#kwh,BUNDOORA,45.5625,39.711792,48.033264,46.610157,1056.0
2025-01-19 15:00:00,solar.bun_hsc#realenergyintotheload#kwh,BUNDOORA,43.3125,37.904167,47.57548,46.16594,991.0
2025-01-19 16:00:00,solar.bun_hsc#realenergyintotheload#kwh,BUNDOORA,33.8125,30.1254,38.13438,37.004555,725.0
2025-01-19 17:00:00,solar.bun_hsc#realenergyintotheload#kwh,BUNDOORA,31.875,29.376823,37.078205,35.97967,692.0
2025-01-19 18:00:00,solar.bun_hsc#realenergyintotheload#kwh,BUNDOORA,24.21875,18.849468,25.657885,24.897705,485.0
2025-01-19 19:00:00,solar.bun_hsc#realenergyintotheload#kwh,BUNDOORA,12.09375,13.156032,11.913355,11.560392,225.0
2025-01-19 20:00:00,solar.bun_hsc#realenergyintotheload#kwh,BUNDOORA,4.46875,3.2324235,2.2939506,2.2259865,53.0
2025-01-19 21:00:00,solar.bun_hsc#realenergyintotheload#kwh,BUNDOORA,0.9375,0.67629,0.015988862,0.015515152,1.0
2025-01-19 22:00:00,solar.bun_hsc#realenergyintotheload#kwh,BUNDOORA,0.0,0.21795446,0.0031223726,0.0030298645,0.0
2025-01-19 23:00:00,solar.bun_hsc#realenergyintotheload#kwh,BUNDOORA,0.0,0.27026227,-0.024999933,0.0,0.0
2025-01-20 00:00:00,solar.bun_hsc#realenergyintotheload#kwh,BUNDOORA,0.0,0.20193902,-0.015596067,0.0,0.0
2025-01-20 01:00:00,solar.bun_hsc#realenergyintotheload#kwh,BUNDOORA,0.0,0.06766373,-0.018409956,0.0,0.0
2025-01-20 02:00:00,solar.bun_hsc#realenergyintotheload#kwh,BUNDOORA,0.0,0.07982403,0.0067435373,0.006543743,0.0
2025-01-20 03:00:00,solar.bun_hsc#realenergyintotheload#kwh,BUNDOORA,0.0,0.33360782,-0.00051797624,0.0,0.0
2025-01-20 04:00:00,solar.bun_hsc#realenergyintotheload#kwh,BUNDOORA,0.0,0.44263026,0.015285316,0.01483245,0.0
2025-01-20 05:00:00,solar.bun_hsc#realenergyintotheload#kwh,BUNDOORA,0.0,0.27929223,0.016835643,0.016336845,0.0
2025-01-20 06:00:00,solar.bun_hsc#realenergyintotheload#kwh,BUNDOORA,0.0,0.17643623,0.01570698,0.015241622,0.0
2025-01-20 07:00:00,solar.bun_hsc#realenergyintotheload#kwh,BUNDOORA,0.59375,1.6645559,1.3608093,1.3204919,32.0
2025-01-20 08:00:00,solar.bun_hsc#realenergyintotheload#kwh,BUNDOORA,2.78125,9.710447,6.867099,6.663644,157.0
2025-01-20 09:00:00,solar.bun_hsc#realenergyintotheload#kwh,BUNDOORA,11.4375,14.580326,23.537622,22.840261,417.0
2025-01-20 10:00:00,solar.bun_hsc#realenergyintotheload#kwh,BUNDOORA,17.75,22.306015,28.329206,27.489883,548.0
2025-01-20 11:00:00,solar.bun_hsc#realenergyintotheload#kwh,BUNDOORA,28.46875,40.28731,41.94436,40.701653,799.0
2025-01-20 12:00:00,solar.bun_hsc#realenergyintotheload#kwh,BUNDOORA,21.75,11.842089,14.161149,13.74159,304.0
2025-01-20 13:00:00,solar.bun_hsc#realenergyintotheload#kwh,BUNDOORA,35.09375,35.26709,45.574738,44.224472,906.0
2025-01-20 14:00:00,solar.bun_hsc#realenergyintotheload#kwh,BUNDOORA,37.5625,29.869003,41.25486,40.03258,830.0
2025-01-20 15:00:00,solar.bun_hsc#realenergyintotheload#kwh,BUNDOORA,23.625,23.901337,24.37788,23.655624,482.0
2025-01-20 16:00:00,solar.bun_hsc#realenergyintotheload#kwh,BUNDOORA,29.25,23.802418,26.387066,25.605284,516.0
2025-01-20 17:00:00,solar.bun_hsc#realenergyintotheload#kwh,BUNDOORA,28.875,24.671528,29.644258,28.765974,574.0
2025-01-20 18:00:00,solar.bun_hsc#realenergyintotheload#kwh,BUNDOORA,20.3125,20.460377,21.875206,21.227098,413.0
2025-01-20 19:00:00,solar.bun_hsc#realenergyintotheload#kwh,BUNDOORA,11.40625,13.249017,14.964073,14.520725,295.0
2025-01-20 20:00:00,solar.bun_hsc#realenergyintotheload#kwh,BUNDOORA,3.25,6.315968,4.1176963,3.9956992,89.0
2025-01-20 21:00:00,solar.bun_hsc#realenergyintotheload#kwh,BUNDOORA,0.46875,0.86093533,-0.008450432,0.0,1.0
2025-01-20 22:00:00,solar.bun_hsc#realenergyintotheload#kwh,BUNDOORA,0.0,0.8869977,-0.013611243,0.0,0.0
2025-01-20 23:00:00,solar.bun_hsc#realenergyintotheload#kwh,BUNDOORA,0.0,0.056732908,0.0022194276,0.0021536716,0.0
2025-01-21 00:00:00,solar.bun_hsc#realenergyintotheload#kwh,BUNDOORA,0.0,0.24021685,-0.0030096269,0.0,0.0
2025-01-21 01:00:00,solar.bun_hsc#realenergyintotheload#kwh,BUNDOORA,0.0,0.11522511,-0.008703633,0.0,0.0
2025-01-21 02:00:00,solar.bun_hsc#realenergyintotheload#kwh,BUNDOORA,0.0,0.18096286,0.015391848,0.014935826,0.0
2025-01-21 03:00:00,solar.bun_hsc#realenergyintotheload#kwh,BUNDOORA,0.0,0.25242862,0.015559486,0.015098497,0.0
2025-01-21 04:00:00,solar.bun_hsc#realenergyintotheload#kwh,BUNDOORA,0.0,0.33790517,0.003986792,0.0038686735,0.0
2025-01-21 05:00:00,solar.bun_hsc#realenergyintotheload#kwh,BUNDOORA,0.0,0.32644102,0.0031603929,0.0030667584,0.0
2025-01-21 06:00:00,solar.bun_hsc#realenergyintotheload#kwh,BUNDOORA,0.0,0.68890226,-0.016921245,0.0,0.0
2025-01-21 07:00:00,solar.bun_hsc#realenergyintotheload#kwh,BUNDOORA,0.40625,2.825966,1.0977634,1.0652394,28.0
2025-01-21 08:00:00,solar.bun_hsc#realenergyintotheload#kwh,BUNDOORA,3.59375,12.835909,10.509992,10.1986065,204.0
2025-01-21 09:00:00,solar.bun_hsc#realenergyintotheload#kwh,BUNDOORA,10.25,25.102419,22.172745,21.515821,416.0
2025-01-21 10:00:00,solar.bun_hsc#realenergyintotheload#kwh,BUNDOORA,20.875,29.190638,33.65302,32.655964,620.0
2025-01-21 11:00:00,solar.bun_hsc#realenergyintotheload#kwh,BUNDOORA,31.09375,38.027233,41.99394,40.749763,805.0
2025-01-21 12:00:00,solar.bun_hsc#realenergyintotheload#kwh,BUNDOORA,38.25,42.2061,46.95803,45.56678,938.0
2025-01-21 13:00:00,solar.bun_hsc#realenergyintotheload#kwh,BUNDOORA,42.6875,39.786976,47.63714,46.22577,1014.0
2025-01-21 14:00:00,solar.bun_hsc#realenergyintotheload#kwh,BUNDOORA,44.8125,39.54088,47.823925,46.40702,1028.0
2025-01-21 15:00:00,solar.bun_hsc#realenergyintotheload#kwh,BUNDOORA,44.75,43.288445,48.34283,46.910553,981.0
2025-01-21 16:00:00,solar.bun_hsc#realenergyintotheload#kwh,BUNDOORA,42.90625,41.858543,44.333603,43.020107,875.0
2025-01-21 17:00:00,solar.bun_hsc#realenergyintotheload#kwh,BUNDOORA,37.5,32.146538,38.111923,36.98276,717.0
2025-01-21 18:00:00,solar.bun_hsc#realenergyintotheload#kwh,BUNDOORA,29.46875,23.78512,27.585188,26.767908,510.0
2025-01-21 19:00:00,solar.bun_hsc#realenergyintotheload#kwh,BUNDOORA,15.0,14.08756,14.915013,14.473119,305.0
2025-01-21 20:00:00,solar.bun_hsc#realenergyintotheload#kwh,BUNDOORA,3.4375,4.200787,3.3301795,3.2315145,78.0
2025-01-21 21:00:00,solar.bun_hsc#realenergyintotheload#kwh,BUNDOORA,0.46875,0.81632555,-0.0011394473,0.0,0.0
2025-01-21 22:00:00,solar.bun_hsc#realenergyintotheload#kwh,BUNDOORA,0.0,0.011060352,-0.00054573955,0.0,0.0
2025-01-21 23:00:00,solar.bun_hsc#realenergyintotheload#kwh,BUNDOORA,0.0,-0.096658,-0.001898425,0.0,0.0
2025-01-22 00:00:00,solar.bun_hsc#realenergyintotheload#kwh,BUNDOORA,0.0,-0.11514405,-0.0017380839,0.0,0.0
2025-01-22 01:00:00,solar.bun_hsc#realenergyintotheload#kwh,BUNDOORA,0.0,-0.17487444,-5.4499076e-05,0.0,0.0
2025-01-22 02:00:00,solar.bun_hsc#realenergyintotheload#kwh,BUNDOORA,0.0,-0.083791666,0.0011812673,0.0011462693,0.0
2025-01-22 03:00:00,solar.bun_hsc#realenergyintotheload#kwh,BUNDOORA,0.0,0.23937304,0.0014582432,0.0014150392,0.0
2025-01-22 04:00:00,solar.bun_hsc#realenergyintotheload#kwh,BUNDOORA,0.0,0.07050649,0.0005884458,0.0005710116,0.0
2025-01-22 05:00:00,solar.bun_hsc#realenergyintotheload#kwh,BUNDOORA,0.0,0.060281783,0.0011454162,0.0011114804,0.0
2025-01-22 06:00:00,solar.bun_hsc#realenergyintotheload#kwh,BUNDOORA,0.0,0.8219675,0.0012328799,0.0011963528,0.0
2025-01-22 07:00:00,solar.bun_hsc#realenergyintotheload#kwh,BUNDOORA,0.21875,4.133025,0.576563,0.5594809,15.0
2025-01-22 08:00:00,solar.bun_hsc#realenergyintotheload#kwh,BUNDOORA,3.78125,13.2399,4.5189595,4.385074,126.0
2025-01-22 09:00:00,solar.bun_hsc#realenergyintotheload#kwh,BUNDOORA,8.9375,11.079096,11.443925,11.10487,225.0
2025-01-22 10:00:00,solar.bun_hsc#realenergyintotheload#kwh,BUNDOORA,10.1875,12.080898,9.222703,8.949457,183.0
2025-01-22 11:00:00,solar.bun_hsc#realenergyintotheload#kwh,BUNDOORA,13.65625,20.524057,20.706442,20.092962,398.0
2025-01-22 12:00:00,solar.bun_hsc#realenergyintotheload#kwh,BUNDOORA,24.5,25.593634,28.112144,27.279251,552.0
2025-01-22 13:00:00,solar.bun_hsc#realenergyintotheload#kwh,BUNDOORA,26.4375,24.200407,27.210485,26.404306,536.0
2025-01-22 14:00:00,solar.bun_hsc#realenergyintotheload#kwh,BUNDOORA,25.84375,24.323881,23.730286,23.027216,453.0
2025-01-22 15:00:00,solar.bun_hsc#realenergyintotheload#kwh,BUNDOORA,29.90625,32.69884,34.56277,33.53876,673.0
2025-01-22 16:00:00,solar.bun_hsc#realenergyintotheload#kwh,BUNDOORA,35.78125,33.867817,40.20928,39.01798,769.0
2025-01-22 17:00:00,solar.bun_hsc#realenergyintotheload#kwh,BUNDOORA,35.125,36.185757,41.24707,40.025024,763.0
2025-01-22 18:00:00,solar.bun_hsc#realenergyintotheload#kwh,BUNDOORA,32.21875,22.659529,31.009935,30.091188,567.0
2025-01-22 19:00:00,solar.bun_hsc#realenergyintotheload#kwh,BUNDOORA,16.03125,18.006575,18.799397,18.242418,348.0
2025-01-22 20:00:00,solar.bun_hsc#realenergyintotheload#kwh,BUNDOORA,2.34375,4.149105,6.146427,5.964324,133.0
2025-01-22 21:00:00,solar.bun_hsc#realenergyintotheload#kwh,BUNDOORA,0.28125,-0.09552523,0.023217099,0.022529233,1.0
2025-01-22 22:00:00,solar.bun_hsc#realenergyintotheload#kwh,BUNDOORA,0.0,-0.45467225,0.013506932,0.013106756,0.0
2025-01-22 23:00:00,solar.bun_hsc#realenergyintotheload#kwh,BUNDOORA,0.0,0.19152407,0.033131123,0.03214953,0.0
2025-01-23 00:00:00,solar.bun_hsc#realenergyintotheload#kwh,BUNDOORA,0.0,0.042199902,0.0062049665,0.006021129,0.0
2025-01-23 01:00:00,solar.bun_hsc#realenergyintotheload#kwh,BUNDOORA,0.0,0.02909844,5.201035e-05,5.0469414e-05,0.0
2025-01-23 02:00:00,solar.bun_hsc#realenergyintotheload#kwh,BUNDOORA,0.0,0.028267672,0.00022886059,0.00022208002,0.0
2025-01-23 03:00:00,solar.bun_hsc#realenergyintotheload#kwh,BUNDOORA,0.0,0.032579977,0.002067055,0.0020058134,0.0
2025-01-23 04:00:00,solar.bun_hsc#realenergyintotheload#kwh,BUNDOORA,0.0,0.021931289,0.0032965085,0.0031988411,0.0
2025-01-23 05:00:00,solar.bun_hsc#realenergyintotheload#kwh,BUNDOORA,0.0,0.071258746,0.0027056914,0.0026255285,0.0
2025-01-23 06:00:00,solar.bun_hsc#realenergyintotheload#kwh,BUNDOORA,0.0,1.2068952,0.0021561114,0.0020922313,0.0
2025-01-23 07:00:00,solar.bun_hsc#realenergyintotheload#kwh,BUNDOORA,0.46875,3.716019,0.844834,0.8198037,22.0
2025-01-23 08:00:00,solar.bun_hsc#realenergyintotheload#kwh,BUNDOORA,3.78125,6.3671837,5.3441806,5.185846,136.0
2025-01-23 09:00:00,solar.bun_hsc#realenergyintotheload#kwh,BUNDOORA,8.9375,14.612182,12.021742,11.665567,224.0
2025-01-23 10:00:00,solar.bun_hsc#realenergyintotheload#kwh,BUNDOORA,14.59375,17.431583,17.954962,17.423,329.0
2025-01-23 11:00:00,solar.bun_hsc#realenergyintotheload#kwh,BUNDOORA,26.71875,30.55936,36.365574,35.288155,707.0
2025-01-23 12:00:00,solar.bun_hsc#realenergyintotheload#kwh,BUNDOORA,33.875,37.211006,43.143276,41.865047,844.0
2025-01-23 13:00:00,solar.bun_hsc#realenergyintotheload#kwh,BUNDOORA,28.90625,25.147715,23.653332,22.952543,455.0
2025-01-23 14:00:00,solar.bun_hsc#realenergyintotheload#kwh,BUNDOORA,22.53125,28.063839,24.26722,23.548243,476.0
2025-01-23 15:00:00,solar.bun_hsc#realenergyintotheload#kwh,BUNDOORA,15.40625,16.309597,12.219564,11.85753,238.0
2025-01-23 16:00:00,solar.bun_hsc#realenergyintotheload#kwh,BUNDOORA,6.0625,9.187598,6.39193,6.2025533,135.0
2025-01-23 17:00:00,solar.bun_hsc#realenergyintotheload#kwh,BUNDOORA,5.21875,4.746941,4.054063,3.9339511,84.0
2025-01-23 18:00:00,solar.bun_hsc#realenergyintotheload#kwh,BUNDOORA,2.96875,5.125878,3.6019735,3.495256,76.0
2025-01-23 19:00:00,solar.bun_hsc#realenergyintotheload#kwh,BUNDOORA,2.28125,6.666634,3.7395718,3.6287777,77.0
2025-01-23 20:00:00,solar.bun_hsc#realenergyintotheload#kwh,BUNDOORA,0.65625,3.0182061,0.77709615,0.7540727,21.0
2025-01-23 21:00:00,solar.bun_hsc#realenergyintotheload#kwh,BUNDOORA,0.0,1.0879395,-0.00017661363,0.0,0.0
2025-01-23 22:00:00,solar.bun_hsc#realenergyintotheload#kwh,BUNDOORA,0.0,0.10083841,-0.00026239024,0.0,0.0
2025-01-23 23:00:00,solar.bun_hsc#realenergyintotheload#kwh,BUNDOORA,0.0,0.057549924,0.0010832972,0.0010512018,0.0
2025-01-24 00:00:00,solar.bun_hsc#realenergyintotheload#kwh,BUNDOORA,0.0,0.077860534,0.0015689831,0.001522498,0.0
2025-01-24 01:00:00,solar.bun_hsc#realenergyintotheload#kwh,BUNDOORA,0.0,0.077834345,0.001524312,0.0014791504,0.0
2025-01-24 02:00:00,solar.bun_hsc#realenergyintotheload#kwh,BUNDOORA,0.0,0.15252286,0.0010386256,0.0010078538,0.0
2025-01-24 03:00:00,solar.bun_hsc#realenergyintotheload#kwh,BUNDOORA,0.0,0.13057357,-0.00025535165,0.0,0.0
2025-01-24 04:00:00,solar.bun_hsc#realenergyintotheload#kwh,BUNDOORA,0.0,0.06078609,0.0015364846,0.0014909623,0.0
2025-01-24 05:00:00,solar.bun_hsc#realenergyintotheload#kwh,BUNDOORA,0.0,0.15064247,0.00204632,0.0019856927,0.0
2025-01-24 06:00:00,solar.bun_hsc#realenergyintotheload#kwh,BUNDOORA,0.0,0.79454255,0.0020395594,0.0019791324,0.0
2025-01-24 07:00:00,solar.bun_hsc#realenergyintotheload#kwh,BUNDOORA,0.21875,4.29916,1.0795797,1.0475944,27.0
2025-01-24 08:00:00,solar.bun_hsc#realenergyintotheload#kwh,BUNDOORA,3.09375,8.76823,6.1027064,5.9218984,142.0
2025-01-24 09:00:00,solar.bun_hsc#realenergyintotheload#kwh,BUNDOORA,6.84375,11.15192,11.072505,10.744454,212.0
2025-01-24 10:00:00,solar.bun_hsc#realenergyintotheload#kwh,BUNDOORA,13.28125,18.816679,17.743444,17.21775,332.0
2025-01-24 11:00:00,solar.bun_hsc#realenergyintotheload#kwh,BUNDOORA,18.59375,23.122013,24.91532,24.177141,482.0
2025-01-24 12:00:00,solar.bun_hsc#realenergyintotheload#kwh,BUNDOORA,30.75,27.416252,34.167557,33.15526,670.0
2025-01-24 13:00:00,solar.bun_hsc#realenergyintotheload#kwh,BUNDOORA,33.0625,32.655407,43.371628,42.086636,854.0
2025-01-24 14:00:00,solar.bun_hsc#realenergyintotheload#kwh,BUNDOORA,47.21875,44.94163,49.48994,48.023678,1048.0
2025-01-24 15:00:00,solar.bun_hsc#realenergyintotheload#kwh,BUNDOORA,48.65625,44.5984,48.525036,47.08736,1001.0
2025-01-24 16:00:00,solar.bun_hsc#realenergyintotheload#kwh,BUNDOORA,46.40625,42.53703,46.592403,45.211987,894.0
2025-01-24 17:00:00,solar.bun_hsc#realenergyintotheload#kwh,BUNDOORA,40.875,34.811657,39.553104,38.381245,736.0
2025-01-24 18:00:00,solar.bun_hsc#realenergyintotheload#kwh,BUNDOORA,31.875,30.756174,30.147442,29.254248,542.0
2025-01-24 19:00:00,solar.bun_hsc#realenergyintotheload#kwh,BUNDOORA,14.6875,25.750479,17.920244,17.389313,329.0
2025-01-24 20:00:00,solar.bun_hsc#realenergyintotheload#kwh,BUNDOORA,2.03125,3.5220628,5.838069,5.6651015,123.0
2025-01-24 21:00:00,solar.bun_hsc#realenergyintotheload#kwh,BUNDOORA,0.21875,0.62587166,0.025346685,0.024595726,0.0
2025-01-24 22:00:00,solar.bun_hsc#realenergyintotheload#kwh,BUNDOORA,0.0,0.23976223,0.0025134447,0.0024389776,0.0
2025-01-24 23:00:00,solar.bun_hsc#realenergyintotheload#kwh,BUNDOORA,0.0,0.33384547,-0.0007187539,0.0,0.0
2025-01-25 00:00:00,solar.bun_hsc#realenergyintotheload#kwh,BUNDOORA,0.0,0.33646867,-0.0018522658,0.0,0.0
2025-01-25 01:00:00,solar.bun_hsc#realenergyintotheload#kwh,BUNDOORA,0.0,0.2068115,-0.00044233273,0.0,0.0
2025-01-25 02:00:00,solar.bun_hsc#realenergyintotheload#kwh,BUNDOORA,0.0,0.20561226,-0.0011128903,0.0,0.0
2025-01-25 03:00:00,solar.bun_hsc#realenergyintotheload#kwh,BUNDOORA,0.0,0.010551895,-6.853213e-05,0.0,0.0
2025-01-25 04:00:00,solar.bun_hsc#realenergyintotheload#kwh,BUNDOORA,0.0,-0.014382426,-0.00048759344,0.0,0.0
2025-01-25 05:00:00,solar.bun_hsc#realenergyintotheload#kwh,BUNDOORA,0.0,-0.012224674,-0.00076743204,0.0,0.0
2025-01-25 06:00:00,solar.bun_hsc#realenergyintotheload#kwh,BUNDOORA,0.0,0.66790193,-0.00017661363,0.0,0.0
2025-01-25 07:00:00,solar.bun_hsc#realenergyintotheload#kwh,BUNDOORA,0.28125,2.4848785,0.7436959,0.72166204,19.0
2025-01-25 08:00:00,solar.bun_hsc#realenergyintotheload#kwh,BUNDOORA,4.3125,6.078102,3.8909016,3.7756238,127.0
2025-01-25 09:00:00,solar.bun_hsc#realenergyintotheload#kwh,BUNDOORA,7.59375,17.122217,18.359379,17.815435,375.0
2025-01-25 10:00:00,solar.bun_hsc#realenergyintotheload#kwh,BUNDOORA,15.125,18.926722,24.16609,23.45011,451.0
2025-01-25 11:00:00,solar.bun_hsc#realenergyintotheload#kwh,BUNDOORA,24.4375,30.136724,35.329304,34.282585,678.0
2025-01-25 12:00:00,solar.bun_hsc#realenergyintotheload#kwh,BUNDOORA,30.96875,35.12929,35.96353,34.89802,693.0
2025-01-25 13:00:00,solar.bun_hsc#realenergyintotheload#kwh,BUNDOORA,37.65625,45.260735,48.866493,47.4187,1014.0
2025-01-25 14:00:00,solar.bun_hsc#realenergyintotheload#kwh,BUNDOORA,46.125,44.525593,49.09814,47.643486,1031.0
2025-01-25 15:00:00,solar.bun_hsc#realenergyintotheload#kwh,BUNDOORA,47.4375,45.438854,48.26084,46.830994,983.0
2025-01-25 16:00:00,solar.bun_hsc#realenergyintotheload#kwh,BUNDOORA,44.6875,43.549667,44.71097,43.3863,878.0
2025-01-25 17:00:00,solar.bun_hsc#realenergyintotheload#kwh,BUNDOORA,39.40625,35.958424,37.9688,36.84388,719.0
2025-01-25 18:00:00,solar.bun_hsc#realenergyintotheload#kwh,BUNDOORA,30.90625,27.80788,27.947378,27.119368,522.0
2025-01-25 19:00:00,solar.bun_hsc#realenergyintotheload#kwh,BUNDOORA,13.4375,11.95442,14.708101,14.272337,307.0
2025-01-25 20:00:00,solar.bun_hsc#realenergyintotheload#kwh,BUNDOORA,3.40625,1.8535302,1.230953,1.1944829,31.0
2025-01-25 21:00:00,solar.bun_hsc#realenergyintotheload#kwh,BUNDOORA,0.25,0.5701843,-0.010931796,0.0,0.0
2025-01-25 22:00:00,solar.bun_hsc#realenergyintotheload#kwh,BUNDOORA,0.0,0.39098752,-0.003319414,0.0,0.0
2025-01-25 23:00:00,solar.bun_hsc#realenergyintotheload#kwh,BUNDOORA,0.0,0.053779636,-0.00081796607,0.0,0.0
2025-01-26 00:00:00,solar.bun_hsc#realenergyintotheload#kwh,BUNDOORA,0.0,0.018619664,-0.00043525491,0.0,0.0
2025-01-26 01:00:00,solar.bun_hsc#realenergyintotheload#kwh,BUNDOORA,0.0,0.21958467,-6.853213e-05,0.0,0.0
2025-01-26 02:00:00,solar.bun_hsc#realenergyintotheload#kwh,BUNDOORA,0.0,0.022963632,-0.00036397058,0.0,0.0
2025-01-26 03:00:00,solar.bun_hsc#realenergyintotheload#kwh,BUNDOORA,0.0,0.029608676,-0.00076743204,0.0,0.0
2025-01-26 04:00:00,solar.bun_hsc#realenergyintotheload#kwh,BUNDOORA,0.0,0.02910308,-0.00017661363,0.0,0.0
2025-01-26 05:00:00,solar.bun_hsc#realenergyintotheload#kwh,BUNDOORA,0.0,0.031313527,-0.00085489533,0.0,0.0
2025-01-26 06:00:00,solar.bun_hsc#realenergyintotheload#kwh,BUNDOORA,0.0,0.5785111,-0.00017661363,0.0,0.0
2025-01-26 07:00:00,solar.bun_hsc#realenergyintotheload#kwh,BUNDOORA,0.21875,2.2081356,0.59482247,0.57719934,17.0
2025-01-26 08:00:00,solar.bun_hsc#realenergyintotheload#kwh,BUNDOORA,2.84375,7.027997,3.3582315,3.2587354,82.0
2025-01-26 09:00:00,solar.bun_hsc#realenergyintotheload#kwh,BUNDOORA,6.15625,16.636667,12.037741,11.681092,243.0
2025-01-26 10:00:00,solar.bun_hsc#realenergyintotheload#kwh,BUNDOORA,18.90625,22.562933,30.075888,29.184814,567.0
2025-01-26 11:00:00,solar.bun_hsc#realenergyintotheload#kwh,BUNDOORA,21.8125,23.194376,24.806583,24.071627,473.0
2025-01-26 12:00:00,solar.bun_hsc#realenergyintotheload#kwh,BUNDOORA,34.4375,38.615253,45.21158,43.872074,902.0
2025-01-26 13:00:00,solar.bun_hsc#realenergyintotheload#kwh,BUNDOORA,43.9375,45.321278,49.045696,47.592594,1007.0
2025-01-26 14:00:00,solar.bun_hsc#realenergyintotheload#kwh,BUNDOORA,47.625,44.937164,49.00051,47.548748,1023.0
2025-01-26 15:00:00,solar.bun_hsc#realenergyintotheload#kwh,BUNDOORA,47.375,43.795494,48.589653,47.150063,974.0
2025-01-26 16:00:00,solar.bun_hsc#realenergyintotheload#kwh,BUNDOORA,43.5,39.357224,43.940323,42.63848,866.0
2025-01-26 17:00:00,solar.bun_hsc#realenergyintotheload#kwh,BUNDOORA,39.625,33.59628,37.22444,36.121574,710.0
2025-01-26 18:00:00,solar.bun_hsc#realenergyintotheload#kwh,BUNDOORA,30.96875,26.388124,27.866806,27.041182,519.0
2025-01-26 19:00:00,solar.bun_hsc#realenergyintotheload#kwh,BUNDOORA,14.34375,17.541588,16.110044,15.632744,310.0
2025-01-26 20:00:00,solar.bun_hsc#realenergyintotheload#kwh,BUNDOORA,2.125,4.786729,4.9999466,4.8518105,110.0
2025-01-26 21:00:00,solar.bun_hsc#realenergyintotheload#kwh,BUNDOORA,0.15625,0.9272747,0.0015032191,0.0014586825,0.0
2025-01-26 22:00:00,solar.bun_hsc#realenergyintotheload#kwh,BUNDOORA,0.0,0.47519505,-0.0031923275,0.0,0.0
2025-01-26 23:00:00,solar.bun_hsc#realenergyintotheload#kwh,BUNDOORA,0.0,0.1854867,-0.0022890342,0.0,0.0
2025-01-27 00:00:00,solar.bun_hsc#realenergyintotheload#kwh,BUNDOORA,0.0,0.30894822,-0.00045079642,0.0,0.0
2025-01-27 01:00:00,solar.bun_hsc#realenergyintotheload#kwh,BUNDOORA,0.0,0.23094194,-0.0011539554,0.0,0.0
2025-01-27 02:00:00,solar.bun_hsc#realenergyintotheload#kwh,BUNDOORA,0.0,0.28954017,-0.0001398166,0.0,0.0
2025-01-27 03:00:00,solar.bun_hsc#realenergyintotheload#kwh,BUNDOORA,0.0,0.23118268,-0.0038829707,0.0,0.0
2025-01-27 04:00:00,solar.bun_hsc#realenergyintotheload#kwh,BUNDOORA,0.0,0.4803168,-0.003103987,0.0,0.0
2025-01-27 05:00:00,solar.bun_hsc#realenergyintotheload#kwh,BUNDOORA,0.0,0.31374267,0.0020129178,0.00195328,0.0
2025-01-27 06:00:00,solar.bun_hsc#realenergyintotheload#kwh,BUNDOORA,0.0,0.5758001,0.006218487,0.0060342485,0.0
2025-01-27 07:00:00,solar.bun_hsc#realenergyintotheload#kwh,BUNDOORA,0.15625,3.357523,0.90366715,0.87689376,24.0
2025-01-27 08:00:00,solar.bun_hsc#realenergyintotheload#kwh,BUNDOORA,2.75,8.489746,10.09478,9.795697,199.0
2025-01-27 09:00:00,solar.bun_hsc#realenergyintotheload#kwh,BUNDOORA,8.28125,19.695242,21.397043,20.763102,395.0
2025-01-27 10:00:00,solar.bun_hsc#realenergyintotheload#kwh,BUNDOORA,18.75,19.150202,22.01279,21.360607,424.0
2025-01-27 11:00:00,solar.bun_hsc#realenergyintotheload#kwh,BUNDOORA,13.6875,11.059712,8.21475,7.971368,166.0
2025-01-27 12:00:00,solar.bun_hsc#realenergyintotheload#kwh,BUNDOORA,21.65625,25.108734,20.511703,19.903994,407.0
2025-01-27 13:00:00,solar.bun_hsc#realenergyintotheload#kwh,BUNDOORA,31.90625,39.157547,47.70498,46.2916,1003.0
2025-01-27 14:00:00,solar.bun_hsc#realenergyintotheload#kwh,BUNDOORA,45.875,39.13438,47.771145,46.355804,1025.0
2025-01-27 15:00:00,solar.bun_hsc#realenergyintotheload#kwh,BUNDOORA,44.96875,38.33718,47.73215,46.317966,976.0
2025-01-27 16:00:00,solar.bun_hsc#realenergyintotheload#kwh,BUNDOORA,41.84375,39.494545,42.890793,41.620045,860.0
2025-01-27 17:00:00,solar.bun_hsc#realenergyintotheload#kwh,BUNDOORA,10.46875,12.755301,9.460112,9.179832,191.0
2025-01-27 18:00:00,solar.bun_hsc#realenergyintotheload#kwh,BUNDOORA,9.78125,7.5868187,8.866158,8.603476,181.0
2025-01-27 19:00:00,solar.bun_hsc#realenergyintotheload#kwh,BUNDOORA,1.3125,3.755231,3.830662,3.717169,81.0
2025-01-27 20:00:00,solar.bun_hsc#realenergyintotheload#kwh,BUNDOORA,0.4375,2.6616313,1.7438893,1.6922222,39.0
2025-01-27 21:00:00,solar.bun_hsc#realenergyintotheload#kwh,BUNDOORA,0.0,0.5681153,0.020507434,0.01989985,0.0
2025-01-27 22:00:00,solar.bun_hsc#realenergyintotheload#kwh,BUNDOORA,0.0,0.07406587,0.007510789,0.007288263,0.0
2025-01-27 23:00:00,solar.bun_hsc#realenergyintotheload#kwh,BUNDOORA,0.0,0.09712844,3.260444e-05,3.163845e-05,0.0
2025-01-28 00:00:00,solar.bun_hsc#realenergyintotheload#kwh,BUNDOORA,0.0,0.07753374,3.9365143e-05,3.819885e-05,0.0
2025-01-28 01:00:00,solar.bun_hsc#realenergyintotheload#kwh,BUNDOORA,0.0,0.103567384,0.0006294666,0.0006108171,0.0
2025-01-28 02:00:00,solar.bun_hsc#realenergyintotheload#kwh,BUNDOORA,0.0,0.0005672127,-0.00027117695,0.0,0.0
2025-01-28 03:00:00,solar.bun_hsc#realenergyintotheload#kwh,BUNDOORA,0.0,0.0331369,0.0003759934,0.00036485365,0.0
2025-01-28 04:00:00,solar.bun_hsc#realenergyintotheload#kwh,BUNDOORA,0.0,0.021726867,0.0010982302,0.0010656924,0.0
2025-01-28 05:00:00,solar.bun_hsc#realenergyintotheload#kwh,BUNDOORA,0.0,0.2692595,0.0013892439,0.0013480841,0.0
2025-01-28 06:00:00,solar.bun_hsc#realenergyintotheload#kwh,BUNDOORA,0.0,0.56132275,-0.001213513,0.0,0.0
2025-01-28 07:00:00,solar.bun_hsc#realenergyintotheload#kwh,BUNDOORA,0.0625,5.2283745,0.5693627,0.55249393,16.0
2025-01-28 08:00:00,solar.bun_hsc#realenergyintotheload#kwh,BUNDOORA,2.125,13.862417,4.4575195,4.325454,125.0
2025-01-28 09:00:00,solar.bun_hsc#realenergyintotheload#kwh,BUNDOORA,6.78125,16.457966,12.434514,12.066111,250.0
2025-01-28 10:00:00,solar.bun_hsc#realenergyintotheload#kwh,BUNDOORA,10.9375,13.679776,13.573829,13.17167,256.0
2025-01-28 11:00:00,solar.bun_hsc#realenergyintotheload#kwh,BUNDOORA,18.03125,18.713818,22.492393,21.826,433.0
2025-01-28 12:00:00,solar.bun_hsc#realenergyintotheload#kwh,BUNDOORA,28.75,26.727196,34.2472,33.23254,653.0
2025-01-28 13:00:00,solar.bun_hsc#realenergyintotheload#kwh,BUNDOORA,29.1875,39.97089,44.84447,43.515842,905.0
2025-01-28 14:00:00,solar.bun_hsc#realenergyintotheload#kwh,BUNDOORA,41.8125,43.830105,49.35728,47.894947,1042.0
2025-01-28 15:00:00,solar.bun_hsc#realenergyintotheload#kwh,BUNDOORA,47.71875,42.852528,49.29023,47.829884,1003.0
2025-01-28 16:00:00,solar.bun_hsc#realenergyintotheload#kwh,BUNDOORA,46.125,40.658157,46.05031,44.68595,900.0
2025-01-28 17:00:00,solar.bun_hsc#realenergyintotheload#kwh,BUNDOORA,37.90625,34.887264,40.505817,39.305733,742.0
2025-01-28 18:00:00,solar.bun_hsc#realenergyintotheload#kwh,BUNDOORA,31.6875,27.869888,30.864355,29.94992,545.0
2025-01-28 19:00:00,solar.bun_hsc#realenergyintotheload#kwh,BUNDOORA,14.46875,19.680206,17.246403,16.735435,326.0
2025-01-28 20:00:00,solar.bun_hsc#realenergyintotheload#kwh,BUNDOORA,2.5,5.027137,5.23024,5.075281,115.0
2025-01-28 21:00:00,solar.bun_hsc#realenergyintotheload#kwh,BUNDOORA,0.15625,1.6411216,0.0026458218,0.0025674326,0.0
2025-01-28 22:00:00,solar.bun_hsc#realenergyintotheload#kwh,BUNDOORA,0.0,-0.10818854,-0.016122498,0.0,0.0
2025-01-28 23:00:00,solar.bun_hsc#realenergyintotheload#kwh,BUNDOORA,0.0,-0.06673312,-0.016122498,0.0,0.0
2025-01-29 00:00:00,solar.bun_hsc#realenergyintotheload#kwh,BUNDOORA,0.0,-0.08416919,0.003735323,0.0036246546,0.0
2025-01-29 01:00:00,solar.bun_hsc#realenergyintotheload#kwh,BUNDOORA,0.0,-0.07570713,0.0033666892,0.0032669427,0.0
2025-01-29 02:00:00,solar.bun_hsc#realenergyintotheload#kwh,BUNDOORA,0.0,0.008948907,0.0026273588,0.0025495167,0.0
2025-01-29 03:00:00,solar.bun_hsc#realenergyintotheload#kwh,BUNDOORA,0.0,0.14096016,0.001924201,0.0018671917,0.0
2025-01-29 04:00:00,solar.bun_hsc#realenergyintotheload#kwh,BUNDOORA,0.0,0.012135766,0.004687369,0.004548494,0.0
2025-01-29 05:00:00,solar.bun_hsc#realenergyintotheload#kwh,BUNDOORA,0.0,0.009904649,0.0024699823,0.002396803,0.0
2025-01-29 06:00:00,solar.bun_hsc#realenergyintotheload#kwh,BUNDOORA,0.0,0.4213652,0.0033610323,0.0032614532,0.0
2025-01-29 07:00:00,solar.bun_hsc#realenergyintotheload#kwh,BUNDOORA,0.15625,2.2387912,0.8529335,0.82766324,21.0
2025-01-29 08:00:00,solar.bun_hsc#realenergyintotheload#kwh,BUNDOORA,4.21875,11.503586,7.470459,7.249128,166.0
2025-01-29 09:00:00,solar.bun_hsc#realenergyintotheload#kwh,BUNDOORA,8.4375,16.74299,17.801348,17.27394,317.0
2025-01-29 10:00:00,solar.bun_hsc#realenergyintotheload#kwh,BUNDOORA,19.4375,31.34435,36.510586,35.428867,632.0
2025-01-29 11:00:00,solar.bun_hsc#realenergyintotheload#kwh,BUNDOORA,31.8125,39.351753,43.982994,42.67989,820.0
2025-01-29 12:00:00,solar.bun_hsc#realenergyintotheload#kwh,BUNDOORA,41.28125,42.87613,47.884068,46.46538,959.0
2025-01-29 13:00:00,solar.bun_hsc#realenergyintotheload#kwh,BUNDOORA,46.65625,44.16154,49.36724,47.904613,1039.0
2025-01-29 14:00:00,solar.bun_hsc#realenergyintotheload#kwh,BUNDOORA,45.3125,44.001884,49.48159,48.015575,1057.0
2025-01-29 15:00:00,solar.bun_hsc#realenergyintotheload#kwh,BUNDOORA,46.15625,43.396507,49.554016,48.085854,1011.0
2025-01-29 16:00:00,solar.bun_hsc#realenergyintotheload#kwh,BUNDOORA,46.59375,39.375134,46.187298,44.818882,904.0
2025-01-29 17:00:00,solar.bun_hsc#realenergyintotheload#kwh,BUNDOORA,40.8125,32.145996,40.651608,39.4472,746.0
2025-01-29 18:00:00,solar.bun_hsc#realenergyintotheload#kwh,BUNDOORA,32.09375,25.198597,30.562376,29.656889,548.0
2025-01-29 19:00:00,solar.bun_hsc#realenergyintotheload#kwh,BUNDOORA,14.34375,19.204119,17.759663,17.233488,330.0
2025-01-29 20:00:00,solar.bun_hsc#realenergyintotheload#kwh,BUNDOORA,2.25,2.7573192,5.628887,5.462117,118.0
2025-01-29 21:00:00,solar.bun_hsc#realenergyintotheload#kwh,BUNDOORA,0.1875,0.28440225,0.020270325,0.019669766,0.0
2025-01-29 22:00:00,solar.bun_hsc#realenergyintotheload#kwh,BUNDOORA,0.0,0.19559398,0.0075049195,0.0072825677,0.0
2025-01-29 23:00:00,solar.bun_hsc#realenergyintotheload#kwh,BUNDOORA,0.0,0.06746055,0.0044721854,0.0043396857,0.0
2025-01-30 00:00:00,solar.bun_hsc#realenergyintotheload#kwh,BUNDOORA,0.0,0.1440476,-0.00070393854,0.0,0.0
2025-01-30 01:00:00,solar.bun_hsc#realenergyintotheload#kwh,BUNDOORA,0.0,0.21330555,0.002067055,0.0020058134,0.0
2025-01-30 02:00:00,solar.bun_hsc#realenergyintotheload#kwh,BUNDOORA,0.0,0.024135182,0.0033610323,0.0032614532,0.0
2025-01-30 03:00:00,solar.bun_hsc#realenergyintotheload#kwh,BUNDOORA,0.0,0.024135182,0.0056587607,0.005491106,0.0
2025-01-30 04:00:00,solar.bun_hsc#realenergyintotheload#kwh,BUNDOORA,0.0,-0.019849274,0.0030655945,0.0029747686,0.0
2025-01-30 05:00:00,solar.bun_hsc#realenergyintotheload#kwh,BUNDOORA,0.0,0.04583771,0.00022679573,0.00022007634,0.0
2025-01-30 06:00:00,solar.bun_hsc#realenergyintotheload#kwh,BUNDOORA,0.0,0.025770135,0.0010738183,0.0010420037,0.0
2025-01-30 07:00:00,solar.bun_hsc#realenergyintotheload#kwh,BUNDOORA,0.125,0.71995294,0.3484537,0.33812988,10.0
2025-01-30 08:00:00,solar.bun_hsc#realenergyintotheload#kwh,BUNDOORA,2.09375,6.796014,4.4903054,4.357269,96.0
2025-01-30 09:00:00,solar.bun_hsc#realenergyintotheload#kwh,BUNDOORA,6.15625,11.087723,10.002799,9.706441,193.0
2025-01-30 10:00:00,solar.bun_hsc#realenergyintotheload#kwh,BUNDOORA,11.59375,20.179985,18.169542,17.631224,332.0
2025-01-30 11:00:00,solar.bun_hsc#realenergyintotheload#kwh,BUNDOORA,25.625,25.620438,25.348738,24.597717,478.0
2025-01-30 12:00:00,solar.bun_hsc#realenergyintotheload#kwh,BUNDOORA,29.78125,31.787127,36.93432,35.840046,712.0
2025-01-30 13:00:00,solar.bun_hsc#realenergyintotheload#kwh,BUNDOORA,33.90625,32.019794,42.52331,41.26345,837.0
2025-01-30 14:00:00,solar.bun_hsc#realenergyintotheload#kwh,BUNDOORA,41.6875,45.06257,49.482635,48.01659,1039.0
2025-01-30 15:00:00,solar.bun_hsc#realenergyintotheload#kwh,BUNDOORA,47.25,44.735302,49.056744,47.603313,1002.0
2025-01-30 16:00:00,solar.bun_hsc#realenergyintotheload#kwh,BUNDOORA,45.375,40.519306,46.16945,44.801563,891.0
2025-01-30 17:00:00,solar.bun_hsc#realenergyintotheload#kwh,BUNDOORA,40.8125,33.317966,39.514015,38.343315,731.0
2025-01-30 18:00:00,solar.bun_hsc#realenergyintotheload#kwh,BUNDOORA,31.8125,28.167767,28.950348,28.09262,534.0
2025-01-30 19:00:00,solar.bun_hsc#realenergyintotheload#kwh,BUNDOORA,13.5625,19.6093,17.276976,16.765102,317.0
2025-01-30 20:00:00,solar.bun_hsc#realenergyintotheload#kwh,BUNDOORA,1.84375,3.4406204,5.093224,4.9423246,111.0
2025-01-30 21:00:00,solar.bun_hsc#realenergyintotheload#kwh,BUNDOORA,0.15625,0.18201181,-3.3021788e-06,0.0,0.0
2025-01-30 22:00:00,solar.bun_hsc#realenergyintotheload#kwh,BUNDOORA,0.0,-0.11578374,0.0023365945,0.002267367,0.0
2025-01-30 23:00:00,solar.bun_hsc#realenergyintotheload#kwh,BUNDOORA,0.0,0.41346633,-0.0017406096,0.0,0.0
2025-01-31 00:00:00,solar.bun_hsc#realenergyintotheload#kwh,BUNDOORA,0.0,0.12534034,-0.002366013,0.0,0.0
2025-01-31 01:00:00,solar.bun_hsc#realenergyintotheload#kwh,BUNDOORA,0.0,0.27371013,-0.0007218365,0.0,0.0
2025-01-31 02:00:00,solar.bun_hsc#realenergyintotheload#kwh,BUNDOORA,0.0,0.1745853,-0.00078636024,0.0,0.0
2025-01-31 03:00:00,solar.bun_hsc#realenergyintotheload#kwh,BUNDOORA,0.0,0.039182417,0.0029027052,0.0028167053,0.0
2025-01-31 04:00:00,solar.bun_hsc#realenergyintotheload#kwh,BUNDOORA,0.0,0.008065227,0.0027946234,0.0027118258,0.0
2025-01-31 05:00:00,solar.bun_hsc#realenergyintotheload#kwh,BUNDOORA,0.0,-0.0037205415,0.0027946234,0.0027118258,0.0
2025-01-31 06:00:00,solar.bun_hsc#realenergyintotheload#kwh,BUNDOORA,0.0,0.18996316,0.0027946234,0.0027118258,0.0
2025-01-31 07:00:00,solar.bun_hsc#realenergyintotheload#kwh,BUNDOORA,0.125,1.2259027,0.75299394,0.73068464,19.0
2025-01-31 08:00:00,solar.bun_hsc#realenergyintotheload#kwh,BUNDOORA,2.15625,9.535609,10.886163,10.563633,193.0
2025-01-31 09:00:00,solar.bun_hsc#realenergyintotheload#kwh,BUNDOORA,8.71875,21.260933,23.37996,22.68727,408.0
2025-01-31 10:00:00,solar.bun_hsc#realenergyintotheload#kwh,BUNDOORA,21.59375,28.668114,34.23034,33.21618,620.0
2025-01-31 11:00:00,solar.bun_hsc#realenergyintotheload#kwh,BUNDOORA,31.40625,34.76181,43.360718,42.07605,805.0
2025-01-31 12:00:00,solar.bun_hsc#realenergyintotheload#kwh,BUNDOORA,40.40625,42.57394,48.002033,46.579853,943.0
2025-01-31 13:00:00,solar.bun_hsc#realenergyintotheload#kwh,BUNDOORA,45.46875,44.459633,49.152664,47.696392,1025.0
2025-01-31 14:00:00,solar.bun_hsc#realenergyintotheload#kwh,BUNDOORA,47.9375,44.429317,49.16472,47.70809,1043.0
2025-01-31 15:00:00,solar.bun_hsc#realenergyintotheload#kwh,BUNDOORA,48.0625,42.264168,48.85999,47.412388,997.0
2025-01-31 16:00:00,solar.bun_hsc#realenergyintotheload#kwh,BUNDOORA,45.9375,40.00459,45.178963,43.840424,893.0
2025-01-31 17:00:00,solar.bun_hsc#realenergyintotheload#kwh,BUNDOORA,40.65625,34.15016,38.871975,37.720295,737.0
2025-01-31 18:00:00,solar.bun_hsc#realenergyintotheload#kwh,BUNDOORA,31.65625,30.315403,29.445572,28.573174,542.0
2025-01-31 19:00:00,solar.bun_hsc#realenergyintotheload#kwh,BUNDOORA,13.28125,23.95329,17.06747,16.561804,325.0
2025-01-31 20:00:00,solar.bun_hsc#realenergyintotheload#kwh,BUNDOORA,1.6875,4.3373256,5.369822,5.2107277,115.0
2025-01-31 21:00:00,solar.bun_hsc#realenergyintotheload#kwh,BUNDOORA,0.15625,0.16168572,0.01076564,0.010446681,0.0
2025-01-31 22:00:00,solar.bun_hsc#realenergyintotheload#kwh,BUNDOORA,0.0,-0.19191995,0.005626745,0.005460039,0.0
2025-01-31 23:00:00,solar.bun_hsc#realenergyintotheload#kwh,BUNDOORA,0.0,-0.1694448,0.0015633239,0.0015170065,0.0
2025-02-01 00:00:00,solar.bun_hsc#realenergyintotheload#kwh,BUNDOORA,0.0,0.31565514,-0.00083108025,0.0,0.0
2025-02-01 01:00:00,solar.bun_hsc#realenergyintotheload#kwh,BUNDOORA,0.0,0.07950174,-0.0018288536,0.0,0.0
2025-02-01 02:00:00,solar.bun_hsc#realenergyintotheload#kwh,BUNDOORA,0.0,0.14505148,-0.00027045436,0.0,0.0
2025-02-01 03:00:00,solar.bun_hsc#realenergyintotheload#kwh,BUNDOORA,0.0,0.19354689,-0.00078636024,0.0,0.0
2025-02-01 04:00:00,solar.bun_hsc#realenergyintotheload#kwh,BUNDOORA,0.0,0.011257065,0.0029027052,0.0028167053,0.0
2025-02-01 05:00:00,solar.bun_hsc#realenergyintotheload#kwh,BUNDOORA,0.0,-0.014231261,0.0029027052,0.0028167053,0.0
2025-02-01 06:00:00,solar.bun_hsc#realenergyintotheload#kwh,BUNDOORA,0.0,0.28525656,0.003624041,0.0035166699,0.0
2025-02-01 07:00:00,solar.bun_hsc#realenergyintotheload#kwh,BUNDOORA,0.0625,1.0276353,0.39065608,0.37908193,13.0
2025-02-01 08:00:00,solar.bun_hsc#realenergyintotheload#kwh,BUNDOORA,3.59375,9.187526,10.798185,10.478262,192.0
2025-02-01 09:00:00,solar.bun_hsc#realenergyintotheload#kwh,BUNDOORA,8.5,27.270025,23.864792,23.157738,407.0
2025-02-01 10:00:00,solar.bun_hsc#realenergyintotheload#kwh,BUNDOORA,19.9375,30.38977,34.412403,33.39285,613.0
2025-02-01 11:00:00,solar.bun_hsc#realenergyintotheload#kwh,BUNDOORA,30.8125,36.87958,41.200848,39.98017,793.0
2025-02-01 12:00:00,solar.bun_hsc#realenergyintotheload#kwh,BUNDOORA,38.5,42.884136,46.58686,45.206608,928.0
2025-02-01 13:00:00,solar.bun_hsc#realenergyintotheload#kwh,BUNDOORA,41.65625,43.937885,48.9481,47.49789,1005.0
2025-02-01 14:00:00,solar.bun_hsc#realenergyintotheload#kwh,BUNDOORA,45.1875,43.557632,48.758194,47.31361,1022.0
2025-02-01 15:00:00,solar.bun_hsc#realenergyintotheload#kwh,BUNDOORA,44.84375,43.08351,49.150406,47.694202,977.0
2025-02-01 16:00:00,solar.bun_hsc#realenergyintotheload#kwh,BUNDOORA,42.03125,40.114433,43.344227,42.060047,871.0
2025-02-01 17:00:00,solar.bun_hsc#realenergyintotheload#kwh,BUNDOORA,36.6875,37.045,37.37142,36.2642,714.0
2025-02-01 18:00:00,solar.bun_hsc#realenergyintotheload#kwh,BUNDOORA,28.5625,24.244673,27.582386,26.765188,521.0
2025-02-01 19:00:00,solar.bun_hsc#realenergyintotheload#kwh,BUNDOORA,12.0,14.109871,15.007999,14.56335,309.0
2025-02-01 20:00:00,solar.bun_hsc#realenergyintotheload#kwh,BUNDOORA,1.875,5.5863194,5.0757756,4.925393,106.0
2025-02-01 21:00:00,solar.bun_hsc#realenergyintotheload#kwh,BUNDOORA,0.15625,0.7428788,0.010887894,0.010565313,0.0
2025-02-01 22:00:00,solar.bun_hsc#realenergyintotheload#kwh,BUNDOORA,0.0,0.04393797,0.0010703035,0.0010385931,0.0
2025-02-01 23:00:00,solar.bun_hsc#realenergyintotheload#kwh,BUNDOORA,0.0,0.26350644,0.0024080263,0.0023366825,0.0
2025-02-02 00:00:00,solar.bun_hsc#realenergyintotheload#kwh,BUNDOORA,0.0,0.30783957,0.017109813,0.016602892,0.0
2025-02-02 01:00:00,solar.bun_hsc#realenergyintotheload#kwh,BUNDOORA,0.0,0.1171108,0.015391848,0.014935826,0.0
2025-02-02 02:00:00,solar.bun_hsc#realenergyintotheload#kwh,BUNDOORA,0.0,0.228921,0.013631444,0.013227579,0.0
2025-02-02 03:00:00,solar.bun_hsc#realenergyintotheload#kwh,BUNDOORA,0.0,0.13326022,0.006862545,0.0066592246,0.0
2025-02-02 04:00:00,solar.bun_hsc#realenergyintotheload#kwh,BUNDOORA,0.0,0.37429604,0.000999462,0.0009698504,0.0
2025-02-02 05:00:00,solar.bun_hsc#realenergyintotheload#kwh,BUNDOORA,0.0,-0.0019471925,-0.040028315,0.0,0.0
2025-02-02 06:00:00,solar.bun_hsc#realenergyintotheload#kwh,BUNDOORA,0.0,0.50682,-0.029138489,0.0,0.0
2025-02-02 07:00:00,solar.bun_hsc#realenergyintotheload#kwh,BUNDOORA,0.15625,2.0345597,0.38332063,0.3719638,12.0
2025-02-02 08:00:00,solar.bun_hsc#realenergyintotheload#kwh,BUNDOORA,2.625,7.331388,7.61651,7.390852,152.0
2025-02-02 09:00:00,solar.bun_hsc#realenergyintotheload#kwh,BUNDOORA,7.5,11.985379,14.045953,13.6298065,308.0
2025-02-02 10:00:00,solar.bun_hsc#realenergyintotheload#kwh,BUNDOORA,17.4375,20.106274,24.237331,23.51924,483.0
2025-02-02 11:00:00,solar.bun_hsc#realenergyintotheload#kwh,BUNDOORA,24.46875,26.409021,33.87055,32.86705,647.0
2025-02-02 12:00:00,solar.bun_hsc#realenergyintotheload#kwh,BUNDOORA,30.71875,31.8736,38.77741,37.628532,770.0
2025-02-02 13:00:00,solar.bun_hsc#realenergyintotheload#kwh,BUNDOORA,24.90625,28.059464,28.118221,27.285149,572.0
2025-02-02 14:00:00,solar.bun_hsc#realenergyintotheload#kwh,BUNDOORA,36.625,37.577305,47.381966,45.978157,971.0
2025-02-02 15:00:00,solar.bun_hsc#realenergyintotheload#kwh,BUNDOORA,38.78125,33.986332,44.244904,42.934036,894.0
2025-02-02 16:00:00,solar.bun_hsc#realenergyintotheload#kwh,BUNDOORA,38.0625,35.90016,40.22386,39.032127,809.0
2025-02-02 17:00:00,solar.bun_hsc#realenergyintotheload#kwh,BUNDOORA,35.15625,33.926273,35.06616,34.027237,679.0
2025-02-02 18:00:00,solar.bun_hsc#realenergyintotheload#kwh,BUNDOORA,27.1875,25.596554,25.62391,24.864738,491.0
2025-02-02 19:00:00,solar.bun_hsc#realenergyintotheload#kwh,BUNDOORA,11.03125,13.845782,14.650823,14.216755,286.0
2025-02-02 20:00:00,solar.bun_hsc#realenergyintotheload#kwh,BUNDOORA,1.09375,2.1475623,2.161365,2.0973291,46.0
2025-02-02 21:00:00,solar.bun_hsc#realenergyintotheload#kwh,BUNDOORA,0.0,0.07565666,0.013344002,0.012948653,0.0
2025-02-02 22:00:00,solar.bun_hsc#realenergyintotheload#kwh,BUNDOORA,0.0,0.170851,0.010143331,0.009842809,0.0
2025-02-02 23:00:00,solar.bun_hsc#realenergyintotheload#kwh,BUNDOORA,0.0,0.22239487,0.0026813392,0.0026018978,0.0
2025-02-03 00:00:00,solar.bun_hsc#realenergyintotheload#kwh,BUNDOORA,0.03125,0.22959502,0.0026801098,0.0026007048,0.0
2025-02-03 01:00:00,solar.bun_hsc#realenergyintotheload#kwh,BUNDOORA,0.0,0.22959502,0.0026813392,0.0026018978,0.0
2025-02-03 02:00:00,solar.bun_hsc#realenergyintotheload#kwh,BUNDOORA,0.0,0.25535566,0.0030203178,0.0029308333,0.0
2025-02-03 03:00:00,solar.bun_hsc#realenergyintotheload#kwh,BUNDOORA,0.0,0.115306236,0.0030190884,0.0029296405,0.0
2025-02-03 04:00:00,solar.bun_hsc#realenergyintotheload#kwh,BUNDOORA,0.0,0.121754356,0.0034136688,0.0033125305,0.0
2025-02-03 05:00:00,solar.bun_hsc#realenergyintotheload#kwh,BUNDOORA,0.0,0.103865266,0.0013592886,0.0013190162,0.0
2025-02-03 06:00:00,solar.bun_hsc#realenergyintotheload#kwh,BUNDOORA,0.0,0.14078349,0.0017090971,0.0016584608,0.0
2025-02-03 07:00:00,solar.bun_hsc#realenergyintotheload#kwh,BUNDOORA,0.03125,0.79015636,0.12546033,0.12174325,6.0
2025-02-03 08:00:00,solar.bun_hsc#realenergyintotheload#kwh,BUNDOORA,2.34375,7.5422263,4.0697203,3.9491446,101.0
2025-02-03 09:00:00,solar.bun_hsc#realenergyintotheload#kwh,BUNDOORA,6.15625,15.388717,17.472456,16.95479,342.0
2025-02-03 10:00:00,solar.bun_hsc#realenergyintotheload#kwh,BUNDOORA,14.75,21.564892,20.34124,19.73858,385.0
2025-02-03 11:00:00,solar.bun_hsc#realenergyintotheload#kwh,BUNDOORA,20.6875,22.870396,21.10655,20.481216,414.0
2025-02-03 12:00:00,solar.bun_hsc#realenergyintotheload#kwh,BUNDOORA,16.90625,22.889206,20.714384,20.100668,404.0
2025-02-03 13:00:00,solar.bun_hsc#realenergyintotheload#kwh,BUNDOORA,17.59375,22.086613,18.329958,17.786886,372.0
2025-02-03 14:00:00,solar.bun_hsc#realenergyintotheload#kwh,BUNDOORA,17.375,16.420256,13.645477,13.241196,286.0
2025-02-03 15:00:00,solar.bun_hsc#realenergyintotheload#kwh,BUNDOORA,38.4375,35.41159,44.324795,43.011562,896.0
2025-02-03 16:00:00,solar.bun_hsc#realenergyintotheload#kwh,BUNDOORA,31.09375,25.695103,31.983532,31.03594,620.0
2025-02-03 17:00:00,solar.bun_hsc#realenergyintotheload#kwh,BUNDOORA,21.78125,12.522312,15.202695,14.752277,291.0
2025-02-03 18:00:00,solar.bun_hsc#realenergyintotheload#kwh,BUNDOORA,15.46875,17.136354,21.186531,20.558826,389.0
2025-02-03 19:00:00,solar.bun_hsc#realenergyintotheload#kwh,BUNDOORA,13.46875,12.305171,14.612629,14.179693,271.0
2025-02-03 20:00:00,solar.bun_hsc#realenergyintotheload#kwh,BUNDOORA,3.0625,3.1995947,2.13456,2.0713184,48.0
2025-02-03 21:00:00,solar.bun_hsc#realenergyintotheload#kwh,BUNDOORA,0.21875,0.34066734,-0.033292696,0.0,0.0
2025-02-03 22:00:00,solar.bun_hsc#realenergyintotheload#kwh,BUNDOORA,0.0,0.007084256,0.03646559,0.035385206,0.0
2025-02-03 23:00:00,solar.bun_hsc#realenergyintotheload#kwh,BUNDOORA,0.0,0.07214915,0.013642092,0.013237911,0.0
2025-02-04 00:00:00,solar.bun_hsc#realenergyintotheload#kwh,BUNDOORA,0.0,0.029399682,0.037968855,0.036843933,0.0
2025-02-04 01:00:00,solar.bun_hsc#realenergyintotheload#kwh,BUNDOORA,0.0,-0.0024409331,-0.00054619275,0.0,0.0
2025-02-04 02:00:00,solar.bun_hsc#realenergyintotheload#kwh,BUNDOORA,0.0,0.05021828,8.055568e-05,7.816901e-05,0.0
2025-02-04 03:00:00,solar.bun_hsc#realenergyintotheload#kwh,BUNDOORA,0.0,0.052978933,0.023744317,0.023040831,0.0
2025-02-04 04:00:00,solar.bun_hsc#realenergyintotheload#kwh,BUNDOORA,0.0,0.038526338,0.0046937387,0.004554675,0.0
2025-02-04 05:00:00,solar.bun_hsc#realenergyintotheload#kwh,BUNDOORA,0.0,0.057554208,0.014387266,0.013961007,0.0
2025-02-04 06:00:00,solar.bun_hsc#realenergyintotheload#kwh,BUNDOORA,0.0,-0.052176878,-0.017167713,0.0,0.0
2025-02-04 07:00:00,solar.bun_hsc#realenergyintotheload#kwh,BUNDOORA,0.03125,0.6139313,0.0958805,0.0930398,5.0
2025-02-04 08:00:00,solar.bun_hsc#realenergyintotheload#kwh,BUNDOORA,1.53125,3.3889916,3.1640258,3.0702837,69.0
2025-02-04 09:00:00,solar.bun_hsc#realenergyintotheload#kwh,BUNDOORA,6.21875,11.133348,11.2028475,10.870935,220.0
2025-02-04 10:00:00,solar.bun_hsc#realenergyintotheload#kwh,BUNDOORA,7.5625,15.37115,11.6572485,11.311873,229.0
2025-02-04 11:00:00,solar.bun_hsc#realenergyintotheload#kwh,BUNDOORA,12.71875,20.835968,20.401886,19.797428,395.0
2025-02-04 12:00:00,solar.bun_hsc#realenergyintotheload#kwh,BUNDOORA,38.15625,38.189106,44.269287,42.9577,893.0
2025-02-04 13:00:00,solar.bun_hsc#realenergyintotheload#kwh,BUNDOORA,41.28125,38.76438,47.76241,46.34733,974.0
2025-02-04 14:00:00,solar.bun_hsc#realenergyintotheload#kwh,BUNDOORA,29.96875,28.016209,39.41943,38.25153,792.0
2025-02-04 15:00:00,solar.bun_hsc#realenergyintotheload#kwh,BUNDOORA,37.4375,34.387547,40.812237,39.603073,807.0
2025-02-04 16:00:00,solar.bun_hsc#realenergyintotheload#kwh,BUNDOORA,31.0625,24.90614,22.835588,22.159027,438.0
2025-02-04 17:00:00,solar.bun_hsc#realenergyintotheload#kwh,BUNDOORA,25.90625,18.020035,26.868868,26.072811,528.0
2025-02-04 18:00:00,solar.bun_hsc#realenergyintotheload#kwh,BUNDOORA,19.5625,7.2670727,11.6158495,11.271701,232.0
2025-02-04 19:00:00,solar.bun_hsc#realenergyintotheload#kwh,BUNDOORA,7.3125,4.600227,7.1185746,6.907669,187.0
2025-02-04 20:00:00,solar.bun_hsc#realenergyintotheload#kwh,BUNDOORA,2.0,1.1432477,1.5127565,1.4679372,37.0
2025-02-04 21:00:00,solar.bun_hsc#realenergyintotheload#kwh,BUNDOORA,0.25,0.1823317,0.00058995804,0.00057247904,0.0
2025-02-04 22:00:00,solar.bun_hsc#realenergyintotheload#kwh,BUNDOORA,0.0,-0.15616243,-0.0013403558,0.0,0.0
2025-02-04 23:00:00,solar.bun_hsc#realenergyintotheload#kwh,BUNDOORA,0.0,0.04831392,-0.0017658666,0.0,0.0
2025-02-05 00:00:00,solar.bun_hsc#realenergyintotheload#kwh,BUNDOORA,0.0,0.006504563,-0.0016800901,0.0,0.0
2025-02-05 01:00:00,solar.bun_hsc#realenergyintotheload#kwh,BUNDOORA,0.0,0.032784507,8.075149e-07,7.835902e-07,0.0
2025-02-05 02:00:00,solar.bun_hsc#realenergyintotheload#kwh,BUNDOORA,0.0,-0.031018201,0.0013696337,0.0013290549,0.0
2025-02-05 03:00:00,solar.bun_hsc#realenergyintotheload#kwh,BUNDOORA,0.0,0.049548976,0.0015524679,0.0015064722,0.0
2025-02-05 04:00:00,solar.bun_hsc#realenergyintotheload#kwh,BUNDOORA,0.0,0.19988336,0.0015524679,0.0015064722,0.0
2025-02-05 05:00:00,solar.bun_hsc#realenergyintotheload#kwh,BUNDOORA,0.0,0.29778123,0.0015457072,0.0014999118,0.0
2025-02-05 06:00:00,solar.bun_hsc#realenergyintotheload#kwh,BUNDOORA,0.0,0.33933833,0.0011272351,0.001093838,0.0
2025-02-05 07:00:00,solar.bun_hsc#realenergyintotheload#kwh,BUNDOORA,0.0,2.7115648,0.18968731,0.18406735,8.0
2025-02-05 08:00:00,solar.bun_hsc#realenergyintotheload#kwh,BUNDOORA,1.15625,12.5393305,4.3469996,4.218209,94.0
2025-02-05 09:00:00,solar.bun_hsc#realenergyintotheload#kwh,BUNDOORA,3.875,11.567008,11.008204,10.682059,205.0
2025-02-05 10:00:00,solar.bun_hsc#realenergyintotheload#kwh,BUNDOORA,11.34375,21.203945,22.48276,21.816652,420.0
2025-02-05 11:00:00,solar.bun_hsc#realenergyintotheload#kwh,BUNDOORA,26.875,35.93071,40.938328,39.725426,763.0
2025-02-05 12:00:00,solar.bun_hsc#realenergyintotheload#kwh,BUNDOORA,38.1875,41.967876,46.1947,44.826065,902.0
2025-02-05 13:00:00,solar.bun_hsc#realenergyintotheload#kwh,BUNDOORA,43.59375,44.16139,48.695538,47.25281,986.0
2025-02-05 14:00:00,solar.bun_hsc#realenergyintotheload#kwh,BUNDOORA,45.90625,44.22944,49.327545,47.866093,1008.0
2025-02-05 15:00:00,solar.bun_hsc#realenergyintotheload#kwh,BUNDOORA,46.28125,42.757786,48.36253,46.92967,965.0
2025-02-05 16:00:00,solar.bun_hsc#realenergyintotheload#kwh,BUNDOORA,43.9375,40.27911,43.40996,42.123833,863.0
2025-02-05 17:00:00,solar.bun_hsc#realenergyintotheload#kwh,BUNDOORA,30.03125,33.49876,36.40002,35.32158,707.0
2025-02-05 18:00:00,solar.bun_hsc#realenergyintotheload#kwh,BUNDOORA,27.4375,20.760454,28.073385,27.24164,511.0
2025-02-05 19:00:00,solar.bun_hsc#realenergyintotheload#kwh,BUNDOORA,11.90625,14.272609,14.894543,14.453255,291.0
2025-02-05 20:00:00,solar.bun_hsc#realenergyintotheload#kwh,BUNDOORA,2.71875,3.9915226,3.143739,3.050598,74.0
2025-02-05 21:00:00,solar.bun_hsc#realenergyintotheload#kwh,BUNDOORA,0.15625,1.2813163,-0.004282948,0.0,0.0
2025-02-05 22:00:00,solar.bun_hsc#realenergyintotheload#kwh,BUNDOORA,0.0,0.03668619,-0.0027836896,0.0,0.0
2025-02-05 23:00:00,solar.bun_hsc#realenergyintotheload#kwh,BUNDOORA,0.0,-0.031378243,-0.0028204864,0.0,0.0
2025-02-06 00:00:00,solar.bun_hsc#realenergyintotheload#kwh,BUNDOORA,0.0,-0.07695221,-0.003182136,0.0,0.0
2025-02-06 01:00:00,solar.bun_hsc#realenergyintotheload#kwh,BUNDOORA,0.0,0.020540554,-0.0029022973,0.0,0.0
2025-02-06 02:00:00,solar.bun_hsc#realenergyintotheload#kwh,BUNDOORA,0.0,0.017967697,-0.0025406478,0.0,0.0
2025-02-06 03:00:00,solar.bun_hsc#realenergyintotheload#kwh,BUNDOORA,0.0,-0.02679884,-0.003182136,0.0,0.0
2025-02-06 04:00:00,solar.bun_hsc#realenergyintotheload#kwh,BUNDOORA,0.0,0.0031454952,-0.0019910692,0.0,0.0
2025-02-06 05:00:00,solar.bun_hsc#realenergyintotheload#kwh,BUNDOORA,0.0,0.077518575,-0.0003268635,0.0,0.0
2025-02-06 06:00:00,solar.bun_hsc#realenergyintotheload#kwh,BUNDOORA,0.0,0.08937137,-0.00060670206,0.0,0.0
2025-02-06 07:00:00,solar.bun_hsc#realenergyintotheload#kwh,BUNDOORA,0.03125,0.34018806,0.18900548,0.18340571,8.0
2025-02-06 08:00:00,solar.bun_hsc#realenergyintotheload#kwh,BUNDOORA,2.09375,4.5122795,8.030469,7.7925463,159.0
2025-02-06 09:00:00,solar.bun_hsc#realenergyintotheload#kwh,BUNDOORA,7.75,21.177013,18.277164,17.735659,369.0
2025-02-06 10:00:00,solar.bun_hsc#realenergyintotheload#kwh,BUNDOORA,18.65625,28.410357,30.893366,29.978073,579.0
2025-02-06 11:00:00,solar.bun_hsc#realenergyintotheload#kwh,BUNDOORA,29.5,35.99192,40.934002,39.72123,766.0
2025-02-06 12:00:00,solar.bun_hsc#realenergyintotheload#kwh,BUNDOORA,37.125,42.885483,46.137955,44.771004,902.0
2025-02-06 13:00:00,solar.bun_hsc#realenergyintotheload#kwh,BUNDOORA,41.78125,39.66897,47.884804,46.466095,982.0
2025-02-06 14:00:00,solar.bun_hsc#realenergyintotheload#kwh,BUNDOORA,44.8125,39.535885,47.810562,46.394054,1000.0
2025-02-06 15:00:00,solar.bun_hsc#realenergyintotheload#kwh,BUNDOORA,42.03125,35.278374,46.019585,44.65614,926.0
2025-02-06 16:00:00,solar.bun_hsc#realenergyintotheload#kwh,BUNDOORA,41.46875,39.30098,42.942738,41.670452,852.0
2025-02-06 17:00:00,solar.bun_hsc#realenergyintotheload#kwh,BUNDOORA,36.65625,33.53237,35.7584,34.698967,697.0
2025-02-06 18:00:00,solar.bun_hsc#realenergyintotheload#kwh,BUNDOORA,27.1875,26.404972,25.836554,25.071081,505.0
2025-02-06 19:00:00,solar.bun_hsc#realenergyintotheload#kwh,BUNDOORA,10.8125,13.795761,14.921282,14.479201,292.0
2025-02-06 20:00:00,solar.bun_hsc#realenergyintotheload#kwh,BUNDOORA,2.15625,4.6710176,3.4366353,3.3348165,78.0
2025-02-06 21:00:00,solar.bun_hsc#realenergyintotheload#kwh,BUNDOORA,0.125,0.79977614,-0.0003752587,0.0,0.0
2025-02-06 22:00:00,solar.bun_hsc#realenergyintotheload#kwh,BUNDOORA,0.0,0.051944885,-0.03918854,0.0,0.0
2025-02-06 23:00:00,solar.bun_hsc#realenergyintotheload#kwh,BUNDOORA,0.0,0.057081055,-0.040150385,0.0,0.0
2025-02-07 00:00:00,solar.bun_hsc#realenergyintotheload#kwh,BUNDOORA,0.0,0.15204182,0.025264274,0.024515757,0.0
2025-02-07 01:00:00,solar.bun_hsc#realenergyintotheload#kwh,BUNDOORA,0.0,0.27317688,-0.033112995,0.0,0.0
2025-02-07 02:00:00,solar.bun_hsc#realenergyintotheload#kwh,BUNDOORA,0.0,0.27317688,0.003532184,0.0034275344,0.0
2025-02-07 03:00:00,solar.bun_hsc#realenergyintotheload#kwh,BUNDOORA,0.0,0.27317688,0.0022601287,0.0021931669,0.0
2025-02-07 04:00:00,solar.bun_hsc#realenergyintotheload#kwh,BUNDOORA,0.0,0.19738024,0.015136224,0.014687776,0.0
2025-02-07 05:00:00,solar.bun_hsc#realenergyintotheload#kwh,BUNDOORA,0.0,0.23092149,0.016910294,0.016409284,0.0
2025-02-07 06:00:00,solar.bun_hsc#realenergyintotheload#kwh,BUNDOORA,0.0,0.13467018,0.00093419664,0.0009065187,0.0
2025-02-07 07:00:00,solar.bun_hsc#realenergyintotheload#kwh,BUNDOORA,0.03125,1.9259492,0.13056915,0.12670071,6.0
2025-02-07 08:00:00,solar.bun_hsc#realenergyintotheload#kwh,BUNDOORA,1.6875,4.4081945,3.167218,3.0733812,71.0
2025-02-07 09:00:00,solar.bun_hsc#realenergyintotheload#kwh,BUNDOORA,1.78125,8.1677265,6.3244653,6.1370873,130.0
2025-02-07 10:00:00,solar.bun_hsc#realenergyintotheload#kwh,BUNDOORA,2.78125,10.292968,7.9804325,7.7439923,159.0
2025-02-07 11:00:00,solar.bun_hsc#realenergyintotheload#kwh,BUNDOORA,4.75,14.593597,13.439998,13.041804,263.0
2025-02-07 12:00:00,solar.bun_hsc#realenergyintotheload#kwh,BUNDOORA,7.0625,10.24543,10.014938,9.718221,197.0
2025-02-07 13:00:00,solar.bun_hsc#realenergyintotheload#kwh,BUNDOORA,13.96875,14.787718,11.488046,11.147683,236.0
2025-02-07 14:00:00,solar.bun_hsc#realenergyintotheload#kwh,BUNDOORA,15.28125,24.279655,27.633522,26.81481,539.0
2025-02-07 15:00:00,solar.bun_hsc#realenergyintotheload#kwh,BUNDOORA,18.34375,20.27262,18.882149,18.322718,375.0
2025-02-07 16:00:00,solar.bun_hsc#realenergyintotheload#kwh,BUNDOORA,20.65625,16.180168,12.081614,11.723665,239.0
2025-02-07 17:00:00,solar.bun_hsc#realenergyintotheload#kwh,BUNDOORA,9.59375,11.007095,9.207309,8.934519,186.0
2025-02-07 18:00:00,solar.bun_hsc#realenergyintotheload#kwh,BUNDOORA,9.53125,8.171075,9.238331,8.9646225,188.0
2025-02-07 19:00:00,solar.bun_hsc#realenergyintotheload#kwh,BUNDOORA,12.25,6.900073,7.5306926,7.307577,196.0
2025-02-07 20:00:00,solar.bun_hsc#realenergyintotheload#kwh,BUNDOORA,3.625,3.0831416,0.81316346,0.78907144,22.0
2025-02-07 21:00:00,solar.bun_hsc#realenergyintotheload#kwh,BUNDOORA,0.0,0.7670409,-0.014326075,0.0,0.0
2025-02-07 22:00:00,solar.bun_hsc#realenergyintotheload#kwh,BUNDOORA,0.0,0.273108,-0.0020808822,0.0,0.0
2025-02-07 23:00:00,solar.bun_hsc#realenergyintotheload#kwh,BUNDOORA,0.0,-0.20830956,0.00040531033,0.000393302,0.0
2025-02-08 00:00:00,solar.bun_hsc#realenergyintotheload#kwh,BUNDOORA,0.0,-0.0843065,0.00086742546,0.0008417258,0.0
2025-02-08 01:00:00,solar.bun_hsc#realenergyintotheload#kwh,BUNDOORA,0.0,0.18008731,-1.2692122e-05,0.0,0.0
2025-02-08 02:00:00,solar.bun_hsc#realenergyintotheload#kwh,BUNDOORA,0.0,0.53722495,-0.0028879405,0.0,0.0
2025-02-08 03:00:00,solar.bun_hsc#realenergyintotheload#kwh,BUNDOORA,0.0,0.5223141,-0.0034424476,0.0,0.0
2025-02-08 04:00:00,solar.bun_hsc#realenergyintotheload#kwh,BUNDOORA,0.0,0.29303962,-0.003737886,0.0,0.0
2025-02-08 05:00:00,solar.bun_hsc#realenergyintotheload#kwh,BUNDOORA,0.0,0.45635256,-0.0028255614,0.0,0.0
2025-02-08 06:00:00,solar.bun_hsc#realenergyintotheload#kwh,BUNDOORA,0.0,0.5206927,-0.003056237,0.0,0.0
2025-02-08 07:00:00,solar.bun_hsc#realenergyintotheload#kwh,BUNDOORA,0.03125,1.6693931,-0.0011882437,0.0,1.0
2025-02-08 08:00:00,solar.bun_hsc#realenergyintotheload#kwh,BUNDOORA,1.0625,10.722867,4.1084776,3.9867537,96.0
2025-02-08 09:00:00,solar.bun_hsc#realenergyintotheload#kwh,BUNDOORA,6.34375,11.525763,9.132929,8.862343,186.0
2025-02-08 10:00:00,solar.bun_hsc#realenergyintotheload#kwh,BUNDOORA,8.21875,17.088148,12.332268,11.966893,248.0
2025-02-08 11:00:00,solar.bun_hsc#realenergyintotheload#kwh,BUNDOORA,6.28125,14.019756,9.764939,9.475629,192.0
2025-02-08 12:00:00,solar.bun_hsc#realenergyintotheload#kwh,BUNDOORA,10.21875,15.898951,13.978398,13.564253,277.0
2025-02-08 13:00:00,solar.bun_hsc#realenergyintotheload#kwh,BUNDOORA,12.65625,9.599586,7.6187673,7.393042,156.0
2025-02-08 14:00:00,solar.bun_hsc#realenergyintotheload#kwh,BUNDOORA,8.375,7.684339,6.8713837,6.667802,139.0
2025-02-08 15:00:00,solar.bun_hsc#realenergyintotheload#kwh,BUNDOORA,11.59375,10.985946,9.594439,9.31018,193.0
2025-02-08 16:00:00,solar.bun_hsc#realenergyintotheload#kwh,BUNDOORA,11.375,17.060732,11.883234,11.531163,232.0
2025-02-08 17:00:00,solar.bun_hsc#realenergyintotheload#kwh,BUNDOORA,8.75,11.336736,8.857948,8.59551,179.0
2025-02-08 18:00:00,solar.bun_hsc#realenergyintotheload#kwh,BUNDOORA,8.15625,8.270699,9.820857,9.52989,192.0
2025-02-08 19:00:00,solar.bun_hsc#realenergyintotheload#kwh,BUNDOORA,3.0,6.172773,4.6026525,4.4662876,97.0
2025-02-08 20:00:00,solar.bun_hsc#realenergyintotheload#kwh,BUNDOORA,1.15625,3.109837,0.5907582,0.57325554,17.0
2025-02-08 21:00:00,solar.bun_hsc#realenergyintotheload#kwh,BUNDOORA,0.09375,0.42210582,-0.001173172,0.0,0.0
2025-02-08 22:00:00,solar.bun_hsc#realenergyintotheload#kwh,BUNDOORA,0.0,0.036170814,0.00065296947,0.0006336236,0.0
2025-02-08 23:00:00,solar.bun_hsc#realenergyintotheload#kwh,BUNDOORA,0.0,0.0633275,0.00065973017,0.00064018404,0.0
2025-02-09 00:00:00,solar.bun_hsc#realenergyintotheload#kwh,BUNDOORA,0.0,0.028305085,0.00065973017,0.00064018404,0.0
2025-02-09 01:00:00,solar.bun_hsc#realenergyintotheload#kwh,BUNDOORA,0.0,0.020938205,0.00065973017,0.00064018404,0.0
2025-02-09 02:00:00,solar.bun_hsc#realenergyintotheload#kwh,BUNDOORA,0.0,-0.07068177,0.0013696337,0.0013290549,0.0
2025-02-09 03:00:00,solar.bun_hsc#realenergyintotheload#kwh,BUNDOORA,0.0,0.11802895,0.0013696337,0.0013290549,0.0
2025-02-09 04:00:00,solar.bun_hsc#realenergyintotheload#kwh,BUNDOORA,0.0,0.11802895,0.0013696337,0.0013290549,0.0
2025-02-09 05:00:00,solar.bun_hsc#realenergyintotheload#kwh,BUNDOORA,0.0,0.038839974,0.001546484,0.0015006654,0.0
2025-02-09 06:00:00,solar.bun_hsc#realenergyintotheload#kwh,BUNDOORA,0.0,0.068698004,8.075149e-07,7.835902e-07,0.0
2025-02-09 07:00:00,solar.bun_hsc#realenergyintotheload#kwh,BUNDOORA,0.03125,0.5716573,0.0106849875,0.010368418,2.0
2025-02-09 08:00:00,solar.bun_hsc#realenergyintotheload#kwh,BUNDOORA,1.84375,3.1482131,6.133023,5.951317,146.0
2025-02-09 09:00:00,solar.bun_hsc#realenergyintotheload#kwh,BUNDOORA,7.6875,5.4321985,16.63651,16.143612,351.0
2025-02-09 10:00:00,solar.bun_hsc#realenergyintotheload#kwh,BUNDOORA,16.125,21.792698,28.89209,28.036089,559.0
2025-02-09 11:00:00,solar.bun_hsc#realenergyintotheload#kwh,BUNDOORA,18.09375,25.428547,34.07377,33.064247,679.0
2025-02-09 12:00:00,solar.bun_hsc#realenergyintotheload#kwh,BUNDOORA,35.15625,41.525963,45.404373,44.059155,887.0
2025-02-09 13:00:00,solar.bun_hsc#realenergyintotheload#kwh,BUNDOORA,39.96875,39.666363,44.045017,42.740074,879.0
2025-02-09 14:00:00,solar.bun_hsc#realenergyintotheload#kwh,BUNDOORA,34.59375,33.01252,34.575,33.55063,662.0
2025-02-09 15:00:00,solar.bun_hsc#realenergyintotheload#kwh,BUNDOORA,31.90625,29.433893,29.677128,28.797869,581.0
2025-02-09 16:00:00,solar.bun_hsc#realenergyintotheload#kwh,BUNDOORA,29.375,24.604595,28.154087,27.319952,544.0
2025-02-09 17:00:00,solar.bun_hsc#realenergyintotheload#kwh,BUNDOORA,27.84375,25.466381,34.35699,33.33908,627.0
2025-02-09 18:00:00,solar.bun_hsc#realenergyintotheload#kwh,BUNDOORA,22.34375,4.0267863,3.759385,3.6480038,80.0
2025-02-09 19:00:00,solar.bun_hsc#realenergyintotheload#kwh,BUNDOORA,8.4375,13.286077,11.98095,11.625985,265.0
2025-02-09 20:00:00,solar.bun_hsc#realenergyintotheload#kwh,BUNDOORA,2.3125,3.2063196,1.274474,1.2367146,31.0
2025-02-09 21:00:00,solar.bun_hsc#realenergyintotheload#kwh,BUNDOORA,0.1875,0.49977598,0.000495079,0.00048041102,0.0
2025-02-09 22:00:00,solar.bun_hsc#realenergyintotheload#kwh,BUNDOORA,0.0,-0.1433743,-0.00020807947,0.0,0.0
2025-02-09 23:00:00,solar.bun_hsc#realenergyintotheload#kwh,BUNDOORA,0.0,-0.1441842,-5.4499076e-05,0.0,0.0
2025-02-10 00:00:00,solar.bun_hsc#realenergyintotheload#kwh,BUNDOORA,0.0,-0.1441842,0.00043118725,0.00041841224,0.0
2025-02-10 01:00:00,solar.bun_hsc#realenergyintotheload#kwh,BUNDOORA,0.0,-0.14757186,0.00043118725,0.00041841224,0.0
2025-02-10 02:00:00,solar.bun_hsc#realenergyintotheload#kwh,BUNDOORA,0.0,-0.16225556,-0.00020807947,0.0,0.0
2025-02-10 03:00:00,solar.bun_hsc#realenergyintotheload#kwh,BUNDOORA,0.0,-0.26212862,-5.4499076e-05,0.0,0.0
2025-02-10 04:00:00,solar.bun_hsc#realenergyintotheload#kwh,BUNDOORA,0.0,-0.25841653,-5.4499076e-05,0.0,0.0
2025-02-10 05:00:00,solar.bun_hsc#realenergyintotheload#kwh,BUNDOORA,0.0,-0.39772633,-0.0013403558,0.0,0.0
2025-02-10 06:00:00,solar.bun_hsc#realenergyintotheload#kwh,BUNDOORA,0.0,-0.36540475,-0.0011867754,0.0,0.0
2025-02-10 07:00:00,solar.bun_hsc#realenergyintotheload#kwh,BUNDOORA,0.0,0.6419887,0.0048125894,0.0046700044,2.0
2025-02-10 08:00:00,solar.bun_hsc#realenergyintotheload#kwh,BUNDOORA,1.5,2.3450406,6.0744977,5.8945255,142.0
2025-02-10 09:00:00,solar.bun_hsc#realenergyintotheload#kwh,BUNDOORA,4.59375,7.454241,16.574804,16.083735,352.0
2025-02-10 10:00:00,solar.bun_hsc#realenergyintotheload#kwh,BUNDOORA,12.09375,16.811373,20.357635,19.75449,401.0
2025-02-10 11:00:00,solar.bun_hsc#realenergyintotheload#kwh,BUNDOORA,19.28125,22.099771,30.082033,29.190777,565.0
2025-02-10 12:00:00,solar.bun_hsc#realenergyintotheload#kwh,BUNDOORA,33.59375,35.414288,44.924084,43.593094,852.0
2025-02-10 13:00:00,solar.bun_hsc#realenergyintotheload#kwh,BUNDOORA,44.6875,38.01698,46.282295,44.911068,927.0
2025-02-10 14:00:00,solar.bun_hsc#realenergyintotheload#kwh,BUNDOORA,33.125,37.22062,43.482014,42.19375,859.0
2025-02-10 15:00:00,solar.bun_hsc#realenergyintotheload#kwh,BUNDOORA,43.78125,37.040295,45.993637,44.630962,906.0
2025-02-10 16:00:00,solar.bun_hsc#realenergyintotheload#kwh,BUNDOORA,33.1875,37.027885,40.228176,39.036316,816.0
2025-02-10 17:00:00,solar.bun_hsc#realenergyintotheload#kwh,BUNDOORA,35.28125,30.511171,34.143356,33.131775,676.0
2025-02-10 18:00:00,solar.bun_hsc#realenergyintotheload#kwh,BUNDOORA,25.78125,17.542686,23.602695,22.903406,486.0
2025-02-10 19:00:00,solar.bun_hsc#realenergyintotheload#kwh,BUNDOORA,9.84375,10.506792,11.849391,11.498323,277.0
2025-02-10 20:00:00,solar.bun_hsc#realenergyintotheload#kwh,BUNDOORA,1.34375,4.593194,3.6039286,3.4971533,80.0
2025-02-10 21:00:00,solar.bun_hsc#realenergyintotheload#kwh,BUNDOORA,0.0625,0.9086509,-0.0007435436,0.0,0.0
2025-02-10 22:00:00,solar.bun_hsc#realenergyintotheload#kwh,BUNDOORA,0.0,-0.07798595,-0.0016618744,0.0,0.0
2025-02-10 23:00:00,solar.bun_hsc#realenergyintotheload#kwh,BUNDOORA,0.0,-0.046421707,-0.0016618744,0.0,0.0
2025-02-11 00:00:00,solar.bun_hsc#realenergyintotheload#kwh,BUNDOORA,0.0,-0.14564665,-0.0030307006,0.0,0.0
2025-02-11 01:00:00,solar.bun_hsc#realenergyintotheload#kwh,BUNDOORA,0.0,-0.19076218,-0.0028703595,0.0,0.0
2025-02-11 02:00:00,solar.bun_hsc#realenergyintotheload#kwh,BUNDOORA,0.0,0.0117009375,-0.0029517624,0.0,0.0
2025-02-11 03:00:00,solar.bun_hsc#realenergyintotheload#kwh,BUNDOORA,0.0,-0.015311999,-0.0028204864,0.0,0.0
2025-02-11 04:00:00,solar.bun_hsc#realenergyintotheload#kwh,BUNDOORA,0.0,-0.031110477,-0.003182136,0.0,0.0
2025-02-11 05:00:00,solar.bun_hsc#realenergyintotheload#kwh,BUNDOORA,0.0,-0.0063677332,-0.0028204864,0.0,0.0
2025-02-11 06:00:00,solar.bun_hsc#realenergyintotheload#kwh,BUNDOORA,0.0,0.05096943,-0.0028204864,0.0,0.0
2025-02-11 07:00:00,solar.bun_hsc#realenergyintotheload#kwh,BUNDOORA,0.03125,0.8856099,0.053347036,0.051766496,4.0
2025-02-11 08:00:00,solar.bun_hsc#realenergyintotheload#kwh,BUNDOORA,2.1875,2.4319549,6.095396,5.9148045,143.0
2025-02-11 09:00:00,solar.bun_hsc#realenergyintotheload#kwh,BUNDOORA,7.96875,9.881305,14.052034,13.635708,335.0
2025-02-11 10:00:00,solar.bun_hsc#realenergyintotheload#kwh,BUNDOORA,18.84375,25.482386,30.891731,29.976486,563.0
2025-02-11 11:00:00,solar.bun_hsc#realenergyintotheload#kwh,BUNDOORA,29.6875,31.459087,39.178326,38.01757,743.0
2025-02-11 12:00:00,solar.bun_hsc#realenergyintotheload#kwh,BUNDOORA,37.625,41.437508,45.210705,43.871223,880.0
2025-02-11 13:00:00,solar.bun_hsc#realenergyintotheload#kwh,BUNDOORA,42.28125,43.45378,48.232544,46.803535,963.0
2025-02-11 14:00:00,solar.bun_hsc#realenergyintotheload#kwh,BUNDOORA,45.1875,44.852783,48.85881,47.411247,983.0
2025-02-11 15:00:00,solar.bun_hsc#realenergyintotheload#kwh,BUNDOORA,44.875,43.385796,47.70671,46.29328,938.0
2025-02-11 16:00:00,solar.bun_hsc#realenergyintotheload#kwh,BUNDOORA,42.34375,41.81913,43.06168,41.78587,833.0
2025-02-11 17:00:00,solar.bun_hsc#realenergyintotheload#kwh,BUNDOORA,36.71875,33.82385,36.91916,35.825336,678.0
2025-02-11 18:00:00,solar.bun_hsc#realenergyintotheload#kwh,BUNDOORA,28.09375,26.925161,24.737885,24.004963,486.0
2025-02-11 19:00:00,solar.bun_hsc#realenergyintotheload#kwh,BUNDOORA,9.0625,13.325954,13.804011,13.395033,276.0
2025-02-11 20:00:00,solar.bun_hsc#realenergyintotheload#kwh,BUNDOORA,1.1875,3.285885,3.5726874,3.4668376,78.0
2025-02-11 21:00:00,solar.bun_hsc#realenergyintotheload#kwh,BUNDOORA,0.03125,0.19913703,0.020532485,0.019924158,0.0
2025-02-11 22:00:00,solar.bun_hsc#realenergyintotheload#kwh,BUNDOORA,0.0,0.03273363,0.0011680176,0.0011334121,0.0
2025-02-11 23:00:00,solar.bun_hsc#realenergyintotheload#kwh,BUNDOORA,0.0,0.103054695,-0.0034215287,0.0,0.0
2025-02-12 00:00:00,solar.bun_hsc#realenergyintotheload#kwh,BUNDOORA,0.0,0.02107937,-0.004647865,0.0,0.0
2025-02-12 01:00:00,solar.bun_hsc#realenergyintotheload#kwh,BUNDOORA,0.0,0.02608463,-0.004647865,0.0,0.0
2025-02-12 02:00:00,solar.bun_hsc#realenergyintotheload#kwh,BUNDOORA,0.0,0.034298457,-0.0045765806,0.0,0.0
2025-02-12 03:00:00,solar.bun_hsc#realenergyintotheload#kwh,BUNDOORA,0.0,0.015616242,-0.00493823,0.0,0.0
2025-02-12 04:00:00,solar.bun_hsc#realenergyintotheload#kwh,BUNDOORA,0.0,0.03797117,-0.0051405733,0.0,0.0
2025-02-12 05:00:00,solar.bun_hsc#realenergyintotheload#kwh,BUNDOORA,0.0,0.016765416,-0.0052486546,0.0,0.0
2025-02-12 06:00:00,solar.bun_hsc#realenergyintotheload#kwh,BUNDOORA,0.0,0.05479899,-0.0029022973,0.0,0.0
2025-02-12 07:00:00,solar.bun_hsc#realenergyintotheload#kwh,BUNDOORA,0.03125,0.66296977,0.03336731,0.03237872,3.0
2025-02-12 08:00:00,solar.bun_hsc#realenergyintotheload#kwh,BUNDOORA,1.46875,6.6231265,6.11442,5.9332647,144.0
2025-02-12 09:00:00,solar.bun_hsc#realenergyintotheload#kwh,BUNDOORA,6.6875,22.436703,17.798115,17.270802,354.0
2025-02-12 10:00:00,solar.bun_hsc#realenergyintotheload#kwh,BUNDOORA,17.84375,27.604752,31.157177,30.234068,563.0
2025-02-12 11:00:00,solar.bun_hsc#realenergyintotheload#kwh,BUNDOORA,28.84375,34.442177,39.683315,38.5076,746.0
2025-02-12 12:00:00,solar.bun_hsc#realenergyintotheload#kwh,BUNDOORA,36.78125,41.146553,45.067898,43.732647,882.0
2025-02-12 13:00:00,solar.bun_hsc#realenergyintotheload#kwh,BUNDOORA,41.4375,37.90112,47.433372,46.02804,964.0
2025-02-12 14:00:00,solar.bun_hsc#realenergyintotheload#kwh,BUNDOORA,43.34375,39.60947,47.85195,46.43422,984.0
2025-02-12 15:00:00,solar.bun_hsc#realenergyintotheload#kwh,BUNDOORA,43.5,38.88476,46.66839,45.28572,940.0
2025-02-12 16:00:00,solar.bun_hsc#realenergyintotheload#kwh,BUNDOORA,41.0625,39.87568,42.495445,41.236412,835.0
2025-02-12 17:00:00,solar.bun_hsc#realenergyintotheload#kwh,BUNDOORA,35.78125,34.021763,36.38808,35.309994,678.0
2025-02-12 18:00:00,solar.bun_hsc#realenergyintotheload#kwh,BUNDOORA,27.0625,26.383675,24.203102,23.486025,486.0
2025-02-12 19:00:00,solar.bun_hsc#realenergyintotheload#kwh,BUNDOORA,8.5625,13.032042,14.051947,13.635623,275.0
2025-02-12 20:00:00,solar.bun_hsc#realenergyintotheload#kwh,BUNDOORA,1.25,4.252348,3.6410449,3.5331697,75.0
2025-02-12 21:00:00,solar.bun_hsc#realenergyintotheload#kwh,BUNDOORA,0.03125,0.54127645,0.039574247,0.03840176,0.0
2025-02-12 22:00:00,solar.bun_hsc#realenergyintotheload#kwh,BUNDOORA,0.0,0.0809963,-0.00020087449,0.0,0.0
2025-02-12 23:00:00,solar.bun_hsc#realenergyintotheload#kwh,BUNDOORA,0.0,0.0831333,0.014362032,0.013936521,0.0
2025-02-13 00:00:00,solar.bun_hsc#realenergyintotheload#kwh,BUNDOORA,0.0,0.06784611,0.01309927,0.012711171,0.0
2025-02-13 01:00:00,solar.bun_hsc#realenergyintotheload#kwh,BUNDOORA,0.0,0.19455914,0.022489429,0.021823123,0.0
2025-02-13 02:00:00,solar.bun_hsc#realenergyintotheload#kwh,BUNDOORA,0.0,0.2474015,0.00018297281,0.00017755179,0.0
2025-02-13 03:00:00,solar.bun_hsc#realenergyintotheload#kwh,BUNDOORA,0.0,1.0368221,0.010473715,0.010163405,0.0
2025-02-13 04:00:00,solar.bun_hsc#realenergyintotheload#kwh,BUNDOORA,0.0,0.8888668,-0.021688258,0.0,0.0
2025-02-13 05:00:00,solar.bun_hsc#realenergyintotheload#kwh,BUNDOORA,0.0,-0.05708917,-0.0059661334,0.0,0.0
2025-02-13 06:00:00,solar.bun_hsc#realenergyintotheload#kwh,BUNDOORA,0.0,-0.04870236,-0.009701155,0.0,0.0
2025-02-13 07:00:00,solar.bun_hsc#realenergyintotheload#kwh,BUNDOORA,0.03125,0.31090954,-0.008943777,0.0,1.0
2025-02-13 08:00:00,solar.bun_hsc#realenergyintotheload#kwh,BUNDOORA,2.59375,4.4697394,4.6038113,4.467412,106.0
2025-02-13 09:00:00,solar.bun_hsc#realenergyintotheload#kwh,BUNDOORA,7.75,13.717332,10.332058,10.025945,226.0
2025-02-13 10:00:00,solar.bun_hsc#realenergyintotheload#kwh,BUNDOORA,12.46875,13.079701,12.9217825,12.538942,257.0
2025-02-13 11:00:00,solar.bun_hsc#realenergyintotheload#kwh,BUNDOORA,14.1875,20.496239,18.729128,18.17423,364.0
2025-02-13 12:00:00,solar.bun_hsc#realenergyintotheload#kwh,BUNDOORA,19.21875,23.653772,21.701538,21.058577,421.0
2025-02-13 13:00:00,solar.bun_hsc#realenergyintotheload#kwh,BUNDOORA,29.59375,30.045578,36.12056,35.050396,720.0
2025-02-13 14:00:00,solar.bun_hsc#realenergyintotheload#kwh,BUNDOORA,37.375,28.354172,41.169006,39.949272,819.0
2025-02-13 15:00:00,solar.bun_hsc#realenergyintotheload#kwh,BUNDOORA,34.5625,32.968094,39.795094,38.616066,796.0
2025-02-13 16:00:00,solar.bun_hsc#realenergyintotheload#kwh,BUNDOORA,15.1875,16.19038,11.624476,11.280072,233.0
2025-02-13 17:00:00,solar.bun_hsc#realenergyintotheload#kwh,BUNDOORA,7.9375,8.725068,6.626751,6.430417,137.0
2025-02-13 18:00:00,solar.bun_hsc#realenergyintotheload#kwh,BUNDOORA,5.6875,3.5587192,3.634965,3.52727,75.0
2025-02-13 19:00:00,solar.bun_hsc#realenergyintotheload#kwh,BUNDOORA,1.1875,2.9736907,1.9053035,1.8488541,42.0
2025-02-13 20:00:00,solar.bun_hsc#realenergyintotheload#kwh,BUNDOORA,0.3125,3.0757632,0.13673715,0.13268597,6.0
2025-02-13 21:00:00,solar.bun_hsc#realenergyintotheload#kwh,BUNDOORA,0.0,0.36976182,-0.00040906135,0.0,0.0
2025-02-13 22:00:00,solar.bun_hsc#realenergyintotheload#kwh,BUNDOORA,0.0,0.07474514,-0.00040906135,0.0,0.0
2025-02-13 23:00:00,solar.bun_hsc#realenergyintotheload#kwh,BUNDOORA,0.0,0.046339225,-0.00040906135,0.0,0.0
2025-02-14 00:00:00,solar.bun_hsc#realenergyintotheload#kwh,BUNDOORA,0.0,0.04418731,-0.002490189,0.0,0.0
2025-02-14 01:00:00,solar.bun_hsc#realenergyintotheload#kwh,BUNDOORA,0.0,0.14644927,-0.0021275524,0.0,0.0
2025-02-14 02:00:00,solar.bun_hsc#realenergyintotheload#kwh,BUNDOORA,0.0,0.19803265,0.0017832466,0.0017304135,0.0
2025-02-14 03:00:00,solar.bun_hsc#realenergyintotheload#kwh,BUNDOORA,0.0,0.06359836,-0.007439424,0.0,0.0
2025-02-14 04:00:00,solar.bun_hsc#realenergyintotheload#kwh,BUNDOORA,0.0,0.329485,-0.01787939,0.0,0.0
2025-02-14 05:00:00,solar.bun_hsc#realenergyintotheload#kwh,BUNDOORA,0.0,0.34865016,0.0020266043,0.001966561,0.0
2025-02-14 06:00:00,solar.bun_hsc#realenergyintotheload#kwh,BUNDOORA,0.0,0.22070147,0.0024489209,0.0023763655,0.0
2025-02-14 07:00:00,solar.bun_hsc#realenergyintotheload#kwh,BUNDOORA,0.0,2.164978,0.014988042,0.014543984,2.0
2025-02-14 08:00:00,solar.bun_hsc#realenergyintotheload#kwh,BUNDOORA,1.59375,11.006846,6.989339,6.7822623,144.0
2025-02-14 09:00:00,solar.bun_hsc#realenergyintotheload#kwh,BUNDOORA,6.96875,22.972855,19.709616,19.12567,357.0
2025-02-14 10:00:00,solar.bun_hsc#realenergyintotheload#kwh,BUNDOORA,18.34375,30.604912,30.200577,29.305809,567.0
2025-02-14 11:00:00,solar.bun_hsc#realenergyintotheload#kwh,BUNDOORA,27.40625,27.498625,34.13446,33.123142,631.0
2025-02-14 12:00:00,solar.bun_hsc#realenergyintotheload#kwh,BUNDOORA,24.21875,29.474289,33.668262,32.670757,626.0
2025-02-14 13:00:00,solar.bun_hsc#realenergyintotheload#kwh,BUNDOORA,29.84375,28.830738,30.91672,30.000734,598.0
2025-02-14 14:00:00,solar.bun_hsc#realenergyintotheload#kwh,BUNDOORA,39.40625,36.63453,42.92953,41.657635,850.0
2025-02-14 15:00:00,solar.bun_hsc#realenergyintotheload#kwh,BUNDOORA,45.28125,38.178745,43.896362,42.59582,872.0
2025-02-14 16:00:00,solar.bun_hsc#realenergyintotheload#kwh,BUNDOORA,23.40625,24.211191,18.956789,18.395147,359.0
2025-02-14 17:00:00,solar.bun_hsc#realenergyintotheload#kwh,BUNDOORA,28.03125,23.973246,33.95247,32.94654,622.0
2025-02-14 18:00:00,solar.bun_hsc#realenergyintotheload#kwh,BUNDOORA,20.375,19.38575,17.013273,16.509212,357.0
2025-02-14 19:00:00,solar.bun_hsc#realenergyintotheload#kwh,BUNDOORA,4.6875,8.355737,5.2705355,5.1143827,113.0
2025-02-14 20:00:00,solar.bun_hsc#realenergyintotheload#kwh,BUNDOORA,3.1875,4.2419295,1.0944835,1.0620567,27.0
2025-02-14 21:00:00,solar.bun_hsc#realenergyintotheload#kwh,BUNDOORA,0.0,1.0993387,0.0005013491,0.00048649538,0.0
2025-02-14 22:00:00,solar.bun_hsc#realenergyintotheload#kwh,BUNDOORA,0.0,0.2196403,-6.853213e-05,0.0,0.0
2025-02-14 23:00:00,solar.bun_hsc#realenergyintotheload#kwh,BUNDOORA,0.0,0.49122095,-0.002052164,0.0,0.0
2025-02-15 00:00:00,solar.bun_hsc#realenergyintotheload#kwh,BUNDOORA,0.0,0.20843108,-0.0006592361,0.0,0.0
2025-02-15 01:00:00,solar.bun_hsc#realenergyintotheload#kwh,BUNDOORA,0.0,0.009747568,0.00089916354,0.0008725236,0.0
2025-02-15 02:00:00,solar.bun_hsc#realenergyintotheload#kwh,BUNDOORA,0.0,0.06479871,0.005572984,0.0054078703,0.0
2025-02-15 03:00:00,solar.bun_hsc#realenergyintotheload#kwh,BUNDOORA,0.0,0.06897586,0.00662442,0.006428155,0.0
2025-02-15 04:00:00,solar.bun_hsc#realenergyintotheload#kwh,BUNDOORA,0.0,0.09284444,0.003688055,0.0035787872,0.0
2025-02-15 05:00:00,solar.bun_hsc#realenergyintotheload#kwh,BUNDOORA,0.0,0.00087856734,0.0030747429,0.002983646,0.0
2025-02-15 06:00:00,solar.bun_hsc#realenergyintotheload#kwh,BUNDOORA,0.0,0.14049076,0.0031650534,0.003071281,0.0
2025-02-15 07:00:00,solar.bun_hsc#realenergyintotheload#kwh,BUNDOORA,0.03125,1.2167054,0.0059888777,0.005811442,1.0
2025-02-15 08:00:00,solar.bun_hsc#realenergyintotheload#kwh,BUNDOORA,1.84375,3.5243924,2.633359,2.555339,57.0
2025-02-15 09:00:00,solar.bun_hsc#realenergyintotheload#kwh,BUNDOORA,6.71875,11.4682,12.910936,12.528418,239.0
2025-02-15 10:00:00,solar.bun_hsc#realenergyintotheload#kwh,BUNDOORA,10.875,19.863333,23.41416,22.720457,435.0
2025-02-15 11:00:00,solar.bun_hsc#realenergyintotheload#kwh,BUNDOORA,20.9375,26.089933,32.4359,31.474907,606.0
2025-02-15 12:00:00,solar.bun_hsc#realenergyintotheload#kwh,BUNDOORA,26.4375,25.20432,30.334538,29.4358,582.0
2025-02-15 13:00:00,solar.bun_hsc#realenergyintotheload#kwh,BUNDOORA,18.53125,23.717936,20.929173,20.309093,398.0
2025-02-15 14:00:00,solar.bun_hsc#realenergyintotheload#kwh,BUNDOORA,13.8125,8.357233,9.306338,9.030615,185.0
2025-02-15 15:00:00,solar.bun_hsc#realenergyintotheload#kwh,BUNDOORA,34.78125,26.143734,24.999111,24.25845,485.0
2025-02-15 16:00:00,solar.bun_hsc#realenergyintotheload#kwh,BUNDOORA,29.1875,37.696045,42.526978,41.26701,828.0
2025-02-15 17:00:00,solar.bun_hsc#realenergyintotheload#kwh,BUNDOORA,20.71875,15.511452,15.982667,15.50914,296.0
2025-02-15 18:00:00,solar.bun_hsc#realenergyintotheload#kwh,BUNDOORA,17.03125,22.325157,23.230858,22.542585,410.0
2025-02-15 19:00:00,solar.bun_hsc#realenergyintotheload#kwh,BUNDOORA,7.21875,5.359128,8.757875,8.498402,176.0
2025-02-15 20:00:00,solar.bun_hsc#realenergyintotheload#kwh,BUNDOORA,1.78125,0.9458087,2.30189,2.2336907,47.0
2025-02-15 21:00:00,solar.bun_hsc#realenergyintotheload#kwh,BUNDOORA,0.0625,0.08263192,0.01059979,0.010285744,0.0
2025-02-15 22:00:00,solar.bun_hsc#realenergyintotheload#kwh,BUNDOORA,0.0,-0.024934318,0.005313937,0.0051564984,0.0
2025-02-15 23:00:00,solar.bun_hsc#realenergyintotheload#kwh,BUNDOORA,0.0,0.13390629,0.031943686,0.030997274,0.0
2025-02-16 00:00:00,solar.bun_hsc#realenergyintotheload#kwh,BUNDOORA,0.0,0.1300545,0.02679276,0.025998957,0.0
2025-02-16 01:00:00,solar.bun_hsc#realenergyintotheload#kwh,BUNDOORA,0.0,0.12099458,0.02679276,0.025998957,0.0
2025-02-16 02:00:00,solar.bun_hsc#realenergyintotheload#kwh,BUNDOORA,0.0,-0.066816136,0.0009329356,0.0009052951,0.0
2025-02-16 03:00:00,solar.bun_hsc#realenergyintotheload#kwh,BUNDOORA,0.0,0.050773516,-0.0009753092,0.0,0.0
2025-02-16 04:00:00,solar.bun_hsc#realenergyintotheload#kwh,BUNDOORA,0.0,0.008977387,-0.0009753092,0.0,0.0
2025-02-16 05:00:00,solar.bun_hsc#realenergyintotheload#kwh,BUNDOORA,0.0,0.14151557,0.0037291558,0.0036186702,0.0
2025-02-16 06:00:00,solar.bun_hsc#realenergyintotheload#kwh,BUNDOORA,0.0,0.004270563,0.008661843,0.008405214,0.0
2025-02-16 07:00:00,solar.bun_hsc#realenergyintotheload#kwh,BUNDOORA,0.0,0.37668845,-0.0009526036,0.0,1.0
2025-02-16 08:00:00,solar.bun_hsc#realenergyintotheload#kwh,BUNDOORA,1.3125,2.912206,3.0368836,2.9469082,64.0
2025-02-16 09:00:00,solar.bun_hsc#realenergyintotheload#kwh,BUNDOORA,5.625,11.371431,11.290653,10.95614,213.0
2025-02-16 10:00:00,solar.bun_hsc#realenergyintotheload#kwh,BUNDOORA,11.53125,18.872936,21.17661,20.5492,384.0
2025-02-16 11:00:00,solar.bun_hsc#realenergyintotheload#kwh,BUNDOORA,21.0,22.872192,20.041443,19.447664,383.0
2025-02-16 12:00:00,solar.bun_hsc#realenergyintotheload#kwh,BUNDOORA,17.09375,26.223387,23.612288,22.912714,446.0
2025-02-16 13:00:00,solar.bun_hsc#realenergyintotheload#kwh,BUNDOORA,30.8125,33.497677,37.499855,36.38883,724.0
2025-02-16 14:00:00,solar.bun_hsc#realenergyintotheload#kwh,BUNDOORA,30.46875,34.98226,38.19477,37.063156,744.0
2025-02-16 15:00:00,solar.bun_hsc#realenergyintotheload#kwh,BUNDOORA,33.96875,31.890911,39.96982,38.785614,784.0
2025-02-16 16:00:00,solar.bun_hsc#realenergyintotheload#kwh,BUNDOORA,39.5,21.877296,28.636923,27.788483,547.0
2025-02-16 17:00:00,solar.bun_hsc#realenergyintotheload#kwh,BUNDOORA,39.09375,36.366573,37.768383,36.6494,690.0
2025-02-16 18:00:00,solar.bun_hsc#realenergyintotheload#kwh,BUNDOORA,26.59375,24.119324,26.587782,25.800053,476.0
2025-02-16 19:00:00,solar.bun_hsc#realenergyintotheload#kwh,BUNDOORA,7.875,8.352277,14.616522,14.183471,266.0
2025-02-16 20:00:00,solar.bun_hsc#realenergyintotheload#kwh,BUNDOORA,1.4375,1.7205615,3.1339755,3.0411236,65.0
2025-02-16 21:00:00,solar.bun_hsc#realenergyintotheload#kwh,BUNDOORA,0.03125,0.20053293,0.023420136,0.022726256,0.0
2025-02-16 22:00:00,solar.bun_hsc#realenergyintotheload#kwh,BUNDOORA,0.0,0.024154413,0.024782727,0.024048476,0.0
2025-02-16 23:00:00,solar.bun_hsc#realenergyintotheload#kwh,BUNDOORA,0.0,-0.02737509,0.027031843,0.026230957,0.0
2025-02-17 00:00:00,solar.bun_hsc#realenergyintotheload#kwh,BUNDOORA,0.0,0.00268815,0.0027426854,0.0026614266,0.0
2025-02-17 01:00:00,solar.bun_hsc#realenergyintotheload#kwh,BUNDOORA,0.0,0.01793204,0.007052471,0.006843524,0.0
2025-02-17 02:00:00,solar.bun_hsc#realenergyintotheload#kwh,BUNDOORA,0.0,-0.014736891,-0.011144643,0.0,0.0
2025-02-17 03:00:00,solar.bun_hsc#realenergyintotheload#kwh,BUNDOORA,0.0,-0.010618048,0.005792378,0.005620764,0.0
2025-02-17 04:00:00,solar.bun_hsc#realenergyintotheload#kwh,BUNDOORA,0.0,0.025427045,0.0033979737,0.0032973003,0.0
2025-02-17 05:00:00,solar.bun_hsc#realenergyintotheload#kwh,BUNDOORA,0.0,0.041961238,0.0037824204,0.0036703567,0.0
2025-02-17 06:00:00,solar.bun_hsc#realenergyintotheload#kwh,BUNDOORA,0.0,0.045155957,0.001771967,0.001719468,0.0
2025-02-17 07:00:00,solar.bun_hsc#realenergyintotheload#kwh,BUNDOORA,0.0,0.7748533,0.0031579519,0.0030643896,1.0
2025-02-17 08:00:00,solar.bun_hsc#realenergyintotheload#kwh,BUNDOORA,1.53125,3.140387,6.4063773,6.2165723,137.0
2025-02-17 09:00:00,solar.bun_hsc#realenergyintotheload#kwh,BUNDOORA,6.59375,15.270702,21.334158,20.70208,353.0
2025-02-17 10:00:00,solar.bun_hsc#realenergyintotheload#kwh,BUNDOORA,18.65625,25.114187,32.347008,31.388647,567.0
2025-02-17 11:00:00,solar.bun_hsc#realenergyintotheload#kwh,BUNDOORA,30.75,33.33901,40.402493,39.205467,754.0
2025-02-17 12:00:00,solar.bun_hsc#realenergyintotheload#kwh,BUNDOORA,39.5625,41.71008,45.38814,44.043404,894.0
2025-02-17 13:00:00,solar.bun_hsc#realenergyintotheload#kwh,BUNDOORA,44.59375,45.313652,48.640766,47.19966,978.0
2025-02-17 14:00:00,solar.bun_hsc#realenergyintotheload#kwh,BUNDOORA,47.6875,46.723602,48.60867,47.168514,998.0
2025-02-17 15:00:00,solar.bun_hsc#realenergyintotheload#kwh,BUNDOORA,45.59375,45.6728,47.863503,46.445427,951.0
2025-02-17 16:00:00,solar.bun_hsc#realenergyintotheload#kwh,BUNDOORA,44.53125,41.61134,45.065205,43.730034,843.0
2025-02-17 17:00:00,solar.bun_hsc#realenergyintotheload#kwh,BUNDOORA,31.625,36.113808,37.989414,36.863884,683.0
2025-02-17 18:00:00,solar.bun_hsc#realenergyintotheload#kwh,BUNDOORA,28.625,29.005627,27.17049,26.365496,485.0
2025-02-17 19:00:00,solar.bun_hsc#realenergyintotheload#kwh,BUNDOORA,8.03125,18.180616,14.768498,14.330945,267.0
2025-02-17 20:00:00,solar.bun_hsc#realenergyintotheload#kwh,BUNDOORA,1.15625,1.6652195,2.3793774,2.3088825,52.0
2025-02-17 21:00:00,solar.bun_hsc#realenergyintotheload#kwh,BUNDOORA,0.03125,0.44040382,0.010628911,0.010314003,0.0
2025-02-17 22:00:00,solar.bun_hsc#realenergyintotheload#kwh,BUNDOORA,0.0,-0.016154164,0.0030238363,0.0029342475,0.0
2025-02-17 23:00:00,solar.bun_hsc#realenergyintotheload#kwh,BUNDOORA,0.0,-0.015406579,-0.0020096349,0.0,0.0
2025-02-18 00:00:00,solar.bun_hsc#realenergyintotheload#kwh,BUNDOORA,0.0,-0.117886335,0.0017310301,0.001679744,0.0
2025-02-18 01:00:00,solar.bun_hsc#realenergyintotheload#kwh,BUNDOORA,0.0,-0.026678208,0.0076630902,0.007436052,0.0
2025-02-18 02:00:00,solar.bun_hsc#realenergyintotheload#kwh,BUNDOORA,0.0,0.0055610156,0.0059058187,0.005730844,0.0
2025-02-18 03:00:00,solar.bun_hsc#realenergyintotheload#kwh,BUNDOORA,0.0,-0.015304361,0.0058902195,0.005715707,0.0
2025-02-18 04:00:00,solar.bun_hsc#realenergyintotheload#kwh,BUNDOORA,0.0,-0.04140784,0.00914841,0.008877365,0.0
2025-02-18 05:00:00,solar.bun_hsc#realenergyintotheload#kwh,BUNDOORA,0.0,-0.03177898,0.0070150318,0.006807194,0.0
2025-02-18 06:00:00,solar.bun_hsc#realenergyintotheload#kwh,BUNDOORA,0.0,0.15162705,0.003019718,0.0029302512,0.0
2025-02-18 07:00:00,solar.bun_hsc#realenergyintotheload#kwh,BUNDOORA,0.0,1.1449639,0.0021496606,0.0020859716,0.0
2025-02-18 08:00:00,solar.bun_hsc#realenergyintotheload#kwh,BUNDOORA,1.21875,8.646435,6.2901154,6.103755,132.0
2025-02-18 09:00:00,solar.bun_hsc#realenergyintotheload#kwh,BUNDOORA,6.90625,23.583294,18.697926,18.143953,336.0
2025-02-18 10:00:00,solar.bun_hsc#realenergyintotheload#kwh,BUNDOORA,17.40625,30.286858,30.160538,29.266956,560.0
2025-02-18 11:00:00,solar.bun_hsc#realenergyintotheload#kwh,BUNDOORA,28.625,33.64792,40.748657,39.541378,748.0
2025-02-18 12:00:00,solar.bun_hsc#realenergyintotheload#kwh,BUNDOORA,38.9375,39.70888,45.968925,44.60698,888.0
2025-02-18 13:00:00,solar.bun_hsc#realenergyintotheload#kwh,BUNDOORA,44.40625,43.789406,48.264996,46.835026,966.0
2025-02-18 14:00:00,solar.bun_hsc#realenergyintotheload#kwh,BUNDOORA,47.65625,40.793114,48.447838,47.01245,960.0
2025-02-18 15:00:00,solar.bun_hsc#realenergyintotheload#kwh,BUNDOORA,37.1875,32.21452,35.396126,34.347427,676.0
2025-02-18 16:00:00,solar.bun_hsc#realenergyintotheload#kwh,BUNDOORA,25.125,22.46888,25.756039,24.992952,504.0
2025-02-18 17:00:00,solar.bun_hsc#realenergyintotheload#kwh,BUNDOORA,19.03125,16.788647,19.24241,18.672306,375.0
2025-02-18 18:00:00,solar.bun_hsc#realenergyintotheload#kwh,BUNDOORA,13.71875,12.2099695,14.687346,14.252197,278.0
2025-02-18 19:00:00,solar.bun_hsc#realenergyintotheload#kwh,BUNDOORA,9.21875,8.174443,11.342646,11.006592,214.0
2025-02-18 20:00:00,solar.bun_hsc#realenergyintotheload#kwh,BUNDOORA,2.0625,1.5427909,1.2401017,1.2033606,29.0
2025-02-18 21:00:00,solar.bun_hsc#realenergyintotheload#kwh,BUNDOORA,0.0,0.1274888,0.028196974,0.027361568,0.0
2025-02-18 22:00:00,solar.bun_hsc#realenergyintotheload#kwh,BUNDOORA,0.0,-0.01173775,0.0057934923,0.005621846,0.0
2025-02-18 23:00:00,solar.bun_hsc#realenergyintotheload#kwh,BUNDOORA,0.0,0.0532154,0.0060797813,0.0058996524,0.0
2025-02-19 00:00:00,solar.bun_hsc#realenergyintotheload#kwh,BUNDOORA,0.0,-0.039663788,0.028508762,0.02766412,0.0
2025-02-19 01:00:00,solar.bun_hsc#realenergyintotheload#kwh,BUNDOORA,0.0,0.053476267,0.026511952,0.02572647,0.0
2025-02-19 02:00:00,solar.bun_hsc#realenergyintotheload#kwh,BUNDOORA,0.0,0.03903413,0.027118903,0.026315438,0.0
2025-02-19 03:00:00,solar.bun_hsc#realenergyintotheload#kwh,BUNDOORA,0.0,0.009803183,0.024918765,0.024180485,0.0
2025-02-19 04:00:00,solar.bun_hsc#realenergyintotheload#kwh,BUNDOORA,0.0,-0.0879407,0.010754601,0.01043597,0.0
2025-02-19 05:00:00,solar.bun_hsc#realenergyintotheload#kwh,BUNDOORA,0.0,0.05463153,0.007550764,0.0073270537,0.0
2025-02-19 06:00:00,solar.bun_hsc#realenergyintotheload#kwh,BUNDOORA,0.0,-0.06582061,-0.00042749612,0.0,0.0
2025-02-19 07:00:00,solar.bun_hsc#realenergyintotheload#kwh,BUNDOORA,0.0,1.5050592,0.00058496953,0.0005676383,0.0
2025-02-19 08:00:00,solar.bun_hsc#realenergyintotheload#kwh,BUNDOORA,0.53125,4.517468,2.8486612,2.7642624,61.0
2025-02-19 09:00:00,solar.bun_hsc#realenergyintotheload#kwh,BUNDOORA,2.53125,7.272106,7.425535,7.205535,150.0
2025-02-19 10:00:00,solar.bun_hsc#realenergyintotheload#kwh,BUNDOORA,7.75,10.7280855,12.497971,12.1276865,236.0
2025-02-19 11:00:00,solar.bun_hsc#realenergyintotheload#kwh,BUNDOORA,12.34375,17.420605,15.677765,15.213272,309.0
2025-02-19 12:00:00,solar.bun_hsc#realenergyintotheload#kwh,BUNDOORA,19.53125,24.469982,22.914848,22.235939,437.0
2025-02-19 13:00:00,solar.bun_hsc#realenergyintotheload#kwh,BUNDOORA,27.53125,27.582684,24.415243,23.691881,477.0
2025-02-19 14:00:00,solar.bun_hsc#realenergyintotheload#kwh,BUNDOORA,28.1875,34.691494,36.536,35.45353,734.0
2025-02-19 15:00:00,solar.bun_hsc#realenergyintotheload#kwh,BUNDOORA,19.9375,18.60468,15.37992,14.924252,308.0
2025-02-19 16:00:00,solar.bun_hsc#realenergyintotheload#kwh,BUNDOORA,28.03125,24.040127,28.376173,27.535458,549.0
2025-02-19 17:00:00,solar.bun_hsc#realenergyintotheload#kwh,BUNDOORA,32.0,22.801624,28.480795,27.63698,518.0
2025-02-19 18:00:00,solar.bun_hsc#realenergyintotheload#kwh,BUNDOORA,24.3125,20.273212,24.852505,24.116188,435.0
2025-02-19 19:00:00,solar.bun_hsc#realenergyintotheload#kwh,BUNDOORA,7.84375,6.2036066,6.30451,6.1177235,145.0
2025-02-19 20:00:00,solar.bun_hsc#realenergyintotheload#kwh,BUNDOORA,1.6875,2.0542042,1.2345321,1.197956,30.0
2025-02-19 21:00:00,solar.bun_hsc#realenergyintotheload#kwh,BUNDOORA,0.0,0.23533413,-0.0042380267,0.0,0.0
2025-02-19 22:00:00,solar.bun_hsc#realenergyintotheload#kwh,BUNDOORA,0.0,-0.26683432,0.004749063,0.00460836,0.0
2025-02-19 23:00:00,solar.bun_hsc#realenergyintotheload#kwh,BUNDOORA,0.0,-0.021075055,0.004749063,0.00460836,0.0
2025-02-20 00:00:00,solar.bun_hsc#realenergyintotheload#kwh,BUNDOORA,0.0,0.4041081,-0.00044663265,0.0,0.0
2025-02-20 01:00:00,solar.bun_hsc#realenergyintotheload#kwh,BUNDOORA,0.0,0.014403421,-0.001037451,0.0,0.0
2025-02-20 02:00:00,solar.bun_hsc#realenergyintotheload#kwh,BUNDOORA,0.0,-0.21364357,0.0006963324,0.0006757018,0.0
2025-02-20 03:00:00,solar.bun_hsc#realenergyintotheload#kwh,BUNDOORA,0.0,-0.17350501,0.00010551402,0.0001023879,0.0
2025-02-20 04:00:00,solar.bun_hsc#realenergyintotheload#kwh,BUNDOORA,0.0,-0.09980152,0.00046829795,0.00045442345,0.0
2025-02-20 05:00:00,solar.bun_hsc#realenergyintotheload#kwh,BUNDOORA,0.0,-0.073332384,0.001458864,0.0014156415,0.0
2025-02-20 06:00:00,solar.bun_hsc#realenergyintotheload#kwh,BUNDOORA,0.0,-0.051537246,-0.01564956,0.0,0.0
2025-02-20 07:00:00,solar.bun_hsc#realenergyintotheload#kwh,BUNDOORA,0.0,0.6778903,-0.015293925,0.0,0.0
2025-02-20 08:00:00,solar.bun_hsc#realenergyintotheload#kwh,BUNDOORA,0.625,2.9013047,2.2798593,2.2123127,52.0
2025-02-20 09:00:00,solar.bun_hsc#realenergyintotheload#kwh,BUNDOORA,4.25,8.632142,8.672159,8.415225,172.0
2025-02-20 10:00:00,solar.bun_hsc#realenergyintotheload#kwh,BUNDOORA,8.5625,14.243807,14.949661,14.506741,270.0
2025-02-20 11:00:00,solar.bun_hsc#realenergyintotheload#kwh,BUNDOORA,14.84375,15.459101,14.489632,14.06034,280.0
2025-02-20 12:00:00,solar.bun_hsc#realenergyintotheload#kwh,BUNDOORA,16.125,16.08626,14.480541,14.051519,285.0
2025-02-20 13:00:00,solar.bun_hsc#realenergyintotheload#kwh,BUNDOORA,35.90625,37.626144,45.79217,44.435463,909.0
2025-02-20 14:00:00,solar.bun_hsc#realenergyintotheload#kwh,BUNDOORA,47.5625,46.24122,48.549614,47.11121,984.0
2025-02-20 15:00:00,solar.bun_hsc#realenergyintotheload#kwh,BUNDOORA,47.46875,44.148735,47.477283,46.070652,941.0
2025-02-20 16:00:00,solar.bun_hsc#realenergyintotheload#kwh,BUNDOORA,44.71875,39.532726,45.18464,43.845932,834.0
2025-02-20 17:00:00,solar.bun_hsc#realenergyintotheload#kwh,BUNDOORA,39.0,34.447483,38.120697,36.991276,674.0
2025-02-20 18:00:00,solar.bun_hsc#realenergyintotheload#kwh,BUNDOORA,27.78125,21.95486,25.955736,25.186733,476.0
2025-02-20 19:00:00,solar.bun_hsc#realenergyintotheload#kwh,BUNDOORA,7.375,15.358527,13.519217,13.118676,259.0
2025-02-20 20:00:00,solar.bun_hsc#realenergyintotheload#kwh,BUNDOORA,1.28125,2.166451,2.4941869,2.4202905,55.0
2025-02-20 21:00:00,solar.bun_hsc#realenergyintotheload#kwh,BUNDOORA,0.0,0.2939661,-0.0021678049,0.0,0.0
2025-02-20 22:00:00,solar.bun_hsc#realenergyintotheload#kwh,BUNDOORA,0.0,-0.07436994,0.0062049665,0.006021129,0.0
2025-02-20 23:00:00,solar.bun_hsc#realenergyintotheload#kwh,BUNDOORA,0.0,0.06508038,0.001924201,0.0018671917,0.0
2025-02-21 00:00:00,solar.bun_hsc#realenergyintotheload#kwh,BUNDOORA,0.0,0.092398316,0.0038416353,0.0037278172,0.0
2025-02-21 01:00:00,solar.bun_hsc#realenergyintotheload#kwh,BUNDOORA,0.0,0.06963139,0.0038416353,0.0037278172,0.0
2025-02-21 02:00:00,solar.bun_hsc#realenergyintotheload#kwh,BUNDOORA,0.0,0.024515854,0.0036948165,0.0035853484,0.0
2025-02-21 03:00:00,solar.bun_hsc#realenergyintotheload#kwh,BUNDOORA,0.0,0.007754237,0.0020335387,0.00197329,0.0
2025-02-21 04:00:00,solar.bun_hsc#realenergyintotheload#kwh,BUNDOORA,0.0,0.01914564,0.0017576661,0.0017055909,0.0
2025-02-21 05:00:00,solar.bun_hsc#realenergyintotheload#kwh,BUNDOORA,0.0,0.011844516,0.0017576661,0.0017055909,0.0
2025-02-21 06:00:00,solar.bun_hsc#realenergyintotheload#kwh,BUNDOORA,0.0,0.01415471,0.0017576661,0.0017055909,0.0
2025-02-21 07:00:00,solar.bun_hsc#realenergyintotheload#kwh,BUNDOORA,0.0,0.2187096,0.002399154,0.0023280731,0.0
2025-02-21 08:00:00,solar.bun_hsc#realenergyintotheload#kwh,BUNDOORA,1.34375,0.7266189,5.0337343,4.8845973,122.0
2025-02-21 09:00:00,solar.bun_hsc#realenergyintotheload#kwh,BUNDOORA,7.125,10.309269,13.898549,13.48677,286.0
2025-02-21 10:00:00,solar.bun_hsc#realenergyintotheload#kwh,BUNDOORA,17.46875,26.42865,28.743801,27.892195,543.0
2025-02-21 11:00:00,solar.bun_hsc#realenergyintotheload#kwh,BUNDOORA,28.59375,34.5132,39.21701,38.055107,730.0
2025-02-21 12:00:00,solar.bun_hsc#realenergyintotheload#kwh,BUNDOORA,37.75,39.890377,44.1337,42.82613,871.0
2025-02-21 13:00:00,solar.bun_hsc#realenergyintotheload#kwh,BUNDOORA,42.75,45.123753,48.821537,47.375076,953.0
2025-02-21 14:00:00,solar.bun_hsc#realenergyintotheload#kwh,BUNDOORA,43.96875,45.704906,49.45283,47.987667,975.0
2025-02-21 15:00:00,solar.bun_hsc#realenergyintotheload#kwh,BUNDOORA,44.375,42.826225,46.881783,45.492794,931.0
2025-02-21 16:00:00,solar.bun_hsc#realenergyintotheload#kwh,BUNDOORA,41.78125,40.97803,42.394608,41.13856,824.0
2025-02-21 17:00:00,solar.bun_hsc#realenergyintotheload#kwh,BUNDOORA,34.125,34.10573,36.302937,35.22737,659.0
2025-02-21 18:00:00,solar.bun_hsc#realenergyintotheload#kwh,BUNDOORA,21.1875,16.15611,18.772062,18.215893,355.0
2025-02-21 19:00:00,solar.bun_hsc#realenergyintotheload#kwh,BUNDOORA,9.375,11.034859,10.566357,10.253302,197.0
2025-02-21 20:00:00,solar.bun_hsc#realenergyintotheload#kwh,BUNDOORA,2.8125,2.40172,1.0670054,1.0353926,27.0
2025-02-21 21:00:00,solar.bun_hsc#realenergyintotheload#kwh,BUNDOORA,0.09375,0.7837416,0.0029452392,0.0028579792,0.0
2025-02-21 22:00:00,solar.bun_hsc#realenergyintotheload#kwh,BUNDOORA,0.0,0.1744793,-0.0024563998,0.0,0.0
2025-02-21 23:00:00,solar.bun_hsc#realenergyintotheload#kwh,BUNDOORA,0.0,0.24184617,-0.00084861415,0.0,0.0
2025-02-22 00:00:00,solar.bun_hsc#realenergyintotheload#kwh,BUNDOORA,0.0,0.26699317,8.774537e-05,8.514569e-05,0.0
2025-02-22 01:00:00,solar.bun_hsc#realenergyintotheload#kwh,BUNDOORA,0.0,0.26700822,0.0043966915,0.0042664283,0.0
2025-02-22 02:00:00,solar.bun_hsc#realenergyintotheload#kwh,BUNDOORA,0.0,0.36528903,0.006153963,0.0059716366,0.0
2025-02-22 03:00:00,solar.bun_hsc#realenergyintotheload#kwh,BUNDOORA,0.0,0.30567878,-0.0034542372,0.0,0.0
2025-02-22 04:00:00,solar.bun_hsc#realenergyintotheload#kwh,BUNDOORA,0.0,0.12879282,0.002727299,0.002646496,0.0
2025-02-22 05:00:00,solar.bun_hsc#realenergyintotheload#kwh,BUNDOORA,0.0,-0.046243414,0.00069775444,0.0006770817,0.0
2025-02-22 06:00:00,solar.bun_hsc#realenergyintotheload#kwh,BUNDOORA,0.0,0.13140655,0.006693055,0.0064947563,0.0
2025-02-22 07:00:00,solar.bun_hsc#realenergyintotheload#kwh,BUNDOORA,0.0,0.95130986,0.00022807965,0.00022132222,0.0
2025-02-22 08:00:00,solar.bun_hsc#realenergyintotheload#kwh,BUNDOORA,1.0,3.5902817,4.9563065,4.8094635,111.0
2025-02-22 09:00:00,solar.bun_hsc#realenergyintotheload#kwh,BUNDOORA,5.78125,19.264637,15.583622,15.121918,316.0
2025-02-22 10:00:00,solar.bun_hsc#realenergyintotheload#kwh,BUNDOORA,14.9375,23.909136,26.871471,26.075336,523.0
2025-02-22 11:00:00,solar.bun_hsc#realenergyintotheload#kwh,BUNDOORA,29.15625,30.94126,35.04635,34.008015,702.0
2025-02-22 12:00:00,solar.bun_hsc#realenergyintotheload#kwh,BUNDOORA,34.40625,35.653915,41.317265,40.093136,823.0
2025-02-22 13:00:00,solar.bun_hsc#realenergyintotheload#kwh,BUNDOORA,40.875,33.196915,46.19576,44.827095,922.0
2025-02-22 14:00:00,solar.bun_hsc#realenergyintotheload#kwh,BUNDOORA,39.90625,33.188522,45.412815,44.06735,910.0
2025-02-22 15:00:00,solar.bun_hsc#realenergyintotheload#kwh,BUNDOORA,42.6875,37.66665,43.81839,42.52016,893.0
2025-02-22 16:00:00,solar.bun_hsc#realenergyintotheload#kwh,BUNDOORA,39.84375,35.815453,40.963223,39.749584,787.0
2025-02-22 17:00:00,solar.bun_hsc#realenergyintotheload#kwh,BUNDOORA,32.28125,29.324453,32.647907,31.680632,630.0
2025-02-22 18:00:00,solar.bun_hsc#realenergyintotheload#kwh,BUNDOORA,16.53125,8.360883,9.749014,9.460175,194.0
2025-02-22 19:00:00,solar.bun_hsc#realenergyintotheload#kwh,BUNDOORA,9.96875,7.882743,8.89203,8.628581,191.0
2025-02-22 20:00:00,solar.bun_hsc#realenergyintotheload#kwh,BUNDOORA,1.5,2.1599457,1.2802997,1.2423676,32.0
2025-02-22 21:00:00,solar.bun_hsc#realenergyintotheload#kwh,BUNDOORA,0.0,0.36581793,-0.01676788,0.0,0.0
2025-02-22 22:00:00,solar.bun_hsc#realenergyintotheload#kwh,BUNDOORA,0.0,0.11072446,-0.013689274,0.0,0.0
2025-02-22 23:00:00,solar.bun_hsc#realenergyintotheload#kwh,BUNDOORA,0.0,0.09063338,-0.018134845,0.0,0.0
2025-02-23 00:00:00,solar.bun_hsc#realenergyintotheload#kwh,BUNDOORA,0.0,0.092420876,-0.026980475,0.0,0.0
2025-02-23 01:00:00,solar.bun_hsc#realenergyintotheload#kwh,BUNDOORA,0.0,0.092420876,-0.026980475,0.0,0.0
2025-02-23 02:00:00,solar.bun_hsc#realenergyintotheload#kwh,BUNDOORA,0.0,0.10805731,-0.014758746,0.0,0.0
2025-02-23 03:00:00,solar.bun_hsc#realenergyintotheload#kwh,BUNDOORA,0.0,0.092420876,-0.023691839,0.0,0.0
2025-02-23 04:00:00,solar.bun_hsc#realenergyintotheload#kwh,BUNDOORA,0.0,0.092482,-0.0093116695,0.0,0.0
2025-02-23 05:00:00,solar.bun_hsc#realenergyintotheload#kwh,BUNDOORA,0.0,0.113275975,-0.012832264,0.0,0.0
2025-02-23 06:00:00,solar.bun_hsc#realenergyintotheload#kwh,BUNDOORA,0.0,0.11763322,-0.008117259,0.0,0.0
2025-02-23 07:00:00,solar.bun_hsc#realenergyintotheload#kwh,BUNDOORA,0.0,0.22081885,-0.0031617975,0.0,0.0
2025-02-23 08:00:00,solar.bun_hsc#realenergyintotheload#kwh,BUNDOORA,1.1875,2.7863193,2.2427666,2.1763191,49.0
2025-02-23 09:00:00,solar.bun_hsc#realenergyintotheload#kwh,BUNDOORA,3.0625,6.81847,5.5851207,5.4196477,121.0
2025-02-23 10:00:00,solar.bun_hsc#realenergyintotheload#kwh,BUNDOORA,10.90625,18.065079,21.878235,21.230038,451.0
2025-02-23 11:00:00,solar.bun_hsc#realenergyintotheload#kwh,BUNDOORA,16.0,19.550056,18.754904,18.199244,377.0
2025-02-23 12:00:00,solar.bun_hsc#realenergyintotheload#kwh,BUNDOORA,15.09375,14.721242,13.3387985,12.9436035,267.0
2025-02-23 13:00:00,solar.bun_hsc#realenergyintotheload#kwh,BUNDOORA,22.9375,22.482943,19.477074,18.900017,385.0
2025-02-23 14:00:00,solar.bun_hsc#realenergyintotheload#kwh,BUNDOORA,7.75,14.061973,10.178807,9.877234,200.0
2025-02-23 15:00:00,solar.bun_hsc#realenergyintotheload#kwh,BUNDOORA,14.25,25.190018,25.531084,24.774662,493.0
2025-02-23 16:00:00,solar.bun_hsc#realenergyintotheload#kwh,BUNDOORA,39.40625,36.447006,41.160484,39.941,787.0
2025-02-23 17:00:00,solar.bun_hsc#realenergyintotheload#kwh,BUNDOORA,35.65625,32.450535,35.04094,34.002766,635.0
2025-02-23 18:00:00,solar.bun_hsc#realenergyintotheload#kwh,BUNDOORA,24.75,25.59776,24.34077,23.619614,449.0
2025-02-23 19:00:00,solar.bun_hsc#realenergyintotheload#kwh,BUNDOORA,6.15625,11.699597,11.76988,11.421168,239.0
2025-02-23 20:00:00,solar.bun_hsc#realenergyintotheload#kwh,BUNDOORA,1.09375,2.4673178,1.9660138,1.9077657,41.0
2025-02-23 21:00:00,solar.bun_hsc#realenergyintotheload#kwh,BUNDOORA,0.0,0.8152996,-0.0061769392,0.0,0.0
2025-02-23 22:00:00,solar.bun_hsc#realenergyintotheload#kwh,BUNDOORA,0.0,-0.0048077838,-0.0120198745,0.0,0.0
2025-02-23 23:00:00,solar.bun_hsc#realenergyintotheload#kwh,BUNDOORA,0.0,0.061805137,-0.0015437228,0.0,0.0
2025-02-24 00:00:00,solar.bun_hsc#realenergyintotheload#kwh,BUNDOORA,0.0,0.00021786895,0.00040531033,0.000393302,0.0
2025-02-24 01:00:00,solar.bun_hsc#realenergyintotheload#kwh,BUNDOORA,0.0,-0.068880655,0.00034078656,0.00033068992,0.0
2025-02-24 02:00:00,solar.bun_hsc#realenergyintotheload#kwh,BUNDOORA,0.0,0.2221844,-0.0024926441,0.0,0.0
2025-02-24 03:00:00,solar.bun_hsc#realenergyintotheload#kwh,BUNDOORA,0.0,0.100075126,-0.001627401,0.0,0.0
2025-02-24 04:00:00,solar.bun_hsc#realenergyintotheload#kwh,BUNDOORA,0.0,-0.054742,-0.001627401,0.0,0.0
2025-02-24 05:00:00,solar.bun_hsc#realenergyintotheload#kwh,BUNDOORA,0.0,0.011976793,-0.0017354824,0.0,0.0
2025-02-24 06:00:00,solar.bun_hsc#realenergyintotheload#kwh,BUNDOORA,0.0,-0.0081147775,-0.0017354824,0.0,0.0
2025-02-24 07:00:00,solar.bun_hsc#realenergyintotheload#kwh,BUNDOORA,0.0,0.5737739,0.00026717238,0.00025925672,0.0
2025-02-24 08:00:00,solar.bun_hsc#realenergyintotheload#kwh,BUNDOORA,0.96875,3.1612704,3.8019552,3.6893127,92.0
2025-02-24 09:00:00,solar.bun_hsc#realenergyintotheload#kwh,BUNDOORA,5.46875,7.664814,8.043057,7.804762,248.0
2025-02-24 10:00:00,solar.bun_hsc#realenergyintotheload#kwh,BUNDOORA,13.875,11.781251,16.109156,15.631882,335.0
2025-02-24 11:00:00,solar.bun_hsc#realenergyintotheload#kwh,BUNDOORA,26.6875,24.15672,28.12626,27.29295,567.0
2025-02-24 12:00:00,solar.bun_hsc#realenergyintotheload#kwh,BUNDOORA,23.8125,24.932594,21.861925,21.21421,419.0
2025-02-24 13:00:00,solar.bun_hsc#realenergyintotheload#kwh,BUNDOORA,25.6875,30.200144,34.842575,33.810276,662.0
2025-02-24 14:00:00,solar.bun_hsc#realenergyintotheload#kwh,BUNDOORA,29.125,33.873817,38.181644,37.05042,754.0
2025-02-24 15:00:00,solar.bun_hsc#realenergyintotheload#kwh,BUNDOORA,36.6875,34.737865,44.59215,43.270996,872.0
2025-02-24 16:00:00,solar.bun_hsc#realenergyintotheload#kwh,BUNDOORA,38.0625,37.835976,43.07265,41.796516,808.0
2025-02-24 17:00:00,solar.bun_hsc#realenergyintotheload#kwh,BUNDOORA,37.1875,30.712383,36.17659,35.104767,650.0
2025-02-24 18:00:00,solar.bun_hsc#realenergyintotheload#kwh,BUNDOORA,25.625,21.46763,24.513113,23.78685,455.0
2025-02-24 19:00:00,solar.bun_hsc#realenergyintotheload#kwh,BUNDOORA,5.625,13.988349,11.772291,11.423508,238.0
2025-02-24 20:00:00,solar.bun_hsc#realenergyintotheload#kwh,BUNDOORA,0.9375,3.8755858,1.7946676,1.7414961,40.0
2025-02-24 21:00:00,solar.bun_hsc#realenergyintotheload#kwh,BUNDOORA,0.0,0.33011702,-0.004073009,0.0,0.0
2025-02-24 22:00:00,solar.bun_hsc#realenergyintotheload#kwh,BUNDOORA,0.0,-0.38365036,-0.0015715611,0.0,0.0
2025-02-24 23:00:00,solar.bun_hsc#realenergyintotheload#kwh,BUNDOORA,0.0,-0.4312013,0.0071879947,0.0069750324,0.0
2025-02-25 00:00:00,solar.bun_hsc#realenergyintotheload#kwh,BUNDOORA,0.0,0.27508163,-0.00036805042,0.0,0.0
2025-02-25 01:00:00,solar.bun_hsc#realenergyintotheload#kwh,BUNDOORA,0.0,-0.102394946,-6.4010383e-06,0.0,0.0
2025-02-25 02:00:00,solar.bun_hsc#realenergyintotheload#kwh,BUNDOORA,0.0,0.077283576,-0.000101771206,0.0,0.0
2025-02-25 03:00:00,solar.bun_hsc#realenergyintotheload#kwh,BUNDOORA,0.0,0.05324681,-0.000101771206,0.0,0.0
2025-02-25 04:00:00,solar.bun_hsc#realenergyintotheload#kwh,BUNDOORA,0.0,0.08503748,-0.000668151,0.0,0.0
2025-02-25 05:00:00,solar.bun_hsc#realenergyintotheload#kwh,BUNDOORA,0.0,0.02851921,0.0018092335,0.0017556304,0.0
2025-02-25 06:00:00,solar.bun_hsc#realenergyintotheload#kwh,BUNDOORA,0.0,-0.0032093562,0.00351601,0.0034118395,0.0
2025-02-25 07:00:00,solar.bun_hsc#realenergyintotheload#kwh,BUNDOORA,0.0,0.87350565,0.00351601,0.0034118395,0.0
2025-02-25 08:00:00,solar.bun_hsc#realenergyintotheload#kwh,BUNDOORA,1.0,2.9922643,4.478416,4.3457317,110.0
2025-02-25 09:00:00,solar.bun_hsc#realenergyintotheload#kwh,BUNDOORA,5.5625,9.474658,16.909994,16.408993,324.0
2025-02-25 10:00:00,solar.bun_hsc#realenergyintotheload#kwh,BUNDOORA,17.03125,22.360247,28.143427,27.309607,539.0
2025-02-25 11:00:00,solar.bun_hsc#realenergyintotheload#kwh,BUNDOORA,29.1875,29.908329,38.941868,37.788116,730.0
2025-02-25 12:00:00,solar.bun_hsc#realenergyintotheload#kwh,BUNDOORA,38.125,39.26445,44.11474,42.807728,873.0
2025-02-25 13:00:00,solar.bun_hsc#realenergyintotheload#kwh,BUNDOORA,43.34375,45.286995,48.001972,46.579792,956.0
2025-02-25 14:00:00,solar.bun_hsc#realenergyintotheload#kwh,BUNDOORA,45.0625,44.83489,48.757244,47.312687,973.0
2025-02-25 15:00:00,solar.bun_hsc#realenergyintotheload#kwh,BUNDOORA,45.25,44.727516,47.052284,45.65824,925.0
2025-02-25 16:00:00,solar.bun_hsc#realenergyintotheload#kwh,BUNDOORA,42.28125,41.19047,43.44113,42.15408,815.0
2025-02-25 17:00:00,solar.bun_hsc#realenergyintotheload#kwh,BUNDOORA,36.28125,36.349194,35.505836,34.453888,650.0
2025-02-25 18:00:00,solar.bun_hsc#realenergyintotheload#kwh,BUNDOORA,24.71875,26.480358,24.437292,23.713276,447.0
2025-02-25 19:00:00,solar.bun_hsc#realenergyintotheload#kwh,BUNDOORA,4.84375,10.003925,11.971761,11.617067,229.0
2025-02-25 20:00:00,solar.bun_hsc#realenergyintotheload#kwh,BUNDOORA,0.875,2.4254913,1.512519,1.4677068,36.0
2025-02-25 21:00:00,solar.bun_hsc#realenergyintotheload#kwh,BUNDOORA,0.0,0.5237714,-0.004924293,0.0,0.0
2025-02-25 22:00:00,solar.bun_hsc#realenergyintotheload#kwh,BUNDOORA,0.0,-0.0497915,-0.0028204864,0.0,0.0
2025-02-25 23:00:00,solar.bun_hsc#realenergyintotheload#kwh,BUNDOORA,0.0,-0.02405608,-0.003182136,0.0,0.0
2025-02-26 00:00:00,solar.bun_hsc#realenergyintotheload#kwh,BUNDOORA,0.0,-0.030091941,-0.0028204864,0.0,0.0
2025-02-26 01:00:00,solar.bun_hsc#realenergyintotheload#kwh,BUNDOORA,0.0,-0.0014826674,-0.0027733005,0.0,0.0
2025-02-26 02:00:00,solar.bun_hsc#realenergyintotheload#kwh,BUNDOORA,0.0,-0.018317496,-0.0031349498,0.0,0.0
2025-02-26 03:00:00,solar.bun_hsc#realenergyintotheload#kwh,BUNDOORA,0.0,-0.019112283,-0.003425922,0.0,0.0
2025-02-26 04:00:00,solar.bun_hsc#realenergyintotheload#kwh,BUNDOORA,0.0,0.002541149,-0.0030642727,0.0,0.0
2025-02-26 05:00:00,solar.bun_hsc#realenergyintotheload#kwh,BUNDOORA,0.0,0.021861888,-0.0024272306,0.0,0.0
2025-02-26 06:00:00,solar.bun_hsc#realenergyintotheload#kwh,BUNDOORA,0.0,-0.00013354374,-0.001402787,0.0,0.0
2025-02-26 07:00:00,solar.bun_hsc#realenergyintotheload#kwh,BUNDOORA,0.0,0.7963316,-0.0006390477,0.0,0.0
2025-02-26 08:00:00,solar.bun_hsc#realenergyintotheload#kwh,BUNDOORA,0.90625,5.9616923,4.5859933,4.450122,104.0
2025-02-26 09:00:00,solar.bun_hsc#realenergyintotheload#kwh,BUNDOORA,4.875,15.61808,15.885804,15.415148,313.0
2025-02-26 10:00:00,solar.bun_hsc#realenergyintotheload#kwh,BUNDOORA,15.90625,18.960264,27.819275,26.99506,524.0
2025-02-26 11:00:00,solar.bun_hsc#realenergyintotheload#kwh,BUNDOORA,28.09375,32.3759,36.258957,35.184696,713.0
2025-02-26 12:00:00,solar.bun_hsc#realenergyintotheload#kwh,BUNDOORA,36.5,41.89765,43.722233,42.426853,854.0
2025-02-26 13:00:00,solar.bun_hsc#realenergyintotheload#kwh,BUNDOORA,41.6875,39.68286,46.687725,45.304485,936.0
2025-02-26 14:00:00,solar.bun_hsc#realenergyintotheload#kwh,BUNDOORA,43.03125,39.165443,46.987514,45.59539,955.0
2025-02-26 15:00:00,solar.bun_hsc#realenergyintotheload#kwh,BUNDOORA,41.71875,40.07221,46.426716,45.05121,910.0
2025-02-26 16:00:00,solar.bun_hsc#realenergyintotheload#kwh,BUNDOORA,39.28125,39.61257,40.269314,39.076233,798.0
2025-02-26 17:00:00,solar.bun_hsc#realenergyintotheload#kwh,BUNDOORA,26.0625,20.099977,19.732597,19.14797,378.0
2025-02-26 18:00:00,solar.bun_hsc#realenergyintotheload#kwh,BUNDOORA,3.78125,6.971191,5.892091,5.717523,119.0
2025-02-26 19:00:00,solar.bun_hsc#realenergyintotheload#kwh,BUNDOORA,4.71875,6.7591114,5.913895,5.7386813,143.0
2025-02-26 20:00:00,solar.bun_hsc#realenergyintotheload#kwh,BUNDOORA,2.875,2.4844835,0.7981659,0.77451825,22.0
2025-02-26 21:00:00,solar.bun_hsc#realenergyintotheload#kwh,BUNDOORA,0.0,0.5039709,0.0071198917,0.006908947,0.0
2025-02-26 22:00:00,solar.bun_hsc#realenergyintotheload#kwh,BUNDOORA,0.0,0.3865587,-0.0066848556,0.0,0.0
2025-02-26 23:00:00,solar.bun_hsc#realenergyintotheload#kwh,BUNDOORA,0.0,0.19338436,0.001343433,0.0013036305,0.0
2025-02-27 00:00:00,solar.bun_hsc#realenergyintotheload#kwh,BUNDOORA,0.0,0.3046115,-0.0026186141,0.0,0.0
2025-02-27 01:00:00,solar.bun_hsc#realenergyintotheload#kwh,BUNDOORA,0.0,0.26784247,-0.0001398166,0.0,0.0
2025-02-27 02:00:00,solar.bun_hsc#realenergyintotheload#kwh,BUNDOORA,0.0,-0.015839415,-0.0027733005,0.0,0.0
2025-02-27 03:00:00,solar.bun_hsc#realenergyintotheload#kwh,BUNDOORA,0.0,0.033471275,-0.002926881,0.0,0.0
2025-02-27 04:00:00,solar.bun_hsc#realenergyintotheload#kwh,BUNDOORA,0.0,0.007529011,-0.0027733005,0.0,0.0
2025-02-27 05:00:00,solar.bun_hsc#realenergyintotheload#kwh,BUNDOORA,0.0,0.0075062094,-0.0014044738,0.0,0.0
2025-02-27 06:00:00,solar.bun_hsc#realenergyintotheload#kwh,BUNDOORA,0.0,0.10891348,-0.0002640774,0.0,0.0
2025-02-27 07:00:00,solar.bun_hsc#realenergyintotheload#kwh,BUNDOORA,0.0,0.81192535,-0.0002640774,0.0,0.0
2025-02-27 08:00:00,solar.bun_hsc#realenergyintotheload#kwh,BUNDOORA,0.375,1.8256867,2.0135343,1.9538783,48.0
2025-02-27 09:00:00,solar.bun_hsc#realenergyintotheload#kwh,BUNDOORA,3.0625,7.0404396,7.2346563,7.0203114,155.0
2025-02-27 10:00:00,solar.bun_hsc#realenergyintotheload#kwh,BUNDOORA,7.96875,17.313345,15.929328,15.457382,312.0
2025-02-27 11:00:00,solar.bun_hsc#realenergyintotheload#kwh,BUNDOORA,23.8125,29.349308,35.88342,34.820282,706.0
2025-02-27 12:00:00,solar.bun_hsc#realenergyintotheload#kwh,BUNDOORA,36.875,37.516052,43.89659,42.596046,848.0
2025-02-27 13:00:00,solar.bun_hsc#realenergyintotheload#kwh,BUNDOORA,41.96875,42.613777,46.425144,45.049683,933.0
2025-02-27 14:00:00,solar.bun_hsc#realenergyintotheload#kwh,BUNDOORA,43.75,44.14899,48.23771,46.808548,955.0
2025-02-27 15:00:00,solar.bun_hsc#realenergyintotheload#kwh,BUNDOORA,44.09375,43.363483,45.37217,44.027905,905.0
2025-02-27 16:00:00,solar.bun_hsc#realenergyintotheload#kwh,BUNDOORA,41.4375,40.150494,42.085297,40.838413,794.0
2025-02-27 17:00:00,solar.bun_hsc#realenergyintotheload#kwh,BUNDOORA,35.21875,34.007027,34.71129,33.68288,630.0
2025-02-27 18:00:00,solar.bun_hsc#realenergyintotheload#kwh,BUNDOORA,21.46875,23.09276,23.371119,22.67869,427.0
2025-02-27 19:00:00,solar.bun_hsc#realenergyintotheload#kwh,BUNDOORA,5.125,6.006731,7.239166,7.0246873,181.0
2025-02-27 20:00:00,solar.bun_hsc#realenergyintotheload#kwh,BUNDOORA,0.65625,1.0879158,0.25055298,0.24312973,9.0
2025-02-27 21:00:00,solar.bun_hsc#realenergyintotheload#kwh,BUNDOORA,0.0,0.20986974,-0.0014376217,0.0,0.0
2025-02-27 22:00:00,solar.bun_hsc#realenergyintotheload#kwh,BUNDOORA,0.0,0.011988908,-0.002075232,0.0,0.0
2025-02-27 23:00:00,solar.bun_hsc#realenergyintotheload#kwh,BUNDOORA,0.0,0.017297164,-0.0022904042,0.0,0.0
2025-02-28 00:00:00,solar.bun_hsc#realenergyintotheload#kwh,BUNDOORA,0.0,-0.0040891236,-0.0023984853,0.0,0.0
2025-02-28 01:00:00,solar.bun_hsc#realenergyintotheload#kwh,BUNDOORA,0.0,-0.0030182719,-0.00033969193,0.0,0.0
2025-02-28 02:00:00,solar.bun_hsc#realenergyintotheload#kwh,BUNDOORA,0.0,-0.002872498,-0.00033969193,0.0,0.0
2025-02-28 03:00:00,solar.bun_hsc#realenergyintotheload#kwh,BUNDOORA,0.0,-0.002872498,-0.00033969193,0.0,0.0
2025-02-28 04:00:00,solar.bun_hsc#realenergyintotheload#kwh,BUNDOORA,0.0,-0.010072671,-0.00061953056,0.0,0.0
2025-02-28 05:00:00,solar.bun_hsc#realenergyintotheload#kwh,BUNDOORA,0.0,-0.010072671,-0.00061953056,0.0,0.0
2025-02-28 06:00:00,solar.bun_hsc#realenergyintotheload#kwh,BUNDOORA,0.0,-0.007782049,-0.0016800901,0.0,0.0
2025-02-28 07:00:00,solar.bun_hsc#realenergyintotheload#kwh,BUNDOORA,0.0,0.28895122,-0.00060670206,0.0,0.0
2025-02-28 08:00:00,solar.bun_hsc#realenergyintotheload#kwh,BUNDOORA,0.6875,2.2925935,3.770259,3.6585555,87.0
2025-02-28 09:00:00,solar.bun_hsc#realenergyintotheload#kwh,BUNDOORA,4.78125,12.025745,13.7736435,13.365565,283.0
2025-02-28 10:00:00,solar.bun_hsc#realenergyintotheload#kwh,BUNDOORA,14.78125,24.958431,25.19326,24.446846,502.0
2025-02-28 11:00:00,solar.bun_hsc#realenergyintotheload#kwh,BUNDOORA,25.375,29.047527,37.097195,35.998096,689.0
2025-02-28 12:00:00,solar.bun_hsc#realenergyintotheload#kwh,BUNDOORA,31.71875,33.72875,41.239292,40.017475,803.0
2025-02-28 13:00:00,solar.bun_hsc#realenergyintotheload#kwh,BUNDOORA,40.28125,43.038605,45.75129,44.395794,909.0
2025-02-28 14:00:00,solar.bun_hsc#realenergyintotheload#kwh,BUNDOORA,42.25,42.956818,46.604374,45.223602,919.0
2025-02-28 15:00:00,solar.bun_hsc#realenergyintotheload#kwh,BUNDOORA,41.40625,41.21451,44.063858,42.758354,876.0
2025-02-28 16:00:00,solar.bun_hsc#realenergyintotheload#kwh,BUNDOORA,40.4375,37.732567,39.982277,38.797703,769.0
2025-02-28 17:00:00,solar.bun_hsc#realenergyintotheload#kwh,BUNDOORA,33.375,28.771004,31.40993,30.479332,590.0
2025-02-28 18:00:00,solar.bun_hsc#realenergyintotheload#kwh,BUNDOORA,21.375,23.826206,23.342018,22.650452,415.0
2025-02-28 19:00:00,solar.bun_hsc#realenergyintotheload#kwh,BUNDOORA,4.4375,7.7825484,10.10313,9.8038,204.0
2025-02-28 20:00:00,solar.bun_hsc#realenergyintotheload#kwh,BUNDOORA,1.09375,2.3305507,0.5872384,0.56983995,17.0
2025-02-28 21:00:00,solar.bun_hsc#realenergyintotheload#kwh,BUNDOORA,0.0,0.34946817,-0.013009635,0.0,0.0
2025-02-28 22:00:00,solar.bun_hsc#realenergyintotheload#kwh,BUNDOORA,0.0,0.24627757,-0.00050140114,0.0,0.0
2025-02-28 23:00:00,solar.bun_hsc#realenergyintotheload#kwh,BUNDOORA,0.0,-0.024553657,-0.00049464044,0.0,0.0
2025-03-01 00:00:00,solar.bun_hsc#realenergyintotheload#kwh,BUNDOORA,0.0,-0.029762935,8.075149e-07,7.835902e-07,0.0
2025-03-01 01:00:00,solar.bun_hsc#realenergyintotheload#kwh,BUNDOORA,0.0,0.024527378,-0.0027733005,0.0,0.0
2025-03-01 02:00:00,solar.bun_hsc#realenergyintotheload#kwh,BUNDOORA,0.0,0.027601287,-0.0031303894,0.0,0.0
2025-03-01 03:00:00,solar.bun_hsc#realenergyintotheload#kwh,BUNDOORA,0.0,-0.0061682467,-0.0029768092,0.0,0.0
2025-03-01 04:00:00,solar.bun_hsc#realenergyintotheload#kwh,BUNDOORA,0.0,0.002541149,-0.0033384585,0.0,0.0
2025-03-01 05:00:00,solar.bun_hsc#realenergyintotheload#kwh,BUNDOORA,0.0,0.002541149,-0.0033384585,0.0,0.0
2025-03-01 06:00:00,solar.bun_hsc#realenergyintotheload#kwh,BUNDOORA,0.0,-0.009438008,-0.0029768092,0.0,0.0
2025-03-01 07:00:00,solar.bun_hsc#realenergyintotheload#kwh,BUNDOORA,0.0,0.43507564,-0.0026969705,0.0,0.0
2025-03-01 08:00:00,solar.bun_hsc#realenergyintotheload#kwh,BUNDOORA,0.8125,2.0581355,4.1278453,4.0055475,90.0
2025-03-01 09:00:00,solar.bun_hsc#realenergyintotheload#kwh,BUNDOORA,4.9375,4.771619,13.908853,13.496768,294.0
2025-03-01 10:00:00,solar.bun_hsc#realenergyintotheload#kwh,BUNDOORA,15.4375,12.736565,25.893625,25.126461,505.0
2025-03-01 11:00:00,solar.bun_hsc#realenergyintotheload#kwh,BUNDOORA,27.90625,28.07158,35.505207,34.453278,688.0
2025-03-01 12:00:00,solar.bun_hsc#realenergyintotheload#kwh,BUNDOORA,35.96875,36.76346,41.995247,40.751034,830.0
2025-03-01 13:00:00,solar.bun_hsc#realenergyintotheload#kwh,BUNDOORA,41.15625,43.34267,45.452976,44.10632,912.0
2025-03-01 14:00:00,solar.bun_hsc#realenergyintotheload#kwh,BUNDOORA,43.09375,44.39869,46.755978,45.370716,929.0
2025-03-01 15:00:00,solar.bun_hsc#realenergyintotheload#kwh,BUNDOORA,41.9375,40.87424,45.276527,43.935097,882.0
2025-03-01 16:00:00,solar.bun_hsc#realenergyintotheload#kwh,BUNDOORA,40.6875,37.528305,41.576656,40.344845,778.0
2025-03-01 17:00:00,solar.bun_hsc#realenergyintotheload#kwh,BUNDOORA,34.875,31.599253,33.9744,32.967823,620.0
2025-03-01 18:00:00,solar.bun_hsc#realenergyintotheload#kwh,BUNDOORA,22.15625,24.747793,22.881243,22.20333,418.0
2025-03-01 19:00:00,solar.bun_hsc#realenergyintotheload#kwh,BUNDOORA,3.3125,7.5536757,10.815781,10.495337,205.0
2025-03-01 20:00:00,solar.bun_hsc#realenergyintotheload#kwh,BUNDOORA,0.8125,1.852019,0.36708918,0.35621324,12.0
2025-03-01 21:00:00,solar.bun_hsc#realenergyintotheload#kwh,BUNDOORA,0.0,0.46715516,-0.005303951,0.0,0.0
2025-03-01 22:00:00,solar.bun_hsc#realenergyintotheload#kwh,BUNDOORA,0.0,-0.16676155,-0.0023868897,0.0,0.0
2025-03-01 23:00:00,solar.bun_hsc#realenergyintotheload#kwh,BUNDOORA,0.0,-0.0121312495,-0.004698895,0.0,0.0
2025-03-02 00:00:00,solar.bun_hsc#realenergyintotheload#kwh,BUNDOORA,0.0,0.1666751,-0.0039042234,0.0,0.0
2025-03-02 01:00:00,solar.bun_hsc#realenergyintotheload#kwh,BUNDOORA,0.0,0.10324175,-0.0023245714,0.0,0.0
2025-03-02 02:00:00,solar.bun_hsc#realenergyintotheload#kwh,BUNDOORA,0.0,0.049971506,-0.0024068675,0.0,0.0
2025-03-02 03:00:00,solar.bun_hsc#realenergyintotheload#kwh,BUNDOORA,0.0,0.028029986,-0.0025149488,0.0,0.0
2025-03-02 04:00:00,solar.bun_hsc#realenergyintotheload#kwh,BUNDOORA,0.0,0.0236325,-0.0012209717,0.0,0.0
2025-03-02 05:00:00,solar.bun_hsc#realenergyintotheload#kwh,BUNDOORA,0.0,0.02186465,-0.0004720524,0.0,0.0
2025-03-02 06:00:00,solar.bun_hsc#realenergyintotheload#kwh,BUNDOORA,0.0,0.14962411,-0.0004720524,0.0,0.0
2025-03-02 07:00:00,solar.bun_hsc#realenergyintotheload#kwh,BUNDOORA,0.0,0.48666787,-0.0004720524,0.0,0.0
2025-03-02 08:00:00,solar.bun_hsc#realenergyintotheload#kwh,BUNDOORA,1.28125,2.7014449,3.116066,3.0237448,68.0
2025-03-02 09:00:00,solar.bun_hsc#realenergyintotheload#kwh,BUNDOORA,4.84375,3.6510608,5.8341856,5.661333,123.0
2025-03-02 10:00:00,solar.bun_hsc#realenergyintotheload#kwh,BUNDOORA,4.5625,9.845432,10.364028,10.056968,210.0
2025-03-02 11:00:00,solar.bun_hsc#realenergyintotheload#kwh,BUNDOORA,5.4375,14.432964,13.637209,13.233172,267.0
2025-03-02 12:00:00,solar.bun_hsc#realenergyintotheload#kwh,BUNDOORA,12.25,17.564867,12.1274805,11.768173,247.0
2025-03-02 13:00:00,solar.bun_hsc#realenergyintotheload#kwh,BUNDOORA,9.5625,16.507023,14.863444,14.423078,304.0
2025-03-02 14:00:00,solar.bun_hsc#realenergyintotheload#kwh,BUNDOORA,31.59375,31.57483,38.341198,37.205242,749.0
2025-03-02 15:00:00,solar.bun_hsc#realenergyintotheload#kwh,BUNDOORA,29.75,21.986675,23.52962,22.832495,442.0
2025-03-02 16:00:00,solar.bun_hsc#realenergyintotheload#kwh,BUNDOORA,13.25,16.777132,11.872711,11.520952,231.0
2025-03-02 17:00:00,solar.bun_hsc#realenergyintotheload#kwh,BUNDOORA,13.53125,16.195944,12.412386,12.044638,233.0
2025-03-02 18:00:00,solar.bun_hsc#realenergyintotheload#kwh,BUNDOORA,10.4375,14.284132,13.32849,12.9336,258.0
2025-03-02 19:00:00,solar.bun_hsc#realenergyintotheload#kwh,BUNDOORA,4.40625,6.697367,10.751989,10.4334345,197.0
2025-03-02 20:00:00,solar.bun_hsc#realenergyintotheload#kwh,BUNDOORA,0.71875,1.4691492,0.80292654,0.77913785,21.0
2025-03-02 21:00:00,solar.bun_hsc#realenergyintotheload#kwh,BUNDOORA,0.0,-0.2766469,0.0039361105,0.0038194933,0.0
2025-03-02 22:00:00,solar.bun_hsc#realenergyintotheload#kwh,BUNDOORA,0.0,-0.18226382,0.0054180687,0.005257545,0.0
2025-03-02 23:00:00,solar.bun_hsc#realenergyintotheload#kwh,BUNDOORA,0.0,-0.08775992,0.002817111,0.0027336471,0.0
2025-03-03 00:00:00,solar.bun_hsc#realenergyintotheload#kwh,BUNDOORA,0.0,0.19468455,0.0020777811,0.0020162216,0.0
2025-03-03 01:00:00,solar.bun_hsc#realenergyintotheload#kwh,BUNDOORA,0.0,0.10262682,0.0027602622,0.0026784826,0.0
2025-03-03 02:00:00,solar.bun_hsc#realenergyintotheload#kwh,BUNDOORA,0.0,0.06958082,0.0038416353,0.0037278172,0.0
2025-03-03 03:00:00,solar.bun_hsc#realenergyintotheload#kwh,BUNDOORA,0.0,0.06442014,0.003688055,0.0035787872,0.0
2025-03-03 04:00:00,solar.bun_hsc#realenergyintotheload#kwh,BUNDOORA,0.0,0.0074547767,0.0036235312,0.003516175,0.0
2025-03-03 05:00:00,solar.bun_hsc#realenergyintotheload#kwh,BUNDOORA,0.0,0.020379739,0.0038483967,0.0037343784,0.0
2025-03-03 06:00:00,solar.bun_hsc#realenergyintotheload#kwh,BUNDOORA,0.0,0.06232828,0.0036948165,0.0035853484,0.0
2025-03-03 07:00:00,solar.bun_hsc#realenergyintotheload#kwh,BUNDOORA,0.0,0.77793515,0.0036948165,0.0035853484,0.0
2025-03-03 08:00:00,solar.bun_hsc#realenergyintotheload#kwh,BUNDOORA,0.96875,2.1566567,3.1866426,3.0922303,62.0
2025-03-03 09:00:00,solar.bun_hsc#realenergyintotheload#kwh,BUNDOORA,5.8125,9.898538,11.334124,10.998322,258.0
2025-03-03 10:00:00,solar.bun_hsc#realenergyintotheload#kwh,BUNDOORA,14.03125,24.60185,26.425508,25.642586,505.0
2025-03-03 11:00:00,solar.bun_hsc#realenergyintotheload#kwh,BUNDOORA,27.09375,31.065945,36.56117,35.47795,690.0
2025-03-03 12:00:00,solar.bun_hsc#realenergyintotheload#kwh,BUNDOORA,36.875,39.27104,43.130436,41.85259,826.0
2025-03-03 13:00:00,solar.bun_hsc#realenergyintotheload#kwh,BUNDOORA,42.65625,43.852345,47.41141,46.00673,907.0
2025-03-03 14:00:00,solar.bun_hsc#realenergyintotheload#kwh,BUNDOORA,45.1875,43.29815,46.814827,45.427822,925.0
2025-03-03 15:00:00,solar.bun_hsc#realenergyintotheload#kwh,BUNDOORA,45.125,40.637848,45.66456,44.31163,877.0
2025-03-03 16:00:00,solar.bun_hsc#realenergyintotheload#kwh,BUNDOORA,42.46875,36.06744,41.522533,40.292324,770.0
2025-03-03 17:00:00,solar.bun_hsc#realenergyintotheload#kwh,BUNDOORA,36.34375,33.105255,34.759098,33.72927,610.0
2025-03-03 18:00:00,solar.bun_hsc#realenergyintotheload#kwh,BUNDOORA,21.84375,18.403578,22.330797,21.669191,413.0
2025-03-03 19:00:00,solar.bun_hsc#realenergyintotheload#kwh,BUNDOORA,4.3125,9.333323,10.460697,10.150773,201.0
2025-03-03 20:00:00,solar.bun_hsc#realenergyintotheload#kwh,BUNDOORA,0.71875,1.4269012,0.59306765,0.57549655,18.0
2025-03-03 21:00:00,solar.bun_hsc#realenergyintotheload#kwh,BUNDOORA,0.0,-0.3095344,-0.0017405004,0.0,0.0
2025-03-03 22:00:00,solar.bun_hsc#realenergyintotheload#kwh,BUNDOORA,0.0,0.0017728484,-0.00083108025,0.0,0.0
2025-03-03 23:00:00,solar.bun_hsc#realenergyintotheload#kwh,BUNDOORA,0.0,0.042996548,-0.00081281655,0.0,0.0
2025-03-04 00:00:00,solar.bun_hsc#realenergyintotheload#kwh,BUNDOORA,0.0,0.06694484,0.00083463977,0.00080991146,0.0
2025-03-04 01:00:00,solar.bun_hsc#realenergyintotheload#kwh,BUNDOORA,0.0,0.0016297859,0.0041620554,0.004038744,0.0
2025-03-04 02:00:00,solar.bun_hsc#realenergyintotheload#kwh,BUNDOORA,0.0,-0.0050766678,0.0027215579,0.0026409249,0.0
2025-03-04 03:00:00,solar.bun_hsc#realenergyintotheload#kwh,BUNDOORA,0.0,-0.002852174,0.001134825,0.001101203,0.0
2025-03-04 04:00:00,solar.bun_hsc#realenergyintotheload#kwh,BUNDOORA,0.0,-0.00625928,0.001134825,0.001101203,0.0
2025-03-04 05:00:00,solar.bun_hsc#realenergyintotheload#kwh,BUNDOORA,0.0,-0.01751491,0.00077317597,0.0007502687,0.0
2025-03-04 06:00:00,solar.bun_hsc#realenergyintotheload#kwh,BUNDOORA,0.0,-0.02161515,0.00077317597,0.0007502687,0.0
2025-03-04 07:00:00,solar.bun_hsc#realenergyintotheload#kwh,BUNDOORA,0.0,0.036316942,0.0010530145,0.0010218164,0.0
2025-03-04 08:00:00,solar.bun_hsc#realenergyintotheload#kwh,BUNDOORA,0.71875,0.8242939,3.8007073,3.6881018,83.0
2025-03-04 09:00:00,solar.bun_hsc#realenergyintotheload#kwh,BUNDOORA,4.625,3.816462,13.361812,12.965935,286.0
2025-03-04 10:00:00,solar.bun_hsc#realenergyintotheload#kwh,BUNDOORA,14.6875,11.688616,26.099669,25.3264,494.0
2025-03-04 11:00:00,solar.bun_hsc#realenergyintotheload#kwh,BUNDOORA,26.15625,31.02951,37.645664,36.530315,683.0
2025-03-04 12:00:00,solar.bun_hsc#realenergyintotheload#kwh,BUNDOORA,34.78125,39.163055,43.212917,41.932625,822.0
2025-03-04 13:00:00,solar.bun_hsc#realenergyintotheload#kwh,BUNDOORA,40.40625,44.904564,45.705395,44.351257,903.0
2025-03-04 14:00:00,solar.bun_hsc#realenergyintotheload#kwh,BUNDOORA,42.4375,43.747055,46.604877,45.22409,920.0
2025-03-04 15:00:00,solar.bun_hsc#realenergyintotheload#kwh,BUNDOORA,42.40625,42.107574,43.63962,42.346687,873.0
2025-03-04 16:00:00,solar.bun_hsc#realenergyintotheload#kwh,BUNDOORA,39.6875,39.78509,40.85065,39.640347,765.0
2025-03-04 17:00:00,solar.bun_hsc#realenergyintotheload#kwh,BUNDOORA,33.1875,32.553337,33.075363,32.095425,605.0
2025-03-04 18:00:00,solar.bun_hsc#realenergyintotheload#kwh,BUNDOORA,16.34375,18.32688,22.16312,21.506483,409.0
2025-03-04 19:00:00,solar.bun_hsc#realenergyintotheload#kwh,BUNDOORA,3.84375,10.6667795,10.118294,9.818514,196.0
2025-03-04 20:00:00,solar.bun_hsc#realenergyintotheload#kwh,BUNDOORA,0.59375,1.2501875,0.583832,0.5665345,16.0
2025-03-04 21:00:00,solar.bun_hsc#realenergyintotheload#kwh,BUNDOORA,0.0,0.020868003,-0.0025560868,0.0,0.0
2025-03-04 22:00:00,solar.bun_hsc#realenergyintotheload#kwh,BUNDOORA,0.0,0.10444142,0.017128278,0.01662081,0.0
2025-03-04 23:00:00,solar.bun_hsc#realenergyintotheload#kwh,BUNDOORA,0.0,0.30175766,0.0026951507,0.0026153,0.0
2025-03-05 00:00:00,solar.bun_hsc#realenergyintotheload#kwh,BUNDOORA,0.0,0.2785536,-0.02021909,0.0,0.0
2025-03-05 01:00:00,solar.bun_hsc#realenergyintotheload#kwh,BUNDOORA,0.0,0.20315541,0.00013744013,0.00013336813,0.0
2025-03-05 02:00:00,solar.bun_hsc#realenergyintotheload#kwh,BUNDOORA,0.0,0.23688856,0.00044634842,0.00043312422,0.0
2025-03-05 03:00:00,solar.bun_hsc#realenergyintotheload#kwh,BUNDOORA,0.0,0.64641947,0.00096987933,0.00094114424,0.0
2025-03-05 04:00:00,solar.bun_hsc#realenergyintotheload#kwh,BUNDOORA,0.0,0.4964508,0.009483927,0.009202942,0.0
2025-03-05 05:00:00,solar.bun_hsc#realenergyintotheload#kwh,BUNDOORA,0.0,0.31750545,-0.0040104054,0.0,0.0
2025-03-05 06:00:00,solar.bun_hsc#realenergyintotheload#kwh,BUNDOORA,0.0,0.06170136,0.016507864,0.016018778,0.0
2025-03-05 07:00:00,solar.bun_hsc#realenergyintotheload#kwh,BUNDOORA,0.0,-0.078763984,0.0065184133,0.006325289,0.0
2025-03-05 08:00:00,solar.bun_hsc#realenergyintotheload#kwh,BUNDOORA,0.59375,3.5968373,3.733543,3.6229274,83.0
2025-03-05 09:00:00,solar.bun_hsc#realenergyintotheload#kwh,BUNDOORA,3.875,14.17763,13.51404,13.113653,286.0
2025-03-05 10:00:00,solar.bun_hsc#realenergyintotheload#kwh,BUNDOORA,14.125,25.631613,26.644943,25.85552,492.0
2025-03-05 11:00:00,solar.bun_hsc#realenergyintotheload#kwh,BUNDOORA,23.3125,34.94153,37.301167,36.196026,673.0
2025-03-05 12:00:00,solar.bun_hsc#realenergyintotheload#kwh,BUNDOORA,30.34375,42.047935,42.39064,41.134712,809.0
2025-03-05 13:00:00,solar.bun_hsc#realenergyintotheload#kwh,BUNDOORA,39.75,42.997604,45.28209,43.940495,889.0
2025-03-05 14:00:00,solar.bun_hsc#realenergyintotheload#kwh,BUNDOORA,41.78125,40.082718,45.190815,43.851925,907.0
2025-03-05 15:00:00,solar.bun_hsc#realenergyintotheload#kwh,BUNDOORA,41.0,40.350388,43.50936,42.220287,859.0
2025-03-05 16:00:00,solar.bun_hsc#realenergyintotheload#kwh,BUNDOORA,33.25,35.82275,39.832176,38.65205,751.0
2025-03-05 17:00:00,solar.bun_hsc#realenergyintotheload#kwh,BUNDOORA,29.71875,28.354462,31.25984,30.333689,592.0
2025-03-05 18:00:00,solar.bun_hsc#realenergyintotheload#kwh,BUNDOORA,19.375,19.46935,21.346163,20.71373,397.0
2025-03-05 19:00:00,solar.bun_hsc#realenergyintotheload#kwh,BUNDOORA,4.28125,7.7669296,8.763723,8.504076,188.0
2025-03-05 20:00:00,solar.bun_hsc#realenergyintotheload#kwh,BUNDOORA,0.78125,1.1964246,0.37346658,0.3624017,13.0
2025-03-05 21:00:00,solar.bun_hsc#realenergyintotheload#kwh,BUNDOORA,0.0,0.10773275,-0.0015215521,0.0,0.0
2025-03-05 22:00:00,solar.bun_hsc#realenergyintotheload#kwh,BUNDOORA,0.0,0.0865021,-0.0019944133,0.0,0.0
2025-03-05 23:00:00,solar.bun_hsc#realenergyintotheload#kwh,BUNDOORA,0.0,-0.03351889,-0.0005981786,0.0,0.0
2025-03-06 00:00:00,solar.bun_hsc#realenergyintotheload#kwh,BUNDOORA,0.0,0.0084179435,0.0014406621,0.0013979789,0.0
2025-03-06 01:00:00,solar.bun_hsc#realenergyintotheload#kwh,BUNDOORA,0.0,0.028154304,0.0016309109,0.0015825911,0.0
2025-03-06 02:00:00,solar.bun_hsc#realenergyintotheload#kwh,BUNDOORA,0.0,0.013451818,0.0029755887,0.0028874294,0.0
2025-03-06 03:00:00,solar.bun_hsc#realenergyintotheload#kwh,BUNDOORA,0.0,-0.06803351,0.0027987384,0.0027158188,0.0
2025-03-06 04:00:00,solar.bun_hsc#realenergyintotheload#kwh,BUNDOORA,0.0,0.03967355,0.0027987384,0.0027158188,0.0
2025-03-06 05:00:00,solar.bun_hsc#realenergyintotheload#kwh,BUNDOORA,0.0,0.03967355,0.0015715836,0.0015250215,0.0
2025-03-06 06:00:00,solar.bun_hsc#realenergyintotheload#kwh,BUNDOORA,0.0,0.036126196,0.0010858971,0.0010537247,0.0
2025-03-06 07:00:00,solar.bun_hsc#realenergyintotheload#kwh,BUNDOORA,0.0,0.66785663,0.0010858971,0.0010537247,0.0
2025-03-06 08:00:00,solar.bun_hsc#realenergyintotheload#kwh,BUNDOORA,0.71875,1.3042681,0.82604855,0.8015748,22.0
2025-03-06 09:00:00,solar.bun_hsc#realenergyintotheload#kwh,BUNDOORA,3.71875,3.6865473,3.8568738,3.7426043,81.0
2025-03-06 10:00:00,solar.bun_hsc#realenergyintotheload#kwh,BUNDOORA,2.28125,8.011932,11.174506,10.843433,214.0
2025-03-06 11:00:00,solar.bun_hsc#realenergyintotheload#kwh,BUNDOORA,10.0,15.888272,11.143039,10.812899,224.0
2025-03-06 12:00:00,solar.bun_hsc#realenergyintotheload#kwh,BUNDOORA,11.90625,14.606564,12.827149,12.447113,255.0
2025-03-06 13:00:00,solar.bun_hsc#realenergyintotheload#kwh,BUNDOORA,15.21875,21.805,17.217844,16.707722,344.0
2025-03-06 14:00:00,solar.bun_hsc#realenergyintotheload#kwh,BUNDOORA,18.09375,23.249918,18.479156,17.931665,368.0
2025-03-06 15:00:00,solar.bun_hsc#realenergyintotheload#kwh,BUNDOORA,22.28125,27.06838,31.679037,30.740467,608.0
2025-03-06 16:00:00,solar.bun_hsc#realenergyintotheload#kwh,BUNDOORA,26.625,25.798363,33.45357,32.462425,629.0
2025-03-06 17:00:00,solar.bun_hsc#realenergyintotheload#kwh,BUNDOORA,21.9375,21.770105,23.849348,23.142752,458.0
2025-03-06 18:00:00,solar.bun_hsc#realenergyintotheload#kwh,BUNDOORA,16.8125,11.751586,14.371982,13.946176,308.0
2025-03-06 19:00:00,solar.bun_hsc#realenergyintotheload#kwh,BUNDOORA,6.15625,9.815745,4.3109074,4.183186,126.0
2025-03-06 20:00:00,solar.bun_hsc#realenergyintotheload#kwh,BUNDOORA,1.5625,1.2487806,0.14991371,0.14547214,7.0
2025-03-06 21:00:00,solar.bun_hsc#realenergyintotheload#kwh,BUNDOORA,0.0,0.14367846,0.0028433558,0.0027591141,0.0
2025-03-06 22:00:00,solar.bun_hsc#realenergyintotheload#kwh,BUNDOORA,0.0,0.013026158,0.0003707942,0.0003598085,0.0
2025-03-06 23:00:00,solar.bun_hsc#realenergyintotheload#kwh,BUNDOORA,0.0,0.049015652,0.00044207857,0.0004289809,0.0
2025-03-07 00:00:00,solar.bun_hsc#realenergyintotheload#kwh,BUNDOORA,0.0,0.09143792,0.0003385879,0.0003285564,0.0
2025-03-07 01:00:00,solar.bun_hsc#realenergyintotheload#kwh,BUNDOORA,0.0,-0.05286169,-0.00045928152,0.0,0.0
2025-03-07 02:00:00,solar.bun_hsc#realenergyintotheload#kwh,BUNDOORA,0.0,-0.019171884,-0.0016791085,0.0,0.0
2025-03-07 03:00:00,solar.bun_hsc#realenergyintotheload#kwh,BUNDOORA,0.0,-0.008564401,-0.002833315,0.0,0.0
2025-03-07 04:00:00,solar.bun_hsc#realenergyintotheload#kwh,BUNDOORA,0.0,-0.0133735705,-0.003182136,0.0,0.0
2025-03-07 05:00:00,solar.bun_hsc#realenergyintotheload#kwh,BUNDOORA,0.0,-0.024559435,-0.003182136,0.0,0.0
2025-03-07 06:00:00,solar.bun_hsc#realenergyintotheload#kwh,BUNDOORA,0.0,0.011430526,-0.0029022973,0.0,0.0
2025-03-07 07:00:00,solar.bun_hsc#realenergyintotheload#kwh,BUNDOORA,0.0,0.07865237,-0.0029022973,0.0,0.0
2025-03-07 08:00:00,solar.bun_hsc#realenergyintotheload#kwh,BUNDOORA,0.59375,0.6867368,3.103284,3.0113413,71.0
2025-03-07 09:00:00,solar.bun_hsc#realenergyintotheload#kwh,BUNDOORA,3.96875,5.0395403,12.571292,12.198836,271.0
2025-03-07 10:00:00,solar.bun_hsc#realenergyintotheload#kwh,BUNDOORA,13.75,10.661928,21.745077,21.100824,479.0
2025-03-07 11:00:00,solar.bun_hsc#realenergyintotheload#kwh,BUNDOORA,25.8125,21.273027,35.739323,34.680454,663.0
2025-03-07 12:00:00,solar.bun_hsc#realenergyintotheload#kwh,BUNDOORA,34.25,37.467255,41.576565,40.344753,804.0
2025-03-07 13:00:00,solar.bun_hsc#realenergyintotheload#kwh,BUNDOORA,39.5,41.269253,44.372017,43.057384,887.0
2025-03-07 14:00:00,solar.bun_hsc#realenergyintotheload#kwh,BUNDOORA,41.65625,43.43049,46.671215,45.288464,906.0
2025-03-07 15:00:00,solar.bun_hsc#realenergyintotheload#kwh,BUNDOORA,41.65625,42.33535,43.73987,42.443966,860.0
2025-03-07 16:00:00,solar.bun_hsc#realenergyintotheload#kwh,BUNDOORA,38.78125,39.931343,40.090942,38.90315,752.0
2025-03-07 17:00:00,solar.bun_hsc#realenergyintotheload#kwh,BUNDOORA,32.875,32.285988,31.828072,30.885086,593.0
2025-03-07 18:00:00,solar.bun_hsc#realenergyintotheload#kwh,BUNDOORA,18.46875,20.761744,22.231197,21.572542,398.0
2025-03-07 19:00:00,solar.bun_hsc#realenergyintotheload#kwh,BUNDOORA,3.4375,7.5489388,8.776223,8.516206,184.0
2025-03-07 20:00:00,solar.bun_hsc#realenergyintotheload#kwh,BUNDOORA,0.46875,0.73309124,0.3442423,0.33404326,10.0
2025-03-07 21:00:00,solar.bun_hsc#realenergyintotheload#kwh,BUNDOORA,0.0,0.059191972,-0.0011410718,0.0,0.0
2025-03-07 22:00:00,solar.bun_hsc#realenergyintotheload#kwh,BUNDOORA,0.0,0.11672231,0.0022614663,0.0021944647,0.0
2025-03-07 23:00:00,solar.bun_hsc#realenergyintotheload#kwh,BUNDOORA,0.0,0.22395055,-0.016173914,0.0,0.0
2025-03-08 00:00:00,solar.bun_hsc#realenergyintotheload#kwh,BUNDOORA,0.0,-0.074355565,-0.0027124053,0.0,0.0
2025-03-08 01:00:00,solar.bun_hsc#realenergyintotheload#kwh,BUNDOORA,0.0,-0.003623954,-0.0024325666,0.0,0.0
2025-03-08 02:00:00,solar.bun_hsc#realenergyintotheload#kwh,BUNDOORA,0.0,0.038126536,-0.002172582,0.0,0.0
2025-03-08 03:00:00,solar.bun_hsc#realenergyintotheload#kwh,BUNDOORA,0.0,0.017223325,-0.0025406478,0.0,0.0
2025-03-08 04:00:00,solar.bun_hsc#realenergyintotheload#kwh,BUNDOORA,0.0,-0.01690575,-0.0031349498,0.0,0.0
2025-03-08 05:00:00,solar.bun_hsc#realenergyintotheload#kwh,BUNDOORA,0.0,0.0033359346,-0.0031349498,0.0,0.0
2025-03-08 06:00:00,solar.bun_hsc#realenergyintotheload#kwh,BUNDOORA,0.0,0.0033359346,-0.0031349498,0.0,0.0
2025-03-08 07:00:00,solar.bun_hsc#realenergyintotheload#kwh,BUNDOORA,0.0,0.63817364,-0.0030642727,0.0,0.0
2025-03-08 08:00:00,solar.bun_hsc#realenergyintotheload#kwh,BUNDOORA,0.46875,1.6598581,3.1706097,3.0766726,74.0
2025-03-08 09:00:00,solar.bun_hsc#realenergyintotheload#kwh,BUNDOORA,3.375,12.758005,12.747072,12.369409,279.0
2025-03-08 10:00:00,solar.bun_hsc#realenergyintotheload#kwh,BUNDOORA,13.875,20.44675,26.60803,25.8197,491.0
2025-03-08 11:00:00,solar.bun_hsc#realenergyintotheload#kwh,BUNDOORA,26.84375,32.760445,36.646603,35.560856,675.0
2025-03-08 12:00:00,solar.bun_hsc#realenergyintotheload#kwh,BUNDOORA,35.5625,41.63881,43.07382,41.79765,814.0
2025-03-08 13:00:00,solar.bun_hsc#realenergyintotheload#kwh,BUNDOORA,39.90625,42.91956,46.148746,44.781475,896.0
2025-03-08 14:00:00,solar.bun_hsc#realenergyintotheload#kwh,BUNDOORA,42.40625,39.813686,46.30516,44.933254,915.0
2025-03-08 15:00:00,solar.bun_hsc#realenergyintotheload#kwh,BUNDOORA,42.15625,39.36545,43.718864,42.423584,867.0
2025-03-08 16:00:00,solar.bun_hsc#realenergyintotheload#kwh,BUNDOORA,39.25,37.55695,40.06731,38.880215,758.0
2025-03-08 17:00:00,solar.bun_hsc#realenergyintotheload#kwh,BUNDOORA,29.46875,33.237938,31.090359,30.16923,596.0
2025-03-08 18:00:00,solar.bun_hsc#realenergyintotheload#kwh,BUNDOORA,18.5625,17.471779,22.767723,22.093172,402.0
2025-03-08 19:00:00,solar.bun_hsc#realenergyintotheload#kwh,BUNDOORA,3.0,9.7999525,9.833718,9.54237,184.0
2025-03-08 20:00:00,solar.bun_hsc#realenergyintotheload#kwh,BUNDOORA,0.34375,0.7167872,0.19580247,0.19000132,8.0
2025-03-08 21:00:00,solar.bun_hsc#realenergyintotheload#kwh,BUNDOORA,0.0,0.4313688,0.0006244281,0.00060592784,0.0
2025-03-08 22:00:00,solar.bun_hsc#realenergyintotheload#kwh,BUNDOORA,0.0,0.19455914,0.0030166523,0.0029272765,0.0
2025-03-08 23:00:00,solar.bun_hsc#realenergyintotheload#kwh,BUNDOORA,0.0,0.30980977,0.014372538,0.013946716,0.0
2025-03-09 00:00:00,solar.bun_hsc#realenergyintotheload#kwh,BUNDOORA,0.0,0.47166705,0.00080669735,0.00078279694,0.0
2025-03-09 01:00:00,solar.bun_hsc#realenergyintotheload#kwh,BUNDOORA,0.0,0.25348005,0.00023013161,0.00022331339,0.0
2025-03-09 02:00:00,solar.bun_hsc#realenergyintotheload#kwh,BUNDOORA,0.0,0.34595576,-0.00035128027,0.0,0.0
2025-03-09 03:00:00,solar.bun_hsc#realenergyintotheload#kwh,BUNDOORA,0.0,0.10072773,0.0007633262,0.00074071076,0.0
2025-03-09 04:00:00,solar.bun_hsc#realenergyintotheload#kwh,BUNDOORA,0.0,0.30567878,0.0043966915,0.0042664283,0.0
2025-03-09 05:00:00,solar.bun_hsc#realenergyintotheload#kwh,BUNDOORA,0.0,0.62065333,0.015444422,0.014986843,0.0
2025-03-09 06:00:00,solar.bun_hsc#realenergyintotheload#kwh,BUNDOORA,0.0,0.41478607,-0.005779929,0.0,0.0
2025-03-09 07:00:00,solar.bun_hsc#realenergyintotheload#kwh,BUNDOORA,0.0,0.53445756,-0.010449502,0.0,0.0
2025-03-09 08:00:00,solar.bun_hsc#realenergyintotheload#kwh,BUNDOORA,0.5625,3.2365222,3.0698476,2.9788957,66.0
2025-03-09 09:00:00,solar.bun_hsc#realenergyintotheload#kwh,BUNDOORA,3.3125,11.682836,12.898365,12.516219,263.0
2025-03-09 10:00:00,solar.bun_hsc#realenergyintotheload#kwh,BUNDOORA,12.25,20.35433,25.328705,24.57828,476.0
2025-03-09 11:00:00,solar.bun_hsc#realenergyintotheload#kwh,BUNDOORA,22.0,31.847977,35.360806,34.313152,645.0
2025-03-09 12:00:00,solar.bun_hsc#realenergyintotheload#kwh,BUNDOORA,27.5,29.440208,38.869987,37.71837,746.0
2025-03-09 13:00:00,solar.bun_hsc#realenergyintotheload#kwh,BUNDOORA,32.53125,41.112408,44.165493,42.85698,867.0
2025-03-09 14:00:00,solar.bun_hsc#realenergyintotheload#kwh,BUNDOORA,37.90625,41.26435,44.000954,42.697315,881.0
2025-03-09 15:00:00,solar.bun_hsc#realenergyintotheload#kwh,BUNDOORA,41.09375,40.05198,41.571552,40.33989,832.0
2025-03-09 16:00:00,solar.bun_hsc#realenergyintotheload#kwh,BUNDOORA,30.34375,30.709982,36.33605,35.259502,697.0
2025-03-09 17:00:00,solar.bun_hsc#realenergyintotheload#kwh,BUNDOORA,28.9375,22.20697,28.044468,27.213581,535.0
2025-03-09 18:00:00,solar.bun_hsc#realenergyintotheload#kwh,BUNDOORA,10.0625,8.061615,8.893294,8.629808,184.0
2025-03-09 19:00:00,solar.bun_hsc#realenergyintotheload#kwh,BUNDOORA,3.25,3.647305,2.4713964,2.3981752,54.0
2025-03-09 20:00:00,solar.bun_hsc#realenergyintotheload#kwh,BUNDOORA,0.53125,0.19779825,0.020187555,0.019589448,1.0
2025-03-09 21:00:00,solar.bun_hsc#realenergyintotheload#kwh,BUNDOORA,0.0,0.009805575,0.015152787,0.0147038475,0.0
2025-03-09 22:00:00,solar.bun_hsc#realenergyintotheload#kwh,BUNDOORA,0.0,0.29450983,0.019465609,0.01888889,0.0
2025-03-09 23:00:00,solar.bun_hsc#realenergyintotheload#kwh,BUNDOORA,0.0,0.070039816,0.02505512,0.0243128,0.0
2025-03-10 00:00:00,solar.bun_hsc#realenergyintotheload#kwh,BUNDOORA,0.0,0.0054931333,0.0012239586,0.0011876958,0.0
2025-03-10 01:00:00,solar.bun_hsc#realenergyintotheload#kwh,BUNDOORA,0.0,-0.032840017,0.003470413,0.0033675933,0.0
2025-03-10 02:00:00,solar.bun_hsc#realenergyintotheload#kwh,BUNDOORA,0.0,-0.006010779,0.0017487155,0.0016969055,0.0
2025-03-10 03:00:00,solar.bun_hsc#realenergyintotheload#kwh,BUNDOORA,0.0,-0.022819236,-0.019465854,0.0,0.0
2025-03-10 04:00:00,solar.bun_hsc#realenergyintotheload#kwh,BUNDOORA,0.0,0.021856038,-0.00014310656,0.0,0.0
2025-03-10 05:00:00,solar.bun_hsc#realenergyintotheload#kwh,BUNDOORA,0.0,0.16307753,-0.0008097192,0.0,0.0
2025-03-10 06:00:00,solar.bun_hsc#realenergyintotheload#kwh,BUNDOORA,0.0,0.15785694,0.0016229257,0.0015748425,0.0
2025-03-10 07:00:00,solar.bun_hsc#realenergyintotheload#kwh,BUNDOORA,0.0,0.49952713,0.0013160837,0.0012770914,0.0
2025-03-10 08:00:00,solar.bun_hsc#realenergyintotheload#kwh,BUNDOORA,1.46875,3.300134,2.3288069,2.2598102,53.0
2025-03-10 09:00:00,solar.bun_hsc#realenergyintotheload#kwh,BUNDOORA,3.75,11.444038,9.117025,8.84691,227.0
2025-03-10 10:00:00,solar.bun_hsc#realenergyintotheload#kwh,BUNDOORA,12.59375,25.112864,24.254032,23.535446,454.0
2025-03-10 11:00:00,solar.bun_hsc#realenergyintotheload#kwh,BUNDOORA,24.78125,28.612566,32.75031,31.779999,634.0
2025-03-10 12:00:00,solar.bun_hsc#realenergyintotheload#kwh,BUNDOORA,33.0,37.150578,40.05762,38.870815,769.0
2025-03-10 13:00:00,solar.bun_hsc#realenergyintotheload#kwh,BUNDOORA,38.53125,39.545975,43.438744,42.151764,848.0
2025-03-10 14:00:00,solar.bun_hsc#realenergyintotheload#kwh,BUNDOORA,42.875,38.639175,44.52794,43.208687,853.0
2025-03-10 15:00:00,solar.bun_hsc#realenergyintotheload#kwh,BUNDOORA,41.3125,40.009857,42.559208,41.298286,821.0
2025-03-10 16:00:00,solar.bun_hsc#realenergyintotheload#kwh,BUNDOORA,37.71875,36.102066,37.220417,36.11767,716.0
2025-03-10 17:00:00,solar.bun_hsc#realenergyintotheload#kwh,BUNDOORA,31.8125,30.583931,29.884598,28.999191,560.0
2025-03-10 18:00:00,solar.bun_hsc#realenergyintotheload#kwh,BUNDOORA,16.28125,19.254274,19.470066,18.893217,367.0
2025-03-10 19:00:00,solar.bun_hsc#realenergyintotheload#kwh,BUNDOORA,2.6875,6.8211327,7.915974,7.6814437,161.0
2025-03-10 20:00:00,solar.bun_hsc#realenergyintotheload#kwh,BUNDOORA,0.21875,0.46217045,0.06100044,0.05919315,3.0
2025-03-10 21:00:00,solar.bun_hsc#realenergyintotheload#kwh,BUNDOORA,0.0,0.015067662,0.036959987,0.035864957,0.0
2025-03-10 22:00:00,solar.bun_hsc#realenergyintotheload#kwh,BUNDOORA,0.0,0.05627521,-0.0013997569,0.0,0.0
2025-03-10 23:00:00,solar.bun_hsc#realenergyintotheload#kwh,BUNDOORA,0.0,-0.064034134,0.0018711773,0.0018157391,0.0
2025-03-11 00:00:00,solar.bun_hsc#realenergyintotheload#kwh,BUNDOORA,0.0,0.14071521,0.0011288614,0.0010954161,0.0
2025-03-11 01:00:00,solar.bun_hsc#realenergyintotheload#kwh,BUNDOORA,0.0,0.20966569,0.0016445734,0.0015958488,0.0
2025-03-11 02:00:00,solar.bun_hsc#realenergyintotheload#kwh,BUNDOORA,0.0,0.25454733,0.0016445734,0.0015958488,0.0
2025-03-11 03:00:00,solar.bun_hsc#realenergyintotheload#kwh,BUNDOORA,0.0,0.14326501,0.00056504994,0.0005483089,0.0
2025-03-11 04:00:00,solar.bun_hsc#realenergyintotheload#kwh,BUNDOORA,0.0,0.15762337,-0.0027777532,0.0,0.0
2025-03-11 05:00:00,solar.bun_hsc#realenergyintotheload#kwh,BUNDOORA,0.0,0.05363287,-0.002490189,0.0,0.0
2025-03-11 06:00:00,solar.bun_hsc#realenergyintotheload#kwh,BUNDOORA,0.0,-0.0072712186,-0.003559301,0.0,0.0
2025-03-11 07:00:00,solar.bun_hsc#realenergyintotheload#kwh,BUNDOORA,0.0,0.44220433,-0.0027421578,0.0,0.0
2025-03-11 08:00:00,solar.bun_hsc#realenergyintotheload#kwh,BUNDOORA,0.84375,1.9853201,1.7904449,1.7373984,39.0
2025-03-11 09:00:00,solar.bun_hsc#realenergyintotheload#kwh,BUNDOORA,4.65625,10.531618,8.936094,8.67134,192.0
2025-03-11 10:00:00,solar.bun_hsc#realenergyintotheload#kwh,BUNDOORA,12.625,22.586237,20.00931,19.416485,391.0
2025-03-11 11:00:00,solar.bun_hsc#realenergyintotheload#kwh,BUNDOORA,18.0625,24.804077,33.171806,32.189007,600.0
2025-03-11 12:00:00,solar.bun_hsc#realenergyintotheload#kwh,BUNDOORA,30.375,37.62355,40.306873,39.112682,773.0
2025-03-11 13:00:00,solar.bun_hsc#realenergyintotheload#kwh,BUNDOORA,32.34375,35.74948,40.658184,39.453583,811.0
2025-03-11 14:00:00,solar.bun_hsc#realenergyintotheload#kwh,BUNDOORA,39.09375,40.795567,43.358295,42.073696,869.0
2025-03-11 15:00:00,solar.bun_hsc#realenergyintotheload#kwh,BUNDOORA,35.0625,40.708256,41.296406,40.072895,820.0
2025-03-11 16:00:00,solar.bun_hsc#realenergyintotheload#kwh,BUNDOORA,35.375,32.19253,35.797794,34.737194,689.0
2025-03-11 17:00:00,solar.bun_hsc#realenergyintotheload#kwh,BUNDOORA,23.84375,28.77583,28.293285,27.455027,549.0
2025-03-11 18:00:00,solar.bun_hsc#realenergyintotheload#kwh,BUNDOORA,10.84375,12.509999,14.435976,14.008274,297.0
2025-03-11 19:00:00,solar.bun_hsc#realenergyintotheload#kwh,BUNDOORA,4.03125,7.189709,5.6046486,5.4385967,130.0
2025-03-11 20:00:00,solar.bun_hsc#realenergyintotheload#kwh,BUNDOORA,0.1875,0.26862857,0.010218095,0.009915358,0.0
2025-03-11 21:00:00,solar.bun_hsc#realenergyintotheload#kwh,BUNDOORA,0.0,0.069342084,0.002265044,0.0021979364,0.0
2025-03-11 22:00:00,solar.bun_hsc#realenergyintotheload#kwh,BUNDOORA,0.0,0.17091884,0.00043296185,0.00042013428,0.0
2025-03-11 23:00:00,solar.bun_hsc#realenergyintotheload#kwh,BUNDOORA,0.0,0.09412874,0.0008702678,0.00084448396,0.0
2025-03-12 00:00:00,solar.bun_hsc#realenergyintotheload#kwh,BUNDOORA,0.0,0.041008204,-0.00035242463,0.0,0.0
2025-03-12 01:00:00,solar.bun_hsc#realenergyintotheload#kwh,BUNDOORA,0.0,0.045929044,-0.00306399,0.0,0.0
2025-03-12 02:00:00,solar.bun_hsc#realenergyintotheload#kwh,BUNDOORA,0.0,0.03784185,-0.0029104098,0.0,0.0
2025-03-12 03:00:00,solar.bun_hsc#realenergyintotheload#kwh,BUNDOORA,0.0,-0.039117,-0.0021813482,0.0,0.0
2025-03-12 04:00:00,solar.bun_hsc#realenergyintotheload#kwh,BUNDOORA,0.0,0.0031118814,-0.0021813482,0.0,0.0
2025-03-12 05:00:00,solar.bun_hsc#realenergyintotheload#kwh,BUNDOORA,0.0,0.0031118814,-0.0021813482,0.0,0.0
2025-03-12 06:00:00,solar.bun_hsc#realenergyintotheload#kwh,BUNDOORA,0.0,0.023995651,-0.0010271417,0.0,0.0
2025-03-12 07:00:00,solar.bun_hsc#realenergyintotheload#kwh,BUNDOORA,0.0,0.6812031,0.0010645182,0.0010329792,0.0
2025-03-12 08:00:00,solar.bun_hsc#realenergyintotheload#kwh,BUNDOORA,0.65625,3.3944726,2.3230095,2.2541845,50.0
2025-03-12 09:00:00,solar.bun_hsc#realenergyintotheload#kwh,BUNDOORA,5.46875,7.7514315,9.573291,9.289659,206.0
2025-03-12 10:00:00,solar.bun_hsc#realenergyintotheload#kwh,BUNDOORA,9.5,12.154605,12.491321,12.121234,258.0
2025-03-12 11:00:00,solar.bun_hsc#realenergyintotheload#kwh,BUNDOORA,15.4375,24.794067,31.378893,30.449215,582.0
2025-03-12 12:00:00,solar.bun_hsc#realenergyintotheload#kwh,BUNDOORA,21.0625,19.197502,21.079248,20.454723,401.0
2025-03-12 13:00:00,solar.bun_hsc#realenergyintotheload#kwh,BUNDOORA,25.4375,38.023823,41.321453,40.097202,824.0
2025-03-12 14:00:00,solar.bun_hsc#realenergyintotheload#kwh,BUNDOORA,38.15625,40.322964,43.640247,42.347298,853.0
2025-03-12 15:00:00,solar.bun_hsc#realenergyintotheload#kwh,BUNDOORA,36.84375,27.18269,34.930794,33.89588,677.0
2025-03-12 16:00:00,solar.bun_hsc#realenergyintotheload#kwh,BUNDOORA,32.03125,21.320068,19.946941,19.355963,384.0
2025-03-12 17:00:00,solar.bun_hsc#realenergyintotheload#kwh,BUNDOORA,14.71875,18.800575,23.556479,22.858559,445.0
2025-03-12 18:00:00,solar.bun_hsc#realenergyintotheload#kwh,BUNDOORA,15.53125,19.158594,14.926569,14.484332,330.0
2025-03-12 19:00:00,solar.bun_hsc#realenergyintotheload#kwh,BUNDOORA,1.28125,3.4545295,1.267328,1.2297803,30.0
2025-03-12 20:00:00,solar.bun_hsc#realenergyintotheload#kwh,BUNDOORA,0.0,0.8835178,0.0012091596,0.0011733352,1.0
2025-03-12 21:00:00,solar.bun_hsc#realenergyintotheload#kwh,BUNDOORA,0.0,0.10170435,4.9363065e-05,4.790056e-05,0.0
2025-03-12 22:00:00,solar.bun_hsc#realenergyintotheload#kwh,BUNDOORA,0.0,-0.05131994,0.0023103086,0.00224186,0.0
2025-03-12 23:00:00,solar.bun_hsc#realenergyintotheload#kwh,BUNDOORA,0.0,0.13020168,0.0022002673,0.002135079,0.0
2025-03-13 00:00:00,solar.bun_hsc#realenergyintotheload#kwh,BUNDOORA,0.0,0.047935072,0.00020371476,0.00019767921,0.0
2025-03-13 01:00:00,solar.bun_hsc#realenergyintotheload#kwh,BUNDOORA,0.0,0.0065235863,-0.0016929185,0.0,0.0
2025-03-13 02:00:00,solar.bun_hsc#realenergyintotheload#kwh,BUNDOORA,0.0,0.006377812,-0.0016800901,0.0,0.0
2025-03-13 03:00:00,solar.bun_hsc#realenergyintotheload#kwh,BUNDOORA,0.0,0.009796799,-0.0016800901,0.0,0.0
2025-03-13 04:00:00,solar.bun_hsc#realenergyintotheload#kwh,BUNDOORA,0.0,-0.012285075,-0.0016800901,0.0,0.0
2025-03-13 05:00:00,solar.bun_hsc#realenergyintotheload#kwh,BUNDOORA,0.0,-0.029570308,-0.0022709079,0.0,0.0
2025-03-13 06:00:00,solar.bun_hsc#realenergyintotheload#kwh,BUNDOORA,0.0,-0.012285075,-0.00031126378,0.0,0.0
2025-03-13 07:00:00,solar.bun_hsc#realenergyintotheload#kwh,BUNDOORA,0.0,0.6951654,-0.0016800901,0.0,0.0
2025-03-13 08:00:00,solar.bun_hsc#realenergyintotheload#kwh,BUNDOORA,0.0,1.237126,1.5451661,1.4993867,34.0
2025-03-13 09:00:00,solar.bun_hsc#realenergyintotheload#kwh,BUNDOORA,0.84375,3.1306424,4.7904787,4.6485486,106.0
2025-03-13 10:00:00,solar.bun_hsc#realenergyintotheload#kwh,BUNDOORA,2.84375,6.163465,7.8264074,7.5945306,158.0
2025-03-13 11:00:00,solar.bun_hsc#realenergyintotheload#kwh,BUNDOORA,5.875,11.029656,8.632729,8.376963,173.0
2025-03-13 12:00:00,solar.bun_hsc#realenergyintotheload#kwh,BUNDOORA,8.65625,14.509174,10.67148,10.35531,215.0
2025-03-13 13:00:00,solar.bun_hsc#realenergyintotheload#kwh,BUNDOORA,20.78125,23.444366,27.445698,26.632551,530.0
2025-03-13 14:00:00,solar.bun_hsc#realenergyintotheload#kwh,BUNDOORA,38.71875,37.95877,44.154415,42.84623,859.0
2025-03-13 15:00:00,solar.bun_hsc#realenergyintotheload#kwh,BUNDOORA,41.25,36.92528,41.77302,40.535393,813.0
2025-03-13 16:00:00,solar.bun_hsc#realenergyintotheload#kwh,BUNDOORA,37.75,32.847637,37.302105,36.196938,704.0
2025-03-13 17:00:00,solar.bun_hsc#realenergyintotheload#kwh,BUNDOORA,30.875,25.43464,28.342949,27.503218,546.0
2025-03-13 18:00:00,solar.bun_hsc#realenergyintotheload#kwh,BUNDOORA,15.0625,16.836191,19.024752,18.461096,359.0
2025-03-13 19:00:00,solar.bun_hsc#realenergyintotheload#kwh,BUNDOORA,2.875,6.317863,6.9318204,6.726448,152.0
2025-03-13 20:00:00,solar.bun_hsc#realenergyintotheload#kwh,BUNDOORA,0.3125,0.7662108,0.023425303,0.02273127,3.0
2025-03-13 21:00:00,solar.bun_hsc#realenergyintotheload#kwh,BUNDOORA,0.0,-0.1293072,0.0043240353,0.004195925,0.0
2025-03-13 22:00:00,solar.bun_hsc#realenergyintotheload#kwh,BUNDOORA,0.0,0.03066513,-0.0030268687,0.0,0.0
2025-03-13 23:00:00,solar.bun_hsc#realenergyintotheload#kwh,BUNDOORA,0.0,0.00011108769,-0.0027733005,0.0,0.0
2025-03-14 00:00:00,solar.bun_hsc#realenergyintotheload#kwh,BUNDOORA,0.0,0.009703202,-0.0031349498,0.0,0.0
2025-03-14 01:00:00,solar.bun_hsc#realenergyintotheload#kwh,BUNDOORA,0.0,-0.010089342,-0.0027733005,0.0,0.0
2025-03-14 02:00:00,solar.bun_hsc#realenergyintotheload#kwh,BUNDOORA,0.0,-0.010089342,-0.0031349498,0.0,0.0
2025-03-14 03:00:00,solar.bun_hsc#realenergyintotheload#kwh,BUNDOORA,0.0,-0.01466886,-0.0027733005,0.0,0.0
2025-03-14 04:00:00,solar.bun_hsc#realenergyintotheload#kwh,BUNDOORA,0.0,0.013250042,-0.0019438831,0.0,0.0
2025-03-14 05:00:00,solar.bun_hsc#realenergyintotheload#kwh,BUNDOORA,0.0,-0.00029713387,-0.0015565738,0.0,0.0
2025-03-14 06:00:00,solar.bun_hsc#realenergyintotheload#kwh,BUNDOORA,0.0,-0.012323445,0.0017657689,0.0017134536,0.0
2025-03-14 07:00:00,solar.bun_hsc#realenergyintotheload#kwh,BUNDOORA,0.0,0.17791843,0.0017813687,0.0017285913,0.0
2025-03-14 08:00:00,solar.bun_hsc#realenergyintotheload#kwh,BUNDOORA,0.78125,0.58468777,1.2269267,1.190576,30.0
2025-03-14 09:00:00,solar.bun_hsc#realenergyintotheload#kwh,BUNDOORA,3.09375,2.6399632,5.416514,5.2560363,180.0
2025-03-14 10:00:00,solar.bun_hsc#realenergyintotheload#kwh,BUNDOORA,9.9375,8.5462055,14.0601425,13.643576,342.0
2025-03-14 11:00:00,solar.bun_hsc#realenergyintotheload#kwh,BUNDOORA,26.4375,29.693104,34.91282,33.87844,648.0
2025-03-14 12:00:00,solar.bun_hsc#realenergyintotheload#kwh,BUNDOORA,34.34375,37.78321,40.52587,39.32519,786.0
2025-03-14 13:00:00,solar.bun_hsc#realenergyintotheload#kwh,BUNDOORA,40.0,40.05187,44.179977,42.871037,861.0
2025-03-14 14:00:00,solar.bun_hsc#realenergyintotheload#kwh,BUNDOORA,42.0625,40.790585,43.671494,42.377617,871.0
2025-03-14 15:00:00,solar.bun_hsc#realenergyintotheload#kwh,BUNDOORA,39.8125,40.520794,43.36911,42.08419,817.0
2025-03-14 16:00:00,solar.bun_hsc#realenergyintotheload#kwh,BUNDOORA,35.34375,32.885365,37.495235,36.384346,702.0
2025-03-14 17:00:00,solar.bun_hsc#realenergyintotheload#kwh,BUNDOORA,27.71875,20.943298,28.029118,27.198685,509.0
2025-03-14 18:00:00,solar.bun_hsc#realenergyintotheload#kwh,BUNDOORA,14.71875,13.42497,13.406891,13.009678,272.0
2025-03-14 19:00:00,solar.bun_hsc#realenergyintotheload#kwh,BUNDOORA,4.46875,3.9632006,5.19191,5.0380864,122.0
2025-03-14 20:00:00,solar.bun_hsc#realenergyintotheload#kwh,BUNDOORA,0.53125,0.60651106,0.0039641904,0.0038467413,1.0
2025-03-14 21:00:00,solar.bun_hsc#realenergyintotheload#kwh,BUNDOORA,0.0,0.05669901,-0.0023870596,0.0,0.0
2025-03-14 22:00:00,solar.bun_hsc#realenergyintotheload#kwh,BUNDOORA,0.0,0.013481721,-0.002133688,0.0,0.0
2025-03-14 23:00:00,solar.bun_hsc#realenergyintotheload#kwh,BUNDOORA,0.0,-0.002263572,-0.0022775757,0.0,0.0
2025-03-15 00:00:00,solar.bun_hsc#realenergyintotheload#kwh,BUNDOORA,0.03125,-0.0064650257,-0.0004986207,0.0,0.0
2025-03-15 01:00:00,solar.bun_hsc#realenergyintotheload#kwh,BUNDOORA,0.0,0.030890238,-0.0036385276,0.0,0.0
2025-03-15 02:00:00,solar.bun_hsc#realenergyintotheload#kwh,BUNDOORA,0.0,0.018277286,-0.0036385276,0.0,0.0
2025-03-15 03:00:00,solar.bun_hsc#realenergyintotheload#kwh,BUNDOORA,0.0,-0.01667202,-0.0019910692,0.0,0.0
2025-03-15 04:00:00,solar.bun_hsc#realenergyintotheload#kwh,BUNDOORA,0.0,0.0035079033,-0.0019910692,0.0,0.0
2025-03-15 05:00:00,solar.bun_hsc#realenergyintotheload#kwh,BUNDOORA,0.0,-0.0005709273,-0.0019910692,0.0,0.0
2025-03-15 06:00:00,solar.bun_hsc#realenergyintotheload#kwh,BUNDOORA,0.0,0.006034032,-0.0022709079,0.0,0.0
2025-03-15 07:00:00,solar.bun_hsc#realenergyintotheload#kwh,BUNDOORA,0.0,0.46778864,-0.0029740669,0.0,0.0
2025-03-15 08:00:00,solar.bun_hsc#realenergyintotheload#kwh,BUNDOORA,0.5,1.2418065,1.9386201,1.8811836,41.0
2025-03-15 09:00:00,solar.bun_hsc#realenergyintotheload#kwh,BUNDOORA,4.34375,13.849663,10.291668,9.986752,220.0
2025-03-15 10:00:00,solar.bun_hsc#realenergyintotheload#kwh,BUNDOORA,13.0,21.881283,18.667957,18.114872,364.0
2025-03-15 11:00:00,solar.bun_hsc#realenergyintotheload#kwh,BUNDOORA,17.84375,21.360558,26.846828,26.051424,502.0
2025-03-15 12:00:00,solar.bun_hsc#realenergyintotheload#kwh,BUNDOORA,29.09375,27.921234,32.675323,31.707235,621.0
2025-03-15 13:00:00,solar.bun_hsc#realenergyintotheload#kwh,BUNDOORA,26.84375,26.253403,31.8438,30.900347,608.0
2025-03-15 14:00:00,solar.bun_hsc#realenergyintotheload#kwh,BUNDOORA,12.96875,21.507504,16.297129,15.814285,326.0
2025-03-15 15:00:00,solar.bun_hsc#realenergyintotheload#kwh,BUNDOORA,25.53125,29.038809,32.264828,31.3089,672.0
2025-03-15 16:00:00,solar.bun_hsc#realenergyintotheload#kwh,BUNDOORA,24.03125,20.808645,25.758383,24.995226,510.0
2025-03-15 17:00:00,solar.bun_hsc#realenergyintotheload#kwh,BUNDOORA,11.59375,9.399427,8.741974,8.482971,173.0
2025-03-15 18:00:00,solar.bun_hsc#realenergyintotheload#kwh,BUNDOORA,3.0625,4.7521553,4.3615665,4.232344,89.0
2025-03-15 19:00:00,solar.bun_hsc#realenergyintotheload#kwh,BUNDOORA,2.0625,6.1457524,3.7564907,3.6451952,80.0
2025-03-15 20:00:00,solar.bun_hsc#realenergyintotheload#kwh,BUNDOORA,0.3125,0.95329887,0.030276114,0.029379109,0.0
2025-03-15 21:00:00,solar.bun_hsc#realenergyintotheload#kwh,BUNDOORA,0.0,-0.018323643,0.01912801,0.018561294,0.0
2025-03-15 22:00:00,solar.bun_hsc#realenergyintotheload#kwh,BUNDOORA,0.0,0.086929664,0.01113138,0.010801584,0.0
2025-03-15 23:00:00,solar.bun_hsc#realenergyintotheload#kwh,BUNDOORA,0.0,0.25746536,-0.008679955,0.0,0.0
2025-03-16 00:00:00,solar.bun_hsc#realenergyintotheload#kwh,BUNDOORA,0.0,0.19880114,0.010119155,0.00981935,0.0
2025-03-16 01:00:00,solar.bun_hsc#realenergyintotheload#kwh,BUNDOORA,0.0,0.038990904,0.010963189,0.010638378,0.0
2025-03-16 02:00:00,solar.bun_hsc#realenergyintotheload#kwh,BUNDOORA,0.0,-0.020556511,0.0040389774,0.0039193127,0.0
2025-03-16 03:00:00,solar.bun_hsc#realenergyintotheload#kwh,BUNDOORA,0.0,0.21412532,0.0011288614,0.0010954161,0.0
2025-03-16 04:00:00,solar.bun_hsc#realenergyintotheload#kwh,BUNDOORA,0.0,0.14326501,0.0002774856,0.00026926442,0.0
2025-03-16 05:00:00,solar.bun_hsc#realenergyintotheload#kwh,BUNDOORA,0.0,0.051611524,-0.0014168012,0.0,0.0
2025-03-16 06:00:00,solar.bun_hsc#realenergyintotheload#kwh,BUNDOORA,0.0,-0.022410758,-0.0013455169,0.0,0.0
2025-03-16 07:00:00,solar.bun_hsc#realenergyintotheload#kwh,BUNDOORA,0.0,0.5119517,-0.0021465165,0.0,0.0
2025-03-16 08:00:00,solar.bun_hsc#realenergyintotheload#kwh,BUNDOORA,0.0,2.5031638,0.34618032,0.33592385,11.0
2025-03-16 09:00:00,solar.bun_hsc#realenergyintotheload#kwh,BUNDOORA,0.0625,2.8358145,3.1734242,3.0794036,70.0
2025-03-16 10:00:00,solar.bun_hsc#realenergyintotheload#kwh,BUNDOORA,1.125,4.361381,3.790359,3.67806,77.0
2025-03-16 11:00:00,solar.bun_hsc#realenergyintotheload#kwh,BUNDOORA,2.46875,4.721712,4.5379715,4.403523,92.0
2025-03-16 12:00:00,solar.bun_hsc#realenergyintotheload#kwh,BUNDOORA,2.75,4.216736,6.0716667,5.8917785,122.0
2025-03-16 13:00:00,solar.bun_hsc#realenergyintotheload#kwh,BUNDOORA,2.09375,2.1567745,2.2971363,2.2290778,48.0
2025-03-16 14:00:00,solar.bun_hsc#realenergyintotheload#kwh,BUNDOORA,4.34375,2.8649397,1.4304954,1.3881134,32.0
2025-03-16 15:00:00,solar.bun_hsc#realenergyintotheload#kwh,BUNDOORA,2.75,2.9078906,1.4460558,1.4032128,31.0
2025-03-16 16:00:00,solar.bun_hsc#realenergyintotheload#kwh,BUNDOORA,2.09375,5.3248267,1.1403767,1.1065902,26.0
2025-03-16 17:00:00,solar.bun_hsc#realenergyintotheload#kwh,BUNDOORA,2.625,6.8180346,4.773183,4.6317654,94.0
2025-03-16 18:00:00,solar.bun_hsc#realenergyintotheload#kwh,BUNDOORA,9.25,6.442108,5.755511,5.5849895,115.0
2025-03-16 19:00:00,solar.bun_hsc#realenergyintotheload#kwh,BUNDOORA,5.5,3.8347504,3.41739,3.3161414,81.0
2025-03-16 20:00:00,solar.bun_hsc#realenergyintotheload#kwh,BUNDOORA,0.75,1.5699939,0.0092279455,0.008954545,0.0
2025-03-16 21:00:00,solar.bun_hsc#realenergyintotheload#kwh,BUNDOORA,0.0,0.055892207,0.00071390904,0.0006927577,0.0
2025-03-16 22:00:00,solar.bun_hsc#realenergyintotheload#kwh,BUNDOORA,0.0,0.016745644,0.0041281176,0.0040058116,0.0
2025-03-16 23:00:00,solar.bun_hsc#realenergyintotheload#kwh,BUNDOORA,0.0,0.0037442702,0.0033573147,0.003257846,0.0
2025-03-17 00:00:00,solar.bun_hsc#realenergyintotheload#kwh,BUNDOORA,0.0,-0.012530275,0.0041281176,0.0040058116,0.0
2025-03-17 01:00:00,solar.bun_hsc#realenergyintotheload#kwh,BUNDOORA,0.0,-0.09216457,-0.013858266,0.0,0.0
2025-03-17 02:00:00,solar.bun_hsc#realenergyintotheload#kwh,BUNDOORA,0.0,-0.046554282,0.0036562332,0.003547908,0.0
2025-03-17 03:00:00,solar.bun_hsc#realenergyintotheload#kwh,BUNDOORA,0.0,-0.029793568,0.0051881894,0.0050344765,0.0
2025-03-17 04:00:00,solar.bun_hsc#realenergyintotheload#kwh,BUNDOORA,0.0,0.10804609,0.0051881894,0.0050344765,0.0
2025-03-17 05:00:00,solar.bun_hsc#realenergyintotheload#kwh,BUNDOORA,0.0,0.019898139,-0.010689973,0.0,0.0
2025-03-17 06:00:00,solar.bun_hsc#realenergyintotheload#kwh,BUNDOORA,0.0,0.019898139,0.0044414243,0.004309836,0.0
2025-03-17 07:00:00,solar.bun_hsc#realenergyintotheload#kwh,BUNDOORA,0.0,0.7938496,0.0045978874,0.0044616633,0.0
2025-03-17 08:00:00,solar.bun_hsc#realenergyintotheload#kwh,BUNDOORA,0.6875,2.8956325,1.5818304,1.5349647,36.0
2025-03-17 09:00:00,solar.bun_hsc#realenergyintotheload#kwh,BUNDOORA,4.46875,6.9695663,5.826483,5.6538587,141.0
2025-03-17 10:00:00,solar.bun_hsc#realenergyintotheload#kwh,BUNDOORA,9.8125,11.939696,14.737616,14.300977,278.0
2025-03-17 11:00:00,solar.bun_hsc#realenergyintotheload#kwh,BUNDOORA,18.28125,22.842503,24.187702,23.47108,432.0
2025-03-17 12:00:00,solar.bun_hsc#realenergyintotheload#kwh,BUNDOORA,25.0,24.93478,28.557722,27.711628,536.0
2025-03-17 13:00:00,solar.bun_hsc#realenergyintotheload#kwh,BUNDOORA,25.0,22.537868,27.766426,26.943777,531.0
2025-03-17 14:00:00,solar.bun_hsc#realenergyintotheload#kwh,BUNDOORA,37.3125,37.553757,41.852226,40.612247,813.0
2025-03-17 15:00:00,solar.bun_hsc#realenergyintotheload#kwh,BUNDOORA,41.59375,33.081074,40.552364,39.3509,764.0
2025-03-17 16:00:00,solar.bun_hsc#realenergyintotheload#kwh,BUNDOORA,43.03125,34.644268,37.438656,36.32944,695.0
2025-03-17 17:00:00,solar.bun_hsc#realenergyintotheload#kwh,BUNDOORA,32.46875,26.258785,30.221249,29.325869,535.0
2025-03-17 18:00:00,solar.bun_hsc#realenergyintotheload#kwh,BUNDOORA,14.375,22.218536,18.562958,18.012983,329.0
2025-03-17 19:00:00,solar.bun_hsc#realenergyintotheload#kwh,BUNDOORA,3.28125,2.3193128,6.039627,5.860688,127.0
2025-03-17 20:00:00,solar.bun_hsc#realenergyintotheload#kwh,BUNDOORA,0.3125,0.44322962,0.028204232,0.02736861,0.0
2025-03-17 21:00:00,solar.bun_hsc#realenergyintotheload#kwh,BUNDOORA,0.0,0.067320354,0.004009731,0.0038909328,0.0
2025-03-17 22:00:00,solar.bun_hsc#realenergyintotheload#kwh,BUNDOORA,0.0,-0.0265442,0.0035868105,0.0034805422,0.0
2025-03-17 23:00:00,solar.bun_hsc#realenergyintotheload#kwh,BUNDOORA,0.0,0.04133002,0.0011924065,0.0011570785,0.0
2025-03-18 00:00:00,solar.bun_hsc#realenergyintotheload#kwh,BUNDOORA,0.0,0.16616999,0.00060158817,0.00058376463,0.0
2025-03-18 01:00:00,solar.bun_hsc#realenergyintotheload#kwh,BUNDOORA,0.0,0.024933942,0.0034450213,0.003342954,0.0
2025-03-18 02:00:00,solar.bun_hsc#realenergyintotheload#kwh,BUNDOORA,0.0,0.016672855,0.0050747045,0.0049243537,0.0
2025-03-18 03:00:00,solar.bun_hsc#realenergyintotheload#kwh,BUNDOORA,0.0,-0.001599662,0.0044170446,0.0042861784,0.0
2025-03-18 04:00:00,solar.bun_hsc#realenergyintotheload#kwh,BUNDOORA,0.0,0.0075307214,0.0021193153,0.0020565253,0.0
2025-03-18 05:00:00,solar.bun_hsc#realenergyintotheload#kwh,BUNDOORA,0.0,0.005873131,0.0022273967,0.0021614046,0.0
2025-03-18 06:00:00,solar.bun_hsc#realenergyintotheload#kwh,BUNDOORA,0.0,0.0064620846,0.002145586,0.0020820177,0.0
2025-03-18 07:00:00,solar.bun_hsc#realenergyintotheload#kwh,BUNDOORA,0.0,0.1929091,0.002145586,0.0020820177,0.0
2025-03-18 08:00:00,solar.bun_hsc#realenergyintotheload#kwh,BUNDOORA,0.28125,0.8177503,2.1281927,2.0651395,48.0
2025-03-18 09:00:00,solar.bun_hsc#realenergyintotheload#kwh,BUNDOORA,2.1875,4.1500554,13.060737,12.6737795,244.0
2025-03-18 10:00:00,solar.bun_hsc#realenergyintotheload#kwh,BUNDOORA,11.65625,25.770128,26.452656,25.66893,452.0
2025-03-18 11:00:00,solar.bun_hsc#realenergyintotheload#kwh,BUNDOORA,25.875,27.982128,36.222458,35.149277,636.0
2025-03-18 12:00:00,solar.bun_hsc#realenergyintotheload#kwh,BUNDOORA,32.09375,32.116432,41.163982,39.944397,773.0
2025-03-18 13:00:00,solar.bun_hsc#realenergyintotheload#kwh,BUNDOORA,40.5,37.86848,45.124855,43.787918,853.0
2025-03-18 14:00:00,solar.bun_hsc#realenergyintotheload#kwh,BUNDOORA,42.75,41.45349,44.535797,43.216312,867.0
2025-03-18 15:00:00,solar.bun_hsc#realenergyintotheload#kwh,BUNDOORA,41.53125,42.916603,42.475407,41.216965,816.0
2025-03-18 16:00:00,solar.bun_hsc#realenergyintotheload#kwh,BUNDOORA,38.9375,37.387856,38.20106,37.06926,704.0
2025-03-18 17:00:00,solar.bun_hsc#realenergyintotheload#kwh,BUNDOORA,31.53125,30.468048,29.406061,28.534834,541.0
2025-03-18 18:00:00,solar.bun_hsc#realenergyintotheload#kwh,BUNDOORA,12.75,19.376032,18.657919,18.105131,341.0
2025-03-18 19:00:00,solar.bun_hsc#realenergyintotheload#kwh,BUNDOORA,2.375,8.833034,6.314952,6.127856,131.0
2025-03-18 20:00:00,solar.bun_hsc#realenergyintotheload#kwh,BUNDOORA,0.21875,0.76324767,-0.00023041191,0.0,0.0
2025-03-18 21:00:00,solar.bun_hsc#realenergyintotheload#kwh,BUNDOORA,0.0,0.33056292,0.00081218395,0.00078812096,0.0
2025-03-18 22:00:00,solar.bun_hsc#realenergyintotheload#kwh,BUNDOORA,0.0,0.38646808,0.0024489209,0.0023763655,0.0
2025-03-18 23:00:00,solar.bun_hsc#realenergyintotheload#kwh,BUNDOORA,0.0,0.13599135,-0.0011480096,0.0,0.0
2025-03-19 00:00:00,solar.bun_hsc#realenergyintotheload#kwh,BUNDOORA,0.0,0.07812306,-0.00071507605,0.0,0.0
2025-03-19 01:00:00,solar.bun_hsc#realenergyintotheload#kwh,BUNDOORA,0.0,0.059747905,-0.000315247,0.0,0.0
2025-03-19 02:00:00,solar.bun_hsc#realenergyintotheload#kwh,BUNDOORA,0.0,0.0046198647,0.0005023394,0.00048745633,0.0
2025-03-19 03:00:00,solar.bun_hsc#realenergyintotheload#kwh,BUNDOORA,0.0,-0.028935332,0.001134825,0.001101203,0.0
2025-03-19 04:00:00,solar.bun_hsc#realenergyintotheload#kwh,BUNDOORA,0.0,-0.019501105,0.001134825,0.001101203,0.0
2025-03-19 05:00:00,solar.bun_hsc#realenergyintotheload#kwh,BUNDOORA,0.0,-0.03017532,0.001134825,0.001101203,0.0
2025-03-19 06:00:00,solar.bun_hsc#realenergyintotheload#kwh,BUNDOORA,0.0,-0.027462116,0.0023955964,0.0023246207,0.0
2025-03-19 07:00:00,solar.bun_hsc#realenergyintotheload#kwh,BUNDOORA,0.0,0.021096846,0.0027572457,0.0026755554,0.0
2025-03-19 08:00:00,solar.bun_hsc#realenergyintotheload#kwh,BUNDOORA,0.21875,0.533303,1.9650229,1.9068042,45.0
2025-03-19 09:00:00,solar.bun_hsc#realenergyintotheload#kwh,BUNDOORA,2.15625,5.3202605,12.273398,11.909768,238.0
2025-03-19 10:00:00,solar.bun_hsc#realenergyintotheload#kwh,BUNDOORA,11.15625,27.091803,25.015036,24.273903,443.0
2025-03-19 11:00:00,solar.bun_hsc#realenergyintotheload#kwh,BUNDOORA,22.34375,30.926298,33.962334,32.956116,620.0
2025-03-19 12:00:00,solar.bun_hsc#realenergyintotheload#kwh,BUNDOORA,34.375,34.484604,40.017536,38.831917,746.0
2025-03-19 13:00:00,solar.bun_hsc#realenergyintotheload#kwh,BUNDOORA,35.71875,41.192333,42.17836,40.928722,819.0
2025-03-19 14:00:00,solar.bun_hsc#realenergyintotheload#kwh,BUNDOORA,31.96875,33.540623,41.19434,39.973854,798.0
2025-03-19 15:00:00,solar.bun_hsc#realenergyintotheload#kwh,BUNDOORA,33.53125,32.09787,40.22554,39.033756,765.0
2025-03-19 16:00:00,solar.bun_hsc#realenergyintotheload#kwh,BUNDOORA,28.0,32.13213,36.454014,35.373974,667.0
2025-03-19 17:00:00,solar.bun_hsc#realenergyintotheload#kwh,BUNDOORA,21.3125,27.91472,26.446766,25.663214,519.0
2025-03-19 18:00:00,solar.bun_hsc#realenergyintotheload#kwh,BUNDOORA,11.46875,21.192745,16.294287,15.811527,324.0
2025-03-19 19:00:00,solar.bun_hsc#realenergyintotheload#kwh,BUNDOORA,2.6875,6.099491,5.489796,5.327147,118.0
2025-03-19 20:00:00,solar.bun_hsc#realenergyintotheload#kwh,BUNDOORA,0.21875,0.89066136,0.00066909945,0.0006492757,0.0
2025-03-19 21:00:00,solar.bun_hsc#realenergyintotheload#kwh,BUNDOORA,0.0,0.18614204,0.022489429,0.021823123,0.0
2025-03-19 22:00:00,solar.bun_hsc#realenergyintotheload#kwh,BUNDOORA,0.0,0.33824703,0.0018379863,0.0017835314,0.0
2025-03-19 23:00:00,solar.bun_hsc#realenergyintotheload#kwh,BUNDOORA,0.0,0.39751476,0.0024470165,0.0023745175,0.0
2025-03-20 00:00:00,solar.bun_hsc#realenergyintotheload#kwh,BUNDOORA,0.0,0.28542164,-0.013147315,0.0,0.0
2025-03-20 01:00:00,solar.bun_hsc#realenergyintotheload#kwh,BUNDOORA,0.0,0.27007473,0.0055374824,0.0053734207,0.0
2025-03-20 02:00:00,solar.bun_hsc#realenergyintotheload#kwh,BUNDOORA,0.0,0.30451643,0.010394196,0.010086242,0.0
2025-03-20 03:00:00,solar.bun_hsc#realenergyintotheload#kwh,BUNDOORA,0.0,0.2712916,0.040211625,0.039020255,0.0
2025-03-20 04:00:00,solar.bun_hsc#realenergyintotheload#kwh,BUNDOORA,0.0,0.50180596,0.017892176,0.017362075,0.0
2025-03-20 05:00:00,solar.bun_hsc#realenergyintotheload#kwh,BUNDOORA,0.0,0.8413358,-0.0014717716,0.0,0.0
2025-03-20 06:00:00,solar.bun_hsc#realenergyintotheload#kwh,BUNDOORA,0.0,0.92840976,-0.019802438,0.0,0.0
2025-03-20 07:00:00,solar.bun_hsc#realenergyintotheload#kwh,BUNDOORA,0.0,0.27351218,-0.08089793,0.0,0.0
2025-03-20 08:00:00,solar.bun_hsc#realenergyintotheload#kwh,BUNDOORA,0.25,1.7510916,0.96864295,0.9399445,26.0
2025-03-20 09:00:00,solar.bun_hsc#realenergyintotheload#kwh,BUNDOORA,2.4375,6.1812053,4.3195605,4.1915827,107.0
2025-03-20 10:00:00,solar.bun_hsc#realenergyintotheload#kwh,BUNDOORA,3.1875,6.6176004,8.409807,8.1606455,174.0
2025-03-20 11:00:00,solar.bun_hsc#realenergyintotheload#kwh,BUNDOORA,6.28125,6.675771,5.3652444,5.2062855,105.0
2025-03-20 12:00:00,solar.bun_hsc#realenergyintotheload#kwh,BUNDOORA,25.125,21.129099,21.818182,21.171764,428.0
2025-03-20 13:00:00,solar.bun_hsc#realenergyintotheload#kwh,BUNDOORA,15.46875,10.39654,8.166831,7.924868,162.0
2025-03-20 14:00:00,solar.bun_hsc#realenergyintotheload#kwh,BUNDOORA,3.9375,5.572229,2.3333237,2.264193,50.0
2025-03-20 15:00:00,solar.bun_hsc#realenergyintotheload#kwh,BUNDOORA,4.4375,7.753786,4.720428,4.5805736,96.0
2025-03-20 16:00:00,solar.bun_hsc#realenergyintotheload#kwh,BUNDOORA,8.96875,7.324174,6.9172935,6.7123513,140.0
2025-03-20 17:00:00,solar.bun_hsc#realenergyintotheload#kwh,BUNDOORA,2.40625,5.046416,3.2291596,3.1334877,69.0
2025-03-20 18:00:00,solar.bun_hsc#realenergyintotheload#kwh,BUNDOORA,1.875,5.1842685,1.1023446,1.0696849,26.0
2025-03-20 19:00:00,solar.bun_hsc#realenergyintotheload#kwh,BUNDOORA,0.375,3.4584894,0.59963447,0.58186877,15.0
2025-03-20 20:00:00,solar.bun_hsc#realenergyintotheload#kwh,BUNDOORA,0.0,0.7761176,-3.145609e-05,0.0,0.0
2025-03-20 21:00:00,solar.bun_hsc#realenergyintotheload#kwh,BUNDOORA,0.0,0.022645041,-3.145609e-05,0.0,0.0
2025-03-20 22:00:00,solar.bun_hsc#realenergyintotheload#kwh,BUNDOORA,0.0,0.011539637,-0.00024662804,0.0,0.0
2025-03-20 23:00:00,solar.bun_hsc#realenergyintotheload#kwh,BUNDOORA,0.0,0.012661536,-0.00073231466,0.0,0.0
2025-03-21 00:00:00,solar.bun_hsc#realenergyintotheload#kwh,BUNDOORA,0.0,-0.0017729276,0.0040971846,0.003975795,0.0
2025-03-21 01:00:00,solar.bun_hsc#realenergyintotheload#kwh,BUNDOORA,0.0,0.03759805,0.003160729,0.0030670846,0.0
2025-03-21 02:00:00,solar.bun_hsc#realenergyintotheload#kwh,BUNDOORA,0.0,-0.008008475,0.0019104915,0.0018538884,0.0
2025-03-21 03:00:00,solar.bun_hsc#realenergyintotheload#kwh,BUNDOORA,0.0,-0.05342285,0.0011807759,0.0011457925,0.0
2025-03-21 04:00:00,solar.bun_hsc#realenergyintotheload#kwh,BUNDOORA,0.0,0.040085763,-0.0023439734,0.0,0.0
2025-03-21 05:00:00,solar.bun_hsc#realenergyintotheload#kwh,BUNDOORA,0.0,-0.063123606,-0.0006371967,0.0,0.0
2025-03-21 06:00:00,solar.bun_hsc#realenergyintotheload#kwh,BUNDOORA,0.0,0.06201545,-4.6378875e-05,0.0,0.0
2025-03-21 07:00:00,solar.bun_hsc#realenergyintotheload#kwh,BUNDOORA,0.0,0.16348274,8.075149e-07,7.835902e-07,0.0
2025-03-21 08:00:00,solar.bun_hsc#realenergyintotheload#kwh,BUNDOORA,0.09375,1.8491837,0.37817872,0.36697423,13.0
2025-03-21 09:00:00,solar.bun_hsc#realenergyintotheload#kwh,BUNDOORA,2.15625,2.2657816,4.3161297,4.1882534,125.0
2025-03-21 10:00:00,solar.bun_hsc#realenergyintotheload#kwh,BUNDOORA,3.53125,4.4242268,8.651053,8.394744,172.0
2025-03-21 11:00:00,solar.bun_hsc#realenergyintotheload#kwh,BUNDOORA,9.375,10.702953,10.486349,10.175665,206.0
2025-03-21 12:00:00,solar.bun_hsc#realenergyintotheload#kwh,BUNDOORA,10.1875,7.509438,7.6365557,7.4103036,151.0
2025-03-21 13:00:00,solar.bun_hsc#realenergyintotheload#kwh,BUNDOORA,6.03125,7.466146,7.310325,7.0937386,146.0
2025-03-21 14:00:00,solar.bun_hsc#realenergyintotheload#kwh,BUNDOORA,11.8125,8.295688,4.8038716,4.661545,96.0
2025-03-21 15:00:00,solar.bun_hsc#realenergyintotheload#kwh,BUNDOORA,13.625,18.910517,16.89948,16.398792,324.0
2025-03-21 16:00:00,solar.bun_hsc#realenergyintotheload#kwh,BUNDOORA,23.75,21.216288,18.509674,17.961279,354.0
2025-03-21 17:00:00,solar.bun_hsc#realenergyintotheload#kwh,BUNDOORA,15.46875,16.950014,15.598263,15.136126,287.0
2025-03-21 18:00:00,solar.bun_hsc#realenergyintotheload#kwh,BUNDOORA,11.4375,17.413157,11.270394,10.9364805,262.0
2025-03-21 19:00:00,solar.bun_hsc#realenergyintotheload#kwh,BUNDOORA,2.6875,4.8171997,2.0886717,2.0267897,48.0
2025-03-21 20:00:00,solar.bun_hsc#realenergyintotheload#kwh,BUNDOORA,0.125,2.3399086,-0.0019227688,0.0,0.0
2025-03-21 21:00:00,solar.bun_hsc#realenergyintotheload#kwh,BUNDOORA,0.0,0.28762302,-0.0017199382,0.0,0.0
2025-03-21 22:00:00,solar.bun_hsc#realenergyintotheload#kwh,BUNDOORA,0.0,0.08888179,-0.00071507605,0.0,0.0
2025-03-21 23:00:00,solar.bun_hsc#realenergyintotheload#kwh,BUNDOORA,0.0,0.08888179,-0.0008686563,0.0,0.0
2025-03-22 00:00:00,solar.bun_hsc#realenergyintotheload#kwh,BUNDOORA,0.0,0.02344665,0.0033442024,0.003245122,0.0
2025-03-22 01:00:00,solar.bun_hsc#realenergyintotheload#kwh,BUNDOORA,0.0,0.03071123,0.0033442024,0.003245122,0.0
2025-03-22 02:00:00,solar.bun_hsc#realenergyintotheload#kwh,BUNDOORA,0.0,0.02637554,0.00393502,0.0038184351,0.0
2025-03-22 03:00:00,solar.bun_hsc#realenergyintotheload#kwh,BUNDOORA,0.0,-0.0010778694,0.0016844037,0.001634499,0.0
2025-03-22 04:00:00,solar.bun_hsc#realenergyintotheload#kwh,BUNDOORA,0.0,-0.02380745,0.0023955964,0.0023246207,0.0
2025-03-22 05:00:00,solar.bun_hsc#realenergyintotheload#kwh,BUNDOORA,0.0,0.0063965158,0.0027572457,0.0026755554,0.0
2025-03-22 06:00:00,solar.bun_hsc#realenergyintotheload#kwh,BUNDOORA,0.0,0.01462467,0.0027572457,0.0026755554,0.0
2025-03-22 07:00:00,solar.bun_hsc#realenergyintotheload#kwh,BUNDOORA,0.0,0.11430184,0.0027572457,0.0026755554,0.0
2025-03-22 08:00:00,solar.bun_hsc#realenergyintotheload#kwh,BUNDOORA,0.21875,0.8607651,1.5508244,1.5048773,37.0
2025-03-22 09:00:00,solar.bun_hsc#realenergyintotheload#kwh,BUNDOORA,1.96875,2.049584,11.89817,11.545657,224.0
2025-03-22 10:00:00,solar.bun_hsc#realenergyintotheload#kwh,BUNDOORA,10.46875,8.292867,21.26682,20.636738,426.0
2025-03-22 11:00:00,solar.bun_hsc#realenergyintotheload#kwh,BUNDOORA,24.4375,24.44522,32.577984,31.61278,602.0
2025-03-22 12:00:00,solar.bun_hsc#realenergyintotheload#kwh,BUNDOORA,29.65625,30.834158,38.994457,37.83915,737.0
2025-03-22 13:00:00,solar.bun_hsc#realenergyintotheload#kwh,BUNDOORA,38.5,36.503826,42.997322,41.72342,815.0
2025-03-22 14:00:00,solar.bun_hsc#realenergyintotheload#kwh,BUNDOORA,41.15625,39.352116,43.149254,41.87085,829.0
2025-03-22 15:00:00,solar.bun_hsc#realenergyintotheload#kwh,BUNDOORA,41.875,37.885918,42.623085,41.360268,778.0
2025-03-22 16:00:00,solar.bun_hsc#realenergyintotheload#kwh,BUNDOORA,38.5625,34.14724,38.364754,37.228104,667.0
2025-03-22 17:00:00,solar.bun_hsc#realenergyintotheload#kwh,BUNDOORA,30.71875,27.35135,28.38647,27.54545,505.0
2025-03-22 18:00:00,solar.bun_hsc#realenergyintotheload#kwh,BUNDOORA,10.90625,18.142708,17.164774,16.656225,311.0
2025-03-22 19:00:00,solar.bun_hsc#realenergyintotheload#kwh,BUNDOORA,2.03125,3.7964544,5.231749,5.0767455,109.0
2025-03-22 20:00:00,solar.bun_hsc#realenergyintotheload#kwh,BUNDOORA,0.125,1.1073769,0.0039050477,0.0037893509,0.0
2025-03-22 21:00:00,solar.bun_hsc#realenergyintotheload#kwh,BUNDOORA,0.0,0.34609464,-0.0008723341,0.0,0.0
2025-03-22 22:00:00,solar.bun_hsc#realenergyintotheload#kwh,BUNDOORA,0.0,0.2965746,-0.00078636024,0.0,0.0
2025-03-22 23:00:00,solar.bun_hsc#realenergyintotheload#kwh,BUNDOORA,0.0,0.091768146,-0.00071507605,0.0,0.0
2025-03-23 00:00:00,solar.bun_hsc#realenergyintotheload#kwh,BUNDOORA,0.0,0.0043882113,0.0027946234,0.0027118258,0.0
2025-03-23 01:00:00,solar.bun_hsc#realenergyintotheload#kwh,BUNDOORA,0.0,0.0069473223,0.001134825,0.001101203,0.0
2025-03-23 02:00:00,solar.bun_hsc#realenergyintotheload#kwh,BUNDOORA,0.0,-0.022919772,0.001134825,0.001101203,0.0
2025-03-23 03:00:00,solar.bun_hsc#realenergyintotheload#kwh,BUNDOORA,0.0,0.012343191,0.001134825,0.001101203,0.0
2025-03-23 04:00:00,solar.bun_hsc#realenergyintotheload#kwh,BUNDOORA,0.0,-0.016982287,0.00077317597,0.0007502687,0.0
2025-03-23 05:00:00,solar.bun_hsc#realenergyintotheload#kwh,BUNDOORA,0.0,-0.016982287,0.00077317597,0.0007502687,0.0
2025-03-23 06:00:00,solar.bun_hsc#realenergyintotheload#kwh,BUNDOORA,0.0,-0.019784259,0.00077317597,0.0007502687,0.0
2025-03-23 07:00:00,solar.bun_hsc#realenergyintotheload#kwh,BUNDOORA,0.0,-0.005276776,0.00077317597,0.0007502687,0.0
2025-03-23 08:00:00,solar.bun_hsc#realenergyintotheload#kwh,BUNDOORA,0.1875,0.5766777,1.5492021,1.503303,35.0
2025-03-23 09:00:00,solar.bun_hsc#realenergyintotheload#kwh,BUNDOORA,1.84375,3.3859348,12.148454,11.788526,221.0
2025-03-23 10:00:00,solar.bun_hsc#realenergyintotheload#kwh,BUNDOORA,10.125,6.906502,22.144356,21.488274,421.0
2025-03-23 11:00:00,solar.bun_hsc#realenergyintotheload#kwh,BUNDOORA,24.125,28.220074,32.658928,31.691326,599.0
2025-03-23 12:00:00,solar.bun_hsc#realenergyintotheload#kwh,BUNDOORA,34.03125,30.426172,39.449028,38.28025,731.0
2025-03-23 13:00:00,solar.bun_hsc#realenergyintotheload#kwh,BUNDOORA,39.5,37.64554,43.055313,41.779694,807.0
2025-03-23 14:00:00,solar.bun_hsc#realenergyintotheload#kwh,BUNDOORA,37.21875,37.472935,43.043236,41.76797,819.0
2025-03-23 15:00:00,solar.bun_hsc#realenergyintotheload#kwh,BUNDOORA,41.125,36.763702,40.67386,39.468792,767.0
2025-03-23 16:00:00,solar.bun_hsc#realenergyintotheload#kwh,BUNDOORA,37.8125,30.057705,36.14013,35.069386,654.0
2025-03-23 17:00:00,solar.bun_hsc#realenergyintotheload#kwh,BUNDOORA,28.71875,26.138018,26.36048,25.579485,492.0
2025-03-23 18:00:00,solar.bun_hsc#realenergyintotheload#kwh,BUNDOORA,9.4375,13.510705,15.269381,14.816987,298.0
2025-03-23 19:00:00,solar.bun_hsc#realenergyintotheload#kwh,BUNDOORA,2.03125,5.842425,4.475502,4.342904,94.0
2025-03-23 20:00:00,solar.bun_hsc#realenergyintotheload#kwh,BUNDOORA,0.09375,1.1424986,0.0014582432,0.0014150392,0.0
2025-03-23 21:00:00,solar.bun_hsc#realenergyintotheload#kwh,BUNDOORA,0.0,0.010807926,0.00065973017,0.00064018404,0.0
2025-03-23 22:00:00,solar.bun_hsc#realenergyintotheload#kwh,BUNDOORA,0.0,0.013400117,-0.0011551279,0.0,0.0
2025-03-23 23:00:00,solar.bun_hsc#realenergyintotheload#kwh,BUNDOORA,0.0,0.0218009,-0.0016329037,0.0,0.0
2025-03-24 00:00:00,solar.bun_hsc#realenergyintotheload#kwh,BUNDOORA,0.0,0.006075868,-0.0016329037,0.0,0.0
2025-03-24 01:00:00,solar.bun_hsc#realenergyintotheload#kwh,BUNDOORA,0.0,0.06696561,-0.0002640774,0.0,0.0
2025-03-24 02:00:00,solar.bun_hsc#realenergyintotheload#kwh,BUNDOORA,0.0,0.06367338,-0.0019238757,0.0,0.0
2025-03-24 03:00:00,solar.bun_hsc#realenergyintotheload#kwh,BUNDOORA,0.0,0.06367338,-0.00055951567,0.0,0.0
2025-03-24 04:00:00,solar.bun_hsc#realenergyintotheload#kwh,BUNDOORA,0.0,0.06367338,-0.00055951567,0.0,0.0
2025-03-24 05:00:00,solar.bun_hsc#realenergyintotheload#kwh,BUNDOORA,0.0,0.028984591,-0.0027733005,0.0,0.0
2025-03-24 06:00:00,solar.bun_hsc#realenergyintotheload#kwh,BUNDOORA,0.0,-0.0066848793,-0.0027733005,0.0,0.0
2025-03-24 07:00:00,solar.bun_hsc#realenergyintotheload#kwh,BUNDOORA,0.0,0.07959299,-0.00055951567,0.0,0.0
2025-03-24 08:00:00,solar.bun_hsc#realenergyintotheload#kwh,BUNDOORA,0.28125,0.95977235,0.8155365,0.7913742,22.0
2025-03-24 09:00:00,solar.bun_hsc#realenergyintotheload#kwh,BUNDOORA,3.53125,5.8244987,4.981703,4.8341074,153.0
2025-03-24 10:00:00,solar.bun_hsc#realenergyintotheload#kwh,BUNDOORA,8.59375,9.874418,12.834005,12.453766,280.0
2025-03-24 11:00:00,solar.bun_hsc#realenergyintotheload#kwh,BUNDOORA,13.125,14.3025675,10.4697895,10.1595955,207.0
2025-03-24 12:00:00,solar.bun_hsc#realenergyintotheload#kwh,BUNDOORA,13.40625,16.110008,15.134114,14.685728,291.0
2025-03-24 13:00:00,solar.bun_hsc#realenergyintotheload#kwh,BUNDOORA,19.15625,22.700426,20.04545,19.451553,386.0
2025-03-24 14:00:00,solar.bun_hsc#realenergyintotheload#kwh,BUNDOORA,25.28125,22.035349,20.861273,20.243206,400.0
2025-03-24 15:00:00,solar.bun_hsc#realenergyintotheload#kwh,BUNDOORA,30.0,25.686216,27.912773,27.085787,542.0
2025-03-24 16:00:00,solar.bun_hsc#realenergyintotheload#kwh,BUNDOORA,26.96875,18.925325,19.281559,18.710295,374.0
2025-03-24 17:00:00,solar.bun_hsc#realenergyintotheload#kwh,BUNDOORA,23.0625,21.712227,25.37642,24.624578,486.0
2025-03-24 18:00:00,solar.bun_hsc#realenergyintotheload#kwh,BUNDOORA,10.25,13.937643,14.50325,14.073555,301.0
2025-03-24 19:00:00,solar.bun_hsc#realenergyintotheload#kwh,BUNDOORA,2.0625,6.144765,4.3067794,4.17918,99.0
2025-03-24 20:00:00,solar.bun_hsc#realenergyintotheload#kwh,BUNDOORA,0.09375,1.0194738,0.0023721973,0.002301915,0.0
2025-03-24 21:00:00,solar.bun_hsc#realenergyintotheload#kwh,BUNDOORA,0.0,-0.20910253,-1.3161625e-05,0.0,0.0
2025-03-24 22:00:00,solar.bun_hsc#realenergyintotheload#kwh,BUNDOORA,0.0,0.21352385,-7.76854e-05,0.0,0.0
2025-03-24 23:00:00,solar.bun_hsc#realenergyintotheload#kwh,BUNDOORA,0.0,0.052597523,-6.4010383e-06,0.0,0.0
2025-03-25 00:00:00,solar.bun_hsc#realenergyintotheload#kwh,BUNDOORA,0.0,0.06139517,-0.0018085479,0.0,0.0
2025-03-25 01:00:00,solar.bun_hsc#realenergyintotheload#kwh,BUNDOORA,0.0,-0.00510631,0.00013672415,0.00013267335,0.0
2025-03-25 02:00:00,solar.bun_hsc#realenergyintotheload#kwh,BUNDOORA,0.0,-0.00044156145,-0.00022492534,0.0,0.0
2025-03-25 03:00:00,solar.bun_hsc#realenergyintotheload#kwh,BUNDOORA,0.0,-0.017217657,0.0001494353,0.00014500791,0.0
2025-03-25 04:00:00,solar.bun_hsc#realenergyintotheload#kwh,BUNDOORA,0.0,-0.012494337,0.0014945625,0.0014502823,0.0
2025-03-25 05:00:00,solar.bun_hsc#realenergyintotheload#kwh,BUNDOORA,0.0,-0.009248398,0.0014945625,0.0014502823,0.0
2025-03-25 06:00:00,solar.bun_hsc#realenergyintotheload#kwh,BUNDOORA,0.0,-0.008828338,-0.00022492534,0.0,0.0
2025-03-25 07:00:00,solar.bun_hsc#realenergyintotheload#kwh,BUNDOORA,0.0,-0.016134012,0.00022250079,0.00021590864,0.0
2025-03-25 08:00:00,solar.bun_hsc#realenergyintotheload#kwh,BUNDOORA,0.21875,1.565083,0.8324446,0.80778134,21.0
2025-03-25 09:00:00,solar.bun_hsc#realenergyintotheload#kwh,BUNDOORA,2.40625,1.4861176,4.102142,3.9806056,111.0
2025-03-25 10:00:00,solar.bun_hsc#realenergyintotheload#kwh,BUNDOORA,6.09375,7.152312,10.959118,10.634427,225.0
2025-03-25 11:00:00,solar.bun_hsc#realenergyintotheload#kwh,BUNDOORA,15.09375,18.457216,17.450747,16.933725,323.0
2025-03-25 12:00:00,solar.bun_hsc#realenergyintotheload#kwh,BUNDOORA,25.8125,31.686821,37.67818,36.56187,707.0
2025-03-25 13:00:00,solar.bun_hsc#realenergyintotheload#kwh,BUNDOORA,38.09375,37.433594,40.80038,39.591568,803.0
2025-03-25 14:00:00,solar.bun_hsc#realenergyintotheload#kwh,BUNDOORA,40.46875,38.598743,41.346428,40.121437,816.0
2025-03-25 15:00:00,solar.bun_hsc#realenergyintotheload#kwh,BUNDOORA,40.03125,35.12529,39.670002,38.49468,763.0
2025-03-25 16:00:00,solar.bun_hsc#realenergyintotheload#kwh,BUNDOORA,32.96875,31.017061,35.382088,34.333805,650.0
2025-03-25 17:00:00,solar.bun_hsc#realenergyintotheload#kwh,BUNDOORA,28.4375,27.323195,26.429447,25.646408,487.0
2025-03-25 18:00:00,solar.bun_hsc#realenergyintotheload#kwh,BUNDOORA,7.625,14.436144,14.590398,14.158121,291.0
2025-03-25 19:00:00,solar.bun_hsc#realenergyintotheload#kwh,BUNDOORA,1.9375,4.022977,4.0611033,3.940783,91.0
2025-03-25 20:00:00,solar.bun_hsc#realenergyintotheload#kwh,BUNDOORA,0.0625,0.98029995,-0.0023227064,0.0,0.0
2025-03-25 21:00:00,solar.bun_hsc#realenergyintotheload#kwh,BUNDOORA,0.0,0.025578521,-0.0016580417,0.0,0.0
2025-03-25 22:00:00,solar.bun_hsc#realenergyintotheload#kwh,BUNDOORA,0.0,0.010131899,-0.0017661231,0.0,0.0
2025-03-25 23:00:00,solar.bun_hsc#realenergyintotheload#kwh,BUNDOORA,0.0,0.0079552485,-0.00085489533,0.0,0.0
2025-03-26 00:00:00,solar.bun_hsc#realenergyintotheload#kwh,BUNDOORA,0.0,0.013756893,-0.0016800901,0.0,0.0
2025-03-26 01:00:00,solar.bun_hsc#realenergyintotheload#kwh,BUNDOORA,0.0,0.088704444,-0.00031126378,0.0,0.0
2025-03-26 02:00:00,solar.bun_hsc#realenergyintotheload#kwh,BUNDOORA,0.0,0.00539133,-0.00031126378,0.0,0.0
2025-03-26 03:00:00,solar.bun_hsc#realenergyintotheload#kwh,BUNDOORA,0.0,0.0066503375,-0.0016800901,0.0,0.0
2025-03-26 04:00:00,solar.bun_hsc#realenergyintotheload#kwh,BUNDOORA,0.0,0.0066503375,-0.0016800901,0.0,0.0
2025-03-26 05:00:00,solar.bun_hsc#realenergyintotheload#kwh,BUNDOORA,0.0,0.0065235863,-0.0016800901,0.0,0.0
2025-03-26 06:00:00,solar.bun_hsc#realenergyintotheload#kwh,BUNDOORA,0.0,0.0066503375,-0.0016800901,0.0,0.0
2025-03-26 07:00:00,solar.bun_hsc#realenergyintotheload#kwh,BUNDOORA,0.0,0.056021523,-0.0016800901,0.0,0.0
2025-03-26 08:00:00,solar.bun_hsc#realenergyintotheload#kwh,BUNDOORA,0.03125,1.4433737,0.37059405,0.35961428,13.0
2025-03-26 09:00:00,solar.bun_hsc#realenergyintotheload#kwh,BUNDOORA,1.375,4.501448,3.602871,3.496127,103.0
2025-03-26 10:00:00,solar.bun_hsc#realenergyintotheload#kwh,BUNDOORA,4.875,7.781637,10.169609,9.868309,201.0
2025-03-26 11:00:00,solar.bun_hsc#realenergyintotheload#kwh,BUNDOORA,10.5625,12.957292,14.216658,13.795454,280.0
2025-03-26 12:00:00,solar.bun_hsc#realenergyintotheload#kwh,BUNDOORA,14.6875,21.141718,19.211935,18.642733,371.0
2025-03-26 13:00:00,solar.bun_hsc#realenergyintotheload#kwh,BUNDOORA,28.21875,24.410341,26.843245,26.047947,518.0
2025-03-26 14:00:00,solar.bun_hsc#realenergyintotheload#kwh,BUNDOORA,27.9375,28.842192,33.317417,32.330307,635.0
2025-03-26 15:00:00,solar.bun_hsc#realenergyintotheload#kwh,BUNDOORA,29.03125,28.69323,35.918484,34.85431,675.0
2025-03-26 16:00:00,solar.bun_hsc#realenergyintotheload#kwh,BUNDOORA,33.1875,30.409399,35.112934,34.072624,636.0
2025-03-26 17:00:00,solar.bun_hsc#realenergyintotheload#kwh,BUNDOORA,28.5625,23.349157,24.50838,23.782259,477.0
2025-03-26 18:00:00,solar.bun_hsc#realenergyintotheload#kwh,BUNDOORA,8.96875,14.789157,14.119844,13.7015085,284.0
2025-03-26 19:00:00,solar.bun_hsc#realenergyintotheload#kwh,BUNDOORA,1.53125,5.875843,3.9712198,3.8535624,86.0
2025-03-26 20:00:00,solar.bun_hsc#realenergyintotheload#kwh,BUNDOORA,0.0625,0.69692075,-0.0021974468,0.0,0.0
2025-03-26 21:00:00,solar.bun_hsc#realenergyintotheload#kwh,BUNDOORA,0.0,-0.111178175,-0.00010188855,0.0,0.0
2025-03-26 22:00:00,solar.bun_hsc#realenergyintotheload#kwh,BUNDOORA,0.0,-0.23422171,-0.00070357136,0.0,0.0
2025-03-26 23:00:00,solar.bun_hsc#realenergyintotheload#kwh,BUNDOORA,0.0,-0.2892626,0.00041207092,0.0003998623,0.0
2025-03-27 00:00:00,solar.bun_hsc#realenergyintotheload#kwh,BUNDOORA,0.0,0.037791386,0.0015524679,0.0015064722,0.0
2025-03-27 01:00:00,solar.bun_hsc#realenergyintotheload#kwh,BUNDOORA,0.0,0.03607116,0.0014570975,0.0014139273,0.0
2025-03-27 02:00:00,solar.bun_hsc#realenergyintotheload#kwh,BUNDOORA,0.0,0.017856877,0.0008662791,0.00084061344,0.0
2025-03-27 03:00:00,solar.bun_hsc#realenergyintotheload#kwh,BUNDOORA,0.0,0.036450006,0.0008662791,0.00084061344,0.0
2025-03-27 04:00:00,solar.bun_hsc#realenergyintotheload#kwh,BUNDOORA,0.0,0.02250741,-0.00024967908,0.0,0.0
2025-03-27 05:00:00,solar.bun_hsc#realenergyintotheload#kwh,BUNDOORA,0.0,0.02250741,-0.00026239024,0.0,0.0
2025-03-27 06:00:00,solar.bun_hsc#realenergyintotheload#kwh,BUNDOORA,0.0,0.02250741,-0.00024967908,0.0,0.0
2025-03-27 07:00:00,solar.bun_hsc#realenergyintotheload#kwh,BUNDOORA,0.0,0.14402442,0.0014570975,0.0014139273,0.0
2025-03-27 08:00:00,solar.bun_hsc#realenergyintotheload#kwh,BUNDOORA,0.125,2.207376,0.8174058,0.79318815,22.0
2025-03-27 09:00:00,solar.bun_hsc#realenergyintotheload#kwh,BUNDOORA,2.9375,6.470162,4.560205,4.4250975,144.0
2025-03-27 10:00:00,solar.bun_hsc#realenergyintotheload#kwh,BUNDOORA,12.28125,6.792868,20.518805,19.910883,386.0
2025-03-27 11:00:00,solar.bun_hsc#realenergyintotheload#kwh,BUNDOORA,24.90625,25.213684,31.156996,30.233892,589.0
2025-03-27 12:00:00,solar.bun_hsc#realenergyintotheload#kwh,BUNDOORA,33.03125,33.907673,39.20478,38.04324,722.0
2025-03-27 13:00:00,solar.bun_hsc#realenergyintotheload#kwh,BUNDOORA,33.78125,37.69163,42.54117,41.28078,795.0
2025-03-27 14:00:00,solar.bun_hsc#realenergyintotheload#kwh,BUNDOORA,40.46875,37.76074,43.145695,41.867397,804.0
2025-03-27 15:00:00,solar.bun_hsc#realenergyintotheload#kwh,BUNDOORA,35.875,38.83113,39.92613,38.743217,750.0
2025-03-27 16:00:00,solar.bun_hsc#realenergyintotheload#kwh,BUNDOORA,36.25,34.902145,35.92674,34.86232,636.0
2025-03-27 17:00:00,solar.bun_hsc#realenergyintotheload#kwh,BUNDOORA,27.4375,27.601255,25.392876,24.640549,473.0
2025-03-27 18:00:00,solar.bun_hsc#realenergyintotheload#kwh,BUNDOORA,8.4375,14.19988,13.806025,13.396987,277.0
2025-03-27 19:00:00,solar.bun_hsc#realenergyintotheload#kwh,BUNDOORA,1.6875,3.5822701,3.5413034,3.4363835,79.0
2025-03-27 20:00:00,solar.bun_hsc#realenergyintotheload#kwh,BUNDOORA,0.0625,1.077715,0.0048240214,0.004681098,0.0
2025-03-27 21:00:00,solar.bun_hsc#realenergyintotheload#kwh,BUNDOORA,0.0,0.26219884,-0.0028386128,0.0,0.0
2025-03-27 22:00:00,solar.bun_hsc#realenergyintotheload#kwh,BUNDOORA,0.0,0.1361835,-0.0015705784,0.0,0.0
2025-03-27 23:00:00,solar.bun_hsc#realenergyintotheload#kwh,BUNDOORA,0.0,-0.030078873,-0.0017661231,0.0,0.0
2025-03-28 00:00:00,solar.bun_hsc#realenergyintotheload#kwh,BUNDOORA,0.0,0.0033359346,-0.0031349498,0.0,0.0
2025-03-28 01:00:00,solar.bun_hsc#realenergyintotheload#kwh,BUNDOORA,0.0,0.002541149,-0.003425922,0.0,0.0
2025-03-28 02:00:00,solar.bun_hsc#realenergyintotheload#kwh,BUNDOORA,0.0,0.004227101,-0.0031303894,0.0,0.0
2025-03-28 03:00:00,solar.bun_hsc#realenergyintotheload#kwh,BUNDOORA,0.0,-0.005196727,0.0017813687,0.0017285913,0.0
2025-03-28 04:00:00,solar.bun_hsc#realenergyintotheload#kwh,BUNDOORA,0.0,0.01786613,0.0009208114,0.00089353,0.0
2025-03-28 05:00:00,solar.bun_hsc#realenergyintotheload#kwh,BUNDOORA,0.0,-0.0050770757,0.00064097275,0.0006219823,0.0
2025-03-28 06:00:00,solar.bun_hsc#realenergyintotheload#kwh,BUNDOORA,0.0,-0.011067839,0.00064097275,0.0006219823,0.0
2025-03-28 07:00:00,solar.bun_hsc#realenergyintotheload#kwh,BUNDOORA,0.0,-0.014670832,-0.0030625858,0.0,0.0
2025-03-28 08:00:00,solar.bun_hsc#realenergyintotheload#kwh,BUNDOORA,0.25,0.39630604,0.82309604,0.79870975,21.0
2025-03-28 09:00:00,solar.bun_hsc#realenergyintotheload#kwh,BUNDOORA,3.28125,6.320654,4.625394,4.488355,143.0
2025-03-28 10:00:00,solar.bun_hsc#realenergyintotheload#kwh,BUNDOORA,9.875,5.738921,20.003582,19.410925,394.0
2025-03-28 11:00:00,solar.bun_hsc#realenergyintotheload#kwh,BUNDOORA,19.03125,21.921452,29.69153,28.811844,552.0
2025-03-28 12:00:00,solar.bun_hsc#realenergyintotheload#kwh,BUNDOORA,21.15625,22.94956,28.986217,28.127428,551.0
2025-03-28 13:00:00,solar.bun_hsc#realenergyintotheload#kwh,BUNDOORA,25.125,25.0408,33.12617,32.144726,632.0
2025-03-28 14:00:00,solar.bun_hsc#realenergyintotheload#kwh,BUNDOORA,30.5,28.831106,37.784122,36.664673,723.0
2025-03-28 15:00:00,solar.bun_hsc#realenergyintotheload#kwh,BUNDOORA,33.875,36.27865,38.698414,37.551876,731.0
2025-03-28 16:00:00,solar.bun_hsc#realenergyintotheload#kwh,BUNDOORA,19.28125,19.585966,24.572803,23.844772,462.0
2025-03-28 17:00:00,solar.bun_hsc#realenergyintotheload#kwh,BUNDOORA,14.84375,15.013653,15.5061245,15.046717,302.0
2025-03-28 18:00:00,solar.bun_hsc#realenergyintotheload#kwh,BUNDOORA,8.3125,8.432203,6.39007,6.200748,137.0
2025-03-28 19:00:00,solar.bun_hsc#realenergyintotheload#kwh,BUNDOORA,2.53125,1.735953,1.5846854,1.5377352,35.0
2025-03-28 20:00:00,solar.bun_hsc#realenergyintotheload#kwh,BUNDOORA,0.09375,0.047553126,0.0012239586,0.0011876958,0.0
2025-03-28 21:00:00,solar.bun_hsc#realenergyintotheload#kwh,BUNDOORA,0.0,0.046673227,0.004626497,0.0044894256,0.0
2025-03-28 22:00:00,solar.bun_hsc#realenergyintotheload#kwh,BUNDOORA,0.0,0.14721657,0.0029465011,0.0028592036,0.0
2025-03-28 23:00:00,solar.bun_hsc#realenergyintotheload#kwh,BUNDOORA,0.0,0.024502417,0.00026685197,0.00025894583,0.0
2025-03-29 00:00:00,solar.bun_hsc#realenergyintotheload#kwh,BUNDOORA,0.0,0.18302473,-0.00042741586,0.0,0.0
2025-03-29 01:00:00,solar.bun_hsc#realenergyintotheload#kwh,BUNDOORA,0.0,0.36242303,-0.0011833648,0.0,0.0
2025-03-29 02:00:00,solar.bun_hsc#realenergyintotheload#kwh,BUNDOORA,0.0,-0.016647793,-0.002133688,0.0,0.0
2025-03-29 03:00:00,solar.bun_hsc#realenergyintotheload#kwh,BUNDOORA,0.0,-0.013102455,-0.002133688,0.0,0.0
2025-03-29 04:00:00,solar.bun_hsc#realenergyintotheload#kwh,BUNDOORA,0.0,0.018743478,-0.0020691643,0.0,0.0
2025-03-29 05:00:00,solar.bun_hsc#realenergyintotheload#kwh,BUNDOORA,0.0,0.043399323,-0.0026580158,0.0,0.0
2025-03-29 06:00:00,solar.bun_hsc#realenergyintotheload#kwh,BUNDOORA,0.0,0.016193165,-0.0017541143,0.0,0.0
2025-03-29 07:00:00,solar.bun_hsc#realenergyintotheload#kwh,BUNDOORA,0.0,0.08851974,-0.0023984853,0.0,0.0
2025-03-29 08:00:00,solar.bun_hsc#realenergyintotheload#kwh,BUNDOORA,0.0,0.4002283,0.14788781,0.14350626,7.0
2025-03-29 09:00:00,solar.bun_hsc#realenergyintotheload#kwh,BUNDOORA,1.625,2.325398,3.1055386,3.0135293,82.0
2025-03-29 10:00:00,solar.bun_hsc#realenergyintotheload#kwh,BUNDOORA,2.21875,5.752005,8.4858675,8.234452,167.0
2025-03-29 11:00:00,solar.bun_hsc#realenergyintotheload#kwh,BUNDOORA,6.84375,7.8131366,6.3575673,6.1692085,131.0
2025-03-29 12:00:00,solar.bun_hsc#realenergyintotheload#kwh,BUNDOORA,5.9375,7.6257963,5.268524,5.112431,105.0
2025-03-29 13:00:00,solar.bun_hsc#realenergyintotheload#kwh,BUNDOORA,6.90625,11.054122,8.595374,8.340714,172.0
2025-03-29 14:00:00,solar.bun_hsc#realenergyintotheload#kwh,BUNDOORA,22.4375,14.088734,14.330296,13.905725,285.0
2025-03-29 15:00:00,solar.bun_hsc#realenergyintotheload#kwh,BUNDOORA,13.09375,11.772117,9.173669,8.9018755,188.0
2025-03-29 16:00:00,solar.bun_hsc#realenergyintotheload#kwh,BUNDOORA,5.28125,4.4629445,3.5846217,3.4784184,76.0
2025-03-29 17:00:00,solar.bun_hsc#realenergyintotheload#kwh,BUNDOORA,8.8125,9.641972,9.889042,9.596054,195.0
2025-03-29 18:00:00,solar.bun_hsc#realenergyintotheload#kwh,BUNDOORA,7.625,5.0764956,4.5429134,4.408318,94.0
2025-03-29 19:00:00,solar.bun_hsc#realenergyintotheload#kwh,BUNDOORA,2.125,1.9968959,1.5210717,1.4760062,36.0
2025-03-29 20:00:00,solar.bun_hsc#realenergyintotheload#kwh,BUNDOORA,0.0,1.0285558,-0.0007242312,0.0,0.0
2025-03-29 21:00:00,solar.bun_hsc#realenergyintotheload#kwh,BUNDOORA,0.0,0.08069561,0.0019506902,0.0018928961,0.0
2025-03-29 22:00:00,solar.bun_hsc#realenergyintotheload#kwh,BUNDOORA,0.0,0.020241676,0.0010028603,0.00097314804,0.0
2025-03-29 23:00:00,solar.bun_hsc#realenergyintotheload#kwh,BUNDOORA,0.0,0.043373503,0.0014529955,0.0014099468,0.0
2025-03-30 00:00:00,solar.bun_hsc#realenergyintotheload#kwh,BUNDOORA,0.0,-0.06311874,0.0009807657,0.00095170806,0.0
2025-03-30 01:00:00,solar.bun_hsc#realenergyintotheload#kwh,BUNDOORA,0.0,0.010442603,0.0015715836,0.0015250215,0.0
2025-03-30 02:00:00,solar.bun_hsc#realenergyintotheload#kwh,BUNDOORA,0.0,0.03658366,0.000967309,0.00093865005,0.0
2025-03-30 03:00:00,solar.bun_hsc#realenergyintotheload#kwh,BUNDOORA,0.0,0.033344366,0.0015715836,0.0015250215,0.0
2025-03-30 04:00:00,solar.bun_hsc#realenergyintotheload#kwh,BUNDOORA,0.0,-0.1549318,-0.0016529165,0.0,0.0
2025-03-30 05:00:00,solar.bun_hsc#realenergyintotheload#kwh,BUNDOORA,0.0,-0.13893595,-0.0013691798,0.0,0.0
2025-03-30 06:00:00,solar.bun_hsc#realenergyintotheload#kwh,BUNDOORA,0.0,-0.20726922,0.0003233636,0.00031378315,0.0
2025-03-30 07:00:00,solar.bun_hsc#realenergyintotheload#kwh,BUNDOORA,0.0,0.029424042,0.0004108269,0.00039865513,0.0
2025-03-30 08:00:00,solar.bun_hsc#realenergyintotheload#kwh,BUNDOORA,0.0625,1.0502727,0.5994631,0.58170253,17.0
2025-03-30 09:00:00,solar.bun_hsc#realenergyintotheload#kwh,BUNDOORA,2.375,7.75265,6.088807,5.908411,161.0
2025-03-30 10:00:00,solar.bun_hsc#realenergyintotheload#kwh,BUNDOORA,8.65625,10.733098,15.747112,15.280564,332.0
2025-03-30 11:00:00,solar.bun_hsc#realenergyintotheload#kwh,BUNDOORA,19.46875,16.686722,27.886606,27.060396,525.0
2025-03-30 12:00:00,solar.bun_hsc#realenergyintotheload#kwh,BUNDOORA,17.59375,18.880054,23.427267,22.733175,457.0
2025-03-30 13:00:00,solar.bun_hsc#realenergyintotheload#kwh,BUNDOORA,16.125,20.185932,18.802303,18.245237,360.0
2025-03-30 14:00:00,solar.bun_hsc#realenergyintotheload#kwh,BUNDOORA,20.4375,22.415644,23.57042,22.872087,457.0
2025-03-30 15:00:00,solar.bun_hsc#realenergyintotheload#kwh,BUNDOORA,16.78125,14.451488,14.179571,13.759466,269.0
2025-03-30 16:00:00,solar.bun_hsc#realenergyintotheload#kwh,BUNDOORA,19.0,15.863647,21.438543,20.803373,398.0
2025-03-30 17:00:00,solar.bun_hsc#realenergyintotheload#kwh,BUNDOORA,13.65625,12.866571,14.084497,13.667209,264.0
2025-03-30 18:00:00,solar.bun_hsc#realenergyintotheload#kwh,BUNDOORA,5.84375,11.898975,6.4327974,6.24221,164.0
2025-03-30 19:00:00,solar.bun_hsc#realenergyintotheload#kwh,BUNDOORA,1.875,4.2598066,2.2121308,2.146591,46.0
2025-03-30 20:00:00,solar.bun_hsc#realenergyintotheload#kwh,BUNDOORA,0.03125,1.1313576,0.026499964,0.025714837,0.0
2025-03-30 21:00:00,solar.bun_hsc#realenergyintotheload#kwh,BUNDOORA,0.0,0.13643524,0.026284792,0.025506038,0.0
2025-03-30 22:00:00,solar.bun_hsc#realenergyintotheload#kwh,BUNDOORA,0.0,0.14255188,0.028029762,0.027199311,0.0
2025-03-30 23:00:00,solar.bun_hsc#realenergyintotheload#kwh,BUNDOORA,0.0,0.08941338,0.021511117,0.020873796,0.0
2025-03-31 00:00:00,solar.bun_hsc#realenergyintotheload#kwh,BUNDOORA,0.0,0.3873359,0.004137017,0.0040144473,0.0
2025-03-31 01:00:00,solar.bun_hsc#realenergyintotheload#kwh,BUNDOORA,0.0,0.50156176,0.028029762,0.027199311,0.0
2025-03-31 02:00:00,solar.bun_hsc#realenergyintotheload#kwh,BUNDOORA,0.0,0.19378409,0.028392507,0.027551308,0.0
2025-03-31 03:00:00,solar.bun_hsc#realenergyintotheload#kwh,BUNDOORA,0.0,0.19378409,0.028942088,0.028084606,0.0
2025-03-31 04:00:00,solar.bun_hsc#realenergyintotheload#kwh,BUNDOORA,0.0,0.19490372,0.02025285,0.019652808,0.0
2025-03-31 05:00:00,solar.bun_hsc#realenergyintotheload#kwh,BUNDOORA,0.0,0.048453797,-0.0024663683,0.0,0.0
2025-03-31 06:00:00,solar.bun_hsc#realenergyintotheload#kwh,BUNDOORA,0.0,0.036218703,-0.015581274,0.0,0.0
2025-03-31 07:00:00,solar.bun_hsc#realenergyintotheload#kwh,BUNDOORA,0.0,0.2777962,0.00029689047,0.00028809436,0.0
2025-03-31 08:00:00,solar.bun_hsc#realenergyintotheload#kwh,BUNDOORA,0.28125,3.5408475,0.5791917,0.5620317,16.0
2025-03-31 09:00:00,solar.bun_hsc#realenergyintotheload#kwh,BUNDOORA,2.75,8.807331,8.9109745,8.646965,188.0
2025-03-31 10:00:00,solar.bun_hsc#realenergyintotheload#kwh,BUNDOORA,10.125,15.070186,21.674864,21.032692,390.0
2025-03-31 11:00:00,solar.bun_hsc#realenergyintotheload#kwh,BUNDOORA,20.8125,19.568827,30.938519,30.021887,569.0
2025-03-31 12:00:00,solar.bun_hsc#realenergyintotheload#kwh,BUNDOORA,36.125,27.216278,34.34131,33.32386,649.0
2025-03-31 13:00:00,solar.bun_hsc#realenergyintotheload#kwh,BUNDOORA,32.0625,24.028318,29.321342,28.452625,548.0
2025-03-31 14:00:00,solar.bun_hsc#realenergyintotheload#kwh,BUNDOORA,30.5,22.320707,25.242552,24.494678,471.0
2025-03-31 15:00:00,solar.bun_hsc#realenergyintotheload#kwh,BUNDOORA,23.6875,24.090807,31.306715,30.379175,557.0
2025-03-31 16:00:00,solar.bun_hsc#realenergyintotheload#kwh,BUNDOORA,27.0,22.060764,19.774319,19.188456,371.0
2025-03-31 17:00:00,solar.bun_hsc#realenergyintotheload#kwh,BUNDOORA,22.1875,16.868929,19.12847,18.56174,375.0
2025-03-31 18:00:00,solar.bun_hsc#realenergyintotheload#kwh,BUNDOORA,10.75,8.350131,10.254696,9.950875,201.0
2025-03-31 19:00:00,solar.bun_hsc#realenergyintotheload#kwh,BUNDOORA,2.0,1.4093728,1.3145368,1.2755904,32.0
2025-03-31 20:00:00,solar.bun_hsc#realenergyintotheload#kwh,BUNDOORA,0.0,0.0368578,-0.01718472,0.0,0.0
2025-03-31 21:00:00,solar.bun_hsc#realenergyintotheload#kwh,BUNDOORA,0.0,-0.30410793,-0.0020822631,0.0,0.0
2025-03-31 22:00:00,solar.bun_hsc#realenergyintotheload#kwh,BUNDOORA,0.0,0.24066332,-0.0009692797,0.0,0.0
2025-03-31 23:00:00,solar.bun_hsc#realenergyintotheload#kwh,BUNDOORA,0.0,0.13158855,-0.014486552,0.0,0.0
2025-04-01 00:00:00,solar.bun_hsc#realenergyintotheload#kwh,BUNDOORA,0.0,-0.012872301,0.0044283345,0.004297134,0.0
2025-04-01 01:00:00,solar.bun_hsc#realenergyintotheload#kwh,BUNDOORA,0.0,0.0013012234,0.0044283345,0.004297134,0.0
2025-04-01 02:00:00,solar.bun_hsc#realenergyintotheload#kwh,BUNDOORA,0.0,0.0074390084,0.004197659,0.004073293,0.0
2025-04-01 03:00:00,solar.bun_hsc#realenergyintotheload#kwh,BUNDOORA,0.0,0.16958503,0.004197659,0.004073293,0.0
2025-04-01 04:00:00,solar.bun_hsc#realenergyintotheload#kwh,BUNDOORA,0.0,0.033433583,0.0018562122,0.0018012172,0.0
2025-04-01 05:00:00,solar.bun_hsc#realenergyintotheload#kwh,BUNDOORA,0.0,0.036893684,0.0018562122,0.0018012172,0.0
2025-04-01 06:00:00,solar.bun_hsc#realenergyintotheload#kwh,BUNDOORA,0.0,0.1788614,0.0014945625,0.0014502823,0.0
2025-04-01 07:00:00,solar.bun_hsc#realenergyintotheload#kwh,BUNDOORA,0.0,0.18551472,0.0014945625,0.0014502823,0.0
2025-04-01 08:00:00,solar.bun_hsc#realenergyintotheload#kwh,BUNDOORA,0.09375,0.54149765,0.6132126,0.5950446,18.0
2025-04-01 09:00:00,solar.bun_hsc#realenergyintotheload#kwh,BUNDOORA,1.3125,5.3273344,10.032579,9.735339,195.0
2025-04-01 10:00:00,solar.bun_hsc#realenergyintotheload#kwh,BUNDOORA,7.78125,5.748837,19.985516,19.393394,395.0
2025-04-01 11:00:00,solar.bun_hsc#realenergyintotheload#kwh,BUNDOORA,22.78125,25.742687,31.377932,30.448282,572.0
2025-04-01 12:00:00,solar.bun_hsc#realenergyintotheload#kwh,BUNDOORA,33.3125,31.54224,38.713676,37.56669,704.0
2025-04-01 13:00:00,solar.bun_hsc#realenergyintotheload#kwh,BUNDOORA,39.0,37.818768,42.02457,40.779488,777.0
2025-04-01 14:00:00,solar.bun_hsc#realenergyintotheload#kwh,BUNDOORA,36.71875,37.807323,41.77002,40.53248,786.0
2025-04-01 15:00:00,solar.bun_hsc#realenergyintotheload#kwh,BUNDOORA,40.53125,37.104332,39.341843,38.176243,730.0
2025-04-01 16:00:00,solar.bun_hsc#realenergyintotheload#kwh,BUNDOORA,38.0625,20.13625,25.629358,24.870024,463.0
2025-04-01 17:00:00,solar.bun_hsc#realenergyintotheload#kwh,BUNDOORA,9.71875,13.397312,14.28347,13.860287,267.0
2025-04-01 18:00:00,solar.bun_hsc#realenergyintotheload#kwh,BUNDOORA,5.09375,7.22084,11.552355,11.210088,214.0
2025-04-01 19:00:00,solar.bun_hsc#realenergyintotheload#kwh,BUNDOORA,1.1875,2.3656318,2.7198162,2.6392348,59.0
2025-04-01 20:00:00,solar.bun_hsc#realenergyintotheload#kwh,BUNDOORA,0.03125,0.1844889,0.0080021685,0.007765084,0.0
2025-04-01 21:00:00,solar.bun_hsc#realenergyintotheload#kwh,BUNDOORA,0.0,0.41801596,-0.017648725,0.0,0.0
2025-04-01 22:00:00,solar.bun_hsc#realenergyintotheload#kwh,BUNDOORA,0.0,0.37353963,-0.0018164346,0.0,0.0
2025-04-01 23:00:00,solar.bun_hsc#realenergyintotheload#kwh,BUNDOORA,0.0,0.105124444,-0.00071507605,0.0,0.0
2025-04-02 00:00:00,solar.bun_hsc#realenergyintotheload#kwh,BUNDOORA,0.0,0.091768146,-0.0008686563,0.0,0.0
2025-04-02 01:00:00,solar.bun_hsc#realenergyintotheload#kwh,BUNDOORA,0.0,0.0086982185,0.0027946234,0.0027118258,0.0
2025-04-02 02:00:00,solar.bun_hsc#realenergyintotheload#kwh,BUNDOORA,0.0,0.027852066,0.003074462,0.0029833734,0.0
2025-04-02 03:00:00,solar.bun_hsc#realenergyintotheload#kwh,BUNDOORA,0.0,0.029363213,0.0014146636,0.0013727507,0.0
2025-04-02 04:00:00,solar.bun_hsc#realenergyintotheload#kwh,BUNDOORA,0.0,-0.019501105,0.00077317597,0.0007502687,0.0
2025-04-02 05:00:00,solar.bun_hsc#realenergyintotheload#kwh,BUNDOORA,0.0,-0.027462116,0.0023955964,0.0023246207,0.0
2025-04-02 06:00:00,solar.bun_hsc#realenergyintotheload#kwh,BUNDOORA,0.0,0.0063965158,0.0017576661,0.0017055909,0.0
2025-04-02 07:00:00,solar.bun_hsc#realenergyintotheload#kwh,BUNDOORA,0.0,0.0190395,0.0017576661,0.0017055909,0.0
2025-04-02 08:00:00,solar.bun_hsc#realenergyintotheload#kwh,BUNDOORA,0.09375,0.30862412,0.5803112,0.563118,16.0
2025-04-02 09:00:00,solar.bun_hsc#realenergyintotheload#kwh,BUNDOORA,1.65625,1.5964868,9.744186,9.45549,188.0
2025-04-02 10:00:00,solar.bun_hsc#realenergyintotheload#kwh,BUNDOORA,7.75,3.1169674,18.455711,17.908915,386.0
2025-04-02 11:00:00,solar.bun_hsc#realenergyintotheload#kwh,BUNDOORA,21.28125,29.302393,32.68436,31.716005,565.0
2025-04-02 12:00:00,solar.bun_hsc#realenergyintotheload#kwh,BUNDOORA,30.96875,32.98929,38.699734,37.553158,695.0
2025-04-02 13:00:00,solar.bun_hsc#realenergyintotheload#kwh,BUNDOORA,36.4375,35.414814,41.26939,40.04668,766.0
2025-04-02 14:00:00,solar.bun_hsc#realenergyintotheload#kwh,BUNDOORA,38.96875,38.88011,41.107872,39.88995,774.0
2025-04-02 15:00:00,solar.bun_hsc#realenergyintotheload#kwh,BUNDOORA,36.6875,37.44609,38.375263,37.2383,715.0
2025-04-02 16:00:00,solar.bun_hsc#realenergyintotheload#kwh,BUNDOORA,32.40625,31.194405,33.70017,32.701717,600.0
2025-04-02 17:00:00,solar.bun_hsc#realenergyintotheload#kwh,BUNDOORA,23.875,16.558025,24.57295,23.844915,438.0
2025-04-02 18:00:00,solar.bun_hsc#realenergyintotheload#kwh,BUNDOORA,6.625,7.6919384,12.108453,11.749709,217.0
2025-04-02 19:00:00,solar.bun_hsc#realenergyintotheload#kwh,BUNDOORA,2.03125,1.9243686,1.851046,1.7962041,40.0
2025-04-02 20:00:00,solar.bun_hsc#realenergyintotheload#kwh,BUNDOORA,0.0,0.43080905,0.0026909553,0.002611229,0.0
2025-04-02 21:00:00,solar.bun_hsc#realenergyintotheload#kwh,BUNDOORA,0.0,0.08068886,-0.00016917562,0.0,0.0
2025-04-02 22:00:00,solar.bun_hsc#realenergyintotheload#kwh,BUNDOORA,0.0,0.060986415,-0.0012043632,0.0,0.0
2025-04-02 23:00:00,solar.bun_hsc#realenergyintotheload#kwh,BUNDOORA,0.0,0.08939645,0.00042531997,0.0004127188,0.0
2025-04-03 00:00:00,solar.bun_hsc#realenergyintotheload#kwh,BUNDOORA,0.0,0.033981215,0.0027491245,0.0026676748,0.0
2025-04-03 01:00:00,solar.bun_hsc#realenergyintotheload#kwh,BUNDOORA,0.0,0.025622088,0.004043101,0.0039233137,0.0
2025-04-03 02:00:00,solar.bun_hsc#realenergyintotheload#kwh,BUNDOORA,0.0,0.036194243,0.0029027052,0.0028167053,0.0
2025-04-03 03:00:00,solar.bun_hsc#realenergyintotheload#kwh,BUNDOORA,0.0,0.0086982185,0.0026410432,0.0025627955,0.0
2025-04-03 04:00:00,solar.bun_hsc#realenergyintotheload#kwh,BUNDOORA,0.0,0.0086982185,0.003624041,0.0035166699,0.0
2025-04-03 05:00:00,solar.bun_hsc#realenergyintotheload#kwh,BUNDOORA,0.0,0.023842609,0.003074462,0.0029833734,0.0
2025-04-03 06:00:00,solar.bun_hsc#realenergyintotheload#kwh,BUNDOORA,0.0,-0.021788543,0.001134825,0.001101203,0.0
2025-04-03 07:00:00,solar.bun_hsc#realenergyintotheload#kwh,BUNDOORA,0.0,-0.009644948,0.0019797827,0.0019211267,0.0
2025-04-03 08:00:00,solar.bun_hsc#realenergyintotheload#kwh,BUNDOORA,0.03125,0.647369,0.28002465,0.27172822,9.0
2025-04-03 09:00:00,solar.bun_hsc#realenergyintotheload#kwh,BUNDOORA,1.5625,2.317427,3.27467,3.1776495,94.0
2025-04-03 10:00:00,solar.bun_hsc#realenergyintotheload#kwh,BUNDOORA,6.1875,6.664751,10.493179,10.182293,207.0
2025-04-03 11:00:00,solar.bun_hsc#realenergyintotheload#kwh,BUNDOORA,14.3125,17.93651,22.693306,22.02096,403.0
2025-04-03 12:00:00,solar.bun_hsc#realenergyintotheload#kwh,BUNDOORA,24.6875,30.371136,35.81499,34.753883,651.0
2025-04-03 13:00:00,solar.bun_hsc#realenergyintotheload#kwh,BUNDOORA,31.6875,31.133835,36.796497,35.70631,677.0
2025-04-03 14:00:00,solar.bun_hsc#realenergyintotheload#kwh,BUNDOORA,35.46875,34.39163,40.47652,39.2773,750.0
2025-04-03 15:00:00,solar.bun_hsc#realenergyintotheload#kwh,BUNDOORA,36.71875,33.850178,37.72817,36.61038,706.0
2025-04-03 16:00:00,solar.bun_hsc#realenergyintotheload#kwh,BUNDOORA,33.3125,23.020945,28.478876,27.635118,502.0
2025-04-03 17:00:00,solar.bun_hsc#realenergyintotheload#kwh,BUNDOORA,23.125,18.834108,19.637224,19.055422,363.0
2025-04-03 18:00:00,solar.bun_hsc#realenergyintotheload#kwh,BUNDOORA,4.84375,8.089594,4.2378397,4.112283,102.0
2025-04-03 19:00:00,solar.bun_hsc#realenergyintotheload#kwh,BUNDOORA,1.5,4.8361835,0.9274942,0.9000149,23.0
2025-04-03 20:00:00,solar.bun_hsc#realenergyintotheload#kwh,BUNDOORA,0.0,1.0500879,0.0005061971,0.0004911997,0.0
2025-04-03 21:00:00,solar.bun_hsc#realenergyintotheload#kwh,BUNDOORA,0.0,0.054442123,0.0004127395,0.00040051105,0.0
2025-04-03 22:00:00,solar.bun_hsc#realenergyintotheload#kwh,BUNDOORA,0.0,0.054958753,0.0008984256,0.00087180745,0.0
2025-04-03 23:00:00,solar.bun_hsc#realenergyintotheload#kwh,BUNDOORA,0.0,0.11759849,0.001524312,0.0014791504,0.0
2025-04-04 00:00:00,solar.bun_hsc#realenergyintotheload#kwh,BUNDOORA,0.0,0.1946945,0.0010386256,0.0010078538,0.0
2025-04-04 01:00:00,solar.bun_hsc#realenergyintotheload#kwh,BUNDOORA,0.0,0.073621355,0.0040655886,0.0039451355,0.0
2025-04-04 02:00:00,solar.bun_hsc#realenergyintotheload#kwh,BUNDOORA,0.0,0.06030976,0.0044283345,0.004297134,0.0
2025-04-04 03:00:00,solar.bun_hsc#realenergyintotheload#kwh,BUNDOORA,0.0,-0.0062493016,0.0044283345,0.004297134,0.0
2025-04-04 04:00:00,solar.bun_hsc#realenergyintotheload#kwh,BUNDOORA,0.0,0.031657636,0.006146126,0.0059640314,0.0
2025-04-04 05:00:00,solar.bun_hsc#realenergyintotheload#kwh,BUNDOORA,0.0,0.033771247,0.0043266914,0.0041985023,0.0
2025-04-04 06:00:00,solar.bun_hsc#realenergyintotheload#kwh,BUNDOORA,0.0,0.036744624,0.0029889662,0.0029004107,0.0
2025-04-04 07:00:00,solar.bun_hsc#realenergyintotheload#kwh,BUNDOORA,0.0,0.11381013,0.0030747429,0.002983646,0.0
2025-04-04 08:00:00,solar.bun_hsc#realenergyintotheload#kwh,BUNDOORA,0.0,1.58888,0.35874832,0.3481195,10.0
2025-04-04 09:00:00,solar.bun_hsc#realenergyintotheload#kwh,BUNDOORA,1.34375,7.469461,3.898201,3.782707,84.0
2025-04-04 10:00:00,solar.bun_hsc#realenergyintotheload#kwh,BUNDOORA,4.9375,9.892187,10.629214,10.314298,199.0
2025-04-04 11:00:00,solar.bun_hsc#realenergyintotheload#kwh,BUNDOORA,11.21875,16.1796,13.354298,12.958643,254.0
2025-04-04 12:00:00,solar.bun_hsc#realenergyintotheload#kwh,BUNDOORA,12.84375,16.84473,13.238744,12.846513,252.0
2025-04-04 13:00:00,solar.bun_hsc#realenergyintotheload#kwh,BUNDOORA,8.59375,11.253658,7.932274,7.6972604,158.0
2025-04-04 14:00:00,solar.bun_hsc#realenergyintotheload#kwh,BUNDOORA,16.40625,13.63218,15.493397,15.034366,297.0
2025-04-04 15:00:00,solar.bun_hsc#realenergyintotheload#kwh,BUNDOORA,21.09375,21.120989,19.3083,18.736244,363.0
2025-04-04 16:00:00,solar.bun_hsc#realenergyintotheload#kwh,BUNDOORA,13.46875,18.015217,17.243143,16.732271,310.0
2025-04-04 17:00:00,solar.bun_hsc#realenergyintotheload#kwh,BUNDOORA,8.25,16.776678,13.256446,12.86369,237.0
2025-04-04 18:00:00,solar.bun_hsc#realenergyintotheload#kwh,BUNDOORA,6.625,8.991997,7.45635,7.235437,169.0
2025-04-04 19:00:00,solar.bun_hsc#realenergyintotheload#kwh,BUNDOORA,1.875,1.650414,1.0683436,1.0366913,26.0
2025-04-04 20:00:00,solar.bun_hsc#realenergyintotheload#kwh,BUNDOORA,0.0,0.19063184,0.0079138065,0.00767934,0.0
2025-04-04 21:00:00,solar.bun_hsc#realenergyintotheload#kwh,BUNDOORA,0.0,-0.038140703,0.0037638326,0.0036523195,0.0
2025-04-04 22:00:00,solar.bun_hsc#realenergyintotheload#kwh,BUNDOORA,0.0,0.0023297833,0.0049225143,0.0047766725,0.0
2025-04-04 23:00:00,solar.bun_hsc#realenergyintotheload#kwh,BUNDOORA,0.0,0.015283786,0.0044053113,0.004274793,0.0
2025-04-05 00:00:00,solar.bun_hsc#realenergyintotheload#kwh,BUNDOORA,0.0,0.028783688,0.0022551857,0.0021883703,0.0
2025-04-05 01:00:00,solar.bun_hsc#realenergyintotheload#kwh,BUNDOORA,0.0,0.012229539,0.005454865,0.005293251,0.0
2025-04-05 02:00:00,solar.bun_hsc#realenergyintotheload#kwh,BUNDOORA,0.0,0.038550925,0.0046495916,0.004511836,0.0
2025-04-05 03:00:00,solar.bun_hsc#realenergyintotheload#kwh,BUNDOORA,0.0,0.0633545,0.004825569,0.0046825996,0.0
2025-04-05 04:00:00,solar.bun_hsc#realenergyintotheload#kwh,BUNDOORA,0.0,0.08087131,0.0076768394,0.0074493936,0.0
2025-04-05 05:00:00,solar.bun_hsc#realenergyintotheload#kwh,BUNDOORA,0.0,0.035750315,0.0065338733,0.006340291,0.0
2025-04-05 06:00:00,solar.bun_hsc#realenergyintotheload#kwh,BUNDOORA,0.0,0.05826284,0.0054744785,0.0053122835,0.0
2025-04-05 07:00:00,solar.bun_hsc#realenergyintotheload#kwh,BUNDOORA,0.0,0.10420113,0.0035621077,0.0034565714,0.0
2025-04-05 08:00:00,solar.bun_hsc#realenergyintotheload#kwh,BUNDOORA,0.125,1.0608141,0.37769476,0.3665046,12.0
2025-04-05 09:00:00,solar.bun_hsc#realenergyintotheload#kwh,BUNDOORA,2.34375,3.9049833,9.821517,9.53053,180.0
2025-04-05 10:00:00,solar.bun_hsc#realenergyintotheload#kwh,BUNDOORA,8.84375,9.441501,18.402206,17.856995,326.0
2025-04-05 11:00:00,solar.bun_hsc#realenergyintotheload#kwh,BUNDOORA,20.0625,27.018696,30.56485,29.65929,555.0
2025-04-05 12:00:00,solar.bun_hsc#realenergyintotheload#kwh,BUNDOORA,23.75,25.754541,30.176376,29.282326,595.0
2025-04-05 13:00:00,solar.bun_hsc#realenergyintotheload#kwh,BUNDOORA,35.65625,37.087456,38.688683,37.542435,759.0
2025-04-05 14:00:00,solar.bun_hsc#realenergyintotheload#kwh,BUNDOORA,40.4375,36.749786,39.30775,38.14316,769.0
2025-04-05 15:00:00,solar.bun_hsc#realenergyintotheload#kwh,BUNDOORA,39.5625,35.034718,33.532776,32.539284,714.0
2025-04-05 16:00:00,solar.bun_hsc#realenergyintotheload#kwh,BUNDOORA,35.40625,30.548937,30.621048,29.713823,599.0
2025-04-05 17:00:00,solar.bun_hsc#realenergyintotheload#kwh,BUNDOORA,23.28125,10.45641,24.54487,23.817667,434.0
2025-04-05 18:00:00,solar.bun_hsc#realenergyintotheload#kwh,BUNDOORA,5.96875,5.589929,13.668795,13.263823,239.0
2025-04-05 19:00:00,solar.bun_hsc#realenergyintotheload#kwh,BUNDOORA,1.25,1.7006156,2.0529115,1.9920889,45.0
2025-04-05 20:00:00,solar.bun_hsc#realenergyintotheload#kwh,BUNDOORA,0.0,-0.04420326,0.022630997,0.021960497,0.0
2025-04-05 21:00:00,solar.bun_hsc#realenergyintotheload#kwh,BUNDOORA,0.0,-0.04036929,0.010732651,0.010414669,0.0
2025-04-05 22:00:00,solar.bun_hsc#realenergyintotheload#kwh,BUNDOORA,0.0,0.0020380418,0.001771967,0.001719468,0.0
2025-04-05 23:00:00,solar.bun_hsc#realenergyintotheload#kwh,BUNDOORA,0.0,0.0036854995,0.0018432514,0.0017886405,0.0
2025-04-06 00:00:00,solar.bun_hsc#realenergyintotheload#kwh,BUNDOORA,0.0,0.0039784815,0.0018432514,0.0017886405,0.0
2025-04-06 01:00:00,solar.bun_hsc#realenergyintotheload#kwh,BUNDOORA,0.0,0.0023225688,0.0018432514,0.0017886405,0.0
2025-04-06 02:00:00,solar.bun_hsc#realenergyintotheload#kwh,BUNDOORA,0.0,0.0035949065,0.0034574913,0.0033550544,0.0
2025-04-06 03:00:00,solar.bun_hsc#realenergyintotheload#kwh,BUNDOORA,0.0,-0.054307416,0.0028445492,0.0027602725,0.0
2025-04-06 04:00:00,solar.bun_hsc#realenergyintotheload#kwh,BUNDOORA,0.0,-0.012167899,0.0034574913,0.0033550544,0.0
2025-04-06 05:00:00,solar.bun_hsc#realenergyintotheload#kwh,BUNDOORA,0.0,-0.013640877,0.00400707,0.0038883504,0.0
2025-04-06 06:00:00,solar.bun_hsc#realenergyintotheload#kwh,BUNDOORA,0.0,-0.007252384,0.0045978874,0.0044616633,0.0
2025-04-06 07:00:00,solar.bun_hsc#realenergyintotheload#kwh,BUNDOORA,0.09375,0.6675495,0.15443857,0.14986295,7.0
2025-04-06 08:00:00,solar.bun_hsc#realenergyintotheload#kwh,BUNDOORA,1.625,6.6429596,3.9165974,3.8005583,83.0
2025-04-06 09:00:00,solar.bun_hsc#realenergyintotheload#kwh,BUNDOORA,4.78125,9.610143,9.923846,9.6298275,192.0
2025-04-06 10:00:00,solar.bun_hsc#realenergyintotheload#kwh,BUNDOORA,17.09375,22.320255,26.489187,25.704378,462.0
2025-04-06 11:00:00,solar.bun_hsc#realenergyintotheload#kwh,BUNDOORA,28.09375,32.376076,37.411613,36.3032,655.0
2025-04-06 12:00:00,solar.bun_hsc#realenergyintotheload#kwh,BUNDOORA,34.0,26.465227,30.970135,30.052567,561.0
2025-04-06 13:00:00,solar.bun_hsc#realenergyintotheload#kwh,BUNDOORA,18.15625,21.545168,19.40285,18.827991,370.0
2025-04-06 14:00:00,solar.bun_hsc#realenergyintotheload#kwh,BUNDOORA,17.6875,18.358898,18.845644,18.287294,352.0
2025-04-06 15:00:00,solar.bun_hsc#realenergyintotheload#kwh,BUNDOORA,24.15625,16.24728,15.697365,15.232291,305.0
2025-04-06 16:00:00,solar.bun_hsc#realenergyintotheload#kwh,BUNDOORA,10.9375,14.562059,14.978025,14.534264,274.0
2025-04-06 17:00:00,solar.bun_hsc#realenergyintotheload#kwh,BUNDOORA,1.875,4.622093,4.841315,4.697879,106.0
2025-04-06 18:00:00,solar.bun_hsc#realenergyintotheload#kwh,BUNDOORA,0.90625,3.368779,0.5828521,0.56558365,15.0
2025-04-06 19:00:00,solar.bun_hsc#realenergyintotheload#kwh,BUNDOORA,0.0,1.1776651,-0.0013589571,0.0,0.0
2025-04-06 20:00:00,solar.bun_hsc#realenergyintotheload#kwh,BUNDOORA,0.0,0.07064659,0.00058784883,0.00057043234,0.0
2025-04-06 21:00:00,solar.bun_hsc#realenergyintotheload#kwh,BUNDOORA,0.0,0.08665412,0.0010832972,0.0010512018,0.0
2025-04-06 22:00:00,solar.bun_hsc#realenergyintotheload#kwh,BUNDOORA,0.0,0.031987835,0.0029966077,0.0029078256,0.0
2025-04-06 23:00:00,solar.bun_hsc#realenergyintotheload#kwh,BUNDOORA,0.0,0.012077589,0.0024057908,0.0023345132,0.0
2025-04-07 00:00:00,solar.bun_hsc#realenergyintotheload#kwh,BUNDOORA,0.0,0.094029464,0.0029966077,0.0029078256,0.0
2025-04-07 01:00:00,solar.bun_hsc#realenergyintotheload#kwh,BUNDOORA,0.0,0.042707868,0.0029966077,0.0029078256,0.0
2025-04-07 02:00:00,solar.bun_hsc#realenergyintotheload#kwh,BUNDOORA,0.0,0.042021412,0.0036782566,0.003569279,0.0
2025-04-07 03:00:00,solar.bun_hsc#realenergyintotheload#kwh,BUNDOORA,0.0,0.044386685,0.0055687306,0.005403743,0.0
2025-04-07 04:00:00,solar.bun_hsc#realenergyintotheload#kwh,BUNDOORA,0.0,0.04338271,0.007191151,0.006978095,0.0
2025-04-07 05:00:00,solar.bun_hsc#realenergyintotheload#kwh,BUNDOORA,0.0,0.09495519,0.007191151,0.006978095,0.0
2025-04-07 06:00:00,solar.bun_hsc#realenergyintotheload#kwh,BUNDOORA,0.0,0.15823479,0.004988792,0.0048409863,0.0
2025-04-07 07:00:00,solar.bun_hsc#realenergyintotheload#kwh,BUNDOORA,0.0,0.33745188,0.15588713,0.15126859,7.0
2025-04-07 08:00:00,solar.bun_hsc#realenergyintotheload#kwh,BUNDOORA,1.78125,5.1427417,4.1009774,3.9794757,96.0
2025-04-07 09:00:00,solar.bun_hsc#realenergyintotheload#kwh,BUNDOORA,7.03125,11.215198,16.295612,15.812814,312.0
2025-04-07 10:00:00,solar.bun_hsc#realenergyintotheload#kwh,BUNDOORA,15.125,18.078054,18.83756,18.279451,344.0
2025-04-07 11:00:00,solar.bun_hsc#realenergyintotheload#kwh,BUNDOORA,11.09375,21.405096,16.889328,16.388939,318.0
2025-04-07 12:00:00,solar.bun_hsc#realenergyintotheload#kwh,BUNDOORA,20.46875,21.275003,18.215849,17.676159,343.0
2025-04-07 13:00:00,solar.bun_hsc#realenergyintotheload#kwh,BUNDOORA,8.625,12.496799,8.890063,8.626673,177.0
2025-04-07 14:00:00,solar.bun_hsc#realenergyintotheload#kwh,BUNDOORA,24.28125,21.795948,25.398958,24.64645,464.0
2025-04-07 15:00:00,solar.bun_hsc#realenergyintotheload#kwh,BUNDOORA,8.4375,12.912895,8.6219015,8.366456,169.0
2025-04-07 16:00:00,solar.bun_hsc#realenergyintotheload#kwh,BUNDOORA,13.46875,16.769783,14.39887,13.972268,266.0
2025-04-07 17:00:00,solar.bun_hsc#realenergyintotheload#kwh,BUNDOORA,6.375,9.279096,5.539274,5.3751593,141.0
2025-04-07 18:00:00,solar.bun_hsc#realenergyintotheload#kwh,BUNDOORA,1.28125,2.9146047,1.0202484,0.990021,25.0
2025-04-07 19:00:00,solar.bun_hsc#realenergyintotheload#kwh,BUNDOORA,0.0,0.12539884,-0.0004253797,0.0,0.0
2025-04-07 20:00:00,solar.bun_hsc#realenergyintotheload#kwh,BUNDOORA,0.0,0.102095746,0.00041805752,0.0004056715,0.0
2025-04-07 21:00:00,solar.bun_hsc#realenergyintotheload#kwh,BUNDOORA,0.0,-0.090551004,-0.00017276095,0.0,0.0
2025-04-07 22:00:00,solar.bun_hsc#realenergyintotheload#kwh,BUNDOORA,0.0,-0.090551004,0.00041805752,0.0004056715,0.0
2025-04-07 23:00:00,solar.bun_hsc#realenergyintotheload#kwh,BUNDOORA,0.0,-0.036564447,0.0019764565,0.001917899,0.0
2025-04-08 00:00:00,solar.bun_hsc#realenergyintotheload#kwh,BUNDOORA,0.0,0.037557207,0.005594237,0.0054284935,0.0
2025-04-08 01:00:00,solar.bun_hsc#realenergyintotheload#kwh,BUNDOORA,0.0,0.017137662,0.005665521,0.005497666,0.0
2025-04-08 02:00:00,solar.bun_hsc#realenergyintotheload#kwh,BUNDOORA,0.0,-0.0013634495,0.00555744,0.005392787,0.0
2025-04-08 03:00:00,solar.bun_hsc#realenergyintotheload#kwh,BUNDOORA,0.0,0.004224786,0.00555744,0.005392787,0.0
2025-04-08 04:00:00,solar.bun_hsc#realenergyintotheload#kwh,BUNDOORA,0.0,0.0083577745,0.0042634644,0.0041371486,0.0
2025-04-08 05:00:00,solar.bun_hsc#realenergyintotheload#kwh,BUNDOORA,0.0,0.015566133,0.0021193153,0.0020565253,0.0
2025-04-08 06:00:00,solar.bun_hsc#realenergyintotheload#kwh,BUNDOORA,0.0,0.05086223,0.0021193153,0.0020565253,0.0
2025-04-08 07:00:00,solar.bun_hsc#realenergyintotheload#kwh,BUNDOORA,0.03125,0.10015214,0.15494631,0.15035564,7.0
2025-04-08 08:00:00,solar.bun_hsc#realenergyintotheload#kwh,BUNDOORA,1.0625,3.6771317,4.2080164,4.0833435,115.0
2025-04-08 09:00:00,solar.bun_hsc#realenergyintotheload#kwh,BUNDOORA,7.90625,10.042044,13.749655,13.342287,266.0
2025-04-08 10:00:00,solar.bun_hsc#realenergyintotheload#kwh,BUNDOORA,13.0625,11.586827,16.87258,16.372686,297.0
2025-04-08 11:00:00,solar.bun_hsc#realenergyintotheload#kwh,BUNDOORA,14.5,15.102636,14.760949,14.323619,272.0
2025-04-08 12:00:00,solar.bun_hsc#realenergyintotheload#kwh,BUNDOORA,14.90625,15.949156,13.281771,12.888265,261.0
2025-04-08 13:00:00,solar.bun_hsc#realenergyintotheload#kwh,BUNDOORA,31.21875,21.70004,27.998219,27.168701,513.0
2025-04-08 14:00:00,solar.bun_hsc#realenergyintotheload#kwh,BUNDOORA,23.1875,25.884062,29.418169,28.546581,539.0
2025-04-08 15:00:00,solar.bun_hsc#realenergyintotheload#kwh,BUNDOORA,33.4375,26.254473,32.60311,31.637163,559.0
2025-04-08 16:00:00,solar.bun_hsc#realenergyintotheload#kwh,BUNDOORA,22.0625,19.539724,23.817024,23.111385,402.0
2025-04-08 17:00:00,solar.bun_hsc#realenergyintotheload#kwh,BUNDOORA,6.0625,8.978562,12.146423,11.786555,212.0
2025-04-08 18:00:00,solar.bun_hsc#realenergyintotheload#kwh,BUNDOORA,1.0,3.53178,1.3499933,1.3099964,32.0
2025-04-08 19:00:00,solar.bun_hsc#realenergyintotheload#kwh,BUNDOORA,0.0,0.52272785,0.000745583,0.0007234932,0.0
2025-04-08 20:00:00,solar.bun_hsc#realenergyintotheload#kwh,BUNDOORA,0.0,0.029920222,0.0027946234,0.0027118258,0.0
2025-04-08 21:00:00,solar.bun_hsc#realenergyintotheload#kwh,BUNDOORA,0.0,0.009120623,0.0027946234,0.0027118258,0.0
2025-04-08 22:00:00,solar.bun_hsc#realenergyintotheload#kwh,BUNDOORA,0.0,0.0045809005,0.002432974,0.002360891,0.0
2025-04-08 23:00:00,solar.bun_hsc#realenergyintotheload#kwh,BUNDOORA,0.0,-0.015579293,0.0027572457,0.0026755554,0.0
2025-04-09 00:00:00,solar.bun_hsc#realenergyintotheload#kwh,BUNDOORA,0.0,0.018279336,0.0023955964,0.0023246207,0.0
2025-04-09 01:00:00,solar.bun_hsc#realenergyintotheload#kwh,BUNDOORA,0.0,0.018279336,0.0023955964,0.0023246207,0.0
2025-04-09 02:00:00,solar.bun_hsc#realenergyintotheload#kwh,BUNDOORA,0.0,0.017870612,0.0023955964,0.0023246207,0.0
2025-04-09 03:00:00,solar.bun_hsc#realenergyintotheload#kwh,BUNDOORA,0.0,0.01462467,0.002675435,0.0025961685,0.0
2025-04-09 04:00:00,solar.bun_hsc#realenergyintotheload#kwh,BUNDOORA,0.0,0.080457725,0.0034051505,0.0033042643,0.0
2025-04-09 05:00:00,solar.bun_hsc#realenergyintotheload#kwh,BUNDOORA,0.0,0.038688283,0.002675435,0.0025961685,0.0
2025-04-09 06:00:00,solar.bun_hsc#realenergyintotheload#kwh,BUNDOORA,0.0,0.00844346,0.0020375047,0.0019771385,0.0
2025-04-09 07:00:00,solar.bun_hsc#realenergyintotheload#kwh,BUNDOORA,0.0625,-0.020915534,0.1962897,0.19047412,8.0
2025-04-09 08:00:00,solar.bun_hsc#realenergyintotheload#kwh,BUNDOORA,1.5625,0.7986776,8.682592,8.425349,164.0
2025-04-09 09:00:00,solar.bun_hsc#realenergyintotheload#kwh,BUNDOORA,6.125,1.6741786,17.983458,17.450653,359.0
2025-04-09 10:00:00,solar.bun_hsc#realenergyintotheload#kwh,BUNDOORA,19.40625,28.3971,28.17388,27.339157,532.0
2025-04-09 11:00:00,solar.bun_hsc#realenergyintotheload#kwh,BUNDOORA,29.34375,28.771921,37.219444,36.116726,660.0
2025-04-09 12:00:00,solar.bun_hsc#realenergyintotheload#kwh,BUNDOORA,35.25,36.120617,39.350796,38.18493,730.0
2025-04-09 13:00:00,solar.bun_hsc#realenergyintotheload#kwh,BUNDOORA,37.1875,39.608326,39.154083,37.994045,734.0
2025-04-09 14:00:00,solar.bun_hsc#realenergyintotheload#kwh,BUNDOORA,36.71875,35.28229,37.90556,36.782513,674.0
2025-04-09 15:00:00,solar.bun_hsc#realenergyintotheload#kwh,BUNDOORA,30.03125,29.653057,31.216883,30.292004,558.0
2025-04-09 16:00:00,solar.bun_hsc#realenergyintotheload#kwh,BUNDOORA,18.5,16.518227,21.286587,20.655918,396.0
2025-04-09 17:00:00,solar.bun_hsc#realenergyintotheload#kwh,BUNDOORA,5.4375,2.7567077,4.220813,4.095761,83.0
2025-04-09 18:00:00,solar.bun_hsc#realenergyintotheload#kwh,BUNDOORA,1.46875,0.9278197,0.3058243,0.2967635,9.0
2025-04-09 19:00:00,solar.bun_hsc#realenergyintotheload#kwh,BUNDOORA,0.0,0.00995526,0.00440697,0.0042764023,0.0
2025-04-09 20:00:00,solar.bun_hsc#realenergyintotheload#kwh,BUNDOORA,0.0,0.033390153,0.00012620451,0.00012246538,0.0
2025-04-09 21:00:00,solar.bun_hsc#realenergyintotheload#kwh,BUNDOORA,0.0,0.09398961,5.8597303e-05,5.6861212e-05,0.0
2025-04-09 22:00:00,solar.bun_hsc#realenergyintotheload#kwh,BUNDOORA,0.0,-0.0024433397,0.0003384359,0.0003284089,0.0
2025-04-09 23:00:00,solar.bun_hsc#realenergyintotheload#kwh,BUNDOORA,0.0,0.09398961,0.0003384359,0.0003284089,0.0
2025-04-10 00:00:00,solar.bun_hsc#realenergyintotheload#kwh,BUNDOORA,0.0,0.0067706313,0.0042148586,0.0040899827,0.0
2025-04-10 01:00:00,solar.bun_hsc#realenergyintotheload#kwh,BUNDOORA,0.0,0.004173984,0.003639582,0.0035317503,0.0
2025-04-10 02:00:00,solar.bun_hsc#realenergyintotheload#kwh,BUNDOORA,0.0,0.025622088,0.004043101,0.0039233137,0.0
2025-04-10 03:00:00,solar.bun_hsc#realenergyintotheload#kwh,BUNDOORA,0.0,-0.012094986,0.003747663,0.003636629,0.0
2025-04-10 04:00:00,solar.bun_hsc#realenergyintotheload#kwh,BUNDOORA,0.0,0.021657206,0.005594237,0.0054284935,0.0
2025-04-10 05:00:00,solar.bun_hsc#realenergyintotheload#kwh,BUNDOORA,0.0,-0.20470032,0.0006977535,0.0006770808,0.0
2025-04-10 06:00:00,solar.bun_hsc#realenergyintotheload#kwh,BUNDOORA,0.0,0.0296816,0.0013692568,0.001328689,0.0
2025-04-10 07:00:00,solar.bun_hsc#realenergyintotheload#kwh,BUNDOORA,0.03125,0.36029506,0.035856947,0.034794595,3.0
2025-04-10 08:00:00,solar.bun_hsc#realenergyintotheload#kwh,BUNDOORA,1.34375,11.122531,5.6711035,5.5030828,136.0
2025-04-10 09:00:00,solar.bun_hsc#realenergyintotheload#kwh,BUNDOORA,7.3125,20.28161,18.51176,17.963303,332.0
2025-04-10 10:00:00,solar.bun_hsc#realenergyintotheload#kwh,BUNDOORA,19.8125,25.323795,28.12188,27.288698,515.0
2025-04-10 11:00:00,solar.bun_hsc#realenergyintotheload#kwh,BUNDOORA,29.0625,35.883698,35.902687,34.83898,638.0
2025-04-10 12:00:00,solar.bun_hsc#realenergyintotheload#kwh,BUNDOORA,34.6875,38.22032,37.78571,36.666214,705.0
2025-04-10 13:00:00,solar.bun_hsc#realenergyintotheload#kwh,BUNDOORA,37.0625,36.433617,38.46764,37.327938,712.0
2025-04-10 14:00:00,solar.bun_hsc#realenergyintotheload#kwh,BUNDOORA,36.03125,34.915955,36.52096,35.43894,658.0
2025-04-10 15:00:00,solar.bun_hsc#realenergyintotheload#kwh,BUNDOORA,31.65625,30.469091,29.068464,28.20724,546.0
2025-04-10 16:00:00,solar.bun_hsc#realenergyintotheload#kwh,BUNDOORA,18.84375,16.595627,21.843487,21.19632,388.0
2025-04-10 17:00:00,solar.bun_hsc#realenergyintotheload#kwh,BUNDOORA,5.28125,6.538709,6.764965,6.564536,151.0
2025-04-10 18:00:00,solar.bun_hsc#realenergyintotheload#kwh,BUNDOORA,1.34375,1.1752484,0.9450302,0.91703135,23.0
2025-04-10 19:00:00,solar.bun_hsc#realenergyintotheload#kwh,BUNDOORA,0.0,0.85098684,0.038932074,0.037778612,0.0
2025-04-10 20:00:00,solar.bun_hsc#realenergyintotheload#kwh,BUNDOORA,0.0,1.3645682,0.03771509,0.036597684,0.0
2025-04-10 21:00:00,solar.bun_hsc#realenergyintotheload#kwh,BUNDOORA,0.0,0.12282198,0.033321425,0.032334194,0.0
2025-04-10 22:00:00,solar.bun_hsc#realenergyintotheload#kwh,BUNDOORA,0.0,-0.08440381,0.015329883,0.014875697,0.0
2025-04-10 23:00:00,solar.bun_hsc#realenergyintotheload#kwh,BUNDOORA,0.0,0.15572822,-0.011293735,0.0,0.0
2025-04-11 00:00:00,solar.bun_hsc#realenergyintotheload#kwh,BUNDOORA,0.0,-0.3174552,0.0065563675,0.0063621188,0.0
2025-04-11 01:00:00,solar.bun_hsc#realenergyintotheload#kwh,BUNDOORA,0.0,-0.06063881,0.021322718,0.02069098,0.0
2025-04-11 02:00:00,solar.bun_hsc#realenergyintotheload#kwh,BUNDOORA,0.0,0.0584364,0.025413025,0.024660101,0.0
2025-04-11 03:00:00,solar.bun_hsc#realenergyintotheload#kwh,BUNDOORA,0.0,-0.014228685,0.008321004,0.008074474,0.0
2025-04-11 04:00:00,solar.bun_hsc#realenergyintotheload#kwh,BUNDOORA,0.0,0.45339268,-0.00016917562,0.0,0.0
2025-04-11 05:00:00,solar.bun_hsc#realenergyintotheload#kwh,BUNDOORA,0.0,0.26575038,-0.00055828854,0.0,0.0
2025-04-11 06:00:00,solar.bun_hsc#realenergyintotheload#kwh,BUNDOORA,0.0,0.08033467,-0.0012209717,0.0,0.0
2025-04-11 07:00:00,solar.bun_hsc#realenergyintotheload#kwh,BUNDOORA,0.0,1.4009175,0.084798306,0.08228594,5.0
2025-04-11 08:00:00,solar.bun_hsc#realenergyintotheload#kwh,BUNDOORA,2.03125,2.9715085,3.5679033,3.4621952,121.0
2025-04-11 09:00:00,solar.bun_hsc#realenergyintotheload#kwh,BUNDOORA,7.59375,8.53571,11.665046,11.31944,257.0
2025-04-11 10:00:00,solar.bun_hsc#realenergyintotheload#kwh,BUNDOORA,11.40625,14.92038,15.357044,14.902054,293.0
2025-04-11 11:00:00,solar.bun_hsc#realenergyintotheload#kwh,BUNDOORA,23.34375,21.506124,24.496246,23.770483,475.0
2025-04-11 12:00:00,solar.bun_hsc#realenergyintotheload#kwh,BUNDOORA,28.5,26.093054,28.7816,27.928873,556.0
2025-04-11 13:00:00,solar.bun_hsc#realenergyintotheload#kwh,BUNDOORA,29.34375,22.758791,26.790308,25.996578,496.0
2025-04-11 14:00:00,solar.bun_hsc#realenergyintotheload#kwh,BUNDOORA,29.78125,30.890984,35.05355,34.015003,643.0
2025-04-11 15:00:00,solar.bun_hsc#realenergyintotheload#kwh,BUNDOORA,31.09375,26.006092,27.901428,27.07478,531.0
2025-04-11 16:00:00,solar.bun_hsc#realenergyintotheload#kwh,BUNDOORA,18.25,21.484673,19.895603,19.306147,374.0
2025-04-11 17:00:00,solar.bun_hsc#realenergyintotheload#kwh,BUNDOORA,4.375,9.595059,9.71896,9.431011,192.0
2025-04-11 18:00:00,solar.bun_hsc#realenergyintotheload#kwh,BUNDOORA,0.875,1.626044,0.8045208,0.7806848,21.0
2025-04-11 19:00:00,solar.bun_hsc#realenergyintotheload#kwh,BUNDOORA,0.0,-0.020941751,-0.0016602877,0.0,0.0
2025-04-11 20:00:00,solar.bun_hsc#realenergyintotheload#kwh,BUNDOORA,0.0,0.1911896,-0.0023390637,0.0,0.0
2025-04-11 21:00:00,solar.bun_hsc#realenergyintotheload#kwh,BUNDOORA,0.0,0.02267615,-0.0023613684,0.0,0.0
2025-04-11 22:00:00,solar.bun_hsc#realenergyintotheload#kwh,BUNDOORA,0.0,0.00027044583,-0.0023613684,0.0,0.0
2025-04-11 23:00:00,solar.bun_hsc#realenergyintotheload#kwh,BUNDOORA,0.0,0.008661734,-0.0037122588,0.0,0.0
2025-04-12 00:00:00,solar.bun_hsc#realenergyintotheload#kwh,BUNDOORA,0.0,0.009115653,-0.00013914873,0.0,0.0
2025-04-12 01:00:00,solar.bun_hsc#realenergyintotheload#kwh,BUNDOORA,0.0,0.009115653,0.00022250079,0.00021590864,0.0
2025-04-12 02:00:00,solar.bun_hsc#realenergyintotheload#kwh,BUNDOORA,0.0,-0.01578372,-0.00013914873,0.0,0.0
2025-04-12 03:00:00,solar.bun_hsc#realenergyintotheload#kwh,BUNDOORA,0.0,0.028812913,0.00014068987,0.00013652157,0.0
2025-04-12 04:00:00,solar.bun_hsc#realenergyintotheload#kwh,BUNDOORA,0.0,0.028971532,0.00014068987,0.00013652157,0.0
2025-04-12 05:00:00,solar.bun_hsc#realenergyintotheload#kwh,BUNDOORA,0.0,0.018610295,0.0010530145,0.0010218164,0.0
2025-04-12 06:00:00,solar.bun_hsc#realenergyintotheload#kwh,BUNDOORA,0.0,0.027624693,0.0010530145,0.0010218164,0.0
2025-04-12 07:00:00,solar.bun_hsc#realenergyintotheload#kwh,BUNDOORA,0.03125,-0.08218219,0.09265131,0.08990628,5.0
2025-04-12 08:00:00,solar.bun_hsc#realenergyintotheload#kwh,BUNDOORA,1.09375,1.794303,7.021339,6.8133144,150.0
2025-04-12 09:00:00,solar.bun_hsc#realenergyintotheload#kwh,BUNDOORA,5.125,4.2511044,17.10763,16.600773,339.0
2025-04-12 10:00:00,solar.bun_hsc#realenergyintotheload#kwh,BUNDOORA,17.71875,28.071741,26.89696,26.100069,508.0
2025-04-12 11:00:00,solar.bun_hsc#realenergyintotheload#kwh,BUNDOORA,28.09375,33.060852,36.091938,35.022625,634.0
2025-04-12 12:00:00,solar.bun_hsc#realenergyintotheload#kwh,BUNDOORA,33.78125,37.45251,37.40158,36.293465,703.0
2025-04-12 13:00:00,solar.bun_hsc#realenergyintotheload#kwh,BUNDOORA,36.03125,38.19364,38.14714,37.016937,709.0
2025-04-12 14:00:00,solar.bun_hsc#realenergyintotheload#kwh,BUNDOORA,34.625,35.203712,36.13562,35.06501,650.0
2025-04-12 15:00:00,solar.bun_hsc#realenergyintotheload#kwh,BUNDOORA,28.5,28.764969,29.71361,28.83327,534.0
2025-04-12 16:00:00,solar.bun_hsc#realenergyintotheload#kwh,BUNDOORA,13.25,16.239504,18.371132,17.826841,346.0
2025-04-12 17:00:00,solar.bun_hsc#realenergyintotheload#kwh,BUNDOORA,4.5625,10.05577,8.8333,8.571591,187.0
2025-04-12 18:00:00,solar.bun_hsc#realenergyintotheload#kwh,BUNDOORA,0.9375,1.5701462,0.5836379,0.56634617,15.0
2025-04-12 19:00:00,solar.bun_hsc#realenergyintotheload#kwh,BUNDOORA,0.0,0.34546337,0.006862545,0.0066592246,0.0
2025-04-12 20:00:00,solar.bun_hsc#realenergyintotheload#kwh,BUNDOORA,0.0,0.3211707,8.774537e-05,8.514569e-05,0.0
2025-04-12 21:00:00,solar.bun_hsc#realenergyintotheload#kwh,BUNDOORA,0.0,0.2679298,0.0018174386,0.0017635925,0.0
2025-04-12 22:00:00,solar.bun_hsc#realenergyintotheload#kwh,BUNDOORA,0.0,0.5026516,0.004284365,0.00415743,0.0
2025-04-12 23:00:00,solar.bun_hsc#realenergyintotheload#kwh,BUNDOORA,0.0,0.32497743,0.0017403491,0.0016887869,0.0
2025-04-13 00:00:00,solar.bun_hsc#realenergyintotheload#kwh,BUNDOORA,0.0,0.33055842,-0.0058446913,0.0,0.0
2025-04-13 01:00:00,solar.bun_hsc#realenergyintotheload#kwh,BUNDOORA,0.0,0.33107513,-0.005238566,0.0,0.0
2025-04-13 02:00:00,solar.bun_hsc#realenergyintotheload#kwh,BUNDOORA,0.0,0.31045833,0.0083194785,0.008072993,0.0
2025-04-13 03:00:00,solar.bun_hsc#realenergyintotheload#kwh,BUNDOORA,0.0,0.26404223,0.0108617805,0.010539973,0.0
2025-04-13 04:00:00,solar.bun_hsc#realenergyintotheload#kwh,BUNDOORA,0.0,-0.15368819,0.0108617805,0.010539973,0.0
2025-04-13 05:00:00,solar.bun_hsc#realenergyintotheload#kwh,BUNDOORA,0.0,-0.27089366,0.025691511,0.024930336,0.0
2025-04-13 06:00:00,solar.bun_hsc#realenergyintotheload#kwh,BUNDOORA,0.0,-0.4034424,0.0103343455,0.010028165,0.0
2025-04-13 07:00:00,solar.bun_hsc#realenergyintotheload#kwh,BUNDOORA,0.0,0.19438238,0.036586065,0.03550211,3.0
2025-04-13 08:00:00,solar.bun_hsc#realenergyintotheload#kwh,BUNDOORA,0.9375,6.7907257,7.0369363,6.8284492,148.0
2025-04-13 09:00:00,solar.bun_hsc#realenergyintotheload#kwh,BUNDOORA,6.5625,15.855269,13.480458,13.081066,272.0
2025-04-13 10:00:00,solar.bun_hsc#realenergyintotheload#kwh,BUNDOORA,17.75,26.215307,27.972034,27.143293,501.0
2025-04-13 11:00:00,solar.bun_hsc#realenergyintotheload#kwh,BUNDOORA,27.65625,34.86844,33.747787,32.747925,623.0
2025-04-13 12:00:00,solar.bun_hsc#realenergyintotheload#kwh,BUNDOORA,33.625,35.583927,36.75418,35.665245,690.0
2025-04-13 13:00:00,solar.bun_hsc#realenergyintotheload#kwh,BUNDOORA,35.28125,36.179745,37.00356,35.907234,695.0
2025-04-13 14:00:00,solar.bun_hsc#realenergyintotheload#kwh,BUNDOORA,33.34375,36.414013,35.38692,34.338493,637.0
2025-04-13 15:00:00,solar.bun_hsc#realenergyintotheload#kwh,BUNDOORA,25.75,26.183575,27.39171,26.580162,522.0
2025-04-13 16:00:00,solar.bun_hsc#realenergyintotheload#kwh,BUNDOORA,14.4375,13.29618,14.216314,13.79512,270.0
2025-04-13 17:00:00,solar.bun_hsc#realenergyintotheload#kwh,BUNDOORA,5.09375,6.230293,4.4240346,4.2929616,97.0
2025-04-13 18:00:00,solar.bun_hsc#realenergyintotheload#kwh,BUNDOORA,1.4375,0.67416793,0.16397427,0.15911612,8.0
2025-04-13 19:00:00,solar.bun_hsc#realenergyintotheload#kwh,BUNDOORA,0.0,0.15069015,-0.028547673,0.0,0.0
2025-04-13 20:00:00,solar.bun_hsc#realenergyintotheload#kwh,BUNDOORA,0.0,0.73820627,-0.01759967,0.0,0.0
2025-04-13 21:00:00,solar.bun_hsc#realenergyintotheload#kwh,BUNDOORA,0.0,0.76713085,-0.014753361,0.0,0.0
2025-04-13 22:00:00,solar.bun_hsc#realenergyintotheload#kwh,BUNDOORA,0.0,0.19790879,0.009129682,0.008859192,0.0
2025-04-13 23:00:00,solar.bun_hsc#realenergyintotheload#kwh,BUNDOORA,0.0,0.025836833,0.0020457935,0.0019851818,0.0
2025-04-14 00:00:00,solar.bun_hsc#realenergyintotheload#kwh,BUNDOORA,0.0,0.16903464,0.0013380572,0.001298414,0.0
2025-04-14 01:00:00,solar.bun_hsc#realenergyintotheload#kwh,BUNDOORA,0.0,0.28888464,-0.0001398166,0.0,0.0
2025-04-14 02:00:00,solar.bun_hsc#realenergyintotheload#kwh,BUNDOORA,0.0,0.005278098,-0.00055951567,0.0,0.0
2025-04-14 03:00:00,solar.bun_hsc#realenergyintotheload#kwh,BUNDOORA,0.0,0.067479715,-0.00055951567,0.0,0.0
2025-04-14 04:00:00,solar.bun_hsc#realenergyintotheload#kwh,BUNDOORA,0.0,0.088704444,-0.00060670206,0.0,0.0
2025-04-14 05:00:00,solar.bun_hsc#realenergyintotheload#kwh,BUNDOORA,0.0,-0.005554592,-0.00060670206,0.0,0.0
2025-04-14 06:00:00,solar.bun_hsc#realenergyintotheload#kwh,BUNDOORA,0.0,0.006914155,-0.00060670206,0.0,0.0
2025-04-14 07:00:00,solar.bun_hsc#realenergyintotheload#kwh,BUNDOORA,0.0,0.047402497,0.00072375755,0.0007023144,1.0
2025-04-14 08:00:00,solar.bun_hsc#realenergyintotheload#kwh,BUNDOORA,0.375,0.86461157,1.5308218,1.4854674,35.0
2025-04-14 09:00:00,solar.bun_hsc#realenergyintotheload#kwh,BUNDOORA,2.75,5.754941,7.277444,7.0618315,146.0
2025-04-14 10:00:00,solar.bun_hsc#realenergyintotheload#kwh,BUNDOORA,8.21875,15.321242,12.338446,11.972888,243.0
2025-04-14 11:00:00,solar.bun_hsc#realenergyintotheload#kwh,BUNDOORA,15.46875,20.555746,19.015081,18.451712,367.0
2025-04-14 12:00:00,solar.bun_hsc#realenergyintotheload#kwh,BUNDOORA,21.25,27.842892,33.76428,32.763927,630.0
2025-04-14 13:00:00,solar.bun_hsc#realenergyintotheload#kwh,BUNDOORA,23.46875,26.231207,31.959244,31.012371,605.0
2025-04-14 14:00:00,solar.bun_hsc#realenergyintotheload#kwh,BUNDOORA,25.625,26.66919,32.625305,31.658699,615.0
2025-04-14 15:00:00,solar.bun_hsc#realenergyintotheload#kwh,BUNDOORA,25.78125,25.378872,27.713072,26.892002,511.0
2025-04-14 16:00:00,solar.bun_hsc#realenergyintotheload#kwh,BUNDOORA,14.28125,20.366035,18.96259,18.400776,355.0
2025-04-14 17:00:00,solar.bun_hsc#realenergyintotheload#kwh,BUNDOORA,4.40625,9.372077,8.868827,8.606066,173.0
2025-04-14 18:00:00,solar.bun_hsc#realenergyintotheload#kwh,BUNDOORA,0.75,1.514773,0.3226216,0.31306314,11.0
2025-04-14 19:00:00,solar.bun_hsc#realenergyintotheload#kwh,BUNDOORA,0.0,0.07189349,-0.0011183309,0.0,0.0
2025-04-14 20:00:00,solar.bun_hsc#realenergyintotheload#kwh,BUNDOORA,0.0,0.19909401,-0.00015599601,0.0,0.0
2025-04-14 21:00:00,solar.bun_hsc#realenergyintotheload#kwh,BUNDOORA,0.0,0.108533,-0.0002640774,0.0,0.0
2025-04-14 22:00:00,solar.bun_hsc#realenergyintotheload#kwh,BUNDOORA,0.0,0.08858443,-0.00017661363,0.0,0.0
2025-04-14 23:00:00,solar.bun_hsc#realenergyintotheload#kwh,BUNDOORA,0.0,0.029584449,-0.0018364124,0.0,0.0
2025-04-15 00:00:00,solar.bun_hsc#realenergyintotheload#kwh,BUNDOORA,0.0,0.02135629,-0.0018364124,0.0,0.0
2025-04-15 01:00:00,solar.bun_hsc#realenergyintotheload#kwh,BUNDOORA,0.0,-0.005196727,0.0007370105,0.0007151747,0.0
2025-04-15 02:00:00,solar.bun_hsc#realenergyintotheload#kwh,BUNDOORA,0.0,0.01786613,-0.00012354678,0.0,0.0
2025-04-15 03:00:00,solar.bun_hsc#realenergyintotheload#kwh,BUNDOORA,0.0,0.020584757,-0.00012354678,0.0,0.0
2025-04-15 04:00:00,solar.bun_hsc#realenergyintotheload#kwh,BUNDOORA,0.0,0.020584757,0.00014068987,0.00013652157,0.0
2025-04-15 05:00:00,solar.bun_hsc#realenergyintotheload#kwh,BUNDOORA,0.0,-0.0012877188,0.00034875874,0.0003384259,0.0
2025-04-15 06:00:00,solar.bun_hsc#realenergyintotheload#kwh,BUNDOORA,0.0,-0.0025405155,0.0010519183,0.0010207526,0.0
2025-04-15 07:00:00,solar.bun_hsc#realenergyintotheload#kwh,BUNDOORA,0.0,0.10928022,0.0026806449,0.002601224,1.0
2025-04-15 08:00:00,solar.bun_hsc#realenergyintotheload#kwh,BUNDOORA,1.71875,0.5905603,2.6162982,2.5387838,72.0
2025-04-15 09:00:00,solar.bun_hsc#realenergyintotheload#kwh,BUNDOORA,6.75,4.007215,9.767464,9.478078,192.0
2025-04-15 10:00:00,solar.bun_hsc#realenergyintotheload#kwh,BUNDOORA,15.125,25.069513,26.472517,25.688202,495.0
2025-04-15 11:00:00,solar.bun_hsc#realenergyintotheload#kwh,BUNDOORA,27.40625,26.029472,33.203827,32.22008,618.0
2025-04-15 12:00:00,solar.bun_hsc#realenergyintotheload#kwh,BUNDOORA,31.125,32.288418,36.910553,35.816986,685.0
2025-04-15 13:00:00,solar.bun_hsc#realenergyintotheload#kwh,BUNDOORA,33.25,35.37907,36.6565,35.57046,689.0
2025-04-15 14:00:00,solar.bun_hsc#realenergyintotheload#kwh,BUNDOORA,34.5625,31.23909,35.726486,34.668,632.0
2025-04-15 15:00:00,solar.bun_hsc#realenergyintotheload#kwh,BUNDOORA,29.40625,27.250187,28.877834,28.022257,518.0
2025-04-15 16:00:00,solar.bun_hsc#realenergyintotheload#kwh,BUNDOORA,15.875,20.646446,20.016182,19.423153,359.0
2025-04-15 17:00:00,solar.bun_hsc#realenergyintotheload#kwh,BUNDOORA,3.75,9.383422,8.724654,8.466165,174.0
2025-04-15 18:00:00,solar.bun_hsc#realenergyintotheload#kwh,BUNDOORA,0.375,0.58082205,0.21650289,0.21008845,8.0
2025-04-15 19:00:00,solar.bun_hsc#realenergyintotheload#kwh,BUNDOORA,0.0,0.24647675,0.0028574187,0.0027727606,0.0
2025-04-15 20:00:00,solar.bun_hsc#realenergyintotheload#kwh,BUNDOORA,0.0,0.35370535,-7.2209805e-05,0.0,0.0
2025-04-15 21:00:00,solar.bun_hsc#realenergyintotheload#kwh,BUNDOORA,0.0,0.3062456,-0.0011841747,0.0,0.0
2025-04-15 22:00:00,solar.bun_hsc#realenergyintotheload#kwh,BUNDOORA,0.0,0.10715287,-6.853213e-05,0.0,0.0
2025-04-15 23:00:00,solar.bun_hsc#realenergyintotheload#kwh,BUNDOORA,0.0,0.10885772,-6.853213e-05,0.0,0.0
2025-04-16 00:00:00,solar.bun_hsc#realenergyintotheload#kwh,BUNDOORA,0.0,0.09913436,-0.0004720524,0.0,0.0
2025-04-16 01:00:00,solar.bun_hsc#realenergyintotheload#kwh,BUNDOORA,0.0,0.02225237,-0.0007377709,0.0,0.0
2025-04-16 02:00:00,solar.bun_hsc#realenergyintotheload#kwh,BUNDOORA,0.0,0.043458123,-0.0007824425,0.0,0.0
2025-04-16 03:00:00,solar.bun_hsc#realenergyintotheload#kwh,BUNDOORA,0.0,0.2585825,-0.0007824425,0.0,0.0
2025-04-16 04:00:00,solar.bun_hsc#realenergyintotheload#kwh,BUNDOORA,0.0,0.17235403,-0.0013848154,0.0,0.0
2025-04-16 05:00:00,solar.bun_hsc#realenergyintotheload#kwh,BUNDOORA,0.0,0.24133633,-0.00055478886,0.0,0.0
2025-04-16 06:00:00,solar.bun_hsc#realenergyintotheload#kwh,BUNDOORA,0.0,0.67700225,0.0006963324,0.0006757018,0.0
2025-04-16 07:00:00,solar.bun_hsc#realenergyintotheload#kwh,BUNDOORA,0.0,1.6533273,0.017179564,0.016670575,2.0
2025-04-16 08:00:00,solar.bun_hsc#realenergyintotheload#kwh,BUNDOORA,1.0,6.1611805,5.977536,5.800437,135.0
2025-04-16 09:00:00,solar.bun_hsc#realenergyintotheload#kwh,BUNDOORA,7.1875,8.685387,8.992792,8.726358,183.0
2025-04-16 10:00:00,solar.bun_hsc#realenergyintotheload#kwh,BUNDOORA,10.59375,18.508547,22.771011,22.096363,409.0
2025-04-16 11:00:00,solar.bun_hsc#realenergyintotheload#kwh,BUNDOORA,16.0625,17.390488,16.197353,15.717466,301.0
2025-04-16 12:00:00,solar.bun_hsc#realenergyintotheload#kwh,BUNDOORA,16.625,17.946539,11.6204405,11.276155,226.0
2025-04-16 13:00:00,solar.bun_hsc#realenergyintotheload#kwh,BUNDOORA,22.65625,26.499823,34.85745,33.82471,629.0
2025-04-16 14:00:00,solar.bun_hsc#realenergyintotheload#kwh,BUNDOORA,34.1875,29.426512,33.583546,32.58855,606.0
2025-04-16 15:00:00,solar.bun_hsc#realenergyintotheload#kwh,BUNDOORA,28.46875,26.323252,28.13338,27.29986,495.0
2025-04-16 16:00:00,solar.bun_hsc#realenergyintotheload#kwh,BUNDOORA,12.90625,11.508442,16.038656,15.563471,298.0
2025-04-16 17:00:00,solar.bun_hsc#realenergyintotheload#kwh,BUNDOORA,4.375,8.398672,7.6826773,7.4550586,150.0
2025-04-16 18:00:00,solar.bun_hsc#realenergyintotheload#kwh,BUNDOORA,0.59375,1.3781353,0.16494647,0.16005951,7.0
2025-04-16 19:00:00,solar.bun_hsc#realenergyintotheload#kwh,BUNDOORA,0.0,0.2828208,0.014660555,0.014226199,0.0
2025-04-16 20:00:00,solar.bun_hsc#realenergyintotheload#kwh,BUNDOORA,0.0,0.39732304,-0.016921245,0.0,0.0
2025-04-16 21:00:00,solar.bun_hsc#realenergyintotheload#kwh,BUNDOORA,0.0,0.4582062,-0.0025544085,0.0,0.0
2025-04-16 22:00:00,solar.bun_hsc#realenergyintotheload#kwh,BUNDOORA,0.0,0.24326618,-0.000730635,0.0,0.0
2025-04-16 23:00:00,solar.bun_hsc#realenergyintotheload#kwh,BUNDOORA,0.0,0.22293253,-0.0001398166,0.0,0.0
2025-04-17 00:00:00,solar.bun_hsc#realenergyintotheload#kwh,BUNDOORA,0.0,0.22730073,-0.0024781518,0.0,0.0
2025-04-17 01:00:00,solar.bun_hsc#realenergyintotheload#kwh,BUNDOORA,0.0,0.22897054,-0.0010331512,0.0,0.0
2025-04-17 02:00:00,solar.bun_hsc#realenergyintotheload#kwh,BUNDOORA,0.0,0.033910174,-0.0011412326,0.0,0.0
2025-04-17 03:00:00,solar.bun_hsc#realenergyintotheload#kwh,BUNDOORA,0.0,0.035316173,-0.0017354824,0.0,0.0
2025-04-17 04:00:00,solar.bun_hsc#realenergyintotheload#kwh,BUNDOORA,0.0,0.06797369,-0.0017354824,0.0,0.0
2025-04-17 05:00:00,solar.bun_hsc#realenergyintotheload#kwh,BUNDOORA,0.0,0.06797369,-0.0017354824,0.0,0.0
2025-04-17 06:00:00,solar.bun_hsc#realenergyintotheload#kwh,BUNDOORA,0.0,0.062211122,0.001882299,0.0018265311,0.0
2025-04-17 07:00:00,solar.bun_hsc#realenergyintotheload#kwh,BUNDOORA,0.0,1.0475512,0.011394601,0.011057008,2.0
2025-04-17 08:00:00,solar.bun_hsc#realenergyintotheload#kwh,BUNDOORA,0.90625,3.421162,5.3856254,5.226063,129.0
2025-04-17 09:00:00,solar.bun_hsc#realenergyintotheload#kwh,BUNDOORA,3.9375,18.784346,16.425514,15.938868,310.0
2025-04-17 10:00:00,solar.bun_hsc#realenergyintotheload#kwh,BUNDOORA,15.25,25.775324,25.911625,25.143929,475.0
2025-04-17 11:00:00,solar.bun_hsc#realenergyintotheload#kwh,BUNDOORA,25.21875,26.704157,33.807858,32.806213,596.0
2025-04-17 12:00:00,solar.bun_hsc#realenergyintotheload#kwh,BUNDOORA,30.96875,32.498444,36.643482,35.557827,661.0
2025-04-17 13:00:00,solar.bun_hsc#realenergyintotheload#kwh,BUNDOORA,33.09375,35.094513,37.143345,36.04288,666.0
2025-04-17 14:00:00,solar.bun_hsc#realenergyintotheload#kwh,BUNDOORA,32.15625,33.578003,33.68338,32.685425,611.0
2025-04-17 15:00:00,solar.bun_hsc#realenergyintotheload#kwh,BUNDOORA,27.28125,27.920124,28.479849,27.636063,500.0
2025-04-17 16:00:00,solar.bun_hsc#realenergyintotheload#kwh,BUNDOORA,14.15625,20.177309,17.515104,16.996176,344.0
2025-04-17 17:00:00,solar.bun_hsc#realenergyintotheload#kwh,BUNDOORA,3.4375,10.612863,7.8897247,7.655972,160.0
2025-04-17 18:00:00,solar.bun_hsc#realenergyintotheload#kwh,BUNDOORA,0.46875,0.43253335,0.038630944,0.037486404,3.0
2025-04-17 19:00:00,solar.bun_hsc#realenergyintotheload#kwh,BUNDOORA,0.0,0.0410879,0.017421324,0.016905174,0.0
2025-04-17 20:00:00,solar.bun_hsc#realenergyintotheload#kwh,BUNDOORA,0.0,0.36158988,0.014392397,0.013965987,0.0
2025-04-17 21:00:00,solar.bun_hsc#realenergyintotheload#kwh,BUNDOORA,0.0,0.33479726,0.00083557575,0.00081081974,0.0
2025-04-17 22:00:00,solar.bun_hsc#realenergyintotheload#kwh,BUNDOORA,0.0,0.32629833,0.0027865926,0.0027040327,0.0
2025-04-17 23:00:00,solar.bun_hsc#realenergyintotheload#kwh,BUNDOORA,0.0,0.27187756,0.002570551,0.002494392,0.0
2025-04-18 00:00:00,solar.bun_hsc#realenergyintotheload#kwh,BUNDOORA,0.0,0.054865967,0.0041012536,0.0039797435,0.0
2025-04-18 01:00:00,solar.bun_hsc#realenergyintotheload#kwh,BUNDOORA,0.0,0.01937668,0.0041012536,0.0039797435,0.0
2025-04-18 02:00:00,solar.bun_hsc#realenergyintotheload#kwh,BUNDOORA,0.0,0.3376293,0.0042922483,0.00416508,0.0
2025-04-18 03:00:00,solar.bun_hsc#realenergyintotheload#kwh,BUNDOORA,0.0,0.26371595,0.0044612153,0.0043290406,0.0
2025-04-18 04:00:00,solar.bun_hsc#realenergyintotheload#kwh,BUNDOORA,0.0,0.27505267,-0.015625903,0.0,0.0
2025-04-18 05:00:00,solar.bun_hsc#realenergyintotheload#kwh,BUNDOORA,0.0,0.22545306,0.0013928252,0.0013515592,0.0
2025-04-18 06:00:00,solar.bun_hsc#realenergyintotheload#kwh,BUNDOORA,0.0,0.22775121,-0.00013340253,0.0,0.0
2025-04-18 07:00:00,solar.bun_hsc#realenergyintotheload#kwh,BUNDOORA,0.0,1.0269295,0.00095310365,0.00092486554,1.0
2025-04-18 08:00:00,solar.bun_hsc#realenergyintotheload#kwh,BUNDOORA,1.5,6.07202,4.9932766,4.8453383,106.0
2025-04-18 09:00:00,solar.bun_hsc#realenergyintotheload#kwh,BUNDOORA,4.0625,11.864691,14.648904,14.214893,306.0
2025-04-18 10:00:00,solar.bun_hsc#realenergyintotheload#kwh,BUNDOORA,16.4375,22.00763,22.121508,21.466103,415.0
2025-04-18 11:00:00,solar.bun_hsc#realenergyintotheload#kwh,BUNDOORA,22.0,34.728104,33.000683,32.022957,586.0
2025-04-18 12:00:00,solar.bun_hsc#realenergyintotheload#kwh,BUNDOORA,32.21875,36.25909,37.344383,36.23796,659.0
2025-04-18 13:00:00,solar.bun_hsc#realenergyintotheload#kwh,BUNDOORA,26.875,30.281895,32.96696,31.990232,604.0
2025-04-18 14:00:00,solar.bun_hsc#realenergyintotheload#kwh,BUNDOORA,32.6875,30.663633,31.017021,30.098064,575.0
2025-04-18 15:00:00,solar.bun_hsc#realenergyintotheload#kwh,BUNDOORA,29.3125,27.54773,26.921911,26.124283,496.0
2025-04-18 16:00:00,solar.bun_hsc#realenergyintotheload#kwh,BUNDOORA,14.0,20.4053,16.77761,16.280533,324.0
2025-04-18 17:00:00,solar.bun_hsc#realenergyintotheload#kwh,BUNDOORA,4.21875,6.020252,4.6367283,4.4993534,101.0
2025-04-18 18:00:00,solar.bun_hsc#realenergyintotheload#kwh,BUNDOORA,0.84375,0.8676662,0.107138656,0.1039644,5.0
2025-04-18 19:00:00,solar.bun_hsc#realenergyintotheload#kwh,BUNDOORA,0.0,0.48539254,0.00750726,0.0072848387,0.0
2025-04-18 20:00:00,solar.bun_hsc#realenergyintotheload#kwh,BUNDOORA,0.0,0.34755564,-0.0006035104,0.0,0.0
2025-04-18 21:00:00,solar.bun_hsc#realenergyintotheload#kwh,BUNDOORA,0.0,0.012295155,-0.0028204864,0.0,0.0
2025-04-18 22:00:00,solar.bun_hsc#realenergyintotheload#kwh,BUNDOORA,0.0,-0.033792734,-0.0016800901,0.0,0.0
2025-04-18 23:00:00,solar.bun_hsc#realenergyintotheload#kwh,BUNDOORA,0.0,0.07384167,-0.00031126378,0.0,0.0
2025-04-19 00:00:00,solar.bun_hsc#realenergyintotheload#kwh,BUNDOORA,0.0,0.07384167,-0.0016800901,0.0,0.0
2025-04-19 01:00:00,solar.bun_hsc#realenergyintotheload#kwh,BUNDOORA,0.0,0.07825167,-0.00060670206,0.0,0.0
2025-04-19 02:00:00,solar.bun_hsc#realenergyintotheload#kwh,BUNDOORA,0.0,0.089278914,-0.00060670206,0.0,0.0
2025-04-19 03:00:00,solar.bun_hsc#realenergyintotheload#kwh,BUNDOORA,0.0,0.0025277908,-0.00060670206,0.0,0.0
2025-04-19 04:00:00,solar.bun_hsc#realenergyintotheload#kwh,BUNDOORA,0.0,0.09048694,0.0007404331,0.0007184959,0.0
2025-04-19 05:00:00,solar.bun_hsc#realenergyintotheload#kwh,BUNDOORA,0.0,0.113336466,0.0023856426,0.002314962,0.0
2025-04-19 06:00:00,solar.bun_hsc#realenergyintotheload#kwh,BUNDOORA,0.0,0.047415406,0.010056507,0.009758558,0.0
2025-04-19 07:00:00,solar.bun_hsc#realenergyintotheload#kwh,BUNDOORA,0.0,0.43806466,0.011633816,0.011289136,0.0
2025-04-19 08:00:00,solar.bun_hsc#realenergyintotheload#kwh,BUNDOORA,1.21875,2.9993384,3.4500458,3.3478296,75.0
2025-04-19 09:00:00,solar.bun_hsc#realenergyintotheload#kwh,BUNDOORA,7.8125,14.451425,12.20113,11.839641,253.0
2025-04-19 10:00:00,solar.bun_hsc#realenergyintotheload#kwh,BUNDOORA,9.1875,16.600773,17.223118,16.71284,316.0
2025-04-19 11:00:00,solar.bun_hsc#realenergyintotheload#kwh,BUNDOORA,15.25,22.143648,27.106031,26.302948,494.0
2025-04-19 12:00:00,solar.bun_hsc#realenergyintotheload#kwh,BUNDOORA,20.09375,24.861065,30.381517,29.481388,560.0
2025-04-19 13:00:00,solar.bun_hsc#realenergyintotheload#kwh,BUNDOORA,20.1875,21.770521,27.619919,26.801609,527.0
2025-04-19 14:00:00,solar.bun_hsc#realenergyintotheload#kwh,BUNDOORA,32.90625,30.033913,31.078604,30.157822,583.0
2025-04-19 15:00:00,solar.bun_hsc#realenergyintotheload#kwh,BUNDOORA,22.25,22.806505,24.334047,23.61309,447.0
2025-04-19 16:00:00,solar.bun_hsc#realenergyintotheload#kwh,BUNDOORA,6.5625,7.352098,6.045931,5.866805,119.0
2025-04-19 17:00:00,solar.bun_hsc#realenergyintotheload#kwh,BUNDOORA,3.84375,7.5940776,4.365254,4.2359223,99.0
2025-04-19 18:00:00,solar.bun_hsc#realenergyintotheload#kwh,BUNDOORA,0.28125,0.6991519,0.011421025,0.011082648,2.0
2025-04-19 19:00:00,solar.bun_hsc#realenergyintotheload#kwh,BUNDOORA,0.0,-0.15735114,-0.0051318896,0.0,0.0
2025-04-19 20:00:00,solar.bun_hsc#realenergyintotheload#kwh,BUNDOORA,0.0,-0.17203343,0.006852398,0.0066493787,0.0
2025-04-19 21:00:00,solar.bun_hsc#realenergyintotheload#kwh,BUNDOORA,0.0,-0.09977095,0.00794439,0.007709018,0.0
2025-04-19 22:00:00,solar.bun_hsc#realenergyintotheload#kwh,BUNDOORA,0.0,-0.05426253,0.018820036,0.018262446,0.0
2025-04-19 23:00:00,solar.bun_hsc#realenergyintotheload#kwh,BUNDOORA,0.0,0.0030117268,0.018081078,0.017545382,0.0
2025-04-20 00:00:00,solar.bun_hsc#realenergyintotheload#kwh,BUNDOORA,0.0,0.004953647,0.017570673,0.017050097,0.0
2025-04-20 01:00:00,solar.bun_hsc#realenergyintotheload#kwh,BUNDOORA,0.0,0.07104415,0.009996061,0.0096999025,0.0
2025-04-20 02:00:00,solar.bun_hsc#realenergyintotheload#kwh,BUNDOORA,0.0,0.02310477,0.007510203,0.0072876946,0.0
2025-04-20 03:00:00,solar.bun_hsc#realenergyintotheload#kwh,BUNDOORA,0.0,0.06407413,-0.009352636,0.0,0.0
2025-04-20 04:00:00,solar.bun_hsc#realenergyintotheload#kwh,BUNDOORA,0.0,-0.18088704,-0.010473424,0.0,0.0
2025-04-20 05:00:00,solar.bun_hsc#realenergyintotheload#kwh,BUNDOORA,0.0,0.22585751,0.004220006,0.004094978,0.0
2025-04-20 06:00:00,solar.bun_hsc#realenergyintotheload#kwh,BUNDOORA,0.0,0.21845855,0.0064845844,0.0062924623,0.0
2025-04-20 07:00:00,solar.bun_hsc#realenergyintotheload#kwh,BUNDOORA,0.0,0.5441933,0.03470864,0.033680312,1.0
2025-04-20 08:00:00,solar.bun_hsc#realenergyintotheload#kwh,BUNDOORA,1.8125,4.270512,4.628729,4.491591,99.0
2025-04-20 09:00:00,solar.bun_hsc#realenergyintotheload#kwh,BUNDOORA,2.625,3.431122,3.0154376,2.9260976,64.0
2025-04-20 10:00:00,solar.bun_hsc#realenergyintotheload#kwh,BUNDOORA,2.1875,3.2989252,4.3080735,4.180436,86.0
2025-04-20 11:00:00,solar.bun_hsc#realenergyintotheload#kwh,BUNDOORA,5.0,4.5166597,3.7253525,3.6149797,75.0
2025-04-20 12:00:00,solar.bun_hsc#realenergyintotheload#kwh,BUNDOORA,17.5625,28.322676,32.380337,31.420988,580.0
2025-04-20 13:00:00,solar.bun_hsc#realenergyintotheload#kwh,BUNDOORA,13.5625,20.562033,17.71404,17.189219,331.0
2025-04-20 14:00:00,solar.bun_hsc#realenergyintotheload#kwh,BUNDOORA,30.34375,31.0053,31.697775,30.75865,591.0
2025-04-20 15:00:00,solar.bun_hsc#realenergyintotheload#kwh,BUNDOORA,26.625,17.73482,20.822844,20.205915,387.0
2025-04-20 16:00:00,solar.bun_hsc#realenergyintotheload#kwh,BUNDOORA,7.96875,6.629151,5.172961,5.019699,112.0
2025-04-20 17:00:00,solar.bun_hsc#realenergyintotheload#kwh,BUNDOORA,1.6875,3.506491,3.0092201,2.9200644,67.0
2025-04-20 18:00:00,solar.bun_hsc#realenergyintotheload#kwh,BUNDOORA,0.75,0.5022793,0.1392435,0.13511807,6.0
2025-04-20 19:00:00,solar.bun_hsc#realenergyintotheload#kwh,BUNDOORA,0.0,-0.283285,0.011848274,0.011497239,0.0
2025-04-20 20:00:00,solar.bun_hsc#realenergyintotheload#kwh,BUNDOORA,0.0,-0.3498968,0.010584099,0.010270519,0.0
2025-04-20 21:00:00,solar.bun_hsc#realenergyintotheload#kwh,BUNDOORA,0.0,-0.3228719,0.028631775,0.027783487,0.0
2025-04-20 22:00:00,solar.bun_hsc#realenergyintotheload#kwh,BUNDOORA,0.0,-0.36576754,-0.0021678049,0.0,0.0
2025-04-20 23:00:00,solar.bun_hsc#realenergyintotheload#kwh,BUNDOORA,0.0,0.10349823,0.0074693467,0.0072480487,0.0
2025-04-21 00:00:00,solar.bun_hsc#realenergyintotheload#kwh,BUNDOORA,0.0,0.09728542,0.03115074,0.030227821,0.0
2025-04-21 01:00:00,solar.bun_hsc#realenergyintotheload#kwh,BUNDOORA,0.0,-0.0048213685,-0.014421303,0.0,0.0
2025-04-21 02:00:00,solar.bun_hsc#realenergyintotheload#kwh,BUNDOORA,0.0,-0.005435938,0.0037636608,0.0036521528,0.0
2025-04-21 03:00:00,solar.bun_hsc#realenergyintotheload#kwh,BUNDOORA,0.0,-0.06672296,0.0011970412,0.0011615759,0.0
2025-04-21 04:00:00,solar.bun_hsc#realenergyintotheload#kwh,BUNDOORA,0.0,0.010910828,0.005594237,0.0054284935,0.0
2025-04-21 05:00:00,solar.bun_hsc#realenergyintotheload#kwh,BUNDOORA,0.0,-0.0049935216,0.0050747045,0.0049243537,0.0
2025-04-21 06:00:00,solar.bun_hsc#realenergyintotheload#kwh,BUNDOORA,0.0,0.03866649,0.004966623,0.0048194746,0.0
2025-04-21 07:00:00,solar.bun_hsc#realenergyintotheload#kwh,BUNDOORA,0.0,0.07299529,0.0025208099,0.0024461246,1.0
2025-04-21 08:00:00,solar.bun_hsc#realenergyintotheload#kwh,BUNDOORA,0.78125,2.0849397,4.924705,4.778798,125.0
2025-04-21 09:00:00,solar.bun_hsc#realenergyintotheload#kwh,BUNDOORA,3.40625,8.7573185,14.870622,14.430042,306.0
2025-04-21 10:00:00,solar.bun_hsc#realenergyintotheload#kwh,BUNDOORA,14.78125,25.703491,25.996748,25.22653,465.0
2025-04-21 11:00:00,solar.bun_hsc#realenergyintotheload#kwh,BUNDOORA,25.5625,27.474049,32.895683,31.921066,583.0
2025-04-21 12:00:00,solar.bun_hsc#realenergyintotheload#kwh,BUNDOORA,24.59375,24.50458,29.926025,29.039392,552.0
2025-04-21 13:00:00,solar.bun_hsc#realenergyintotheload#kwh,BUNDOORA,33.78125,30.880732,36.21277,35.139874,650.0
2025-04-21 14:00:00,solar.bun_hsc#realenergyintotheload#kwh,BUNDOORA,21.15625,14.650302,13.276123,12.882785,252.0
2025-04-21 15:00:00,solar.bun_hsc#realenergyintotheload#kwh,BUNDOORA,27.09375,22.111622,22.8524,22.17534,427.0
2025-04-21 16:00:00,solar.bun_hsc#realenergyintotheload#kwh,BUNDOORA,12.9375,12.401826,10.283336,9.978666,202.0
2025-04-21 17:00:00,solar.bun_hsc#realenergyintotheload#kwh,BUNDOORA,5.03125,1.7940989,2.9638708,2.8760586,80.0
2025-04-21 18:00:00,solar.bun_hsc#realenergyintotheload#kwh,BUNDOORA,0.21875,0.24986784,0.010899324,0.010576405,2.0
2025-04-21 19:00:00,solar.bun_hsc#realenergyintotheload#kwh,BUNDOORA,0.0,-0.025672838,0.0007123548,0.0006912495,0.0
2025-04-21 20:00:00,solar.bun_hsc#realenergyintotheload#kwh,BUNDOORA,0.0,0.077317715,0.0019427837,0.0018852239,0.0
2025-04-21 21:00:00,solar.bun_hsc#realenergyintotheload#kwh,BUNDOORA,0.0,0.077444464,0.0019427837,0.0018852239,0.0
2025-04-21 22:00:00,solar.bun_hsc#realenergyintotheload#kwh,BUNDOORA,0.0,0.077317715,0.0008984256,0.00087180745,0.0
2025-04-21 23:00:00,solar.bun_hsc#realenergyintotheload#kwh,BUNDOORA,0.0,0.07782331,0.0003076076,0.00029849398,0.0
2025-04-22 00:00:00,solar.bun_hsc#realenergyintotheload#kwh,BUNDOORA,0.0,0.077733785,0.0015689831,0.001522498,0.0
2025-04-22 01:00:00,solar.bun_hsc#realenergyintotheload#kwh,BUNDOORA,0.0,0.077733785,0.0015689831,0.001522498,0.0
2025-04-22 02:00:00,solar.bun_hsc#realenergyintotheload#kwh,BUNDOORA,0.0,0.05497773,-7.645052e-06,0.0,0.0
2025-04-22 03:00:00,solar.bun_hsc#realenergyintotheload#kwh,BUNDOORA,0.0,0.1879291,0.0009334937,0.00090583664,0.0
2025-04-22 04:00:00,solar.bun_hsc#realenergyintotheload#kwh,BUNDOORA,0.0,0.17748144,0.0009334937,0.00090583664,0.0
2025-04-22 05:00:00,solar.bun_hsc#realenergyintotheload#kwh,BUNDOORA,0.0,0.16755748,0.00023033484,0.0002235106,0.0
2025-04-22 06:00:00,solar.bun_hsc#realenergyintotheload#kwh,BUNDOORA,0.0,0.12928541,0.0019509498,0.0018931481,0.0
2025-04-22 07:00:00,solar.bun_hsc#realenergyintotheload#kwh,BUNDOORA,0.0,1.5362804,0.0014555021,0.0014123792,0.0
2025-04-22 08:00:00,solar.bun_hsc#realenergyintotheload#kwh,BUNDOORA,0.53125,2.8802962,2.7762825,2.6940281,61.0
2025-04-22 09:00:00,solar.bun_hsc#realenergyintotheload#kwh,BUNDOORA,4.375,8.169051,7.846161,7.613699,175.0
2025-04-22 10:00:00,solar.bun_hsc#realenergyintotheload#kwh,BUNDOORA,10.3125,15.14794,14.867143,14.426666,280.0
2025-04-22 11:00:00,solar.bun_hsc#realenergyintotheload#kwh,BUNDOORA,18.40625,18.816483,18.690617,18.13686,343.0
2025-04-22 12:00:00,solar.bun_hsc#realenergyintotheload#kwh,BUNDOORA,9.5,15.335927,11.847797,11.496777,230.0
2025-04-22 13:00:00,solar.bun_hsc#realenergyintotheload#kwh,BUNDOORA,7.8125,10.161893,7.336516,7.1191535,144.0
2025-04-22 14:00:00,solar.bun_hsc#realenergyintotheload#kwh,BUNDOORA,17.65625,19.549166,23.918745,23.210093,442.0
2025-04-22 15:00:00,solar.bun_hsc#realenergyintotheload#kwh,BUNDOORA,15.75,12.573116,15.29369,14.840576,293.0
2025-04-22 16:00:00,solar.bun_hsc#realenergyintotheload#kwh,BUNDOORA,5.59375,3.7353642,3.4522812,3.3499987,73.0
2025-04-22 17:00:00,solar.bun_hsc#realenergyintotheload#kwh,BUNDOORA,0.96875,2.36526,1.1826917,1.1476514,33.0
2025-04-22 18:00:00,solar.bun_hsc#realenergyintotheload#kwh,BUNDOORA,0.125,0.5799884,0.007981107,0.007744646,1.0
2025-04-22 19:00:00,solar.bun_hsc#realenergyintotheload#kwh,BUNDOORA,0.0,0.3667199,-0.016122498,0.0,0.0
2025-04-22 20:00:00,solar.bun_hsc#realenergyintotheload#kwh,BUNDOORA,0.0,0.09265145,-0.0009846607,0.0,0.0
2025-04-22 21:00:00,solar.bun_hsc#realenergyintotheload#kwh,BUNDOORA,0.0,0.089652024,-0.0009846607,0.0,0.0
2025-04-22 22:00:00,solar.bun_hsc#realenergyintotheload#kwh,BUNDOORA,0.0,0.16112018,-0.00012207704,0.0,0.0
2025-04-22 23:00:00,solar.bun_hsc#realenergyintotheload#kwh,BUNDOORA,0.0,0.16967605,-0.0023874561,0.0,0.0
2025-04-23 00:00:00,solar.bun_hsc#realenergyintotheload#kwh,BUNDOORA,0.0,0.037382763,-0.0023874561,0.0,0.0
2025-04-23 01:00:00,solar.bun_hsc#realenergyintotheload#kwh,BUNDOORA,0.0,0.0007920328,-0.0027491054,0.0,0.0
2025-04-23 02:00:00,solar.bun_hsc#realenergyintotheload#kwh,BUNDOORA,0.0,-0.012494337,0.00086867646,0.0008429398,0.0
2025-04-23 03:00:00,solar.bun_hsc#realenergyintotheload#kwh,BUNDOORA,0.0,-0.008828338,-0.00085081137,0.0,0.0
2025-04-23 04:00:00,solar.bun_hsc#realenergyintotheload#kwh,BUNDOORA,0.0,-0.008828338,-0.00076503475,0.0,0.0
2025-04-23 05:00:00,solar.bun_hsc#realenergyintotheload#kwh,BUNDOORA,0.0,-0.009402808,-0.00076503475,0.0,0.0
2025-04-23 06:00:00,solar.bun_hsc#realenergyintotheload#kwh,BUNDOORA,0.0,0.0051812297,0.00027932346,0.00027104781,0.0
2025-04-23 07:00:00,solar.bun_hsc#realenergyintotheload#kwh,BUNDOORA,0.0,0.39270535,0.00081675104,0.0007925527,0.0
2025-04-23 08:00:00,solar.bun_hsc#realenergyintotheload#kwh,BUNDOORA,0.71875,1.1086335,4.8892584,4.744402,119.0
2025-04-23 09:00:00,solar.bun_hsc#realenergyintotheload#kwh,BUNDOORA,3.4375,3.7427,14.36662,13.940973,296.0
2025-04-23 10:00:00,solar.bun_hsc#realenergyintotheload#kwh,BUNDOORA,14.6875,25.47916,26.8655,26.069542,455.0
2025-04-23 11:00:00,solar.bun_hsc#realenergyintotheload#kwh,BUNDOORA,23.59375,31.349558,32.489693,31.527103,571.0
2025-04-23 12:00:00,solar.bun_hsc#realenergyintotheload#kwh,BUNDOORA,31.21875,30.543007,34.639397,33.613117,633.0
2025-04-23 13:00:00,solar.bun_hsc#realenergyintotheload#kwh,BUNDOORA,34.1875,31.501457,36.359325,35.28209,636.0
2025-04-23 14:00:00,solar.bun_hsc#realenergyintotheload#kwh,BUNDOORA,32.84375,31.92081,33.16565,32.183033,579.0
2025-04-23 15:00:00,solar.bun_hsc#realenergyintotheload#kwh,BUNDOORA,27.03125,27.254791,24.506186,23.780128,467.0
2025-04-23 16:00:00,solar.bun_hsc#realenergyintotheload#kwh,BUNDOORA,11.46875,19.057423,17.331833,16.818335,313.0
2025-04-23 17:00:00,solar.bun_hsc#realenergyintotheload#kwh,BUNDOORA,2.5,6.296138,6.0751724,5.89518,136.0
2025-04-23 18:00:00,solar.bun_hsc#realenergyintotheload#kwh,BUNDOORA,0.25,0.89329475,0.009750446,0.009461565,2.0
2025-04-23 19:00:00,solar.bun_hsc#realenergyintotheload#kwh,BUNDOORA,0.0,0.37503046,-0.0016887003,0.0,0.0
2025-04-23 20:00:00,solar.bun_hsc#realenergyintotheload#kwh,BUNDOORA,0.0,0.036881313,-0.0013170105,0.0,0.0
2025-04-23 21:00:00,solar.bun_hsc#realenergyintotheload#kwh,BUNDOORA,0.0,-0.008814644,-0.0013170105,0.0,0.0
2025-04-23 22:00:00,solar.bun_hsc#realenergyintotheload#kwh,BUNDOORA,0.0,-0.0015408201,-0.0011907524,0.0,0.0
2025-04-23 23:00:00,solar.bun_hsc#realenergyintotheload#kwh,BUNDOORA,0.0,0.030993879,-0.0037413284,0.0,0.0
2025-04-24 00:00:00,solar.bun_hsc#realenergyintotheload#kwh,BUNDOORA,0.0,0.0031900494,0.0010168491,0.0009867224,0.0
2025-04-24 01:00:00,solar.bun_hsc#realenergyintotheload#kwh,BUNDOORA,0.0,0.016456695,0.0007370105,0.0007151747,0.0
2025-04-24 02:00:00,solar.bun_hsc#realenergyintotheload#kwh,BUNDOORA,0.0,0.018979458,0.0007370105,0.0007151747,0.0
2025-04-24 03:00:00,solar.bun_hsc#realenergyintotheload#kwh,BUNDOORA,0.0,-0.0028768857,-0.0029768092,0.0,0.0
2025-04-24 04:00:00,solar.bun_hsc#realenergyintotheload#kwh,BUNDOORA,0.0,-0.0013712756,-0.0013900759,0.0,0.0
2025-04-24 05:00:00,solar.bun_hsc#realenergyintotheload#kwh,BUNDOORA,0.0,0.038682774,-5.7099678e-05,0.0,0.0
2025-04-24 06:00:00,solar.bun_hsc#realenergyintotheload#kwh,BUNDOORA,0.0,0.026108846,0.00096164935,0.0009331581,0.0
2025-04-24 07:00:00,solar.bun_hsc#realenergyintotheload#kwh,BUNDOORA,0.0,1.5983769,-0.015546471,0.0,0.0
2025-04-24 08:00:00,solar.bun_hsc#realenergyintotheload#kwh,BUNDOORA,0.53125,5.263411,4.8177056,4.674969,107.0
2025-04-24 09:00:00,solar.bun_hsc#realenergyintotheload#kwh,BUNDOORA,3.09375,12.912843,12.158921,11.798683,281.0
2025-04-24 10:00:00,solar.bun_hsc#realenergyintotheload#kwh,BUNDOORA,13.75,16.83449,19.30744,18.735409,396.0
2025-04-24 11:00:00,solar.bun_hsc#realenergyintotheload#kwh,BUNDOORA,20.5625,17.982016,28.0201,27.189934,556.0
2025-04-24 12:00:00,solar.bun_hsc#realenergyintotheload#kwh,BUNDOORA,31.125,25.727186,33.189857,32.206524,621.0
2025-04-24 13:00:00,solar.bun_hsc#realenergyintotheload#kwh,BUNDOORA,33.71875,29.733053,34.418293,33.398563,626.0
2025-04-24 14:00:00,solar.bun_hsc#realenergyintotheload#kwh,BUNDOORA,32.40625,31.71053,31.277197,30.350533,571.0
2025-04-24 15:00:00,solar.bun_hsc#realenergyintotheload#kwh,BUNDOORA,26.25,25.305529,25.820286,25.055296,462.0
2025-04-24 16:00:00,solar.bun_hsc#realenergyintotheload#kwh,BUNDOORA,11.40625,14.151841,15.419895,14.963042,295.0
2025-04-24 17:00:00,solar.bun_hsc#realenergyintotheload#kwh,BUNDOORA,3.09375,6.5883813,5.308503,5.1512256,114.0
2025-04-24 18:00:00,solar.bun_hsc#realenergyintotheload#kwh,BUNDOORA,0.59375,0.7973789,-0.024850523,0.0,1.0
2025-04-24 19:00:00,solar.bun_hsc#realenergyintotheload#kwh,BUNDOORA,0.0,0.15637152,0.007199449,0.0069861473,0.0
2025-04-24 20:00:00,solar.bun_hsc#realenergyintotheload#kwh,BUNDOORA,0.0,0.32528275,-0.007908811,0.0,0.0
2025-04-24 21:00:00,solar.bun_hsc#realenergyintotheload#kwh,BUNDOORA,0.0,0.01798497,-0.011951153,0.0,0.0
2025-04-24 22:00:00,solar.bun_hsc#realenergyintotheload#kwh,BUNDOORA,0.0,0.3451937,0.0119922,0.011636902,0.0
2025-04-24 23:00:00,solar.bun_hsc#realenergyintotheload#kwh,BUNDOORA,0.0,-0.09161254,0.013607685,0.013204523,0.0
2025-04-25 00:00:00,solar.bun_hsc#realenergyintotheload#kwh,BUNDOORA,0.0,0.44980156,-0.008549794,0.0,0.0
2025-04-25 01:00:00,solar.bun_hsc#realenergyintotheload#kwh,BUNDOORA,0.0,0.39265412,0.010255655,0.009951806,0.0
2025-04-25 02:00:00,solar.bun_hsc#realenergyintotheload#kwh,BUNDOORA,0.0,0.018939752,0.010072543,0.009774119,0.0
2025-04-25 03:00:00,solar.bun_hsc#realenergyintotheload#kwh,BUNDOORA,0.0,0.27570772,-0.0026064366,0.0,0.0
2025-04-25 04:00:00,solar.bun_hsc#realenergyintotheload#kwh,BUNDOORA,0.0,0.42476514,-0.01460125,0.0,0.0
2025-04-25 05:00:00,solar.bun_hsc#realenergyintotheload#kwh,BUNDOORA,0.0,0.4120441,0.0022897525,0.0022219128,0.0
2025-04-25 06:00:00,solar.bun_hsc#realenergyintotheload#kwh,BUNDOORA,0.0,0.52298206,7.864082e-05,7.631089e-05,0.0
2025-04-25 07:00:00,solar.bun_hsc#realenergyintotheload#kwh,BUNDOORA,0.0,2.09861,-0.0011128439,0.0,0.0
2025-04-25 08:00:00,solar.bun_hsc#realenergyintotheload#kwh,BUNDOORA,1.4375,4.65108,2.3634324,2.2934098,54.0
2025-04-25 09:00:00,solar.bun_hsc#realenergyintotheload#kwh,BUNDOORA,3.96875,14.080908,13.387528,12.99089,275.0
2025-04-25 10:00:00,solar.bun_hsc#realenergyintotheload#kwh,BUNDOORA,14.03125,29.291866,24.703562,23.971657,432.0
2025-04-25 11:00:00,solar.bun_hsc#realenergyintotheload#kwh,BUNDOORA,16.875,16.395119,25.207373,24.46054,441.0
2025-04-25 12:00:00,solar.bun_hsc#realenergyintotheload#kwh,BUNDOORA,13.3125,16.192127,15.18154,14.731749,283.0
2025-04-25 13:00:00,solar.bun_hsc#realenergyintotheload#kwh,BUNDOORA,8.15625,9.206825,7.495455,7.273383,149.0
2025-04-25 14:00:00,solar.bun_hsc#realenergyintotheload#kwh,BUNDOORA,8.375,7.3564997,5.9817657,5.804541,117.0
2025-04-25 15:00:00,solar.bun_hsc#realenergyintotheload#kwh,BUNDOORA,3.75,6.200542,4.364824,4.235505,90.0
2025-04-25 16:00:00,solar.bun_hsc#realenergyintotheload#kwh,BUNDOORA,1.96875,4.2890882,3.1117244,3.0195317,68.0
2025-04-25 17:00:00,solar.bun_hsc#realenergyintotheload#kwh,BUNDOORA,0.9375,1.748315,1.0450239,1.0140625,25.0
2025-04-25 18:00:00,solar.bun_hsc#realenergyintotheload#kwh,BUNDOORA,0.0,0.51164275,-0.00017159572,0.0,0.0
2025-04-25 19:00:00,solar.bun_hsc#realenergyintotheload#kwh,BUNDOORA,0.0,0.047309678,-0.0003268635,0.0,0.0
2025-04-25 20:00:00,solar.bun_hsc#realenergyintotheload#kwh,BUNDOORA,0.0,-0.010072671,-0.00060670206,0.0,0.0
2025-04-25 21:00:00,solar.bun_hsc#realenergyintotheload#kwh,BUNDOORA,0.0,0.075908296,-0.0003268635,0.0,0.0
2025-04-25 22:00:00,solar.bun_hsc#realenergyintotheload#kwh,BUNDOORA,0.0,0.075908296,-0.00060670206,0.0,0.0
2025-04-25 23:00:00,solar.bun_hsc#realenergyintotheload#kwh,BUNDOORA,0.0,0.0004888123,-0.00060670206,0.0,0.0
2025-04-26 00:00:00,solar.bun_hsc#realenergyintotheload#kwh,BUNDOORA,0.0,0.087094165,-0.00060670206,0.0,0.0
2025-04-26 01:00:00,solar.bun_hsc#realenergyintotheload#kwh,BUNDOORA,0.0,0.08218114,-0.00060670206,0.0,0.0
2025-04-26 02:00:00,solar.bun_hsc#realenergyintotheload#kwh,BUNDOORA,0.0,0.08218114,-0.00060670206,0.0,0.0
2025-04-26 03:00:00,solar.bun_hsc#realenergyintotheload#kwh,BUNDOORA,0.0,0.08218114,-0.00060670206,0.0,0.0
2025-04-26 04:00:00,solar.bun_hsc#realenergyintotheload#kwh,BUNDOORA,0.0,0.06450449,-0.0016800901,0.0,0.0
2025-04-26 05:00:00,solar.bun_hsc#realenergyintotheload#kwh,BUNDOORA,0.0,0.06450449,-0.0014002515,0.0,0.0
2025-04-26 06:00:00,solar.bun_hsc#realenergyintotheload#kwh,BUNDOORA,0.0,-0.014925439,-0.0014002515,0.0,0.0
2025-04-26 07:00:00,solar.bun_hsc#realenergyintotheload#kwh,BUNDOORA,0.0,0.22042102,-0.0016800901,0.0,0.0
2025-04-26 08:00:00,solar.bun_hsc#realenergyintotheload#kwh,BUNDOORA,0.0625,0.79880875,1.4403421,1.3976684,37.0
2025-04-26 09:00:00,solar.bun_hsc#realenergyintotheload#kwh,BUNDOORA,1.4375,1.4535537,3.740444,3.629624,75.0
2025-04-26 10:00:00,solar.bun_hsc#realenergyintotheload#kwh,BUNDOORA,4.5,4.05837,6.083004,5.9027796,125.0
2025-04-26 11:00:00,solar.bun_hsc#realenergyintotheload#kwh,BUNDOORA,6.15625,6.712437,8.747426,8.488261,175.0
2025-04-26 12:00:00,solar.bun_hsc#realenergyintotheload#kwh,BUNDOORA,6.75,7.8011146,8.819239,8.557946,176.0
2025-04-26 13:00:00,solar.bun_hsc#realenergyintotheload#kwh,BUNDOORA,9.0625,8.772861,14.307018,13.883137,288.0
2025-04-26 14:00:00,solar.bun_hsc#realenergyintotheload#kwh,BUNDOORA,12.25,5.3742704,5.39729,5.237382,110.0
2025-04-26 15:00:00,solar.bun_hsc#realenergyintotheload#kwh,BUNDOORA,5.21875,8.5654,7.5067935,7.284386,151.0
2025-04-26 16:00:00,solar.bun_hsc#realenergyintotheload#kwh,BUNDOORA,3.625,4.792004,3.4516082,3.3493457,74.0
2025-04-26 17:00:00,solar.bun_hsc#realenergyintotheload#kwh,BUNDOORA,0.90625,1.4731138,1.0120978,0.98211193,27.0
2025-04-26 18:00:00,solar.bun_hsc#realenergyintotheload#kwh,BUNDOORA,0.0625,0.50169176,-4.6378875e-05,0.0,0.0
2025-04-26 19:00:00,solar.bun_hsc#realenergyintotheload#kwh,BUNDOORA,0.0,0.04271229,-0.0017658666,0.0,0.0
2025-04-26 20:00:00,solar.bun_hsc#realenergyintotheload#kwh,BUNDOORA,0.0,-0.0073420866,-0.00060670206,0.0,0.0
2025-04-26 21:00:00,solar.bun_hsc#realenergyintotheload#kwh,BUNDOORA,0.0,-0.006274347,-0.0003970404,0.0,0.0
2025-04-26 22:00:00,solar.bun_hsc#realenergyintotheload#kwh,BUNDOORA,0.0,-0.007816333,0.0012038593,0.001168192,0.0
2025-04-26 23:00:00,solar.bun_hsc#realenergyintotheload#kwh,BUNDOORA,0.0,0.03759805,0.0012038593,0.001168192,0.0
2025-04-27 00:00:00,solar.bun_hsc#realenergyintotheload#kwh,BUNDOORA,0.0,0.043061543,0.000967309,0.00093865005,0.0
2025-04-27 01:00:00,solar.bun_hsc#realenergyintotheload#kwh,BUNDOORA,0.0,-0.0068318937,0.0012038593,0.001168192,0.0
2025-04-27 02:00:00,solar.bun_hsc#realenergyintotheload#kwh,BUNDOORA,0.0,0.025973106,0.0012510457,0.0012139804,0.0
2025-04-27 03:00:00,solar.bun_hsc#realenergyintotheload#kwh,BUNDOORA,0.0,0.0016558617,0.0013696337,0.0013290549,0.0
2025-04-27 04:00:00,solar.bun_hsc#realenergyintotheload#kwh,BUNDOORA,0.0,0.0076408098,-0.00040875294,0.0,0.0
2025-04-27 05:00:00,solar.bun_hsc#realenergyintotheload#kwh,BUNDOORA,0.0,0.049127422,-2.5850895e-05,0.0,0.0
2025-04-27 06:00:00,solar.bun_hsc#realenergyintotheload#kwh,BUNDOORA,0.0,0.007800609,-0.00020270108,0.0,0.0
2025-04-27 07:00:00,solar.bun_hsc#realenergyintotheload#kwh,BUNDOORA,0.0,0.57661206,-2.5850895e-05,0.0,0.0
2025-04-27 08:00:00,solar.bun_hsc#realenergyintotheload#kwh,BUNDOORA,0.40625,0.6769396,1.8906857,1.8346694,44.0
2025-04-27 09:00:00,solar.bun_hsc#realenergyintotheload#kwh,BUNDOORA,3.15625,2.4311473,6.3950825,6.205612,138.0
2025-04-27 10:00:00,solar.bun_hsc#realenergyintotheload#kwh,BUNDOORA,5.28125,8.138448,6.5748086,6.3800135,138.0
2025-04-27 11:00:00,solar.bun_hsc#realenergyintotheload#kwh,BUNDOORA,11.21875,14.883726,11.166965,10.836115,223.0
2025-04-27 12:00:00,solar.bun_hsc#realenergyintotheload#kwh,BUNDOORA,11.5,17.214184,9.341786,9.065013,188.0
2025-04-27 13:00:00,solar.bun_hsc#realenergyintotheload#kwh,BUNDOORA,7.6875,10.978128,5.3525004,5.193919,112.0
2025-04-27 14:00:00,solar.bun_hsc#realenergyintotheload#kwh,BUNDOORA,5.03125,8.553647,4.5127535,4.3790517,92.0
2025-04-27 15:00:00,solar.bun_hsc#realenergyintotheload#kwh,BUNDOORA,5.125,11.842821,5.3084517,5.1511755,105.0
2025-04-27 16:00:00,solar.bun_hsc#realenergyintotheload#kwh,BUNDOORA,2.75,8.735163,5.2171326,5.062562,107.0
2025-04-27 17:00:00,solar.bun_hsc#realenergyintotheload#kwh,BUNDOORA,1.59375,5.7758718,1.9208447,1.8639349,43.0
2025-04-27 18:00:00,solar.bun_hsc#realenergyintotheload#kwh,BUNDOORA,0.15625,2.1298807,-0.000109657965,0.0,0.0
2025-04-27 19:00:00,solar.bun_hsc#realenergyintotheload#kwh,BUNDOORA,0.0,0.27084285,0.00089916354,0.0008725236,0.0
2025-04-27 20:00:00,solar.bun_hsc#realenergyintotheload#kwh,BUNDOORA,0.0,0.062903896,-0.00080085266,0.0,0.0
2025-04-27 21:00:00,solar.bun_hsc#realenergyintotheload#kwh,BUNDOORA,0.0,0.003050281,0.0027946234,0.0027118258,0.0
2025-04-27 22:00:00,solar.bun_hsc#realenergyintotheload#kwh,BUNDOORA,0.0,0.0075583775,0.001134825,0.001101203,0.0
2025-04-27 23:00:00,solar.bun_hsc#realenergyintotheload#kwh,BUNDOORA,0.0,0.0052092415,0.0016844037,0.001634499,0.0
2025-04-28 00:00:00,solar.bun_hsc#realenergyintotheload#kwh,BUNDOORA,0.0,0.0019632985,0.0016844037,0.001634499,0.0
2025-04-28 01:00:00,solar.bun_hsc#realenergyintotheload#kwh,BUNDOORA,0.0,0.0019632985,0.0016844037,0.001634499,0.0
2025-04-28 02:00:00,solar.bun_hsc#realenergyintotheload#kwh,BUNDOORA,0.0,0.0019632985,0.0016844037,0.001634499,0.0
2025-04-28 03:00:00,solar.bun_hsc#realenergyintotheload#kwh,BUNDOORA,0.0,0.0014577017,0.002275221,0.002207812,0.0
2025-04-28 04:00:00,solar.bun_hsc#realenergyintotheload#kwh,BUNDOORA,0.0,0.0019632985,0.0016844037,0.001634499,0.0
2025-04-28 05:00:00,solar.bun_hsc#realenergyintotheload#kwh,BUNDOORA,0.0,0.021907672,0.002275221,0.002207812,0.0
2025-04-28 06:00:00,solar.bun_hsc#realenergyintotheload#kwh,BUNDOORA,0.0,0.031554934,0.002275221,0.002207812,0.0
2025-04-28 07:00:00,solar.bun_hsc#realenergyintotheload#kwh,BUNDOORA,0.0,0.7600565,0.0016844037,0.001634499,0.0
2025-04-28 08:00:00,solar.bun_hsc#realenergyintotheload#kwh,BUNDOORA,1.625,0.7121337,2.4296432,2.3576589,62.0
2025-04-28 09:00:00,solar.bun_hsc#realenergyintotheload#kwh,BUNDOORA,6.71875,3.030693,6.956129,6.7500362,189.0
2025-04-28 10:00:00,solar.bun_hsc#realenergyintotheload#kwh,BUNDOORA,13.71875,12.712341,19.56603,18.986338,384.0
2025-04-28 11:00:00,solar.bun_hsc#realenergyintotheload#kwh,BUNDOORA,12.84375,19.371338,21.3957,20.761799,388.0
2025-04-28 12:00:00,solar.bun_hsc#realenergyintotheload#kwh,BUNDOORA,25.15625,26.596523,32.463688,31.50187,603.0
2025-04-28 13:00:00,solar.bun_hsc#realenergyintotheload#kwh,BUNDOORA,21.59375,17.207516,17.58492,17.063923,315.0
2025-04-28 14:00:00,solar.bun_hsc#realenergyintotheload#kwh,BUNDOORA,11.15625,14.407305,12.087876,11.729743,229.0
2025-04-28 15:00:00,solar.bun_hsc#realenergyintotheload#kwh,BUNDOORA,7.5,11.307836,12.742349,12.364824,234.0
2025-04-28 16:00:00,solar.bun_hsc#realenergyintotheload#kwh,BUNDOORA,5.4375,12.596211,6.546945,6.3529754,136.0
2025-04-28 17:00:00,solar.bun_hsc#realenergyintotheload#kwh,BUNDOORA,2.5625,1.9223808,0.89215374,0.86572146,23.0
2025-04-28 18:00:00,solar.bun_hsc#realenergyintotheload#kwh,BUNDOORA,0.34375,0.941937,-8.554e-05,0.0,0.0
2025-04-28 19:00:00,solar.bun_hsc#realenergyintotheload#kwh,BUNDOORA,0.0,0.028135527,-0.0019221888,0.0,0.0
2025-04-28 20:00:00,solar.bun_hsc#realenergyintotheload#kwh,BUNDOORA,0.0,0.010302477,-0.0017453387,0.0,0.0
2025-04-28 21:00:00,solar.bun_hsc#realenergyintotheload#kwh,BUNDOORA,0.0,0.014279252,-0.0019221888,0.0,0.0
2025-04-28 22:00:00,solar.bun_hsc#realenergyintotheload#kwh,BUNDOORA,0.0,0.014279252,-0.0019094776,0.0,0.0
2025-04-28 23:00:00,solar.bun_hsc#realenergyintotheload#kwh,BUNDOORA,0.0,0.028729796,-0.00020270108,0.0,0.0
2025-04-29 00:00:00,solar.bun_hsc#realenergyintotheload#kwh,BUNDOORA,0.0,0.010497988,-0.0014966783,0.0,0.0
2025-04-29 01:00:00,solar.bun_hsc#realenergyintotheload#kwh,BUNDOORA,0.0,0.016973963,-0.0025410363,0.0,0.0
2025-04-29 02:00:00,solar.bun_hsc#realenergyintotheload#kwh,BUNDOORA,0.0,0.027032629,0.0023707217,0.0023004832,0.0
2025-04-29 03:00:00,solar.bun_hsc#realenergyintotheload#kwh,BUNDOORA,0.0,0.0043431264,0.0010767453,0.001044844,0.0
2025-04-29 04:00:00,solar.bun_hsc#realenergyintotheload#kwh,BUNDOORA,0.0,0.024335802,0.0017799047,0.0017271705,0.0
2025-04-29 05:00:00,solar.bun_hsc#realenergyintotheload#kwh,BUNDOORA,0.0,0.009758504,7.312797e-05,7.0961374e-05,0.0
2025-04-29 06:00:00,solar.bun_hsc#realenergyintotheload#kwh,BUNDOORA,0.0,0.019026905,0.000663945,0.00064427394,0.0
2025-04-29 07:00:00,solar.bun_hsc#realenergyintotheload#kwh,BUNDOORA,0.0,0.4518943,0.0017083032,0.0016576905,0.0
2025-04-29 08:00:00,solar.bun_hsc#realenergyintotheload#kwh,BUNDOORA,0.53125,1.2178248,3.5264547,3.4219747,88.0
2025-04-29 09:00:00,solar.bun_hsc#realenergyintotheload#kwh,BUNDOORA,3.78125,2.838275,7.3050447,7.0886145,213.0
2025-04-29 10:00:00,solar.bun_hsc#realenergyintotheload#kwh,BUNDOORA,9.03125,11.231573,10.744078,10.425757,212.0
2025-04-29 11:00:00,solar.bun_hsc#realenergyintotheload#kwh,BUNDOORA,10.96875,14.409898,12.93278,12.549614,244.0
2025-04-29 12:00:00,solar.bun_hsc#realenergyintotheload#kwh,BUNDOORA,14.625,16.168215,12.1023,11.743739,230.0
2025-04-29 13:00:00,solar.bun_hsc#realenergyintotheload#kwh,BUNDOORA,10.0,12.542498,9.264508,8.990024,185.0
2025-04-29 14:00:00,solar.bun_hsc#realenergyintotheload#kwh,BUNDOORA,3.8125,2.3887246,3.0782514,2.9870505,61.0
2025-04-29 15:00:00,solar.bun_hsc#realenergyintotheload#kwh,BUNDOORA,2.5625,1.7241327,3.0952122,3.0035088,62.0
2025-04-29 16:00:00,solar.bun_hsc#realenergyintotheload#kwh,BUNDOORA,2.1875,1.1810049,3.8544288,3.7402318,80.0
2025-04-29 17:00:00,solar.bun_hsc#realenergyintotheload#kwh,BUNDOORA,1.03125,4.7914233,0.5775959,0.56048316,17.0
2025-04-29 18:00:00,solar.bun_hsc#realenergyintotheload#kwh,BUNDOORA,0.0,2.0287752,0.0008471465,0.00082204764,0.0
2025-04-29 19:00:00,solar.bun_hsc#realenergyintotheload#kwh,BUNDOORA,0.0,0.13062593,0.0010386256,0.0010078538,0.0
2025-04-29 20:00:00,solar.bun_hsc#realenergyintotheload#kwh,BUNDOORA,0.0,0.0021247994,-0.0003212894,0.0,0.0
2025-04-29 21:00:00,solar.bun_hsc#realenergyintotheload#kwh,BUNDOORA,0.0,0.0033800676,-0.0003212894,0.0,0.0
2025-04-29 22:00:00,solar.bun_hsc#realenergyintotheload#kwh,BUNDOORA,0.0,0.00245725,0.0032181293,0.0031227842,0.0
2025-04-29 23:00:00,solar.bun_hsc#realenergyintotheload#kwh,BUNDOORA,0.0,0.025748855,0.0024057908,0.0023345132,0.0
2025-04-30 00:00:00,solar.bun_hsc#realenergyintotheload#kwh,BUNDOORA,0.0,0.01752297,0.0023842806,0.0023136402,0.0
2025-04-30 01:00:00,solar.bun_hsc#realenergyintotheload#kwh,BUNDOORA,0.0,0.022062315,0.0026149559,0.0025374813,0.0
2025-04-30 02:00:00,solar.bun_hsc#realenergyintotheload#kwh,BUNDOORA,0.0,0.04824987,0.003908932,0.0037931204,0.0
2025-04-30 03:00:00,solar.bun_hsc#realenergyintotheload#kwh,BUNDOORA,0.0,-0.00030057225,0.002768536,0.0026865113,0.0
2025-04-30 04:00:00,solar.bun_hsc#realenergyintotheload#kwh,BUNDOORA,0.0,-0.023237726,0.0040293075,0.003909929,0.0
2025-04-30 05:00:00,solar.bun_hsc#realenergyintotheload#kwh,BUNDOORA,0.0,0.0034115366,0.0042373766,0.004111834,0.0
2025-04-30 06:00:00,solar.bun_hsc#realenergyintotheload#kwh,BUNDOORA,0.0,0.01305878,0.004940536,0.00479416,0.0
2025-04-30 07:00:00,solar.bun_hsc#realenergyintotheload#kwh,BUNDOORA,0.0,0.22123611,0.004390957,0.0042608636,0.0
2025-04-30 08:00:00,solar.bun_hsc#realenergyintotheload#kwh,BUNDOORA,0.5625,0.7115533,3.985197,3.8671257,99.0
2025-04-30 09:00:00,solar.bun_hsc#realenergyintotheload#kwh,BUNDOORA,2.8125,3.6627843,13.262988,12.870039,277.0
2025-04-30 10:00:00,solar.bun_hsc#realenergyintotheload#kwh,BUNDOORA,13.0,17.576233,24.823349,24.087894,436.0
2025-04-30 11:00:00,solar.bun_hsc#realenergyintotheload#kwh,BUNDOORA,25.25,27.008549,31.134752,30.212307,552.0
2025-04-30 12:00:00,solar.bun_hsc#realenergyintotheload#kwh,BUNDOORA,26.125,34.24912,34.70169,33.673565,612.0
2025-04-30 13:00:00,solar.bun_hsc#realenergyintotheload#kwh,BUNDOORA,37.09375,22.49097,29.171602,28.30732,545.0
2025-04-30 14:00:00,solar.bun_hsc#realenergyintotheload#kwh,BUNDOORA,23.0625,23.195068,26.0408,25.269276,486.0
2025-04-30 15:00:00,solar.bun_hsc#realenergyintotheload#kwh,BUNDOORA,24.59375,14.466288,23.611067,22.91153,407.0
2025-04-30 16:00:00,solar.bun_hsc#realenergyintotheload#kwh,BUNDOORA,10.96875,8.403271,15.210156,14.759518,285.0
2025-04-30 17:00:00,solar.bun_hsc#realenergyintotheload#kwh,BUNDOORA,3.9375,7.0876527,5.091324,4.9404807,110.0
2025-04-30 18:00:00,solar.bun_hsc#realenergyintotheload#kwh,BUNDOORA,0.1875,1.3453795,0.0020777811,0.0020162216,0.0
2025-04-30 19:00:00,solar.bun_hsc#realenergyintotheload#kwh,BUNDOORA,0.0,0.08249381,0.0038416353,0.0037278172,0.0
2025-04-30 20:00:00,solar.bun_hsc#realenergyintotheload#kwh,BUNDOORA,0.0,0.042680934,0.0038416353,0.0037278172,0.0
2025-04-30 21:00:00,solar.bun_hsc#realenergyintotheload#kwh,BUNDOORA,0.0,0.07908508,0.0038416353,0.0037278172,0.0
2025-04-30 22:00:00,solar.bun_hsc#realenergyintotheload#kwh,BUNDOORA,0.0,0.017914236,0.0032004581,0.0031056365,0.0
2025-04-30 23:00:00,solar.bun_hsc#realenergyintotheload#kwh,BUNDOORA,0.0,0.015349818,0.0013856001,0.0013445482,0.0
2025-05-01 00:00:00,solar.bun_hsc#realenergyintotheload#kwh,BUNDOORA,0.0,0.012753168,0.0014713767,0.0014277835,0.0
2025-05-01 01:00:00,solar.bun_hsc#realenergyintotheload#kwh,BUNDOORA,0.0,0.0020246708,0.0014713767,0.0014277835,0.0
2025-05-01 02:00:00,solar.bun_hsc#realenergyintotheload#kwh,BUNDOORA,0.0,0.002633589,0.0014713767,0.0014277835,0.0
2025-05-01 03:00:00,solar.bun_hsc#realenergyintotheload#kwh,BUNDOORA,0.0,0.0012667885,0.0013735208,0.0013328268,0.0
2025-05-01 04:00:00,solar.bun_hsc#realenergyintotheload#kwh,BUNDOORA,0.0,0.005124209,0.0013735208,0.0013328268,0.0
2025-05-01 05:00:00,solar.bun_hsc#realenergyintotheload#kwh,BUNDOORA,0.0,0.0054655205,0.0013735208,0.0013328268,0.0
2025-05-01 06:00:00,solar.bun_hsc#realenergyintotheload#kwh,BUNDOORA,0.0,0.015112761,0.0013735208,0.0013328268,0.0
2025-05-01 07:00:00,solar.bun_hsc#realenergyintotheload#kwh,BUNDOORA,0.0,0.12837431,0.0013735208,0.0013328268,0.0
2025-05-01 08:00:00,solar.bun_hsc#realenergyintotheload#kwh,BUNDOORA,0.5,0.085465446,3.888234,3.7730353,97.0
2025-05-01 09:00:00,solar.bun_hsc#realenergyintotheload#kwh,BUNDOORA,2.65625,1.063559,14.042118,13.626085,272.0
2025-05-01 10:00:00,solar.bun_hsc#realenergyintotheload#kwh,BUNDOORA,12.5,21.105524,25.806608,25.042023,432.0
2025-05-01 11:00:00,solar.bun_hsc#realenergyintotheload#kwh,BUNDOORA,24.46875,21.112257,30.956192,30.039038,549.0
2025-05-01 12:00:00,solar.bun_hsc#realenergyintotheload#kwh,BUNDOORA,28.40625,27.503374,34.547558,33.524,610.0
2025-05-01 13:00:00,solar.bun_hsc#realenergyintotheload#kwh,BUNDOORA,27.78125,29.07328,34.338554,33.32119,610.0
2025-05-01 14:00:00,solar.bun_hsc#realenergyintotheload#kwh,BUNDOORA,29.53125,26.632437,29.36743,28.497347,532.0
2025-05-01 15:00:00,solar.bun_hsc#realenergyintotheload#kwh,BUNDOORA,24.25,18.70841,25.381613,24.62962,438.0
2025-05-01 16:00:00,solar.bun_hsc#realenergyintotheload#kwh,BUNDOORA,8.9375,8.343925,15.487017,15.028175,283.0
2025-05-01 17:00:00,solar.bun_hsc#realenergyintotheload#kwh,BUNDOORA,1.9375,3.0343647,5.1606836,5.0077853,107.0
2025-05-01 18:00:00,solar.bun_hsc#realenergyintotheload#kwh,BUNDOORA,0.15625,0.80939096,0.0062049665,0.006021129,0.0
2025-05-01 19:00:00,solar.bun_hsc#realenergyintotheload#kwh,BUNDOORA,0.0,0.098563366,0.0037771114,0.003665205,0.0
2025-05-01 20:00:00,solar.bun_hsc#realenergyintotheload#kwh,BUNDOORA,0.0,0.017927548,0.0044170446,0.0042861784,0.0
2025-05-01 21:00:00,solar.bun_hsc#realenergyintotheload#kwh,BUNDOORA,0.0,0.022637164,0.0027572457,0.0026755554,0.0
2025-05-01 22:00:00,solar.bun_hsc#realenergyintotheload#kwh,BUNDOORA,0.0,0.023596993,0.0017576661,0.0017055909,0.0
2025-05-01 23:00:00,solar.bun_hsc#realenergyintotheload#kwh,BUNDOORA,0.0,0.003083738,0.0017576661,0.0017055909,0.0
2025-05-02 00:00:00,solar.bun_hsc#realenergyintotheload#kwh,BUNDOORA,0.0,0.002675014,0.0017576661,0.0017055909,0.0
2025-05-02 01:00:00,solar.bun_hsc#realenergyintotheload#kwh,BUNDOORA,0.0,-0.00057092606,0.0017512153,0.0016993312,0.0
2025-05-02 02:00:00,solar.bun_hsc#realenergyintotheload#kwh,BUNDOORA,0.0,0.0018108559,0.0016533594,0.0016043745,0.0
2025-05-02 03:00:00,solar.bun_hsc#realenergyintotheload#kwh,BUNDOORA,0.0,0.0005391951,0.0013735208,0.0013328268,0.0
2025-05-02 04:00:00,solar.bun_hsc#realenergyintotheload#kwh,BUNDOORA,0.0,0.004193859,0.0013735208,0.0013328268,0.0
2025-05-02 05:00:00,solar.bun_hsc#realenergyintotheload#kwh,BUNDOORA,0.0,0.004193859,0.0013735208,0.0013328268,0.0
2025-05-02 06:00:00,solar.bun_hsc#realenergyintotheload#kwh,BUNDOORA,0.0,0.013841104,0.0013735208,0.0013328268,0.0
2025-05-02 07:00:00,solar.bun_hsc#realenergyintotheload#kwh,BUNDOORA,0.0,0.0771606,0.00173517,0.0016837612,0.0
2025-05-02 08:00:00,solar.bun_hsc#realenergyintotheload#kwh,BUNDOORA,0.5,0.19026522,4.48136,4.3485885,95.0
2025-05-02 09:00:00,solar.bun_hsc#realenergyintotheload#kwh,BUNDOORA,2.5625,1.32031,13.058867,12.671966,271.0
2025-05-02 10:00:00,solar.bun_hsc#realenergyintotheload#kwh,BUNDOORA,12.28125,23.97693,25.728918,24.966635,433.0
2025-05-02 11:00:00,solar.bun_hsc#realenergyintotheload#kwh,BUNDOORA,24.09375,25.51115,31.076708,30.155983,551.0
2025-05-02 12:00:00,solar.bun_hsc#realenergyintotheload#kwh,BUNDOORA,31.375,29.608776,33.834797,32.832355,612.0
2025-05-02 13:00:00,solar.bun_hsc#realenergyintotheload#kwh,BUNDOORA,34.0,30.869019,33.961887,32.95568,613.0
2025-05-02 14:00:00,solar.bun_hsc#realenergyintotheload#kwh,BUNDOORA,32.34375,30.61427,29.261063,28.39413,554.0
2025-05-02 15:00:00,solar.bun_hsc#realenergyintotheload#kwh,BUNDOORA,23.875,17.869377,25.187183,24.44095,439.0
2025-05-02 16:00:00,solar.bun_hsc#realenergyintotheload#kwh,BUNDOORA,7.8125,10.429518,16.064407,15.588459,282.0
2025-05-02 17:00:00,solar.bun_hsc#realenergyintotheload#kwh,BUNDOORA,1.96875,2.4575248,5.4329205,5.2719564,106.0
2025-05-02 18:00:00,solar.bun_hsc#realenergyintotheload#kwh,BUNDOORA,0.15625,0.60355014,0.005406528,0.005246346,0.0
2025-05-02 19:00:00,solar.bun_hsc#realenergyintotheload#kwh,BUNDOORA,0.0,0.044348594,0.0025509507,0.0024753725,0.0
2025-05-02 20:00:00,solar.bun_hsc#realenergyintotheload#kwh,BUNDOORA,0.0,0.01079364,0.001771967,0.001719468,0.0
2025-05-02 21:00:00,solar.bun_hsc#realenergyintotheload#kwh,BUNDOORA,0.0,0.0039784815,0.0018432514,0.0017886405,0.0
2025-05-02 22:00:00,solar.bun_hsc#realenergyintotheload#kwh,BUNDOORA,0.0,0.003478488,0.00173517,0.0016837612,0.0
2025-05-02 23:00:00,solar.bun_hsc#realenergyintotheload#kwh,BUNDOORA,0.0,-0.0007186882,0.00173517,0.0016837612,0.0
2025-05-03 00:00:00,solar.bun_hsc#realenergyintotheload#kwh,BUNDOORA,0.0,-0.00962593,0.0017574747,0.0017054052,0.0
2025-05-03 01:00:00,solar.bun_hsc#realenergyintotheload#kwh,BUNDOORA,0.0,-0.009908125,0.0034642518,0.0033616147,0.0
2025-05-03 02:00:00,solar.bun_hsc#realenergyintotheload#kwh,BUNDOORA,0.0,-0.009908125,0.0034642518,0.0033616147,0.0
2025-05-03 03:00:00,solar.bun_hsc#realenergyintotheload#kwh,BUNDOORA,0.0,-0.0142589435,0.0034642518,0.0033616147,0.0
2025-05-03 04:00:00,solar.bun_hsc#realenergyintotheload#kwh,BUNDOORA,0.0,-0.016262311,0.003102602,0.0030106797,0.0
2025-05-03 05:00:00,solar.bun_hsc#realenergyintotheload#kwh,BUNDOORA,0.0,-0.016262311,0.003102602,0.0030106797,0.0
2025-05-03 06:00:00,solar.bun_hsc#realenergyintotheload#kwh,BUNDOORA,0.0,-0.013581336,0.0034642518,0.0033616147,0.0
2025-05-03 07:00:00,solar.bun_hsc#realenergyintotheload#kwh,BUNDOORA,0.0,0.22723135,0.0034642518,0.0033616147,0.0
2025-05-03 08:00:00,solar.bun_hsc#realenergyintotheload#kwh,BUNDOORA,0.5625,1.3388541,4.58831,4.4523697,96.0
2025-05-03 09:00:00,solar.bun_hsc#realenergyintotheload#kwh,BUNDOORA,2.59375,5.304831,14.484934,14.055781,277.0
2025-05-03 10:00:00,solar.bun_hsc#realenergyintotheload#kwh,BUNDOORA,12.0,16.84571,25.572031,24.814396,434.0
2025-05-03 11:00:00,solar.bun_hsc#realenergyintotheload#kwh,BUNDOORA,24.03125,25.324652,29.445772,28.573368,551.0
2025-05-03 12:00:00,solar.bun_hsc#realenergyintotheload#kwh,BUNDOORA,31.65625,33.190533,31.23275,30.307402,613.0
2025-05-03 13:00:00,solar.bun_hsc#realenergyintotheload#kwh,BUNDOORA,33.78125,32.75692,30.973324,30.055662,615.0
2025-05-03 14:00:00,solar.bun_hsc#realenergyintotheload#kwh,BUNDOORA,31.40625,29.612246,29.186766,28.322035,556.0
2025-05-03 15:00:00,solar.bun_hsc#realenergyintotheload#kwh,BUNDOORA,22.28125,14.784293,24.318983,23.598473,437.0
2025-05-03 16:00:00,solar.bun_hsc#realenergyintotheload#kwh,BUNDOORA,10.03125,5.051451,10.933491,10.609559,221.0
2025-05-03 17:00:00,solar.bun_hsc#realenergyintotheload#kwh,BUNDOORA,3.53125,2.966249,3.3489516,3.2497306,74.0
2025-05-03 18:00:00,solar.bun_hsc#realenergyintotheload#kwh,BUNDOORA,0.25,0.39045453,0.023445746,0.022751108,0.0
2025-05-03 19:00:00,solar.bun_hsc#realenergyintotheload#kwh,BUNDOORA,0.0,0.022711046,0.023144484,0.022458771,0.0
2025-05-03 20:00:00,solar.bun_hsc#realenergyintotheload#kwh,BUNDOORA,0.0,0.11003556,0.024586787,0.023858342,0.0
2025-05-03 21:00:00,solar.bun_hsc#realenergyintotheload#kwh,BUNDOORA,0.0,0.132257,0.025418952,0.024665851,0.0
2025-05-03 22:00:00,solar.bun_hsc#realenergyintotheload#kwh,BUNDOORA,0.0,0.021514596,0.024828132,0.024092536,0.0
2025-05-03 23:00:00,solar.bun_hsc#realenergyintotheload#kwh,BUNDOORA,0.0,-0.02215286,0.02497842,0.024238372,0.0
2025-05-04 00:00:00,solar.bun_hsc#realenergyintotheload#kwh,BUNDOORA,0.0,-9.190058e-05,0.009367468,0.009089933,0.0
2025-05-04 01:00:00,solar.bun_hsc#realenergyintotheload#kwh,BUNDOORA,0.0,0.04996624,0.01873413,0.018179083,0.0
2025-05-04 02:00:00,solar.bun_hsc#realenergyintotheload#kwh,BUNDOORA,0.0,0.035021544,0.019539403,0.018960498,0.0
2025-05-04 03:00:00,solar.bun_hsc#realenergyintotheload#kwh,BUNDOORA,0.0,0.12267878,0.018007444,0.017473929,0.0
2025-05-04 04:00:00,solar.bun_hsc#realenergyintotheload#kwh,BUNDOORA,0.0,0.17133594,0.03233657,0.03137852,0.0
2025-05-04 05:00:00,solar.bun_hsc#realenergyintotheload#kwh,BUNDOORA,0.0,0.2762105,0.03271413,0.03174489,0.0
2025-05-04 06:00:00,solar.bun_hsc#realenergyintotheload#kwh,BUNDOORA,0.0,0.0011124369,0.016504332,0.01601535,0.0
2025-05-04 07:00:00,solar.bun_hsc#realenergyintotheload#kwh,BUNDOORA,0.0,0.27938482,0.006410993,0.0062210513,0.0
2025-05-04 08:00:00,solar.bun_hsc#realenergyintotheload#kwh,BUNDOORA,0.59375,2.035628,4.34424,4.2155313,87.0
2025-05-04 09:00:00,solar.bun_hsc#realenergyintotheload#kwh,BUNDOORA,3.875,11.81653,13.751641,13.344214,253.0
2025-05-04 10:00:00,solar.bun_hsc#realenergyintotheload#kwh,BUNDOORA,13.15625,18.05236,20.472511,19.865961,354.0
2025-05-04 11:00:00,solar.bun_hsc#realenergyintotheload#kwh,BUNDOORA,15.78125,24.903728,28.994062,28.13504,528.0
2025-05-04 12:00:00,solar.bun_hsc#realenergyintotheload#kwh,BUNDOORA,21.15625,20.006817,27.733942,26.912254,500.0
2025-05-04 13:00:00,solar.bun_hsc#realenergyintotheload#kwh,BUNDOORA,31.65625,33.620308,33.96157,32.955376,598.0
2025-05-04 14:00:00,solar.bun_hsc#realenergyintotheload#kwh,BUNDOORA,30.9375,28.990551,29.573881,28.697681,540.0
2025-05-04 15:00:00,solar.bun_hsc#realenergyintotheload#kwh,BUNDOORA,20.78125,21.634422,23.72146,23.018652,423.0
2025-05-04 16:00:00,solar.bun_hsc#realenergyintotheload#kwh,BUNDOORA,8.96875,9.994352,13.667718,13.262777,261.0
2025-05-04 17:00:00,solar.bun_hsc#realenergyintotheload#kwh,BUNDOORA,2.71875,6.81177,4.4715047,4.339025,98.0
2025-05-04 18:00:00,solar.bun_hsc#realenergyintotheload#kwh,BUNDOORA,0.21875,0.4421272,0.010347887,0.010041305,0.0
2025-05-04 19:00:00,solar.bun_hsc#realenergyintotheload#kwh,BUNDOORA,0.0,0.090259925,0.023420136,0.022726256,0.0
2025-05-04 20:00:00,solar.bun_hsc#realenergyintotheload#kwh,BUNDOORA,0.0,-0.080841646,0.027216759,0.026410393,0.0
2025-05-04 21:00:00,solar.bun_hsc#realenergyintotheload#kwh,BUNDOORA,0.0,-0.081488304,0.00830159,0.008055634,0.0
2025-05-04 22:00:00,solar.bun_hsc#realenergyintotheload#kwh,BUNDOORA,0.0,0.061132677,0.00830159,0.008055634,0.0
2025-05-04 23:00:00,solar.bun_hsc#realenergyintotheload#kwh,BUNDOORA,0.0,0.15753742,-0.024901818,0.0,0.0
2025-05-05 00:00:00,solar.bun_hsc#realenergyintotheload#kwh,BUNDOORA,0.0,0.17915106,0.0082582375,0.008013567,0.0
2025-05-05 01:00:00,solar.bun_hsc#realenergyintotheload#kwh,BUNDOORA,0.0,0.13693704,0.008023052,0.0077853487,0.0
2025-05-05 02:00:00,solar.bun_hsc#realenergyintotheload#kwh,BUNDOORA,0.0,0.045422215,0.047796406,0.04638032,0.0
2025-05-05 03:00:00,solar.bun_hsc#realenergyintotheload#kwh,BUNDOORA,0.0,-0.0062258393,0.041138884,0.03992004,0.0
2025-05-05 04:00:00,solar.bun_hsc#realenergyintotheload#kwh,BUNDOORA,0.0,0.010862596,0.040843446,0.039633356,0.0
2025-05-05 05:00:00,solar.bun_hsc#realenergyintotheload#kwh,BUNDOORA,0.0,-0.011355117,0.049834847,0.048358366,0.0
2025-05-05 06:00:00,solar.bun_hsc#realenergyintotheload#kwh,BUNDOORA,0.0,0.010862596,0.028126132,0.027292825,0.0
2025-05-05 07:00:00,solar.bun_hsc#realenergyintotheload#kwh,BUNDOORA,0.0,-0.11065385,0.013280572,0.012887103,0.0
2025-05-05 08:00:00,solar.bun_hsc#realenergyintotheload#kwh,BUNDOORA,0.53125,1.099191,3.179487,3.0852866,63.0
2025-05-05 09:00:00,solar.bun_hsc#realenergyintotheload#kwh,BUNDOORA,3.65625,6.820356,9.078776,8.809794,186.0
2025-05-05 10:00:00,solar.bun_hsc#realenergyintotheload#kwh,BUNDOORA,11.75,21.46803,16.984352,16.481148,321.0
2025-05-05 11:00:00,solar.bun_hsc#realenergyintotheload#kwh,BUNDOORA,20.09375,20.796432,28.936401,28.079088,521.0
2025-05-05 12:00:00,solar.bun_hsc#realenergyintotheload#kwh,BUNDOORA,30.03125,27.98038,33.105545,32.12471,579.0
2025-05-05 13:00:00,solar.bun_hsc#realenergyintotheload#kwh,BUNDOORA,25.6875,22.988398,26.763811,25.970867,482.0
2025-05-05 14:00:00,solar.bun_hsc#realenergyintotheload#kwh,BUNDOORA,31.03125,23.634357,28.573305,27.72675,523.0
2025-05-05 15:00:00,solar.bun_hsc#realenergyintotheload#kwh,BUNDOORA,21.625,23.729296,21.863747,21.215979,414.0
2025-05-05 16:00:00,solar.bun_hsc#realenergyintotheload#kwh,BUNDOORA,8.15625,9.290306,12.478833,12.109117,245.0
2025-05-05 17:00:00,solar.bun_hsc#realenergyintotheload#kwh,BUNDOORA,2.0625,2.9617817,2.317225,2.2485714,51.0
2025-05-05 18:00:00,solar.bun_hsc#realenergyintotheload#kwh,BUNDOORA,0.28125,0.9312517,-0.024867129,0.0,0.0
2025-05-05 19:00:00,solar.bun_hsc#realenergyintotheload#kwh,BUNDOORA,0.0,0.9624077,-0.0050414414,0.0,0.0
2025-05-05 20:00:00,solar.bun_hsc#realenergyintotheload#kwh,BUNDOORA,0.0,0.05624529,0.027305316,0.026496328,0.0
2025-05-05 21:00:00,solar.bun_hsc#realenergyintotheload#kwh,BUNDOORA,0.0,0.10833454,0.012930284,0.012547192,0.0
2025-05-05 22:00:00,solar.bun_hsc#realenergyintotheload#kwh,BUNDOORA,0.0,0.20450902,0.01255481,0.012182843,0.0
2025-05-05 23:00:00,solar.bun_hsc#realenergyintotheload#kwh,BUNDOORA,0.0,0.08474884,0.009329628,0.009053214,0.0
2025-05-06 00:00:00,solar.bun_hsc#realenergyintotheload#kwh,BUNDOORA,0.0,-0.11268576,0.009143058,0.008872172,0.0
2025-05-06 01:00:00,solar.bun_hsc#realenergyintotheload#kwh,BUNDOORA,0.0,-0.2721879,0.008695501,0.008437875,0.0
2025-05-06 02:00:00,solar.bun_hsc#realenergyintotheload#kwh,BUNDOORA,0.0,-0.26353577,0.029553086,0.0286775,0.0
2025-05-06 03:00:00,solar.bun_hsc#realenergyintotheload#kwh,BUNDOORA,0.0,-0.2899501,0.027463878,0.026650192,0.0
2025-05-06 04:00:00,solar.bun_hsc#realenergyintotheload#kwh,BUNDOORA,0.0,-0.2464031,0.027433189,0.026620412,0.0
2025-05-06 05:00:00,solar.bun_hsc#realenergyintotheload#kwh,BUNDOORA,0.0,-0.10692711,0.040242203,0.039049927,0.0
2025-05-06 06:00:00,solar.bun_hsc#realenergyintotheload#kwh,BUNDOORA,0.0,-0.19616257,0.026989834,0.026190193,0.0
2025-05-06 07:00:00,solar.bun_hsc#realenergyintotheload#kwh,BUNDOORA,0.0,0.06854972,0.027795108,0.026971608,0.0
2025-05-06 08:00:00,solar.bun_hsc#realenergyintotheload#kwh,BUNDOORA,0.34375,2.689874,3.7198644,3.6096542,82.0
2025-05-06 09:00:00,solar.bun_hsc#realenergyintotheload#kwh,BUNDOORA,2.09375,14.931145,12.679028,12.30338,249.0
2025-05-06 10:00:00,solar.bun_hsc#realenergyintotheload#kwh,BUNDOORA,10.0625,16.654324,23.36759,22.675266,402.0
2025-05-06 11:00:00,solar.bun_hsc#realenergyintotheload#kwh,BUNDOORA,21.375,24.48687,29.103155,28.240902,514.0
2025-05-06 12:00:00,solar.bun_hsc#realenergyintotheload#kwh,BUNDOORA,29.0,26.434954,32.053665,31.103994,573.0
2025-05-06 13:00:00,solar.bun_hsc#realenergyintotheload#kwh,BUNDOORA,31.46875,30.514269,31.593098,30.657074,574.0
2025-05-06 14:00:00,solar.bun_hsc#realenergyintotheload#kwh,BUNDOORA,30.09375,23.378513,28.200842,27.365322,517.0
2025-05-06 15:00:00,solar.bun_hsc#realenergyintotheload#kwh,BUNDOORA,20.90625,20.415743,22.060688,21.407085,408.0
2025-05-06 16:00:00,solar.bun_hsc#realenergyintotheload#kwh,BUNDOORA,6.34375,11.495603,12.720468,12.343592,257.0
2025-05-06 17:00:00,solar.bun_hsc#realenergyintotheload#kwh,BUNDOORA,1.6875,6.1481557,4.1581664,4.0349703,90.0
2025-05-06 18:00:00,solar.bun_hsc#realenergyintotheload#kwh,BUNDOORA,0.09375,0.54343927,0.008800467,0.008539731,0.0
2025-05-06 19:00:00,solar.bun_hsc#realenergyintotheload#kwh,BUNDOORA,0.0,0.49027723,0.011669041,0.011323316,0.0
2025-05-06 20:00:00,solar.bun_hsc#realenergyintotheload#kwh,BUNDOORA,0.0,-0.16724825,0.036547847,0.035465024,0.0
2025-05-06 21:00:00,solar.bun_hsc#realenergyintotheload#kwh,BUNDOORA,0.0,0.078947514,0.032647103,0.03167985,0.0
2025-05-06 22:00:00,solar.bun_hsc#realenergyintotheload#kwh,BUNDOORA,0.0,-0.034967188,0.024097448,0.023383502,0.0
2025-05-06 23:00:00,solar.bun_hsc#realenergyintotheload#kwh,BUNDOORA,0.0,-0.04521333,0.011169317,0.010838398,0.0
2025-05-07 00:00:00,solar.bun_hsc#realenergyintotheload#kwh,BUNDOORA,0.0,-0.27086258,0.025951022,0.025182158,0.0
2025-05-07 01:00:00,solar.bun_hsc#realenergyintotheload#kwh,BUNDOORA,0.0,-0.20183483,0.049630575,0.048160143,0.0
2025-05-07 02:00:00,solar.bun_hsc#realenergyintotheload#kwh,BUNDOORA,0.0,-0.4885467,0.006806358,0.0066047027,0.0
2025-05-07 03:00:00,solar.bun_hsc#realenergyintotheload#kwh,BUNDOORA,0.0,-0.38085726,0.0063700755,0.0061813463,0.0
2025-05-07 04:00:00,solar.bun_hsc#realenergyintotheload#kwh,BUNDOORA,0.0,0.3095672,0.00089916354,0.0008725236,0.0
2025-05-07 05:00:00,solar.bun_hsc#realenergyintotheload#kwh,BUNDOORA,0.0,0.17623253,0.0014555021,0.0014123792,0.0
2025-05-07 06:00:00,solar.bun_hsc#realenergyintotheload#kwh,BUNDOORA,0.0,0.16040902,0.0011339958,0.0011003984,0.0
2025-05-07 07:00:00,solar.bun_hsc#realenergyintotheload#kwh,BUNDOORA,0.0,1.0442445,0.00044780705,0.00043453963,0.0
2025-05-07 08:00:00,solar.bun_hsc#realenergyintotheload#kwh,BUNDOORA,0.75,2.4507406,3.1384983,3.0455124,66.0
2025-05-07 09:00:00,solar.bun_hsc#realenergyintotheload#kwh,BUNDOORA,4.0,6.954099,8.354384,8.106865,215.0
2025-05-07 10:00:00,solar.bun_hsc#realenergyintotheload#kwh,BUNDOORA,11.0,20.574179,16.662424,16.168758,333.0
2025-05-07 11:00:00,solar.bun_hsc#realenergyintotheload#kwh,BUNDOORA,13.1875,13.200607,13.450767,13.052254,251.0
2025-05-07 12:00:00,solar.bun_hsc#realenergyintotheload#kwh,BUNDOORA,9.1875,6.7567067,6.0474706,5.868299,117.0
2025-05-07 13:00:00,solar.bun_hsc#realenergyintotheload#kwh,BUNDOORA,6.4375,5.0140634,3.4735155,3.370604,74.0
2025-05-07 14:00:00,solar.bun_hsc#realenergyintotheload#kwh,BUNDOORA,10.09375,11.0980425,9.570968,9.287404,197.0
2025-05-07 15:00:00,solar.bun_hsc#realenergyintotheload#kwh,BUNDOORA,14.71875,16.75556,12.446206,12.077456,249.0
2025-05-07 16:00:00,solar.bun_hsc#realenergyintotheload#kwh,BUNDOORA,9.8125,8.454749,11.881049,11.529043,220.0
2025-05-07 17:00:00,solar.bun_hsc#realenergyintotheload#kwh,BUNDOORA,2.5625,2.0386343,2.1784637,2.1139212,48.0
2025-05-07 18:00:00,solar.bun_hsc#realenergyintotheload#kwh,BUNDOORA,0.125,0.6653718,-0.00659585,0.0,0.0
2025-05-07 19:00:00,solar.bun_hsc#realenergyintotheload#kwh,BUNDOORA,0.0,-0.29405054,0.009196634,0.008924161,0.0
2025-05-07 20:00:00,solar.bun_hsc#realenergyintotheload#kwh,BUNDOORA,0.0,-0.042016964,0.014565018,0.0141334925,0.0
2025-05-07 21:00:00,solar.bun_hsc#realenergyintotheload#kwh,BUNDOORA,0.0,0.23779576,0.0021819351,0.00211729,0.0
2025-05-07 22:00:00,solar.bun_hsc#realenergyintotheload#kwh,BUNDOORA,0.0,0.15856834,0.0020501912,0.0019894491,0.0
2025-05-07 23:00:00,solar.bun_hsc#realenergyintotheload#kwh,BUNDOORA,0.0,0.018479748,0.0053114183,0.005154054,0.0
2025-05-08 00:00:00,solar.bun_hsc#realenergyintotheload#kwh,BUNDOORA,0.0,-0.05506,0.009730856,0.009442555,0.0
2025-05-08 01:00:00,solar.bun_hsc#realenergyintotheload#kwh,BUNDOORA,0.0,-0.12307595,0.010658649,0.01034286,0.0
2025-05-08 02:00:00,solar.bun_hsc#realenergyintotheload#kwh,BUNDOORA,0.0,-0.091834694,0.010658649,0.01034286,0.0
2025-05-08 03:00:00,solar.bun_hsc#realenergyintotheload#kwh,BUNDOORA,0.0,-0.00095696,0.003102602,0.0030106797,0.0
2025-05-08 04:00:00,solar.bun_hsc#realenergyintotheload#kwh,BUNDOORA,0.0,-0.019015973,0.0034642518,0.0033616147,0.0
2025-05-08 05:00:00,solar.bun_hsc#realenergyintotheload#kwh,BUNDOORA,0.0,-0.005627212,0.0039184606,0.0038023663,0.0
2025-05-08 06:00:00,solar.bun_hsc#realenergyintotheload#kwh,BUNDOORA,0.0,-0.007754149,0.003215301,0.0031200398,0.0
2025-05-08 07:00:00,solar.bun_hsc#realenergyintotheload#kwh,BUNDOORA,0.0,0.054668475,0.0033688813,0.0032690698,0.0
2025-05-08 08:00:00,solar.bun_hsc#realenergyintotheload#kwh,BUNDOORA,0.78125,0.13682027,3.3128273,3.2146766,70.0
2025-05-08 09:00:00,solar.bun_hsc#realenergyintotheload#kwh,BUNDOORA,2.6875,2.0418122,12.002928,11.647311,240.0
2025-05-08 10:00:00,solar.bun_hsc#realenergyintotheload#kwh,BUNDOORA,10.4375,8.500521,23.15095,22.465044,392.0
2025-05-08 11:00:00,solar.bun_hsc#realenergyintotheload#kwh,BUNDOORA,21.5625,22.068583,28.864218,28.009043,503.0
2025-05-08 12:00:00,solar.bun_hsc#realenergyintotheload#kwh,BUNDOORA,26.03125,29.995249,32.688828,31.720339,561.0
2025-05-08 13:00:00,solar.bun_hsc#realenergyintotheload#kwh,BUNDOORA,30.0,21.34134,29.21441,28.348862,512.0
2025-05-08 14:00:00,solar.bun_hsc#realenergyintotheload#kwh,BUNDOORA,24.46875,21.47845,22.98769,22.306622,410.0
2025-05-08 15:00:00,solar.bun_hsc#realenergyintotheload#kwh,BUNDOORA,13.21875,11.835582,11.830076,11.479581,219.0
2025-05-08 16:00:00,solar.bun_hsc#realenergyintotheload#kwh,BUNDOORA,5.9375,7.5676827,7.6889515,7.461147,154.0
2025-05-08 17:00:00,solar.bun_hsc#realenergyintotheload#kwh,BUNDOORA,2.90625,1.1345793,0.52775544,0.51211935,14.0
2025-05-08 18:00:00,solar.bun_hsc#realenergyintotheload#kwh,BUNDOORA,0.21875,0.6128322,0.0066327876,0.006436275,0.0
2025-05-08 19:00:00,solar.bun_hsc#realenergyintotheload#kwh,BUNDOORA,0.0,-0.0066879303,0.0017162418,0.0016653938,0.0
2025-05-08 20:00:00,solar.bun_hsc#realenergyintotheload#kwh,BUNDOORA,0.0,0.038811963,0.0033959094,0.003295297,0.0
2025-05-08 21:00:00,solar.bun_hsc#realenergyintotheload#kwh,BUNDOORA,0.0,0.0052215075,0.003010219,0.0029210337,0.0
2025-05-08 22:00:00,solar.bun_hsc#realenergyintotheload#kwh,BUNDOORA,0.0,3.7330028e-05,0.0030815024,0.002990205,0.0
2025-05-08 23:00:00,solar.bun_hsc#realenergyintotheload#kwh,BUNDOORA,0.0,-0.0026426744,0.002973421,0.002885326,0.0
2025-05-09 00:00:00,solar.bun_hsc#realenergyintotheload#kwh,BUNDOORA,0.0,-0.003148271,0.002973421,0.002885326,0.0
2025-05-09 01:00:00,solar.bun_hsc#realenergyintotheload#kwh,BUNDOORA,0.0,0.0015215573,0.002284749,0.0022170576,0.0
2025-05-09 02:00:00,solar.bun_hsc#realenergyintotheload#kwh,BUNDOORA,0.0,0.0015215573,0.00173517,0.0016837612,0.0
2025-05-09 03:00:00,solar.bun_hsc#realenergyintotheload#kwh,BUNDOORA,0.0,-0.0041580983,0.002875566,0.0027903703,0.0
2025-05-09 04:00:00,solar.bun_hsc#realenergyintotheload#kwh,BUNDOORA,0.0,0.0011128334,0.0015815899,0.0015347314,0.0
2025-05-09 05:00:00,solar.bun_hsc#realenergyintotheload#kwh,BUNDOORA,0.0,-0.0033645784,0.00173517,0.0016837612,0.0
2025-05-09 06:00:00,solar.bun_hsc#realenergyintotheload#kwh,BUNDOORA,0.0,-0.0030360278,0.00173517,0.0016837612,0.0
2025-05-09 07:00:00,solar.bun_hsc#realenergyintotheload#kwh,BUNDOORA,0.0,0.08159948,0.0015815899,0.0015347314,0.0
2025-05-09 08:00:00,solar.bun_hsc#realenergyintotheload#kwh,BUNDOORA,0.5,0.03854891,3.3346357,3.235839,74.0
2025-05-09 09:00:00,solar.bun_hsc#realenergyintotheload#kwh,BUNDOORA,3.5625,1.7093089,10.137557,9.837207,218.0
2025-05-09 10:00:00,solar.bun_hsc#realenergyintotheload#kwh,BUNDOORA,9.28125,8.165874,14.806736,14.36805,262.0
2025-05-09 11:00:00,solar.bun_hsc#realenergyintotheload#kwh,BUNDOORA,14.53125,18.753712,18.724186,18.169436,345.0
2025-05-09 12:00:00,solar.bun_hsc#realenergyintotheload#kwh,BUNDOORA,19.0625,14.302182,16.733547,16.237774,302.0
2025-05-09 13:00:00,solar.bun_hsc#realenergyintotheload#kwh,BUNDOORA,24.53125,22.954351,31.283997,30.35713,551.0
2025-05-09 14:00:00,solar.bun_hsc#realenergyintotheload#kwh,BUNDOORA,19.5625,22.231594,28.453165,27.610168,508.0
2025-05-09 15:00:00,solar.bun_hsc#realenergyintotheload#kwh,BUNDOORA,19.96875,26.4079,23.434607,22.740297,398.0
2025-05-09 16:00:00,solar.bun_hsc#realenergyintotheload#kwh,BUNDOORA,5.65625,17.016365,13.715404,13.309051,246.0
2025-05-09 17:00:00,solar.bun_hsc#realenergyintotheload#kwh,BUNDOORA,1.4375,3.6317015,3.9361057,3.8194888,79.0
2025-05-09 18:00:00,solar.bun_hsc#realenergyintotheload#kwh,BUNDOORA,0.0625,1.328529,0.0021561114,0.0020922313,0.0
2025-05-09 19:00:00,solar.bun_hsc#realenergyintotheload#kwh,BUNDOORA,0.0,0.013645984,0.0019411073,0.0018835971,0.0
2025-05-09 20:00:00,solar.bun_hsc#realenergyintotheload#kwh,BUNDOORA,0.0,0.01251938,0.0014713767,0.0014277835,0.0
2025-05-09 21:00:00,solar.bun_hsc#realenergyintotheload#kwh,BUNDOORA,0.0,-0.00065863755,0.001833026,0.001778718,0.0
2025-05-09 22:00:00,solar.bun_hsc#realenergyintotheload#kwh,BUNDOORA,0.0,0.0015279311,0.0014713767,0.0014277835,0.0
2025-05-09 23:00:00,solar.bun_hsc#realenergyintotheload#kwh,BUNDOORA,0.0,-0.001718008,0.0017512153,0.0016993312,0.0
2025-05-10 00:00:00,solar.bun_hsc#realenergyintotheload#kwh,BUNDOORA,0.0,-0.001718008,0.0017512153,0.0016993312,0.0
2025-05-10 01:00:00,solar.bun_hsc#realenergyintotheload#kwh,BUNDOORA,0.0,-0.0029254977,0.0017512153,0.0016993312,0.0
2025-05-10 02:00:00,solar.bun_hsc#realenergyintotheload#kwh,BUNDOORA,0.0,-0.0018878826,0.0017512153,0.0016993312,0.0
2025-05-10 03:00:00,solar.bun_hsc#realenergyintotheload#kwh,BUNDOORA,0.0,-0.0018878826,0.0016533594,0.0016043745,0.0
2025-05-10 04:00:00,solar.bun_hsc#realenergyintotheload#kwh,BUNDOORA,0.0,-0.0018878826,0.0016533594,0.0016043745,0.0
2025-05-10 05:00:00,solar.bun_hsc#realenergyintotheload#kwh,BUNDOORA,0.0,0.0014695444,0.0016533594,0.0016043745,0.0
2025-05-10 06:00:00,solar.bun_hsc#realenergyintotheload#kwh,BUNDOORA,0.0,0.0029361034,0.0020150086,0.001955309,0.0
2025-05-10 07:00:00,solar.bun_hsc#realenergyintotheload#kwh,BUNDOORA,0.0,0.0038125417,0.0020150086,0.001955309,0.0
2025-05-10 08:00:00,solar.bun_hsc#realenergyintotheload#kwh,BUNDOORA,0.375,0.021651614,3.1790757,3.0848877,71.0
2025-05-10 09:00:00,solar.bun_hsc#realenergyintotheload#kwh,BUNDOORA,1.96875,1.297113,12.226698,11.864451,236.0
2025-05-10 10:00:00,solar.bun_hsc#realenergyintotheload#kwh,BUNDOORA,9.15625,10.669493,20.271223,19.670637,387.0
2025-05-10 11:00:00,solar.bun_hsc#realenergyintotheload#kwh,BUNDOORA,20.71875,23.62682,28.982685,28.124,498.0
2025-05-10 12:00:00,solar.bun_hsc#realenergyintotheload#kwh,BUNDOORA,28.90625,25.063122,32.690136,31.72161,557.0
2025-05-10 13:00:00,solar.bun_hsc#realenergyintotheload#kwh,BUNDOORA,31.375,29.222141,32.42005,31.459526,557.0
2025-05-10 14:00:00,solar.bun_hsc#realenergyintotheload#kwh,BUNDOORA,29.59375,25.905289,28.481548,27.63771,499.0
2025-05-10 15:00:00,solar.bun_hsc#realenergyintotheload#kwh,BUNDOORA,19.28125,20.165062,22.41341,21.749357,389.0
2025-05-10 16:00:00,solar.bun_hsc#realenergyintotheload#kwh,BUNDOORA,5.3125,11.302271,13.963281,13.549583,239.0
2025-05-10 17:00:00,solar.bun_hsc#realenergyintotheload#kwh,BUNDOORA,1.34375,3.3356535,3.750712,3.6395876,76.0
2025-05-10 18:00:00,solar.bun_hsc#realenergyintotheload#kwh,BUNDOORA,0.0625,0.8360038,0.004404876,0.0042743706,0.0
2025-05-10 19:00:00,solar.bun_hsc#realenergyintotheload#kwh,BUNDOORA,0.0,0.027872685,0.0021561114,0.0020922313,0.0
2025-05-10 20:00:00,solar.bun_hsc#realenergyintotheload#kwh,BUNDOORA,0.0,0.003277836,0.0021193153,0.0020565253,0.0
2025-05-10 21:00:00,solar.bun_hsc#realenergyintotheload#kwh,BUNDOORA,0.0,0.008864718,0.0014713767,0.0014277835,0.0
2025-05-10 22:00:00,solar.bun_hsc#realenergyintotheload#kwh,BUNDOORA,0.0,-0.0029254977,0.0014713767,0.0014277835,0.0
2025-05-10 23:00:00,solar.bun_hsc#realenergyintotheload#kwh,BUNDOORA,0.0,-0.0018878826,0.00173517,0.0016837612,0.0
2025-05-11 00:00:00,solar.bun_hsc#realenergyintotheload#kwh,BUNDOORA,0.0,0.0017667816,0.00173517,0.0016837612,0.0
2025-05-11 01:00:00,solar.bun_hsc#realenergyintotheload#kwh,BUNDOORA,0.0,0.0017667816,0.0013735208,0.0013328268,0.0
2025-05-11 02:00:00,solar.bun_hsc#realenergyintotheload#kwh,BUNDOORA,0.0,0.0030325232,0.0013735208,0.0013328268,0.0
2025-05-11 03:00:00,solar.bun_hsc#realenergyintotheload#kwh,BUNDOORA,0.0,0.0017608621,0.0013735208,0.0013328268,0.0
2025-05-11 04:00:00,solar.bun_hsc#realenergyintotheload#kwh,BUNDOORA,0.0,-0.0059778662,0.0014816022,0.001437706,0.0
2025-05-11 05:00:00,solar.bun_hsc#realenergyintotheload#kwh,BUNDOORA,0.0,-0.004263666,0.0014816022,0.001437706,0.0
2025-05-11 06:00:00,solar.bun_hsc#realenergyintotheload#kwh,BUNDOORA,0.0,-0.006501907,0.0013958255,0.0013544707,0.0
2025-05-11 07:00:00,solar.bun_hsc#realenergyintotheload#kwh,BUNDOORA,0.0,0.23281188,0.0033929674,0.0032924423,0.0
2025-05-11 08:00:00,solar.bun_hsc#realenergyintotheload#kwh,BUNDOORA,0.34375,1.6424099,3.2988703,3.201133,71.0
2025-05-11 09:00:00,solar.bun_hsc#realenergyintotheload#kwh,BUNDOORA,1.875,5.052088,12.716033,12.339289,236.0
2025-05-11 10:00:00,solar.bun_hsc#realenergyintotheload#kwh,BUNDOORA,8.8125,16.856468,23.421703,22.727777,390.0
2025-05-11 11:00:00,solar.bun_hsc#realenergyintotheload#kwh,BUNDOORA,20.28125,26.739452,27.427784,26.615168,501.0
2025-05-11 12:00:00,solar.bun_hsc#realenergyintotheload#kwh,BUNDOORA,28.15625,31.783733,31.340965,30.41241,559.0
2025-05-11 13:00:00,solar.bun_hsc#realenergyintotheload#kwh,BUNDOORA,29.96875,31.417896,31.071413,30.150845,559.0
2025-05-11 14:00:00,solar.bun_hsc#realenergyintotheload#kwh,BUNDOORA,27.78125,25.562754,27.785833,26.962608,501.0
2025-05-11 15:00:00,solar.bun_hsc#realenergyintotheload#kwh,BUNDOORA,17.03125,17.079763,21.943502,21.293371,391.0
2025-05-11 16:00:00,solar.bun_hsc#realenergyintotheload#kwh,BUNDOORA,6.03125,9.129321,13.499407,13.099453,239.0
2025-05-11 17:00:00,solar.bun_hsc#realenergyintotheload#kwh,BUNDOORA,1.8125,2.0620883,3.1699715,3.0760531,65.0
2025-05-11 18:00:00,solar.bun_hsc#realenergyintotheload#kwh,BUNDOORA,0.09375,0.19425398,0.019981869,0.019389857,0.0
2025-05-11 19:00:00,solar.bun_hsc#realenergyintotheload#kwh,BUNDOORA,0.0,0.0028837319,0.0070854845,0.006875559,0.0
2025-05-11 20:00:00,solar.bun_hsc#realenergyintotheload#kwh,BUNDOORA,0.0,-0.08020576,-0.0062362687,0.0,0.0
2025-05-11 21:00:00,solar.bun_hsc#realenergyintotheload#kwh,BUNDOORA,0.0,-0.04008801,0.006280024,0.0060939626,0.0
2025-05-11 22:00:00,solar.bun_hsc#realenergyintotheload#kwh,BUNDOORA,0.0,-0.03246535,0.007180582,0.0069678393,0.0
2025-05-11 23:00:00,solar.bun_hsc#realenergyintotheload#kwh,BUNDOORA,0.0,0.02048329,0.004426043,0.0042949105,0.0
2025-05-12 00:00:00,solar.bun_hsc#realenergyintotheload#kwh,BUNDOORA,0.0,-0.01164116,0.0023002927,0.0022321409,0.0
2025-05-12 01:00:00,solar.bun_hsc#realenergyintotheload#kwh,BUNDOORA,0.0,-0.01278585,0.0023002927,0.0022321409,0.0
2025-05-12 02:00:00,solar.bun_hsc#realenergyintotheload#kwh,BUNDOORA,0.0,0.011216033,0.0028911103,0.002805454,0.0
2025-05-12 03:00:00,solar.bun_hsc#realenergyintotheload#kwh,BUNDOORA,0.0,0.011287158,0.0028978707,0.002812014,0.0
2025-05-12 04:00:00,solar.bun_hsc#realenergyintotheload#kwh,BUNDOORA,0.0,0.004559825,0.0028978707,0.002812014,0.0
2025-05-12 05:00:00,solar.bun_hsc#realenergyintotheload#kwh,BUNDOORA,0.0,0.0018364273,0.002875566,0.0027903703,0.0
2025-05-12 06:00:00,solar.bun_hsc#realenergyintotheload#kwh,BUNDOORA,0.0,0.0005918218,0.00173517,0.0016837612,0.0
2025-05-12 07:00:00,solar.bun_hsc#realenergyintotheload#kwh,BUNDOORA,0.0,0.18518145,0.00173517,0.0016837612,0.0
2025-05-12 08:00:00,solar.bun_hsc#realenergyintotheload#kwh,BUNDOORA,0.3125,0.622765,3.2354693,3.1396105,68.0
2025-05-12 09:00:00,solar.bun_hsc#realenergyintotheload#kwh,BUNDOORA,1.875,3.8139942,12.814885,12.435212,233.0
2025-05-12 10:00:00,solar.bun_hsc#realenergyintotheload#kwh,BUNDOORA,8.375,22.771763,22.434223,21.769552,384.0
2025-05-12 11:00:00,solar.bun_hsc#realenergyintotheload#kwh,BUNDOORA,19.5,22.79689,27.699953,26.879272,496.0
2025-05-12 12:00:00,solar.bun_hsc#realenergyintotheload#kwh,BUNDOORA,27.6875,27.033707,30.446144,29.544102,555.0
2025-05-12 13:00:00,solar.bun_hsc#realenergyintotheload#kwh,BUNDOORA,30.34375,27.354935,30.490894,29.587524,555.0
2025-05-12 14:00:00,solar.bun_hsc#realenergyintotheload#kwh,BUNDOORA,28.875,26.52856,27.575518,26.758524,496.0
2025-05-12 15:00:00,solar.bun_hsc#realenergyintotheload#kwh,BUNDOORA,18.5625,21.53321,22.148577,21.49237,385.0
2025-05-12 16:00:00,solar.bun_hsc#realenergyintotheload#kwh,BUNDOORA,5.125,8.812809,13.288634,12.894925,235.0
2025-05-12 17:00:00,solar.bun_hsc#realenergyintotheload#kwh,BUNDOORA,1.46875,3.4187489,3.198523,3.1037588,70.0
2025-05-12 18:00:00,solar.bun_hsc#realenergyintotheload#kwh,BUNDOORA,0.0625,0.71300805,0.005570379,0.0054053427,0.0
2025-05-12 19:00:00,solar.bun_hsc#realenergyintotheload#kwh,BUNDOORA,0.0,0.019253196,0.00083606027,0.0008112899,0.0
2025-05-12 20:00:00,solar.bun_hsc#realenergyintotheload#kwh,BUNDOORA,0.0,0.030138094,0.0044170446,0.0042861784,0.0
2025-05-12 21:00:00,solar.bun_hsc#realenergyintotheload#kwh,BUNDOORA,0.0,0.013898589,0.0017576661,0.0017055909,0.0
2025-05-12 22:00:00,solar.bun_hsc#realenergyintotheload#kwh,BUNDOORA,0.0,0.013898589,0.0017576661,0.0017055909,0.0
2025-05-12 23:00:00,solar.bun_hsc#realenergyintotheload#kwh,BUNDOORA,0.0,0.0075307214,0.0021193153,0.0020565253,0.0
2025-05-13 00:00:00,solar.bun_hsc#realenergyintotheload#kwh,BUNDOORA,0.0,0.010243926,0.0021193153,0.0020565253,0.0
2025-05-13 01:00:00,solar.bun_hsc#realenergyintotheload#kwh,BUNDOORA,0.0,0.0190781,0.0017576661,0.0017055909,0.0
2025-05-13 02:00:00,solar.bun_hsc#realenergyintotheload#kwh,BUNDOORA,0.0,0.02302965,0.0021193153,0.0020565253,0.0
2025-05-13 03:00:00,solar.bun_hsc#realenergyintotheload#kwh,BUNDOORA,0.0,0.021499211,0.0021193153,0.0020565253,0.0
2025-05-13 04:00:00,solar.bun_hsc#realenergyintotheload#kwh,BUNDOORA,0.0,0.018411892,0.0021193153,0.0020565253,0.0
2025-05-13 05:00:00,solar.bun_hsc#realenergyintotheload#kwh,BUNDOORA,0.0,0.036813583,0.002399154,0.0023280731,0.0
2025-05-13 06:00:00,solar.bun_hsc#realenergyintotheload#kwh,BUNDOORA,0.0,0.036524132,0.002399154,0.0023280731,0.0
2025-05-13 07:00:00,solar.bun_hsc#realenergyintotheload#kwh,BUNDOORA,0.0,0.0034039193,0.0021128645,0.0020502657,0.0
2025-05-13 08:00:00,solar.bun_hsc#realenergyintotheload#kwh,BUNDOORA,0.46875,-0.032492217,3.0672812,2.9764054,61.0
2025-05-13 09:00:00,solar.bun_hsc#realenergyintotheload#kwh,BUNDOORA,2.40625,0.48769605,11.694616,11.348134,222.0
2025-05-13 10:00:00,solar.bun_hsc#realenergyintotheload#kwh,BUNDOORA,8.4375,9.8512,20.283522,19.682571,375.0
2025-05-13 11:00:00,solar.bun_hsc#realenergyintotheload#kwh,BUNDOORA,19.21875,24.590172,28.055412,27.224201,486.0
2025-05-13 12:00:00,solar.bun_hsc#realenergyintotheload#kwh,BUNDOORA,27.03125,19.533138,30.775393,29.863594,545.0
2025-05-13 13:00:00,solar.bun_hsc#realenergyintotheload#kwh,BUNDOORA,29.625,23.899467,30.176407,29.282354,545.0
2025-05-13 14:00:00,solar.bun_hsc#realenergyintotheload#kwh,BUNDOORA,27.9375,26.56869,27.371075,26.560139,487.0
2025-05-13 15:00:00,solar.bun_hsc#realenergyintotheload#kwh,BUNDOORA,17.71875,21.064043,20.975435,20.353985,377.0
2025-05-13 16:00:00,solar.bun_hsc#realenergyintotheload#kwh,BUNDOORA,5.15625,10.956806,12.906772,12.524376,228.0
2025-05-13 17:00:00,solar.bun_hsc#realenergyintotheload#kwh,BUNDOORA,1.5625,2.8116333,3.223152,3.127658,66.0
2025-05-13 18:00:00,solar.bun_hsc#realenergyintotheload#kwh,BUNDOORA,0.0625,0.8965074,0.0035046241,0.003400791,0.0
2025-05-13 19:00:00,solar.bun_hsc#realenergyintotheload#kwh,BUNDOORA,0.0,0.107196964,0.0021561114,0.0020922313,0.0
2025-05-13 20:00:00,solar.bun_hsc#realenergyintotheload#kwh,BUNDOORA,0.0,0.013659833,0.0022273967,0.0021614046,0.0
2025-05-13 21:00:00,solar.bun_hsc#realenergyintotheload#kwh,BUNDOORA,0.0,0.012637291,0.001833026,0.001778718,0.0
2025-05-13 22:00:00,solar.bun_hsc#realenergyintotheload#kwh,BUNDOORA,0.0,0.0029742708,0.0014713767,0.0014277835,0.0
2025-05-13 23:00:00,solar.bun_hsc#realenergyintotheload#kwh,BUNDOORA,0.0,0.0029742708,0.0014713767,0.0014277835,0.0
2025-05-14 00:00:00,solar.bun_hsc#realenergyintotheload#kwh,BUNDOORA,0.0,0.009718595,0.00173517,0.0016837612,0.0
2025-05-14 01:00:00,solar.bun_hsc#realenergyintotheload#kwh,BUNDOORA,0.0,0.0020296674,0.0013735208,0.0013328268,0.0
2025-05-14 02:00:00,solar.bun_hsc#realenergyintotheload#kwh,BUNDOORA,0.0,0.0056291698,0.0013735208,0.0013328268,0.0
2025-05-14 03:00:00,solar.bun_hsc#realenergyintotheload#kwh,BUNDOORA,0.0,0.0049464623,0.0018432514,0.0017886405,0.0
2025-05-14 04:00:00,solar.bun_hsc#realenergyintotheload#kwh,BUNDOORA,0.0,0.011230616,0.0014816022,0.001437706,0.0
2025-05-14 05:00:00,solar.bun_hsc#realenergyintotheload#kwh,BUNDOORA,0.0,0.0008952394,0.0013958255,0.0013544707,0.0
2025-05-14 06:00:00,solar.bun_hsc#realenergyintotheload#kwh,BUNDOORA,0.0,-0.0041178926,0.0014816022,0.001437706,0.0
2025-05-14 07:00:00,solar.bun_hsc#realenergyintotheload#kwh,BUNDOORA,0.0,0.27968282,0.0017574747,0.0017054052,0.0
2025-05-14 08:00:00,solar.bun_hsc#realenergyintotheload#kwh,BUNDOORA,0.3125,0.55850685,2.7405493,2.6593537,60.0
2025-05-14 09:00:00,solar.bun_hsc#realenergyintotheload#kwh,BUNDOORA,3.125,4.8542247,12.154065,11.79397,215.0
2025-05-14 10:00:00,solar.bun_hsc#realenergyintotheload#kwh,BUNDOORA,9.59375,18.728243,21.062378,20.438353,370.0
2025-05-14 11:00:00,solar.bun_hsc#realenergyintotheload#kwh,BUNDOORA,18.9375,26.713762,26.54121,25.75486,483.0
2025-05-14 12:00:00,solar.bun_hsc#realenergyintotheload#kwh,BUNDOORA,26.75,28.439169,29.875134,28.990007,543.0
2025-05-14 13:00:00,solar.bun_hsc#realenergyintotheload#kwh,BUNDOORA,27.53125,27.546144,29.959589,29.07196,543.0
2025-05-14 14:00:00,solar.bun_hsc#realenergyintotheload#kwh,BUNDOORA,28.0625,25.014372,25.836897,25.071415,485.0
2025-05-14 15:00:00,solar.bun_hsc#realenergyintotheload#kwh,BUNDOORA,17.28125,15.435828,18.114176,17.577497,334.0
2025-05-14 16:00:00,solar.bun_hsc#realenergyintotheload#kwh,BUNDOORA,6.875,13.400961,12.372362,12.0058,222.0
2025-05-14 17:00:00,solar.bun_hsc#realenergyintotheload#kwh,BUNDOORA,1.5625,5.0262265,3.1032767,3.0113344,62.0
2025-05-14 18:00:00,solar.bun_hsc#realenergyintotheload#kwh,BUNDOORA,0.03125,1.082209,-0.00071507605,0.0,0.0
2025-05-14 19:00:00,solar.bun_hsc#realenergyintotheload#kwh,BUNDOORA,0.0,0.0053863386,0.0027946234,0.0027118258,0.0
2025-05-14 20:00:00,solar.bun_hsc#realenergyintotheload#kwh,BUNDOORA,0.0,-0.015579293,0.0023955964,0.0023246207,0.0
2025-05-14 21:00:00,solar.bun_hsc#realenergyintotheload#kwh,BUNDOORA,0.0,-0.015579293,0.0023955964,0.0023246207,0.0
2025-05-14 22:00:00,solar.bun_hsc#realenergyintotheload#kwh,BUNDOORA,0.0,0.02536268,0.002675435,0.0025961685,0.0
2025-05-14 23:00:00,solar.bun_hsc#realenergyintotheload#kwh,BUNDOORA,0.0,0.05765445,0.002675435,0.0025961685,0.0
2025-05-15 00:00:00,solar.bun_hsc#realenergyintotheload#kwh,BUNDOORA,0.0,0.01462467,0.002675435,0.0025961685,0.0
2025-05-15 01:00:00,solar.bun_hsc#realenergyintotheload#kwh,BUNDOORA,0.0,0.017870612,0.0023955964,0.0023246207,0.0
2025-05-15 02:00:00,solar.bun_hsc#realenergyintotheload#kwh,BUNDOORA,0.0,0.018437956,0.0023955964,0.0023246207,0.0
2025-05-15 03:00:00,solar.bun_hsc#realenergyintotheload#kwh,BUNDOORA,0.0,0.0063965158,0.0027572457,0.0026755554,0.0
2025-05-15 04:00:00,solar.bun_hsc#realenergyintotheload#kwh,BUNDOORA,0.0,0.026672183,0.0035395492,0.003434681,0.0
2025-05-15 05:00:00,solar.bun_hsc#realenergyintotheload#kwh,BUNDOORA,0.0,0.018587066,0.0035395492,0.003434681,0.0
2025-05-15 06:00:00,solar.bun_hsc#realenergyintotheload#kwh,BUNDOORA,0.0,0.019605763,0.0022455738,0.0021790431,0.0
2025-05-15 07:00:00,solar.bun_hsc#realenergyintotheload#kwh,BUNDOORA,0.0,0.12164662,0.0032441113,0.0031479965,0.0
2025-05-15 08:00:00,solar.bun_hsc#realenergyintotheload#kwh,BUNDOORA,0.25,0.09279163,1.247514,1.2105533,29.0
2025-05-15 09:00:00,solar.bun_hsc#realenergyintotheload#kwh,BUNDOORA,3.71875,0.4115947,4.8567653,4.7128716,181.0
2025-05-15 10:00:00,solar.bun_hsc#realenergyintotheload#kwh,BUNDOORA,9.0,6.3193054,13.876564,13.465436,281.0
2025-05-15 11:00:00,solar.bun_hsc#realenergyintotheload#kwh,BUNDOORA,15.09375,14.561673,24.589453,23.86093,469.0
2025-05-15 12:00:00,solar.bun_hsc#realenergyintotheload#kwh,BUNDOORA,22.59375,16.884987,18.420385,17.874636,332.0
2025-05-15 13:00:00,solar.bun_hsc#realenergyintotheload#kwh,BUNDOORA,13.71875,15.050943,13.841297,13.431214,253.0
2025-05-15 14:00:00,solar.bun_hsc#realenergyintotheload#kwh,BUNDOORA,23.375,20.769115,22.211836,21.553755,393.0
2025-05-15 15:00:00,solar.bun_hsc#realenergyintotheload#kwh,BUNDOORA,7.78125,17.329226,17.784277,17.257374,316.0
2025-05-15 16:00:00,solar.bun_hsc#realenergyintotheload#kwh,BUNDOORA,9.0,11.9618435,11.150194,10.819841,194.0
2025-05-15 17:00:00,solar.bun_hsc#realenergyintotheload#kwh,BUNDOORA,1.25,4.027531,3.14966,3.0563436,61.0
2025-05-15 18:00:00,solar.bun_hsc#realenergyintotheload#kwh,BUNDOORA,0.03125,1.108859,0.0044538416,0.0043218853,0.0
2025-05-15 19:00:00,solar.bun_hsc#realenergyintotheload#kwh,BUNDOORA,0.0,0.005461101,0.0021193153,0.0020565253,0.0
2025-05-15 20:00:00,solar.bun_hsc#realenergyintotheload#kwh,BUNDOORA,0.0,0.011429803,0.0021193153,0.0020565253,0.0
2025-05-15 21:00:00,solar.bun_hsc#realenergyintotheload#kwh,BUNDOORA,0.0,0.011311892,0.0017576661,0.0017055909,0.0
2025-05-15 22:00:00,solar.bun_hsc#realenergyintotheload#kwh,BUNDOORA,0.0,-0.0029254977,0.0014713767,0.0014277835,0.0
2025-05-15 23:00:00,solar.bun_hsc#realenergyintotheload#kwh,BUNDOORA,0.0,-0.0018878826,0.0020150086,0.001955309,0.0
2025-05-16 00:00:00,solar.bun_hsc#realenergyintotheload#kwh,BUNDOORA,0.0,0.0004666893,0.0013735208,0.0013328268,0.0
2025-05-16 01:00:00,solar.bun_hsc#realenergyintotheload#kwh,BUNDOORA,0.0,0.0014695444,0.0013735208,0.0013328268,0.0
2025-05-16 02:00:00,solar.bun_hsc#realenergyintotheload#kwh,BUNDOORA,0.0,0.0018108559,0.0013735208,0.0013328268,0.0
2025-05-16 03:00:00,solar.bun_hsc#realenergyintotheload#kwh,BUNDOORA,0.0,0.0005391951,0.0013735208,0.0013328268,0.0
2025-05-16 04:00:00,solar.bun_hsc#realenergyintotheload#kwh,BUNDOORA,0.0,0.0005391951,0.0013735208,0.0013328268,0.0
2025-05-16 05:00:00,solar.bun_hsc#realenergyintotheload#kwh,BUNDOORA,0.0,-0.01056746,0.0013735208,0.0013328268,0.0
2025-05-16 06:00:00,solar.bun_hsc#realenergyintotheload#kwh,BUNDOORA,0.0,-0.009326473,0.0013735208,0.0013328268,0.0
2025-05-16 07:00:00,solar.bun_hsc#realenergyintotheload#kwh,BUNDOORA,0.0,0.04089708,0.00173517,0.0016837612,0.0
2025-05-16 08:00:00,solar.bun_hsc#realenergyintotheload#kwh,BUNDOORA,0.3125,0.12270022,2.690639,2.610922,56.0
2025-05-16 09:00:00,solar.bun_hsc#realenergyintotheload#kwh,BUNDOORA,1.75,1.0096631,11.050414,10.723018,214.0
2025-05-16 10:00:00,solar.bun_hsc#realenergyintotheload#kwh,BUNDOORA,7.375,10.39021,21.559109,20.920366,366.0
2025-05-16 11:00:00,solar.bun_hsc#realenergyintotheload#kwh,BUNDOORA,18.8125,24.313948,26.443964,25.660496,477.0
2025-05-16 12:00:00,solar.bun_hsc#realenergyintotheload#kwh,BUNDOORA,16.03125,16.648972,16.33944,15.855343,293.0
2025-05-16 13:00:00,solar.bun_hsc#realenergyintotheload#kwh,BUNDOORA,17.6875,20.199898,19.53493,18.956158,347.0
2025-05-16 14:00:00,solar.bun_hsc#realenergyintotheload#kwh,BUNDOORA,19.875,21.126062,20.457993,19.851873,362.0
2025-05-16 15:00:00,solar.bun_hsc#realenergyintotheload#kwh,BUNDOORA,14.59375,16.75227,14.413248,13.986219,253.0
2025-05-16 16:00:00,solar.bun_hsc#realenergyintotheload#kwh,BUNDOORA,4.96875,9.670133,6.9898667,6.7827744,152.0
2025-05-16 17:00:00,solar.bun_hsc#realenergyintotheload#kwh,BUNDOORA,1.9375,2.8759873,2.2566242,2.1897662,47.0
2025-05-16 18:00:00,solar.bun_hsc#realenergyintotheload#kwh,BUNDOORA,0.03125,0.528921,-0.01371816,0.0,0.0
2025-05-16 19:00:00,solar.bun_hsc#realenergyintotheload#kwh,BUNDOORA,0.0,0.0043133614,0.0049225143,0.0047766725,0.0
2025-05-16 20:00:00,solar.bun_hsc#realenergyintotheload#kwh,BUNDOORA,0.0,0.003194021,0.0032965085,0.0031988411,0.0
2025-05-16 21:00:00,solar.bun_hsc#realenergyintotheload#kwh,BUNDOORA,0.0,0.02515006,0.0032965085,0.0031988411,0.0
2025-05-16 22:00:00,solar.bun_hsc#realenergyintotheload#kwh,BUNDOORA,0.0,0.0044428683,0.003367792,0.0032680125,0.0
2025-05-16 23:00:00,solar.bun_hsc#realenergyintotheload#kwh,BUNDOORA,0.0,0.022843197,0.0032597105,0.0031631335,0.0
2025-05-17 00:00:00,solar.bun_hsc#realenergyintotheload#kwh,BUNDOORA,0.0,0.004224786,0.00555744,0.005392787,0.0
2025-05-17 01:00:00,solar.bun_hsc#realenergyintotheload#kwh,BUNDOORA,0.0,0.004224786,0.00555744,0.005392787,0.0
2025-05-17 02:00:00,solar.bun_hsc#realenergyintotheload#kwh,BUNDOORA,0.0,0.03429498,0.0032597105,0.0031631335,0.0
2025-05-17 03:00:00,solar.bun_hsc#realenergyintotheload#kwh,BUNDOORA,0.0,0.023245707,0.0021193153,0.0020565253,0.0
2025-05-17 04:00:00,solar.bun_hsc#realenergyintotheload#kwh,BUNDOORA,0.0,0.002365765,0.0032597105,0.0031631335,0.0
2025-05-17 05:00:00,solar.bun_hsc#realenergyintotheload#kwh,BUNDOORA,0.0,-0.005210859,0.0038976423,0.0037821648,0.0
2025-05-17 06:00:00,solar.bun_hsc#realenergyintotheload#kwh,BUNDOORA,0.0,-0.0040856116,0.0038976423,0.0037821648,0.0
2025-05-17 07:00:00,solar.bun_hsc#realenergyintotheload#kwh,BUNDOORA,0.0,0.15821704,0.0038976423,0.0037821648,0.0
2025-05-17 08:00:00,solar.bun_hsc#realenergyintotheload#kwh,BUNDOORA,0.21875,1.0590228,0.7422751,0.7202834,20.0
2025-05-17 09:00:00,solar.bun_hsc#realenergyintotheload#kwh,BUNDOORA,0.96875,1.0390143,3.1751564,3.0810845,66.0
2025-05-17 10:00:00,solar.bun_hsc#realenergyintotheload#kwh,BUNDOORA,3.03125,5.3170757,10.034089,9.736804,190.0
2025-05-17 11:00:00,solar.bun_hsc#realenergyintotheload#kwh,BUNDOORA,7.4375,11.072645,13.146313,12.756821,247.0
2025-05-17 12:00:00,solar.bun_hsc#realenergyintotheload#kwh,BUNDOORA,11.84375,8.093688,12.629631,12.255446,237.0
2025-05-17 13:00:00,solar.bun_hsc#realenergyintotheload#kwh,BUNDOORA,7.03125,7.231747,6.164535,5.9818954,119.0
2025-05-17 14:00:00,solar.bun_hsc#realenergyintotheload#kwh,BUNDOORA,7.4375,7.592005,5.9060526,5.731071,115.0
2025-05-17 15:00:00,solar.bun_hsc#realenergyintotheload#kwh,BUNDOORA,6.96875,3.2855759,7.894686,7.6607866,156.0
2025-05-17 16:00:00,solar.bun_hsc#realenergyintotheload#kwh,BUNDOORA,6.4375,2.036044,4.4800158,4.3472843,97.0
2025-05-17 17:00:00,solar.bun_hsc#realenergyintotheload#kwh,BUNDOORA,1.03125,0.8916831,1.0369198,1.0061985,26.0
2025-05-17 18:00:00,solar.bun_hsc#realenergyintotheload#kwh,BUNDOORA,0.0,0.48320425,0.0048934217,0.0047484417,0.0
2025-05-17 19:00:00,solar.bun_hsc#realenergyintotheload#kwh,BUNDOORA,0.0,-0.0050066086,0.0046071326,0.0044706347,0.0
2025-05-17 20:00:00,solar.bun_hsc#realenergyintotheload#kwh,BUNDOORA,0.0,-0.006238647,0.004783983,0.0046422454,0.0
2025-05-17 21:00:00,solar.bun_hsc#realenergyintotheload#kwh,BUNDOORA,0.0,0.004937821,0.0046071326,0.0044706347,0.0
2025-05-17 22:00:00,solar.bun_hsc#realenergyintotheload#kwh,BUNDOORA,0.0,0.004937821,0.0045092776,0.004375679,0.0
2025-05-17 23:00:00,solar.bun_hsc#realenergyintotheload#kwh,BUNDOORA,0.0,0.004937821,0.0045092776,0.004375679,0.0
2025-05-18 00:00:00,solar.bun_hsc#realenergyintotheload#kwh,BUNDOORA,0.0,-0.020847488,0.0039184606,0.0038023663,0.0
2025-05-18 01:00:00,solar.bun_hsc#realenergyintotheload#kwh,BUNDOORA,0.0,0.007230077,0.0045092776,0.004375679,0.0
2025-05-18 02:00:00,solar.bun_hsc#realenergyintotheload#kwh,BUNDOORA,0.0,0.007088259,0.0039184606,0.0038023663,0.0
2025-05-18 03:00:00,solar.bun_hsc#realenergyintotheload#kwh,BUNDOORA,0.0,-0.0045019635,0.0033688813,0.0032690698,0.0
2025-05-18 04:00:00,solar.bun_hsc#realenergyintotheload#kwh,BUNDOORA,0.0,-0.017460857,0.0034642518,0.0033616147,0.0
2025-05-18 05:00:00,solar.bun_hsc#realenergyintotheload#kwh,BUNDOORA,0.0,-0.018374898,0.0033929674,0.0032924423,0.0
2025-05-18 06:00:00,solar.bun_hsc#realenergyintotheload#kwh,BUNDOORA,0.0,0.0063434057,0.008951873,0.008686651,0.0
2025-05-18 07:00:00,solar.bun_hsc#realenergyintotheload#kwh,BUNDOORA,0.0,0.39683652,0.0028445492,0.0027602725,0.0
2025-05-18 08:00:00,solar.bun_hsc#realenergyintotheload#kwh,BUNDOORA,0.375,1.3605635,2.4952145,2.4212875,54.0
2025-05-18 09:00:00,solar.bun_hsc#realenergyintotheload#kwh,BUNDOORA,1.8125,2.1705222,12.038602,11.681929,219.0
2025-05-18 10:00:00,solar.bun_hsc#realenergyintotheload#kwh,BUNDOORA,7.21875,14.488257,21.060152,20.436192,372.0
2025-05-18 11:00:00,solar.bun_hsc#realenergyintotheload#kwh,BUNDOORA,19.5,27.302498,26.84622,26.050833,485.0
2025-05-18 12:00:00,solar.bun_hsc#realenergyintotheload#kwh,BUNDOORA,29.03125,30.450838,30.19456,29.29997,544.0
2025-05-18 13:00:00,solar.bun_hsc#realenergyintotheload#kwh,BUNDOORA,32.375,29.602945,30.262995,29.366377,544.0
2025-05-18 14:00:00,solar.bun_hsc#realenergyintotheload#kwh,BUNDOORA,24.34375,17.401236,24.517927,23.791523,416.0
2025-05-18 15:00:00,solar.bun_hsc#realenergyintotheload#kwh,BUNDOORA,14.53125,14.165191,11.770825,11.422085,229.0
2025-05-18 16:00:00,solar.bun_hsc#realenergyintotheload#kwh,BUNDOORA,4.53125,4.7937894,8.530454,8.277718,152.0
2025-05-18 17:00:00,solar.bun_hsc#realenergyintotheload#kwh,BUNDOORA,2.03125,2.2477238,2.2396793,2.1733232,47.0
2025-05-18 18:00:00,solar.bun_hsc#realenergyintotheload#kwh,BUNDOORA,0.09375,0.56733733,0.013025332,0.012639424,0.0
2025-05-18 19:00:00,solar.bun_hsc#realenergyintotheload#kwh,BUNDOORA,0.0,-0.022854088,0.021320071,0.02068841,0.0
2025-05-18 20:00:00,solar.bun_hsc#realenergyintotheload#kwh,BUNDOORA,0.0,0.016087316,0.0065387096,0.006344984,0.0
2025-05-18 21:00:00,solar.bun_hsc#realenergyintotheload#kwh,BUNDOORA,0.0,-0.046168182,0.007705822,0.0074775177,0.0
2025-05-18 22:00:00,solar.bun_hsc#realenergyintotheload#kwh,BUNDOORA,0.0,0.02591989,0.0019658864,0.0019076421,0.0
2025-05-18 23:00:00,solar.bun_hsc#realenergyintotheload#kwh,BUNDOORA,0.0,0.0125726815,0.009037648,0.008769886,0.0
2025-05-19 00:00:00,solar.bun_hsc#realenergyintotheload#kwh,BUNDOORA,0.0,-0.0058701183,0.0013735208,0.0013328268,0.0
2025-05-19 01:00:00,solar.bun_hsc#realenergyintotheload#kwh,BUNDOORA,0.0,-0.008022157,0.0013735208,0.0013328268,0.0
2025-05-19 02:00:00,solar.bun_hsc#realenergyintotheload#kwh,BUNDOORA,0.0,-0.0075221625,0.0013735208,0.0013328268,0.0
2025-05-19 03:00:00,solar.bun_hsc#realenergyintotheload#kwh,BUNDOORA,0.0,-0.0043365657,0.0018432514,0.0017886405,0.0
2025-05-19 04:00:00,solar.bun_hsc#realenergyintotheload#kwh,BUNDOORA,0.0,0.013517283,0.0014103178,0.0013685337,0.0
2025-05-19 05:00:00,solar.bun_hsc#realenergyintotheload#kwh,BUNDOORA,0.0,0.028245403,0.0014103178,0.0013685337,0.0
2025-05-19 06:00:00,solar.bun_hsc#realenergyintotheload#kwh,BUNDOORA,0.0,0.0150040835,0.0014103178,0.0013685337,0.0
2025-05-19 07:00:00,solar.bun_hsc#realenergyintotheload#kwh,BUNDOORA,0.0,0.5546553,0.0014103178,0.0013685337,0.0
2025-05-19 08:00:00,solar.bun_hsc#realenergyintotheload#kwh,BUNDOORA,0.21875,0.48658788,2.5096102,2.4352567,55.0
2025-05-19 09:00:00,solar.bun_hsc#realenergyintotheload#kwh,BUNDOORA,1.40625,3.4155526,11.811374,11.461432,218.0
2025-05-19 10:00:00,solar.bun_hsc#realenergyintotheload#kwh,BUNDOORA,6.34375,8.106747,20.637236,20.025806,370.0
2025-05-19 11:00:00,solar.bun_hsc#realenergyintotheload#kwh,BUNDOORA,18.5,19.838741,28.557299,27.711218,482.0
2025-05-19 12:00:00,solar.bun_hsc#realenergyintotheload#kwh,BUNDOORA,27.90625,25.706621,29.949886,29.062546,542.0
2025-05-19 13:00:00,solar.bun_hsc#realenergyintotheload#kwh,BUNDOORA,30.84375,26.096128,29.656755,28.7781,542.0
2025-05-19 14:00:00,solar.bun_hsc#realenergyintotheload#kwh,BUNDOORA,28.6875,19.269583,26.89186,26.095121,484.0
2025-05-19 15:00:00,solar.bun_hsc#realenergyintotheload#kwh,BUNDOORA,17.25,11.00036,21.347479,20.715006,374.0
2025-05-19 16:00:00,solar.bun_hsc#realenergyintotheload#kwh,BUNDOORA,4.03125,6.628013,12.6569195,12.281926,222.0
2025-05-19 17:00:00,solar.bun_hsc#realenergyintotheload#kwh,BUNDOORA,1.03125,3.4199717,2.78517,2.7026525,59.0
2025-05-19 18:00:00,solar.bun_hsc#realenergyintotheload#kwh,BUNDOORA,0.0,0.8269406,0.008408308,0.00815919,0.0
2025-05-19 19:00:00,solar.bun_hsc#realenergyintotheload#kwh,BUNDOORA,0.0,0.006012394,0.001771967,0.001719468,0.0
2025-05-19 20:00:00,solar.bun_hsc#realenergyintotheload#kwh,BUNDOORA,0.0,-0.012770014,0.0018432514,0.0017886405,0.0
2025-05-19 21:00:00,solar.bun_hsc#realenergyintotheload#kwh,BUNDOORA,0.0,-0.018079868,0.00173517,0.0016837612,0.0
2025-05-19 22:00:00,solar.bun_hsc#realenergyintotheload#kwh,BUNDOORA,0.0,-0.014539968,0.0013735208,0.0013328268,0.0
2025-05-19 23:00:00,solar.bun_hsc#realenergyintotheload#kwh,BUNDOORA,0.0,-0.015597988,0.0017614408,0.0017092536,0.0
2025-05-20 00:00:00,solar.bun_hsc#realenergyintotheload#kwh,BUNDOORA,0.0,-0.018194636,0.0016533594,0.0016043745,0.0
2025-05-20 01:00:00,solar.bun_hsc#realenergyintotheload#kwh,BUNDOORA,0.0,-0.018973429,0.0016533594,0.0016043745,0.0
2025-05-20 02:00:00,solar.bun_hsc#realenergyintotheload#kwh,BUNDOORA,0.0,0.0054778657,0.0013735208,0.0013328268,0.0
2025-05-20 03:00:00,solar.bun_hsc#realenergyintotheload#kwh,BUNDOORA,0.0,-0.0070106457,0.0013735208,0.0013328268,0.0
2025-05-20 04:00:00,solar.bun_hsc#realenergyintotheload#kwh,BUNDOORA,0.0,-0.0066019194,0.0013735208,0.0013328268,0.0
2025-05-20 05:00:00,solar.bun_hsc#realenergyintotheload#kwh,BUNDOORA,0.0,-0.0066019194,0.0013735208,0.0013328268,0.0
2025-05-20 06:00:00,solar.bun_hsc#realenergyintotheload#kwh,BUNDOORA,0.0,-0.0066019194,0.00173517,0.0016837612,0.0
2025-05-20 07:00:00,solar.bun_hsc#realenergyintotheload#kwh,BUNDOORA,0.0,0.08124288,0.00173517,0.0016837612,0.0
2025-05-20 08:00:00,solar.bun_hsc#realenergyintotheload#kwh,BUNDOORA,0.21875,0.20809928,2.2766335,2.2091825,52.0
2025-05-20 09:00:00,solar.bun_hsc#realenergyintotheload#kwh,BUNDOORA,1.34375,2.1122673,10.907055,10.583906,217.0
2025-05-20 10:00:00,solar.bun_hsc#realenergyintotheload#kwh,BUNDOORA,6.0625,10.064775,21.283567,20.652988,371.0
2025-05-20 11:00:00,solar.bun_hsc#realenergyintotheload#kwh,BUNDOORA,16.375,22.41096,26.921618,26.123997,483.0
2025-05-20 12:00:00,solar.bun_hsc#realenergyintotheload#kwh,BUNDOORA,27.9375,24.748692,29.62844,28.750624,541.0
2025-05-20 13:00:00,solar.bun_hsc#realenergyintotheload#kwh,BUNDOORA,30.59375,24.392742,29.693497,28.813753,540.0
2025-05-20 14:00:00,solar.bun_hsc#realenergyintotheload#kwh,BUNDOORA,28.4375,21.515488,27.604723,26.786863,481.0
2025-05-20 15:00:00,solar.bun_hsc#realenergyintotheload#kwh,BUNDOORA,16.625,13.73119,20.642971,20.031372,371.0
2025-05-20 16:00:00,solar.bun_hsc#realenergyintotheload#kwh,BUNDOORA,3.96875,7.7048717,12.623099,12.249108,220.0
2025-05-20 17:00:00,solar.bun_hsc#realenergyintotheload#kwh,BUNDOORA,1.09375,1.8365707,2.5480309,2.472539,55.0
2025-05-20 18:00:00,solar.bun_hsc#realenergyintotheload#kwh,BUNDOORA,0.03125,0.43807983,0.028039481,0.027208742,0.0
2025-05-20 19:00:00,solar.bun_hsc#realenergyintotheload#kwh,BUNDOORA,0.0,-0.0325191,0.0059296284,0.0057539484,0.0
2025-05-20 20:00:00,solar.bun_hsc#realenergyintotheload#kwh,BUNDOORA,0.0,0.06459935,0.0025509507,0.0024753725,0.0
2025-05-20 21:00:00,solar.bun_hsc#realenergyintotheload#kwh,BUNDOORA,0.0,0.011959605,0.001771967,0.001719468,0.0
2025-05-20 22:00:00,solar.bun_hsc#realenergyintotheload#kwh,BUNDOORA,0.0,0.007743223,0.0014816022,0.001437706,0.0
2025-05-20 23:00:00,solar.bun_hsc#realenergyintotheload#kwh,BUNDOORA,0.0,-0.006893273,0.00173517,0.0016837612,0.0
2025-05-21 00:00:00,solar.bun_hsc#realenergyintotheload#kwh,BUNDOORA,0.0,-0.007812978,0.00173517,0.0016837612,0.0
2025-05-21 01:00:00,solar.bun_hsc#realenergyintotheload#kwh,BUNDOORA,0.0,-0.00870968,0.0016533594,0.0016043745,0.0
2025-05-21 02:00:00,solar.bun_hsc#realenergyintotheload#kwh,BUNDOORA,0.0,-0.0070106457,0.0016533594,0.0016043745,0.0
2025-05-21 03:00:00,solar.bun_hsc#realenergyintotheload#kwh,BUNDOORA,0.0,-0.0070106457,0.0016533594,0.0016043745,0.0
2025-05-21 04:00:00,solar.bun_hsc#realenergyintotheload#kwh,BUNDOORA,0.0,-0.0070106457,0.0016533594,0.0016043745,0.0
2025-05-21 05:00:00,solar.bun_hsc#realenergyintotheload#kwh,BUNDOORA,0.0,-0.0070106457,0.0016533594,0.0016043745,0.0
2025-05-21 06:00:00,solar.bun_hsc#realenergyintotheload#kwh,BUNDOORA,0.0,-0.0070106457,0.0016533594,0.0016043745,0.0
2025-05-21 07:00:00,solar.bun_hsc#realenergyintotheload#kwh,BUNDOORA,0.0,0.025911925,0.0016533594,0.0016043745,0.0
2025-05-21 08:00:00,solar.bun_hsc#realenergyintotheload#kwh,BUNDOORA,0.1875,0.20798562,2.1328762,2.0696843,47.0
2025-05-21 09:00:00,solar.bun_hsc#realenergyintotheload#kwh,BUNDOORA,1.5625,1.741147,10.592233,10.278411,205.0
2025-05-21 10:00:00,solar.bun_hsc#realenergyintotheload#kwh,BUNDOORA,6.0,10.190368,20.820059,20.203213,356.0
2025-05-21 11:00:00,solar.bun_hsc#realenergyintotheload#kwh,BUNDOORA,17.375,14.657177,26.519312,25.73361,466.0
2025-05-21 12:00:00,solar.bun_hsc#realenergyintotheload#kwh,BUNDOORA,26.65625,20.598259,29.143988,28.280523,525.0
2025-05-21 13:00:00,solar.bun_hsc#realenergyintotheload#kwh,BUNDOORA,29.65625,22.70664,29.188196,28.323423,526.0
2025-05-21 14:00:00,solar.bun_hsc#realenergyintotheload#kwh,BUNDOORA,27.125,20.067059,26.726925,25.935072,469.0
2025-05-21 15:00:00,solar.bun_hsc#realenergyintotheload#kwh,BUNDOORA,16.03125,13.022019,20.933542,20.313334,361.0
2025-05-21 16:00:00,solar.bun_hsc#realenergyintotheload#kwh,BUNDOORA,4.25,7.3993635,12.321257,11.956208,212.0
2025-05-21 17:00:00,solar.bun_hsc#realenergyintotheload#kwh,BUNDOORA,1.375,1.586794,2.0670676,2.0058255,44.0
2025-05-21 18:00:00,solar.bun_hsc#realenergyintotheload#kwh,BUNDOORA,0.03125,0.28821096,0.027264895,0.026457105,0.0
2025-05-21 19:00:00,solar.bun_hsc#realenergyintotheload#kwh,BUNDOORA,0.0,-0.012506604,0.007052471,0.006843524,0.0
2025-05-21 20:00:00,solar.bun_hsc#realenergyintotheload#kwh,BUNDOORA,0.0,0.004550129,0.001771967,0.001719468,0.0
2025-05-21 21:00:00,solar.bun_hsc#realenergyintotheload#kwh,BUNDOORA,0.0,0.0039771264,0.0013735208,0.0013328268,0.0
2025-05-21 22:00:00,solar.bun_hsc#realenergyintotheload#kwh,BUNDOORA,0.0,0.0039771264,0.0013735208,0.0013328268,0.0
2025-05-21 23:00:00,solar.bun_hsc#realenergyintotheload#kwh,BUNDOORA,0.0,0.0039771264,0.0013735208,0.0013328268,0.0
2025-05-22 00:00:00,solar.bun_hsc#realenergyintotheload#kwh,BUNDOORA,0.0,0.00029008667,0.00173517,0.0016837612,0.0
2025-05-22 01:00:00,solar.bun_hsc#realenergyintotheload#kwh,BUNDOORA,0.0,0.0027696374,0.0013735208,0.0013328268,0.0
2025-05-22 02:00:00,solar.bun_hsc#realenergyintotheload#kwh,BUNDOORA,0.0,-9.465561e-05,0.00173517,0.0016837612,0.0
2025-05-22 03:00:00,solar.bun_hsc#realenergyintotheload#kwh,BUNDOORA,0.0,-0.0019043158,0.002284749,0.0022170576,0.0
2025-05-22 04:00:00,solar.bun_hsc#realenergyintotheload#kwh,BUNDOORA,0.0,0.0004666893,0.00173517,0.0016837612,0.0
2025-05-22 05:00:00,solar.bun_hsc#realenergyintotheload#kwh,BUNDOORA,0.0,-0.0021286043,0.00173517,0.0016837612,0.0
2025-05-22 06:00:00,solar.bun_hsc#realenergyintotheload#kwh,BUNDOORA,0.0,-0.0009860257,0.002284749,0.0022170576,0.0
2025-05-22 07:00:00,solar.bun_hsc#realenergyintotheload#kwh,BUNDOORA,0.0,0.14057818,0.0015815899,0.0015347314,0.0
2025-05-22 08:00:00,solar.bun_hsc#realenergyintotheload#kwh,BUNDOORA,0.125,0.32990077,1.0458645,1.0148782,26.0
2025-05-22 09:00:00,solar.bun_hsc#realenergyintotheload#kwh,BUNDOORA,1.4375,0.9607668,5.168734,5.0155973,142.0
2025-05-22 10:00:00,solar.bun_hsc#realenergyintotheload#kwh,BUNDOORA,6.40625,10.132279,13.088862,12.701072,242.0
2025-05-22 11:00:00,solar.bun_hsc#realenergyintotheload#kwh,BUNDOORA,17.75,17.72421,27.096691,26.293884,442.0
2025-05-22 12:00:00,solar.bun_hsc#realenergyintotheload#kwh,BUNDOORA,25.59375,17.930508,29.056955,28.19607,500.0
2025-05-22 13:00:00,solar.bun_hsc#realenergyintotheload#kwh,BUNDOORA,24.40625,23.174068,28.148348,27.314383,501.0
2025-05-22 14:00:00,solar.bun_hsc#realenergyintotheload#kwh,BUNDOORA,16.75,17.270304,22.287165,21.626852,387.0
2025-05-22 15:00:00,solar.bun_hsc#realenergyintotheload#kwh,BUNDOORA,15.0,14.16872,15.755716,15.288914,277.0
2025-05-22 16:00:00,solar.bun_hsc#realenergyintotheload#kwh,BUNDOORA,4.53125,2.9021745,3.704318,3.5945683,82.0
2025-05-22 17:00:00,solar.bun_hsc#realenergyintotheload#kwh,BUNDOORA,0.9375,4.9190965,0.4741956,0.46014637,14.0
2025-05-22 18:00:00,solar.bun_hsc#realenergyintotheload#kwh,BUNDOORA,0.0,0.809091,0.00032872192,0.0003189827,0.0
2025-05-22 19:00:00,solar.bun_hsc#realenergyintotheload#kwh,BUNDOORA,0.0,0.0684223,-0.00025535165,0.0,0.0
2025-05-22 20:00:00,solar.bun_hsc#realenergyintotheload#kwh,BUNDOORA,0.0,0.019743653,-0.0022102126,0.0,0.0
2025-05-22 21:00:00,solar.bun_hsc#realenergyintotheload#kwh,BUNDOORA,0.0,0.024843475,0.0014075679,0.0013658651,0.0
2025-05-22 22:00:00,solar.bun_hsc#realenergyintotheload#kwh,BUNDOORA,0.0,-0.005196727,0.0014075679,0.0013658651,0.0
2025-05-22 23:00:00,solar.bun_hsc#realenergyintotheload#kwh,BUNDOORA,0.0,-0.00469113,0.0007720797,0.0007492049,0.0
2025-05-23 00:00:00,solar.bun_hsc#realenergyintotheload#kwh,BUNDOORA,0.0,-0.005196727,0.0013628965,0.0013225173,0.0
2025-05-23 01:00:00,solar.bun_hsc#realenergyintotheload#kwh,BUNDOORA,0.0,-0.005196727,0.0013919683,0.0013507277,0.0
2025-05-23 02:00:00,solar.bun_hsc#realenergyintotheload#kwh,BUNDOORA,0.0,-0.0062800413,0.001347297,0.0013073799,0.0
2025-05-23 03:00:00,solar.bun_hsc#realenergyintotheload#kwh,BUNDOORA,0.0,-0.005196727,0.001347297,0.0013073799,0.0
2025-05-23 04:00:00,solar.bun_hsc#realenergyintotheload#kwh,BUNDOORA,0.0,-0.005196727,0.0016427351,0.001594065,0.0
2025-05-23 05:00:00,solar.bun_hsc#realenergyintotheload#kwh,BUNDOORA,0.0,-0.005196727,0.0016427351,0.001594065,0.0
2025-05-23 06:00:00,solar.bun_hsc#realenergyintotheload#kwh,BUNDOORA,0.0,-0.005196727,0.0016427351,0.001594065,0.0
2025-05-23 07:00:00,solar.bun_hsc#realenergyintotheload#kwh,BUNDOORA,0.0,0.16256234,0.0016427351,0.001594065,0.0
2025-05-23 08:00:00,solar.bun_hsc#realenergyintotheload#kwh,BUNDOORA,0.1875,0.96477187,0.35643575,0.34587544,11.0
2025-05-23 09:00:00,solar.bun_hsc#realenergyintotheload#kwh,BUNDOORA,1.65625,1.6201483,3.667214,3.5585635,89.0
2025-05-23 10:00:00,solar.bun_hsc#realenergyintotheload#kwh,BUNDOORA,3.4375,3.5967803,4.8531885,4.7094007,96.0
2025-05-23 11:00:00,solar.bun_hsc#realenergyintotheload#kwh,BUNDOORA,5.71875,4.357621,4.3329797,4.204604,85.0
2025-05-23 12:00:00,solar.bun_hsc#realenergyintotheload#kwh,BUNDOORA,10.8125,9.532795,12.176168,11.815419,249.0
2025-05-23 13:00:00,solar.bun_hsc#realenergyintotheload#kwh,BUNDOORA,14.25,6.319912,15.0229845,14.577891,299.0
2025-05-23 14:00:00,solar.bun_hsc#realenergyintotheload#kwh,BUNDOORA,8.6875,8.533024,12.057565,11.700329,238.0
2025-05-23 15:00:00,solar.bun_hsc#realenergyintotheload#kwh,BUNDOORA,3.5625,4.279414,4.956335,4.809491,104.0
2025-05-23 16:00:00,solar.bun_hsc#realenergyintotheload#kwh,BUNDOORA,3.59375,1.8279983,1.541881,1.4961989,37.0
2025-05-23 17:00:00,solar.bun_hsc#realenergyintotheload#kwh,BUNDOORA,2.09375,1.2677022,0.57160354,0.55466837,15.0
2025-05-23 18:00:00,solar.bun_hsc#realenergyintotheload#kwh,BUNDOORA,0.0,0.107316665,-0.0015565738,0.0,0.0
2025-05-23 19:00:00,solar.bun_hsc#realenergyintotheload#kwh,BUNDOORA,0.0,0.000208463,-0.0018364124,0.0,0.0
2025-05-23 20:00:00,solar.bun_hsc#realenergyintotheload#kwh,BUNDOORA,0.0,0.02135629,-0.0018364124,0.0,0.0
2025-05-23 21:00:00,solar.bun_hsc#realenergyintotheload#kwh,BUNDOORA,0.0,0.021114442,-0.0029768092,0.0,0.0
2025-05-23 22:00:00,solar.bun_hsc#realenergyintotheload#kwh,BUNDOORA,0.0,-0.017101916,0.0005551961,0.000538747,0.0
2025-05-23 23:00:00,solar.bun_hsc#realenergyintotheload#kwh,BUNDOORA,0.0,0.010065033,0.00056790723,0.00055108155,0.0
2025-05-24 00:00:00,solar.bun_hsc#realenergyintotheload#kwh,BUNDOORA,0.0,0.006011599,0.0019008835,0.001844565,0.0
2025-05-24 01:00:00,solar.bun_hsc#realenergyintotheload#kwh,BUNDOORA,0.0,0.042658478,0.003041279,0.0029511736,0.0
2025-05-24 02:00:00,solar.bun_hsc#realenergyintotheload#kwh,BUNDOORA,0.0,0.040990002,0.003041279,0.0029511736,0.0
2025-05-24 03:00:00,solar.bun_hsc#realenergyintotheload#kwh,BUNDOORA,0.0,0.040990002,0.0023707217,0.0023004832,0.0
2025-05-24 04:00:00,solar.bun_hsc#realenergyintotheload#kwh,BUNDOORA,0.0,0.019901121,0.0023707217,0.0023004832,0.0
2025-05-24 05:00:00,solar.bun_hsc#realenergyintotheload#kwh,BUNDOORA,0.0,0.009379659,0.00065123383,0.0006319394,0.0
2025-05-24 06:00:00,solar.bun_hsc#realenergyintotheload#kwh,BUNDOORA,0.0,0.009252908,0.00065123383,0.0006319394,0.0
2025-05-24 07:00:00,solar.bun_hsc#realenergyintotheload#kwh,BUNDOORA,0.0,0.29252583,0.0034150798,0.0033138995,0.0
2025-05-24 08:00:00,solar.bun_hsc#realenergyintotheload#kwh,BUNDOORA,0.21875,2.0138247,1.0234866,0.9931633,26.0
2025-05-24 09:00:00,solar.bun_hsc#realenergyintotheload#kwh,BUNDOORA,1.28125,3.3227606,10.117881,9.818113,191.0
2025-05-24 10:00:00,solar.bun_hsc#realenergyintotheload#kwh,BUNDOORA,5.0625,9.803043,19.806175,19.219368,340.0
2025-05-24 11:00:00,solar.bun_hsc#realenergyintotheload#kwh,BUNDOORA,16.59375,23.394972,26.158457,25.383448,450.0
2025-05-24 12:00:00,solar.bun_hsc#realenergyintotheload#kwh,BUNDOORA,26.65625,28.359205,27.882948,27.056847,507.0
2025-05-24 13:00:00,solar.bun_hsc#realenergyintotheload#kwh,BUNDOORA,27.3125,23.094135,28.040325,27.20956,507.0
2025-05-24 14:00:00,solar.bun_hsc#realenergyintotheload#kwh,BUNDOORA,22.0625,21.692823,23.425476,22.731438,413.0
2025-05-24 15:00:00,solar.bun_hsc#realenergyintotheload#kwh,BUNDOORA,10.75,19.402864,17.77997,17.253195,328.0
2025-05-24 16:00:00,solar.bun_hsc#realenergyintotheload#kwh,BUNDOORA,4.71875,4.546985,8.726107,8.467574,170.0
2025-05-24 17:00:00,solar.bun_hsc#realenergyintotheload#kwh,BUNDOORA,1.84375,1.2473093,1.3279798,1.2886351,32.0
2025-05-24 18:00:00,solar.bun_hsc#realenergyintotheload#kwh,BUNDOORA,0.03125,0.23680387,0.021458298,0.020822542,0.0
2025-05-24 19:00:00,solar.bun_hsc#realenergyintotheload#kwh,BUNDOORA,0.0,-0.014756499,0.007083267,0.0068734074,0.0
2025-05-24 20:00:00,solar.bun_hsc#realenergyintotheload#kwh,BUNDOORA,0.0,-0.08683579,0.014209971,0.013788965,0.0
2025-05-24 21:00:00,solar.bun_hsc#realenergyintotheload#kwh,BUNDOORA,0.0,-0.04799077,0.014209971,0.013788965,0.0
2025-05-24 22:00:00,solar.bun_hsc#realenergyintotheload#kwh,BUNDOORA,0.0,-0.03240846,0.036757104,0.035668083,0.0
2025-05-24 23:00:00,solar.bun_hsc#realenergyintotheload#kwh,BUNDOORA,0.0,-0.04799077,0.035795256,0.034734733,0.0
2025-05-25 00:00:00,solar.bun_hsc#realenergyintotheload#kwh,BUNDOORA,0.0,-0.021029204,0.028854057,0.027999183,0.0
2025-05-25 01:00:00,solar.bun_hsc#realenergyintotheload#kwh,BUNDOORA,0.0,-0.0022929497,0.030111393,0.029219268,0.0
2025-05-25 02:00:00,solar.bun_hsc#realenergyintotheload#kwh,BUNDOORA,0.0,0.14126275,0.009267559,0.008992985,0.0
2025-05-25 03:00:00,solar.bun_hsc#realenergyintotheload#kwh,BUNDOORA,0.0,0.13203911,-0.0077299643,0.0,0.0
2025-05-25 04:00:00,solar.bun_hsc#realenergyintotheload#kwh,BUNDOORA,0.0,0.120544314,0.009448241,0.009168314,0.0
2025-05-25 05:00:00,solar.bun_hsc#realenergyintotheload#kwh,BUNDOORA,0.0,-0.011372459,0.003592203,0.0034857749,0.0
2025-05-25 06:00:00,solar.bun_hsc#realenergyintotheload#kwh,BUNDOORA,0.0,0.056045268,-0.0019896852,0.0,0.0
2025-05-25 07:00:00,solar.bun_hsc#realenergyintotheload#kwh,BUNDOORA,0.0,0.7511578,0.0065387096,0.006344984,0.0
2025-05-25 08:00:00,solar.bun_hsc#realenergyintotheload#kwh,BUNDOORA,0.15625,2.513847,2.004936,1.9455347,42.0
2025-05-25 09:00:00,solar.bun_hsc#realenergyintotheload#kwh,BUNDOORA,1.34375,5.9272776,11.102776,10.7738285,199.0
2025-05-25 10:00:00,solar.bun_hsc#realenergyintotheload#kwh,BUNDOORA,5.09375,10.620141,19.908897,19.319046,345.0
2025-05-25 11:00:00,solar.bun_hsc#realenergyintotheload#kwh,BUNDOORA,16.0625,20.397095,26.954376,26.155785,451.0
2025-05-25 12:00:00,solar.bun_hsc#realenergyintotheload#kwh,BUNDOORA,24.28125,25.13575,27.683561,26.863367,480.0
2025-05-25 13:00:00,solar.bun_hsc#realenergyintotheload#kwh,BUNDOORA,16.0,22.49398,25.721043,24.958992,465.0
2025-05-25 14:00:00,solar.bun_hsc#realenergyintotheload#kwh,BUNDOORA,27.5,19.974749,25.736599,24.974089,440.0
2025-05-25 15:00:00,solar.bun_hsc#realenergyintotheload#kwh,BUNDOORA,15.4375,17.34145,19.278767,18.707584,345.0
2025-05-25 16:00:00,solar.bun_hsc#realenergyintotheload#kwh,BUNDOORA,3.65625,5.7723346,11.167679,10.836808,201.0
2025-05-25 17:00:00,solar.bun_hsc#realenergyintotheload#kwh,BUNDOORA,0.96875,1.9577004,2.162752,2.098675,46.0
2025-05-25 18:00:00,solar.bun_hsc#realenergyintotheload#kwh,BUNDOORA,0.0,0.403022,0.004866584,0.0047223996,0.0
2025-05-25 19:00:00,solar.bun_hsc#realenergyintotheload#kwh,BUNDOORA,0.0,0.3003557,-0.004322815,0.0,0.0
2025-05-25 20:00:00,solar.bun_hsc#realenergyintotheload#kwh,BUNDOORA,0.0,-0.026260968,0.03449798,0.03347589,0.0
2025-05-25 21:00:00,solar.bun_hsc#realenergyintotheload#kwh,BUNDOORA,0.0,-0.025060566,0.036769934,0.035680532,0.0
2025-05-25 22:00:00,solar.bun_hsc#realenergyintotheload#kwh,BUNDOORA,0.0,-0.007929111,0.036769934,0.035680532,0.0
2025-05-25 23:00:00,solar.bun_hsc#realenergyintotheload#kwh,BUNDOORA,0.0,0.060293034,0.015171818,0.014722316,0.0
2025-05-26 00:00:00,solar.bun_hsc#realenergyintotheload#kwh,BUNDOORA,0.0,-0.045473203,0.03598252,0.034916446,0.0
2025-05-26 01:00:00,solar.bun_hsc#realenergyintotheload#kwh,BUNDOORA,0.0,0.022948151,0.03598252,0.034916446,0.0
2025-05-26 02:00:00,solar.bun_hsc#realenergyintotheload#kwh,BUNDOORA,0.0,0.027293663,0.02868642,0.027836513,0.0
2025-05-26 03:00:00,solar.bun_hsc#realenergyintotheload#kwh,BUNDOORA,0.0,-0.020662278,0.035020676,0.0339831,0.0
2025-05-26 04:00:00,solar.bun_hsc#realenergyintotheload#kwh,BUNDOORA,0.0,0.038788572,0.02868642,0.027836513,0.0
2025-05-26 05:00:00,solar.bun_hsc#realenergyintotheload#kwh,BUNDOORA,0.0,0.077513166,0.028721422,0.027870478,0.0
2025-05-26 06:00:00,solar.bun_hsc#realenergyintotheload#kwh,BUNDOORA,0.0,-0.043771606,0.035020676,0.0339831,0.0
2025-05-26 07:00:00,solar.bun_hsc#realenergyintotheload#kwh,BUNDOORA,0.0,0.15862818,0.037390515,0.03628273,0.0
2025-05-26 08:00:00,solar.bun_hsc#realenergyintotheload#kwh,BUNDOORA,0.15625,1.3968813,1.5968549,1.5495441,37.0
2025-05-26 09:00:00,solar.bun_hsc#realenergyintotheload#kwh,BUNDOORA,1.28125,6.137451,10.460358,10.150443,192.0
2025-05-26 10:00:00,solar.bun_hsc#realenergyintotheload#kwh,BUNDOORA,4.96875,17.790024,18.401327,17.856142,335.0
2025-05-26 11:00:00,solar.bun_hsc#realenergyintotheload#kwh,BUNDOORA,15.625,17.799139,25.374258,24.622482,443.0
2025-05-26 12:00:00,solar.bun_hsc#realenergyintotheload#kwh,BUNDOORA,25.75,20.852816,27.378223,26.567076,503.0
2025-05-26 13:00:00,solar.bun_hsc#realenergyintotheload#kwh,BUNDOORA,28.9375,20.838732,27.32967,26.51996,505.0
2025-05-26 14:00:00,solar.bun_hsc#realenergyintotheload#kwh,BUNDOORA,26.90625,20.842798,24.423933,23.700314,450.0
2025-05-26 15:00:00,solar.bun_hsc#realenergyintotheload#kwh,BUNDOORA,13.09375,14.777119,14.215535,13.794364,274.0
2025-05-26 16:00:00,solar.bun_hsc#realenergyintotheload#kwh,BUNDOORA,5.9375,6.187634,8.7427635,8.483737,169.0
2025-05-26 17:00:00,solar.bun_hsc#realenergyintotheload#kwh,BUNDOORA,1.28125,1.2806276,1.2757,1.2379042,30.0
2025-05-26 18:00:00,solar.bun_hsc#realenergyintotheload#kwh,BUNDOORA,0.0,0.30437922,0.027442582,0.026629526,0.0
2025-05-26 19:00:00,solar.bun_hsc#realenergyintotheload#kwh,BUNDOORA,0.0,0.023558827,0.02662448,0.025835663,0.0
2025-05-26 20:00:00,solar.bun_hsc#realenergyintotheload#kwh,BUNDOORA,0.0,0.12140684,0.03483963,0.03380742,0.0
2025-05-26 21:00:00,solar.bun_hsc#realenergyintotheload#kwh,BUNDOORA,0.0,-0.022188151,0.005368332,0.0052092816,0.0
2025-05-26 22:00:00,solar.bun_hsc#realenergyintotheload#kwh,BUNDOORA,0.0,-0.030726712,0.0039142864,0.0037983158,0.0
2025-05-26 23:00:00,solar.bun_hsc#realenergyintotheload#kwh,BUNDOORA,0.0,-0.047268055,0.0043192315,0.0041912636,0.0
2025-05-27 00:00:00,solar.bun_hsc#realenergyintotheload#kwh,BUNDOORA,0.0,-0.059685264,0.0043192315,0.0041912636,0.0
2025-05-27 01:00:00,solar.bun_hsc#realenergyintotheload#kwh,BUNDOORA,0.0,-0.037070826,0.0043192315,0.0041912636,0.0
2025-05-27 02:00:00,solar.bun_hsc#realenergyintotheload#kwh,BUNDOORA,0.0,-0.014878873,0.0037708138,0.003659094,0.0
2025-05-27 03:00:00,solar.bun_hsc#realenergyintotheload#kwh,BUNDOORA,0.0,0.23582728,-0.00038862502,0.0,0.0
2025-05-27 04:00:00,solar.bun_hsc#realenergyintotheload#kwh,BUNDOORA,0.0,0.07011681,0.0027083575,0.0026281157,0.0
2025-05-27 05:00:00,solar.bun_hsc#realenergyintotheload#kwh,BUNDOORA,0.0,0.0076019624,0.0044414243,0.004309836,0.0
2025-05-27 06:00:00,solar.bun_hsc#realenergyintotheload#kwh,BUNDOORA,0.0,0.017392272,0.0038506067,0.003736523,0.0
2025-05-27 07:00:00,solar.bun_hsc#realenergyintotheload#kwh,BUNDOORA,0.0,0.43876356,0.010502185,0.010191031,0.0
2025-05-27 08:00:00,solar.bun_hsc#realenergyintotheload#kwh,BUNDOORA,0.25,2.1402166,1.3537854,1.3136761,33.0
2025-05-27 09:00:00,solar.bun_hsc#realenergyintotheload#kwh,BUNDOORA,2.3125,3.1958468,9.348488,9.071515,167.0
2025-05-27 10:00:00,solar.bun_hsc#realenergyintotheload#kwh,BUNDOORA,6.625,12.966648,17.665125,17.141752,299.0
2025-05-27 11:00:00,solar.bun_hsc#realenergyintotheload#kwh,BUNDOORA,13.375,13.4284115,19.372618,18.798655,335.0
2025-05-27 12:00:00,solar.bun_hsc#realenergyintotheload#kwh,BUNDOORA,16.40625,13.295307,19.927896,19.337482,360.0
2025-05-27 13:00:00,solar.bun_hsc#realenergyintotheload#kwh,BUNDOORA,9.3125,8.305506,8.942234,8.677298,181.0
2025-05-27 14:00:00,solar.bun_hsc#realenergyintotheload#kwh,BUNDOORA,8.1875,9.109427,7.5925636,7.3676147,153.0
2025-05-27 15:00:00,solar.bun_hsc#realenergyintotheload#kwh,BUNDOORA,6.28125,9.352208,6.239169,6.054318,128.0
2025-05-27 16:00:00,solar.bun_hsc#realenergyintotheload#kwh,BUNDOORA,3.375,5.9517455,5.631033,5.4641995,147.0
2025-05-27 17:00:00,solar.bun_hsc#realenergyintotheload#kwh,BUNDOORA,0.59375,1.9471906,0.42719588,0.41453913,12.0
2025-05-27 18:00:00,solar.bun_hsc#realenergyintotheload#kwh,BUNDOORA,0.0,0.35207525,0.0011701193,0.0011354516,0.0
2025-05-27 19:00:00,solar.bun_hsc#realenergyintotheload#kwh,BUNDOORA,0.0,0.06250264,0.0019514352,0.0018936191,0.0
2025-05-27 20:00:00,solar.bun_hsc#realenergyintotheload#kwh,BUNDOORA,0.0,0.011848664,0.0038038013,0.0036911042,0.0
2025-05-27 21:00:00,solar.bun_hsc#realenergyintotheload#kwh,BUNDOORA,0.0,0.029554743,0.00601704,0.00583877,0.0
2025-05-27 22:00:00,solar.bun_hsc#realenergyintotheload#kwh,BUNDOORA,0.0,0.011848664,0.0070860204,0.0068760794,0.0
2025-05-27 23:00:00,solar.bun_hsc#realenergyintotheload#kwh,BUNDOORA,0.0,0.05283798,0.0028626625,0.002777849,0.0
2025-05-28 00:00:00,solar.bun_hsc#realenergyintotheload#kwh,BUNDOORA,0.0,0.03939846,0.0028626625,0.002777849,0.0
2025-05-28 01:00:00,solar.bun_hsc#realenergyintotheload#kwh,BUNDOORA,0.0,0.023314219,0.0032516536,0.0031553153,0.0
2025-05-28 02:00:00,solar.bun_hsc#realenergyintotheload#kwh,BUNDOORA,0.0,0.05283798,0.00601704,0.00583877,0.0
2025-05-28 03:00:00,solar.bun_hsc#realenergyintotheload#kwh,BUNDOORA,0.0,0.052456528,0.0076768394,0.0074493936,0.0
2025-05-28 04:00:00,solar.bun_hsc#realenergyintotheload#kwh,BUNDOORA,0.0,0.076663196,0.0053791082,0.005219739,0.0
2025-05-28 05:00:00,solar.bun_hsc#realenergyintotheload#kwh,BUNDOORA,0.0,0.055666193,0.003847152,0.0037331705,0.0
2025-05-28 06:00:00,solar.bun_hsc#realenergyintotheload#kwh,BUNDOORA,0.0,0.037073065,0.003847152,0.0037331705,0.0
2025-05-28 07:00:00,solar.bun_hsc#realenergyintotheload#kwh,BUNDOORA,0.0,0.6307891,0.0053791082,0.005219739,0.0
2025-05-28 08:00:00,solar.bun_hsc#realenergyintotheload#kwh,BUNDOORA,0.09375,2.7748203,0.73620754,0.7143956,20.0
2025-05-28 09:00:00,solar.bun_hsc#realenergyintotheload#kwh,BUNDOORA,1.53125,5.24041,3.7530694,3.6418753,89.0
2025-05-28 10:00:00,solar.bun_hsc#realenergyintotheload#kwh,BUNDOORA,5.65625,5.5242267,8.800631,8.53989,170.0
2025-05-28 11:00:00,solar.bun_hsc#realenergyintotheload#kwh,BUNDOORA,8.375,7.793198,10.546505,10.234038,198.0
2025-05-28 12:00:00,solar.bun_hsc#realenergyintotheload#kwh,BUNDOORA,13.71875,9.861477,15.105175,14.657646,272.0
2025-05-28 13:00:00,solar.bun_hsc#realenergyintotheload#kwh,BUNDOORA,11.4375,10.533614,13.640334,13.236205,251.0
2025-05-28 14:00:00,solar.bun_hsc#realenergyintotheload#kwh,BUNDOORA,11.375,7.820593,12.517506,12.146644,229.0
2025-05-28 15:00:00,solar.bun_hsc#realenergyintotheload#kwh,BUNDOORA,7.59375,6.697724,8.820179,8.558859,165.0
2025-05-28 16:00:00,solar.bun_hsc#realenergyintotheload#kwh,BUNDOORA,3.25,6.081066,3.0696192,2.978674,70.0
2025-05-28 17:00:00,solar.bun_hsc#realenergyintotheload#kwh,BUNDOORA,0.96875,2.8129678,0.84141064,0.81648177,22.0
2025-05-28 18:00:00,solar.bun_hsc#realenergyintotheload#kwh,BUNDOORA,0.0,0.9556262,0.0049140216,0.004768431,0.0
2025-05-28 19:00:00,solar.bun_hsc#realenergyintotheload#kwh,BUNDOORA,0.0,0.026983388,0.0042747543,0.004148104,0.0
2025-05-28 20:00:00,solar.bun_hsc#realenergyintotheload#kwh,BUNDOORA,0.0,0.06295301,0.0033181147,0.0032198073,0.0
2025-05-28 21:00:00,solar.bun_hsc#realenergyintotheload#kwh,BUNDOORA,0.0,0.09508536,0.0033181147,0.0032198073,0.0
2025-05-28 22:00:00,solar.bun_hsc#realenergyintotheload#kwh,BUNDOORA,0.0,0.07714777,0.0033181147,0.0032198073,0.0
2025-05-28 23:00:00,solar.bun_hsc#realenergyintotheload#kwh,BUNDOORA,0.0,0.059984803,0.0026149559,0.0025374813,0.0
2025-05-29 00:00:00,solar.bun_hsc#realenergyintotheload#kwh,BUNDOORA,0.0,0.057634644,0.0026149559,0.0025374813,0.0
2025-05-29 01:00:00,solar.bun_hsc#realenergyintotheload#kwh,BUNDOORA,0.0,0.028510343,0.002768536,0.0026865113,0.0
2025-05-29 02:00:00,solar.bun_hsc#realenergyintotheload#kwh,BUNDOORA,0.0,0.055124935,0.002768536,0.0026865113,0.0
2025-05-29 03:00:00,solar.bun_hsc#realenergyintotheload#kwh,BUNDOORA,0.0,0.058345012,0.002768536,0.0026865113,0.0
2025-05-29 04:00:00,solar.bun_hsc#realenergyintotheload#kwh,BUNDOORA,0.0,0.002959622,0.004940536,0.00479416,0.0
2025-05-29 05:00:00,solar.bun_hsc#realenergyintotheload#kwh,BUNDOORA,0.0,0.02280802,0.004940536,0.00479416,0.0
2025-05-29 06:00:00,solar.bun_hsc#realenergyintotheload#kwh,BUNDOORA,0.0,0.009717686,0.0054843742,0.005321886,0.0
2025-05-29 07:00:00,solar.bun_hsc#realenergyintotheload#kwh,BUNDOORA,0.0,0.23575702,0.0054716635,0.005309552,0.0
2025-05-29 08:00:00,solar.bun_hsc#realenergyintotheload#kwh,BUNDOORA,0.03125,1.2466314,0.92563546,0.8982112,23.0
2025-05-29 09:00:00,solar.bun_hsc#realenergyintotheload#kwh,BUNDOORA,1.25,3.3568442,3.1803532,3.0861273,81.0
2025-05-29 10:00:00,solar.bun_hsc#realenergyintotheload#kwh,BUNDOORA,4.59375,9.4089575,8.769289,8.509477,169.0
2025-05-29 11:00:00,solar.bun_hsc#realenergyintotheload#kwh,BUNDOORA,10.125,10.956294,16.039015,15.563819,295.0
2025-05-29 12:00:00,solar.bun_hsc#realenergyintotheload#kwh,BUNDOORA,13.90625,18.081463,18.468742,17.92156,342.0
2025-05-29 13:00:00,solar.bun_hsc#realenergyintotheload#kwh,BUNDOORA,15.625,18.684984,18.76831,18.212252,358.0
2025-05-29 14:00:00,solar.bun_hsc#realenergyintotheload#kwh,BUNDOORA,23.28125,15.842948,22.187706,21.53034,400.0
2025-05-29 15:00:00,solar.bun_hsc#realenergyintotheload#kwh,BUNDOORA,14.5625,21.11149,17.86391,17.334648,331.0
2025-05-29 16:00:00,solar.bun_hsc#realenergyintotheload#kwh,BUNDOORA,5.09375,9.95999,10.256021,9.95216,181.0
2025-05-29 17:00:00,solar.bun_hsc#realenergyintotheload#kwh,BUNDOORA,1.75,4.164755,1.8282869,1.7741193,39.0
2025-05-29 18:00:00,solar.bun_hsc#realenergyintotheload#kwh,BUNDOORA,0.0,0.67450124,0.0044170446,0.0042861784,0.0
2025-05-29 19:00:00,solar.bun_hsc#realenergyintotheload#kwh,BUNDOORA,0.0,0.033383925,0.0040553953,0.003935244,0.0
2025-05-29 20:00:00,solar.bun_hsc#realenergyintotheload#kwh,BUNDOORA,0.0,0.018279336,0.0023955964,0.0023246207,0.0
2025-05-29 21:00:00,solar.bun_hsc#realenergyintotheload#kwh,BUNDOORA,0.0,0.010088325,0.0038976423,0.0037821648,0.0
2025-05-29 22:00:00,solar.bun_hsc#realenergyintotheload#kwh,BUNDOORA,0.0,0.010549257,0.0038976423,0.0037821648,0.0
2025-05-29 23:00:00,solar.bun_hsc#realenergyintotheload#kwh,BUNDOORA,0.0,0.010930708,0.00555744,0.005392787,0.0
2025-05-30 00:00:00,solar.bun_hsc#realenergyintotheload#kwh,BUNDOORA,0.0,0.009336235,0.005262003,0.0051061027,0.0
2025-05-30 01:00:00,solar.bun_hsc#realenergyintotheload#kwh,BUNDOORA,0.0,0.009336235,0.0054716635,0.005309552,0.0
2025-05-30 02:00:00,solar.bun_hsc#realenergyintotheload#kwh,BUNDOORA,0.0,0.013342472,0.0048808465,0.004736239,0.0
2025-05-30 03:00:00,solar.bun_hsc#realenergyintotheload#kwh,BUNDOORA,0.0,0.009336235,0.0031739338,0.0030798982,0.0
2025-05-30 04:00:00,solar.bun_hsc#realenergyintotheload#kwh,BUNDOORA,0.0,0.032012444,0.0032597105,0.0031631335,0.0
2025-05-30 05:00:00,solar.bun_hsc#realenergyintotheload#kwh,BUNDOORA,0.0,0.035184603,0.0032597105,0.0031631335,0.0
2025-05-30 06:00:00,solar.bun_hsc#realenergyintotheload#kwh,BUNDOORA,0.0,0.0075895623,0.0029642726,0.0028764487,0.0
2025-05-30 07:00:00,solar.bun_hsc#realenergyintotheload#kwh,BUNDOORA,0.0,0.34668562,0.0032597105,0.0031631335,0.0
2025-05-30 08:00:00,solar.bun_hsc#realenergyintotheload#kwh,BUNDOORA,0.0625,1.2745072,0.9249975,0.8975921,24.0
2025-05-30 09:00:00,solar.bun_hsc#realenergyintotheload#kwh,BUNDOORA,2.1875,3.5818443,3.9142566,3.798287,99.0
2025-05-30 10:00:00,solar.bun_hsc#realenergyintotheload#kwh,BUNDOORA,6.125,5.540804,10.006314,9.709852,184.0
2025-05-30 11:00:00,solar.bun_hsc#realenergyintotheload#kwh,BUNDOORA,9.53125,11.17447,13.511959,13.111633,251.0
2025-05-30 12:00:00,solar.bun_hsc#realenergyintotheload#kwh,BUNDOORA,10.5625,10.370756,12.649968,12.275181,233.0
2025-05-30 13:00:00,solar.bun_hsc#realenergyintotheload#kwh,BUNDOORA,9.375,12.446983,9.833227,9.541893,193.0
2025-05-30 14:00:00,solar.bun_hsc#realenergyintotheload#kwh,BUNDOORA,9.21875,11.097725,11.347403,11.011208,205.0
2025-05-30 15:00:00,solar.bun_hsc#realenergyintotheload#kwh,BUNDOORA,7.5625,9.24568,6.5757966,6.3809724,131.0
2025-05-30 16:00:00,solar.bun_hsc#realenergyintotheload#kwh,BUNDOORA,3.6875,6.5789933,3.6483085,3.5402184,81.0
2025-05-30 17:00:00,solar.bun_hsc#realenergyintotheload#kwh,BUNDOORA,1.09375,3.3985207,1.0970734,1.0645698,27.0
2025-05-30 18:00:00,solar.bun_hsc#realenergyintotheload#kwh,BUNDOORA,0.0,1.0203619,0.005594237,0.0054284935,0.0
2025-05-30 19:00:00,solar.bun_hsc#realenergyintotheload#kwh,BUNDOORA,0.0,0.039921515,0.004525126,0.004391058,0.0
2025-05-30 20:00:00,solar.bun_hsc#realenergyintotheload#kwh,BUNDOORA,0.0,0.013898589,0.0017576661,0.0017055909,0.0
2025-05-30 21:00:00,solar.bun_hsc#realenergyintotheload#kwh,BUNDOORA,0.0,-0.0013634495,0.0032597105,0.0031631335,0.0
2025-05-30 22:00:00,solar.bun_hsc#realenergyintotheload#kwh,BUNDOORA,0.0,-0.0013634495,0.0029642726,0.0028764487,0.0
2025-05-30 23:00:00,solar.bun_hsc#realenergyintotheload#kwh,BUNDOORA,0.0,-0.0013634495,0.0029642726,0.0028764487,0.0
2025-05-31 00:00:00,solar.bun_hsc#realenergyintotheload#kwh,BUNDOORA,0.0,-0.0013634495,0.0029642726,0.0028764487,0.0
2025-05-31 01:00:00,solar.bun_hsc#realenergyintotheload#kwh,BUNDOORA,0.0,-0.0017721734,0.005262003,0.0051061027,0.0
2025-05-31 02:00:00,solar.bun_hsc#realenergyintotheload#kwh,BUNDOORA,0.0,-0.0017721734,0.00555744,0.005392787,0.0
2025-05-31 03:00:00,solar.bun_hsc#realenergyintotheload#kwh,BUNDOORA,0.0,0.0014374966,0.0032597105,0.0031631335,0.0
2025-05-31 04:00:00,solar.bun_hsc#realenergyintotheload#kwh,BUNDOORA,0.0,0.0070257317,0.0032597105,0.0031631335,0.0
2025-05-31 05:00:00,solar.bun_hsc#realenergyintotheload#kwh,BUNDOORA,0.0,0.0048084166,0.002973421,0.002885326,0.0
2025-05-31 06:00:00,solar.bun_hsc#realenergyintotheload#kwh,BUNDOORA,0.0,-0.004764484,0.002973421,0.002885326,0.0
2025-05-31 07:00:00,solar.bun_hsc#realenergyintotheload#kwh,BUNDOORA,0.0,0.028899603,0.0026779831,0.0025986412,0.0
2025-05-31 08:00:00,solar.bun_hsc#realenergyintotheload#kwh,BUNDOORA,0.25,0.34554878,0.93810135,0.91030777,23.0
2025-05-31 09:00:00,solar.bun_hsc#realenergyintotheload#kwh,BUNDOORA,2.78125,2.5377285,3.92937,3.8129525,116.0
2025-05-31 10:00:00,solar.bun_hsc#realenergyintotheload#kwh,BUNDOORA,6.21875,7.1541295,9.929213,9.635035,196.0
2025-05-31 11:00:00,solar.bun_hsc#realenergyintotheload#kwh,BUNDOORA,11.9375,11.690031,18.003975,17.470562,311.0
2025-05-31 12:00:00,solar.bun_hsc#realenergyintotheload#kwh,BUNDOORA,21.46875,20.048178,24.978872,24.238811,456.0
2025-05-31 13:00:00,solar.bun_hsc#realenergyintotheload#kwh,BUNDOORA,29.9375,21.476519,28.301563,27.463058,491.0
2025-05-31 14:00:00,solar.bun_hsc#realenergyintotheload#kwh,BUNDOORA,26.21875,25.492313,26.19941,25.423187,437.0
2025-05-31 15:00:00,solar.bun_hsc#realenergyintotheload#kwh,BUNDOORA,13.71875,28.542559,18.847467,18.289064,331.0
2025-05-31 16:00:00,solar.bun_hsc#realenergyintotheload#kwh,BUNDOORA,3.28125,12.573429,10.537261,10.225068,188.0
2025-05-31 17:00:00,solar.bun_hsc#realenergyintotheload#kwh,BUNDOORA,0.78125,3.775061,1.5996232,1.5522304,36.0
2025-05-31 18:00:00,solar.bun_hsc#realenergyintotheload#kwh,BUNDOORA,0.0,0.62756795,0.0025509507,0.0024753725,0.0
2025-05-31 19:00:00,solar.bun_hsc#realenergyintotheload#kwh,BUNDOORA,0.0,-0.011096671,0.0020518056,0.0019910156,0.0
2025-05-31 20:00:00,solar.bun_hsc#realenergyintotheload#kwh,BUNDOORA,0.0,0.008643586,0.0017614408,0.0017092536,0.0
2025-05-31 21:00:00,solar.bun_hsc#realenergyintotheload#kwh,BUNDOORA,0.0,0.0019162546,0.0014816022,0.001437706,0.0
2025-05-31 22:00:00,solar.bun_hsc#realenergyintotheload#kwh,BUNDOORA,0.0,-0.00068039267,0.0013735208,0.0013328268,0.0
2025-05-31 23:00:00,solar.bun_hsc#realenergyintotheload#kwh,BUNDOORA,0.0,0.0025655467,0.0013735208,0.0013328268,0.0
2025-06-01 00:00:00,solar.bun_hsc#realenergyintotheload#kwh,BUNDOORA,0.0,0.0039771264,0.0013735208,0.0013328268,0.0
2025-06-01 01:00:00,solar.bun_hsc#realenergyintotheload#kwh,BUNDOORA,0.0,-0.0021454152,0.002875566,0.0027903703,0.0
2025-06-01 02:00:00,solar.bun_hsc#realenergyintotheload#kwh,BUNDOORA,0.0,0.005302112,0.0013735208,0.0013328268,0.0
2025-06-01 03:00:00,solar.bun_hsc#realenergyintotheload#kwh,BUNDOORA,0.0,-0.0050332625,0.0014816022,0.001437706,0.0
2025-06-01 04:00:00,solar.bun_hsc#realenergyintotheload#kwh,BUNDOORA,0.0,-0.006858958,0.0018432514,0.0017886405,0.0
2025-06-01 05:00:00,solar.bun_hsc#realenergyintotheload#kwh,BUNDOORA,0.0,0.001874713,0.0018432514,0.0017886405,0.0
2025-06-01 06:00:00,solar.bun_hsc#realenergyintotheload#kwh,BUNDOORA,0.0,-0.0012180898,0.0029836474,0.0028952493,0.0
2025-06-01 07:00:00,solar.bun_hsc#realenergyintotheload#kwh,BUNDOORA,0.0,0.07529171,0.008951873,0.008686651,0.0
2025-06-01 08:00:00,solar.bun_hsc#realenergyintotheload#kwh,BUNDOORA,0.125,2.5364442,1.1112978,1.0783728,27.0
2025-06-01 09:00:00,solar.bun_hsc#realenergyintotheload#kwh,BUNDOORA,1.0625,3.5505881,9.706789,9.419201,178.0
2025-06-01 10:00:00,solar.bun_hsc#realenergyintotheload#kwh,BUNDOORA,4.09375,16.342464,19.277712,18.706562,325.0
2025-06-01 11:00:00,solar.bun_hsc#realenergyintotheload#kwh,BUNDOORA,14.4375,18.826937,24.961067,24.221533,434.0
2025-06-01 12:00:00,solar.bun_hsc#realenergyintotheload#kwh,BUNDOORA,21.21875,25.044233,27.403639,26.591738,493.0
2025-06-01 13:00:00,solar.bun_hsc#realenergyintotheload#kwh,BUNDOORA,27.84375,25.22977,27.433458,26.620674,495.0
2025-06-01 14:00:00,solar.bun_hsc#realenergyintotheload#kwh,BUNDOORA,24.625,15.0719595,23.875963,23.168577,432.0
2025-06-01 15:00:00,solar.bun_hsc#realenergyintotheload#kwh,BUNDOORA,14.0,18.93303,17.90344,17.373007,325.0
2025-06-01 16:00:00,solar.bun_hsc#realenergyintotheload#kwh,BUNDOORA,5.8125,6.557775,6.1663895,5.9836946,136.0
2025-06-01 17:00:00,solar.bun_hsc#realenergyintotheload#kwh,BUNDOORA,1.5625,1.3789083,1.2748939,1.2371219,30.0
2025-06-01 18:00:00,solar.bun_hsc#realenergyintotheload#kwh,BUNDOORA,0.0,0.23372026,0.022408513,0.021744605,0.0
2025-06-01 19:00:00,solar.bun_hsc#realenergyintotheload#kwh,BUNDOORA,0.0,0.019878713,0.024621787,0.023892304,0.0
2025-06-01 20:00:00,solar.bun_hsc#realenergyintotheload#kwh,BUNDOORA,0.0,0.11380926,0.023926664,0.023217777,0.0
2025-06-01 21:00:00,solar.bun_hsc#realenergyintotheload#kwh,BUNDOORA,0.0,-0.055893894,0.024888508,0.024151124,0.0
2025-06-01 22:00:00,solar.bun_hsc#realenergyintotheload#kwh,BUNDOORA,0.0,0.008160327,0.023926664,0.023217777,0.0
2025-06-01 23:00:00,solar.bun_hsc#realenergyintotheload#kwh,BUNDOORA,0.0,-0.0050432356,0.011016866,0.010690464,0.0
2025-06-02 00:00:00,solar.bun_hsc#realenergyintotheload#kwh,BUNDOORA,0.0,-0.0055722483,0.027115598,0.02631223,0.0
2025-06-02 01:00:00,solar.bun_hsc#realenergyintotheload#kwh,BUNDOORA,0.0,-0.02018656,0.026854992,0.026059346,0.0
2025-06-02 02:00:00,solar.bun_hsc#realenergyintotheload#kwh,BUNDOORA,0.0,-0.011324837,0.011634463,0.011289763,0.0
2025-06-02 03:00:00,solar.bun_hsc#realenergyintotheload#kwh,BUNDOORA,0.0,0.052944727,0.011999109,0.011643605,0.0
2025-06-02 04:00:00,solar.bun_hsc#realenergyintotheload#kwh,BUNDOORA,0.0,-0.022598289,0.029343626,0.028474247,0.0
2025-06-02 05:00:00,solar.bun_hsc#realenergyintotheload#kwh,BUNDOORA,0.0,-0.051829234,0.029343626,0.028474247,0.0
2025-06-02 06:00:00,solar.bun_hsc#realenergyintotheload#kwh,BUNDOORA,0.0,-0.022725038,0.021721506,0.021077953,0.0
2025-06-02 07:00:00,solar.bun_hsc#realenergyintotheload#kwh,BUNDOORA,0.0,0.11872938,-0.004288601,0.0,0.0
2025-06-02 08:00:00,solar.bun_hsc#realenergyintotheload#kwh,BUNDOORA,0.15625,2.235631,0.630661,0.6119761,18.0
2025-06-02 09:00:00,solar.bun_hsc#realenergyintotheload#kwh,BUNDOORA,2.3125,5.371414,7.776635,7.5462327,144.0
2025-06-02 10:00:00,solar.bun_hsc#realenergyintotheload#kwh,BUNDOORA,6.96875,16.310404,14.7653,14.327841,264.0
2025-06-02 11:00:00,solar.bun_hsc#realenergyintotheload#kwh,BUNDOORA,15.9375,15.197381,19.658012,19.075594,340.0
2025-06-02 12:00:00,solar.bun_hsc#realenergyintotheload#kwh,BUNDOORA,22.6875,27.343786,27.540184,26.724237,481.0
2025-06-02 13:00:00,solar.bun_hsc#realenergyintotheload#kwh,BUNDOORA,21.8125,24.449266,26.251417,25.473654,463.0
2025-06-02 14:00:00,solar.bun_hsc#realenergyintotheload#kwh,BUNDOORA,20.375,20.77783,24.470482,23.745483,420.0
2025-06-02 15:00:00,solar.bun_hsc#realenergyintotheload#kwh,BUNDOORA,13.0,13.184956,15.60326,15.140974,281.0
2025-06-02 16:00:00,solar.bun_hsc#realenergyintotheload#kwh,BUNDOORA,6.6875,6.0313854,5.6323266,5.465455,120.0
2025-06-02 17:00:00,solar.bun_hsc#realenergyintotheload#kwh,BUNDOORA,1.96875,1.4547541,1.1073568,1.0745486,28.0
2025-06-02 18:00:00,solar.bun_hsc#realenergyintotheload#kwh,BUNDOORA,0.0,0.15734689,0.027293844,0.026485195,0.0
2025-06-02 19:00:00,solar.bun_hsc#realenergyintotheload#kwh,BUNDOORA,0.0,-0.005029181,0.0059512565,0.0057749357,0.0
2025-06-02 20:00:00,solar.bun_hsc#realenergyintotheload#kwh,BUNDOORA,0.0,-0.031665117,0.005717143,0.005547758,0.0
2025-06-02 21:00:00,solar.bun_hsc#realenergyintotheload#kwh,BUNDOORA,0.0,0.011895109,0.0029626032,0.0028748286,0.0
2025-06-02 22:00:00,solar.bun_hsc#realenergyintotheload#kwh,BUNDOORA,0.0,0.019959496,0.0030792765,0.0029880453,0.0
2025-06-02 23:00:00,solar.bun_hsc#realenergyintotheload#kwh,BUNDOORA,0.0,-0.007914564,0.00400707,0.0038883504,0.0
2025-06-03 00:00:00,solar.bun_hsc#realenergyintotheload#kwh,BUNDOORA,0.0,-0.11596319,0.0030313176,0.0029415071,0.0
2025-06-03 01:00:00,solar.bun_hsc#realenergyintotheload#kwh,BUNDOORA,0.0,-0.0029341788,0.0034642518,0.0033616147,0.0
2025-06-03 02:00:00,solar.bun_hsc#realenergyintotheload#kwh,BUNDOORA,0.0,-0.0076254006,0.004013831,0.003894911,0.0
2025-06-03 03:00:00,solar.bun_hsc#realenergyintotheload#kwh,BUNDOORA,0.0,-0.016880633,0.0034642518,0.0033616147,0.0
2025-06-03 04:00:00,solar.bun_hsc#realenergyintotheload#kwh,BUNDOORA,0.0,-0.0221273,0.0045092776,0.004375679,0.0
2025-06-03 05:00:00,solar.bun_hsc#realenergyintotheload#kwh,BUNDOORA,0.0,0.0019631784,0.002973421,0.002885326,0.0
2025-06-03 06:00:00,solar.bun_hsc#realenergyintotheload#kwh,BUNDOORA,0.0,0.013758929,0.002973421,0.002885326,0.0
2025-06-03 07:00:00,solar.bun_hsc#realenergyintotheload#kwh,BUNDOORA,0.0,0.23818816,0.0048934217,0.0047484417,0.0
2025-06-03 08:00:00,solar.bun_hsc#realenergyintotheload#kwh,BUNDOORA,0.03125,0.34527797,0.38763714,0.37615243,13.0
2025-06-03 09:00:00,solar.bun_hsc#realenergyintotheload#kwh,BUNDOORA,2.0625,1.3190933,3.242663,3.146591,78.0
2025-06-03 10:00:00,solar.bun_hsc#realenergyintotheload#kwh,BUNDOORA,3.5625,3.9606812,7.525981,7.3030047,145.0
2025-06-03 11:00:00,solar.bun_hsc#realenergyintotheload#kwh,BUNDOORA,7.53125,7.8938193,10.443108,10.133704,196.0
2025-06-03 12:00:00,solar.bun_hsc#realenergyintotheload#kwh,BUNDOORA,8.375,9.294075,8.532738,8.279934,165.0
2025-06-03 13:00:00,solar.bun_hsc#realenergyintotheload#kwh,BUNDOORA,8.65625,9.200077,11.129915,10.800163,206.0
2025-06-03 14:00:00,solar.bun_hsc#realenergyintotheload#kwh,BUNDOORA,13.5,12.854976,18.78135,18.224905,325.0
2025-06-03 15:00:00,solar.bun_hsc#realenergyintotheload#kwh,BUNDOORA,9.5,9.009686,10.404825,10.096557,199.0
2025-06-03 16:00:00,solar.bun_hsc#realenergyintotheload#kwh,BUNDOORA,4.9375,5.1405044,3.451717,3.349451,73.0
2025-06-03 17:00:00,solar.bun_hsc#realenergyintotheload#kwh,BUNDOORA,0.65625,2.8119297,0.7488114,0.72662604,20.0
2025-06-03 18:00:00,solar.bun_hsc#realenergyintotheload#kwh,BUNDOORA,0.0,0.40826938,0.004994964,0.004846976,0.0
2025-06-03 19:00:00,solar.bun_hsc#realenergyintotheload#kwh,BUNDOORA,0.0,0.027778082,0.004994964,0.004846976,0.0
2025-06-03 20:00:00,solar.bun_hsc#realenergyintotheload#kwh,BUNDOORA,0.0,0.0098348465,0.004604648,0.0044682235,0.0
2025-06-03 21:00:00,solar.bun_hsc#realenergyintotheload#kwh,BUNDOORA,0.0,-0.008879397,0.003215301,0.0031200398,0.0
2025-06-03 22:00:00,solar.bun_hsc#realenergyintotheload#kwh,BUNDOORA,0.0,-0.00020373048,0.0015085244,0.0014638306,0.0
2025-06-03 23:00:00,solar.bun_hsc#realenergyintotheload#kwh,BUNDOORA,0.0,0.007979749,0.0045092776,0.004375679,0.0
2025-06-04 00:00:00,solar.bun_hsc#realenergyintotheload#kwh,BUNDOORA,0.0,-0.018936682,0.0039184606,0.0038023663,0.0
2025-06-04 01:00:00,solar.bun_hsc#realenergyintotheload#kwh,BUNDOORA,0.0,-0.008737579,0.003215301,0.0031200398,0.0
2025-06-04 02:00:00,solar.bun_hsc#realenergyintotheload#kwh,BUNDOORA,0.0,0.007979749,0.0045092776,0.004375679,0.0
2025-06-04 03:00:00,solar.bun_hsc#realenergyintotheload#kwh,BUNDOORA,0.0,0.007837931,0.0045092776,0.004375679,0.0
2025-06-04 04:00:00,solar.bun_hsc#realenergyintotheload#kwh,BUNDOORA,0.0,-0.012124062,0.0033688813,0.0032690698,0.0
2025-06-04 05:00:00,solar.bun_hsc#realenergyintotheload#kwh,BUNDOORA,0.0,-0.016262311,0.003102602,0.0030106797,0.0
2025-06-04 06:00:00,solar.bun_hsc#realenergyintotheload#kwh,BUNDOORA,0.0,-0.11879989,0.003102602,0.0030106797,0.0
2025-06-04 07:00:00,solar.bun_hsc#realenergyintotheload#kwh,BUNDOORA,0.0,-0.089948654,0.003102602,0.0030106797,0.0
2025-06-04 08:00:00,solar.bun_hsc#realenergyintotheload#kwh,BUNDOORA,0.09375,0.5073786,0.9323527,0.9047294,23.0
2025-06-04 09:00:00,solar.bun_hsc#realenergyintotheload#kwh,BUNDOORA,1.59375,1.1113969,9.406286,9.127602,171.0
2025-06-04 10:00:00,solar.bun_hsc#realenergyintotheload#kwh,BUNDOORA,4.4375,8.145743,18.239061,17.698683,315.0
2025-06-04 11:00:00,solar.bun_hsc#realenergyintotheload#kwh,BUNDOORA,9.96875,15.306581,18.26216,17.721098,321.0
2025-06-04 12:00:00,solar.bun_hsc#realenergyintotheload#kwh,BUNDOORA,13.96875,18.320442,18.726158,18.171349,326.0
2025-06-04 13:00:00,solar.bun_hsc#realenergyintotheload#kwh,BUNDOORA,15.0625,15.284643,14.19514,13.774573,265.0
2025-06-04 14:00:00,solar.bun_hsc#realenergyintotheload#kwh,BUNDOORA,12.3125,11.899731,11.126284,10.796639,210.0
2025-06-04 15:00:00,solar.bun_hsc#realenergyintotheload#kwh,BUNDOORA,6.71875,7.48432,9.482685,9.201736,180.0
2025-06-04 16:00:00,solar.bun_hsc#realenergyintotheload#kwh,BUNDOORA,3.375,3.2531624,4.4078794,4.277285,90.0
2025-06-04 17:00:00,solar.bun_hsc#realenergyintotheload#kwh,BUNDOORA,1.09375,1.837902,0.7396342,0.7177207,20.0
2025-06-04 18:00:00,solar.bun_hsc#realenergyintotheload#kwh,BUNDOORA,0.0,0.38077164,0.0057033217,0.0055343467,0.0
2025-06-04 19:00:00,solar.bun_hsc#realenergyintotheload#kwh,BUNDOORA,0.0,0.02174946,0.001771967,0.001719468,0.0
2025-06-04 20:00:00,solar.bun_hsc#realenergyintotheload#kwh,BUNDOORA,0.0,0.0056301826,0.00173517,0.0016837612,0.0
2025-06-04 21:00:00,solar.bun_hsc#realenergyintotheload#kwh,BUNDOORA,0.0,-0.005914354,0.0018432514,0.0017886405,0.0
2025-06-04 22:00:00,solar.bun_hsc#realenergyintotheload#kwh,BUNDOORA,0.0,-0.006973727,0.0014816022,0.001437706,0.0
2025-06-04 23:00:00,solar.bun_hsc#realenergyintotheload#kwh,BUNDOORA,0.0,-0.018194636,0.0016533594,0.0016043745,0.0
2025-06-05 00:00:00,solar.bun_hsc#realenergyintotheload#kwh,BUNDOORA,0.0,-0.021568723,0.0020150086,0.001955309,0.0
2025-06-05 01:00:00,solar.bun_hsc#realenergyintotheload#kwh,BUNDOORA,0.0,-0.00955973,0.0020150086,0.001955309,0.0
2025-06-05 02:00:00,solar.bun_hsc#realenergyintotheload#kwh,BUNDOORA,0.0,-0.017730955,0.00173517,0.0016837612,0.0
2025-06-05 03:00:00,solar.bun_hsc#realenergyintotheload#kwh,BUNDOORA,0.0,-0.017274396,0.00173517,0.0016837612,0.0
2025-06-05 04:00:00,solar.bun_hsc#realenergyintotheload#kwh,BUNDOORA,0.0,-0.008654487,0.0025645876,0.0024886052,0.0
2025-06-05 05:00:00,solar.bun_hsc#realenergyintotheload#kwh,BUNDOORA,0.0,-0.017274396,0.0016533594,0.0016043745,0.0
2025-06-05 06:00:00,solar.bun_hsc#realenergyintotheload#kwh,BUNDOORA,0.0,-0.017274396,0.0016533594,0.0016043745,0.0
2025-06-05 07:00:00,solar.bun_hsc#realenergyintotheload#kwh,BUNDOORA,0.0,-0.015490513,0.0020150086,0.001955309,0.0
2025-06-05 08:00:00,solar.bun_hsc#realenergyintotheload#kwh,BUNDOORA,0.15625,-0.072707064,0.93625987,0.9085208,23.0
2025-06-05 09:00:00,solar.bun_hsc#realenergyintotheload#kwh,BUNDOORA,2.03125,0.6887287,9.19718,8.92469,170.0
2025-06-05 10:00:00,solar.bun_hsc#realenergyintotheload#kwh,BUNDOORA,4.4375,9.353963,18.448322,17.901745,314.0
2025-06-05 11:00:00,solar.bun_hsc#realenergyintotheload#kwh,BUNDOORA,13.25,15.38894,25.114288,24.370214,422.0
2025-06-05 12:00:00,solar.bun_hsc#realenergyintotheload#kwh,BUNDOORA,23.1875,12.672906,28.333136,27.493696,481.0
2025-06-05 13:00:00,solar.bun_hsc#realenergyintotheload#kwh,BUNDOORA,28.65625,10.814418,27.87524,27.049366,483.0
2025-06-05 14:00:00,solar.bun_hsc#realenergyintotheload#kwh,BUNDOORA,26.25,15.070295,25.429699,24.676281,429.0
2025-06-05 15:00:00,solar.bun_hsc#realenergyintotheload#kwh,BUNDOORA,11.125,11.577829,17.23386,16.723265,303.0
2025-06-05 16:00:00,solar.bun_hsc#realenergyintotheload#kwh,BUNDOORA,3.0,7.140062,9.72982,9.44155,179.0
2025-06-05 17:00:00,solar.bun_hsc#realenergyintotheload#kwh,BUNDOORA,2.0,1.990209,1.0571903,1.0258684,26.0
2025-06-05 18:00:00,solar.bun_hsc#realenergyintotheload#kwh,BUNDOORA,0.03125,0.51636016,0.011999109,0.011643605,0.0
2025-06-05 19:00:00,solar.bun_hsc#realenergyintotheload#kwh,BUNDOORA,0.0,-0.013701013,0.02775646,0.026934106,0.0
2025-06-05 20:00:00,solar.bun_hsc#realenergyintotheload#kwh,BUNDOORA,0.0,0.006321393,0.025170758,0.024425011,0.0
2025-06-05 21:00:00,solar.bun_hsc#realenergyintotheload#kwh,BUNDOORA,0.0,0.006321393,0.033766974,0.032766543,0.0
2025-06-05 22:00:00,solar.bun_hsc#realenergyintotheload#kwh,BUNDOORA,0.0,0.05652133,0.018862762,0.018303905,0.0
2025-06-05 23:00:00,solar.bun_hsc#realenergyintotheload#kwh,BUNDOORA,0.0,0.060874622,0.032173786,0.031220557,0.0
2025-06-06 00:00:00,solar.bun_hsc#realenergyintotheload#kwh,BUNDOORA,0.0,0.1501939,0.007942951,0.0077076214,0.0
2025-06-06 01:00:00,solar.bun_hsc#realenergyintotheload#kwh,BUNDOORA,0.0,0.006889995,0.0052832486,0.0051267194,0.0
2025-06-06 02:00:00,solar.bun_hsc#realenergyintotheload#kwh,BUNDOORA,0.0,0.019767929,0.02485523,0.024118831,0.0
2025-06-06 03:00:00,solar.bun_hsc#realenergyintotheload#kwh,BUNDOORA,0.0,0.019767929,0.038391147,0.03725371,0.0
2025-06-06 04:00:00,solar.bun_hsc#realenergyintotheload#kwh,BUNDOORA,0.0,0.019767929,0.038391147,0.03725371,0.0
2025-06-06 05:00:00,solar.bun_hsc#realenergyintotheload#kwh,BUNDOORA,0.0,0.0026794933,0.02431156,0.023591269,0.0
2025-06-06 06:00:00,solar.bun_hsc#realenergyintotheload#kwh,BUNDOORA,0.0,0.005134305,0.024821395,0.024085999,0.0
2025-06-06 07:00:00,solar.bun_hsc#realenergyintotheload#kwh,BUNDOORA,0.0,0.22934684,0.024808567,0.02407355,0.0
2025-06-06 08:00:00,solar.bun_hsc#realenergyintotheload#kwh,BUNDOORA,0.0,0.6941738,0.42045286,0.4079959,12.0
2025-06-06 09:00:00,solar.bun_hsc#realenergyintotheload#kwh,BUNDOORA,1.375,4.0712695,3.5166945,3.4125037,74.0
2025-06-06 10:00:00,solar.bun_hsc#realenergyintotheload#kwh,BUNDOORA,3.25,5.402071,5.5588293,5.394135,112.0
2025-06-06 11:00:00,solar.bun_hsc#realenergyintotheload#kwh,BUNDOORA,3.21875,7.9756413,7.7687817,7.538612,148.0
2025-06-06 12:00:00,solar.bun_hsc#realenergyintotheload#kwh,BUNDOORA,2.53125,3.4466112,5.361196,5.2023573,104.0
2025-06-06 13:00:00,solar.bun_hsc#realenergyintotheload#kwh,BUNDOORA,3.4375,5.8478565,6.8631525,6.6598144,136.0
2025-06-06 14:00:00,solar.bun_hsc#realenergyintotheload#kwh,BUNDOORA,3.5,5.546731,5.3401666,5.1819506,104.0
2025-06-06 15:00:00,solar.bun_hsc#realenergyintotheload#kwh,BUNDOORA,4.21875,3.5434802,3.9346778,3.818103,77.0
2025-06-06 16:00:00,solar.bun_hsc#realenergyintotheload#kwh,BUNDOORA,1.4375,2.4901867,2.080676,2.0190308,45.0
2025-06-06 17:00:00,solar.bun_hsc#realenergyintotheload#kwh,BUNDOORA,1.34375,1.7778997,0.6470052,0.62783605,17.0
2025-06-06 18:00:00,solar.bun_hsc#realenergyintotheload#kwh,BUNDOORA,0.03125,0.24784991,0.03009442,0.029202798,0.0
2025-06-06 19:00:00,solar.bun_hsc#realenergyintotheload#kwh,BUNDOORA,0.0,0.12167835,0.023219526,0.02253159,0.0
2025-06-06 20:00:00,solar.bun_hsc#realenergyintotheload#kwh,BUNDOORA,0.0,-0.033015832,0.024516795,0.023790423,0.0
2025-06-06 21:00:00,solar.bun_hsc#realenergyintotheload#kwh,BUNDOORA,0.0,-0.009258555,0.0048456676,0.0047021024,0.0
2025-06-06 22:00:00,solar.bun_hsc#realenergyintotheload#kwh,BUNDOORA,0.0,-0.017611466,0.002441296,0.0023689664,0.0
2025-06-06 23:00:00,solar.bun_hsc#realenergyintotheload#kwh,BUNDOORA,0.0,-0.030271633,0.0026278668,0.0025500096,0.0
2025-06-07 00:00:00,solar.bun_hsc#realenergyintotheload#kwh,BUNDOORA,0.0,0.008547712,0.0033409393,0.0032419555,0.0
2025-06-07 01:00:00,solar.bun_hsc#realenergyintotheload#kwh,BUNDOORA,0.0,-0.0081435405,0.005366932,0.0052079232,0.0
2025-06-07 02:00:00,solar.bun_hsc#realenergyintotheload#kwh,BUNDOORA,0.0,0.006482737,0.005729941,0.0055601774,0.0
2025-06-07 03:00:00,solar.bun_hsc#realenergyintotheload#kwh,BUNDOORA,0.0,-0.010468045,0.0037101638,0.003600241,0.0
2025-06-07 04:00:00,solar.bun_hsc#realenergyintotheload#kwh,BUNDOORA,0.0,-0.0121103935,0.0047020083,0.0045626997,0.0
2025-06-07 05:00:00,solar.bun_hsc#realenergyintotheload#kwh,BUNDOORA,0.0,-0.007871399,0.0028986733,0.0028127928,0.0
2025-06-07 06:00:00,solar.bun_hsc#realenergyintotheload#kwh,BUNDOORA,0.0,-0.007871399,0.0028986733,0.0028127928,0.0
2025-06-07 07:00:00,solar.bun_hsc#realenergyintotheload#kwh,BUNDOORA,0.0,0.057337113,0.003194112,0.0030994785,0.0
2025-06-07 08:00:00,solar.bun_hsc#realenergyintotheload#kwh,BUNDOORA,0.15625,0.7074269,0.18180282,0.17641646,8.0
2025-06-07 09:00:00,solar.bun_hsc#realenergyintotheload#kwh,BUNDOORA,1.21875,4.3362837,0.97835034,0.94936424,21.0
2025-06-07 10:00:00,solar.bun_hsc#realenergyintotheload#kwh,BUNDOORA,2.09375,4.3837337,2.481359,2.4078426,54.0
2025-06-07 11:00:00,solar.bun_hsc#realenergyintotheload#kwh,BUNDOORA,3.84375,7.192304,7.822466,7.590706,151.0
2025-06-07 12:00:00,solar.bun_hsc#realenergyintotheload#kwh,BUNDOORA,11.65625,10.739291,13.552163,13.150646,256.0
2025-06-07 13:00:00,solar.bun_hsc#realenergyintotheload#kwh,BUNDOORA,17.5625,12.481866,15.458304,15.000314,273.0
2025-06-07 14:00:00,solar.bun_hsc#realenergyintotheload#kwh,BUNDOORA,11.375,8.824513,9.119796,8.849599,182.0
2025-06-07 15:00:00,solar.bun_hsc#realenergyintotheload#kwh,BUNDOORA,10.3125,11.859611,9.044574,8.776606,183.0
2025-06-07 16:00:00,solar.bun_hsc#realenergyintotheload#kwh,BUNDOORA,2.53125,4.931995,2.184163,2.1194518,46.0
2025-06-07 17:00:00,solar.bun_hsc#realenergyintotheload#kwh,BUNDOORA,0.15625,2.9285839,0.15358688,0.14903648,7.0
2025-06-07 18:00:00,solar.bun_hsc#realenergyintotheload#kwh,BUNDOORA,0.0,0.5505598,0.0049742316,0.0048268577,0.0
2025-06-07 19:00:00,solar.bun_hsc#realenergyintotheload#kwh,BUNDOORA,0.0,0.015427735,0.004947914,0.0048013194,0.0
2025-06-07 20:00:00,solar.bun_hsc#realenergyintotheload#kwh,BUNDOORA,0.0,0.019738829,0.004488545,0.0043555605,0.0
2025-06-07 21:00:00,solar.bun_hsc#realenergyintotheload#kwh,BUNDOORA,0.0,0.0023682131,0.004488545,0.0043555605,0.0
2025-06-07 22:00:00,solar.bun_hsc#realenergyintotheload#kwh,BUNDOORA,0.0,0.024002124,0.0046071326,0.0044706347,0.0
2025-06-07 23:00:00,solar.bun_hsc#realenergyintotheload#kwh,BUNDOORA,0.0,0.012924749,0.0028876443,0.0028020907,0.0
2025-06-08 00:00:00,solar.bun_hsc#realenergyintotheload#kwh,BUNDOORA,0.0,0.013917549,0.002973421,0.002885326,0.0
2025-06-08 01:00:00,solar.bun_hsc#realenergyintotheload#kwh,BUNDOORA,0.0,0.0035550478,0.002284749,0.0022170576,0.0
2025-06-08 02:00:00,solar.bun_hsc#realenergyintotheload#kwh,BUNDOORA,0.0,0.004520946,0.0025801277,0.002503685,0.0
2025-06-08 03:00:00,solar.bun_hsc#realenergyintotheload#kwh,BUNDOORA,0.0,0.004520946,0.0026779831,0.0025986412,0.0
2025-06-08 04:00:00,solar.bun_hsc#realenergyintotheload#kwh,BUNDOORA,0.0,-0.012714617,0.004783983,0.0046422454,0.0
2025-06-08 05:00:00,solar.bun_hsc#realenergyintotheload#kwh,BUNDOORA,0.0,-0.011678781,0.0043906895,0.0042606043,0.0
2025-06-08 06:00:00,solar.bun_hsc#realenergyintotheload#kwh,BUNDOORA,0.0,0.012301636,0.0048763766,0.004731902,0.0
2025-06-08 07:00:00,solar.bun_hsc#realenergyintotheload#kwh,BUNDOORA,0.0,0.054109022,0.0045092776,0.004375679,0.0
2025-06-08 08:00:00,solar.bun_hsc#realenergyintotheload#kwh,BUNDOORA,0.0,0.16937949,0.35065097,0.34026206,10.0
2025-06-08 09:00:00,solar.bun_hsc#realenergyintotheload#kwh,BUNDOORA,0.96875,1.6350378,0.57616156,0.5590913,12.0
2025-06-08 10:00:00,solar.bun_hsc#realenergyintotheload#kwh,BUNDOORA,1.375,1.5009558,4.801699,4.6594367,95.0
2025-06-08 11:00:00,solar.bun_hsc#realenergyintotheload#kwh,BUNDOORA,3.375,4.0219426,8.888514,8.625169,169.0
2025-06-08 12:00:00,solar.bun_hsc#realenergyintotheload#kwh,BUNDOORA,4.375,4.271928,3.9785564,3.8606818,80.0
2025-06-08 13:00:00,solar.bun_hsc#realenergyintotheload#kwh,BUNDOORA,9.28125,7.282514,6.425736,6.2353573,129.0
2025-06-08 14:00:00,solar.bun_hsc#realenergyintotheload#kwh,BUNDOORA,5.375,5.1865516,4.418185,4.2872853,89.0
2025-06-08 15:00:00,solar.bun_hsc#realenergyintotheload#kwh,BUNDOORA,2.09375,2.4169528,2.360209,2.2902818,52.0
2025-06-08 16:00:00,solar.bun_hsc#realenergyintotheload#kwh,BUNDOORA,1.34375,1.4781791,2.120991,2.0581512,48.0
2025-06-08 17:00:00,solar.bun_hsc#realenergyintotheload#kwh,BUNDOORA,0.21875,1.1474247,0.20332898,0.19730484,8.0
2025-06-08 18:00:00,solar.bun_hsc#realenergyintotheload#kwh,BUNDOORA,0.0,0.20262556,0.0029642726,0.0028764487,0.0
2025-06-08 19:00:00,solar.bun_hsc#realenergyintotheload#kwh,BUNDOORA,0.0,-0.003011016,0.0026779831,0.0025986412,0.0
2025-06-08 20:00:00,solar.bun_hsc#realenergyintotheload#kwh,BUNDOORA,0.0,-0.003011016,0.0029642726,0.0028764487,0.0
2025-06-08 21:00:00,solar.bun_hsc#realenergyintotheload#kwh,BUNDOORA,0.0,-0.0020011887,0.0032597105,0.0031631335,0.0
2025-06-08 22:00:00,solar.bun_hsc#realenergyintotheload#kwh,BUNDOORA,0.0,0.00506984,0.0032597105,0.0031631335,0.0
2025-06-08 23:00:00,solar.bun_hsc#realenergyintotheload#kwh,BUNDOORA,0.0,-0.0020011887,0.0032597105,0.0031631335,0.0
2025-06-09 00:00:00,solar.bun_hsc#realenergyintotheload#kwh,BUNDOORA,0.0,0.026401002,0.0032597105,0.0031631335,0.0
2025-06-09 01:00:00,solar.bun_hsc#realenergyintotheload#kwh,BUNDOORA,0.0,-0.0145330075,0.0055313534,0.0053674732,0.0
2025-06-09 02:00:00,solar.bun_hsc#realenergyintotheload#kwh,BUNDOORA,0.0,0.03566006,0.003908932,0.0037931204,0.0
2025-06-09 03:00:00,solar.bun_hsc#realenergyintotheload#kwh,BUNDOORA,0.0,0.0061153853,0.003790344,0.0036780457,0.0
2025-06-09 04:00:00,solar.bun_hsc#realenergyintotheload#kwh,BUNDOORA,0.0,0.0038822633,0.003790344,0.0036780457,0.0
2025-06-09 05:00:00,solar.bun_hsc#realenergyintotheload#kwh,BUNDOORA,0.0,-0.0144581925,0.003908932,0.0037931204,0.0
2025-06-09 06:00:00,solar.bun_hsc#realenergyintotheload#kwh,BUNDOORA,0.0,0.03269162,0.003908932,0.0037931204,0.0
2025-06-09 07:00:00,solar.bun_hsc#realenergyintotheload#kwh,BUNDOORA,0.0,0.053623118,0.004394619,0.004264417,0.0
2025-06-09 08:00:00,solar.bun_hsc#realenergyintotheload#kwh,BUNDOORA,0.0,0.2364051,0.35110822,0.34070575,11.0
2025-06-09 09:00:00,solar.bun_hsc#realenergyintotheload#kwh,BUNDOORA,1.25,0.11344011,2.5730247,2.4967926,67.0
2025-06-09 10:00:00,solar.bun_hsc#realenergyintotheload#kwh,BUNDOORA,2.6875,0.7064633,6.305277,6.1184673,129.0
2025-06-09 11:00:00,solar.bun_hsc#realenergyintotheload#kwh,BUNDOORA,4.25,3.7147346,6.131149,5.949498,118.0
2025-06-09 12:00:00,solar.bun_hsc#realenergyintotheload#kwh,BUNDOORA,6.71875,9.045331,11.61828,11.27406,225.0
2025-06-09 13:00:00,solar.bun_hsc#realenergyintotheload#kwh,BUNDOORA,18.6875,8.935516,14.99088,14.546738,286.0
2025-06-09 14:00:00,solar.bun_hsc#realenergyintotheload#kwh,BUNDOORA,13.09375,10.000502,14.68475,14.249677,274.0
2025-06-09 15:00:00,solar.bun_hsc#realenergyintotheload#kwh,BUNDOORA,5.0,9.899253,11.150997,10.820621,252.0
2025-06-09 16:00:00,solar.bun_hsc#realenergyintotheload#kwh,BUNDOORA,3.625,4.8259463,4.58489,4.449051,105.0
2025-06-09 17:00:00,solar.bun_hsc#realenergyintotheload#kwh,BUNDOORA,0.84375,1.6828653,1.0909202,1.058599,27.0
2025-06-09 18:00:00,solar.bun_hsc#realenergyintotheload#kwh,BUNDOORA,0.0,0.23938441,0.004343979,0.0042152777,0.0
2025-06-09 19:00:00,solar.bun_hsc#realenergyintotheload#kwh,BUNDOORA,0.0,0.014555497,0.0026036655,0.0025265254,0.0
2025-06-09 20:00:00,solar.bun_hsc#realenergyintotheload#kwh,BUNDOORA,0.0,0.014714116,0.0026036655,0.0025265254,0.0
2025-06-09 21:00:00,solar.bun_hsc#realenergyintotheload#kwh,BUNDOORA,0.0,0.00632734,0.0026036655,0.0025265254,0.0
2025-06-09 22:00:00,solar.bun_hsc#realenergyintotheload#kwh,BUNDOORA,0.0,0.002365765,0.0038976423,0.0037821648,0.0
2025-06-09 23:00:00,solar.bun_hsc#realenergyintotheload#kwh,BUNDOORA,0.0,-0.005210859,0.0038976423,0.0037821648,0.0
2025-06-10 00:00:00,solar.bun_hsc#realenergyintotheload#kwh,BUNDOORA,0.0,-0.005210859,0.0038976423,0.0037821648,0.0
2025-06-10 01:00:00,solar.bun_hsc#realenergyintotheload#kwh,BUNDOORA,0.0,-0.004705262,0.0026688934,0.002589821,0.0
2025-06-10 02:00:00,solar.bun_hsc#realenergyintotheload#kwh,BUNDOORA,0.0,0.030551026,0.0021193153,0.0020565253,0.0
2025-06-10 03:00:00,solar.bun_hsc#realenergyintotheload#kwh,BUNDOORA,0.0,-0.0014955921,0.0026688934,0.002589821,0.0
2025-06-10 04:00:00,solar.bun_hsc#realenergyintotheload#kwh,BUNDOORA,0.0,-0.0020011887,0.002973421,0.002885326,0.0
2025-06-10 05:00:00,solar.bun_hsc#realenergyintotheload#kwh,BUNDOORA,0.0,-0.0020011887,0.002973421,0.002885326,0.0
2025-06-10 06:00:00,solar.bun_hsc#realenergyintotheload#kwh,BUNDOORA,0.0,0.0026686394,0.0016794458,0.0016296881,0.0
2025-06-10 07:00:00,solar.bun_hsc#realenergyintotheload#kwh,BUNDOORA,0.0,0.006604474,0.002973421,0.002885326,0.0
2025-06-10 08:00:00,solar.bun_hsc#realenergyintotheload#kwh,BUNDOORA,0.0625,0.022569861,0.34911513,0.33877173,10.0
2025-06-10 09:00:00,solar.bun_hsc#realenergyintotheload#kwh,BUNDOORA,1.125,0.083308354,7.278249,7.0626125,148.0
2025-06-10 10:00:00,solar.bun_hsc#realenergyintotheload#kwh,BUNDOORA,2.9375,0.29153156,14.807132,14.368433,294.0
2025-06-10 11:00:00,solar.bun_hsc#realenergyintotheload#kwh,BUNDOORA,12.34375,3.9997127,20.45393,19.84793,401.0
2025-06-10 12:00:00,solar.bun_hsc#realenergyintotheload#kwh,BUNDOORA,18.0,11.698914,18.91134,18.351046,352.0
2025-06-10 13:00:00,solar.bun_hsc#realenergyintotheload#kwh,BUNDOORA,17.375,13.26809,24.033665,23.321608,407.0
2025-06-10 14:00:00,solar.bun_hsc#realenergyintotheload#kwh,BUNDOORA,21.8125,18.725405,16.15992,15.681142,282.0
2025-06-10 15:00:00,solar.bun_hsc#realenergyintotheload#kwh,BUNDOORA,8.3125,20.174343,13.986099,13.571726,255.0
2025-06-10 16:00:00,solar.bun_hsc#realenergyintotheload#kwh,BUNDOORA,4.5,7.0821075,4.445922,4.3142004,92.0
2025-06-10 17:00:00,solar.bun_hsc#realenergyintotheload#kwh,BUNDOORA,0.90625,1.1735588,0.93553764,0.90782,23.0
2025-06-10 18:00:00,solar.bun_hsc#realenergyintotheload#kwh,BUNDOORA,0.0,0.21290363,0.0032597105,0.0031631335,0.0
2025-06-10 19:00:00,solar.bun_hsc#realenergyintotheload#kwh,BUNDOORA,0.0,-0.0014955921,0.002382604,0.0023120134,0.0
2025-06-10 20:00:00,solar.bun_hsc#realenergyintotheload#kwh,BUNDOORA,0.0,-0.0042588874,0.002875566,0.0027903703,0.0
2025-06-10 21:00:00,solar.bun_hsc#realenergyintotheload#kwh,BUNDOORA,0.0,-0.0024099124,0.002875566,0.0027903703,0.0
2025-06-10 22:00:00,solar.bun_hsc#realenergyintotheload#kwh,BUNDOORA,0.0,-0.0019043158,0.002284749,0.0022170576,0.0
2025-06-10 23:00:00,solar.bun_hsc#realenergyintotheload#kwh,BUNDOORA,0.0,-0.0020128624,0.00173517,0.0016837612,0.0
2025-06-11 00:00:00,solar.bun_hsc#realenergyintotheload#kwh,BUNDOORA,0.0,-0.0006570203,0.002875566,0.0027903703,0.0
2025-06-11 01:00:00,solar.bun_hsc#realenergyintotheload#kwh,BUNDOORA,0.0,0.004012807,0.002284749,0.0022170576,0.0
2025-06-11 02:00:00,solar.bun_hsc#realenergyintotheload#kwh,BUNDOORA,0.0,0.004193859,0.0013735208,0.0013328268,0.0
2025-06-11 03:00:00,solar.bun_hsc#realenergyintotheload#kwh,BUNDOORA,0.0,0.004193859,0.0013735208,0.0013328268,0.0
2025-06-11 04:00:00,solar.bun_hsc#realenergyintotheload#kwh,BUNDOORA,0.0,0.004193859,0.0013735208,0.0013328268,0.0
2025-06-11 05:00:00,solar.bun_hsc#realenergyintotheload#kwh,BUNDOORA,0.0,0.0036938656,0.0013735208,0.0013328268,0.0
2025-06-11 06:00:00,solar.bun_hsc#realenergyintotheload#kwh,BUNDOORA,0.0,-0.007297048,0.0013735208,0.0013328268,0.0
2025-06-11 07:00:00,solar.bun_hsc#realenergyintotheload#kwh,BUNDOORA,0.0,0.006048581,0.0013735208,0.0013328268,0.0
2025-06-11 08:00:00,solar.bun_hsc#realenergyintotheload#kwh,BUNDOORA,0.0625,0.08394372,0.57989776,0.56271684,16.0
2025-06-11 09:00:00,solar.bun_hsc#realenergyintotheload#kwh,BUNDOORA,0.9375,0.19556543,7.385754,7.1669326,152.0
2025-06-11 10:00:00,solar.bun_hsc#realenergyintotheload#kwh,BUNDOORA,3.4375,2.047101,15.281517,14.828764,295.0
2025-06-11 11:00:00,solar.bun_hsc#realenergyintotheload#kwh,BUNDOORA,11.90625,6.72966,22.173742,21.51679,403.0
2025-06-11 12:00:00,solar.bun_hsc#realenergyintotheload#kwh,BUNDOORA,15.4375,17.966543,20.91058,20.291052,360.0
2025-06-11 13:00:00,solar.bun_hsc#realenergyintotheload#kwh,BUNDOORA,19.6875,16.16595,20.783978,20.1682,363.0
2025-06-11 14:00:00,solar.bun_hsc#realenergyintotheload#kwh,BUNDOORA,11.0625,14.281612,12.602771,12.2293825,223.0
2025-06-11 15:00:00,solar.bun_hsc#realenergyintotheload#kwh,BUNDOORA,8.71875,8.192789,6.089438,5.9090233,120.0
2025-06-11 16:00:00,solar.bun_hsc#realenergyintotheload#kwh,BUNDOORA,3.15625,7.9644427,7.298723,7.0824804,141.0
2025-06-11 17:00:00,solar.bun_hsc#realenergyintotheload#kwh,BUNDOORA,0.78125,1.7997109,0.7642101,0.74156845,20.0
2025-06-11 18:00:00,solar.bun_hsc#realenergyintotheload#kwh,BUNDOORA,0.0,0.121653676,0.0021128645,0.0020502657,0.0
2025-06-11 19:00:00,solar.bun_hsc#realenergyintotheload#kwh,BUNDOORA,0.0,-0.001718008,0.0021128645,0.0020502657,0.0
2025-06-11 20:00:00,solar.bun_hsc#realenergyintotheload#kwh,BUNDOORA,0.0,-0.0041002664,0.002284749,0.0022170576,0.0
2025-06-11 21:00:00,solar.bun_hsc#realenergyintotheload#kwh,BUNDOORA,0.0,0.0041213534,0.00173517,0.0016837612,0.0
2025-06-11 22:00:00,solar.bun_hsc#realenergyintotheload#kwh,BUNDOORA,0.0,0.0041213534,0.0013735208,0.0013328268,0.0
2025-06-11 23:00:00,solar.bun_hsc#realenergyintotheload#kwh,BUNDOORA,0.0,0.004012807,0.00173517,0.0016837612,0.0
2025-06-12 00:00:00,solar.bun_hsc#realenergyintotheload#kwh,BUNDOORA,0.0,0.0036938656,0.0013735208,0.0013328268,0.0
2025-06-12 01:00:00,solar.bun_hsc#realenergyintotheload#kwh,BUNDOORA,0.0,0.0015484972,0.00173517,0.0016837612,0.0
2025-06-12 02:00:00,solar.bun_hsc#realenergyintotheload#kwh,BUNDOORA,0.0,-0.0070786076,0.0013735208,0.0013328268,0.0
2025-06-12 03:00:00,solar.bun_hsc#realenergyintotheload#kwh,BUNDOORA,0.0,-0.0069628656,0.0013735208,0.0013328268,0.0
2025-06-12 04:00:00,solar.bun_hsc#realenergyintotheload#kwh,BUNDOORA,0.0,-0.005837618,0.0013735208,0.0013328268,0.0
2025-06-12 05:00:00,solar.bun_hsc#realenergyintotheload#kwh,BUNDOORA,0.0,-0.005837618,0.0013735208,0.0013328268,0.0
2025-06-12 06:00:00,solar.bun_hsc#realenergyintotheload#kwh,BUNDOORA,0.0,-0.005837618,0.0013735208,0.0013328268,0.0
2025-06-12 07:00:00,solar.bun_hsc#realenergyintotheload#kwh,BUNDOORA,0.0,0.006048581,0.0013735208,0.0013328268,0.0
2025-06-12 08:00:00,solar.bun_hsc#realenergyintotheload#kwh,BUNDOORA,0.125,0.03430238,0.5795361,0.5623659,15.0
2025-06-12 09:00:00,solar.bun_hsc#realenergyintotheload#kwh,BUNDOORA,1.15625,-0.040808134,7.254999,7.0400515,149.0
2025-06-12 10:00:00,solar.bun_hsc#realenergyintotheload#kwh,BUNDOORA,3.25,7.296519,17.234941,16.724314,295.0
2025-06-12 11:00:00,solar.bun_hsc#realenergyintotheload#kwh,BUNDOORA,11.9375,11.765486,24.49108,23.76547,403.0
2025-06-12 12:00:00,solar.bun_hsc#realenergyintotheload#kwh,BUNDOORA,21.8125,13.063067,27.253233,26.445787,462.0
2025-06-12 13:00:00,solar.bun_hsc#realenergyintotheload#kwh,BUNDOORA,27.28125,16.612837,27.755426,26.933102,464.0
2025-06-12 14:00:00,solar.bun_hsc#realenergyintotheload#kwh,BUNDOORA,20.0625,15.507371,15.51954,15.059734,278.0
2025-06-12 15:00:00,solar.bun_hsc#realenergyintotheload#kwh,BUNDOORA,11.34375,9.514185,9.527141,9.244875,184.0
2025-06-12 16:00:00,solar.bun_hsc#realenergyintotheload#kwh,BUNDOORA,4.46875,6.8109107,5.599285,5.4333925,110.0
2025-06-12 17:00:00,solar.bun_hsc#realenergyintotheload#kwh,BUNDOORA,0.9375,2.8120892,0.7622586,0.73967475,20.0
2025-06-12 18:00:00,solar.bun_hsc#realenergyintotheload#kwh,BUNDOORA,0.0,0.0976493,0.00173517,0.0016837612,0.0
2025-06-12 19:00:00,solar.bun_hsc#realenergyintotheload#kwh,BUNDOORA,0.0,-0.0022728308,0.0020150086,0.001955309,0.0
2025-06-12 20:00:00,solar.bun_hsc#realenergyintotheload#kwh,BUNDOORA,0.0,-0.000831289,0.0020150086,0.001955309,0.0
2025-06-12 21:00:00,solar.bun_hsc#realenergyintotheload#kwh,BUNDOORA,0.0,-0.009672243,0.0016533594,0.0016043745,0.0
2025-06-12 22:00:00,solar.bun_hsc#realenergyintotheload#kwh,BUNDOORA,0.0,-0.018973429,0.0016533594,0.0016043745,0.0
2025-06-12 23:00:00,solar.bun_hsc#realenergyintotheload#kwh,BUNDOORA,0.0,-0.019470345,0.0016533594,0.0016043745,0.0
2025-06-13 00:00:00,solar.bun_hsc#realenergyintotheload#kwh,BUNDOORA,0.0,-0.019470345,0.0016533594,0.0016043745,0.0
2025-06-13 01:00:00,solar.bun_hsc#realenergyintotheload#kwh,BUNDOORA,0.0,-0.017274396,0.0016533594,0.0016043745,0.0
2025-06-13 02:00:00,solar.bun_hsc#realenergyintotheload#kwh,BUNDOORA,0.0,-0.017274396,0.0016533594,0.0016043745,0.0
2025-06-13 03:00:00,solar.bun_hsc#realenergyintotheload#kwh,BUNDOORA,0.0,-0.017274396,0.0016533594,0.0016043745,0.0
2025-06-13 04:00:00,solar.bun_hsc#realenergyintotheload#kwh,BUNDOORA,0.0,-0.017274396,0.0016533594,0.0016043745,0.0
2025-06-13 05:00:00,solar.bun_hsc#realenergyintotheload#kwh,BUNDOORA,0.0,-0.017274396,0.0020150086,0.001955309,0.0
2025-06-13 06:00:00,solar.bun_hsc#realenergyintotheload#kwh,BUNDOORA,0.0,0.0054778657,0.0020150086,0.001955309,0.0
2025-06-13 07:00:00,solar.bun_hsc#realenergyintotheload#kwh,BUNDOORA,0.0,0.013124721,0.0020150086,0.001955309,0.0
2025-06-13 08:00:00,solar.bun_hsc#realenergyintotheload#kwh,BUNDOORA,0.0625,0.16542605,0.5880569,0.57063425,15.0
2025-06-13 09:00:00,solar.bun_hsc#realenergyintotheload#kwh,BUNDOORA,1.03125,0.28869858,7.4105887,7.1910315,151.0
2025-06-13 10:00:00,solar.bun_hsc#realenergyintotheload#kwh,BUNDOORA,3.21875,2.9717364,16.494078,16.0054,295.0
2025-06-13 11:00:00,solar.bun_hsc#realenergyintotheload#kwh,BUNDOORA,11.59375,12.9005995,23.438623,22.744196,402.0
2025-06-13 12:00:00,solar.bun_hsc#realenergyintotheload#kwh,BUNDOORA,22.25,13.638589,27.262835,26.455105,462.0
2025-06-13 13:00:00,solar.bun_hsc#realenergyintotheload#kwh,BUNDOORA,26.625,16.257992,28.128784,27.295399,466.0
2025-06-13 14:00:00,solar.bun_hsc#realenergyintotheload#kwh,BUNDOORA,24.6875,21.758862,25.314528,24.564522,415.0
2025-06-13 15:00:00,solar.bun_hsc#realenergyintotheload#kwh,BUNDOORA,12.40625,18.599983,18.811495,18.254158,313.0
2025-06-13 16:00:00,solar.bun_hsc#realenergyintotheload#kwh,BUNDOORA,3.25,8.584351,9.786633,9.496679,171.0
2025-06-13 17:00:00,solar.bun_hsc#realenergyintotheload#kwh,BUNDOORA,0.75,2.3997467,1.2860978,1.247994,29.0
2025-06-13 18:00:00,solar.bun_hsc#realenergyintotheload#kwh,BUNDOORA,0.0,0.115374826,0.0033979737,0.0032973003,0.0
2025-06-13 19:00:00,solar.bun_hsc#realenergyintotheload#kwh,BUNDOORA,0.0,0.0029994536,0.0020518056,0.0019910156,0.0
2025-06-13 20:00:00,solar.bun_hsc#realenergyintotheload#kwh,BUNDOORA,0.0,0.0082848305,0.0020518056,0.0019910156,0.0
2025-06-13 21:00:00,solar.bun_hsc#realenergyintotheload#kwh,BUNDOORA,0.0,-0.0008353484,0.0014816022,0.001437706,0.0
2025-06-13 22:00:00,solar.bun_hsc#realenergyintotheload#kwh,BUNDOORA,0.0,-0.012839133,0.0014816022,0.001437706,0.0
2025-06-13 23:00:00,solar.bun_hsc#realenergyintotheload#kwh,BUNDOORA,0.0,-0.017274396,0.0013735208,0.0013328268,0.0
2025-06-14 00:00:00,solar.bun_hsc#realenergyintotheload#kwh,BUNDOORA,0.0,-0.013619725,0.0013735208,0.0013328268,0.0
2025-06-14 01:00:00,solar.bun_hsc#realenergyintotheload#kwh,BUNDOORA,0.0,-0.013785537,0.0013735208,0.0013328268,0.0
2025-06-14 02:00:00,solar.bun_hsc#realenergyintotheload#kwh,BUNDOORA,0.0,-0.013785537,0.0013735208,0.0013328268,0.0
2025-06-14 03:00:00,solar.bun_hsc#realenergyintotheload#kwh,BUNDOORA,0.0,-0.013785537,0.0012877441,0.0012495915,0.0
2025-06-14 04:00:00,solar.bun_hsc#realenergyintotheload#kwh,BUNDOORA,0.0,-0.012016963,0.0030072317,0.002918135,0.0
2025-06-14 05:00:00,solar.bun_hsc#realenergyintotheload#kwh,BUNDOORA,0.0,-0.012016963,0.0030072317,0.002918135,0.0
2025-06-14 06:00:00,solar.bun_hsc#realenergyintotheload#kwh,BUNDOORA,0.0,-0.012016963,0.0030072317,0.002918135,0.0
2025-06-14 07:00:00,solar.bun_hsc#realenergyintotheload#kwh,BUNDOORA,0.0,-0.0011377808,0.0030072317,0.002918135,0.0
2025-06-14 08:00:00,solar.bun_hsc#realenergyintotheload#kwh,BUNDOORA,0.09375,-0.097072676,0.57563686,0.5585822,15.0
2025-06-14 09:00:00,solar.bun_hsc#realenergyintotheload#kwh,BUNDOORA,1.3125,0.59684455,7.419913,7.2000794,153.0
2025-06-14 10:00:00,solar.bun_hsc#realenergyintotheload#kwh,BUNDOORA,4.21875,2.3570132,15.791059,15.323209,296.0
2025-06-14 11:00:00,solar.bun_hsc#realenergyintotheload#kwh,BUNDOORA,12.34375,6.0421553,24.098322,23.384348,404.0
2025-06-14 12:00:00,solar.bun_hsc#realenergyintotheload#kwh,BUNDOORA,21.53125,12.854312,26.698954,25.90793,453.0
2025-06-14 13:00:00,solar.bun_hsc#realenergyintotheload#kwh,BUNDOORA,21.59375,20.497324,27.065235,26.26336,465.0
2025-06-14 14:00:00,solar.bun_hsc#realenergyintotheload#kwh,BUNDOORA,13.71875,14.774112,19.658268,19.075842,339.0
2025-06-14 15:00:00,solar.bun_hsc#realenergyintotheload#kwh,BUNDOORA,9.46875,16.045193,10.805588,10.485445,228.0
2025-06-14 16:00:00,solar.bun_hsc#realenergyintotheload#kwh,BUNDOORA,7.40625,4.138195,4.580415,4.4447083,94.0
2025-06-14 17:00:00,solar.bun_hsc#realenergyintotheload#kwh,BUNDOORA,2.59375,3.593691,0.3783901,0.36717936,12.0
2025-06-14 18:00:00,solar.bun_hsc#realenergyintotheload#kwh,BUNDOORA,0.0,0.3706572,0.0036361506,0.0035284206,0.0
2025-06-14 19:00:00,solar.bun_hsc#realenergyintotheload#kwh,BUNDOORA,0.0,0.17247137,0.0044414243,0.004309836,0.0
2025-06-14 20:00:00,solar.bun_hsc#realenergyintotheload#kwh,BUNDOORA,0.0,0.016297273,-0.010859112,0.0,0.0
2025-06-14 21:00:00,solar.bun_hsc#realenergyintotheload#kwh,BUNDOORA,0.0,0.010060755,0.0036361506,0.0035284206,0.0
2025-06-14 22:00:00,solar.bun_hsc#realenergyintotheload#kwh,BUNDOORA,0.0,-0.005250709,0.0037926142,0.0036802485,0.0
2025-06-14 23:00:00,solar.bun_hsc#realenergyintotheload#kwh,BUNDOORA,0.0,-0.024986494,0.0037926142,0.0036802485,0.0
2025-06-15 00:00:00,solar.bun_hsc#realenergyintotheload#kwh,BUNDOORA,0.0,0.01693728,0.0036361506,0.0035284206,0.0
2025-06-15 01:00:00,solar.bun_hsc#realenergyintotheload#kwh,BUNDOORA,0.0,0.03390761,0.0036361506,0.0035284206,0.0
2025-06-15 02:00:00,solar.bun_hsc#realenergyintotheload#kwh,BUNDOORA,0.0,0.05399137,0.0036361506,0.0035284206,0.0
2025-06-15 03:00:00,solar.bun_hsc#realenergyintotheload#kwh,BUNDOORA,0.0,0.03668267,0.0039315885,0.0038151054,0.0
2025-06-15 04:00:00,solar.bun_hsc#realenergyintotheload#kwh,BUNDOORA,0.0,0.01360814,0.0036361506,0.0035284206,0.0
2025-06-15 05:00:00,solar.bun_hsc#realenergyintotheload#kwh,BUNDOORA,0.0,-0.0057315743,0.004604648,0.0044682235,0.0
2025-06-15 06:00:00,solar.bun_hsc#realenergyintotheload#kwh,BUNDOORA,0.0,-0.008356172,0.004013831,0.003894911,0.0
2025-06-15 07:00:00,solar.bun_hsc#realenergyintotheload#kwh,BUNDOORA,0.0,0.018436154,0.0045092776,0.004375679,0.0
2025-06-15 08:00:00,solar.bun_hsc#realenergyintotheload#kwh,BUNDOORA,0.09375,0.044785794,0.15434995,0.14977695,7.0
2025-06-15 09:00:00,solar.bun_hsc#realenergyintotheload#kwh,BUNDOORA,2.3125,0.80475444,3.0925424,3.0009181,84.0
2025-06-15 10:00:00,solar.bun_hsc#realenergyintotheload#kwh,BUNDOORA,4.28125,3.5005553,11.356731,11.02026,250.0
2025-06-15 11:00:00,solar.bun_hsc#realenergyintotheload#kwh,BUNDOORA,8.28125,8.0451,15.722853,15.257024,282.0
2025-06-15 12:00:00,solar.bun_hsc#realenergyintotheload#kwh,BUNDOORA,17.875,12.518196,25.482702,24.727713,441.0
2025-06-15 13:00:00,solar.bun_hsc#realenergyintotheload#kwh,BUNDOORA,6.9375,9.89408,5.5191865,5.3556666,111.0
2025-06-15 14:00:00,solar.bun_hsc#realenergyintotheload#kwh,BUNDOORA,3.34375,7.171121,4.807385,4.664954,94.0
2025-06-15 15:00:00,solar.bun_hsc#realenergyintotheload#kwh,BUNDOORA,4.1875,8.124732,5.732729,5.5628824,115.0
2025-06-15 16:00:00,solar.bun_hsc#realenergyintotheload#kwh,BUNDOORA,3.46875,5.982181,3.575775,3.4698336,78.0
2025-06-15 17:00:00,solar.bun_hsc#realenergyintotheload#kwh,BUNDOORA,1.09375,2.5785933,0.7482324,0.72606415,20.0
2025-06-15 18:00:00,solar.bun_hsc#realenergyintotheload#kwh,BUNDOORA,0.0,0.28281358,0.003801859,0.0036892195,0.0
2025-06-15 19:00:00,solar.bun_hsc#realenergyintotheload#kwh,BUNDOORA,0.0,0.0026503932,0.003801859,0.0036892195,0.0
2025-06-15 20:00:00,solar.bun_hsc#realenergyintotheload#kwh,BUNDOORA,0.0,0.014749483,0.0046071326,0.0044706347,0.0
2025-06-15 21:00:00,solar.bun_hsc#realenergyintotheload#kwh,BUNDOORA,0.0,-0.002094596,0.0034667375,0.0033640268,0.0
2025-06-15 22:00:00,solar.bun_hsc#realenergyintotheload#kwh,BUNDOORA,0.0,0.016047085,0.0037988438,0.0036862935,0.0
2025-06-15 23:00:00,solar.bun_hsc#realenergyintotheload#kwh,BUNDOORA,0.0,0.033270013,0.005092819,0.004941932,0.0
2025-06-16 00:00:00,solar.bun_hsc#realenergyintotheload#kwh,BUNDOORA,0.0,0.0558935,0.004994964,0.004846976,0.0
2025-06-16 01:00:00,solar.bun_hsc#realenergyintotheload#kwh,BUNDOORA,0.0,0.040863637,0.0051718145,0.0050185863,0.0
2025-06-16 02:00:00,solar.bun_hsc#realenergyintotheload#kwh,BUNDOORA,0.0,0.016736295,0.0037334114,0.0036227999,0.0
2025-06-16 03:00:00,solar.bun_hsc#realenergyintotheload#kwh,BUNDOORA,0.0,-0.0147837065,0.0023200423,0.0022513054,0.0
2025-06-16 04:00:00,solar.bun_hsc#realenergyintotheload#kwh,BUNDOORA,0.0,0.024100378,0.005439821,0.005278653,0.0
2025-06-16 05:00:00,solar.bun_hsc#realenergyintotheload#kwh,BUNDOORA,0.0,0.011147283,0.005439821,0.005278653,0.0
2025-06-16 06:00:00,solar.bun_hsc#realenergyintotheload#kwh,BUNDOORA,0.0,0.024100378,0.005439821,0.005278653,0.0
2025-06-16 07:00:00,solar.bun_hsc#realenergyintotheload#kwh,BUNDOORA,0.0,0.0736705,0.005321233,0.0051635783,0.0
2025-06-16 08:00:00,solar.bun_hsc#realenergyintotheload#kwh,BUNDOORA,0.0,0.07475096,0.08440592,0.081905186,4.0
2025-06-16 09:00:00,solar.bun_hsc#realenergyintotheload#kwh,BUNDOORA,1.03125,0.41649282,2.1107454,2.0482094,48.0
2025-06-16 10:00:00,solar.bun_hsc#realenergyintotheload#kwh,BUNDOORA,4.0,2.7961817,6.021421,5.8430214,123.0
2025-06-16 11:00:00,solar.bun_hsc#realenergyintotheload#kwh,BUNDOORA,6.40625,6.949008,10.213778,9.911169,196.0
2025-06-16 12:00:00,solar.bun_hsc#realenergyintotheload#kwh,BUNDOORA,11.125,13.835943,15.788044,15.320284,283.0
2025-06-16 13:00:00,solar.bun_hsc#realenergyintotheload#kwh,BUNDOORA,22.09375,14.323064,26.458765,25.674858,452.0
2025-06-16 14:00:00,solar.bun_hsc#realenergyintotheload#kwh,BUNDOORA,24.34375,15.630888,23.066256,22.38286,396.0
2025-06-16 15:00:00,solar.bun_hsc#realenergyintotheload#kwh,BUNDOORA,15.71875,17.035152,12.771581,12.39319,251.0
2025-06-16 16:00:00,solar.bun_hsc#realenergyintotheload#kwh,BUNDOORA,1.8125,2.0921984,1.4494444,1.406501,33.0
2025-06-16 17:00:00,solar.bun_hsc#realenergyintotheload#kwh,BUNDOORA,0.5,2.2431078,0.61610293,0.59784937,17.0
2025-06-16 18:00:00,solar.bun_hsc#realenergyintotheload#kwh,BUNDOORA,0.0,0.23402122,0.016816324,0.016318098,0.0
2025-06-16 19:00:00,solar.bun_hsc#realenergyintotheload#kwh,BUNDOORA,0.0,0.10668971,-0.01150893,0.0,0.0
2025-06-16 20:00:00,solar.bun_hsc#realenergyintotheload#kwh,BUNDOORA,0.0,0.016873606,0.00503756,0.0048883096,0.0
2025-06-16 21:00:00,solar.bun_hsc#realenergyintotheload#kwh,BUNDOORA,0.0,0.014076643,0.0022352345,0.00216901,0.0
2025-06-16 22:00:00,solar.bun_hsc#realenergyintotheload#kwh,BUNDOORA,0.0,0.008889327,0.0030467252,0.0029564584,0.0
2025-06-16 23:00:00,solar.bun_hsc#realenergyintotheload#kwh,BUNDOORA,0.0,-0.36300796,0.0020149397,0.0019552421,0.0
2025-06-17 00:00:00,solar.bun_hsc#realenergyintotheload#kwh,BUNDOORA,0.0,0.023684451,0.0050768126,0.0049263993,0.0
2025-06-17 01:00:00,solar.bun_hsc#realenergyintotheload#kwh,BUNDOORA,0.0,0.02482398,0.0050768126,0.0049263993,0.0
2025-06-17 02:00:00,solar.bun_hsc#realenergyintotheload#kwh,BUNDOORA,0.0,0.028009579,0.0042653223,0.0041389517,0.0
2025-06-17 03:00:00,solar.bun_hsc#realenergyintotheload#kwh,BUNDOORA,0.0,-0.003208049,-0.014933564,0.0,0.0
2025-06-17 04:00:00,solar.bun_hsc#realenergyintotheload#kwh,BUNDOORA,0.0,-0.02115457,0.000852027,0.00082678354,0.0
2025-06-17 05:00:00,solar.bun_hsc#realenergyintotheload#kwh,BUNDOORA,0.0,-0.02115457,-0.014862279,0.0,0.0
2025-06-17 06:00:00,solar.bun_hsc#realenergyintotheload#kwh,BUNDOORA,0.0,0.06219621,0.003040508,0.0029504253,0.0
2025-06-17 07:00:00,solar.bun_hsc#realenergyintotheload#kwh,BUNDOORA,0.0,0.10906783,0.0023200423,0.0022513054,0.0
2025-06-17 08:00:00,solar.bun_hsc#realenergyintotheload#kwh,BUNDOORA,0.03125,0.21891193,0.19936302,0.1934564,8.0
2025-06-17 09:00:00,solar.bun_hsc#realenergyintotheload#kwh,BUNDOORA,1.84375,0.7682943,3.1671436,3.073309,89.0
2025-06-17 10:00:00,solar.bun_hsc#realenergyintotheload#kwh,BUNDOORA,2.84375,2.5699255,8.50471,8.252737,189.0
2025-06-17 11:00:00,solar.bun_hsc#realenergyintotheload#kwh,BUNDOORA,11.1875,4.465641,22.733551,22.060013,398.0
2025-06-17 12:00:00,solar.bun_hsc#realenergyintotheload#kwh,BUNDOORA,17.96875,13.8264885,22.177713,21.520643,389.0
2025-06-17 13:00:00,solar.bun_hsc#realenergyintotheload#kwh,BUNDOORA,15.59375,12.382781,16.181225,15.701816,290.0
2025-06-17 14:00:00,solar.bun_hsc#realenergyintotheload#kwh,BUNDOORA,25.3125,14.587662,21.123394,20.49756,362.0
2025-06-17 15:00:00,solar.bun_hsc#realenergyintotheload#kwh,BUNDOORA,11.84375,14.326163,15.810546,15.342119,281.0
2025-06-17 16:00:00,solar.bun_hsc#realenergyintotheload#kwh,BUNDOORA,5.125,6.700946,4.753241,4.6124144,102.0
2025-06-17 17:00:00,solar.bun_hsc#realenergyintotheload#kwh,BUNDOORA,1.40625,3.0352273,0.93453187,0.906844,23.0
2025-06-17 18:00:00,solar.bun_hsc#realenergyintotheload#kwh,BUNDOORA,0.0,0.22416101,0.0033039108,0.0032060242,0.0
2025-06-17 19:00:00,solar.bun_hsc#realenergyintotheload#kwh,BUNDOORA,0.0,-0.0082645435,0.0033929674,0.0032924423,0.0
2025-06-17 20:00:00,solar.bun_hsc#realenergyintotheload#kwh,BUNDOORA,0.0,-0.008276213,0.003102602,0.0030106797,0.0
2025-06-17 21:00:00,solar.bun_hsc#realenergyintotheload#kwh,BUNDOORA,0.0,-0.008252688,0.004013831,0.003894911,0.0
2025-06-17 22:00:00,solar.bun_hsc#realenergyintotheload#kwh,BUNDOORA,0.0,-0.008468818,0.0039184606,0.0038023663,0.0
2025-06-17 23:00:00,solar.bun_hsc#realenergyintotheload#kwh,BUNDOORA,0.0,-0.0070986114,0.0033688813,0.0032690698,0.0
2025-06-18 00:00:00,solar.bun_hsc#realenergyintotheload#kwh,BUNDOORA,0.0,-0.019232104,0.0033688813,0.0032690698,0.0
2025-06-18 01:00:00,solar.bun_hsc#realenergyintotheload#kwh,BUNDOORA,0.0,-0.015279697,0.0039184606,0.0038023663,0.0
2025-06-18 02:00:00,solar.bun_hsc#realenergyintotheload#kwh,BUNDOORA,0.0,0.0019432278,0.0039184606,0.0038023663,0.0
2025-06-18 03:00:00,solar.bun_hsc#realenergyintotheload#kwh,BUNDOORA,0.0,-0.007733871,0.0014958133,0.001451496,0.0
2025-06-18 04:00:00,solar.bun_hsc#realenergyintotheload#kwh,BUNDOORA,0.0,-0.0122769475,0.0027897893,0.002707135,0.0
2025-06-18 05:00:00,solar.bun_hsc#realenergyintotheload#kwh,BUNDOORA,0.0,-0.019867362,0.00173517,0.0016837612,0.0
2025-06-18 06:00:00,solar.bun_hsc#realenergyintotheload#kwh,BUNDOORA,0.0,-0.015366662,0.00173517,0.0016837612,0.0
2025-06-18 07:00:00,solar.bun_hsc#realenergyintotheload#kwh,BUNDOORA,0.0,-0.008929451,0.00173517,0.0016837612,0.0
2025-06-18 08:00:00,solar.bun_hsc#realenergyintotheload#kwh,BUNDOORA,0.09375,0.1108731,0.3780404,0.36684,12.0
2025-06-18 09:00:00,solar.bun_hsc#realenergyintotheload#kwh,BUNDOORA,2.125,0.2611184,4.034384,3.914855,117.0
2025-06-18 10:00:00,solar.bun_hsc#realenergyintotheload#kwh,BUNDOORA,6.84375,6.20119,11.014061,10.687742,210.0
2025-06-18 11:00:00,solar.bun_hsc#realenergyintotheload#kwh,BUNDOORA,11.09375,14.88833,15.786959,15.31923,275.0
2025-06-18 12:00:00,solar.bun_hsc#realenergyintotheload#kwh,BUNDOORA,12.03125,14.917833,12.32773,11.96249,236.0
2025-06-18 13:00:00,solar.bun_hsc#realenergyintotheload#kwh,BUNDOORA,6.28125,10.199683,7.9092846,7.674952,151.0
2025-06-18 14:00:00,solar.bun_hsc#realenergyintotheload#kwh,BUNDOORA,5.90625,12.464227,9.117785,8.847649,174.0
2025-06-18 15:00:00,solar.bun_hsc#realenergyintotheload#kwh,BUNDOORA,5.28125,3.4958375,4.489416,4.3564057,91.0
2025-06-18 16:00:00,solar.bun_hsc#realenergyintotheload#kwh,BUNDOORA,2.84375,4.662157,3.318025,3.2197204,66.0
2025-06-18 17:00:00,solar.bun_hsc#realenergyintotheload#kwh,BUNDOORA,1.65625,2.0669556,0.768051,0.7452956,19.0
2025-06-18 18:00:00,solar.bun_hsc#realenergyintotheload#kwh,BUNDOORA,0.0,0.055452455,0.0074558565,0.007234958,0.0
2025-06-18 19:00:00,solar.bun_hsc#realenergyintotheload#kwh,BUNDOORA,0.0,-0.00051725237,0.002912363,0.002826077,0.0
2025-06-18 20:00:00,solar.bun_hsc#realenergyintotheload#kwh,BUNDOORA,0.0,0.0022320172,0.0029836474,0.0028952493,0.0
2025-06-18 21:00:00,solar.bun_hsc#realenergyintotheload#kwh,BUNDOORA,0.0,0.0014659523,0.0023928303,0.0023219367,0.0
2025-06-18 22:00:00,solar.bun_hsc#realenergyintotheload#kwh,BUNDOORA,0.0,-0.0106586795,0.002875566,0.0027903703,0.0
2025-06-18 23:00:00,solar.bun_hsc#realenergyintotheload#kwh,BUNDOORA,0.0,-0.010227622,0.002875566,0.0027903703,0.0
2025-06-19 00:00:00,solar.bun_hsc#realenergyintotheload#kwh,BUNDOORA,0.0,-0.0120151155,0.0019845155,0.0019257192,0.0
2025-06-19 01:00:00,solar.bun_hsc#realenergyintotheload#kwh,BUNDOORA,0.0,-0.028676389,0.003999442,0.0038809483,0.0
2025-06-19 02:00:00,solar.bun_hsc#realenergyintotheload#kwh,BUNDOORA,0.0,-0.008991307,0.0037993742,0.0036868083,0.0
2025-06-19 03:00:00,solar.bun_hsc#realenergyintotheload#kwh,BUNDOORA,0.0,-0.008991307,0.0037993742,0.0036868083,0.0
2025-06-19 04:00:00,solar.bun_hsc#realenergyintotheload#kwh,BUNDOORA,0.0,-0.007708488,0.0037993742,0.0036868083,0.0
2025-06-19 05:00:00,solar.bun_hsc#realenergyintotheload#kwh,BUNDOORA,0.0,-0.022931058,0.004604648,0.0044682235,0.0
2025-06-19 06:00:00,solar.bun_hsc#realenergyintotheload#kwh,BUNDOORA,0.0,-0.026079742,0.003999442,0.0038809483,0.0
2025-06-19 07:00:00,solar.bun_hsc#realenergyintotheload#kwh,BUNDOORA,0.0,-0.017183613,0.0045092776,0.004375679,0.0
2025-06-19 08:00:00,solar.bun_hsc#realenergyintotheload#kwh,BUNDOORA,0.0,0.22126403,0.09147182,0.08876174,5.0
2025-06-19 09:00:00,solar.bun_hsc#realenergyintotheload#kwh,BUNDOORA,1.46875,0.65632004,2.9900708,2.9014826,78.0
2025-06-19 10:00:00,solar.bun_hsc#realenergyintotheload#kwh,BUNDOORA,3.53125,5.0689588,8.173401,7.9312434,160.0
2025-06-19 11:00:00,solar.bun_hsc#realenergyintotheload#kwh,BUNDOORA,6.75,14.305959,14.271052,13.848237,261.0
2025-06-19 12:00:00,solar.bun_hsc#realenergyintotheload#kwh,BUNDOORA,10.5625,10.21643,20.540808,19.932236,352.0
2025-06-19 13:00:00,solar.bun_hsc#realenergyintotheload#kwh,BUNDOORA,23.1875,17.269264,25.414818,24.66184,424.0
2025-06-19 14:00:00,solar.bun_hsc#realenergyintotheload#kwh,BUNDOORA,13.8125,16.849459,14.950993,14.508032,272.0
2025-06-19 15:00:00,solar.bun_hsc#realenergyintotheload#kwh,BUNDOORA,12.28125,10.043589,9.70999,9.422307,191.0
2025-06-19 16:00:00,solar.bun_hsc#realenergyintotheload#kwh,BUNDOORA,6.5,5.730989,7.908185,7.6738853,147.0
2025-06-19 17:00:00,solar.bun_hsc#realenergyintotheload#kwh,BUNDOORA,1.65625,2.807863,1.1148585,1.081828,28.0
2025-06-19 18:00:00,solar.bun_hsc#realenergyintotheload#kwh,BUNDOORA,0.0,0.20688725,0.0034574913,0.0033550544,0.0
2025-06-19 19:00:00,solar.bun_hsc#realenergyintotheload#kwh,BUNDOORA,0.0,0.004160775,0.0028445492,0.0027602725,0.0
2025-06-19 20:00:00,solar.bun_hsc#realenergyintotheload#kwh,BUNDOORA,0.0,-0.10802861,0.003102602,0.0030106797,0.0
2025-06-19 21:00:00,solar.bun_hsc#realenergyintotheload#kwh,BUNDOORA,0.0,-0.10749232,0.003102602,0.0030106797,0.0
2025-06-19 22:00:00,solar.bun_hsc#realenergyintotheload#kwh,BUNDOORA,0.0,0.007390497,0.0033688813,0.0032690698,0.0
2025-06-19 23:00:00,solar.bun_hsc#realenergyintotheload#kwh,BUNDOORA,0.0,-0.11861136,0.0030072317,0.002918135,0.0
2025-06-20 00:00:00,solar.bun_hsc#realenergyintotheload#kwh,BUNDOORA,0.0,-0.11827005,0.0030072317,0.002918135,0.0
2025-06-20 01:00:00,solar.bun_hsc#realenergyintotheload#kwh,BUNDOORA,0.0,-0.11827005,0.0030072317,0.002918135,0.0
2025-06-20 02:00:00,solar.bun_hsc#realenergyintotheload#kwh,BUNDOORA,0.0,-0.11827005,0.0030072317,0.002918135,0.0
2025-06-20 03:00:00,solar.bun_hsc#realenergyintotheload#kwh,BUNDOORA,0.0,-0.12105522,0.0030072317,0.002918135,0.0
2025-06-20 04:00:00,solar.bun_hsc#realenergyintotheload#kwh,BUNDOORA,0.0,-0.0035757537,0.0033688813,0.0032690698,0.0
2025-06-20 05:00:00,solar.bun_hsc#realenergyintotheload#kwh,BUNDOORA,0.0,-0.018517647,0.0030072317,0.002918135,0.0
2025-06-20 06:00:00,solar.bun_hsc#realenergyintotheload#kwh,BUNDOORA,0.0,-0.018517647,0.0030072317,0.002918135,0.0
2025-06-20 07:00:00,solar.bun_hsc#realenergyintotheload#kwh,BUNDOORA,0.0,-0.01037425,0.0030072317,0.002918135,0.0
2025-06-20 08:00:00,solar.bun_hsc#realenergyintotheload#kwh,BUNDOORA,0.03125,0.010452608,0.34337437,0.33320105,11.0
2025-06-20 09:00:00,solar.bun_hsc#realenergyintotheload#kwh,BUNDOORA,0.9375,0.16845834,6.369467,6.1807556,142.0
2025-06-20 10:00:00,solar.bun_hsc#realenergyintotheload#kwh,BUNDOORA,2.90625,5.928625,15.168341,14.718941,280.0
2025-06-20 11:00:00,solar.bun_hsc#realenergyintotheload#kwh,BUNDOORA,10.84375,12.494821,22.606247,21.93648,387.0
2025-06-20 12:00:00,solar.bun_hsc#realenergyintotheload#kwh,BUNDOORA,21.4375,20.088089,26.89376,26.096966,447.0
2025-06-20 13:00:00,solar.bun_hsc#realenergyintotheload#kwh,BUNDOORA,25.28125,18.365942,26.892511,26.095753,452.0
2025-06-20 14:00:00,solar.bun_hsc#realenergyintotheload#kwh,BUNDOORA,24.0,12.81425,24.364143,23.642294,403.0
2025-06-20 15:00:00,solar.bun_hsc#realenergyintotheload#kwh,BUNDOORA,12.46875,9.19655,16.873486,16.373566,305.0
2025-06-20 16:00:00,solar.bun_hsc#realenergyintotheload#kwh,BUNDOORA,3.34375,8.10929,9.139998,8.869204,164.0
2025-06-20 17:00:00,solar.bun_hsc#realenergyintotheload#kwh,BUNDOORA,0.90625,3.4255176,1.1336101,1.1000241,28.0
2025-06-20 18:00:00,solar.bun_hsc#realenergyintotheload#kwh,BUNDOORA,0.0,0.6552818,0.0018432514,0.0017886405,0.0
2025-06-20 19:00:00,solar.bun_hsc#realenergyintotheload#kwh,BUNDOORA,0.0,0.00057695416,0.00173517,0.0016837612,0.0
2025-06-20 20:00:00,solar.bun_hsc#realenergyintotheload#kwh,BUNDOORA,0.0,0.0026038259,0.00173517,0.0016837612,0.0
2025-06-20 21:00:00,solar.bun_hsc#realenergyintotheload#kwh,BUNDOORA,0.0,0.0031782975,0.0013735208,0.0013328268,0.0
2025-06-20 22:00:00,solar.bun_hsc#realenergyintotheload#kwh,BUNDOORA,0.0,-0.0028157956,0.0016493935,0.001600526,0.0
2025-06-20 23:00:00,solar.bun_hsc#realenergyintotheload#kwh,BUNDOORA,0.0,-0.008858709,0.0012877441,0.0012495915,0.0
2025-06-21 00:00:00,solar.bun_hsc#realenergyintotheload#kwh,BUNDOORA,0.0,0.0007885221,0.0014958133,0.001451496,0.0
2025-06-21 01:00:00,solar.bun_hsc#realenergyintotheload#kwh,BUNDOORA,0.0,-0.011344971,0.0016493935,0.001600526,0.0
2025-06-21 02:00:00,solar.bun_hsc#realenergyintotheload#kwh,BUNDOORA,0.0,-0.0063292542,0.0013004553,0.001261926,0.0
2025-06-21 03:00:00,solar.bun_hsc#realenergyintotheload#kwh,BUNDOORA,0.0,-0.024699982,0.0033688813,0.0032690698,0.0
2025-06-21 04:00:00,solar.bun_hsc#realenergyintotheload#kwh,BUNDOORA,0.0,-0.027413184,0.0033688813,0.0032690698,0.0
2025-06-21 05:00:00,solar.bun_hsc#realenergyintotheload#kwh,BUNDOORA,0.0,-0.015279697,0.003215301,0.0031200398,0.0
2025-06-21 06:00:00,solar.bun_hsc#realenergyintotheload#kwh,BUNDOORA,0.0,-0.027413184,0.0033688813,0.0032690698,0.0
2025-06-21 07:00:00,solar.bun_hsc#realenergyintotheload#kwh,BUNDOORA,0.0,-0.005442515,0.0033688813,0.0032690698,0.0
2025-06-21 08:00:00,solar.bun_hsc#realenergyintotheload#kwh,BUNDOORA,0.0,-0.04970185,0.34373602,0.33355197,11.0
2025-06-21 09:00:00,solar.bun_hsc#realenergyintotheload#kwh,BUNDOORA,0.0,-0.005708892,6.763427,6.563043,145.0
2025-06-21 10:00:00,solar.bun_hsc#realenergyintotheload#kwh,BUNDOORA,0.0,4.7356243,15.093839,14.646646,286.0
2025-06-21 11:00:00,solar.bun_hsc#realenergyintotheload#kwh,BUNDOORA,0.0,9.979454,22.886133,22.208075,394.0
2025-06-21 12:00:00,solar.bun_hsc#realenergyintotheload#kwh,BUNDOORA,0.0,21.242344,26.863808,26.0679,455.0
2025-06-21 13:00:00,solar.bun_hsc#realenergyintotheload#kwh,BUNDOORA,0.0,22.356913,26.856062,26.060385,461.0
2025-06-21 14:00:00,solar.bun_hsc#realenergyintotheload#kwh,BUNDOORA,0.0,19.354456,24.193787,23.476986,411.0
2025-06-21 15:00:00,solar.bun_hsc#realenergyintotheload#kwh,BUNDOORA,0.0,11.943188,17.08215,16.576048,312.0
2025-06-21 16:00:00,solar.bun_hsc#realenergyintotheload#kwh,BUNDOORA,0.0,5.033988,9.692534,9.405369,169.0
2025-06-21 17:00:00,solar.bun_hsc#realenergyintotheload#kwh,BUNDOORA,0.0,2.4722786,1.2852131,1.2471354,29.0
2025-06-21 18:00:00,solar.bun_hsc#realenergyintotheload#kwh,BUNDOORA,0.0,0.4909491,0.0034574913,0.0033550544,0.0
2025-06-21 19:00:00,solar.bun_hsc#realenergyintotheload#kwh,BUNDOORA,0.0,9.393133e-05,0.0034642518,0.0033616147,0.0
2025-06-21 20:00:00,solar.bun_hsc#realenergyintotheload#kwh,BUNDOORA,0.0,0.005498686,0.0033688813,0.0032690698,0.0
2025-06-21 21:00:00,solar.bun_hsc#realenergyintotheload#kwh,BUNDOORA,0.0,-0.002929757,0.0033688813,0.0032690698,0.0
2025-06-21 22:00:00,solar.bun_hsc#realenergyintotheload#kwh,BUNDOORA,0.0,0.017594218,0.0033688813,0.0032690698,0.0
2025-06-21 23:00:00,solar.bun_hsc#realenergyintotheload#kwh,BUNDOORA,0.0,0.021266164,0.003854568,0.0037403668,0.0
2025-06-22 00:00:00,solar.bun_hsc#realenergyintotheload#kwh,BUNDOORA,0.0,0.02055301,0.003854568,0.0037403668,0.0
2025-06-22 01:00:00,solar.bun_hsc#realenergyintotheload#kwh,BUNDOORA,0.0,-0.08242844,0.0034929188,0.0033894323,0.0
2025-06-22 02:00:00,solar.bun_hsc#realenergyintotheload#kwh,BUNDOORA,0.0,0.05280765,0.003854568,0.0037403668,0.0
2025-06-22 03:00:00,solar.bun_hsc#realenergyintotheload#kwh,BUNDOORA,0.0,0.030864108,0.003854568,0.0037403668,0.0
2025-06-22 04:00:00,solar.bun_hsc#realenergyintotheload#kwh,BUNDOORA,0.0,-0.07082849,0.0034929188,0.0033894323,0.0
2025-06-22 05:00:00,solar.bun_hsc#realenergyintotheload#kwh,BUNDOORA,0.0,-0.07082849,0.0030072317,0.002918135,0.0
2025-06-22 06:00:00,solar.bun_hsc#realenergyintotheload#kwh,BUNDOORA,0.0,-0.07082849,0.0034929188,0.0033894323,0.0
2025-06-22 07:00:00,solar.bun_hsc#realenergyintotheload#kwh,BUNDOORA,0.0,-0.07517359,0.0034929188,0.0033894323,0.0
2025-06-22 08:00:00,solar.bun_hsc#realenergyintotheload#kwh,BUNDOORA,0.0625,-0.038549755,0.3925881,0.3809567,12.0
2025-06-22 09:00:00,solar.bun_hsc#realenergyintotheload#kwh,BUNDOORA,0.875,0.13866201,6.828225,6.6259217,146.0
2025-06-22 10:00:00,solar.bun_hsc#realenergyintotheload#kwh,BUNDOORA,3.15625,8.528312,15.791204,15.323351,292.0
2025-06-22 11:00:00,solar.bun_hsc#realenergyintotheload#kwh,BUNDOORA,12.9375,11.513154,21.36977,20.736637,366.0
2025-06-22 12:00:00,solar.bun_hsc#realenergyintotheload#kwh,BUNDOORA,20.90625,13.778807,20.000778,19.408205,361.0
2025-06-22 13:00:00,solar.bun_hsc#realenergyintotheload#kwh,BUNDOORA,29.40625,19.067467,26.645231,25.855799,468.0
2025-06-22 14:00:00,solar.bun_hsc#realenergyintotheload#kwh,BUNDOORA,26.5625,18.561977,24.31906,23.598547,424.0
2025-06-22 15:00:00,solar.bun_hsc#realenergyintotheload#kwh,BUNDOORA,12.75,14.423351,17.515823,16.996874,321.0
2025-06-22 16:00:00,solar.bun_hsc#realenergyintotheload#kwh,BUNDOORA,3.1875,5.8542385,5.9270473,5.751444,113.0
2025-06-22 17:00:00,solar.bun_hsc#realenergyintotheload#kwh,BUNDOORA,1.1875,2.559288,0.76257485,0.73998165,20.0
2025-06-22 18:00:00,solar.bun_hsc#realenergyintotheload#kwh,BUNDOORA,0.0,0.5066523,0.033766974,0.032766543,0.0
2025-06-22 19:00:00,solar.bun_hsc#realenergyintotheload#kwh,BUNDOORA,0.0,0.19764027,0.008642968,0.008386898,0.0
2025-06-22 20:00:00,solar.bun_hsc#realenergyintotheload#kwh,BUNDOORA,0.0,0.118842274,-0.008535238,0.0,0.0
2025-06-22 21:00:00,solar.bun_hsc#realenergyintotheload#kwh,BUNDOORA,0.0,0.0010093339,0.004808246,0.0046657897,0.0
2025-06-22 22:00:00,solar.bun_hsc#realenergyintotheload#kwh,BUNDOORA,0.0,0.013745453,0.03839529,0.03725773,0.0
2025-06-22 23:00:00,solar.bun_hsc#realenergyintotheload#kwh,BUNDOORA,0.0,0.07739759,0.009174704,0.00890288,0.0
2025-06-23 00:00:00,solar.bun_hsc#realenergyintotheload#kwh,BUNDOORA,0.0,-0.15545493,0.027324496,0.02651494,0.0
2025-06-23 01:00:00,solar.bun_hsc#realenergyintotheload#kwh,BUNDOORA,0.0,-0.049102865,-0.020336373,0.0,0.0
2025-06-23 02:00:00,solar.bun_hsc#realenergyintotheload#kwh,BUNDOORA,0.0,-0.012974504,0.007826532,0.0075946515,0.0
2025-06-23 03:00:00,solar.bun_hsc#realenergyintotheload#kwh,BUNDOORA,0.0,-0.02471095,0.004088029,0.0039669108,0.0
2025-06-23 04:00:00,solar.bun_hsc#realenergyintotheload#kwh,BUNDOORA,0.0,-0.009959646,0.004306403,0.004178815,0.0
2025-06-23 05:00:00,solar.bun_hsc#realenergyintotheload#kwh,BUNDOORA,0.0,0.031955704,0.004044713,0.0039248783,0.0
2025-06-23 06:00:00,solar.bun_hsc#realenergyintotheload#kwh,BUNDOORA,0.0,-0.0032209014,0.0035662516,0.0034605926,0.0
2025-06-23 07:00:00,solar.bun_hsc#realenergyintotheload#kwh,BUNDOORA,0.0,0.1624462,0.0039292597,0.0038128456,0.0
2025-06-23 08:00:00,solar.bun_hsc#realenergyintotheload#kwh,BUNDOORA,0.0,1.6310807,0.13204005,0.12812804,6.0
2025-06-23 09:00:00,solar.bun_hsc#realenergyintotheload#kwh,BUNDOORA,0.96875,3.645924,2.7488086,2.6673682,70.0
2025-06-23 10:00:00,solar.bun_hsc#realenergyintotheload#kwh,BUNDOORA,4.4375,8.891001,13.539436,13.138297,277.0
2025-06-23 11:00:00,solar.bun_hsc#realenergyintotheload#kwh,BUNDOORA,9.1875,10.142334,15.192384,14.742271,289.0
2025-06-23 12:00:00,solar.bun_hsc#realenergyintotheload#kwh,BUNDOORA,21.9375,17.80011,25.392572,24.640253,444.0
2025-06-23 13:00:00,solar.bun_hsc#realenergyintotheload#kwh,BUNDOORA,26.28125,19.346586,24.094093,23.380245,451.0
2025-06-23 14:00:00,solar.bun_hsc#realenergyintotheload#kwh,BUNDOORA,24.65625,16.447477,23.09059,22.406473,402.0
2025-06-23 15:00:00,solar.bun_hsc#realenergyintotheload#kwh,BUNDOORA,14.25,15.833981,15.201962,14.751566,291.0
2025-06-23 16:00:00,solar.bun_hsc#realenergyintotheload#kwh,BUNDOORA,3.65625,7.022981,9.656735,9.37063,168.0
2025-06-23 17:00:00,solar.bun_hsc#realenergyintotheload#kwh,BUNDOORA,0.78125,3.601562,1.0217525,0.9914805,26.0
2025-06-23 18:00:00,solar.bun_hsc#realenergyintotheload#kwh,BUNDOORA,0.0,0.52038014,0.0037421659,0.003631295,0.0
2025-06-23 19:00:00,solar.bun_hsc#realenergyintotheload#kwh,BUNDOORA,0.0,-0.08605576,0.0037421659,0.003631295,0.0
2025-06-23 20:00:00,solar.bun_hsc#realenergyintotheload#kwh,BUNDOORA,0.0,0.18966572,0.0033929953,0.0032924693,0.0
2025-06-23 21:00:00,solar.bun_hsc#realenergyintotheload#kwh,BUNDOORA,0.0,0.12054612,0.005448402,0.0052869795,0.0
2025-06-23 22:00:00,solar.bun_hsc#realenergyintotheload#kwh,BUNDOORA,0.0,0.011985204,0.0059311604,0.0057554347,0.0
2025-06-23 23:00:00,solar.bun_hsc#realenergyintotheload#kwh,BUNDOORA,0.0,-0.038451485,0.0052495105,0.0050939806,0.0
2025-06-24 00:00:00,solar.bun_hsc#realenergyintotheload#kwh,BUNDOORA,0.0,0.0076872036,0.004444237,0.004312565,0.0
2025-06-24 01:00:00,solar.bun_hsc#realenergyintotheload#kwh,BUNDOORA,0.0,0.06476649,0.0062604016,0.0060749217,0.0
2025-06-24 02:00:00,solar.bun_hsc#realenergyintotheload#kwh,BUNDOORA,0.0,0.08595626,0.0061746645,0.005991725,0.0
2025-06-24 03:00:00,solar.bun_hsc#realenergyintotheload#kwh,BUNDOORA,0.0,0.029965881,0.009792448,0.009502322,0.0
2025-06-24 04:00:00,solar.bun_hsc#realenergyintotheload#kwh,BUNDOORA,0.0,0.055077363,-0.0058890735,0.0,0.0
2025-06-24 05:00:00,solar.bun_hsc#realenergyintotheload#kwh,BUNDOORA,0.0,-0.026781403,-0.034303434,0.0,0.0
2025-06-24 06:00:00,solar.bun_hsc#realenergyintotheload#kwh,BUNDOORA,0.0,-0.40980127,-0.019120643,0.0,0.0
2025-06-24 07:00:00,solar.bun_hsc#realenergyintotheload#kwh,BUNDOORA,0.0,-0.027677616,0.0043192315,0.0041912636,0.0
2025-06-24 08:00:00,solar.bun_hsc#realenergyintotheload#kwh,BUNDOORA,0.0625,0.38634703,0.21215688,0.2058712,8.0
2025-06-24 09:00:00,solar.bun_hsc#realenergyintotheload#kwh,BUNDOORA,3.34375,1.5643318,6.188114,6.004776,127.0
2025-06-24 10:00:00,solar.bun_hsc#realenergyintotheload#kwh,BUNDOORA,6.40625,6.3377223,10.75122,10.432688,212.0
2025-06-24 11:00:00,solar.bun_hsc#realenergyintotheload#kwh,BUNDOORA,10.15625,10.971615,11.493626,11.153098,215.0
2025-06-24 12:00:00,solar.bun_hsc#realenergyintotheload#kwh,BUNDOORA,12.03125,7.870996,7.6464715,7.4199257,150.0
2025-06-24 13:00:00,solar.bun_hsc#realenergyintotheload#kwh,BUNDOORA,8.46875,7.912626,7.9047165,7.6705194,152.0
2025-06-24 14:00:00,solar.bun_hsc#realenergyintotheload#kwh,BUNDOORA,16.53125,13.089621,11.231888,10.899115,205.0
2025-06-24 15:00:00,solar.bun_hsc#realenergyintotheload#kwh,BUNDOORA,9.9375,9.776624,9.688433,9.401388,197.0
2025-06-24 16:00:00,solar.bun_hsc#realenergyintotheload#kwh,BUNDOORA,3.9375,3.4224024,3.3982882,3.2976055,72.0
2025-06-24 17:00:00,solar.bun_hsc#realenergyintotheload#kwh,BUNDOORA,1.21875,1.7002238,0.36404586,0.3532601,11.0
2025-06-24 18:00:00,solar.bun_hsc#realenergyintotheload#kwh,BUNDOORA,0.0,0.27536044,-0.004269704,0.0,0.0
2025-06-24 19:00:00,solar.bun_hsc#realenergyintotheload#kwh,BUNDOORA,0.0,-0.013898807,0.0006547654,0.00063536636,0.0
2025-06-24 20:00:00,solar.bun_hsc#realenergyintotheload#kwh,BUNDOORA,0.0,-0.010338359,0.002708306,0.0026280656,0.0
2025-06-24 21:00:00,solar.bun_hsc#realenergyintotheload#kwh,BUNDOORA,0.0,-0.029999489,0.001623194,0.0015751028,0.0
2025-06-24 22:00:00,solar.bun_hsc#realenergyintotheload#kwh,BUNDOORA,0.0,-0.007871399,0.0028986733,0.0028127928,0.0
2025-06-24 23:00:00,solar.bun_hsc#realenergyintotheload#kwh,BUNDOORA,0.0,-0.013820851,0.0028986733,0.0028127928,0.0
2025-06-25 00:00:00,solar.bun_hsc#realenergyintotheload#kwh,BUNDOORA,0.0,-0.026074294,0.0016360225,0.0015875512,0.0
2025-06-25 01:00:00,solar.bun_hsc#realenergyintotheload#kwh,BUNDOORA,0.0,-0.02621611,0.0016360225,0.0015875512,0.0
2025-06-25 02:00:00,solar.bun_hsc#realenergyintotheload#kwh,BUNDOORA,0.0,-0.0013320381,0.00013804168,0.00013395185,0.0
2025-06-25 03:00:00,solar.bun_hsc#realenergyintotheload#kwh,BUNDOORA,0.0,-0.016357884,0.003430203,0.0033285748,0.0
2025-06-25 04:00:00,solar.bun_hsc#realenergyintotheload#kwh,BUNDOORA,0.0,0.025544945,0.0010371085,0.0010063816,0.0
2025-06-25 05:00:00,solar.bun_hsc#realenergyintotheload#kwh,BUNDOORA,0.0,0.059546888,0.0036361506,0.0035284206,0.0
2025-06-25 06:00:00,solar.bun_hsc#realenergyintotheload#kwh,BUNDOORA,0.0,0.0078401705,0.0024286613,0.0023567062,0.0
2025-06-25 07:00:00,solar.bun_hsc#realenergyintotheload#kwh,BUNDOORA,0.0,0.05339981,0.0042850613,0.0041581057,0.0
2025-06-25 08:00:00,solar.bun_hsc#realenergyintotheload#kwh,BUNDOORA,0.0,0.3606567,0.016218057,0.015737556,2.0
2025-06-25 09:00:00,solar.bun_hsc#realenergyintotheload#kwh,BUNDOORA,1.34375,0.8617113,4.7700605,4.6287355,116.0
2025-06-25 10:00:00,solar.bun_hsc#realenergyintotheload#kwh,BUNDOORA,5.15625,2.4840648,8.031144,7.7932014,168.0
2025-06-25 11:00:00,solar.bun_hsc#realenergyintotheload#kwh,BUNDOORA,5.5,5.610646,9.062237,8.793745,174.0
2025-06-25 12:00:00,solar.bun_hsc#realenergyintotheload#kwh,BUNDOORA,12.84375,8.720391,19.25658,18.686056,351.0
2025-06-25 13:00:00,solar.bun_hsc#realenergyintotheload#kwh,BUNDOORA,9.28125,6.2798147,6.727913,6.5285816,135.0
2025-06-25 14:00:00,solar.bun_hsc#realenergyintotheload#kwh,BUNDOORA,11.90625,4.040371,6.657549,6.4603024,135.0
2025-06-25 15:00:00,solar.bun_hsc#realenergyintotheload#kwh,BUNDOORA,8.75,2.690919,1.6060196,1.5584372,35.0
2025-06-25 16:00:00,solar.bun_hsc#realenergyintotheload#kwh,BUNDOORA,4.625,2.11655,7.9751577,7.738874,156.0
2025-06-25 17:00:00,solar.bun_hsc#realenergyintotheload#kwh,BUNDOORA,0.75,1.3232977,0.62211186,0.60368025,17.0
2025-06-25 18:00:00,solar.bun_hsc#realenergyintotheload#kwh,BUNDOORA,0.0,0.21802169,0.004515438,0.0043816566,0.0
2025-06-25 19:00:00,solar.bun_hsc#realenergyintotheload#kwh,BUNDOORA,0.0,-0.006217459,0.005626392,0.005459696,0.0
2025-06-25 20:00:00,solar.bun_hsc#realenergyintotheload#kwh,BUNDOORA,0.0,-0.018098729,0.004515438,0.0043816566,0.0
2025-06-25 21:00:00,solar.bun_hsc#realenergyintotheload#kwh,BUNDOORA,0.0,-0.0070480797,0.0023200423,0.0022513054,0.0
2025-06-25 22:00:00,solar.bun_hsc#realenergyintotheload#kwh,BUNDOORA,0.0,0.034476936,0.0044041476,0.0042736637,0.0
2025-06-25 23:00:00,solar.bun_hsc#realenergyintotheload#kwh,BUNDOORA,0.0,-0.0036967422,0.0039184606,0.0038023663,0.0
2025-06-26 00:00:00,solar.bun_hsc#realenergyintotheload#kwh,BUNDOORA,0.0,-0.008879397,0.0039184606,0.0038023663,0.0
2025-06-26 01:00:00,solar.bun_hsc#realenergyintotheload#kwh,BUNDOORA,0.0,-0.0028019221,0.0021989723,0.0021338223,0.0
2025-06-26 02:00:00,solar.bun_hsc#realenergyintotheload#kwh,BUNDOORA,0.0,-0.009558158,0.00173517,0.0016837612,0.0
2025-06-26 03:00:00,solar.bun_hsc#realenergyintotheload#kwh,BUNDOORA,0.0,0.002575334,0.0015815899,0.0015347314,0.0
2025-06-26 04:00:00,solar.bun_hsc#realenergyintotheload#kwh,BUNDOORA,0.0,0.0014649548,0.00173517,0.0016837612,0.0
2025-06-26 05:00:00,solar.bun_hsc#realenergyintotheload#kwh,BUNDOORA,0.0,0.001504631,0.00173517,0.0016837612,0.0
2025-06-26 06:00:00,solar.bun_hsc#realenergyintotheload#kwh,BUNDOORA,0.0,-0.006520847,0.00173517,0.0016837612,0.0
2025-06-26 07:00:00,solar.bun_hsc#realenergyintotheload#kwh,BUNDOORA,0.0,0.0008060375,0.00173517,0.0016837612,0.0
2025-06-26 08:00:00,solar.bun_hsc#realenergyintotheload#kwh,BUNDOORA,0.0625,0.0036473484,0.2749791,0.26683217,9.0
2025-06-26 09:00:00,solar.bun_hsc#realenergyintotheload#kwh,BUNDOORA,1.96875,0.18726929,4.4943633,4.3612065,119.0
2025-06-26 10:00:00,solar.bun_hsc#realenergyintotheload#kwh,BUNDOORA,4.5625,1.7503777,13.7081,13.301964,269.0
2025-06-26 11:00:00,solar.bun_hsc#realenergyintotheload#kwh,BUNDOORA,12.9375,4.9565964,20.718355,20.104523,357.0
2025-06-26 12:00:00,solar.bun_hsc#realenergyintotheload#kwh,BUNDOORA,17.125,17.616163,14.870022,14.429461,266.0
2025-06-26 13:00:00,solar.bun_hsc#realenergyintotheload#kwh,BUNDOORA,18.6875,16.87778,26.30795,25.528511,428.0
2025-06-26 14:00:00,solar.bun_hsc#realenergyintotheload#kwh,BUNDOORA,11.875,15.656507,13.001847,12.616635,231.0
2025-06-26 15:00:00,solar.bun_hsc#realenergyintotheload#kwh,BUNDOORA,6.21875,7.6943564,7.6954503,7.4674535,147.0
2025-06-26 16:00:00,solar.bun_hsc#realenergyintotheload#kwh,BUNDOORA,4.46875,5.7579575,4.6678944,4.5295963,94.0
2025-06-26 17:00:00,solar.bun_hsc#realenergyintotheload#kwh,BUNDOORA,1.03125,2.4111352,0.5911535,0.5736391,16.0
2025-06-26 18:00:00,solar.bun_hsc#realenergyintotheload#kwh,BUNDOORA,0.0,0.26978785,0.002875566,0.0027903703,0.0
2025-06-26 19:00:00,solar.bun_hsc#realenergyintotheload#kwh,BUNDOORA,0.0,-0.0030513983,0.002875566,0.0027903703,0.0
2025-06-26 20:00:00,solar.bun_hsc#realenergyintotheload#kwh,BUNDOORA,0.0,-0.001769972,0.00173517,0.0016837612,0.0
2025-06-26 21:00:00,solar.bun_hsc#realenergyintotheload#kwh,BUNDOORA,0.0,-0.0018878826,0.00173517,0.0016837612,0.0
2025-06-26 22:00:00,solar.bun_hsc#realenergyintotheload#kwh,BUNDOORA,0.0,-0.0018878826,0.0013735208,0.0013328268,0.0
2025-06-26 23:00:00,solar.bun_hsc#realenergyintotheload#kwh,BUNDOORA,0.0,-0.0007264062,0.0013735208,0.0013328268,0.0
2025-06-27 00:00:00,solar.bun_hsc#realenergyintotheload#kwh,BUNDOORA,0.0,-0.0018878826,0.0013735208,0.0013328268,0.0
2025-06-27 01:00:00,solar.bun_hsc#realenergyintotheload#kwh,BUNDOORA,0.0,-0.001611351,0.0020150086,0.001955309,0.0
2025-06-27 02:00:00,solar.bun_hsc#realenergyintotheload#kwh,BUNDOORA,0.0,-0.0011257487,0.0020150086,0.001955309,0.0
2025-06-27 03:00:00,solar.bun_hsc#realenergyintotheload#kwh,BUNDOORA,0.0,-0.00066869514,0.0020150086,0.001955309,0.0
2025-06-27 04:00:00,solar.bun_hsc#realenergyintotheload#kwh,BUNDOORA,0.0,-0.0019403566,0.0020150086,0.001955309,0.0
2025-06-27 05:00:00,solar.bun_hsc#realenergyintotheload#kwh,BUNDOORA,0.0,0.0018108559,0.0016533594,0.0016043745,0.0
2025-06-27 06:00:00,solar.bun_hsc#realenergyintotheload#kwh,BUNDOORA,0.0,-0.0007522376,0.00173517,0.0016837612,0.0
2025-06-27 07:00:00,solar.bun_hsc#realenergyintotheload#kwh,BUNDOORA,0.0,0.006598099,0.00173517,0.0016837612,0.0
2025-06-27 08:00:00,solar.bun_hsc#realenergyintotheload#kwh,BUNDOORA,0.03125,-0.003967953,0.27534077,0.2671831,9.0
2025-06-27 09:00:00,solar.bun_hsc#realenergyintotheload#kwh,BUNDOORA,1.4375,0.074068405,3.0348022,2.9448886,98.0
2025-06-27 10:00:00,solar.bun_hsc#realenergyintotheload#kwh,BUNDOORA,2.78125,2.7175758,13.800278,13.39141,279.0
2025-06-27 11:00:00,solar.bun_hsc#realenergyintotheload#kwh,BUNDOORA,10.84375,11.705235,21.892094,21.243486,385.0
2025-06-27 12:00:00,solar.bun_hsc#realenergyintotheload#kwh,BUNDOORA,18.5625,10.993745,22.33366,21.67197,392.0
2025-06-27 13:00:00,solar.bun_hsc#realenergyintotheload#kwh,BUNDOORA,18.09375,15.53563,20.615602,20.004814,354.0
2025-06-27 14:00:00,solar.bun_hsc#realenergyintotheload#kwh,BUNDOORA,15.84375,18.736492,18.456673,17.909847,314.0
2025-06-27 15:00:00,solar.bun_hsc#realenergyintotheload#kwh,BUNDOORA,17.0,17.143818,11.665082,11.319475,222.0
2025-06-27 16:00:00,solar.bun_hsc#realenergyintotheload#kwh,BUNDOORA,4.90625,11.12483,8.79764,8.536987,157.0
2025-06-27 17:00:00,solar.bun_hsc#realenergyintotheload#kwh,BUNDOORA,1.375,2.896067,1.0555161,1.0242438,26.0
2025-06-27 18:00:00,solar.bun_hsc#realenergyintotheload#kwh,BUNDOORA,0.0,0.6037055,0.003010219,0.0029210337,0.0
2025-06-27 19:00:00,solar.bun_hsc#realenergyintotheload#kwh,BUNDOORA,0.0,0.016405337,0.003010219,0.0029210337,0.0
2025-06-27 20:00:00,solar.bun_hsc#realenergyintotheload#kwh,BUNDOORA,0.0,0.0070257317,0.002973421,0.002885326,0.0
2025-06-27 21:00:00,solar.bun_hsc#realenergyintotheload#kwh,BUNDOORA,0.0,0.0070257317,0.0032532597,0.0031568736,0.0
2025-06-27 22:00:00,solar.bun_hsc#realenergyintotheload#kwh,BUNDOORA,0.0,-0.004764484,0.0032532597,0.0031568736,0.0
2025-06-27 23:00:00,solar.bun_hsc#realenergyintotheload#kwh,BUNDOORA,0.0,0.027766977,0.003589682,0.0034833287,0.0
2025-06-28 00:00:00,solar.bun_hsc#realenergyintotheload#kwh,BUNDOORA,0.0,-0.0056156903,0.0031554047,0.0030619178,0.0
2025-06-28 01:00:00,solar.bun_hsc#realenergyintotheload#kwh,BUNDOORA,0.0,-0.00096492644,0.0031554047,0.0030619178,0.0
2025-06-28 02:00:00,solar.bun_hsc#realenergyintotheload#kwh,BUNDOORA,0.0,-0.0019043158,0.0031554047,0.0030619178,0.0
2025-06-28 03:00:00,solar.bun_hsc#realenergyintotheload#kwh,BUNDOORA,0.0,1.6830221e-05,0.0015815899,0.0015347314,0.0
2025-06-28 04:00:00,solar.bun_hsc#realenergyintotheload#kwh,BUNDOORA,0.0,0.0022359334,0.00173517,0.0016837612,0.0
2025-06-28 05:00:00,solar.bun_hsc#realenergyintotheload#kwh,BUNDOORA,0.0,0.0014392359,0.00173517,0.0016837612,0.0
2025-06-28 06:00:00,solar.bun_hsc#realenergyintotheload#kwh,BUNDOORA,0.0,0.004012807,0.0015815899,0.0015347314,0.0
2025-06-28 07:00:00,solar.bun_hsc#realenergyintotheload#kwh,BUNDOORA,0.0,0.017024249,0.002284749,0.0022170576,0.0
2025-06-28 08:00:00,solar.bun_hsc#realenergyintotheload#kwh,BUNDOORA,0.0,0.13123038,0.19576798,0.18996787,8.0
2025-06-28 09:00:00,solar.bun_hsc#realenergyintotheload#kwh,BUNDOORA,0.0,0.16335525,2.0280962,1.9680088,50.0
2025-06-28 10:00:00,solar.bun_hsc#realenergyintotheload#kwh,BUNDOORA,0.0,2.3697405,6.4783187,6.286382,128.0
2025-06-28 11:00:00,solar.bun_hsc#realenergyintotheload#kwh,BUNDOORA,0.0,13.068857,9.797485,9.507211,186.0
2025-06-28 12:00:00,solar.bun_hsc#realenergyintotheload#kwh,BUNDOORA,0.0,12.431314,9.7596,9.470448,193.0
2025-06-28 13:00:00,solar.bun_hsc#realenergyintotheload#kwh,BUNDOORA,0.0,12.458403,10.652427,10.336822,202.0
2025-06-28 14:00:00,solar.bun_hsc#realenergyintotheload#kwh,BUNDOORA,0.0,18.970005,14.5406275,14.109825,255.0
2025-06-28 15:00:00,solar.bun_hsc#realenergyintotheload#kwh,BUNDOORA,0.0,18.231007,16.60171,16.109842,285.0
2025-06-28 16:00:00,solar.bun_hsc#realenergyintotheload#kwh,BUNDOORA,0.0,7.126745,9.727126,9.438935,169.0
2025-06-28 17:00:00,solar.bun_hsc#realenergyintotheload#kwh,BUNDOORA,0.0,2.8875604,1.1360044,1.1023475,28.0
2025-06-28 18:00:00,solar.bun_hsc#realenergyintotheload#kwh,BUNDOORA,0.0,0.70782214,0.001618387,0.0015704382,0.0
2025-06-28 19:00:00,solar.bun_hsc#realenergyintotheload#kwh,BUNDOORA,0.0,3.7330028e-05,0.0029836474,0.0028952493,0.0
2025-06-28 20:00:00,solar.bun_hsc#realenergyintotheload#kwh,BUNDOORA,0.0,-0.0036482646,0.002875566,0.0027903703,0.0
2025-06-28 21:00:00,solar.bun_hsc#realenergyintotheload#kwh,BUNDOORA,0.0,-0.0029632673,0.002875566,0.0027903703,0.0
2025-06-28 22:00:00,solar.bun_hsc#realenergyintotheload#kwh,BUNDOORA,0.0,-0.0039730947,0.0025801277,0.002503685,0.0
2025-06-28 23:00:00,solar.bun_hsc#realenergyintotheload#kwh,BUNDOORA,0.0,-0.0025844215,0.002284749,0.0022170576,0.0
2025-06-29 00:00:00,solar.bun_hsc#realenergyintotheload#kwh,BUNDOORA,0.0,0.001332165,0.0013735208,0.0013328268,0.0
2025-06-29 01:00:00,solar.bun_hsc#realenergyintotheload#kwh,BUNDOORA,0.0,-0.004663626,0.002875566,0.0027903703,0.0
2025-06-29 02:00:00,solar.bun_hsc#realenergyintotheload#kwh,BUNDOORA,0.0,-0.003943469,0.002284749,0.0022170576,0.0
2025-06-29 03:00:00,solar.bun_hsc#realenergyintotheload#kwh,BUNDOORA,0.0,-0.0032879317,0.002875566,0.0027903703,0.0
2025-06-29 04:00:00,solar.bun_hsc#realenergyintotheload#kwh,BUNDOORA,0.0,-0.0036667774,0.002875566,0.0027903703,0.0
2025-06-29 05:00:00,solar.bun_hsc#realenergyintotheload#kwh,BUNDOORA,0.0,-0.0037935285,0.002875566,0.0027903703,0.0
2025-06-29 06:00:00,solar.bun_hsc#realenergyintotheload#kwh,BUNDOORA,0.0,-0.0042847805,0.002284749,0.0022170576,0.0
2025-06-29 07:00:00,solar.bun_hsc#realenergyintotheload#kwh,BUNDOORA,0.0,0.010810645,0.00173517,0.0016837612,0.0
2025-06-29 08:00:00,solar.bun_hsc#realenergyintotheload#kwh,BUNDOORA,0.09375,0.12224029,0.19575843,0.1899586,8.0
2025-06-29 09:00:00,solar.bun_hsc#realenergyintotheload#kwh,BUNDOORA,2.78125,0.328266,3.6883466,3.57907,111.0
2025-06-29 10:00:00,solar.bun_hsc#realenergyintotheload#kwh,BUNDOORA,6.0625,1.4757702,7.6807723,7.4532104,178.0
2025-06-29 11:00:00,solar.bun_hsc#realenergyintotheload#kwh,BUNDOORA,4.25,5.6020784,10.069309,9.770981,189.0
2025-06-29 12:00:00,solar.bun_hsc#realenergyintotheload#kwh,BUNDOORA,10.15625,8.782569,11.141756,10.811654,212.0
2025-06-29 13:00:00,solar.bun_hsc#realenergyintotheload#kwh,BUNDOORA,7.5625,10.19502,11.905262,11.552539,222.0
2025-06-29 14:00:00,solar.bun_hsc#realenergyintotheload#kwh,BUNDOORA,9.75,12.198409,11.381067,11.043875,213.0
2025-06-29 15:00:00,solar.bun_hsc#realenergyintotheload#kwh,BUNDOORA,7.9375,8.953029,7.567187,7.34299,144.0
2025-06-29 16:00:00,solar.bun_hsc#realenergyintotheload#kwh,BUNDOORA,2.90625,6.0613055,4.9408298,4.7944455,102.0
2025-06-29 17:00:00,solar.bun_hsc#realenergyintotheload#kwh,BUNDOORA,0.8125,1.288307,1.2669168,1.2293812,30.0
2025-06-29 18:00:00,solar.bun_hsc#realenergyintotheload#kwh,BUNDOORA,0.0,0.4252807,0.0027572457,0.0026755554,0.0
2025-06-29 19:00:00,solar.bun_hsc#realenergyintotheload#kwh,BUNDOORA,0.0,0.01797095,0.0032597105,0.0031631335,0.0
2025-06-29 20:00:00,solar.bun_hsc#realenergyintotheload#kwh,BUNDOORA,0.0,0.0026686394,0.001965735,0.0019074953,0.0
2025-06-29 21:00:00,solar.bun_hsc#realenergyintotheload#kwh,BUNDOORA,0.0,-0.0019043158,0.0026688934,0.002589821,0.0
2025-06-29 22:00:00,solar.bun_hsc#realenergyintotheload#kwh,BUNDOORA,0.0,-0.0020011887,0.0032597105,0.0031631335,0.0
2025-06-29 23:00:00,solar.bun_hsc#realenergyintotheload#kwh,BUNDOORA,0.0,-0.0020011887,0.0032597105,0.0031631335,0.0
2025-06-30 00:00:00,solar.bun_hsc#realenergyintotheload#kwh,BUNDOORA,0.0,-0.0020011887,0.0032597105,0.0031631335,0.0
2025-06-30 01:00:00,solar.bun_hsc#realenergyintotheload#kwh,BUNDOORA,0.0,-0.0020011887,0.0032597105,0.0031631335,0.0
2025-06-30 02:00:00,solar.bun_hsc#realenergyintotheload#kwh,BUNDOORA,0.0,-0.0020011887,0.0032597105,0.0031631335,0.0
2025-06-30 03:00:00,solar.bun_hsc#realenergyintotheload#kwh,BUNDOORA,0.0,-0.0020011887,0.0032597105,0.0031631335,0.0
2025-06-30 04:00:00,solar.bun_hsc#realenergyintotheload#kwh,BUNDOORA,0.0,-0.0020011887,0.002973421,0.002885326,0.0
2025-06-30 05:00:00,solar.bun_hsc#realenergyintotheload#kwh,BUNDOORA,0.0,-0.0014955921,0.002382604,0.0023120134,0.0
2025-06-30 06:00:00,solar.bun_hsc#realenergyintotheload#kwh,BUNDOORA,0.0,-0.0014955921,0.002382604,0.0023120134,0.0
2025-06-30 07:00:00,solar.bun_hsc#realenergyintotheload#kwh,BUNDOORA,0.0,0.011350036,0.002284749,0.0022170576,0.0
2025-06-30 08:00:00,solar.bun_hsc#realenergyintotheload#kwh,BUNDOORA,0.0625,-0.0025783852,0.2756206,0.26745465,9.0
2025-06-30 09:00:00,solar.bun_hsc#realenergyintotheload#kwh,BUNDOORA,1.09375,0.15392257,5.461088,5.2992897,137.0
2025-06-30 10:00:00,solar.bun_hsc#realenergyintotheload#kwh,BUNDOORA,2.90625,2.5242255,13.673972,13.2688465,278.0
2025-06-30 11:00:00,solar.bun_hsc#realenergyintotheload#kwh,BUNDOORA,10.375,13.667729,15.648617,15.184987,277.0
2025-06-30 12:00:00,solar.bun_hsc#realenergyintotheload#kwh,BUNDOORA,17.90625,12.212177,22.551714,21.883562,379.0
2025-06-30 13:00:00,solar.bun_hsc#realenergyintotheload#kwh,BUNDOORA,24.53125,12.490195,22.363523,21.700949,378.0
2025-06-30 14:00:00,solar.bun_hsc#realenergyintotheload#kwh,BUNDOORA,18.71875,12.27305,21.431774,20.796804,367.0
2025-06-30 15:00:00,solar.bun_hsc#realenergyintotheload#kwh,BUNDOORA,15.1875,15.009219,18.69612,18.1422,313.0
2025-06-30 16:00:00,solar.bun_hsc#realenergyintotheload#kwh,BUNDOORA,3.34375,4.980722,9.934176,9.639852,178.0
2025-06-30 17:00:00,solar.bun_hsc#realenergyintotheload#kwh,BUNDOORA,1.0,2.53945,1.5808824,1.5340449,35.0
2025-06-30 18:00:00,solar.bun_hsc#realenergyintotheload#kwh,BUNDOORA,0.03125,0.45991305,0.0023215455,0.0022527638,0.0
2025-06-30 19:00:00,solar.bun_hsc#realenergyintotheload#kwh,BUNDOORA,0.0,0.0012527516,0.00173517,0.0016837612,0.0
2025-06-30 20:00:00,solar.bun_hsc#realenergyintotheload#kwh,BUNDOORA,0.0,-0.009267367,0.00173517,0.0016837612,0.0
2025-06-30 21:00:00,solar.bun_hsc#realenergyintotheload#kwh,BUNDOORA,0.0,-0.006912796,0.0013735208,0.0013328268,0.0
2025-06-30 22:00:00,solar.bun_hsc#realenergyintotheload#kwh,BUNDOORA,0.0,0.004193859,0.0013735208,0.0013328268,0.0
2025-06-30 23:00:00,solar.bun_hsc#realenergyintotheload#kwh,BUNDOORA,0.0,-0.006912796,0.00173517,0.0016837612,0.0
2025-07-01 00:00:00,solar.bun_hsc#realenergyintotheload#kwh,BUNDOORA,0.0,-0.006797054,0.00173517,0.0016837612,0.0
2025-07-01 01:00:00,solar.bun_hsc#realenergyintotheload#kwh,BUNDOORA,0.0,0.001714309,0.00173517,0.0016837612,0.0
2025-07-01 02:00:00,solar.bun_hsc#realenergyintotheload#kwh,BUNDOORA,0.0,-0.0023374066,0.002875566,0.0027903703,0.0
2025-07-01 03:00:00,solar.bun_hsc#realenergyintotheload#kwh,BUNDOORA,0.0,-0.0023374066,0.002875566,0.0027903703,0.0
2025-07-01 04:00:00,solar.bun_hsc#realenergyintotheload#kwh,BUNDOORA,0.0,-0.0016598771,0.002875566,0.0027903703,0.0
2025-07-01 05:00:00,solar.bun_hsc#realenergyintotheload#kwh,BUNDOORA,0.0,0.005530773,0.002875566,0.0027903703,0.0
2025-07-01 06:00:00,solar.bun_hsc#realenergyintotheload#kwh,BUNDOORA,0.0,0.004696595,0.002973421,0.002885326,0.0
2025-07-01 07:00:00,solar.bun_hsc#realenergyintotheload#kwh,BUNDOORA,0.0,0.02283692,0.0040163156,0.003897322,0.0
2025-07-01 08:00:00,solar.bun_hsc#realenergyintotheload#kwh,BUNDOORA,0.03125,0.1375033,0.13365975,0.12969975,6.0
2025-07-01 09:00:00,solar.bun_hsc#realenergyintotheload#kwh,BUNDOORA,1.59375,0.2204265,2.2961957,2.2281651,56.0
2025-07-01 10:00:00,solar.bun_hsc#realenergyintotheload#kwh,BUNDOORA,6.53125,0.88503575,7.0945926,6.8843975,153.0
2025-07-01 11:00:00,solar.bun_hsc#realenergyintotheload#kwh,BUNDOORA,7.0625,3.9513066,10.973259,10.648149,212.0
2025-07-01 12:00:00,solar.bun_hsc#realenergyintotheload#kwh,BUNDOORA,10.09375,6.9584413,9.317298,9.041249,179.0
2025-07-01 13:00:00,solar.bun_hsc#realenergyintotheload#kwh,BUNDOORA,10.375,10.596509,11.088534,10.760009,205.0
2025-07-01 14:00:00,solar.bun_hsc#realenergyintotheload#kwh,BUNDOORA,11.34375,5.321089,9.222873,8.949622,173.0
2025-07-01 15:00:00,solar.bun_hsc#realenergyintotheload#kwh,BUNDOORA,7.84375,6.7185364,7.5242066,7.3012834,148.0
2025-07-01 16:00:00,solar.bun_hsc#realenergyintotheload#kwh,BUNDOORA,4.53125,6.2613516,3.1597626,3.0661469,74.0
2025-07-01 17:00:00,solar.bun_hsc#realenergyintotheload#kwh,BUNDOORA,2.34375,3.5636203,0.5847115,0.56738794,16.0
2025-07-01 18:00:00,solar.bun_hsc#realenergyintotheload#kwh,BUNDOORA,0.03125,0.50584185,0.0053791082,0.005219739,0.0
2025-07-01 19:00:00,solar.bun_hsc#realenergyintotheload#kwh,BUNDOORA,0.0,0.02041667,0.0053791082,0.005219739,0.0
2025-07-01 20:00:00,solar.bun_hsc#realenergyintotheload#kwh,BUNDOORA,0.0,0.0071179257,0.0043026046,0.0041751293,0.0
2025-07-01 21:00:00,solar.bun_hsc#realenergyintotheload#kwh,BUNDOORA,0.0,0.0071179257,0.0043026046,0.0041751293,0.0
2025-07-01 22:00:00,solar.bun_hsc#realenergyintotheload#kwh,BUNDOORA,0.0,0.016878394,0.0046071326,0.0044706347,0.0
2025-07-01 23:00:00,solar.bun_hsc#realenergyintotheload#kwh,BUNDOORA,0.0,0.014622732,0.0046071326,0.0044706347,0.0
2025-07-02 00:00:00,solar.bun_hsc#realenergyintotheload#kwh,BUNDOORA,0.0,0.0038528107,0.004488545,0.0043555605,0.0
2025-07-02 01:00:00,solar.bun_hsc#realenergyintotheload#kwh,BUNDOORA,0.0,0.027479265,0.0048763766,0.004731902,0.0
2025-07-02 02:00:00,solar.bun_hsc#realenergyintotheload#kwh,BUNDOORA,0.0,0.025698986,0.0039184606,0.0038023663,0.0
2025-07-02 03:00:00,solar.bun_hsc#realenergyintotheload#kwh,BUNDOORA,0.0,0.008476062,0.003215301,0.0031200398,0.0
2025-07-02 04:00:00,solar.bun_hsc#realenergyintotheload#kwh,BUNDOORA,0.0,0.025320139,0.0045092776,0.004375679,0.0
2025-07-02 05:00:00,solar.bun_hsc#realenergyintotheload#kwh,BUNDOORA,0.0,0.008476062,0.003700988,0.0035913368,0.0
2025-07-02 06:00:00,solar.bun_hsc#realenergyintotheload#kwh,BUNDOORA,0.0,0.008476062,0.003854568,0.0037403668,0.0
2025-07-02 07:00:00,solar.bun_hsc#realenergyintotheload#kwh,BUNDOORA,0.0,0.12264171,0.0045020026,0.0043686195,0.0
2025-07-02 08:00:00,solar.bun_hsc#realenergyintotheload#kwh,BUNDOORA,0.0,0.27003822,0.093606204,0.09083289,5.0
2025-07-02 09:00:00,solar.bun_hsc#realenergyintotheload#kwh,BUNDOORA,0.75,1.0242877,2.108685,2.04621,54.0
2025-07-02 10:00:00,solar.bun_hsc#realenergyintotheload#kwh,BUNDOORA,1.5625,3.1700788,6.1129746,5.9318624,124.0
2025-07-02 11:00:00,solar.bun_hsc#realenergyintotheload#kwh,BUNDOORA,1.4375,6.4600782,3.9149945,3.799003,82.0
2025-07-02 12:00:00,solar.bun_hsc#realenergyintotheload#kwh,BUNDOORA,2.28125,5.2882442,4.3953047,4.265083,91.0
2025-07-02 13:00:00,solar.bun_hsc#realenergyintotheload#kwh,BUNDOORA,2.59375,5.773038,4.605354,4.468909,92.0
2025-07-02 14:00:00,solar.bun_hsc#realenergyintotheload#kwh,BUNDOORA,1.6875,5.069009,2.064182,2.0030255,44.0
2025-07-02 15:00:00,solar.bun_hsc#realenergyintotheload#kwh,BUNDOORA,1.15625,4.4727225,3.8500438,3.7359767,79.0
2025-07-02 16:00:00,solar.bun_hsc#realenergyintotheload#kwh,BUNDOORA,0.65625,4.2756386,2.1510193,2.08729,48.0
2025-07-02 17:00:00,solar.bun_hsc#realenergyintotheload#kwh,BUNDOORA,0.0,1.3051957,0.35599998,0.34545258,10.0
2025-07-02 18:00:00,solar.bun_hsc#realenergyintotheload#kwh,BUNDOORA,0.0,0.31352073,0.004774834,0.0046333675,0.0
2025-07-02 19:00:00,solar.bun_hsc#realenergyintotheload#kwh,BUNDOORA,0.0,0.0037459522,0.004774834,0.0046333675,0.0
2025-07-02 20:00:00,solar.bun_hsc#realenergyintotheload#kwh,BUNDOORA,0.0,-0.00345294,0.005070272,0.0049200524,0.0
2025-07-02 21:00:00,solar.bun_hsc#realenergyintotheload#kwh,BUNDOORA,0.0,0.009494854,0.0030553462,0.002964824,0.0
2025-07-02 22:00:00,solar.bun_hsc#realenergyintotheload#kwh,BUNDOORA,0.0,0.0011080799,0.0032597105,0.0031631335,0.0
2025-07-02 23:00:00,solar.bun_hsc#realenergyintotheload#kwh,BUNDOORA,0.0,0.0023211015,0.0029642726,0.0028764487,0.0
2025-07-03 00:00:00,solar.bun_hsc#realenergyintotheload#kwh,BUNDOORA,0.0,0.0023211015,0.0032597105,0.0031631335,0.0
2025-07-03 01:00:00,solar.bun_hsc#realenergyintotheload#kwh,BUNDOORA,0.0,0.0009813288,0.003186645,0.0030922326,0.0
2025-07-03 02:00:00,solar.bun_hsc#realenergyintotheload#kwh,BUNDOORA,0.0,0.014316485,0.0048934217,0.0047484417,0.0
2025-07-03 03:00:00,solar.bun_hsc#realenergyintotheload#kwh,BUNDOORA,0.0,0.0009813288,0.0032597105,0.0031631335,0.0
2025-07-03 04:00:00,solar.bun_hsc#realenergyintotheload#kwh,BUNDOORA,0.0,0.0021943504,0.0032597105,0.0031631335,0.0
2025-07-03 05:00:00,solar.bun_hsc#realenergyintotheload#kwh,BUNDOORA,0.0,0.0023211015,0.0029642726,0.0028764487,0.0
2025-07-03 06:00:00,solar.bun_hsc#realenergyintotheload#kwh,BUNDOORA,0.0,0.0023211015,0.0038976423,0.0037821648,0.0
2025-07-03 07:00:00,solar.bun_hsc#realenergyintotheload#kwh,BUNDOORA,0.0,0.015231801,0.0032597105,0.0031631335,0.0
2025-07-03 08:00:00,solar.bun_hsc#realenergyintotheload#kwh,BUNDOORA,0.0,0.041706,0.13395795,0.12998912,6.0
2025-07-03 09:00:00,solar.bun_hsc#realenergyintotheload#kwh,BUNDOORA,0.0,-0.101662144,4.1398454,4.017192,115.0
2025-07-03 10:00:00,solar.bun_hsc#realenergyintotheload#kwh,BUNDOORA,0.0,1.5177004,9.029288,8.761773,212.0
2025-07-03 11:00:00,solar.bun_hsc#realenergyintotheload#kwh,BUNDOORA,0.0,8.61062,14.233421,13.811721,273.0
2025-07-03 12:00:00,solar.bun_hsc#realenergyintotheload#kwh,BUNDOORA,0.0,9.020287,21.352755,20.720125,394.0
2025-07-03 13:00:00,solar.bun_hsc#realenergyintotheload#kwh,BUNDOORA,0.0,13.364596,19.427929,18.852327,340.0
2025-07-03 14:00:00,solar.bun_hsc#realenergyintotheload#kwh,BUNDOORA,0.0,14.45425,18.781136,18.224697,334.0
2025-07-03 15:00:00,solar.bun_hsc#realenergyintotheload#kwh,BUNDOORA,0.0,14.521522,12.362216,11.9959545,231.0
2025-07-03 16:00:00,solar.bun_hsc#realenergyintotheload#kwh,BUNDOORA,0.0,9.528385,8.2857685,8.040282,155.0
2025-07-03 17:00:00,solar.bun_hsc#realenergyintotheload#kwh,BUNDOORA,0.0,2.2517576,1.5806379,1.5338076,35.0
2025-07-03 18:00:00,solar.bun_hsc#realenergyintotheload#kwh,BUNDOORA,0.0,0.48983815,0.0021193153,0.0020565253,0.0
2025-07-03 19:00:00,solar.bun_hsc#realenergyintotheload#kwh,BUNDOORA,0.0,0.0110554155,0.0016794458,0.0016296881,0.0
2025-07-03 20:00:00,solar.bun_hsc#realenergyintotheload#kwh,BUNDOORA,0.0,0.010073848,0.001833026,0.001778718,0.0
2025-07-03 21:00:00,solar.bun_hsc#realenergyintotheload#kwh,BUNDOORA,0.0,0.003083738,0.001833026,0.001778718,0.0
2025-07-03 22:00:00,solar.bun_hsc#realenergyintotheload#kwh,BUNDOORA,0.0,-0.00057092606,0.0017512153,0.0016993312,0.0
2025-07-03 23:00:00,solar.bun_hsc#realenergyintotheload#kwh,BUNDOORA,0.0,0.034007985,0.0023830743,0.0023124698,0.0
2025-07-04 00:00:00,solar.bun_hsc#realenergyintotheload#kwh,BUNDOORA,0.0,0.0018108559,0.0016533594,0.0016043745,0.0
2025-07-04 01:00:00,solar.bun_hsc#realenergyintotheload#kwh,BUNDOORA,0.0,0.0005391951,0.0013735208,0.0013328268,0.0
2025-07-04 02:00:00,solar.bun_hsc#realenergyintotheload#kwh,BUNDOORA,0.0,-0.009326473,0.0013735208,0.0013328268,0.0
2025-07-04 03:00:00,solar.bun_hsc#realenergyintotheload#kwh,BUNDOORA,0.0,-0.0060805306,0.0013735208,0.0013328268,0.0
2025-07-04 04:00:00,solar.bun_hsc#realenergyintotheload#kwh,BUNDOORA,0.0,-0.0056718057,0.00173517,0.0016837612,0.0
2025-07-04 05:00:00,solar.bun_hsc#realenergyintotheload#kwh,BUNDOORA,0.0,-0.005837618,0.0013735208,0.0013328268,0.0
2025-07-04 06:00:00,solar.bun_hsc#realenergyintotheload#kwh,BUNDOORA,0.0,-0.005837618,0.00173517,0.0016837612,0.0
2025-07-04 07:00:00,solar.bun_hsc#realenergyintotheload#kwh,BUNDOORA,0.0,0.013330694,0.00173517,0.0016837612,0.0
2025-07-04 08:00:00,solar.bun_hsc#realenergyintotheload#kwh,BUNDOORA,0.0,-0.03448954,0.2752677,0.2671122,9.0
2025-07-04 09:00:00,solar.bun_hsc#realenergyintotheload#kwh,BUNDOORA,0.0,-0.06509504,5.6055927,5.439513,137.0
2025-07-04 10:00:00,solar.bun_hsc#realenergyintotheload#kwh,BUNDOORA,0.0,2.3339171,13.709892,13.303702,282.0
2025-07-04 11:00:00,solar.bun_hsc#realenergyintotheload#kwh,BUNDOORA,0.0,10.406055,22.035187,21.38234,394.0
2025-07-04 12:00:00,solar.bun_hsc#realenergyintotheload#kwh,BUNDOORA,0.0,15.8493595,26.70354,25.912382,456.0
2025-07-04 13:00:00,solar.bun_hsc#realenergyintotheload#kwh,BUNDOORA,0.0,19.355093,27.231993,26.425177,464.0
2025-07-04 14:00:00,solar.bun_hsc#realenergyintotheload#kwh,BUNDOORA,0.0,25.490623,24.764305,24.030602,416.0
2025-07-04 15:00:00,solar.bun_hsc#realenergyintotheload#kwh,BUNDOORA,0.0,10.99873,9.96708,9.671781,193.0
2025-07-04 16:00:00,solar.bun_hsc#realenergyintotheload#kwh,BUNDOORA,0.0,2.922317,3.5608797,3.4553797,75.0
2025-07-04 17:00:00,solar.bun_hsc#realenergyintotheload#kwh,BUNDOORA,0.0,3.4967995,1.0809019,1.0488775,27.0
2025-07-04 18:00:00,solar.bun_hsc#realenergyintotheload#kwh,BUNDOORA,0.0,1.2134784,0.0040294444,0.003910062,0.0
2025-07-04 19:00:00,solar.bun_hsc#realenergyintotheload#kwh,BUNDOORA,0.0,0.0049688322,-0.011199809,0.0,0.0
2025-07-04 20:00:00,solar.bun_hsc#realenergyintotheload#kwh,BUNDOORA,0.0,0.038235907,0.0043829163,0.0042530615,0.0
2025-07-04 21:00:00,solar.bun_hsc#realenergyintotheload#kwh,BUNDOORA,0.0,0.061238233,0.0042850613,0.0041581057,0.0
2025-07-04 22:00:00,solar.bun_hsc#realenergyintotheload#kwh,BUNDOORA,0.0,0.061137676,0.0042850613,0.0041581057,0.0
2025-07-04 23:00:00,solar.bun_hsc#realenergyintotheload#kwh,BUNDOORA,0.0,0.04490341,0.0042850613,0.0041581057,0.0
2025-07-05 00:00:00,solar.bun_hsc#realenergyintotheload#kwh,BUNDOORA,0.0,0.008933342,0.0022352345,0.00216901,0.0
2025-07-05 01:00:00,solar.bun_hsc#realenergyintotheload#kwh,BUNDOORA,0.0,0.012074929,0.0022352345,0.00216901,0.0
2025-07-05 02:00:00,solar.bun_hsc#realenergyintotheload#kwh,BUNDOORA,0.0,-0.022715025,0.0031367985,0.003043863,0.0
2025-07-05 03:00:00,solar.bun_hsc#realenergyintotheload#kwh,BUNDOORA,0.0,0.027412731,0.00462833,0.004491204,0.0
2025-07-05 04:00:00,solar.bun_hsc#realenergyintotheload#kwh,BUNDOORA,0.0,0.008103896,0.004814901,0.0046722475,0.0
2025-07-05 05:00:00,solar.bun_hsc#realenergyintotheload#kwh,BUNDOORA,0.0,0.009784985,0.002376589,0.0023061766,0.0
2025-07-05 06:00:00,solar.bun_hsc#realenergyintotheload#kwh,BUNDOORA,0.0,-0.10429106,0.0014088147,0.001367075,0.0
2025-07-05 07:00:00,solar.bun_hsc#realenergyintotheload#kwh,BUNDOORA,0.0,-0.04164207,0.0025517796,0.0024761767,0.0
2025-07-05 08:00:00,solar.bun_hsc#realenergyintotheload#kwh,BUNDOORA,0.0,-0.054270618,0.27619636,0.26801336,9.0
2025-07-05 09:00:00,solar.bun_hsc#realenergyintotheload#kwh,BUNDOORA,0.0,0.73531616,6.3866906,6.1974688,140.0
2025-07-05 10:00:00,solar.bun_hsc#realenergyintotheload#kwh,BUNDOORA,0.0,4.6805887,14.841559,14.401841,285.0
2025-07-05 11:00:00,solar.bun_hsc#realenergyintotheload#kwh,BUNDOORA,0.0,8.692571,22.457914,21.792542,396.0
2025-07-05 12:00:00,solar.bun_hsc#realenergyintotheload#kwh,BUNDOORA,0.0,17.27957,26.822268,26.02759,458.0
2025-07-05 13:00:00,solar.bun_hsc#realenergyintotheload#kwh,BUNDOORA,0.0,25.317472,26.522045,25.736263,466.0
2025-07-05 14:00:00,solar.bun_hsc#realenergyintotheload#kwh,BUNDOORA,0.0,26.221785,24.593355,23.864716,420.0
2025-07-05 15:00:00,solar.bun_hsc#realenergyintotheload#kwh,BUNDOORA,0.0,21.827887,17.964458,17.432217,323.0
2025-07-05 16:00:00,solar.bun_hsc#realenergyintotheload#kwh,BUNDOORA,0.0,6.4357114,9.18372,8.911629,159.0
2025-07-05 17:00:00,solar.bun_hsc#realenergyintotheload#kwh,BUNDOORA,0.0,1.3112772,0.9392053,0.911379,24.0
2025-07-05 18:00:00,solar.bun_hsc#realenergyintotheload#kwh,BUNDOORA,0.0,0.4652154,-0.0016354288,0.0,0.0
2025-07-05 19:00:00,solar.bun_hsc#realenergyintotheload#kwh,BUNDOORA,0.0,-0.03044978,-0.009934356,0.0,0.0
2025-07-05 20:00:00,solar.bun_hsc#realenergyintotheload#kwh,BUNDOORA,0.0,-0.025634058,0.007705822,0.0074775177,0.0
2025-07-05 21:00:00,solar.bun_hsc#realenergyintotheload#kwh,BUNDOORA,0.0,0.025178554,0.005154955,0.0050022267,0.0
2025-07-05 22:00:00,solar.bun_hsc#realenergyintotheload#kwh,BUNDOORA,0.0,0.100127324,0.0023732348,0.0023029218,0.0
2025-07-05 23:00:00,solar.bun_hsc#realenergyintotheload#kwh,BUNDOORA,0.0,0.027856722,0.0036726636,0.0035638518,0.0
2025-07-06 00:00:00,solar.bun_hsc#realenergyintotheload#kwh,BUNDOORA,0.0,0.010872828,0.004065779,0.0039453204,0.0
2025-07-06 01:00:00,solar.bun_hsc#realenergyintotheload#kwh,BUNDOORA,0.0,0.058435384,0.00280614,0.0027230012,0.0
2025-07-06 02:00:00,solar.bun_hsc#realenergyintotheload#kwh,BUNDOORA,0.0,0.08416481,0.0020008672,0.0019415865,0.0
2025-07-06 03:00:00,solar.bun_hsc#realenergyintotheload#kwh,BUNDOORA,0.0,0.039335936,0.003670094,0.0035613584,0.0
2025-07-06 04:00:00,solar.bun_hsc#realenergyintotheload#kwh,BUNDOORA,0.0,-0.006291277,0.0045978874,0.0044616633,0.0
2025-07-06 05:00:00,solar.bun_hsc#realenergyintotheload#kwh,BUNDOORA,0.0,0.005406511,0.0026814495,0.002602005,0.0
2025-07-06 06:00:00,solar.bun_hsc#realenergyintotheload#kwh,BUNDOORA,0.0,0.006734197,0.0029836474,0.0028952493,0.0
2025-07-06 07:00:00,solar.bun_hsc#realenergyintotheload#kwh,BUNDOORA,0.0,0.054095905,0.0026882095,0.0026085647,0.0
2025-07-06 08:00:00,solar.bun_hsc#realenergyintotheload#kwh,BUNDOORA,0.125,0.15621394,0.14301993,0.1387826,6.0
2025-07-06 09:00:00,solar.bun_hsc#realenergyintotheload#kwh,BUNDOORA,1.21875,0.324343,4.6210265,4.484117,130.0
2025-07-06 10:00:00,solar.bun_hsc#realenergyintotheload#kwh,BUNDOORA,3.65625,8.066335,14.158548,13.739066,257.0
2025-07-06 11:00:00,solar.bun_hsc#realenergyintotheload#kwh,BUNDOORA,13.21875,12.926302,21.021223,20.398417,369.0
2025-07-06 12:00:00,solar.bun_hsc#realenergyintotheload#kwh,BUNDOORA,13.75,14.79798,18.043812,17.509218,319.0
2025-07-06 13:00:00,solar.bun_hsc#realenergyintotheload#kwh,BUNDOORA,5.625,7.5706406,6.755486,6.555338,132.0
2025-07-06 14:00:00,solar.bun_hsc#realenergyintotheload#kwh,BUNDOORA,6.5625,13.24819,12.073091,11.715395,228.0
2025-07-06 15:00:00,solar.bun_hsc#realenergyintotheload#kwh,BUNDOORA,7.53125,8.739901,9.236904,8.963238,176.0
2025-07-06 16:00:00,solar.bun_hsc#realenergyintotheload#kwh,BUNDOORA,4.03125,7.881655,5.854101,5.680659,133.0
2025-07-06 17:00:00,solar.bun_hsc#realenergyintotheload#kwh,BUNDOORA,2.84375,3.3597014,1.0418888,1.0110203,26.0
2025-07-06 18:00:00,solar.bun_hsc#realenergyintotheload#kwh,BUNDOORA,0.15625,0.70534563,0.0026688934,0.002589821,0.0
2025-07-06 19:00:00,solar.bun_hsc#realenergyintotheload#kwh,BUNDOORA,0.0,0.006226968,0.0032597105,0.0031631335,0.0
2025-07-06 20:00:00,solar.bun_hsc#realenergyintotheload#kwh,BUNDOORA,0.0,0.00632384,0.0026624426,0.002583561,0.0
2025-07-06 21:00:00,solar.bun_hsc#realenergyintotheload#kwh,BUNDOORA,0.0,0.0058182436,0.002973421,0.002885326,0.0
2025-07-06 22:00:00,solar.bun_hsc#realenergyintotheload#kwh,BUNDOORA,0.0,-0.0041002664,0.002973421,0.002885326,0.0
2025-07-06 23:00:00,solar.bun_hsc#realenergyintotheload#kwh,BUNDOORA,0.0,0.0041213534,0.00173517,0.0016837612,0.0
2025-07-07 00:00:00,solar.bun_hsc#realenergyintotheload#kwh,BUNDOORA,0.0,0.005124209,0.00173517,0.0016837612,0.0
2025-07-07 01:00:00,solar.bun_hsc#realenergyintotheload#kwh,BUNDOORA,0.0,0.0054655205,0.0013735208,0.0013328268,0.0
2025-07-07 02:00:00,solar.bun_hsc#realenergyintotheload#kwh,BUNDOORA,0.0,0.004193859,0.0013735208,0.0013328268,0.0
2025-07-07 03:00:00,solar.bun_hsc#realenergyintotheload#kwh,BUNDOORA,0.0,-0.006797054,0.0013735208,0.0013328268,0.0
2025-07-07 04:00:00,solar.bun_hsc#realenergyintotheload#kwh,BUNDOORA,0.0,-0.009326473,0.0013735208,0.0013328268,0.0
2025-07-07 05:00:00,solar.bun_hsc#realenergyintotheload#kwh,BUNDOORA,0.0,-0.017848866,0.0013735208,0.0013328268,0.0
2025-07-07 06:00:00,solar.bun_hsc#realenergyintotheload#kwh,BUNDOORA,0.0,-0.017848866,0.0013735208,0.0013328268,0.0
2025-07-07 07:00:00,solar.bun_hsc#realenergyintotheload#kwh,BUNDOORA,0.0,-0.0103199165,0.0013735208,0.0013328268,0.0
2025-07-07 08:00:00,solar.bun_hsc#realenergyintotheload#kwh,BUNDOORA,0.0625,-0.013186824,0.27525896,0.26710373,9.0
2025-07-07 09:00:00,solar.bun_hsc#realenergyintotheload#kwh,BUNDOORA,1.09375,0.23099066,4.6287274,4.49159,135.0
2025-07-07 10:00:00,solar.bun_hsc#realenergyintotheload#kwh,BUNDOORA,3.5,4.5514903,15.566156,15.10497,284.0
2025-07-07 11:00:00,solar.bun_hsc#realenergyintotheload#kwh,BUNDOORA,11.6875,10.755248,21.004246,20.381943,376.0
2025-07-07 12:00:00,solar.bun_hsc#realenergyintotheload#kwh,BUNDOORA,21.96875,9.807253,26.664843,25.87483,436.0
2025-07-07 13:00:00,solar.bun_hsc#realenergyintotheload#kwh,BUNDOORA,26.15625,19.879478,25.969704,25.200287,429.0
2025-07-07 14:00:00,solar.bun_hsc#realenergyintotheload#kwh,BUNDOORA,24.875,18.83739,21.12649,20.500565,363.0
2025-07-07 15:00:00,solar.bun_hsc#realenergyintotheload#kwh,BUNDOORA,14.3125,15.744454,15.289609,14.836616,262.0
2025-07-07 16:00:00,solar.bun_hsc#realenergyintotheload#kwh,BUNDOORA,3.9375,9.392064,6.8457394,6.642917,139.0
2025-07-07 17:00:00,solar.bun_hsc#realenergyintotheload#kwh,BUNDOORA,1.15625,2.6679094,1.0473661,1.0163352,26.0
2025-07-07 18:00:00,solar.bun_hsc#realenergyintotheload#kwh,BUNDOORA,0.0,0.8719338,0.0032752557,0.003178218,0.0
2025-07-07 19:00:00,solar.bun_hsc#realenergyintotheload#kwh,BUNDOORA,0.0,0.02484453,0.004988792,0.0048409863,0.0
2025-07-07 20:00:00,solar.bun_hsc#realenergyintotheload#kwh,BUNDOORA,0.0,0.035487812,0.004702503,0.0045631793,0.0
2025-07-07 21:00:00,solar.bun_hsc#realenergyintotheload#kwh,BUNDOORA,0.0,0.0036602207,0.005092819,0.004941932,0.0
2025-07-07 22:00:00,solar.bun_hsc#realenergyintotheload#kwh,BUNDOORA,0.0,0.026562,0.005092819,0.004941932,0.0
2025-07-07 23:00:00,solar.bun_hsc#realenergyintotheload#kwh,BUNDOORA,0.0,0.013886792,0.0050665014,0.0049163937,0.0
2025-07-08 00:00:00,solar.bun_hsc#realenergyintotheload#kwh,BUNDOORA,0.0,0.0007972419,0.005849478,0.005676172,0.0
2025-07-08 01:00:00,solar.bun_hsc#realenergyintotheload#kwh,BUNDOORA,0.0,-0.012428331,0.006144489,0.005962443,0.0
2025-07-08 02:00:00,solar.bun_hsc#realenergyintotheload#kwh,BUNDOORA,0.0,-0.023631284,0.004924667,0.0047787614,0.0
2025-07-08 03:00:00,solar.bun_hsc#realenergyintotheload#kwh,BUNDOORA,0.0,-0.0065428484,0.004911838,0.0047663124,0.0
2025-07-08 04:00:00,solar.bun_hsc#realenergyintotheload#kwh,BUNDOORA,0.0,-0.0009355836,0.004911838,0.0047663124,0.0
2025-07-08 05:00:00,solar.bun_hsc#realenergyintotheload#kwh,BUNDOORA,0.0,-0.0022641344,0.004100348,0.0039788648,0.0
2025-07-08 06:00:00,solar.bun_hsc#realenergyintotheload#kwh,BUNDOORA,0.0,-0.024447856,0.0031656835,0.003071892,0.0
2025-07-08 07:00:00,solar.bun_hsc#realenergyintotheload#kwh,BUNDOORA,0.0,-0.00496508,0.0019030325,0.0018466504,0.0
2025-07-08 08:00:00,solar.bun_hsc#realenergyintotheload#kwh,BUNDOORA,0.0,0.9415868,0.0037710257,0.0036592996,1.0
2025-07-08 09:00:00,solar.bun_hsc#realenergyintotheload#kwh,BUNDOORA,1.0,2.428592,1.0753732,1.0435126,28.0
2025-07-08 10:00:00,solar.bun_hsc#realenergyintotheload#kwh,BUNDOORA,1.46875,1.8690053,4.033889,3.9143748,81.0
2025-07-08 11:00:00,solar.bun_hsc#realenergyintotheload#kwh,BUNDOORA,7.5,9.251636,10.857223,10.53555,200.0
2025-07-08 12:00:00,solar.bun_hsc#realenergyintotheload#kwh,BUNDOORA,19.6875,14.5842495,23.684994,22.983267,409.0
2025-07-08 13:00:00,solar.bun_hsc#realenergyintotheload#kwh,BUNDOORA,18.4375,12.95039,12.981046,12.59645,248.0
2025-07-08 14:00:00,solar.bun_hsc#realenergyintotheload#kwh,BUNDOORA,4.28125,3.117994,3.0432277,2.9530644,64.0
2025-07-08 15:00:00,solar.bun_hsc#realenergyintotheload#kwh,BUNDOORA,5.15625,3.0129404,6.692614,6.4943285,137.0
2025-07-08 16:00:00,solar.bun_hsc#realenergyintotheload#kwh,BUNDOORA,4.78125,3.1459808,2.6518638,2.5732958,57.0
2025-07-08 17:00:00,solar.bun_hsc#realenergyintotheload#kwh,BUNDOORA,1.15625,3.2302196,0.47973934,0.46552587,14.0
2025-07-08 18:00:00,solar.bun_hsc#realenergyintotheload#kwh,BUNDOORA,0.0,0.56302893,0.003331791,0.0032330782,0.0
2025-07-08 19:00:00,solar.bun_hsc#realenergyintotheload#kwh,BUNDOORA,0.0,0.16940707,0.0044414243,0.004309836,0.0
2025-07-08 20:00:00,solar.bun_hsc#realenergyintotheload#kwh,BUNDOORA,0.0,-0.006285203,0.00400707,0.0038883504,0.0
2025-07-08 21:00:00,solar.bun_hsc#realenergyintotheload#kwh,BUNDOORA,0.0,-0.008540867,0.00400707,0.0038883504,0.0
2025-07-08 22:00:00,solar.bun_hsc#realenergyintotheload#kwh,BUNDOORA,0.0,0.014585616,0.0034642518,0.0033616147,0.0
2025-07-08 23:00:00,solar.bun_hsc#realenergyintotheload#kwh,BUNDOORA,0.0,-0.09029698,0.003588289,0.003481977,0.0
2025-07-09 00:00:00,solar.bun_hsc#realenergyintotheload#kwh,BUNDOORA,0.0,-0.08439809,0.003588289,0.003481977,0.0
2025-07-09 01:00:00,solar.bun_hsc#realenergyintotheload#kwh,BUNDOORA,0.0,-0.08386181,0.0034929188,0.0033894323,0.0
2025-07-09 02:00:00,solar.bun_hsc#realenergyintotheload#kwh,BUNDOORA,0.0,-0.08645846,0.0034929188,0.0033894323,0.0
2025-07-09 03:00:00,solar.bun_hsc#realenergyintotheload#kwh,BUNDOORA,0.0,-0.09463954,0.0034929188,0.0033894323,0.0
2025-07-09 04:00:00,solar.bun_hsc#realenergyintotheload#kwh,BUNDOORA,0.0,-0.08242844,0.0034929188,0.0033894323,0.0
2025-07-09 05:00:00,solar.bun_hsc#realenergyintotheload#kwh,BUNDOORA,0.0,-0.08242844,0.0034929188,0.0033894323,0.0
2025-07-09 06:00:00,solar.bun_hsc#realenergyintotheload#kwh,BUNDOORA,0.0,-0.09463954,0.0034929188,0.0033894323,0.0
2025-07-09 07:00:00,solar.bun_hsc#realenergyintotheload#kwh,BUNDOORA,0.0,0.027525134,0.003854568,0.0037403668,0.0
2025-07-09 08:00:00,solar.bun_hsc#realenergyintotheload#kwh,BUNDOORA,0.03125,-0.15311135,0.34405127,0.3338579,11.0
2025-07-09 09:00:00,solar.bun_hsc#realenergyintotheload#kwh,BUNDOORA,1.0625,0.12948644,6.5634637,6.3690047,146.0
2025-07-09 10:00:00,solar.bun_hsc#realenergyintotheload#kwh,BUNDOORA,3.46875,1.2822967,14.897444,14.45607,289.0
2025-07-09 11:00:00,solar.bun_hsc#realenergyintotheload#kwh,BUNDOORA,12.09375,5.425173,22.82193,22.145773,400.0
2025-07-09 12:00:00,solar.bun_hsc#realenergyintotheload#kwh,BUNDOORA,21.96875,16.70666,27.072977,26.270872,463.0
2025-07-09 13:00:00,solar.bun_hsc#realenergyintotheload#kwh,BUNDOORA,24.59375,16.141085,26.322876,25.542995,435.0
2025-07-09 14:00:00,solar.bun_hsc#realenergyintotheload#kwh,BUNDOORA,9.6875,8.845865,8.490127,8.238585,159.0
2025-07-09 15:00:00,solar.bun_hsc#realenergyintotheload#kwh,BUNDOORA,8.03125,12.483255,11.567777,11.225052,215.0
2025-07-09 16:00:00,solar.bun_hsc#realenergyintotheload#kwh,BUNDOORA,6.59375,5.104085,5.1941752,5.0402846,127.0
2025-07-09 17:00:00,solar.bun_hsc#realenergyintotheload#kwh,BUNDOORA,2.0625,1.7268339,0.594358,0.57674867,16.0
2025-07-09 18:00:00,solar.bun_hsc#realenergyintotheload#kwh,BUNDOORA,0.0,0.7353484,0.0003877553,0.0003762671,0.0
2025-07-09 19:00:00,solar.bun_hsc#realenergyintotheload#kwh,BUNDOORA,0.0,0.014042966,0.001623194,0.0015751028,0.0
2025-07-09 20:00:00,solar.bun_hsc#realenergyintotheload#kwh,BUNDOORA,0.0,0.014042966,0.001623194,0.0015751028,0.0
2025-07-09 21:00:00,solar.bun_hsc#realenergyintotheload#kwh,BUNDOORA,0.0,0.01609332,0.001623194,0.0015751028,0.0
2025-07-09 22:00:00,solar.bun_hsc#realenergyintotheload#kwh,BUNDOORA,0.0,5.7904283e-05,0.001623194,0.0015751028,0.0
2025-07-09 23:00:00,solar.bun_hsc#realenergyintotheload#kwh,BUNDOORA,0.0,-0.02621611,0.0016360225,0.0015875512,0.0
2025-07-10 00:00:00,solar.bun_hsc#realenergyintotheload#kwh,BUNDOORA,0.0,-0.01501316,0.0017005462,0.0016501633,0.0
2025-07-10 01:00:00,solar.bun_hsc#realenergyintotheload#kwh,BUNDOORA,0.0,-0.0017013932,0.0022352345,0.00216901,0.0
2025-07-10 02:00:00,solar.bun_hsc#realenergyintotheload#kwh,BUNDOORA,0.0,0.053871606,0.0041896906,0.0040655606,0.0
2025-07-10 03:00:00,solar.bun_hsc#realenergyintotheload#kwh,BUNDOORA,0.0,0.027479265,0.0048763766,0.004731902,0.0
2025-07-10 04:00:00,solar.bun_hsc#realenergyintotheload#kwh,BUNDOORA,0.0,-0.015785538,0.0043906895,0.0042606043,0.0
2025-07-10 05:00:00,solar.bun_hsc#realenergyintotheload#kwh,BUNDOORA,0.0,-0.015785538,0.004637706,0.0045003025,0.0
2025-07-10 06:00:00,solar.bun_hsc#realenergyintotheload#kwh,BUNDOORA,0.0,-0.015785538,0.004637706,0.0045003025,0.0
2025-07-10 07:00:00,solar.bun_hsc#realenergyintotheload#kwh,BUNDOORA,0.0,0.052277103,0.0048763766,0.004731902,0.0
2025-07-10 08:00:00,solar.bun_hsc#realenergyintotheload#kwh,BUNDOORA,0.0,0.35233033,0.05377169,0.05217857,4.0
2025-07-10 09:00:00,solar.bun_hsc#realenergyintotheload#kwh,BUNDOORA,0.0,1.3646188,1.2539216,1.216771,29.0
2025-07-10 10:00:00,solar.bun_hsc#realenergyintotheload#kwh,BUNDOORA,0.0,3.4566245,9.542223,9.259511,206.0
2025-07-10 11:00:00,solar.bun_hsc#realenergyintotheload#kwh,BUNDOORA,0.0,7.2996473,11.289204,10.954733,210.0
2025-07-10 12:00:00,solar.bun_hsc#realenergyintotheload#kwh,BUNDOORA,0.0,11.115688,17.986834,17.453928,337.0
2025-07-10 13:00:00,solar.bun_hsc#realenergyintotheload#kwh,BUNDOORA,0.0,9.239354,16.70041,16.20562,295.0
2025-07-10 14:00:00,solar.bun_hsc#realenergyintotheload#kwh,BUNDOORA,0.0,10.266843,14.999911,14.555501,279.0
2025-07-10 15:00:00,solar.bun_hsc#realenergyintotheload#kwh,BUNDOORA,0.0,6.9039607,8.206657,7.963515,160.0
2025-07-10 16:00:00,solar.bun_hsc#realenergyintotheload#kwh,BUNDOORA,0.0,4.2320976,4.6382046,4.5007863,136.0
2025-07-10 17:00:00,solar.bun_hsc#realenergyintotheload#kwh,BUNDOORA,0.0,3.6670587,1.0459639,1.0149746,25.0
2025-07-10 18:00:00,solar.bun_hsc#realenergyintotheload#kwh,BUNDOORA,0.0,0.55736196,0.003301028,0.0032032267,0.0
2025-07-10 19:00:00,solar.bun_hsc#realenergyintotheload#kwh,BUNDOORA,0.0,-0.03035831,0.004094812,0.003973493,0.0
2025-07-10 20:00:00,solar.bun_hsc#realenergyintotheload#kwh,BUNDOORA,0.0,-0.03379485,0.004094812,0.003973493,0.0
2025-07-10 21:00:00,solar.bun_hsc#realenergyintotheload#kwh,BUNDOORA,0.0,-0.002180892,0.004013831,0.003894911,0.0
2025-07-10 22:00:00,solar.bun_hsc#realenergyintotheload#kwh,BUNDOORA,0.0,-0.0038462745,0.0037993742,0.0036868083,0.0
2025-07-10 23:00:00,solar.bun_hsc#realenergyintotheload#kwh,BUNDOORA,0.0,-0.018149536,0.004094812,0.003973493,0.0
2025-07-11 00:00:00,solar.bun_hsc#realenergyintotheload#kwh,BUNDOORA,0.0,0.012848773,0.004485129,0.004352246,0.0
2025-07-11 01:00:00,solar.bun_hsc#realenergyintotheload#kwh,BUNDOORA,0.0,0.018990973,0.004994964,0.004846976,0.0
2025-07-11 02:00:00,solar.bun_hsc#realenergyintotheload#kwh,BUNDOORA,0.0,0.055666193,0.003560863,0.0034553634,0.0
2025-07-11 03:00:00,solar.bun_hsc#realenergyintotheload#kwh,BUNDOORA,0.0,0.103869125,0.0030112853,0.0029220684,0.0
2025-07-11 04:00:00,solar.bun_hsc#realenergyintotheload#kwh,BUNDOORA,0.0,0.040064037,0.003952424,0.0038353235,0.0
2025-07-11 05:00:00,solar.bun_hsc#realenergyintotheload#kwh,BUNDOORA,0.0,0.032764412,0.0046071326,0.0044706347,0.0
2025-07-11 06:00:00,solar.bun_hsc#realenergyintotheload#kwh,BUNDOORA,0.0,0.017005146,0.0046071326,0.0044706347,0.0
2025-07-11 07:00:00,solar.bun_hsc#realenergyintotheload#kwh,BUNDOORA,0.0,0.09648962,0.0043026046,0.0041751293,0.0
2025-07-11 08:00:00,solar.bun_hsc#realenergyintotheload#kwh,BUNDOORA,0.0,0.26004836,0.1551247,0.15052874,7.0
2025-07-11 09:00:00,solar.bun_hsc#realenergyintotheload#kwh,BUNDOORA,0.0,0.84463125,4.8533454,4.709553,135.0
2025-07-11 10:00:00,solar.bun_hsc#realenergyintotheload#kwh,BUNDOORA,0.0,1.6658756,7.84055,7.608254,177.0
2025-07-11 11:00:00,solar.bun_hsc#realenergyintotheload#kwh,BUNDOORA,0.0,6.3608384,19.830856,19.243317,354.0
2025-07-11 12:00:00,solar.bun_hsc#realenergyintotheload#kwh,BUNDOORA,0.0,10.376749,7.668888,7.441678,156.0
2025-07-11 13:00:00,solar.bun_hsc#realenergyintotheload#kwh,BUNDOORA,0.0,10.250394,8.496635,8.244902,169.0
2025-07-11 14:00:00,solar.bun_hsc#realenergyintotheload#kwh,BUNDOORA,0.0,11.5172615,10.959116,10.634425,210.0
2025-07-11 15:00:00,solar.bun_hsc#realenergyintotheload#kwh,BUNDOORA,0.0,9.705494,8.059167,7.820394,159.0
2025-07-11 16:00:00,solar.bun_hsc#realenergyintotheload#kwh,BUNDOORA,0.0,6.7043757,4.2560215,4.129926,96.0
2025-07-11 17:00:00,solar.bun_hsc#realenergyintotheload#kwh,BUNDOORA,0.0,2.1003253,0.93366957,0.9060073,24.0
2025-07-11 18:00:00,solar.bun_hsc#realenergyintotheload#kwh,BUNDOORA,0.0,0.7109946,0.0066003343,0.006404783,0.0
2025-07-11 19:00:00,solar.bun_hsc#realenergyintotheload#kwh,BUNDOORA,0.0,0.01033473,0.00555744,0.005392787,0.0
2025-07-11 20:00:00,solar.bun_hsc#realenergyintotheload#kwh,BUNDOORA,0.0,0.010928102,0.004966623,0.0048194746,0.0
2025-07-11 21:00:00,solar.bun_hsc#realenergyintotheload#kwh,BUNDOORA,0.0,0.018302007,0.001965735,0.0019074953,0.0
2025-07-11 22:00:00,solar.bun_hsc#realenergyintotheload#kwh,BUNDOORA,0.0,0.012178699,0.0014713767,0.0014277835,0.0
2025-07-11 23:00:00,solar.bun_hsc#realenergyintotheload#kwh,BUNDOORA,0.0,0.003208059,0.0012877441,0.0012495915,0.0
2025-07-12 00:00:00,solar.bun_hsc#realenergyintotheload#kwh,BUNDOORA,0.0,0.0031782975,0.0012877441,0.0012495915,0.0
2025-07-12 01:00:00,solar.bun_hsc#realenergyintotheload#kwh,BUNDOORA,0.0,0.0030325232,0.0013735208,0.0013328268,0.0
2025-07-12 02:00:00,solar.bun_hsc#realenergyintotheload#kwh,BUNDOORA,0.0,0.0030325232,0.0013735208,0.0013328268,0.0
2025-07-12 03:00:00,solar.bun_hsc#realenergyintotheload#kwh,BUNDOORA,0.0,0.0019066359,0.0013735208,0.0013328268,0.0
2025-07-12 04:00:00,solar.bun_hsc#realenergyintotheload#kwh,BUNDOORA,0.0,-0.0003367251,0.00173517,0.0016837612,0.0
2025-07-12 05:00:00,solar.bun_hsc#realenergyintotheload#kwh,BUNDOORA,0.0,-0.00032185664,0.00173517,0.0016837612,0.0
2025-07-12 06:00:00,solar.bun_hsc#realenergyintotheload#kwh,BUNDOORA,0.0,-0.010131946,0.00173517,0.0016837612,0.0
2025-07-12 07:00:00,solar.bun_hsc#realenergyintotheload#kwh,BUNDOORA,0.0,-0.0009815292,0.00173517,0.0016837612,0.0
2025-07-12 08:00:00,solar.bun_hsc#realenergyintotheload#kwh,BUNDOORA,0.0,0.108249195,0.15417124,0.14960353,7.0
2025-07-12 09:00:00,solar.bun_hsc#realenergyintotheload#kwh,BUNDOORA,0.0,0.35313988,2.9498968,2.8624988,83.0
2025-07-12 10:00:00,solar.bun_hsc#realenergyintotheload#kwh,BUNDOORA,0.0,2.4362519,8.823679,8.562256,190.0
2025-07-12 11:00:00,solar.bun_hsc#realenergyintotheload#kwh,BUNDOORA,0.0,15.99367,21.208158,20.579813,390.0
2025-07-12 12:00:00,solar.bun_hsc#realenergyintotheload#kwh,BUNDOORA,0.0,18.27371,22.354277,21.691975,386.0
2025-07-12 13:00:00,solar.bun_hsc#realenergyintotheload#kwh,BUNDOORA,0.0,16.097103,23.483746,22.787981,405.0
2025-07-12 14:00:00,solar.bun_hsc#realenergyintotheload#kwh,BUNDOORA,0.0,18.162605,15.53132,15.071165,277.0
2025-07-12 15:00:00,solar.bun_hsc#realenergyintotheload#kwh,BUNDOORA,0.0,16.987032,12.408661,12.041023,225.0
2025-07-12 16:00:00,solar.bun_hsc#realenergyintotheload#kwh,BUNDOORA,0.0,2.5565581,3.1377335,3.0447702,64.0
2025-07-12 17:00:00,solar.bun_hsc#realenergyintotheload#kwh,BUNDOORA,0.0,1.9854856,0.77534634,0.75237477,20.0
2025-07-12 18:00:00,solar.bun_hsc#realenergyintotheload#kwh,BUNDOORA,0.0,0.79849464,0.0032752557,0.003178218,0.0
2025-07-12 19:00:00,solar.bun_hsc#realenergyintotheload#kwh,BUNDOORA,0.0,0.07238625,0.0049820323,0.004834427,0.0
2025-07-12 20:00:00,solar.bun_hsc#realenergyintotheload#kwh,BUNDOORA,0.0,0.094449595,0.007191151,0.006978095,0.0
2025-07-12 21:00:00,solar.bun_hsc#realenergyintotheload#kwh,BUNDOORA,0.0,0.002508501,0.0058971755,0.005722457,0.0
2025-07-12 22:00:00,solar.bun_hsc#realenergyintotheload#kwh,BUNDOORA,0.0,0.009664415,0.0040293075,0.003909929,0.0
2025-07-12 23:00:00,solar.bun_hsc#realenergyintotheload#kwh,BUNDOORA,0.0,0.012300583,0.004876644,0.0047321613,0.0
2025-07-13 00:00:00,solar.bun_hsc#realenergyintotheload#kwh,BUNDOORA,0.0,0.038764354,0.0055559585,0.005391349,0.0
2025-07-13 01:00:00,solar.bun_hsc#realenergyintotheload#kwh,BUNDOORA,0.0,0.055752236,0.0052605206,0.0051046647,0.0
2025-07-13 02:00:00,solar.bun_hsc#realenergyintotheload#kwh,BUNDOORA,0.0,0.0029795766,0.0069406135,0.0067349803,0.0
2025-07-13 03:00:00,solar.bun_hsc#realenergyintotheload#kwh,BUNDOORA,0.0,-0.011418505,0.0066543245,0.0064571733,0.0
2025-07-13 04:00:00,solar.bun_hsc#realenergyintotheload#kwh,BUNDOORA,0.0,0.020409087,0.00491845,0.004772729,0.0
2025-07-13 05:00:00,solar.bun_hsc#realenergyintotheload#kwh,BUNDOORA,0.0,-0.007282445,0.0028986733,0.0028127928,0.0
2025-07-13 06:00:00,solar.bun_hsc#realenergyintotheload#kwh,BUNDOORA,0.0,-0.007282445,0.0028986733,0.0028127928,0.0
2025-07-13 07:00:00,solar.bun_hsc#realenergyintotheload#kwh,BUNDOORA,0.0,0.06387552,0.0028858448,0.0028003445,0.0
2025-07-13 08:00:00,solar.bun_hsc#realenergyintotheload#kwh,BUNDOORA,0.03125,0.34015962,0.09042623,0.08774713,5.0
2025-07-13 09:00:00,solar.bun_hsc#realenergyintotheload#kwh,BUNDOORA,1.5,1.9298624,4.684916,4.5461135,130.0
2025-07-13 10:00:00,solar.bun_hsc#realenergyintotheload#kwh,BUNDOORA,6.0,3.1763015,9.41716,9.138153,222.0
2025-07-13 11:00:00,solar.bun_hsc#realenergyintotheload#kwh,BUNDOORA,9.375,16.476837,13.18912,12.79836,243.0
2025-07-13 12:00:00,solar.bun_hsc#realenergyintotheload#kwh,BUNDOORA,7.9375,9.846215,9.088177,8.818916,177.0
2025-07-13 13:00:00,solar.bun_hsc#realenergyintotheload#kwh,BUNDOORA,10.71875,13.900819,13.235806,12.843662,242.0
2025-07-13 14:00:00,solar.bun_hsc#realenergyintotheload#kwh,BUNDOORA,14.46875,14.281534,20.292498,19.691282,356.0
2025-07-13 15:00:00,solar.bun_hsc#realenergyintotheload#kwh,BUNDOORA,6.3125,6.848588,6.0010495,5.8232536,122.0
2025-07-13 16:00:00,solar.bun_hsc#realenergyintotheload#kwh,BUNDOORA,2.6875,0.7582088,3.5473535,3.4422543,72.0
2025-07-13 17:00:00,solar.bun_hsc#realenergyintotheload#kwh,BUNDOORA,0.34375,1.4517466,0.38004938,0.36878946,13.0
2025-07-13 18:00:00,solar.bun_hsc#realenergyintotheload#kwh,BUNDOORA,0.0,0.82015723,0.0036429707,0.0035350386,0.0
2025-07-13 19:00:00,solar.bun_hsc#realenergyintotheload#kwh,BUNDOORA,0.0,-0.0064391783,-0.053046368,0.0,0.0
2025-07-13 20:00:00,solar.bun_hsc#realenergyintotheload#kwh,BUNDOORA,0.0,-0.01970507,0.005729941,0.0055601774,0.0
2025-07-13 21:00:00,solar.bun_hsc#realenergyintotheload#kwh,BUNDOORA,0.0,0.0138012115,0.00085111405,0.0008258977,0.0
2025-07-13 22:00:00,solar.bun_hsc#realenergyintotheload#kwh,BUNDOORA,0.0,-0.3760566,0.0005973249,0.0005796277,0.0
2025-07-13 23:00:00,solar.bun_hsc#realenergyintotheload#kwh,BUNDOORA,0.0,0.02865231,0.0022953656,0.0022273597,0.0
2025-07-14 00:00:00,solar.bun_hsc#realenergyintotheload#kwh,BUNDOORA,0.0,0.03497085,0.0022953656,0.0022273597,0.0
2025-07-14 01:00:00,solar.bun_hsc#realenergyintotheload#kwh,BUNDOORA,0.0,0.0034789625,-0.011928224,0.0,0.0
2025-07-14 02:00:00,solar.bun_hsc#realenergyintotheload#kwh,BUNDOORA,0.0,0.006628773,0.0034642518,0.0033616147,0.0
2025-07-14 03:00:00,solar.bun_hsc#realenergyintotheload#kwh,BUNDOORA,0.0,-0.11399939,0.0030072317,0.002918135,0.0
2025-07-14 04:00:00,solar.bun_hsc#realenergyintotheload#kwh,BUNDOORA,0.0,-0.01324931,0.0033688813,0.0032690698,0.0
2025-07-14 05:00:00,solar.bun_hsc#realenergyintotheload#kwh,BUNDOORA,0.0,-0.017644148,0.0033688813,0.0032690698,0.0
2025-07-14 06:00:00,solar.bun_hsc#realenergyintotheload#kwh,BUNDOORA,0.0,-0.009995256,0.0030072317,0.002918135,0.0
2025-07-14 07:00:00,solar.bun_hsc#realenergyintotheload#kwh,BUNDOORA,0.0,-0.0018518555,0.0030072317,0.002918135,0.0
2025-07-14 08:00:00,solar.bun_hsc#realenergyintotheload#kwh,BUNDOORA,0.09375,0.06126353,0.37759298,0.36640584,13.0
2025-07-14 09:00:00,solar.bun_hsc#realenergyintotheload#kwh,BUNDOORA,1.1875,-0.018678255,7.3708444,7.152465,151.0
2025-07-14 10:00:00,solar.bun_hsc#realenergyintotheload#kwh,BUNDOORA,4.5625,2.7222,16.502836,16.013899,299.0
2025-07-14 11:00:00,solar.bun_hsc#realenergyintotheload#kwh,BUNDOORA,14.0,13.5702915,23.844791,23.13833,406.0
2025-07-14 12:00:00,solar.bun_hsc#realenergyintotheload#kwh,BUNDOORA,21.4375,11.918537,26.678213,25.887804,459.0
2025-07-14 13:00:00,solar.bun_hsc#realenergyintotheload#kwh,BUNDOORA,25.71875,15.014834,24.943964,24.204937,428.0
2025-07-14 14:00:00,solar.bun_hsc#realenergyintotheload#kwh,BUNDOORA,11.40625,11.634652,9.5695915,9.286068,187.0
2025-07-14 15:00:00,solar.bun_hsc#realenergyintotheload#kwh,BUNDOORA,11.8125,9.8112545,9.939106,9.644635,184.0
2025-07-14 16:00:00,solar.bun_hsc#realenergyintotheload#kwh,BUNDOORA,4.96875,5.9905543,6.100523,5.91978,123.0
2025-07-14 17:00:00,solar.bun_hsc#realenergyintotheload#kwh,BUNDOORA,1.25,1.9859416,0.7705434,0.7477141,20.0
2025-07-14 18:00:00,solar.bun_hsc#realenergyintotheload#kwh,BUNDOORA,0.0,0.30983046,0.008883661,0.00862046,0.0
2025-07-14 19:00:00,solar.bun_hsc#realenergyintotheload#kwh,BUNDOORA,0.0,-0.0040056175,0.004426043,0.0042949105,0.0
2025-07-14 20:00:00,solar.bun_hsc#realenergyintotheload#kwh,BUNDOORA,0.0,-0.024374837,0.0029626032,0.0028748286,0.0
2025-07-14 21:00:00,solar.bun_hsc#realenergyintotheload#kwh,BUNDOORA,0.0,0.08155559,0.0028648206,0.0027799432,0.0
2025-07-14 22:00:00,solar.bun_hsc#realenergyintotheload#kwh,BUNDOORA,0.0,-0.015368266,0.0037926142,0.0036802485,0.0
2025-07-14 23:00:00,solar.bun_hsc#realenergyintotheload#kwh,BUNDOORA,0.0,0.00359222,0.0037926142,0.0036802485,0.0
2025-07-15 00:00:00,solar.bun_hsc#realenergyintotheload#kwh,BUNDOORA,0.0,-0.018228373,0.0037280903,0.0036176364,0.0
2025-07-15 01:00:00,solar.bun_hsc#realenergyintotheload#kwh,BUNDOORA,0.0,0.017457906,0.0036361506,0.0035284206,0.0
2025-07-15 02:00:00,solar.bun_hsc#realenergyintotheload#kwh,BUNDOORA,0.0,0.016802369,-0.011593102,0.0,0.0
2025-07-15 03:00:00,solar.bun_hsc#realenergyintotheload#kwh,BUNDOORA,0.0,-0.0010610996,0.0037993742,0.0036868083,0.0
2025-07-15 04:00:00,solar.bun_hsc#realenergyintotheload#kwh,BUNDOORA,17.72861842106795,-0.006301105,0.0037040035,0.0035942632,0.0
2025-07-15 05:00:00,solar.bun_hsc#realenergyintotheload#kwh,BUNDOORA,23.63815789471846,-0.022521531,0.0045092776,0.004375679,0.0
2025-07-15 06:00:00,solar.bun_hsc#realenergyintotheload#kwh,BUNDOORA,23.63815789471846,-0.021266263,0.0045092776,0.004375679,0.0
2025-07-15 07:00:00,solar.bun_hsc#realenergyintotheload#kwh,BUNDOORA,23.63815789477667,0.002832275,0.0039184606,0.0038023663,0.0
2025-07-15 08:00:00,solar.bun_hsc#realenergyintotheload#kwh,BUNDOORA,23.63815789471846,0.042640258,0.34336483,0.33319178,10.0
2025-07-15 09:00:00,solar.bun_hsc#realenergyintotheload#kwh,BUNDOORA,23.63815789471846,0.39192232,3.7991254,3.6865668,115.0
2025-07-15 10:00:00,solar.bun_hsc#realenergyintotheload#kwh,BUNDOORA,23.63815789477667,6.075733,8.307947,8.061804,170.0
2025-07-15 11:00:00,solar.bun_hsc#realenergyintotheload#kwh,BUNDOORA,23.63815789471846,15.358106,14.644147,14.210278,267.0
2025-07-15 12:00:00,solar.bun_hsc#realenergyintotheload#kwh,BUNDOORA,23.63815789471846,11.646443,11.919783,11.566629,221.0
2025-07-15 13:00:00,solar.bun_hsc#realenergyintotheload#kwh,BUNDOORA,23.63815789477667,15.616883,13.136589,12.747385,237.0
2025-07-15 14:00:00,solar.bun_hsc#realenergyintotheload#kwh,BUNDOORA,23.63815789471846,10.488811,7.636896,7.410634,146.0
2025-07-15 15:00:00,solar.bun_hsc#realenergyintotheload#kwh,BUNDOORA,23.63815789471846,10.772052,9.516345,9.2344,182.0
2025-07-15 16:00:00,solar.bun_hsc#realenergyintotheload#kwh,BUNDOORA,23.63815789477667,5.108916,4.905194,4.7598653,102.0
2025-07-15 17:00:00,solar.bun_hsc#realenergyintotheload#kwh,BUNDOORA,23.63815789471846,3.0068395,2.0921593,2.0301738,44.0
2025-07-15 18:00:00,solar.bun_hsc#realenergyintotheload#kwh,BUNDOORA,23.63815789471846,0.48221913,0.0023215455,0.0022527638,0.0
2025-07-15 19:00:00,solar.bun_hsc#realenergyintotheload#kwh,BUNDOORA,23.63815789471846,0.02064931,0.0018364909,0.0017820803,0.0
2025-07-15 20:00:00,solar.bun_hsc#realenergyintotheload#kwh,BUNDOORA,23.63815789477667,-0.0053644967,0.0017574747,0.0017054052,0.0
2025-07-15 21:00:00,solar.bun_hsc#realenergyintotheload#kwh,BUNDOORA,23.63815789471846,-0.0077399183,0.0030072317,0.002918135,0.0
2025-07-15 22:00:00,solar.bun_hsc#realenergyintotheload#kwh,BUNDOORA,23.63815789471846,0.0018814933,0.0034642518,0.0033616147,0.0
2025-07-15 23:00:00,solar.bun_hsc#realenergyintotheload#kwh,BUNDOORA,0.0,-0.011609394,0.0039184606,0.0038023663,0.0
2025-07-16 00:00:00,solar.bun_hsc#realenergyintotheload#kwh,BUNDOORA,0.0,-0.01663654,0.0039184606,0.0038023663,0.0
2025-07-16 01:00:00,solar.bun_hsc#realenergyintotheload#kwh,BUNDOORA,0.0,0.0021539684,0.0045092776,0.004375679,0.0
2025-07-16 02:00:00,solar.bun_hsc#realenergyintotheload#kwh,BUNDOORA,0.0,0.0038814908,0.0045092776,0.004375679,0.0
2025-07-16 03:00:00,solar.bun_hsc#realenergyintotheload#kwh,BUNDOORA,0.0,0.0028791009,0.0034642518,0.0033616147,0.0
2025-07-16 04:00:00,solar.bun_hsc#realenergyintotheload#kwh,BUNDOORA,0.0,0.028734095,0.003854568,0.0037403668,0.0
2025-07-16 05:00:00,solar.bun_hsc#realenergyintotheload#kwh,BUNDOORA,0.0,-0.07424736,0.0034929188,0.0033894323,0.0
2025-07-16 06:00:00,solar.bun_hsc#realenergyintotheload#kwh,BUNDOORA,0.0,0.012702992,0.003854568,0.0037403668,0.0
2025-07-16 07:00:00,solar.bun_hsc#realenergyintotheload#kwh,BUNDOORA,0.0,0.00019795308,0.0039184606,0.0038023663,0.0
2025-07-16 08:00:00,solar.bun_hsc#realenergyintotheload#kwh,BUNDOORA,0.0,0.21925792,0.27644226,0.26825196,9.0
2025-07-16 09:00:00,solar.bun_hsc#realenergyintotheload#kwh,BUNDOORA,0.0,0.52236223,3.0924256,3.0008047,90.0
2025-07-16 10:00:00,solar.bun_hsc#realenergyintotheload#kwh,BUNDOORA,0.0,5.1304874,11.279399,10.945218,236.0
2025-07-16 11:00:00,solar.bun_hsc#realenergyintotheload#kwh,BUNDOORA,0.0,9.952581,22.406,21.742167,391.0
2025-07-16 12:00:00,solar.bun_hsc#realenergyintotheload#kwh,BUNDOORA,0.0,15.022854,17.90315,17.372725,318.0
2025-07-16 13:00:00,solar.bun_hsc#realenergyintotheload#kwh,BUNDOORA,0.0,11.25125,9.741675,9.453053,191.0
2025-07-16 14:00:00,solar.bun_hsc#realenergyintotheload#kwh,BUNDOORA,0.0,8.313625,7.488671,7.2668004,142.0
2025-07-16 15:00:00,solar.bun_hsc#realenergyintotheload#kwh,BUNDOORA,0.0,10.636407,10.448743,10.139173,195.0
2025-07-16 16:00:00,solar.bun_hsc#realenergyintotheload#kwh,BUNDOORA,0.0,6.656165,3.1284978,3.0358083,61.0
2025-07-16 17:00:00,solar.bun_hsc#realenergyintotheload#kwh,BUNDOORA,0.0,1.7251109,1.0959828,1.0635116,28.0
2025-07-16 18:00:00,solar.bun_hsc#realenergyintotheload#kwh,BUNDOORA,0.0,0.47012904,0.0048934217,0.0047484417,0.0
2025-07-16 19:00:00,solar.bun_hsc#realenergyintotheload#kwh,BUNDOORA,0.0,0.03900062,0.0048934217,0.0047484417,0.0
2025-07-16 20:00:00,solar.bun_hsc#realenergyintotheload#kwh,BUNDOORA,0.0,-0.015435469,0.005070272,0.0049200524,0.0
2025-07-16 21:00:00,solar.bun_hsc#realenergyintotheload#kwh,BUNDOORA,0.0,0.019492295,0.0052605206,0.0051046647,0.0
2025-07-16 22:00:00,solar.bun_hsc#realenergyintotheload#kwh,BUNDOORA,0.0,0.03505029,0.0052605206,0.0051046647,0.0
2025-07-16 23:00:00,solar.bun_hsc#realenergyintotheload#kwh,BUNDOORA,0.0,0.040863637,0.0052605206,0.0051046647,0.0
2025-07-17 00:00:00,solar.bun_hsc#realenergyintotheload#kwh,BUNDOORA,0.0,0.023274701,0.0041175555,0.0039955624,0.0
2025-07-17 01:00:00,solar.bun_hsc#realenergyintotheload#kwh,BUNDOORA,0.0,-0.015962336,0.0050665014,0.0049163937,0.0
2025-07-17 02:00:00,solar.bun_hsc#realenergyintotheload#kwh,BUNDOORA,0.0,0.030638784,0.0066543245,0.0064571733,0.0
2025-07-17 03:00:00,solar.bun_hsc#realenergyintotheload#kwh,BUNDOORA,0.0,0.1308857,0.005439821,0.005278653,0.0
2025-07-17 04:00:00,solar.bun_hsc#realenergyintotheload#kwh,BUNDOORA,0.0,0.011147283,0.005626392,0.005459696,0.0
2025-07-17 05:00:00,solar.bun_hsc#realenergyintotheload#kwh,BUNDOORA,0.0,0.024227127,0.005439821,0.005278653,0.0
2025-07-17 06:00:00,solar.bun_hsc#realenergyintotheload#kwh,BUNDOORA,0.0,-0.00096217915,0.00462833,0.004491204,0.0
2025-07-17 07:00:00,solar.bun_hsc#realenergyintotheload#kwh,BUNDOORA,0.0,0.067186445,0.000805394,0.0007815322,0.0
2025-07-17 08:00:00,solar.bun_hsc#realenergyintotheload#kwh,BUNDOORA,0.0,0.2725122,0.3403943,0.33030924,10.0
2025-07-17 09:00:00,solar.bun_hsc#realenergyintotheload#kwh,BUNDOORA,0.0,1.7422808,3.6481135,3.540029,93.0
2025-07-17 10:00:00,solar.bun_hsc#realenergyintotheload#kwh,BUNDOORA,0.0,6.3509393,7.130573,6.9193115,140.0
2025-07-17 11:00:00,solar.bun_hsc#realenergyintotheload#kwh,BUNDOORA,0.0,5.7007103,4.9326715,4.7865286,97.0
2025-07-17 12:00:00,solar.bun_hsc#realenergyintotheload#kwh,BUNDOORA,0.0,8.990929,11.048382,10.7210455,207.0
2025-07-17 13:00:00,solar.bun_hsc#realenergyintotheload#kwh,BUNDOORA,0.0,14.801334,27.018389,26.217901,489.0
2025-07-17 14:00:00,solar.bun_hsc#realenergyintotheload#kwh,BUNDOORA,0.0,13.018023,24.83385,24.098085,420.0
2025-07-17 15:00:00,solar.bun_hsc#realenergyintotheload#kwh,BUNDOORA,0.0,6.5480833,5.5856624,5.420173,109.0
2025-07-17 16:00:00,solar.bun_hsc#realenergyintotheload#kwh,BUNDOORA,0.0,1.2043587,4.827467,4.684441,105.0
2025-07-17 17:00:00,solar.bun_hsc#realenergyintotheload#kwh,BUNDOORA,0.0,1.3035984,2.7666883,2.6847184,57.0
2025-07-17 18:00:00,solar.bun_hsc#realenergyintotheload#kwh,BUNDOORA,0.0,0.28025755,0.002973421,0.002885326,0.0
2025-07-17 19:00:00,solar.bun_hsc#realenergyintotheload#kwh,BUNDOORA,0.0,-0.0007929425,0.00173517,0.0016837612,0.0
2025-07-17 20:00:00,solar.bun_hsc#realenergyintotheload#kwh,BUNDOORA,0.0,0.0017667816,0.0013735208,0.0013328268,0.0
2025-07-17 21:00:00,solar.bun_hsc#realenergyintotheload#kwh,BUNDOORA,0.0,0.0019254026,0.00173517,0.0016837612,0.0
2025-07-17 22:00:00,solar.bun_hsc#realenergyintotheload#kwh,BUNDOORA,0.0,0.004193859,0.0013735208,0.0013328268,0.0
2025-07-17 23:00:00,solar.bun_hsc#realenergyintotheload#kwh,BUNDOORA,0.0,-0.0056718057,0.0013735208,0.0013328268,0.0
2025-07-18 00:00:00,solar.bun_hsc#realenergyintotheload#kwh,BUNDOORA,0.0,-0.014194196,0.0013735208,0.0013328268,0.0
2025-07-18 01:00:00,solar.bun_hsc#realenergyintotheload#kwh,BUNDOORA,0.0,-0.013785537,0.0013735208,0.0013328268,0.0
2025-07-18 02:00:00,solar.bun_hsc#realenergyintotheload#kwh,BUNDOORA,0.0,-0.013785537,0.0013735208,0.0013328268,0.0
2025-07-18 03:00:00,solar.bun_hsc#realenergyintotheload#kwh,BUNDOORA,0.0,-0.013785537,0.0013735208,0.0013328268,0.0
2025-07-18 04:00:00,solar.bun_hsc#realenergyintotheload#kwh,BUNDOORA,0.0,-0.015484571,0.0013735208,0.0013328268,0.0
2025-07-18 05:00:00,solar.bun_hsc#realenergyintotheload#kwh,BUNDOORA,0.0,-0.015366662,0.00173517,0.0016837612,0.0
2025-07-18 06:00:00,solar.bun_hsc#realenergyintotheload#kwh,BUNDOORA,0.0,-0.015366662,0.00173517,0.0016837612,0.0
2025-07-18 07:00:00,solar.bun_hsc#realenergyintotheload#kwh,BUNDOORA,0.0,0.001380509,0.00173517,0.0016837612,0.0
2025-07-18 08:00:00,solar.bun_hsc#realenergyintotheload#kwh,BUNDOORA,0.0,0.06540241,0.57989776,0.56271684,15.0
2025-07-18 09:00:00,solar.bun_hsc#realenergyintotheload#kwh,BUNDOORA,0.0,0.47427562,3.750741,3.639616,113.0
2025-07-18 10:00:00,solar.bun_hsc#realenergyintotheload#kwh,BUNDOORA,0.0,6.332478,11.622073,11.2777405,249.0
2025-07-18 11:00:00,solar.bun_hsc#realenergyintotheload#kwh,BUNDOORA,0.0,21.734175,25.71913,24.957136,422.0
2025-07-18 12:00:00,solar.bun_hsc#realenergyintotheload#kwh,BUNDOORA,0.0,15.008315,28.38979,27.548672,484.0
2025-07-18 13:00:00,solar.bun_hsc#realenergyintotheload#kwh,BUNDOORA,0.0,20.170134,29.813795,28.930487,498.0
2025-07-18 14:00:00,solar.bun_hsc#realenergyintotheload#kwh,BUNDOORA,0.0,22.095861,25.678692,24.917896,419.0
2025-07-18 15:00:00,solar.bun_hsc#realenergyintotheload#kwh,BUNDOORA,0.0,11.256115,21.055521,20.431698,354.0
2025-07-18 16:00:00,solar.bun_hsc#realenergyintotheload#kwh,BUNDOORA,0.0,11.5392065,12.328923,11.963648,215.0
2025-07-18 17:00:00,solar.bun_hsc#realenergyintotheload#kwh,BUNDOORA,0.0,3.0474763,2.7960641,2.7132237,60.0
2025-07-18 18:00:00,solar.bun_hsc#realenergyintotheload#kwh,BUNDOORA,0.0,0.45952272,0.001771967,0.001719468,0.0
2025-07-18 19:00:00,solar.bun_hsc#realenergyintotheload#kwh,BUNDOORA,0.0,0.0023883206,0.0023070537,0.0022387013,0.0
2025-07-18 20:00:00,solar.bun_hsc#realenergyintotheload#kwh,BUNDOORA,0.0,-0.010134665,0.0039184606,0.0038023663,0.0
2025-07-18 21:00:00,solar.bun_hsc#realenergyintotheload#kwh,BUNDOORA,0.0,-0.00822386,0.0039184606,0.0038023663,0.0
2025-07-18 22:00:00,solar.bun_hsc#realenergyintotheload#kwh,BUNDOORA,0.0,0.010676364,0.0039184606,0.0038023663,0.0
2025-07-18 23:00:00,solar.bun_hsc#realenergyintotheload#kwh,BUNDOORA,0.0,-0.022625718,0.0045092776,0.004375679,0.0
2025-07-19 00:00:00,solar.bun_hsc#realenergyintotheload#kwh,BUNDOORA,0.0,0.022491232,0.004994964,0.004846976,0.0
2025-07-19 01:00:00,solar.bun_hsc#realenergyintotheload#kwh,BUNDOORA,0.0,-0.059426107,0.0034929188,0.0033894323,0.0
2025-07-19 02:00:00,solar.bun_hsc#realenergyintotheload#kwh,BUNDOORA,0.0,-0.058999643,0.0025517796,0.0024761767,0.0
2025-07-19 03:00:00,solar.bun_hsc#realenergyintotheload#kwh,BUNDOORA,0.0,-0.36943436,0.0014088147,0.001367075,0.0
2025-07-19 04:00:00,solar.bun_hsc#realenergyintotheload#kwh,BUNDOORA,0.0,-0.3686037,0.005304512,0.005147353,0.0
2025-07-19 05:00:00,solar.bun_hsc#realenergyintotheload#kwh,BUNDOORA,0.0,-0.3686037,-0.032953966,0.0,0.0
2025-07-19 06:00:00,solar.bun_hsc#realenergyintotheload#kwh,BUNDOORA,0.0,-0.0055423146,0.0041524298,0.0040294034,0.0
2025-07-19 07:00:00,solar.bun_hsc#realenergyintotheload#kwh,BUNDOORA,0.0,-0.008551814,0.0031745306,0.0030804772,0.0
2025-07-19 08:00:00,solar.bun_hsc#realenergyintotheload#kwh,BUNDOORA,0.0,-0.10910917,0.38469365,0.37329614,12.0
2025-07-19 09:00:00,solar.bun_hsc#realenergyintotheload#kwh,BUNDOORA,0.0,2.055683,7.053438,6.8444624,144.0
2025-07-19 10:00:00,solar.bun_hsc#realenergyintotheload#kwh,BUNDOORA,0.0,12.227796,13.644175,13.239932,259.0
2025-07-19 11:00:00,solar.bun_hsc#realenergyintotheload#kwh,BUNDOORA,0.0,16.121931,17.329485,16.816055,319.0
2025-07-19 12:00:00,solar.bun_hsc#realenergyintotheload#kwh,BUNDOORA,0.0,16.75254,29.072304,28.210964,501.0
2025-07-19 13:00:00,solar.bun_hsc#realenergyintotheload#kwh,BUNDOORA,0.0,24.921574,29.18906,28.32426,504.0
2025-07-19 14:00:00,solar.bun_hsc#realenergyintotheload#kwh,BUNDOORA,0.0,18.382706,25.307796,24.55799,450.0
2025-07-19 15:00:00,solar.bun_hsc#realenergyintotheload#kwh,BUNDOORA,0.0,8.62654,6.637157,6.4405146,135.0
2025-07-19 16:00:00,solar.bun_hsc#realenergyintotheload#kwh,BUNDOORA,0.0,2.8982825,5.3300896,5.1721725,104.0
2025-07-19 17:00:00,solar.bun_hsc#realenergyintotheload#kwh,BUNDOORA,0.0,2.8383837,0.5978718,0.58015835,18.0
2025-07-19 18:00:00,solar.bun_hsc#realenergyintotheload#kwh,BUNDOORA,0.0,0.61802304,0.004205661,0.004081058,0.0
2025-07-19 19:00:00,solar.bun_hsc#realenergyintotheload#kwh,BUNDOORA,0.0,0.0032405546,0.0029626032,0.0028748286,0.0
2025-07-19 20:00:00,solar.bun_hsc#realenergyintotheload#kwh,BUNDOORA,0.0,-0.012156192,0.0028911103,0.002805454,0.0
2025-07-19 21:00:00,solar.bun_hsc#realenergyintotheload#kwh,BUNDOORA,0.0,0.00749416,0.0016861905,0.0016362328,0.0
2025-07-19 22:00:00,solar.bun_hsc#realenergyintotheload#kwh,BUNDOORA,0.0,0.0031782975,0.0012877441,0.0012495915,0.0
2025-07-19 23:00:00,solar.bun_hsc#realenergyintotheload#kwh,BUNDOORA,0.0,0.0031782975,0.0012877441,0.0012495915,0.0
2025-07-20 00:00:00,solar.bun_hsc#realenergyintotheload#kwh,BUNDOORA,0.0,0.001332165,0.00173517,0.0016837612,0.0
2025-07-20 01:00:00,solar.bun_hsc#realenergyintotheload#kwh,BUNDOORA,5.909539473708719,-0.0032879317,0.002875566,0.0027903703,0.0
2025-07-20 02:00:00,solar.bun_hsc#realenergyintotheload#kwh,BUNDOORA,0.0,-0.012403699,0.002875566,0.0027903703,0.0
2025-07-20 03:00:00,solar.bun_hsc#realenergyintotheload#kwh,BUNDOORA,0.0,-0.009217795,0.002875566,0.0027903703,0.0
2025-07-20 04:00:00,solar.bun_hsc#realenergyintotheload#kwh,BUNDOORA,0.0,-0.010616204,0.002875566,0.0027903703,0.0
2025-07-20 05:00:00,solar.bun_hsc#realenergyintotheload#kwh,BUNDOORA,0.0,-0.0059463754,0.00173517,0.0016837612,0.0
2025-07-20 06:00:00,solar.bun_hsc#realenergyintotheload#kwh,BUNDOORA,0.0,-0.0062805577,0.00173517,0.0016837612,0.0
2025-07-20 07:00:00,solar.bun_hsc#realenergyintotheload#kwh,BUNDOORA,0.0,-0.008763639,0.00173517,0.0016837612,0.0
2025-07-20 08:00:00,solar.bun_hsc#realenergyintotheload#kwh,BUNDOORA,0.15625,0.11773218,0.47674572,0.46262094,14.0
2025-07-20 09:00:00,solar.bun_hsc#realenergyintotheload#kwh,BUNDOORA,1.5625,0.9130021,8.563419,8.309707,160.0
2025-07-20 10:00:00,solar.bun_hsc#realenergyintotheload#kwh,BUNDOORA,4.8125,10.800022,17.767868,17.241451,310.0
2025-07-20 11:00:00,solar.bun_hsc#realenergyintotheload#kwh,BUNDOORA,13.25,20.381336,25.8916,25.124496,425.0
2025-07-20 12:00:00,solar.bun_hsc#realenergyintotheload#kwh,BUNDOORA,20.59375,19.20061,27.210068,26.403902,465.0
2025-07-20 13:00:00,solar.bun_hsc#realenergyintotheload#kwh,BUNDOORA,26.0,17.794996,27.512386,26.697264,478.0
2025-07-20 14:00:00,solar.bun_hsc#realenergyintotheload#kwh,BUNDOORA,22.71875,17.223005,26.522783,25.736979,438.0
2025-07-20 15:00:00,solar.bun_hsc#realenergyintotheload#kwh,BUNDOORA,14.40625,16.051403,20.142658,19.545881,347.0
2025-07-20 16:00:00,solar.bun_hsc#realenergyintotheload#kwh,BUNDOORA,7.46875,11.343376,12.567381,12.195041,219.0
2025-07-20 17:00:00,solar.bun_hsc#realenergyintotheload#kwh,BUNDOORA,2.03125,2.867984,2.4658675,2.39281,50.0
2025-07-20 18:00:00,solar.bun_hsc#realenergyintotheload#kwh,BUNDOORA,0.03125,0.39193437,-0.0118478015,0.0,0.0
2025-07-20 19:00:00,solar.bun_hsc#realenergyintotheload#kwh,BUNDOORA,0.0,0.018237695,0.0037824204,0.0036703567,0.0
2025-07-20 20:00:00,solar.bun_hsc#realenergyintotheload#kwh,BUNDOORA,0.0,0.011386359,0.002912363,0.002826077,0.0
2025-07-20 21:00:00,solar.bun_hsc#realenergyintotheload#kwh,BUNDOORA,0.0,-0.008399942,0.002875566,0.0027903703,0.0
2025-07-20 22:00:00,solar.bun_hsc#realenergyintotheload#kwh,BUNDOORA,0.0,-0.0059463754,0.0015815899,0.0015347314,0.0
2025-07-20 23:00:00,solar.bun_hsc#realenergyintotheload#kwh,BUNDOORA,0.0,-0.006520847,0.0015815899,0.0015347314,0.0
2025-07-21 00:00:00,solar.bun_hsc#realenergyintotheload#kwh,BUNDOORA,0.0,-0.015484571,0.0013735208,0.0013328268,0.0
2025-07-21 01:00:00,solar.bun_hsc#realenergyintotheload#kwh,BUNDOORA,0.0,-0.015981488,0.0012877441,0.0012495915,0.0
2025-07-21 02:00:00,solar.bun_hsc#realenergyintotheload#kwh,BUNDOORA,0.0,-0.018517647,0.0030072317,0.002918135,0.0
2025-07-21 03:00:00,solar.bun_hsc#realenergyintotheload#kwh,BUNDOORA,0.0,-0.018517647,0.0030072317,0.002918135,0.0
2025-07-21 04:00:00,solar.bun_hsc#realenergyintotheload#kwh,BUNDOORA,0.0,-0.027413184,0.0033688813,0.0032690698,0.0
2025-07-21 05:00:00,solar.bun_hsc#realenergyintotheload#kwh,BUNDOORA,0.0,0.0019432278,0.0039184606,0.0038023663,0.0
2025-07-21 06:00:00,solar.bun_hsc#realenergyintotheload#kwh,BUNDOORA,0.0,-0.028676389,0.004686128,0.0045472896,0.0
2025-07-21 07:00:00,solar.bun_hsc#realenergyintotheload#kwh,BUNDOORA,0.0,-0.0016570557,0.0037040035,0.0035942632,0.0
2025-07-21 08:00:00,solar.bun_hsc#realenergyintotheload#kwh,BUNDOORA,0.15625,0.43356952,0.5755376,0.55848587,15.0
2025-07-21 09:00:00,solar.bun_hsc#realenergyintotheload#kwh,BUNDOORA,3.28125,1.9237756,8.060486,7.821674,152.0
2025-07-21 10:00:00,solar.bun_hsc#realenergyintotheload#kwh,BUNDOORA,5.75,13.127509,13.493579,13.093798,261.0
2025-07-21 11:00:00,solar.bun_hsc#realenergyintotheload#kwh,BUNDOORA,10.84375,12.563654,23.774702,23.070316,408.0
2025-07-21 12:00:00,solar.bun_hsc#realenergyintotheload#kwh,BUNDOORA,19.5,18.648212,26.413265,25.630707,477.0
2025-07-21 13:00:00,solar.bun_hsc#realenergyintotheload#kwh,BUNDOORA,24.78125,22.56398,29.429573,28.557648,509.0
2025-07-21 14:00:00,solar.bun_hsc#realenergyintotheload#kwh,BUNDOORA,24.78125,25.126675,27.063698,26.261868,466.0
2025-07-21 15:00:00,solar.bun_hsc#realenergyintotheload#kwh,BUNDOORA,16.59375,21.844778,20.8436,20.226055,368.0
2025-07-21 16:00:00,solar.bun_hsc#realenergyintotheload#kwh,BUNDOORA,5.9375,8.803276,12.9431925,12.559718,228.0
2025-07-21 17:00:00,solar.bun_hsc#realenergyintotheload#kwh,BUNDOORA,2.21875,1.3625114,2.7703195,2.6882417,56.0
2025-07-21 18:00:00,solar.bun_hsc#realenergyintotheload#kwh,BUNDOORA,0.125,0.36698082,0.034568105,0.033543937,0.0
2025-07-21 19:00:00,solar.bun_hsc#realenergyintotheload#kwh,BUNDOORA,0.0,0.34318945,0.008938406,0.008673583,0.0
2025-07-21 20:00:00,solar.bun_hsc#realenergyintotheload#kwh,BUNDOORA,0.0,-0.06411319,-0.01708992,0.0,0.0
2025-07-21 21:00:00,solar.bun_hsc#realenergyintotheload#kwh,BUNDOORA,0.0,-0.2402394,-0.013052367,0.0,0.0
2025-07-21 22:00:00,solar.bun_hsc#realenergyintotheload#kwh,BUNDOORA,0.0,-0.03908735,0.029082602,0.028220957,0.0
2025-07-21 23:00:00,solar.bun_hsc#realenergyintotheload#kwh,BUNDOORA,0.0,0.062042255,0.013463064,0.013064187,0.0
2025-07-22 00:00:00,solar.bun_hsc#realenergyintotheload#kwh,BUNDOORA,0.0,-0.08492891,0.0132032195,0.012812041,0.0
2025-07-22 01:00:00,solar.bun_hsc#realenergyintotheload#kwh,BUNDOORA,0.0,-0.012067609,0.027999876,0.02717031,0.0
2025-07-22 02:00:00,solar.bun_hsc#realenergyintotheload#kwh,BUNDOORA,0.0,-0.01042193,0.0073174555,0.0071006576,0.0
2025-07-22 03:00:00,solar.bun_hsc#realenergyintotheload#kwh,BUNDOORA,0.0,-0.01948006,0.029461004,0.028588148,0.0
2025-07-22 04:00:00,solar.bun_hsc#realenergyintotheload#kwh,BUNDOORA,0.0,-0.060428664,0.02855814,0.027712034,0.0
2025-07-22 05:00:00,solar.bun_hsc#realenergyintotheload#kwh,BUNDOORA,0.0,-0.28955084,0.003727328,0.0036168967,0.0
2025-07-22 06:00:00,solar.bun_hsc#realenergyintotheload#kwh,BUNDOORA,0.0,-0.017402172,-0.007846926,0.0,0.0
2025-07-22 07:00:00,solar.bun_hsc#realenergyintotheload#kwh,BUNDOORA,0.0,-0.005311465,0.005778209,0.005607015,0.0
2025-07-22 08:00:00,solar.bun_hsc#realenergyintotheload#kwh,BUNDOORA,0.15625,0.11780881,0.2837441,0.27533746,9.0
2025-07-22 09:00:00,solar.bun_hsc#realenergyintotheload#kwh,BUNDOORA,2.1875,5.0295386,3.5994394,3.492797,78.0
2025-07-22 10:00:00,solar.bun_hsc#realenergyintotheload#kwh,BUNDOORA,3.78125,7.9167027,8.064439,7.8255095,163.0
2025-07-22 11:00:00,solar.bun_hsc#realenergyintotheload#kwh,BUNDOORA,7.0,6.296967,9.164532,8.893009,177.0
2025-07-22 12:00:00,solar.bun_hsc#realenergyintotheload#kwh,BUNDOORA,3.5,5.255071,5.0422883,4.892898,100.0
2025-07-22 13:00:00,solar.bun_hsc#realenergyintotheload#kwh,BUNDOORA,3.6875,5.4594636,5.407892,5.2476697,110.0
2025-07-22 14:00:00,solar.bun_hsc#realenergyintotheload#kwh,BUNDOORA,2.25,4.5673113,3.3197975,3.2214403,71.0
2025-07-22 15:00:00,solar.bun_hsc#realenergyintotheload#kwh,BUNDOORA,10.71875,2.6285808,18.434929,17.888748,332.0
2025-07-22 16:00:00,solar.bun_hsc#realenergyintotheload#kwh,BUNDOORA,5.34375,2.4618452,11.969853,11.615216,217.0
2025-07-22 17:00:00,solar.bun_hsc#realenergyintotheload#kwh,BUNDOORA,1.59375,2.3538904,3.257313,3.160807,67.0
2025-07-22 18:00:00,solar.bun_hsc#realenergyintotheload#kwh,BUNDOORA,0.09375,0.19940878,0.0038423697,0.00372853,0.0
2025-07-22 19:00:00,solar.bun_hsc#realenergyintotheload#kwh,BUNDOORA,0.0,-0.023733227,-0.012096802,0.0,0.0
2025-07-22 20:00:00,solar.bun_hsc#realenergyintotheload#kwh,BUNDOORA,0.0,-0.02346361,0.0020782878,0.0020167134,0.0
2025-07-22 21:00:00,solar.bun_hsc#realenergyintotheload#kwh,BUNDOORA,0.0,-0.022348752,0.00486881,0.0047245594,0.0
2025-07-22 22:00:00,solar.bun_hsc#realenergyintotheload#kwh,BUNDOORA,0.0,-0.005541757,0.0043192315,0.0041912636,0.0
2025-07-22 23:00:00,solar.bun_hsc#realenergyintotheload#kwh,BUNDOORA,0.0,-0.005541757,0.0043192315,0.0041912636,0.0
2025-07-23 00:00:00,solar.bun_hsc#realenergyintotheload#kwh,BUNDOORA,0.0,-0.6485571,-0.025159838,0.0,0.0
2025-07-23 01:00:00,solar.bun_hsc#realenergyintotheload#kwh,BUNDOORA,0.0,-0.03431397,-0.035589054,0.0,0.0
2025-07-23 02:00:00,solar.bun_hsc#realenergyintotheload#kwh,BUNDOORA,0.0,-0.03455709,0.002454253,0.0023815394,0.0
2025-07-23 03:00:00,solar.bun_hsc#realenergyintotheload#kwh,BUNDOORA,0.0,-0.03606177,-0.00024596846,0.0,0.0
2025-07-23 04:00:00,solar.bun_hsc#realenergyintotheload#kwh,BUNDOORA,0.0,-0.107011355,0.00751122,0.0072886813,0.0
2025-07-23 05:00:00,solar.bun_hsc#realenergyintotheload#kwh,BUNDOORA,0.0,-0.07233399,-0.013302296,0.0,0.0
2025-07-23 06:00:00,solar.bun_hsc#realenergyintotheload#kwh,BUNDOORA,0.0,-0.07308092,0.0026471503,0.0025687218,0.0
2025-07-23 07:00:00,solar.bun_hsc#realenergyintotheload#kwh,BUNDOORA,0.0,-0.0480971,0.003588289,0.003481977,0.0
2025-07-23 08:00:00,solar.bun_hsc#realenergyintotheload#kwh,BUNDOORA,0.0,0.3732509,0.8382596,0.81342405,21.0
2025-07-23 09:00:00,solar.bun_hsc#realenergyintotheload#kwh,BUNDOORA,0.0,1.5132972,9.526363,9.244121,168.0
2025-07-23 10:00:00,solar.bun_hsc#realenergyintotheload#kwh,BUNDOORA,0.0,13.995616,16.841366,16.342398,295.0
2025-07-23 11:00:00,solar.bun_hsc#realenergyintotheload#kwh,BUNDOORA,0.0,14.024115,24.915848,24.177654,428.0
2025-07-23 12:00:00,solar.bun_hsc#realenergyintotheload#kwh,BUNDOORA,0.0,13.479467,14.360083,13.934629,263.0
2025-07-23 13:00:00,solar.bun_hsc#realenergyintotheload#kwh,BUNDOORA,0.0,14.0229845,15.066362,14.619984,270.0
2025-07-23 14:00:00,solar.bun_hsc#realenergyintotheload#kwh,BUNDOORA,0.0,7.6193347,8.082816,7.8433423,158.0
2025-07-23 15:00:00,solar.bun_hsc#realenergyintotheload#kwh,BUNDOORA,0.0,7.9076233,11.208009,10.875943,204.0
2025-07-23 16:00:00,solar.bun_hsc#realenergyintotheload#kwh,BUNDOORA,0.0,4.282482,5.1972027,5.0432224,131.0
2025-07-23 17:00:00,solar.bun_hsc#realenergyintotheload#kwh,BUNDOORA,0.0,1.9460194,2.2807736,2.2132,48.0
2025-07-23 18:00:00,solar.bun_hsc#realenergyintotheload#kwh,BUNDOORA,0.0,0.3083408,0.0023860694,0.0023153762,0.0
2025-07-23 19:00:00,solar.bun_hsc#realenergyintotheload#kwh,BUNDOORA,0.0,0.0067430846,0.0029836474,0.0028952493,0.0
2025-07-23 20:00:00,solar.bun_hsc#realenergyintotheload#kwh,BUNDOORA,0.0,-0.014898822,0.0017574747,0.0017054052,0.0
2025-07-23 21:00:00,solar.bun_hsc#realenergyintotheload#kwh,BUNDOORA,0.0,-0.01329794,0.0017574747,0.0017054052,0.0
2025-07-23 22:00:00,solar.bun_hsc#realenergyintotheload#kwh,BUNDOORA,0.0,-0.024568902,0.0034642518,0.0033616147,0.0
2025-07-23 23:00:00,solar.bun_hsc#realenergyintotheload#kwh,BUNDOORA,0.0,-0.018517647,0.0030072317,0.002918135,0.0
2025-07-24 00:00:00,solar.bun_hsc#realenergyintotheload#kwh,BUNDOORA,0.0,-0.00884425,0.0016493935,0.001600526,0.0
2025-07-24 01:00:00,solar.bun_hsc#realenergyintotheload#kwh,BUNDOORA,0.0,-0.015366662,0.00173517,0.0016837612,0.0
2025-07-24 02:00:00,solar.bun_hsc#realenergyintotheload#kwh,BUNDOORA,0.0,-0.015484571,0.0013735208,0.0013328268,0.0
2025-07-24 03:00:00,solar.bun_hsc#realenergyintotheload#kwh,BUNDOORA,0.0,-0.015484571,0.0013735208,0.0013328268,0.0
2025-07-24 04:00:00,solar.bun_hsc#realenergyintotheload#kwh,BUNDOORA,0.0,-0.015484571,0.0013735208,0.0013328268,0.0
2025-07-24 05:00:00,solar.bun_hsc#realenergyintotheload#kwh,BUNDOORA,0.0,-0.015484571,0.0013735208,0.0013328268,0.0
2025-07-24 06:00:00,solar.bun_hsc#realenergyintotheload#kwh,BUNDOORA,0.0,-0.015484571,0.0013735208,0.0013328268,0.0
2025-07-24 07:00:00,solar.bun_hsc#realenergyintotheload#kwh,BUNDOORA,0.0,0.012165137,0.0012877441,0.0012495915,0.0
2025-07-24 08:00:00,solar.bun_hsc#realenergyintotheload#kwh,BUNDOORA,0.0,0.07943325,0.8414859,0.8165548,22.0
2025-07-24 09:00:00,solar.bun_hsc#realenergyintotheload#kwh,BUNDOORA,0.0,1.4096553,9.3428545,9.066049,171.0
2025-07-24 10:00:00,solar.bun_hsc#realenergyintotheload#kwh,BUNDOORA,0.0,5.8245826,17.116013,16.608908,323.0
2025-07-24 11:00:00,solar.bun_hsc#realenergyintotheload#kwh,BUNDOORA,0.0,12.2466755,26.433844,25.650675,438.0
2025-07-24 12:00:00,solar.bun_hsc#realenergyintotheload#kwh,BUNDOORA,0.0,16.215141,29.343067,28.473705,504.0
2025-07-24 13:00:00,solar.bun_hsc#realenergyintotheload#kwh,BUNDOORA,0.0,18.517075,29.756931,28.875307,514.0
2025-07-24 14:00:00,solar.bun_hsc#realenergyintotheload#kwh,BUNDOORA,0.0,21.713936,27.491632,26.677124,464.0
2025-07-24 15:00:00,solar.bun_hsc#realenergyintotheload#kwh,BUNDOORA,0.0,18.00416,21.114498,20.488928,356.0
2025-07-24 16:00:00,solar.bun_hsc#realenergyintotheload#kwh,BUNDOORA,0.0,9.111791,13.267732,12.874642,232.0
2025-07-24 17:00:00,solar.bun_hsc#realenergyintotheload#kwh,BUNDOORA,0.0,3.461386,3.3424768,3.2434475,67.0
2025-07-24 18:00:00,solar.bun_hsc#realenergyintotheload#kwh,BUNDOORA,0.0,0.2299911,0.0069972984,0.006789986,0.0
2025-07-24 19:00:00,solar.bun_hsc#realenergyintotheload#kwh,BUNDOORA,0.0,-0.010120744,0.00400707,0.0038883504,0.0
2025-07-24 20:00:00,solar.bun_hsc#realenergyintotheload#kwh,BUNDOORA,0.0,-0.08262457,0.010658649,0.01034286,0.0
2025-07-24 21:00:00,solar.bun_hsc#realenergyintotheload#kwh,BUNDOORA,0.0,0.0014995551,0.0034642518,0.0033616147,0.0
2025-07-24 22:00:00,solar.bun_hsc#realenergyintotheload#kwh,BUNDOORA,0.0,-0.11399939,0.0030072317,0.002918135,0.0
2025-07-24 23:00:00,solar.bun_hsc#realenergyintotheload#kwh,BUNDOORA,0.0,-0.11287414,0.0030072317,0.002918135,0.0
2025-07-25 00:00:00,solar.bun_hsc#realenergyintotheload#kwh,BUNDOORA,0.0,-0.12050317,0.0030072317,0.002918135,0.0
2025-07-25 01:00:00,solar.bun_hsc#realenergyintotheload#kwh,BUNDOORA,0.0,-0.010238852,0.003215301,0.0031200398,0.0
2025-07-25 02:00:00,solar.bun_hsc#realenergyintotheload#kwh,BUNDOORA,0.0,0.005647152,0.003215301,0.0031200398,0.0
2025-07-25 03:00:00,solar.bun_hsc#realenergyintotheload#kwh,BUNDOORA,0.0,0.022491232,0.0045092776,0.004375679,0.0
2025-07-25 04:00:00,solar.bun_hsc#realenergyintotheload#kwh,BUNDOORA,0.0,-0.007749542,0.0043906895,0.0042606043,0.0
2025-07-25 05:00:00,solar.bun_hsc#realenergyintotheload#kwh,BUNDOORA,0.0,-0.023635546,0.0037040035,0.0035942632,0.0
2025-07-25 06:00:00,solar.bun_hsc#realenergyintotheload#kwh,BUNDOORA,0.0,-0.011587953,0.0037040035,0.0035942632,0.0
2025-07-25 07:00:00,solar.bun_hsc#realenergyintotheload#kwh,BUNDOORA,0.0,0.00563912,0.0037993742,0.0036868083,0.0
2025-07-25 08:00:00,solar.bun_hsc#realenergyintotheload#kwh,BUNDOORA,0.0,0.45559514,0.38118416,0.36989063,13.0
2025-07-25 09:00:00,solar.bun_hsc#realenergyintotheload#kwh,BUNDOORA,0.0,3.6576505,3.3629334,3.263298,75.0
2025-07-25 10:00:00,solar.bun_hsc#realenergyintotheload#kwh,BUNDOORA,0.0,5.501395,9.608878,9.324191,183.0
2025-07-25 11:00:00,solar.bun_hsc#realenergyintotheload#kwh,BUNDOORA,0.0,6.682858,7.8433905,7.6110106,150.0
2025-07-25 12:00:00,solar.bun_hsc#realenergyintotheload#kwh,BUNDOORA,0.0,9.150099,6.626478,6.4301524,126.0
2025-07-25 13:00:00,solar.bun_hsc#realenergyintotheload#kwh,BUNDOORA,0.0,5.912478,5.1209097,4.96919,96.0
2025-07-25 14:00:00,solar.bun_hsc#realenergyintotheload#kwh,BUNDOORA,0.0,5.409156,5.354189,5.1955576,102.0
2025-07-25 15:00:00,solar.bun_hsc#realenergyintotheload#kwh,BUNDOORA,0.0,8.896641,6.544157,6.35027,129.0
2025-07-25 16:00:00,solar.bun_hsc#realenergyintotheload#kwh,BUNDOORA,0.0,2.6374593,2.8027227,2.719685,60.0
2025-07-25 17:00:00,solar.bun_hsc#realenergyintotheload#kwh,BUNDOORA,0.0,2.4856374,0.6357802,0.61694366,16.0
2025-07-25 18:00:00,solar.bun_hsc#realenergyintotheload#kwh,BUNDOORA,0.0,0.36603463,0.023971366,0.023261154,0.0
2025-07-25 19:00:00,solar.bun_hsc#realenergyintotheload#kwh,BUNDOORA,0.0,-0.0030687132,0.0045630587,0.0044278665,0.0
2025-07-25 20:00:00,solar.bun_hsc#realenergyintotheload#kwh,BUNDOORA,0.0,-0.002212718,0.0018702106,0.001814801,0.0
2025-07-25 21:00:00,solar.bun_hsc#realenergyintotheload#kwh,BUNDOORA,0.0,-0.02621611,0.001623194,0.0015751028,0.0
2025-07-25 22:00:00,solar.bun_hsc#realenergyintotheload#kwh,BUNDOORA,0.0,0.020693805,0.0006347721,0.0006159654,0.0
2025-07-25 23:00:00,solar.bun_hsc#realenergyintotheload#kwh,BUNDOORA,0.0,0.0006939471,0.0011802006,0.0011452342,0.0
2025-07-26 00:00:00,solar.bun_hsc#realenergyintotheload#kwh,BUNDOORA,0.0,0.0025617853,0.0021984708,0.0021333355,0.0
2025-07-26 01:00:00,solar.bun_hsc#realenergyintotheload#kwh,BUNDOORA,0.0,-0.03654564,0.0024284674,0.002356518,0.0
2025-07-26 02:00:00,solar.bun_hsc#realenergyintotheload#kwh,BUNDOORA,0.0,-0.010444889,0.00468918,0.004550251,0.0
2025-07-26 03:00:00,solar.bun_hsc#realenergyintotheload#kwh,BUNDOORA,0.0,-0.023552598,0.0045026094,0.004369208,0.0
2025-07-26 04:00:00,solar.bun_hsc#realenergyintotheload#kwh,BUNDOORA,0.0,-0.017014192,0.0045026094,0.004369208,0.0
2025-07-26 05:00:00,solar.bun_hsc#realenergyintotheload#kwh,BUNDOORA,0.0,0.010429257,0.0057171127,0.005547729,0.0
2025-07-26 06:00:00,solar.bun_hsc#realenergyintotheload#kwh,BUNDOORA,0.0,0.006482737,0.005916511,0.0057412195,0.0
2025-07-26 07:00:00,solar.bun_hsc#realenergyintotheload#kwh,BUNDOORA,0.0,0.22395502,0.005729941,0.0055601774,0.0
2025-07-26 08:00:00,solar.bun_hsc#realenergyintotheload#kwh,BUNDOORA,0.0,0.3800897,0.38287753,0.3715338,10.0
2025-07-26 09:00:00,solar.bun_hsc#realenergyintotheload#kwh,BUNDOORA,0.0,3.2861943,2.718967,2.6384108,57.0
2025-07-26 10:00:00,solar.bun_hsc#realenergyintotheload#kwh,BUNDOORA,0.0,6.435203,6.6392922,6.4425864,138.0
2025-07-26 11:00:00,solar.bun_hsc#realenergyintotheload#kwh,BUNDOORA,0.0,5.733722,7.424353,7.204388,142.0
2025-07-26 12:00:00,solar.bun_hsc#realenergyintotheload#kwh,BUNDOORA,0.0,5.152555,5.421142,5.260527,110.0
2025-07-26 13:00:00,solar.bun_hsc#realenergyintotheload#kwh,BUNDOORA,0.0,7.8873925,10.169997,9.868686,201.0
2025-07-26 14:00:00,solar.bun_hsc#realenergyintotheload#kwh,BUNDOORA,0.0,5.33568,4.8547125,4.7108793,98.0
2025-07-26 15:00:00,solar.bun_hsc#realenergyintotheload#kwh,BUNDOORA,0.0,4.9609065,4.6231155,4.486144,92.0
2025-07-26 16:00:00,solar.bun_hsc#realenergyintotheload#kwh,BUNDOORA,0.0,2.756765,2.8111985,2.7279098,60.0
2025-07-26 17:00:00,solar.bun_hsc#realenergyintotheload#kwh,BUNDOORA,0.0,1.5890921,0.7583173,0.7358502,19.0
2025-07-26 18:00:00,solar.bun_hsc#realenergyintotheload#kwh,BUNDOORA,0.0,0.2765463,0.0071399994,0.0069284593,0.0
2025-07-26 19:00:00,solar.bun_hsc#realenergyintotheload#kwh,BUNDOORA,0.0,0.014353139,0.0064152847,0.0062252157,0.0
2025-07-26 20:00:00,solar.bun_hsc#realenergyintotheload#kwh,BUNDOORA,0.0,0.009661605,0.0047554867,0.0046145935,0.0
2025-07-26 21:00:00,solar.bun_hsc#realenergyintotheload#kwh,BUNDOORA,0.0,0.02670202,0.0047554867,0.0046145935,0.0
2025-07-26 22:00:00,solar.bun_hsc#realenergyintotheload#kwh,BUNDOORA,0.0,0.022111848,0.0047554867,0.0046145935,0.0
2025-07-26 23:00:00,solar.bun_hsc#realenergyintotheload#kwh,BUNDOORA,0.0,0.056789223,0.005898452,0.0057236953,0.0
2025-07-27 00:00:00,solar.bun_hsc#realenergyintotheload#kwh,BUNDOORA,0.0,0.05688978,0.0042760307,0.0041493424,0.0
2025-07-27 01:00:00,solar.bun_hsc#realenergyintotheload#kwh,BUNDOORA,0.0,0.0026302438,0.003790344,0.0036780457,0.0
2025-07-27 02:00:00,solar.bun_hsc#realenergyintotheload#kwh,BUNDOORA,0.0,0.052748498,0.003790344,0.0036780457,0.0
2025-07-27 03:00:00,solar.bun_hsc#realenergyintotheload#kwh,BUNDOORA,0.0,0.002555428,0.0054127653,0.0052523986,0.0
2025-07-27 04:00:00,solar.bun_hsc#realenergyintotheload#kwh,BUNDOORA,0.0,0.001489531,0.0037059886,0.0035961894,0.0
2025-07-27 05:00:00,solar.bun_hsc#realenergyintotheload#kwh,BUNDOORA,0.0,0.0011080799,0.0038118656,0.0036989294,0.0
2025-07-27 06:00:00,solar.bun_hsc#realenergyintotheload#kwh,BUNDOORA,0.0,0.024997314,0.0032597105,0.0031631335,0.0
2025-07-27 07:00:00,solar.bun_hsc#realenergyintotheload#kwh,BUNDOORA,0.0,0.09535647,0.0032597105,0.0031631335,0.0
2025-07-27 08:00:00,solar.bun_hsc#realenergyintotheload#kwh,BUNDOORA,0.40625,1.0023801,0.3850925,0.37368315,12.0
2025-07-27 09:00:00,solar.bun_hsc#realenergyintotheload#kwh,BUNDOORA,1.9375,1.7592838,3.1887245,3.0942507,81.0
2025-07-27 10:00:00,solar.bun_hsc#realenergyintotheload#kwh,BUNDOORA,2.75,4.5519805,8.384001,8.135604,164.0
2025-07-27 11:00:00,solar.bun_hsc#realenergyintotheload#kwh,BUNDOORA,6.96875,9.568747,12.512235,12.141528,226.0
2025-07-27 12:00:00,solar.bun_hsc#realenergyintotheload#kwh,BUNDOORA,15.625,20.705814,26.738136,25.945951,477.0
2025-07-27 13:00:00,solar.bun_hsc#realenergyintotheload#kwh,BUNDOORA,16.9375,11.836172,15.339512,14.88504,271.0
2025-07-27 14:00:00,solar.bun_hsc#realenergyintotheload#kwh,BUNDOORA,11.875,8.451721,12.872872,12.491481,236.0
2025-07-27 15:00:00,solar.bun_hsc#realenergyintotheload#kwh,BUNDOORA,7.125,5.7413626,6.5505323,6.3564563,128.0
2025-07-27 16:00:00,solar.bun_hsc#realenergyintotheload#kwh,BUNDOORA,4.25,3.3370712,4.2729754,4.146378,88.0
2025-07-27 17:00:00,solar.bun_hsc#realenergyintotheload#kwh,BUNDOORA,0.5,1.2423638,1.5580528,1.5118916,36.0
2025-07-27 18:00:00,solar.bun_hsc#realenergyintotheload#kwh,BUNDOORA,0.0,0.30491358,0.0054716635,0.005309552,0.0
2025-07-27 19:00:00,solar.bun_hsc#realenergyintotheload#kwh,BUNDOORA,0.0,0.03156821,0.007191151,0.006978095,0.0
2025-07-27 20:00:00,solar.bun_hsc#realenergyintotheload#kwh,BUNDOORA,0.0,0.009336235,0.0038118656,0.0036989294,0.0
2025-07-27 21:00:00,solar.bun_hsc#realenergyintotheload#kwh,BUNDOORA,0.0,0.021920972,0.0055313534,0.0053674732,0.0
2025-07-27 22:00:00,solar.bun_hsc#realenergyintotheload#kwh,BUNDOORA,0.0,0.07211403,0.0048934217,0.0047484417,0.0
2025-07-27 23:00:00,solar.bun_hsc#realenergyintotheload#kwh,BUNDOORA,0.0,0.019762667,0.0055313534,0.0053674732,0.0
2025-07-28 00:00:00,solar.bun_hsc#realenergyintotheload#kwh,BUNDOORA,0.0,0.019762667,0.0055313534,0.0053674732,0.0
2025-07-28 01:00:00,solar.bun_hsc#realenergyintotheload#kwh,BUNDOORA,0.0,0.073275164,0.0055313534,0.0053674732,0.0
2025-07-28 02:00:00,solar.bun_hsc#realenergyintotheload#kwh,BUNDOORA,0.0,0.073275164,0.0055313534,0.0053674732,0.0
2025-07-28 03:00:00,solar.bun_hsc#realenergyintotheload#kwh,BUNDOORA,0.0,0.020268263,0.0048934217,0.0047484417,0.0
2025-07-28 04:00:00,solar.bun_hsc#realenergyintotheload#kwh,BUNDOORA,0.0,0.05376139,0.0053791082,0.005219739,0.0
2025-07-28 05:00:00,solar.bun_hsc#realenergyintotheload#kwh,BUNDOORA,0.0,0.032764412,0.0053791082,0.005219739,0.0
2025-07-28 06:00:00,solar.bun_hsc#realenergyintotheload#kwh,BUNDOORA,0.0,0.0036602207,0.0053791082,0.005219739,0.0
2025-07-28 07:00:00,solar.bun_hsc#realenergyintotheload#kwh,BUNDOORA,0.0,0.32211336,0.0047882916,0.0046464265,0.0
2025-07-28 08:00:00,solar.bun_hsc#realenergyintotheload#kwh,BUNDOORA,0.3125,1.6245899,0.9254126,0.89799494,24.0
2025-07-28 09:00:00,solar.bun_hsc#realenergyintotheload#kwh,BUNDOORA,3.5,4.2400208,8.109509,7.869245,155.0
2025-07-28 10:00:00,solar.bun_hsc#realenergyintotheload#kwh,BUNDOORA,7.75,7.387232,14.182287,13.762101,278.0
2025-07-28 11:00:00,solar.bun_hsc#realenergyintotheload#kwh,BUNDOORA,16.28125,7.99239,25.083174,24.340021,437.0
2025-07-28 12:00:00,solar.bun_hsc#realenergyintotheload#kwh,BUNDOORA,17.59375,15.997884,19.559067,18.97958,371.0
2025-07-28 13:00:00,solar.bun_hsc#realenergyintotheload#kwh,BUNDOORA,23.90625,13.149832,19.0395,18.475407,349.0
2025-07-28 14:00:00,solar.bun_hsc#realenergyintotheload#kwh,BUNDOORA,14.5625,12.254002,13.561308,13.15952,252.0
2025-07-28 15:00:00,solar.bun_hsc#realenergyintotheload#kwh,BUNDOORA,9.3125,9.292673,11.811532,11.461586,224.0
2025-07-28 16:00:00,solar.bun_hsc#realenergyintotheload#kwh,BUNDOORA,7.21875,4.508653,4.493767,4.3606277,109.0
2025-07-28 17:00:00,solar.bun_hsc#realenergyintotheload#kwh,BUNDOORA,1.59375,3.3393624,2.030916,1.970745,43.0
2025-07-28 18:00:00,solar.bun_hsc#realenergyintotheload#kwh,BUNDOORA,0.21875,0.5933333,0.003401766,0.0033009802,0.0
2025-07-28 19:00:00,solar.bun_hsc#realenergyintotheload#kwh,BUNDOORA,0.0,0.017643912,0.004702503,0.0045631793,0.0
2025-07-28 20:00:00,solar.bun_hsc#realenergyintotheload#kwh,BUNDOORA,0.0,0.01639489,0.004013831,0.003894911,0.0
2025-07-28 21:00:00,solar.bun_hsc#realenergyintotheload#kwh,BUNDOORA,0.0,0.0018364273,0.0028025005,0.0027194694,0.0
2025-07-28 22:00:00,solar.bun_hsc#realenergyintotheload#kwh,BUNDOORA,0.0,-0.0028883016,0.0016493935,0.001600526,0.0
2025-07-28 23:00:00,solar.bun_hsc#realenergyintotheload#kwh,BUNDOORA,0.0,-0.0010647688,0.0014958133,0.001451496,0.0
2025-07-29 00:00:00,solar.bun_hsc#realenergyintotheload#kwh,BUNDOORA,0.0,-0.0018854463,0.0016493935,0.001600526,0.0
2025-07-29 01:00:00,solar.bun_hsc#realenergyintotheload#kwh,BUNDOORA,0.0,0.0015087135,0.00173517,0.0016837612,0.0
2025-07-29 02:00:00,solar.bun_hsc#realenergyintotheload#kwh,BUNDOORA,0.0,0.0031782975,0.0013735208,0.0013328268,0.0
2025-07-29 03:00:00,solar.bun_hsc#realenergyintotheload#kwh,BUNDOORA,0.0,0.0024065685,0.0013735208,0.0013328268,0.0
2025-07-29 04:00:00,solar.bun_hsc#realenergyintotheload#kwh,BUNDOORA,0.0,0.00061907416,0.00173517,0.0016837612,0.0
2025-07-29 05:00:00,solar.bun_hsc#realenergyintotheload#kwh,BUNDOORA,0.0,0.0018320975,0.00173517,0.0016837612,0.0
2025-07-29 06:00:00,solar.bun_hsc#realenergyintotheload#kwh,BUNDOORA,0.0,-0.009558158,0.00173517,0.0016837612,0.0
2025-07-29 07:00:00,solar.bun_hsc#realenergyintotheload#kwh,BUNDOORA,0.0,0.019199818,0.00173517,0.0016837612,0.0
2025-07-29 08:00:00,solar.bun_hsc#realenergyintotheload#kwh,BUNDOORA,0.1875,0.2957501,1.0942781,1.0618573,27.0
2025-07-29 09:00:00,solar.bun_hsc#realenergyintotheload#kwh,BUNDOORA,2.625,0.961927,8.518873,8.26648,164.0
2025-07-29 10:00:00,solar.bun_hsc#realenergyintotheload#kwh,BUNDOORA,8.625,6.66343,15.554283,15.093449,303.0
2025-07-29 11:00:00,solar.bun_hsc#realenergyintotheload#kwh,BUNDOORA,15.21875,11.316022,25.411362,24.658487,449.0
2025-07-29 12:00:00,solar.bun_hsc#realenergyintotheload#kwh,BUNDOORA,25.28125,17.25235,26.91712,26.119633,471.0
2025-07-29 13:00:00,solar.bun_hsc#realenergyintotheload#kwh,BUNDOORA,10.84375,11.026259,9.974545,9.679024,198.0
2025-07-29 14:00:00,solar.bun_hsc#realenergyintotheload#kwh,BUNDOORA,23.375,15.689843,27.026922,26.226183,466.0
2025-07-29 15:00:00,solar.bun_hsc#realenergyintotheload#kwh,BUNDOORA,15.15625,11.92292,21.581991,20.942572,365.0
2025-07-29 16:00:00,solar.bun_hsc#realenergyintotheload#kwh,BUNDOORA,6.125,9.430047,13.662015,13.257243,245.0
2025-07-29 17:00:00,solar.bun_hsc#realenergyintotheload#kwh,BUNDOORA,2.625,1.870662,3.9702504,3.8526218,79.0
2025-07-29 18:00:00,solar.bun_hsc#realenergyintotheload#kwh,BUNDOORA,0.09375,0.27468482,0.002382604,0.0023120134,0.0
2025-07-29 19:00:00,solar.bun_hsc#realenergyintotheload#kwh,BUNDOORA,0.0,0.008151645,0.002284749,0.0022170576,0.0
2025-07-29 20:00:00,solar.bun_hsc#realenergyintotheload#kwh,BUNDOORA,0.0,-0.0043557603,0.002875566,0.0027903703,0.0
2025-07-29 21:00:00,solar.bun_hsc#realenergyintotheload#kwh,BUNDOORA,0.0,0.00031406822,0.0015815899,0.0015347314,0.0
2025-07-29 22:00:00,solar.bun_hsc#realenergyintotheload#kwh,BUNDOORA,0.0,-0.004764484,0.002875566,0.0027903703,0.0
2025-07-29 23:00:00,solar.bun_hsc#realenergyintotheload#kwh,BUNDOORA,0.0,-0.003340597,0.0015815899,0.0015347314,0.0
2025-07-30 00:00:00,solar.bun_hsc#realenergyintotheload#kwh,BUNDOORA,0.0,-0.0033645784,0.00173517,0.0016837612,0.0
2025-07-30 01:00:00,solar.bun_hsc#realenergyintotheload#kwh,BUNDOORA,0.0,-0.0034803203,0.00173517,0.0016837612,0.0
2025-07-30 02:00:00,solar.bun_hsc#realenergyintotheload#kwh,BUNDOORA,0.0,-0.0016567556,0.0013735208,0.0013328268,0.0
2025-07-30 03:00:00,solar.bun_hsc#realenergyintotheload#kwh,BUNDOORA,0.0,-0.0016567556,0.0016533594,0.0016043745,0.0
2025-07-30 04:00:00,solar.bun_hsc#realenergyintotheload#kwh,BUNDOORA,0.0,-0.0020755723,0.0028599664,0.0027752328,0.0
2025-07-30 05:00:00,solar.bun_hsc#realenergyintotheload#kwh,BUNDOORA,0.0,-0.0018318098,0.0025645876,0.0024886052,0.0
2025-07-30 06:00:00,solar.bun_hsc#realenergyintotheload#kwh,BUNDOORA,0.0,-0.0018318098,0.0025645876,0.0024886052,0.0
2025-07-30 07:00:00,solar.bun_hsc#realenergyintotheload#kwh,BUNDOORA,0.0,0.024505079,0.0018614285,0.0018062791,0.0
2025-07-30 08:00:00,solar.bun_hsc#realenergyintotheload#kwh,BUNDOORA,0.0,0.3737504,1.2517653,1.2146785,29.0
2025-07-30 09:00:00,solar.bun_hsc#realenergyintotheload#kwh,BUNDOORA,0.0,1.5087394,4.8418283,4.698377,137.0
2025-07-30 10:00:00,solar.bun_hsc#realenergyintotheload#kwh,BUNDOORA,0.0,7.987834,16.559002,16.0684,302.0
2025-07-30 11:00:00,solar.bun_hsc#realenergyintotheload#kwh,BUNDOORA,0.0,13.508019,27.616611,26.7984,461.0
2025-07-30 12:00:00,solar.bun_hsc#realenergyintotheload#kwh,BUNDOORA,0.0,11.520445,21.19742,20.569393,378.0
2025-07-30 13:00:00,solar.bun_hsc#realenergyintotheload#kwh,BUNDOORA,0.0,16.054028,22.209023,21.551025,394.0
2025-07-30 14:00:00,solar.bun_hsc#realenergyintotheload#kwh,BUNDOORA,0.0,16.97784,12.326905,11.96169,250.0
2025-07-30 15:00:00,solar.bun_hsc#realenergyintotheload#kwh,BUNDOORA,0.0,16.304272,18.86443,18.305523,327.0
2025-07-30 16:00:00,solar.bun_hsc#realenergyintotheload#kwh,BUNDOORA,0.0,7.417437,10.504467,10.193246,197.0
2025-07-30 17:00:00,solar.bun_hsc#realenergyintotheload#kwh,BUNDOORA,0.0,2.3023245,3.5626771,3.457124,73.0
2025-07-30 18:00:00,solar.bun_hsc#realenergyintotheload#kwh,BUNDOORA,0.0,0.46343085,0.0034574913,0.0033550544,0.0
2025-07-30 19:00:00,solar.bun_hsc#realenergyintotheload#kwh,BUNDOORA,0.0,0.016057292,0.0034642518,0.0033616147,0.0
2025-07-30 20:00:00,solar.bun_hsc#realenergyintotheload#kwh,BUNDOORA,0.0,-0.009764415,0.0033688813,0.0032690698,0.0
2025-07-30 21:00:00,solar.bun_hsc#realenergyintotheload#kwh,BUNDOORA,0.0,0.0013908029,0.0016621046,0.0016128606,0.0
2025-07-30 22:00:00,solar.bun_hsc#realenergyintotheload#kwh,BUNDOORA,0.0,0.0019066359,0.0012877441,0.0012495915,0.0
2025-07-30 23:00:00,solar.bun_hsc#realenergyintotheload#kwh,BUNDOORA,0.0,0.0046025193,0.0012877441,0.0012495915,0.0
2025-07-31 00:00:00,solar.bun_hsc#realenergyintotheload#kwh,BUNDOORA,0.0,0.0046025193,0.0012877441,0.0012495915,0.0
2025-07-31 01:00:00,solar.bun_hsc#realenergyintotheload#kwh,BUNDOORA,0.0,-0.0052631465,0.0013735208,0.0013328268,0.0
2025-07-31 02:00:00,solar.bun_hsc#realenergyintotheload#kwh,BUNDOORA,0.0,-0.014360009,0.0013735208,0.0013328268,0.0
2025-07-31 03:00:00,solar.bun_hsc#realenergyintotheload#kwh,BUNDOORA,0.0,-0.013785537,0.0013735208,0.0013328268,0.0
2025-07-31 04:00:00,solar.bun_hsc#realenergyintotheload#kwh,BUNDOORA,0.0,-0.013785537,0.0013735208,0.0013328268,0.0
2025-07-31 05:00:00,solar.bun_hsc#realenergyintotheload#kwh,BUNDOORA,0.0,-0.0135018155,0.00173517,0.0016837612,0.0
2025-07-31 06:00:00,solar.bun_hsc#realenergyintotheload#kwh,BUNDOORA,0.0,-0.01411972,0.0013735208,0.0013328268,0.0
2025-07-31 07:00:00,solar.bun_hsc#realenergyintotheload#kwh,BUNDOORA,0.0,0.011251893,0.0013735208,0.0013328268,0.0
2025-07-31 08:00:00,solar.bun_hsc#realenergyintotheload#kwh,BUNDOORA,0.1875,0.16295853,1.3520323,1.311975,33.0
2025-07-31 09:00:00,solar.bun_hsc#realenergyintotheload#kwh,BUNDOORA,1.40625,1.1854001,10.374679,10.067303,191.0
2025-07-31 10:00:00,solar.bun_hsc#realenergyintotheload#kwh,BUNDOORA,7.40625,5.760661,19.240625,18.670574,347.0
2025-07-31 11:00:00,solar.bun_hsc#realenergyintotheload#kwh,BUNDOORA,19.625,14.3690815,20.929932,20.30983,363.0
2025-07-31 12:00:00,solar.bun_hsc#realenergyintotheload#kwh,BUNDOORA,9.8125,8.301926,8.610153,8.355056,165.0
2025-07-31 13:00:00,solar.bun_hsc#realenergyintotheload#kwh,BUNDOORA,7.03125,5.840658,5.679479,5.5112104,108.0
2025-07-31 14:00:00,solar.bun_hsc#realenergyintotheload#kwh,BUNDOORA,11.3125,17.829487,17.886225,17.3563,314.0
2025-07-31 15:00:00,solar.bun_hsc#realenergyintotheload#kwh,BUNDOORA,19.6875,12.486466,19.89483,19.305397,345.0
2025-07-31 16:00:00,solar.bun_hsc#realenergyintotheload#kwh,BUNDOORA,5.40625,6.7412457,8.181795,7.9393888,160.0
2025-07-31 17:00:00,solar.bun_hsc#realenergyintotheload#kwh,BUNDOORA,2.8125,1.8646361,0.042727057,0.041461162,3.0
2025-07-31 18:00:00,solar.bun_hsc#realenergyintotheload#kwh,BUNDOORA,0.15625,0.33114022,0.0045978874,0.0044616633,0.0
2025-07-31 19:00:00,solar.bun_hsc#realenergyintotheload#kwh,BUNDOORA,0.0,0.011179116,0.0023070537,0.0022387013,0.0
2025-07-31 20:00:00,solar.bun_hsc#realenergyintotheload#kwh,BUNDOORA,0.0,0.0015798097,0.00173517,0.0016837612,0.0
2025-07-31 21:00:00,solar.bun_hsc#realenergyintotheload#kwh,BUNDOORA,0.0,8.533534e-06,0.00173517,0.0016837612,0.0
2025-07-31 22:00:00,solar.bun_hsc#realenergyintotheload#kwh,BUNDOORA,0.0,0.0014979758,0.0013735208,0.0013328268,0.0
2025-07-31 23:00:00,solar.bun_hsc#realenergyintotheload#kwh,BUNDOORA,0.0,-0.0056718057,0.00173517,0.0016837612,0.0
2025-08-01 00:00:00,solar.bun_hsc#realenergyintotheload#kwh,BUNDOORA,0.0,-0.013619725,0.0013735208,0.0013328268,0.0
2025-08-01 01:00:00,solar.bun_hsc#realenergyintotheload#kwh,BUNDOORA,0.0,-0.013619725,0.0013735208,0.0013328268,0.0
2025-08-01 02:00:00,solar.bun_hsc#realenergyintotheload#kwh,BUNDOORA,0.0,-0.013619725,0.0013735208,0.0013328268,0.0
2025-08-01 03:00:00,solar.bun_hsc#realenergyintotheload#kwh,BUNDOORA,0.0,-0.013619725,0.0013735208,0.0013328268,0.0
2025-08-01 04:00:00,solar.bun_hsc#realenergyintotheload#kwh,BUNDOORA,0.0,-0.013619725,0.0013735208,0.0013328268,0.0
2025-08-01 05:00:00,solar.bun_hsc#realenergyintotheload#kwh,BUNDOORA,0.0,-0.017274396,0.0013735208,0.0013328268,0.0
2025-08-01 06:00:00,solar.bun_hsc#realenergyintotheload#kwh,BUNDOORA,0.0,-0.017274396,0.00173517,0.0016837612,0.0
2025-08-01 07:00:00,solar.bun_hsc#realenergyintotheload#kwh,BUNDOORA,0.0,0.015133269,0.0031554047,0.0030619178,0.0
2025-08-01 08:00:00,solar.bun_hsc#realenergyintotheload#kwh,BUNDOORA,0.3125,0.18714844,1.0950075,1.0625652,27.0
2025-08-01 09:00:00,solar.bun_hsc#realenergyintotheload#kwh,BUNDOORA,3.4375,2.3166611,4.175953,4.05223,119.0
2025-08-01 10:00:00,solar.bun_hsc#realenergyintotheload#kwh,BUNDOORA,5.75,5.179315,9.3583975,9.081132,177.0
2025-08-01 11:00:00,solar.bun_hsc#realenergyintotheload#kwh,BUNDOORA,8.625,9.203345,11.37096,11.034067,210.0
2025-08-01 12:00:00,solar.bun_hsc#realenergyintotheload#kwh,BUNDOORA,13.53125,13.0782385,20.306086,19.704468,371.0
2025-08-01 13:00:00,solar.bun_hsc#realenergyintotheload#kwh,BUNDOORA,31.46875,16.436804,30.443604,29.541636,536.0
2025-08-01 14:00:00,solar.bun_hsc#realenergyintotheload#kwh,BUNDOORA,29.75,18.291636,28.782413,27.929663,488.0
2025-08-01 15:00:00,solar.bun_hsc#realenergyintotheload#kwh,BUNDOORA,22.21875,10.909683,22.176113,21.51909,378.0
2025-08-01 16:00:00,solar.bun_hsc#realenergyintotheload#kwh,BUNDOORA,8.9375,6.5546513,7.213645,6.9999228,147.0
2025-08-01 17:00:00,solar.bun_hsc#realenergyintotheload#kwh,BUNDOORA,2.8125,2.3122213,3.4630024,3.3604023,67.0
2025-08-01 18:00:00,solar.bun_hsc#realenergyintotheload#kwh,BUNDOORA,0.09375,0.37814888,0.002973421,0.002885326,0.0
2025-08-01 19:00:00,solar.bun_hsc#realenergyintotheload#kwh,BUNDOORA,0.0,0.026125714,0.001833026,0.001778718,0.0
2025-08-01 20:00:00,solar.bun_hsc#realenergyintotheload#kwh,BUNDOORA,0.0,0.00088778714,0.001833026,0.001778718,0.0
2025-08-01 21:00:00,solar.bun_hsc#realenergyintotheload#kwh,BUNDOORA,0.0,0.003083738,0.0014713767,0.0014277835,0.0
2025-08-01 22:00:00,solar.bun_hsc#realenergyintotheload#kwh,BUNDOORA,0.0,0.0041213534,0.0013735208,0.0013328268,0.0
2025-08-01 23:00:00,solar.bun_hsc#realenergyintotheload#kwh,BUNDOORA,0.0,0.0028702277,0.00173517,0.0016837612,0.0
2025-08-02 00:00:00,solar.bun_hsc#realenergyintotheload#kwh,BUNDOORA,0.0,-0.0016668478,0.002875566,0.0027903703,0.0
2025-08-02 01:00:00,solar.bun_hsc#realenergyintotheload#kwh,BUNDOORA,0.0,-0.0016668478,0.0025801277,0.002503685,0.0
2025-08-02 02:00:00,solar.bun_hsc#realenergyintotheload#kwh,BUNDOORA,0.0,-0.0020755723,0.0028271445,0.0027433832,0.0
2025-08-02 03:00:00,solar.bun_hsc#realenergyintotheload#kwh,BUNDOORA,0.0,0.000379241,0.002875566,0.0027903703,0.0
2025-08-02 04:00:00,solar.bun_hsc#realenergyintotheload#kwh,BUNDOORA,0.0,-0.0010657448,0.002875566,0.0027903703,0.0
2025-08-02 05:00:00,solar.bun_hsc#realenergyintotheload#kwh,BUNDOORA,0.0,-0.0010657448,0.0031554047,0.0030619178,0.0
2025-08-02 06:00:00,solar.bun_hsc#realenergyintotheload#kwh,BUNDOORA,0.0,-0.0010657448,0.0031554047,0.0030619178,0.0
2025-08-02 07:00:00,solar.bun_hsc#realenergyintotheload#kwh,BUNDOORA,0.0,0.16686583,0.0028599664,0.0027752328,0.0
2025-08-02 08:00:00,solar.bun_hsc#realenergyintotheload#kwh,BUNDOORA,0.0,0.49398056,1.0461853,1.0151894,25.0
2025-08-02 09:00:00,solar.bun_hsc#realenergyintotheload#kwh,BUNDOORA,0.0,1.5087107,4.724053,4.584091,127.0
2025-08-02 10:00:00,solar.bun_hsc#realenergyintotheload#kwh,BUNDOORA,0.0,7.4145813,12.348835,11.98297,235.0
2025-08-02 11:00:00,solar.bun_hsc#realenergyintotheload#kwh,BUNDOORA,0.0,13.406119,23.57649,22.877977,402.0
2025-08-02 12:00:00,solar.bun_hsc#realenergyintotheload#kwh,BUNDOORA,0.0,19.108469,29.913332,29.027075,524.0
2025-08-02 13:00:00,solar.bun_hsc#realenergyintotheload#kwh,BUNDOORA,0.0,17.493174,30.60612,29.699337,538.0
2025-08-02 14:00:00,solar.bun_hsc#realenergyintotheload#kwh,BUNDOORA,0.0,15.013683,28.564049,27.717768,493.0
2025-08-02 15:00:00,solar.bun_hsc#realenergyintotheload#kwh,BUNDOORA,0.0,17.891695,22.979137,22.298323,395.0
2025-08-02 16:00:00,solar.bun_hsc#realenergyintotheload#kwh,BUNDOORA,0.0,13.881166,14.575391,14.1435585,253.0
2025-08-02 17:00:00,solar.bun_hsc#realenergyintotheload#kwh,BUNDOORA,0.0,5.240364,4.8049264,4.6625686,92.0
2025-08-02 18:00:00,solar.bun_hsc#realenergyintotheload#kwh,BUNDOORA,0.0,0.46262282,0.0019411073,0.0018835971,0.0
2025-08-02 19:00:00,solar.bun_hsc#realenergyintotheload#kwh,BUNDOORA,0.0,0.009197354,0.00173517,0.0016837612,0.0
2025-08-02 20:00:00,solar.bun_hsc#realenergyintotheload#kwh,BUNDOORA,0.0,0.0017667816,0.0013735208,0.0013328268,0.0
2025-08-02 21:00:00,solar.bun_hsc#realenergyintotheload#kwh,BUNDOORA,0.0,0.004715485,0.0013735208,0.0013328268,0.0
2025-08-02 22:00:00,solar.bun_hsc#realenergyintotheload#kwh,BUNDOORA,0.0,0.0037851352,0.0013735208,0.0013328268,0.0
2025-08-02 23:00:00,solar.bun_hsc#realenergyintotheload#kwh,BUNDOORA,0.0,-0.009326473,0.0013735208,0.0013328268,0.0
2025-08-03 00:00:00,solar.bun_hsc#realenergyintotheload#kwh,BUNDOORA,0.0,-0.017848866,0.0013735208,0.0013328268,0.0
2025-08-03 01:00:00,solar.bun_hsc#realenergyintotheload#kwh,BUNDOORA,0.0,-0.017274396,0.0013735208,0.0013328268,0.0
2025-08-03 02:00:00,solar.bun_hsc#realenergyintotheload#kwh,BUNDOORA,0.0,-0.017274396,0.0013735208,0.0013328268,0.0
2025-08-03 03:00:00,solar.bun_hsc#realenergyintotheload#kwh,BUNDOORA,0.0,-0.017274396,0.0013735208,0.0013328268,0.0
2025-08-03 04:00:00,solar.bun_hsc#realenergyintotheload#kwh,BUNDOORA,0.0,-0.016215023,0.00173517,0.0016837612,0.0
2025-08-03 05:00:00,solar.bun_hsc#realenergyintotheload#kwh,BUNDOORA,0.0,-0.013619725,0.0013735208,0.0013328268,0.0
2025-08-03 06:00:00,solar.bun_hsc#realenergyintotheload#kwh,BUNDOORA,0.0,-0.013619725,0.00173517,0.0016837612,0.0
2025-08-03 07:00:00,solar.bun_hsc#realenergyintotheload#kwh,BUNDOORA,0.0,0.123041466,0.0013735208,0.0013328268,0.0
2025-08-03 08:00:00,solar.bun_hsc#realenergyintotheload#kwh,BUNDOORA,0.34375,0.30249432,1.8031056,1.7496841,38.0
2025-08-03 09:00:00,solar.bun_hsc#realenergyintotheload#kwh,BUNDOORA,2.09375,0.9709284,10.261468,9.957446,196.0
2025-08-03 10:00:00,solar.bun_hsc#realenergyintotheload#kwh,BUNDOORA,7.9375,7.8351874,21.351612,20.719017,358.0
2025-08-03 11:00:00,solar.bun_hsc#realenergyintotheload#kwh,BUNDOORA,19.59375,17.72361,28.071978,27.240274,479.0
2025-08-03 12:00:00,solar.bun_hsc#realenergyintotheload#kwh,BUNDOORA,28.78125,24.018711,31.141176,30.21854,549.0
2025-08-03 13:00:00,solar.bun_hsc#realenergyintotheload#kwh,BUNDOORA,31.46875,28.06861,31.956936,31.010132,561.0
2025-08-03 14:00:00,solar.bun_hsc#realenergyintotheload#kwh,BUNDOORA,31.59375,23.17705,28.246464,27.409592,513.0
2025-08-03 15:00:00,solar.bun_hsc#realenergyintotheload#kwh,BUNDOORA,22.71875,12.935135,23.99022,23.27945,411.0
2025-08-03 16:00:00,solar.bun_hsc#realenergyintotheload#kwh,BUNDOORA,7.1875,9.698816,15.556288,15.095394,265.0
2025-08-03 17:00:00,solar.bun_hsc#realenergyintotheload#kwh,BUNDOORA,1.875,2.684456,4.7069016,4.5674477,100.0
2025-08-03 18:00:00,solar.bun_hsc#realenergyintotheload#kwh,BUNDOORA,0.21875,0.8232334,0.0074558565,0.007234958,0.0
2025-08-03 19:00:00,solar.bun_hsc#realenergyintotheload#kwh,BUNDOORA,0.0,0.032184266,0.001771967,0.001719468,0.0
2025-08-03 20:00:00,solar.bun_hsc#realenergyintotheload#kwh,BUNDOORA,0.0,0.0026148192,0.0018432514,0.0017886405,0.0
2025-08-03 21:00:00,solar.bun_hsc#realenergyintotheload#kwh,BUNDOORA,0.0,-0.011169808,0.00173517,0.0016837612,0.0
2025-08-03 22:00:00,solar.bun_hsc#realenergyintotheload#kwh,BUNDOORA,0.0,-0.009090988,0.0016493935,0.001600526,0.0
2025-08-03 23:00:00,solar.bun_hsc#realenergyintotheload#kwh,BUNDOORA,0.0,-0.011461815,0.0030072317,0.002918135,0.0
2025-08-04 00:00:00,solar.bun_hsc#realenergyintotheload#kwh,BUNDOORA,0.0,-0.019232104,0.0033688813,0.0032690698,0.0
2025-08-04 01:00:00,solar.bun_hsc#realenergyintotheload#kwh,BUNDOORA,0.0,-0.020357352,0.0033688813,0.0032690698,0.0
2025-08-04 02:00:00,solar.bun_hsc#realenergyintotheload#kwh,BUNDOORA,0.0,-0.01916574,0.0045092776,0.004375679,0.0
2025-08-04 03:00:00,solar.bun_hsc#realenergyintotheload#kwh,BUNDOORA,0.0,-0.00062169344,0.0037040035,0.0035942632,0.0
2025-08-04 04:00:00,solar.bun_hsc#realenergyintotheload#kwh,BUNDOORA,0.0,0.0282918,0.004994964,0.004846976,0.0
2025-08-04 05:00:00,solar.bun_hsc#realenergyintotheload#kwh,BUNDOORA,0.0,0.05560498,0.0050903345,0.0049395207,0.0
2025-08-04 06:00:00,solar.bun_hsc#realenergyintotheload#kwh,BUNDOORA,0.0,0.028260946,0.0023598894,0.0022899718,0.0
2025-08-04 07:00:00,solar.bun_hsc#realenergyintotheload#kwh,BUNDOORA,0.0,0.68545806,0.0012169245,0.0011808701,0.0
2025-08-04 08:00:00,solar.bun_hsc#realenergyintotheload#kwh,BUNDOORA,0.28125,3.4282765,2.0382392,1.9778513,42.0
2025-08-04 09:00:00,solar.bun_hsc#realenergyintotheload#kwh,BUNDOORA,2.4375,5.512188,8.653506,8.397124,166.0
2025-08-04 10:00:00,solar.bun_hsc#realenergyintotheload#kwh,BUNDOORA,7.03125,11.3238535,18.555489,18.005735,325.0
2025-08-04 11:00:00,solar.bun_hsc#realenergyintotheload#kwh,BUNDOORA,11.03125,18.19598,18.366419,17.822268,332.0
2025-08-04 12:00:00,solar.bun_hsc#realenergyintotheload#kwh,BUNDOORA,13.375,19.936327,22.568514,21.899866,418.0
2025-08-04 13:00:00,solar.bun_hsc#realenergyintotheload#kwh,BUNDOORA,12.78125,17.028477,16.106821,15.629616,297.0
2025-08-04 14:00:00,solar.bun_hsc#realenergyintotheload#kwh,BUNDOORA,10.53125,11.340945,10.85901,10.537285,209.0
2025-08-04 15:00:00,solar.bun_hsc#realenergyintotheload#kwh,BUNDOORA,7.375,9.450914,7.379289,7.1606593,148.0
2025-08-04 16:00:00,solar.bun_hsc#realenergyintotheload#kwh,BUNDOORA,9.0625,6.038873,7.858908,7.6260686,171.0
2025-08-04 17:00:00,solar.bun_hsc#realenergyintotheload#kwh,BUNDOORA,2.21875,1.7621117,1.9233114,1.8663285,42.0
2025-08-04 18:00:00,solar.bun_hsc#realenergyintotheload#kwh,BUNDOORA,0.5,0.010278474,-0.019436501,0.0,0.0
2025-08-04 19:00:00,solar.bun_hsc#realenergyintotheload#kwh,BUNDOORA,0.0,-0.31398728,-0.008181934,0.0,0.0
2025-08-04 20:00:00,solar.bun_hsc#realenergyintotheload#kwh,BUNDOORA,0.0,-0.30836415,0.00940882,0.009130061,0.0
2025-08-04 21:00:00,solar.bun_hsc#realenergyintotheload#kwh,BUNDOORA,0.0,-0.17873189,0.006841142,0.006638456,0.0
2025-08-04 22:00:00,solar.bun_hsc#realenergyintotheload#kwh,BUNDOORA,0.0,-0.16034417,0.006841142,0.006638456,0.0
2025-08-04 23:00:00,solar.bun_hsc#realenergyintotheload#kwh,BUNDOORA,0.0,-0.16034417,0.006841142,0.006638456,0.0
2025-08-05 00:00:00,solar.bun_hsc#realenergyintotheload#kwh,BUNDOORA,0.0,-0.16265008,0.006841142,0.006638456,0.0
2025-08-05 01:00:00,solar.bun_hsc#realenergyintotheload#kwh,BUNDOORA,0.0,-0.11304666,0.0043859337,0.0042559896,0.0
2025-08-05 02:00:00,solar.bun_hsc#realenergyintotheload#kwh,BUNDOORA,0.0,0.025941363,0.011790785,0.011441453,0.0
2025-08-05 03:00:00,solar.bun_hsc#realenergyintotheload#kwh,BUNDOORA,0.0,0.038663797,0.0068715643,0.006667977,0.0
2025-08-05 04:00:00,solar.bun_hsc#realenergyintotheload#kwh,BUNDOORA,0.0,0.026662556,0.0053791082,0.005219739,0.0
2025-08-05 05:00:00,solar.bun_hsc#realenergyintotheload#kwh,BUNDOORA,0.0,0.08809977,0.0028577046,0.002773038,0.0
2025-08-05 06:00:00,solar.bun_hsc#realenergyintotheload#kwh,BUNDOORA,0.0,0.10500865,0.0030112853,0.0029220684,0.0
2025-08-05 07:00:00,solar.bun_hsc#realenergyintotheload#kwh,BUNDOORA,0.0,0.26985005,0.0034929188,0.0033894323,0.0
2025-08-05 08:00:00,solar.bun_hsc#realenergyintotheload#kwh,BUNDOORA,0.25,0.7198618,2.023617,1.9636623,44.0
2025-08-05 09:00:00,solar.bun_hsc#realenergyintotheload#kwh,BUNDOORA,1.46875,2.8568666,11.207145,10.875105,206.0
2025-08-05 10:00:00,solar.bun_hsc#realenergyintotheload#kwh,BUNDOORA,8.34375,12.675259,21.34873,20.71622,361.0
2025-08-05 11:00:00,solar.bun_hsc#realenergyintotheload#kwh,BUNDOORA,19.78125,17.415606,27.314003,26.504757,481.0
2025-08-05 12:00:00,solar.bun_hsc#realenergyintotheload#kwh,BUNDOORA,25.6875,14.282777,25.67355,24.912907,445.0
2025-08-05 13:00:00,solar.bun_hsc#realenergyintotheload#kwh,BUNDOORA,17.6875,19.044401,21.518824,20.881275,385.0
2025-08-05 14:00:00,solar.bun_hsc#realenergyintotheload#kwh,BUNDOORA,22.0,12.485928,16.002375,15.528264,291.0
2025-08-05 15:00:00,solar.bun_hsc#realenergyintotheload#kwh,BUNDOORA,9.09375,6.696458,9.187826,8.915614,177.0
2025-08-05 16:00:00,solar.bun_hsc#realenergyintotheload#kwh,BUNDOORA,9.375,5.417574,9.301115,9.025546,187.0
2025-08-05 17:00:00,solar.bun_hsc#realenergyintotheload#kwh,BUNDOORA,3.90625,2.2245142,4.9332995,4.787138,102.0
2025-08-05 18:00:00,solar.bun_hsc#realenergyintotheload#kwh,BUNDOORA,0.21875,0.79786843,0.0065387096,0.006344984,0.0
2025-08-05 19:00:00,solar.bun_hsc#realenergyintotheload#kwh,BUNDOORA,0.0,0.030128371,0.0045554694,0.004420502,0.0
2025-08-05 20:00:00,solar.bun_hsc#realenergyintotheload#kwh,BUNDOORA,0.0,-0.003641414,0.00400707,0.0038883504,0.0
2025-08-05 21:00:00,solar.bun_hsc#realenergyintotheload#kwh,BUNDOORA,0.0,0.023984963,0.003301028,0.0032032267,0.0
2025-08-05 22:00:00,solar.bun_hsc#realenergyintotheload#kwh,BUNDOORA,0.0,0.014747972,-0.011928224,0.0,0.0
2025-08-05 23:00:00,solar.bun_hsc#realenergyintotheload#kwh,BUNDOORA,0.0,-0.074509874,0.003588289,0.003481977,0.0
2025-08-06 00:00:00,solar.bun_hsc#realenergyintotheload#kwh,BUNDOORA,0.0,-0.07281646,0.003588289,0.003481977,0.0
2025-08-06 01:00:00,solar.bun_hsc#realenergyintotheload#kwh,BUNDOORA,0.0,0.06158754,0.0039499383,0.0038329116,0.0
2025-08-06 02:00:00,solar.bun_hsc#realenergyintotheload#kwh,BUNDOORA,0.0,0.050560538,0.002913429,0.0028271114,0.0
2025-08-06 03:00:00,solar.bun_hsc#realenergyintotheload#kwh,BUNDOORA,0.0,0.05159316,0.0030087996,0.0029196565,0.0
2025-08-06 04:00:00,solar.bun_hsc#realenergyintotheload#kwh,BUNDOORA,0.0,0.043660227,0.0050903345,0.0049395207,0.0
2025-08-06 05:00:00,solar.bun_hsc#realenergyintotheload#kwh,BUNDOORA,0.0,0.025078176,0.0050903345,0.0049395207,0.0
2025-08-06 06:00:00,solar.bun_hsc#realenergyintotheload#kwh,BUNDOORA,0.0,0.024045559,0.0050903345,0.0049395207,0.0
2025-08-06 07:00:00,solar.bun_hsc#realenergyintotheload#kwh,BUNDOORA,0.0,0.5544334,0.0050903345,0.0049395207,0.0
2025-08-06 08:00:00,solar.bun_hsc#realenergyintotheload#kwh,BUNDOORA,0.0,1.3318392,0.9438133,0.9158505,23.0
2025-08-06 09:00:00,solar.bun_hsc#realenergyintotheload#kwh,BUNDOORA,0.0,1.3445814,4.2224874,4.097386,108.0
2025-08-06 10:00:00,solar.bun_hsc#realenergyintotheload#kwh,BUNDOORA,0.0,5.590612,17.89274,17.362623,328.0
2025-08-06 11:00:00,solar.bun_hsc#realenergyintotheload#kwh,BUNDOORA,0.0,22.833403,27.311914,26.502731,484.0
2025-08-06 12:00:00,solar.bun_hsc#realenergyintotheload#kwh,BUNDOORA,0.0,17.41506,29.45239,28.57979,513.0
2025-08-06 13:00:00,solar.bun_hsc#realenergyintotheload#kwh,BUNDOORA,0.0,14.1800165,18.787903,18.231264,342.0
2025-08-06 14:00:00,solar.bun_hsc#realenergyintotheload#kwh,BUNDOORA,0.0,13.390046,16.712208,16.217068,297.0
2025-08-06 15:00:00,solar.bun_hsc#realenergyintotheload#kwh,BUNDOORA,0.0,5.276782,4.3542666,4.2252607,87.0
2025-08-06 16:00:00,solar.bun_hsc#realenergyintotheload#kwh,BUNDOORA,0.0,7.2570596,8.801468,8.540703,179.0
2025-08-06 17:00:00,solar.bun_hsc#realenergyintotheload#kwh,BUNDOORA,0.0,2.2995281,2.0746038,2.0131385,47.0
2025-08-06 18:00:00,solar.bun_hsc#realenergyintotheload#kwh,BUNDOORA,0.0,0.26107475,0.0023928303,0.0023219367,0.0
2025-08-06 19:00:00,solar.bun_hsc#realenergyintotheload#kwh,BUNDOORA,0.0,0.0075018224,0.002875566,0.0027903703,0.0
2025-08-06 20:00:00,solar.bun_hsc#realenergyintotheload#kwh,BUNDOORA,0.0,0.00054810505,0.0023928303,0.0023219367,0.0
2025-08-06 21:00:00,solar.bun_hsc#realenergyintotheload#kwh,BUNDOORA,0.0,-0.0038258007,0.002875566,0.0027903703,0.0
2025-08-06 22:00:00,solar.bun_hsc#realenergyintotheload#kwh,BUNDOORA,0.0,-0.0034170768,0.002875566,0.0027903703,0.0
2025-08-06 23:00:00,solar.bun_hsc#realenergyintotheload#kwh,BUNDOORA,0.0,0.0014082955,0.00173517,0.0016837612,0.0
2025-08-07 00:00:00,solar.bun_hsc#realenergyintotheload#kwh,BUNDOORA,0.0,-0.006520847,0.0015815899,0.0015347314,0.0
2025-08-07 01:00:00,solar.bun_hsc#realenergyintotheload#kwh,BUNDOORA,0.0,-0.015818754,0.0013735208,0.0013328268,0.0
2025-08-07 02:00:00,solar.bun_hsc#realenergyintotheload#kwh,BUNDOORA,0.0,-0.015318761,0.0013735208,0.0013328268,0.0
2025-08-07 03:00:00,solar.bun_hsc#realenergyintotheload#kwh,BUNDOORA,0.0,-0.01520085,0.00173517,0.0016837612,0.0
2025-08-07 04:00:00,solar.bun_hsc#realenergyintotheload#kwh,BUNDOORA,0.0,-0.014539968,0.00173517,0.0016837612,0.0
2025-08-07 05:00:00,solar.bun_hsc#realenergyintotheload#kwh,BUNDOORA,0.0,-0.014948694,0.0013735208,0.0013328268,0.0
2025-08-07 06:00:00,solar.bun_hsc#realenergyintotheload#kwh,BUNDOORA,0.0,-0.02078993,0.00173517,0.0016837612,0.0
2025-08-07 07:00:00,solar.bun_hsc#realenergyintotheload#kwh,BUNDOORA,0.0,0.092067786,0.0013735208,0.0013328268,0.0
2025-08-07 08:00:00,solar.bun_hsc#realenergyintotheload#kwh,BUNDOORA,0.5625,0.5746834,1.987006,1.9281359,43.0
2025-08-07 09:00:00,solar.bun_hsc#realenergyintotheload#kwh,BUNDOORA,3.90625,3.1367464,7.1438527,6.932198,148.0
2025-08-07 10:00:00,solar.bun_hsc#realenergyintotheload#kwh,BUNDOORA,9.90625,12.988009,17.276148,16.7643,298.0
2025-08-07 11:00:00,solar.bun_hsc#realenergyintotheload#kwh,BUNDOORA,13.5625,15.83068,18.914211,18.35383,328.0
2025-08-07 12:00:00,solar.bun_hsc#realenergyintotheload#kwh,BUNDOORA,15.9375,15.253584,14.60153,14.168923,275.0
2025-08-07 13:00:00,solar.bun_hsc#realenergyintotheload#kwh,BUNDOORA,17.3125,16.020197,12.795265,12.416173,251.0
2025-08-07 14:00:00,solar.bun_hsc#realenergyintotheload#kwh,BUNDOORA,13.375,9.270115,10.9146595,10.591286,213.0
2025-08-07 15:00:00,solar.bun_hsc#realenergyintotheload#kwh,BUNDOORA,11.96875,18.145805,12.91356,12.530963,248.0
2025-08-07 16:00:00,solar.bun_hsc#realenergyintotheload#kwh,BUNDOORA,10.15625,10.9055805,10.964853,10.639992,231.0
2025-08-07 17:00:00,solar.bun_hsc#realenergyintotheload#kwh,BUNDOORA,4.6875,2.9379845,3.8876314,3.7724507,80.0
2025-08-07 18:00:00,solar.bun_hsc#realenergyintotheload#kwh,BUNDOORA,0.0625,0.637411,0.002912363,0.002826077,0.0
2025-08-07 19:00:00,solar.bun_hsc#realenergyintotheload#kwh,BUNDOORA,0.0,0.010399992,0.00173517,0.0016837612,0.0
2025-08-07 20:00:00,solar.bun_hsc#realenergyintotheload#kwh,BUNDOORA,0.0,0.00096368574,0.0015815899,0.0015347314,0.0
2025-08-07 21:00:00,solar.bun_hsc#realenergyintotheload#kwh,BUNDOORA,0.0,-0.0032005461,0.002284749,0.0022170576,0.0
2025-08-07 22:00:00,solar.bun_hsc#realenergyintotheload#kwh,BUNDOORA,0.0,0.00022591389,0.00173517,0.0016837612,0.0
2025-08-07 23:00:00,solar.bun_hsc#realenergyintotheload#kwh,BUNDOORA,0.0,-0.0009491994,0.0016533594,0.0016043745,0.0
2025-08-08 00:00:00,solar.bun_hsc#realenergyintotheload#kwh,BUNDOORA,0.0,0.028108358,0.0027447236,0.0026634042,0.0
2025-08-08 01:00:00,solar.bun_hsc#realenergyintotheload#kwh,BUNDOORA,0.0,0.0005391951,0.0016533594,0.0016043745,0.0
2025-08-08 02:00:00,solar.bun_hsc#realenergyintotheload#kwh,BUNDOORA,0.0,0.0005391951,0.0016533594,0.0016043745,0.0
2025-08-08 03:00:00,solar.bun_hsc#realenergyintotheload#kwh,BUNDOORA,0.0,0.0018108559,0.0016533594,0.0016043745,0.0
2025-08-08 04:00:00,solar.bun_hsc#realenergyintotheload#kwh,BUNDOORA,0.0,-0.0011257487,0.0020150086,0.001955309,0.0
2025-08-08 05:00:00,solar.bun_hsc#realenergyintotheload#kwh,BUNDOORA,0.0,0.0004666893,0.0016533594,0.0016043745,0.0
2025-08-08 06:00:00,solar.bun_hsc#realenergyintotheload#kwh,BUNDOORA,0.0,0.00058459985,0.0020150086,0.001955309,0.0
2025-08-08 07:00:00,solar.bun_hsc#realenergyintotheload#kwh,BUNDOORA,0.0,0.1408081,0.00173517,0.0016837612,0.0
2025-08-08 08:00:00,solar.bun_hsc#realenergyintotheload#kwh,BUNDOORA,0.34375,-0.042355947,1.5600946,1.5138729,36.0
2025-08-08 09:00:00,solar.bun_hsc#realenergyintotheload#kwh,BUNDOORA,3.96875,0.73312485,9.194678,8.922263,193.0
2025-08-08 10:00:00,solar.bun_hsc#realenergyintotheload#kwh,BUNDOORA,8.53125,8.260761,12.63162,12.257377,248.0
2025-08-08 11:00:00,solar.bun_hsc#realenergyintotheload#kwh,BUNDOORA,14.625,15.944673,19.24299,18.672869,339.0
2025-08-08 12:00:00,solar.bun_hsc#realenergyintotheload#kwh,BUNDOORA,18.3125,15.267785,27.356596,26.54609,469.0
2025-08-08 13:00:00,solar.bun_hsc#realenergyintotheload#kwh,BUNDOORA,24.9375,16.618118,22.05408,21.400671,393.0
2025-08-08 14:00:00,solar.bun_hsc#realenergyintotheload#kwh,BUNDOORA,26.71875,18.624088,25.184996,24.438828,439.0
2025-08-08 15:00:00,solar.bun_hsc#realenergyintotheload#kwh,BUNDOORA,15.15625,19.780886,18.745525,18.190142,332.0
2025-08-08 16:00:00,solar.bun_hsc#realenergyintotheload#kwh,BUNDOORA,10.59375,7.4965,12.020251,11.664122,230.0
2025-08-08 17:00:00,solar.bun_hsc#realenergyintotheload#kwh,BUNDOORA,3.0,3.9013402,3.8467155,3.7327468,91.0
2025-08-08 18:00:00,solar.bun_hsc#realenergyintotheload#kwh,BUNDOORA,0.21875,0.32853487,0.0066813156,0.006483365,0.0
2025-08-08 19:00:00,solar.bun_hsc#realenergyintotheload#kwh,BUNDOORA,0.0,0.034826133,0.0040293075,0.003909929,0.0
2025-08-08 20:00:00,solar.bun_hsc#realenergyintotheload#kwh,BUNDOORA,0.0,0.012753168,0.0017576661,0.0017055909,0.0
2025-08-08 21:00:00,solar.bun_hsc#realenergyintotheload#kwh,BUNDOORA,0.0,0.0039505456,0.0017576661,0.0017055909,0.0
2025-08-08 22:00:00,solar.bun_hsc#realenergyintotheload#kwh,BUNDOORA,0.0,0.0041213534,0.0013735208,0.0013328268,0.0
2025-08-08 23:00:00,solar.bun_hsc#realenergyintotheload#kwh,BUNDOORA,0.0,0.005124209,0.0013735208,0.0013328268,0.0
2025-08-09 00:00:00,solar.bun_hsc#realenergyintotheload#kwh,BUNDOORA,0.0,0.0004666893,0.0013735208,0.0013328268,0.0
2025-08-09 01:00:00,solar.bun_hsc#realenergyintotheload#kwh,BUNDOORA,0.0,0.031636976,0.0038851202,0.0037700138,0.0
2025-08-09 02:00:00,solar.bun_hsc#realenergyintotheload#kwh,BUNDOORA,0.0,-0.0034197397,0.0031069831,0.003014931,0.0
2025-08-09 03:00:00,solar.bun_hsc#realenergyintotheload#kwh,BUNDOORA,0.0,-0.0020755723,0.0031554047,0.0030619178,0.0
2025-08-09 04:00:00,solar.bun_hsc#realenergyintotheload#kwh,BUNDOORA,0.0,0.000379241,0.002875566,0.0027903703,0.0
2025-08-09 05:00:00,solar.bun_hsc#realenergyintotheload#kwh,BUNDOORA,0.0,0.0005391951,0.00173517,0.0016837612,0.0
2025-08-09 06:00:00,solar.bun_hsc#realenergyintotheload#kwh,BUNDOORA,0.0,-0.010451719,0.00173517,0.0016837612,0.0
2025-08-09 07:00:00,solar.bun_hsc#realenergyintotheload#kwh,BUNDOORA,0.0,0.075909495,0.0020150086,0.001955309,0.0
2025-08-09 08:00:00,solar.bun_hsc#realenergyintotheload#kwh,BUNDOORA,0.0,-0.06553446,1.9827915,1.9240464,41.0
2025-08-09 09:00:00,solar.bun_hsc#realenergyintotheload#kwh,BUNDOORA,0.0,0.5777967,9.660081,9.373877,196.0
2025-08-09 10:00:00,solar.bun_hsc#realenergyintotheload#kwh,BUNDOORA,0.0,10.423278,12.142243,11.782499,218.0
2025-08-09 11:00:00,solar.bun_hsc#realenergyintotheload#kwh,BUNDOORA,0.0,10.4951,26.570028,25.782825,465.0
2025-08-09 12:00:00,solar.bun_hsc#realenergyintotheload#kwh,BUNDOORA,0.0,23.832983,32.693752,31.725119,571.0
2025-08-09 13:00:00,solar.bun_hsc#realenergyintotheload#kwh,BUNDOORA,0.0,26.733576,33.573883,32.579174,582.0
2025-08-09 14:00:00,solar.bun_hsc#realenergyintotheload#kwh,BUNDOORA,0.0,26.65972,29.673794,28.794634,533.0
2025-08-09 15:00:00,solar.bun_hsc#realenergyintotheload#kwh,BUNDOORA,0.0,18.483135,25.429216,24.675812,429.0
2025-08-09 16:00:00,solar.bun_hsc#realenergyintotheload#kwh,BUNDOORA,0.0,9.929732,15.957932,15.485139,281.0
2025-08-09 17:00:00,solar.bun_hsc#realenergyintotheload#kwh,BUNDOORA,0.0,5.411855,5.41626,5.2557898,112.0
2025-08-09 18:00:00,solar.bun_hsc#realenergyintotheload#kwh,BUNDOORA,0.0,0.5990535,0.0018432514,0.0017886405,0.0
2025-08-09 19:00:00,solar.bun_hsc#realenergyintotheload#kwh,BUNDOORA,0.0,0.010914028,0.00173517,0.0016837612,0.0
2025-08-09 20:00:00,solar.bun_hsc#realenergyintotheload#kwh,BUNDOORA,0.0,0.0019254026,0.0013735208,0.0013328268,0.0
2025-08-09 21:00:00,solar.bun_hsc#realenergyintotheload#kwh,BUNDOORA,0.0,0.005124209,0.0013735208,0.0013328268,0.0
2025-08-09 22:00:00,solar.bun_hsc#realenergyintotheload#kwh,BUNDOORA,0.0,0.0018108559,0.0013735208,0.0013328268,0.0
2025-08-09 23:00:00,solar.bun_hsc#realenergyintotheload#kwh,BUNDOORA,0.0,-0.010451719,0.0013735208,0.0013328268,0.0
2025-08-10 00:00:00,solar.bun_hsc#realenergyintotheload#kwh,BUNDOORA,0.0,-0.009326473,0.00173517,0.0016837612,0.0
2025-08-10 01:00:00,solar.bun_hsc#realenergyintotheload#kwh,BUNDOORA,0.0,-0.017848866,0.00173517,0.0016837612,0.0
2025-08-10 02:00:00,solar.bun_hsc#realenergyintotheload#kwh,BUNDOORA,0.0,-0.014028452,0.0013735208,0.0013328268,0.0
2025-08-10 03:00:00,solar.bun_hsc#realenergyintotheload#kwh,BUNDOORA,0.0,-0.013619725,0.0013735208,0.0013328268,0.0
2025-08-10 04:00:00,solar.bun_hsc#realenergyintotheload#kwh,BUNDOORA,0.0,-0.013619725,0.0013735208,0.0013328268,0.0
2025-08-10 05:00:00,solar.bun_hsc#realenergyintotheload#kwh,BUNDOORA,0.0,-0.013619725,0.0013735208,0.0013328268,0.0
2025-08-10 06:00:00,solar.bun_hsc#realenergyintotheload#kwh,BUNDOORA,0.0,-0.013619725,0.0013735208,0.0013328268,0.0
2025-08-10 07:00:00,solar.bun_hsc#realenergyintotheload#kwh,BUNDOORA,0.0,0.07439088,0.0013735208,0.0013328268,0.0
2025-08-10 08:00:00,solar.bun_hsc#realenergyintotheload#kwh,BUNDOORA,0.40625,0.106190816,2.6779168,2.5985768,57.0
2025-08-10 09:00:00,solar.bun_hsc#realenergyintotheload#kwh,BUNDOORA,2.09375,0.8273572,11.702156,11.355451,223.0
2025-08-10 10:00:00,solar.bun_hsc#realenergyintotheload#kwh,BUNDOORA,10.03125,13.687412,22.468887,21.80319,384.0
2025-08-10 11:00:00,solar.bun_hsc#realenergyintotheload#kwh,BUNDOORA,21.9375,18.19014,29.75243,28.87094,506.0
2025-08-10 12:00:00,solar.bun_hsc#realenergyintotheload#kwh,BUNDOORA,29.71875,27.161068,32.729694,31.759995,575.0
2025-08-10 13:00:00,solar.bun_hsc#realenergyintotheload#kwh,BUNDOORA,32.625,29.158506,32.77519,31.804142,584.0
2025-08-10 14:00:00,solar.bun_hsc#realenergyintotheload#kwh,BUNDOORA,31.71875,24.332846,29.6863,28.806768,535.0
2025-08-10 15:00:00,solar.bun_hsc#realenergyintotheload#kwh,BUNDOORA,25.21875,18.090374,25.286472,24.537298,431.0
2025-08-10 16:00:00,solar.bun_hsc#realenergyintotheload#kwh,BUNDOORA,9.34375,11.287844,16.31463,15.831268,284.0
2025-08-10 17:00:00,solar.bun_hsc#realenergyintotheload#kwh,BUNDOORA,2.34375,5.7724433,5.68295,5.5145783,115.0
2025-08-10 18:00:00,solar.bun_hsc#realenergyintotheload#kwh,BUNDOORA,0.1875,1.3942745,0.0033979737,0.0032973003,0.0
2025-08-10 19:00:00,solar.bun_hsc#realenergyintotheload#kwh,BUNDOORA,0.0,0.028101165,0.001771967,0.001719468,0.0
2025-08-10 20:00:00,solar.bun_hsc#realenergyintotheload#kwh,BUNDOORA,0.0,0.0009975822,0.00173517,0.0016837612,0.0
2025-08-10 21:00:00,solar.bun_hsc#realenergyintotheload#kwh,BUNDOORA,0.0,-0.0021570888,0.00173517,0.0016837612,0.0
2025-08-10 22:00:00,solar.bun_hsc#realenergyintotheload#kwh,BUNDOORA,0.0,0.00032246177,0.0020150086,0.001955309,0.0
2025-08-10 23:00:00,solar.bun_hsc#realenergyintotheload#kwh,BUNDOORA,0.0,-0.0009491994,0.0016533594,0.0016043745,0.0
2025-08-11 00:00:00,solar.bun_hsc#realenergyintotheload#kwh,BUNDOORA,0.0,-0.010451719,0.0016533594,0.0016043745,0.0
2025-08-11 01:00:00,solar.bun_hsc#realenergyintotheload#kwh,BUNDOORA,0.0,-0.017848866,0.0013735208,0.0013328268,0.0
2025-08-11 02:00:00,solar.bun_hsc#realenergyintotheload#kwh,BUNDOORA,0.0,-0.017274396,0.0013735208,0.0013328268,0.0
2025-08-11 03:00:00,solar.bun_hsc#realenergyintotheload#kwh,BUNDOORA,0.0,-0.017274396,0.0013735208,0.0013328268,0.0
2025-08-11 04:00:00,solar.bun_hsc#realenergyintotheload#kwh,BUNDOORA,0.0,-0.017274396,0.0013735208,0.0013328268,0.0
2025-08-11 05:00:00,solar.bun_hsc#realenergyintotheload#kwh,BUNDOORA,0.0,0.0054778657,0.0013735208,0.0013328268,0.0
2025-08-11 06:00:00,solar.bun_hsc#realenergyintotheload#kwh,BUNDOORA,0.0,0.005886591,0.0013735208,0.0013328268,0.0
2025-08-11 07:00:00,solar.bun_hsc#realenergyintotheload#kwh,BUNDOORA,0.0,0.0938972,0.00173517,0.0016837612,0.0
2025-08-11 08:00:00,solar.bun_hsc#realenergyintotheload#kwh,BUNDOORA,0.375,-0.02537115,2.6508179,2.5722806,60.0
2025-08-11 09:00:00,solar.bun_hsc#realenergyintotheload#kwh,BUNDOORA,1.90625,0.48778754,11.789134,11.439852,228.0
2025-08-11 10:00:00,solar.bun_hsc#realenergyintotheload#kwh,BUNDOORA,10.3125,11.199961,22.609797,21.939924,388.0
2025-08-11 11:00:00,solar.bun_hsc#realenergyintotheload#kwh,BUNDOORA,22.28125,20.523441,29.302479,28.43432,509.0
2025-08-11 12:00:00,solar.bun_hsc#realenergyintotheload#kwh,BUNDOORA,30.3125,30.707928,32.68086,31.712606,578.0
2025-08-11 13:00:00,solar.bun_hsc#realenergyintotheload#kwh,BUNDOORA,33.78125,28.551912,33.09601,32.115456,589.0
2025-08-11 14:00:00,solar.bun_hsc#realenergyintotheload#kwh,BUNDOORA,34.0625,26.12401,29.92253,29.036,528.0
2025-08-11 15:00:00,solar.bun_hsc#realenergyintotheload#kwh,BUNDOORA,26.34375,17.507092,25.968761,25.199371,435.0
2025-08-11 16:00:00,solar.bun_hsc#realenergyintotheload#kwh,BUNDOORA,10.8125,9.318007,15.515809,15.056114,273.0
2025-08-11 17:00:00,solar.bun_hsc#realenergyintotheload#kwh,BUNDOORA,2.875,3.473751,6.0088043,5.8307786,119.0
2025-08-11 18:00:00,solar.bun_hsc#realenergyintotheload#kwh,BUNDOORA,0.21875,0.80179507,0.01280064,0.012421389,1.0
2025-08-11 19:00:00,solar.bun_hsc#realenergyintotheload#kwh,BUNDOORA,0.0,0.034686793,0.0033979737,0.0032973003,0.0
2025-08-11 20:00:00,solar.bun_hsc#realenergyintotheload#kwh,BUNDOORA,0.0,0.009434152,0.0018432514,0.0017886405,0.0
2025-08-11 21:00:00,solar.bun_hsc#realenergyintotheload#kwh,BUNDOORA,0.0,0.00011017191,0.00173517,0.0016837612,0.0
2025-08-11 22:00:00,solar.bun_hsc#realenergyintotheload#kwh,BUNDOORA,0.0,0.0016158868,0.00173517,0.0016837612,0.0
2025-08-11 23:00:00,solar.bun_hsc#realenergyintotheload#kwh,BUNDOORA,0.0,-0.00943318,0.0013735208,0.0013328268,0.0
2025-08-12 00:00:00,solar.bun_hsc#realenergyintotheload#kwh,BUNDOORA,0.0,-0.0086619,0.0013735208,0.0013328268,0.0
2025-08-12 01:00:00,solar.bun_hsc#realenergyintotheload#kwh,BUNDOORA,0.0,-0.0069621815,0.0013735208,0.0013328268,0.0
2025-08-12 02:00:00,solar.bun_hsc#realenergyintotheload#kwh,BUNDOORA,0.0,-0.015484571,0.0012877441,0.0012495915,0.0
2025-08-12 03:00:00,solar.bun_hsc#realenergyintotheload#kwh,BUNDOORA,0.0,-0.018517647,0.0030072317,0.002918135,0.0
2025-08-12 04:00:00,solar.bun_hsc#realenergyintotheload#kwh,BUNDOORA,0.0,-0.027413184,0.0033688813,0.0032690698,0.0
2025-08-12 05:00:00,solar.bun_hsc#realenergyintotheload#kwh,BUNDOORA,0.0,0.0019432278,0.0045092776,0.004375679,0.0
2025-08-12 06:00:00,solar.bun_hsc#realenergyintotheload#kwh,BUNDOORA,0.0,0.0015643826,0.0045092776,0.004375679,0.0
2025-08-12 07:00:00,solar.bun_hsc#realenergyintotheload#kwh,BUNDOORA,0.0,0.47656327,0.0033106713,0.0032125844,0.0
2025-08-12 08:00:00,solar.bun_hsc#realenergyintotheload#kwh,BUNDOORA,0.4375,1.5944692,2.3690128,2.2988248,51.0
2025-08-12 09:00:00,solar.bun_hsc#realenergyintotheload#kwh,BUNDOORA,4.84375,4.613853,6.649748,6.4527326,143.0
2025-08-12 10:00:00,solar.bun_hsc#realenergyintotheload#kwh,BUNDOORA,9.125,14.99867,16.006704,15.532466,286.0
2025-08-12 11:00:00,solar.bun_hsc#realenergyintotheload#kwh,BUNDOORA,15.96875,14.519083,17.844921,17.316221,317.0
2025-08-12 12:00:00,solar.bun_hsc#realenergyintotheload#kwh,BUNDOORA,13.0,13.707142,15.8235235,15.3547125,288.0
2025-08-12 13:00:00,solar.bun_hsc#realenergyintotheload#kwh,BUNDOORA,12.875,14.372371,11.114047,10.784765,222.0
2025-08-12 14:00:00,solar.bun_hsc#realenergyintotheload#kwh,BUNDOORA,5.03125,6.323916,6.830088,6.62773,137.0
2025-08-12 15:00:00,solar.bun_hsc#realenergyintotheload#kwh,BUNDOORA,4.21875,9.07277,8.99946,8.732829,180.0
2025-08-12 16:00:00,solar.bun_hsc#realenergyintotheload#kwh,BUNDOORA,4.125,3.1334484,5.303492,5.146363,107.0
2025-08-12 17:00:00,solar.bun_hsc#realenergyintotheload#kwh,BUNDOORA,0.625,3.1320102,0.895301,0.8687754,23.0
2025-08-12 18:00:00,solar.bun_hsc#realenergyintotheload#kwh,BUNDOORA,0.0,0.5315856,0.0070725637,0.0068630213,0.0
2025-08-12 19:00:00,solar.bun_hsc#realenergyintotheload#kwh,BUNDOORA,0.0,0.068393655,0.0054127653,0.0052523986,0.0
2025-08-12 20:00:00,solar.bun_hsc#realenergyintotheload#kwh,BUNDOORA,0.0,0.009494854,0.003602204,0.0034954797,0.0
2025-08-12 21:00:00,solar.bun_hsc#realenergyintotheload#kwh,BUNDOORA,0.0,0.0027025542,0.0038976423,0.0037821648,0.0
2025-08-12 22:00:00,solar.bun_hsc#realenergyintotheload#kwh,BUNDOORA,0.0,0.0022416206,0.0038976423,0.0037821648,0.0
2025-08-12 23:00:00,solar.bun_hsc#realenergyintotheload#kwh,BUNDOORA,0.0,-0.004829407,0.0038976423,0.0037821648,0.0
2025-08-13 00:00:00,solar.bun_hsc#realenergyintotheload#kwh,BUNDOORA,0.0,0.0027025542,0.0038976423,0.0037821648,0.0
2025-08-13 01:00:00,solar.bun_hsc#realenergyintotheload#kwh,BUNDOORA,0.0,0.001489531,0.0038118656,0.0036989294,0.0
2025-08-13 02:00:00,solar.bun_hsc#realenergyintotheload#kwh,BUNDOORA,0.0,0.013645906,0.002671469,0.00259232,0.0
2025-08-13 03:00:00,solar.bun_hsc#realenergyintotheload#kwh,BUNDOORA,0.0,0.008250315,0.0021193153,0.0020565253,0.0
2025-08-13 04:00:00,solar.bun_hsc#realenergyintotheload#kwh,BUNDOORA,0.0,0.010154763,0.001833026,0.001778718,0.0
2025-08-13 05:00:00,solar.bun_hsc#realenergyintotheload#kwh,BUNDOORA,0.0,0.0054655205,0.0013735208,0.0013328268,0.0
2025-08-13 06:00:00,solar.bun_hsc#realenergyintotheload#kwh,BUNDOORA,0.0,0.0023150889,0.00173517,0.0016837612,0.0
2025-08-13 07:00:00,solar.bun_hsc#realenergyintotheload#kwh,BUNDOORA,0.0,0.007122632,0.0013735208,0.0013328268,0.0
2025-08-13 08:00:00,solar.bun_hsc#realenergyintotheload#kwh,BUNDOORA,0.0,0.10708858,2.5175014,2.442914,54.0
2025-08-13 09:00:00,solar.bun_hsc#realenergyintotheload#kwh,BUNDOORA,0.0,1.3915616,5.9058385,5.730863,140.0
2025-08-13 10:00:00,solar.bun_hsc#realenergyintotheload#kwh,BUNDOORA,0.0,3.3671536,14.030435,13.614748,259.0
2025-08-13 11:00:00,solar.bun_hsc#realenergyintotheload#kwh,BUNDOORA,0.0,9.7907505,18.614922,18.063408,363.0
2025-08-13 12:00:00,solar.bun_hsc#realenergyintotheload#kwh,BUNDOORA,0.0,14.378244,20.904263,20.284922,391.0
2025-08-13 13:00:00,solar.bun_hsc#realenergyintotheload#kwh,BUNDOORA,0.0,14.401806,24.256659,23.537994,454.0
2025-08-13 14:00:00,solar.bun_hsc#realenergyintotheload#kwh,BUNDOORA,0.0,14.812747,29.017473,28.157759,506.0
2025-08-13 15:00:00,solar.bun_hsc#realenergyintotheload#kwh,BUNDOORA,0.0,15.389936,24.657734,23.927187,417.0
2025-08-13 16:00:00,solar.bun_hsc#realenergyintotheload#kwh,BUNDOORA,0.0,9.53825,15.563521,15.102413,276.0
2025-08-13 17:00:00,solar.bun_hsc#realenergyintotheload#kwh,BUNDOORA,0.0,3.325645,5.8366632,5.6637373,122.0
2025-08-13 18:00:00,solar.bun_hsc#realenergyintotheload#kwh,BUNDOORA,0.0,0.46788007,0.0029654428,0.0028775842,1.0
2025-08-13 19:00:00,solar.bun_hsc#realenergyintotheload#kwh,BUNDOORA,0.0,0.05226697,0.00173517,0.0016837612,0.0
2025-08-13 20:00:00,solar.bun_hsc#realenergyintotheload#kwh,BUNDOORA,0.0,0.0001242754,0.00173517,0.0016837612,0.0
2025-08-13 21:00:00,solar.bun_hsc#realenergyintotheload#kwh,BUNDOORA,0.0,0.0018320975,0.0013735208,0.0013328268,0.0
2025-08-13 22:00:00,solar.bun_hsc#realenergyintotheload#kwh,BUNDOORA,0.0,-0.0023377417,0.0025645876,0.0024886052,0.0
2025-08-13 23:00:00,solar.bun_hsc#realenergyintotheload#kwh,BUNDOORA,0.0,-0.00076711667,0.0020150086,0.001955309,0.0
2025-08-14 00:00:00,solar.bun_hsc#realenergyintotheload#kwh,BUNDOORA,0.0,0.0005391951,0.0016533594,0.0016043745,0.0
2025-08-14 01:00:00,solar.bun_hsc#realenergyintotheload#kwh,BUNDOORA,0.0,-0.009326473,0.0016533594,0.0016043745,0.0
2025-08-14 02:00:00,solar.bun_hsc#realenergyintotheload#kwh,BUNDOORA,0.0,-0.017848866,0.0016533594,0.0016043745,0.0
2025-08-14 03:00:00,solar.bun_hsc#realenergyintotheload#kwh,BUNDOORA,0.0,-0.017848866,0.0016533594,0.0016043745,0.0
2025-08-14 04:00:00,solar.bun_hsc#realenergyintotheload#kwh,BUNDOORA,0.0,-0.017848866,0.0016533594,0.0016043745,0.0
2025-08-14 05:00:00,solar.bun_hsc#realenergyintotheload#kwh,BUNDOORA,0.0,-0.009228958,0.0031554047,0.0030619178,0.0
2025-08-14 06:00:00,solar.bun_hsc#realenergyintotheload#kwh,BUNDOORA,0.0,-0.008462897,0.0031554047,0.0030619178,0.0
2025-08-14 07:00:00,solar.bun_hsc#realenergyintotheload#kwh,BUNDOORA,0.0,0.027583603,0.0031554047,0.0030619178,0.0
2025-08-14 08:00:00,solar.bun_hsc#realenergyintotheload#kwh,BUNDOORA,0.4375,0.22736487,3.1694129,3.075511,69.0
2025-08-14 09:00:00,solar.bun_hsc#realenergyintotheload#kwh,BUNDOORA,2.375,0.5286634,11.846504,11.495522,242.0
2025-08-14 10:00:00,solar.bun_hsc#realenergyintotheload#kwh,BUNDOORA,11.59375,5.626344,21.51983,20.882252,404.0
2025-08-14 11:00:00,solar.bun_hsc#realenergyintotheload#kwh,BUNDOORA,18.3125,17.631357,30.204748,29.309856,527.0
2025-08-14 12:00:00,solar.bun_hsc#realenergyintotheload#kwh,BUNDOORA,27.65625,25.411705,33.43072,32.440254,597.0
2025-08-14 13:00:00,solar.bun_hsc#realenergyintotheload#kwh,BUNDOORA,34.4375,27.498268,34.54783,33.52426,609.0
2025-08-14 14:00:00,solar.bun_hsc#realenergyintotheload#kwh,BUNDOORA,33.65625,27.509892,31.421719,30.490772,560.0
2025-08-14 15:00:00,solar.bun_hsc#realenergyintotheload#kwh,BUNDOORA,27.15625,20.628878,26.178211,25.402617,454.0
2025-08-14 16:00:00,solar.bun_hsc#realenergyintotheload#kwh,BUNDOORA,11.1875,10.531299,16.059938,15.584123,304.0
2025-08-14 17:00:00,solar.bun_hsc#realenergyintotheload#kwh,BUNDOORA,2.59375,2.29455,6.4112926,6.221342,131.0
2025-08-14 18:00:00,solar.bun_hsc#realenergyintotheload#kwh,BUNDOORA,0.1875,0.23890574,0.025767965,0.025004525,1.0
2025-08-14 19:00:00,solar.bun_hsc#realenergyintotheload#kwh,BUNDOORA,0.0,0.0106554795,0.022249127,0.02158994,0.0
2025-08-14 20:00:00,solar.bun_hsc#realenergyintotheload#kwh,BUNDOORA,0.0,0.04656797,-0.004186297,0.0,0.0
2025-08-14 21:00:00,solar.bun_hsc#realenergyintotheload#kwh,BUNDOORA,0.0,0.018084822,0.0071247583,0.0069136694,0.0
2025-08-14 22:00:00,solar.bun_hsc#realenergyintotheload#kwh,BUNDOORA,0.0,0.1699832,0.0031005852,0.0030087226,0.0
2025-08-14 23:00:00,solar.bun_hsc#realenergyintotheload#kwh,BUNDOORA,0.0,0.043503325,0.0021819351,0.00211729,0.0
2025-08-15 00:00:00,solar.bun_hsc#realenergyintotheload#kwh,BUNDOORA,0.0,0.015933566,0.0007477177,0.00072556466,0.0
2025-08-15 01:00:00,solar.bun_hsc#realenergyintotheload#kwh,BUNDOORA,0.0,0.070364654,0.0021466329,0.0020830336,0.0
2025-08-15 02:00:00,solar.bun_hsc#realenergyintotheload#kwh,BUNDOORA,0.0,-0.01753302,0.0026564682,0.0025777637,0.0
2025-08-15 03:00:00,solar.bun_hsc#realenergyintotheload#kwh,BUNDOORA,0.0,0.014042966,0.0018511947,0.0017963484,0.0
2025-08-15 04:00:00,solar.bun_hsc#realenergyintotheload#kwh,BUNDOORA,0.0,-0.0030454695,0.0016360225,0.0015875512,0.0
2025-08-15 05:00:00,solar.bun_hsc#realenergyintotheload#kwh,BUNDOORA,0.0,0.016965352,0.0024284674,0.002356518,0.0
2025-08-15 06:00:00,solar.bun_hsc#realenergyintotheload#kwh,BUNDOORA,0.0,0.0024036116,0.0018702106,0.001814801,0.0
2025-08-15 07:00:00,solar.bun_hsc#realenergyintotheload#kwh,BUNDOORA,0.0,0.46926495,0.001623194,0.0015751028,0.0
2025-08-15 08:00:00,solar.bun_hsc#realenergyintotheload#kwh,BUNDOORA,0.15625,1.6477182,1.1129985,1.0800232,28.0
2025-08-15 09:00:00,solar.bun_hsc#realenergyintotheload#kwh,BUNDOORA,1.28125,1.7741523,4.687522,4.548642,85.0
2025-08-15 10:00:00,solar.bun_hsc#realenergyintotheload#kwh,BUNDOORA,3.875,8.946741,8.952373,8.687136,175.0
2025-08-15 11:00:00,solar.bun_hsc#realenergyintotheload#kwh,BUNDOORA,7.28125,9.847177,8.968877,8.703152,176.0
2025-08-15 12:00:00,solar.bun_hsc#realenergyintotheload#kwh,BUNDOORA,5.375,3.3506622,4.8413477,4.697911,99.0
2025-08-15 13:00:00,solar.bun_hsc#realenergyintotheload#kwh,BUNDOORA,3.625,3.488615,4.9224415,4.776602,100.0
2025-08-15 14:00:00,solar.bun_hsc#realenergyintotheload#kwh,BUNDOORA,9.0,14.486449,12.151449,11.791432,229.0
2025-08-15 15:00:00,solar.bun_hsc#realenergyintotheload#kwh,BUNDOORA,3.375,2.0784879,3.0974772,3.0057068,63.0
2025-08-15 16:00:00,solar.bun_hsc#realenergyintotheload#kwh,BUNDOORA,2.03125,5.1375437,3.2863066,3.1889415,70.0
2025-08-15 17:00:00,solar.bun_hsc#realenergyintotheload#kwh,BUNDOORA,3.5,0.8670939,2.476001,2.4026432,74.0
2025-08-15 18:00:00,solar.bun_hsc#realenergyintotheload#kwh,BUNDOORA,0.21875,0.2842155,0.006917338,0.0067123943,1.0
2025-08-15 19:00:00,solar.bun_hsc#realenergyintotheload#kwh,BUNDOORA,0.0,0.029452628,0.0030680574,0.0029771584,0.0
2025-08-15 20:00:00,solar.bun_hsc#realenergyintotheload#kwh,BUNDOORA,0.0,0.012545904,0.0029003555,0.0028144252,0.0
2025-08-15 21:00:00,solar.bun_hsc#realenergyintotheload#kwh,BUNDOORA,0.0,0.008147974,0.0016794458,0.0016296881,0.0
2025-08-15 22:00:00,solar.bun_hsc#realenergyintotheload#kwh,BUNDOORA,0.0,-0.0054046474,0.002875566,0.0027903703,0.0
2025-08-15 23:00:00,solar.bun_hsc#realenergyintotheload#kwh,BUNDOORA,0.0,-0.00067242276,0.00173517,0.0016837612,0.0
2025-08-16 00:00:00,solar.bun_hsc#realenergyintotheload#kwh,BUNDOORA,0.0,0.0016734765,0.0013735208,0.0013328268,0.0
2025-08-16 01:00:00,solar.bun_hsc#realenergyintotheload#kwh,BUNDOORA,0.0,-0.009158816,0.0013735208,0.0013328268,0.0
2025-08-16 02:00:00,solar.bun_hsc#realenergyintotheload#kwh,BUNDOORA,0.0,-0.0031216266,0.0028025005,0.0027194694,0.0
2025-08-16 03:00:00,solar.bun_hsc#realenergyintotheload#kwh,BUNDOORA,0.0,0.009960027,0.0045092776,0.004375679,0.0
2025-08-16 04:00:00,solar.bun_hsc#realenergyintotheload#kwh,BUNDOORA,0.0,-0.020153994,0.004686128,0.0045472896,0.0
2025-08-16 05:00:00,solar.bun_hsc#realenergyintotheload#kwh,BUNDOORA,0.0,-0.019144166,0.0045092776,0.004375679,0.0
2025-08-16 06:00:00,solar.bun_hsc#realenergyintotheload#kwh,BUNDOORA,0.0,0.009960027,0.0045092776,0.004375679,0.0
2025-08-16 07:00:00,solar.bun_hsc#realenergyintotheload#kwh,BUNDOORA,0.0,0.12116847,0.0045092776,0.004375679,0.0
2025-08-16 08:00:00,solar.bun_hsc#realenergyintotheload#kwh,BUNDOORA,0.0,0.1959226,2.8094065,2.7261708,56.0
2025-08-16 09:00:00,solar.bun_hsc#realenergyintotheload#kwh,BUNDOORA,0.0,2.473294,8.670918,8.414021,200.0
2025-08-16 10:00:00,solar.bun_hsc#realenergyintotheload#kwh,BUNDOORA,0.0,9.14825,22.904886,22.226273,415.0
2025-08-16 11:00:00,solar.bun_hsc#realenergyintotheload#kwh,BUNDOORA,0.0,15.289331,28.625761,27.77765,536.0
2025-08-16 12:00:00,solar.bun_hsc#realenergyintotheload#kwh,BUNDOORA,0.0,15.19637,30.27882,29.381735,554.0
2025-08-16 13:00:00,solar.bun_hsc#realenergyintotheload#kwh,BUNDOORA,0.0,25.159197,30.976284,30.058535,618.0
2025-08-16 14:00:00,solar.bun_hsc#realenergyintotheload#kwh,BUNDOORA,0.0,15.209895,18.436897,17.890657,337.0
2025-08-16 15:00:00,solar.bun_hsc#realenergyintotheload#kwh,BUNDOORA,0.0,12.844276,23.951506,23.241882,410.0
2025-08-16 16:00:00,solar.bun_hsc#realenergyintotheload#kwh,BUNDOORA,0.0,15.1406355,10.845234,10.523917,229.0
2025-08-16 17:00:00,solar.bun_hsc#realenergyintotheload#kwh,BUNDOORA,0.0,3.6790802,2.357711,2.287858,54.0
2025-08-16 18:00:00,solar.bun_hsc#realenergyintotheload#kwh,BUNDOORA,0.0,0.6049691,0.0029831189,0.0028947366,1.0
2025-08-16 19:00:00,solar.bun_hsc#realenergyintotheload#kwh,BUNDOORA,0.0,-0.0030396036,0.0029836474,0.0028952493,0.0
2025-08-16 20:00:00,solar.bun_hsc#realenergyintotheload#kwh,BUNDOORA,0.0,-0.001130695,0.002284749,0.0022170576,0.0
2025-08-16 21:00:00,solar.bun_hsc#realenergyintotheload#kwh,BUNDOORA,0.0,-0.002502469,0.002875566,0.0027903703,0.0
2025-08-16 22:00:00,solar.bun_hsc#realenergyintotheload#kwh,BUNDOORA,0.0,-0.018488526,0.00173517,0.0016837612,0.0
2025-08-16 23:00:00,solar.bun_hsc#realenergyintotheload#kwh,BUNDOORA,0.0,-0.016059043,0.00173517,0.0016837612,0.0
2025-08-17 00:00:00,solar.bun_hsc#realenergyintotheload#kwh,BUNDOORA,0.0,-0.015366662,0.00173517,0.0016837612,0.0
2025-08-17 01:00:00,solar.bun_hsc#realenergyintotheload#kwh,BUNDOORA,0.0,-0.015484571,0.00173517,0.0016837612,0.0
2025-08-17 02:00:00,solar.bun_hsc#realenergyintotheload#kwh,BUNDOORA,0.0,-0.018079868,0.00173517,0.0016837612,0.0
2025-08-17 03:00:00,solar.bun_hsc#realenergyintotheload#kwh,BUNDOORA,0.0,-0.015484571,0.00173517,0.0016837612,0.0
2025-08-17 04:00:00,solar.bun_hsc#realenergyintotheload#kwh,BUNDOORA,0.0,-0.018079868,0.00173517,0.0016837612,0.0
2025-08-17 05:00:00,solar.bun_hsc#realenergyintotheload#kwh,BUNDOORA,0.0,-0.010110607,0.002284749,0.0022170576,0.0
2025-08-17 06:00:00,solar.bun_hsc#realenergyintotheload#kwh,BUNDOORA,0.0,-0.015484571,0.00173517,0.0016837612,0.0
2025-08-17 07:00:00,solar.bun_hsc#realenergyintotheload#kwh,BUNDOORA,0.0,0.08717642,0.0016493935,0.001600526,0.0
2025-08-17 08:00:00,solar.bun_hsc#realenergyintotheload#kwh,BUNDOORA,1.25,-0.12776658,3.643077,3.5351417,76.0
2025-08-17 09:00:00,solar.bun_hsc#realenergyintotheload#kwh,BUNDOORA,5.21875,2.2145545,7.327962,7.1108527,171.0
2025-08-17 10:00:00,solar.bun_hsc#realenergyintotheload#kwh,BUNDOORA,6.375,8.13366,11.303756,10.968854,204.0
2025-08-17 11:00:00,solar.bun_hsc#realenergyintotheload#kwh,BUNDOORA,27.09375,16.14766,28.888876,28.03297,533.0
2025-08-17 12:00:00,solar.bun_hsc#realenergyintotheload#kwh,BUNDOORA,26.25,15.394958,32.188236,31.23458,589.0
2025-08-17 13:00:00,solar.bun_hsc#realenergyintotheload#kwh,BUNDOORA,24.84375,11.631265,25.963985,25.194736,465.0
2025-08-17 14:00:00,solar.bun_hsc#realenergyintotheload#kwh,BUNDOORA,17.6875,12.746164,20.087181,19.492048,356.0
2025-08-17 15:00:00,solar.bun_hsc#realenergyintotheload#kwh,BUNDOORA,15.46875,15.025014,15.700864,15.235686,279.0
2025-08-17 16:00:00,solar.bun_hsc#realenergyintotheload#kwh,BUNDOORA,5.5625,5.5687366,3.9592435,3.841941,80.0
2025-08-17 17:00:00,solar.bun_hsc#realenergyintotheload#kwh,BUNDOORA,1.84375,3.7762942,2.1713574,2.1070254,48.0
2025-08-17 18:00:00,solar.bun_hsc#realenergyintotheload#kwh,BUNDOORA,0.21875,1.2146531,0.015883727,0.015413132,2.0
2025-08-17 19:00:00,solar.bun_hsc#realenergyintotheload#kwh,BUNDOORA,0.0,0.01888267,0.0029836474,0.0028952493,0.0
2025-08-17 20:00:00,solar.bun_hsc#realenergyintotheload#kwh,BUNDOORA,0.0,-0.0026454087,0.002875566,0.0027903703,0.0
2025-08-17 21:00:00,solar.bun_hsc#realenergyintotheload#kwh,BUNDOORA,0.0,0.0025244125,0.002284749,0.0022170576,0.0
2025-08-17 22:00:00,solar.bun_hsc#realenergyintotheload#kwh,BUNDOORA,0.0,-0.0021454152,0.002875566,0.0027903703,0.0
2025-08-17 23:00:00,solar.bun_hsc#realenergyintotheload#kwh,BUNDOORA,0.0,0.0010421115,0.00173517,0.0016837612,0.0
2025-08-18 00:00:00,solar.bun_hsc#realenergyintotheload#kwh,BUNDOORA,0.0,-0.0063550347,0.00173517,0.0016837612,0.0
2025-08-18 01:00:00,solar.bun_hsc#realenergyintotheload#kwh,BUNDOORA,0.0,-0.0045815245,0.00173517,0.0016837612,0.0
2025-08-18 02:00:00,solar.bun_hsc#realenergyintotheload#kwh,BUNDOORA,0.0,-0.013619725,0.0013735208,0.0013328268,0.0
2025-08-18 03:00:00,solar.bun_hsc#realenergyintotheload#kwh,BUNDOORA,0.0,-0.008310668,0.0020150086,0.001955309,0.0
2025-08-18 04:00:00,solar.bun_hsc#realenergyintotheload#kwh,BUNDOORA,0.0,0.00021172821,0.0020150086,0.001955309,0.0
2025-08-18 05:00:00,solar.bun_hsc#realenergyintotheload#kwh,BUNDOORA,0.0,-0.0012121589,0.0031554047,0.0030619178,0.0
2025-08-18 06:00:00,solar.bun_hsc#realenergyintotheload#kwh,BUNDOORA,0.0,-0.020444162,0.0020150086,0.001955309,0.0
2025-08-18 07:00:00,solar.bun_hsc#realenergyintotheload#kwh,BUNDOORA,0.0,0.028089173,0.0020150086,0.001955309,0.0
2025-08-18 08:00:00,solar.bun_hsc#realenergyintotheload#kwh,BUNDOORA,0.84375,0.070457935,2.7858698,2.7033315,58.0
2025-08-18 09:00:00,solar.bun_hsc#realenergyintotheload#kwh,BUNDOORA,3.03125,1.843934,6.4840946,6.291987,136.0
2025-08-18 10:00:00,solar.bun_hsc#realenergyintotheload#kwh,BUNDOORA,4.90625,8.087477,8.575121,8.321061,160.0
2025-08-18 11:00:00,solar.bun_hsc#realenergyintotheload#kwh,BUNDOORA,9.0625,12.13147,10.856503,10.534851,205.0
2025-08-18 12:00:00,solar.bun_hsc#realenergyintotheload#kwh,BUNDOORA,7.125,8.900877,6.6616836,6.4643145,129.0
2025-08-18 13:00:00,solar.bun_hsc#realenergyintotheload#kwh,BUNDOORA,7.0,8.047597,6.6512556,6.4541955,129.0
2025-08-18 14:00:00,solar.bun_hsc#realenergyintotheload#kwh,BUNDOORA,9.46875,9.81686,8.885951,8.622683,180.0
2025-08-18 15:00:00,solar.bun_hsc#realenergyintotheload#kwh,BUNDOORA,13.59375,16.29394,14.928779,14.486476,275.0
2025-08-18 16:00:00,solar.bun_hsc#realenergyintotheload#kwh,BUNDOORA,11.25,13.34114,11.445215,11.106122,210.0
2025-08-18 17:00:00,solar.bun_hsc#realenergyintotheload#kwh,BUNDOORA,4.0625,3.6328135,2.9834967,2.8951032,69.0
2025-08-18 18:00:00,solar.bun_hsc#realenergyintotheload#kwh,BUNDOORA,0.5,0.53022814,0.0105469,0.010234422,2.0
2025-08-18 19:00:00,solar.bun_hsc#realenergyintotheload#kwh,BUNDOORA,0.0,-0.026209872,0.006997471,0.0067901537,0.0
2025-08-18 20:00:00,solar.bun_hsc#realenergyintotheload#kwh,BUNDOORA,0.0,-0.0015573022,0.004242932,0.0041172244,0.0
2025-08-18 21:00:00,solar.bun_hsc#realenergyintotheload#kwh,BUNDOORA,0.0,0.013940215,0.001771967,0.001719468,0.0
2025-08-18 22:00:00,solar.bun_hsc#realenergyintotheload#kwh,BUNDOORA,0.0,-0.012443315,0.0014816022,0.001437706,0.0
2025-08-18 23:00:00,solar.bun_hsc#realenergyintotheload#kwh,BUNDOORA,0.0,-0.015039962,0.0013735208,0.0013328268,0.0
2025-08-19 00:00:00,solar.bun_hsc#realenergyintotheload#kwh,BUNDOORA,0.0,0.0040217466,0.0013735208,0.0013328268,0.0
2025-08-19 01:00:00,solar.bun_hsc#realenergyintotheload#kwh,BUNDOORA,0.0,0.0040217466,0.0013735208,0.0013328268,0.0
2025-08-19 02:00:00,solar.bun_hsc#realenergyintotheload#kwh,BUNDOORA,0.0,0.0036906414,0.0013735208,0.0013328268,0.0
2025-08-19 03:00:00,solar.bun_hsc#realenergyintotheload#kwh,BUNDOORA,0.0,-0.019470345,0.0013735208,0.0013328268,0.0
2025-08-19 04:00:00,solar.bun_hsc#realenergyintotheload#kwh,BUNDOORA,0.0,-0.017274396,0.0016533594,0.0016043745,0.0
2025-08-19 05:00:00,solar.bun_hsc#realenergyintotheload#kwh,BUNDOORA,0.0,0.0054778657,0.0016533594,0.0016043745,0.0
2025-08-19 06:00:00,solar.bun_hsc#realenergyintotheload#kwh,BUNDOORA,0.0,0.0054778657,0.0016533594,0.0016043745,0.0
2025-08-19 07:00:00,solar.bun_hsc#realenergyintotheload#kwh,BUNDOORA,0.0,-0.009506185,0.0016533594,0.0016043745,0.0
2025-08-19 08:00:00,solar.bun_hsc#realenergyintotheload#kwh,BUNDOORA,0.625,-0.04087847,4.520203,4.386281,92.0
2025-08-19 09:00:00,solar.bun_hsc#realenergyintotheload#kwh,BUNDOORA,3.0,1.3913692,13.851471,13.441087,274.0
2025-08-19 10:00:00,solar.bun_hsc#realenergyintotheload#kwh,BUNDOORA,13.9375,9.404863,25.805906,25.041342,438.0
2025-08-19 11:00:00,solar.bun_hsc#realenergyintotheload#kwh,BUNDOORA,25.9375,14.4985485,30.348536,29.449385,562.0
2025-08-19 12:00:00,solar.bun_hsc#realenergyintotheload#kwh,BUNDOORA,32.84375,27.41512,32.421112,31.460556,631.0
2025-08-19 13:00:00,solar.bun_hsc#realenergyintotheload#kwh,BUNDOORA,35.65625,30.908756,32.266567,31.310589,640.0
2025-08-19 14:00:00,solar.bun_hsc#realenergyintotheload#kwh,BUNDOORA,35.28125,29.517649,30.42143,29.520119,587.0
2025-08-19 15:00:00,solar.bun_hsc#realenergyintotheload#kwh,BUNDOORA,27.5,21.735147,26.699636,25.908592,479.0
2025-08-19 16:00:00,solar.bun_hsc#realenergyintotheload#kwh,BUNDOORA,13.8125,15.78717,18.298674,17.756529,324.0
2025-08-19 17:00:00,solar.bun_hsc#realenergyintotheload#kwh,BUNDOORA,3.15625,4.504932,7.3283424,7.111222,145.0
2025-08-19 18:00:00,solar.bun_hsc#realenergyintotheload#kwh,BUNDOORA,0.375,1.1090803,0.062242724,0.060398627,4.0
2025-08-19 19:00:00,solar.bun_hsc#realenergyintotheload#kwh,BUNDOORA,0.0,0.05344879,0.001771967,0.001719468,0.0
2025-08-19 20:00:00,solar.bun_hsc#realenergyintotheload#kwh,BUNDOORA,0.0,-0.014538618,0.00173517,0.0016837612,0.0
2025-08-19 21:00:00,solar.bun_hsc#realenergyintotheload#kwh,BUNDOORA,0.0,-0.014539968,0.00173517,0.0016837612,0.0
2025-08-19 22:00:00,solar.bun_hsc#realenergyintotheload#kwh,BUNDOORA,0.0,-0.014539968,0.0013735208,0.0013328268,0.0
2025-08-19 23:00:00,solar.bun_hsc#realenergyintotheload#kwh,BUNDOORA,0.0,-0.015318761,0.0013735208,0.0013328268,0.0
2025-08-20 00:00:00,solar.bun_hsc#realenergyintotheload#kwh,BUNDOORA,0.0,-0.015318761,0.00173517,0.0016837612,0.0
2025-08-20 01:00:00,solar.bun_hsc#realenergyintotheload#kwh,BUNDOORA,0.0,0.004187558,0.0013735208,0.0013328268,0.0
2025-08-20 02:00:00,solar.bun_hsc#realenergyintotheload#kwh,BUNDOORA,0.0,0.004187558,0.0013735208,0.0013328268,0.0
2025-08-20 03:00:00,solar.bun_hsc#realenergyintotheload#kwh,BUNDOORA,0.0,-0.007263339,0.0013735208,0.0013328268,0.0
2025-08-20 04:00:00,solar.bun_hsc#realenergyintotheload#kwh,BUNDOORA,0.0,-0.008800948,0.0013735208,0.0013328268,0.0
2025-08-20 05:00:00,solar.bun_hsc#realenergyintotheload#kwh,BUNDOORA,0.0,-0.008800948,0.0013735208,0.0013328268,0.0
2025-08-20 06:00:00,solar.bun_hsc#realenergyintotheload#kwh,BUNDOORA,0.0,-0.008797871,0.0013735208,0.0013328268,0.0
2025-08-20 07:00:00,solar.bun_hsc#realenergyintotheload#kwh,BUNDOORA,0.0,0.08333959,0.00173517,0.0016837612,0.0
2025-08-20 08:00:00,solar.bun_hsc#realenergyintotheload#kwh,BUNDOORA,0.0,-0.0913525,4.672124,4.5337005,96.0
2025-08-20 09:00:00,solar.bun_hsc#realenergyintotheload#kwh,BUNDOORA,0.0,2.1462414,13.908448,13.496376,277.0
2025-08-20 10:00:00,solar.bun_hsc#realenergyintotheload#kwh,BUNDOORA,0.0,18.865055,26.76172,25.968838,439.0
2025-08-20 11:00:00,solar.bun_hsc#realenergyintotheload#kwh,BUNDOORA,0.0,26.678549,30.455755,29.553427,561.0
2025-08-20 12:00:00,solar.bun_hsc#realenergyintotheload#kwh,BUNDOORA,0.0,30.315592,31.89767,30.952623,630.0
2025-08-20 13:00:00,solar.bun_hsc#realenergyintotheload#kwh,BUNDOORA,0.0,31.84814,32.03138,31.08237,639.0
2025-08-20 14:00:00,solar.bun_hsc#realenergyintotheload#kwh,BUNDOORA,0.0,30.854177,30.103012,29.211136,587.0
2025-08-20 15:00:00,solar.bun_hsc#realenergyintotheload#kwh,BUNDOORA,0.0,21.823526,26.44091,25.657532,478.0
2025-08-20 16:00:00,solar.bun_hsc#realenergyintotheload#kwh,BUNDOORA,0.0,14.925575,18.099224,17.56299,325.0
2025-08-20 17:00:00,solar.bun_hsc#realenergyintotheload#kwh,BUNDOORA,0.0,4.918937,7.6285315,7.4025173,149.0
2025-08-20 18:00:00,solar.bun_hsc#realenergyintotheload#kwh,BUNDOORA,0.0,0.19608222,0.08870944,0.0860812,4.0
2025-08-20 19:00:00,solar.bun_hsc#realenergyintotheload#kwh,BUNDOORA,0.0,-0.012100803,0.0037045297,0.0035947738,0.0
2025-08-20 20:00:00,solar.bun_hsc#realenergyintotheload#kwh,BUNDOORA,0.0,0.014333406,0.0033979737,0.0032973003,0.0
2025-08-20 21:00:00,solar.bun_hsc#realenergyintotheload#kwh,BUNDOORA,0.0,0.014333406,0.003036324,0.0029463652,0.0
2025-08-20 22:00:00,solar.bun_hsc#realenergyintotheload#kwh,BUNDOORA,0.0,-0.0024394332,0.003036324,0.0029463652,0.0
2025-08-20 23:00:00,solar.bun_hsc#realenergyintotheload#kwh,BUNDOORA,0.0,0.004561617,0.0016901564,0.0016400813,0.0
2025-08-21 00:00:00,solar.bun_hsc#realenergyintotheload#kwh,BUNDOORA,0.0,-0.018194636,0.00173517,0.0016837612,0.0
2025-08-21 01:00:00,solar.bun_hsc#realenergyintotheload#kwh,BUNDOORA,0.0,-0.015609575,0.00173517,0.0016837612,0.0
2025-08-21 02:00:00,solar.bun_hsc#realenergyintotheload#kwh,BUNDOORA,0.0,0.0036906414,0.0013735208,0.0013328268,0.0
2025-08-21 03:00:00,solar.bun_hsc#realenergyintotheload#kwh,BUNDOORA,0.0,0.0054778657,0.0013735208,0.0013328268,0.0
2025-08-21 04:00:00,solar.bun_hsc#realenergyintotheload#kwh,BUNDOORA,0.0,0.0032819156,0.0013735208,0.0013328268,0.0
2025-08-21 05:00:00,solar.bun_hsc#realenergyintotheload#kwh,BUNDOORA,0.0,0.004187558,0.0013735208,0.0013328268,0.0
2025-08-21 06:00:00,solar.bun_hsc#realenergyintotheload#kwh,BUNDOORA,0.0,0.012709551,0.0013735208,0.0013328268,0.0
2025-08-21 07:00:00,solar.bun_hsc#realenergyintotheload#kwh,BUNDOORA,0.0,0.09589225,0.00173517,0.0016837612,0.0
2025-08-21 08:00:00,solar.bun_hsc#realenergyintotheload#kwh,BUNDOORA,0.5625,0.023339706,4.0380545,3.918417,97.0
2025-08-21 09:00:00,solar.bun_hsc#realenergyintotheload#kwh,BUNDOORA,2.9375,2.8091645,13.461156,13.062335,274.0
2025-08-21 10:00:00,solar.bun_hsc#realenergyintotheload#kwh,BUNDOORA,14.09375,19.974733,26.829853,26.034952,439.0
2025-08-21 11:00:00,solar.bun_hsc#realenergyintotheload#kwh,BUNDOORA,25.78125,26.6216,30.441475,29.53957,560.0
2025-08-21 12:00:00,solar.bun_hsc#realenergyintotheload#kwh,BUNDOORA,32.0,28.480356,34.98537,33.94884,626.0
2025-08-21 13:00:00,solar.bun_hsc#realenergyintotheload#kwh,BUNDOORA,34.59375,33.00169,35.461525,34.41089,632.0
2025-08-21 14:00:00,solar.bun_hsc#realenergyintotheload#kwh,BUNDOORA,34.25,32.800858,32.544388,31.58018,579.0
2025-08-21 15:00:00,solar.bun_hsc#realenergyintotheload#kwh,BUNDOORA,29.0625,22.847214,25.962854,25.19364,473.0
2025-08-21 16:00:00,solar.bun_hsc#realenergyintotheload#kwh,BUNDOORA,13.9375,17.298195,17.780376,17.253588,321.0
2025-08-21 17:00:00,solar.bun_hsc#realenergyintotheload#kwh,BUNDOORA,3.0625,7.388733,7.029394,6.8211308,145.0
2025-08-21 18:00:00,solar.bun_hsc#realenergyintotheload#kwh,BUNDOORA,0.46875,0.8311303,0.045817528,0.04446007,3.0
2025-08-21 19:00:00,solar.bun_hsc#realenergyintotheload#kwh,BUNDOORA,0.0,-0.033660635,-0.014004449,0.0,0.0
2025-08-21 20:00:00,solar.bun_hsc#realenergyintotheload#kwh,BUNDOORA,0.0,0.09737624,0.004075492,0.0039547454,0.0
2025-08-21 21:00:00,solar.bun_hsc#realenergyintotheload#kwh,BUNDOORA,0.0,0.026159888,0.0032965085,0.0031988411,0.0
2025-08-21 22:00:00,solar.bun_hsc#realenergyintotheload#kwh,BUNDOORA,0.0,0.029883053,0.003367792,0.0032680125,0.0
2025-08-21 23:00:00,solar.bun_hsc#realenergyintotheload#kwh,BUNDOORA,0.0,0.014686348,0.0019880398,0.0019291391,0.0
2025-08-22 00:00:00,solar.bun_hsc#realenergyintotheload#kwh,BUNDOORA,0.0,0.015142553,0.0029957257,0.0029069697,0.0
2025-08-22 01:00:00,solar.bun_hsc#realenergyintotheload#kwh,BUNDOORA,0.0,0.012545904,0.0028876443,0.0028020907,0.0
2025-08-22 02:00:00,solar.bun_hsc#realenergyintotheload#kwh,BUNDOORA,0.0,0.012545904,0.0028876443,0.0028020907,0.0
2025-08-22 03:00:00,solar.bun_hsc#realenergyintotheload#kwh,BUNDOORA,0.0,0.00095335086,0.002082371,0.0020206755,0.0
2025-08-22 04:00:00,solar.bun_hsc#realenergyintotheload#kwh,BUNDOORA,0.0,-0.014556277,0.0046071326,0.0044706347,0.0
2025-08-22 05:00:00,solar.bun_hsc#realenergyintotheload#kwh,BUNDOORA,0.0,0.024002124,0.0046071326,0.0044706347,0.0
2025-08-22 06:00:00,solar.bun_hsc#realenergyintotheload#kwh,BUNDOORA,0.0,0.033522613,0.0046071326,0.0044706347,0.0
2025-08-22 07:00:00,solar.bun_hsc#realenergyintotheload#kwh,BUNDOORA,0.0,0.42928678,0.003801859,0.0036892195,0.0
2025-08-22 08:00:00,solar.bun_hsc#realenergyintotheload#kwh,BUNDOORA,1.5,0.6716569,2.8380961,2.7540104,70.0
2025-08-22 09:00:00,solar.bun_hsc#realenergyintotheload#kwh,BUNDOORA,5.625,5.00089,6.8525786,6.649554,159.0
2025-08-22 10:00:00,solar.bun_hsc#realenergyintotheload#kwh,BUNDOORA,10.125,11.873557,16.079266,15.602877,298.0
2025-08-22 11:00:00,solar.bun_hsc#realenergyintotheload#kwh,BUNDOORA,14.625,11.666639,10.587795,10.274105,206.0
2025-08-22 12:00:00,solar.bun_hsc#realenergyintotheload#kwh,BUNDOORA,16.78125,20.797749,25.055079,24.31276,478.0
2025-08-22 13:00:00,solar.bun_hsc#realenergyintotheload#kwh,BUNDOORA,27.3125,23.72788,26.860882,26.065062,525.0
2025-08-22 14:00:00,solar.bun_hsc#realenergyintotheload#kwh,BUNDOORA,27.15625,23.27094,26.751616,25.959032,470.0
2025-08-22 15:00:00,solar.bun_hsc#realenergyintotheload#kwh,BUNDOORA,12.46875,11.421558,11.451024,11.111759,220.0
2025-08-22 16:00:00,solar.bun_hsc#realenergyintotheload#kwh,BUNDOORA,10.75,13.693863,12.067855,11.710315,229.0
2025-08-22 17:00:00,solar.bun_hsc#realenergyintotheload#kwh,BUNDOORA,4.375,4.91309,2.3224053,2.2535982,51.0
2025-08-22 18:00:00,solar.bun_hsc#realenergyintotheload#kwh,BUNDOORA,0.25,1.7575039,0.0015438802,0.0014981389,1.0
2025-08-22 19:00:00,solar.bun_hsc#realenergyintotheload#kwh,BUNDOORA,0.0,0.1827778,0.0012410461,0.001204277,0.0
2025-08-22 20:00:00,solar.bun_hsc#realenergyintotheload#kwh,BUNDOORA,0.0,0.10512369,0.0012410461,0.001204277,0.0
2025-08-22 21:00:00,solar.bun_hsc#realenergyintotheload#kwh,BUNDOORA,0.0,0.037763506,0.0012410461,0.001204277,0.0
2025-08-22 22:00:00,solar.bun_hsc#realenergyintotheload#kwh,BUNDOORA,0.0,0.018904684,0.0055687306,0.005403743,0.0
2025-08-22 23:00:00,solar.bun_hsc#realenergyintotheload#kwh,BUNDOORA,0.0,0.03443593,0.0042747543,0.004148104,0.0
2025-08-23 00:00:00,solar.bun_hsc#realenergyintotheload#kwh,BUNDOORA,0.0,0.06691706,0.0044283345,0.004297134,0.0
2025-08-23 01:00:00,solar.bun_hsc#realenergyintotheload#kwh,BUNDOORA,0.0,-0.025712768,0.004390957,0.0042608636,0.0
2025-08-23 02:00:00,solar.bun_hsc#realenergyintotheload#kwh,BUNDOORA,0.0,0.021758322,0.0021193153,0.0020565253,0.0
2025-08-23 03:00:00,solar.bun_hsc#realenergyintotheload#kwh,BUNDOORA,0.0,0.016237551,0.0021193153,0.0020565253,0.0
2025-08-23 04:00:00,solar.bun_hsc#realenergyintotheload#kwh,BUNDOORA,0.0,0.013456615,0.002973421,0.002885326,0.0
2025-08-23 05:00:00,solar.bun_hsc#realenergyintotheload#kwh,BUNDOORA,0.0,0.0053635216,0.001833026,0.001778718,0.0
2025-08-23 06:00:00,solar.bun_hsc#realenergyintotheload#kwh,BUNDOORA,0.0,0.013768597,0.0013735208,0.0013328268,0.0
2025-08-23 07:00:00,solar.bun_hsc#realenergyintotheload#kwh,BUNDOORA,0.0,0.043179713,0.00173517,0.0016837612,0.0
2025-08-23 08:00:00,solar.bun_hsc#realenergyintotheload#kwh,BUNDOORA,1.09375,0.82442653,2.445338,2.3728888,66.0
2025-08-23 09:00:00,solar.bun_hsc#realenergyintotheload#kwh,BUNDOORA,4.15625,1.8706471,8.110776,7.870474,168.0
2025-08-23 10:00:00,solar.bun_hsc#realenergyintotheload#kwh,BUNDOORA,11.34375,9.7140465,17.738268,17.212727,327.0
2025-08-23 11:00:00,solar.bun_hsc#realenergyintotheload#kwh,BUNDOORA,14.46875,8.389334,12.580126,12.207408,248.0
2025-08-23 12:00:00,solar.bun_hsc#realenergyintotheload#kwh,BUNDOORA,28.25,24.02877,32.58413,31.618744,609.0
2025-08-23 13:00:00,solar.bun_hsc#realenergyintotheload#kwh,BUNDOORA,32.375,20.23914,32.150272,31.19774,561.0
2025-08-23 14:00:00,solar.bun_hsc#realenergyintotheload#kwh,BUNDOORA,31.3125,25.103525,33.051983,32.072735,590.0
2025-08-23 15:00:00,solar.bun_hsc#realenergyintotheload#kwh,BUNDOORA,25.65625,18.480087,28.220564,27.384459,481.0
2025-08-23 16:00:00,solar.bun_hsc#realenergyintotheload#kwh,BUNDOORA,15.59375,16.35426,19.214325,18.645052,328.0
2025-08-23 17:00:00,solar.bun_hsc#realenergyintotheload#kwh,BUNDOORA,3.875,3.2207592,7.555751,7.331893,150.0
2025-08-23 18:00:00,solar.bun_hsc#realenergyintotheload#kwh,BUNDOORA,0.65625,0.7320423,0.13574736,0.1317255,6.0
2025-08-23 19:00:00,solar.bun_hsc#realenergyintotheload#kwh,BUNDOORA,0.0,0.09098858,0.0018364909,0.0017820803,0.0
2025-08-23 20:00:00,solar.bun_hsc#realenergyintotheload#kwh,BUNDOORA,0.0,-0.00066495314,0.001771967,0.001719468,0.0
2025-08-23 21:00:00,solar.bun_hsc#realenergyintotheload#kwh,BUNDOORA,0.0,-0.01281249,0.00173517,0.0016837612,0.0
2025-08-23 22:00:00,solar.bun_hsc#realenergyintotheload#kwh,BUNDOORA,0.0,-0.015039962,0.0013735208,0.0013328268,0.0
2025-08-23 23:00:00,solar.bun_hsc#realenergyintotheload#kwh,BUNDOORA,0.0,-0.015484571,0.0013735208,0.0013328268,0.0
2025-08-24 00:00:00,solar.bun_hsc#realenergyintotheload#kwh,BUNDOORA,0.0,-0.015484571,0.0013735208,0.0013328268,0.0
2025-08-24 01:00:00,solar.bun_hsc#realenergyintotheload#kwh,BUNDOORA,0.0,-0.015484571,0.0013735208,0.0013328268,0.0
2025-08-24 02:00:00,solar.bun_hsc#realenergyintotheload#kwh,BUNDOORA,0.0,-0.015484571,0.0013735208,0.0013328268,0.0
2025-08-24 03:00:00,solar.bun_hsc#realenergyintotheload#kwh,BUNDOORA,0.0,-0.0059463754,0.0015815899,0.0015347314,0.0
2025-08-24 04:00:00,solar.bun_hsc#realenergyintotheload#kwh,BUNDOORA,0.0,-0.010110607,0.002284749,0.0022170576,0.0
2025-08-24 05:00:00,solar.bun_hsc#realenergyintotheload#kwh,BUNDOORA,0.0,-0.018079868,0.00173517,0.0016837612,0.0
2025-08-24 06:00:00,solar.bun_hsc#realenergyintotheload#kwh,BUNDOORA,0.0,-0.0069625764,0.00173517,0.0016837612,0.0
2025-08-24 07:00:00,solar.bun_hsc#realenergyintotheload#kwh,BUNDOORA,0.0,0.123015344,0.0013735208,0.0013328268,0.0
2025-08-24 08:00:00,solar.bun_hsc#realenergyintotheload#kwh,BUNDOORA,0.90625,0.20701744,4.4718204,4.3393316,111.0
2025-08-24 09:00:00,solar.bun_hsc#realenergyintotheload#kwh,BUNDOORA,3.90625,1.8810171,14.880999,14.440112,296.0
2025-08-24 10:00:00,solar.bun_hsc#realenergyintotheload#kwh,BUNDOORA,15.6875,12.802609,27.155111,26.350573,464.0
2025-08-24 11:00:00,solar.bun_hsc#realenergyintotheload#kwh,BUNDOORA,27.84375,26.491404,30.678734,29.7698,590.0
2025-08-24 12:00:00,solar.bun_hsc#realenergyintotheload#kwh,BUNDOORA,34.09375,27.880089,33.147163,32.165096,658.0
2025-08-24 13:00:00,solar.bun_hsc#realenergyintotheload#kwh,BUNDOORA,32.125,29.683535,33.701736,32.70324,664.0
2025-08-24 14:00:00,solar.bun_hsc#realenergyintotheload#kwh,BUNDOORA,35.78125,30.32428,31.807758,30.865374,608.0
2025-08-24 15:00:00,solar.bun_hsc#realenergyintotheload#kwh,BUNDOORA,30.90625,25.17606,28.407524,27.56588,497.0
2025-08-24 16:00:00,solar.bun_hsc#realenergyintotheload#kwh,BUNDOORA,15.96875,18.448744,19.98676,19.394602,340.0
2025-08-24 17:00:00,solar.bun_hsc#realenergyintotheload#kwh,BUNDOORA,3.8125,6.412206,8.257194,8.012553,158.0
2025-08-24 18:00:00,solar.bun_hsc#realenergyintotheload#kwh,BUNDOORA,0.5625,0.8717756,0.16030647,0.15555699,7.0
2025-08-24 19:00:00,solar.bun_hsc#realenergyintotheload#kwh,BUNDOORA,0.0,0.028996022,0.0014816022,0.001437706,0.0
2025-08-24 20:00:00,solar.bun_hsc#realenergyintotheload#kwh,BUNDOORA,0.0,0.0027696374,0.0013735208,0.0013328268,0.0
2025-08-24 21:00:00,solar.bun_hsc#realenergyintotheload#kwh,BUNDOORA,0.0,0.0018392873,0.00173517,0.0016837612,0.0
2025-08-24 22:00:00,solar.bun_hsc#realenergyintotheload#kwh,BUNDOORA,0.0,-0.0008850271,0.0016533594,0.0016043745,0.0
2025-08-24 23:00:00,solar.bun_hsc#realenergyintotheload#kwh,BUNDOORA,0.0,-0.0008850271,0.0016533594,0.0016043745,0.0
2025-08-25 00:00:00,solar.bun_hsc#realenergyintotheload#kwh,BUNDOORA,0.0,-0.017848866,0.0013735208,0.0013328268,0.0
2025-08-25 01:00:00,solar.bun_hsc#realenergyintotheload#kwh,BUNDOORA,0.0,-0.007736197,0.002284749,0.0022170576,0.0
2025-08-25 02:00:00,solar.bun_hsc#realenergyintotheload#kwh,BUNDOORA,0.0,-0.017274396,0.0013735208,0.0013328268,0.0
2025-08-25 03:00:00,solar.bun_hsc#realenergyintotheload#kwh,BUNDOORA,0.0,-0.0135018155,0.00173517,0.0016837612,0.0
2025-08-25 04:00:00,solar.bun_hsc#realenergyintotheload#kwh,BUNDOORA,0.0,-0.00408153,0.0015815899,0.0015347314,0.0
2025-08-25 05:00:00,solar.bun_hsc#realenergyintotheload#kwh,BUNDOORA,0.0,-0.00408153,0.002284749,0.0022170576,0.0
2025-08-25 06:00:00,solar.bun_hsc#realenergyintotheload#kwh,BUNDOORA,0.0,0.0042746533,0.0015815899,0.0015347314,0.0
2025-08-25 07:00:00,solar.bun_hsc#realenergyintotheload#kwh,BUNDOORA,0.0,0.06463817,0.00173517,0.0016837612,0.0
2025-08-25 08:00:00,solar.bun_hsc#realenergyintotheload#kwh,BUNDOORA,1.40625,-0.036899015,3.5399342,3.4350548,95.0
2025-08-25 09:00:00,solar.bun_hsc#realenergyintotheload#kwh,BUNDOORA,6.71875,1.3764236,9.962215,9.66706,228.0
2025-08-25 10:00:00,solar.bun_hsc#realenergyintotheload#kwh,BUNDOORA,11.3125,10.433144,11.196589,10.864862,205.0
2025-08-25 11:00:00,solar.bun_hsc#realenergyintotheload#kwh,BUNDOORA,16.375,21.604177,24.081423,23.36795,425.0
2025-08-25 12:00:00,solar.bun_hsc#realenergyintotheload#kwh,BUNDOORA,25.09375,19.59166,28.381104,27.540243,528.0
2025-08-25 13:00:00,solar.bun_hsc#realenergyintotheload#kwh,BUNDOORA,18.1875,15.895292,15.4822035,15.023504,297.0
2025-08-25 14:00:00,solar.bun_hsc#realenergyintotheload#kwh,BUNDOORA,20.15625,22.387157,27.118294,26.314846,500.0
2025-08-25 15:00:00,solar.bun_hsc#realenergyintotheload#kwh,BUNDOORA,19.03125,18.298025,18.600672,18.04958,338.0
2025-08-25 16:00:00,solar.bun_hsc#realenergyintotheload#kwh,BUNDOORA,11.78125,14.069962,13.759168,13.351518,258.0
2025-08-25 17:00:00,solar.bun_hsc#realenergyintotheload#kwh,BUNDOORA,4.15625,2.6472802,2.1836662,2.1189697,48.0
2025-08-25 18:00:00,solar.bun_hsc#realenergyintotheload#kwh,BUNDOORA,0.53125,0.5298247,0.05591402,0.054257426,3.0
2025-08-25 19:00:00,solar.bun_hsc#realenergyintotheload#kwh,BUNDOORA,0.0,0.01393199,-0.012851234,0.0,0.0
2025-08-25 20:00:00,solar.bun_hsc#realenergyintotheload#kwh,BUNDOORA,0.0,0.06891841,0.011544132,0.011202108,0.0
2025-08-25 21:00:00,solar.bun_hsc#realenergyintotheload#kwh,BUNDOORA,0.0,0.06891841,0.008034569,0.007796525,0.0
2025-08-25 22:00:00,solar.bun_hsc#realenergyintotheload#kwh,BUNDOORA,0.0,0.18806173,0.005406009,0.0052458425,0.0
2025-08-25 23:00:00,solar.bun_hsc#realenergyintotheload#kwh,BUNDOORA,0.0,0.010862596,0.02873308,0.02788179,0.0
2025-08-26 00:00:00,solar.bun_hsc#realenergyintotheload#kwh,BUNDOORA,0.0,-0.26172605,0.04493559,0.043604262,0.0
2025-08-26 01:00:00,solar.bun_hsc#realenergyintotheload#kwh,BUNDOORA,0.0,-0.06665591,-0.01658371,0.0,0.0
2025-08-26 02:00:00,solar.bun_hsc#realenergyintotheload#kwh,BUNDOORA,0.0,-0.2895025,0.0060030282,0.0058251736,0.0
2025-08-26 03:00:00,solar.bun_hsc#realenergyintotheload#kwh,BUNDOORA,0.0,-0.058528207,0.02775286,0.026930612,0.0
2025-08-26 04:00:00,solar.bun_hsc#realenergyintotheload#kwh,BUNDOORA,0.0,0.037509594,0.02775286,0.026930612,0.0
2025-08-26 05:00:00,solar.bun_hsc#realenergyintotheload#kwh,BUNDOORA,0.0,-0.025291687,0.008342641,0.008095469,0.0
2025-08-26 06:00:00,solar.bun_hsc#realenergyintotheload#kwh,BUNDOORA,0.0,-0.0031758824,0.0059787612,0.0058016255,0.0
2025-08-26 07:00:00,solar.bun_hsc#realenergyintotheload#kwh,BUNDOORA,0.0,0.6241808,0.006875286,0.0066715884,0.0
2025-08-26 08:00:00,solar.bun_hsc#realenergyintotheload#kwh,BUNDOORA,0.125,2.4593453,1.1778519,1.1429551,29.0
2025-08-26 09:00:00,solar.bun_hsc#realenergyintotheload#kwh,BUNDOORA,1.53125,3.8738506,4.915717,4.7700768,96.0
2025-08-26 10:00:00,solar.bun_hsc#realenergyintotheload#kwh,BUNDOORA,2.875,7.269931,6.202961,6.0191827,113.0
2025-08-26 11:00:00,solar.bun_hsc#realenergyintotheload#kwh,BUNDOORA,7.15625,12.479024,8.00552,7.7683363,158.0
2025-08-26 12:00:00,solar.bun_hsc#realenergyintotheload#kwh,BUNDOORA,10.375,5.3506627,4.966929,4.8197713,102.0
2025-08-26 13:00:00,solar.bun_hsc#realenergyintotheload#kwh,BUNDOORA,4.71875,4.850858,3.2931504,3.1955826,66.0
2025-08-26 14:00:00,solar.bun_hsc#realenergyintotheload#kwh,BUNDOORA,6.15625,3.57351,3.9192097,3.8030934,80.0
2025-08-26 15:00:00,solar.bun_hsc#realenergyintotheload#kwh,BUNDOORA,4.625,3.7549686,4.6149535,4.478224,93.0
2025-08-26 16:00:00,solar.bun_hsc#realenergyintotheload#kwh,BUNDOORA,2.5,2.7522087,3.0868547,2.995399,61.0
2025-08-26 17:00:00,solar.bun_hsc#realenergyintotheload#kwh,BUNDOORA,0.625,3.467548,1.3782945,1.3374591,32.0
2025-08-26 18:00:00,solar.bun_hsc#realenergyintotheload#kwh,BUNDOORA,0.0,0.24917077,0.023969965,0.023259794,2.0
2025-08-26 19:00:00,solar.bun_hsc#realenergyintotheload#kwh,BUNDOORA,0.0,0.124699056,0.0073164226,0.0070996555,0.0
2025-08-26 20:00:00,solar.bun_hsc#realenergyintotheload#kwh,BUNDOORA,0.0,0.046384808,0.005728599,0.005558875,0.0
2025-08-26 21:00:00,solar.bun_hsc#realenergyintotheload#kwh,BUNDOORA,0.0,0.055752236,0.0075582503,0.0073343185,0.0
2025-08-26 22:00:00,solar.bun_hsc#realenergyintotheload#kwh,BUNDOORA,0.0,0.003986423,0.0064152847,0.0062252157,0.0
2025-08-26 23:00:00,solar.bun_hsc#realenergyintotheload#kwh,BUNDOORA,0.0,-0.0012936294,0.008298547,0.008052682,0.0
2025-08-27 00:00:00,solar.bun_hsc#realenergyintotheload#kwh,BUNDOORA,0.0,-0.014246723,0.0026722895,0.0025931161,0.0
2025-08-27 01:00:00,solar.bun_hsc#realenergyintotheload#kwh,BUNDOORA,0.0,-0.009867938,0.005162115,0.005009175,0.0
2025-08-27 02:00:00,solar.bun_hsc#realenergyintotheload#kwh,BUNDOORA,0.0,-0.025831128,0.007117354,0.0069064843,0.0
2025-08-27 03:00:00,solar.bun_hsc#realenergyintotheload#kwh,BUNDOORA,0.0,-0.024756532,0.005506395,0.005343254,0.0
2025-08-27 04:00:00,solar.bun_hsc#realenergyintotheload#kwh,BUNDOORA,0.0,-0.025496127,0.0044086147,0.0042779986,0.0
2025-08-27 05:00:00,solar.bun_hsc#realenergyintotheload#kwh,BUNDOORA,0.0,-0.023733227,0.0026278668,0.0025500096,0.0
2025-08-27 06:00:00,solar.bun_hsc#realenergyintotheload#kwh,BUNDOORA,0.0,0.0064660492,0.0020782878,0.0020167134,0.0
2025-08-27 07:00:00,solar.bun_hsc#realenergyintotheload#kwh,BUNDOORA,0.0,0.72564226,0.0026278668,0.0025500096,0.0
2025-08-27 08:00:00,solar.bun_hsc#realenergyintotheload#kwh,BUNDOORA,0.0,1.0985334,4.379922,4.250156,101.0
2025-08-27 09:00:00,solar.bun_hsc#realenergyintotheload#kwh,BUNDOORA,0.0,8.1536665,16.653584,16.16018,299.0
2025-08-27 10:00:00,solar.bun_hsc#realenergyintotheload#kwh,BUNDOORA,0.0,17.19809,24.686531,23.955132,424.0
2025-08-27 11:00:00,solar.bun_hsc#realenergyintotheload#kwh,BUNDOORA,0.0,11.946279,15.372803,14.917345,289.0
2025-08-27 12:00:00,solar.bun_hsc#realenergyintotheload#kwh,BUNDOORA,0.0,5.897684,2.3602462,2.290318,53.0
2025-08-27 13:00:00,solar.bun_hsc#realenergyintotheload#kwh,BUNDOORA,0.0,17.776775,25.578247,24.820427,480.0
2025-08-27 14:00:00,solar.bun_hsc#realenergyintotheload#kwh,BUNDOORA,0.0,11.533931,10.776449,10.45717,205.0
2025-08-27 15:00:00,solar.bun_hsc#realenergyintotheload#kwh,BUNDOORA,0.0,5.772256,3.1840682,3.0897322,66.0
2025-08-27 16:00:00,solar.bun_hsc#realenergyintotheload#kwh,BUNDOORA,0.0,9.543813,10.829293,10.508449,215.0
2025-08-27 17:00:00,solar.bun_hsc#realenergyintotheload#kwh,BUNDOORA,0.0,5.540043,7.9459443,7.710526,149.0
2025-08-27 18:00:00,solar.bun_hsc#realenergyintotheload#kwh,BUNDOORA,0.0,0.62584776,0.17933384,0.17402062,8.0
2025-08-27 19:00:00,solar.bun_hsc#realenergyintotheload#kwh,BUNDOORA,0.0,0.02188764,0.005946596,0.005770413,0.0
2025-08-27 20:00:00,solar.bun_hsc#realenergyintotheload#kwh,BUNDOORA,0.0,0.20387633,0.0011433309,0.0011094569,0.0
2025-08-27 21:00:00,solar.bun_hsc#realenergyintotheload#kwh,BUNDOORA,0.0,0.1283936,0.0018482093,0.0017934515,0.0
2025-08-27 22:00:00,solar.bun_hsc#realenergyintotheload#kwh,BUNDOORA,0.0,0.054756463,0.0025510066,0.0024754268,0.0
2025-08-27 23:00:00,solar.bun_hsc#realenergyintotheload#kwh,BUNDOORA,0.0,0.13832268,0.0005252359,0.0005096745,0.0
2025-08-28 00:00:00,solar.bun_hsc#realenergyintotheload#kwh,BUNDOORA,0.0,0.07355602,0.0023915977,0.0023207406,0.0
2025-08-28 01:00:00,solar.bun_hsc#realenergyintotheload#kwh,BUNDOORA,0.0,0.011279858,0.0013325459,0.0012930658,0.0
2025-08-28 02:00:00,solar.bun_hsc#realenergyintotheload#kwh,BUNDOORA,0.0,0.022260569,0.0018423811,0.0017877959,0.0
2025-08-28 03:00:00,solar.bun_hsc#realenergyintotheload#kwh,BUNDOORA,0.0,-0.01813867,0.003430203,0.0033285748,0.0
2025-08-28 04:00:00,solar.bun_hsc#realenergyintotheload#kwh,BUNDOORA,0.0,-0.031091766,0.003365679,0.0032659622,0.0
2025-08-28 05:00:00,solar.bun_hsc#realenergyintotheload#kwh,BUNDOORA,0.0,0.02421971,0.00020256522,0.00019656372,0.0
2025-08-28 06:00:00,solar.bun_hsc#realenergyintotheload#kwh,BUNDOORA,0.0,0.0023855045,1.5994883e-05,1.5520995e-05,0.0
2025-08-28 07:00:00,solar.bun_hsc#realenergyintotheload#kwh,BUNDOORA,0.0,0.5551782,0.003430203,0.0033285748,0.0
2025-08-28 08:00:00,solar.bun_hsc#realenergyintotheload#kwh,BUNDOORA,0.0,2.0368752,2.7571974,2.6755085,63.0
2025-08-28 09:00:00,solar.bun_hsc#realenergyintotheload#kwh,BUNDOORA,0.0,6.7846413,8.302681,8.056693,179.0
2025-08-28 10:00:00,solar.bun_hsc#realenergyintotheload#kwh,BUNDOORA,0.0,13.664434,19.686745,19.103476,357.0
2025-08-28 11:00:00,solar.bun_hsc#realenergyintotheload#kwh,BUNDOORA,0.0,16.112135,23.64824,22.947601,428.0
2025-08-28 12:00:00,solar.bun_hsc#realenergyintotheload#kwh,BUNDOORA,0.0,16.555054,20.4884,19.88138,391.0
2025-08-28 13:00:00,solar.bun_hsc#realenergyintotheload#kwh,BUNDOORA,0.0,16.895815,23.049995,22.36708,431.0
2025-08-28 14:00:00,solar.bun_hsc#realenergyintotheload#kwh,BUNDOORA,0.0,19.505726,27.592255,26.774765,523.0
2025-08-28 15:00:00,solar.bun_hsc#realenergyintotheload#kwh,BUNDOORA,0.0,12.661288,11.474999,11.135024,220.0
2025-08-28 16:00:00,solar.bun_hsc#realenergyintotheload#kwh,BUNDOORA,0.0,8.633121,7.2317743,7.0175147,141.0
2025-08-28 17:00:00,solar.bun_hsc#realenergyintotheload#kwh,BUNDOORA,0.0,7.5413604,6.4735656,6.28177,141.0
2025-08-28 18:00:00,solar.bun_hsc#realenergyintotheload#kwh,BUNDOORA,0.0,1.0865088,0.19926208,0.19335845,8.0
2025-08-28 19:00:00,solar.bun_hsc#realenergyintotheload#kwh,BUNDOORA,0.0,0.042105526,0.005001375,0.004853197,0.0
2025-08-28 20:00:00,solar.bun_hsc#realenergyintotheload#kwh,BUNDOORA,0.0,0.060468726,0.0030792765,0.0029880453,0.0
2025-08-28 21:00:00,solar.bun_hsc#realenergyintotheload#kwh,BUNDOORA,0.0,0.0321114,0.003301028,0.0032032267,0.0
2025-08-28 22:00:00,solar.bun_hsc#realenergyintotheload#kwh,BUNDOORA,0.0,0.008230619,0.0038506067,0.003736523,0.0
2025-08-28 23:00:00,solar.bun_hsc#realenergyintotheload#kwh,BUNDOORA,0.0,0.02521983,0.003301028,0.0032032267,0.0
2025-08-29 00:00:00,solar.bun_hsc#realenergyintotheload#kwh,BUNDOORA,0.0,0.041547395,0.0039499383,0.0038329116,0.0
2025-08-29 01:00:00,solar.bun_hsc#realenergyintotheload#kwh,BUNDOORA,0.0,0.051438827,0.0039499383,0.0038329116,0.0
2025-08-29 02:00:00,solar.bun_hsc#realenergyintotheload#kwh,BUNDOORA,0.0,0.036532987,0.0037963581,0.0036838816,0.0
2025-08-29 03:00:00,solar.bun_hsc#realenergyintotheload#kwh,BUNDOORA,0.0,0.04075454,0.002913429,0.0028271114,0.0
2025-08-29 04:00:00,solar.bun_hsc#realenergyintotheload#kwh,BUNDOORA,0.0,0.044500366,0.002913429,0.0028271114,0.0
2025-08-29 05:00:00,solar.bun_hsc#realenergyintotheload#kwh,BUNDOORA,0.0,0.073607236,0.0017704639,0.0017180095,0.0
2025-08-29 06:00:00,solar.bun_hsc#realenergyintotheload#kwh,BUNDOORA,0.0,0.024300685,0.002376589,0.0023061766,0.0
2025-08-29 07:00:00,solar.bun_hsc#realenergyintotheload#kwh,BUNDOORA,0.0,0.010552214,0.004929986,0.004783923,0.0
2025-08-29 08:00:00,solar.bun_hsc#realenergyintotheload#kwh,BUNDOORA,1.25,0.80449563,2.4057086,2.3344333,58.0
2025-08-29 09:00:00,solar.bun_hsc#realenergyintotheload#kwh,BUNDOORA,5.3125,4.772857,9.13623,8.865547,197.0
2025-08-29 10:00:00,solar.bun_hsc#realenergyintotheload#kwh,BUNDOORA,9.34375,8.366624,16.032942,15.557926,290.0
2025-08-29 11:00:00,solar.bun_hsc#realenergyintotheload#kwh,BUNDOORA,16.3125,7.449559,15.075426,14.628778,290.0
2025-08-29 12:00:00,solar.bun_hsc#realenergyintotheload#kwh,BUNDOORA,27.28125,9.320918,13.863903,13.45315,275.0
2025-08-29 13:00:00,solar.bun_hsc#realenergyintotheload#kwh,BUNDOORA,17.34375,10.211066,9.404883,9.12624,187.0
2025-08-29 14:00:00,solar.bun_hsc#realenergyintotheload#kwh,BUNDOORA,10.28125,5.3089547,5.4731355,5.3109803,111.0
2025-08-29 15:00:00,solar.bun_hsc#realenergyintotheload#kwh,BUNDOORA,16.46875,7.293108,8.529619,8.276908,164.0
2025-08-29 16:00:00,solar.bun_hsc#realenergyintotheload#kwh,BUNDOORA,16.84375,3.4422994,17.92219,17.3912,336.0
2025-08-29 17:00:00,solar.bun_hsc#realenergyintotheload#kwh,BUNDOORA,5.25,3.4570603,4.4585986,4.3265014,110.0
2025-08-29 18:00:00,solar.bun_hsc#realenergyintotheload#kwh,BUNDOORA,1.0,0.8523894,0.15247317,0.14795576,7.0
2025-08-29 19:00:00,solar.bun_hsc#realenergyintotheload#kwh,BUNDOORA,0.0,-0.004894693,0.016453316,0.015965845,0.0
2025-08-29 20:00:00,solar.bun_hsc#realenergyintotheload#kwh,BUNDOORA,0.0,0.12631838,0.005308138,0.0051508714,0.0
2025-08-29 21:00:00,solar.bun_hsc#realenergyintotheload#kwh,BUNDOORA,0.0,0.1384872,0.0005941144,0.0005765123,0.0
2025-08-29 22:00:00,solar.bun_hsc#realenergyintotheload#kwh,BUNDOORA,0.0,0.06942492,-0.00038862502,0.0,0.0
2025-08-29 23:00:00,solar.bun_hsc#realenergyintotheload#kwh,BUNDOORA,0.0,0.04978158,0.0044414243,0.004309836,0.0
2025-08-30 00:00:00,solar.bun_hsc#realenergyintotheload#kwh,BUNDOORA,0.0,0.034172826,0.0041896906,0.0040655606,0.0
2025-08-30 01:00:00,solar.bun_hsc#realenergyintotheload#kwh,BUNDOORA,0.0,0.055126876,0.0048763766,0.004731902,0.0
2025-08-30 02:00:00,solar.bun_hsc#realenergyintotheload#kwh,BUNDOORA,0.0,-0.0074739903,0.00466386,0.0045256815,0.0
2025-08-30 03:00:00,solar.bun_hsc#realenergyintotheload#kwh,BUNDOORA,0.0,0.12120643,0.014823617,0.014384431,0.0
2025-08-30 04:00:00,solar.bun_hsc#realenergyintotheload#kwh,BUNDOORA,0.0,-0.030469157,0.0021917177,0.0021267827,0.0
2025-08-30 05:00:00,solar.bun_hsc#realenergyintotheload#kwh,BUNDOORA,0.0,0.010228372,0.002708306,0.0026280656,0.0
2025-08-30 06:00:00,solar.bun_hsc#realenergyintotheload#kwh,BUNDOORA,0.0,0.0309842,0.0026150383,0.0025375613,0.0
2025-08-30 07:00:00,solar.bun_hsc#realenergyintotheload#kwh,BUNDOORA,0.0,0.32192746,0.0034514437,0.0033491862,1.0
2025-08-30 08:00:00,solar.bun_hsc#realenergyintotheload#kwh,BUNDOORA,0.0,0.7513263,2.8481185,2.763736,71.0
2025-08-30 09:00:00,solar.bun_hsc#realenergyintotheload#kwh,BUNDOORA,0.0,6.2199306,10.939216,10.615114,200.0
2025-08-30 10:00:00,solar.bun_hsc#realenergyintotheload#kwh,BUNDOORA,0.0,9.938957,14.307223,13.883336,266.0
2025-08-30 11:00:00,solar.bun_hsc#realenergyintotheload#kwh,BUNDOORA,0.0,23.564981,29.285727,28.418064,601.0
2025-08-30 12:00:00,solar.bun_hsc#realenergyintotheload#kwh,BUNDOORA,0.0,26.917109,31.060598,30.14035,640.0
2025-08-30 13:00:00,solar.bun_hsc#realenergyintotheload#kwh,BUNDOORA,0.0,15.521904,19.65382,19.071526,375.0
2025-08-30 14:00:00,solar.bun_hsc#realenergyintotheload#kwh,BUNDOORA,0.0,14.218811,15.149144,14.700313,283.0
2025-08-30 15:00:00,solar.bun_hsc#realenergyintotheload#kwh,BUNDOORA,0.0,13.495112,17.345144,16.831251,310.0
2025-08-30 16:00:00,solar.bun_hsc#realenergyintotheload#kwh,BUNDOORA,0.0,15.708923,13.506466,13.106303,238.0
2025-08-30 17:00:00,solar.bun_hsc#realenergyintotheload#kwh,BUNDOORA,0.0,4.770906,8.356219,8.108645,153.0
2025-08-30 18:00:00,solar.bun_hsc#realenergyintotheload#kwh,BUNDOORA,0.0,0.9589925,0.3445555,0.3343472,11.0
2025-08-30 19:00:00,solar.bun_hsc#realenergyintotheload#kwh,BUNDOORA,0.0,0.03359359,0.0045978874,0.0044616633,0.0
2025-08-30 20:00:00,solar.bun_hsc#realenergyintotheload#kwh,BUNDOORA,0.0,0.016104085,0.0045978874,0.0044616633,0.0
2025-08-30 21:00:00,solar.bun_hsc#realenergyintotheload#kwh,BUNDOORA,0.0,0.006564026,0.004604648,0.0044682235,0.0
2025-08-30 22:00:00,solar.bun_hsc#realenergyintotheload#kwh,BUNDOORA,0.0,0.012389611,0.0045092776,0.004375679,0.0
2025-08-30 23:00:00,solar.bun_hsc#realenergyintotheload#kwh,BUNDOORA,0.0,-0.013036475,0.0046071326,0.0044706347,0.0
2025-08-31 00:00:00,solar.bun_hsc#realenergyintotheload#kwh,BUNDOORA,0.0,-0.012225798,0.0046071326,0.0044706347,0.0
2025-08-31 01:00:00,solar.bun_hsc#realenergyintotheload#kwh,BUNDOORA,0.0,0.023099087,0.0046071326,0.0044706347,0.0
2025-08-31 02:00:00,solar.bun_hsc#realenergyintotheload#kwh,BUNDOORA,0.0,0.015393797,0.0048934217,0.0047484417,0.0
2025-08-31 03:00:00,solar.bun_hsc#realenergyintotheload#kwh,BUNDOORA,0.0,0.02438097,0.0043026046,0.0041751293,0.0
2025-08-31 04:00:00,solar.bun_hsc#realenergyintotheload#kwh,BUNDOORA,0.0,0.008413317,0.0035994463,0.0034928038,0.0
2025-08-31 05:00:00,solar.bun_hsc#realenergyintotheload#kwh,BUNDOORA,0.0,0.01502453,0.0017472493,0.0016954826,0.0
2025-08-31 06:00:00,solar.bun_hsc#realenergyintotheload#kwh,BUNDOORA,0.0,0.0783212,0.0017472493,0.0016954826,0.0
2025-08-31 07:00:00,solar.bun_hsc#realenergyintotheload#kwh,BUNDOORA,0.0,0.11103613,0.013642188,0.013238004,2.0
2025-08-31 08:00:00,solar.bun_hsc#realenergyintotheload#kwh,BUNDOORA,0.0,-0.010186911,4.7061205,4.56669,123.0
2025-08-31 09:00:00,solar.bun_hsc#realenergyintotheload#kwh,BUNDOORA,0.0,5.8718333,10.820217,10.499641,224.0
2025-08-31 10:00:00,solar.bun_hsc#realenergyintotheload#kwh,BUNDOORA,0.0,15.118373,12.191614,11.830407,225.0
2025-08-31 11:00:00,solar.bun_hsc#realenergyintotheload#kwh,BUNDOORA,0.0,13.914825,11.217189,10.884851,221.0
2025-08-31 12:00:00,solar.bun_hsc#realenergyintotheload#kwh,BUNDOORA,0.0,17.8694,19.739876,19.155033,366.0
2025-08-31 13:00:00,solar.bun_hsc#realenergyintotheload#kwh,BUNDOORA,0.0,18.42095,24.783709,24.049429,460.0
2025-08-31 14:00:00,solar.bun_hsc#realenergyintotheload#kwh,BUNDOORA,0.0,16.483591,23.93689,23.2277,435.0
2025-08-31 15:00:00,solar.bun_hsc#realenergyintotheload#kwh,BUNDOORA,0.0,10.824698,12.422623,12.054571,226.0
2025-08-31 16:00:00,solar.bun_hsc#realenergyintotheload#kwh,BUNDOORA,0.0,15.430751,16.351452,15.867,291.0
2025-08-31 17:00:00,solar.bun_hsc#realenergyintotheload#kwh,BUNDOORA,0.0,10.072629,5.250293,5.09474,117.0
2025-08-31 18:00:00,solar.bun_hsc#realenergyintotheload#kwh,BUNDOORA,0.0,1.6524509,0.3946106,0.38291928,12.0
2025-08-31 19:00:00,solar.bun_hsc#realenergyintotheload#kwh,BUNDOORA,0.0,0.12191862,0.001869822,0.0018144238,0.0
2025-08-31 20:00:00,solar.bun_hsc#realenergyintotheload#kwh,BUNDOORA,0.0,0.009422846,0.0032597105,0.0031631335,0.0
2025-08-31 21:00:00,solar.bun_hsc#realenergyintotheload#kwh,BUNDOORA,0.0,0.014060874,0.0032597105,0.0031631335,0.0
2025-08-31 22:00:00,solar.bun_hsc#realenergyintotheload#kwh,BUNDOORA,0.0,0.012419153,0.0032597105,0.0031631335,0.0
2025-08-31 23:00:00,solar.bun_hsc#realenergyintotheload#kwh,BUNDOORA,0.0,0.017088981,0.0018799586,0.0018242601,0.0
2025-09-01 00:00:00,solar.bun_hsc#realenergyintotheload#kwh,BUNDOORA,0.0,0.017088981,0.001965735,0.0019074953,0.0
2025-09-01 01:00:00,solar.bun_hsc#realenergyintotheload#kwh,BUNDOORA,0.0,0.015265452,0.0017472493,0.0016954826,0.0
2025-09-01 02:00:00,solar.bun_hsc#realenergyintotheload#kwh,BUNDOORA,0.0,0.005363676,0.0016493935,0.001600526,0.0
2025-09-01 03:00:00,solar.bun_hsc#realenergyintotheload#kwh,BUNDOORA,0.0,0.0021754417,0.0012877441,0.0012495915,0.0
2025-09-01 04:00:00,solar.bun_hsc#realenergyintotheload#kwh,BUNDOORA,0.0,-0.0012044911,0.0016493935,0.001600526,0.0
2025-09-01 05:00:00,solar.bun_hsc#realenergyintotheload#kwh,BUNDOORA,0.0,-0.0047317403,0.0027897893,0.002707135,0.0
2025-09-01 06:00:00,solar.bun_hsc#realenergyintotheload#kwh,BUNDOORA,0.0,0.00748553,0.0022116834,0.0021461567,0.0
2025-09-01 07:00:00,solar.bun_hsc#realenergyintotheload#kwh,BUNDOORA,0.03125,0.15021163,0.013544332,0.013143048,2.0
2025-09-01 08:00:00,solar.bun_hsc#realenergyintotheload#kwh,BUNDOORA,3.1875,0.2644683,3.1509762,3.0576205,87.0
2025-09-01 09:00:00,solar.bun_hsc#realenergyintotheload#kwh,BUNDOORA,6.78125,7.13238,14.587928,14.155724,293.0
2025-09-01 10:00:00,solar.bun_hsc#realenergyintotheload#kwh,BUNDOORA,19.25,21.857534,28.789398,27.93644,496.0
2025-09-01 11:00:00,solar.bun_hsc#realenergyintotheload#kwh,BUNDOORA,15.75,16.192831,27.426413,26.613836,486.0
2025-09-01 12:00:00,solar.bun_hsc#realenergyintotheload#kwh,BUNDOORA,16.75,21.158411,17.80279,17.275337,333.0
2025-09-01 13:00:00,solar.bun_hsc#realenergyintotheload#kwh,BUNDOORA,20.0625,13.63381,8.916384,8.652213,173.0
2025-09-01 14:00:00,solar.bun_hsc#realenergyintotheload#kwh,BUNDOORA,16.15625,16.491886,14.886984,14.44592,281.0
2025-09-01 15:00:00,solar.bun_hsc#realenergyintotheload#kwh,BUNDOORA,9.3125,12.021648,8.378911,8.130665,162.0
2025-09-01 16:00:00,solar.bun_hsc#realenergyintotheload#kwh,BUNDOORA,11.03125,14.761547,10.644295,10.328931,198.0
2025-09-01 17:00:00,solar.bun_hsc#realenergyintotheload#kwh,BUNDOORA,3.84375,4.9511952,4.157322,4.034151,86.0
2025-09-01 18:00:00,solar.bun_hsc#realenergyintotheload#kwh,BUNDOORA,0.6875,1.513692,0.29207784,0.2834243,9.0
2025-09-01 19:00:00,solar.bun_hsc#realenergyintotheload#kwh,BUNDOORA,0.0,0.13844472,0.003361341,0.003261753,0.0
2025-09-01 20:00:00,solar.bun_hsc#realenergyintotheload#kwh,BUNDOORA,0.0,0.008426222,0.0032900576,0.0031925815,0.0
2025-09-01 21:00:00,solar.bun_hsc#realenergyintotheload#kwh,BUNDOORA,0.0,-0.025394006,0.003010219,0.0029210337,0.0
2025-09-01 22:00:00,solar.bun_hsc#realenergyintotheload#kwh,BUNDOORA,0.0,0.010127975,0.0030815024,0.002990205,0.0
2025-09-01 23:00:00,solar.bun_hsc#realenergyintotheload#kwh,BUNDOORA,0.0,0.0058182436,0.002973421,0.002885326,0.0
2025-09-02 00:00:00,solar.bun_hsc#realenergyintotheload#kwh,BUNDOORA,0.0,0.0058182436,0.002973421,0.002885326,0.0
2025-09-02 01:00:00,solar.bun_hsc#realenergyintotheload#kwh,BUNDOORA,0.0,0.00632384,0.002382604,0.0023120134,0.0
2025-09-02 02:00:00,solar.bun_hsc#realenergyintotheload#kwh,BUNDOORA,0.0,0.006226968,0.002973421,0.002885326,0.0
2025-09-02 03:00:00,solar.bun_hsc#realenergyintotheload#kwh,BUNDOORA,0.0,-0.0043557603,0.002973421,0.002885326,0.0
2025-09-02 04:00:00,solar.bun_hsc#realenergyintotheload#kwh,BUNDOORA,0.0,0.007385094,0.002284749,0.0022170576,0.0
2025-09-02 05:00:00,solar.bun_hsc#realenergyintotheload#kwh,BUNDOORA,0.0,0.00014825695,0.0015815899,0.0015347314,0.0
2025-09-02 06:00:00,solar.bun_hsc#realenergyintotheload#kwh,BUNDOORA,0.0,0.038383722,0.0027897893,0.002707135,0.0
2025-09-02 07:00:00,solar.bun_hsc#realenergyintotheload#kwh,BUNDOORA,0.03125,0.10031242,0.015854636,0.015384903,2.0
2025-09-02 08:00:00,solar.bun_hsc#realenergyintotheload#kwh,BUNDOORA,2.0625,0.9226071,3.1767368,3.082618,89.0
2025-09-02 09:00:00,solar.bun_hsc#realenergyintotheload#kwh,BUNDOORA,6.09375,10.753408,12.097488,11.73907,251.0
2025-09-02 10:00:00,solar.bun_hsc#realenergyintotheload#kwh,BUNDOORA,8.9375,9.174547,10.377265,10.069813,202.0
2025-09-02 11:00:00,solar.bun_hsc#realenergyintotheload#kwh,BUNDOORA,19.5625,18.734581,27.978975,27.150028,495.0
2025-09-02 12:00:00,solar.bun_hsc#realenergyintotheload#kwh,BUNDOORA,30.40625,33.020885,37.61777,36.50325,695.0
2025-09-02 13:00:00,solar.bun_hsc#realenergyintotheload#kwh,BUNDOORA,31.0625,24.951714,28.041115,27.210327,526.0
2025-09-02 14:00:00,solar.bun_hsc#realenergyintotheload#kwh,BUNDOORA,15.03125,24.311344,25.26985,24.521168,462.0
2025-09-02 15:00:00,solar.bun_hsc#realenergyintotheload#kwh,BUNDOORA,23.6875,21.887632,23.584015,22.885279,425.0
2025-09-02 16:00:00,solar.bun_hsc#realenergyintotheload#kwh,BUNDOORA,13.65625,19.117628,20.503376,19.895912,367.0
2025-09-02 17:00:00,solar.bun_hsc#realenergyintotheload#kwh,BUNDOORA,4.9375,8.564373,5.395984,5.2361145,127.0
2025-09-02 18:00:00,solar.bun_hsc#realenergyintotheload#kwh,BUNDOORA,0.875,0.65354955,0.057671364,0.055962704,4.0
2025-09-02 19:00:00,solar.bun_hsc#realenergyintotheload#kwh,BUNDOORA,0.0,0.29651093,-0.006044393,0.0,0.0
2025-09-02 20:00:00,solar.bun_hsc#realenergyintotheload#kwh,BUNDOORA,0.0,-0.24036388,0.00400477,0.0038861185,0.0
2025-09-02 21:00:00,solar.bun_hsc#realenergyintotheload#kwh,BUNDOORA,0.0,-0.24036388,0.0461801,0.044811897,0.0
2025-09-02 22:00:00,solar.bun_hsc#realenergyintotheload#kwh,BUNDOORA,0.0,-0.039229166,0.01452508,0.014094738,0.0
2025-09-02 23:00:00,solar.bun_hsc#realenergyintotheload#kwh,BUNDOORA,0.0,0.066459514,-0.004790092,0.0,0.0
2025-09-03 00:00:00,solar.bun_hsc#realenergyintotheload#kwh,BUNDOORA,0.0,-0.032634407,-0.0050469018,0.0,0.0
2025-09-03 01:00:00,solar.bun_hsc#realenergyintotheload#kwh,BUNDOORA,0.0,-0.020767616,-0.01708992,0.0,0.0
2025-09-03 02:00:00,solar.bun_hsc#realenergyintotheload#kwh,BUNDOORA,0.0,0.105954446,0.0026771415,0.0025978244,0.0
2025-09-03 03:00:00,solar.bun_hsc#realenergyintotheload#kwh,BUNDOORA,0.0,0.08531071,0.0006981916,0.0006775059,0.0
2025-09-03 04:00:00,solar.bun_hsc#realenergyintotheload#kwh,BUNDOORA,0.0,0.11251213,0.00033805784,0.00032804202,0.0
2025-09-03 05:00:00,solar.bun_hsc#realenergyintotheload#kwh,BUNDOORA,0.0,0.09769868,0.0012449184,0.0012080346,0.0
2025-09-03 06:00:00,solar.bun_hsc#realenergyintotheload#kwh,BUNDOORA,0.0,0.116608694,0.0012449184,0.0012080346,0.0
2025-09-03 07:00:00,solar.bun_hsc#realenergyintotheload#kwh,BUNDOORA,0.0,1.0865358,0.01229085,0.011926703,2.0
2025-09-03 08:00:00,solar.bun_hsc#realenergyintotheload#kwh,BUNDOORA,0.0,4.2643476,2.6195936,2.5419817,58.0
2025-09-03 09:00:00,solar.bun_hsc#realenergyintotheload#kwh,BUNDOORA,0.0,12.696665,12.896957,12.514853,237.0
2025-09-03 10:00:00,solar.bun_hsc#realenergyintotheload#kwh,BUNDOORA,0.0,17.585302,26.941511,26.143301,496.0
2025-09-03 11:00:00,solar.bun_hsc#realenergyintotheload#kwh,BUNDOORA,0.0,24.212002,33.23711,32.252377,618.0
2025-09-03 12:00:00,solar.bun_hsc#realenergyintotheload#kwh,BUNDOORA,0.0,25.05364,31.940891,30.994562,644.0
2025-09-03 13:00:00,solar.bun_hsc#realenergyintotheload#kwh,BUNDOORA,0.0,19.806278,24.006575,23.29532,454.0
2025-09-03 14:00:00,solar.bun_hsc#realenergyintotheload#kwh,BUNDOORA,0.0,21.530441,24.156069,23.440384,445.0
2025-09-03 15:00:00,solar.bun_hsc#realenergyintotheload#kwh,BUNDOORA,0.0,22.940804,22.878721,22.200882,413.0
2025-09-03 16:00:00,solar.bun_hsc#realenergyintotheload#kwh,BUNDOORA,0.0,12.045004,12.874241,12.492809,237.0
2025-09-03 17:00:00,solar.bun_hsc#realenergyintotheload#kwh,BUNDOORA,0.0,2.5998018,4.0309825,3.9115546,83.0
2025-09-03 18:00:00,solar.bun_hsc#realenergyintotheload#kwh,BUNDOORA,0.0,0.31310928,0.15885186,0.15414548,6.0
2025-09-03 19:00:00,solar.bun_hsc#realenergyintotheload#kwh,BUNDOORA,0.0,-0.016501786,0.009949327,0.009654554,0.0
2025-09-03 20:00:00,solar.bun_hsc#realenergyintotheload#kwh,BUNDOORA,0.0,-0.026768219,0.008523699,0.008271163,0.0
2025-09-03 21:00:00,solar.bun_hsc#realenergyintotheload#kwh,BUNDOORA,0.0,0.10465106,0.0033959094,0.003295297,0.0
2025-09-03 22:00:00,solar.bun_hsc#realenergyintotheload#kwh,BUNDOORA,0.0,0.023905143,0.0026169256,0.0025393926,0.0
2025-09-03 23:00:00,solar.bun_hsc#realenergyintotheload#kwh,BUNDOORA,0.0,-0.010051532,0.0026169256,0.0025393926,0.0
2025-09-04 00:00:00,solar.bun_hsc#realenergyintotheload#kwh,BUNDOORA,0.0,0.007263081,0.0026169256,0.0025393926,0.0
2025-09-04 01:00:00,solar.bun_hsc#realenergyintotheload#kwh,BUNDOORA,0.0,0.007263081,0.0026169256,0.0025393926,0.0
2025-09-04 02:00:00,solar.bun_hsc#realenergyintotheload#kwh,BUNDOORA,0.0,0.004403655,0.0026814495,0.002602005,0.0
2025-09-04 03:00:00,solar.bun_hsc#realenergyintotheload#kwh,BUNDOORA,0.0,0.004348029,0.0026882095,0.0026085647,0.0
2025-09-04 04:00:00,solar.bun_hsc#realenergyintotheload#kwh,BUNDOORA,0.0,-0.0034520442,0.0040463908,0.0039265063,0.0
2025-09-04 05:00:00,solar.bun_hsc#realenergyintotheload#kwh,BUNDOORA,0.0,-0.004707313,0.0037993742,0.0036868083,0.0
2025-09-04 06:00:00,solar.bun_hsc#realenergyintotheload#kwh,BUNDOORA,0.0,0.054891307,0.0037993742,0.0036868083,0.0
2025-09-04 07:00:00,solar.bun_hsc#realenergyintotheload#kwh,BUNDOORA,0.0,0.45789674,0.0056673675,0.0054994575,1.0
2025-09-04 08:00:00,solar.bun_hsc#realenergyintotheload#kwh,BUNDOORA,0.0,4.8095145,3.924785,3.8085034,95.0
2025-09-04 09:00:00,solar.bun_hsc#realenergyintotheload#kwh,BUNDOORA,0.0,7.7578244,20.5685,19.959106,348.0
2025-09-04 10:00:00,solar.bun_hsc#realenergyintotheload#kwh,BUNDOORA,0.0,12.974697,12.801626,12.422346,233.0
2025-09-04 11:00:00,solar.bun_hsc#realenergyintotheload#kwh,BUNDOORA,0.0,13.225118,15.643203,15.179734,293.0
2025-09-04 12:00:00,solar.bun_hsc#realenergyintotheload#kwh,BUNDOORA,0.0,18.32464,22.778936,22.104053,440.0
2025-09-04 13:00:00,solar.bun_hsc#realenergyintotheload#kwh,BUNDOORA,0.0,21.141972,30.980635,30.062756,588.0
2025-09-04 14:00:00,solar.bun_hsc#realenergyintotheload#kwh,BUNDOORA,0.0,20.665586,32.34671,31.388357,597.0
2025-09-04 15:00:00,solar.bun_hsc#realenergyintotheload#kwh,BUNDOORA,0.0,16.109947,27.595036,26.777464,523.0
2025-09-04 16:00:00,solar.bun_hsc#realenergyintotheload#kwh,BUNDOORA,0.0,8.676787,10.058986,9.760963,192.0
2025-09-04 17:00:00,solar.bun_hsc#realenergyintotheload#kwh,BUNDOORA,0.0,5.164011,10.301969,9.996747,178.0
2025-09-04 18:00:00,solar.bun_hsc#realenergyintotheload#kwh,BUNDOORA,0.0,0.9300339,0.7533742,0.73105365,19.0
2025-09-04 19:00:00,solar.bun_hsc#realenergyintotheload#kwh,BUNDOORA,0.0,0.00979723,0.0053114183,0.005154054,0.0
2025-09-04 20:00:00,solar.bun_hsc#realenergyintotheload#kwh,BUNDOORA,0.0,0.02314844,0.0023761177,0.0023057193,0.0
2025-09-04 21:00:00,solar.bun_hsc#realenergyintotheload#kwh,BUNDOORA,0.0,-0.013150109,0.0017507143,0.001698845,0.0
2025-09-04 22:00:00,solar.bun_hsc#realenergyintotheload#kwh,BUNDOORA,0.0,0.001835762,0.001771967,0.001719468,0.0
2025-09-04 23:00:00,solar.bun_hsc#realenergyintotheload#kwh,BUNDOORA,0.0,-0.015484571,0.0013735208,0.0013328268,0.0
2025-09-05 00:00:00,solar.bun_hsc#realenergyintotheload#kwh,BUNDOORA,0.0,-0.015318761,0.0013735208,0.0013328268,0.0
2025-09-05 01:00:00,solar.bun_hsc#realenergyintotheload#kwh,BUNDOORA,0.0,-0.015318761,0.0013735208,0.0013328268,0.0
2025-09-05 02:00:00,solar.bun_hsc#realenergyintotheload#kwh,BUNDOORA,0.0,-0.015815675,0.0013735208,0.0013328268,0.0
2025-09-05 03:00:00,solar.bun_hsc#realenergyintotheload#kwh,BUNDOORA,0.0,-0.016224403,0.00173517,0.0016837612,0.0
2025-09-05 04:00:00,solar.bun_hsc#realenergyintotheload#kwh,BUNDOORA,0.0,-0.00955973,0.00173517,0.0016837612,0.0
2025-09-05 05:00:00,solar.bun_hsc#realenergyintotheload#kwh,BUNDOORA,0.0,0.0054778657,0.0013735208,0.0013328268,0.0
2025-09-05 06:00:00,solar.bun_hsc#realenergyintotheload#kwh,BUNDOORA,0.0,0.01300681,0.0013735208,0.0013328268,0.0
2025-09-05 07:00:00,solar.bun_hsc#realenergyintotheload#kwh,BUNDOORA,0.0,0.0010430438,0.20988396,0.20366561,8.0
2025-09-05 08:00:00,solar.bun_hsc#realenergyintotheload#kwh,BUNDOORA,0.0,0.95307446,9.073802,8.804968,168.0
2025-09-05 09:00:00,solar.bun_hsc#realenergyintotheload#kwh,BUNDOORA,0.0,3.8790612,19.708904,19.124979,362.0
2025-09-05 10:00:00,solar.bun_hsc#realenergyintotheload#kwh,BUNDOORA,0.0,14.099799,30.545256,29.640276,534.0
2025-09-05 11:00:00,solar.bun_hsc#realenergyintotheload#kwh,BUNDOORA,0.0,26.121416,33.558598,32.56434,663.0
2025-09-05 12:00:00,solar.bun_hsc#realenergyintotheload#kwh,BUNDOORA,0.0,35.215805,35.64704,34.590908,732.0
2025-09-05 13:00:00,solar.bun_hsc#realenergyintotheload#kwh,BUNDOORA,0.0,36.491623,35.770214,34.71043,737.0
2025-09-05 14:00:00,solar.bun_hsc#realenergyintotheload#kwh,BUNDOORA,0.0,33.680058,33.813297,32.811493,677.0
2025-09-05 15:00:00,solar.bun_hsc#realenergyintotheload#kwh,BUNDOORA,0.0,28.796595,29.977083,29.088938,559.0
2025-09-05 16:00:00,solar.bun_hsc#realenergyintotheload#kwh,BUNDOORA,0.0,12.26005,23.212612,22.524881,392.0
2025-09-05 17:00:00,solar.bun_hsc#realenergyintotheload#kwh,BUNDOORA,0.0,10.891192,11.1970215,10.865282,197.0
2025-09-05 18:00:00,solar.bun_hsc#realenergyintotheload#kwh,BUNDOORA,0.0,1.1747133,0.6269762,0.60840046,18.0
2025-09-05 19:00:00,solar.bun_hsc#realenergyintotheload#kwh,BUNDOORA,0.0,0.08946233,0.0023215455,0.0022527638,0.0
2025-09-05 20:00:00,solar.bun_hsc#realenergyintotheload#kwh,BUNDOORA,0.0,0.0033907506,0.0016896713,0.0016396106,0.0
2025-09-05 21:00:00,solar.bun_hsc#realenergyintotheload#kwh,BUNDOORA,0.0,-0.005488857,0.002284749,0.0022170576,0.0
2025-09-05 22:00:00,solar.bun_hsc#realenergyintotheload#kwh,BUNDOORA,0.0,-0.00957473,0.002284749,0.0022170576,0.0
2025-09-05 23:00:00,solar.bun_hsc#realenergyintotheload#kwh,BUNDOORA,0.0,-0.0103535205,0.002284749,0.0022170576,0.0
2025-09-06 00:00:00,solar.bun_hsc#realenergyintotheload#kwh,BUNDOORA,0.0,-0.008654487,0.002284749,0.0022170576,0.0
2025-09-06 01:00:00,solar.bun_hsc#realenergyintotheload#kwh,BUNDOORA,0.0,-0.007736197,0.0015815899,0.0015347314,0.0
2025-09-06 02:00:00,solar.bun_hsc#realenergyintotheload#kwh,BUNDOORA,0.0,-0.014028452,0.00173517,0.0016837612,0.0
2025-09-06 03:00:00,solar.bun_hsc#realenergyintotheload#kwh,BUNDOORA,0.0,0.005886591,0.0013735208,0.0013328268,0.0
2025-09-06 04:00:00,solar.bun_hsc#realenergyintotheload#kwh,BUNDOORA,0.0,0.005886591,0.0013735208,0.0013328268,0.0
2025-09-06 05:00:00,solar.bun_hsc#realenergyintotheload#kwh,BUNDOORA,0.0,0.00572078,0.0013735208,0.0013328268,0.0
2025-09-06 06:00:00,solar.bun_hsc#realenergyintotheload#kwh,BUNDOORA,0.0,0.00094828726,0.0030072317,0.002918135,0.0
2025-09-06 07:00:00,solar.bun_hsc#realenergyintotheload#kwh,BUNDOORA,0.0,0.057229012,0.35633478,0.34577745,11.0
2025-09-06 08:00:00,solar.bun_hsc#realenergyintotheload#kwh,BUNDOORA,0.0,1.9368795,9.820094,9.529149,173.0
2025-09-06 09:00:00,solar.bun_hsc#realenergyintotheload#kwh,BUNDOORA,0.0,6.568869,20.698067,20.084835,364.0
2025-09-06 10:00:00,solar.bun_hsc#realenergyintotheload#kwh,BUNDOORA,0.0,19.827026,30.04145,29.151398,528.0
2025-09-06 11:00:00,solar.bun_hsc#realenergyintotheload#kwh,BUNDOORA,0.0,31.217009,37.51793,36.40637,652.0
2025-09-06 12:00:00,solar.bun_hsc#realenergyintotheload#kwh,BUNDOORA,0.0,31.529776,38.116325,36.987034,714.0
2025-09-06 13:00:00,solar.bun_hsc#realenergyintotheload#kwh,BUNDOORA,0.0,31.623388,38.416363,37.278183,713.0
2025-09-06 14:00:00,solar.bun_hsc#realenergyintotheload#kwh,BUNDOORA,0.0,31.50863,37.389572,36.28181,653.0
2025-09-06 15:00:00,solar.bun_hsc#realenergyintotheload#kwh,BUNDOORA,0.0,26.14267,30.22464,29.329159,538.0
2025-09-06 16:00:00,solar.bun_hsc#realenergyintotheload#kwh,BUNDOORA,0.0,17.309566,16.764217,16.267536,326.0
2025-09-06 17:00:00,solar.bun_hsc#realenergyintotheload#kwh,BUNDOORA,0.0,5.3642936,6.587713,6.392535,154.0
2025-09-06 18:00:00,solar.bun_hsc#realenergyintotheload#kwh,BUNDOORA,0.0,0.78212535,0.12247819,0.118849464,6.0
2025-09-06 19:00:00,solar.bun_hsc#realenergyintotheload#kwh,BUNDOORA,0.0,0.3383223,0.007782605,0.007552026,0.0
2025-09-06 20:00:00,solar.bun_hsc#realenergyintotheload#kwh,BUNDOORA,0.0,0.28359804,-0.010380991,0.0,0.0
2025-09-06 21:00:00,solar.bun_hsc#realenergyintotheload#kwh,BUNDOORA,0.0,0.065761,0.007656993,0.0074301353,0.0
2025-09-06 22:00:00,solar.bun_hsc#realenergyintotheload#kwh,BUNDOORA,0.0,0.078638926,0.025867173,0.025100794,0.0
2025-09-06 23:00:00,solar.bun_hsc#realenergyintotheload#kwh,BUNDOORA,0.0,-0.31649384,-0.017819084,0.0,0.0
2025-09-07 00:00:00,solar.bun_hsc#realenergyintotheload#kwh,BUNDOORA,0.0,-0.31649384,-0.017819084,0.0,0.0
2025-09-07 01:00:00,solar.bun_hsc#realenergyintotheload#kwh,BUNDOORA,0.0,-0.3356385,0.011980679,0.011625721,0.0
2025-09-07 02:00:00,solar.bun_hsc#realenergyintotheload#kwh,BUNDOORA,0.0,-0.41029713,0.026517492,0.025731845,0.0
2025-09-07 03:00:00,solar.bun_hsc#realenergyintotheload#kwh,BUNDOORA,0.0,-0.4026787,0.027509335,0.026694303,0.0
2025-09-07 04:00:00,solar.bun_hsc#realenergyintotheload#kwh,BUNDOORA,0.0,-0.2812533,0.04494712,0.04361545,0.0
2025-09-07 05:00:00,solar.bun_hsc#realenergyintotheload#kwh,BUNDOORA,0.0,-0.42804462,0.044437286,0.04312072,0.0
2025-09-07 06:00:00,solar.bun_hsc#realenergyintotheload#kwh,BUNDOORA,0.0,-0.43512633,0.044141848,0.042834036,0.0
2025-09-07 07:00:00,solar.bun_hsc#realenergyintotheload#kwh,BUNDOORA,0.125,-0.19084801,0.27396318,0.26584634,9.0
2025-09-07 08:00:00,solar.bun_hsc#realenergyintotheload#kwh,BUNDOORA,1.90625,1.0939783,3.0573683,2.9667861,67.0
2025-09-07 09:00:00,solar.bun_hsc#realenergyintotheload#kwh,BUNDOORA,5.0625,6.2477145,9.118509,8.848351,178.0
2025-09-07 10:00:00,solar.bun_hsc#realenergyintotheload#kwh,BUNDOORA,12.15625,10.378,9.532459,9.250036,198.0
2025-09-07 11:00:00,solar.bun_hsc#realenergyintotheload#kwh,BUNDOORA,8.0625,11.371533,8.639077,8.383122,175.0
2025-09-07 12:00:00,solar.bun_hsc#realenergyintotheload#kwh,BUNDOORA,5.3125,7.3116655,6.020873,5.8424897,116.0
2025-09-07 13:00:00,solar.bun_hsc#realenergyintotheload#kwh,BUNDOORA,5.34375,4.1689563,4.2095785,4.0848594,84.0
2025-09-07 14:00:00,solar.bun_hsc#realenergyintotheload#kwh,BUNDOORA,10.71875,9.222078,14.926962,14.484714,305.0
2025-09-07 15:00:00,solar.bun_hsc#realenergyintotheload#kwh,BUNDOORA,17.125,12.657607,15.398941,14.942709,296.0
2025-09-07 16:00:00,solar.bun_hsc#realenergyintotheload#kwh,BUNDOORA,16.6875,11.885574,19.409546,18.83449,356.0
2025-09-07 17:00:00,solar.bun_hsc#realenergyintotheload#kwh,BUNDOORA,5.125,8.933893,4.365999,4.2366457,112.0
2025-09-07 18:00:00,solar.bun_hsc#realenergyintotheload#kwh,BUNDOORA,1.21875,0.24910729,0.10854842,0.1053324,5.0
2025-09-07 19:00:00,solar.bun_hsc#realenergyintotheload#kwh,BUNDOORA,0.0,0.0059003383,0.00033781052,0.00032780203,0.0
2025-09-07 20:00:00,solar.bun_hsc#realenergyintotheload#kwh,BUNDOORA,0.0,0.19715208,0.0035173586,0.003413148,0.0
2025-09-07 21:00:00,solar.bun_hsc#realenergyintotheload#kwh,BUNDOORA,0.0,0.0452982,0.0032483125,0.0031520731,0.0
2025-09-07 22:00:00,solar.bun_hsc#realenergyintotheload#kwh,BUNDOORA,0.0,0.041483678,0.038271625,0.037137732,0.0
2025-09-07 23:00:00,solar.bun_hsc#realenergyintotheload#kwh,BUNDOORA,0.0,0.14127444,0.020343628,0.019740896,0.0
2025-09-08 00:00:00,solar.bun_hsc#realenergyintotheload#kwh,BUNDOORA,0.0,-0.04507234,0.0014473358,0.0014044548,0.0
2025-09-08 01:00:00,solar.bun_hsc#realenergyintotheload#kwh,BUNDOORA,0.0,0.11789045,0.0003167007,0.00030731765,0.0
2025-09-08 02:00:00,solar.bun_hsc#realenergyintotheload#kwh,BUNDOORA,0.0,0.034664135,-0.0007276572,0.0,0.0
2025-09-08 03:00:00,solar.bun_hsc#realenergyintotheload#kwh,BUNDOORA,0.0,0.034664135,-5.7099678e-05,0.0,0.0
2025-09-08 04:00:00,solar.bun_hsc#realenergyintotheload#kwh,BUNDOORA,0.0,0.040912323,0.00351601,0.0034118395,0.0
2025-09-08 05:00:00,solar.bun_hsc#realenergyintotheload#kwh,BUNDOORA,0.0,0.04399626,0.004066685,0.0039461995,0.0
2025-09-08 06:00:00,solar.bun_hsc#realenergyintotheload#kwh,BUNDOORA,0.0,0.12329241,0.004066685,0.0039461995,0.0
2025-09-08 07:00:00,solar.bun_hsc#realenergyintotheload#kwh,BUNDOORA,0.0625,1.3245695,0.58513767,0.5678015,16.0
2025-09-08 08:00:00,solar.bun_hsc#realenergyintotheload#kwh,BUNDOORA,1.34375,4.500309,10.694927,10.378063,184.0
2025-09-08 09:00:00,solar.bun_hsc#realenergyintotheload#kwh,BUNDOORA,7.6875,19.548697,20.702993,20.089615,374.0
2025-09-08 10:00:00,solar.bun_hsc#realenergyintotheload#kwh,BUNDOORA,21.90625,21.898893,27.55429,26.737926,539.0
2025-09-08 11:00:00,solar.bun_hsc#realenergyintotheload#kwh,BUNDOORA,32.6875,26.953077,35.647522,34.591373,661.0
2025-09-08 12:00:00,solar.bun_hsc#realenergyintotheload#kwh,BUNDOORA,33.5,26.008888,30.82501,29.911743,595.0
2025-09-08 13:00:00,solar.bun_hsc#realenergyintotheload#kwh,BUNDOORA,34.34375,27.816565,35.763924,34.704327,703.0
2025-09-08 14:00:00,solar.bun_hsc#realenergyintotheload#kwh,BUNDOORA,33.40625,24.888206,35.511463,34.459347,671.0
2025-09-08 15:00:00,solar.bun_hsc#realenergyintotheload#kwh,BUNDOORA,21.1875,21.513247,24.634281,23.904428,451.0
2025-09-08 16:00:00,solar.bun_hsc#realenergyintotheload#kwh,BUNDOORA,14.5625,10.956993,10.8565855,10.534932,210.0
2025-09-08 17:00:00,solar.bun_hsc#realenergyintotheload#kwh,BUNDOORA,5.53125,7.9702525,10.397388,10.08934,188.0
2025-09-08 18:00:00,solar.bun_hsc#realenergyintotheload#kwh,BUNDOORA,0.9375,1.8872831,0.9233264,0.8959705,24.0
2025-09-08 19:00:00,solar.bun_hsc#realenergyintotheload#kwh,BUNDOORA,0.0,-0.00023009814,0.006507501,0.0063147,0.0
2025-09-08 20:00:00,solar.bun_hsc#realenergyintotheload#kwh,BUNDOORA,0.0,0.08616883,0.0021233712,0.002060461,0.0
2025-09-08 21:00:00,solar.bun_hsc#realenergyintotheload#kwh,BUNDOORA,0.0,0.068076394,-0.00027103294,0.0,0.0
2025-09-08 22:00:00,solar.bun_hsc#realenergyintotheload#kwh,BUNDOORA,0.0,0.06269069,0.0038416353,0.0037278172,0.0
2025-09-08 23:00:00,solar.bun_hsc#realenergyintotheload#kwh,BUNDOORA,0.0,0.078854844,0.0038416353,0.0037278172,0.0
2025-09-09 00:00:00,solar.bun_hsc#realenergyintotheload#kwh,BUNDOORA,0.0,0.014152305,0.010756503,0.0104378145,0.0
2025-09-09 01:00:00,solar.bun_hsc#realenergyintotheload#kwh,BUNDOORA,0.0,-0.011371136,0.010658649,0.01034286,0.0
2025-09-09 02:00:00,solar.bun_hsc#realenergyintotheload#kwh,BUNDOORA,0.0,0.0072323745,0.0017574747,0.0017054052,0.0
2025-09-09 03:00:00,solar.bun_hsc#realenergyintotheload#kwh,BUNDOORA,0.0,0.00057695416,0.00173517,0.0016837612,0.0
2025-09-09 04:00:00,solar.bun_hsc#realenergyintotheload#kwh,BUNDOORA,0.0,-0.0035872774,0.002284749,0.0022170576,0.0
2025-09-09 05:00:00,solar.bun_hsc#realenergyintotheload#kwh,BUNDOORA,0.0,0.003983745,0.002284749,0.0022170576,0.0
2025-09-09 06:00:00,solar.bun_hsc#realenergyintotheload#kwh,BUNDOORA,0.0,0.12817067,0.002382604,0.0023120134,0.0
2025-09-09 07:00:00,solar.bun_hsc#realenergyintotheload#kwh,BUNDOORA,0.21875,0.39658615,0.38371053,0.37234214,13.0
2025-09-09 08:00:00,solar.bun_hsc#realenergyintotheload#kwh,BUNDOORA,3.09375,4.140238,4.044417,3.9245908,109.0
2025-09-09 09:00:00,solar.bun_hsc#realenergyintotheload#kwh,BUNDOORA,8.6875,6.869891,13.744578,13.33736,260.0
2025-09-09 10:00:00,solar.bun_hsc#realenergyintotheload#kwh,BUNDOORA,9.875,10.744356,10.9365015,10.61248,211.0
2025-09-09 11:00:00,solar.bun_hsc#realenergyintotheload#kwh,BUNDOORA,9.78125,14.529543,16.032099,15.557108,305.0
2025-09-09 12:00:00,solar.bun_hsc#realenergyintotheload#kwh,BUNDOORA,25.0,21.873924,26.03349,25.262182,483.0
2025-09-09 13:00:00,solar.bun_hsc#realenergyintotheload#kwh,BUNDOORA,35.375,17.379797,24.13471,23.419659,447.0
2025-09-09 14:00:00,solar.bun_hsc#realenergyintotheload#kwh,BUNDOORA,21.65625,15.894604,25.602875,24.844326,462.0
2025-09-09 15:00:00,solar.bun_hsc#realenergyintotheload#kwh,BUNDOORA,25.21875,16.987673,29.186728,28.321999,519.0
2025-09-09 16:00:00,solar.bun_hsc#realenergyintotheload#kwh,BUNDOORA,12.875,10.41238,11.332992,10.997223,212.0
2025-09-09 17:00:00,solar.bun_hsc#realenergyintotheload#kwh,BUNDOORA,5.84375,7.929154,6.622249,6.4260483,156.0
2025-09-09 18:00:00,solar.bun_hsc#realenergyintotheload#kwh,BUNDOORA,1.03125,2.4888456,0.62772804,0.60913,18.0
2025-09-09 19:00:00,solar.bun_hsc#realenergyintotheload#kwh,BUNDOORA,0.0,0.071198344,0.0017507143,0.001698845,0.0
2025-09-09 20:00:00,solar.bun_hsc#realenergyintotheload#kwh,BUNDOORA,0.0,0.0051210593,0.0016896713,0.0016396106,0.0
2025-09-09 21:00:00,solar.bun_hsc#realenergyintotheload#kwh,BUNDOORA,0.0,-0.0021454152,0.002875566,0.0027903703,0.0
2025-09-09 22:00:00,solar.bun_hsc#realenergyintotheload#kwh,BUNDOORA,0.0,0.0025244125,0.00173517,0.0016837612,0.0
2025-09-09 23:00:00,solar.bun_hsc#realenergyintotheload#kwh,BUNDOORA,0.0,-0.004118969,0.002284749,0.0022170576,0.0
2025-09-10 00:00:00,solar.bun_hsc#realenergyintotheload#kwh,BUNDOORA,0.0,-0.0010651173,0.00173517,0.0016837612,0.0
2025-09-10 01:00:00,solar.bun_hsc#realenergyintotheload#kwh,BUNDOORA,0.0,-0.0014873066,0.00173517,0.0016837612,0.0
2025-09-10 02:00:00,solar.bun_hsc#realenergyintotheload#kwh,BUNDOORA,0.0,-0.002649359,0.002875566,0.0027903703,0.0
2025-09-10 03:00:00,solar.bun_hsc#realenergyintotheload#kwh,BUNDOORA,0.0,-0.0014873066,0.002284749,0.0022170576,0.0
2025-09-10 04:00:00,solar.bun_hsc#realenergyintotheload#kwh,BUNDOORA,0.0,-0.004271523,0.002875566,0.0027903703,0.0
2025-09-10 05:00:00,solar.bun_hsc#realenergyintotheload#kwh,BUNDOORA,0.0,-0.0042832545,0.002875566,0.0027903703,0.0
2025-09-10 06:00:00,solar.bun_hsc#realenergyintotheload#kwh,BUNDOORA,0.0,0.011344595,0.0025801277,0.002503685,0.0
2025-09-10 07:00:00,solar.bun_hsc#realenergyintotheload#kwh,BUNDOORA,0.0,0.16310044,0.2822557,0.27389318,9.0
2025-09-10 08:00:00,solar.bun_hsc#realenergyintotheload#kwh,BUNDOORA,0.0,1.3101084,3.5565858,3.4512131,98.0
2025-09-10 09:00:00,solar.bun_hsc#realenergyintotheload#kwh,BUNDOORA,0.0,5.0765014,14.088809,13.671392,274.0
2025-09-10 10:00:00,solar.bun_hsc#realenergyintotheload#kwh,BUNDOORA,0.0,11.373948,12.243589,11.880842,230.0
2025-09-10 11:00:00,solar.bun_hsc#realenergyintotheload#kwh,BUNDOORA,0.0,12.366927,14.172993,13.753082,271.0
2025-09-10 12:00:00,solar.bun_hsc#realenergyintotheload#kwh,BUNDOORA,0.0,16.127327,19.466993,18.890236,369.0
2025-09-10 13:00:00,solar.bun_hsc#realenergyintotheload#kwh,BUNDOORA,0.0,13.657708,13.252818,12.86017,259.0
2025-09-10 14:00:00,solar.bun_hsc#realenergyintotheload#kwh,BUNDOORA,0.0,11.033802,9.479464,9.19861,191.0
2025-09-10 15:00:00,solar.bun_hsc#realenergyintotheload#kwh,BUNDOORA,0.0,10.000791,9.172812,8.901045,185.0
2025-09-10 16:00:00,solar.bun_hsc#realenergyintotheload#kwh,BUNDOORA,0.0,7.7175527,7.432033,7.2118406,145.0
2025-09-10 17:00:00,solar.bun_hsc#realenergyintotheload#kwh,BUNDOORA,0.0,3.6543405,4.03072,3.9113,83.0
2025-09-10 18:00:00,solar.bun_hsc#realenergyintotheload#kwh,BUNDOORA,0.0,2.4515913,0.13204779,0.12813555,6.0
2025-09-10 19:00:00,solar.bun_hsc#realenergyintotheload#kwh,BUNDOORA,0.0,0.13415585,0.0036361506,0.0035284206,0.0
2025-09-10 20:00:00,solar.bun_hsc#realenergyintotheload#kwh,BUNDOORA,0.0,-0.03134174,0.0037926142,0.0036802485,0.0
2025-09-10 21:00:00,solar.bun_hsc#realenergyintotheload#kwh,BUNDOORA,0.0,-0.0151631,0.0037993742,0.0036868083,0.0
2025-09-10 22:00:00,solar.bun_hsc#realenergyintotheload#kwh,BUNDOORA,0.0,0.0013363806,0.0037993742,0.0036868083,0.0
2025-09-10 23:00:00,solar.bun_hsc#realenergyintotheload#kwh,BUNDOORA,0.0,-0.022837488,0.0037040035,0.0035942632,0.0
2025-09-11 00:00:00,solar.bun_hsc#realenergyintotheload#kwh,BUNDOORA,0.0,-0.031864148,0.0045092776,0.004375679,0.0
2025-09-11 01:00:00,solar.bun_hsc#realenergyintotheload#kwh,BUNDOORA,0.0,0.005848374,0.0045092776,0.004375679,0.0
2025-09-11 02:00:00,solar.bun_hsc#realenergyintotheload#kwh,BUNDOORA,0.0,0.010333977,0.0045092776,0.004375679,0.0
2025-09-11 03:00:00,solar.bun_hsc#realenergyintotheload#kwh,BUNDOORA,0.0,0.017905,0.0045092776,0.004375679,0.0
2025-09-11 04:00:00,solar.bun_hsc#realenergyintotheload#kwh,BUNDOORA,0.0,-0.00068813004,0.0040163156,0.003897322,0.0
2025-09-11 05:00:00,solar.bun_hsc#realenergyintotheload#kwh,BUNDOORA,0.0,-0.009979693,0.0034667375,0.0033640268,0.0
2025-09-11 06:00:00,solar.bun_hsc#realenergyintotheload#kwh,BUNDOORA,0.0,0.046750255,0.0034667375,0.0033640268,0.0
2025-09-11 07:00:00,solar.bun_hsc#realenergyintotheload#kwh,BUNDOORA,0.34375,0.5985379,0.6219054,0.60347986,18.0
2025-09-11 08:00:00,solar.bun_hsc#realenergyintotheload#kwh,BUNDOORA,3.4375,2.5236526,5.870985,5.6970425,163.0
2025-09-11 09:00:00,solar.bun_hsc#realenergyintotheload#kwh,BUNDOORA,9.1875,7.033904,14.914306,14.472432,277.0
2025-09-11 10:00:00,solar.bun_hsc#realenergyintotheload#kwh,BUNDOORA,13.9375,9.920154,16.104406,15.627273,303.0
2025-09-11 11:00:00,solar.bun_hsc#realenergyintotheload#kwh,BUNDOORA,16.34375,13.749974,20.357,19.753874,394.0
2025-09-11 12:00:00,solar.bun_hsc#realenergyintotheload#kwh,BUNDOORA,18.96875,16.073908,20.783121,20.16737,392.0
2025-09-11 13:00:00,solar.bun_hsc#realenergyintotheload#kwh,BUNDOORA,22.9375,16.847742,24.382458,23.660067,453.0
2025-09-11 14:00:00,solar.bun_hsc#realenergyintotheload#kwh,BUNDOORA,26.59375,23.778955,34.958626,33.92289,631.0
2025-09-11 15:00:00,solar.bun_hsc#realenergyintotheload#kwh,BUNDOORA,34.53125,22.099834,31.58987,30.653942,568.0
2025-09-11 16:00:00,solar.bun_hsc#realenergyintotheload#kwh,BUNDOORA,15.8125,13.412902,15.776938,15.309507,281.0
2025-09-11 17:00:00,solar.bun_hsc#realenergyintotheload#kwh,BUNDOORA,3.84375,5.2609963,4.4254785,4.2943625,95.0
2025-09-11 18:00:00,solar.bun_hsc#realenergyintotheload#kwh,BUNDOORA,1.1875,2.044491,0.6186902,0.60036,17.0
2025-09-11 19:00:00,solar.bun_hsc#realenergyintotheload#kwh,BUNDOORA,0.0,0.13018692,0.001833026,0.001778718,0.0
2025-09-11 20:00:00,solar.bun_hsc#realenergyintotheload#kwh,BUNDOORA,0.0,0.0063855886,0.0032597105,0.0031631335,0.0
2025-09-11 21:00:00,solar.bun_hsc#realenergyintotheload#kwh,BUNDOORA,0.0,-0.0014955921,0.002382604,0.0023120134,0.0
2025-09-11 22:00:00,solar.bun_hsc#realenergyintotheload#kwh,BUNDOORA,0.0,0.0110554155,0.001833026,0.001778718,0.0
2025-09-11 23:00:00,solar.bun_hsc#realenergyintotheload#kwh,BUNDOORA,0.0,0.007719277,0.0016794458,0.0016296881,0.0
2025-09-12 00:00:00,solar.bun_hsc#realenergyintotheload#kwh,BUNDOORA,0.0,-0.002207347,0.0016493935,0.001600526,0.0
2025-09-12 01:00:00,solar.bun_hsc#realenergyintotheload#kwh,BUNDOORA,0.0,0.0013908029,0.0016493935,0.001600526,0.0
2025-09-12 02:00:00,solar.bun_hsc#realenergyintotheload#kwh,BUNDOORA,0.0,0.0013908029,0.0016493935,0.001600526,0.0
2025-09-12 03:00:00,solar.bun_hsc#realenergyintotheload#kwh,BUNDOORA,0.0,0.00011914148,0.0016493935,0.001600526,0.0
2025-09-12 04:00:00,solar.bun_hsc#realenergyintotheload#kwh,BUNDOORA,0.0,0.0022479475,0.0012877441,0.0012495915,0.0
2025-09-12 05:00:00,solar.bun_hsc#realenergyintotheload#kwh,BUNDOORA,0.0,-0.008858709,0.0012877441,0.0012495915,0.0
2025-09-12 06:00:00,solar.bun_hsc#realenergyintotheload#kwh,BUNDOORA,0.0,-0.0014140764,0.00173517,0.0016837612,0.0
2025-09-12 07:00:00,solar.bun_hsc#realenergyintotheload#kwh,BUNDOORA,0.21875,0.6109712,0.93625593,0.908517,23.0
2025-09-12 08:00:00,solar.bun_hsc#realenergyintotheload#kwh,BUNDOORA,3.625,1.4599597,5.446736,5.2853627,150.0
2025-09-12 09:00:00,solar.bun_hsc#realenergyintotheload#kwh,BUNDOORA,9.375,7.290407,14.244972,13.822929,274.0
2025-09-12 10:00:00,solar.bun_hsc#realenergyintotheload#kwh,BUNDOORA,14.25,19.200901,28.769976,27.917593,502.0
2025-09-12 11:00:00,solar.bun_hsc#realenergyintotheload#kwh,BUNDOORA,0.0,17.810137,19.380316,18.806126,360.0
2025-09-12 12:00:00,solar.bun_hsc#realenergyintotheload#kwh,BUNDOORA,0.0,21.474419,21.92463,21.275057,408.0
2025-09-12 13:00:00,solar.bun_hsc#realenergyintotheload#kwh,BUNDOORA,0.0,26.750237,28.789215,27.936262,554.0
2025-09-12 14:00:00,solar.bun_hsc#realenergyintotheload#kwh,BUNDOORA,0.0,13.56369,8.092583,7.85282,161.0
2025-09-12 15:00:00,solar.bun_hsc#realenergyintotheload#kwh,BUNDOORA,0.0,13.475283,8.707749,8.44976,168.0
2025-09-12 16:00:00,solar.bun_hsc#realenergyintotheload#kwh,BUNDOORA,0.0,12.993632,11.599356,11.255695,214.0
2025-09-12 17:00:00,solar.bun_hsc#realenergyintotheload#kwh,BUNDOORA,0.0,9.124839,5.9555545,5.779106,143.0
2025-09-12 18:00:00,solar.bun_hsc#realenergyintotheload#kwh,BUNDOORA,0.0,3.1160798,0.74656534,0.7244465,20.0
2025-09-12 19:00:00,solar.bun_hsc#realenergyintotheload#kwh,BUNDOORA,0.0,0.17108056,0.005594237,0.0054284935,0.0
2025-09-12 20:00:00,solar.bun_hsc#realenergyintotheload#kwh,BUNDOORA,0.0,0.027970934,0.0043715457,0.0042420276,0.0
2025-09-12 21:00:00,solar.bun_hsc#realenergyintotheload#kwh,BUNDOORA,0.0,0.017730858,0.00555744,0.005392787,0.0
2025-09-12 22:00:00,solar.bun_hsc#realenergyintotheload#kwh,BUNDOORA,0.0,0.016089138,0.00555744,0.005392787,0.0
2025-09-12 23:00:00,solar.bun_hsc#realenergyintotheload#kwh,BUNDOORA,0.0,0.011309553,0.004966623,0.0048194746,0.0
2025-09-13 00:00:00,solar.bun_hsc#realenergyintotheload#kwh,BUNDOORA,0.0,-0.010887284,0.001134825,0.001101203,0.0
2025-09-13 01:00:00,solar.bun_hsc#realenergyintotheload#kwh,BUNDOORA,0.0,-0.010887284,0.001134825,0.001101203,0.0
2025-09-13 02:00:00,solar.bun_hsc#realenergyintotheload#kwh,BUNDOORA,0.0,-0.010887284,0.0027572457,0.0026755554,0.0
2025-09-13 03:00:00,solar.bun_hsc#realenergyintotheload#kwh,BUNDOORA,0.0,0.014555497,0.0026036655,0.0025265254,0.0
2025-09-13 04:00:00,solar.bun_hsc#realenergyintotheload#kwh,BUNDOORA,0.0,0.014714116,0.0033068247,0.0032088517,0.0
2025-09-13 05:00:00,solar.bun_hsc#realenergyintotheload#kwh,BUNDOORA,0.0,0.014221314,0.0026036655,0.0025265254,0.0
2025-09-13 06:00:00,solar.bun_hsc#realenergyintotheload#kwh,BUNDOORA,0.0,0.05566998,0.0021193153,0.0020565253,0.0
2025-09-13 07:00:00,solar.bun_hsc#realenergyintotheload#kwh,BUNDOORA,0.0,1.5762558,0.82860583,0.8040563,21.0
2025-09-13 08:00:00,solar.bun_hsc#realenergyintotheload#kwh,BUNDOORA,0.0,1.8430954,4.901461,4.756243,150.0
2025-09-13 09:00:00,solar.bun_hsc#realenergyintotheload#kwh,BUNDOORA,0.0,4.7997622,13.771523,13.363507,260.0
2025-09-13 10:00:00,solar.bun_hsc#realenergyintotheload#kwh,BUNDOORA,0.0,15.430209,30.117308,29.225008,530.0
2025-09-13 11:00:00,solar.bun_hsc#realenergyintotheload#kwh,BUNDOORA,0.0,15.57144,19.503454,18.925615,369.0
2025-09-13 12:00:00,solar.bun_hsc#realenergyintotheload#kwh,BUNDOORA,0.0,14.563514,13.385503,12.988924,259.0
2025-09-13 13:00:00,solar.bun_hsc#realenergyintotheload#kwh,BUNDOORA,0.0,21.705124,24.157705,23.441973,440.0
2025-09-13 14:00:00,solar.bun_hsc#realenergyintotheload#kwh,BUNDOORA,0.0,22.830961,27.320784,26.511337,509.0
2025-09-13 15:00:00,solar.bun_hsc#realenergyintotheload#kwh,BUNDOORA,0.0,14.388003,8.907238,8.643339,174.0
2025-09-13 16:00:00,solar.bun_hsc#realenergyintotheload#kwh,BUNDOORA,0.0,3.4279618,4.138798,4.0161757,83.0
2025-09-13 17:00:00,solar.bun_hsc#realenergyintotheload#kwh,BUNDOORA,0.0,3.8350887,4.189574,4.0654473,86.0
2025-09-13 18:00:00,solar.bun_hsc#realenergyintotheload#kwh,BUNDOORA,0.0,4.1925917,0.489217,0.47472274,14.0
2025-09-13 19:00:00,solar.bun_hsc#realenergyintotheload#kwh,BUNDOORA,0.0,0.2746777,0.00012988166,0.0001260336,0.0
2025-09-13 20:00:00,solar.bun_hsc#realenergyintotheload#kwh,BUNDOORA,0.0,0.0013720111,0.00393502,0.0038184351,0.0
2025-09-13 21:00:00,solar.bun_hsc#realenergyintotheload#kwh,BUNDOORA,0.0,0.0029900242,0.002275221,0.002207812,0.0
2025-09-13 22:00:00,solar.bun_hsc#realenergyintotheload#kwh,BUNDOORA,0.0,0.014221314,0.0033068247,0.0032088517,0.0
2025-09-13 23:00:00,solar.bun_hsc#realenergyintotheload#kwh,BUNDOORA,0.0,0.021874063,0.002671469,0.00259232,0.0
2025-09-14 00:00:00,solar.bun_hsc#realenergyintotheload#kwh,BUNDOORA,0.0,0.037941888,0.0037530265,0.0036418338,0.0
2025-09-14 01:00:00,solar.bun_hsc#realenergyintotheload#kwh,BUNDOORA,0.0,0.010965673,0.0020462498,0.0019856244,0.0
2025-09-14 02:00:00,solar.bun_hsc#realenergyintotheload#kwh,BUNDOORA,0.0,0.01502453,0.0017599604,0.0017078172,0.0
2025-09-14 03:00:00,solar.bun_hsc#realenergyintotheload#kwh,BUNDOORA,0.0,0.008590253,0.0031050877,0.0030130916,0.0
2025-09-14 04:00:00,solar.bun_hsc#realenergyintotheload#kwh,BUNDOORA,0.0,0.013341166,0.0034667375,0.0033640268,0.0
2025-09-14 05:00:00,solar.bun_hsc#realenergyintotheload#kwh,BUNDOORA,0.0,0.00046474766,0.0034667375,0.0033640268,0.0
2025-09-14 06:00:00,solar.bun_hsc#realenergyintotheload#kwh,BUNDOORA,0.0,0.14216964,0.0031050877,0.0030130916,0.0
2025-09-14 07:00:00,solar.bun_hsc#realenergyintotheload#kwh,BUNDOORA,0.0,0.9613045,1.3657533,1.3252895,32.0
2025-09-14 08:00:00,solar.bun_hsc#realenergyintotheload#kwh,BUNDOORA,0.0,3.9914472,11.977324,11.622465,214.0
2025-09-14 09:00:00,solar.bun_hsc#realenergyintotheload#kwh,BUNDOORA,0.0,11.609132,23.410833,22.717228,409.0
2025-09-14 10:00:00,solar.bun_hsc#realenergyintotheload#kwh,BUNDOORA,0.0,19.53652,31.248955,30.323126,581.0
2025-09-14 11:00:00,solar.bun_hsc#realenergyintotheload#kwh,BUNDOORA,0.0,32.67818,36.893127,35.800076,703.0
2025-09-14 12:00:00,solar.bun_hsc#realenergyintotheload#kwh,BUNDOORA,0.0,32.015495,40.683475,39.478127,744.0
2025-09-14 13:00:00,solar.bun_hsc#realenergyintotheload#kwh,BUNDOORA,0.0,33.94524,41.068913,39.852142,761.0
2025-09-14 14:00:00,solar.bun_hsc#realenergyintotheload#kwh,BUNDOORA,0.0,31.840597,36.923973,35.83001,702.0
2025-09-14 15:00:00,solar.bun_hsc#realenergyintotheload#kwh,BUNDOORA,0.0,18.840992,30.25305,29.356728,553.0
2025-09-14 16:00:00,solar.bun_hsc#realenergyintotheload#kwh,BUNDOORA,0.0,22.4919,22.92016,22.241093,412.0
2025-09-14 17:00:00,solar.bun_hsc#realenergyintotheload#kwh,BUNDOORA,0.0,10.308953,12.222684,11.860557,223.0
2025-09-14 18:00:00,solar.bun_hsc#realenergyintotheload#kwh,BUNDOORA,0.0,1.872492,1.5616195,1.5153526,37.0
2025-09-14 19:00:00,solar.bun_hsc#realenergyintotheload#kwh,BUNDOORA,0.0,0.2609117,0.0039047399,0.0037890521,0.0
2025-09-14 20:00:00,solar.bun_hsc#realenergyintotheload#kwh,BUNDOORA,0.0,-0.15692812,0.0039047399,0.0037890521,0.0
2025-09-14 21:00:00,solar.bun_hsc#realenergyintotheload#kwh,BUNDOORA,0.0,0.332781,-0.01618175,0.0,0.0
2025-09-14 22:00:00,solar.bun_hsc#realenergyintotheload#kwh,BUNDOORA,0.0,0.20004871,0.015913265,0.015441795,0.0
2025-09-14 23:00:00,solar.bun_hsc#realenergyintotheload#kwh,BUNDOORA,0.0,-0.09148013,0.01965242,0.019070169,0.0
2025-09-15 00:00:00,solar.bun_hsc#realenergyintotheload#kwh,BUNDOORA,0.0,-0.19620575,-0.010147339,0.0,0.0
2025-09-15 01:00:00,solar.bun_hsc#realenergyintotheload#kwh,BUNDOORA,0.0,-0.21482678,0.0007343171,0.00071256113,0.0
2025-09-15 02:00:00,solar.bun_hsc#realenergyintotheload#kwh,BUNDOORA,0.0,-0.17430432,0.0014374761,0.0013948873,0.0
2025-09-15 03:00:00,solar.bun_hsc#realenergyintotheload#kwh,BUNDOORA,0.0,-0.18999082,0.017833611,0.017305246,0.0
2025-09-15 04:00:00,solar.bun_hsc#realenergyintotheload#kwh,BUNDOORA,0.0,-0.009050589,0.021965096,0.021314325,0.0
2025-09-15 05:00:00,solar.bun_hsc#realenergyintotheload#kwh,BUNDOORA,0.0,-0.07142424,0.006886909,0.0066828667,0.0
2025-09-15 06:00:00,solar.bun_hsc#realenergyintotheload#kwh,BUNDOORA,0.0,0.02548642,0.0045129564,0.0043792487,0.0
2025-09-15 07:00:00,solar.bun_hsc#realenergyintotheload#kwh,BUNDOORA,0.0,2.0653584,1.2591254,1.2218206,29.0
2025-09-15 08:00:00,solar.bun_hsc#realenergyintotheload#kwh,BUNDOORA,0.0,8.873756,11.572281,11.2294235,207.0
2025-09-15 09:00:00,solar.bun_hsc#realenergyintotheload#kwh,BUNDOORA,0.0,16.362244,16.340122,15.856006,295.0
2025-09-15 10:00:00,solar.bun_hsc#realenergyintotheload#kwh,BUNDOORA,0.0,23.861792,30.515038,29.610952,528.0
2025-09-15 11:00:00,solar.bun_hsc#realenergyintotheload#kwh,BUNDOORA,0.0,33.41888,37.49681,36.385876,693.0
2025-09-15 12:00:00,solar.bun_hsc#realenergyintotheload#kwh,BUNDOORA,0.0,36.092262,41.06864,39.85188,771.0
2025-09-15 13:00:00,solar.bun_hsc#realenergyintotheload#kwh,BUNDOORA,0.0,20.062902,28.196878,27.361475,524.0
2025-09-15 14:00:00,solar.bun_hsc#realenergyintotheload#kwh,BUNDOORA,0.0,31.66084,37.567215,36.454193,709.0
2025-09-15 15:00:00,solar.bun_hsc#realenergyintotheload#kwh,BUNDOORA,0.0,27.605715,32.475163,31.513004,588.0
2025-09-15 16:00:00,solar.bun_hsc#realenergyintotheload#kwh,BUNDOORA,0.0,17.402466,23.117277,22.43237,419.0
2025-09-15 17:00:00,solar.bun_hsc#realenergyintotheload#kwh,BUNDOORA,0.0,8.793226,12.1607485,11.800456,227.0
2025-09-15 18:00:00,solar.bun_hsc#realenergyintotheload#kwh,BUNDOORA,0.0,1.3356811,1.561897,1.5156219,36.0
2025-09-15 19:00:00,solar.bun_hsc#realenergyintotheload#kwh,BUNDOORA,0.0,0.3429065,-0.0046163555,0.0,0.0
2025-09-15 20:00:00,solar.bun_hsc#realenergyintotheload#kwh,BUNDOORA,0.0,-0.05005569,0.019778376,0.019192392,0.0
2025-09-15 21:00:00,solar.bun_hsc#realenergyintotheload#kwh,BUNDOORA,0.0,0.12502836,0.021851214,0.021203816,0.0
2025-09-15 22:00:00,solar.bun_hsc#realenergyintotheload#kwh,BUNDOORA,0.0,0.10643523,0.01798288,0.017450092,0.0
2025-09-15 23:00:00,solar.bun_hsc#realenergyintotheload#kwh,BUNDOORA,0.0,-0.015637636,0.011648622,0.011303503,0.0
2025-09-16 00:00:00,solar.bun_hsc#realenergyintotheload#kwh,BUNDOORA,0.0,-0.014547367,-0.031278014,0.0,0.0
2025-09-16 01:00:00,solar.bun_hsc#realenergyintotheload#kwh,BUNDOORA,0.0,0.07561133,0.015392099,0.014936069,0.0
2025-09-16 02:00:00,solar.bun_hsc#realenergyintotheload#kwh,BUNDOORA,0.0,0.046438605,0.010417189,0.010108554,0.0
2025-09-16 03:00:00,solar.bun_hsc#realenergyintotheload#kwh,BUNDOORA,0.0,0.043915108,0.023954565,0.02324485,0.0
2025-09-16 04:00:00,solar.bun_hsc#realenergyintotheload#kwh,BUNDOORA,0.0,0.08246093,-0.018814132,0.0,0.0
2025-09-16 05:00:00,solar.bun_hsc#realenergyintotheload#kwh,BUNDOORA,0.0,0.3053146,0.0006173996,0.0005991076,0.0
2025-09-16 06:00:00,solar.bun_hsc#realenergyintotheload#kwh,BUNDOORA,0.0,0.4467055,0.00081440806,0.0007902792,0.0
2025-09-16 07:00:00,solar.bun_hsc#realenergyintotheload#kwh,BUNDOORA,0.0,4.751042,0.36766165,0.35676876,12.0
2025-09-16 08:00:00,solar.bun_hsc#realenergyintotheload#kwh,BUNDOORA,0.0,4.8115325,3.141455,3.0483816,63.0
2025-09-16 09:00:00,solar.bun_hsc#realenergyintotheload#kwh,BUNDOORA,0.0,9.510056,6.031902,5.853192,122.0
2025-09-16 10:00:00,solar.bun_hsc#realenergyintotheload#kwh,BUNDOORA,0.0,5.7614493,2.6551304,2.5764656,59.0
2025-09-16 11:00:00,solar.bun_hsc#realenergyintotheload#kwh,BUNDOORA,0.0,8.380387,6.262764,6.077214,127.0
2025-09-16 12:00:00,solar.bun_hsc#realenergyintotheload#kwh,BUNDOORA,0.0,14.141526,10.518332,10.206699,212.0
2025-09-16 13:00:00,solar.bun_hsc#realenergyintotheload#kwh,BUNDOORA,0.0,14.183624,14.042063,13.626032,270.0
2025-09-16 14:00:00,solar.bun_hsc#realenergyintotheload#kwh,BUNDOORA,0.0,15.052792,10.751474,10.432935,215.0
2025-09-16 15:00:00,solar.bun_hsc#realenergyintotheload#kwh,BUNDOORA,0.0,12.788608,8.301874,8.05591,163.0
2025-09-16 16:00:00,solar.bun_hsc#realenergyintotheload#kwh,BUNDOORA,0.0,10.749732,12.559548,12.18744,226.0
2025-09-16 17:00:00,solar.bun_hsc#realenergyintotheload#kwh,BUNDOORA,0.0,7.115,4.7321353,4.5919337,108.0
2025-09-16 18:00:00,solar.bun_hsc#realenergyintotheload#kwh,BUNDOORA,0.0,4.9060507,0.607817,0.5898089,18.0
2025-09-16 19:00:00,solar.bun_hsc#realenergyintotheload#kwh,BUNDOORA,0.0,0.5604261,0.0049820323,0.004834427,0.0
2025-09-16 20:00:00,solar.bun_hsc#realenergyintotheload#kwh,BUNDOORA,0.0,0.043668624,0.0046692053,0.0045308685,0.0
2025-09-16 21:00:00,solar.bun_hsc#realenergyintotheload#kwh,BUNDOORA,0.0,0.016047085,0.004085133,0.0039641005,0.0
2025-09-16 22:00:00,solar.bun_hsc#realenergyintotheload#kwh,BUNDOORA,0.0,0.06131571,0.0031050877,0.0030130916,0.0
2025-09-16 23:00:00,solar.bun_hsc#realenergyintotheload#kwh,BUNDOORA,0.0,0.03999721,0.003854568,0.0037403668,0.0
2025-09-17 00:00:00,solar.bun_hsc#realenergyintotheload#kwh,BUNDOORA,0.0,0.05088203,0.0039499383,0.0038329116,0.0
2025-09-17 01:00:00,solar.bun_hsc#realenergyintotheload#kwh,BUNDOORA,0.0,-0.065621935,0.0026471503,0.0025687218,0.0
2025-09-17 02:00:00,solar.bun_hsc#realenergyintotheload#kwh,BUNDOORA,0.0,0.028794125,0.0022953656,0.0022273597,0.0
2025-09-17 03:00:00,solar.bun_hsc#realenergyintotheload#kwh,BUNDOORA,0.0,0.054262746,0.0044414243,0.004309836,0.0
2025-09-17 04:00:00,solar.bun_hsc#realenergyintotheload#kwh,BUNDOORA,0.0,0.067788556,0.0006039834,0.00058608886,0.0
2025-09-17 05:00:00,solar.bun_hsc#realenergyintotheload#kwh,BUNDOORA,0.0,0.05381566,0.0044414243,0.004309836,0.0
2025-09-17 06:00:00,solar.bun_hsc#realenergyintotheload#kwh,BUNDOORA,0.0,0.18698598,0.0029032584,0.0028172422,0.0
2025-09-17 07:00:00,solar.bun_hsc#realenergyintotheload#kwh,BUNDOORA,0.0,3.0146916,2.033499,1.9732515,45.0
2025-09-17 08:00:00,solar.bun_hsc#realenergyintotheload#kwh,BUNDOORA,0.0,2.6398478,12.7581215,12.38013,234.0
2025-09-17 09:00:00,solar.bun_hsc#realenergyintotheload#kwh,BUNDOORA,0.0,12.000033,21.13552,20.509329,370.0
2025-09-17 10:00:00,solar.bun_hsc#realenergyintotheload#kwh,BUNDOORA,0.0,16.08816,13.891079,13.479521,264.0
2025-09-17 11:00:00,solar.bun_hsc#realenergyintotheload#kwh,BUNDOORA,0.0,23.419506,25.326199,24.575846,463.0
2025-09-17 12:00:00,solar.bun_hsc#realenergyintotheload#kwh,BUNDOORA,0.0,25.859362,28.675217,27.825642,564.0
2025-09-17 13:00:00,solar.bun_hsc#realenergyintotheload#kwh,BUNDOORA,0.0,23.275072,25.265406,24.516855,475.0
2025-09-17 14:00:00,solar.bun_hsc#realenergyintotheload#kwh,BUNDOORA,0.0,27.062181,31.04278,30.12306,625.0
2025-09-17 15:00:00,solar.bun_hsc#realenergyintotheload#kwh,BUNDOORA,0.0,17.781975,11.893813,11.5414295,249.0
2025-09-17 16:00:00,solar.bun_hsc#realenergyintotheload#kwh,BUNDOORA,0.0,11.399193,19.884617,19.295485,350.0
2025-09-17 17:00:00,solar.bun_hsc#realenergyintotheload#kwh,BUNDOORA,0.0,5.1732926,8.074925,7.8356857,148.0
2025-09-17 18:00:00,solar.bun_hsc#realenergyintotheload#kwh,BUNDOORA,0.0,1.9441048,1.2750264,1.2372506,30.0
2025-09-17 19:00:00,solar.bun_hsc#realenergyintotheload#kwh,BUNDOORA,0.0,0.18356593,0.008819137,0.008557848,0.0
2025-09-17 20:00:00,solar.bun_hsc#realenergyintotheload#kwh,BUNDOORA,0.0,0.031200603,0.002912363,0.002826077,0.0
2025-09-17 21:00:00,solar.bun_hsc#realenergyintotheload#kwh,BUNDOORA,0.0,0.018783508,0.0023215455,0.0022527638,0.0
2025-09-17 22:00:00,solar.bun_hsc#realenergyintotheload#kwh,BUNDOORA,0.0,-0.0065033073,0.0018432514,0.0017886405,0.0
2025-09-17 23:00:00,solar.bun_hsc#realenergyintotheload#kwh,BUNDOORA,0.0,-0.01762235,0.00173517,0.0016837612,0.0
2025-09-18 00:00:00,solar.bun_hsc#realenergyintotheload#kwh,BUNDOORA,0.0,-0.014539968,0.0013735208,0.0013328268,0.0
2025-09-18 01:00:00,solar.bun_hsc#realenergyintotheload#kwh,BUNDOORA,0.0,-0.018079868,0.00173517,0.0016837612,0.0
2025-09-18 02:00:00,solar.bun_hsc#realenergyintotheload#kwh,BUNDOORA,0.0,-0.018079868,0.00173517,0.0016837612,0.0
2025-09-18 03:00:00,solar.bun_hsc#realenergyintotheload#kwh,BUNDOORA,0.0,-0.015484571,0.0013735208,0.0013328268,0.0
2025-09-18 04:00:00,solar.bun_hsc#realenergyintotheload#kwh,BUNDOORA,0.0,-0.01435473,0.0013004553,0.001261926,0.0
2025-09-18 05:00:00,solar.bun_hsc#realenergyintotheload#kwh,BUNDOORA,0.0,-0.027413184,0.0033688813,0.0032690698,0.0
2025-09-18 06:00:00,solar.bun_hsc#realenergyintotheload#kwh,BUNDOORA,0.0,0.2948626,0.003215301,0.0031200398,0.0
2025-09-18 07:00:00,solar.bun_hsc#realenergyintotheload#kwh,BUNDOORA,0.0,0.65134275,1.9864961,1.9276412,42.0
2025-09-18 08:00:00,solar.bun_hsc#realenergyintotheload#kwh,BUNDOORA,0.0,2.4616122,10.247222,9.943623,209.0
2025-09-18 09:00:00,solar.bun_hsc#realenergyintotheload#kwh,BUNDOORA,0.0,12.198302,23.892555,23.184679,430.0
2025-09-18 10:00:00,solar.bun_hsc#realenergyintotheload#kwh,BUNDOORA,0.0,28.257685,34.136986,33.12559,604.0
2025-09-18 11:00:00,solar.bun_hsc#realenergyintotheload#kwh,BUNDOORA,0.0,32.431206,39.632275,38.45807,728.0
2025-09-18 12:00:00,solar.bun_hsc#realenergyintotheload#kwh,BUNDOORA,0.0,35.06531,42.172142,40.922688,789.0
2025-09-18 13:00:00,solar.bun_hsc#realenergyintotheload#kwh,BUNDOORA,0.0,35.23485,42.192703,40.94264,787.0
2025-09-18 14:00:00,solar.bun_hsc#realenergyintotheload#kwh,BUNDOORA,0.0,32.35245,37.435303,36.326187,686.0
2025-09-18 15:00:00,solar.bun_hsc#realenergyintotheload#kwh,BUNDOORA,0.0,24.524538,31.409018,30.478447,570.0
2025-09-18 16:00:00,solar.bun_hsc#realenergyintotheload#kwh,BUNDOORA,0.0,20.626303,24.314436,23.59406,431.0
2025-09-18 17:00:00,solar.bun_hsc#realenergyintotheload#kwh,BUNDOORA,0.0,6.9433904,12.957717,12.5738125,235.0
2025-09-18 18:00:00,solar.bun_hsc#realenergyintotheload#kwh,BUNDOORA,0.0,1.6047273,2.0168483,1.9570942,44.0
2025-09-18 19:00:00,solar.bun_hsc#realenergyintotheload#kwh,BUNDOORA,0.0,0.15931818,-0.016541464,0.0,0.0
2025-09-18 20:00:00,solar.bun_hsc#realenergyintotheload#kwh,BUNDOORA,0.0,0.07704306,-0.005284658,0.0,0.0
2025-09-18 21:00:00,solar.bun_hsc#realenergyintotheload#kwh,BUNDOORA,0.0,-0.044227924,0.0152491685,0.014797374,0.0
2025-09-18 22:00:00,solar.bun_hsc#realenergyintotheload#kwh,BUNDOORA,0.0,-0.009117097,0.051144958,0.04962966,0.0
2025-09-18 23:00:00,solar.bun_hsc#realenergyintotheload#kwh,BUNDOORA,0.0,-0.056207612,0.021858772,0.021211151,0.0
2025-09-19 00:00:00,solar.bun_hsc#realenergyintotheload#kwh,BUNDOORA,0.0,-0.080233596,0.021845944,0.021198703,0.0
2025-09-19 01:00:00,solar.bun_hsc#realenergyintotheload#kwh,BUNDOORA,0.0,-0.3215718,0.053740107,0.05214792,0.0
2025-09-19 02:00:00,solar.bun_hsc#realenergyintotheload#kwh,BUNDOORA,0.0,-0.05645076,-0.0048377127,0.0,0.0
2025-09-19 03:00:00,solar.bun_hsc#realenergyintotheload#kwh,BUNDOORA,0.0,-0.018073384,-0.005096397,0.0,0.0
2025-09-19 04:00:00,solar.bun_hsc#realenergyintotheload#kwh,BUNDOORA,0.0,-0.02305336,0.004354182,0.0042251786,0.0
2025-09-19 05:00:00,solar.bun_hsc#realenergyintotheload#kwh,BUNDOORA,0.0,-0.03779676,-0.005792803,0.0,0.0
2025-09-19 06:00:00,solar.bun_hsc#realenergyintotheload#kwh,BUNDOORA,0.0,0.20443979,-0.0052829674,0.0,0.0
2025-09-19 07:00:00,solar.bun_hsc#realenergyintotheload#kwh,BUNDOORA,0.0,1.1686097,0.7445683,0.7225086,19.0
2025-09-19 08:00:00,solar.bun_hsc#realenergyintotheload#kwh,BUNDOORA,0.0,5.619196,7.589093,7.3642473,170.0
2025-09-19 09:00:00,solar.bun_hsc#realenergyintotheload#kwh,BUNDOORA,0.0,13.642674,20.720098,20.106215,369.0
2025-09-19 10:00:00,solar.bun_hsc#realenergyintotheload#kwh,BUNDOORA,0.0,17.721842,21.233625,20.604527,385.0
2025-09-19 11:00:00,solar.bun_hsc#realenergyintotheload#kwh,BUNDOORA,0.0,28.433298,34.844376,33.812023,634.0
2025-09-19 12:00:00,solar.bun_hsc#realenergyintotheload#kwh,BUNDOORA,0.0,29.890963,35.263668,34.218895,653.0
2025-09-19 13:00:00,solar.bun_hsc#realenergyintotheload#kwh,BUNDOORA,0.0,36.128277,41.393497,40.16711,769.0
2025-09-19 14:00:00,solar.bun_hsc#realenergyintotheload#kwh,BUNDOORA,0.0,30.318607,39.047012,37.89015,718.0
2025-09-19 15:00:00,solar.bun_hsc#realenergyintotheload#kwh,BUNDOORA,0.0,27.30723,33.631035,32.634632,600.0
2025-09-19 16:00:00,solar.bun_hsc#realenergyintotheload#kwh,BUNDOORA,0.0,16.388659,17.741539,17.215902,333.0
2025-09-19 17:00:00,solar.bun_hsc#realenergyintotheload#kwh,BUNDOORA,0.0,7.3139453,11.454495,11.115128,218.0
2025-09-19 18:00:00,solar.bun_hsc#realenergyintotheload#kwh,BUNDOORA,0.0,1.2648064,1.9980698,1.938872,43.0
2025-09-19 19:00:00,solar.bun_hsc#realenergyintotheload#kwh,BUNDOORA,0.0,0.3028485,0.016110264,0.015632957,0.0
2025-09-19 20:00:00,solar.bun_hsc#realenergyintotheload#kwh,BUNDOORA,0.0,0.14693116,0.049408533,0.04794468,0.0
2025-09-19 21:00:00,solar.bun_hsc#realenergyintotheload#kwh,BUNDOORA,0.0,0.08531793,0.009448602,0.009168663,0.0
2025-09-19 22:00:00,solar.bun_hsc#realenergyintotheload#kwh,BUNDOORA,0.0,0.25926712,-0.00952748,0.0,0.0
2025-09-19 23:00:00,solar.bun_hsc#realenergyintotheload#kwh,BUNDOORA,0.0,0.022056412,0.001586325,0.0015393262,0.0
2025-09-20 00:00:00,solar.bun_hsc#realenergyintotheload#kwh,BUNDOORA,0.0,0.16935146,0.0050903345,0.0049395207,0.0
2025-09-20 01:00:00,solar.bun_hsc#realenergyintotheload#kwh,BUNDOORA,0.0,0.026621973,-0.012940647,0.0,0.0
2025-09-20 02:00:00,solar.bun_hsc#realenergyintotheload#kwh,BUNDOORA,0.0,0.05040785,0.003301028,0.0032032267,0.0
2025-09-20 03:00:00,solar.bun_hsc#realenergyintotheload#kwh,BUNDOORA,0.0,0.011453969,0.0023598894,0.0022899718,0.0
2025-09-20 04:00:00,solar.bun_hsc#realenergyintotheload#kwh,BUNDOORA,0.0,-0.14439714,0.008418082,0.008168676,0.0
2025-09-20 05:00:00,solar.bun_hsc#realenergyintotheload#kwh,BUNDOORA,0.0,0.023039741,0.00085964263,0.0008341736,0.0
2025-09-20 06:00:00,solar.bun_hsc#realenergyintotheload#kwh,BUNDOORA,0.0,0.6281385,0.0044414243,0.004309836,0.0
2025-09-20 07:00:00,solar.bun_hsc#realenergyintotheload#kwh,BUNDOORA,0.0,2.187069,1.8417917,1.787224,39.0
2025-09-20 08:00:00,solar.bun_hsc#realenergyintotheload#kwh,BUNDOORA,0.0,3.0800219,12.46733,12.097954,239.0
2025-09-20 09:00:00,solar.bun_hsc#realenergyintotheload#kwh,BUNDOORA,0.0,11.94028,25.338224,24.587517,448.0
2025-09-20 10:00:00,solar.bun_hsc#realenergyintotheload#kwh,BUNDOORA,0.0,12.848875,17.288979,16.776749,314.0
2025-09-20 11:00:00,solar.bun_hsc#realenergyintotheload#kwh,BUNDOORA,0.0,25.701036,33.844746,32.84201,696.0
2025-09-20 12:00:00,solar.bun_hsc#realenergyintotheload#kwh,BUNDOORA,0.0,15.067933,20.128988,19.532618,386.0
2025-09-20 13:00:00,solar.bun_hsc#realenergyintotheload#kwh,BUNDOORA,0.0,15.173533,15.494222,15.035167,300.0
2025-09-20 14:00:00,solar.bun_hsc#realenergyintotheload#kwh,BUNDOORA,0.0,21.82419,21.869816,21.221869,408.0
2025-09-20 15:00:00,solar.bun_hsc#realenergyintotheload#kwh,BUNDOORA,0.0,17.855715,12.088267,11.730123,248.0
2025-09-20 16:00:00,solar.bun_hsc#realenergyintotheload#kwh,BUNDOORA,0.0,14.724639,11.452206,11.1129055,232.0
2025-09-20 17:00:00,solar.bun_hsc#realenergyintotheload#kwh,BUNDOORA,0.0,3.7082558,5.6014304,5.435474,110.0
2025-09-20 18:00:00,solar.bun_hsc#realenergyintotheload#kwh,BUNDOORA,0.0,1.2050692,0.87678355,0.85080665,21.0
2025-09-20 19:00:00,solar.bun_hsc#realenergyintotheload#kwh,BUNDOORA,0.0,0.30021477,0.010898492,0.010575597,0.0
2025-09-20 20:00:00,solar.bun_hsc#realenergyintotheload#kwh,BUNDOORA,0.0,-0.027043065,0.0069401446,0.0067345253,0.0
2025-09-20 21:00:00,solar.bun_hsc#realenergyintotheload#kwh,BUNDOORA,0.0,-0.020590968,0.006015176,0.0058369613,0.0
2025-09-20 22:00:00,solar.bun_hsc#realenergyintotheload#kwh,BUNDOORA,0.0,0.015424231,0.003670094,0.0035613584,0.0
2025-09-20 23:00:00,solar.bun_hsc#realenergyintotheload#kwh,BUNDOORA,0.0,-0.025386384,0.0045517366,0.00441688,0.0
2025-09-21 00:00:00,solar.bun_hsc#realenergyintotheload#kwh,BUNDOORA,0.0,-0.020850822,0.0029626032,0.0028748286,0.0
2025-09-21 01:00:00,solar.bun_hsc#realenergyintotheload#kwh,BUNDOORA,0.0,-0.0007286789,0.003513631,0.0034095307,0.0
2025-09-21 02:00:00,solar.bun_hsc#realenergyintotheload#kwh,BUNDOORA,0.0,0.015158624,0.0044414243,0.004309836,0.0
2025-09-21 03:00:00,solar.bun_hsc#realenergyintotheload#kwh,BUNDOORA,0.0,0.019898139,0.0044414243,0.004309836,0.0
2025-09-21 04:00:00,solar.bun_hsc#realenergyintotheload#kwh,BUNDOORA,0.0,0.022057269,0.0036694822,0.0035607647,0.0
2025-09-21 05:00:00,solar.bun_hsc#realenergyintotheload#kwh,BUNDOORA,0.0,0.022001643,0.0043829163,0.0042530615,0.0
2025-09-21 06:00:00,solar.bun_hsc#realenergyintotheload#kwh,BUNDOORA,0.0,0.762939,0.0043829163,0.0042530615,0.0
2025-09-21 07:00:00,solar.bun_hsc#realenergyintotheload#kwh,BUNDOORA,0.0,1.5248458,1.053692,1.0224737,25.0
2025-09-21 08:00:00,solar.bun_hsc#realenergyintotheload#kwh,BUNDOORA,0.0,3.7639956,4.907352,4.7619596,109.0
2025-09-21 09:00:00,solar.bun_hsc#realenergyintotheload#kwh,BUNDOORA,0.0,8.092241,8.873612,8.610709,172.0
2025-09-21 10:00:00,solar.bun_hsc#realenergyintotheload#kwh,BUNDOORA,0.0,2.2434545,4.2395663,4.1139584,87.0
2025-09-21 11:00:00,solar.bun_hsc#realenergyintotheload#kwh,BUNDOORA,0.0,2.4196975,3.1536586,3.0602236,66.0
2025-09-21 12:00:00,solar.bun_hsc#realenergyintotheload#kwh,BUNDOORA,0.0,7.5166388,7.5453854,7.3218346,148.0
2025-09-21 13:00:00,solar.bun_hsc#realenergyintotheload#kwh,BUNDOORA,0.0,13.348469,10.648518,10.333029,208.0
2025-09-21 14:00:00,solar.bun_hsc#realenergyintotheload#kwh,BUNDOORA,0.0,6.8468647,6.7367845,6.5371904,136.0
2025-09-21 15:00:00,solar.bun_hsc#realenergyintotheload#kwh,BUNDOORA,0.0,6.5008445,4.379787,4.250025,89.0
2025-09-21 16:00:00,solar.bun_hsc#realenergyintotheload#kwh,BUNDOORA,0.0,4.997972,2.7187614,2.6382113,59.0
2025-09-21 17:00:00,solar.bun_hsc#realenergyintotheload#kwh,BUNDOORA,0.0,6.580198,4.0483956,3.9284518,111.0
2025-09-21 18:00:00,solar.bun_hsc#realenergyintotheload#kwh,BUNDOORA,0.0,3.548996,0.62366617,0.6051885,17.0
2025-09-21 19:00:00,solar.bun_hsc#realenergyintotheload#kwh,BUNDOORA,0.0,0.74251485,0.007191151,0.006978095,0.0
2025-09-21 20:00:00,solar.bun_hsc#realenergyintotheload#kwh,BUNDOORA,0.0,0.06681956,0.0066003343,0.006404783,0.0
2025-09-21 21:00:00,solar.bun_hsc#realenergyintotheload#kwh,BUNDOORA,0.0,0.00016106665,0.0037530265,0.0036418338,0.0
2025-09-21 22:00:00,solar.bun_hsc#realenergyintotheload#kwh,BUNDOORA,0.0,0.032764412,0.0053791082,0.005219739,0.0
2025-09-21 23:00:00,solar.bun_hsc#realenergyintotheload#kwh,BUNDOORA,0.0,0.032764412,0.0053791082,0.005219739,0.0
2025-09-22 00:00:00,solar.bun_hsc#realenergyintotheload#kwh,BUNDOORA,0.0,0.033270013,0.0045020026,0.0043686195,0.0
2025-09-22 01:00:00,solar.bun_hsc#realenergyintotheload#kwh,BUNDOORA,0.0,0.025320139,0.004994964,0.004846976,0.0
2025-09-22 02:00:00,solar.bun_hsc#realenergyintotheload#kwh,BUNDOORA,0.0,0.03393634,0.0044041476,0.0042736637,0.0
2025-09-22 03:00:00,solar.bun_hsc#realenergyintotheload#kwh,BUNDOORA,0.0,0.04941352,0.003854568,0.0037403668,0.0
2025-09-22 04:00:00,solar.bun_hsc#realenergyintotheload#kwh,BUNDOORA,0.0,-0.08835499,0.0034929188,0.0033894323,0.0
2025-09-22 05:00:00,solar.bun_hsc#realenergyintotheload#kwh,BUNDOORA,0.0,-0.087583706,0.0030072317,0.002918135,0.0
2025-09-22 06:00:00,solar.bun_hsc#realenergyintotheload#kwh,BUNDOORA,0.0,0.30269969,0.003215301,0.0031200398,0.0
2025-09-22 07:00:00,solar.bun_hsc#realenergyintotheload#kwh,BUNDOORA,0.0,0.36247313,2.418588,2.3469312,50.0
2025-09-22 08:00:00,solar.bun_hsc#realenergyintotheload#kwh,BUNDOORA,0.0,3.1892204,8.695918,8.43828,195.0
2025-09-22 09:00:00,solar.bun_hsc#realenergyintotheload#kwh,BUNDOORA,0.0,9.677521,24.554224,23.826744,442.0
2025-09-22 10:00:00,solar.bun_hsc#realenergyintotheload#kwh,BUNDOORA,0.0,13.208022,16.065733,15.5897455,301.0
2025-09-22 11:00:00,solar.bun_hsc#realenergyintotheload#kwh,BUNDOORA,0.0,27.761982,37.16296,36.061913,710.0
2025-09-22 12:00:00,solar.bun_hsc#realenergyintotheload#kwh,BUNDOORA,0.0,28.82302,36.384266,35.30629,699.0
2025-09-22 13:00:00,solar.bun_hsc#realenergyintotheload#kwh,BUNDOORA,0.0,26.926695,29.07656,28.215094,563.0
2025-09-22 14:00:00,solar.bun_hsc#realenergyintotheload#kwh,BUNDOORA,0.0,29.45456,30.279686,29.382574,614.0
2025-09-22 15:00:00,solar.bun_hsc#realenergyintotheload#kwh,BUNDOORA,0.0,23.725636,23.366602,22.674309,421.0
2025-09-22 16:00:00,solar.bun_hsc#realenergyintotheload#kwh,BUNDOORA,0.0,19.494835,25.175379,24.429495,440.0
2025-09-22 17:00:00,solar.bun_hsc#realenergyintotheload#kwh,BUNDOORA,0.0,5.3673954,13.361762,12.965886,238.0
2025-09-22 18:00:00,solar.bun_hsc#realenergyintotheload#kwh,BUNDOORA,0.0,3.3445444,2.0356576,1.9753462,41.0
2025-09-22 19:00:00,solar.bun_hsc#realenergyintotheload#kwh,BUNDOORA,0.0,0.695313,0.004222242,0.004097148,0.0
2025-09-22 20:00:00,solar.bun_hsc#realenergyintotheload#kwh,BUNDOORA,0.0,0.028127708,0.0045978874,0.0044616633,0.0
2025-09-22 21:00:00,solar.bun_hsc#realenergyintotheload#kwh,BUNDOORA,0.0,0.0098267235,0.004013831,0.003894911,0.0
2025-09-22 22:00:00,solar.bun_hsc#realenergyintotheload#kwh,BUNDOORA,0.0,-0.0101077845,0.0039184606,0.0038023663,0.0
2025-09-22 23:00:00,solar.bun_hsc#realenergyintotheload#kwh,BUNDOORA,0.0,-0.010995703,0.0039184606,0.0038023663,0.0
2025-09-23 00:00:00,solar.bun_hsc#realenergyintotheload#kwh,BUNDOORA,0.0,0.0069768922,0.0045092776,0.004375679,0.0
2025-09-23 01:00:00,solar.bun_hsc#realenergyintotheload#kwh,BUNDOORA,0.0,-0.0010647688,0.0014958133,0.001451496,0.0
2025-09-23 02:00:00,solar.bun_hsc#realenergyintotheload#kwh,BUNDOORA,0.0,0.0017595917,0.00173517,0.0016837612,0.0
2025-09-23 03:00:00,solar.bun_hsc#realenergyintotheload#kwh,BUNDOORA,0.0,0.0017188813,0.00173517,0.0016837612,0.0
2025-09-23 04:00:00,solar.bun_hsc#realenergyintotheload#kwh,BUNDOORA,0.0,-0.0043948204,0.002875566,0.0027903703,0.0
2025-09-23 05:00:00,solar.bun_hsc#realenergyintotheload#kwh,BUNDOORA,0.0,-0.0010647688,0.0015815899,0.0015347314,0.0
2025-09-23 06:00:00,solar.bun_hsc#realenergyintotheload#kwh,BUNDOORA,0.0,0.24455936,0.0016493935,0.001600526,0.0
2025-09-23 07:00:00,solar.bun_hsc#realenergyintotheload#kwh,BUNDOORA,0.0,0.21790645,1.569593,1.5230899,34.0
2025-09-23 08:00:00,solar.bun_hsc#realenergyintotheload#kwh,BUNDOORA,0.0,0.39908051,9.988645,9.692706,233.0
2025-09-23 09:00:00,solar.bun_hsc#realenergyintotheload#kwh,BUNDOORA,0.0,8.638645,24.478216,23.752987,444.0
2025-09-23 10:00:00,solar.bun_hsc#realenergyintotheload#kwh,BUNDOORA,0.0,16.374872,21.78364,21.138245,397.0
2025-09-23 11:00:00,solar.bun_hsc#realenergyintotheload#kwh,BUNDOORA,0.0,17.595863,27.35593,26.545443,522.0
2025-09-23 12:00:00,solar.bun_hsc#realenergyintotheload#kwh,BUNDOORA,0.0,25.363924,21.391315,20.757544,412.0
2025-09-23 13:00:00,solar.bun_hsc#realenergyintotheload#kwh,BUNDOORA,0.0,16.70644,10.762404,10.443542,215.0
2025-09-23 14:00:00,solar.bun_hsc#realenergyintotheload#kwh,BUNDOORA,0.0,25.056316,24.085691,23.372093,449.0
2025-09-23 15:00:00,solar.bun_hsc#realenergyintotheload#kwh,BUNDOORA,0.0,14.33008,10.695004,10.378139,213.0
2025-09-23 16:00:00,solar.bun_hsc#realenergyintotheload#kwh,BUNDOORA,0.0,16.055872,13.6478,13.24345,252.0
2025-09-23 17:00:00,solar.bun_hsc#realenergyintotheload#kwh,BUNDOORA,0.0,7.7506557,10.571082,10.257887,202.0
2025-09-23 18:00:00,solar.bun_hsc#realenergyintotheload#kwh,BUNDOORA,0.0,1.1140342,1.2659338,1.2284273,29.0
2025-09-23 19:00:00,solar.bun_hsc#realenergyintotheload#kwh,BUNDOORA,0.0,0.40685996,-0.0139399255,0.0,0.0
2025-09-23 20:00:00,solar.bun_hsc#realenergyintotheload#kwh,BUNDOORA,0.0,-0.02494071,0.008981517,0.008715416,0.0
2025-09-23 21:00:00,solar.bun_hsc#realenergyintotheload#kwh,BUNDOORA,0.0,-0.0057212426,0.0041099326,0.0039881654,0.0
2025-09-23 22:00:00,solar.bun_hsc#realenergyintotheload#kwh,BUNDOORA,0.0,0.017773466,0.0033610323,0.0032614532,0.0
2025-09-23 23:00:00,solar.bun_hsc#realenergyintotheload#kwh,BUNDOORA,0.0,0.03323092,0.0032965085,0.0031988411,0.0
2025-09-24 00:00:00,solar.bun_hsc#realenergyintotheload#kwh,BUNDOORA,0.0,0.0034330417,0.003072354,0.002981328,0.0
2025-09-24 01:00:00,solar.bun_hsc#realenergyintotheload#kwh,BUNDOORA,0.0,0.0064246296,0.0026779831,0.0025986412,0.0
2025-09-24 02:00:00,solar.bun_hsc#realenergyintotheload#kwh,BUNDOORA,0.0,0.0163634,0.0030815024,0.002990205,0.0
2025-09-24 03:00:00,solar.bun_hsc#realenergyintotheload#kwh,BUNDOORA,0.0,0.023567231,0.003010219,0.0029210337,0.0
2025-09-24 04:00:00,solar.bun_hsc#realenergyintotheload#kwh,BUNDOORA,0.0,0.012984502,0.0030747429,0.002983646,0.0
2025-09-24 05:00:00,solar.bun_hsc#realenergyintotheload#kwh,BUNDOORA,0.0,-0.00429403,0.0030747429,0.002983646,0.0
2025-09-24 06:00:00,solar.bun_hsc#realenergyintotheload#kwh,BUNDOORA,0.0,0.62859154,0.0028911103,0.002805454,0.0
2025-09-24 07:00:00,solar.bun_hsc#realenergyintotheload#kwh,BUNDOORA,0.0,2.6593974,1.054594,1.023349,25.0
2025-09-24 08:00:00,solar.bun_hsc#realenergyintotheload#kwh,BUNDOORA,0.0,7.201362,6.1988134,6.015158,137.0
2025-09-24 09:00:00,solar.bun_hsc#realenergyintotheload#kwh,BUNDOORA,0.0,12.040802,15.442783,14.985252,282.0
2025-09-24 10:00:00,solar.bun_hsc#realenergyintotheload#kwh,BUNDOORA,0.0,13.500645,18.318064,17.775345,339.0
2025-09-24 11:00:00,solar.bun_hsc#realenergyintotheload#kwh,BUNDOORA,0.0,18.079945,27.899445,27.072853,531.0
2025-09-24 12:00:00,solar.bun_hsc#realenergyintotheload#kwh,BUNDOORA,0.0,14.7216,17.87417,17.344603,344.0
2025-09-24 13:00:00,solar.bun_hsc#realenergyintotheload#kwh,BUNDOORA,0.0,13.594374,15.1154585,14.667625,302.0
2025-09-24 14:00:00,solar.bun_hsc#realenergyintotheload#kwh,BUNDOORA,0.0,15.714303,11.648396,11.303283,232.0
2025-09-24 15:00:00,solar.bun_hsc#realenergyintotheload#kwh,BUNDOORA,0.0,11.348705,14.020992,13.605585,267.0
2025-09-24 16:00:00,solar.bun_hsc#realenergyintotheload#kwh,BUNDOORA,0.0,9.722981,11.043741,10.716543,209.0
2025-09-24 17:00:00,solar.bun_hsc#realenergyintotheload#kwh,BUNDOORA,0.0,5.1906743,5.277622,5.1212597,109.0
2025-09-24 18:00:00,solar.bun_hsc#realenergyintotheload#kwh,BUNDOORA,0.0,3.3367977,1.1105089,1.0776073,28.0
2025-09-24 19:00:00,solar.bun_hsc#realenergyintotheload#kwh,BUNDOORA,0.0,0.5236553,0.00555744,0.005392787,0.0
2025-09-24 20:00:00,solar.bun_hsc#realenergyintotheload#kwh,BUNDOORA,0.0,0.0029900242,0.002275221,0.002207812,0.0
2025-09-24 21:00:00,solar.bun_hsc#realenergyintotheload#kwh,BUNDOORA,0.0,0.003904345,0.0016844037,0.001634499,0.0
2025-09-24 22:00:00,solar.bun_hsc#realenergyintotheload#kwh,BUNDOORA,0.0,0.010803957,0.0038976423,0.0037821648,0.0
2025-09-24 23:00:00,solar.bun_hsc#realenergyintotheload#kwh,BUNDOORA,0.0,0.009717686,0.0038976423,0.0037821648,0.0
2025-09-25 00:00:00,solar.bun_hsc#realenergyintotheload#kwh,BUNDOORA,0.0,-0.0071832202,0.007368001,0.0071497057,0.0
2025-09-25 01:00:00,solar.bun_hsc#realenergyintotheload#kwh,BUNDOORA,0.0,-0.004708208,0.004774834,0.0046333675,0.0
2025-09-25 02:00:00,solar.bun_hsc#realenergyintotheload#kwh,BUNDOORA,0.0,0.0023682131,0.004088148,0.0039670262,0.0
2025-09-25 03:00:00,solar.bun_hsc#realenergyintotheload#kwh,BUNDOORA,0.0,0.0023682131,0.004088148,0.0039670262,0.0
2025-09-25 04:00:00,solar.bun_hsc#realenergyintotheload#kwh,BUNDOORA,0.0,0.010849789,0.0047355616,0.0045952587,0.0
2025-09-25 05:00:00,solar.bun_hsc#realenergyintotheload#kwh,BUNDOORA,0.0,0.013230307,0.003801859,0.0036892195,0.0
2025-09-25 06:00:00,solar.bun_hsc#realenergyintotheload#kwh,BUNDOORA,0.0,0.24923123,0.003801859,0.0036892195,0.0
2025-09-25 07:00:00,solar.bun_hsc#realenergyintotheload#kwh,BUNDOORA,0.0,2.0729222,0.74720585,0.72506803,19.0
2025-09-25 08:00:00,solar.bun_hsc#realenergyintotheload#kwh,BUNDOORA,0.0,2.158483,4.8502126,4.706513,100.0
2025-09-25 09:00:00,solar.bun_hsc#realenergyintotheload#kwh,BUNDOORA,0.0,8.187249,8.039871,7.80167,161.0
2025-09-25 10:00:00,solar.bun_hsc#realenergyintotheload#kwh,BUNDOORA,0.0,12.568021,12.594814,12.221662,248.0
2025-09-25 11:00:00,solar.bun_hsc#realenergyintotheload#kwh,BUNDOORA,0.0,13.621077,10.536623,10.224449,206.0
2025-09-25 12:00:00,solar.bun_hsc#realenergyintotheload#kwh,BUNDOORA,0.0,12.268872,9.836748,9.54531,197.0
2025-09-25 13:00:00,solar.bun_hsc#realenergyintotheload#kwh,BUNDOORA,0.0,5.9151006,5.467297,5.3053145,110.0
2025-09-25 14:00:00,solar.bun_hsc#realenergyintotheload#kwh,BUNDOORA,0.0,2.604603,4.369401,4.2399464,88.0
2025-09-25 15:00:00,solar.bun_hsc#realenergyintotheload#kwh,BUNDOORA,0.0,5.375767,5.138595,4.9863515,104.0
2025-09-25 16:00:00,solar.bun_hsc#realenergyintotheload#kwh,BUNDOORA,0.0,6.896651,5.801652,5.6297636,113.0
2025-09-25 17:00:00,solar.bun_hsc#realenergyintotheload#kwh,BUNDOORA,0.0,1.9155729,3.0502462,2.959875,63.0
2025-09-25 18:00:00,solar.bun_hsc#realenergyintotheload#kwh,BUNDOORA,0.0,1.3722723,0.58354414,0.56625515,15.0
2025-09-25 19:00:00,solar.bun_hsc#realenergyintotheload#kwh,BUNDOORA,0.0,0.3875265,0.0016782316,0.0016285098,0.0
2025-09-25 20:00:00,solar.bun_hsc#realenergyintotheload#kwh,BUNDOORA,0.0,-0.029214138,-0.0003688164,0.0,0.0
2025-09-25 21:00:00,solar.bun_hsc#realenergyintotheload#kwh,BUNDOORA,0.0,-0.021490999,0.0024699823,0.002396803,0.0
2025-09-25 22:00:00,solar.bun_hsc#realenergyintotheload#kwh,BUNDOORA,0.0,0.0139210895,0.0044721966,0.0043396964,0.0
2025-09-25 23:00:00,solar.bun_hsc#realenergyintotheload#kwh,BUNDOORA,0.0,0.01727104,0.0041767587,0.0040530115,0.0
2025-09-26 00:00:00,solar.bun_hsc#realenergyintotheload#kwh,BUNDOORA,0.0,0.018485658,0.0041767587,0.0040530115,0.0
2025-09-26 01:00:00,solar.bun_hsc#realenergyintotheload#kwh,BUNDOORA,0.0,0.032733593,0.004825569,0.0046825996,0.0
2025-09-26 02:00:00,solar.bun_hsc#realenergyintotheload#kwh,BUNDOORA,0.0,0.086100385,0.0040202956,0.0039011843,0.0
2025-09-26 03:00:00,solar.bun_hsc#realenergyintotheload#kwh,BUNDOORA,0.0,0.30541402,0.0016382118,0.0015896757,0.0
2025-09-26 04:00:00,solar.bun_hsc#realenergyintotheload#kwh,BUNDOORA,0.0,0.09851997,0.0006981916,0.0006775059,0.0
2025-09-26 05:00:00,solar.bun_hsc#realenergyintotheload#kwh,BUNDOORA,0.0,0.124188334,0.0024233628,0.0023515646,0.0
2025-09-26 06:00:00,solar.bun_hsc#realenergyintotheload#kwh,BUNDOORA,0.0,0.2065042,-0.018021315,0.0,0.0
2025-09-26 07:00:00,solar.bun_hsc#realenergyintotheload#kwh,BUNDOORA,0.0,2.3143332,1.1079159,1.0750911,28.0
2025-09-26 08:00:00,solar.bun_hsc#realenergyintotheload#kwh,BUNDOORA,0.0,3.7933617,4.255457,4.1293783,87.0
2025-09-26 09:00:00,solar.bun_hsc#realenergyintotheload#kwh,BUNDOORA,0.0,9.370813,7.7024493,7.474245,154.0
2025-09-26 10:00:00,solar.bun_hsc#realenergyintotheload#kwh,BUNDOORA,0.0,20.539724,12.4500265,12.081163,237.0
2025-09-26 11:00:00,solar.bun_hsc#realenergyintotheload#kwh,BUNDOORA,0.0,7.314214,7.5720005,7.347661,150.0
2025-09-26 12:00:00,solar.bun_hsc#realenergyintotheload#kwh,BUNDOORA,0.0,8.069424,6.3766775,6.1877527,127.0
2025-09-26 13:00:00,solar.bun_hsc#realenergyintotheload#kwh,BUNDOORA,0.0,2.9293318,3.0961773,3.0044453,63.0
2025-09-26 14:00:00,solar.bun_hsc#realenergyintotheload#kwh,BUNDOORA,0.0,3.4890945,3.8849592,3.7698576,82.0
2025-09-26 15:00:00,solar.bun_hsc#realenergyintotheload#kwh,BUNDOORA,0.0,18.48471,19.192896,18.624258,355.0
2025-09-26 16:00:00,solar.bun_hsc#realenergyintotheload#kwh,BUNDOORA,0.0,24.736185,23.64923,22.94856,428.0
2025-09-26 17:00:00,solar.bun_hsc#realenergyintotheload#kwh,BUNDOORA,0.0,1.003972,3.5170248,3.4128242,73.0
2025-09-26 18:00:00,solar.bun_hsc#realenergyintotheload#kwh,BUNDOORA,0.0,1.6192365,0.37001958,0.35905683,13.0
2025-09-26 19:00:00,solar.bun_hsc#realenergyintotheload#kwh,BUNDOORA,0.0,1.3922946,-0.020559726,0.0,0.0
2025-09-26 20:00:00,solar.bun_hsc#realenergyintotheload#kwh,BUNDOORA,0.0,0.11715347,0.00089916354,0.0008725236,0.0
2025-09-26 21:00:00,solar.bun_hsc#realenergyintotheload#kwh,BUNDOORA,0.0,-0.008528613,0.004523705,0.004389679,0.0
2025-09-26 22:00:00,solar.bun_hsc#realenergyintotheload#kwh,BUNDOORA,0.0,-0.008684719,0.0023599085,0.0022899904,0.0
2025-09-26 23:00:00,solar.bun_hsc#realenergyintotheload#kwh,BUNDOORA,0.0,0.0026447081,0.0044170446,0.0042861784,0.0
2025-09-27 00:00:00,solar.bun_hsc#realenergyintotheload#kwh,BUNDOORA,0.0,0.02172224,0.004966623,0.0048194746,0.0
2025-09-27 01:00:00,solar.bun_hsc#realenergyintotheload#kwh,BUNDOORA,0.0,0.040575653,0.0021193153,0.0020565253,0.0
2025-09-27 02:00:00,solar.bun_hsc#realenergyintotheload#kwh,BUNDOORA,0.0,0.0054185963,0.001833026,0.001778718,0.0
2025-09-27 03:00:00,solar.bun_hsc#realenergyintotheload#kwh,BUNDOORA,0.0,0.00031406822,0.0015815899,0.0015347314,0.0
2025-09-27 04:00:00,solar.bun_hsc#realenergyintotheload#kwh,BUNDOORA,0.0,-0.0007127694,0.00173517,0.0016837612,0.0
2025-09-27 05:00:00,solar.bun_hsc#realenergyintotheload#kwh,BUNDOORA,0.0,-0.0029676268,0.002875566,0.0027903703,0.0
2025-09-27 06:00:00,solar.bun_hsc#realenergyintotheload#kwh,BUNDOORA,0.0,0.17968564,0.002284749,0.0022170576,0.0
2025-09-27 07:00:00,solar.bun_hsc#realenergyintotheload#kwh,BUNDOORA,0.0,0.3512778,3.214599,3.1193583,65.0
2025-09-27 08:00:00,solar.bun_hsc#realenergyintotheload#kwh,BUNDOORA,0.0,5.568944,11.003045,10.6770525,238.0
2025-09-27 09:00:00,solar.bun_hsc#realenergyintotheload#kwh,BUNDOORA,0.0,15.83181,22.350529,21.68834,384.0
2025-09-27 10:00:00,solar.bun_hsc#realenergyintotheload#kwh,BUNDOORA,0.0,21.452137,26.169722,25.394379,476.0
2025-09-27 11:00:00,solar.bun_hsc#realenergyintotheload#kwh,BUNDOORA,0.0,31.891006,33.545887,32.552006,680.0
2025-09-27 12:00:00,solar.bun_hsc#realenergyintotheload#kwh,BUNDOORA,0.0,34.372883,40.06533,38.878296,779.0
2025-09-27 13:00:00,solar.bun_hsc#realenergyintotheload#kwh,BUNDOORA,0.0,39.734577,42.963715,41.690807,837.0
2025-09-27 14:00:00,solar.bun_hsc#realenergyintotheload#kwh,BUNDOORA,0.0,35.62878,40.73544,39.52855,760.0
2025-09-27 15:00:00,solar.bun_hsc#realenergyintotheload#kwh,BUNDOORA,0.0,32.132755,35.68272,34.62553,631.0
2025-09-27 16:00:00,solar.bun_hsc#realenergyintotheload#kwh,BUNDOORA,0.0,18.464615,21.832943,21.186087,385.0
2025-09-27 17:00:00,solar.bun_hsc#realenergyintotheload#kwh,BUNDOORA,0.0,4.665838,8.083021,7.8435416,165.0
2025-09-27 18:00:00,solar.bun_hsc#realenergyintotheload#kwh,BUNDOORA,0.0,0.9989158,0.9784225,0.9494343,24.0
2025-09-27 19:00:00,solar.bun_hsc#realenergyintotheload#kwh,BUNDOORA,0.0,0.23074575,0.023178788,0.022492059,0.0
2025-09-27 20:00:00,solar.bun_hsc#realenergyintotheload#kwh,BUNDOORA,0.0,0.073182,0.012175959,0.011815215,0.0
2025-09-27 21:00:00,solar.bun_hsc#realenergyintotheload#kwh,BUNDOORA,0.0,-0.026816553,-0.010419999,0.0,0.0
2025-09-27 22:00:00,solar.bun_hsc#realenergyintotheload#kwh,BUNDOORA,0.0,0.10728813,0.002962676,0.0028748994,0.0
2025-09-27 23:00:00,solar.bun_hsc#realenergyintotheload#kwh,BUNDOORA,0.0,0.029584393,0.0030655945,0.0029747686,0.0
2025-09-28 00:00:00,solar.bun_hsc#realenergyintotheload#kwh,BUNDOORA,0.0,0.028873228,0.003072354,0.002981328,0.0
2025-09-28 01:00:00,solar.bun_hsc#realenergyintotheload#kwh,BUNDOORA,0.0,0.013142467,0.0026688934,0.002589821,0.0
2025-09-28 02:00:00,solar.bun_hsc#realenergyintotheload#kwh,BUNDOORA,0.0,0.01655051,0.001833026,0.001778718,0.0
2025-09-28 03:00:00,solar.bun_hsc#realenergyintotheload#kwh,BUNDOORA,0.0,0.005539083,0.001833026,0.001778718,0.0
2025-09-28 04:00:00,solar.bun_hsc#realenergyintotheload#kwh,BUNDOORA,0.0,0.0066924393,0.001833026,0.001778718,0.0
2025-09-28 05:00:00,solar.bun_hsc#realenergyintotheload#kwh,BUNDOORA,0.0,0.008844525,0.001833026,0.001778718,0.0
2025-09-28 06:00:00,solar.bun_hsc#realenergyintotheload#kwh,BUNDOORA,0.0,0.15031719,0.002875566,0.0027903703,0.0
2025-09-28 07:00:00,solar.bun_hsc#realenergyintotheload#kwh,BUNDOORA,0.0,0.069021404,1.9827925,1.9240474,46.0
2025-09-28 08:00:00,solar.bun_hsc#realenergyintotheload#kwh,BUNDOORA,0.0,0.8691361,7.8038926,7.572683,177.0
2025-09-28 09:00:00,solar.bun_hsc#realenergyintotheload#kwh,BUNDOORA,0.0,12.125013,18.910942,18.350658,352.0
2025-09-28 10:00:00,solar.bun_hsc#realenergyintotheload#kwh,BUNDOORA,0.0,14.120679,17.697716,17.173376,325.0
2025-09-28 11:00:00,solar.bun_hsc#realenergyintotheload#kwh,BUNDOORA,0.0,19.057913,25.186731,24.440512,477.0
2025-09-28 12:00:00,solar.bun_hsc#realenergyintotheload#kwh,BUNDOORA,0.0,27.518068,33.289627,32.303337,699.0
2025-09-28 13:00:00,solar.bun_hsc#realenergyintotheload#kwh,BUNDOORA,0.0,33.466366,38.28723,37.152878,791.0
2025-09-28 14:00:00,solar.bun_hsc#realenergyintotheload#kwh,BUNDOORA,0.0,28.553383,33.456207,32.464985,691.0
2025-09-28 15:00:00,solar.bun_hsc#realenergyintotheload#kwh,BUNDOORA,0.0,15.344251,27.374016,26.562992,521.0
2025-09-28 16:00:00,solar.bun_hsc#realenergyintotheload#kwh,BUNDOORA,0.0,15.05547,23.982048,23.27152,409.0
2025-09-28 17:00:00,solar.bun_hsc#realenergyintotheload#kwh,BUNDOORA,0.0,8.108669,12.010685,11.654839,215.0
2025-09-28 18:00:00,solar.bun_hsc#realenergyintotheload#kwh,BUNDOORA,0.0,1.8636533,1.6068194,1.5592134,36.0
2025-09-28 19:00:00,solar.bun_hsc#realenergyintotheload#kwh,BUNDOORA,0.0,0.31647566,0.008159017,0.007917286,0.0
2025-09-28 20:00:00,solar.bun_hsc#realenergyintotheload#kwh,BUNDOORA,0.0,0.034080688,0.002912363,0.002826077,0.0
2025-09-28 21:00:00,solar.bun_hsc#realenergyintotheload#kwh,BUNDOORA,0.0,0.022537027,0.001771967,0.001719468,0.0
2025-09-28 22:00:00,solar.bun_hsc#realenergyintotheload#kwh,BUNDOORA,0.0,0.004095037,0.00173517,0.0016837612,0.0
2025-09-28 23:00:00,solar.bun_hsc#realenergyintotheload#kwh,BUNDOORA,0.0,-0.0010973159,0.00173517,0.0016837612,0.0
2025-09-29 00:00:00,solar.bun_hsc#realenergyintotheload#kwh,BUNDOORA,0.0,-0.0047519817,0.00173517,0.0016837612,0.0
2025-09-29 01:00:00,solar.bun_hsc#realenergyintotheload#kwh,BUNDOORA,0.0,-0.0020387778,0.00173517,0.0016837612,0.0
2025-09-29 02:00:00,solar.bun_hsc#realenergyintotheload#kwh,BUNDOORA,0.0,-0.010451719,0.0013735208,0.0013328268,0.0
2025-09-29 03:00:00,solar.bun_hsc#realenergyintotheload#kwh,BUNDOORA,0.0,-0.011921765,0.00173517,0.0016837612,0.0
2025-09-29 04:00:00,solar.bun_hsc#realenergyintotheload#kwh,BUNDOORA,0.0,-0.016789492,0.00173517,0.0016837612,0.0
2025-09-29 05:00:00,solar.bun_hsc#realenergyintotheload#kwh,BUNDOORA,0.0,-0.0051559946,0.00173517,0.0016837612,0.0
2025-09-29 06:00:00,solar.bun_hsc#realenergyintotheload#kwh,BUNDOORA,0.0,0.030747663,0.00173517,0.0016837612,0.0
2025-09-29 07:00:00,solar.bun_hsc#realenergyintotheload#kwh,BUNDOORA,0.0,0.025351096,3.6835563,3.5744216,93.0
2025-09-29 08:00:00,solar.bun_hsc#realenergyintotheload#kwh,BUNDOORA,0.0,5.9453797,13.536072,13.135032,272.0
2025-09-29 09:00:00,solar.bun_hsc#realenergyintotheload#kwh,BUNDOORA,0.0,18.941566,26.946184,26.147837,489.0
2025-09-29 10:00:00,solar.bun_hsc#realenergyintotheload#kwh,BUNDOORA,0.0,31.570702,37.455154,36.34545,659.0
2025-09-29 11:00:00,solar.bun_hsc#realenergyintotheload#kwh,BUNDOORA,0.0,36.39043,42.065834,40.819527,778.0
2025-09-29 12:00:00,solar.bun_hsc#realenergyintotheload#kwh,BUNDOORA,0.0,40.89947,44.239662,42.92895,834.0
2025-09-29 13:00:00,solar.bun_hsc#realenergyintotheload#kwh,BUNDOORA,0.0,41.407257,43.254326,41.97281,827.0
2025-09-29 14:00:00,solar.bun_hsc#realenergyintotheload#kwh,BUNDOORA,0.0,39.13947,40.548607,39.34725,756.0
2025-09-29 15:00:00,solar.bun_hsc#realenergyintotheload#kwh,BUNDOORA,0.0,34.978237,35.43897,34.389,630.0
2025-09-29 16:00:00,solar.bun_hsc#realenergyintotheload#kwh,BUNDOORA,0.0,19.679018,23.955336,23.2456,415.0
2025-09-29 17:00:00,solar.bun_hsc#realenergyintotheload#kwh,BUNDOORA,0.0,1.2064432,2.6342688,2.556222,58.0
2025-09-29 18:00:00,solar.bun_hsc#realenergyintotheload#kwh,BUNDOORA,0.0,0.7780337,0.36582243,0.35498402,11.0
2025-09-29 19:00:00,solar.bun_hsc#realenergyintotheload#kwh,BUNDOORA,0.0,0.28866947,0.010894484,0.010571708,0.0
2025-09-29 20:00:00,solar.bun_hsc#realenergyintotheload#kwh,BUNDOORA,0.0,0.25709024,0.010333473,0.010027318,0.0
2025-09-29 21:00:00,solar.bun_hsc#realenergyintotheload#kwh,BUNDOORA,0.0,-0.16257633,0.02542256,0.024669353,0.0
2025-09-29 22:00:00,solar.bun_hsc#realenergyintotheload#kwh,BUNDOORA,0.0,0.22385532,0.025127122,0.024382668,0.0
2025-09-29 23:00:00,solar.bun_hsc#realenergyintotheload#kwh,BUNDOORA,0.0,0.37729126,-0.0073394706,0.0,0.0
2025-09-30 00:00:00,solar.bun_hsc#realenergyintotheload#kwh,BUNDOORA,0.0,0.14822516,-0.007378743,0.0,0.0
2025-09-30 01:00:00,solar.bun_hsc#realenergyintotheload#kwh,BUNDOORA,0.0,0.053096972,0.008034569,0.007796525,0.0
2025-09-30 02:00:00,solar.bun_hsc#realenergyintotheload#kwh,BUNDOORA,0.0,0.19674341,0.0057852985,0.0056138947,0.0
2025-09-30 03:00:00,solar.bun_hsc#realenergyintotheload#kwh,BUNDOORA,0.0,0.14741553,0.0049550887,0.004808282,0.0
2025-09-30 04:00:00,solar.bun_hsc#realenergyintotheload#kwh,BUNDOORA,0.0,0.14741553,0.0052021053,0.0050479798,0.0
2025-09-30 05:00:00,solar.bun_hsc#realenergyintotheload#kwh,BUNDOORA,0.0,0.07080457,0.0049959207,0.004847904,0.0
2025-09-30 06:00:00,solar.bun_hsc#realenergyintotheload#kwh,BUNDOORA,0.0,0.17932159,0.023274982,0.022585403,0.0
2025-09-30 07:00:00,solar.bun_hsc#realenergyintotheload#kwh,BUNDOORA,0.0,1.121831,0.86298585,0.8374177,21.0
2025-09-30 08:00:00,solar.bun_hsc#realenergyintotheload#kwh,BUNDOORA,0.0,4.0881634,3.1428134,3.0496998,66.0
2025-09-30 09:00:00,solar.bun_hsc#realenergyintotheload#kwh,BUNDOORA,0.0,9.900248,7.344542,7.1269417,145.0
2025-09-30 10:00:00,solar.bun_hsc#realenergyintotheload#kwh,BUNDOORA,0.0,17.11775,14.370699,13.944931,272.0
2025-09-30 11:00:00,solar.bun_hsc#realenergyintotheload#kwh,BUNDOORA,0.0,15.839584,12.971351,12.587042,257.0
2025-09-30 12:00:00,solar.bun_hsc#realenergyintotheload#kwh,BUNDOORA,0.0,21.493994,19.093517,18.527824,357.0
2025-09-30 13:00:00,solar.bun_hsc#realenergyintotheload#kwh,BUNDOORA,0.0,3.3614302,2.6931543,2.6133628,58.0
2025-09-30 14:00:00,solar.bun_hsc#realenergyintotheload#kwh,BUNDOORA,0.0,21.103216,19.87787,19.288939,376.0
2025-09-30 15:00:00,solar.bun_hsc#realenergyintotheload#kwh,BUNDOORA,0.0,16.851606,15.01156,14.566806,289.0
2025-09-30 16:00:00,solar.bun_hsc#realenergyintotheload#kwh,BUNDOORA,0.0,13.643636,6.412678,6.2226863,135.0
2025-09-30 17:00:00,solar.bun_hsc#realenergyintotheload#kwh,BUNDOORA,0.0,9.830901,9.033383,8.765747,172.0
2025-09-30 18:00:00,solar.bun_hsc#realenergyintotheload#kwh,BUNDOORA,0.0,2.6332495,2.050953,1.9901882,42.0
2025-09-30 19:00:00,solar.bun_hsc#realenergyintotheload#kwh,BUNDOORA,0.0,0.75045097,0.0006332296,0.0006144686,0.0
2025-09-30 20:00:00,solar.bun_hsc#realenergyintotheload#kwh,BUNDOORA,0.0,0.027285134,0.0032965085,0.0031988411,0.0
2025-09-30 21:00:00,solar.bun_hsc#realenergyintotheload#kwh,BUNDOORA,0.0,0.005697412,0.0035763471,0.003470389,0.0
2025-09-30 22:00:00,solar.bun_hsc#realenergyintotheload#kwh,BUNDOORA,0.0,0.0014374966,0.0032597105,0.0031631335,0.0
2025-09-30 23:00:00,solar.bun_hsc#realenergyintotheload#kwh,BUNDOORA,0.0,0.008599389,0.0032597105,0.0031631335,0.0
2025-10-01 00:00:00,solar.bun_hsc#realenergyintotheload#kwh,BUNDOORA,0.0,0.012924749,0.0022968273,0.002228778,0.0
2025-10-01 01:00:00,solar.bun_hsc#realenergyintotheload#kwh,BUNDOORA,0.0,-0.0018548688,0.0034642518,0.0033616147,0.0
2025-10-01 02:00:00,solar.bun_hsc#realenergyintotheload#kwh,BUNDOORA,0.0,-0.017318515,0.0034642518,0.0033616147,0.0
2025-10-01 03:00:00,solar.bun_hsc#realenergyintotheload#kwh,BUNDOORA,0.0,-0.016880633,0.0033106713,0.0032125844,0.0
2025-10-01 04:00:00,solar.bun_hsc#realenergyintotheload#kwh,BUNDOORA,0.0,-0.0073961997,0.0034642518,0.0033616147,0.0
2025-10-01 05:00:00,solar.bun_hsc#realenergyintotheload#kwh,BUNDOORA,0.0,0.02175354,0.004604648,0.0044682235,0.0
2025-10-01 06:00:00,solar.bun_hsc#realenergyintotheload#kwh,BUNDOORA,0.0,0.4288717,0.004013831,0.003894911,0.0
2025-10-01 07:00:00,solar.bun_hsc#realenergyintotheload#kwh,BUNDOORA,0.0,0.47101924,4.6578755,4.519874,110.0
2025-10-01 08:00:00,solar.bun_hsc#realenergyintotheload#kwh,BUNDOORA,0.0,7.383335,12.765256,12.3870535,260.0
2025-10-01 09:00:00,solar.bun_hsc#realenergyintotheload#kwh,BUNDOORA,0.0,16.945826,28.591595,27.744497,511.0
2025-10-01 10:00:00,solar.bun_hsc#realenergyintotheload#kwh,BUNDOORA,0.0,18.577904,19.504862,18.926981,372.0
2025-10-01 11:00:00,solar.bun_hsc#realenergyintotheload#kwh,BUNDOORA,0.0,13.201385,13.785284,13.376861,272.0
2025-10-01 12:00:00,solar.bun_hsc#realenergyintotheload#kwh,BUNDOORA,0.0,17.949532,22.427326,21.762861,433.0
2025-10-01 13:00:00,solar.bun_hsc#realenergyintotheload#kwh,BUNDOORA,0.0,15.073755,10.980428,10.655105,222.0
2025-10-01 14:00:00,solar.bun_hsc#realenergyintotheload#kwh,BUNDOORA,0.0,21.439962,17.590227,17.069073,337.0
2025-10-01 15:00:00,solar.bun_hsc#realenergyintotheload#kwh,BUNDOORA,0.0,19.739382,29.15896,28.295053,543.0
2025-10-01 16:00:00,solar.bun_hsc#realenergyintotheload#kwh,BUNDOORA,0.0,12.745076,10.277974,9.973463,201.0
2025-10-01 17:00:00,solar.bun_hsc#realenergyintotheload#kwh,BUNDOORA,0.0,13.797204,11.896169,11.543715,243.0
2025-10-01 18:00:00,solar.bun_hsc#realenergyintotheload#kwh,BUNDOORA,0.0,2.727149,2.1794527,2.114881,47.0
2025-10-01 19:00:00,solar.bun_hsc#realenergyintotheload#kwh,BUNDOORA,0.0,0.1950618,-0.013947635,0.0,0.0
2025-10-01 20:00:00,solar.bun_hsc#realenergyintotheload#kwh,BUNDOORA,0.0,0.23410848,-0.011655489,0.0,0.0
2025-10-01 21:00:00,solar.bun_hsc#realenergyintotheload#kwh,BUNDOORA,0.0,0.17118174,-0.008414172,0.0,0.0
2025-10-01 22:00:00,solar.bun_hsc#realenergyintotheload#kwh,BUNDOORA,0.0,0.09049231,0.008198881,0.007955968,0.0
2025-10-01 23:00:00,solar.bun_hsc#realenergyintotheload#kwh,BUNDOORA,0.0,-0.033021756,0.009229834,0.008956377,0.0
2025-10-02 00:00:00,solar.bun_hsc#realenergyintotheload#kwh,BUNDOORA,0.0,-0.11564534,0.02422394,0.023506247,0.0
2025-10-02 01:00:00,solar.bun_hsc#realenergyintotheload#kwh,BUNDOORA,0.0,0.009134339,0.01601105,0.015536683,0.0
2025-10-02 02:00:00,solar.bun_hsc#realenergyintotheload#kwh,BUNDOORA,0.0,0.0033315532,0.004924667,0.0047787614,0.0
2025-10-02 03:00:00,solar.bun_hsc#realenergyintotheload#kwh,BUNDOORA,0.0,0.0071495976,0.004634547,0.004497237,0.0
2025-10-02 04:00:00,solar.bun_hsc#realenergyintotheload#kwh,BUNDOORA,0.0,-0.013915277,0.005439821,0.005278653,0.0
2025-10-02 05:00:00,solar.bun_hsc#realenergyintotheload#kwh,BUNDOORA,0.0,0.009841202,-0.012162057,0.0,0.0
2025-10-02 06:00:00,solar.bun_hsc#realenergyintotheload#kwh,BUNDOORA,0.0,0.59794825,0.003067195,0.0029763216,0.0
2025-10-02 07:00:00,solar.bun_hsc#realenergyintotheload#kwh,BUNDOORA,0.0,2.1534264,3.2008324,3.1059997,78.0
2025-10-02 08:00:00,solar.bun_hsc#realenergyintotheload#kwh,BUNDOORA,0.0,7.404292,8.046701,7.8082976,158.0
2025-10-02 09:00:00,solar.bun_hsc#realenergyintotheload#kwh,BUNDOORA,0.0,14.42113,28.084375,27.252306,510.0
2025-10-02 10:00:00,solar.bun_hsc#realenergyintotheload#kwh,BUNDOORA,0.0,18.567646,17.801588,17.274172,337.0
2025-10-02 11:00:00,solar.bun_hsc#realenergyintotheload#kwh,BUNDOORA,0.0,17.595837,13.401949,13.004883,265.0
2025-10-02 12:00:00,solar.bun_hsc#realenergyintotheload#kwh,BUNDOORA,0.0,6.632488,5.5778956,5.4126368,107.0
2025-10-02 13:00:00,solar.bun_hsc#realenergyintotheload#kwh,BUNDOORA,0.0,4.210501,4.7642937,4.6231394,95.0
2025-10-02 14:00:00,solar.bun_hsc#realenergyintotheload#kwh,BUNDOORA,0.0,5.0921645,5.4405437,5.279354,109.0
2025-10-02 15:00:00,solar.bun_hsc#realenergyintotheload#kwh,BUNDOORA,0.0,4.726097,5.090664,4.9398403,103.0
2025-10-02 16:00:00,solar.bun_hsc#realenergyintotheload#kwh,BUNDOORA,0.0,8.797728,6.5559053,6.36167,134.0
2025-10-02 17:00:00,solar.bun_hsc#realenergyintotheload#kwh,BUNDOORA,0.0,4.8902516,5.775271,5.604164,122.0
2025-10-02 18:00:00,solar.bun_hsc#realenergyintotheload#kwh,BUNDOORA,0.0,3.1740825,0.5856454,0.56829417,16.0
2025-10-02 19:00:00,solar.bun_hsc#realenergyintotheload#kwh,BUNDOORA,0.0,0.6492503,0.0025379,0.0024627084,0.0
2025-10-02 20:00:00,solar.bun_hsc#realenergyintotheload#kwh,BUNDOORA,0.0,0.13459621,0.00453928,0.0044047926,0.0
2025-10-02 21:00:00,solar.bun_hsc#realenergyintotheload#kwh,BUNDOORA,0.0,0.018781047,0.0045978874,0.0044616633,0.0
2025-10-02 22:00:00,solar.bun_hsc#realenergyintotheload#kwh,BUNDOORA,0.0,0.0057560643,0.0045978874,0.0044616633,0.0
2025-10-02 23:00:00,solar.bun_hsc#realenergyintotheload#kwh,BUNDOORA,0.0,0.019990707,0.0045978874,0.0044616633,0.0
2025-10-03 00:00:00,solar.bun_hsc#realenergyintotheload#kwh,BUNDOORA,0.0,-0.008855727,0.0037926142,0.0036802485,0.0
2025-10-03 01:00:00,solar.bun_hsc#realenergyintotheload#kwh,BUNDOORA,0.0,-0.013752995,0.0037926142,0.0036802485,0.0
2025-10-03 02:00:00,solar.bun_hsc#realenergyintotheload#kwh,BUNDOORA,0.0,0.011336778,0.0044414243,0.004309836,0.0
2025-10-03 03:00:00,solar.bun_hsc#realenergyintotheload#kwh,BUNDOORA,0.0,0.009132889,0.0044414243,0.004309836,0.0
2025-10-03 04:00:00,solar.bun_hsc#realenergyintotheload#kwh,BUNDOORA,0.0,0.1329714,0.0044414243,0.004309836,0.0
2025-10-03 05:00:00,solar.bun_hsc#realenergyintotheload#kwh,BUNDOORA,0.0,0.007873353,0.00453928,0.0044047926,0.0
2025-10-03 06:00:00,solar.bun_hsc#realenergyintotheload#kwh,BUNDOORA,0.0,0.85605,0.00453928,0.0044047926,0.0
2025-10-03 07:00:00,solar.bun_hsc#realenergyintotheload#kwh,BUNDOORA,0.0,2.397921,2.694954,2.6151092,72.0
2025-10-03 08:00:00,solar.bun_hsc#realenergyintotheload#kwh,BUNDOORA,0.0,8.537697,7.895469,7.661546,157.0
2025-10-03 09:00:00,solar.bun_hsc#realenergyintotheload#kwh,BUNDOORA,0.0,16.551302,22.334866,21.67314,441.0
2025-10-03 10:00:00,solar.bun_hsc#realenergyintotheload#kwh,BUNDOORA,0.0,16.597778,17.674776,17.151117,334.0
2025-10-03 11:00:00,solar.bun_hsc#realenergyintotheload#kwh,BUNDOORA,0.0,20.980423,24.036053,23.323925,474.0
2025-10-03 12:00:00,solar.bun_hsc#realenergyintotheload#kwh,BUNDOORA,0.0,18.734222,18.43477,17.888594,352.0
2025-10-03 13:00:00,solar.bun_hsc#realenergyintotheload#kwh,BUNDOORA,0.0,21.341776,23.36142,22.66928,443.0
2025-10-03 14:00:00,solar.bun_hsc#realenergyintotheload#kwh,BUNDOORA,0.0,16.232298,12.347507,11.981682,248.0
2025-10-03 15:00:00,solar.bun_hsc#realenergyintotheload#kwh,BUNDOORA,0.0,13.833102,15.500589,15.041346,289.0
2025-10-03 16:00:00,solar.bun_hsc#realenergyintotheload#kwh,BUNDOORA,0.0,9.035263,11.356588,11.020121,222.0
2025-10-03 17:00:00,solar.bun_hsc#realenergyintotheload#kwh,BUNDOORA,0.0,13.935112,8.093451,7.853662,196.0
2025-10-03 18:00:00,solar.bun_hsc#realenergyintotheload#kwh,BUNDOORA,0.0,5.3871202,1.9847928,1.9259883,44.0
2025-10-03 19:00:00,solar.bun_hsc#realenergyintotheload#kwh,BUNDOORA,0.0,1.0246545,-0.00025127464,0.0,0.0
2025-10-03 20:00:00,solar.bun_hsc#realenergyintotheload#kwh,BUNDOORA,0.0,0.031851966,0.0026410432,0.0025627955,0.0
2025-10-03 21:00:00,solar.bun_hsc#realenergyintotheload#kwh,BUNDOORA,0.0,0.0074907294,0.001134825,0.001101203,0.0
2025-10-03 22:00:00,solar.bun_hsc#realenergyintotheload#kwh,BUNDOORA,0.0,0.0116098225,0.0025550597,0.0024793597,0.0
2025-10-03 23:00:00,solar.bun_hsc#realenergyintotheload#kwh,BUNDOORA,0.0,0.0004210787,0.0014146636,0.0013727507,0.0
2025-10-04 00:00:00,solar.bun_hsc#realenergyintotheload#kwh,BUNDOORA,0.0,-0.03017532,0.001134825,0.001101203,0.0
2025-10-04 01:00:00,solar.bun_hsc#realenergyintotheload#kwh,BUNDOORA,0.0,0.0040399716,0.0027572457,0.0026755554,0.0
2025-10-04 02:00:00,solar.bun_hsc#realenergyintotheload#kwh,BUNDOORA,0.0,-0.004732534,0.0021193153,0.0020565253,0.0
2025-10-04 03:00:00,solar.bun_hsc#realenergyintotheload#kwh,BUNDOORA,0.0,-0.00057092606,0.0017576661,0.0017055909,0.0
2025-10-04 04:00:00,solar.bun_hsc#realenergyintotheload#kwh,BUNDOORA,0.0,-0.00057092606,0.0014713767,0.0014277835,0.0
2025-10-04 05:00:00,solar.bun_hsc#realenergyintotheload#kwh,BUNDOORA,0.0,0.004303965,0.00173517,0.0016837612,0.0
2025-10-04 06:00:00,solar.bun_hsc#realenergyintotheload#kwh,BUNDOORA,0.0,0.18764794,0.00173517,0.0016837612,0.0
2025-10-04 07:00:00,solar.bun_hsc#realenergyintotheload#kwh,BUNDOORA,0.0,0.25434363,5.1219077,4.9701586,118.0
2025-10-04 08:00:00,solar.bun_hsc#realenergyintotheload#kwh,BUNDOORA,0.0,3.6815498,17.314537,16.80155,325.0
2025-10-04 09:00:00,solar.bun_hsc#realenergyintotheload#kwh,BUNDOORA,0.0,9.827575,27.557035,26.74059,526.0
2025-10-04 10:00:00,solar.bun_hsc#realenergyintotheload#kwh,BUNDOORA,0.0,29.93452,35.015728,33.9783,697.0
2025-10-04 11:00:00,solar.bun_hsc#realenergyintotheload#kwh,BUNDOORA,0.0,38.74404,42.447784,41.190163,816.0
2025-10-04 12:00:00,solar.bun_hsc#realenergyintotheload#kwh,BUNDOORA,0.0,38.38652,43.766388,42.4697,871.0
2025-10-04 13:00:00,solar.bun_hsc#realenergyintotheload#kwh,BUNDOORA,0.0,40.446407,44.01119,42.70725,863.0
2025-10-04 14:00:00,solar.bun_hsc#realenergyintotheload#kwh,BUNDOORA,0.0,38.38517,42.211273,40.96066,792.0
2025-10-04 15:00:00,solar.bun_hsc#realenergyintotheload#kwh,BUNDOORA,0.0,35.930458,37.86353,36.741726,664.0
2025-10-04 16:00:00,solar.bun_hsc#realenergyintotheload#kwh,BUNDOORA,0.0,28.652115,26.851873,26.05632,489.0
2025-10-04 17:00:00,solar.bun_hsc#realenergyintotheload#kwh,BUNDOORA,0.0,16.195536,14.734342,14.2978,282.0
2025-10-04 18:00:00,solar.bun_hsc#realenergyintotheload#kwh,BUNDOORA,0.0,4.094649,3.5966473,3.4900875,76.0
2025-10-04 19:00:00,solar.bun_hsc#realenergyintotheload#kwh,BUNDOORA,0.0,0.48956758,0.008181374,0.00793898,0.0
2025-10-04 20:00:00,solar.bun_hsc#realenergyintotheload#kwh,BUNDOORA,0.0,-0.10677306,0.00069985737,0.00067912234,0.0
2025-10-04 21:00:00,solar.bun_hsc#realenergyintotheload#kwh,BUNDOORA,0.0,0.050760504,0.006819111,0.0066170776,0.0
2025-10-04 22:00:00,solar.bun_hsc#realenergyintotheload#kwh,BUNDOORA,0.0,-0.30282432,-0.014554595,0.0,0.0
2025-10-04 23:00:00,solar.bun_hsc#realenergyintotheload#kwh,BUNDOORA,0.0,-0.24908069,0.0021981956,0.0021330684,0.0
2025-10-05 00:00:00,solar.bun_hsc#realenergyintotheload#kwh,BUNDOORA,0.0,-0.2191962,0.0017113552,0.001660652,0.0
2025-10-05 01:00:00,solar.bun_hsc#realenergyintotheload#kwh,BUNDOORA,0.0,0.35496542,0.003066795,0.0029759335,0.0
2025-10-05 02:00:00,solar.bun_hsc#realenergyintotheload#kwh,BUNDOORA,0.0,,,,
2025-10-05 03:00:00,solar.bun_hsc#realenergyintotheload#kwh,BUNDOORA,0.0,0.29021773,0.004876043,0.0047315783,0.0
2025-10-05 04:00:00,solar.bun_hsc#realenergyintotheload#kwh,BUNDOORA,0.0,-0.17091186,0.019097056,0.018531257,0.0
2025-10-05 05:00:00,solar.bun_hsc#realenergyintotheload#kwh,BUNDOORA,0.0,-0.18336679,0.008218707,0.007975207,0.0
2025-10-05 06:00:00,solar.bun_hsc#realenergyintotheload#kwh,BUNDOORA,0.0,0.017050214,-0.012233335,0.0,0.0
2025-10-05 07:00:00,solar.bun_hsc#realenergyintotheload#kwh,BUNDOORA,0.0,0.4601307,0.008795607,0.008535015,0.0
2025-10-05 08:00:00,solar.bun_hsc#realenergyintotheload#kwh,BUNDOORA,0.0,2.968198,2.5304873,2.4555154,60.0
2025-10-05 09:00:00,solar.bun_hsc#realenergyintotheload#kwh,BUNDOORA,0.0,13.446385,13.2301445,12.838168,254.0
2025-10-05 10:00:00,solar.bun_hsc#realenergyintotheload#kwh,BUNDOORA,0.0,16.686583,13.428687,13.030828,253.0
2025-10-05 11:00:00,solar.bun_hsc#realenergyintotheload#kwh,BUNDOORA,0.0,6.4999485,5.4551578,5.293535,105.0
2025-10-05 12:00:00,solar.bun_hsc#realenergyintotheload#kwh,BUNDOORA,0.0,3.6502032,4.122742,4.0005956,84.0
2025-10-05 13:00:00,solar.bun_hsc#realenergyintotheload#kwh,BUNDOORA,0.0,10.300799,9.198158,8.92564,183.0
2025-10-05 14:00:00,solar.bun_hsc#realenergyintotheload#kwh,BUNDOORA,0.0,21.64819,17.031004,16.526419,324.0
2025-10-05 15:00:00,solar.bun_hsc#realenergyintotheload#kwh,BUNDOORA,0.0,18.046368,14.919747,14.477713,298.0
2025-10-05 16:00:00,solar.bun_hsc#realenergyintotheload#kwh,BUNDOORA,0.0,13.229346,9.715479,9.427633,198.0
2025-10-05 17:00:00,solar.bun_hsc#realenergyintotheload#kwh,BUNDOORA,0.0,8.6636095,6.3575163,6.169159,129.0
2025-10-05 18:00:00,solar.bun_hsc#realenergyintotheload#kwh,BUNDOORA,0.0,2.166202,2.609777,2.5324557,57.0
2025-10-05 19:00:00,solar.bun_hsc#realenergyintotheload#kwh,BUNDOORA,0.0,1.1080298,0.29882678,0.2899733,9.0
2025-10-05 20:00:00,solar.bun_hsc#realenergyintotheload#kwh,BUNDOORA,0.0,0.19664364,0.00040231654,0.0003903969,0.0
2025-10-05 21:00:00,solar.bun_hsc#realenergyintotheload#kwh,BUNDOORA,0.0,0.18689694,-0.0073568663,0.0,0.0
2025-10-05 22:00:00,solar.bun_hsc#realenergyintotheload#kwh,BUNDOORA,0.0,0.27214375,-0.0049797054,0.0,0.0
2025-10-05 23:00:00,solar.bun_hsc#realenergyintotheload#kwh,BUNDOORA,0.0,0.28164452,0.012901213,0.012518982,0.0
2025-10-06 00:00:00,solar.bun_hsc#realenergyintotheload#kwh,BUNDOORA,0.0,0.2857299,-0.0019022219,0.0,0.0
2025-10-06 01:00:00,solar.bun_hsc#realenergyintotheload#kwh,BUNDOORA,0.0,0.08318355,0.0012328799,0.0011963528,0.0
2025-10-06 02:00:00,solar.bun_hsc#realenergyintotheload#kwh,BUNDOORA,0.0,0.024602957,0.0012873557,0.0012492145,0.0
2025-10-06 03:00:00,solar.bun_hsc#realenergyintotheload#kwh,BUNDOORA,0.0,0.042555314,0.0109798545,0.010654549,0.0
2025-10-06 04:00:00,solar.bun_hsc#realenergyintotheload#kwh,BUNDOORA,0.0,0.08404026,0.0069669345,0.006760522,0.0
2025-10-06 05:00:00,solar.bun_hsc#realenergyintotheload#kwh,BUNDOORA,0.0,0.06354586,0.0046692053,0.0045308685,0.0
2025-10-06 06:00:00,solar.bun_hsc#realenergyintotheload#kwh,BUNDOORA,0.0,0.017954007,0.0041835182,0.004059571,0.0
2025-10-06 07:00:00,solar.bun_hsc#realenergyintotheload#kwh,BUNDOORA,0.0,0.5693824,0.0041442458,0.004021462,0.0
2025-10-06 08:00:00,solar.bun_hsc#realenergyintotheload#kwh,BUNDOORA,0.0,2.2287745,2.1343124,2.071078,49.0
2025-10-06 09:00:00,solar.bun_hsc#realenergyintotheload#kwh,BUNDOORA,0.0,9.403138,8.135876,7.89483,159.0
2025-10-06 10:00:00,solar.bun_hsc#realenergyintotheload#kwh,BUNDOORA,0.0,12.617893,17.80059,17.273203,318.0
2025-10-06 11:00:00,solar.bun_hsc#realenergyintotheload#kwh,BUNDOORA,0.0,16.922153,18.962658,18.400843,350.0
2025-10-06 12:00:00,solar.bun_hsc#realenergyintotheload#kwh,BUNDOORA,0.0,29.103657,33.052372,32.073112,667.0
2025-10-06 13:00:00,solar.bun_hsc#realenergyintotheload#kwh,BUNDOORA,0.0,24.148352,22.343786,21.681795,423.0
2025-10-06 14:00:00,solar.bun_hsc#realenergyintotheload#kwh,BUNDOORA,0.0,20.740425,23.819529,23.113815,454.0
2025-10-06 15:00:00,solar.bun_hsc#realenergyintotheload#kwh,BUNDOORA,0.0,16.59327,21.633778,20.992823,409.0
2025-10-06 16:00:00,solar.bun_hsc#realenergyintotheload#kwh,BUNDOORA,0.0,20.882172,29.301262,28.433138,547.0
2025-10-06 17:00:00,solar.bun_hsc#realenergyintotheload#kwh,BUNDOORA,0.0,13.436689,19.332623,18.759846,353.0
2025-10-06 18:00:00,solar.bun_hsc#realenergyintotheload#kwh,BUNDOORA,0.0,8.188899,12.40082,12.033415,235.0
2025-10-06 19:00:00,solar.bun_hsc#realenergyintotheload#kwh,BUNDOORA,0.0,2.3680637,2.5841153,2.5075543,55.0
2025-10-06 20:00:00,solar.bun_hsc#realenergyintotheload#kwh,BUNDOORA,0.0,0.1804076,0.008749834,0.008490599,0.0
2025-10-06 21:00:00,solar.bun_hsc#realenergyintotheload#kwh,BUNDOORA,0.0,0.021034446,0.001618387,0.0015704382,0.0
2025-10-06 22:00:00,solar.bun_hsc#realenergyintotheload#kwh,BUNDOORA,0.0,-0.00045475113,0.002672669,0.0025934845,0.0
2025-10-06 23:00:00,solar.bun_hsc#realenergyintotheload#kwh,BUNDOORA,0.0,-0.00045475113,0.0023928303,0.0023219367,0.0
2025-10-07 00:00:00,solar.bun_hsc#realenergyintotheload#kwh,BUNDOORA,0.0,-0.0011302526,0.0015815899,0.0015347314,0.0
2025-10-07 01:00:00,solar.bun_hsc#realenergyintotheload#kwh,BUNDOORA,0.0,-0.0011302526,0.00173517,0.0016837612,0.0
2025-10-07 02:00:00,solar.bun_hsc#realenergyintotheload#kwh,BUNDOORA,0.0,-0.0025541391,0.002875566,0.0027903703,0.0
2025-10-07 03:00:00,solar.bun_hsc#realenergyintotheload#kwh,BUNDOORA,0.0,-0.0020485423,0.002284749,0.0022170576,0.0
2025-10-07 04:00:00,solar.bun_hsc#realenergyintotheload#kwh,BUNDOORA,0.0,-0.004719782,0.00173517,0.0016837612,0.0
2025-10-07 05:00:00,solar.bun_hsc#realenergyintotheload#kwh,BUNDOORA,0.0,-0.0018456841,0.00173517,0.0016837612,0.0
2025-10-07 06:00:00,solar.bun_hsc#realenergyintotheload#kwh,BUNDOORA,0.0,-0.0031196903,0.0013735208,0.0013328268,0.0
2025-10-07 07:00:00,solar.bun_hsc#realenergyintotheload#kwh,BUNDOORA,0.0,0.04561074,0.0031211548,0.003028683,1.0
2025-10-07 08:00:00,solar.bun_hsc#realenergyintotheload#kwh,BUNDOORA,0.0,0.28048456,5.563984,5.399137,138.0
2025-10-07 09:00:00,solar.bun_hsc#realenergyintotheload#kwh,BUNDOORA,0.0,6.49085,19.844688,19.25674,351.0
2025-10-07 10:00:00,solar.bun_hsc#realenergyintotheload#kwh,BUNDOORA,0.0,20.92581,29.921825,29.035316,555.0
2025-10-07 11:00:00,solar.bun_hsc#realenergyintotheload#kwh,BUNDOORA,0.0,27.120829,33.294548,32.308113,666.0
2025-10-07 12:00:00,solar.bun_hsc#realenergyintotheload#kwh,BUNDOORA,0.0,28.680689,31.54202,30.60751,636.0
2025-10-07 13:00:00,solar.bun_hsc#realenergyintotheload#kwh,BUNDOORA,0.0,44.745003,44.526714,43.2075,893.0
2025-10-07 14:00:00,solar.bun_hsc#realenergyintotheload#kwh,BUNDOORA,0.0,42.90654,44.767704,43.44135,890.0
2025-10-07 15:00:00,solar.bun_hsc#realenergyintotheload#kwh,BUNDOORA,0.0,42.82946,42.132034,40.883766,818.0
2025-10-07 16:00:00,solar.bun_hsc#realenergyintotheload#kwh,BUNDOORA,0.0,35.28387,34.080524,33.070805,686.0
2025-10-07 17:00:00,solar.bun_hsc#realenergyintotheload#kwh,BUNDOORA,0.0,25.91767,27.655996,26.836618,508.0
2025-10-07 18:00:00,solar.bun_hsc#realenergyintotheload#kwh,BUNDOORA,0.0,10.336148,15.314737,14.861,287.0
2025-10-07 19:00:00,solar.bun_hsc#realenergyintotheload#kwh,BUNDOORA,0.0,2.2733436,4.3860874,4.256139,91.0
2025-10-07 20:00:00,solar.bun_hsc#realenergyintotheload#kwh,BUNDOORA,0.0,0.20044959,0.022695519,0.022023108,0.0
2025-10-07 21:00:00,solar.bun_hsc#realenergyintotheload#kwh,BUNDOORA,0.0,-0.026204536,0.0027426854,0.0026614266,0.0
2025-10-07 22:00:00,solar.bun_hsc#realenergyintotheload#kwh,BUNDOORA,0.0,0.010904714,0.005638798,0.0054717343,0.0
2025-10-07 23:00:00,solar.bun_hsc#realenergyintotheload#kwh,BUNDOORA,0.0,0.10625923,0.0026420243,0.0025637478,0.0
2025-10-08 00:00:00,solar.bun_hsc#realenergyintotheload#kwh,BUNDOORA,0.0,0.009616787,0.009037648,0.008769886,0.0
2025-10-08 01:00:00,solar.bun_hsc#realenergyintotheload#kwh,BUNDOORA,0.0,0.017183365,0.0023860694,0.0023153762,0.0
2025-10-08 02:00:00,solar.bun_hsc#realenergyintotheload#kwh,BUNDOORA,0.0,0.0069635687,0.0018432514,0.0017886405,0.0
2025-10-08 03:00:00,solar.bun_hsc#realenergyintotheload#kwh,BUNDOORA,0.0,-0.0023577046,0.0017574747,0.0017054052,0.0
2025-10-08 04:00:00,solar.bun_hsc#realenergyintotheload#kwh,BUNDOORA,0.0,-0.006148638,0.0034642518,0.0033616147,0.0
2025-10-08 05:00:00,solar.bun_hsc#realenergyintotheload#kwh,BUNDOORA,0.0,-0.00893846,0.0034642518,0.0033616147,0.0
2025-10-08 06:00:00,solar.bun_hsc#realenergyintotheload#kwh,BUNDOORA,0.0,0.0046415604,0.0034642518,0.0033616147,0.0
2025-10-08 07:00:00,solar.bun_hsc#realenergyintotheload#kwh,BUNDOORA,0.0,0.33810526,0.014809608,0.014370836,2.0
2025-10-08 08:00:00,solar.bun_hsc#realenergyintotheload#kwh,BUNDOORA,0.0,2.406309,3.7563365,3.6450455,94.0
2025-10-08 09:00:00,solar.bun_hsc#realenergyintotheload#kwh,BUNDOORA,0.0,12.802302,12.21382,11.851955,234.0
2025-10-08 10:00:00,solar.bun_hsc#realenergyintotheload#kwh,BUNDOORA,0.0,13.563441,13.700837,13.294915,257.0
2025-10-08 11:00:00,solar.bun_hsc#realenergyintotheload#kwh,BUNDOORA,0.0,21.803452,20.172104,19.574455,382.0
2025-10-08 12:00:00,solar.bun_hsc#realenergyintotheload#kwh,BUNDOORA,0.0,37.692997,43.606075,42.314137,823.0
2025-10-08 13:00:00,solar.bun_hsc#realenergyintotheload#kwh,BUNDOORA,0.0,37.63254,45.29902,43.95692,873.0
2025-10-08 14:00:00,solar.bun_hsc#realenergyintotheload#kwh,BUNDOORA,0.0,24.637928,30.844799,29.930944,591.0
2025-10-08 15:00:00,solar.bun_hsc#realenergyintotheload#kwh,BUNDOORA,0.0,20.18373,28.105843,27.273136,534.0
2025-10-08 16:00:00,solar.bun_hsc#realenergyintotheload#kwh,BUNDOORA,0.0,21.193022,26.906204,26.109041,507.0
2025-10-08 17:00:00,solar.bun_hsc#realenergyintotheload#kwh,BUNDOORA,0.0,14.911716,13.266373,12.873323,253.0
2025-10-08 18:00:00,solar.bun_hsc#realenergyintotheload#kwh,BUNDOORA,0.0,7.4205093,8.15383,7.912252,166.0
2025-10-08 19:00:00,solar.bun_hsc#realenergyintotheload#kwh,BUNDOORA,0.0,3.4650347,3.2685516,3.1717126,73.0
2025-10-08 20:00:00,solar.bun_hsc#realenergyintotheload#kwh,BUNDOORA,0.0,0.47373858,0.011104242,0.010775251,0.0
2025-10-08 21:00:00,solar.bun_hsc#realenergyintotheload#kwh,BUNDOORA,0.0,0.04190284,0.0035046241,0.003400791,0.0
2025-10-08 22:00:00,solar.bun_hsc#realenergyintotheload#kwh,BUNDOORA,0.0,-0.1488521,-0.00072233944,0.0,0.0
2025-10-08 23:00:00,solar.bun_hsc#realenergyintotheload#kwh,BUNDOORA,0.0,0.07858455,0.0021561114,0.0020922313,0.0
2025-10-09 00:00:00,solar.bun_hsc#realenergyintotheload#kwh,BUNDOORA,0.0,0.05809939,0.0022273967,0.0021614046,0.0
2025-10-09 01:00:00,solar.bun_hsc#realenergyintotheload#kwh,BUNDOORA,0.0,0.006516048,0.0021193153,0.0020565253,0.0
2025-10-09 02:00:00,solar.bun_hsc#realenergyintotheload#kwh,BUNDOORA,0.0,0.0075895623,0.0029642726,0.0028764487,0.0
2025-10-09 03:00:00,solar.bun_hsc#realenergyintotheload#kwh,BUNDOORA,0.0,-0.002528565,0.0048934217,0.0047484417,0.0
2025-10-09 04:00:00,solar.bun_hsc#realenergyintotheload#kwh,BUNDOORA,0.0,-0.0029414296,0.004702503,0.0045631793,0.0
2025-10-09 05:00:00,solar.bun_hsc#realenergyintotheload#kwh,BUNDOORA,0.0,-0.0076575987,0.0034908224,0.003387398,0.0
2025-10-09 06:00:00,solar.bun_hsc#realenergyintotheload#kwh,BUNDOORA,0.0,0.05655864,0.0035621077,0.0034565714,0.0
2025-10-09 07:00:00,solar.bun_hsc#realenergyintotheload#kwh,BUNDOORA,0.0,0.4779879,0.016802939,0.01630511,2.0
2025-10-09 08:00:00,solar.bun_hsc#realenergyintotheload#kwh,BUNDOORA,0.0,4.3968334,7.521604,7.2987576,152.0
2025-10-09 09:00:00,solar.bun_hsc#realenergyintotheload#kwh,BUNDOORA,0.0,9.053421,20.901932,20.28266,366.0
2025-10-09 10:00:00,solar.bun_hsc#realenergyintotheload#kwh,BUNDOORA,0.0,22.563604,31.275309,30.3487,566.0
2025-10-09 11:00:00,solar.bun_hsc#realenergyintotheload#kwh,BUNDOORA,0.0,33.37109,39.017483,37.861492,717.0
2025-10-09 12:00:00,solar.bun_hsc#realenergyintotheload#kwh,BUNDOORA,0.0,38.696033,44.00453,42.700787,838.0
2025-10-09 13:00:00,solar.bun_hsc#realenergyintotheload#kwh,BUNDOORA,0.0,25.192526,30.185438,29.291119,575.0
2025-10-09 14:00:00,solar.bun_hsc#realenergyintotheload#kwh,BUNDOORA,0.0,24.767118,22.68109,22.009106,426.0
2025-10-09 15:00:00,solar.bun_hsc#realenergyintotheload#kwh,BUNDOORA,0.0,15.13733,12.443829,12.075149,243.0
2025-10-09 16:00:00,solar.bun_hsc#realenergyintotheload#kwh,BUNDOORA,0.0,21.604015,25.037355,24.29556,479.0
2025-10-09 17:00:00,solar.bun_hsc#realenergyintotheload#kwh,BUNDOORA,0.0,12.621483,12.958851,12.574912,248.0
2025-10-09 18:00:00,solar.bun_hsc#realenergyintotheload#kwh,BUNDOORA,0.0,14.618996,11.749422,11.401316,235.0
2025-10-09 19:00:00,solar.bun_hsc#realenergyintotheload#kwh,BUNDOORA,0.0,1.9131033,4.142345,4.0196176,86.0
2025-10-09 20:00:00,solar.bun_hsc#realenergyintotheload#kwh,BUNDOORA,0.0,0.18388698,0.023420136,0.022726256,0.0
2025-10-09 21:00:00,solar.bun_hsc#realenergyintotheload#kwh,BUNDOORA,0.0,0.06701822,0.009754024,0.009465037,0.0
2025-10-09 22:00:00,solar.bun_hsc#realenergyintotheload#kwh,BUNDOORA,0.0,0.07625949,0.0027310445,0.0026501305,0.0
2025-10-09 23:00:00,solar.bun_hsc#realenergyintotheload#kwh,BUNDOORA,0.0,-0.020231925,-0.0013767438,0.0,0.0
2025-10-10 00:00:00,solar.bun_hsc#realenergyintotheload#kwh,BUNDOORA,0.0,0.11772841,0.0065387096,0.006344984,0.0
2025-10-10 01:00:00,solar.bun_hsc#realenergyintotheload#kwh,BUNDOORA,0.0,-0.019793507,0.009844307,0.009552645,0.0
2025-10-10 02:00:00,solar.bun_hsc#realenergyintotheload#kwh,BUNDOORA,0.0,0.016704053,0.0072934357,0.0070773493,0.0
2025-10-10 03:00:00,solar.bun_hsc#realenergyintotheload#kwh,BUNDOORA,0.0,0.20788121,0.005293145,0.005136322,0.0
2025-10-10 04:00:00,solar.bun_hsc#realenergyintotheload#kwh,BUNDOORA,0.0,0.02407064,0.020188615,0.019590477,0.0
2025-10-10 05:00:00,solar.bun_hsc#realenergyintotheload#kwh,BUNDOORA,0.0,0.027878713,-0.0476199,0.0,0.0
2025-10-10 06:00:00,solar.bun_hsc#realenergyintotheload#kwh,BUNDOORA,0.0,-0.2937673,0.027841702,0.027016822,0.0
2025-10-10 07:00:00,solar.bun_hsc#realenergyintotheload#kwh,BUNDOORA,0.0,0.36481386,0.054888856,0.053262636,3.0
2025-10-10 08:00:00,solar.bun_hsc#realenergyintotheload#kwh,BUNDOORA,0.0,5.266023,8.040348,7.8021326,157.0
2025-10-10 09:00:00,solar.bun_hsc#realenergyintotheload#kwh,BUNDOORA,0.0,19.577534,19.921309,19.331089,346.0
2025-10-10 10:00:00,solar.bun_hsc#realenergyintotheload#kwh,BUNDOORA,0.0,19.965763,32.37263,31.413511,564.0
2025-10-10 11:00:00,solar.bun_hsc#realenergyintotheload#kwh,BUNDOORA,0.0,34.75957,37.411373,36.302967,688.0
2025-10-10 12:00:00,solar.bun_hsc#realenergyintotheload#kwh,BUNDOORA,0.0,38.73892,43.54216,42.252113,838.0
2025-10-10 13:00:00,solar.bun_hsc#realenergyintotheload#kwh,BUNDOORA,0.0,34.503735,36.62884,35.54362,687.0
2025-10-10 14:00:00,solar.bun_hsc#realenergyintotheload#kwh,BUNDOORA,0.0,33.85747,39.504612,38.33419,747.0
2025-10-10 15:00:00,solar.bun_hsc#realenergyintotheload#kwh,BUNDOORA,0.0,37.734924,43.20251,41.922527,811.0
2025-10-10 16:00:00,solar.bun_hsc#realenergyintotheload#kwh,BUNDOORA,0.0,33.62347,36.87173,35.779312,675.0
2025-10-10 17:00:00,solar.bun_hsc#realenergyintotheload#kwh,BUNDOORA,0.0,21.581514,22.793673,22.118353,425.0
2025-10-10 18:00:00,solar.bun_hsc#realenergyintotheload#kwh,BUNDOORA,0.0,10.435861,8.848937,8.586765,181.0
2025-10-10 19:00:00,solar.bun_hsc#realenergyintotheload#kwh,BUNDOORA,0.0,2.4585037,4.0784893,3.9576538,85.0
2025-10-10 20:00:00,solar.bun_hsc#realenergyintotheload#kwh,BUNDOORA,0.0,-0.05813137,0.0043042386,0.004176715,0.0
2025-10-10 21:00:00,solar.bun_hsc#realenergyintotheload#kwh,BUNDOORA,0.0,0.14913546,0.02438198,0.023659604,0.0
2025-10-10 22:00:00,solar.bun_hsc#realenergyintotheload#kwh,BUNDOORA,0.0,-0.6046047,0.011617336,0.011273144,0.0
2025-10-10 23:00:00,solar.bun_hsc#realenergyintotheload#kwh,BUNDOORA,0.0,0.05951584,0.027420627,0.026608223,0.0
2025-10-11 00:00:00,solar.bun_hsc#realenergyintotheload#kwh,BUNDOORA,0.0,-0.037302177,0.02451733,0.023790943,0.0
2025-10-11 01:00:00,solar.bun_hsc#realenergyintotheload#kwh,BUNDOORA,0.0,0.24704298,0.0027310445,0.0026501305,0.0
2025-10-11 02:00:00,solar.bun_hsc#realenergyintotheload#kwh,BUNDOORA,0.0,0.06423379,0.0055768644,0.0054116356,0.0
2025-10-11 03:00:00,solar.bun_hsc#realenergyintotheload#kwh,BUNDOORA,0.0,-0.041101217,0.0072433697,0.007028767,0.0
2025-10-11 04:00:00,solar.bun_hsc#realenergyintotheload#kwh,BUNDOORA,0.0,-0.02918227,0.005157838,0.0050050244,0.0
2025-10-11 05:00:00,solar.bun_hsc#realenergyintotheload#kwh,BUNDOORA,0.0,-0.006816293,0.00400707,0.0038883504,0.0
2025-10-11 06:00:00,solar.bun_hsc#realenergyintotheload#kwh,BUNDOORA,0.0,0.10516744,0.0033039108,0.0032060242,0.0
2025-10-11 07:00:00,solar.bun_hsc#realenergyintotheload#kwh,BUNDOORA,0.0,0.8694489,0.031027026,0.030107774,3.0
2025-10-11 08:00:00,solar.bun_hsc#realenergyintotheload#kwh,BUNDOORA,0.0,3.70759,3.9789014,3.8610165,102.0
2025-10-11 09:00:00,solar.bun_hsc#realenergyintotheload#kwh,BUNDOORA,0.0,11.649574,16.293032,15.810309,316.0
2025-10-11 10:00:00,solar.bun_hsc#realenergyintotheload#kwh,BUNDOORA,0.0,19.011967,27.331455,26.521692,493.0
2025-10-11 11:00:00,solar.bun_hsc#realenergyintotheload#kwh,BUNDOORA,0.0,28.648998,35.308693,34.262585,646.0
2025-10-11 12:00:00,solar.bun_hsc#realenergyintotheload#kwh,BUNDOORA,0.0,36.431335,41.29076,40.067417,803.0
2025-10-11 13:00:00,solar.bun_hsc#realenergyintotheload#kwh,BUNDOORA,0.0,31.884787,37.011158,35.914608,687.0
2025-10-11 14:00:00,solar.bun_hsc#realenergyintotheload#kwh,BUNDOORA,0.0,22.874847,26.846064,26.050682,508.0
2025-10-11 15:00:00,solar.bun_hsc#realenergyintotheload#kwh,BUNDOORA,0.0,22.07631,23.581415,22.882757,445.0
2025-10-11 16:00:00,solar.bun_hsc#realenergyintotheload#kwh,BUNDOORA,0.0,17.131485,15.933166,15.461105,306.0
2025-10-11 17:00:00,solar.bun_hsc#realenergyintotheload#kwh,BUNDOORA,0.0,8.02761,9.452849,9.172785,191.0
2025-10-11 18:00:00,solar.bun_hsc#realenergyintotheload#kwh,BUNDOORA,0.0,10.078509,8.443805,8.193636,171.0
2025-10-11 19:00:00,solar.bun_hsc#realenergyintotheload#kwh,BUNDOORA,0.0,1.7592175,1.0473431,1.016313,28.0
2025-10-11 20:00:00,solar.bun_hsc#realenergyintotheload#kwh,BUNDOORA,0.0,0.4718562,0.0055699456,0.005404922,0.0
2025-10-11 21:00:00,solar.bun_hsc#realenergyintotheload#kwh,BUNDOORA,0.0,0.15301886,0.00031786933,0.00030845165,0.0
2025-10-11 22:00:00,solar.bun_hsc#realenergyintotheload#kwh,BUNDOORA,0.0,-0.012094986,0.0053700837,0.0052109817,0.0
2025-10-11 23:00:00,solar.bun_hsc#realenergyintotheload#kwh,BUNDOORA,0.0,0.0013720111,0.00393502,0.0038184351,0.0
2025-10-12 00:00:00,solar.bun_hsc#realenergyintotheload#kwh,BUNDOORA,0.0,0.003495621,0.0035866634,0.0034803995,0.0
2025-10-12 01:00:00,solar.bun_hsc#realenergyintotheload#kwh,BUNDOORA,0.0,0.0029900242,0.003602204,0.0034954797,0.0
2025-10-12 02:00:00,solar.bun_hsc#realenergyintotheload#kwh,BUNDOORA,0.0,0.003175918,0.0038976423,0.0037821648,0.0
2025-10-12 03:00:00,solar.bun_hsc#realenergyintotheload#kwh,BUNDOORA,0.0,0.010896793,0.001965735,0.0019074953,0.0
2025-10-12 04:00:00,solar.bun_hsc#realenergyintotheload#kwh,BUNDOORA,0.0,0.018302007,0.0016794458,0.0016296881,0.0
2025-10-12 05:00:00,solar.bun_hsc#realenergyintotheload#kwh,BUNDOORA,0.0,0.0035550478,0.002382604,0.0023120134,0.0
2025-10-12 06:00:00,solar.bun_hsc#realenergyintotheload#kwh,BUNDOORA,0.0,0.08414269,0.0021989723,0.0021338223,0.0
2025-10-12 07:00:00,solar.bun_hsc#realenergyintotheload#kwh,BUNDOORA,0.0,0.13823819,0.033148747,0.032166634,3.0
2025-10-12 08:00:00,solar.bun_hsc#realenergyintotheload#kwh,BUNDOORA,0.0,3.3110242,3.696993,3.5874605,103.0
2025-10-12 09:00:00,solar.bun_hsc#realenergyintotheload#kwh,BUNDOORA,0.0,8.481084,12.567189,12.194855,253.0
2025-10-12 10:00:00,solar.bun_hsc#realenergyintotheload#kwh,BUNDOORA,0.0,15.361667,20.18013,19.582243,372.0
2025-10-12 11:00:00,solar.bun_hsc#realenergyintotheload#kwh,BUNDOORA,0.0,16.856665,24.056234,23.343508,455.0
2025-10-12 12:00:00,solar.bun_hsc#realenergyintotheload#kwh,BUNDOORA,0.0,21.410732,26.115454,25.341719,499.0
2025-10-12 13:00:00,solar.bun_hsc#realenergyintotheload#kwh,BUNDOORA,0.0,23.76047,26.402302,25.620068,502.0
2025-10-12 14:00:00,solar.bun_hsc#realenergyintotheload#kwh,BUNDOORA,0.0,21.521656,24.05262,23.34,463.0
2025-10-12 15:00:00,solar.bun_hsc#realenergyintotheload#kwh,BUNDOORA,0.0,23.402939,20.111359,19.515509,389.0
2025-10-12 16:00:00,solar.bun_hsc#realenergyintotheload#kwh,BUNDOORA,0.0,13.666305,15.383942,14.928154,298.0
2025-10-12 17:00:00,solar.bun_hsc#realenergyintotheload#kwh,BUNDOORA,0.0,9.34955,10.853856,10.532284,208.0
2025-10-12 18:00:00,solar.bun_hsc#realenergyintotheload#kwh,BUNDOORA,0.0,11.653789,5.743899,5.5737214,118.0
2025-10-12 19:00:00,solar.bun_hsc#realenergyintotheload#kwh,BUNDOORA,0.0,4.3704443,1.4904722,1.4463133,37.0
2025-10-12 20:00:00,solar.bun_hsc#realenergyintotheload#kwh,BUNDOORA,0.0,0.9354624,0.0076768394,0.0074493936,0.0
2025-10-12 21:00:00,solar.bun_hsc#realenergyintotheload#kwh,BUNDOORA,0.0,0.033100106,0.0076768394,0.0074493936,0.0
2025-10-12 22:00:00,solar.bun_hsc#realenergyintotheload#kwh,BUNDOORA,0.0,0.047559,0.0053791082,0.005219739,0.0
2025-10-12 23:00:00,solar.bun_hsc#realenergyintotheload#kwh,BUNDOORA,0.0,0.016047085,0.0045020026,0.0043686195,0.0
2025-10-13 00:00:00,solar.bun_hsc#realenergyintotheload#kwh,BUNDOORA,0.0,0.013524413,0.0033688813,0.0032690698,0.0
2025-10-13 01:00:00,solar.bun_hsc#realenergyintotheload#kwh,BUNDOORA,0.0,-0.0037747307,0.0033688813,0.0032690698,0.0
2025-10-13 02:00:00,solar.bun_hsc#realenergyintotheload#kwh,BUNDOORA,0.0,-0.008737579,0.0033688813,0.0032690698,0.0
2025-10-13 03:00:00,solar.bun_hsc#realenergyintotheload#kwh,BUNDOORA,0.0,-0.002913931,0.0033688813,0.0032690698,0.0
2025-10-13 04:00:00,solar.bun_hsc#realenergyintotheload#kwh,BUNDOORA,0.0,-0.007882548,0.0033688813,0.0032690698,0.0
2025-10-13 05:00:00,solar.bun_hsc#realenergyintotheload#kwh,BUNDOORA,0.0,-0.009645935,0.0016493935,0.001600526,0.0
2025-10-13 06:00:00,solar.bun_hsc#realenergyintotheload#kwh,BUNDOORA,0.0,0.0056160334,0.00173517,0.0016837612,0.0
2025-10-13 07:00:00,solar.bun_hsc#realenergyintotheload#kwh,BUNDOORA,0.0,0.04700978,0.13259207,0.12866369,6.0
2025-10-13 08:00:00,solar.bun_hsc#realenergyintotheload#kwh,BUNDOORA,0.0,2.0533764,4.0427556,3.9229789,121.0
2025-10-13 09:00:00,solar.bun_hsc#realenergyintotheload#kwh,BUNDOORA,0.0,4.7465672,21.547903,20.909492,390.0
2025-10-13 10:00:00,solar.bun_hsc#realenergyintotheload#kwh,BUNDOORA,0.0,17.158989,26.792734,25.998932,477.0
2025-10-13 11:00:00,solar.bun_hsc#realenergyintotheload#kwh,BUNDOORA,0.0,19.445175,27.462658,26.649008,523.0
2025-10-13 12:00:00,solar.bun_hsc#realenergyintotheload#kwh,BUNDOORA,0.0,19.342108,25.979603,25.209892,488.0
2025-10-13 13:00:00,solar.bun_hsc#realenergyintotheload#kwh,BUNDOORA,0.0,27.137247,31.481808,30.54908,652.0
2025-10-13 14:00:00,solar.bun_hsc#realenergyintotheload#kwh,BUNDOORA,0.0,36.893223,43.656548,42.363113,891.0
2025-10-13 15:00:00,solar.bun_hsc#realenergyintotheload#kwh,BUNDOORA,0.0,39.036705,42.676777,41.41237,848.0
2025-10-13 16:00:00,solar.bun_hsc#realenergyintotheload#kwh,BUNDOORA,0.0,34.28037,33.535896,32.542313,714.0
2025-10-13 17:00:00,solar.bun_hsc#realenergyintotheload#kwh,BUNDOORA,0.0,25.367323,29.411285,28.539902,531.0
2025-10-13 18:00:00,solar.bun_hsc#realenergyintotheload#kwh,BUNDOORA,0.0,12.472048,18.119528,17.582691,320.0
2025-10-13 19:00:00,solar.bun_hsc#realenergyintotheload#kwh,BUNDOORA,0.0,2.9983923,4.708435,4.568936,100.0
2025-10-13 20:00:00,solar.bun_hsc#realenergyintotheload#kwh,BUNDOORA,0.0,0.30597678,0.029054517,0.028193705,0.0
2025-10-13 21:00:00,solar.bun_hsc#realenergyintotheload#kwh,BUNDOORA,0.0,0.11779287,0.0025509507,0.0024753725,0.0
2025-10-13 22:00:00,solar.bun_hsc#realenergyintotheload#kwh,BUNDOORA,0.0,0.0009276606,0.0020518056,0.0019910156,0.0
2025-10-13 23:00:00,solar.bun_hsc#realenergyintotheload#kwh,BUNDOORA,0.0,0.008430407,0.0016901564,0.0016400813,0.0
2025-10-14 00:00:00,solar.bun_hsc#realenergyintotheload#kwh,BUNDOORA,0.0,-0.011405209,0.00173517,0.0016837612,0.0
2025-10-14 01:00:00,solar.bun_hsc#realenergyintotheload#kwh,BUNDOORA,0.0,-0.003908016,0.0013735208,0.0013328268,0.0
2025-10-14 02:00:00,solar.bun_hsc#realenergyintotheload#kwh,BUNDOORA,0.0,-0.0023032601,0.0018432514,0.0017886405,0.0
2025-10-14 03:00:00,solar.bun_hsc#realenergyintotheload#kwh,BUNDOORA,0.0,-0.012668151,0.0018432514,0.0017886405,0.0
2025-10-14 04:00:00,solar.bun_hsc#realenergyintotheload#kwh,BUNDOORA,0.0,-0.008001044,0.0023928303,0.0023219367,0.0
2025-10-14 05:00:00,solar.bun_hsc#realenergyintotheload#kwh,BUNDOORA,0.0,-0.0050713974,0.0018432514,0.0017886405,0.0
2025-10-14 06:00:00,solar.bun_hsc#realenergyintotheload#kwh,BUNDOORA,0.0,-0.0050858404,0.0014816022,0.001437706,0.0
2025-10-14 07:00:00,solar.bun_hsc#realenergyintotheload#kwh,BUNDOORA,0.0,0.0035967524,0.27369043,0.26558167,9.0
2025-10-14 08:00:00,solar.bun_hsc#realenergyintotheload#kwh,BUNDOORA,0.0,4.450737,3.9900436,3.8718286,98.0
2025-10-14 09:00:00,solar.bun_hsc#realenergyintotheload#kwh,BUNDOORA,0.0,11.94439,12.860359,12.479339,233.0
2025-10-14 10:00:00,solar.bun_hsc#realenergyintotheload#kwh,BUNDOORA,0.0,13.61598,15.028571,14.583312,277.0
2025-10-14 11:00:00,solar.bun_hsc#realenergyintotheload#kwh,BUNDOORA,0.0,22.179487,24.18002,23.463625,453.0
2025-10-14 12:00:00,solar.bun_hsc#realenergyintotheload#kwh,BUNDOORA,0.0,32.794865,40.52189,39.321327,789.0
2025-10-14 13:00:00,solar.bun_hsc#realenergyintotheload#kwh,BUNDOORA,0.0,35.15054,43.502975,42.214092,853.0
2025-10-14 14:00:00,solar.bun_hsc#realenergyintotheload#kwh,BUNDOORA,0.0,46.310596,45.33868,43.995407,909.0
2025-10-14 15:00:00,solar.bun_hsc#realenergyintotheload#kwh,BUNDOORA,0.0,43.646408,43.282322,41.999973,835.0
2025-10-14 16:00:00,solar.bun_hsc#realenergyintotheload#kwh,BUNDOORA,0.0,38.4542,37.576717,36.463413,702.0
2025-10-14 17:00:00,solar.bun_hsc#realenergyintotheload#kwh,BUNDOORA,0.0,28.591274,27.830992,27.00643,522.0
2025-10-14 18:00:00,solar.bun_hsc#realenergyintotheload#kwh,BUNDOORA,0.0,17.661972,17.520624,17.001532,316.0
2025-10-14 19:00:00,solar.bun_hsc#realenergyintotheload#kwh,BUNDOORA,0.0,4.612916,5.4006567,5.2406487,105.0
2025-10-14 20:00:00,solar.bun_hsc#realenergyintotheload#kwh,BUNDOORA,0.0,0.91617405,0.004291522,0.004164375,0.0
2025-10-14 21:00:00,solar.bun_hsc#realenergyintotheload#kwh,BUNDOORA,0.0,0.001141893,0.0021561114,0.0020922313,0.0
2025-10-14 22:00:00,solar.bun_hsc#realenergyintotheload#kwh,BUNDOORA,0.0,0.0140391365,0.0018657475,0.00181047,0.0
2025-10-14 23:00:00,solar.bun_hsc#realenergyintotheload#kwh,BUNDOORA,0.0,0.0025016118,0.002145586,0.0020820177,0.0
2025-10-15 00:00:00,solar.bun_hsc#realenergyintotheload#kwh,BUNDOORA,0.0,0.008639991,0.0018657475,0.00181047,0.0
2025-10-15 01:00:00,solar.bun_hsc#realenergyintotheload#kwh,BUNDOORA,0.0,0.0069311447,0.0017576661,0.0017055909,0.0
2025-10-15 02:00:00,solar.bun_hsc#realenergyintotheload#kwh,BUNDOORA,0.0,0.00072916615,0.0014713767,0.0014277835,0.0
2025-10-15 03:00:00,solar.bun_hsc#realenergyintotheload#kwh,BUNDOORA,0.0,0.0037126294,0.00173517,0.0016837612,0.0
2025-10-15 04:00:00,solar.bun_hsc#realenergyintotheload#kwh,BUNDOORA,0.0,0.0018108559,0.0013735208,0.0013328268,0.0
2025-10-15 05:00:00,solar.bun_hsc#realenergyintotheload#kwh,BUNDOORA,0.0,0.0018108559,0.0013735208,0.0013328268,0.0
2025-10-15 06:00:00,solar.bun_hsc#realenergyintotheload#kwh,BUNDOORA,0.0,0.009193391,0.0013735208,0.0013328268,0.0
2025-10-15 07:00:00,solar.bun_hsc#realenergyintotheload#kwh,BUNDOORA,0.0,-0.00793139,0.34210232,0.33196667,10.0
2025-10-15 08:00:00,solar.bun_hsc#realenergyintotheload#kwh,BUNDOORA,0.0,0.778399,9.012289,8.745277,177.0
2025-10-15 09:00:00,solar.bun_hsc#realenergyintotheload#kwh,BUNDOORA,0.0,2.0063744,20.25943,19.659193,390.0
2025-10-15 10:00:00,solar.bun_hsc#realenergyintotheload#kwh,BUNDOORA,0.0,24.16641,31.976814,31.02942,592.0
2025-10-15 11:00:00,solar.bun_hsc#realenergyintotheload#kwh,BUNDOORA,0.0,34.958767,41.145187,39.92616,759.0
2025-10-15 12:00:00,solar.bun_hsc#realenergyintotheload#kwh,BUNDOORA,0.0,43.38009,43.891228,42.59084,876.0
2025-10-15 13:00:00,solar.bun_hsc#realenergyintotheload#kwh,BUNDOORA,0.0,44.274784,44.70932,43.384693,929.0
2025-10-15 14:00:00,solar.bun_hsc#realenergyintotheload#kwh,BUNDOORA,0.0,44.546677,44.86211,43.53296,919.0
2025-10-15 15:00:00,solar.bun_hsc#realenergyintotheload#kwh,BUNDOORA,0.0,41.915295,42.003777,40.759308,843.0
2025-10-15 16:00:00,solar.bun_hsc#realenergyintotheload#kwh,BUNDOORA,0.0,36.642776,37.22864,36.12565,709.0
2025-10-15 17:00:00,solar.bun_hsc#realenergyintotheload#kwh,BUNDOORA,0.0,26.789768,28.890461,28.03451,529.0
2025-10-15 18:00:00,solar.bun_hsc#realenergyintotheload#kwh,BUNDOORA,0.0,23.3518,17.036213,16.531473,319.0
2025-10-15 19:00:00,solar.bun_hsc#realenergyintotheload#kwh,BUNDOORA,0.0,3.6984634,5.268687,5.112589,105.0
2025-10-15 20:00:00,solar.bun_hsc#realenergyintotheload#kwh,BUNDOORA,0.0,0.6024952,0.009633945,0.009348515,0.0
2025-10-15 21:00:00,solar.bun_hsc#realenergyintotheload#kwh,BUNDOORA,0.0,0.008639092,0.0029027052,0.0028167053,0.0
2025-10-15 22:00:00,solar.bun_hsc#realenergyintotheload#kwh,BUNDOORA,0.0,-0.018176757,0.0044170446,0.0042861784,0.0
2025-10-15 23:00:00,solar.bun_hsc#realenergyintotheload#kwh,BUNDOORA,0.0,0.019896483,0.003074462,0.0029833734,0.0
2025-10-16 00:00:00,solar.bun_hsc#realenergyintotheload#kwh,BUNDOORA,0.0,0.004720303,0.0030370844,0.0029471032,0.0
2025-10-16 01:00:00,solar.bun_hsc#realenergyintotheload#kwh,BUNDOORA,0.0,0.006961451,0.0027572457,0.0026755554,0.0
2025-10-16 02:00:00,solar.bun_hsc#realenergyintotheload#kwh,BUNDOORA,0.0,-0.0010778694,0.0027572457,0.0026755554,0.0
2025-10-16 03:00:00,solar.bun_hsc#realenergyintotheload#kwh,BUNDOORA,0.0,0.0026999475,0.0033068247,0.0032088517,0.0
2025-10-16 04:00:00,solar.bun_hsc#realenergyintotheload#kwh,BUNDOORA,0.0,0.02662459,0.0037530265,0.0036418338,0.0
2025-10-16 05:00:00,solar.bun_hsc#realenergyintotheload#kwh,BUNDOORA,0.0,0.00010025827,0.0034574913,0.0033550544,0.0
2025-10-16 06:00:00,solar.bun_hsc#realenergyintotheload#kwh,BUNDOORA,0.0,0.015147407,0.00442037,0.0042894054,0.0
2025-10-16 07:00:00,solar.bun_hsc#realenergyintotheload#kwh,BUNDOORA,0.0,1.320618,0.36118463,0.35048363,13.0
2025-10-16 08:00:00,solar.bun_hsc#realenergyintotheload#kwh,BUNDOORA,0.0,5.6220407,10.659333,10.343524,186.0
2025-10-16 09:00:00,solar.bun_hsc#realenergyintotheload#kwh,BUNDOORA,0.0,18.127434,23.186562,22.499601,399.0
2025-10-16 10:00:00,solar.bun_hsc#realenergyintotheload#kwh,BUNDOORA,0.0,30.956726,33.76651,32.766094,597.0
2025-10-16 11:00:00,solar.bun_hsc#realenergyintotheload#kwh,BUNDOORA,0.0,35.68317,40.856915,39.646427,762.0
2025-10-16 12:00:00,solar.bun_hsc#realenergyintotheload#kwh,BUNDOORA,0.0,37.73932,44.221405,42.911236,871.0
2025-10-16 13:00:00,solar.bun_hsc#realenergyintotheload#kwh,BUNDOORA,0.0,38.680717,46.11376,44.747528,914.0
2025-10-16 14:00:00,solar.bun_hsc#realenergyintotheload#kwh,BUNDOORA,0.0,39.290485,44.09759,42.79109,849.0
2025-10-16 15:00:00,solar.bun_hsc#realenergyintotheload#kwh,BUNDOORA,0.0,24.164,18.330877,17.787779,360.0
2025-10-16 16:00:00,solar.bun_hsc#realenergyintotheload#kwh,BUNDOORA,0.0,3.8132267,2.399459,2.328369,52.0
2025-10-16 17:00:00,solar.bun_hsc#realenergyintotheload#kwh,BUNDOORA,0.0,9.434181,8.709817,8.451767,168.0
2025-10-16 18:00:00,solar.bun_hsc#realenergyintotheload#kwh,BUNDOORA,0.0,2.8328385,1.3290966,1.2897187,30.0
2025-10-16 19:00:00,solar.bun_hsc#realenergyintotheload#kwh,BUNDOORA,0.0,2.7869036,0.589322,0.5718618,18.0
2025-10-16 20:00:00,solar.bun_hsc#realenergyintotheload#kwh,BUNDOORA,0.0,0.5197277,0.011195904,0.010864197,0.0
2025-10-16 21:00:00,solar.bun_hsc#realenergyintotheload#kwh,BUNDOORA,0.0,0.038028874,-0.005378906,0.0,0.0
2025-10-16 22:00:00,solar.bun_hsc#realenergyintotheload#kwh,BUNDOORA,0.0,0.008458303,0.012154109,0.011794013,0.0
2025-10-16 23:00:00,solar.bun_hsc#realenergyintotheload#kwh,BUNDOORA,0.0,0.0893565,0.0014236314,0.0013814528,0.0
2025-10-17 00:00:00,solar.bun_hsc#realenergyintotheload#kwh,BUNDOORA,0.0,0.18673767,-0.0019291304,0.0,0.0
2025-10-17 01:00:00,solar.bun_hsc#realenergyintotheload#kwh,BUNDOORA,0.0,0.019973544,-0.00015430874,0.0,0.0
2025-10-17 02:00:00,solar.bun_hsc#realenergyintotheload#kwh,BUNDOORA,0.0,0.02199078,-0.0012940371,0.0,0.0
2025-10-17 03:00:00,solar.bun_hsc#realenergyintotheload#kwh,BUNDOORA,0.0,0.0033800676,0.0012154758,0.0011794643,0.0
2025-10-17 04:00:00,solar.bun_hsc#realenergyintotheload#kwh,BUNDOORA,0.0,0.013476925,0.0046564057,0.004518448,0.0
2025-10-17 05:00:00,solar.bun_hsc#realenergyintotheload#kwh,BUNDOORA,0.0,0.07969313,0.005450143,0.005288669,0.0
2025-10-17 06:00:00,solar.bun_hsc#realenergyintotheload#kwh,BUNDOORA,0.0,0.14784077,0.005450143,0.005288669,0.0
2025-10-17 07:00:00,solar.bun_hsc#realenergyintotheload#kwh,BUNDOORA,0.0,0.7423385,0.15959214,0.15486382,7.0
2025-10-17 08:00:00,solar.bun_hsc#realenergyintotheload#kwh,BUNDOORA,0.0,4.569207,3.8551943,3.7409747,99.0
2025-10-17 09:00:00,solar.bun_hsc#realenergyintotheload#kwh,BUNDOORA,0.0,8.859976,19.66127,19.078756,344.0
2025-10-17 10:00:00,solar.bun_hsc#realenergyintotheload#kwh,BUNDOORA,0.0,20.800982,29.297441,28.429432,533.0
2025-10-17 11:00:00,solar.bun_hsc#realenergyintotheload#kwh,BUNDOORA,0.0,23.157835,21.824677,21.178066,410.0
2025-10-17 12:00:00,solar.bun_hsc#realenergyintotheload#kwh,BUNDOORA,0.0,32.85934,36.9482,35.853516,693.0
2025-10-17 13:00:00,solar.bun_hsc#realenergyintotheload#kwh,BUNDOORA,0.0,30.416878,35.968037,34.902393,687.0
2025-10-17 14:00:00,solar.bun_hsc#realenergyintotheload#kwh,BUNDOORA,0.0,44.468174,46.593987,45.213524,923.0
2025-10-17 15:00:00,solar.bun_hsc#realenergyintotheload#kwh,BUNDOORA,0.0,40.98841,44.193504,42.884163,837.0
2025-10-17 16:00:00,solar.bun_hsc#realenergyintotheload#kwh,BUNDOORA,0.0,27.352009,36.83424,35.742935,664.0
2025-10-17 17:00:00,solar.bun_hsc#realenergyintotheload#kwh,BUNDOORA,0.0,17.639095,17.294086,16.781706,321.0
2025-10-17 18:00:00,solar.bun_hsc#realenergyintotheload#kwh,BUNDOORA,0.0,14.559481,15.538278,15.077917,270.0
2025-10-17 19:00:00,solar.bun_hsc#realenergyintotheload#kwh,BUNDOORA,0.0,2.5484493,2.309175,2.2407598,52.0
2025-10-17 20:00:00,solar.bun_hsc#realenergyintotheload#kwh,BUNDOORA,0.0,0.76420987,0.0040366626,0.0039170664,0.0
2025-10-17 21:00:00,solar.bun_hsc#realenergyintotheload#kwh,BUNDOORA,0.0,-0.019133423,0.0066327876,0.006436275,0.0
2025-10-17 22:00:00,solar.bun_hsc#realenergyintotheload#kwh,BUNDOORA,0.0,0.036214285,0.003380368,0.0032802161,0.0
2025-10-17 23:00:00,solar.bun_hsc#realenergyintotheload#kwh,BUNDOORA,0.0,0.03466104,0.003921917,0.0038057205,0.0
2025-10-18 00:00:00,solar.bun_hsc#realenergyintotheload#kwh,BUNDOORA,0.0,0.01888236,0.0020518056,0.0019910156,0.0
2025-10-18 01:00:00,solar.bun_hsc#realenergyintotheload#kwh,BUNDOORA,0.0,0.007083348,0.00212309,0.0020601882,0.0
2025-10-18 02:00:00,solar.bun_hsc#realenergyintotheload#kwh,BUNDOORA,0.0,0.00032381638,0.00212309,0.0020601882,0.0
2025-10-18 03:00:00,solar.bun_hsc#realenergyintotheload#kwh,BUNDOORA,0.0,-0.0009491994,0.0016533594,0.0016043745,0.0
2025-10-18 04:00:00,solar.bun_hsc#realenergyintotheload#kwh,BUNDOORA,0.0,-0.0009491994,0.0013735208,0.0013328268,0.0
2025-10-18 05:00:00,solar.bun_hsc#realenergyintotheload#kwh,BUNDOORA,0.0,-0.011284577,0.0013735208,0.0013328268,0.0
2025-10-18 06:00:00,solar.bun_hsc#realenergyintotheload#kwh,BUNDOORA,0.0,0.0122633595,0.0013735208,0.0013328268,0.0
2025-10-18 07:00:00,solar.bun_hsc#realenergyintotheload#kwh,BUNDOORA,0.0,0.16707118,0.20304455,0.19702885,8.0
2025-10-18 08:00:00,solar.bun_hsc#realenergyintotheload#kwh,BUNDOORA,0.0,3.8445058,4.9354105,4.7891865,137.0
2025-10-18 09:00:00,solar.bun_hsc#realenergyintotheload#kwh,BUNDOORA,0.0,5.521272,9.328347,9.051971,180.0
2025-10-18 10:00:00,solar.bun_hsc#realenergyintotheload#kwh,BUNDOORA,0.0,14.938195,20.845724,20.228117,381.0
2025-10-18 11:00:00,solar.bun_hsc#realenergyintotheload#kwh,BUNDOORA,0.0,26.439327,34.619133,33.593456,648.0
2025-10-18 12:00:00,solar.bun_hsc#realenergyintotheload#kwh,BUNDOORA,0.0,34.209797,41.923183,40.681103,807.0
2025-10-18 13:00:00,solar.bun_hsc#realenergyintotheload#kwh,BUNDOORA,0.0,40.642918,46.15165,44.78429,932.0
2025-10-18 14:00:00,solar.bun_hsc#realenergyintotheload#kwh,BUNDOORA,0.0,41.613976,45.704876,44.350754,922.0
2025-10-18 15:00:00,solar.bun_hsc#realenergyintotheload#kwh,BUNDOORA,0.0,39.928837,44.215725,42.905724,848.0
2025-10-18 16:00:00,solar.bun_hsc#realenergyintotheload#kwh,BUNDOORA,0.0,36.108612,38.271976,37.138073,716.0
2025-10-18 17:00:00,solar.bun_hsc#realenergyintotheload#kwh,BUNDOORA,0.0,29.705173,29.421425,28.549742,539.0
2025-10-18 18:00:00,solar.bun_hsc#realenergyintotheload#kwh,BUNDOORA,0.0,18.741247,17.980772,17.448046,331.0
2025-10-18 19:00:00,solar.bun_hsc#realenergyintotheload#kwh,BUNDOORA,0.0,4.2356834,6.1759553,5.992977,124.0
2025-10-18 20:00:00,solar.bun_hsc#realenergyintotheload#kwh,BUNDOORA,0.0,0.38692006,0.02359284,0.022893844,0.0
2025-10-18 21:00:00,solar.bun_hsc#realenergyintotheload#kwh,BUNDOORA,0.0,0.031373646,0.006651036,0.0064539826,0.0
2025-10-18 22:00:00,solar.bun_hsc#realenergyintotheload#kwh,BUNDOORA,0.0,0.06344307,0.005890233,0.00571572,0.0
2025-10-18 23:00:00,solar.bun_hsc#realenergyintotheload#kwh,BUNDOORA,0.0,-0.051199544,0.00598446,0.0058071553,0.0
2025-10-19 00:00:00,solar.bun_hsc#realenergyintotheload#kwh,BUNDOORA,0.0,0.023822967,0.0065387096,0.006344984,0.0
2025-10-19 01:00:00,solar.bun_hsc#realenergyintotheload#kwh,BUNDOORA,0.0,-0.039277405,0.027697684,0.026877072,0.0
2025-10-19 02:00:00,solar.bun_hsc#realenergyintotheload#kwh,BUNDOORA,0.0,0.11473528,0.007543613,0.007320115,0.0
2025-10-19 03:00:00,solar.bun_hsc#realenergyintotheload#kwh,BUNDOORA,0.0,0.33311146,-0.010820171,0.0,0.0
2025-10-19 04:00:00,solar.bun_hsc#realenergyintotheload#kwh,BUNDOORA,0.0,0.0050369482,0.04384886,0.04254973,0.0
2025-10-19 05:00:00,solar.bun_hsc#realenergyintotheload#kwh,BUNDOORA,0.0,-0.010235526,0.027881145,0.027055096,0.0
2025-10-19 06:00:00,solar.bun_hsc#realenergyintotheload#kwh,BUNDOORA,0.0,-0.026493944,0.02868642,0.027836513,0.0
2025-10-19 07:00:00,solar.bun_hsc#realenergyintotheload#kwh,BUNDOORA,0.0,0.12280191,0.41515088,0.402851,12.0
2025-10-19 08:00:00,solar.bun_hsc#realenergyintotheload#kwh,BUNDOORA,0.0,2.9993265,4.721084,4.58121,95.0
2025-10-19 09:00:00,solar.bun_hsc#realenergyintotheload#kwh,BUNDOORA,0.0,7.4349117,6.667815,6.4702644,134.0
2025-10-19 10:00:00,solar.bun_hsc#realenergyintotheload#kwh,BUNDOORA,0.0,18.082308,18.083246,17.547485,332.0
2025-10-19 11:00:00,solar.bun_hsc#realenergyintotheload#kwh,BUNDOORA,0.0,6.326388,5.85646,5.6829476,107.0
2025-10-19 12:00:00,solar.bun_hsc#realenergyintotheload#kwh,BUNDOORA,0.0,6.1167502,4.8268695,4.6838613,94.0
2025-10-19 13:00:00,solar.bun_hsc#realenergyintotheload#kwh,BUNDOORA,0.0,12.301695,10.917893,10.594423,222.0
2025-10-19 14:00:00,solar.bun_hsc#realenergyintotheload#kwh,BUNDOORA,0.0,13.156205,10.892601,10.5698805,220.0
2025-10-19 15:00:00,solar.bun_hsc#realenergyintotheload#kwh,BUNDOORA,0.0,9.071397,6.6755137,6.477735,131.0
2025-10-19 16:00:00,solar.bun_hsc#realenergyintotheload#kwh,BUNDOORA,0.0,22.9372,18.955198,18.393602,374.0
2025-10-19 17:00:00,solar.bun_hsc#realenergyintotheload#kwh,BUNDOORA,0.0,4.525988,3.9628282,3.8454194,77.0
2025-10-19 18:00:00,solar.bun_hsc#realenergyintotheload#kwh,BUNDOORA,0.0,3.9337413,3.1115646,3.0193768,67.0
2025-10-19 19:00:00,solar.bun_hsc#realenergyintotheload#kwh,BUNDOORA,0.0,3.2423687,0.39556578,0.38384616,11.0
2025-10-19 20:00:00,solar.bun_hsc#realenergyintotheload#kwh,BUNDOORA,0.0,0.6255624,0.01675507,0.016258659,0.0
2025-10-19 21:00:00,solar.bun_hsc#realenergyintotheload#kwh,BUNDOORA,0.0,-0.09806741,0.015419416,0.014962577,0.0
2025-10-19 22:00:00,solar.bun_hsc#realenergyintotheload#kwh,BUNDOORA,0.0,0.35779762,0.0037900838,0.003677793,0.0
2025-10-19 23:00:00,solar.bun_hsc#realenergyintotheload#kwh,BUNDOORA,0.0,0.04461365,0.0007471938,0.00072505634,0.0
2025-10-20 00:00:00,solar.bun_hsc#realenergyintotheload#kwh,BUNDOORA,0.0,0.011569893,0.001338509,0.0012988524,0.0
2025-10-20 01:00:00,solar.bun_hsc#realenergyintotheload#kwh,BUNDOORA,0.0,-0.003172474,-0.0018520121,0.0,0.0
2025-10-20 02:00:00,solar.bun_hsc#realenergyintotheload#kwh,BUNDOORA,0.0,0.00287093,-0.0021318507,0.0,0.0
2025-10-20 03:00:00,solar.bun_hsc#realenergyintotheload#kwh,BUNDOORA,0.0,-0.003172474,-0.0018520121,0.0,0.0
2025-10-20 04:00:00,solar.bun_hsc#realenergyintotheload#kwh,BUNDOORA,0.0,-0.003172474,-0.0018520121,0.0,0.0
2025-10-20 05:00:00,solar.bun_hsc#realenergyintotheload#kwh,BUNDOORA,0.0,-0.011400629,-0.0018520121,0.0,0.0
2025-10-20 06:00:00,solar.bun_hsc#realenergyintotheload#kwh,BUNDOORA,0.0,-0.027077986,-0.0018520121,0.0,0.0
2025-10-20 07:00:00,solar.bun_hsc#realenergyintotheload#kwh,BUNDOORA,0.0,0.13173138,0.12512383,0.121416725,6.0
2025-10-20 08:00:00,solar.bun_hsc#realenergyintotheload#kwh,BUNDOORA,0.0,1.901462,2.812984,2.7296424,62.0
2025-10-20 09:00:00,solar.bun_hsc#realenergyintotheload#kwh,BUNDOORA,0.0,3.0179849,3.1342287,3.0413694,63.0
2025-10-20 10:00:00,solar.bun_hsc#realenergyintotheload#kwh,BUNDOORA,0.0,4.502418,5.3510766,5.192538,105.0
2025-10-20 11:00:00,solar.bun_hsc#realenergyintotheload#kwh,BUNDOORA,0.0,3.1042778,2.4430149,2.3706343,50.0
2025-10-20 12:00:00,solar.bun_hsc#realenergyintotheload#kwh,BUNDOORA,0.0,3.6179223,3.2003987,3.105579,62.0
2025-10-20 13:00:00,solar.bun_hsc#realenergyintotheload#kwh,BUNDOORA,0.0,4.7391386,6.0390496,5.8601274,118.0
2025-10-20 14:00:00,solar.bun_hsc#realenergyintotheload#kwh,BUNDOORA,0.0,5.8124266,4.893215,4.7482414,96.0
2025-10-20 15:00:00,solar.bun_hsc#realenergyintotheload#kwh,BUNDOORA,0.0,10.992642,8.264731,8.019868,164.0
2025-10-20 16:00:00,solar.bun_hsc#realenergyintotheload#kwh,BUNDOORA,0.0,20.199472,19.367977,18.794153,368.0
2025-10-20 17:00:00,solar.bun_hsc#realenergyintotheload#kwh,BUNDOORA,0.0,16.320599,18.710356,18.156015,345.0
2025-10-20 18:00:00,solar.bun_hsc#realenergyintotheload#kwh,BUNDOORA,0.0,18.357803,15.439969,14.982521,272.0
2025-10-20 19:00:00,solar.bun_hsc#realenergyintotheload#kwh,BUNDOORA,0.0,3.8054116,2.3653374,2.2952583,52.0
2025-10-20 20:00:00,solar.bun_hsc#realenergyintotheload#kwh,BUNDOORA,0.0,1.459536,0.0012881148,0.0012499512,0.0
2025-10-20 21:00:00,solar.bun_hsc#realenergyintotheload#kwh,BUNDOORA,0.0,0.07316373,0.005665521,0.005497666,0.0
2025-10-20 22:00:00,solar.bun_hsc#realenergyintotheload#kwh,BUNDOORA,0.0,0.025374288,0.0042634644,0.0041371486,0.0
2025-10-20 23:00:00,solar.bun_hsc#realenergyintotheload#kwh,BUNDOORA,0.0,0.014555497,0.0033068247,0.0032088517,0.0
2025-10-21 00:00:00,solar.bun_hsc#realenergyintotheload#kwh,BUNDOORA,0.0,0.0023211015,0.0032597105,0.0031631335,0.0
2025-10-21 01:00:00,solar.bun_hsc#realenergyintotheload#kwh,BUNDOORA,0.0,0.012907721,0.0029642726,0.0028764487,0.0
2025-10-21 02:00:00,solar.bun_hsc#realenergyintotheload#kwh,BUNDOORA,0.0,0.005375762,0.0029642726,0.0028764487,0.0
2025-10-21 03:00:00,solar.bun_hsc#realenergyintotheload#kwh,BUNDOORA,0.0,-0.003011016,0.002925,0.0028383394,0.0
2025-10-21 04:00:00,solar.bun_hsc#realenergyintotheload#kwh,BUNDOORA,0.0,-0.0034197397,0.0029578218,0.002870189,0.0
2025-10-21 05:00:00,solar.bun_hsc#realenergyintotheload#kwh,BUNDOORA,0.0,-0.0034197397,0.0029578218,0.002870189,0.0
2025-10-21 06:00:00,solar.bun_hsc#realenergyintotheload#kwh,BUNDOORA,0.0,0.02490614,0.0032532597,0.0031568736,0.0
2025-10-21 07:00:00,solar.bun_hsc#realenergyintotheload#kwh,BUNDOORA,0.0,0.056397654,0.38533306,0.3739166,12.0
2025-10-21 08:00:00,solar.bun_hsc#realenergyintotheload#kwh,BUNDOORA,0.0,1.367261,4.3143044,4.1864824,126.0
2025-10-21 09:00:00,solar.bun_hsc#realenergyintotheload#kwh,BUNDOORA,0.0,7.5877013,21.433672,20.798645,411.0
2025-10-21 10:00:00,solar.bun_hsc#realenergyintotheload#kwh,BUNDOORA,0.0,22.809374,32.58715,31.621675,613.0
2025-10-21 11:00:00,solar.bun_hsc#realenergyintotheload#kwh,BUNDOORA,0.0,33.43336,41.7655,40.52809,777.0
2025-10-21 12:00:00,solar.bun_hsc#realenergyintotheload#kwh,BUNDOORA,0.0,34.37264,38.56388,37.42133,754.0
2025-10-21 13:00:00,solar.bun_hsc#realenergyintotheload#kwh,BUNDOORA,0.0,44.421246,44.853874,43.524967,933.0
2025-10-21 14:00:00,solar.bun_hsc#realenergyintotheload#kwh,BUNDOORA,0.0,40.6094,41.211365,39.990376,835.0
2025-10-21 15:00:00,solar.bun_hsc#realenergyintotheload#kwh,BUNDOORA,0.0,42.919117,40.861458,39.650833,832.0
2025-10-21 16:00:00,solar.bun_hsc#realenergyintotheload#kwh,BUNDOORA,0.0,19.331251,17.591187,17.070004,332.0
2025-10-21 17:00:00,solar.bun_hsc#realenergyintotheload#kwh,BUNDOORA,0.0,8.049096,10.71276,10.395368,203.0
2025-10-21 18:00:00,solar.bun_hsc#realenergyintotheload#kwh,BUNDOORA,0.0,2.567166,3.9466712,3.8297412,82.0
2025-10-21 19:00:00,solar.bun_hsc#realenergyintotheload#kwh,BUNDOORA,0.0,2.2896042,0.4318468,0.41905224,13.0
2025-10-21 20:00:00,solar.bun_hsc#realenergyintotheload#kwh,BUNDOORA,0.0,0.36324844,0.022718387,0.022045298,0.0
2025-10-21 21:00:00,solar.bun_hsc#realenergyintotheload#kwh,BUNDOORA,0.0,0.048304148,0.023309981,0.022619365,0.0
2025-10-21 22:00:00,solar.bun_hsc#realenergyintotheload#kwh,BUNDOORA,0.0,0.038735006,0.023309981,0.022619365,0.0
2025-10-21 23:00:00,solar.bun_hsc#realenergyintotheload#kwh,BUNDOORA,0.0,0.11867505,0.0024642758,0.0023912655,0.0
2025-10-22 00:00:00,solar.bun_hsc#realenergyintotheload#kwh,BUNDOORA,0.0,0.13192588,0.020724116,0.020110112,0.0
2025-10-22 01:00:00,solar.bun_hsc#realenergyintotheload#kwh,BUNDOORA,0.0,0.17317848,0.0049959207,0.004847904,0.0
2025-10-22 02:00:00,solar.bun_hsc#realenergyintotheload#kwh,BUNDOORA,0.0,0.094831906,-0.015779786,0.0,0.0
2025-10-22 03:00:00,solar.bun_hsc#realenergyintotheload#kwh,BUNDOORA,0.0,0.06617166,0.020759115,0.020144075,0.0
2025-10-22 04:00:00,solar.bun_hsc#realenergyintotheload#kwh,BUNDOORA,0.0,0.09018808,0.00503092,0.0048818663,0.0
2025-10-22 05:00:00,solar.bun_hsc#realenergyintotheload#kwh,BUNDOORA,0.0,-0.015313346,0.004878438,0.004733902,0.0
2025-10-22 06:00:00,solar.bun_hsc#realenergyintotheload#kwh,BUNDOORA,0.0,0.03650579,0.009848035,0.009556262,0.0
2025-10-22 07:00:00,solar.bun_hsc#realenergyintotheload#kwh,BUNDOORA,0.0,0.60477245,0.10961837,0.10637066,6.0
2025-10-22 08:00:00,solar.bun_hsc#realenergyintotheload#kwh,BUNDOORA,0.0,5.3786063,1.9016569,1.8453156,40.0
2025-10-22 09:00:00,solar.bun_hsc#realenergyintotheload#kwh,BUNDOORA,0.0,6.215992,2.7233224,2.6426373,57.0
2025-10-22 10:00:00,solar.bun_hsc#realenergyintotheload#kwh,BUNDOORA,0.0,4.1482835,1.663242,1.6139643,37.0
2025-10-22 11:00:00,solar.bun_hsc#realenergyintotheload#kwh,BUNDOORA,0.0,2.1794703,3.5578673,3.4524565,73.0
2025-10-22 12:00:00,solar.bun_hsc#realenergyintotheload#kwh,BUNDOORA,0.0,3.3456953,4.463382,4.331143,93.0
2025-10-22 13:00:00,solar.bun_hsc#realenergyintotheload#kwh,BUNDOORA,0.0,16.83942,26.985928,26.186401,533.0
2025-10-22 14:00:00,solar.bun_hsc#realenergyintotheload#kwh,BUNDOORA,0.0,34.534134,46.776463,45.390594,915.0
2025-10-22 15:00:00,solar.bun_hsc#realenergyintotheload#kwh,BUNDOORA,0.0,25.175264,24.116718,23.4022,460.0
2025-10-22 16:00:00,solar.bun_hsc#realenergyintotheload#kwh,BUNDOORA,0.0,11.396102,8.378035,8.129814,167.0
2025-10-22 17:00:00,solar.bun_hsc#realenergyintotheload#kwh,BUNDOORA,0.0,11.065047,8.880263,8.617164,175.0
2025-10-22 18:00:00,solar.bun_hsc#realenergyintotheload#kwh,BUNDOORA,0.0,3.6278703,5.693296,5.5246177,106.0
2025-10-22 19:00:00,solar.bun_hsc#realenergyintotheload#kwh,BUNDOORA,0.0,2.9591746,2.0828133,2.0211048,53.0
2025-10-22 20:00:00,solar.bun_hsc#realenergyintotheload#kwh,BUNDOORA,0.0,0.7190669,0.0066912384,0.006492994,1.0
2025-10-22 21:00:00,solar.bun_hsc#realenergyintotheload#kwh,BUNDOORA,0.0,0.07978924,0.0069405036,0.0067348736,0.0
2025-10-22 22:00:00,solar.bun_hsc#realenergyintotheload#kwh,BUNDOORA,0.0,-0.014628176,0.008121697,0.007881071,0.0
2025-10-22 23:00:00,solar.bun_hsc#realenergyintotheload#kwh,BUNDOORA,0.0,-0.007827578,0.0031176745,0.0030253057,0.0
2025-10-23 00:00:00,solar.bun_hsc#realenergyintotheload#kwh,BUNDOORA,0.0,0.038443275,0.0031439941,0.0030508453,0.0
2025-10-23 01:00:00,solar.bun_hsc#realenergyintotheload#kwh,BUNDOORA,0.0,0.033270013,0.0053791082,0.005219739,0.0
2025-10-23 02:00:00,solar.bun_hsc#realenergyintotheload#kwh,BUNDOORA,0.0,0.016878394,0.0046071326,0.0044706347,0.0
2025-10-23 03:00:00,solar.bun_hsc#realenergyintotheload#kwh,BUNDOORA,0.0,0.00481107,0.0046071326,0.0044706347,0.0
2025-10-23 04:00:00,solar.bun_hsc#realenergyintotheload#kwh,BUNDOORA,0.0,0.0066196523,0.0045333635,0.0043990514,0.0
2025-10-23 05:00:00,solar.bun_hsc#realenergyintotheload#kwh,BUNDOORA,0.0,0.028534457,0.0045978874,0.0044616633,0.0
2025-10-23 06:00:00,solar.bun_hsc#realenergyintotheload#kwh,BUNDOORA,0.0,0.057571594,0.0023812747,0.0023107235,0.0
2025-10-23 07:00:00,solar.bun_hsc#realenergyintotheload#kwh,BUNDOORA,0.0,2.5563636,0.62857795,0.6099548,18.0
2025-10-23 08:00:00,solar.bun_hsc#realenergyintotheload#kwh,BUNDOORA,0.0,3.8299282,4.7636743,4.6225386,98.0
2025-10-23 09:00:00,solar.bun_hsc#realenergyintotheload#kwh,BUNDOORA,0.0,7.8369565,9.387744,9.109609,186.0
2025-10-23 10:00:00,solar.bun_hsc#realenergyintotheload#kwh,BUNDOORA,0.0,14.048461,12.539453,12.16794,237.0
2025-10-23 11:00:00,solar.bun_hsc#realenergyintotheload#kwh,BUNDOORA,0.0,13.406375,9.943713,9.649106,201.0
2025-10-23 12:00:00,solar.bun_hsc#realenergyintotheload#kwh,BUNDOORA,0.0,20.276749,16.866829,16.367107,328.0
2025-10-23 13:00:00,solar.bun_hsc#realenergyintotheload#kwh,BUNDOORA,0.0,30.947157,36.20073,35.128193,722.0
2025-10-23 14:00:00,solar.bun_hsc#realenergyintotheload#kwh,BUNDOORA,0.0,35.5651,40.1886,38.99791,825.0
2025-10-23 15:00:00,solar.bun_hsc#realenergyintotheload#kwh,BUNDOORA,0.0,32.874714,37.957123,36.832546,783.0
2025-10-23 16:00:00,solar.bun_hsc#realenergyintotheload#kwh,BUNDOORA,0.0,24.878374,32.142242,31.189947,592.0
2025-10-23 17:00:00,solar.bun_hsc#realenergyintotheload#kwh,BUNDOORA,0.0,12.841548,11.288421,10.953973,230.0
2025-10-23 18:00:00,solar.bun_hsc#realenergyintotheload#kwh,BUNDOORA,0.0,13.596029,11.905667,11.552932,219.0
2025-10-23 19:00:00,solar.bun_hsc#realenergyintotheload#kwh,BUNDOORA,0.0,3.3530107,1.5215125,1.4764339,37.0
2025-10-23 20:00:00,solar.bun_hsc#realenergyintotheload#kwh,BUNDOORA,0.0,0.5943181,-0.00077575335,0.0,1.0
2025-10-23 21:00:00,solar.bun_hsc#realenergyintotheload#kwh,BUNDOORA,0.0,0.055322908,0.0046362253,0.0044988655,0.0
2025-10-23 22:00:00,solar.bun_hsc#realenergyintotheload#kwh,BUNDOORA,0.0,0.030738296,0.002714781,0.0026343488,0.0
2025-10-23 23:00:00,solar.bun_hsc#realenergyintotheload#kwh,BUNDOORA,0.0,0.012520736,0.0019411073,0.0018835971,0.0
2025-10-24 00:00:00,solar.bun_hsc#realenergyintotheload#kwh,BUNDOORA,0.0,0.014700934,0.0017875271,0.0017345671,0.0
2025-10-24 01:00:00,solar.bun_hsc#realenergyintotheload#kwh,BUNDOORA,0.0,0.007434456,0.002973421,0.002885326,0.0
2025-10-24 02:00:00,solar.bun_hsc#realenergyintotheload#kwh,BUNDOORA,0.0,0.018730702,0.001833026,0.001778718,0.0
2025-10-24 03:00:00,solar.bun_hsc#realenergyintotheload#kwh,BUNDOORA,0.0,0.008832343,0.001833026,0.001778718,0.0
2025-10-24 04:00:00,solar.bun_hsc#realenergyintotheload#kwh,BUNDOORA,0.0,0.0067325635,0.002382604,0.0023120134,0.0
2025-10-24 05:00:00,solar.bun_hsc#realenergyintotheload#kwh,BUNDOORA,0.0,0.0058182436,0.002973421,0.002885326,0.0
2025-10-24 06:00:00,solar.bun_hsc#realenergyintotheload#kwh,BUNDOORA,0.0,0.039482333,0.0029578218,0.002870189,0.0
2025-10-24 07:00:00,solar.bun_hsc#realenergyintotheload#kwh,BUNDOORA,0.0,1.1502708,0.8437323,0.81873465,21.0
2025-10-24 08:00:00,solar.bun_hsc#realenergyintotheload#kwh,BUNDOORA,0.0,1.4907233,5.6704597,5.502458,146.0
2025-10-24 09:00:00,solar.bun_hsc#realenergyintotheload#kwh,BUNDOORA,0.0,9.830164,15.083022,14.636149,294.0
2025-10-24 10:00:00,solar.bun_hsc#realenergyintotheload#kwh,BUNDOORA,0.0,13.051718,12.05725,11.700024,230.0
2025-10-24 11:00:00,solar.bun_hsc#realenergyintotheload#kwh,BUNDOORA,0.0,12.778545,9.186351,8.914183,183.0
2025-10-24 12:00:00,solar.bun_hsc#realenergyintotheload#kwh,BUNDOORA,0.0,16.4753,12.463979,12.094702,239.0
2025-10-24 13:00:00,solar.bun_hsc#realenergyintotheload#kwh,BUNDOORA,0.0,24.283197,21.425936,20.79114,420.0
2025-10-24 14:00:00,solar.bun_hsc#realenergyintotheload#kwh,BUNDOORA,0.0,21.87656,25.816635,25.051752,488.0
2025-10-24 15:00:00,solar.bun_hsc#realenergyintotheload#kwh,BUNDOORA,0.0,15.808261,13.550236,13.148776,265.0
2025-10-24 16:00:00,solar.bun_hsc#realenergyintotheload#kwh,BUNDOORA,0.0,21.632624,27.10012,26.297213,504.0
2025-10-24 17:00:00,solar.bun_hsc#realenergyintotheload#kwh,BUNDOORA,0.0,15.606273,15.076584,14.629902,273.0
2025-10-24 18:00:00,solar.bun_hsc#realenergyintotheload#kwh,BUNDOORA,0.0,15.182163,12.192195,11.830971,223.0
2025-10-24 19:00:00,solar.bun_hsc#realenergyintotheload#kwh,BUNDOORA,0.0,5.6059647,5.0179396,4.8692703,111.0
2025-10-24 20:00:00,solar.bun_hsc#realenergyintotheload#kwh,BUNDOORA,0.0,0.969529,0.02469065,0.023959128,2.0
2025-10-24 21:00:00,solar.bun_hsc#realenergyintotheload#kwh,BUNDOORA,0.0,0.022058353,0.001771967,0.001719468,0.0
2025-10-24 22:00:00,solar.bun_hsc#realenergyintotheload#kwh,BUNDOORA,0.0,0.0029756255,0.00173517,0.0016837612,0.0
2025-10-24 23:00:00,solar.bun_hsc#realenergyintotheload#kwh,BUNDOORA,0.0,0.00037897768,0.00173517,0.0016837612,0.0
2025-10-25 00:00:00,solar.bun_hsc#realenergyintotheload#kwh,BUNDOORA,0.0,0.0017667816,0.0013735208,0.0013328268,0.0
2025-10-25 01:00:00,solar.bun_hsc#realenergyintotheload#kwh,BUNDOORA,0.0,0.00037897768,0.001833026,0.001778718,0.0
2025-10-25 02:00:00,solar.bun_hsc#realenergyintotheload#kwh,BUNDOORA,0.0,-0.003340597,0.0021128645,0.0020502657,0.0
2025-10-25 03:00:00,solar.bun_hsc#realenergyintotheload#kwh,BUNDOORA,0.0,-0.005520791,0.0021128645,0.0020502657,0.0
2025-10-25 04:00:00,solar.bun_hsc#realenergyintotheload#kwh,BUNDOORA,0.0,-0.0018878826,0.0016533594,0.0016043745,0.0
2025-10-25 05:00:00,solar.bun_hsc#realenergyintotheload#kwh,BUNDOORA,0.0,-0.0018878826,0.0013735208,0.0013328268,0.0
2025-10-25 06:00:00,solar.bun_hsc#realenergyintotheload#kwh,BUNDOORA,0.0,0.0044428227,0.0013735208,0.0013328268,0.0
2025-10-25 07:00:00,solar.bun_hsc#realenergyintotheload#kwh,BUNDOORA,0.0,0.46231252,1.2511238,1.2140561,30.0
2025-10-25 08:00:00,solar.bun_hsc#realenergyintotheload#kwh,BUNDOORA,0.0,0.42641395,5.7232757,5.5537095,181.0
2025-10-25 09:00:00,solar.bun_hsc#realenergyintotheload#kwh,BUNDOORA,0.0,11.64365,18.641348,18.089052,341.0
2025-10-25 10:00:00,solar.bun_hsc#realenergyintotheload#kwh,BUNDOORA,0.0,17.037277,26.58678,25.79908,512.0
2025-10-25 11:00:00,solar.bun_hsc#realenergyintotheload#kwh,BUNDOORA,0.0,16.718382,24.669657,23.938757,468.0
2025-10-25 12:00:00,solar.bun_hsc#realenergyintotheload#kwh,BUNDOORA,0.0,20.736536,21.02942,20.406372,405.0
2025-10-25 13:00:00,solar.bun_hsc#realenergyintotheload#kwh,BUNDOORA,0.0,16.02848,14.678342,14.24346,294.0
2025-10-25 14:00:00,solar.bun_hsc#realenergyintotheload#kwh,BUNDOORA,0.0,16.447433,12.205735,11.84411,241.0
2025-10-25 15:00:00,solar.bun_hsc#realenergyintotheload#kwh,BUNDOORA,0.0,5.459373,4.9020934,4.7568564,100.0
2025-10-25 16:00:00,solar.bun_hsc#realenergyintotheload#kwh,BUNDOORA,0.0,3.5844,3.2363207,3.1404366,71.0
2025-10-25 17:00:00,solar.bun_hsc#realenergyintotheload#kwh,BUNDOORA,0.0,6.7619596,5.5352044,5.37121,108.0
2025-10-25 18:00:00,solar.bun_hsc#realenergyintotheload#kwh,BUNDOORA,0.0,7.018253,3.268335,3.1715026,70.0
2025-10-25 19:00:00,solar.bun_hsc#realenergyintotheload#kwh,BUNDOORA,0.0,3.892291,1.3530289,1.312942,32.0
2025-10-25 20:00:00,solar.bun_hsc#realenergyintotheload#kwh,BUNDOORA,0.0,1.5486388,5.8597303e-05,5.6861212e-05,0.0
2025-10-25 21:00:00,solar.bun_hsc#realenergyintotheload#kwh,BUNDOORA,0.0,0.10595534,-0.00089052436,0.0,0.0
2025-10-25 22:00:00,solar.bun_hsc#realenergyintotheload#kwh,BUNDOORA,0.0,-0.0031121303,-0.00089052436,0.0,0.0
2025-10-25 23:00:00,solar.bun_hsc#realenergyintotheload#kwh,BUNDOORA,0.0,0.0073465263,0.0030070958,0.0029180031,0.0
2025-10-26 00:00:00,solar.bun_hsc#realenergyintotheload#kwh,BUNDOORA,0.0,0.0025403777,0.002727257,0.0026464553,0.0
2025-10-26 01:00:00,solar.bun_hsc#realenergyintotheload#kwh,BUNDOORA,0.0,0.022986319,0.0010674584,0.0010358323,0.0
2025-10-26 02:00:00,solar.bun_hsc#realenergyintotheload#kwh,BUNDOORA,0.0,0.022986319,0.0010674584,0.0010358323,0.0
2025-10-26 03:00:00,solar.bun_hsc#realenergyintotheload#kwh,BUNDOORA,0.0,0.021005498,0.0010674584,0.0010358323,0.0
2025-10-26 04:00:00,solar.bun_hsc#realenergyintotheload#kwh,BUNDOORA,0.0,0.019792473,0.0010674584,0.0010358323,0.0
2025-10-26 05:00:00,solar.bun_hsc#realenergyintotheload#kwh,BUNDOORA,0.0,0.019951096,0.0010674584,0.0010358323,0.0
2025-10-26 06:00:00,solar.bun_hsc#realenergyintotheload#kwh,BUNDOORA,0.0,0.068084985,0.0011712431,0.0011365422,0.0
2025-10-26 07:00:00,solar.bun_hsc#realenergyintotheload#kwh,BUNDOORA,0.0,1.4820628,0.35202676,0.34159708,11.0
2025-10-26 08:00:00,solar.bun_hsc#realenergyintotheload#kwh,BUNDOORA,0.0,1.8153126,3.651956,3.5437577,77.0
2025-10-26 09:00:00,solar.bun_hsc#realenergyintotheload#kwh,BUNDOORA,0.0,4.9890056,8.5029955,8.251073,169.0
2025-10-26 10:00:00,solar.bun_hsc#realenergyintotheload#kwh,BUNDOORA,0.0,7.8987966,5.3189855,5.161397,106.0
2025-10-26 11:00:00,solar.bun_hsc#realenergyintotheload#kwh,BUNDOORA,0.0,3.0992036,2.5707104,2.4945467,54.0
2025-10-26 12:00:00,solar.bun_hsc#realenergyintotheload#kwh,BUNDOORA,0.0,3.815928,2.2760432,2.2086098,46.0
2025-10-26 13:00:00,solar.bun_hsc#realenergyintotheload#kwh,BUNDOORA,0.0,4.7815175,1.9143939,1.8576752,38.0
2025-10-26 14:00:00,solar.bun_hsc#realenergyintotheload#kwh,BUNDOORA,0.0,4.57857,4.688758,4.549842,94.0
2025-10-26 15:00:00,solar.bun_hsc#realenergyintotheload#kwh,BUNDOORA,0.0,13.689132,23.271349,22.581877,465.0
2025-10-26 16:00:00,solar.bun_hsc#realenergyintotheload#kwh,BUNDOORA,0.0,8.957714,15.036618,14.591121,295.0
2025-10-26 17:00:00,solar.bun_hsc#realenergyintotheload#kwh,BUNDOORA,0.0,8.224968,8.497914,8.246142,169.0
2025-10-26 18:00:00,solar.bun_hsc#realenergyintotheload#kwh,BUNDOORA,0.0,6.4315767,10.094881,9.7957945,197.0
2025-10-26 19:00:00,solar.bun_hsc#realenergyintotheload#kwh,BUNDOORA,0.0,1.9281445,2.5891871,2.512476,63.0
2025-10-26 20:00:00,solar.bun_hsc#realenergyintotheload#kwh,BUNDOORA,0.0,1.1994904,0.035502173,0.034450334,3.0
2025-10-26 21:00:00,solar.bun_hsc#realenergyintotheload#kwh,BUNDOORA,0.0,0.10071166,-0.0012209717,0.0,0.0
2025-10-26 22:00:00,solar.bun_hsc#realenergyintotheload#kwh,BUNDOORA,0.0,0.02572781,0.0014570975,0.0014139273,0.0
2025-10-26 23:00:00,solar.bun_hsc#realenergyintotheload#kwh,BUNDOORA,0.0,0.061149485,0.004551275,0.004416432,0.0
2025-10-27 00:00:00,solar.bun_hsc#realenergyintotheload#kwh,BUNDOORA,0.0,0.10768001,0.0028914767,0.0028058095,0.0
2025-10-27 01:00:00,solar.bun_hsc#realenergyintotheload#kwh,BUNDOORA,0.0,0.023019796,0.003908932,0.0037931204,0.0
2025-10-27 02:00:00,solar.bun_hsc#realenergyintotheload#kwh,BUNDOORA,0.0,0.015357314,0.003908932,0.0037931204,0.0
2025-10-27 03:00:00,solar.bun_hsc#realenergyintotheload#kwh,BUNDOORA,0.0,0.0008320026,0.00601704,0.00583877,0.0
2025-10-27 04:00:00,solar.bun_hsc#realenergyintotheload#kwh,BUNDOORA,0.0,0.006111197,0.0065338733,0.006340291,0.0
2025-10-27 05:00:00,solar.bun_hsc#realenergyintotheload#kwh,BUNDOORA,0.0,-0.011418505,0.003526404,0.0034219255,0.0
2025-10-27 06:00:00,solar.bun_hsc#realenergyintotheload#kwh,BUNDOORA,0.0,0.24768673,0.004515438,0.0043816566,0.0
2025-10-27 07:00:00,solar.bun_hsc#realenergyintotheload#kwh,BUNDOORA,0.0,2.1449459,1.0539078,1.0226831,25.0
2025-10-27 08:00:00,solar.bun_hsc#realenergyintotheload#kwh,BUNDOORA,0.0,2.5963392,6.0067635,5.8287983,134.0
2025-10-27 09:00:00,solar.bun_hsc#realenergyintotheload#kwh,BUNDOORA,0.0,5.885909,7.9755487,7.739253,155.0
2025-10-27 10:00:00,solar.bun_hsc#realenergyintotheload#kwh,BUNDOORA,0.0,11.267859,9.603683,9.31915,195.0
2025-10-27 11:00:00,solar.bun_hsc#realenergyintotheload#kwh,BUNDOORA,0.0,12.3837805,12.37022,12.003721,237.0
2025-10-27 12:00:00,solar.bun_hsc#realenergyintotheload#kwh,BUNDOORA,0.0,9.851195,9.71807,9.430148,197.0
2025-10-27 13:00:00,solar.bun_hsc#realenergyintotheload#kwh,BUNDOORA,0.0,13.517645,18.451706,17.905027,352.0
2025-10-27 14:00:00,solar.bun_hsc#realenergyintotheload#kwh,BUNDOORA,0.0,24.24841,35.05057,34.01211,671.0
2025-10-27 15:00:00,solar.bun_hsc#realenergyintotheload#kwh,BUNDOORA,0.0,16.461681,27.757942,26.935543,535.0
2025-10-27 16:00:00,solar.bun_hsc#realenergyintotheload#kwh,BUNDOORA,0.0,30.659332,34.67293,33.64566,711.0
2025-10-27 17:00:00,solar.bun_hsc#realenergyintotheload#kwh,BUNDOORA,0.0,22.791508,28.914629,28.05796,503.0
2025-10-27 18:00:00,solar.bun_hsc#realenergyintotheload#kwh,BUNDOORA,0.0,14.89162,18.793373,18.236572,336.0
2025-10-27 19:00:00,solar.bun_hsc#realenergyintotheload#kwh,BUNDOORA,0.0,4.214322,7.2306404,7.0164146,144.0
2025-10-27 20:00:00,solar.bun_hsc#realenergyintotheload#kwh,BUNDOORA,0.0,0.66132176,0.07309541,0.07092977,4.0
2025-10-27 21:00:00,solar.bun_hsc#realenergyintotheload#kwh,BUNDOORA,0.0,-0.19602272,0.03307712,0.032097127,0.0
2025-10-27 22:00:00,solar.bun_hsc#realenergyintotheload#kwh,BUNDOORA,0.0,-0.37318832,0.010793361,0.01047358,0.0
2025-10-27 23:00:00,solar.bun_hsc#realenergyintotheload#kwh,BUNDOORA,0.0,0.0573706,0.009231365,0.008957863,0.0
2025-10-28 00:00:00,solar.bun_hsc#realenergyintotheload#kwh,BUNDOORA,0.0,-0.032316152,0.010658649,0.01034286,0.0
2025-10-28 01:00:00,solar.bun_hsc#realenergyintotheload#kwh,BUNDOORA,0.0,0.018164,0.0034642518,0.0033616147,0.0
2025-10-28 02:00:00,solar.bun_hsc#realenergyintotheload#kwh,BUNDOORA,0.0,0.0057218405,0.0034642518,0.0033616147,0.0
2025-10-28 03:00:00,solar.bun_hsc#realenergyintotheload#kwh,BUNDOORA,0.0,0.008478999,0.003102602,0.0030106797,0.0
2025-10-28 04:00:00,solar.bun_hsc#realenergyintotheload#kwh,BUNDOORA,0.0,-0.006157492,0.0030072317,0.002918135,0.0
2025-10-28 05:00:00,solar.bun_hsc#realenergyintotheload#kwh,BUNDOORA,0.0,0.005293405,0.0030072317,0.002918135,0.0
2025-10-28 06:00:00,solar.bun_hsc#realenergyintotheload#kwh,BUNDOORA,0.0,0.09043963,0.0012877441,0.0012495915,0.0
2025-10-28 07:00:00,solar.bun_hsc#realenergyintotheload#kwh,BUNDOORA,0.0,0.4116645,2.1325963,2.0694127,47.0
2025-10-28 08:00:00,solar.bun_hsc#realenergyintotheload#kwh,BUNDOORA,0.0,2.2300828,11.787252,11.438025,249.0
2025-10-28 09:00:00,solar.bun_hsc#realenergyintotheload#kwh,BUNDOORA,0.0,9.757787,27.365038,26.55428,474.0
2025-10-28 10:00:00,solar.bun_hsc#realenergyintotheload#kwh,BUNDOORA,0.0,21.789124,35.931816,34.867245,679.0
2025-10-28 11:00:00,solar.bun_hsc#realenergyintotheload#kwh,BUNDOORA,0.0,33.048244,42.025566,40.780453,846.0
2025-10-28 12:00:00,solar.bun_hsc#realenergyintotheload#kwh,BUNDOORA,0.0,41.813854,46.43663,45.06083,960.0
2025-10-28 13:00:00,solar.bun_hsc#realenergyintotheload#kwh,BUNDOORA,0.0,43.81862,47.672165,46.259758,1010.0
2025-10-28 14:00:00,solar.bun_hsc#realenergyintotheload#kwh,BUNDOORA,0.0,44.96332,47.787773,46.37194,994.0
2025-10-28 15:00:00,solar.bun_hsc#realenergyintotheload#kwh,BUNDOORA,0.0,44.581825,45.13819,43.800858,913.0
2025-10-28 16:00:00,solar.bun_hsc#realenergyintotheload#kwh,BUNDOORA,0.0,40.061146,39.92429,38.741432,774.0
2025-10-28 17:00:00,solar.bun_hsc#realenergyintotheload#kwh,BUNDOORA,0.0,32.62996,33.01929,32.04101,588.0
2025-10-28 18:00:00,solar.bun_hsc#realenergyintotheload#kwh,BUNDOORA,0.0,18.974453,21.539867,20.901695,374.0
2025-10-28 19:00:00,solar.bun_hsc#realenergyintotheload#kwh,BUNDOORA,0.0,5.0517635,8.43292,8.183074,159.0
2025-10-28 20:00:00,solar.bun_hsc#realenergyintotheload#kwh,BUNDOORA,0.0,1.3240494,0.060220227,0.05843605,4.0
2025-10-28 21:00:00,solar.bun_hsc#realenergyintotheload#kwh,BUNDOORA,0.0,0.17375517,0.0038483967,0.0037343784,0.0
2025-10-28 22:00:00,solar.bun_hsc#realenergyintotheload#kwh,BUNDOORA,0.0,0.024733875,0.0017576661,0.0017055909,0.0
2025-10-28 23:00:00,solar.bun_hsc#realenergyintotheload#kwh,BUNDOORA,0.0,0.011844516,0.0017576661,0.0017055909,0.0
2025-10-29 00:00:00,solar.bun_hsc#realenergyintotheload#kwh,BUNDOORA,0.0,0.003083738,0.0014713767,0.0014277835,0.0
2025-10-29 01:00:00,solar.bun_hsc#realenergyintotheload#kwh,BUNDOORA,0.0,0.0041213534,0.00173517,0.0016837612,0.0
2025-10-29 02:00:00,solar.bun_hsc#realenergyintotheload#kwh,BUNDOORA,0.0,0.004462665,0.0013735208,0.0013328268,0.0
2025-10-29 03:00:00,solar.bun_hsc#realenergyintotheload#kwh,BUNDOORA,0.0,0.0054655205,0.0013735208,0.0013328268,0.0
2025-10-29 04:00:00,solar.bun_hsc#realenergyintotheload#kwh,BUNDOORA,0.0,0.0005391951,0.0013735208,0.0013328268,0.0
2025-10-29 05:00:00,solar.bun_hsc#realenergyintotheload#kwh,BUNDOORA,0.0,-0.01056746,0.0016533594,0.0016043745,0.0
2025-10-29 06:00:00,solar.bun_hsc#realenergyintotheload#kwh,BUNDOORA,0.0,0.08954761,0.0016533594,0.0016043745,0.0
2025-10-29 07:00:00,solar.bun_hsc#realenergyintotheload#kwh,BUNDOORA,0.0,0.33109772,2.1455984,2.0820296,46.0
2025-10-29 08:00:00,solar.bun_hsc#realenergyintotheload#kwh,BUNDOORA,0.0,0.9493236,11.348957,11.012715,241.0
2025-10-29 09:00:00,solar.bun_hsc#realenergyintotheload#kwh,BUNDOORA,0.0,7.1831903,24.63211,23.902323,459.0
2025-10-29 10:00:00,solar.bun_hsc#realenergyintotheload#kwh,BUNDOORA,0.0,19.664108,35.477554,34.42644,661.0
2025-10-29 11:00:00,solar.bun_hsc#realenergyintotheload#kwh,BUNDOORA,0.0,34.19389,42.57888,41.317375,827.0
2025-10-29 12:00:00,solar.bun_hsc#realenergyintotheload#kwh,BUNDOORA,0.0,40.69624,46.765865,45.38031,940.0
2025-10-29 13:00:00,solar.bun_hsc#realenergyintotheload#kwh,BUNDOORA,0.0,39.948544,47.443535,46.037903,970.0
2025-10-29 14:00:00,solar.bun_hsc#realenergyintotheload#kwh,BUNDOORA,0.0,36.687935,44.75161,43.42573,901.0
2025-10-29 15:00:00,solar.bun_hsc#realenergyintotheload#kwh,BUNDOORA,0.0,43.36192,46.436554,45.060757,897.0
2025-10-29 16:00:00,solar.bun_hsc#realenergyintotheload#kwh,BUNDOORA,0.0,38.232674,41.190716,39.970337,762.0
2025-10-29 17:00:00,solar.bun_hsc#realenergyintotheload#kwh,BUNDOORA,0.0,32.828335,33.5282,32.53484,579.0
2025-10-29 18:00:00,solar.bun_hsc#realenergyintotheload#kwh,BUNDOORA,0.0,21.48986,21.613337,20.972988,372.0
2025-10-29 19:00:00,solar.bun_hsc#realenergyintotheload#kwh,BUNDOORA,0.0,6.715756,8.8246975,8.563244,157.0
2025-10-29 20:00:00,solar.bun_hsc#realenergyintotheload#kwh,BUNDOORA,0.0,0.43524945,0.13682167,0.13276799,5.0
2025-10-29 21:00:00,solar.bun_hsc#realenergyintotheload#kwh,BUNDOORA,0.0,0.18947078,0.0027602622,0.0026784826,0.0
2025-10-29 22:00:00,solar.bun_hsc#realenergyintotheload#kwh,BUNDOORA,0.0,0.03398143,0.0040777,0.003956888,0.0
2025-10-29 23:00:00,solar.bun_hsc#realenergyintotheload#kwh,BUNDOORA,0.0,0.012344882,0.004331268,0.0042029433,0.0
2025-10-30 00:00:00,solar.bun_hsc#realenergyintotheload#kwh,BUNDOORA,0.0,0.018279336,0.0017576661,0.0017055909,0.0
2025-10-30 01:00:00,solar.bun_hsc#realenergyintotheload#kwh,BUNDOORA,0.0,0.02302965,0.0017576661,0.0017055909,0.0
2025-10-30 02:00:00,solar.bun_hsc#realenergyintotheload#kwh,BUNDOORA,0.0,0.011911465,0.002399154,0.0023280731,0.0
2025-10-30 03:00:00,solar.bun_hsc#realenergyintotheload#kwh,BUNDOORA,0.0,0.02717778,0.004177481,0.004053713,0.0
2025-10-30 04:00:00,solar.bun_hsc#realenergyintotheload#kwh,BUNDOORA,0.0,0.038688283,0.002675435,0.0025961685,0.0
2025-10-30 05:00:00,solar.bun_hsc#realenergyintotheload#kwh,BUNDOORA,0.0,0.00055432116,0.0017512153,0.0016993312,0.0
2025-10-30 06:00:00,solar.bun_hsc#realenergyintotheload#kwh,BUNDOORA,0.0,0.11597937,0.0016533594,0.0016043745,0.0
2025-10-30 07:00:00,solar.bun_hsc#realenergyintotheload#kwh,BUNDOORA,0.0,0.32941744,1.984193,1.9254063,44.0
2025-10-30 08:00:00,solar.bun_hsc#realenergyintotheload#kwh,BUNDOORA,0.0,0.33989173,11.410003,11.071953,232.0
2025-10-30 09:00:00,solar.bun_hsc#realenergyintotheload#kwh,BUNDOORA,0.0,6.17442,24.757383,24.023884,448.0
2025-10-30 10:00:00,solar.bun_hsc#realenergyintotheload#kwh,BUNDOORA,0.0,24.753939,34.770912,33.740738,647.0
2025-10-30 11:00:00,solar.bun_hsc#realenergyintotheload#kwh,BUNDOORA,0.0,34.509686,42.816803,41.54825,824.0
2025-10-30 12:00:00,solar.bun_hsc#realenergyintotheload#kwh,BUNDOORA,0.0,43.170666,47.147568,45.7507,938.0
2025-10-30 13:00:00,solar.bun_hsc#realenergyintotheload#kwh,BUNDOORA,0.0,42.38885,47.871048,46.452747,969.0
2025-10-30 14:00:00,solar.bun_hsc#realenergyintotheload#kwh,BUNDOORA,0.0,33.99132,35.606384,34.551456,694.0
2025-10-30 15:00:00,solar.bun_hsc#realenergyintotheload#kwh,BUNDOORA,0.0,26.28264,32.65635,31.688824,622.0
2025-10-30 16:00:00,solar.bun_hsc#realenergyintotheload#kwh,BUNDOORA,0.0,27.10337,33.029453,32.050873,615.0
2025-10-30 17:00:00,solar.bun_hsc#realenergyintotheload#kwh,BUNDOORA,0.0,22.068977,23.455526,22.760597,418.0
2025-10-30 18:00:00,solar.bun_hsc#realenergyintotheload#kwh,BUNDOORA,0.0,14.753414,15.396466,14.940308,269.0
2025-10-30 19:00:00,solar.bun_hsc#realenergyintotheload#kwh,BUNDOORA,0.0,9.281032,5.6821733,5.5138245,116.0
2025-10-30 20:00:00,solar.bun_hsc#realenergyintotheload#kwh,BUNDOORA,0.0,0.516517,0.1736692,0.16852382,6.0
2025-10-30 21:00:00,solar.bun_hsc#realenergyintotheload#kwh,BUNDOORA,0.0,-0.120469004,0.048347604,0.046915185,0.0
2025-10-30 22:00:00,solar.bun_hsc#realenergyintotheload#kwh,BUNDOORA,0.0,-0.011272841,0.020706486,0.020093005,0.0
2025-10-30 23:00:00,solar.bun_hsc#realenergyintotheload#kwh,BUNDOORA,0.0,0.009294229,0.010608194,0.0102939,0.0
2025-10-31 00:00:00,solar.bun_hsc#realenergyintotheload#kwh,BUNDOORA,0.0,0.018226461,0.025510017,0.024754219,0.0
2025-10-31 01:00:00,solar.bun_hsc#realenergyintotheload#kwh,BUNDOORA,0.0,-0.008118403,0.025510017,0.024754219,0.0
2025-10-31 02:00:00,solar.bun_hsc#realenergyintotheload#kwh,BUNDOORA,0.0,-0.033857685,0.00960887,0.009324184,0.0
2025-10-31 03:00:00,solar.bun_hsc#realenergyintotheload#kwh,BUNDOORA,0.0,0.0032253142,0.022373514,0.021710644,0.0
2025-10-31 04:00:00,solar.bun_hsc#realenergyintotheload#kwh,BUNDOORA,0.0,0.047516078,0.023274982,0.022585403,0.0
2025-10-31 05:00:00,solar.bun_hsc#realenergyintotheload#kwh,BUNDOORA,0.0,0.018967804,0.023274982,0.022585403,0.0
2025-10-31 06:00:00,solar.bun_hsc#realenergyintotheload#kwh,BUNDOORA,0.0,0.38272738,0.0049959207,0.004847904,0.0
2025-10-31 07:00:00,solar.bun_hsc#realenergyintotheload#kwh,BUNDOORA,0.0,1.5040233,0.47037634,0.45644027,14.0
2025-10-31 08:00:00,solar.bun_hsc#realenergyintotheload#kwh,BUNDOORA,0.0,2.2466,4.3287168,4.2004676,93.0
2025-10-31 09:00:00,solar.bun_hsc#realenergyintotheload#kwh,BUNDOORA,0.0,1.7674246,3.0570054,2.966434,64.0
2025-10-31 10:00:00,solar.bun_hsc#realenergyintotheload#kwh,BUNDOORA,0.0,3.1798368,3.1503787,3.057041,66.0
2025-10-31 11:00:00,solar.bun_hsc#realenergyintotheload#kwh,BUNDOORA,0.0,10.159045,8.278095,8.032836,167.0
2025-10-31 12:00:00,solar.bun_hsc#realenergyintotheload#kwh,BUNDOORA,0.0,12.9456,7.962807,7.726889,161.0
2025-10-31 13:00:00,solar.bun_hsc#realenergyintotheload#kwh,BUNDOORA,0.0,9.377421,5.600959,5.4350166,113.0
2025-10-31 14:00:00,solar.bun_hsc#realenergyintotheload#kwh,BUNDOORA,0.0,6.1900864,6.2466335,6.0615616,129.0
2025-10-31 15:00:00,solar.bun_hsc#realenergyintotheload#kwh,BUNDOORA,0.0,22.167578,28.912172,28.055576,571.0
2025-10-31 16:00:00,solar.bun_hsc#realenergyintotheload#kwh,BUNDOORA,0.0,16.653273,18.418402,17.872711,354.0
2025-10-31 17:00:00,solar.bun_hsc#realenergyintotheload#kwh,BUNDOORA,0.0,9.032475,9.266762,8.99221,183.0
2025-10-31 18:00:00,solar.bun_hsc#realenergyintotheload#kwh,BUNDOORA,0.0,18.157448,12.120664,11.761559,250.0
2025-10-31 19:00:00,solar.bun_hsc#realenergyintotheload#kwh,BUNDOORA,0.0,7.5307436,3.23105,3.135322,71.0
2025-10-31 20:00:00,solar.bun_hsc#realenergyintotheload#kwh,BUNDOORA,0.0,2.2551265,0.036129788,0.03505935,3.0
2025-10-31 21:00:00,solar.bun_hsc#realenergyintotheload#kwh,BUNDOORA,0.0,0.2565903,-0.00017661363,0.0,0.0
2025-10-31 22:00:00,solar.bun_hsc#realenergyintotheload#kwh,BUNDOORA,0.0,0.024011347,-0.00076743204,0.0,0.0
2025-10-31 23:00:00,solar.bun_hsc#realenergyintotheload#kwh,BUNDOORA,0.0,0.02238066,-0.002966547,0.0,0.0
2025-11-01 00:00:00,solar.bun_hsc#realenergyintotheload#kwh,BUNDOORA,0.0,0.02250741,-0.0018364124,0.0,0.0
2025-11-01 01:00:00,solar.bun_hsc#realenergyintotheload#kwh,BUNDOORA,0.0,0.019199686,0.00014619343,0.00014186208,0.0
2025-11-01 02:00:00,solar.bun_hsc#realenergyintotheload#kwh,BUNDOORA,0.0,0.025376098,0.0013628965,0.0013225173,0.0
2025-11-01 03:00:00,solar.bun_hsc#realenergyintotheload#kwh,BUNDOORA,0.0,0.01687969,0.0007720797,0.0007492049,0.0
2025-11-01 04:00:00,solar.bun_hsc#realenergyintotheload#kwh,BUNDOORA,0.0,0.01584147,0.0013628965,0.0013225173,0.0
2025-11-01 05:00:00,solar.bun_hsc#realenergyintotheload#kwh,BUNDOORA,0.0,0.023641003,0.0009041497,0.00087736204,0.0
2025-11-01 06:00:00,solar.bun_hsc#realenergyintotheload#kwh,BUNDOORA,0.0,0.2621004,0.0005425004,0.00052642747,0.0
2025-11-01 07:00:00,solar.bun_hsc#realenergyintotheload#kwh,BUNDOORA,0.0,0.5058223,1.9511558,1.8933479,44.0
2025-11-01 08:00:00,solar.bun_hsc#realenergyintotheload#kwh,BUNDOORA,0.0,1.554807,5.191131,5.037331,160.0
2025-11-01 09:00:00,solar.bun_hsc#realenergyintotheload#kwh,BUNDOORA,0.0,8.8278,15.06415,14.617837,303.0
2025-11-01 10:00:00,solar.bun_hsc#realenergyintotheload#kwh,BUNDOORA,0.0,19.390495,33.894806,32.890587,639.0
2025-11-01 11:00:00,solar.bun_hsc#realenergyintotheload#kwh,BUNDOORA,0.0,34.147957,40.824425,39.6149,806.0
2025-11-01 12:00:00,solar.bun_hsc#realenergyintotheload#kwh,BUNDOORA,0.0,42.73014,46.659946,45.27753,922.0
2025-11-01 13:00:00,solar.bun_hsc#realenergyintotheload#kwh,BUNDOORA,0.0,43.13167,47.597187,46.187,972.0
2025-11-01 14:00:00,solar.bun_hsc#realenergyintotheload#kwh,BUNDOORA,0.0,42.13511,48.135593,46.709457,961.0
2025-11-01 15:00:00,solar.bun_hsc#realenergyintotheload#kwh,BUNDOORA,0.0,40.13961,45.877583,44.518345,889.0
2025-11-01 16:00:00,solar.bun_hsc#realenergyintotheload#kwh,BUNDOORA,0.0,36.751007,39.317852,38.15296,758.0
2025-11-01 17:00:00,solar.bun_hsc#realenergyintotheload#kwh,BUNDOORA,0.0,29.983385,31.802944,30.860703,581.0
2025-11-01 18:00:00,solar.bun_hsc#realenergyintotheload#kwh,BUNDOORA,0.0,19.904772,20.12628,19.52999,378.0
2025-11-01 19:00:00,solar.bun_hsc#realenergyintotheload#kwh,BUNDOORA,0.0,10.369605,8.559746,8.306142,167.0
2025-11-01 20:00:00,solar.bun_hsc#realenergyintotheload#kwh,BUNDOORA,0.0,1.9085302,0.26872802,0.26076627,9.0
2025-11-01 21:00:00,solar.bun_hsc#realenergyintotheload#kwh,BUNDOORA,0.0,0.1257478,-0.0016786598,0.0,0.0
2025-11-01 22:00:00,solar.bun_hsc#realenergyintotheload#kwh,BUNDOORA,0.0,-0.010089342,-0.0033384585,0.0,0.0
2025-11-01 23:00:00,solar.bun_hsc#realenergyintotheload#kwh,BUNDOORA,0.0,-0.019112283,-0.0043828166,0.0,0.0
2025-11-02 00:00:00,solar.bun_hsc#realenergyintotheload#kwh,BUNDOORA,0.0,-0.024011876,-0.00076503475,0.0,0.0
2025-11-02 01:00:00,solar.bun_hsc#realenergyintotheload#kwh,BUNDOORA,0.0,-0.024011876,-0.00013914873,0.0,0.0
2025-11-02 02:00:00,solar.bun_hsc#realenergyintotheload#kwh,BUNDOORA,0.0,-0.024011876,-0.00013914873,0.0,0.0
2025-11-02 03:00:00,solar.bun_hsc#realenergyintotheload#kwh,BUNDOORA,0.0,-0.0200514,-0.00013914873,0.0,0.0
2025-11-02 04:00:00,solar.bun_hsc#realenergyintotheload#kwh,BUNDOORA,0.0,-0.018065207,-0.00013914873,0.0,0.0
2025-11-02 05:00:00,solar.bun_hsc#realenergyintotheload#kwh,BUNDOORA,0.0,-0.0012331964,-0.00013914873,0.0,0.0
2025-11-02 06:00:00,solar.bun_hsc#realenergyintotheload#kwh,BUNDOORA,0.0,0.28920662,-0.00013914873,0.0,0.0
2025-11-02 07:00:00,solar.bun_hsc#realenergyintotheload#kwh,BUNDOORA,0.0,0.50414455,2.1837473,2.1190484,53.0
2025-11-02 08:00:00,solar.bun_hsc#realenergyintotheload#kwh,BUNDOORA,0.0,4.6820817,11.528782,11.187213,246.0
2025-11-02 09:00:00,solar.bun_hsc#realenergyintotheload#kwh,BUNDOORA,0.0,18.544167,23.328812,22.637638,454.0
2025-11-02 10:00:00,solar.bun_hsc#realenergyintotheload#kwh,BUNDOORA,0.0,26.925747,35.654804,34.598442,659.0
2025-11-02 11:00:00,solar.bun_hsc#realenergyintotheload#kwh,BUNDOORA,0.0,33.907516,41.959984,40.716816,805.0
2025-11-02 12:00:00,solar.bun_hsc#realenergyintotheload#kwh,BUNDOORA,0.0,30.842558,38.83034,37.679893,768.0
2025-11-02 13:00:00,solar.bun_hsc#realenergyintotheload#kwh,BUNDOORA,0.0,44.727604,48.343307,46.911015,989.0
2025-11-02 14:00:00,solar.bun_hsc#realenergyintotheload#kwh,BUNDOORA,0.0,43.012962,48.097004,46.67201,971.0
2025-11-02 15:00:00,solar.bun_hsc#realenergyintotheload#kwh,BUNDOORA,0.0,42.924065,45.643124,44.290833,895.0
2025-11-02 16:00:00,solar.bun_hsc#realenergyintotheload#kwh,BUNDOORA,0.0,38.005505,39.8726,38.691277,761.0
2025-11-02 17:00:00,solar.bun_hsc#realenergyintotheload#kwh,BUNDOORA,0.0,35.29657,31.140799,30.218174,583.0
2025-11-02 18:00:00,solar.bun_hsc#realenergyintotheload#kwh,BUNDOORA,0.0,19.019949,19.571545,18.991688,373.0
2025-11-02 19:00:00,solar.bun_hsc#realenergyintotheload#kwh,BUNDOORA,0.0,4.1578884,2.3771844,2.3067544,54.0
2025-11-02 20:00:00,solar.bun_hsc#realenergyintotheload#kwh,BUNDOORA,0.0,0.38974747,0.0025412133,0.0024659235,1.0
2025-11-02 21:00:00,solar.bun_hsc#realenergyintotheload#kwh,BUNDOORA,0.0,0.01971326,-0.0013011973,0.0,0.0
2025-11-02 22:00:00,solar.bun_hsc#realenergyintotheload#kwh,BUNDOORA,0.0,0.08913912,-0.004313698,0.0,0.0
2025-11-02 23:00:00,solar.bun_hsc#realenergyintotheload#kwh,BUNDOORA,0.0,0.33276546,0.013241735,0.012849416,0.0
2025-11-03 00:00:00,solar.bun_hsc#realenergyintotheload#kwh,BUNDOORA,0.0,0.05874083,-0.016795442,0.0,0.0
2025-11-03 01:00:00,solar.bun_hsc#realenergyintotheload#kwh,BUNDOORA,0.0,0.0059583113,0.0012038593,0.001168192,0.0
2025-11-03 02:00:00,solar.bun_hsc#realenergyintotheload#kwh,BUNDOORA,0.0,0.008875589,-0.00060670206,0.0,0.0
2025-11-03 03:00:00,solar.bun_hsc#realenergyintotheload#kwh,BUNDOORA,0.0,0.088224545,-0.00060670206,0.0,0.0
2025-11-03 04:00:00,solar.bun_hsc#realenergyintotheload#kwh,BUNDOORA,0.0,0.08218114,-0.00055951567,0.0,0.0
2025-11-03 05:00:00,solar.bun_hsc#realenergyintotheload#kwh,BUNDOORA,0.0,0.010432193,-0.0022193142,0.0,0.0
2025-11-03 06:00:00,solar.bun_hsc#realenergyintotheload#kwh,BUNDOORA,0.0,0.34306958,0.0015770039,0.0015302812,0.0
2025-11-03 07:00:00,solar.bun_hsc#realenergyintotheload#kwh,BUNDOORA,0.0,0.64157295,0.83274966,0.8080774,22.0
2025-11-03 08:00:00,solar.bun_hsc#realenergyintotheload#kwh,BUNDOORA,0.0,1.5312045,2.0477436,1.987074,42.0
2025-11-03 09:00:00,solar.bun_hsc#realenergyintotheload#kwh,BUNDOORA,0.0,4.3235884,3.3367965,3.2379355,69.0
2025-11-03 10:00:00,solar.bun_hsc#realenergyintotheload#kwh,BUNDOORA,0.0,3.1700418,3.1801143,3.0858955,63.0
2025-11-03 11:00:00,solar.bun_hsc#realenergyintotheload#kwh,BUNDOORA,0.0,4.817771,4.901387,4.756171,98.0
2025-11-03 12:00:00,solar.bun_hsc#realenergyintotheload#kwh,BUNDOORA,0.0,4.2085505,1.9216319,1.8646988,38.0
2025-11-03 13:00:00,solar.bun_hsc#realenergyintotheload#kwh,BUNDOORA,0.0,5.192182,4.3493104,4.2204514,85.0
2025-11-03 14:00:00,solar.bun_hsc#realenergyintotheload#kwh,BUNDOORA,0.0,5.2127004,3.955259,3.8380747,80.0
2025-11-03 15:00:00,solar.bun_hsc#realenergyintotheload#kwh,BUNDOORA,0.0,5.004594,6.2444057,6.0593996,126.0
2025-11-03 16:00:00,solar.bun_hsc#realenergyintotheload#kwh,BUNDOORA,0.0,5.1792274,6.0114756,5.8333707,123.0
2025-11-03 17:00:00,solar.bun_hsc#realenergyintotheload#kwh,BUNDOORA,0.0,3.549982,3.904097,3.7884285,78.0
2025-11-03 18:00:00,solar.bun_hsc#realenergyintotheload#kwh,BUNDOORA,0.0,8.06085,4.6788483,4.5402255,94.0
2025-11-03 19:00:00,solar.bun_hsc#realenergyintotheload#kwh,BUNDOORA,0.0,4.297118,1.2397562,1.2030253,29.0
2025-11-03 20:00:00,solar.bun_hsc#realenergyintotheload#kwh,BUNDOORA,0.0,0.34221545,0.018448424,0.017901843,2.0
2025-11-03 21:00:00,solar.bun_hsc#realenergyintotheload#kwh,BUNDOORA,0.0,0.015830461,0.0025550597,0.0024793597,0.0
2025-11-03 22:00:00,solar.bun_hsc#realenergyintotheload#kwh,BUNDOORA,0.0,-8.4518164e-05,0.0019797827,0.0019211267,0.0
2025-11-03 23:00:00,solar.bun_hsc#realenergyintotheload#kwh,BUNDOORA,0.0,-8.4518164e-05,0.0022596214,0.0021926744,0.0
2025-11-04 00:00:00,solar.bun_hsc#realenergyintotheload#kwh,BUNDOORA,0.0,-0.0052381307,0.0019797827,0.0019211267,0.0
2025-11-04 01:00:00,solar.bun_hsc#realenergyintotheload#kwh,BUNDOORA,0.0,-0.0013442661,0.0019797827,0.0019211267,0.0
2025-11-04 02:00:00,solar.bun_hsc#realenergyintotheload#kwh,BUNDOORA,0.0,-8.4518164e-05,0.002275221,0.002207812,0.0
2025-11-04 03:00:00,solar.bun_hsc#realenergyintotheload#kwh,BUNDOORA,0.0,-0.0052381307,0.0019797827,0.0019211267,0.0
2025-11-04 04:00:00,solar.bun_hsc#realenergyintotheload#kwh,BUNDOORA,0.0,-0.0052381307,0.003602204,0.0034954797,0.0
2025-11-04 05:00:00,solar.bun_hsc#realenergyintotheload#kwh,BUNDOORA,0.0,-0.0040856116,0.003602204,0.0034954797,0.0
2025-11-04 06:00:00,solar.bun_hsc#realenergyintotheload#kwh,BUNDOORA,0.0,0.116835125,0.0038976423,0.0037821648,0.0
2025-11-04 07:00:00,solar.bun_hsc#realenergyintotheload#kwh,BUNDOORA,0.0,0.2973705,1.0878983,1.0556666,28.0
2025-11-04 08:00:00,solar.bun_hsc#realenergyintotheload#kwh,BUNDOORA,0.0,1.3655305,4.315203,4.1873546,88.0
2025-11-04 09:00:00,solar.bun_hsc#realenergyintotheload#kwh,BUNDOORA,0.0,8.71856,19.700802,19.117117,358.0
2025-11-04 10:00:00,solar.bun_hsc#realenergyintotheload#kwh,BUNDOORA,0.0,15.682391,21.225975,20.597103,408.0
2025-11-04 11:00:00,solar.bun_hsc#realenergyintotheload#kwh,BUNDOORA,0.0,10.032043,10.627797,10.3129225,213.0
2025-11-04 12:00:00,solar.bun_hsc#realenergyintotheload#kwh,BUNDOORA,0.0,27.876959,40.50373,39.303707,810.0
2025-11-04 13:00:00,solar.bun_hsc#realenergyintotheload#kwh,BUNDOORA,0.0,17.748291,27.30456,26.495594,545.0
2025-11-04 14:00:00,solar.bun_hsc#realenergyintotheload#kwh,BUNDOORA,0.0,13.79659,20.254562,19.65447,383.0
2025-11-04 15:00:00,solar.bun_hsc#realenergyintotheload#kwh,BUNDOORA,0.0,7.673243,6.4977374,6.305226,130.0
2025-11-04 16:00:00,solar.bun_hsc#realenergyintotheload#kwh,BUNDOORA,0.0,12.307609,10.902437,10.579425,210.0
2025-11-04 17:00:00,solar.bun_hsc#realenergyintotheload#kwh,BUNDOORA,0.0,10.139239,10.945023,10.6207485,212.0
2025-11-04 18:00:00,solar.bun_hsc#realenergyintotheload#kwh,BUNDOORA,0.0,10.223565,7.307072,7.090582,145.0
2025-11-04 19:00:00,solar.bun_hsc#realenergyintotheload#kwh,BUNDOORA,0.0,5.2206135,4.489881,4.3568573,98.0
2025-11-04 20:00:00,solar.bun_hsc#realenergyintotheload#kwh,BUNDOORA,0.0,0.86540604,0.0326935,0.031724874,3.0
2025-11-04 21:00:00,solar.bun_hsc#realenergyintotheload#kwh,BUNDOORA,0.0,0.356019,0.0040294444,0.003910062,0.0
2025-11-04 22:00:00,solar.bun_hsc#realenergyintotheload#kwh,BUNDOORA,0.0,0.04660461,0.0054744785,0.0053122835,0.0
2025-11-04 23:00:00,solar.bun_hsc#realenergyintotheload#kwh,BUNDOORA,0.0,-0.0056084404,0.004842955,0.0046994705,0.0
2025-11-05 00:00:00,solar.bun_hsc#realenergyintotheload#kwh,BUNDOORA,0.0,0.000524763,0.006430778,0.00624025,0.0
2025-11-05 01:00:00,solar.bun_hsc#realenergyintotheload#kwh,BUNDOORA,0.0,0.030638784,0.0066543245,0.0064571733,0.0
2025-11-05 02:00:00,solar.bun_hsc#realenergyintotheload#kwh,BUNDOORA,0.0,0.013141856,0.0050665014,0.0049163937,0.0
2025-11-05 03:00:00,solar.bun_hsc#realenergyintotheload#kwh,BUNDOORA,0.0,0.055666193,0.004994964,0.004846976,0.0
2025-11-05 04:00:00,solar.bun_hsc#realenergyintotheload#kwh,BUNDOORA,0.0,0.05576675,0.005092819,0.004941932,0.0
2025-11-05 05:00:00,solar.bun_hsc#realenergyintotheload#kwh,BUNDOORA,0.0,0.03388966,0.005092819,0.004941932,0.0
2025-11-05 06:00:00,solar.bun_hsc#realenergyintotheload#kwh,BUNDOORA,0.0,0.49760967,0.005092819,0.004941932,0.0
2025-11-05 07:00:00,solar.bun_hsc#realenergyintotheload#kwh,BUNDOORA,0.0,0.6053714,1.5544338,1.5083798,35.0
2025-11-05 08:00:00,solar.bun_hsc#realenergyintotheload#kwh,BUNDOORA,0.0,2.694893,6.8547015,6.6516137,168.0
2025-11-05 09:00:00,solar.bun_hsc#realenergyintotheload#kwh,BUNDOORA,0.0,14.135765,21.656076,21.014462,381.0
2025-11-05 10:00:00,solar.bun_hsc#realenergyintotheload#kwh,BUNDOORA,0.0,17.659565,21.05009,20.42643,394.0
2025-11-05 11:00:00,solar.bun_hsc#realenergyintotheload#kwh,BUNDOORA,0.0,24.589857,33.674873,32.67717,630.0
2025-11-05 12:00:00,solar.bun_hsc#realenergyintotheload#kwh,BUNDOORA,0.0,30.67085,37.393475,36.2856,718.0
2025-11-05 13:00:00,solar.bun_hsc#realenergyintotheload#kwh,BUNDOORA,0.0,29.625902,34.638294,33.61205,670.0
2025-11-05 14:00:00,solar.bun_hsc#realenergyintotheload#kwh,BUNDOORA,0.0,24.925776,27.698046,26.877422,549.0
2025-11-05 15:00:00,solar.bun_hsc#realenergyintotheload#kwh,BUNDOORA,0.0,29.416876,35.23567,34.191723,656.0
2025-11-05 16:00:00,solar.bun_hsc#realenergyintotheload#kwh,BUNDOORA,0.0,24.144258,25.103878,24.360113,463.0
2025-11-05 17:00:00,solar.bun_hsc#realenergyintotheload#kwh,BUNDOORA,0.0,23.34549,24.617739,23.888376,430.0
2025-11-05 18:00:00,solar.bun_hsc#realenergyintotheload#kwh,BUNDOORA,0.0,12.964973,15.58879,15.126933,283.0
2025-11-05 19:00:00,solar.bun_hsc#realenergyintotheload#kwh,BUNDOORA,0.0,6.6426415,6.6134486,6.4175086,141.0
2025-11-05 20:00:00,solar.bun_hsc#realenergyintotheload#kwh,BUNDOORA,0.0,1.412003,0.38510576,0.37369603,13.0
2025-11-05 21:00:00,solar.bun_hsc#realenergyintotheload#kwh,BUNDOORA,0.0,-0.022087973,-0.00050716754,0.0,0.0
2025-11-05 22:00:00,solar.bun_hsc#realenergyintotheload#kwh,BUNDOORA,0.0,0.024907842,0.004525126,0.004391058,0.0
2025-11-05 23:00:00,solar.bun_hsc#realenergyintotheload#kwh,BUNDOORA,0.0,0.0027695405,0.0044170446,0.0042861784,0.0
2025-11-06 00:00:00,solar.bun_hsc#realenergyintotheload#kwh,BUNDOORA,0.0,0.00470311,0.0044170446,0.0042861784,0.0
2025-11-06 01:00:00,solar.bun_hsc#realenergyintotheload#kwh,BUNDOORA,0.0,0.003495621,0.0026036655,0.0025265254,0.0
2025-11-06 02:00:00,solar.bun_hsc#realenergyintotheload#kwh,BUNDOORA,0.0,-0.0031662197,0.0021193153,0.0020565253,0.0
2025-11-06 03:00:00,solar.bun_hsc#realenergyintotheload#kwh,BUNDOORA,0.0,-0.00057092606,0.0014713767,0.0014277835,0.0
2025-11-06 04:00:00,solar.bun_hsc#realenergyintotheload#kwh,BUNDOORA,0.0,-0.00057092606,0.0014713767,0.0014277835,0.0
2025-11-06 05:00:00,solar.bun_hsc#realenergyintotheload#kwh,BUNDOORA,0.0,0.00055432116,0.0014713767,0.0014277835,0.0
2025-11-06 06:00:00,solar.bun_hsc#realenergyintotheload#kwh,BUNDOORA,0.0,0.16444606,0.002284749,0.0022170576,0.0
2025-11-06 07:00:00,solar.bun_hsc#realenergyintotheload#kwh,BUNDOORA,0.0,0.107762754,3.1605701,3.0669303,69.0
2025-11-06 08:00:00,solar.bun_hsc#realenergyintotheload#kwh,BUNDOORA,0.0,1.3950198,13.965023,13.551274,271.0
2025-11-06 09:00:00,solar.bun_hsc#realenergyintotheload#kwh,BUNDOORA,0.0,7.2819834,27.424004,26.6115,487.0
2025-11-06 10:00:00,solar.bun_hsc#realenergyintotheload#kwh,BUNDOORA,0.0,26.21071,35.800606,34.73992,682.0
2025-11-06 11:00:00,solar.bun_hsc#realenergyintotheload#kwh,BUNDOORA,0.0,39.792492,44.818016,43.49017,845.0
2025-11-06 12:00:00,solar.bun_hsc#realenergyintotheload#kwh,BUNDOORA,0.0,43.76123,48.1298,46.703835,952.0
2025-11-06 13:00:00,solar.bun_hsc#realenergyintotheload#kwh,BUNDOORA,0.0,44.491516,48.7394,47.295372,998.0
2025-11-06 14:00:00,solar.bun_hsc#realenergyintotheload#kwh,BUNDOORA,0.0,44.92617,48.5759,47.13672,977.0
2025-11-06 15:00:00,solar.bun_hsc#realenergyintotheload#kwh,BUNDOORA,0.0,43.489742,45.922897,44.562317,902.0
2025-11-06 16:00:00,solar.bun_hsc#realenergyintotheload#kwh,BUNDOORA,0.0,23.520548,27.60957,26.791567,509.0
2025-11-06 17:00:00,solar.bun_hsc#realenergyintotheload#kwh,BUNDOORA,0.0,16.748774,16.038448,15.56327,297.0
2025-11-06 18:00:00,solar.bun_hsc#realenergyintotheload#kwh,BUNDOORA,0.0,5.074384,6.692803,6.494512,137.0
2025-11-06 19:00:00,solar.bun_hsc#realenergyintotheload#kwh,BUNDOORA,0.0,2.8097482,1.8148193,1.7610508,38.0
2025-11-06 20:00:00,solar.bun_hsc#realenergyintotheload#kwh,BUNDOORA,0.0,0.4815343,0.06708637,0.06509877,4.0
2025-11-06 21:00:00,solar.bun_hsc#realenergyintotheload#kwh,BUNDOORA,0.0,0.1734912,0.0022482565,0.0021816462,0.0
2025-11-06 22:00:00,solar.bun_hsc#realenergyintotheload#kwh,BUNDOORA,0.0,0.08946006,-0.0021322875,0.0,0.0
2025-11-06 23:00:00,solar.bun_hsc#realenergyintotheload#kwh,BUNDOORA,0.0,0.08561538,-8.413199e-05,0.0,0.0
2025-11-07 00:00:00,solar.bun_hsc#realenergyintotheload#kwh,BUNDOORA,0.0,0.08816479,-0.0001922138,0.0,0.0
2025-11-07 01:00:00,solar.bun_hsc#realenergyintotheload#kwh,BUNDOORA,0.0,0.08352434,-0.0001922138,0.0,0.0
2025-11-07 02:00:00,solar.bun_hsc#realenergyintotheload#kwh,BUNDOORA,0.0,0.00287093,-0.0021318507,0.0,0.0
2025-11-07 03:00:00,solar.bun_hsc#realenergyintotheload#kwh,BUNDOORA,0.0,0.003029551,-0.0021318507,0.0,0.0
2025-11-07 04:00:00,solar.bun_hsc#realenergyintotheload#kwh,BUNDOORA,0.0,0.012945637,-0.0021318507,0.0,0.0
2025-11-07 05:00:00,solar.bun_hsc#realenergyintotheload#kwh,BUNDOORA,0.0,0.011515498,-0.0021318507,0.0,0.0
2025-11-07 06:00:00,solar.bun_hsc#realenergyintotheload#kwh,BUNDOORA,0.0,0.56636643,-0.0021318507,0.0,0.0
2025-11-07 07:00:00,solar.bun_hsc#realenergyintotheload#kwh,BUNDOORA,0.0,1.9293258,1.5292041,1.4838977,36.0
2025-11-07 08:00:00,solar.bun_hsc#realenergyintotheload#kwh,BUNDOORA,0.0,13.592115,5.7041407,5.535141,127.0
2025-11-07 09:00:00,solar.bun_hsc#realenergyintotheload#kwh,BUNDOORA,0.0,6.1616917,3.5909147,3.484525,75.0
2025-11-07 10:00:00,solar.bun_hsc#realenergyintotheload#kwh,BUNDOORA,0.0,10.182484,5.628816,5.4620485,115.0
2025-11-07 11:00:00,solar.bun_hsc#realenergyintotheload#kwh,BUNDOORA,0.0,8.309912,6.5413346,6.3475313,134.0
2025-11-07 12:00:00,solar.bun_hsc#realenergyintotheload#kwh,BUNDOORA,0.0,13.265098,10.514725,10.203199,213.0
2025-11-07 13:00:00,solar.bun_hsc#realenergyintotheload#kwh,BUNDOORA,0.0,17.046286,12.654711,12.279783,251.0
2025-11-07 14:00:00,solar.bun_hsc#realenergyintotheload#kwh,BUNDOORA,0.0,26.362202,27.714062,26.892963,547.0
2025-11-07 15:00:00,solar.bun_hsc#realenergyintotheload#kwh,BUNDOORA,0.0,7.913517,7.1482325,6.936448,140.0
2025-11-07 16:00:00,solar.bun_hsc#realenergyintotheload#kwh,BUNDOORA,0.0,8.465662,5.7030287,5.5340624,114.0
2025-11-07 17:00:00,solar.bun_hsc#realenergyintotheload#kwh,BUNDOORA,0.0,4.3110666,1.9331735,1.8758985,40.0
2025-11-07 18:00:00,solar.bun_hsc#realenergyintotheload#kwh,BUNDOORA,0.0,3.3201973,2.4112635,2.3398237,51.0
2025-11-07 19:00:00,solar.bun_hsc#realenergyintotheload#kwh,BUNDOORA,0.0,3.6912024,0.98686826,0.9576298,24.0
2025-11-07 20:00:00,solar.bun_hsc#realenergyintotheload#kwh,BUNDOORA,0.0,1.2004964,0.058846448,0.057102975,3.0
2025-11-07 21:00:00,solar.bun_hsc#realenergyintotheload#kwh,BUNDOORA,0.0,0.09306782,0.0043810923,0.0042512915,0.0
2025-11-07 22:00:00,solar.bun_hsc#realenergyintotheload#kwh,BUNDOORA,0.0,0.1452281,-0.0021324304,0.0,0.0
2025-11-07 23:00:00,solar.bun_hsc#realenergyintotheload#kwh,BUNDOORA,0.0,0.056859702,0.0009472619,0.00091919693,0.0
2025-11-08 00:00:00,solar.bun_hsc#realenergyintotheload#kwh,BUNDOORA,0.0,0.06503763,0.00016439712,0.00015952645,0.0
2025-11-08 01:00:00,solar.bun_hsc#realenergyintotheload#kwh,BUNDOORA,0.0,0.011854902,-0.0010660313,0.0,0.0
2025-11-08 02:00:00,solar.bun_hsc#realenergyintotheload#kwh,BUNDOORA,0.0,0.0032041627,0.009512889,0.009231046,0.0
2025-11-08 03:00:00,solar.bun_hsc#realenergyintotheload#kwh,BUNDOORA,0.0,-0.0067575574,0.0061373096,0.0059554763,0.0
2025-11-08 04:00:00,solar.bun_hsc#realenergyintotheload#kwh,BUNDOORA,0.0,0.039488018,0.0038085626,0.0036957245,0.0
2025-11-08 05:00:00,solar.bun_hsc#realenergyintotheload#kwh,BUNDOORA,0.0,0.025846299,0.004720887,0.0045810193,0.0
2025-11-08 06:00:00,solar.bun_hsc#realenergyintotheload#kwh,BUNDOORA,0.0,0.114995725,0.0031330655,0.0030402406,0.0
2025-11-08 07:00:00,solar.bun_hsc#realenergyintotheload#kwh,BUNDOORA,0.0,-0.2692122,1.5815685,1.5347105,36.0
2025-11-08 08:00:00,solar.bun_hsc#realenergyintotheload#kwh,BUNDOORA,0.0,0.8045815,5.0392528,4.889952,104.0
2025-11-08 09:00:00,solar.bun_hsc#realenergyintotheload#kwh,BUNDOORA,0.0,4.029954,6.307879,6.120992,129.0
2025-11-08 10:00:00,solar.bun_hsc#realenergyintotheload#kwh,BUNDOORA,0.0,4.7037063,7.4958677,7.2737837,144.0
2025-11-08 11:00:00,solar.bun_hsc#realenergyintotheload#kwh,BUNDOORA,0.0,4.4298043,6.56156,6.3671575,130.0
2025-11-08 12:00:00,solar.bun_hsc#realenergyintotheload#kwh,BUNDOORA,0.0,5.2833576,7.6683826,7.441188,148.0
2025-11-08 13:00:00,solar.bun_hsc#realenergyintotheload#kwh,BUNDOORA,0.0,7.7376394,9.900633,9.607302,200.0
2025-11-08 14:00:00,solar.bun_hsc#realenergyintotheload#kwh,BUNDOORA,0.0,7.8452587,9.49427,9.212978,189.0
2025-11-08 15:00:00,solar.bun_hsc#realenergyintotheload#kwh,BUNDOORA,0.0,6.9357142,9.682623,9.395751,194.0
2025-11-08 16:00:00,solar.bun_hsc#realenergyintotheload#kwh,BUNDOORA,0.0,5.0005155,6.089491,5.9090743,117.0
2025-11-08 17:00:00,solar.bun_hsc#realenergyintotheload#kwh,BUNDOORA,0.0,4.8914933,6.139187,5.9572983,116.0
2025-11-08 18:00:00,solar.bun_hsc#realenergyintotheload#kwh,BUNDOORA,0.0,2.9186504,2.6931493,2.613358,59.0
2025-11-08 19:00:00,solar.bun_hsc#realenergyintotheload#kwh,BUNDOORA,0.0,3.4553688,1.6280471,1.5798122,35.0
2025-11-08 20:00:00,solar.bun_hsc#realenergyintotheload#kwh,BUNDOORA,0.0,0.18549696,0.2790668,0.27079874,9.0
2025-11-08 21:00:00,solar.bun_hsc#realenergyintotheload#kwh,BUNDOORA,0.0,0.13023533,0.0049742316,0.0048268577,0.0
2025-11-08 22:00:00,solar.bun_hsc#realenergyintotheload#kwh,BUNDOORA,0.0,0.017961856,0.0049742316,0.0048268577,0.0
2025-11-08 23:00:00,solar.bun_hsc#realenergyintotheload#kwh,BUNDOORA,0.0,-0.0049085626,0.004488545,0.0043555605,0.0
2025-11-09 00:00:00,solar.bun_hsc#realenergyintotheload#kwh,BUNDOORA,0.0,0.0015971476,0.003801859,0.0036892195,0.0
2025-11-09 01:00:00,solar.bun_hsc#realenergyintotheload#kwh,BUNDOORA,0.0,0.015965536,0.0034667375,0.0033640268,0.0
2025-11-09 02:00:00,solar.bun_hsc#realenergyintotheload#kwh,BUNDOORA,0.0,0.016047085,0.003313157,0.0032149965,0.0
2025-11-09 03:00:00,solar.bun_hsc#realenergyintotheload#kwh,BUNDOORA,0.0,0.02520546,0.0048934217,0.0047484417,0.0
2025-11-09 04:00:00,solar.bun_hsc#realenergyintotheload#kwh,BUNDOORA,0.0,0.015393797,0.0048934217,0.0047484417,0.0
2025-11-09 05:00:00,solar.bun_hsc#realenergyintotheload#kwh,BUNDOORA,0.0,0.085476555,0.0043026046,0.0041751293,0.0
2025-11-09 06:00:00,solar.bun_hsc#realenergyintotheload#kwh,BUNDOORA,0.0,0.21392716,0.0043026046,0.0041751293,0.0
2025-11-09 07:00:00,solar.bun_hsc#realenergyintotheload#kwh,BUNDOORA,0.0,0.031182006,1.5535729,1.5075444,34.0
2025-11-09 08:00:00,solar.bun_hsc#realenergyintotheload#kwh,BUNDOORA,0.0,1.129057,5.7457976,5.575564,127.0
2025-11-09 09:00:00,solar.bun_hsc#realenergyintotheload#kwh,BUNDOORA,0.0,7.8017554,12.911826,12.529281,242.0
2025-11-09 10:00:00,solar.bun_hsc#realenergyintotheload#kwh,BUNDOORA,0.0,7.319481,15.6367035,15.173427,305.0
2025-11-09 11:00:00,solar.bun_hsc#realenergyintotheload#kwh,BUNDOORA,0.0,22.99592,31.120075,30.198065,599.0
2025-11-09 12:00:00,solar.bun_hsc#realenergyintotheload#kwh,BUNDOORA,0.0,24.838726,35.149307,34.10792,684.0
2025-11-09 13:00:00,solar.bun_hsc#realenergyintotheload#kwh,BUNDOORA,0.0,34.98884,43.971638,42.66887,884.0
2025-11-09 14:00:00,solar.bun_hsc#realenergyintotheload#kwh,BUNDOORA,0.0,29.322721,39.118275,37.959297,777.0
2025-11-09 15:00:00,solar.bun_hsc#realenergyintotheload#kwh,BUNDOORA,0.0,25.596054,35.62588,34.570374,684.0
2025-11-09 16:00:00,solar.bun_hsc#realenergyintotheload#kwh,BUNDOORA,0.0,16.607769,19.364216,18.790503,364.0
2025-11-09 17:00:00,solar.bun_hsc#realenergyintotheload#kwh,BUNDOORA,0.0,11.183616,10.635611,10.320504,212.0
2025-11-09 18:00:00,solar.bun_hsc#realenergyintotheload#kwh,BUNDOORA,0.0,13.243694,12.772472,12.394056,250.0
2025-11-09 19:00:00,solar.bun_hsc#realenergyintotheload#kwh,BUNDOORA,0.0,7.7435765,4.206333,4.08171,86.0
2025-11-09 20:00:00,solar.bun_hsc#realenergyintotheload#kwh,BUNDOORA,0.0,1.5101697,0.34796533,0.337656,11.0
2025-11-09 21:00:00,solar.bun_hsc#realenergyintotheload#kwh,BUNDOORA,0.0,0.11381013,0.0030747429,0.002983646,0.0
2025-11-09 22:00:00,solar.bun_hsc#realenergyintotheload#kwh,BUNDOORA,0.0,0.037376523,0.002779305,0.0026969612,0.0
2025-11-09 23:00:00,solar.bun_hsc#realenergyintotheload#kwh,BUNDOORA,0.0,-0.0064325347,0.0030747429,0.002983646,0.0
2025-11-10 00:00:00,solar.bun_hsc#realenergyintotheload#kwh,BUNDOORA,0.0,0.01747195,0.0017875271,0.0017345671,0.0
2025-11-10 01:00:00,solar.bun_hsc#realenergyintotheload#kwh,BUNDOORA,0.0,0.015015801,0.002973421,0.002885326,0.0
2025-11-10 02:00:00,solar.bun_hsc#realenergyintotheload#kwh,BUNDOORA,0.0,0.012924749,0.0023095384,0.0022411125,0.0
2025-11-10 03:00:00,solar.bun_hsc#realenergyintotheload#kwh,BUNDOORA,0.0,0.0042490843,0.0040163156,0.003897322,0.0
2025-11-10 04:00:00,solar.bun_hsc#realenergyintotheload#kwh,BUNDOORA,0.0,0.007043108,0.0040163156,0.003897322,0.0
2025-11-10 05:00:00,solar.bun_hsc#realenergyintotheload#kwh,BUNDOORA,0.0,0.016153494,0.0016063803,0.0015587873,0.0
2025-11-10 06:00:00,solar.bun_hsc#realenergyintotheload#kwh,BUNDOORA,0.0,0.1814976,0.0021989723,0.0021338223,0.0
2025-11-10 07:00:00,solar.bun_hsc#realenergyintotheload#kwh,BUNDOORA,0.0,0.30792317,2.3121798,2.2436757,46.0
2025-11-10 08:00:00,solar.bun_hsc#realenergyintotheload#kwh,BUNDOORA,0.0,2.608231,7.6664147,7.439278,174.0
2025-11-10 09:00:00,solar.bun_hsc#realenergyintotheload#kwh,BUNDOORA,0.0,11.488904,16.192719,15.712969,290.0
2025-11-10 10:00:00,solar.bun_hsc#realenergyintotheload#kwh,BUNDOORA,0.0,18.368965,19.926508,19.336136,376.0
2025-11-10 11:00:00,solar.bun_hsc#realenergyintotheload#kwh,BUNDOORA,0.0,21.0895,20.101358,19.505806,384.0
2025-11-10 12:00:00,solar.bun_hsc#realenergyintotheload#kwh,BUNDOORA,0.0,16.067785,14.290215,13.866831,284.0
2025-11-10 13:00:00,solar.bun_hsc#realenergyintotheload#kwh,BUNDOORA,0.0,11.273909,8.288029,8.042475,161.0
2025-11-10 14:00:00,solar.bun_hsc#realenergyintotheload#kwh,BUNDOORA,0.0,5.0657,4.6616564,4.5235434,92.0
2025-11-10 15:00:00,solar.bun_hsc#realenergyintotheload#kwh,BUNDOORA,0.0,8.819914,6.1780453,5.995005,120.0
2025-11-10 16:00:00,solar.bun_hsc#realenergyintotheload#kwh,BUNDOORA,0.0,14.327907,9.516328,9.234383,189.0
2025-11-10 17:00:00,solar.bun_hsc#realenergyintotheload#kwh,BUNDOORA,0.0,22.792702,27.214352,26.408058,482.0
2025-11-10 18:00:00,solar.bun_hsc#realenergyintotheload#kwh,BUNDOORA,0.0,4.6365895,4.215292,4.0904036,87.0
2025-11-10 19:00:00,solar.bun_hsc#realenergyintotheload#kwh,BUNDOORA,0.0,4.7900367,1.8167735,1.7629471,40.0
2025-11-10 20:00:00,solar.bun_hsc#realenergyintotheload#kwh,BUNDOORA,0.0,1.3262565,0.3642752,0.35348263,10.0
2025-11-10 21:00:00,solar.bun_hsc#realenergyintotheload#kwh,BUNDOORA,0.0,0.5685159,0.00393502,0.0038184351,0.0
2025-11-10 22:00:00,solar.bun_hsc#realenergyintotheload#kwh,BUNDOORA,0.0,0.024619928,0.002275221,0.002207812,0.0
2025-11-10 23:00:00,solar.bun_hsc#realenergyintotheload#kwh,BUNDOORA,0.0,-0.008132526,0.002275221,0.002207812,0.0
2025-11-11 00:00:00,solar.bun_hsc#realenergyintotheload#kwh,BUNDOORA,0.0,0.0027174503,0.002275221,0.002207812,0.0
2025-11-11 01:00:00,solar.bun_hsc#realenergyintotheload#kwh,BUNDOORA,0.0,0.0027174503,0.0019797827,0.0019211267,0.0
2025-11-11 02:00:00,solar.bun_hsc#realenergyintotheload#kwh,BUNDOORA,0.0,-0.004829407,0.002275221,0.002207812,0.0
2025-11-11 03:00:00,solar.bun_hsc#realenergyintotheload#kwh,BUNDOORA,0.0,0.0023211015,0.0038976423,0.0037821648,0.0
2025-11-11 04:00:00,solar.bun_hsc#realenergyintotheload#kwh,BUNDOORA,0.0,0.037478447,0.005070272,0.0049200524,0.0
2025-11-11 05:00:00,solar.bun_hsc#realenergyintotheload#kwh,BUNDOORA,0.0,0.06825483,0.0049742316,0.0048268577,0.0
2025-11-11 06:00:00,solar.bun_hsc#realenergyintotheload#kwh,BUNDOORA,0.0,0.22878829,0.0048763766,0.004731902,0.0
2025-11-11 07:00:00,solar.bun_hsc#realenergyintotheload#kwh,BUNDOORA,0.0,0.47904423,1.1132427,1.0802602,27.0
2025-11-11 08:00:00,solar.bun_hsc#realenergyintotheload#kwh,BUNDOORA,0.0,2.0027387,3.1501412,3.0568104,65.0
2025-11-11 09:00:00,solar.bun_hsc#realenergyintotheload#kwh,BUNDOORA,0.0,6.840652,6.8369384,6.634377,137.0
2025-11-11 10:00:00,solar.bun_hsc#realenergyintotheload#kwh,BUNDOORA,0.0,17.552532,20.405119,19.800566,395.0
2025-11-11 11:00:00,solar.bun_hsc#realenergyintotheload#kwh,BUNDOORA,0.0,20.444315,29.323904,28.45511,562.0
2025-11-11 12:00:00,solar.bun_hsc#realenergyintotheload#kwh,BUNDOORA,0.0,8.413345,8.933126,8.66846,179.0
2025-11-11 13:00:00,solar.bun_hsc#realenergyintotheload#kwh,BUNDOORA,0.0,35.294247,47.68842,46.27553,955.0
2025-11-11 14:00:00,solar.bun_hsc#realenergyintotheload#kwh,BUNDOORA,0.0,28.971601,40.34298,39.147717,799.0
2025-11-11 15:00:00,solar.bun_hsc#realenergyintotheload#kwh,BUNDOORA,0.0,28.278805,40.535065,39.33411,802.0
2025-11-11 16:00:00,solar.bun_hsc#realenergyintotheload#kwh,BUNDOORA,0.0,20.502417,18.723518,18.168787,351.0
2025-11-11 17:00:00,solar.bun_hsc#realenergyintotheload#kwh,BUNDOORA,0.0,26.272692,30.181673,29.287466,558.0
2025-11-11 18:00:00,solar.bun_hsc#realenergyintotheload#kwh,BUNDOORA,0.0,15.601222,18.162724,17.624607,329.0
2025-11-11 19:00:00,solar.bun_hsc#realenergyintotheload#kwh,BUNDOORA,0.0,5.420947,4.547369,4.412642,98.0
2025-11-11 20:00:00,solar.bun_hsc#realenergyintotheload#kwh,BUNDOORA,0.0,3.0992167,0.9341999,0.9065219,23.0
2025-11-11 21:00:00,solar.bun_hsc#realenergyintotheload#kwh,BUNDOORA,0.0,0.1030962,0.0046984768,0.0045592724,0.0
2025-11-11 22:00:00,solar.bun_hsc#realenergyintotheload#kwh,BUNDOORA,0.0,-0.015113844,0.0018364909,0.0017820803,0.0
2025-11-11 23:00:00,solar.bun_hsc#realenergyintotheload#kwh,BUNDOORA,0.0,0.0024724945,0.001771967,0.001719468,0.0
2025-11-12 00:00:00,solar.bun_hsc#realenergyintotheload#kwh,BUNDOORA,0.0,-0.0066476814,0.0014816022,0.001437706,0.0
2025-11-12 01:00:00,solar.bun_hsc#realenergyintotheload#kwh,BUNDOORA,0.0,-0.012887925,0.0012877441,0.0012495915,0.0
2025-11-12 02:00:00,solar.bun_hsc#realenergyintotheload#kwh,BUNDOORA,0.0,-0.015779182,0.0030072317,0.002918135,0.0
2025-11-12 03:00:00,solar.bun_hsc#realenergyintotheload#kwh,BUNDOORA,0.0,-0.011616265,0.003102602,0.0030106797,0.0
2025-11-12 04:00:00,solar.bun_hsc#realenergyintotheload#kwh,BUNDOORA,0.0,0.007890051,0.003102602,0.0030106797,0.0
2025-11-12 05:00:00,solar.bun_hsc#realenergyintotheload#kwh,BUNDOORA,0.0,0.015993977,0.003102602,0.0030106797,0.0
2025-11-12 06:00:00,solar.bun_hsc#realenergyintotheload#kwh,BUNDOORA,0.0,0.22103041,0.003102602,0.0030106797,0.0
2025-11-12 07:00:00,solar.bun_hsc#realenergyintotheload#kwh,BUNDOORA,0.0,0.14702645,4.1955786,4.0712743,83.0
2025-11-12 08:00:00,solar.bun_hsc#realenergyintotheload#kwh,BUNDOORA,0.0,2.4158783,13.888019,13.476551,266.0
2025-11-12 09:00:00,solar.bun_hsc#realenergyintotheload#kwh,BUNDOORA,0.0,18.522642,26.654554,25.864847,477.0
2025-11-12 10:00:00,solar.bun_hsc#realenergyintotheload#kwh,BUNDOORA,0.0,21.799673,34.476006,33.454567,647.0
2025-11-12 11:00:00,solar.bun_hsc#realenergyintotheload#kwh,BUNDOORA,0.0,23.683271,19.0879,18.522373,356.0
2025-11-12 12:00:00,solar.bun_hsc#realenergyintotheload#kwh,BUNDOORA,0.0,24.979355,25.986145,25.21624,504.0
2025-11-12 13:00:00,solar.bun_hsc#realenergyintotheload#kwh,BUNDOORA,0.0,26.399584,25.743904,24.981176,496.0
2025-11-12 14:00:00,solar.bun_hsc#realenergyintotheload#kwh,BUNDOORA,0.0,24.440321,26.128145,25.354034,505.0
2025-11-12 15:00:00,solar.bun_hsc#realenergyintotheload#kwh,BUNDOORA,0.0,20.275902,18.907055,18.346886,356.0
2025-11-12 16:00:00,solar.bun_hsc#realenergyintotheload#kwh,BUNDOORA,0.0,10.577661,8.80405,8.543208,172.0
2025-11-12 17:00:00,solar.bun_hsc#realenergyintotheload#kwh,BUNDOORA,0.0,19.75368,18.136757,17.599411,331.0
2025-11-12 18:00:00,solar.bun_hsc#realenergyintotheload#kwh,BUNDOORA,0.0,11.549301,16.304853,15.821781,299.0
2025-11-12 19:00:00,solar.bun_hsc#realenergyintotheload#kwh,BUNDOORA,0.0,6.098726,5.1695795,5.016418,109.0
2025-11-12 20:00:00,solar.bun_hsc#realenergyintotheload#kwh,BUNDOORA,0.0,2.430886,1.0596151,1.0282214,26.0
2025-11-12 21:00:00,solar.bun_hsc#realenergyintotheload#kwh,BUNDOORA,0.0,0.30550495,0.0044501456,0.004318299,0.0
2025-11-12 22:00:00,solar.bun_hsc#realenergyintotheload#kwh,BUNDOORA,0.0,0.02203467,0.0059941523,0.0058165607,0.0
2025-11-12 23:00:00,solar.bun_hsc#realenergyintotheload#kwh,BUNDOORA,0.0,-0.026431141,0.009844307,0.009552645,0.0
2025-11-13 00:00:00,solar.bun_hsc#realenergyintotheload#kwh,BUNDOORA,0.0,0.0044149044,0.0065387096,0.006344984,0.0
2025-11-13 01:00:00,solar.bun_hsc#realenergyintotheload#kwh,BUNDOORA,0.0,0.017437125,0.0059257676,0.005750202,0.0
2025-11-13 02:00:00,solar.bun_hsc#realenergyintotheload#kwh,BUNDOORA,0.0,-0.046422217,0.0093693035,0.009091714,0.0
2025-11-13 03:00:00,solar.bun_hsc#realenergyintotheload#kwh,BUNDOORA,0.0,-0.19681819,0.012512576,0.012141859,0.0
2025-11-13 04:00:00,solar.bun_hsc#realenergyintotheload#kwh,BUNDOORA,0.0,0.025491927,0.007092881,0.0068827365,0.0
2025-11-13 05:00:00,solar.bun_hsc#realenergyintotheload#kwh,BUNDOORA,0.0,-0.06673673,-0.005284071,0.0,0.0
2025-11-13 06:00:00,solar.bun_hsc#realenergyintotheload#kwh,BUNDOORA,0.0,0.37340608,-0.0039276117,0.0,0.0
2025-11-13 07:00:00,solar.bun_hsc#realenergyintotheload#kwh,BUNDOORA,0.0,2.5860517,4.414622,4.283828,91.0
2025-11-13 08:00:00,solar.bun_hsc#realenergyintotheload#kwh,BUNDOORA,0.0,7.66713,16.896948,16.396334,295.0
2025-11-13 09:00:00,solar.bun_hsc#realenergyintotheload#kwh,BUNDOORA,0.0,26.278803,29.147905,28.284327,514.0
2025-11-13 10:00:00,solar.bun_hsc#realenergyintotheload#kwh,BUNDOORA,0.0,35.644474,38.58669,37.443462,711.0
2025-11-13 11:00:00,solar.bun_hsc#realenergyintotheload#kwh,BUNDOORA,0.0,31.742748,34.019115,33.011215,701.0
2025-11-13 12:00:00,solar.bun_hsc#realenergyintotheload#kwh,BUNDOORA,0.0,34.28661,33.77786,32.777103,714.0
2025-11-13 13:00:00,solar.bun_hsc#realenergyintotheload#kwh,BUNDOORA,0.0,33.905994,39.06632,37.908882,802.0
2025-11-13 14:00:00,solar.bun_hsc#realenergyintotheload#kwh,BUNDOORA,0.0,33.801655,41.95294,40.70998,843.0
2025-11-13 15:00:00,solar.bun_hsc#realenergyintotheload#kwh,BUNDOORA,0.0,40.283237,43.211407,41.93116,882.0
2025-11-13 16:00:00,solar.bun_hsc#realenergyintotheload#kwh,BUNDOORA,0.0,38.11225,43.34466,42.060467,806.0
2025-11-13 17:00:00,solar.bun_hsc#realenergyintotheload#kwh,BUNDOORA,0.0,33.75861,35.518772,34.46644,625.0
2025-11-13 18:00:00,solar.bun_hsc#realenergyintotheload#kwh,BUNDOORA,0.0,21.177414,22.49866,21.83208,398.0
2025-11-13 19:00:00,solar.bun_hsc#realenergyintotheload#kwh,BUNDOORA,0.0,7.7991056,10.936324,10.6123085,194.0
2025-11-13 20:00:00,solar.bun_hsc#realenergyintotheload#kwh,BUNDOORA,0.0,1.5235702,0.4507076,0.43735427,14.0
2025-11-13 21:00:00,solar.bun_hsc#realenergyintotheload#kwh,BUNDOORA,0.0,0.5543886,0.001883096,0.0018273045,0.0
2025-11-13 22:00:00,solar.bun_hsc#realenergyintotheload#kwh,BUNDOORA,0.0,0.09882179,0.0049779136,0.0048304303,0.0
2025-11-13 23:00:00,solar.bun_hsc#realenergyintotheload#kwh,BUNDOORA,0.0,0.021677373,0.0038492433,0.0037351998,0.0
2025-11-14 00:00:00,solar.bun_hsc#realenergyintotheload#kwh,BUNDOORA,0.0,0.011359407,0.005262003,0.0051061027,0.0
2025-11-14 01:00:00,solar.bun_hsc#realenergyintotheload#kwh,BUNDOORA,0.0,0.005389717,0.00555744,0.005392787,0.0
2025-11-14 02:00:00,solar.bun_hsc#realenergyintotheload#kwh,BUNDOORA,0.0,0.028065927,0.0032597105,0.0031631335,0.0
2025-11-14 03:00:00,solar.bun_hsc#realenergyintotheload#kwh,BUNDOORA,0.0,0.009554317,0.0032820152,0.0031847772,0.0
2025-11-14 04:00:00,solar.bun_hsc#realenergyintotheload#kwh,BUNDOORA,0.0,0.010143271,0.0032820152,0.0031847772,0.0
2025-11-14 05:00:00,solar.bun_hsc#realenergyintotheload#kwh,BUNDOORA,0.0,0.04292581,0.0029957257,0.0029069697,0.0
2025-11-14 06:00:00,solar.bun_hsc#realenergyintotheload#kwh,BUNDOORA,0.0,0.32453305,0.0028265864,0.0027428416,0.0
2025-11-14 07:00:00,solar.bun_hsc#realenergyintotheload#kwh,BUNDOORA,0.0,1.4279597,2.496602,2.422634,52.0
2025-11-14 08:00:00,solar.bun_hsc#realenergyintotheload#kwh,BUNDOORA,0.0,4.865299,15.617848,15.15513,290.0
2025-11-14 09:00:00,solar.bun_hsc#realenergyintotheload#kwh,BUNDOORA,0.0,20.311697,29.901447,29.015543,511.0
2025-11-14 10:00:00,solar.bun_hsc#realenergyintotheload#kwh,BUNDOORA,0.0,25.277327,37.276047,36.17165,714.0
2025-11-14 11:00:00,solar.bun_hsc#realenergyintotheload#kwh,BUNDOORA,0.0,31.781723,43.130737,41.852882,873.0
2025-11-14 12:00:00,solar.bun_hsc#realenergyintotheload#kwh,BUNDOORA,0.0,39.380722,48.506897,47.06976,986.0
2025-11-14 13:00:00,solar.bun_hsc#realenergyintotheload#kwh,BUNDOORA,0.0,43.145813,48.794308,47.348656,1040.0
2025-11-14 14:00:00,solar.bun_hsc#realenergyintotheload#kwh,BUNDOORA,0.0,43.616566,48.803463,47.35754,1026.0
2025-11-14 15:00:00,solar.bun_hsc#realenergyintotheload#kwh,BUNDOORA,0.0,43.347588,46.75615,45.37088,948.0
2025-11-14 16:00:00,solar.bun_hsc#realenergyintotheload#kwh,BUNDOORA,0.0,40.015476,43.057964,41.782265,812.0
2025-11-14 17:00:00,solar.bun_hsc#realenergyintotheload#kwh,BUNDOORA,0.0,33.42506,35.700485,34.64277,630.0
2025-11-14 18:00:00,solar.bun_hsc#realenergyintotheload#kwh,BUNDOORA,0.0,26.085552,25.157558,24.412203,423.0
2025-11-14 19:00:00,solar.bun_hsc#realenergyintotheload#kwh,BUNDOORA,0.0,6.017304,8.883914,8.620706,174.0
2025-11-14 20:00:00,solar.bun_hsc#realenergyintotheload#kwh,BUNDOORA,0.0,0.9328751,0.22683808,0.22011743,8.0
2025-11-14 21:00:00,solar.bun_hsc#realenergyintotheload#kwh,BUNDOORA,0.0,0.13805503,0.006113031,0.005931917,0.0
2025-11-14 22:00:00,solar.bun_hsc#realenergyintotheload#kwh,BUNDOORA,0.0,0.0036484613,0.0024839258,0.0024103334,0.0
2025-11-14 23:00:00,solar.bun_hsc#realenergyintotheload#kwh,BUNDOORA,0.0,0.026159888,0.0032965085,0.0031988411,0.0
2025-11-15 00:00:00,solar.bun_hsc#realenergyintotheload#kwh,BUNDOORA,0.0,0.0019581087,0.0029642726,0.0028764487,0.0
2025-11-15 01:00:00,solar.bun_hsc#realenergyintotheload#kwh,BUNDOORA,0.0,-0.0017721734,0.0055418415,0.0053776507,0.0
2025-11-15 02:00:00,solar.bun_hsc#realenergyintotheload#kwh,BUNDOORA,0.0,0.0029900242,0.005837279,0.005664335,0.0
2025-11-15 03:00:00,solar.bun_hsc#realenergyintotheload#kwh,BUNDOORA,0.0,0.0029900242,0.0022596214,0.0021926744,0.0
2025-11-15 04:00:00,solar.bun_hsc#realenergyintotheload#kwh,BUNDOORA,0.0,0.0029900242,0.0022596214,0.0021926744,0.0
2025-11-15 05:00:00,solar.bun_hsc#realenergyintotheload#kwh,BUNDOORA,0.0,0.0052054734,0.0019797827,0.0019211267,0.0
2025-11-15 06:00:00,solar.bun_hsc#realenergyintotheload#kwh,BUNDOORA,0.0,0.2380079,0.0019797827,0.0019211267,0.0
2025-11-15 07:00:00,solar.bun_hsc#realenergyintotheload#kwh,BUNDOORA,0.0,-0.070739284,1.9713166,1.9129114,45.0
2025-11-15 08:00:00,solar.bun_hsc#realenergyintotheload#kwh,BUNDOORA,0.0,0.6552616,13.625517,13.221827,269.0
2025-11-15 09:00:00,solar.bun_hsc#realenergyintotheload#kwh,BUNDOORA,0.0,10.6089,25.252983,24.5048,495.0
2025-11-15 10:00:00,solar.bun_hsc#realenergyintotheload#kwh,BUNDOORA,0.0,20.796507,34.23386,33.219597,691.0
2025-11-15 11:00:00,solar.bun_hsc#realenergyintotheload#kwh,BUNDOORA,0.0,37.70596,43.17658,41.897366,850.0
2025-11-15 12:00:00,solar.bun_hsc#realenergyintotheload#kwh,BUNDOORA,0.0,40.432854,44.709915,43.385273,905.0
2025-11-15 13:00:00,solar.bun_hsc#realenergyintotheload#kwh,BUNDOORA,0.0,34.221283,38.69439,37.54797,770.0
2025-11-15 14:00:00,solar.bun_hsc#realenergyintotheload#kwh,BUNDOORA,0.0,27.290733,29.731413,28.850546,591.0
2025-11-15 15:00:00,solar.bun_hsc#realenergyintotheload#kwh,BUNDOORA,0.0,26.325045,29.245083,28.378624,568.0
2025-11-15 16:00:00,solar.bun_hsc#realenergyintotheload#kwh,BUNDOORA,0.0,22.840265,21.441652,20.806389,403.0
2025-11-15 17:00:00,solar.bun_hsc#realenergyintotheload#kwh,BUNDOORA,0.0,14.713246,15.970748,15.497575,301.0
2025-11-15 18:00:00,solar.bun_hsc#realenergyintotheload#kwh,BUNDOORA,0.0,10.536517,9.237634,8.963945,181.0
2025-11-15 19:00:00,solar.bun_hsc#realenergyintotheload#kwh,BUNDOORA,0.0,10.932783,4.363866,4.2345753,108.0
2025-11-15 20:00:00,solar.bun_hsc#realenergyintotheload#kwh,BUNDOORA,0.0,4.0941553,0.72621053,0.70469475,20.0
2025-11-15 21:00:00,solar.bun_hsc#realenergyintotheload#kwh,BUNDOORA,0.0,1.4690496,-0.0017809814,0.0,0.0
2025-11-15 22:00:00,solar.bun_hsc#realenergyintotheload#kwh,BUNDOORA,0.0,0.09419943,-0.0018890628,0.0,0.0
2025-11-15 23:00:00,solar.bun_hsc#realenergyintotheload#kwh,BUNDOORA,0.0,0.0069404375,0.00022250079,0.00021590864,0.0
2025-11-16 00:00:00,solar.bun_hsc#realenergyintotheload#kwh,BUNDOORA,0.0,0.0047784853,0.0007505695,0.00072833203,0.0
2025-11-16 01:00:00,solar.bun_hsc#realenergyintotheload#kwh,BUNDOORA,0.0,-0.00469113,0.0007720797,0.0007492049,0.0
2025-11-16 02:00:00,solar.bun_hsc#realenergyintotheload#kwh,BUNDOORA,0.0,0.01584147,0.0013628965,0.0013225173,0.0
2025-11-16 03:00:00,solar.bun_hsc#realenergyintotheload#kwh,BUNDOORA,0.0,-0.00015341741,0.0017491073,0.0016972856,0.0
2025-11-16 04:00:00,solar.bun_hsc#realenergyintotheload#kwh,BUNDOORA,0.0,0.0021671539,0.0016427351,0.001594065,0.0
2025-11-16 05:00:00,solar.bun_hsc#realenergyintotheload#kwh,BUNDOORA,0.0,9.326538e-05,0.001347297,0.0013073799,0.0
2025-11-16 06:00:00,solar.bun_hsc#realenergyintotheload#kwh,BUNDOORA,0.0,0.29830822,0.0014075679,0.0013658651,0.0
2025-11-16 07:00:00,solar.bun_hsc#realenergyintotheload#kwh,BUNDOORA,0.0,0.096028656,1.7775831,1.7249178,39.0
2025-11-16 08:00:00,solar.bun_hsc#realenergyintotheload#kwh,BUNDOORA,0.0,0.99483985,5.191143,5.0373425,109.0
2025-11-16 09:00:00,solar.bun_hsc#realenergyintotheload#kwh,BUNDOORA,0.0,6.104204,6.235933,6.0511775,124.0
2025-11-16 10:00:00,solar.bun_hsc#realenergyintotheload#kwh,BUNDOORA,0.0,13.896009,21.234333,20.605213,424.0
2025-11-16 11:00:00,solar.bun_hsc#realenergyintotheload#kwh,BUNDOORA,0.0,23.776447,24.196472,23.479591,476.0
2025-11-16 12:00:00,solar.bun_hsc#realenergyintotheload#kwh,BUNDOORA,0.0,10.202635,7.070562,6.8610787,143.0
2025-11-16 13:00:00,solar.bun_hsc#realenergyintotheload#kwh,BUNDOORA,0.0,19.265257,17.07013,16.564384,341.0
2025-11-16 14:00:00,solar.bun_hsc#realenergyintotheload#kwh,BUNDOORA,0.0,24.038214,28.08592,27.253805,543.0
2025-11-16 15:00:00,solar.bun_hsc#realenergyintotheload#kwh,BUNDOORA,0.0,25.66892,31.951216,31.004581,620.0
2025-11-16 16:00:00,solar.bun_hsc#realenergyintotheload#kwh,BUNDOORA,0.0,17.526264,13.571304,13.169221,268.0
2025-11-16 17:00:00,solar.bun_hsc#realenergyintotheload#kwh,BUNDOORA,0.0,20.631468,18.962175,18.400373,347.0
2025-11-16 18:00:00,solar.bun_hsc#realenergyintotheload#kwh,BUNDOORA,0.0,6.8736167,9.113566,8.8435545,178.0
2025-11-16 19:00:00,solar.bun_hsc#realenergyintotheload#kwh,BUNDOORA,0.0,5.158153,2.2138774,2.1482859,48.0
2025-11-16 20:00:00,solar.bun_hsc#realenergyintotheload#kwh,BUNDOORA,0.0,2.5949662,0.28321964,0.27482855,9.0
2025-11-16 21:00:00,solar.bun_hsc#realenergyintotheload#kwh,BUNDOORA,0.0,0.6505265,0.0059358296,0.0057599656,0.0
2025-11-16 22:00:00,solar.bun_hsc#realenergyintotheload#kwh,BUNDOORA,0.0,0.027267212,0.006054417,0.00587504,0.0
2025-11-16 23:00:00,solar.bun_hsc#realenergyintotheload#kwh,BUNDOORA,0.0,0.012300583,0.0065364423,0.006342784,0.0
2025-11-17 00:00:00,solar.bun_hsc#realenergyintotheload#kwh,BUNDOORA,0.0,0.029554743,0.007191151,0.006978095,0.0
2025-11-17 01:00:00,solar.bun_hsc#realenergyintotheload#kwh,BUNDOORA,0.0,0.030060343,0.0048934217,0.0047484417,0.0
2025-11-17 02:00:00,solar.bun_hsc#realenergyintotheload#kwh,BUNDOORA,0.0,0.032764412,0.0048934217,0.0047484417,0.0
2025-11-17 03:00:00,solar.bun_hsc#realenergyintotheload#kwh,BUNDOORA,0.0,0.025332209,0.0048934217,0.0047484417,0.0
2025-11-17 04:00:00,solar.bun_hsc#realenergyintotheload#kwh,BUNDOORA,0.0,0.009946753,0.003801859,0.0036892195,0.0
2025-11-17 05:00:00,solar.bun_hsc#realenergyintotheload#kwh,BUNDOORA,0.0,0.020419944,0.003801859,0.0036892195,0.0
2025-11-17 06:00:00,solar.bun_hsc#realenergyintotheload#kwh,BUNDOORA,0.0,0.4846413,0.0038972292,0.003781764,0.0
2025-11-17 07:00:00,solar.bun_hsc#realenergyintotheload#kwh,BUNDOORA,0.0,0.8051922,3.3157735,3.2175355,67.0
2025-11-17 08:00:00,solar.bun_hsc#realenergyintotheload#kwh,BUNDOORA,0.0,3.705116,6.483202,6.291121,138.0
2025-11-17 09:00:00,solar.bun_hsc#realenergyintotheload#kwh,BUNDOORA,0.0,9.162179,11.181953,10.85066,215.0
2025-11-17 10:00:00,solar.bun_hsc#realenergyintotheload#kwh,BUNDOORA,0.0,11.240477,16.62959,16.136896,322.0
2025-11-17 11:00:00,solar.bun_hsc#realenergyintotheload#kwh,BUNDOORA,0.0,14.506992,17.402744,16.887144,334.0
2025-11-17 12:00:00,solar.bun_hsc#realenergyintotheload#kwh,BUNDOORA,0.0,10.60872,14.142196,13.723198,284.0
2025-11-17 13:00:00,solar.bun_hsc#realenergyintotheload#kwh,BUNDOORA,0.0,11.054042,10.942336,10.618142,220.0
2025-11-17 14:00:00,solar.bun_hsc#realenergyintotheload#kwh,BUNDOORA,0.0,14.074613,17.550253,17.030283,339.0
2025-11-17 15:00:00,solar.bun_hsc#realenergyintotheload#kwh,BUNDOORA,0.0,12.174651,12.502668,12.132246,242.0
2025-11-17 16:00:00,solar.bun_hsc#realenergyintotheload#kwh,BUNDOORA,0.0,16.607666,11.356258,11.019801,225.0
2025-11-17 17:00:00,solar.bun_hsc#realenergyintotheload#kwh,BUNDOORA,0.0,12.847512,8.054032,7.8154116,160.0
2025-11-17 18:00:00,solar.bun_hsc#realenergyintotheload#kwh,BUNDOORA,0.0,11.120573,6.4741216,6.2823095,124.0
2025-11-17 19:00:00,solar.bun_hsc#realenergyintotheload#kwh,BUNDOORA,0.0,5.7404337,3.9173012,3.8012414,80.0
2025-11-17 20:00:00,solar.bun_hsc#realenergyintotheload#kwh,BUNDOORA,0.0,2.8358276,0.3854227,0.3740036,13.0
2025-11-17 21:00:00,solar.bun_hsc#realenergyintotheload#kwh,BUNDOORA,0.0,0.8237735,0.0020395594,0.0019791324,0.0
2025-11-17 22:00:00,solar.bun_hsc#realenergyintotheload#kwh,BUNDOORA,0.0,0.022551332,0.0030439696,0.0029537843,0.0
2025-11-17 23:00:00,solar.bun_hsc#realenergyintotheload#kwh,BUNDOORA,0.0,0.023067802,0.00393502,0.0038184351,0.0
2025-11-18 00:00:00,solar.bun_hsc#realenergyintotheload#kwh,BUNDOORA,0.0,0.02344665,0.00393502,0.0038184351,0.0
2025-11-18 01:00:00,solar.bun_hsc#realenergyintotheload#kwh,BUNDOORA,0.0,0.026360039,0.00393502,0.0038184351,0.0
2025-11-18 02:00:00,solar.bun_hsc#realenergyintotheload#kwh,BUNDOORA,0.0,0.029400881,0.00393502,0.0038184351,0.0
2025-11-18 03:00:00,solar.bun_hsc#realenergyintotheload#kwh,BUNDOORA,0.0,0.020916462,0.004043101,0.0039233137,0.0
2025-11-18 04:00:00,solar.bun_hsc#realenergyintotheload#kwh,BUNDOORA,0.0,0.021980425,0.005665521,0.005497666,0.0
2025-11-18 05:00:00,solar.bun_hsc#realenergyintotheload#kwh,BUNDOORA,0.0,0.071834035,0.005665521,0.005497666,0.0
2025-11-18 06:00:00,solar.bun_hsc#realenergyintotheload#kwh,BUNDOORA,0.0,0.9438785,0.0053700837,0.0052109817,0.0
2025-11-18 07:00:00,solar.bun_hsc#realenergyintotheload#kwh,BUNDOORA,0.0,3.508007,2.274833,2.2074354,49.0
2025-11-18 08:00:00,solar.bun_hsc#realenergyintotheload#kwh,BUNDOORA,0.0,8.078398,8.13496,7.8939414,165.0
2025-11-18 09:00:00,solar.bun_hsc#realenergyintotheload#kwh,BUNDOORA,0.0,12.0774975,16.86222,16.362635,312.0
2025-11-18 10:00:00,solar.bun_hsc#realenergyintotheload#kwh,BUNDOORA,0.0,14.094661,11.9192505,11.5661125,230.0
2025-11-18 11:00:00,solar.bun_hsc#realenergyintotheload#kwh,BUNDOORA,0.0,14.672941,15.334826,14.880494,306.0
2025-11-18 12:00:00,solar.bun_hsc#realenergyintotheload#kwh,BUNDOORA,0.0,12.687579,10.615934,10.301411,211.0
2025-11-18 13:00:00,solar.bun_hsc#realenergyintotheload#kwh,BUNDOORA,0.0,11.09935,8.596518,8.341825,169.0
2025-11-18 14:00:00,solar.bun_hsc#realenergyintotheload#kwh,BUNDOORA,0.0,25.57466,23.504745,22.80836,452.0
2025-11-18 15:00:00,solar.bun_hsc#realenergyintotheload#kwh,BUNDOORA,0.0,26.23022,23.797007,23.09196,454.0
2025-11-18 16:00:00,solar.bun_hsc#realenergyintotheload#kwh,BUNDOORA,0.0,15.2254305,14.415015,13.987934,277.0
2025-11-18 17:00:00,solar.bun_hsc#realenergyintotheload#kwh,BUNDOORA,0.0,14.480931,14.506738,14.07694,278.0
2025-11-18 18:00:00,solar.bun_hsc#realenergyintotheload#kwh,BUNDOORA,0.0,14.123493,12.375809,12.009145,237.0
2025-11-18 19:00:00,solar.bun_hsc#realenergyintotheload#kwh,BUNDOORA,0.0,9.288294,4.4166107,4.2857575,106.0
2025-11-18 20:00:00,solar.bun_hsc#realenergyintotheload#kwh,BUNDOORA,0.0,4.9140153,1.3219439,1.282778,33.0
2025-11-18 21:00:00,solar.bun_hsc#realenergyintotheload#kwh,BUNDOORA,0.0,0.7967449,-0.00024967908,0.0,0.0
2025-11-18 22:00:00,solar.bun_hsc#realenergyintotheload#kwh,BUNDOORA,0.0,0.0236325,-0.00017661363,0.0,0.0
2025-11-18 23:00:00,solar.bun_hsc#realenergyintotheload#kwh,BUNDOORA,0.0,0.029584449,-0.0028807702,0.0,0.0
2025-11-19 00:00:00,solar.bun_hsc#realenergyintotheload#kwh,BUNDOORA,0.0,-0.00469113,0.00014619343,0.00014186208,0.0
2025-11-19 01:00:00,solar.bun_hsc#realenergyintotheload#kwh,BUNDOORA,0.0,-0.0006724922,-0.0005569658,0.0,0.0
2025-11-19 02:00:00,solar.bun_hsc#realenergyintotheload#kwh,BUNDOORA,0.0,-0.005196727,0.0017813687,0.0017285913,0.0
2025-11-19 03:00:00,solar.bun_hsc#realenergyintotheload#kwh,BUNDOORA,0.0,-0.0006724922,0.00022250079,0.00021590864,0.0
2025-11-19 04:00:00,solar.bun_hsc#realenergyintotheload#kwh,BUNDOORA,0.0,-0.006895267,0.001347297,0.0013073799,0.0
2025-11-19 05:00:00,solar.bun_hsc#realenergyintotheload#kwh,BUNDOORA,0.0,0.0024048665,0.0022596214,0.0021926744,0.0
2025-11-19 06:00:00,solar.bun_hsc#realenergyintotheload#kwh,BUNDOORA,0.0,1.2774663,0.0027946234,0.0027118258,0.0
2025-11-19 07:00:00,solar.bun_hsc#realenergyintotheload#kwh,BUNDOORA,0.0,1.9974236,3.3037465,3.2058647,82.0
2025-11-19 08:00:00,solar.bun_hsc#realenergyintotheload#kwh,BUNDOORA,0.0,10.057145,8.476607,8.225467,187.0
2025-11-19 09:00:00,solar.bun_hsc#realenergyintotheload#kwh,BUNDOORA,0.0,20.808804,20.584753,19.974878,379.0
2025-11-19 10:00:00,solar.bun_hsc#realenergyintotheload#kwh,BUNDOORA,0.0,28.56757,33.314625,32.327595,619.0
2025-11-19 11:00:00,solar.bun_hsc#realenergyintotheload#kwh,BUNDOORA,0.0,32.924152,39.83373,38.653553,771.0
2025-11-19 12:00:00,solar.bun_hsc#realenergyintotheload#kwh,BUNDOORA,0.0,28.058876,39.311172,38.14648,791.0
2025-11-19 13:00:00,solar.bun_hsc#realenergyintotheload#kwh,BUNDOORA,0.0,31.465271,41.465424,40.236908,825.0
2025-11-19 14:00:00,solar.bun_hsc#realenergyintotheload#kwh,BUNDOORA,0.0,37.58416,44.829895,43.501698,892.0
2025-11-19 15:00:00,solar.bun_hsc#realenergyintotheload#kwh,BUNDOORA,0.0,32.55575,39.36664,38.200302,765.0
2025-11-19 16:00:00,solar.bun_hsc#realenergyintotheload#kwh,BUNDOORA,0.0,23.873655,32.17829,31.22493,604.0
2025-11-19 17:00:00,solar.bun_hsc#realenergyintotheload#kwh,BUNDOORA,0.0,36.027557,37.30357,36.198357,655.0
2025-11-19 18:00:00,solar.bun_hsc#realenergyintotheload#kwh,BUNDOORA,0.0,21.134762,25.738676,24.976103,441.0
2025-11-19 19:00:00,solar.bun_hsc#realenergyintotheload#kwh,BUNDOORA,0.0,7.784792,11.993601,11.638261,215.0
2025-11-19 20:00:00,solar.bun_hsc#realenergyintotheload#kwh,BUNDOORA,0.0,2.2659423,1.0492684,1.0181812,26.0
2025-11-19 21:00:00,solar.bun_hsc#realenergyintotheload#kwh,BUNDOORA,0.0,0.4713669,0.0046916003,0.0045526,0.0
2025-11-19 22:00:00,solar.bun_hsc#realenergyintotheload#kwh,BUNDOORA,0.0,0.0067062452,0.0032965085,0.0031988411,0.0
2025-11-19 23:00:00,solar.bun_hsc#realenergyintotheload#kwh,BUNDOORA,0.0,0.0018281594,0.0030010706,0.0029121563,0.0
2025-11-20 00:00:00,solar.bun_hsc#realenergyintotheload#kwh,BUNDOORA,0.0,-0.026403831,0.002714781,0.0026343488,0.0
2025-11-20 01:00:00,solar.bun_hsc#realenergyintotheload#kwh,BUNDOORA,0.0,0.026511429,0.004242932,0.0041172244,0.0
2025-11-20 02:00:00,solar.bun_hsc#realenergyintotheload#kwh,BUNDOORA,0.0,-0.0037347395,0.0045383694,0.0044039087,0.0
2025-11-20 03:00:00,solar.bun_hsc#realenergyintotheload#kwh,BUNDOORA,0.0,-0.0020155162,0.0046028933,0.004466521,0.0
2025-11-20 04:00:00,solar.bun_hsc#realenergyintotheload#kwh,BUNDOORA,0.0,0.005688454,0.0018364909,0.0017820803,0.0
2025-11-20 05:00:00,solar.bun_hsc#realenergyintotheload#kwh,BUNDOORA,0.0,0.013326239,0.0029836474,0.0028952493,0.0
2025-11-20 06:00:00,solar.bun_hsc#realenergyintotheload#kwh,BUNDOORA,0.0,0.3244202,0.00173517,0.0016837612,0.0
2025-11-20 07:00:00,solar.bun_hsc#realenergyintotheload#kwh,BUNDOORA,0.0,0.32173103,3.112743,3.0205202,81.0
2025-11-20 08:00:00,solar.bun_hsc#realenergyintotheload#kwh,BUNDOORA,0.0,2.850184,8.251763,8.007284,177.0
2025-11-20 09:00:00,solar.bun_hsc#realenergyintotheload#kwh,BUNDOORA,0.0,16.68755,23.565805,22.867609,428.0
2025-11-20 10:00:00,solar.bun_hsc#realenergyintotheload#kwh,BUNDOORA,0.0,20.74801,25.76683,25.003424,477.0
2025-11-20 11:00:00,solar.bun_hsc#realenergyintotheload#kwh,BUNDOORA,0.0,23.501822,36.055008,34.98679,682.0
2025-11-20 12:00:00,solar.bun_hsc#realenergyintotheload#kwh,BUNDOORA,0.0,25.716291,38.01209,36.885887,755.0
2025-11-20 13:00:00,solar.bun_hsc#realenergyintotheload#kwh,BUNDOORA,0.0,39.63958,49.346306,47.884296,1049.0
2025-11-20 14:00:00,solar.bun_hsc#realenergyintotheload#kwh,BUNDOORA,0.0,30.382221,41.557003,40.32577,820.0
2025-11-20 15:00:00,solar.bun_hsc#realenergyintotheload#kwh,BUNDOORA,0.0,25.225853,31.362154,30.432972,611.0
2025-11-20 16:00:00,solar.bun_hsc#realenergyintotheload#kwh,BUNDOORA,0.0,35.107506,42.91327,41.641857,824.0
2025-11-20 17:00:00,solar.bun_hsc#realenergyintotheload#kwh,BUNDOORA,0.0,31.81743,33.966736,32.96039,670.0
2025-11-20 18:00:00,solar.bun_hsc#realenergyintotheload#kwh,BUNDOORA,0.0,18.719294,26.789831,25.996115,463.0
2025-11-20 19:00:00,solar.bun_hsc#realenergyintotheload#kwh,BUNDOORA,0.0,10.064576,13.272792,12.879552,244.0
2025-11-20 20:00:00,solar.bun_hsc#realenergyintotheload#kwh,BUNDOORA,0.0,2.085475,2.235512,2.1692793,48.0
2025-11-20 21:00:00,solar.bun_hsc#realenergyintotheload#kwh,BUNDOORA,0.0,0.3531034,-0.0023385882,0.0,0.0
2025-11-20 22:00:00,solar.bun_hsc#realenergyintotheload#kwh,BUNDOORA,0.0,-0.026058806,0.0056800516,0.005511766,0.0
2025-11-20 23:00:00,solar.bun_hsc#realenergyintotheload#kwh,BUNDOORA,0.0,0.016486429,0.009037648,0.008769886,0.0
2025-11-21 00:00:00,solar.bun_hsc#realenergyintotheload#kwh,BUNDOORA,0.0,0.00506779,0.0014103178,0.0013685337,0.0
2025-11-21 01:00:00,solar.bun_hsc#realenergyintotheload#kwh,BUNDOORA,0.0,-0.005703078,0.0014816022,0.001437706,0.0
2025-11-21 02:00:00,solar.bun_hsc#realenergyintotheload#kwh,BUNDOORA,0.0,-0.015025703,0.0018432514,0.0017886405,0.0
2025-11-21 03:00:00,solar.bun_hsc#realenergyintotheload#kwh,BUNDOORA,0.0,-0.012430407,0.0014816022,0.001437706,0.0
2025-11-21 04:00:00,solar.bun_hsc#realenergyintotheload#kwh,BUNDOORA,0.0,-0.014539968,0.0013735208,0.0013328268,0.0
2025-11-21 05:00:00,solar.bun_hsc#realenergyintotheload#kwh,BUNDOORA,0.0,-0.009517537,0.0013735208,0.0013328268,0.0
2025-11-21 06:00:00,solar.bun_hsc#realenergyintotheload#kwh,BUNDOORA,0.0,0.046203773,0.0013735208,0.0013328268,0.0
2025-11-21 07:00:00,solar.bun_hsc#realenergyintotheload#kwh,BUNDOORA,0.0,0.6474675,4.919978,4.7742114,106.0
2025-11-21 08:00:00,solar.bun_hsc#realenergyintotheload#kwh,BUNDOORA,0.0,4.3125362,17.498058,16.979635,317.0
2025-11-21 09:00:00,solar.bun_hsc#realenergyintotheload#kwh,BUNDOORA,0.0,15.106658,30.13726,29.24437,538.0
2025-11-21 10:00:00,solar.bun_hsc#realenergyintotheload#kwh,BUNDOORA,0.0,31.6098,35.978783,34.912823,733.0
2025-11-21 11:00:00,solar.bun_hsc#realenergyintotheload#kwh,BUNDOORA,0.0,41.270573,43.706047,42.411144,904.0
2025-11-21 12:00:00,solar.bun_hsc#realenergyintotheload#kwh,BUNDOORA,0.0,44.230206,47.714554,46.30089,998.0
2025-11-21 13:00:00,solar.bun_hsc#realenergyintotheload#kwh,BUNDOORA,0.0,46.494312,48.436813,47.00175,1066.0
2025-11-21 14:00:00,solar.bun_hsc#realenergyintotheload#kwh,BUNDOORA,0.0,47.4676,48.457138,47.021473,1053.0
2025-11-21 15:00:00,solar.bun_hsc#realenergyintotheload#kwh,BUNDOORA,0.0,43.88583,48.188374,46.760674,976.0
2025-11-21 16:00:00,solar.bun_hsc#realenergyintotheload#kwh,BUNDOORA,0.0,38.32345,45.01769,43.683926,842.0
2025-11-21 17:00:00,solar.bun_hsc#realenergyintotheload#kwh,BUNDOORA,0.0,31.063633,37.440346,36.33108,662.0
2025-11-21 18:00:00,solar.bun_hsc#realenergyintotheload#kwh,BUNDOORA,0.0,21.87671,25.79146,25.027323,435.0
2025-11-21 19:00:00,solar.bun_hsc#realenergyintotheload#kwh,BUNDOORA,0.0,7.4104495,11.581043,11.237926,204.0
2025-11-21 20:00:00,solar.bun_hsc#realenergyintotheload#kwh,BUNDOORA,0.0,1.937681,1.338254,1.2986048,31.0
2025-11-21 21:00:00,solar.bun_hsc#realenergyintotheload#kwh,BUNDOORA,0.0,0.890712,0.0024739727,0.002400675,0.0
2025-11-21 22:00:00,solar.bun_hsc#realenergyintotheload#kwh,BUNDOORA,0.0,-0.007874871,0.0039475523,0.003830596,0.0
2025-11-21 23:00:00,solar.bun_hsc#realenergyintotheload#kwh,BUNDOORA,0.0,0.02338553,0.0039475523,0.003830596,0.0
2025-11-22 00:00:00,solar.bun_hsc#realenergyintotheload#kwh,BUNDOORA,0.0,0.0009662248,0.0026169256,0.0025393926,0.0
2025-11-22 01:00:00,solar.bun_hsc#realenergyintotheload#kwh,BUNDOORA,0.0,0.019909196,0.0026013842,0.0025243117,0.0
2025-11-22 02:00:00,solar.bun_hsc#realenergyintotheload#kwh,BUNDOORA,0.0,0.0020553472,0.002672669,0.0025934845,0.0
2025-11-22 03:00:00,solar.bun_hsc#realenergyintotheload#kwh,BUNDOORA,0.0,-0.0025541391,0.002875566,0.0027903703,0.0
2025-11-22 04:00:00,solar.bun_hsc#realenergyintotheload#kwh,BUNDOORA,0.0,-0.0035639664,0.0025801277,0.002503685,0.0
2025-11-22 05:00:00,solar.bun_hsc#realenergyintotheload#kwh,BUNDOORA,0.0,0.00066017156,0.0015815899,0.0015347314,0.0
2025-11-22 06:00:00,solar.bun_hsc#realenergyintotheload#kwh,BUNDOORA,0.0,0.19376358,0.002875566,0.0027903703,0.0
2025-11-22 07:00:00,solar.bun_hsc#realenergyintotheload#kwh,BUNDOORA,0.0,0.45706904,1.8002808,1.746943,40.0
2025-11-22 08:00:00,solar.bun_hsc#realenergyintotheload#kwh,BUNDOORA,0.0,5.782732,6.45719,6.2658796,130.0
2025-11-22 09:00:00,solar.bun_hsc#realenergyintotheload#kwh,BUNDOORA,0.0,11.391459,8.878571,8.6155205,173.0
2025-11-22 10:00:00,solar.bun_hsc#realenergyintotheload#kwh,BUNDOORA,0.0,23.262163,24.853004,24.116673,470.0
2025-11-22 11:00:00,solar.bun_hsc#realenergyintotheload#kwh,BUNDOORA,0.0,23.582209,24.628677,23.89899,477.0
2025-11-22 12:00:00,solar.bun_hsc#realenergyintotheload#kwh,BUNDOORA,0.0,32.544716,37.182224,36.08061,719.0
2025-11-22 13:00:00,solar.bun_hsc#realenergyintotheload#kwh,BUNDOORA,0.0,34.917362,37.940517,36.816433,746.0
2025-11-22 14:00:00,solar.bun_hsc#realenergyintotheload#kwh,BUNDOORA,0.0,32.56696,35.29689,34.251133,687.0
2025-11-22 15:00:00,solar.bun_hsc#realenergyintotheload#kwh,BUNDOORA,0.0,33.29778,38.551792,37.4096,763.0
2025-11-22 16:00:00,solar.bun_hsc#realenergyintotheload#kwh,BUNDOORA,0.0,25.392252,29.403397,28.532248,564.0
2025-11-22 17:00:00,solar.bun_hsc#realenergyintotheload#kwh,BUNDOORA,0.0,11.855437,8.317062,8.070648,165.0
2025-11-22 18:00:00,solar.bun_hsc#realenergyintotheload#kwh,BUNDOORA,0.0,8.031653,6.3191223,6.1319027,131.0
2025-11-22 19:00:00,solar.bun_hsc#realenergyintotheload#kwh,BUNDOORA,0.0,5.2858334,3.244281,3.1481612,70.0
2025-11-22 20:00:00,solar.bun_hsc#realenergyintotheload#kwh,BUNDOORA,0.0,2.3924198,0.09591301,0.09307134,5.0
2025-11-22 21:00:00,solar.bun_hsc#realenergyintotheload#kwh,BUNDOORA,0.0,0.556804,-0.00036397058,0.0,0.0
2025-11-22 22:00:00,solar.bun_hsc#realenergyintotheload#kwh,BUNDOORA,0.0,0.021224815,-0.0004720524,0.0,0.0
2025-11-22 23:00:00,solar.bun_hsc#realenergyintotheload#kwh,BUNDOORA,0.0,0.10347292,-0.0004720524,0.0,0.0
2025-11-23 00:00:00,solar.bun_hsc#realenergyintotheload#kwh,BUNDOORA,0.0,0.12770061,-0.00055951567,0.0,0.0
2025-11-23 01:00:00,solar.bun_hsc#realenergyintotheload#kwh,BUNDOORA,0.0,0.010432193,-0.00055951567,0.0,0.0
2025-11-23 02:00:00,solar.bun_hsc#realenergyintotheload#kwh,BUNDOORA,0.0,0.0031757676,-0.0021282407,0.0,0.0
2025-11-23 03:00:00,solar.bun_hsc#realenergyintotheload#kwh,BUNDOORA,0.0,0.009379659,0.0014859303,0.0014419059,0.0
2025-11-23 04:00:00,solar.bun_hsc#realenergyintotheload#kwh,BUNDOORA,0.0,0.010592684,0.0017813687,0.0017285913,0.0
2025-11-23 05:00:00,solar.bun_hsc#realenergyintotheload#kwh,BUNDOORA,0.0,0.017100554,0.0014859303,0.0014419059,0.0
2025-11-23 06:00:00,solar.bun_hsc#realenergyintotheload#kwh,BUNDOORA,0.0,0.3446646,0.0014859303,0.0014419059,0.0
2025-11-23 07:00:00,solar.bun_hsc#realenergyintotheload#kwh,BUNDOORA,0.0,0.35294858,1.8889548,1.8329897,41.0
2025-11-23 08:00:00,solar.bun_hsc#realenergyintotheload#kwh,BUNDOORA,0.0,2.067076,4.2955093,4.1682444,90.0
2025-11-23 09:00:00,solar.bun_hsc#realenergyintotheload#kwh,BUNDOORA,0.0,4.2044454,4.543032,4.4084334,92.0
2025-11-23 10:00:00,solar.bun_hsc#realenergyintotheload#kwh,BUNDOORA,0.0,3.4193604,6.301976,6.1152644,129.0
2025-11-23 11:00:00,solar.bun_hsc#realenergyintotheload#kwh,BUNDOORA,0.0,3.9042523,5.960941,5.784333,117.0
2025-11-23 12:00:00,solar.bun_hsc#realenergyintotheload#kwh,BUNDOORA,0.0,5.163929,6.2097006,6.0257225,125.0
2025-11-23 13:00:00,solar.bun_hsc#realenergyintotheload#kwh,BUNDOORA,0.0,6.85589,5.8939905,5.719366,122.0
2025-11-23 14:00:00,solar.bun_hsc#realenergyintotheload#kwh,BUNDOORA,0.0,10.319038,5.95918,5.7826242,123.0
2025-11-23 15:00:00,solar.bun_hsc#realenergyintotheload#kwh,BUNDOORA,0.0,10.3771305,8.335114,8.088165,167.0
2025-11-23 16:00:00,solar.bun_hsc#realenergyintotheload#kwh,BUNDOORA,0.0,14.060637,10.169174,9.867887,201.0
2025-11-23 17:00:00,solar.bun_hsc#realenergyintotheload#kwh,BUNDOORA,0.0,12.521172,9.622573,9.337481,190.0
2025-11-23 18:00:00,solar.bun_hsc#realenergyintotheload#kwh,BUNDOORA,0.0,9.941758,7.536255,7.3129745,151.0
2025-11-23 19:00:00,solar.bun_hsc#realenergyintotheload#kwh,BUNDOORA,0.0,6.7038884,4.1380196,4.0154204,102.0
2025-11-23 20:00:00,solar.bun_hsc#realenergyintotheload#kwh,BUNDOORA,0.0,1.5246991,1.3036443,1.2650206,33.0
2025-11-23 21:00:00,solar.bun_hsc#realenergyintotheload#kwh,BUNDOORA,0.0,0.73149306,-0.0021318507,0.0,0.0
2025-11-23 22:00:00,solar.bun_hsc#realenergyintotheload#kwh,BUNDOORA,0.0,0.034736495,-0.0018364124,0.0,0.0
2025-11-23 23:00:00,solar.bun_hsc#realenergyintotheload#kwh,BUNDOORA,0.0,0.10980915,-0.0018364124,0.0,0.0
2025-11-24 00:00:00,solar.bun_hsc#realenergyintotheload#kwh,BUNDOORA,0.0,0.030379234,-0.0018364124,0.0,0.0
2025-11-24 01:00:00,solar.bun_hsc#realenergyintotheload#kwh,BUNDOORA,0.0,0.007931022,-0.0018364124,0.0,0.0
2025-11-24 02:00:00,solar.bun_hsc#realenergyintotheload#kwh,BUNDOORA,0.0,0.008725807,-0.00017661363,0.0,0.0
2025-11-24 03:00:00,solar.bun_hsc#realenergyintotheload#kwh,BUNDOORA,0.0,0.0039542434,0.00010322497,0.000100166675,0.0
2025-11-24 04:00:00,solar.bun_hsc#realenergyintotheload#kwh,BUNDOORA,,0.012455257,-0.0037413284,0.0,0.0
2025-11-24 05:00:00,solar.bun_hsc#realenergyintotheload#kwh,BUNDOORA,,0.009461986,-0.0031917498,0.0,0.0
2025-11-24 06:00:00,solar.bun_hsc#realenergyintotheload#kwh,BUNDOORA,,0.50932634,-0.0037413284,0.0,0.0
2025-11-24 07:00:00,solar.bun_hsc#realenergyintotheload#kwh,BUNDOORA,,2.504226,3.968059,3.8504953,97.0
2025-11-24 08:00:00,solar.bun_hsc#realenergyintotheload#kwh,BUNDOORA,,5.259447,13.494212,13.094413,276.0
2025-11-24 09:00:00,solar.bun_hsc#realenergyintotheload#kwh,BUNDOORA,,13.183305,27.544687,26.728607,509.0
2025-11-24 10:00:00,solar.bun_hsc#realenergyintotheload#kwh,BUNDOORA,,26.646141,33.8556,32.852543,702.0
2025-11-24 11:00:00,solar.bun_hsc#realenergyintotheload#kwh,BUNDOORA,,35.639362,42.827198,41.558334,862.0
