timestamp,meter,campus,Meter_reading,Real_model_prediction,Simulated_model,Simulated_degraded,global_horizontal_irradiance
2025-01-01 01:00:00,solar.bun_library#realenergyintotheload#kwh,BUNDOORA,0.0,0.59289855,0.024202026,0.02348498,0.0
2025-01-01 02:00:00,solar.bun_library#realenergyintotheload#kwh,BUNDOORA,0.0,0.110399395,0.020869914,0.02025159,0.0
2025-01-01 03:00:00,solar.bun_library#realenergyintotheload#kwh,BUNDOORA,0.0,0.031152958,0.020869914,0.02025159,0.0
2025-01-01 04:00:00,solar.bun_library#realenergyintotheload#kwh,BUNDOORA,0.0,0.67642856,-0.0029132236,0.0,0.0
2025-01-01 05:00:00,solar.bun_library#realenergyintotheload#kwh,BUNDOORA,0.0,1.481471,0.0030352967,0.0029453684,0.0
2025-01-01 06:00:00,solar.bun_library#realenergyintotheload#kwh,BUNDOORA,0.0,2.363527,0.013125903,0.012737015,0.0
2025-01-01 07:00:00,solar.bun_library#realenergyintotheload#kwh,BUNDOORA,3.25,21.74767,14.086147,13.66881,48.0
2025-01-01 08:00:00,solar.bun_library#realenergyintotheload#kwh,BUNDOORA,20.25,40.6557,45.891735,44.532078,140.0
2025-01-01 09:00:00,solar.bun_library#realenergyintotheload#kwh,BUNDOORA,54.625,50.512753,83.62917,81.15145,247.0
2025-01-01 10:00:00,solar.bun_library#realenergyintotheload#kwh,BUNDOORA,81.5,142.6169,126.90169,123.14191,355.0
2025-01-01 11:00:00,solar.bun_library#realenergyintotheload#kwh,BUNDOORA,149.25,193.5625,215.86526,209.46971,624.0
2025-01-01 12:00:00,solar.bun_library#realenergyintotheload#kwh,BUNDOORA,223.375,250.73836,317.48062,308.07446,960.0
2025-01-01 13:00:00,solar.bun_library#realenergyintotheload#kwh,BUNDOORA,298.25,262.3396,323.14606,313.57205,1072.0
2025-01-01 14:00:00,solar.bun_library#realenergyintotheload#kwh,BUNDOORA,301.0,253.79825,322.35785,312.8072,1077.0
2025-01-01 15:00:00,solar.bun_library#realenergyintotheload#kwh,BUNDOORA,299.0,256.60706,321.94617,312.4077,1019.0
2025-01-01 16:00:00,solar.bun_library#realenergyintotheload#kwh,BUNDOORA,276.75,256.82193,306.50583,297.42484,901.0
2025-01-01 17:00:00,solar.bun_library#realenergyintotheload#kwh,BUNDOORA,229.625,239.28014,250.45888,243.0384,736.0
2025-01-01 18:00:00,solar.bun_library#realenergyintotheload#kwh,BUNDOORA,140.5,221.13623,182.36844,176.96532,514.0
2025-01-01 19:00:00,solar.bun_library#realenergyintotheload#kwh,BUNDOORA,46.75,158.5598,38.051983,36.9246,119.0
2025-01-01 20:00:00,solar.bun_library#realenergyintotheload#kwh,BUNDOORA,21.125,90.17669,23.452557,22.757715,81.0
2025-01-01 21:00:00,solar.bun_library#realenergyintotheload#kwh,BUNDOORA,3.5,74.97214,0.010058886,0.009760867,1.0
2025-01-01 22:00:00,solar.bun_library#realenergyintotheload#kwh,BUNDOORA,0.0,20.517635,0.013387318,0.012990685,0.0
2025-01-01 23:00:00,solar.bun_library#realenergyintotheload#kwh,BUNDOORA,0.0,3.6806443,0.02203964,0.02138666,0.0
2025-01-02 00:00:00,solar.bun_library#realenergyintotheload#kwh,BUNDOORA,0.0,0.09651695,0.014849498,0.014409544,0.0
2025-01-02 01:00:00,solar.bun_library#realenergyintotheload#kwh,BUNDOORA,0.0,1.5023551,0.01866414,0.018111167,0.0
2025-01-02 02:00:00,solar.bun_library#realenergyintotheload#kwh,BUNDOORA,0.0,1.7874615,0.025666103,0.02490568,0.0
2025-01-02 03:00:00,solar.bun_library#realenergyintotheload#kwh,BUNDOORA,0.0,1.0635935,0.037374623,0.036267307,0.0
2025-01-02 04:00:00,solar.bun_library#realenergyintotheload#kwh,BUNDOORA,0.0,-0.38498932,0.09284893,0.090098046,0.0
2025-01-02 05:00:00,solar.bun_library#realenergyintotheload#kwh,BUNDOORA,0.0,22.73227,0.045883827,0.044524405,0.0
2025-01-02 06:00:00,solar.bun_library#realenergyintotheload#kwh,BUNDOORA,0.0,87.82294,0.07263962,0.07048749,0.0
2025-01-02 07:00:00,solar.bun_library#realenergyintotheload#kwh,BUNDOORA,9.625,45.69507,25.677937,24.917164,76.0
2025-01-02 08:00:00,solar.bun_library#realenergyintotheload#kwh,BUNDOORA,41.125,172.0464,99.155495,96.217766,278.0
2025-01-02 09:00:00,solar.bun_library#realenergyintotheload#kwh,BUNDOORA,116.125,119.34429,171.63228,166.54724,483.0
2025-01-02 10:00:00,solar.bun_library#realenergyintotheload#kwh,BUNDOORA,163.875,173.65588,223.93156,217.29703,625.0
2025-01-02 11:00:00,solar.bun_library#realenergyintotheload#kwh,BUNDOORA,238.0,235.68916,284.63315,276.20016,879.0
2025-01-02 12:00:00,solar.bun_library#realenergyintotheload#kwh,BUNDOORA,291.375,223.20934,320.98987,311.47974,1005.0
2025-01-02 13:00:00,solar.bun_library#realenergyintotheload#kwh,BUNDOORA,297.625,207.01257,323.11865,313.54544,1074.0
2025-01-02 14:00:00,solar.bun_library#realenergyintotheload#kwh,BUNDOORA,301.875,211.32268,323.6169,314.02896,1082.0
2025-01-02 15:00:00,solar.bun_library#realenergyintotheload#kwh,BUNDOORA,300.625,223.9835,323.56906,313.9825,1028.0
2025-01-02 16:00:00,solar.bun_library#realenergyintotheload#kwh,BUNDOORA,282.875,193.45781,314.77158,305.44568,917.0
2025-01-02 17:00:00,solar.bun_library#realenergyintotheload#kwh,BUNDOORA,234.375,201.5436,257.3503,249.72566,755.0
2025-01-02 18:00:00,solar.bun_library#realenergyintotheload#kwh,BUNDOORA,165.75,163.3207,201.35342,195.38783,558.0
2025-01-02 19:00:00,solar.bun_library#realenergyintotheload#kwh,BUNDOORA,90.0,103.43801,109.84265,106.58829,342.0
2025-01-02 20:00:00,solar.bun_library#realenergyintotheload#kwh,BUNDOORA,25.75,134.01663,36.25585,35.181683,135.0
2025-01-02 21:00:00,solar.bun_library#realenergyintotheload#kwh,BUNDOORA,2.625,100.495636,0.2560068,0.24842197,2.0
2025-01-02 22:00:00,solar.bun_library#realenergyintotheload#kwh,BUNDOORA,0.0,20.033966,-0.02687632,0.0,0.0
2025-01-02 23:00:00,solar.bun_library#realenergyintotheload#kwh,BUNDOORA,0.0,1.3257133,0.045883827,0.044524405,0.0
2025-01-03 00:00:00,solar.bun_library#realenergyintotheload#kwh,BUNDOORA,0.0,-1.2152258,0.038881473,0.037729513,0.0
2025-01-03 01:00:00,solar.bun_library#realenergyintotheload#kwh,BUNDOORA,0.0,-0.935412,0.07263962,0.07048749,0.0
2025-01-03 02:00:00,solar.bun_library#realenergyintotheload#kwh,BUNDOORA,0.0,1.3977361,0.044993784,0.04366073,0.0
2025-01-03 03:00:00,solar.bun_library#realenergyintotheload#kwh,BUNDOORA,0.0,-0.69614905,0.016248982,0.015767565,0.0
2025-01-03 04:00:00,solar.bun_library#realenergyintotheload#kwh,BUNDOORA,0.0,0.9623949,0.0012403288,0.0012035809,0.0
2025-01-03 05:00:00,solar.bun_library#realenergyintotheload#kwh,BUNDOORA,0.0,9.152427,0.0120004015,0.01164486,0.0
2025-01-03 06:00:00,solar.bun_library#realenergyintotheload#kwh,BUNDOORA,0.0,25.530798,0.0120004015,0.01164486,0.0
2025-01-03 07:00:00,solar.bun_library#realenergyintotheload#kwh,BUNDOORA,4.625,4.9907722,29.530756,28.655834,85.0
2025-01-03 08:00:00,solar.bun_library#realenergyintotheload#kwh,BUNDOORA,38.5,99.64028,110.23608,106.970055,280.0
2025-01-03 09:00:00,solar.bun_library#realenergyintotheload#kwh,BUNDOORA,112.125,150.04688,181.0349,175.67128,493.0
2025-01-03 10:00:00,solar.bun_library#realenergyintotheload#kwh,BUNDOORA,186.75,263.2655,243.09398,235.89171,695.0
2025-01-03 11:00:00,solar.bun_library#realenergyintotheload#kwh,BUNDOORA,241.125,202.64494,287.4325,278.9166,868.0
2025-01-03 12:00:00,solar.bun_library#realenergyintotheload#kwh,BUNDOORA,276.25,190.16962,321.62064,312.09183,990.0
2025-01-03 13:00:00,solar.bun_library#realenergyintotheload#kwh,BUNDOORA,293.875,281.03305,322.9145,313.34735,1058.0
2025-01-03 14:00:00,solar.bun_library#realenergyintotheload#kwh,BUNDOORA,297.5,281.18936,322.55618,312.99963,1065.0
2025-01-03 15:00:00,solar.bun_library#realenergyintotheload#kwh,BUNDOORA,288.375,277.19284,321.07126,311.55872,1011.0
2025-01-03 16:00:00,solar.bun_library#realenergyintotheload#kwh,BUNDOORA,262.375,286.73456,301.81082,292.86893,899.0
2025-01-03 17:00:00,solar.bun_library#realenergyintotheload#kwh,BUNDOORA,219.375,298.94714,247.62166,240.28525,738.0
2025-01-03 18:00:00,solar.bun_library#realenergyintotheload#kwh,BUNDOORA,155.0,272.42474,177.91136,172.64029,544.0
2025-01-03 19:00:00,solar.bun_library#realenergyintotheload#kwh,BUNDOORA,85.25,215.84923,107.43803,104.254906,333.0
2025-01-03 20:00:00,solar.bun_library#realenergyintotheload#kwh,BUNDOORA,24.25,169.7407,35.47698,34.425884,131.0
2025-01-03 21:00:00,solar.bun_library#realenergyintotheload#kwh,BUNDOORA,2.125,91.66651,0.1115148,0.10821089,2.0
2025-01-03 22:00:00,solar.bun_library#realenergyintotheload#kwh,BUNDOORA,0.0,25.638409,0.17457122,0.16939911,0.0
2025-01-03 23:00:00,solar.bun_library#realenergyintotheload#kwh,BUNDOORA,0.0,4.5441003,0.050817702,0.0493121,0.0
2025-01-04 00:00:00,solar.bun_library#realenergyintotheload#kwh,BUNDOORA,0.0,2.3059046,0.067924015,0.0659116,0.0
2025-01-04 01:00:00,solar.bun_library#realenergyintotheload#kwh,BUNDOORA,0.0,1.1713896,0.05360213,0.05201403,0.0
2025-01-04 02:00:00,solar.bun_library#realenergyintotheload#kwh,BUNDOORA,0.0,0.54785216,0.06615881,0.06419869,0.0
2025-01-04 03:00:00,solar.bun_library#realenergyintotheload#kwh,BUNDOORA,0.0,0.13157907,0.12012627,0.11656723,0.0
2025-01-04 04:00:00,solar.bun_library#realenergyintotheload#kwh,BUNDOORA,0.0,11.818617,0.21089283,0.2046446,0.0
2025-01-04 05:00:00,solar.bun_library#realenergyintotheload#kwh,BUNDOORA,0.0,34.447975,0.17449321,0.16932341,0.0
2025-01-04 06:00:00,solar.bun_library#realenergyintotheload#kwh,BUNDOORA,0.0,68.02291,-0.0060575,0.0,0.0
2025-01-04 07:00:00,solar.bun_library#realenergyintotheload#kwh,BUNDOORA,4.125,138.14185,29.720123,28.83959,86.0
2025-01-04 08:00:00,solar.bun_library#realenergyintotheload#kwh,BUNDOORA,38.625,184.35498,95.80739,92.96886,285.0
2025-01-04 09:00:00,solar.bun_library#realenergyintotheload#kwh,BUNDOORA,110.125,247.75157,164.03656,159.17656,501.0
2025-01-04 10:00:00,solar.bun_library#realenergyintotheload#kwh,BUNDOORA,183.375,269.28885,235.20227,228.23381,705.0
2025-01-04 11:00:00,solar.bun_library#realenergyintotheload#kwh,BUNDOORA,237.5,265.22723,282.21506,273.85373,878.0
2025-01-04 12:00:00,solar.bun_library#realenergyintotheload#kwh,BUNDOORA,272.875,266.73346,317.7754,308.3605,1001.0
2025-01-04 13:00:00,solar.bun_library#realenergyintotheload#kwh,BUNDOORA,287.75,268.91068,319.9396,310.4606,1067.0
2025-01-04 14:00:00,solar.bun_library#realenergyintotheload#kwh,BUNDOORA,221.875,277.253,247.96324,240.61671,748.0
2025-01-04 15:00:00,solar.bun_library#realenergyintotheload#kwh,BUNDOORA,155.0,158.37534,147.11285,142.75427,446.0
2025-01-04 16:00:00,solar.bun_library#realenergyintotheload#kwh,BUNDOORA,232.75,254.89952,300.37897,291.4795,893.0
2025-01-04 17:00:00,solar.bun_library#realenergyintotheload#kwh,BUNDOORA,173.625,264.4748,219.02504,212.53587,659.0
2025-01-04 18:00:00,solar.bun_library#realenergyintotheload#kwh,BUNDOORA,113.0,212.52579,150.03334,145.58823,448.0
2025-01-04 19:00:00,solar.bun_library#realenergyintotheload#kwh,BUNDOORA,68.125,164.54816,54.28989,52.681416,165.0
2025-01-04 20:00:00,solar.bun_library#realenergyintotheload#kwh,BUNDOORA,21.875,115.104614,18.827684,18.269867,56.0
2025-01-04 21:00:00,solar.bun_library#realenergyintotheload#kwh,BUNDOORA,6.625,66.92136,-0.10840026,0.0,0.0
2025-01-04 22:00:00,solar.bun_library#realenergyintotheload#kwh,BUNDOORA,0.0,25.562262,-0.6523972,0.0,0.0
2025-01-04 23:00:00,solar.bun_library#realenergyintotheload#kwh,BUNDOORA,0.0,2.4763143,0.14534499,0.14103878,0.0
2025-01-05 00:00:00,solar.bun_library#realenergyintotheload#kwh,BUNDOORA,0.0,1.75841,0.14270784,0.13847977,0.0
2025-01-05 01:00:00,solar.bun_library#realenergyintotheload#kwh,BUNDOORA,0.0,1.7999237,-0.043436665,0.0,0.0
2025-01-05 02:00:00,solar.bun_library#realenergyintotheload#kwh,BUNDOORA,0.0,-0.16335991,0.024890661,0.024153214,0.0
2025-01-05 03:00:00,solar.bun_library#realenergyintotheload#kwh,BUNDOORA,0.0,-1.5428194,0.058318973,0.056591127,0.0
2025-01-05 04:00:00,solar.bun_library#realenergyintotheload#kwh,BUNDOORA,0.0,-1.5964787,0.010814265,0.010493865,0.0
2025-01-05 05:00:00,solar.bun_library#realenergyintotheload#kwh,BUNDOORA,0.0,23.785152,-0.27075285,0.0,0.0
2025-01-05 06:00:00,solar.bun_library#realenergyintotheload#kwh,BUNDOORA,0.0,53.001842,-0.13108388,0.0,0.0
2025-01-05 07:00:00,solar.bun_library#realenergyintotheload#kwh,BUNDOORA,0.0,85.16927,10.345351,10.038844,32.0
2025-01-05 08:00:00,solar.bun_library#realenergyintotheload#kwh,BUNDOORA,0.0,153.85504,44.650146,43.327274,127.0
2025-01-05 09:00:00,solar.bun_library#realenergyintotheload#kwh,BUNDOORA,0.0,212.0663,101.08496,98.090065,297.0
2025-01-05 10:00:00,solar.bun_library#realenergyintotheload#kwh,BUNDOORA,0.0,169.38646,85.66584,83.12778,262.0
2025-01-05 11:00:00,solar.bun_library#realenergyintotheload#kwh,BUNDOORA,0.0,283.7032,255.15971,247.59998,749.0
2025-01-05 12:00:00,solar.bun_library#realenergyintotheload#kwh,BUNDOORA,0.0,264.6507,302.77643,293.8059,906.0
2025-01-05 13:00:00,solar.bun_library#realenergyintotheload#kwh,BUNDOORA,0.0,272.55307,307.72226,298.60522,948.0
2025-01-05 14:00:00,solar.bun_library#realenergyintotheload#kwh,BUNDOORA,0.0,205.70515,184.31784,178.85696,557.0
2025-01-05 15:00:00,solar.bun_library#realenergyintotheload#kwh,BUNDOORA,0.0,168.5587,146.11671,141.78764,441.0
2025-01-05 16:00:00,solar.bun_library#realenergyintotheload#kwh,BUNDOORA,0.0,168.69518,127.03935,123.2755,381.0
2025-01-05 17:00:00,solar.bun_library#realenergyintotheload#kwh,BUNDOORA,0.0,176.49066,39.341667,38.17607,119.0
2025-01-05 18:00:00,solar.bun_library#realenergyintotheload#kwh,BUNDOORA,0.0,125.57871,16.13025,15.652352,46.0
2025-01-05 19:00:00,solar.bun_library#realenergyintotheload#kwh,BUNDOORA,0.0,122.34734,16.180794,15.701397,52.0
2025-01-05 20:00:00,solar.bun_library#realenergyintotheload#kwh,BUNDOORA,0.0,108.34051,6.69144,6.4931893,24.0
2025-01-05 21:00:00,solar.bun_library#realenergyintotheload#kwh,BUNDOORA,0.0,66.606026,0.25745815,0.2498303,0.0
2025-01-05 22:00:00,solar.bun_library#realenergyintotheload#kwh,BUNDOORA,0.0,53.415863,0.14347929,0.13922836,0.0
2025-01-05 23:00:00,solar.bun_library#realenergyintotheload#kwh,BUNDOORA,0.0,8.17173,-0.28063115,0.0,0.0
2025-01-06 00:00:00,solar.bun_library#realenergyintotheload#kwh,BUNDOORA,0.0,13.1244,-0.014717449,0.0,0.0
2025-01-06 01:00:00,solar.bun_library#realenergyintotheload#kwh,BUNDOORA,0.0,9.521452,-0.07215353,0.0,0.0
2025-01-06 02:00:00,solar.bun_library#realenergyintotheload#kwh,BUNDOORA,0.0,9.223287,-0.19402057,0.0,0.0
2025-01-06 03:00:00,solar.bun_library#realenergyintotheload#kwh,BUNDOORA,0.0,2.5893981,0.47686815,0.46273974,0.0
2025-01-06 04:00:00,solar.bun_library#realenergyintotheload#kwh,BUNDOORA,0.0,1.7474064,-0.009213609,0.0,0.0
2025-01-06 05:00:00,solar.bun_library#realenergyintotheload#kwh,BUNDOORA,0.0,19.183523,-0.01932969,0.0,0.0
2025-01-06 06:00:00,solar.bun_library#realenergyintotheload#kwh,BUNDOORA,0.0,29.35947,0.02337452,0.022681993,0.0
2025-01-06 07:00:00,solar.bun_library#realenergyintotheload#kwh,BUNDOORA,0.0,31.401995,6.3607273,6.172275,23.0
2025-01-06 08:00:00,solar.bun_library#realenergyintotheload#kwh,BUNDOORA,0.0,21.447432,20.00768,19.414904,63.0
2025-01-06 09:00:00,solar.bun_library#realenergyintotheload#kwh,BUNDOORA,5.125,15.431731,20.776571,20.161013,68.0
2025-01-06 10:00:00,solar.bun_library#realenergyintotheload#kwh,BUNDOORA,5.375,34.508884,12.598055,12.224806,39.0
2025-01-06 11:00:00,solar.bun_library#realenergyintotheload#kwh,BUNDOORA,14.0,22.925909,28.388826,27.547737,84.0
2025-01-06 12:00:00,solar.bun_library#realenergyintotheload#kwh,BUNDOORA,30.875,21.98781,55.8439,54.189384,163.0
2025-01-06 13:00:00,solar.bun_library#realenergyintotheload#kwh,BUNDOORA,48.375,29.208483,55.643375,53.9948,159.0
2025-01-06 14:00:00,solar.bun_library#realenergyintotheload#kwh,BUNDOORA,65.75,51.221153,79.56334,77.20608,252.0
2025-01-06 15:00:00,solar.bun_library#realenergyintotheload#kwh,BUNDOORA,55.875,25.333927,64.71408,62.796764,196.0
2025-01-06 16:00:00,solar.bun_library#realenergyintotheload#kwh,BUNDOORA,53.625,24.544615,50.837536,49.33135,149.0
2025-01-06 17:00:00,solar.bun_library#realenergyintotheload#kwh,BUNDOORA,48.625,73.69582,31.313183,30.385452,97.0
2025-01-06 18:00:00,solar.bun_library#realenergyintotheload#kwh,BUNDOORA,66.25,63.76231,59.852127,58.078857,181.0
2025-01-06 19:00:00,solar.bun_library#realenergyintotheload#kwh,BUNDOORA,44.75,38.348003,65.60026,63.656685,191.0
2025-01-06 20:00:00,solar.bun_library#realenergyintotheload#kwh,BUNDOORA,24.5,39.495007,17.396797,16.881374,59.0
2025-01-06 21:00:00,solar.bun_library#realenergyintotheload#kwh,BUNDOORA,3.0,76.08626,0.1720039,0.16690785,2.0
2025-01-06 22:00:00,solar.bun_library#realenergyintotheload#kwh,BUNDOORA,0.0,34.20912,0.14538968,0.14108214,0.0
2025-01-06 23:00:00,solar.bun_library#realenergyintotheload#kwh,BUNDOORA,0.0,2.2329211,0.09284893,0.090098046,0.0
2025-01-07 00:00:00,solar.bun_library#realenergyintotheload#kwh,BUNDOORA,0.0,0.28921503,0.07263962,0.07048749,0.0
2025-01-07 01:00:00,solar.bun_library#realenergyintotheload#kwh,BUNDOORA,0.0,1.0549105,0.029621031,0.028743435,0.0
2025-01-07 02:00:00,solar.bun_library#realenergyintotheload#kwh,BUNDOORA,0.0,0.8361902,0.02417073,0.023454612,0.0
2025-01-07 03:00:00,solar.bun_library#realenergyintotheload#kwh,BUNDOORA,0.0,-0.45007986,0.024202026,0.02348498,0.0
2025-01-07 04:00:00,solar.bun_library#realenergyintotheload#kwh,BUNDOORA,0.0,1.4799184,0.024202026,0.02348498,0.0
2025-01-07 05:00:00,solar.bun_library#realenergyintotheload#kwh,BUNDOORA,0.0,10.2699375,0.014792585,0.014354317,0.0
2025-01-07 06:00:00,solar.bun_library#realenergyintotheload#kwh,BUNDOORA,0.0,19.098343,-0.00015105726,0.0,0.0
2025-01-07 07:00:00,solar.bun_library#realenergyintotheload#kwh,BUNDOORA,5.75,13.8417425,18.55229,18.002632,63.0
2025-01-07 08:00:00,solar.bun_library#realenergyintotheload#kwh,BUNDOORA,36.125,1.9475839,94.35063,91.55526,271.0
2025-01-07 09:00:00,solar.bun_library#realenergyintotheload#kwh,BUNDOORA,3.445945946034044,137.67848,176.66708,171.43288,495.0
2025-01-07 10:00:00,solar.bun_library#realenergyintotheload#kwh,BUNDOORA,3.4459459458012134,161.16888,242.14009,234.96608,703.0
2025-01-07 11:00:00,solar.bun_library#realenergyintotheload#kwh,BUNDOORA,3.445945946034044,221.36343,292.5372,283.87006,878.0
2025-01-07 12:00:00,solar.bun_library#realenergyintotheload#kwh,BUNDOORA,3.4459459458012134,250.0728,319.1567,309.7009,1001.0
2025-01-07 13:00:00,solar.bun_library#realenergyintotheload#kwh,BUNDOORA,3.445945946034044,257.49878,322.63553,313.07663,1070.0
2025-01-07 14:00:00,solar.bun_library#realenergyintotheload#kwh,BUNDOORA,3.445945946034044,242.75885,318.14093,308.7152,1001.0
2025-01-07 15:00:00,solar.bun_library#realenergyintotheload#kwh,BUNDOORA,3.4459459458012134,236.4502,300.31305,291.41553,916.0
2025-01-07 16:00:00,solar.bun_library#realenergyintotheload#kwh,BUNDOORA,3.445945946034044,217.05975,288.74493,280.19016,874.0
2025-01-07 17:00:00,solar.bun_library#realenergyintotheload#kwh,BUNDOORA,3.445945946034044,183.73099,254.50688,246.96648,747.0
2025-01-07 18:00:00,solar.bun_library#realenergyintotheload#kwh,BUNDOORA,117.4864864863921,230.94643,188.13756,182.5635,552.0
2025-01-07 19:00:00,solar.bun_library#realenergyintotheload#kwh,BUNDOORA,91.125,179.34636,105.17532,102.05924,340.0
2025-01-07 20:00:00,solar.bun_library#realenergyintotheload#kwh,BUNDOORA,25.5,158.89713,34.97585,33.9396,135.0
2025-01-07 21:00:00,solar.bun_library#realenergyintotheload#kwh,BUNDOORA,2.125,108.127785,0.17078355,0.16572367,2.0
2025-01-07 22:00:00,solar.bun_library#realenergyintotheload#kwh,BUNDOORA,0.0,34.33773,0.04577504,0.04441884,0.0
2025-01-07 23:00:00,solar.bun_library#realenergyintotheload#kwh,BUNDOORA,0.0,7.734778,0.008962741,0.008697198,0.0
2025-01-08 00:00:00,solar.bun_library#realenergyintotheload#kwh,BUNDOORA,0.0,0.71269107,0.019753996,0.019168735,0.0
2025-01-08 01:00:00,solar.bun_library#realenergyintotheload#kwh,BUNDOORA,0.0,0.27812412,0.043537132,0.042247236,0.0
2025-01-08 02:00:00,solar.bun_library#realenergyintotheload#kwh,BUNDOORA,0.0,1.336029,0.043537132,0.042247236,0.0
2025-01-08 03:00:00,solar.bun_library#realenergyintotheload#kwh,BUNDOORA,0.0,0.03369952,0.019753996,0.019168735,0.0
2025-01-08 04:00:00,solar.bun_library#realenergyintotheload#kwh,BUNDOORA,0.0,1.0106624,-0.0029132236,0.0,0.0
2025-01-08 05:00:00,solar.bun_library#realenergyintotheload#kwh,BUNDOORA,0.0,5.4224095,-0.0029132236,0.0,0.0
2025-01-08 06:00:00,solar.bun_library#realenergyintotheload#kwh,BUNDOORA,0.0,13.70837,-0.0029132236,0.0,0.0
2025-01-08 07:00:00,solar.bun_library#realenergyintotheload#kwh,BUNDOORA,3.625,10.275524,19.762568,19.177052,71.0
2025-01-08 08:00:00,solar.bun_library#realenergyintotheload#kwh,BUNDOORA,34.625,48.57437,92.40188,89.66424,262.0
2025-01-08 09:00:00,solar.bun_library#realenergyintotheload#kwh,BUNDOORA,107.0,185.00394,174.30415,169.13995,473.0
2025-01-08 10:00:00,solar.bun_library#realenergyintotheload#kwh,BUNDOORA,27.875,203.1477,240.35965,233.23839,676.0
2025-01-08 11:00:00,solar.bun_library#realenergyintotheload#kwh,BUNDOORA,0.0,193.5642,285.4658,277.00815,848.0
2025-01-08 12:00:00,solar.bun_library#realenergyintotheload#kwh,BUNDOORA,0.0,154.93564,318.87534,309.42786,974.0
2025-01-08 13:00:00,solar.bun_library#realenergyintotheload#kwh,BUNDOORA,0.0,255.27734,322.53445,312.97858,1046.0
2025-01-08 14:00:00,solar.bun_library#realenergyintotheload#kwh,BUNDOORA,0.0,283.03824,323.62247,314.03433,1033.0
2025-01-08 15:00:00,solar.bun_library#realenergyintotheload#kwh,BUNDOORA,0.0,271.85266,285.5896,277.1283,872.0
2025-01-08 16:00:00,solar.bun_library#realenergyintotheload#kwh,BUNDOORA,0.0,284.01782,290.12476,281.52908,845.0
2025-01-08 17:00:00,solar.bun_library#realenergyintotheload#kwh,BUNDOORA,0.0,307.77148,247.55553,240.22107,740.0
2025-01-08 18:00:00,solar.bun_library#realenergyintotheload#kwh,BUNDOORA,0.0,271.176,178.48235,173.19437,547.0
2025-01-08 19:00:00,solar.bun_library#realenergyintotheload#kwh,BUNDOORA,0.0,209.2097,104.29935,101.20922,337.0
2025-01-08 20:00:00,solar.bun_library#realenergyintotheload#kwh,BUNDOORA,0.0,147.02708,29.692654,28.812935,97.0
2025-01-08 21:00:00,solar.bun_library#realenergyintotheload#kwh,BUNDOORA,0.0,61.17596,0.02120443,0.020576196,0.0
2025-01-08 22:00:00,solar.bun_library#realenergyintotheload#kwh,BUNDOORA,0.0,28.805542,0.06502372,0.06309723,0.0
2025-01-08 23:00:00,solar.bun_library#realenergyintotheload#kwh,BUNDOORA,0.0,6.3609476,0.012839039,0.01245865,0.0
2025-01-09 00:00:00,solar.bun_library#realenergyintotheload#kwh,BUNDOORA,0.0,4.476868,0.011236624,0.0109037105,0.0
2025-01-09 01:00:00,solar.bun_library#realenergyintotheload#kwh,BUNDOORA,0.0,2.8294632,0.011495174,0.0111546,0.0
2025-01-09 02:00:00,solar.bun_library#realenergyintotheload#kwh,BUNDOORA,0.0,0.28129187,0.023106702,0.022422107,0.0
2025-01-09 03:00:00,solar.bun_library#realenergyintotheload#kwh,BUNDOORA,0.0,-5.097149,0.0011368254,0.0011031441,0.0
2025-01-09 04:00:00,solar.bun_library#realenergyintotheload#kwh,BUNDOORA,0.0,-1.702447,-0.06316764,0.0,0.0
2025-01-09 05:00:00,solar.bun_library#realenergyintotheload#kwh,BUNDOORA,0.0,22.663506,0.13447626,0.13049206,0.0
2025-01-09 06:00:00,solar.bun_library#realenergyintotheload#kwh,BUNDOORA,0.0,63.902493,0.1054868,0.10236149,0.0
2025-01-09 07:00:00,solar.bun_library#realenergyintotheload#kwh,BUNDOORA,0.0,103.94677,15.929013,15.457076,54.0
2025-01-09 08:00:00,solar.bun_library#realenergyintotheload#kwh,BUNDOORA,0.0,157.41252,62.887096,61.02391,188.0
2025-01-09 09:00:00,solar.bun_library#realenergyintotheload#kwh,BUNDOORA,0.0,214.34116,153.3554,148.81186,416.0
2025-01-09 10:00:00,solar.bun_library#realenergyintotheload#kwh,BUNDOORA,0.0,142.62961,131.19118,127.30431,380.0
2025-01-09 11:00:00,solar.bun_library#realenergyintotheload#kwh,BUNDOORA,157.125,253.01927,277.31885,269.10257,815.0
2025-01-09 12:00:00,solar.bun_library#realenergyintotheload#kwh,BUNDOORA,241.5,277.34665,313.9328,304.63174,961.0
2025-01-09 13:00:00,solar.bun_library#realenergyintotheload#kwh,BUNDOORA,173.25,226.62798,188.36455,182.78378,577.0
2025-01-09 14:00:00,solar.bun_library#realenergyintotheload#kwh,BUNDOORA,203.25,220.93993,179.34247,174.02899,550.0
2025-01-09 15:00:00,solar.bun_library#realenergyintotheload#kwh,BUNDOORA,166.625,283.106,229.905,223.09349,687.0
2025-01-09 16:00:00,solar.bun_library#realenergyintotheload#kwh,BUNDOORA,203.875,282.32483,286.8682,278.36902,846.0
2025-01-09 17:00:00,solar.bun_library#realenergyintotheload#kwh,BUNDOORA,194.5,262.39148,209.33884,203.13664,592.0
2025-01-09 18:00:00,solar.bun_library#realenergyintotheload#kwh,BUNDOORA,147.25,237.8448,169.40044,164.38153,498.0
2025-01-09 19:00:00,solar.bun_library#realenergyintotheload#kwh,BUNDOORA,54.75,176.54474,55.271374,53.63382,170.0
2025-01-09 20:00:00,solar.bun_library#realenergyintotheload#kwh,BUNDOORA,26.5,143.05234,14.535075,14.104437,48.0
2025-01-09 21:00:00,solar.bun_library#realenergyintotheload#kwh,BUNDOORA,1.25,57.385666,-0.20487398,0.0,0.0
2025-01-09 22:00:00,solar.bun_library#realenergyintotheload#kwh,BUNDOORA,0.0,36.15607,0.08035969,0.077978835,0.0
2025-01-09 23:00:00,solar.bun_library#realenergyintotheload#kwh,BUNDOORA,0.0,-2.1376104,0.0881073,0.0854969,0.0
2025-01-10 00:00:00,solar.bun_library#realenergyintotheload#kwh,BUNDOORA,0.0,-1.8736272,0.086763434,0.08419285,0.0
2025-01-10 01:00:00,solar.bun_library#realenergyintotheload#kwh,BUNDOORA,0.0,4.8754983,0.20838587,0.20221192,0.0
2025-01-10 02:00:00,solar.bun_library#realenergyintotheload#kwh,BUNDOORA,0.0,-0.48103502,0.1692323,0.16421837,0.0
2025-01-10 03:00:00,solar.bun_library#realenergyintotheload#kwh,BUNDOORA,0.0,4.0209146,0.16710562,0.16215469,0.0
2025-01-10 04:00:00,solar.bun_library#realenergyintotheload#kwh,BUNDOORA,0.0,6.7578053,0.24406503,0.23683399,0.0
2025-01-10 05:00:00,solar.bun_library#realenergyintotheload#kwh,BUNDOORA,0.0,26.101984,0.17963484,0.17431271,0.0
2025-01-10 06:00:00,solar.bun_library#realenergyintotheload#kwh,BUNDOORA,0.0,47.28906,0.15303217,0.1484982,0.0
2025-01-10 07:00:00,solar.bun_library#realenergyintotheload#kwh,BUNDOORA,3.25,70.74444,10.98764,10.662104,35.0
2025-01-10 08:00:00,solar.bun_library#realenergyintotheload#kwh,BUNDOORA,17.25,127.38125,50.308224,48.81772,157.0
2025-01-10 09:00:00,solar.bun_library#realenergyintotheload#kwh,BUNDOORA,42.875,163.13689,102.75191,99.70763,294.0
2025-01-10 10:00:00,solar.bun_library#realenergyintotheload#kwh,BUNDOORA,131.875,247.40091,198.45584,192.5761,564.0
2025-01-10 11:00:00,solar.bun_library#realenergyintotheload#kwh,BUNDOORA,215.0,281.04535,289.23282,280.66357,838.0
2025-01-10 12:00:00,solar.bun_library#realenergyintotheload#kwh,BUNDOORA,251.75,280.54526,314.73352,305.40875,969.0
2025-01-10 13:00:00,solar.bun_library#realenergyintotheload#kwh,BUNDOORA,240.875,282.14868,320.49088,310.99554,992.0
2025-01-10 14:00:00,solar.bun_library#realenergyintotheload#kwh,BUNDOORA,236.5,270.93112,321.52747,312.0014,994.0
2025-01-10 15:00:00,solar.bun_library#realenergyintotheload#kwh,BUNDOORA,170.375,258.2268,260.35773,252.64398,766.0
2025-01-10 16:00:00,solar.bun_library#realenergyintotheload#kwh,BUNDOORA,243.375,249.68355,300.82895,291.91614,889.0
2025-01-10 17:00:00,solar.bun_library#realenergyintotheload#kwh,BUNDOORA,219.625,234.07388,242.18866,235.01321,730.0
2025-01-10 18:00:00,solar.bun_library#realenergyintotheload#kwh,BUNDOORA,170.0,224.96819,147.2806,142.91704,444.0
2025-01-10 19:00:00,solar.bun_library#realenergyintotheload#kwh,BUNDOORA,97.625,222.36356,104.29454,101.20455,325.0
2025-01-10 20:00:00,solar.bun_library#realenergyintotheload#kwh,BUNDOORA,26.375,141.91557,28.202757,27.36718,102.0
2025-01-10 21:00:00,solar.bun_library#realenergyintotheload#kwh,BUNDOORA,2.5,80.73876,-0.016603012,0.0,2.0
2025-01-10 22:00:00,solar.bun_library#realenergyintotheload#kwh,BUNDOORA,0.0,28.79745,0.024958424,0.024218969,0.0
2025-01-10 23:00:00,solar.bun_library#realenergyintotheload#kwh,BUNDOORA,0.0,9.4578,0.033853013,0.032850035,0.0
2025-01-11 00:00:00,solar.bun_library#realenergyintotheload#kwh,BUNDOORA,0.0,4.357921,0.033853013,0.032850035,0.0
2025-01-11 01:00:00,solar.bun_library#realenergyintotheload#kwh,BUNDOORA,0.0,3.6213634,0.044210155,0.042900316,0.0
2025-01-11 02:00:00,solar.bun_library#realenergyintotheload#kwh,BUNDOORA,0.0,-0.24226004,0.03120571,0.030281162,0.0
2025-01-11 03:00:00,solar.bun_library#realenergyintotheload#kwh,BUNDOORA,0.0,2.7178504,0.03120571,0.030281162,0.0
2025-01-11 04:00:00,solar.bun_library#realenergyintotheload#kwh,BUNDOORA,0.0,2.7720234,0.0212484,0.020618863,0.0
2025-01-11 05:00:00,solar.bun_library#realenergyintotheload#kwh,BUNDOORA,0.0,17.160513,0.0212484,0.020618863,0.0
2025-01-11 06:00:00,solar.bun_library#realenergyintotheload#kwh,BUNDOORA,0.0,49.790695,0.016157378,0.015678674,0.0
2025-01-11 07:00:00,solar.bun_library#realenergyintotheload#kwh,BUNDOORA,3.0,49.636574,17.722961,17.197874,59.0
2025-01-11 08:00:00,solar.bun_library#realenergyintotheload#kwh,BUNDOORA,30.75,124.077156,72.55835,70.40863,243.0
2025-01-11 09:00:00,solar.bun_library#realenergyintotheload#kwh,BUNDOORA,98.625,137.60834,151.9218,147.42073,452.0
2025-01-11 10:00:00,solar.bun_library#realenergyintotheload#kwh,BUNDOORA,172.125,193.2184,234.61188,227.66092,651.0
2025-01-11 11:00:00,solar.bun_library#realenergyintotheload#kwh,BUNDOORA,227.75,252.81244,276.58826,268.39365,826.0
2025-01-11 12:00:00,solar.bun_library#realenergyintotheload#kwh,BUNDOORA,263.75,282.41174,317.17294,307.7759,953.0
2025-01-11 13:00:00,solar.bun_library#realenergyintotheload#kwh,BUNDOORA,277.5,281.54755,318.4323,308.99796,1025.0
2025-01-11 14:00:00,solar.bun_library#realenergyintotheload#kwh,BUNDOORA,255.25,261.25235,266.0774,258.19418,794.0
2025-01-11 15:00:00,solar.bun_library#realenergyintotheload#kwh,BUNDOORA,118.5,205.30167,180.89201,175.53264,542.0
2025-01-11 16:00:00,solar.bun_library#realenergyintotheload#kwh,BUNDOORA,128.375,185.66818,138.20717,134.11244,409.0
2025-01-11 17:00:00,solar.bun_library#realenergyintotheload#kwh,BUNDOORA,184.625,275.81915,240.08722,232.97403,716.0
2025-01-11 18:00:00,solar.bun_library#realenergyintotheload#kwh,BUNDOORA,101.0,208.16782,69.34613,67.29158,207.0
2025-01-11 19:00:00,solar.bun_library#realenergyintotheload#kwh,BUNDOORA,9.0,175.97273,30.2581,29.36163,99.0
2025-01-11 20:00:00,solar.bun_library#realenergyintotheload#kwh,BUNDOORA,26.5,151.92137,22.40687,21.74301,76.0
2025-01-11 21:00:00,solar.bun_library#realenergyintotheload#kwh,BUNDOORA,4.375,95.26886,-0.12574023,0.0,1.0
2025-01-11 22:00:00,solar.bun_library#realenergyintotheload#kwh,BUNDOORA,0.0,42.35171,-0.19067976,0.0,0.0
2025-01-11 23:00:00,solar.bun_library#realenergyintotheload#kwh,BUNDOORA,0.0,6.039774,-0.10507445,0.0,0.0
2025-01-12 00:00:00,solar.bun_library#realenergyintotheload#kwh,BUNDOORA,0.0,4.1472855,0.057366125,0.05566651,0.0
2025-01-12 01:00:00,solar.bun_library#realenergyintotheload#kwh,BUNDOORA,0.0,0.6950654,0.060555227,0.058761127,0.0
2025-01-12 02:00:00,solar.bun_library#realenergyintotheload#kwh,BUNDOORA,0.0,-5.06263,0.07045866,0.06837115,0.0
2025-01-12 03:00:00,solar.bun_library#realenergyintotheload#kwh,BUNDOORA,0.0,-3.5921216,0.04848189,0.04704549,0.0
2025-01-12 04:00:00,solar.bun_library#realenergyintotheload#kwh,BUNDOORA,0.0,-2.9164662,0.023841683,0.023135314,0.0
2025-01-12 05:00:00,solar.bun_library#realenergyintotheload#kwh,BUNDOORA,0.0,14.768697,-0.042167798,0.0,0.0
2025-01-12 06:00:00,solar.bun_library#realenergyintotheload#kwh,BUNDOORA,0.0,46.82604,-0.015888091,0.0,0.0
2025-01-12 07:00:00,solar.bun_library#realenergyintotheload#kwh,BUNDOORA,0.0,57.209084,10.08921,9.790292,35.0
2025-01-12 08:00:00,solar.bun_library#realenergyintotheload#kwh,BUNDOORA,0.0,89.59622,58.01105,56.292328,185.0
2025-01-12 09:00:00,solar.bun_library#realenergyintotheload#kwh,BUNDOORA,0.0,173.70721,134.57268,130.58563,381.0
2025-01-12 10:00:00,solar.bun_library#realenergyintotheload#kwh,BUNDOORA,0.0,105.45932,163.4145,158.57294,470.0
2025-01-12 11:00:00,solar.bun_library#realenergyintotheload#kwh,BUNDOORA,0.0,153.47488,111.37231,108.072624,333.0
2025-01-12 12:00:00,solar.bun_library#realenergyintotheload#kwh,BUNDOORA,0.0,137.68503,57.420753,55.71952,175.0
2025-01-12 13:00:00,solar.bun_library#realenergyintotheload#kwh,BUNDOORA,0.0,92.666306,10.8140335,10.493641,34.0
2025-01-12 14:00:00,solar.bun_library#realenergyintotheload#kwh,BUNDOORA,0.0,32.305084,41.911514,40.66978,131.0
2025-01-12 15:00:00,solar.bun_library#realenergyintotheload#kwh,BUNDOORA,0.0,54.362514,87.618454,85.02254,259.0
2025-01-12 16:00:00,solar.bun_library#realenergyintotheload#kwh,BUNDOORA,0.0,62.44346,22.14395,21.487879,73.0
2025-01-12 17:00:00,solar.bun_library#realenergyintotheload#kwh,BUNDOORA,0.0,94.1048,11.075661,10.747517,35.0
2025-01-12 18:00:00,solar.bun_library#realenergyintotheload#kwh,BUNDOORA,0.0,52.742393,44.83744,43.509018,139.0
2025-01-12 19:00:00,solar.bun_library#realenergyintotheload#kwh,BUNDOORA,0.0,16.417185,74.4328,72.22754,224.0
2025-01-12 20:00:00,solar.bun_library#realenergyintotheload#kwh,BUNDOORA,4.125,49.494076,22.510933,21.84399,82.0
2025-01-12 21:00:00,solar.bun_library#realenergyintotheload#kwh,BUNDOORA,3.875,14.264773,0.0386182,0.03747404,1.0
2025-01-12 22:00:00,solar.bun_library#realenergyintotheload#kwh,BUNDOORA,0.0,4.395238,0.0142238485,0.0138024315,0.0
2025-01-12 23:00:00,solar.bun_library#realenergyintotheload#kwh,BUNDOORA,0.0,1.0809536,0.0016505446,0.001601643,0.0
2025-01-13 00:00:00,solar.bun_library#realenergyintotheload#kwh,BUNDOORA,0.0,0.72895926,0.011607859,0.011263947,0.0
2025-01-13 01:00:00,solar.bun_library#realenergyintotheload#kwh,BUNDOORA,0.0,0.6560299,0.08873998,0.08611083,0.0
2025-01-13 02:00:00,solar.bun_library#realenergyintotheload#kwh,BUNDOORA,0.0,0.7778417,0.011607859,0.011263947,0.0
2025-01-13 03:00:00,solar.bun_library#realenergyintotheload#kwh,BUNDOORA,0.0,-0.12558794,-0.0054598497,0.0,0.0
2025-01-13 04:00:00,solar.bun_library#realenergyintotheload#kwh,BUNDOORA,0.0,0.052537806,0.003521814,0.0034174714,0.0
2025-01-13 05:00:00,solar.bun_library#realenergyintotheload#kwh,BUNDOORA,0.0,2.4905922,-0.007454617,0.0,0.0
2025-01-13 06:00:00,solar.bun_library#realenergyintotheload#kwh,BUNDOORA,0.0,8.289096,-0.007112582,0.0,0.0
2025-01-13 07:00:00,solar.bun_library#realenergyintotheload#kwh,BUNDOORA,0.0,19.513384,9.425815,9.146551,33.0
2025-01-13 08:00:00,solar.bun_library#realenergyintotheload#kwh,BUNDOORA,0.0,44.195057,33.867783,32.864365,112.0
2025-01-13 09:00:00,solar.bun_library#realenergyintotheload#kwh,BUNDOORA,0.0,33.54204,72.90006,70.74022,216.0
2025-01-13 10:00:00,solar.bun_library#realenergyintotheload#kwh,BUNDOORA,0.0,81.85221,182.9281,177.50839,510.0
2025-01-13 11:00:00,solar.bun_library#realenergyintotheload#kwh,BUNDOORA,0.0,192.68599,281.23257,272.90036,816.0
2025-01-13 12:00:00,solar.bun_library#realenergyintotheload#kwh,BUNDOORA,0.0,213.43634,313.49802,304.20984,944.0
2025-01-13 13:00:00,solar.bun_library#realenergyintotheload#kwh,BUNDOORA,0.0,240.78499,322.5356,312.97968,1018.0
2025-01-13 14:00:00,solar.bun_library#realenergyintotheload#kwh,BUNDOORA,0.0,237.52866,324.46042,314.84747,1032.0
2025-01-13 15:00:00,solar.bun_library#realenergyintotheload#kwh,BUNDOORA,0.0,232.40997,317.03656,307.64355,971.0
2025-01-13 16:00:00,solar.bun_library#realenergyintotheload#kwh,BUNDOORA,0.0,156.36774,273.96582,265.8489,787.0
2025-01-13 17:00:00,solar.bun_library#realenergyintotheload#kwh,BUNDOORA,0.0,170.9143,249.58255,242.18805,719.0
2025-01-13 18:00:00,solar.bun_library#realenergyintotheload#kwh,BUNDOORA,0.0,111.917984,175.61296,170.40999,526.0
2025-01-13 19:00:00,solar.bun_library#realenergyintotheload#kwh,BUNDOORA,0.0,82.99618,81.05933,78.657745,253.0
2025-01-13 20:00:00,solar.bun_library#realenergyintotheload#kwh,BUNDOORA,0.0,124.62043,33.577106,32.582302,127.0
2025-01-13 21:00:00,solar.bun_library#realenergyintotheload#kwh,BUNDOORA,0.0,72.38478,0.036060665,0.034992278,1.0
2025-01-13 22:00:00,solar.bun_library#realenergyintotheload#kwh,BUNDOORA,0.0,28.373642,0.0078379605,0.0076057413,0.0
2025-01-13 23:00:00,solar.bun_library#realenergyintotheload#kwh,BUNDOORA,0.0,6.5935035,0.011870613,0.011518917,0.0
2025-01-14 00:00:00,solar.bun_library#realenergyintotheload#kwh,BUNDOORA,0.0,1.3267307,0.008538498,0.008285523,0.0
2025-01-14 01:00:00,solar.bun_library#realenergyintotheload#kwh,BUNDOORA,0.0,0.4526674,0.008538498,0.008285523,0.0
2025-01-14 02:00:00,solar.bun_library#realenergyintotheload#kwh,BUNDOORA,0.0,0.3477325,0.00045245234,0.00043904732,0.0
2025-01-14 03:00:00,solar.bun_library#realenergyintotheload#kwh,BUNDOORA,0.0,-0.08911463,-0.0012129783,0.0,0.0
2025-01-14 04:00:00,solar.bun_library#realenergyintotheload#kwh,BUNDOORA,0.0,0.74037045,0.019700367,0.019116694,0.0
2025-01-14 05:00:00,solar.bun_library#realenergyintotheload#kwh,BUNDOORA,0.0,2.638003,-0.0012129783,0.0,0.0
2025-01-14 06:00:00,solar.bun_library#realenergyintotheload#kwh,BUNDOORA,0.0,6.352832,-0.0012129783,0.0,0.0
2025-01-14 07:00:00,solar.bun_library#realenergyintotheload#kwh,BUNDOORA,0.0,4.400475,10.282829,9.978175,35.0
2025-01-14 08:00:00,solar.bun_library#realenergyintotheload#kwh,BUNDOORA,0.0,20.916767,33.877045,32.873352,109.0
2025-01-14 09:00:00,solar.bun_library#realenergyintotheload#kwh,BUNDOORA,0.0,29.270208,58.336933,56.608555,174.0
2025-01-14 10:00:00,solar.bun_library#realenergyintotheload#kwh,BUNDOORA,0.0,70.088905,66.26011,64.29699,197.0
2025-01-14 11:00:00,solar.bun_library#realenergyintotheload#kwh,BUNDOORA,126.875,181.20207,181.71724,176.3334,529.0
2025-01-14 12:00:00,solar.bun_library#realenergyintotheload#kwh,BUNDOORA,279.125,232.38695,316.20584,306.83746,965.0
2025-01-14 13:00:00,solar.bun_library#realenergyintotheload#kwh,BUNDOORA,293.25,257.68915,322.6833,313.123,1041.0
2025-01-14 14:00:00,solar.bun_library#realenergyintotheload#kwh,BUNDOORA,299.0,266.47726,323.17725,313.60233,1056.0
2025-01-14 15:00:00,solar.bun_library#realenergyintotheload#kwh,BUNDOORA,294.875,264.21957,321.13943,311.62488,1008.0
2025-01-14 16:00:00,solar.bun_library#realenergyintotheload#kwh,BUNDOORA,272.625,249.58398,301.93726,292.9916,900.0
2025-01-14 17:00:00,solar.bun_library#realenergyintotheload#kwh,BUNDOORA,228.125,263.92993,249.9323,242.52742,741.0
2025-01-14 18:00:00,solar.bun_library#realenergyintotheload#kwh,BUNDOORA,162.25,241.5574,178.85556,173.55652,549.0
2025-01-14 19:00:00,solar.bun_library#realenergyintotheload#kwh,BUNDOORA,89.0,213.70312,106.41622,103.263374,337.0
2025-01-14 20:00:00,solar.bun_library#realenergyintotheload#kwh,BUNDOORA,25.0,170.8408,35.337437,34.290478,131.0
2025-01-14 21:00:00,solar.bun_library#realenergyintotheload#kwh,BUNDOORA,1.875,100.22358,-0.14329258,0.0,2.0
2025-01-14 22:00:00,solar.bun_library#realenergyintotheload#kwh,BUNDOORA,0.0,23.906677,0.142063,0.13785404,0.0
2025-01-14 23:00:00,solar.bun_library#realenergyintotheload#kwh,BUNDOORA,0.0,2.9330604,0.05475922,0.05313684,0.0
2025-01-15 00:00:00,solar.bun_library#realenergyintotheload#kwh,BUNDOORA,0.0,4.3880835,0.08539097,0.08286105,0.0
2025-01-15 01:00:00,solar.bun_library#realenergyintotheload#kwh,BUNDOORA,0.0,-1.9097412,0.09230629,0.08957149,0.0
2025-01-15 02:00:00,solar.bun_library#realenergyintotheload#kwh,BUNDOORA,0.0,-1.3965036,0.09065572,0.08796982,0.0
2025-01-15 03:00:00,solar.bun_library#realenergyintotheload#kwh,BUNDOORA,0.0,-0.63611495,0.2016876,0.1957121,0.0
2025-01-15 04:00:00,solar.bun_library#realenergyintotheload#kwh,BUNDOORA,0.0,3.8204803,0.16710562,0.16215469,0.0
2025-01-15 05:00:00,solar.bun_library#realenergyintotheload#kwh,BUNDOORA,0.0,21.840475,0.09291908,0.09016612,0.0
2025-01-15 06:00:00,solar.bun_library#realenergyintotheload#kwh,BUNDOORA,0.0,27.375254,0.1593616,0.15464011,0.0
2025-01-15 07:00:00,solar.bun_library#realenergyintotheload#kwh,BUNDOORA,3.875,68.25311,10.4808035,10.170283,34.0
2025-01-15 08:00:00,solar.bun_library#realenergyintotheload#kwh,BUNDOORA,28.25,146.65228,38.949245,37.795277,127.0
2025-01-15 09:00:00,solar.bun_library#realenergyintotheload#kwh,BUNDOORA,26.875,191.40971,46.03933,44.6753,140.0
2025-01-15 10:00:00,solar.bun_library#realenergyintotheload#kwh,BUNDOORA,22.25,155.17003,34.741653,33.712345,105.0
2025-01-15 11:00:00,solar.bun_library#realenergyintotheload#kwh,BUNDOORA,42.0,214.80635,49.31933,47.85812,156.0
2025-01-15 12:00:00,solar.bun_library#realenergyintotheload#kwh,BUNDOORA,103.875,121.04789,119.04579,115.51876,351.0
2025-01-15 13:00:00,solar.bun_library#realenergyintotheload#kwh,BUNDOORA,111.875,147.4705,164.30295,159.43506,485.0
2025-01-15 14:00:00,solar.bun_library#realenergyintotheload#kwh,BUNDOORA,116.0,124.44446,182.14413,176.74767,528.0
2025-01-15 15:00:00,solar.bun_library#realenergyintotheload#kwh,BUNDOORA,63.625,116.248886,54.32389,52.71441,161.0
2025-01-15 16:00:00,solar.bun_library#realenergyintotheload#kwh,BUNDOORA,46.125,87.72589,15.659171,15.195229,49.0
2025-01-15 17:00:00,solar.bun_library#realenergyintotheload#kwh,BUNDOORA,17.875,117.019424,41.464813,40.236313,127.0
2025-01-15 18:00:00,solar.bun_library#realenergyintotheload#kwh,BUNDOORA,40.875,60.52871,25.396793,24.64435,81.0
2025-01-15 19:00:00,solar.bun_library#realenergyintotheload#kwh,BUNDOORA,14.25,54.013237,27.833204,27.008575,84.0
2025-01-15 20:00:00,solar.bun_library#realenergyintotheload#kwh,BUNDOORA,3.75,68.98131,5.910266,5.7351594,22.0
2025-01-15 21:00:00,solar.bun_library#realenergyintotheload#kwh,BUNDOORA,0.125,60.254604,0.03272002,0.031750605,1.0
2025-01-15 22:00:00,solar.bun_library#realenergyintotheload#kwh,BUNDOORA,0.0,20.08893,0.014319959,0.013895694,0.0
2025-01-15 23:00:00,solar.bun_library#realenergyintotheload#kwh,BUNDOORA,0.0,5.4716215,-0.07825953,0.0,0.0
2025-01-16 00:00:00,solar.bun_library#realenergyintotheload#kwh,BUNDOORA,0.0,-3.3418484,-0.16284168,0.0,0.0
2025-01-16 01:00:00,solar.bun_library#realenergyintotheload#kwh,BUNDOORA,0.0,-6.1437607,-0.17741671,0.0,0.0
2025-01-16 02:00:00,solar.bun_library#realenergyintotheload#kwh,BUNDOORA,0.0,-0.46737683,-0.032405645,0.0,0.0
2025-01-16 03:00:00,solar.bun_library#realenergyintotheload#kwh,BUNDOORA,0.0,4.0858665,-0.01783058,0.0,0.0
2025-01-16 04:00:00,solar.bun_library#realenergyintotheload#kwh,BUNDOORA,0.0,-1.0926805,0.06606088,0.06410366,0.0
2025-01-16 05:00:00,solar.bun_library#realenergyintotheload#kwh,BUNDOORA,0.0,15.556801,0.05981224,0.058040153,0.0
2025-01-16 06:00:00,solar.bun_library#realenergyintotheload#kwh,BUNDOORA,0.0,27.677063,0.023206592,0.022519039,0.0
2025-01-16 07:00:00,solar.bun_library#realenergyintotheload#kwh,BUNDOORA,1.875,55.252087,10.63178,10.316787,37.0
2025-01-16 08:00:00,solar.bun_library#realenergyintotheload#kwh,BUNDOORA,23.125,125.33648,79.6946,77.33345,225.0
2025-01-16 09:00:00,solar.bun_library#realenergyintotheload#kwh,BUNDOORA,34.5,82.03776,72.75123,70.595795,212.0
2025-01-16 10:00:00,solar.bun_library#realenergyintotheload#kwh,BUNDOORA,48.125,153.89824,77.97572,75.6655,227.0
2025-01-16 11:00:00,solar.bun_library#realenergyintotheload#kwh,BUNDOORA,144.0,188.87071,177.98065,172.70753,510.0
2025-01-16 12:00:00,solar.bun_library#realenergyintotheload#kwh,BUNDOORA,244.875,185.55632,303.82544,294.82385,890.0
2025-01-16 13:00:00,solar.bun_library#realenergyintotheload#kwh,BUNDOORA,217.625,114.345116,300.19186,291.29794,889.0
2025-01-16 14:00:00,solar.bun_library#realenergyintotheload#kwh,BUNDOORA,167.5,94.974144,304.68237,295.6554,913.0
2025-01-16 15:00:00,solar.bun_library#realenergyintotheload#kwh,BUNDOORA,237.125,119.95517,290.4401,281.83508,860.0
2025-01-16 16:00:00,solar.bun_library#realenergyintotheload#kwh,BUNDOORA,267.25,238.2274,294.97488,286.2355,841.0
2025-01-16 17:00:00,solar.bun_library#realenergyintotheload#kwh,BUNDOORA,241.5,257.96695,260.6482,252.92584,743.0
2025-01-16 18:00:00,solar.bun_library#realenergyintotheload#kwh,BUNDOORA,142.0,258.33435,179.29477,173.98271,502.0
2025-01-16 19:00:00,solar.bun_library#realenergyintotheload#kwh,BUNDOORA,81.875,183.61479,109.16074,105.92658,327.0
2025-01-16 20:00:00,solar.bun_library#realenergyintotheload#kwh,BUNDOORA,26.75,178.66637,37.465324,36.35532,131.0
2025-01-16 21:00:00,solar.bun_library#realenergyintotheload#kwh,BUNDOORA,2.375,80.067406,0.16031525,0.1555655,1.0
2025-01-16 22:00:00,solar.bun_library#realenergyintotheload#kwh,BUNDOORA,0.0,30.686234,0.06857083,0.06653925,0.0
2025-01-16 23:00:00,solar.bun_library#realenergyintotheload#kwh,BUNDOORA,0.0,3.5390081,0.024202026,0.02348498,0.0
2025-01-17 00:00:00,solar.bun_library#realenergyintotheload#kwh,BUNDOORA,0.0,1.4973035,0.024202026,0.02348498,0.0
2025-01-17 01:00:00,solar.bun_library#realenergyintotheload#kwh,BUNDOORA,0.0,0.61406744,0.020869914,0.02025159,0.0
2025-01-17 02:00:00,solar.bun_library#realenergyintotheload#kwh,BUNDOORA,0.0,0.25228906,0.020869914,0.02025159,0.0
2025-01-17 03:00:00,solar.bun_library#realenergyintotheload#kwh,BUNDOORA,0.0,0.050547272,0.020869914,0.02025159,0.0
2025-01-17 04:00:00,solar.bun_library#realenergyintotheload#kwh,BUNDOORA,0.0,0.18637775,0.020869914,0.02025159,0.0
2025-01-17 05:00:00,solar.bun_library#realenergyintotheload#kwh,BUNDOORA,0.0,1.5580755,0.02113207,0.02050598,0.0
2025-01-17 06:00:00,solar.bun_library#realenergyintotheload#kwh,BUNDOORA,0.0,3.5743504,0.008196463,0.007953622,0.0
2025-01-17 07:00:00,solar.bun_library#realenergyintotheload#kwh,BUNDOORA,0.0,1.3308384,8.096944,7.857052,30.0
2025-01-17 08:00:00,solar.bun_library#realenergyintotheload#kwh,BUNDOORA,0.0,1.0637195,38.08051,36.95228,121.0
2025-01-17 09:00:00,solar.bun_library#realenergyintotheload#kwh,BUNDOORA,0.0,8.915295,95.88036,93.039665,277.0
2025-01-17 10:00:00,solar.bun_library#realenergyintotheload#kwh,BUNDOORA,1.75,36.975502,182.12608,176.73015,510.0
2025-01-17 11:00:00,solar.bun_library#realenergyintotheload#kwh,BUNDOORA,163.25,105.10555,228.44452,221.67628,643.0
2025-01-17 12:00:00,solar.bun_library#realenergyintotheload#kwh,BUNDOORA,182.75,170.67949,259.8452,252.14665,756.0
2025-01-17 13:00:00,solar.bun_library#realenergyintotheload#kwh,BUNDOORA,258.75,232.6939,323.78183,314.189,1031.0
2025-01-17 14:00:00,solar.bun_library#realenergyintotheload#kwh,BUNDOORA,301.625,230.66132,324.18463,314.57986,1069.0
2025-01-17 15:00:00,solar.bun_library#realenergyintotheload#kwh,BUNDOORA,299.625,220.26733,324.4005,314.78934,1022.0
2025-01-17 16:00:00,solar.bun_library#realenergyintotheload#kwh,BUNDOORA,286.0,207.40096,315.2448,305.9049,916.0
2025-01-17 17:00:00,solar.bun_library#realenergyintotheload#kwh,BUNDOORA,236.75,227.23596,261.52194,253.7737,757.0
2025-01-17 18:00:00,solar.bun_library#realenergyintotheload#kwh,BUNDOORA,169.875,261.00015,197.95813,192.09312,557.0
2025-01-17 19:00:00,solar.bun_library#realenergyintotheload#kwh,BUNDOORA,91.625,210.88477,114.0568,110.67758,340.0
2025-01-17 20:00:00,solar.bun_library#realenergyintotheload#kwh,BUNDOORA,27.0,177.88423,36.719242,35.631344,130.0
2025-01-17 21:00:00,solar.bun_library#realenergyintotheload#kwh,BUNDOORA,2.75,90.71424,0.12873122,0.12491724,1.0
2025-01-17 22:00:00,solar.bun_library#realenergyintotheload#kwh,BUNDOORA,0.0,32.56707,0.10447312,0.101377845,0.0
2025-01-17 23:00:00,solar.bun_library#realenergyintotheload#kwh,BUNDOORA,0.0,5.450999,0.15939218,0.15466979,0.0
2025-01-18 00:00:00,solar.bun_library#realenergyintotheload#kwh,BUNDOORA,0.0,1.9305048,0.045606885,0.044255666,0.0
2025-01-18 01:00:00,solar.bun_library#realenergyintotheload#kwh,BUNDOORA,0.0,1.3463378,0.0013749441,0.001334208,0.0
2025-01-18 02:00:00,solar.bun_library#realenergyintotheload#kwh,BUNDOORA,0.0,1.7085644,0.024202026,0.02348498,0.0
2025-01-18 03:00:00,solar.bun_library#realenergyintotheload#kwh,BUNDOORA,0.0,1.9538476,0.0004188912,0.0004064805,0.0
2025-01-18 04:00:00,solar.bun_library#realenergyintotheload#kwh,BUNDOORA,0.0,1.9741982,0.019753996,0.019168735,0.0
2025-01-18 05:00:00,solar.bun_library#realenergyintotheload#kwh,BUNDOORA,0.0,10.5913105,-0.0029132236,0.0,0.0
2025-01-18 06:00:00,solar.bun_library#realenergyintotheload#kwh,BUNDOORA,0.0,11.980142,-0.0029132236,0.0,0.0
2025-01-18 07:00:00,solar.bun_library#realenergyintotheload#kwh,BUNDOORA,0.0,6.1804442,14.557963,14.126647,52.0
2025-01-18 08:00:00,solar.bun_library#realenergyintotheload#kwh,BUNDOORA,0.0,6.340416,89.10738,86.467354,245.0
2025-01-18 09:00:00,solar.bun_library#realenergyintotheload#kwh,BUNDOORA,0.0,37.36836,172.27808,167.1739,464.0
2025-01-18 10:00:00,solar.bun_library#realenergyintotheload#kwh,BUNDOORA,0.0,174.0286,243.54718,236.33148,675.0
2025-01-18 11:00:00,solar.bun_library#realenergyintotheload#kwh,BUNDOORA,0.0,189.06004,290.6057,281.9958,855.0
2025-01-18 12:00:00,solar.bun_library#realenergyintotheload#kwh,BUNDOORA,0.0,198.18484,320.19827,310.7116,986.0
2025-01-18 13:00:00,solar.bun_library#realenergyintotheload#kwh,BUNDOORA,0.0,280.27307,322.7011,313.1403,1063.0
2025-01-18 14:00:00,solar.bun_library#realenergyintotheload#kwh,BUNDOORA,0.0,279.24594,321.49506,311.96997,1078.0
2025-01-18 15:00:00,solar.bun_library#realenergyintotheload#kwh,BUNDOORA,0.0,279.7118,320.78003,311.27612,1028.0
2025-01-18 16:00:00,solar.bun_library#realenergyintotheload#kwh,BUNDOORA,0.0,260.57254,307.63992,298.52533,919.0
2025-01-18 17:00:00,solar.bun_library#realenergyintotheload#kwh,BUNDOORA,0.0,288.9919,252.1187,244.64905,759.0
2025-01-18 18:00:00,solar.bun_library#realenergyintotheload#kwh,BUNDOORA,0.0,255.49257,186.00095,180.4902,561.0
2025-01-18 19:00:00,solar.bun_library#realenergyintotheload#kwh,BUNDOORA,0.0,222.83575,105.32007,102.1997,344.0
2025-01-18 20:00:00,solar.bun_library#realenergyintotheload#kwh,BUNDOORA,0.0,189.69727,36.168144,35.096573,134.0
2025-01-18 21:00:00,solar.bun_library#realenergyintotheload#kwh,BUNDOORA,0.0,97.10972,0.07204287,0.06990842,1.0
2025-01-18 22:00:00,solar.bun_library#realenergyintotheload#kwh,BUNDOORA,0.0,26.23963,0.16314784,0.15831417,0.0
2025-01-18 23:00:00,solar.bun_library#realenergyintotheload#kwh,BUNDOORA,0.0,4.631924,0.28124717,0.27291453,0.0
2025-01-19 00:00:00,solar.bun_library#realenergyintotheload#kwh,BUNDOORA,0.0,6.018378,0.039551113,0.03837931,0.0
2025-01-19 01:00:00,solar.bun_library#realenergyintotheload#kwh,BUNDOORA,0.0,1.634755,0.086675905,0.08410791,0.0
2025-01-19 02:00:00,solar.bun_library#realenergyintotheload#kwh,BUNDOORA,0.0,-2.923874,0.10067017,0.09768756,0.0
2025-01-19 03:00:00,solar.bun_library#realenergyintotheload#kwh,BUNDOORA,0.0,1.9322444,0.08352061,0.081046104,0.0
2025-01-19 04:00:00,solar.bun_library#realenergyintotheload#kwh,BUNDOORA,0.0,2.6995504,0.04829934,0.04686835,0.0
2025-01-19 05:00:00,solar.bun_library#realenergyintotheload#kwh,BUNDOORA,0.0,15.944991,0.019554544,0.018975193,0.0
2025-01-19 06:00:00,solar.bun_library#realenergyintotheload#kwh,BUNDOORA,0.0,53.27216,0.03275843,0.03178788,0.0
2025-01-19 07:00:00,solar.bun_library#realenergyintotheload#kwh,BUNDOORA,0.0,68.735176,14.399804,13.973174,49.0
2025-01-19 08:00:00,solar.bun_library#realenergyintotheload#kwh,BUNDOORA,0.0,157.57503,83.288,80.82039,239.0
2025-01-19 09:00:00,solar.bun_library#realenergyintotheload#kwh,BUNDOORA,0.0,268.47775,158.74828,154.04497,455.0
2025-01-19 10:00:00,solar.bun_library#realenergyintotheload#kwh,BUNDOORA,0.0,264.01315,232.31316,225.4303,660.0
2025-01-19 11:00:00,solar.bun_library#realenergyintotheload#kwh,BUNDOORA,0.0,281.7647,284.69507,276.26025,836.0
2025-01-19 12:00:00,solar.bun_library#realenergyintotheload#kwh,BUNDOORA,0.0,269.08075,313.9004,304.6003,967.0
2025-01-19 13:00:00,solar.bun_library#realenergyintotheload#kwh,BUNDOORA,0.0,277.76123,320.367,310.87534,1042.0
2025-01-19 14:00:00,solar.bun_library#realenergyintotheload#kwh,BUNDOORA,0.0,280.1009,320.10333,310.61948,1056.0
2025-01-19 15:00:00,solar.bun_library#realenergyintotheload#kwh,BUNDOORA,0.0,270.96246,318.55725,309.1192,991.0
2025-01-19 16:00:00,solar.bun_library#realenergyintotheload#kwh,BUNDOORA,0.0,285.65768,246.59686,239.29082,725.0
2025-01-19 17:00:00,solar.bun_library#realenergyintotheload#kwh,BUNDOORA,0.0,294.7913,230.30113,223.47789,692.0
2025-01-19 18:00:00,solar.bun_library#realenergyintotheload#kwh,BUNDOORA,0.0,241.18822,160.04343,155.30174,485.0
2025-01-19 19:00:00,solar.bun_library#realenergyintotheload#kwh,BUNDOORA,0.0,153.98705,74.49386,72.28679,225.0
2025-01-19 20:00:00,solar.bun_library#realenergyintotheload#kwh,BUNDOORA,0.0,131.93289,15.599992,15.137803,53.0
2025-01-19 21:00:00,solar.bun_library#realenergyintotheload#kwh,BUNDOORA,0.0,110.95528,-0.123600945,0.0,1.0
2025-01-19 22:00:00,solar.bun_library#realenergyintotheload#kwh,BUNDOORA,0.0,40.493324,0.04309786,0.04182098,0.0
2025-01-19 23:00:00,solar.bun_library#realenergyintotheload#kwh,BUNDOORA,0.0,12.450051,-0.08733013,0.0,0.0
2025-01-20 00:00:00,solar.bun_library#realenergyintotheload#kwh,BUNDOORA,0.0,2.1154332,0.10906803,0.105836615,0.0
2025-01-20 01:00:00,solar.bun_library#realenergyintotheload#kwh,BUNDOORA,0.0,4.93164,0.014234516,0.013812782,0.0
2025-01-20 02:00:00,solar.bun_library#realenergyintotheload#kwh,BUNDOORA,0.0,-2.5799255,0.225496,0.21881512,0.0
2025-01-20 03:00:00,solar.bun_library#realenergyintotheload#kwh,BUNDOORA,0.0,4.5525303,0.16710562,0.16215469,0.0
2025-01-20 04:00:00,solar.bun_library#realenergyintotheload#kwh,BUNDOORA,0.0,0.084581144,0.19834909,0.1924725,0.0
2025-01-20 05:00:00,solar.bun_library#realenergyintotheload#kwh,BUNDOORA,0.0,11.184737,0.19834909,0.1924725,0.0
2025-01-20 06:00:00,solar.bun_library#realenergyintotheload#kwh,BUNDOORA,0.0,27.55645,0.073984765,0.07179278,0.0
2025-01-20 07:00:00,solar.bun_library#realenergyintotheload#kwh,BUNDOORA,4.125,75.289474,9.016738,8.749595,32.0
2025-01-20 08:00:00,solar.bun_library#realenergyintotheload#kwh,BUNDOORA,19.25,156.85957,48.54938,47.110985,157.0
2025-01-20 09:00:00,solar.bun_library#realenergyintotheload#kwh,BUNDOORA,97.25,190.0338,148.81451,144.40552,417.0
2025-01-20 10:00:00,solar.bun_library#realenergyintotheload#kwh,BUNDOORA,129.375,204.64833,189.67896,184.05923,548.0
2025-01-20 11:00:00,solar.bun_library#realenergyintotheload#kwh,BUNDOORA,202.25,227.22748,279.86246,271.57083,799.0
2025-01-20 12:00:00,solar.bun_library#realenergyintotheload#kwh,BUNDOORA,140.375,149.4813,98.59695,95.675766,304.0
2025-01-20 13:00:00,solar.bun_library#realenergyintotheload#kwh,BUNDOORA,222.125,211.1835,303.20908,294.22574,906.0
2025-01-20 14:00:00,solar.bun_library#realenergyintotheload#kwh,BUNDOORA,254.0,281.3921,272.2191,264.1539,830.0
2025-01-20 15:00:00,solar.bun_library#realenergyintotheload#kwh,BUNDOORA,146.25,194.26053,159.4019,154.67921,482.0
2025-01-20 16:00:00,solar.bun_library#realenergyintotheload#kwh,BUNDOORA,177.0,275.63513,174.23868,169.07642,516.0
2025-01-20 17:00:00,solar.bun_library#realenergyintotheload#kwh,BUNDOORA,162.875,283.57922,190.9958,185.33708,574.0
2025-01-20 18:00:00,solar.bun_library#realenergyintotheload#kwh,BUNDOORA,117.875,243.77034,137.61337,133.53624,413.0
2025-01-20 19:00:00,solar.bun_library#realenergyintotheload#kwh,BUNDOORA,65.5,189.16956,100.112656,97.14657,295.0
2025-01-20 20:00:00,solar.bun_library#realenergyintotheload#kwh,BUNDOORA,20.375,149.49998,26.421207,25.638412,89.0
2025-01-20 21:00:00,solar.bun_library#realenergyintotheload#kwh,BUNDOORA,2.625,116.87263,0.07470495,0.07249163,1.0
2025-01-20 22:00:00,solar.bun_library#realenergyintotheload#kwh,BUNDOORA,0.0,36.28047,0.040169988,0.03897985,0.0
2025-01-20 23:00:00,solar.bun_library#realenergyintotheload#kwh,BUNDOORA,0.0,7.922795,-0.11712067,0.0,0.0
2025-01-21 00:00:00,solar.bun_library#realenergyintotheload#kwh,BUNDOORA,0.0,8.99291,-0.07722655,0.0,0.0
2025-01-21 01:00:00,solar.bun_library#realenergyintotheload#kwh,BUNDOORA,0.0,5.4272885,-0.080302596,0.0,0.0
2025-01-21 02:00:00,solar.bun_library#realenergyintotheload#kwh,BUNDOORA,0.0,1.7915294,-0.01028456,0.0,0.0
2025-01-21 03:00:00,solar.bun_library#realenergyintotheload#kwh,BUNDOORA,0.0,-0.66821593,0.022223663,0.02156523,0.0
2025-01-21 04:00:00,solar.bun_library#realenergyintotheload#kwh,BUNDOORA,0.0,-0.55681986,0.05790957,0.056193855,0.0
2025-01-21 05:00:00,solar.bun_library#realenergyintotheload#kwh,BUNDOORA,0.0,13.218221,0.098104455,0.095197864,0.0
2025-01-21 06:00:00,solar.bun_library#realenergyintotheload#kwh,BUNDOORA,0.0,21.498955,0.08313211,0.08066911,0.0
2025-01-21 07:00:00,solar.bun_library#realenergyintotheload#kwh,BUNDOORA,2.875,62.727474,7.681821,7.454228,28.0
2025-01-21 08:00:00,solar.bun_library#realenergyintotheload#kwh,BUNDOORA,28.875,92.674,68.15934,66.139946,204.0
2025-01-21 09:00:00,solar.bun_library#realenergyintotheload#kwh,BUNDOORA,89.0,158.0269,143.1622,138.92067,416.0
2025-01-21 10:00:00,solar.bun_library#realenergyintotheload#kwh,BUNDOORA,161.5,171.86252,222.27644,215.69095,620.0
2025-01-21 11:00:00,solar.bun_library#realenergyintotheload#kwh,BUNDOORA,217.5,272.08618,271.75668,263.7052,805.0
2025-01-21 12:00:00,solar.bun_library#realenergyintotheload#kwh,BUNDOORA,254.625,279.43494,306.53427,297.45242,938.0
2025-01-21 13:00:00,solar.bun_library#realenergyintotheload#kwh,BUNDOORA,275.625,266.99445,319.1682,309.71207,1014.0
2025-01-21 14:00:00,solar.bun_library#realenergyintotheload#kwh,BUNDOORA,288.625,278.50864,318.17752,308.7507,1028.0
2025-01-21 15:00:00,solar.bun_library#realenergyintotheload#kwh,BUNDOORA,281.625,258.73248,317.95187,308.53177,981.0
2025-01-21 16:00:00,solar.bun_library#realenergyintotheload#kwh,BUNDOORA,259.75,249.83434,291.84628,283.19962,875.0
2025-01-21 17:00:00,solar.bun_library#realenergyintotheload#kwh,BUNDOORA,215.0,143.05971,241.33221,234.18214,717.0
2025-01-21 18:00:00,solar.bun_library#realenergyintotheload#kwh,BUNDOORA,156.875,165.75531,175.89966,170.68819,510.0
2025-01-21 19:00:00,solar.bun_library#realenergyintotheload#kwh,BUNDOORA,83.5,78.08145,95.91332,93.07165,305.0
2025-01-21 20:00:00,solar.bun_library#realenergyintotheload#kwh,BUNDOORA,22.5,79.09412,21.168875,20.541695,78.0
2025-01-21 21:00:00,solar.bun_library#realenergyintotheload#kwh,BUNDOORA,2.75,31.26186,-0.04914465,0.0,0.0
2025-01-21 22:00:00,solar.bun_library#realenergyintotheload#kwh,BUNDOORA,0.0,14.125443,0.070227645,0.068146974,0.0
2025-01-21 23:00:00,solar.bun_library#realenergyintotheload#kwh,BUNDOORA,0.0,4.9870443,0.06852733,0.06649704,0.0
2025-01-22 00:00:00,solar.bun_library#realenergyintotheload#kwh,BUNDOORA,0.0,3.1332133,0.06852733,0.06649704,0.0
2025-01-22 01:00:00,solar.bun_library#realenergyintotheload#kwh,BUNDOORA,0.0,1.957913,0.06502696,0.063100375,0.0
2025-01-22 02:00:00,solar.bun_library#realenergyintotheload#kwh,BUNDOORA,0.0,3.4185724,0.06540015,0.06346251,0.0
2025-01-22 03:00:00,solar.bun_library#realenergyintotheload#kwh,BUNDOORA,0.0,-0.03353566,0.06248363,0.060632396,0.0
2025-01-22 04:00:00,solar.bun_library#realenergyintotheload#kwh,BUNDOORA,0.0,1.3342136,0.05620864,0.05454332,0.0
2025-01-22 05:00:00,solar.bun_library#realenergyintotheload#kwh,BUNDOORA,0.0,10.469825,0.055866607,0.05421142,0.0
2025-01-22 06:00:00,solar.bun_library#realenergyintotheload#kwh,BUNDOORA,0.0,29.270868,0.0049072905,0.0047619,0.0
2025-01-22 07:00:00,solar.bun_library#realenergyintotheload#kwh,BUNDOORA,1.25,78.9112,3.8890684,3.773845,15.0
2025-01-22 08:00:00,solar.bun_library#realenergyintotheload#kwh,BUNDOORA,25.5,115.94043,39.050903,37.89392,126.0
2025-01-22 09:00:00,solar.bun_library#realenergyintotheload#kwh,BUNDOORA,59.125,136.79433,76.71419,74.44134,225.0
2025-01-22 10:00:00,solar.bun_library#realenergyintotheload#kwh,BUNDOORA,66.0,132.31944,61.12983,59.318707,183.0
2025-01-22 11:00:00,solar.bun_library#realenergyintotheload#kwh,BUNDOORA,89.125,188.22955,135.4667,131.45317,398.0
2025-01-22 12:00:00,solar.bun_library#realenergyintotheload#kwh,BUNDOORA,156.375,153.72276,182.65964,177.2479,552.0
2025-01-22 13:00:00,solar.bun_library#realenergyintotheload#kwh,BUNDOORA,161.625,123.20921,182.88524,177.46681,536.0
2025-01-22 14:00:00,solar.bun_library#realenergyintotheload#kwh,BUNDOORA,164.75,139.61147,152.8586,148.32977,453.0
2025-01-22 15:00:00,solar.bun_library#realenergyintotheload#kwh,BUNDOORA,197.875,145.58722,229.74406,222.93732,673.0
2025-01-22 16:00:00,solar.bun_library#realenergyintotheload#kwh,BUNDOORA,220.625,205.60298,273.20575,265.11136,769.0
2025-01-22 17:00:00,solar.bun_library#realenergyintotheload#kwh,BUNDOORA,212.0,215.72134,262.081,254.3162,763.0
2025-01-22 18:00:00,solar.bun_library#realenergyintotheload#kwh,BUNDOORA,168.25,170.36502,196.40361,190.58466,567.0
2025-01-22 19:00:00,solar.bun_library#realenergyintotheload#kwh,BUNDOORA,93.5,159.91998,115.53456,112.11156,348.0
2025-01-22 20:00:00,solar.bun_library#realenergyintotheload#kwh,BUNDOORA,26.0,186.601,33.472546,32.48084,133.0
2025-01-22 21:00:00,solar.bun_library#realenergyintotheload#kwh,BUNDOORA,1.75,90.07714,-0.01468045,0.0,1.0
2025-01-22 22:00:00,solar.bun_library#realenergyintotheload#kwh,BUNDOORA,0.0,23.5471,0.09708393,0.09420758,0.0
2025-01-22 23:00:00,solar.bun_library#realenergyintotheload#kwh,BUNDOORA,0.0,6.2921963,-0.10692991,0.0,0.0
2025-01-23 00:00:00,solar.bun_library#realenergyintotheload#kwh,BUNDOORA,0.0,-0.12060289,0.038881473,0.037729513,0.0
2025-01-23 01:00:00,solar.bun_library#realenergyintotheload#kwh,BUNDOORA,0.0,-2.1756477,0.0803932,0.07801136,0.0
2025-01-23 02:00:00,solar.bun_library#realenergyintotheload#kwh,BUNDOORA,0.0,1.4457457,0.052747376,0.051184602,0.0
2025-01-23 03:00:00,solar.bun_library#realenergyintotheload#kwh,BUNDOORA,0.0,0.30056244,0.024202026,0.02348498,0.0
2025-01-23 04:00:00,solar.bun_library#realenergyintotheload#kwh,BUNDOORA,0.0,0.60158837,0.016458016,0.015970405,0.0
2025-01-23 05:00:00,solar.bun_library#realenergyintotheload#kwh,BUNDOORA,0.0,16.010328,0.024202026,0.02348498,0.0
2025-01-23 06:00:00,solar.bun_library#realenergyintotheload#kwh,BUNDOORA,0.0,10.623274,0.043537132,0.042247236,0.0
2025-01-23 07:00:00,solar.bun_library#realenergyintotheload#kwh,BUNDOORA,3.5,7.388843,5.542705,5.3784885,22.0
2025-01-23 08:00:00,solar.bun_library#realenergyintotheload#kwh,BUNDOORA,25.25,30.656181,46.156116,44.788628,136.0
2025-01-23 09:00:00,solar.bun_library#realenergyintotheload#kwh,BUNDOORA,59.375,8.756732,80.69216,78.30145,224.0
2025-01-23 10:00:00,solar.bun_library#realenergyintotheload#kwh,BUNDOORA,95.125,102.968185,118.91671,115.3935,329.0
2025-01-23 11:00:00,solar.bun_library#realenergyintotheload#kwh,BUNDOORA,176.875,226.2964,249.89478,242.49101,707.0
2025-01-23 12:00:00,solar.bun_library#realenergyintotheload#kwh,BUNDOORA,223.0,181.91911,290.87033,282.25256,844.0
2025-01-23 13:00:00,solar.bun_library#realenergyintotheload#kwh,BUNDOORA,186.5,186.84404,155.63919,151.02798,455.0
2025-01-23 14:00:00,solar.bun_library#realenergyintotheload#kwh,BUNDOORA,141.375,142.93523,162.89575,158.06956,476.0
2025-01-23 15:00:00,solar.bun_library#realenergyintotheload#kwh,BUNDOORA,97.75,100.02739,80.01401,77.643394,238.0
2025-01-23 16:00:00,solar.bun_library#realenergyintotheload#kwh,BUNDOORA,39.125,111.63188,42.443188,41.185703,135.0
2025-01-23 17:00:00,solar.bun_library#realenergyintotheload#kwh,BUNDOORA,33.375,71.15425,28.2171,27.381098,84.0
2025-01-23 18:00:00,solar.bun_library#realenergyintotheload#kwh,BUNDOORA,20.125,31.392305,25.358465,24.607157,76.0
2025-01-23 19:00:00,solar.bun_library#realenergyintotheload#kwh,BUNDOORA,14.0,45.220436,25.045414,24.303381,77.0
2025-01-23 20:00:00,solar.bun_library#realenergyintotheload#kwh,BUNDOORA,4.625,49.02792,5.4922056,5.3294854,21.0
2025-01-23 21:00:00,solar.bun_library#realenergyintotheload#kwh,BUNDOORA,0.0,16.166496,0.013125903,0.012737015,0.0
2025-01-23 22:00:00,solar.bun_library#realenergyintotheload#kwh,BUNDOORA,0.0,5.502662,0.013593643,0.013190897,0.0
2025-01-23 23:00:00,solar.bun_library#realenergyintotheload#kwh,BUNDOORA,0.0,0.7583076,0.0065916814,0.0063963863,0.0
2025-01-24 00:00:00,solar.bun_library#realenergyintotheload#kwh,BUNDOORA,0.0,3.857756,0.0065916814,0.0063963863,0.0
2025-01-24 01:00:00,solar.bun_library#realenergyintotheload#kwh,BUNDOORA,0.0,4.6146493,0.014335692,0.013910961,0.0
2025-01-24 02:00:00,solar.bun_library#realenergyintotheload#kwh,BUNDOORA,0.0,0.85865927,0.013836655,0.013426709,0.0
2025-01-24 03:00:00,solar.bun_library#realenergyintotheload#kwh,BUNDOORA,0.0,0.30873436,0.020838618,0.020221222,0.0
2025-01-24 04:00:00,solar.bun_library#realenergyintotheload#kwh,BUNDOORA,0.0,0.40524498,0.0059225876,0.005747116,0.0
2025-01-24 05:00:00,solar.bun_library#realenergyintotheload#kwh,BUNDOORA,0.0,8.645088,0.010920131,0.010596595,0.0
2025-01-24 06:00:00,solar.bun_library#realenergyintotheload#kwh,BUNDOORA,0.0,13.599884,0.017922092,0.017391106,0.0
2025-01-24 07:00:00,solar.bun_library#realenergyintotheload#kwh,BUNDOORA,1.5,41.501003,7.7380548,7.5087957,27.0
2025-01-24 08:00:00,solar.bun_library#realenergyintotheload#kwh,BUNDOORA,20.25,48.181107,49.17255,47.71569,142.0
2025-01-24 09:00:00,solar.bun_library#realenergyintotheload#kwh,BUNDOORA,44.0,21.554579,75.0671,72.84305,212.0
2025-01-24 10:00:00,solar.bun_library#realenergyintotheload#kwh,BUNDOORA,84.625,88.18753,119.32374,115.788475,332.0
2025-01-24 11:00:00,solar.bun_library#realenergyintotheload#kwh,BUNDOORA,123.75,99.18491,168.88219,163.87863,482.0
2025-01-24 12:00:00,solar.bun_library#realenergyintotheload#kwh,BUNDOORA,191.75,150.30394,230.10657,223.28908,670.0
2025-01-24 13:00:00,solar.bun_library#realenergyintotheload#kwh,BUNDOORA,194.75,101.62064,289.1675,280.6002,854.0
2025-01-24 14:00:00,solar.bun_library#realenergyintotheload#kwh,BUNDOORA,290.75,253.10913,323.51566,313.9307,1048.0
2025-01-24 15:00:00,solar.bun_library#realenergyintotheload#kwh,BUNDOORA,300.375,236.73424,319.2317,309.77365,1001.0
2025-01-24 16:00:00,solar.bun_library#realenergyintotheload#kwh,BUNDOORA,282.75,235.96835,306.18494,297.11343,894.0
2025-01-24 17:00:00,solar.bun_library#realenergyintotheload#kwh,BUNDOORA,232.125,249.83705,246.85892,239.5451,736.0
2025-01-24 18:00:00,solar.bun_library#realenergyintotheload#kwh,BUNDOORA,165.0,248.81284,190.40498,184.76376,542.0
2025-01-24 19:00:00,solar.bun_library#realenergyintotheload#kwh,BUNDOORA,90.5,231.32117,111.86055,108.5464,329.0
2025-01-24 20:00:00,solar.bun_library#realenergyintotheload#kwh,BUNDOORA,24.125,171.16492,34.484932,33.46323,123.0
2025-01-24 21:00:00,solar.bun_library#realenergyintotheload#kwh,BUNDOORA,1.5,72.25355,0.08346831,0.08099535,0.0
2025-01-24 22:00:00,solar.bun_library#realenergyintotheload#kwh,BUNDOORA,0.0,24.169367,0.051040865,0.04952865,0.0
2025-01-24 23:00:00,solar.bun_library#realenergyintotheload#kwh,BUNDOORA,0.0,3.1002579,0.07208248,0.069946855,0.0
2025-01-25 00:00:00,solar.bun_library#realenergyintotheload#kwh,BUNDOORA,0.0,1.4230702,0.043537132,0.042247236,0.0
2025-01-25 01:00:00,solar.bun_library#realenergyintotheload#kwh,BUNDOORA,0.0,0.60270363,0.035793122,0.034732662,0.0
2025-01-25 02:00:00,solar.bun_library#realenergyintotheload#kwh,BUNDOORA,0.0,1.9808146,0.043537132,0.042247236,0.0
2025-01-25 03:00:00,solar.bun_library#realenergyintotheload#kwh,BUNDOORA,0.0,0.7993761,0.020869914,0.02025159,0.0
2025-01-25 04:00:00,solar.bun_library#realenergyintotheload#kwh,BUNDOORA,0.0,0.34107506,0.020869914,0.02025159,0.0
2025-01-25 05:00:00,solar.bun_library#realenergyintotheload#kwh,BUNDOORA,0.0,5.537303,0.020869914,0.02025159,0.0
2025-01-25 06:00:00,solar.bun_library#realenergyintotheload#kwh,BUNDOORA,0.0,9.571558,0.020869914,0.02025159,0.0
2025-01-25 07:00:00,solar.bun_library#realenergyintotheload#kwh,BUNDOORA,0.0,22.510347,4.7606387,4.6195927,19.0
2025-01-25 08:00:00,solar.bun_library#realenergyintotheload#kwh,BUNDOORA,0.0,33.285473,37.745564,36.62726,127.0
2025-01-25 09:00:00,solar.bun_library#realenergyintotheload#kwh,BUNDOORA,0.0,19.887424,133.7961,129.83205,375.0
2025-01-25 10:00:00,solar.bun_library#realenergyintotheload#kwh,BUNDOORA,0.0,89.385086,162.3052,157.4965,451.0
2025-01-25 11:00:00,solar.bun_library#realenergyintotheload#kwh,BUNDOORA,0.0,156.43294,237.74956,230.70563,678.0
2025-01-25 12:00:00,solar.bun_library#realenergyintotheload#kwh,BUNDOORA,0.0,201.38956,238.09732,231.04309,693.0
2025-01-25 13:00:00,solar.bun_library#realenergyintotheload#kwh,BUNDOORA,0.0,283.69427,320.89017,311.383,1014.0
2025-01-25 14:00:00,solar.bun_library#realenergyintotheload#kwh,BUNDOORA,0.0,285.3343,321.23776,311.72028,1031.0
2025-01-25 15:00:00,solar.bun_library#realenergyintotheload#kwh,BUNDOORA,0.0,247.11398,315.17856,305.8406,983.0
2025-01-25 16:00:00,solar.bun_library#realenergyintotheload#kwh,BUNDOORA,0.0,253.48805,290.88577,282.26755,878.0
2025-01-25 17:00:00,solar.bun_library#realenergyintotheload#kwh,BUNDOORA,0.0,244.69962,238.66304,231.59206,719.0
2025-01-25 18:00:00,solar.bun_library#realenergyintotheload#kwh,BUNDOORA,0.0,195.70511,171.47855,166.39807,522.0
2025-01-25 19:00:00,solar.bun_library#realenergyintotheload#kwh,BUNDOORA,0.0,180.152,100.50289,97.525246,307.0
2025-01-25 20:00:00,solar.bun_library#realenergyintotheload#kwh,BUNDOORA,0.0,88.59029,9.284981,9.00989,31.0
2025-01-25 21:00:00,solar.bun_library#realenergyintotheload#kwh,BUNDOORA,0.0,36.438377,0.00783392,0.007601821,0.0
2025-01-25 22:00:00,solar.bun_library#realenergyintotheload#kwh,BUNDOORA,0.0,21.638226,0.0009858161,0.00095660886,0.0
2025-01-25 23:00:00,solar.bun_library#realenergyintotheload#kwh,BUNDOORA,0.0,0.061541483,0.004987168,0.004839411,0.0
2025-01-26 00:00:00,solar.bun_library#realenergyintotheload#kwh,BUNDOORA,0.0,1.0274538,0.003181057,0.0030868102,0.0
2025-01-26 01:00:00,solar.bun_library#realenergyintotheload#kwh,BUNDOORA,0.0,0.49178568,0.116418846,0.112969644,0.0
2025-01-26 02:00:00,solar.bun_library#realenergyintotheload#kwh,BUNDOORA,0.0,0.4917604,0.03097044,0.030052863,0.0
2025-01-26 03:00:00,solar.bun_library#realenergyintotheload#kwh,BUNDOORA,0.0,0.16913435,0.02113207,0.02050598,0.0
2025-01-26 04:00:00,solar.bun_library#realenergyintotheload#kwh,BUNDOORA,0.0,-0.04668294,0.021173328,0.020546015,0.0
2025-01-26 05:00:00,solar.bun_library#realenergyintotheload#kwh,BUNDOORA,0.0,1.066849,0.021173328,0.020546015,0.0
2025-01-26 06:00:00,solar.bun_library#realenergyintotheload#kwh,BUNDOORA,0.0,3.7430825,0.021173328,0.020546015,0.0
2025-01-26 07:00:00,solar.bun_library#realenergyintotheload#kwh,BUNDOORA,0.0,5.210166,4.6145124,4.477796,17.0
2025-01-26 08:00:00,solar.bun_library#realenergyintotheload#kwh,BUNDOORA,0.0,40.841236,24.164148,23.448225,82.0
2025-01-26 09:00:00,solar.bun_library#realenergyintotheload#kwh,BUNDOORA,0.0,40.592567,84.003845,81.51502,243.0
2025-01-26 10:00:00,solar.bun_library#realenergyintotheload#kwh,BUNDOORA,0.0,59.977554,203.49576,197.46669,567.0
2025-01-26 11:00:00,solar.bun_library#realenergyintotheload#kwh,BUNDOORA,0.0,158.79723,163.51143,158.66699,473.0
2025-01-26 12:00:00,solar.bun_library#realenergyintotheload#kwh,BUNDOORA,0.0,231.77333,303.32407,294.33734,902.0
2025-01-26 13:00:00,solar.bun_library#realenergyintotheload#kwh,BUNDOORA,0.0,247.1397,322.4066,312.8545,1007.0
2025-01-26 14:00:00,solar.bun_library#realenergyintotheload#kwh,BUNDOORA,0.0,256.387,321.17178,311.65628,1023.0
2025-01-26 15:00:00,solar.bun_library#realenergyintotheload#kwh,BUNDOORA,0.0,232.72049,317.1816,307.7843,974.0
2025-01-26 16:00:00,solar.bun_library#realenergyintotheload#kwh,BUNDOORA,0.0,211.02695,291.24594,282.61707,866.0
2025-01-26 17:00:00,solar.bun_library#realenergyintotheload#kwh,BUNDOORA,0.0,185.80182,242.2338,235.057,710.0
2025-01-26 18:00:00,solar.bun_library#realenergyintotheload#kwh,BUNDOORA,0.0,216.42601,173.47282,168.33325,519.0
2025-01-26 19:00:00,solar.bun_library#realenergyintotheload#kwh,BUNDOORA,0.0,208.38689,100.10791,97.14196,310.0
2025-01-26 20:00:00,solar.bun_library#realenergyintotheload#kwh,BUNDOORA,0.0,157.60962,28.182642,27.34766,110.0
2025-01-26 21:00:00,solar.bun_library#realenergyintotheload#kwh,BUNDOORA,0.0,67.476,0.061155327,0.059343446,0.0
2025-01-26 22:00:00,solar.bun_library#realenergyintotheload#kwh,BUNDOORA,0.0,22.315296,-0.004225716,0.0,0.0
2025-01-26 23:00:00,solar.bun_library#realenergyintotheload#kwh,BUNDOORA,0.0,3.1292124,0.044141326,0.04283353,0.0
2025-01-27 00:00:00,solar.bun_library#realenergyintotheload#kwh,BUNDOORA,0.0,3.6050045,0.04387917,0.04257914,0.0
2025-01-27 01:00:00,solar.bun_library#realenergyintotheload#kwh,BUNDOORA,0.0,0.5949035,0.043537132,0.042247236,0.0
2025-01-27 02:00:00,solar.bun_library#realenergyintotheload#kwh,BUNDOORA,0.0,1.6574185,0.043537132,0.042247236,0.0
2025-01-27 03:00:00,solar.bun_library#realenergyintotheload#kwh,BUNDOORA,0.0,0.6888306,0.043537132,0.042247236,0.0
2025-01-27 04:00:00,solar.bun_library#realenergyintotheload#kwh,BUNDOORA,0.0,2.6619453,0.024002578,0.023291443,0.0
2025-01-27 05:00:00,solar.bun_library#realenergyintotheload#kwh,BUNDOORA,0.0,11.763442,0.059937518,0.05816172,0.0
2025-01-27 06:00:00,solar.bun_library#realenergyintotheload#kwh,BUNDOORA,0.0,20.414,0.08879915,0.08616825,0.0
2025-01-27 07:00:00,solar.bun_library#realenergyintotheload#kwh,BUNDOORA,0.0,103.968216,6.187178,6.0038676,24.0
2025-01-27 08:00:00,solar.bun_library#realenergyintotheload#kwh,BUNDOORA,0.0,161.83755,63.160515,61.289227,199.0
2025-01-27 09:00:00,solar.bun_library#realenergyintotheload#kwh,BUNDOORA,0.0,240.37119,137.36752,133.29767,395.0
2025-01-27 10:00:00,solar.bun_library#realenergyintotheload#kwh,BUNDOORA,0.0,148.02219,146.78899,142.44,424.0
2025-01-27 11:00:00,solar.bun_library#realenergyintotheload#kwh,BUNDOORA,0.0,182.49709,53.92106,52.323513,166.0
2025-01-27 12:00:00,solar.bun_library#realenergyintotheload#kwh,BUNDOORA,0.0,167.00461,133.84328,129.87784,407.0
2025-01-27 13:00:00,solar.bun_library#realenergyintotheload#kwh,BUNDOORA,143.75,235.89319,318.43857,309.00403,1003.0
2025-01-27 14:00:00,solar.bun_library#realenergyintotheload#kwh,BUNDOORA,290.875,245.89592,318.89658,309.44846,1025.0
2025-01-27 15:00:00,solar.bun_library#realenergyintotheload#kwh,BUNDOORA,279.125,253.65306,317.2853,307.88495,976.0
2025-01-27 16:00:00,solar.bun_library#realenergyintotheload#kwh,BUNDOORA,247.25,235.75165,283.40228,275.00577,860.0
2025-01-27 17:00:00,solar.bun_library#realenergyintotheload#kwh,BUNDOORA,67.0,186.38629,63.27883,61.404037,191.0
2025-01-27 18:00:00,solar.bun_library#realenergyintotheload#kwh,BUNDOORA,59.0,177.36737,58.355206,56.626286,181.0
2025-01-27 19:00:00,solar.bun_library#realenergyintotheload#kwh,BUNDOORA,8.125,176.71571,24.721891,23.989443,81.0
2025-01-27 20:00:00,solar.bun_library#realenergyintotheload#kwh,BUNDOORA,2.75,142.381,13.106139,12.717837,39.0
2025-01-27 21:00:00,solar.bun_library#realenergyintotheload#kwh,BUNDOORA,0.0,29.485142,-0.035570525,0.0,0.0
2025-01-27 22:00:00,solar.bun_library#realenergyintotheload#kwh,BUNDOORA,0.0,10.103094,0.142488,0.13826644,0.0
2025-01-27 23:00:00,solar.bun_library#realenergyintotheload#kwh,BUNDOORA,0.0,1.5061998,0.06335329,0.061476294,0.0
2025-01-28 00:00:00,solar.bun_library#realenergyintotheload#kwh,BUNDOORA,0.0,0.6900613,0.06335329,0.061476294,0.0
2025-01-28 01:00:00,solar.bun_library#realenergyintotheload#kwh,BUNDOORA,0.0,0.62979144,0.05902484,0.05727608,0.0
2025-01-28 02:00:00,solar.bun_library#realenergyintotheload#kwh,BUNDOORA,0.0,0.15374938,0.058497466,0.05676433,0.0
2025-01-28 03:00:00,solar.bun_library#realenergyintotheload#kwh,BUNDOORA,0.0,1.738688,0.08440507,0.08190436,0.0
2025-01-28 04:00:00,solar.bun_library#realenergyintotheload#kwh,BUNDOORA,0.0,1.0307974,0.05766096,0.05595261,0.0
2025-01-28 05:00:00,solar.bun_library#realenergyintotheload#kwh,BUNDOORA,0.0,4.286055,0.011262164,0.010928495,0.0
2025-01-28 06:00:00,solar.bun_library#realenergyintotheload#kwh,BUNDOORA,0.0,29.76364,0.01866414,0.018111167,0.0
2025-01-28 07:00:00,solar.bun_library#realenergyintotheload#kwh,BUNDOORA,0.25,57.138393,3.8367393,3.7230663,16.0
2025-01-28 08:00:00,solar.bun_library#realenergyintotheload#kwh,BUNDOORA,15.25,97.68184,37.099068,35.999916,125.0
2025-01-28 09:00:00,solar.bun_library#realenergyintotheload#kwh,BUNDOORA,41.5,120.857796,83.59177,81.11515,250.0
2025-01-28 10:00:00,solar.bun_library#realenergyintotheload#kwh,BUNDOORA,74.625,145.026,88.44357,85.82321,256.0
2025-01-28 11:00:00,solar.bun_library#realenergyintotheload#kwh,BUNDOORA,117.625,117.40528,150.45918,146.00145,433.0
2025-01-28 12:00:00,solar.bun_library#realenergyintotheload#kwh,BUNDOORA,170.0,105.16055,225.10535,218.43604,653.0
2025-01-28 13:00:00,solar.bun_library#realenergyintotheload#kwh,BUNDOORA,191.5,158.97313,299.6464,290.76862,905.0
2025-01-28 14:00:00,solar.bun_library#realenergyintotheload#kwh,BUNDOORA,266.125,248.30237,323.3713,313.79062,1042.0
2025-01-28 15:00:00,solar.bun_library#realenergyintotheload#kwh,BUNDOORA,287.375,233.87088,320.69537,311.19397,1003.0
2025-01-28 16:00:00,solar.bun_library#realenergyintotheload#kwh,BUNDOORA,282.25,221.81691,299.284,290.41696,900.0
2025-01-28 17:00:00,solar.bun_library#realenergyintotheload#kwh,BUNDOORA,232.875,240.59912,256.25977,248.66743,742.0
2025-01-28 18:00:00,solar.bun_library#realenergyintotheload#kwh,BUNDOORA,84.875,238.74794,190.47197,184.82877,545.0
2025-01-28 19:00:00,solar.bun_library#realenergyintotheload#kwh,BUNDOORA,89.75,196.76175,106.67035,103.50997,326.0
2025-01-28 20:00:00,solar.bun_library#realenergyintotheload#kwh,BUNDOORA,24.75,190.78108,29.180727,28.316175,115.0
2025-01-28 21:00:00,solar.bun_library#realenergyintotheload#kwh,BUNDOORA,1.0,29.684553,0.065928005,0.06397472,0.0
2025-01-28 22:00:00,solar.bun_library#realenergyintotheload#kwh,BUNDOORA,0.0,20.481297,-0.011718501,0.0,0.0
2025-01-28 23:00:00,solar.bun_library#realenergyintotheload#kwh,BUNDOORA,0.0,0.9434666,-0.108264096,0.0,0.0
2025-01-29 00:00:00,solar.bun_library#realenergyintotheload#kwh,BUNDOORA,0.0,1.9536148,0.06857083,0.06653925,0.0
2025-01-29 01:00:00,solar.bun_library#realenergyintotheload#kwh,BUNDOORA,0.0,0.7586498,0.060105674,0.058324892,0.0
2025-01-29 02:00:00,solar.bun_library#realenergyintotheload#kwh,BUNDOORA,0.0,4.1913533,0.060105674,0.058324892,0.0
2025-01-29 03:00:00,solar.bun_library#realenergyintotheload#kwh,BUNDOORA,0.0,2.0325933,0.052915532,0.051347777,0.0
2025-01-29 04:00:00,solar.bun_library#realenergyintotheload#kwh,BUNDOORA,0.0,0.9256883,0.01625666,0.015775016,0.0
2025-01-29 05:00:00,solar.bun_library#realenergyintotheload#kwh,BUNDOORA,0.0,6.697994,0.013099412,0.01271131,0.0
2025-01-29 06:00:00,solar.bun_library#realenergyintotheload#kwh,BUNDOORA,0.0,12.01713,0.008704423,0.008446532,0.0
2025-01-29 07:00:00,solar.bun_library#realenergyintotheload#kwh,BUNDOORA,0.875,28.696224,5.4924197,5.329693,21.0
2025-01-29 08:00:00,solar.bun_library#realenergyintotheload#kwh,BUNDOORA,29.875,85.24682,57.08404,55.392784,166.0
2025-01-29 09:00:00,solar.bun_library#realenergyintotheload#kwh,BUNDOORA,61.125,134.68704,122.38915,118.76307,317.0
2025-01-29 10:00:00,solar.bun_library#realenergyintotheload#kwh,BUNDOORA,142.875,134.3536,231.23074,224.37996,632.0
2025-01-29 11:00:00,solar.bun_library#realenergyintotheload#kwh,BUNDOORA,232.25,210.9815,284.23935,275.81805,820.0
2025-01-29 12:00:00,solar.bun_library#realenergyintotheload#kwh,BUNDOORA,280.625,264.3652,314.02863,304.72473,959.0
2025-01-29 13:00:00,solar.bun_library#realenergyintotheload#kwh,BUNDOORA,299.5,246.19598,322.02057,312.4799,1039.0
2025-01-29 14:00:00,solar.bun_library#realenergyintotheload#kwh,BUNDOORA,296.5,245.38188,324.76828,315.1462,1057.0
2025-01-29 15:00:00,solar.bun_library#realenergyintotheload#kwh,BUNDOORA,290.0,234.03232,323.61444,314.02655,1011.0
2025-01-29 16:00:00,solar.bun_library#realenergyintotheload#kwh,BUNDOORA,284.625,223.07312,304.55435,295.53116,904.0
2025-01-29 17:00:00,solar.bun_library#realenergyintotheload#kwh,BUNDOORA,234.875,232.60175,259.8865,252.18672,746.0
2025-01-29 18:00:00,solar.bun_library#realenergyintotheload#kwh,BUNDOORA,166.125,223.10712,185.90536,180.39746,548.0
2025-01-29 19:00:00,solar.bun_library#realenergyintotheload#kwh,BUNDOORA,90.125,184.3185,106.39135,103.23924,330.0
2025-01-29 20:00:00,solar.bun_library#realenergyintotheload#kwh,BUNDOORA,23.75,170.78981,32.713303,31.74409,118.0
2025-01-29 21:00:00,solar.bun_library#realenergyintotheload#kwh,BUNDOORA,1.25,59.457344,0.007325193,0.007108166,0.0
2025-01-29 22:00:00,solar.bun_library#realenergyintotheload#kwh,BUNDOORA,0.0,17.746439,0.14538968,0.14108214,0.0
2025-01-29 23:00:00,solar.bun_library#realenergyintotheload#kwh,BUNDOORA,0.0,-0.16455553,0.0803932,0.07801136,0.0
2025-01-30 00:00:00,solar.bun_library#realenergyintotheload#kwh,BUNDOORA,0.0,1.4482442,0.037374623,0.036267307,0.0
2025-01-30 01:00:00,solar.bun_library#realenergyintotheload#kwh,BUNDOORA,0.0,0.30056244,0.024202026,0.02348498,0.0
2025-01-30 02:00:00,solar.bun_library#realenergyintotheload#kwh,BUNDOORA,0.0,0.66014636,0.016458016,0.015970405,0.0
2025-01-30 03:00:00,solar.bun_library#realenergyintotheload#kwh,BUNDOORA,0.0,0.44528562,0.014792585,0.014354317,0.0
2025-01-30 04:00:00,solar.bun_library#realenergyintotheload#kwh,BUNDOORA,0.0,-0.09392757,0.003181057,0.0030868102,0.0
2025-01-30 05:00:00,solar.bun_library#realenergyintotheload#kwh,BUNDOORA,0.0,9.099794,0.0029816069,0.0028932693,0.0
2025-01-30 06:00:00,solar.bun_library#realenergyintotheload#kwh,BUNDOORA,0.0,27.571766,-0.011835629,0.0,0.0
2025-01-30 07:00:00,solar.bun_library#realenergyintotheload#kwh,BUNDOORA,1.0,59.29181,2.5227377,2.4479954,10.0
2025-01-30 08:00:00,solar.bun_library#realenergyintotheload#kwh,BUNDOORA,13.75,84.97463,31.204395,30.279886,96.0
2025-01-30 09:00:00,solar.bun_library#realenergyintotheload#kwh,BUNDOORA,39.5,61.237453,65.90314,63.950592,193.0
2025-01-30 10:00:00,solar.bun_library#realenergyintotheload#kwh,BUNDOORA,74.25,162.9449,117.398056,113.919846,332.0
2025-01-30 11:00:00,solar.bun_library#realenergyintotheload#kwh,BUNDOORA,164.25,161.46416,167.69147,162.72319,478.0
2025-01-30 12:00:00,solar.bun_library#realenergyintotheload#kwh,BUNDOORA,188.125,184.68225,249.15996,241.77797,712.0
2025-01-30 13:00:00,solar.bun_library#realenergyintotheload#kwh,BUNDOORA,222.25,222.31528,284.81186,276.3736,837.0
2025-01-30 14:00:00,solar.bun_library#realenergyintotheload#kwh,BUNDOORA,254.125,273.31363,323.569,313.98245,1039.0
2025-01-30 15:00:00,solar.bun_library#realenergyintotheload#kwh,BUNDOORA,289.125,263.41263,320.25674,310.76834,1002.0
2025-01-30 16:00:00,solar.bun_library#realenergyintotheload#kwh,BUNDOORA,276.75,243.58766,303.6579,294.6613,891.0
2025-01-30 17:00:00,solar.bun_library#realenergyintotheload#kwh,BUNDOORA,232.125,227.80022,248.31274,240.95586,731.0
2025-01-30 18:00:00,solar.bun_library#realenergyintotheload#kwh,BUNDOORA,164.125,253.07008,187.17943,181.63377,534.0
2025-01-30 19:00:00,solar.bun_library#realenergyintotheload#kwh,BUNDOORA,88.125,209.42545,103.69575,100.623505,317.0
2025-01-30 20:00:00,solar.bun_library#realenergyintotheload#kwh,BUNDOORA,22.25,194.31265,29.769201,28.887215,111.0
2025-01-30 21:00:00,solar.bun_library#realenergyintotheload#kwh,BUNDOORA,1.125,75.78429,0.103270024,0.10021039,0.0
2025-01-30 22:00:00,solar.bun_library#realenergyintotheload#kwh,BUNDOORA,0.0,20.325472,-0.042522404,0.0,0.0
2025-01-30 23:00:00,solar.bun_library#realenergyintotheload#kwh,BUNDOORA,0.0,-0.91189176,0.037374623,0.036267307,0.0
2025-01-31 00:00:00,solar.bun_library#realenergyintotheload#kwh,BUNDOORA,0.0,-0.11847283,0.02417073,0.023454612,0.0
2025-01-31 01:00:00,solar.bun_library#realenergyintotheload#kwh,BUNDOORA,0.0,0.9110972,0.024202026,0.02348498,0.0
2025-01-31 02:00:00,solar.bun_library#realenergyintotheload#kwh,BUNDOORA,0.0,0.6925537,0.024202026,0.02348498,0.0
2025-01-31 03:00:00,solar.bun_library#realenergyintotheload#kwh,BUNDOORA,0.0,0.59528935,0.024202026,0.02348498,0.0
2025-01-31 04:00:00,solar.bun_library#realenergyintotheload#kwh,BUNDOORA,0.0,0.54846424,0.0058300784,0.005657348,0.0
2025-01-31 05:00:00,solar.bun_library#realenergyintotheload#kwh,BUNDOORA,0.0,1.6710596,0.005661809,0.0054940637,0.0
2025-01-31 06:00:00,solar.bun_library#realenergyintotheload#kwh,BUNDOORA,0.0,7.77047,0.020869914,0.02025159,0.0
2025-01-31 07:00:00,solar.bun_library#realenergyintotheload#kwh,BUNDOORA,0.625,5.821909,4.7284164,4.5883255,19.0
2025-01-31 08:00:00,solar.bun_library#realenergyintotheload#kwh,BUNDOORA,19.375,19.24683,66.67594,64.7005,193.0
2025-01-31 09:00:00,solar.bun_library#realenergyintotheload#kwh,BUNDOORA,84.5,37.177853,157.2058,152.54819,408.0
2025-01-31 10:00:00,solar.bun_library#realenergyintotheload#kwh,BUNDOORA,169.75,156.91714,220.00404,213.48587,620.0
2025-01-31 11:00:00,solar.bun_library#realenergyintotheload#kwh,BUNDOORA,226.25,221.04915,283.9643,275.55115,805.0
2025-01-31 12:00:00,solar.bun_library#realenergyintotheload#kwh,BUNDOORA,275.25,259.36172,314.84964,305.52142,943.0
2025-01-31 13:00:00,solar.bun_library#realenergyintotheload#kwh,BUNDOORA,297.375,269.02313,320.57986,311.08188,1025.0
2025-01-31 14:00:00,solar.bun_library#realenergyintotheload#kwh,BUNDOORA,300.5,282.96292,322.21326,312.66687,1043.0
2025-01-31 15:00:00,solar.bun_library#realenergyintotheload#kwh,BUNDOORA,299.0,222.08498,318.7289,309.28577,997.0
2025-01-31 16:00:00,solar.bun_library#realenergyintotheload#kwh,BUNDOORA,279.5,230.77321,296.18442,287.4092,893.0
2025-01-31 17:00:00,solar.bun_library#realenergyintotheload#kwh,BUNDOORA,230.625,221.48581,240.26604,233.14755,737.0
2025-01-31 18:00:00,solar.bun_library#realenergyintotheload#kwh,BUNDOORA,162.75,223.7887,180.8863,175.5271,542.0
2025-01-31 19:00:00,solar.bun_library#realenergyintotheload#kwh,BUNDOORA,87.625,202.77135,105.26661,102.14782,325.0
2025-01-31 20:00:00,solar.bun_library#realenergyintotheload#kwh,BUNDOORA,21.625,164.99225,30.58331,29.677202,115.0
2025-01-31 21:00:00,solar.bun_library#realenergyintotheload#kwh,BUNDOORA,1.0,95.10655,0.08350357,0.081029564,0.0
2025-01-31 22:00:00,solar.bun_library#realenergyintotheload#kwh,BUNDOORA,0.0,20.056316,0.11245919,0.109127305,0.0
2025-01-31 23:00:00,solar.bun_library#realenergyintotheload#kwh,BUNDOORA,0.0,0.68834114,0.05073621,0.049233023,0.0
2025-02-01 00:00:00,solar.bun_library#realenergyintotheload#kwh,BUNDOORA,0.0,3.1287248,0.03770743,0.036590252,0.0
2025-02-01 01:00:00,solar.bun_library#realenergyintotheload#kwh,BUNDOORA,0.0,1.3058752,0.0013749441,0.001334208,0.0
2025-02-01 02:00:00,solar.bun_library#realenergyintotheload#kwh,BUNDOORA,0.0,1.9525115,0.0013749441,0.001334208,0.0
2025-02-01 03:00:00,solar.bun_library#realenergyintotheload#kwh,BUNDOORA,0.0,1.0168337,0.0063674105,0.00617876,0.0
2025-02-01 04:00:00,solar.bun_library#realenergyintotheload#kwh,BUNDOORA,0.0,1.9767007,0.019753996,0.019168735,0.0
2025-02-01 05:00:00,solar.bun_library#realenergyintotheload#kwh,BUNDOORA,0.0,5.225417,-0.0029132236,0.0,0.0
2025-02-01 06:00:00,solar.bun_library#realenergyintotheload#kwh,BUNDOORA,0.0,7.638894,0.020869914,0.02025159,0.0
2025-02-01 07:00:00,solar.bun_library#realenergyintotheload#kwh,BUNDOORA,0.0,4.7975006,2.6288643,2.5509777,13.0
2025-02-01 08:00:00,solar.bun_library#realenergyintotheload#kwh,BUNDOORA,0.0,15.559882,65.82456,63.874344,192.0
2025-02-01 09:00:00,solar.bun_library#realenergyintotheload#kwh,BUNDOORA,0.0,80.09602,156.60455,151.96475,407.0
2025-02-01 10:00:00,solar.bun_library#realenergyintotheload#kwh,BUNDOORA,0.0,160.2492,221.24077,214.68596,613.0
2025-02-01 11:00:00,solar.bun_library#realenergyintotheload#kwh,BUNDOORA,0.0,196.57352,274.17325,266.05017,793.0
2025-02-01 12:00:00,solar.bun_library#realenergyintotheload#kwh,BUNDOORA,0.0,190.39375,309.05743,299.90085,928.0
2025-02-01 13:00:00,solar.bun_library#realenergyintotheload#kwh,BUNDOORA,0.0,280.98868,320.00668,310.5257,1005.0
2025-02-01 14:00:00,solar.bun_library#realenergyintotheload#kwh,BUNDOORA,0.0,259.98914,320.75653,311.25333,1022.0
2025-02-01 15:00:00,solar.bun_library#realenergyintotheload#kwh,BUNDOORA,0.0,267.42496,318.18472,308.7577,977.0
2025-02-01 16:00:00,solar.bun_library#realenergyintotheload#kwh,BUNDOORA,0.0,261.97043,281.92456,273.57184,871.0
2025-02-01 17:00:00,solar.bun_library#realenergyintotheload#kwh,BUNDOORA,0.0,267.63522,237.43288,230.39833,714.0
2025-02-01 18:00:00,solar.bun_library#realenergyintotheload#kwh,BUNDOORA,0.0,248.19325,169.17096,164.15884,521.0
2025-02-01 19:00:00,solar.bun_library#realenergyintotheload#kwh,BUNDOORA,0.0,213.80084,96.400406,93.544304,309.0
2025-02-01 20:00:00,solar.bun_library#realenergyintotheload#kwh,BUNDOORA,0.0,164.4775,27.422705,26.610239,106.0
2025-02-01 21:00:00,solar.bun_library#realenergyintotheload#kwh,BUNDOORA,0.0,71.21207,0.0964658,0.09360776,0.0
2025-02-01 22:00:00,solar.bun_library#realenergyintotheload#kwh,BUNDOORA,0.0,25.112942,-0.073053114,0.0,0.0
2025-02-01 23:00:00,solar.bun_library#realenergyintotheload#kwh,BUNDOORA,0.0,5.0821257,0.04097751,0.03976345,0.0
2025-02-02 00:00:00,solar.bun_library#realenergyintotheload#kwh,BUNDOORA,0.0,-1.6575243,0.014783069,0.014345083,0.0
2025-02-02 01:00:00,solar.bun_library#realenergyintotheload#kwh,BUNDOORA,0.0,-1.5789886,0.07261354,0.07046218,0.0
2025-02-02 02:00:00,solar.bun_library#realenergyintotheload#kwh,BUNDOORA,0.0,5.2229733,0.11603909,0.11260114,0.0
2025-02-02 03:00:00,solar.bun_library#realenergyintotheload#kwh,BUNDOORA,0.0,-1.4436175,0.07890493,0.07656717,0.0
2025-02-02 04:00:00,solar.bun_library#realenergyintotheload#kwh,BUNDOORA,0.0,-0.19110122,-0.06277178,0.0,0.0
2025-02-02 05:00:00,solar.bun_library#realenergyintotheload#kwh,BUNDOORA,0.0,2.5200667,-0.1866795,0.0,0.0
2025-02-02 06:00:00,solar.bun_library#realenergyintotheload#kwh,BUNDOORA,0.0,37.576168,0.17203477,0.16693781,0.0
2025-02-02 07:00:00,solar.bun_library#realenergyintotheload#kwh,BUNDOORA,0.0,108.95732,2.7421703,2.6609266,12.0
2025-02-02 08:00:00,solar.bun_library#realenergyintotheload#kwh,BUNDOORA,0.0,157.96887,47.360355,45.957188,152.0
2025-02-02 09:00:00,solar.bun_library#realenergyintotheload#kwh,BUNDOORA,0.0,167.87393,103.92916,100.85,308.0
2025-02-02 10:00:00,solar.bun_library#realenergyintotheload#kwh,BUNDOORA,0.0,93.30487,170.18155,165.1395,483.0
2025-02-02 11:00:00,solar.bun_library#realenergyintotheload#kwh,BUNDOORA,0.0,152.70082,218.62883,212.1514,647.0
2025-02-02 12:00:00,solar.bun_library#realenergyintotheload#kwh,BUNDOORA,0.0,248.48045,261.63452,253.88295,770.0
2025-02-02 13:00:00,solar.bun_library#realenergyintotheload#kwh,BUNDOORA,0.0,219.14378,188.33725,182.7573,572.0
2025-02-02 14:00:00,solar.bun_library#realenergyintotheload#kwh,BUNDOORA,0.0,283.72095,312.4831,303.225,971.0
2025-02-02 15:00:00,solar.bun_library#realenergyintotheload#kwh,BUNDOORA,0.0,278.9862,296.5429,287.75708,894.0
2025-02-02 16:00:00,solar.bun_library#realenergyintotheload#kwh,BUNDOORA,0.0,278.59946,268.1954,260.24945,809.0
2025-02-02 17:00:00,solar.bun_library#realenergyintotheload#kwh,BUNDOORA,0.0,276.0079,221.61714,215.05118,679.0
2025-02-02 18:00:00,solar.bun_library#realenergyintotheload#kwh,BUNDOORA,0.0,248.152,163.43652,158.59431,491.0
2025-02-02 19:00:00,solar.bun_library#realenergyintotheload#kwh,BUNDOORA,0.0,193.62349,92.29329,89.55887,286.0
2025-02-02 20:00:00,solar.bun_library#realenergyintotheload#kwh,BUNDOORA,0.0,115.68954,14.929856,14.487522,46.0
2025-02-02 21:00:00,solar.bun_library#realenergyintotheload#kwh,BUNDOORA,0.0,61.58925,-0.18422446,0.0,0.0
2025-02-02 22:00:00,solar.bun_library#realenergyintotheload#kwh,BUNDOORA,0.0,14.139108,-0.058729634,0.0,0.0
2025-02-02 23:00:00,solar.bun_library#realenergyintotheload#kwh,BUNDOORA,0.0,1.379095,-0.052902736,0.0,0.0
2025-02-03 00:00:00,solar.bun_library#realenergyintotheload#kwh,BUNDOORA,0.0,1.0922413,-0.052902736,0.0,0.0
2025-02-03 01:00:00,solar.bun_library#realenergyintotheload#kwh,BUNDOORA,0.0,0.84850574,-0.052902736,0.0,0.0
2025-02-03 02:00:00,solar.bun_library#realenergyintotheload#kwh,BUNDOORA,0.0,-0.5428928,-0.040432367,0.0,0.0
2025-02-03 03:00:00,solar.bun_library#realenergyintotheload#kwh,BUNDOORA,0.0,-0.5428928,-0.040432367,0.0,0.0
2025-02-03 04:00:00,solar.bun_library#realenergyintotheload#kwh,BUNDOORA,0.0,1.5960609,-0.025925212,0.0,0.0
2025-02-03 05:00:00,solar.bun_library#realenergyintotheload#kwh,BUNDOORA,0.0,6.7987285,-0.027588736,0.0,0.0
2025-02-03 06:00:00,solar.bun_library#realenergyintotheload#kwh,BUNDOORA,0.0,41.05841,-0.03159009,0.0,0.0
2025-02-03 07:00:00,solar.bun_library#realenergyintotheload#kwh,BUNDOORA,0.0,83.232315,1.0737362,1.0419241,6.0
2025-02-03 08:00:00,solar.bun_library#realenergyintotheload#kwh,BUNDOORA,0.0,97.70315,27.539536,26.723608,101.0
2025-02-03 09:00:00,solar.bun_library#realenergyintotheload#kwh,BUNDOORA,0.0,163.28787,114.311,110.92425,342.0
2025-02-03 10:00:00,solar.bun_library#realenergyintotheload#kwh,BUNDOORA,0.0,203.50452,133.72252,129.76065,385.0
2025-02-03 11:00:00,solar.bun_library#realenergyintotheload#kwh,BUNDOORA,0.0,151.76993,135.51097,131.49612,414.0
2025-02-03 12:00:00,solar.bun_library#realenergyintotheload#kwh,BUNDOORA,0.0,150.5528,131.75247,127.848976,404.0
2025-02-03 13:00:00,solar.bun_library#realenergyintotheload#kwh,BUNDOORA,91.875,174.76959,121.092224,117.50456,372.0
2025-02-03 14:00:00,solar.bun_library#realenergyintotheload#kwh,BUNDOORA,113.25,160.06975,91.58675,88.87326,286.0
2025-02-03 15:00:00,solar.bun_library#realenergyintotheload#kwh,BUNDOORA,231.75,202.07178,295.5865,286.829,896.0
2025-02-03 16:00:00,solar.bun_library#realenergyintotheload#kwh,BUNDOORA,192.125,226.27203,209.1774,202.98,620.0
2025-02-03 17:00:00,solar.bun_library#realenergyintotheload#kwh,BUNDOORA,132.5,161.37827,97.98242,95.079445,291.0
2025-02-03 18:00:00,solar.bun_library#realenergyintotheload#kwh,BUNDOORA,109.625,227.337,134.21342,130.23701,389.0
2025-02-03 19:00:00,solar.bun_library#realenergyintotheload#kwh,BUNDOORA,89.875,202.29431,92.89712,90.144806,271.0
2025-02-03 20:00:00,solar.bun_library#realenergyintotheload#kwh,BUNDOORA,22.875,136.21169,15.380725,14.925033,48.0
2025-02-03 21:00:00,solar.bun_library#realenergyintotheload#kwh,BUNDOORA,1.375,63.773006,-0.051865175,0.0,0.0
2025-02-03 22:00:00,solar.bun_library#realenergyintotheload#kwh,BUNDOORA,0.0,23.610989,-0.0168227,0.0,0.0
2025-02-03 23:00:00,solar.bun_library#realenergyintotheload#kwh,BUNDOORA,0.0,-9.677167,0.109835364,0.10658122,0.0
2025-02-04 00:00:00,solar.bun_library#realenergyintotheload#kwh,BUNDOORA,0.0,0.12642053,0.052234277,0.050686706,0.0
2025-02-04 01:00:00,solar.bun_library#realenergyintotheload#kwh,BUNDOORA,0.0,2.349005,0.08583388,0.08329083,0.0
2025-02-04 02:00:00,solar.bun_library#realenergyintotheload#kwh,BUNDOORA,0.0,3.0645041,-0.010881012,0.0,0.0
2025-02-04 03:00:00,solar.bun_library#realenergyintotheload#kwh,BUNDOORA,0.0,6.7159996,0.0015814155,0.0015345621,0.0
2025-02-04 04:00:00,solar.bun_library#realenergyintotheload#kwh,BUNDOORA,0.0,5.681263,0.032009423,0.031061064,0.0
2025-02-04 05:00:00,solar.bun_library#realenergyintotheload#kwh,BUNDOORA,0.0,8.3948555,0.10083005,0.09784271,0.0
2025-02-04 06:00:00,solar.bun_library#realenergyintotheload#kwh,BUNDOORA,0.0,34.646835,0.018809468,0.01825219,0.0
2025-02-04 07:00:00,solar.bun_library#realenergyintotheload#kwh,BUNDOORA,0.375,111.37902,0.8063367,0.782447,5.0
2025-02-04 08:00:00,solar.bun_library#realenergyintotheload#kwh,BUNDOORA,9.625,116.43455,21.687876,21.045319,69.0
2025-02-04 09:00:00,solar.bun_library#realenergyintotheload#kwh,BUNDOORA,40.875,191.63068,74.9396,72.71932,220.0
2025-02-04 10:00:00,solar.bun_library#realenergyintotheload#kwh,BUNDOORA,48.5,201.21451,75.47513,73.23899,229.0
2025-02-04 11:00:00,solar.bun_library#realenergyintotheload#kwh,BUNDOORA,81.375,164.55185,128.44792,124.642334,395.0
2025-02-04 12:00:00,solar.bun_library#realenergyintotheload#kwh,BUNDOORA,258.25,264.99384,295.3817,286.63028,893.0
2025-02-04 13:00:00,solar.bun_library#realenergyintotheload#kwh,BUNDOORA,273.0,272.15332,316.5573,307.1785,974.0
2025-02-04 14:00:00,solar.bun_library#realenergyintotheload#kwh,BUNDOORA,178.75,277.34586,261.26883,253.52809,792.0
2025-02-04 15:00:00,solar.bun_library#realenergyintotheload#kwh,BUNDOORA,237.625,278.69043,274.08585,265.96536,807.0
2025-02-04 16:00:00,solar.bun_library#realenergyintotheload#kwh,BUNDOORA,199.875,141.99962,148.95702,144.5438,438.0
2025-02-04 17:00:00,solar.bun_library#realenergyintotheload#kwh,BUNDOORA,156.0,131.12267,181.69308,176.30997,528.0
2025-02-04 18:00:00,solar.bun_library#realenergyintotheload#kwh,BUNDOORA,108.625,65.82076,76.18746,73.930214,232.0
2025-02-04 19:00:00,solar.bun_library#realenergyintotheload#kwh,BUNDOORA,42.75,63.815002,55.520794,53.87585,187.0
2025-02-04 20:00:00,solar.bun_library#realenergyintotheload#kwh,BUNDOORA,11.625,0.45183608,10.135732,9.835435,37.0
2025-02-04 21:00:00,solar.bun_library#realenergyintotheload#kwh,BUNDOORA,1.25,11.486719,0.066269815,0.06430641,0.0
2025-02-04 22:00:00,solar.bun_library#realenergyintotheload#kwh,BUNDOORA,0.0,4.2683578,0.008507201,0.008255154,0.0
2025-02-04 23:00:00,solar.bun_library#realenergyintotheload#kwh,BUNDOORA,0.0,1.3293759,0.008165166,0.007923252,0.0
2025-02-05 00:00:00,solar.bun_library#realenergyintotheload#kwh,BUNDOORA,0.0,1.4703833,0.00045245234,0.00043904732,0.0
2025-02-05 01:00:00,solar.bun_library#realenergyintotheload#kwh,BUNDOORA,0.0,0.9352102,0.0009201928,0.0008929298,0.0
2025-02-05 02:00:00,solar.bun_library#realenergyintotheload#kwh,BUNDOORA,0.0,-0.038536347,0.008165166,0.007923252,0.0
2025-02-05 03:00:00,solar.bun_library#realenergyintotheload#kwh,BUNDOORA,0.0,0.94484115,0.013593643,0.013190897,0.0
2025-02-05 04:00:00,solar.bun_library#realenergyintotheload#kwh,BUNDOORA,0.0,1.807906,0.017922092,0.017391106,0.0
2025-02-05 05:00:00,solar.bun_library#realenergyintotheload#kwh,BUNDOORA,0.0,1.802038,0.017922092,0.017391106,0.0
2025-02-05 06:00:00,solar.bun_library#realenergyintotheload#kwh,BUNDOORA,0.0,14.180904,0.017922092,0.017391106,0.0
2025-02-05 07:00:00,solar.bun_library#realenergyintotheload#kwh,BUNDOORA,0.125,38.918297,1.7017373,1.651319,8.0
2025-02-05 08:00:00,solar.bun_library#realenergyintotheload#kwh,BUNDOORA,7.5,62.383476,29.328917,28.459974,94.0
2025-02-05 09:00:00,solar.bun_library#realenergyintotheload#kwh,BUNDOORA,24.375,11.222731,71.219025,69.108986,205.0
2025-02-05 10:00:00,solar.bun_library#realenergyintotheload#kwh,BUNDOORA,72.75,149.74976,156.54979,151.9116,420.0
2025-02-05 11:00:00,solar.bun_library#realenergyintotheload#kwh,BUNDOORA,185.5,209.57677,267.08017,259.16724,763.0
2025-02-05 12:00:00,solar.bun_library#realenergyintotheload#kwh,BUNDOORA,260.75,255.78433,310.04926,300.86328,902.0
2025-02-05 13:00:00,solar.bun_library#realenergyintotheload#kwh,BUNDOORA,288.375,262.96924,318.8738,309.42636,986.0
2025-02-05 14:00:00,solar.bun_library#realenergyintotheload#kwh,BUNDOORA,293.875,270.49506,320.6338,311.13422,1008.0
2025-02-05 15:00:00,solar.bun_library#realenergyintotheload#kwh,BUNDOORA,289.625,265.55896,313.7358,304.4406,965.0
2025-02-05 16:00:00,solar.bun_library#realenergyintotheload#kwh,BUNDOORA,185.25,252.93051,286.8581,278.3592,863.0
2025-02-05 17:00:00,solar.bun_library#realenergyintotheload#kwh,BUNDOORA,210.875,208.24052,235.69878,228.7156,707.0
2025-02-05 18:00:00,solar.bun_library#realenergyintotheload#kwh,BUNDOORA,146.375,179.36823,180.83916,175.48134,511.0
2025-02-05 19:00:00,solar.bun_library#realenergyintotheload#kwh,BUNDOORA,75.625,193.14742,97.9999,95.096405,291.0
2025-02-05 20:00:00,solar.bun_library#realenergyintotheload#kwh,BUNDOORA,20.25,109.61028,19.198606,18.629799,74.0
2025-02-05 21:00:00,solar.bun_library#realenergyintotheload#kwh,BUNDOORA,1.0,56.62249,0.011671163,0.011325376,0.0
2025-02-05 22:00:00,solar.bun_library#realenergyintotheload#kwh,BUNDOORA,0.0,13.033869,-0.011912522,0.0,0.0
2025-02-05 23:00:00,solar.bun_library#realenergyintotheload#kwh,BUNDOORA,0.0,2.3259015,-0.006669605,0.0,0.0
2025-02-06 00:00:00,solar.bun_library#realenergyintotheload#kwh,BUNDOORA,0.0,1.0176532,-0.0017608516,0.0,0.0
2025-02-06 01:00:00,solar.bun_library#realenergyintotheload#kwh,BUNDOORA,0.0,-0.06946781,-0.0017608516,0.0,0.0
2025-02-06 02:00:00,solar.bun_library#realenergyintotheload#kwh,BUNDOORA,0.0,0.83176374,-0.00701164,0.0,0.0
2025-02-06 03:00:00,solar.bun_library#realenergyintotheload#kwh,BUNDOORA,0.0,-0.015951876,-0.0017608516,0.0,0.0
2025-02-06 04:00:00,solar.bun_library#realenergyintotheload#kwh,BUNDOORA,0.0,-0.051843725,0.008196463,0.007953622,0.0
2025-02-06 05:00:00,solar.bun_library#realenergyintotheload#kwh,BUNDOORA,0.0,0.8893924,0.019700367,0.019116694,0.0
2025-02-06 06:00:00,solar.bun_library#realenergyintotheload#kwh,BUNDOORA,0.0,3.099026,-0.0012129783,0.0,0.0
2025-02-06 07:00:00,solar.bun_library#realenergyintotheload#kwh,BUNDOORA,0.375,4.9548626,1.6823351,1.6324917,8.0
2025-02-06 08:00:00,solar.bun_library#realenergyintotheload#kwh,BUNDOORA,16.75,33.46512,47.42525,46.02016,159.0
2025-02-06 09:00:00,solar.bun_library#realenergyintotheload#kwh,BUNDOORA,73.5,71.685616,126.466095,122.71922,369.0
2025-02-06 10:00:00,solar.bun_library#realenergyintotheload#kwh,BUNDOORA,150.375,89.46896,209.43085,203.22594,579.0
2025-02-06 11:00:00,solar.bun_library#realenergyintotheload#kwh,BUNDOORA,209.5,227.35252,273.6758,265.56747,766.0
2025-02-06 12:00:00,solar.bun_library#realenergyintotheload#kwh,BUNDOORA,249.625,282.8816,305.68195,296.62537,902.0
2025-02-06 13:00:00,solar.bun_library#realenergyintotheload#kwh,BUNDOORA,272.75,268.1937,316.11234,306.7467,982.0
2025-02-06 14:00:00,solar.bun_library#realenergyintotheload#kwh,BUNDOORA,284.125,275.08655,318.02112,308.59894,1000.0
2025-02-06 15:00:00,solar.bun_library#realenergyintotheload#kwh,BUNDOORA,245.375,270.7425,301.7308,292.79126,926.0
2025-02-06 16:00:00,solar.bun_library#realenergyintotheload#kwh,BUNDOORA,247.375,268.0023,277.4335,269.21384,852.0
2025-02-06 17:00:00,solar.bun_library#realenergyintotheload#kwh,BUNDOORA,208.0,283.96118,228.59892,221.82611,697.0
2025-02-06 18:00:00,solar.bun_library#realenergyintotheload#kwh,BUNDOORA,143.0,252.82071,170.69087,165.63373,505.0
2025-02-06 19:00:00,solar.bun_library#realenergyintotheload#kwh,BUNDOORA,73.75,188.1558,94.639725,91.835785,292.0
2025-02-06 20:00:00,solar.bun_library#realenergyintotheload#kwh,BUNDOORA,18.875,141.70221,20.75226,20.137423,78.0
2025-02-06 21:00:00,solar.bun_library#realenergyintotheload#kwh,BUNDOORA,0.75,74.90172,-0.029621061,0.0,0.0
2025-02-06 22:00:00,solar.bun_library#realenergyintotheload#kwh,BUNDOORA,0.0,40.30649,-0.17981869,0.0,0.0
2025-02-06 23:00:00,solar.bun_library#realenergyintotheload#kwh,BUNDOORA,0.0,10.291887,-0.103856444,0.0,0.0
2025-02-07 00:00:00,solar.bun_library#realenergyintotheload#kwh,BUNDOORA,0.0,4.863974,-0.197264,0.0,0.0
2025-02-07 01:00:00,solar.bun_library#realenergyintotheload#kwh,BUNDOORA,0.0,0.4428033,-0.1142648,0.0,0.0
2025-02-07 02:00:00,solar.bun_library#realenergyintotheload#kwh,BUNDOORA,0.0,1.2426568,0.010313857,0.010008284,0.0
2025-02-07 03:00:00,solar.bun_library#realenergyintotheload#kwh,BUNDOORA,0.0,1.4133501,0.022223663,0.02156523,0.0
2025-02-07 04:00:00,solar.bun_library#realenergyintotheload#kwh,BUNDOORA,0.0,1.4634246,0.0024592995,0.0023864366,0.0
2025-02-07 05:00:00,solar.bun_library#realenergyintotheload#kwh,BUNDOORA,0.0,2.8002396,0.037423946,0.03631517,0.0
2025-02-07 06:00:00,solar.bun_library#realenergyintotheload#kwh,BUNDOORA,0.0,29.490145,0.016491205,0.016002612,0.0
2025-02-07 07:00:00,solar.bun_library#realenergyintotheload#kwh,BUNDOORA,0.0,52.136513,1.1394638,1.1057043,6.0
2025-02-07 08:00:00,solar.bun_library#realenergyintotheload#kwh,BUNDOORA,0.0,65.508644,20.242476,19.642742,71.0
2025-02-07 09:00:00,solar.bun_library#realenergyintotheload#kwh,BUNDOORA,0.0,111.761024,42.06133,40.815155,130.0
2025-02-07 10:00:00,solar.bun_library#realenergyintotheload#kwh,BUNDOORA,0.0,64.38925,52.420704,50.86761,159.0
2025-02-07 11:00:00,solar.bun_library#realenergyintotheload#kwh,BUNDOORA,0.0,89.65635,87.45565,84.864555,263.0
2025-02-07 12:00:00,solar.bun_library#realenergyintotheload#kwh,BUNDOORA,0.0,68.42667,66.12113,64.162125,197.0
2025-02-07 13:00:00,solar.bun_library#realenergyintotheload#kwh,BUNDOORA,0.0,98.142586,78.78707,76.452805,236.0
2025-02-07 14:00:00,solar.bun_library#realenergyintotheload#kwh,BUNDOORA,0.0,110.37511,182.71759,177.30412,539.0
2025-02-07 15:00:00,solar.bun_library#realenergyintotheload#kwh,BUNDOORA,0.0,54.528862,126.95792,123.19647,375.0
2025-02-07 16:00:00,solar.bun_library#realenergyintotheload#kwh,BUNDOORA,0.0,70.02023,78.08169,75.768326,239.0
2025-02-07 17:00:00,solar.bun_library#realenergyintotheload#kwh,BUNDOORA,0.0,53.619473,61.021816,59.213894,186.0
2025-02-07 18:00:00,solar.bun_library#realenergyintotheload#kwh,BUNDOORA,0.0,50.09198,60.808743,59.00713,188.0
2025-02-07 19:00:00,solar.bun_library#realenergyintotheload#kwh,BUNDOORA,0.0,103.24855,60.449482,58.658516,196.0
2025-02-07 20:00:00,solar.bun_library#realenergyintotheload#kwh,BUNDOORA,0.0,68.24445,5.6015477,5.435588,22.0
2025-02-07 21:00:00,solar.bun_library#realenergyintotheload#kwh,BUNDOORA,0.0,22.466034,0.051856935,0.050320543,0.0
2025-02-07 22:00:00,solar.bun_library#realenergyintotheload#kwh,BUNDOORA,0.0,23.901834,0.017510803,0.016992003,0.0
2025-02-07 23:00:00,solar.bun_library#realenergyintotheload#kwh,BUNDOORA,0.0,0.91275036,0.017772958,0.01724639,0.0
2025-02-08 00:00:00,solar.bun_library#realenergyintotheload#kwh,BUNDOORA,0.0,1.0738654,0.024816178,0.024080936,0.0
2025-02-08 01:00:00,solar.bun_library#realenergyintotheload#kwh,BUNDOORA,0.0,-0.41941437,0.025666103,0.02490568,0.0
2025-02-08 02:00:00,solar.bun_library#realenergyintotheload#kwh,BUNDOORA,0.0,-0.18291292,0.014849498,0.014409544,0.0
2025-02-08 03:00:00,solar.bun_library#realenergyintotheload#kwh,BUNDOORA,0.0,-1.0534983,-0.03037797,0.0,0.0
2025-02-08 04:00:00,solar.bun_library#realenergyintotheload#kwh,BUNDOORA,0.0,0.9302654,-0.010172103,0.0,0.0
2025-02-08 05:00:00,solar.bun_library#realenergyintotheload#kwh,BUNDOORA,0.0,2.1654706,-0.010172103,0.0,0.0
2025-02-08 06:00:00,solar.bun_library#realenergyintotheload#kwh,BUNDOORA,0.0,28.537596,-0.010172103,0.0,0.0
2025-02-08 07:00:00,solar.bun_library#realenergyintotheload#kwh,BUNDOORA,0.0,58.45846,0.019007638,0.01844449,1.0
2025-02-08 08:00:00,solar.bun_library#realenergyintotheload#kwh,BUNDOORA,0.0,99.23523,30.303986,29.406155,96.0
2025-02-08 09:00:00,solar.bun_library#realenergyintotheload#kwh,BUNDOORA,0.0,58.92079,61.626217,59.800385,186.0
2025-02-08 10:00:00,solar.bun_library#realenergyintotheload#kwh,BUNDOORA,0.0,86.89378,82.51545,80.070724,248.0
2025-02-08 11:00:00,solar.bun_library#realenergyintotheload#kwh,BUNDOORA,0.0,102.52631,63.771515,61.882126,192.0
2025-02-08 12:00:00,solar.bun_library#realenergyintotheload#kwh,BUNDOORA,0.0,95.03878,93.54433,90.77284,277.0
2025-02-08 13:00:00,solar.bun_library#realenergyintotheload#kwh,BUNDOORA,0.0,114.21552,50.119728,48.634808,156.0
2025-02-08 14:00:00,solar.bun_library#realenergyintotheload#kwh,BUNDOORA,0.0,134.4343,45.999058,44.63622,139.0
2025-02-08 15:00:00,solar.bun_library#realenergyintotheload#kwh,BUNDOORA,0.0,106.506096,64.16099,62.26006,193.0
2025-02-08 16:00:00,solar.bun_library#realenergyintotheload#kwh,BUNDOORA,0.0,133.18668,75.49845,73.26162,232.0
2025-02-08 17:00:00,solar.bun_library#realenergyintotheload#kwh,BUNDOORA,0.0,138.22108,58.6796,56.94107,179.0
2025-02-08 18:00:00,solar.bun_library#realenergyintotheload#kwh,BUNDOORA,0.0,85.67927,64.38841,62.480743,192.0
2025-02-08 19:00:00,solar.bun_library#realenergyintotheload#kwh,BUNDOORA,0.0,100.75786,30.922157,30.006012,97.0
2025-02-08 20:00:00,solar.bun_library#realenergyintotheload#kwh,BUNDOORA,0.0,62.943794,4.868826,4.7245746,17.0
2025-02-08 21:00:00,solar.bun_library#realenergyintotheload#kwh,BUNDOORA,0.0,28.254753,0.05620864,0.05454332,0.0
2025-02-08 22:00:00,solar.bun_library#realenergyintotheload#kwh,BUNDOORA,0.0,10.303326,0.05620864,0.05454332,0.0
2025-02-08 23:00:00,solar.bun_library#realenergyintotheload#kwh,BUNDOORA,0.0,2.3893356,0.060818203,0.05901631,0.0
2025-02-09 00:00:00,solar.bun_library#realenergyintotheload#kwh,BUNDOORA,0.0,1.3858478,0.05766096,0.05595261,0.0
2025-02-09 01:00:00,solar.bun_library#realenergyintotheload#kwh,BUNDOORA,0.0,1.6030824,0.05299048,0.051420506,0.0
2025-02-09 02:00:00,solar.bun_library#realenergyintotheload#kwh,BUNDOORA,0.0,1.0288091,0.06555717,0.063614875,0.0
2025-02-09 03:00:00,solar.bun_library#realenergyintotheload#kwh,BUNDOORA,0.0,1.3127137,0.057813153,0.056100294,0.0
2025-02-09 04:00:00,solar.bun_library#realenergyintotheload#kwh,BUNDOORA,0.0,1.2820348,0.057813153,0.056100294,0.0
2025-02-09 05:00:00,solar.bun_library#realenergyintotheload#kwh,BUNDOORA,0.0,1.5870994,0.056147724,0.054484207,0.0
2025-02-09 06:00:00,solar.bun_library#realenergyintotheload#kwh,BUNDOORA,0.0,5.666214,0.008664204,0.008407505,0.0
2025-02-09 07:00:00,solar.bun_library#realenergyintotheload#kwh,BUNDOORA,0.0,1.98337,0.11965728,0.116112135,2.0
2025-02-09 08:00:00,solar.bun_library#realenergyintotheload#kwh,BUNDOORA,0.0,27.533752,41.828835,40.58955,146.0
2025-02-09 09:00:00,solar.bun_library#realenergyintotheload#kwh,BUNDOORA,0.0,31.932487,120.981255,117.39688,351.0
2025-02-09 10:00:00,solar.bun_library#realenergyintotheload#kwh,BUNDOORA,0.0,32.688873,200.1042,194.17561,559.0
2025-02-09 11:00:00,solar.bun_library#realenergyintotheload#kwh,BUNDOORA,0.0,89.70408,237.52766,230.49031,679.0
2025-02-09 12:00:00,solar.bun_library#realenergyintotheload#kwh,BUNDOORA,0.0,144.81287,304.78165,295.75174,887.0
2025-02-09 13:00:00,solar.bun_library#realenergyintotheload#kwh,BUNDOORA,0.0,206.94688,294.19373,285.4775,879.0
2025-02-09 14:00:00,solar.bun_library#realenergyintotheload#kwh,BUNDOORA,30.875,246.75726,227.46797,220.72867,662.0
2025-02-09 15:00:00,solar.bun_library#realenergyintotheload#kwh,BUNDOORA,216.0,159.7848,197.28224,191.43726,581.0
2025-02-09 16:00:00,solar.bun_library#realenergyintotheload#kwh,BUNDOORA,177.875,116.72124,188.352,182.7716,544.0
2025-02-09 17:00:00,solar.bun_library#realenergyintotheload#kwh,BUNDOORA,172.25,127.1092,215.99753,209.59807,627.0
2025-02-09 18:00:00,solar.bun_library#realenergyintotheload#kwh,BUNDOORA,128.375,94.98168,25.472912,24.718214,80.0
2025-02-09 19:00:00,solar.bun_library#realenergyintotheload#kwh,BUNDOORA,61.125,157.02919,85.84153,83.29826,265.0
2025-02-09 20:00:00,solar.bun_library#realenergyintotheload#kwh,BUNDOORA,16.75,59.209026,9.095306,8.825835,31.0
2025-02-09 21:00:00,solar.bun_library#realenergyintotheload#kwh,BUNDOORA,0.125,27.419304,0.06519522,0.06326365,0.0
2025-02-09 22:00:00,solar.bun_library#realenergyintotheload#kwh,BUNDOORA,0.0,9.920994,0.06519522,0.06326365,0.0
2025-02-09 23:00:00,solar.bun_library#realenergyintotheload#kwh,BUNDOORA,0.0,0.46727607,0.06519522,0.06326365,0.0
2025-02-10 00:00:00,solar.bun_library#realenergyintotheload#kwh,BUNDOORA,0.0,0.33820838,0.06519522,0.06326365,0.0
2025-02-10 01:00:00,solar.bun_library#realenergyintotheload#kwh,BUNDOORA,0.0,0.3629045,0.06519522,0.06326365,0.0
2025-02-10 02:00:00,solar.bun_library#realenergyintotheload#kwh,BUNDOORA,0.0,-0.07629511,0.06485319,0.06293175,0.0
2025-02-10 03:00:00,solar.bun_library#realenergyintotheload#kwh,BUNDOORA,0.0,1.9575828,0.06505813,0.06313062,0.0
2025-02-10 04:00:00,solar.bun_library#realenergyintotheload#kwh,BUNDOORA,0.0,1.8577814,0.06505813,0.06313062,0.0
2025-02-10 05:00:00,solar.bun_library#realenergyintotheload#kwh,BUNDOORA,0.0,2.2519505,0.008165166,0.007923252,0.0
2025-02-10 06:00:00,solar.bun_library#realenergyintotheload#kwh,BUNDOORA,0.0,5.667451,-0.0043973858,0.0,0.0
2025-02-10 07:00:00,solar.bun_library#realenergyintotheload#kwh,BUNDOORA,0.0,9.924316,0.17655027,0.17131953,2.0
2025-02-10 08:00:00,solar.bun_library#realenergyintotheload#kwh,BUNDOORA,0.0,44.154037,42.130024,40.881817,142.0
2025-02-10 09:00:00,solar.bun_library#realenergyintotheload#kwh,BUNDOORA,0.0,85.78504,119.715096,116.168236,352.0
2025-02-10 10:00:00,solar.bun_library#realenergyintotheload#kwh,BUNDOORA,0.0,139.1474,140.67087,136.50314,401.0
2025-02-10 11:00:00,solar.bun_library#realenergyintotheload#kwh,BUNDOORA,0.0,122.688705,200.96397,195.00992,565.0
2025-02-10 12:00:00,solar.bun_library#realenergyintotheload#kwh,BUNDOORA,0.0,228.39415,296.3667,287.5861,852.0
2025-02-10 13:00:00,solar.bun_library#realenergyintotheload#kwh,BUNDOORA,0.0,184.4625,307.1645,298.06396,927.0
2025-02-10 14:00:00,solar.bun_library#realenergyintotheload#kwh,BUNDOORA,0.0,205.5125,288.9315,280.37115,859.0
2025-02-10 15:00:00,solar.bun_library#realenergyintotheload#kwh,BUNDOORA,0.0,188.55673,311.97696,302.73386,906.0
2025-02-10 16:00:00,solar.bun_library#realenergyintotheload#kwh,BUNDOORA,0.0,89.21083,276.91824,268.71384,816.0
2025-02-10 17:00:00,solar.bun_library#realenergyintotheload#kwh,BUNDOORA,0.0,38.889256,234.92484,227.9646,676.0
2025-02-10 18:00:00,solar.bun_library#realenergyintotheload#kwh,BUNDOORA,0.0,14.144504,161.70891,156.91788,486.0
2025-02-10 19:00:00,solar.bun_library#realenergyintotheload#kwh,BUNDOORA,0.0,97.80484,90.58814,87.90424,277.0
2025-02-10 20:00:00,solar.bun_library#realenergyintotheload#kwh,BUNDOORA,0.0,117.61424,22.491386,21.825024,80.0
2025-02-10 21:00:00,solar.bun_library#realenergyintotheload#kwh,BUNDOORA,0.0,33.19426,0.06873227,0.066695906,0.0
2025-02-10 22:00:00,solar.bun_library#realenergyintotheload#kwh,BUNDOORA,0.0,14.179905,0.06873227,0.066695906,0.0
2025-02-10 23:00:00,solar.bun_library#realenergyintotheload#kwh,BUNDOORA,0.0,3.079163,0.06873227,0.066695906,0.0
2025-02-11 00:00:00,solar.bun_library#realenergyintotheload#kwh,BUNDOORA,0.0,2.9148767,0.011839317,0.011488548,0.0
2025-02-11 01:00:00,solar.bun_library#realenergyintotheload#kwh,BUNDOORA,0.0,2.917088,0.011839317,0.011488548,0.0
2025-02-11 02:00:00,solar.bun_library#realenergyintotheload#kwh,BUNDOORA,0.0,1.7940751,0.008507201,0.008255154,0.0
2025-02-11 03:00:00,solar.bun_library#realenergyintotheload#kwh,BUNDOORA,0.0,2.9723275,-0.006669605,0.0,0.0
2025-02-11 04:00:00,solar.bun_library#realenergyintotheload#kwh,BUNDOORA,0.0,0.11788981,-0.0014188171,0.0,0.0
2025-02-11 05:00:00,solar.bun_library#realenergyintotheload#kwh,BUNDOORA,0.0,0.411679,0.008538498,0.008285523,0.0
2025-02-11 06:00:00,solar.bun_library#realenergyintotheload#kwh,BUNDOORA,0.0,4.9264474,0.008538498,0.008285523,0.0
2025-02-11 07:00:00,solar.bun_library#realenergyintotheload#kwh,BUNDOORA,0.0,12.724283,0.5357017,0.51983017,4.0
2025-02-11 08:00:00,solar.bun_library#realenergyintotheload#kwh,BUNDOORA,0.0,50.833504,41.321785,40.097523,143.0
2025-02-11 09:00:00,solar.bun_library#realenergyintotheload#kwh,BUNDOORA,0.0,47.489075,110.97043,107.682655,335.0
2025-02-11 10:00:00,solar.bun_library#realenergyintotheload#kwh,BUNDOORA,0.0,96.40092,207.16248,201.02477,563.0
2025-02-11 11:00:00,solar.bun_library#realenergyintotheload#kwh,BUNDOORA,0.0,158.50229,267.25934,259.34113,743.0
2025-02-11 12:00:00,solar.bun_library#realenergyintotheload#kwh,BUNDOORA,0.0,244.70013,300.00864,291.12012,880.0
2025-02-11 13:00:00,solar.bun_library#realenergyintotheload#kwh,BUNDOORA,0.0,269.1599,315.29187,305.95056,963.0
2025-02-11 14:00:00,solar.bun_library#realenergyintotheload#kwh,BUNDOORA,0.0,266.92606,319.37183,309.90964,983.0
2025-02-11 15:00:00,solar.bun_library#realenergyintotheload#kwh,BUNDOORA,0.0,271.22803,312.15283,302.9045,938.0
2025-02-11 16:00:00,solar.bun_library#realenergyintotheload#kwh,BUNDOORA,0.0,257.9809,284.86795,276.42804,833.0
2025-02-11 17:00:00,solar.bun_library#realenergyintotheload#kwh,BUNDOORA,0.0,208.30542,232.1847,225.30563,678.0
2025-02-11 18:00:00,solar.bun_library#realenergyintotheload#kwh,BUNDOORA,0.0,169.8021,158.77551,154.0714,486.0
2025-02-11 19:00:00,solar.bun_library#realenergyintotheload#kwh,BUNDOORA,0.0,102.907845,86.69865,84.12998,276.0
2025-02-11 20:00:00,solar.bun_library#realenergyintotheload#kwh,BUNDOORA,0.0,76.039085,21.201887,20.573729,78.0
2025-02-11 21:00:00,solar.bun_library#realenergyintotheload#kwh,BUNDOORA,0.0,52.80742,-0.0168227,0.0,0.0
2025-02-11 22:00:00,solar.bun_library#realenergyintotheload#kwh,BUNDOORA,0.0,15.451105,0.03912094,0.03796188,0.0
2025-02-11 23:00:00,solar.bun_library#realenergyintotheload#kwh,BUNDOORA,0.0,2.0369477,-0.016899168,0.0,0.0
2025-02-12 00:00:00,solar.bun_library#realenergyintotheload#kwh,BUNDOORA,0.0,0.027525656,0.032280304,0.031323917,0.0
2025-02-12 01:00:00,solar.bun_library#realenergyintotheload#kwh,BUNDOORA,0.0,-0.29299724,0.10765055,0.10446113,0.0
2025-02-12 02:00:00,solar.bun_library#realenergyintotheload#kwh,BUNDOORA,0.0,0.54420483,0.032280304,0.031323917,0.0
2025-02-12 03:00:00,solar.bun_library#realenergyintotheload#kwh,BUNDOORA,0.0,-0.51817137,0.022322994,0.021661619,0.0
2025-02-12 04:00:00,solar.bun_library#realenergyintotheload#kwh,BUNDOORA,0.0,1.7135513,0.0212484,0.020618863,0.0
2025-02-12 05:00:00,solar.bun_library#realenergyintotheload#kwh,BUNDOORA,0.0,2.6905158,-0.0014188171,0.0,0.0
2025-02-12 06:00:00,solar.bun_library#realenergyintotheload#kwh,BUNDOORA,0.0,9.746441,-0.0014188171,0.0,0.0
2025-02-12 07:00:00,solar.bun_library#realenergyintotheload#kwh,BUNDOORA,0.0,32.295105,0.28433916,0.2759149,3.0
2025-02-12 08:00:00,solar.bun_library#realenergyintotheload#kwh,BUNDOORA,0.0,48.097923,40.735237,39.528355,144.0
2025-02-12 09:00:00,solar.bun_library#realenergyintotheload#kwh,BUNDOORA,0.0,121.95985,122.036896,118.42125,354.0
2025-02-12 10:00:00,solar.bun_library#realenergyintotheload#kwh,BUNDOORA,0.0,183.99583,203.40854,197.38205,563.0
2025-02-12 11:00:00,solar.bun_library#realenergyintotheload#kwh,BUNDOORA,0.0,228.89655,259.51895,251.83005,746.0
2025-02-12 12:00:00,solar.bun_library#realenergyintotheload#kwh,BUNDOORA,0.0,278.69153,297.10168,288.29932,882.0
2025-02-12 13:00:00,solar.bun_library#realenergyintotheload#kwh,BUNDOORA,2.25,267.92007,310.297,301.10367,964.0
2025-02-12 14:00:00,solar.bun_library#realenergyintotheload#kwh,BUNDOORA,0.125,267.90106,315.36606,306.02255,984.0
2025-02-12 15:00:00,solar.bun_library#realenergyintotheload#kwh,BUNDOORA,0.0,268.65924,306.23264,297.15973,940.0
2025-02-12 16:00:00,solar.bun_library#realenergyintotheload#kwh,BUNDOORA,0.0,271.92728,280.9789,272.6542,835.0
2025-02-12 17:00:00,solar.bun_library#realenergyintotheload#kwh,BUNDOORA,0.0,263.11493,227.68648,220.94069,678.0
2025-02-12 18:00:00,solar.bun_library#realenergyintotheload#kwh,BUNDOORA,0.0,219.98212,158.27542,153.58612,486.0
2025-02-12 19:00:00,solar.bun_library#realenergyintotheload#kwh,BUNDOORA,0.0,161.23935,87.1608,84.57844,275.0
2025-02-12 20:00:00,solar.bun_library#realenergyintotheload#kwh,BUNDOORA,0.0,155.51753,21.234945,20.605806,75.0
2025-02-12 21:00:00,solar.bun_library#realenergyintotheload#kwh,BUNDOORA,0.0,63.03423,-0.13865487,0.0,0.0
2025-02-12 22:00:00,solar.bun_library#realenergyintotheload#kwh,BUNDOORA,0.0,29.680706,-0.14329712,0.0,0.0
2025-02-12 23:00:00,solar.bun_library#realenergyintotheload#kwh,BUNDOORA,0.0,13.690181,-0.11583051,0.0,0.0
2025-02-13 00:00:00,solar.bun_library#realenergyintotheload#kwh,BUNDOORA,0.0,9.404851,-0.050793197,0.0,0.0
2025-02-13 01:00:00,solar.bun_library#realenergyintotheload#kwh,BUNDOORA,0.0,8.050788,-0.044159103,0.0,0.0
2025-02-13 02:00:00,solar.bun_library#realenergyintotheload#kwh,BUNDOORA,0.0,6.2757535,-0.1420772,0.0,0.0
2025-02-13 03:00:00,solar.bun_library#realenergyintotheload#kwh,BUNDOORA,0.0,3.461358,0.14677061,0.14242217,0.0
2025-02-13 04:00:00,solar.bun_library#realenergyintotheload#kwh,BUNDOORA,0.0,0.17589515,0.0013302013,0.0012907907,0.0
2025-02-13 05:00:00,solar.bun_library#realenergyintotheload#kwh,BUNDOORA,0.0,0.844283,0.09927502,0.09633375,0.0
2025-02-13 06:00:00,solar.bun_library#realenergyintotheload#kwh,BUNDOORA,0.0,13.205781,-0.04884978,0.0,0.0
2025-02-13 07:00:00,solar.bun_library#realenergyintotheload#kwh,BUNDOORA,0.0,55.06463,-0.038455572,0.0,1.0
2025-02-13 08:00:00,solar.bun_library#realenergyintotheload#kwh,BUNDOORA,0.0,79.497345,29.648441,28.770033,106.0
2025-02-13 09:00:00,solar.bun_library#realenergyintotheload#kwh,BUNDOORA,0.0,109.92302,72.57847,70.42815,226.0
2025-02-13 10:00:00,solar.bun_library#realenergyintotheload#kwh,BUNDOORA,0.0,130.57219,86.92126,84.346,257.0
2025-02-13 11:00:00,solar.bun_library#realenergyintotheload#kwh,BUNDOORA,0.0,162.24481,124.00204,120.32816,364.0
2025-02-13 12:00:00,solar.bun_library#realenergyintotheload#kwh,BUNDOORA,0.0,155.11317,146.06772,141.7401,421.0
2025-02-13 13:00:00,solar.bun_library#realenergyintotheload#kwh,BUNDOORA,0.0,241.04741,241.69736,234.53647,720.0
2025-02-13 14:00:00,solar.bun_library#realenergyintotheload#kwh,BUNDOORA,0.0,204.33862,273.13864,265.04623,819.0
2025-02-13 15:00:00,solar.bun_library#realenergyintotheload#kwh,BUNDOORA,0.0,227.37866,268.9455,260.97733,796.0
2025-02-13 16:00:00,solar.bun_library#realenergyintotheload#kwh,BUNDOORA,0.0,211.0831,72.69978,70.54587,233.0
2025-02-13 17:00:00,solar.bun_library#realenergyintotheload#kwh,BUNDOORA,10.0,223.2689,42.97309,41.699905,137.0
2025-02-13 18:00:00,solar.bun_library#realenergyintotheload#kwh,BUNDOORA,35.875,156.58066,24.498667,23.772833,75.0
2025-02-13 19:00:00,solar.bun_library#realenergyintotheload#kwh,BUNDOORA,7.75,97.362206,13.684689,13.279245,42.0
2025-02-13 20:00:00,solar.bun_library#realenergyintotheload#kwh,BUNDOORA,2.0,74.64991,1.5053688,1.4607685,6.0
2025-02-13 21:00:00,solar.bun_library#realenergyintotheload#kwh,BUNDOORA,0.0,34.492813,0.0065644374,0.0063699493,0.0
2025-02-13 22:00:00,solar.bun_library#realenergyintotheload#kwh,BUNDOORA,0.0,11.768198,0.003948448,0.0038314655,0.0
2025-02-13 23:00:00,solar.bun_library#realenergyintotheload#kwh,BUNDOORA,0.0,0.64507407,-0.009737104,0.0,0.0
2025-02-14 00:00:00,solar.bun_library#realenergyintotheload#kwh,BUNDOORA,0.0,0.74695086,0.02067412,0.020061597,0.0
2025-02-14 01:00:00,solar.bun_library#realenergyintotheload#kwh,BUNDOORA,0.0,4.834758,0.033853013,0.032850035,0.0
2025-02-14 02:00:00,solar.bun_library#realenergyintotheload#kwh,BUNDOORA,0.0,1.2565114,0.04932636,0.047864944,0.0
2025-02-14 03:00:00,solar.bun_library#realenergyintotheload#kwh,BUNDOORA,0.0,-3.0465739,0.049064204,0.047610555,0.0
2025-02-14 04:00:00,solar.bun_library#realenergyintotheload#kwh,BUNDOORA,0.0,-2.3258708,0.08031499,0.07793546,0.0
2025-02-14 05:00:00,solar.bun_library#realenergyintotheload#kwh,BUNDOORA,0.0,0.13550729,0.10500832,0.10189719,0.0
2025-02-14 06:00:00,solar.bun_library#realenergyintotheload#kwh,BUNDOORA,0.0,23.285967,-0.026294228,0.0,0.0
2025-02-14 07:00:00,solar.bun_library#realenergyintotheload#kwh,BUNDOORA,0.0,69.71959,0.123637445,0.119974375,2.0
2025-02-14 08:00:00,solar.bun_library#realenergyintotheload#kwh,BUNDOORA,13.0,74.61104,39.492638,38.32257,144.0
2025-02-14 09:00:00,solar.bun_library#realenergyintotheload#kwh,BUNDOORA,69.75,77.28289,133.18785,129.24182,357.0
2025-02-14 10:00:00,solar.bun_library#realenergyintotheload#kwh,BUNDOORA,160.625,54.25509,202.27397,196.2811,567.0
2025-02-14 11:00:00,solar.bun_library#realenergyintotheload#kwh,BUNDOORA,208.875,126.64748,222.22475,215.64078,631.0
2025-02-14 12:00:00,solar.bun_library#realenergyintotheload#kwh,BUNDOORA,154.25,151.08896,214.79546,208.43161,626.0
2025-02-14 13:00:00,solar.bun_library#realenergyintotheload#kwh,BUNDOORA,198.875,174.0482,205.42258,199.33643,598.0
2025-02-14 14:00:00,solar.bun_library#realenergyintotheload#kwh,BUNDOORA,241.0,168.70016,287.18994,278.6812,850.0
2025-02-14 15:00:00,solar.bun_library#realenergyintotheload#kwh,BUNDOORA,293.75,234.45483,294.49014,285.76514,872.0
2025-02-14 16:00:00,solar.bun_library#realenergyintotheload#kwh,BUNDOORA,156.625,146.79346,123.743774,120.07755,359.0
2025-02-14 17:00:00,solar.bun_library#realenergyintotheload#kwh,BUNDOORA,158.375,237.1414,213.94223,207.60365,622.0
2025-02-14 18:00:00,solar.bun_library#realenergyintotheload#kwh,BUNDOORA,114.5,169.24529,122.02775,118.41237,357.0
2025-02-14 19:00:00,solar.bun_library#realenergyintotheload#kwh,BUNDOORA,30.125,100.105286,37.661694,36.54587,113.0
2025-02-14 20:00:00,solar.bun_library#realenergyintotheload#kwh,BUNDOORA,20.5,74.640045,7.9228277,7.688094,27.0
2025-02-14 21:00:00,solar.bun_library#realenergyintotheload#kwh,BUNDOORA,0.125,25.165674,0.017922092,0.017391106,0.0
2025-02-14 22:00:00,solar.bun_library#realenergyintotheload#kwh,BUNDOORA,0.0,10.773882,0.016458016,0.015970405,0.0
2025-02-14 23:00:00,solar.bun_library#realenergyintotheload#kwh,BUNDOORA,0.0,0.19012186,0.024202026,0.02348498,0.0
2025-02-15 00:00:00,solar.bun_library#realenergyintotheload#kwh,BUNDOORA,0.0,0.6223672,0.02417073,0.023454612,0.0
2025-02-15 01:00:00,solar.bun_library#realenergyintotheload#kwh,BUNDOORA,0.0,0.36204237,0.02417073,0.023454612,0.0
2025-02-15 02:00:00,solar.bun_library#realenergyintotheload#kwh,BUNDOORA,0.0,-0.13876618,0.02417073,0.023454612,0.0
2025-02-15 03:00:00,solar.bun_library#realenergyintotheload#kwh,BUNDOORA,0.0,0.029463457,0.02417073,0.023454612,0.0
2025-02-15 04:00:00,solar.bun_library#realenergyintotheload#kwh,BUNDOORA,0.0,0.6911972,0.02417073,0.023454612,0.0
2025-02-15 05:00:00,solar.bun_library#realenergyintotheload#kwh,BUNDOORA,0.0,-0.46092594,0.016448434,0.015961109,0.0
2025-02-15 06:00:00,solar.bun_library#realenergyintotheload#kwh,BUNDOORA,0.0,17.466003,0.029452875,0.02858026,0.0
2025-02-15 07:00:00,solar.bun_library#realenergyintotheload#kwh,BUNDOORA,0.0,57.027252,0.052778523,0.05121483,1.0
2025-02-15 08:00:00,solar.bun_library#realenergyintotheload#kwh,BUNDOORA,11.875,36.924675,18.294651,17.752626,57.0
2025-02-15 09:00:00,solar.bun_library#realenergyintotheload#kwh,BUNDOORA,45.5,87.314644,90.412575,87.73388,239.0
2025-02-15 10:00:00,solar.bun_library#realenergyintotheload#kwh,BUNDOORA,70.5,101.51482,162.91797,158.09111,435.0
2025-02-15 11:00:00,solar.bun_library#realenergyintotheload#kwh,BUNDOORA,143.875,136.9624,216.36972,209.95923,606.0
2025-02-15 12:00:00,solar.bun_library#realenergyintotheload#kwh,BUNDOORA,191.75,181.51031,200.67935,194.73372,582.0
2025-02-15 13:00:00,solar.bun_library#realenergyintotheload#kwh,BUNDOORA,108.375,155.27382,132.99725,129.05687,398.0
2025-02-15 14:00:00,solar.bun_library#realenergyintotheload#kwh,BUNDOORA,79.0,110.53007,62.213795,60.370556,185.0
2025-02-15 15:00:00,solar.bun_library#realenergyintotheload#kwh,BUNDOORA,207.375,197.9196,166.44939,161.51791,485.0
2025-02-15 16:00:00,solar.bun_library#realenergyintotheload#kwh,BUNDOORA,168.5,233.97026,281.78806,273.4394,828.0
2025-02-15 17:00:00,solar.bun_library#realenergyintotheload#kwh,BUNDOORA,130.5,215.08276,105.43767,102.31381,296.0
2025-02-15 18:00:00,solar.bun_library#realenergyintotheload#kwh,BUNDOORA,93.375,219.8819,159.6736,154.94287,410.0
2025-02-15 19:00:00,solar.bun_library#realenergyintotheload#kwh,BUNDOORA,52.875,150.14279,60.366375,58.57787,176.0
2025-02-15 20:00:00,solar.bun_library#realenergyintotheload#kwh,BUNDOORA,11.5,58.594185,14.613016,14.180069,47.0
2025-02-15 21:00:00,solar.bun_library#realenergyintotheload#kwh,BUNDOORA,0.25,46.163456,0.060365587,0.058577105,0.0
2025-02-15 22:00:00,solar.bun_library#realenergyintotheload#kwh,BUNDOORA,0.0,16.900143,0.1425923,0.13836764,0.0
2025-02-15 23:00:00,solar.bun_library#realenergyintotheload#kwh,BUNDOORA,0.0,8.36285,-0.3212778,0.0,0.0
2025-02-16 00:00:00,solar.bun_library#realenergyintotheload#kwh,BUNDOORA,0.0,5.489199,-0.041798122,0.0,0.0
2025-02-16 01:00:00,solar.bun_library#realenergyintotheload#kwh,BUNDOORA,0.0,3.0318825,-0.041798122,0.0,0.0
2025-02-16 02:00:00,solar.bun_library#realenergyintotheload#kwh,BUNDOORA,0.0,3.9129376,-0.009062475,0.0,0.0
2025-02-16 03:00:00,solar.bun_library#realenergyintotheload#kwh,BUNDOORA,0.0,-1.3417373,-0.018950092,0.0,0.0
2025-02-16 04:00:00,solar.bun_library#realenergyintotheload#kwh,BUNDOORA,0.0,-1.5313909,-0.038654283,0.0,0.0
2025-02-16 05:00:00,solar.bun_library#realenergyintotheload#kwh,BUNDOORA,0.0,-3.6090267,-0.012721621,0.0,0.0
2025-02-16 06:00:00,solar.bun_library#realenergyintotheload#kwh,BUNDOORA,0.0,26.166574,-0.011226248,0.0,0.0
2025-02-16 07:00:00,solar.bun_library#realenergyintotheload#kwh,BUNDOORA,0.0,76.77662,0.035561886,0.034508277,1.0
2025-02-16 08:00:00,solar.bun_library#realenergyintotheload#kwh,BUNDOORA,9.125,104.447624,20.45078,19.844875,64.0
2025-02-16 09:00:00,solar.bun_library#realenergyintotheload#kwh,BUNDOORA,49.5,122.917,75.75211,73.50777,213.0
2025-02-16 10:00:00,solar.bun_library#realenergyintotheload#kwh,BUNDOORA,70.0,172.10876,141.15324,136.97122,384.0
2025-02-16 11:00:00,solar.bun_library#realenergyintotheload#kwh,BUNDOORA,137.0,169.3254,133.27153,129.32303,383.0
2025-02-16 12:00:00,solar.bun_library#realenergyintotheload#kwh,BUNDOORA,119.5,145.19305,154.73715,150.15268,446.0
2025-02-16 13:00:00,solar.bun_library#realenergyintotheload#kwh,BUNDOORA,199.25,151.17998,248.76376,241.39351,724.0
2025-02-16 14:00:00,solar.bun_library#realenergyintotheload#kwh,BUNDOORA,213.625,165.39558,259.624,251.93198,744.0
2025-02-16 15:00:00,solar.bun_library#realenergyintotheload#kwh,BUNDOORA,194.25,176.47336,272.62735,264.55008,784.0
2025-02-16 16:00:00,solar.bun_library#realenergyintotheload#kwh,BUNDOORA,254.375,209.02594,187.89757,182.33063,547.0
2025-02-16 17:00:00,solar.bun_library#realenergyintotheload#kwh,BUNDOORA,230.0,191.60999,240.79552,233.66135,690.0
2025-02-16 18:00:00,solar.bun_library#realenergyintotheload#kwh,BUNDOORA,124.125,220.36853,163.27435,158.43694,476.0
2025-02-16 19:00:00,solar.bun_library#realenergyintotheload#kwh,BUNDOORA,69.0,116.61688,90.65526,87.96937,266.0
2025-02-16 20:00:00,solar.bun_library#realenergyintotheload#kwh,BUNDOORA,14.375,89.693924,20.049232,19.455223,65.0
2025-02-16 21:00:00,solar.bun_library#realenergyintotheload#kwh,BUNDOORA,0.125,28.103,0.05379528,0.05220146,0.0
2025-02-16 22:00:00,solar.bun_library#realenergyintotheload#kwh,BUNDOORA,0.0,15.96424,0.18444367,0.17897907,0.0
2025-02-16 23:00:00,solar.bun_library#realenergyintotheload#kwh,BUNDOORA,0.0,5.0084677,0.04821754,0.046788972,0.0
2025-02-17 00:00:00,solar.bun_library#realenergyintotheload#kwh,BUNDOORA,0.0,0.8742506,0.055872023,0.054216675,0.0
2025-02-17 01:00:00,solar.bun_library#realenergyintotheload#kwh,BUNDOORA,0.0,1.4284132,0.088808194,0.08617703,0.0
2025-02-17 02:00:00,solar.bun_library#realenergyintotheload#kwh,BUNDOORA,0.0,1.3420596,0.10162415,0.098613285,0.0
2025-02-17 03:00:00,solar.bun_library#realenergyintotheload#kwh,BUNDOORA,0.0,1.9206067,0.024628263,0.023898588,0.0
2025-02-17 04:00:00,solar.bun_library#realenergyintotheload#kwh,BUNDOORA,0.0,0.18261313,0.024628263,0.023898588,0.0
2025-02-17 05:00:00,solar.bun_library#realenergyintotheload#kwh,BUNDOORA,0.0,0.61438185,0.048787978,0.047342513,0.0
2025-02-17 06:00:00,solar.bun_library#realenergyintotheload#kwh,BUNDOORA,0.0,16.836828,0.03558409,0.03452982,0.0
2025-02-17 07:00:00,solar.bun_library#realenergyintotheload#kwh,BUNDOORA,0.0,49.3524,0.02249055,0.02182421,1.0
2025-02-17 08:00:00,solar.bun_library#realenergyintotheload#kwh,BUNDOORA,13.0,86.692345,48.97004,47.51918,137.0
2025-02-17 09:00:00,solar.bun_library#realenergyintotheload#kwh,BUNDOORA,69.875,105.65199,137.96365,133.87613,353.0
2025-02-17 10:00:00,solar.bun_library#realenergyintotheload#kwh,BUNDOORA,155.125,182.51982,206.4958,200.37785,567.0
2025-02-17 11:00:00,solar.bun_library#realenergyintotheload#kwh,BUNDOORA,223.375,194.26868,262.0527,254.28874,754.0
2025-02-17 12:00:00,solar.bun_library#realenergyintotheload#kwh,BUNDOORA,268.875,235.37299,301.23004,292.30536,894.0
2025-02-17 13:00:00,solar.bun_library#realenergyintotheload#kwh,BUNDOORA,292.5,233.01274,319.47836,310.01303,978.0
2025-02-17 14:00:00,solar.bun_library#realenergyintotheload#kwh,BUNDOORA,299.375,251.37804,320.38477,310.89258,998.0
2025-02-17 15:00:00,solar.bun_library#realenergyintotheload#kwh,BUNDOORA,284.875,242.301,317.1106,307.7154,951.0
2025-02-17 16:00:00,solar.bun_library#realenergyintotheload#kwh,BUNDOORA,270.625,221.27432,286.67307,278.17966,843.0
2025-02-17 17:00:00,solar.bun_library#realenergyintotheload#kwh,BUNDOORA,219.875,264.75095,237.8024,230.75691,683.0
2025-02-17 18:00:00,solar.bun_library#realenergyintotheload#kwh,BUNDOORA,151.0,284.43497,168.76701,163.76686,485.0
2025-02-17 19:00:00,solar.bun_library#realenergyintotheload#kwh,BUNDOORA,73.25,172.79147,89.81114,87.15026,267.0
2025-02-17 20:00:00,solar.bun_library#realenergyintotheload#kwh,BUNDOORA,13.375,85.81117,14.6580925,14.22381,52.0
2025-02-17 21:00:00,solar.bun_library#realenergyintotheload#kwh,BUNDOORA,0.25,22.402239,0.02150765,0.020870432,0.0
2025-02-17 22:00:00,solar.bun_library#realenergyintotheload#kwh,BUNDOORA,0.0,10.492248,-0.07281431,0.0,0.0
2025-02-17 23:00:00,solar.bun_library#realenergyintotheload#kwh,BUNDOORA,0.0,-1.851672,-0.032088343,0.0,0.0
2025-02-18 00:00:00,solar.bun_library#realenergyintotheload#kwh,BUNDOORA,0.0,-0.53839755,-0.021670822,0.0,0.0
2025-02-18 01:00:00,solar.bun_library#realenergyintotheload#kwh,BUNDOORA,0.0,1.4191393,0.19384098,0.18809795,0.0
2025-02-18 02:00:00,solar.bun_library#realenergyintotheload#kwh,BUNDOORA,0.0,1.5395209,-0.05620289,0.0,0.0
2025-02-18 03:00:00,solar.bun_library#realenergyintotheload#kwh,BUNDOORA,0.0,3.4550054,-0.061025567,0.0,0.0
2025-02-18 04:00:00,solar.bun_library#realenergyintotheload#kwh,BUNDOORA,0.0,3.4755552,0.026635729,0.025846578,0.0
2025-02-18 05:00:00,solar.bun_library#realenergyintotheload#kwh,BUNDOORA,0.0,1.1003195,0.043997534,0.042693995,0.0
2025-02-18 06:00:00,solar.bun_library#realenergyintotheload#kwh,BUNDOORA,0.0,23.261042,0.048787978,0.047342513,0.0
2025-02-18 07:00:00,solar.bun_library#realenergyintotheload#kwh,BUNDOORA,0.0,60.346794,0.020743705,0.020129122,0.0
2025-02-18 08:00:00,solar.bun_library#realenergyintotheload#kwh,BUNDOORA,10.625,46.90349,41.63294,40.39946,132.0
2025-02-18 09:00:00,solar.bun_library#realenergyintotheload#kwh,BUNDOORA,69.625,98.0778,127.27306,123.50228,336.0
2025-02-18 10:00:00,solar.bun_library#realenergyintotheload#kwh,BUNDOORA,141.75,130.87662,202.50699,196.50722,560.0
2025-02-18 11:00:00,solar.bun_library#realenergyintotheload#kwh,BUNDOORA,214.0,172.19263,268.23642,260.28925,748.0
2025-02-18 12:00:00,solar.bun_library#realenergyintotheload#kwh,BUNDOORA,267.25,205.62016,305.2269,296.18378,888.0
2025-02-18 13:00:00,solar.bun_library#realenergyintotheload#kwh,BUNDOORA,294.125,252.39641,319.05487,309.60208,966.0
2025-02-18 14:00:00,solar.bun_library#realenergyintotheload#kwh,BUNDOORA,294.75,211.05708,317.20624,307.8082,960.0
2025-02-18 15:00:00,solar.bun_library#realenergyintotheload#kwh,BUNDOORA,239.875,185.53838,230.53474,223.70457,676.0
2025-02-18 16:00:00,solar.bun_library#realenergyintotheload#kwh,BUNDOORA,154.5,157.3204,171.42819,166.3492,504.0
2025-02-18 17:00:00,solar.bun_library#realenergyintotheload#kwh,BUNDOORA,107.125,153.14377,131.10701,127.22263,375.0
2025-02-18 18:00:00,solar.bun_library#realenergyintotheload#kwh,BUNDOORA,90.5,142.04332,99.18196,96.24345,278.0
2025-02-18 19:00:00,solar.bun_library#realenergyintotheload#kwh,BUNDOORA,64.625,148.6843,74.65639,72.4445,214.0
2025-02-18 20:00:00,solar.bun_library#realenergyintotheload#kwh,BUNDOORA,12.375,69.495705,8.582143,8.327875,29.0
2025-02-18 21:00:00,solar.bun_library#realenergyintotheload#kwh,BUNDOORA,0.0,34.868603,-0.16699666,0.0,0.0
2025-02-18 22:00:00,solar.bun_library#realenergyintotheload#kwh,BUNDOORA,0.0,8.832055,-0.13216397,0.0,0.0
2025-02-18 23:00:00,solar.bun_library#realenergyintotheload#kwh,BUNDOORA,0.0,4.1887255,-0.13216397,0.0,0.0
2025-02-19 00:00:00,solar.bun_library#realenergyintotheload#kwh,BUNDOORA,0.0,3.6443832,-0.056289833,0.0,0.0
2025-02-19 01:00:00,solar.bun_library#realenergyintotheload#kwh,BUNDOORA,0.0,6.14122,0.09667984,0.09381545,0.0
2025-02-19 02:00:00,solar.bun_library#realenergyintotheload#kwh,BUNDOORA,0.0,5.029424,0.14355977,0.13930646,0.0
2025-02-19 03:00:00,solar.bun_library#realenergyintotheload#kwh,BUNDOORA,0.0,5.7664275,0.09667984,0.09381545,0.0
2025-02-19 04:00:00,solar.bun_library#realenergyintotheload#kwh,BUNDOORA,0.0,2.6354718,0.023231082,0.022542803,0.0
2025-02-19 05:00:00,solar.bun_library#realenergyintotheload#kwh,BUNDOORA,0.0,0.51878846,0.027994845,0.027165428,0.0
2025-02-19 06:00:00,solar.bun_library#realenergyintotheload#kwh,BUNDOORA,0.0,8.268252,-0.02871254,0.0,0.0
2025-02-19 07:00:00,solar.bun_library#realenergyintotheload#kwh,BUNDOORA,0.0,33.167618,0.017168768,0.0166601,0.0
2025-02-19 08:00:00,solar.bun_library#realenergyintotheload#kwh,BUNDOORA,3.25,38.832966,17.045261,16.540253,61.0
2025-02-19 09:00:00,solar.bun_library#realenergyintotheload#kwh,BUNDOORA,16.25,34.814358,50.37856,48.885967,150.0
2025-02-19 10:00:00,solar.bun_library#realenergyintotheload#kwh,BUNDOORA,50.75,37.192104,82.271645,79.834145,236.0
2025-02-19 11:00:00,solar.bun_library#realenergyintotheload#kwh,BUNDOORA,81.25,117.60077,103.36064,100.298325,309.0
2025-02-19 12:00:00,solar.bun_library#realenergyintotheload#kwh,BUNDOORA,130.125,151.51743,151.34538,146.8614,437.0
2025-02-19 13:00:00,solar.bun_library#realenergyintotheload#kwh,BUNDOORA,168.625,155.69075,165.8338,160.92056,477.0
2025-02-19 14:00:00,solar.bun_library#realenergyintotheload#kwh,BUNDOORA,212.5,145.90471,244.76152,237.50984,734.0
2025-02-19 15:00:00,solar.bun_library#realenergyintotheload#kwh,BUNDOORA,143.875,102.51239,100.63724,97.65561,308.0
2025-02-19 16:00:00,solar.bun_library#realenergyintotheload#kwh,BUNDOORA,44.375,139.97408,191.36505,185.69539,549.0
2025-02-19 17:00:00,solar.bun_library#realenergyintotheload#kwh,BUNDOORA,0.0,162.25116,186.61119,181.08237,518.0
2025-02-19 18:00:00,solar.bun_library#realenergyintotheload#kwh,BUNDOORA,0.0,211.21046,158.07599,153.3926,435.0
2025-02-19 19:00:00,solar.bun_library#realenergyintotheload#kwh,BUNDOORA,0.0,127.362144,46.170544,44.802628,145.0
2025-02-19 20:00:00,solar.bun_library#realenergyintotheload#kwh,BUNDOORA,0.0,73.02086,7.985589,7.748996,30.0
2025-02-19 21:00:00,solar.bun_library#realenergyintotheload#kwh,BUNDOORA,0.0,10.6589365,0.06569629,0.06374987,0.0
2025-02-19 22:00:00,solar.bun_library#realenergyintotheload#kwh,BUNDOORA,0.0,7.7134843,-0.108264096,0.0,0.0
2025-02-19 23:00:00,solar.bun_library#realenergyintotheload#kwh,BUNDOORA,0.0,-0.46679538,-0.10052008,0.0,0.0
2025-02-20 00:00:00,solar.bun_library#realenergyintotheload#kwh,BUNDOORA,0.0,2.2826793,0.01866414,0.018111167,0.0
2025-02-20 01:00:00,solar.bun_library#realenergyintotheload#kwh,BUNDOORA,0.0,1.2299273,0.017168768,0.0166601,0.0
2025-02-20 02:00:00,solar.bun_library#realenergyintotheload#kwh,BUNDOORA,0.0,2.2798622,0.010920131,0.010596595,0.0
2025-02-20 03:00:00,solar.bun_library#realenergyintotheload#kwh,BUNDOORA,0.0,0.87461627,0.017168768,0.0166601,0.0
2025-02-20 04:00:00,solar.bun_library#realenergyintotheload#kwh,BUNDOORA,0.0,-2.7515504,-0.02871254,0.0,0.0
2025-02-20 05:00:00,solar.bun_library#realenergyintotheload#kwh,BUNDOORA,0.0,-3.8205466,-0.011718501,0.0,0.0
2025-02-20 06:00:00,solar.bun_library#realenergyintotheload#kwh,BUNDOORA,0.0,13.19902,0.06103153,0.05922332,0.0
2025-02-20 07:00:00,solar.bun_library#realenergyintotheload#kwh,BUNDOORA,0.0,27.381012,-0.019472094,0.0,0.0
2025-02-20 08:00:00,solar.bun_library#realenergyintotheload#kwh,BUNDOORA,0.0,76.31524,15.104215,14.656714,52.0
2025-02-20 09:00:00,solar.bun_library#realenergyintotheload#kwh,BUNDOORA,0.0,126.32169,59.11138,57.360058,172.0
2025-02-20 10:00:00,solar.bun_library#realenergyintotheload#kwh,BUNDOORA,0.0,127.312706,97.67456,94.78071,270.0
2025-02-20 11:00:00,solar.bun_library#realenergyintotheload#kwh,BUNDOORA,0.0,114.52466,97.732895,94.83731,280.0
2025-02-20 12:00:00,solar.bun_library#realenergyintotheload#kwh,BUNDOORA,0.0,110.22793,98.47329,95.55577,285.0
2025-02-20 13:00:00,solar.bun_library#realenergyintotheload#kwh,BUNDOORA,0.0,207.55084,306.61682,297.53253,909.0
2025-02-20 14:00:00,solar.bun_library#realenergyintotheload#kwh,BUNDOORA,0.0,250.45497,317.62302,308.21265,984.0
2025-02-20 15:00:00,solar.bun_library#realenergyintotheload#kwh,BUNDOORA,0.0,265.20132,311.52112,302.29153,941.0
2025-02-20 16:00:00,solar.bun_library#realenergyintotheload#kwh,BUNDOORA,0.0,247.47018,284.37476,275.94943,834.0
2025-02-20 17:00:00,solar.bun_library#realenergyintotheload#kwh,BUNDOORA,0.0,244.04408,239.90419,232.79643,674.0
2025-02-20 18:00:00,solar.bun_library#realenergyintotheload#kwh,BUNDOORA,0.0,238.57977,163.81042,158.95714,476.0
2025-02-20 19:00:00,solar.bun_library#realenergyintotheload#kwh,BUNDOORA,0.0,185.9757,83.95244,81.46513,259.0
2025-02-20 20:00:00,solar.bun_library#realenergyintotheload#kwh,BUNDOORA,0.0,105.53741,15.873203,15.40292,55.0
2025-02-20 21:00:00,solar.bun_library#realenergyintotheload#kwh,BUNDOORA,0.0,26.198454,0.060398895,0.058609426,0.0
2025-02-20 22:00:00,solar.bun_library#realenergyintotheload#kwh,BUNDOORA,0.0,8.75967,0.059604827,0.057838887,0.0
2025-02-20 23:00:00,solar.bun_library#realenergyintotheload#kwh,BUNDOORA,0.0,-0.459975,-0.0021763705,0.0,0.0
2025-02-21 00:00:00,solar.bun_library#realenergyintotheload#kwh,BUNDOORA,0.0,1.5988737,0.02417073,0.023454612,0.0
2025-02-21 01:00:00,solar.bun_library#realenergyintotheload#kwh,BUNDOORA,0.0,0.2657231,0.02417073,0.023454612,0.0
2025-02-21 02:00:00,solar.bun_library#realenergyintotheload#kwh,BUNDOORA,0.0,0.35850847,0.02417073,0.023454612,0.0
2025-02-21 03:00:00,solar.bun_library#realenergyintotheload#kwh,BUNDOORA,0.0,-0.14601526,0.020838618,0.020221222,0.0
2025-02-21 04:00:00,solar.bun_library#realenergyintotheload#kwh,BUNDOORA,0.0,0.127,-0.0029132236,0.0,0.0
2025-02-21 05:00:00,solar.bun_library#realenergyintotheload#kwh,BUNDOORA,0.0,0.11898425,-0.010666817,0.0,0.0
2025-02-21 06:00:00,solar.bun_library#realenergyintotheload#kwh,BUNDOORA,0.0,1.2477735,-0.010666817,0.0,0.0
2025-02-21 07:00:00,solar.bun_library#realenergyintotheload#kwh,BUNDOORA,0.0,1.4940413,-0.010666817,0.0,0.0
2025-02-21 08:00:00,solar.bun_library#realenergyintotheload#kwh,BUNDOORA,10.75,-1.9181545,41.01785,39.802593,122.0
2025-02-21 09:00:00,solar.bun_library#realenergyintotheload#kwh,BUNDOORA,69.125,-4.611891,107.68992,104.49934,286.0
2025-02-21 10:00:00,solar.bun_library#realenergyintotheload#kwh,BUNDOORA,146.625,51.5596,198.3701,192.49289,543.0
2025-02-21 11:00:00,solar.bun_library#realenergyintotheload#kwh,BUNDOORA,210.25,253.90733,244.74942,237.49811,730.0
2025-02-21 12:00:00,solar.bun_library#realenergyintotheload#kwh,BUNDOORA,256.75,258.5748,285.81592,277.3479,871.0
2025-02-21 13:00:00,solar.bun_library#realenergyintotheload#kwh,BUNDOORA,278.875,281.71896,315.8098,306.45316,953.0
2025-02-21 14:00:00,solar.bun_library#realenergyintotheload#kwh,BUNDOORA,282.125,278.40985,320.49997,311.00436,975.0
2025-02-21 15:00:00,solar.bun_library#realenergyintotheload#kwh,BUNDOORA,276.875,297.92535,309.46475,300.29608,931.0
2025-02-21 16:00:00,solar.bun_library#realenergyintotheload#kwh,BUNDOORA,249.75,287.2017,276.50684,268.31464,824.0
2025-02-21 17:00:00,solar.bun_library#realenergyintotheload#kwh,BUNDOORA,195.125,293.20898,225.94835,219.25406,659.0
2025-02-21 18:00:00,solar.bun_library#realenergyintotheload#kwh,BUNDOORA,119.0,241.78696,120.32014,116.75535,355.0
2025-02-21 19:00:00,solar.bun_library#realenergyintotheload#kwh,BUNDOORA,76.5,166.27151,65.85354,63.902462,197.0
2025-02-21 20:00:00,solar.bun_library#realenergyintotheload#kwh,BUNDOORA,17.875,110.87843,8.111433,7.8711114,27.0
2025-02-21 21:00:00,solar.bun_library#realenergyintotheload#kwh,BUNDOORA,0.5,30.59877,0.118650585,0.11513527,0.0
2025-02-21 22:00:00,solar.bun_library#realenergyintotheload#kwh,BUNDOORA,0.0,10.791912,-0.06611206,0.0,0.0
2025-02-21 23:00:00,solar.bun_library#realenergyintotheload#kwh,BUNDOORA,0.0,-2.9566379,0.054393854,0.0527823,0.0
2025-02-22 00:00:00,solar.bun_library#realenergyintotheload#kwh,BUNDOORA,0.0,-0.8222566,0.050817702,0.0493121,0.0
2025-02-22 01:00:00,solar.bun_library#realenergyintotheload#kwh,BUNDOORA,0.0,-2.164197,0.15270597,0.14818168,0.0
2025-02-22 02:00:00,solar.bun_library#realenergyintotheload#kwh,BUNDOORA,0.0,-8.436826,0.08879915,0.08616825,0.0
2025-02-22 03:00:00,solar.bun_library#realenergyintotheload#kwh,BUNDOORA,0.0,2.6545613,0.16685629,0.16191275,0.0
2025-02-22 04:00:00,solar.bun_library#realenergyintotheload#kwh,BUNDOORA,0.0,3.1052356,0.16508241,0.16019143,0.0
2025-02-22 05:00:00,solar.bun_library#realenergyintotheload#kwh,BUNDOORA,0.0,3.4181395,0.23494565,0.2279848,0.0
2025-02-22 06:00:00,solar.bun_library#realenergyintotheload#kwh,BUNDOORA,0.0,25.145672,0.18268257,0.17727014,0.0
2025-02-22 07:00:00,solar.bun_library#realenergyintotheload#kwh,BUNDOORA,0.0,60.737717,0.19021556,0.18457994,0.0
2025-02-22 08:00:00,solar.bun_library#realenergyintotheload#kwh,BUNDOORA,7.75,168.96931,27.41125,26.599123,111.0
2025-02-22 09:00:00,solar.bun_library#realenergyintotheload#kwh,BUNDOORA,56.0,143.01527,99.16731,96.22923,316.0
2025-02-22 10:00:00,solar.bun_library#realenergyintotheload#kwh,BUNDOORA,137.0,147.90201,172.03943,166.94234,523.0
2025-02-22 11:00:00,solar.bun_library#realenergyintotheload#kwh,BUNDOORA,214.25,117.77902,237.12134,230.09602,702.0
2025-02-22 12:00:00,solar.bun_library#realenergyintotheload#kwh,BUNDOORA,236.0,198.70721,275.08423,266.93417,823.0
2025-02-22 13:00:00,solar.bun_library#realenergyintotheload#kwh,BUNDOORA,269.25,231.47507,305.70273,296.6455,922.0
2025-02-22 14:00:00,solar.bun_library#realenergyintotheload#kwh,BUNDOORA,252.875,252.79892,302.04877,293.09982,910.0
2025-02-22 15:00:00,solar.bun_library#realenergyintotheload#kwh,BUNDOORA,267.5,260.31964,294.62204,285.89313,893.0
2025-02-22 16:00:00,solar.bun_library#realenergyintotheload#kwh,BUNDOORA,239.75,265.42368,264.27206,256.44235,787.0
2025-02-22 17:00:00,solar.bun_library#realenergyintotheload#kwh,BUNDOORA,182.125,197.79144,213.20335,206.88667,630.0
2025-02-22 18:00:00,solar.bun_library#realenergyintotheload#kwh,BUNDOORA,90.125,205.4131,63.426445,61.54728,194.0
2025-02-22 19:00:00,solar.bun_library#realenergyintotheload#kwh,BUNDOORA,72.5,166.85564,60.3571,58.56887,191.0
2025-02-22 20:00:00,solar.bun_library#realenergyintotheload#kwh,BUNDOORA,11.0,118.61517,9.357162,9.079933,32.0
2025-02-22 21:00:00,solar.bun_library#realenergyintotheload#kwh,BUNDOORA,0.0,53.040874,0.6065937,0.58862185,0.0
2025-02-22 22:00:00,solar.bun_library#realenergyintotheload#kwh,BUNDOORA,0.0,23.509876,0.38588372,0.37445095,0.0
2025-02-22 23:00:00,solar.bun_library#realenergyintotheload#kwh,BUNDOORA,0.0,7.665291,0.33076456,0.32096484,0.0
2025-02-23 00:00:00,solar.bun_library#realenergyintotheload#kwh,BUNDOORA,0.0,5.5836563,0.06501009,0.06308401,0.0
2025-02-23 01:00:00,solar.bun_library#realenergyintotheload#kwh,BUNDOORA,0.0,5.624777,0.061680123,0.059852697,0.0
2025-02-23 02:00:00,solar.bun_library#realenergyintotheload#kwh,BUNDOORA,0.0,13.257709,0.31744915,0.30804393,0.0
2025-02-23 03:00:00,solar.bun_library#realenergyintotheload#kwh,BUNDOORA,0.0,11.469921,0.061680123,0.059852697,0.0
2025-02-23 04:00:00,solar.bun_library#realenergyintotheload#kwh,BUNDOORA,0.0,18.09405,-0.043901928,0.0,0.0
2025-02-23 05:00:00,solar.bun_library#realenergyintotheload#kwh,BUNDOORA,0.0,9.070059,-0.11156278,0.0,0.0
2025-02-23 06:00:00,solar.bun_library#realenergyintotheload#kwh,BUNDOORA,0.0,34.08009,-0.13036872,0.0,0.0
2025-02-23 07:00:00,solar.bun_library#realenergyintotheload#kwh,BUNDOORA,0.0,27.03304,-0.20919414,0.0,0.0
2025-02-23 08:00:00,solar.bun_library#realenergyintotheload#kwh,BUNDOORA,8.375,39.669647,14.16142,13.741853,49.0
2025-02-23 09:00:00,solar.bun_library#realenergyintotheload#kwh,BUNDOORA,20.25,83.49865,38.425034,37.286594,121.0
2025-02-23 10:00:00,solar.bun_library#realenergyintotheload#kwh,BUNDOORA,83.0,35.65038,145.78848,141.46913,451.0
2025-02-23 11:00:00,solar.bun_library#realenergyintotheload#kwh,BUNDOORA,118.125,162.13605,126.40716,122.66203,377.0
2025-02-23 12:00:00,solar.bun_library#realenergyintotheload#kwh,BUNDOORA,99.375,170.61937,82.51367,80.069,267.0
2025-02-23 13:00:00,solar.bun_library#realenergyintotheload#kwh,BUNDOORA,145.75,136.2397,126.9823,123.22013,385.0
2025-02-23 14:00:00,solar.bun_library#realenergyintotheload#kwh,BUNDOORA,50.25,143.33887,67.05501,65.06834,200.0
2025-02-23 15:00:00,solar.bun_library#realenergyintotheload#kwh,BUNDOORA,88.75,223.41682,167.86775,162.89426,493.0
2025-02-23 16:00:00,solar.bun_library#realenergyintotheload#kwh,BUNDOORA,208.375,197.82016,273.8088,265.69653,787.0
2025-02-23 17:00:00,solar.bun_library#realenergyintotheload#kwh,BUNDOORA,201.875,244.43315,224.97554,218.31007,635.0
2025-02-23 18:00:00,solar.bun_library#realenergyintotheload#kwh,BUNDOORA,135.0,131.4352,148.17427,143.78424,449.0
2025-02-23 19:00:00,solar.bun_library#realenergyintotheload#kwh,BUNDOORA,62.375,151.81871,71.125305,69.01804,239.0
2025-02-23 20:00:00,solar.bun_library#realenergyintotheload#kwh,BUNDOORA,10.375,84.49158,13.308864,12.914556,41.0
2025-02-23 21:00:00,solar.bun_library#realenergyintotheload#kwh,BUNDOORA,0.0,23.66151,-0.0025175866,0.0,0.0
2025-02-23 22:00:00,solar.bun_library#realenergyintotheload#kwh,BUNDOORA,0.0,9.918119,0.010963187,0.010638375,0.0
2025-02-23 23:00:00,solar.bun_library#realenergyintotheload#kwh,BUNDOORA,0.0,1.7221006,0.0017169779,0.0016661081,0.0
2025-02-24 00:00:00,solar.bun_library#realenergyintotheload#kwh,BUNDOORA,0.0,0.8799106,0.02417073,0.023454612,0.0
2025-02-24 01:00:00,solar.bun_library#realenergyintotheload#kwh,BUNDOORA,0.0,1.2613457,0.02417073,0.023454612,0.0
2025-02-24 02:00:00,solar.bun_library#realenergyintotheload#kwh,BUNDOORA,0.0,0.792546,0.02417073,0.023454612,0.0
2025-02-24 03:00:00,solar.bun_library#realenergyintotheload#kwh,BUNDOORA,0.0,1.782467,0.024202026,0.02348498,0.0
2025-02-24 04:00:00,solar.bun_library#realenergyintotheload#kwh,BUNDOORA,0.0,0.52712584,0.0058300784,0.005657348,0.0
2025-02-24 05:00:00,solar.bun_library#realenergyintotheload#kwh,BUNDOORA,0.0,0.35043693,-0.0029132236,0.0,0.0
2025-02-24 06:00:00,solar.bun_library#realenergyintotheload#kwh,BUNDOORA,0.0,1.6114157,0.0058300784,0.005657348,0.0
2025-02-24 07:00:00,solar.bun_library#realenergyintotheload#kwh,BUNDOORA,0.0,3.6152518,0.020869914,0.02025159,0.0
2025-02-24 08:00:00,solar.bun_library#realenergyintotheload#kwh,BUNDOORA,8.0,1.9477493,28.219114,27.383053,92.0
2025-02-24 09:00:00,solar.bun_library#realenergyintotheload#kwh,BUNDOORA,38.75,-2.8618078,74.97769,72.75629,248.0
2025-02-24 10:00:00,solar.bun_library#realenergyintotheload#kwh,BUNDOORA,113.75,10.572471,114.659584,111.262505,335.0
2025-02-24 11:00:00,solar.bun_library#realenergyintotheload#kwh,BUNDOORA,199.125,62.61691,200.53703,194.59563,567.0
2025-02-24 12:00:00,solar.bun_library#realenergyintotheload#kwh,BUNDOORA,151.875,153.75342,145.87129,141.54948,419.0
2025-02-24 13:00:00,solar.bun_library#realenergyintotheload#kwh,BUNDOORA,161.0,139.01709,226.36444,219.65782,662.0
2025-02-24 14:00:00,solar.bun_library#realenergyintotheload#kwh,BUNDOORA,189.75,165.02672,258.88876,251.21854,754.0
2025-02-24 15:00:00,solar.bun_library#realenergyintotheload#kwh,BUNDOORA,241.0,218.12842,297.01678,288.21692,872.0
2025-02-24 16:00:00,solar.bun_library#realenergyintotheload#kwh,BUNDOORA,265.125,238.67595,280.9484,272.6246,808.0
2025-02-24 17:00:00,solar.bun_library#realenergyintotheload#kwh,BUNDOORA,208.0,221.73746,232.04851,225.1735,650.0
2025-02-24 18:00:00,solar.bun_library#realenergyintotheload#kwh,BUNDOORA,140.625,263.74475,154.47543,149.89871,455.0
2025-02-24 19:00:00,solar.bun_library#realenergyintotheload#kwh,BUNDOORA,64.0,184.63272,72.87812,70.718925,238.0
2025-02-24 20:00:00,solar.bun_library#realenergyintotheload#kwh,BUNDOORA,9.625,114.31876,11.336115,11.000254,40.0
2025-02-24 21:00:00,solar.bun_library#realenergyintotheload#kwh,BUNDOORA,0.0,34.966515,0.03395865,0.03295254,0.0
2025-02-24 22:00:00,solar.bun_library#realenergyintotheload#kwh,BUNDOORA,0.0,10.436213,0.0170005,0.016496819,0.0
2025-02-24 23:00:00,solar.bun_library#realenergyintotheload#kwh,BUNDOORA,0.0,1.5350766,0.0058202296,0.0056477906,0.0
2025-02-25 00:00:00,solar.bun_library#realenergyintotheload#kwh,BUNDOORA,0.0,0.51114446,-0.002217643,0.0,0.0
2025-02-25 01:00:00,solar.bun_library#realenergyintotheload#kwh,BUNDOORA,0.0,0.3352388,0.020838618,0.020221222,0.0
2025-02-25 02:00:00,solar.bun_library#realenergyintotheload#kwh,BUNDOORA,0.0,0.44074875,0.020838618,0.020221222,0.0
2025-02-25 03:00:00,solar.bun_library#realenergyintotheload#kwh,BUNDOORA,0.0,0.8122888,0.0056305127,0.0054636947,0.0
2025-02-25 04:00:00,solar.bun_library#realenergyintotheload#kwh,BUNDOORA,0.0,0.18602017,0.020838618,0.020221222,0.0
2025-02-25 05:00:00,solar.bun_library#realenergyintotheload#kwh,BUNDOORA,0.0,0.3561641,0.020838618,0.020221222,0.0
2025-02-25 06:00:00,solar.bun_library#realenergyintotheload#kwh,BUNDOORA,0.0,0.72004235,0.0056305127,0.0054636947,0.0
2025-02-25 07:00:00,solar.bun_library#realenergyintotheload#kwh,BUNDOORA,0.0,2.806423,-0.0019571716,0.0,0.0
2025-02-25 08:00:00,solar.bun_library#realenergyintotheload#kwh,BUNDOORA,8.375,3.4261725,30.244438,29.348372,110.0
2025-02-25 09:00:00,solar.bun_library#realenergyintotheload#kwh,BUNDOORA,62.125,10.122149,113.18199,109.82869,324.0
2025-02-25 10:00:00,solar.bun_library#realenergyintotheload#kwh,BUNDOORA,146.25,29.852448,188.40059,182.81876,539.0
2025-02-25 11:00:00,solar.bun_library#realenergyintotheload#kwh,BUNDOORA,215.375,201.73798,247.86633,240.52267,730.0
2025-02-25 12:00:00,solar.bun_library#realenergyintotheload#kwh,BUNDOORA,260.75,266.4015,287.16525,278.65726,873.0
2025-02-25 13:00:00,solar.bun_library#realenergyintotheload#kwh,BUNDOORA,284.25,279.53094,317.43564,308.03082,956.0
2025-02-25 14:00:00,solar.bun_library#realenergyintotheload#kwh,BUNDOORA,291.875,273.78848,317.50998,308.10297,973.0
2025-02-25 15:00:00,solar.bun_library#realenergyintotheload#kwh,BUNDOORA,284.625,275.19983,308.49475,299.35483,925.0
2025-02-25 16:00:00,solar.bun_library#realenergyintotheload#kwh,BUNDOORA,256.25,249.16278,277.8116,269.58075,815.0
2025-02-25 17:00:00,solar.bun_library#realenergyintotheload#kwh,BUNDOORA,203.75,275.35306,229.23654,222.44484,650.0
2025-02-25 18:00:00,solar.bun_library#realenergyintotheload#kwh,BUNDOORA,136.5,112.76704,151.15196,146.6737,447.0
2025-02-25 19:00:00,solar.bun_library#realenergyintotheload#kwh,BUNDOORA,61.0,38.65808,70.818665,68.72048,229.0
2025-02-25 20:00:00,solar.bun_library#realenergyintotheload#kwh,BUNDOORA,9.0,91.02862,10.048247,9.750543,36.0
2025-02-25 21:00:00,solar.bun_library#realenergyintotheload#kwh,BUNDOORA,0.0,40.94108,0.0019132989,0.0018566126,0.0
2025-02-25 22:00:00,solar.bun_library#realenergyintotheload#kwh,BUNDOORA,0.0,4.6890306,0.008538498,0.008285523,0.0
2025-02-25 23:00:00,solar.bun_library#realenergyintotheload#kwh,BUNDOORA,0.0,0.78087467,-0.0017608516,0.0,0.0
2025-02-26 00:00:00,solar.bun_library#realenergyintotheload#kwh,BUNDOORA,0.0,0.67970914,-0.00701164,0.0,0.0
2025-02-26 01:00:00,solar.bun_library#realenergyintotheload#kwh,BUNDOORA,0.0,-0.12865388,-0.0017608516,0.0,0.0
2025-02-26 02:00:00,solar.bun_library#realenergyintotheload#kwh,BUNDOORA,0.0,-0.32571396,-0.0017608516,0.0,0.0
2025-02-26 03:00:00,solar.bun_library#realenergyintotheload#kwh,BUNDOORA,0.0,-0.20357811,-0.0017608516,0.0,0.0
2025-02-26 04:00:00,solar.bun_library#realenergyintotheload#kwh,BUNDOORA,0.0,-0.18086046,-0.00894475,0.0,0.0
2025-02-26 05:00:00,solar.bun_library#realenergyintotheload#kwh,BUNDOORA,0.0,-0.15937982,0.021173328,0.020546015,0.0
2025-02-26 06:00:00,solar.bun_library#realenergyintotheload#kwh,BUNDOORA,0.0,2.0504818,0.020838618,0.020221222,0.0
2025-02-26 07:00:00,solar.bun_library#realenergyintotheload#kwh,BUNDOORA,0.0,34.29493,0.008962626,0.008697085,0.0
2025-02-26 08:00:00,solar.bun_library#realenergyintotheload#kwh,BUNDOORA,7.375,112.99985,27.510809,26.695732,104.0
2025-02-26 09:00:00,solar.bun_library#realenergyintotheload#kwh,BUNDOORA,57.375,152.13803,97.737976,94.84225,313.0
2025-02-26 10:00:00,solar.bun_library#realenergyintotheload#kwh,BUNDOORA,137.75,121.25711,169.92584,164.89136,524.0
2025-02-26 11:00:00,solar.bun_library#realenergyintotheload#kwh,BUNDOORA,183.75,198.16249,235.28075,228.30997,713.0
2025-02-26 12:00:00,solar.bun_library#realenergyintotheload#kwh,BUNDOORA,251.875,268.17966,282.3219,273.9574,854.0
2025-02-26 13:00:00,solar.bun_library#realenergyintotheload#kwh,BUNDOORA,275.0,292.62128,306.30814,297.233,936.0
2025-02-26 14:00:00,solar.bun_library#realenergyintotheload#kwh,BUNDOORA,276.875,274.66238,308.95746,299.80383,955.0
2025-02-26 15:00:00,solar.bun_library#realenergyintotheload#kwh,BUNDOORA,260.75,258.56857,302.88962,293.91574,910.0
2025-02-26 16:00:00,solar.bun_library#realenergyintotheload#kwh,BUNDOORA,236.0,271.78186,265.12906,257.27396,798.0
2025-02-26 17:00:00,solar.bun_library#realenergyintotheload#kwh,BUNDOORA,149.0,248.38307,131.01024,127.12873,378.0
2025-02-26 18:00:00,solar.bun_library#realenergyintotheload#kwh,BUNDOORA,26.5,185.36469,37.49857,36.38758,119.0
2025-02-26 19:00:00,solar.bun_library#realenergyintotheload#kwh,BUNDOORA,30.125,115.68838,43.152824,41.874313,143.0
2025-02-26 20:00:00,solar.bun_library#realenergyintotheload#kwh,BUNDOORA,18.625,92.730415,5.364548,5.2056103,22.0
2025-02-26 21:00:00,solar.bun_library#realenergyintotheload#kwh,BUNDOORA,0.125,21.488907,0.2632351,0.2554361,0.0
2025-02-26 22:00:00,solar.bun_library#realenergyintotheload#kwh,BUNDOORA,0.0,4.2404594,0.054491855,0.052877396,0.0
2025-02-26 23:00:00,solar.bun_library#realenergyintotheload#kwh,BUNDOORA,0.0,1.4507062,0.093901485,0.091119416,0.0
2025-02-27 00:00:00,solar.bun_library#realenergyintotheload#kwh,BUNDOORA,0.0,2.364778,-0.003439878,0.0,0.0
2025-02-27 01:00:00,solar.bun_library#realenergyintotheload#kwh,BUNDOORA,0.0,1.9119503,0.024202026,0.02348498,0.0
2025-02-27 02:00:00,solar.bun_library#realenergyintotheload#kwh,BUNDOORA,0.0,0.3329169,0.008196463,0.007953622,0.0
2025-02-27 03:00:00,solar.bun_library#realenergyintotheload#kwh,BUNDOORA,0.0,0.5500383,0.008196463,0.007953622,0.0
2025-02-27 04:00:00,solar.bun_library#realenergyintotheload#kwh,BUNDOORA,0.0,0.060193606,-0.0068433704,0.0,0.0
2025-02-27 05:00:00,solar.bun_library#realenergyintotheload#kwh,BUNDOORA,0.0,0.3044322,0.008196463,0.007953622,0.0
2025-02-27 06:00:00,solar.bun_library#realenergyintotheload#kwh,BUNDOORA,0.0,4.4910507,-0.0012129783,0.0,0.0
2025-02-27 07:00:00,solar.bun_library#realenergyintotheload#kwh,BUNDOORA,0.0,9.357205,0.013429317,0.01303144,0.0
2025-02-27 08:00:00,solar.bun_library#realenergyintotheload#kwh,BUNDOORA,2.125,14.728871,13.710099,13.303904,48.0
2025-02-27 09:00:00,solar.bun_library#realenergyintotheload#kwh,BUNDOORA,19.5,27.93636,50.75415,49.25043,155.0
2025-02-27 10:00:00,solar.bun_library#realenergyintotheload#kwh,BUNDOORA,54.0,40.102955,108.26199,105.05446,312.0
2025-02-27 11:00:00,solar.bun_library#realenergyintotheload#kwh,BUNDOORA,164.125,92.37411,240.31337,233.19348,706.0
2025-02-27 12:00:00,solar.bun_library#realenergyintotheload#kwh,BUNDOORA,253.25,200.05472,286.8068,278.30942,848.0
2025-02-27 13:00:00,solar.bun_library#realenergyintotheload#kwh,BUNDOORA,278.25,215.43175,312.0547,302.8093,933.0
2025-02-27 14:00:00,solar.bun_library#realenergyintotheload#kwh,BUNDOORA,283.875,242.2538,315.30844,305.96664,955.0
2025-02-27 15:00:00,solar.bun_library#realenergyintotheload#kwh,BUNDOORA,278.875,224.32516,301.85324,292.9101,905.0
2025-02-27 16:00:00,solar.bun_library#realenergyintotheload#kwh,BUNDOORA,251.0,245.54938,270.43063,262.41846,794.0
2025-02-27 17:00:00,solar.bun_library#realenergyintotheload#kwh,BUNDOORA,197.375,252.6034,221.45312,214.89203,630.0
2025-02-27 18:00:00,solar.bun_library#realenergyintotheload#kwh,BUNDOORA,126.375,173.94089,144.70293,140.41574,427.0
2025-02-27 19:00:00,solar.bun_library#realenergyintotheload#kwh,BUNDOORA,50.0,80.254105,56.28857,54.62088,181.0
2025-02-27 20:00:00,solar.bun_library#realenergyintotheload#kwh,BUNDOORA,1.875,63.42248,1.9935622,1.934498,9.0
2025-02-27 21:00:00,solar.bun_library#realenergyintotheload#kwh,BUNDOORA,0.0,31.916914,-0.0023163885,0.0,0.0
2025-02-27 22:00:00,solar.bun_library#realenergyintotheload#kwh,BUNDOORA,0.0,5.259884,0.0046738125,0.0045353393,0.0
2025-02-27 23:00:00,solar.bun_library#realenergyintotheload#kwh,BUNDOORA,0.0,0.59501076,-0.007112582,0.0,0.0
2025-02-28 00:00:00,solar.bun_library#realenergyintotheload#kwh,BUNDOORA,0.0,0.1512546,-0.007112582,0.0,0.0
2025-02-28 01:00:00,solar.bun_library#realenergyintotheload#kwh,BUNDOORA,0.0,-0.10068462,-0.007112582,0.0,0.0
2025-02-28 02:00:00,solar.bun_library#realenergyintotheload#kwh,BUNDOORA,0.0,0.75680923,-0.007112582,0.0,0.0
2025-02-28 03:00:00,solar.bun_library#realenergyintotheload#kwh,BUNDOORA,0.0,-0.09481863,-0.007112582,0.0,0.0
2025-02-28 04:00:00,solar.bun_library#realenergyintotheload#kwh,BUNDOORA,0.0,-0.19132847,-0.007112582,0.0,0.0
2025-02-28 05:00:00,solar.bun_library#realenergyintotheload#kwh,BUNDOORA,0.0,-0.09607168,-0.007454617,0.0,0.0
2025-02-28 06:00:00,solar.bun_library#realenergyintotheload#kwh,BUNDOORA,0.0,2.5450747,0.00045245234,0.00043904732,0.0
2025-02-28 07:00:00,solar.bun_library#realenergyintotheload#kwh,BUNDOORA,0.0,6.595806,-0.0012129783,0.0,0.0
2025-02-28 08:00:00,solar.bun_library#realenergyintotheload#kwh,BUNDOORA,0.0,12.88774,26.223598,25.44666,87.0
2025-02-28 09:00:00,solar.bun_library#realenergyintotheload#kwh,BUNDOORA,0.0,25.98327,95.934555,93.092255,283.0
2025-02-28 10:00:00,solar.bun_library#realenergyintotheload#kwh,BUNDOORA,0.0,94.11837,174.31068,169.1463,502.0
2025-02-28 11:00:00,solar.bun_library#realenergyintotheload#kwh,BUNDOORA,0.0,186.01736,238.83498,231.7589,689.0
2025-02-28 12:00:00,solar.bun_library#realenergyintotheload#kwh,BUNDOORA,0.0,220.54839,272.4385,264.36682,803.0
2025-02-28 13:00:00,solar.bun_library#realenergyintotheload#kwh,BUNDOORA,0.0,217.9647,306.96252,297.86798,909.0
2025-02-28 14:00:00,solar.bun_library#realenergyintotheload#kwh,BUNDOORA,0.0,236.81097,307.86096,298.7398,919.0
2025-02-28 15:00:00,solar.bun_library#realenergyintotheload#kwh,BUNDOORA,0.0,220.91663,292.57635,283.90805,876.0
2025-02-28 16:00:00,solar.bun_library#realenergyintotheload#kwh,BUNDOORA,0.0,233.97227,265.84396,257.96768,769.0
2025-02-28 17:00:00,solar.bun_library#realenergyintotheload#kwh,BUNDOORA,107.75,236.04146,208.3425,202.16983,590.0
2025-02-28 18:00:00,solar.bun_library#realenergyintotheload#kwh,BUNDOORA,123.5,189.2367,143.4418,139.19199,415.0
2025-02-28 19:00:00,solar.bun_library#realenergyintotheload#kwh,BUNDOORA,55.125,85.275246,65.159546,63.22903,204.0
2025-02-28 20:00:00,solar.bun_library#realenergyintotheload#kwh,BUNDOORA,8.875,72.515976,4.684255,4.545472,17.0
2025-02-28 21:00:00,solar.bun_library#realenergyintotheload#kwh,BUNDOORA,0.0,33.7734,-0.03606611,0.0,0.0
2025-02-28 22:00:00,solar.bun_library#realenergyintotheload#kwh,BUNDOORA,0.0,5.6865406,0.011839317,0.011488548,0.0
2025-02-28 23:00:00,solar.bun_library#realenergyintotheload#kwh,BUNDOORA,0.0,0.6973437,0.011497283,0.0111566475,0.0
2025-03-01 00:00:00,solar.bun_library#realenergyintotheload#kwh,BUNDOORA,0.0,0.7752229,0.008165166,0.007923252,0.0
2025-03-01 01:00:00,solar.bun_library#realenergyintotheload#kwh,BUNDOORA,0.0,-0.17493188,0.008196463,0.007953622,0.0
2025-03-01 02:00:00,solar.bun_library#realenergyintotheload#kwh,BUNDOORA,0.0,-0.06351249,0.021173328,0.020546015,0.0
2025-03-01 03:00:00,solar.bun_library#realenergyintotheload#kwh,BUNDOORA,0.0,0.14774832,0.0030352967,0.0029453684,0.0
2025-03-01 04:00:00,solar.bun_library#realenergyintotheload#kwh,BUNDOORA,0.0,0.17983,-0.0029132236,0.0,0.0
2025-03-01 05:00:00,solar.bun_library#realenergyintotheload#kwh,BUNDOORA,0.0,-0.21493198,-0.0029132236,0.0,0.0
2025-03-01 06:00:00,solar.bun_library#realenergyintotheload#kwh,BUNDOORA,0.0,1.0923189,0.0030352967,0.0029453684,0.0
2025-03-01 07:00:00,solar.bun_library#realenergyintotheload#kwh,BUNDOORA,0.0,-0.22150174,-0.0029132236,0.0,0.0
2025-03-01 08:00:00,solar.bun_library#realenergyintotheload#kwh,BUNDOORA,6.875,1.5111442,27.383831,26.572517,90.0
2025-03-01 09:00:00,solar.bun_library#realenergyintotheload#kwh,BUNDOORA,55.75,1.944768,100.52529,97.54698,294.0
2025-03-01 10:00:00,solar.bun_library#realenergyintotheload#kwh,BUNDOORA,134.375,12.279443,179.93713,174.60605,505.0
2025-03-01 11:00:00,solar.bun_library#realenergyintotheload#kwh,BUNDOORA,201.875,154.13641,238.89714,231.81921,688.0
2025-03-01 12:00:00,solar.bun_library#realenergyintotheload#kwh,BUNDOORA,248.625,222.09357,276.48257,268.29108,830.0
2025-03-01 13:00:00,solar.bun_library#realenergyintotheload#kwh,BUNDOORA,274.125,231.35616,301.92062,292.97546,912.0
2025-03-01 14:00:00,solar.bun_library#realenergyintotheload#kwh,BUNDOORA,281.875,241.02289,306.0559,296.98825,929.0
2025-03-01 15:00:00,solar.bun_library#realenergyintotheload#kwh,BUNDOORA,275.75,242.15388,291.92664,283.2776,882.0
2025-03-01 16:00:00,solar.bun_library#realenergyintotheload#kwh,BUNDOORA,246.875,236.46664,263.7672,255.95245,778.0
2025-03-01 17:00:00,solar.bun_library#realenergyintotheload#kwh,BUNDOORA,194.875,252.33002,210.90245,204.65393,620.0
2025-03-01 18:00:00,solar.bun_library#realenergyintotheload#kwh,BUNDOORA,127.75,232.3784,144.15889,139.88782,418.0
2025-03-01 19:00:00,solar.bun_library#realenergyintotheload#kwh,BUNDOORA,39.5,184.64252,65.641335,63.696545,205.0
2025-03-01 20:00:00,solar.bun_library#realenergyintotheload#kwh,BUNDOORA,7.5,96.47071,2.7737877,2.6916072,12.0
2025-03-01 21:00:00,solar.bun_library#realenergyintotheload#kwh,BUNDOORA,0.0,21.613214,-0.0022858803,0.0,0.0
2025-03-01 22:00:00,solar.bun_library#realenergyintotheload#kwh,BUNDOORA,0.0,2.6020472,0.011723674,0.011376331,0.0
2025-03-01 23:00:00,solar.bun_library#realenergyintotheload#kwh,BUNDOORA,0.0,2.8195984,0.020169377,0.01957181,0.0
2025-03-02 00:00:00,solar.bun_library#realenergyintotheload#kwh,BUNDOORA,0.0,0.9966938,0.02417073,0.023454612,0.0
2025-03-02 01:00:00,solar.bun_library#realenergyintotheload#kwh,BUNDOORA,0.0,1.4428145,0.024202026,0.02348498,0.0
2025-03-02 02:00:00,solar.bun_library#realenergyintotheload#kwh,BUNDOORA,0.0,1.0259871,0.024202026,0.02348498,0.0
2025-03-02 03:00:00,solar.bun_library#realenergyintotheload#kwh,BUNDOORA,0.0,0.40280658,0.020869914,0.02025159,0.0
2025-03-02 04:00:00,solar.bun_library#realenergyintotheload#kwh,BUNDOORA,0.0,0.3031219,0.013125903,0.012737015,0.0
2025-03-02 05:00:00,solar.bun_library#realenergyintotheload#kwh,BUNDOORA,0.0,0.36752412,-0.00015105726,0.0,0.0
2025-03-02 06:00:00,solar.bun_library#realenergyintotheload#kwh,BUNDOORA,0.0,1.6035446,-0.00015105726,0.0,0.0
2025-03-02 07:00:00,solar.bun_library#realenergyintotheload#kwh,BUNDOORA,0.0,4.0076985,0.008303222,0.008057219,0.0
2025-03-02 08:00:00,solar.bun_library#realenergyintotheload#kwh,BUNDOORA,9.5,0.9755375,18.223389,17.683475,68.0
2025-03-02 09:00:00,solar.bun_library#realenergyintotheload#kwh,BUNDOORA,29.875,37.933903,38.879475,37.727573,123.0
2025-03-02 10:00:00,solar.bun_library#realenergyintotheload#kwh,BUNDOORA,28.75,10.955067,70.84852,68.74945,210.0
2025-03-02 11:00:00,solar.bun_library#realenergyintotheload#kwh,BUNDOORA,36.375,98.906235,89.87917,87.21628,267.0
2025-03-02 12:00:00,solar.bun_library#realenergyintotheload#kwh,BUNDOORA,81.5,112.4771,80.412796,78.030365,247.0
2025-03-02 13:00:00,solar.bun_library#realenergyintotheload#kwh,BUNDOORA,45.0,116.73434,99.72115,96.76666,304.0
2025-03-02 14:00:00,solar.bun_library#realenergyintotheload#kwh,BUNDOORA,0.0,195.09172,258.5473,250.88719,749.0
2025-03-02 15:00:00,solar.bun_library#realenergyintotheload#kwh,BUNDOORA,0.0,75.46244,153.78825,149.23189,442.0
2025-03-02 16:00:00,solar.bun_library#realenergyintotheload#kwh,BUNDOORA,0.0,135.68958,75.88389,73.635635,231.0
2025-03-02 17:00:00,solar.bun_library#realenergyintotheload#kwh,BUNDOORA,0.0,151.54312,80.99289,78.59327,233.0
2025-03-02 18:00:00,solar.bun_library#realenergyintotheload#kwh,BUNDOORA,0.0,185.46901,88.47468,85.85339,258.0
2025-03-02 19:00:00,solar.bun_library#realenergyintotheload#kwh,BUNDOORA,0.0,160.94823,68.68665,66.65164,197.0
2025-03-02 20:00:00,solar.bun_library#realenergyintotheload#kwh,BUNDOORA,0.0,104.98848,5.477051,5.3147793,21.0
2025-03-02 21:00:00,solar.bun_library#realenergyintotheload#kwh,BUNDOORA,0.0,19.739254,0.07813805,0.07582302,0.0
2025-03-02 22:00:00,solar.bun_library#realenergyintotheload#kwh,BUNDOORA,0.0,0.11176263,0.020357102,0.019753972,0.0
2025-03-02 23:00:00,solar.bun_library#realenergyintotheload#kwh,BUNDOORA,0.0,-3.3759694,0.036753435,0.03566452,0.0
2025-03-03 00:00:00,solar.bun_library#realenergyintotheload#kwh,BUNDOORA,0.0,-1.915781,-0.0023446395,0.0,0.0
2025-03-03 01:00:00,solar.bun_library#realenergyintotheload#kwh,BUNDOORA,0.0,-0.60840577,0.017168768,0.0166601,0.0
2025-03-03 02:00:00,solar.bun_library#realenergyintotheload#kwh,BUNDOORA,0.0,1.2700421,0.009415175,0.009136227,0.0
2025-03-03 03:00:00,solar.bun_library#realenergyintotheload#kwh,BUNDOORA,0.0,0.83367896,0.009415175,0.009136227,0.0
2025-03-03 04:00:00,solar.bun_library#realenergyintotheload#kwh,BUNDOORA,0.0,-0.20836422,0.009415175,0.009136227,0.0
2025-03-03 05:00:00,solar.bun_library#realenergyintotheload#kwh,BUNDOORA,0.0,1.7666594,0.006911428,0.0067066597,0.0
2025-03-03 06:00:00,solar.bun_library#realenergyintotheload#kwh,BUNDOORA,0.0,12.3951845,0.017168768,0.0166601,0.0
2025-03-03 07:00:00,solar.bun_library#realenergyintotheload#kwh,BUNDOORA,0.0,23.828514,0.020838618,0.020221222,0.0
2025-03-03 08:00:00,solar.bun_library#realenergyintotheload#kwh,BUNDOORA,0.0,12.389089,18.430166,17.884127,62.0
2025-03-03 09:00:00,solar.bun_library#realenergyintotheload#kwh,BUNDOORA,0.0,10.510956,90.33685,87.6604,258.0
2025-03-03 10:00:00,solar.bun_library#realenergyintotheload#kwh,BUNDOORA,0.0,122.31091,180.30287,174.96095,505.0
2025-03-03 11:00:00,solar.bun_library#realenergyintotheload#kwh,BUNDOORA,0.0,191.82686,240.26358,233.14517,690.0
2025-03-03 12:00:00,solar.bun_library#realenergyintotheload#kwh,BUNDOORA,0.0,178.46695,283.7336,275.3273,826.0
2025-03-03 13:00:00,solar.bun_library#realenergyintotheload#kwh,BUNDOORA,0.0,227.81837,312.95438,303.6823,907.0
2025-03-03 14:00:00,solar.bun_library#realenergyintotheload#kwh,BUNDOORA,0.0,266.78244,310.42065,301.22366,925.0
2025-03-03 15:00:00,solar.bun_library#realenergyintotheload#kwh,BUNDOORA,0.0,205.68135,297.0703,288.26886,877.0
2025-03-03 16:00:00,solar.bun_library#realenergyintotheload#kwh,BUNDOORA,0.0,236.44107,275.32037,267.16333,770.0
2025-03-03 17:00:00,solar.bun_library#realenergyintotheload#kwh,BUNDOORA,0.0,239.00087,217.97473,211.51668,610.0
2025-03-03 18:00:00,solar.bun_library#realenergyintotheload#kwh,BUNDOORA,0.0,238.74612,143.91002,139.64633,413.0
2025-03-03 19:00:00,solar.bun_library#realenergyintotheload#kwh,BUNDOORA,0.0,177.48326,65.83449,63.883976,201.0
2025-03-03 20:00:00,solar.bun_library#realenergyintotheload#kwh,BUNDOORA,0.0,106.75899,4.803726,4.6614037,18.0
2025-03-03 21:00:00,solar.bun_library#realenergyintotheload#kwh,BUNDOORA,0.0,20.744455,0.020357102,0.019753972,0.0
2025-03-03 22:00:00,solar.bun_library#realenergyintotheload#kwh,BUNDOORA,0.0,2.5662036,-0.014167015,0.0,0.0
2025-03-03 23:00:00,solar.bun_library#realenergyintotheload#kwh,BUNDOORA,0.0,0.07139483,0.017168768,0.0166601,0.0
2025-03-04 00:00:00,solar.bun_library#realenergyintotheload#kwh,BUNDOORA,0.0,1.059993,0.009130895,0.008860369,0.0
2025-03-04 01:00:00,solar.bun_library#realenergyintotheload#kwh,BUNDOORA,0.0,1.0170044,0.003295035,0.0031974115,0.0
2025-03-04 02:00:00,solar.bun_library#realenergyintotheload#kwh,BUNDOORA,0.0,0.67000777,-0.0019571716,0.0,0.0
2025-03-04 03:00:00,solar.bun_library#realenergyintotheload#kwh,BUNDOORA,0.0,0.2124245,0.0058300784,0.005657348,0.0
2025-03-04 04:00:00,solar.bun_library#realenergyintotheload#kwh,BUNDOORA,0.0,0.52352905,-0.0029132236,0.0,0.0
2025-03-04 05:00:00,solar.bun_library#realenergyintotheload#kwh,BUNDOORA,0.0,0.11376001,-0.0029132236,0.0,0.0
2025-03-04 06:00:00,solar.bun_library#realenergyintotheload#kwh,BUNDOORA,0.0,1.3863627,-0.0029132236,0.0,0.0
2025-03-04 07:00:00,solar.bun_library#realenergyintotheload#kwh,BUNDOORA,0.0,0.10586847,-0.0029132236,0.0,0.0
2025-03-04 08:00:00,solar.bun_library#realenergyintotheload#kwh,BUNDOORA,0.0,-0.64144886,27.378334,26.567183,83.0
2025-03-04 09:00:00,solar.bun_library#realenergyintotheload#kwh,BUNDOORA,0.0,-2.8766804,106.29797,103.14863,286.0
2025-03-04 10:00:00,solar.bun_library#realenergyintotheload#kwh,BUNDOORA,0.0,-3.3536606,178.5666,173.27612,494.0
2025-03-04 11:00:00,solar.bun_library#realenergyintotheload#kwh,BUNDOORA,0.0,210.47855,240.0604,232.948,683.0
2025-03-04 12:00:00,solar.bun_library#realenergyintotheload#kwh,BUNDOORA,158.625,261.0314,273.02628,264.9372,822.0
2025-03-04 13:00:00,solar.bun_library#realenergyintotheload#kwh,BUNDOORA,265.875,263.6976,299.84244,290.95886,903.0
2025-03-04 14:00:00,solar.bun_library#realenergyintotheload#kwh,BUNDOORA,273.625,284.40182,307.3747,298.26794,920.0
2025-03-04 15:00:00,solar.bun_library#realenergyintotheload#kwh,BUNDOORA,263.375,279.37845,284.4597,276.03186,873.0
2025-03-04 16:00:00,solar.bun_library#realenergyintotheload#kwh,BUNDOORA,235.625,306.41693,266.9631,259.05365,765.0
2025-03-04 17:00:00,solar.bun_library#realenergyintotheload#kwh,BUNDOORA,184.875,278.02646,210.50307,204.26639,605.0
2025-03-04 18:00:00,solar.bun_library#realenergyintotheload#kwh,BUNDOORA,119.375,256.44675,142.86742,138.63461,409.0
2025-03-04 19:00:00,solar.bun_library#realenergyintotheload#kwh,BUNDOORA,49.0,189.21196,62.709225,60.851307,196.0
2025-03-04 20:00:00,solar.bun_library#realenergyintotheload#kwh,BUNDOORA,5.75,126.98439,3.7605534,3.6491375,16.0
2025-03-04 21:00:00,solar.bun_library#realenergyintotheload#kwh,BUNDOORA,0.0,40.350735,-0.14085335,0.0,0.0
2025-03-04 22:00:00,solar.bun_library#realenergyintotheload#kwh,BUNDOORA,0.0,0.7519122,-0.01028456,0.0,0.0
2025-03-04 23:00:00,solar.bun_library#realenergyintotheload#kwh,BUNDOORA,0.0,-0.51320976,0.018071547,0.017536132,0.0
2025-03-05 00:00:00,solar.bun_library#realenergyintotheload#kwh,BUNDOORA,0.0,-1.903751,0.08738012,0.084791265,0.0
2025-03-05 01:00:00,solar.bun_library#realenergyintotheload#kwh,BUNDOORA,0.0,1.1591873,0.03131835,0.030390467,0.0
2025-03-05 02:00:00,solar.bun_library#realenergyintotheload#kwh,BUNDOORA,0.0,1.0526097,0.08352061,0.081046104,0.0
2025-03-05 03:00:00,solar.bun_library#realenergyintotheload#kwh,BUNDOORA,0.0,3.818572,0.07265068,0.07049822,0.0
2025-03-05 04:00:00,solar.bun_library#realenergyintotheload#kwh,BUNDOORA,0.0,1.3311647,0.07547835,0.07324212,0.0
2025-03-05 05:00:00,solar.bun_library#realenergyintotheload#kwh,BUNDOORA,0.0,2.8251863,0.1405375,0.13637373,0.0
2025-03-05 06:00:00,solar.bun_library#realenergyintotheload#kwh,BUNDOORA,0.0,27.526735,0.17038067,0.16533272,0.0
2025-03-05 07:00:00,solar.bun_library#realenergyintotheload#kwh,BUNDOORA,0.0,42.903687,-0.20738487,0.0,0.0
2025-03-05 08:00:00,solar.bun_library#realenergyintotheload#kwh,BUNDOORA,5.0,130.52733,25.07027,24.327501,83.0
2025-03-05 09:00:00,solar.bun_library#realenergyintotheload#kwh,BUNDOORA,50.0,200.73346,89.834564,87.17299,286.0
2025-03-05 10:00:00,solar.bun_library#realenergyintotheload#kwh,BUNDOORA,128.625,208.41309,164.8865,160.00133,492.0
2025-03-05 11:00:00,solar.bun_library#realenergyintotheload#kwh,BUNDOORA,195.5,266.67163,236.13835,229.14217,673.0
2025-03-05 12:00:00,solar.bun_library#realenergyintotheload#kwh,BUNDOORA,239.75,268.28693,271.09042,263.0587,809.0
2025-03-05 13:00:00,solar.bun_library#realenergyintotheload#kwh,BUNDOORA,264.625,278.6542,299.1444,290.2815,889.0
2025-03-05 14:00:00,solar.bun_library#realenergyintotheload#kwh,BUNDOORA,269.5,283.41162,301.9081,292.96332,907.0
2025-03-05 15:00:00,solar.bun_library#realenergyintotheload#kwh,BUNDOORA,253.875,273.9309,279.18994,270.91824,859.0
2025-03-05 16:00:00,solar.bun_library#realenergyintotheload#kwh,BUNDOORA,230.75,186.3894,254.59906,247.05592,751.0
2025-03-05 17:00:00,solar.bun_library#realenergyintotheload#kwh,BUNDOORA,183.25,144.00243,210.58725,204.34807,592.0
2025-03-05 18:00:00,solar.bun_library#realenergyintotheload#kwh,BUNDOORA,116.0,145.61903,135.30304,131.29434,397.0
2025-03-05 19:00:00,solar.bun_library#realenergyintotheload#kwh,BUNDOORA,47.0,124.3385,56.33678,54.667664,188.0
2025-03-05 20:00:00,solar.bun_library#realenergyintotheload#kwh,BUNDOORA,5.875,72.926575,2.6473725,2.5689375,13.0
2025-03-05 21:00:00,solar.bun_library#realenergyintotheload#kwh,BUNDOORA,0.0,29.59916,0.00559068,0.005425042,0.0
2025-03-05 22:00:00,solar.bun_library#realenergyintotheload#kwh,BUNDOORA,0.0,1.188625,0.014409285,0.013982374,0.0
2025-03-05 23:00:00,solar.bun_library#realenergyintotheload#kwh,BUNDOORA,0.0,0.5519957,0.010080833,0.009782163,0.0
2025-03-06 00:00:00,solar.bun_library#realenergyintotheload#kwh,BUNDOORA,0.0,0.0032611787,0.061019607,0.05921175,0.0
2025-03-06 01:00:00,solar.bun_library#realenergyintotheload#kwh,BUNDOORA,0.0,0.30009636,0.05924484,0.057489567,0.0
2025-03-06 02:00:00,solar.bun_library#realenergyintotheload#kwh,BUNDOORA,0.0,0.038935363,0.05902484,0.05727608,0.0
2025-03-06 03:00:00,solar.bun_library#realenergyintotheload#kwh,BUNDOORA,0.0,-1.6854589,0.066768855,0.06479066,0.0
2025-03-06 04:00:00,solar.bun_library#realenergyintotheload#kwh,BUNDOORA,0.0,-3.621,0.05902484,0.05727608,0.0
2025-03-06 05:00:00,solar.bun_library#realenergyintotheload#kwh,BUNDOORA,0.0,0.11380183,0.057950243,0.056233324,0.0
2025-03-06 06:00:00,solar.bun_library#realenergyintotheload#kwh,BUNDOORA,0.0,1.8885037,0.057950243,0.056233324,0.0
2025-03-06 07:00:00,solar.bun_library#realenergyintotheload#kwh,BUNDOORA,0.0,7.149701,0.057608217,0.05590143,0.0
2025-03-06 08:00:00,solar.bun_library#realenergyintotheload#kwh,BUNDOORA,5.0,14.076925,5.6845384,5.5161195,22.0
2025-03-06 09:00:00,solar.bun_library#realenergyintotheload#kwh,BUNDOORA,23.5,16.300932,24.841253,24.105268,81.0
2025-03-06 10:00:00,solar.bun_library#realenergyintotheload#kwh,BUNDOORA,14.75,19.991617,72.44817,70.30171,214.0
2025-03-06 11:00:00,solar.bun_library#realenergyintotheload#kwh,BUNDOORA,63.25,69.68314,75.080666,72.85622,224.0
2025-03-06 12:00:00,solar.bun_library#realenergyintotheload#kwh,BUNDOORA,72.25,100.691986,86.413315,83.8531,255.0
2025-03-06 13:00:00,solar.bun_library#realenergyintotheload#kwh,BUNDOORA,99.25,82.304474,116.55775,113.10443,344.0
2025-03-06 14:00:00,solar.bun_library#realenergyintotheload#kwh,BUNDOORA,114.75,131.67201,126.0118,122.27839,368.0
2025-03-06 15:00:00,solar.bun_library#realenergyintotheload#kwh,BUNDOORA,145.0,177.032,208.69926,202.51602,608.0
2025-03-06 16:00:00,solar.bun_library#realenergyintotheload#kwh,BUNDOORA,158.125,122.69209,219.50237,212.99905,629.0
2025-03-06 17:00:00,solar.bun_library#realenergyintotheload#kwh,BUNDOORA,131.0,88.29769,164.27893,159.41176,458.0
2025-03-06 18:00:00,solar.bun_library#realenergyintotheload#kwh,BUNDOORA,106.0,82.48225,104.85159,101.7451,308.0
2025-03-06 19:00:00,solar.bun_library#realenergyintotheload#kwh,BUNDOORA,50.125,53.606346,33.082016,32.10188,126.0
2025-03-06 20:00:00,solar.bun_library#realenergyintotheload#kwh,BUNDOORA,10.0,81.288315,1.3642563,1.3238368,7.0
2025-03-06 21:00:00,solar.bun_library#realenergyintotheload#kwh,BUNDOORA,0.0,19.884995,-0.014327556,0.0,0.0
2025-03-06 22:00:00,solar.bun_library#realenergyintotheload#kwh,BUNDOORA,0.0,0.931769,0.0028030996,0.0027200507,0.0
2025-03-06 23:00:00,solar.bun_library#realenergyintotheload#kwh,BUNDOORA,0.0,0.5751405,0.07309207,0.07092654,0.0
2025-03-07 00:00:00,solar.bun_library#realenergyintotheload#kwh,BUNDOORA,0.0,-1.0924193,0.09217449,0.089443594,0.0
2025-03-07 01:00:00,solar.bun_library#realenergyintotheload#kwh,BUNDOORA,0.0,1.665771,0.011576563,0.011233578,0.0
2025-03-07 02:00:00,solar.bun_library#realenergyintotheload#kwh,BUNDOORA,0.0,2.995922,0.08593938,0.08339321,0.0
2025-03-07 03:00:00,solar.bun_library#realenergyintotheload#kwh,BUNDOORA,0.0,2.3198736,-0.0006862574,0.0,0.0
2025-03-07 04:00:00,solar.bun_library#realenergyintotheload#kwh,BUNDOORA,0.0,1.9684544,-0.0017608516,0.0,0.0
2025-03-07 05:00:00,solar.bun_library#realenergyintotheload#kwh,BUNDOORA,0.0,-0.05008773,-0.0017608516,0.0,0.0
2025-03-07 06:00:00,solar.bun_library#realenergyintotheload#kwh,BUNDOORA,0.0,0.7175021,-0.0017608516,0.0,0.0
2025-03-07 07:00:00,solar.bun_library#realenergyintotheload#kwh,BUNDOORA,0.0,0.36071497,-0.0017608516,0.0,0.0
2025-03-07 08:00:00,solar.bun_library#realenergyintotheload#kwh,BUNDOORA,5.125,-2.1517105,18.50656,17.958256,71.0
2025-03-07 09:00:00,solar.bun_library#realenergyintotheload#kwh,BUNDOORA,49.0,15.205729,90.62827,87.943184,271.0
2025-03-07 10:00:00,solar.bun_library#realenergyintotheload#kwh,BUNDOORA,125.875,13.057361,163.9075,159.05133,479.0
2025-03-07 11:00:00,solar.bun_library#realenergyintotheload#kwh,BUNDOORA,193.125,120.91629,234.80705,227.85031,663.0
2025-03-07 12:00:00,solar.bun_library#realenergyintotheload#kwh,BUNDOORA,238.125,142.00662,274.99796,266.85046,804.0
2025-03-07 13:00:00,solar.bun_library#realenergyintotheload#kwh,BUNDOORA,261.75,245.87529,293.20905,284.522,887.0
2025-03-07 14:00:00,solar.bun_library#realenergyintotheload#kwh,BUNDOORA,270.875,257.27646,306.7806,297.69147,906.0
2025-03-07 15:00:00,solar.bun_library#realenergyintotheload#kwh,BUNDOORA,261.75,254.58159,283.7163,275.31052,860.0
2025-03-07 16:00:00,solar.bun_library#realenergyintotheload#kwh,BUNDOORA,235.625,276.1621,254.99039,247.43565,752.0
2025-03-07 17:00:00,solar.bun_library#realenergyintotheload#kwh,BUNDOORA,182.75,271.09875,208.45523,202.27922,593.0
2025-03-07 18:00:00,solar.bun_library#realenergyintotheload#kwh,BUNDOORA,115.875,223.40607,136.19345,132.15839,398.0
2025-03-07 19:00:00,solar.bun_library#realenergyintotheload#kwh,BUNDOORA,45.875,154.20741,57.32808,55.629593,184.0
2025-03-07 20:00:00,solar.bun_library#realenergyintotheload#kwh,BUNDOORA,4.5,95.5037,2.3802752,2.3097537,10.0
2025-03-07 21:00:00,solar.bun_library#realenergyintotheload#kwh,BUNDOORA,0.0,33.785145,-0.09238821,0.0,0.0
2025-03-07 22:00:00,solar.bun_library#realenergyintotheload#kwh,BUNDOORA,0.0,5.8879647,0.055814363,0.05416072,0.0
2025-03-07 23:00:00,solar.bun_library#realenergyintotheload#kwh,BUNDOORA,0.0,4.316775,0.034252837,0.033238012,0.0
2025-03-08 00:00:00,solar.bun_library#realenergyintotheload#kwh,BUNDOORA,0.0,1.1427008,-0.008602715,0.0,0.0
2025-03-08 01:00:00,solar.bun_library#realenergyintotheload#kwh,BUNDOORA,0.0,0.6986994,-0.006669605,0.0,0.0
2025-03-08 02:00:00,solar.bun_library#realenergyintotheload#kwh,BUNDOORA,0.0,1.0176532,0.087323345,0.084736176,0.0
2025-03-08 03:00:00,solar.bun_library#realenergyintotheload#kwh,BUNDOORA,0.0,0.7146563,-0.00894475,0.0,0.0
2025-03-08 04:00:00,solar.bun_library#realenergyintotheload#kwh,BUNDOORA,0.0,0.67624277,-0.0017608516,0.0,0.0
2025-03-08 05:00:00,solar.bun_library#realenergyintotheload#kwh,BUNDOORA,0.0,-0.35984978,-0.0017608516,0.0,0.0
2025-03-08 06:00:00,solar.bun_library#realenergyintotheload#kwh,BUNDOORA,0.0,1.7597028,-0.0017608516,0.0,0.0
2025-03-08 07:00:00,solar.bun_library#realenergyintotheload#kwh,BUNDOORA,0.0,1.9473567,-0.007957402,0.0,0.0
2025-03-08 08:00:00,solar.bun_library#realenergyintotheload#kwh,BUNDOORA,4.375,42.332302,17.847235,17.318466,74.0
2025-03-08 09:00:00,solar.bun_library#realenergyintotheload#kwh,BUNDOORA,50.75,90.48629,91.08063,88.38213,279.0
2025-03-08 10:00:00,solar.bun_library#realenergyintotheload#kwh,BUNDOORA,131.375,178.90671,171.71526,166.62776,491.0
2025-03-08 11:00:00,solar.bun_library#realenergyintotheload#kwh,BUNDOORA,201.25,215.8932,233.67923,226.7559,675.0
2025-03-08 12:00:00,solar.bun_library#realenergyintotheload#kwh,BUNDOORA,247.125,277.22528,272.45248,264.3804,814.0
2025-03-08 13:00:00,solar.bun_library#realenergyintotheload#kwh,BUNDOORA,270.75,279.51877,300.8523,291.93878,896.0
2025-03-08 14:00:00,solar.bun_library#realenergyintotheload#kwh,BUNDOORA,273.5,286.94217,306.58133,297.49808,915.0
2025-03-08 15:00:00,solar.bun_library#realenergyintotheload#kwh,BUNDOORA,264.875,291.46878,284.43668,276.00952,867.0
2025-03-08 16:00:00,solar.bun_library#realenergyintotheload#kwh,BUNDOORA,236.0,292.24542,256.3049,248.71123,758.0
2025-03-08 17:00:00,solar.bun_library#realenergyintotheload#kwh,BUNDOORA,184.5,279.31625,201.06598,195.1089,596.0
2025-03-08 18:00:00,solar.bun_library#realenergyintotheload#kwh,BUNDOORA,119.25,237.58188,146.09637,141.7679,402.0
2025-03-08 19:00:00,solar.bun_library#realenergyintotheload#kwh,BUNDOORA,46.25,189.33466,64.93364,63.00982,184.0
2025-03-08 20:00:00,solar.bun_library#realenergyintotheload#kwh,BUNDOORA,4.125,122.78249,1.5379475,1.492382,8.0
2025-03-08 21:00:00,solar.bun_library#realenergyintotheload#kwh,BUNDOORA,0.0,36.091503,-0.078596786,0.0,0.0
2025-03-08 22:00:00,solar.bun_library#realenergyintotheload#kwh,BUNDOORA,0.0,5.2638707,0.0071887355,0.0069757514,0.0
2025-03-08 23:00:00,solar.bun_library#realenergyintotheload#kwh,BUNDOORA,0.0,-5.2137737,0.030887783,0.029972654,0.0
2025-03-09 00:00:00,solar.bun_library#realenergyintotheload#kwh,BUNDOORA,0.0,-0.1342039,0.039551113,0.03837931,0.0
2025-03-09 01:00:00,solar.bun_library#realenergyintotheload#kwh,BUNDOORA,0.0,1.3158522,0.10067017,0.09768756,0.0
2025-03-09 02:00:00,solar.bun_library#realenergyintotheload#kwh,BUNDOORA,0.0,-0.14103788,0.08352061,0.081046104,0.0
2025-03-09 03:00:00,solar.bun_library#realenergyintotheload#kwh,BUNDOORA,0.0,0.27946773,0.07927262,0.076923974,0.0
2025-03-09 04:00:00,solar.bun_library#realenergyintotheload#kwh,BUNDOORA,0.0,0.15248317,0.15437138,0.14979774,0.0
2025-03-09 05:00:00,solar.bun_library#realenergyintotheload#kwh,BUNDOORA,0.0,2.3518171,0.17667839,0.17144385,0.0
2025-03-09 06:00:00,solar.bun_library#realenergyintotheload#kwh,BUNDOORA,0.0,15.939657,-0.14731163,0.0,0.0
2025-03-09 07:00:00,solar.bun_library#realenergyintotheload#kwh,BUNDOORA,0.0,18.495462,0.003962757,0.0038453506,0.0
2025-03-09 08:00:00,solar.bun_library#realenergyintotheload#kwh,BUNDOORA,5.0,76.74868,19.600729,19.020008,66.0
2025-03-09 09:00:00,solar.bun_library#realenergyintotheload#kwh,BUNDOORA,43.0,98.47132,83.92581,81.4393,263.0
2025-03-09 10:00:00,solar.bun_library#realenergyintotheload#kwh,BUNDOORA,114.875,141.74379,159.41365,154.69063,476.0
2025-03-09 11:00:00,solar.bun_library#realenergyintotheload#kwh,BUNDOORA,136.75,221.83269,226.36066,219.65416,645.0
2025-03-09 12:00:00,solar.bun_library#realenergyintotheload#kwh,BUNDOORA,194.875,237.23676,254.26913,246.73578,746.0
2025-03-09 13:00:00,solar.bun_library#realenergyintotheload#kwh,BUNDOORA,219.125,253.09544,292.5337,283.86664,867.0
2025-03-09 14:00:00,solar.bun_library#realenergyintotheload#kwh,BUNDOORA,249.0,266.97617,294.23196,285.51462,881.0
2025-03-09 15:00:00,solar.bun_library#realenergyintotheload#kwh,BUNDOORA,259.75,266.7034,272.46533,264.39285,832.0
2025-03-09 16:00:00,solar.bun_library#realenergyintotheload#kwh,BUNDOORA,180.625,273.99316,228.78403,222.00572,697.0
2025-03-09 17:00:00,solar.bun_library#realenergyintotheload#kwh,BUNDOORA,163.25,276.05954,184.88359,179.40594,535.0
2025-03-09 18:00:00,solar.bun_library#realenergyintotheload#kwh,BUNDOORA,62.875,220.06323,59.95276,58.17651,184.0
2025-03-09 19:00:00,solar.bun_library#realenergyintotheload#kwh,BUNDOORA,20.75,110.02464,16.031435,15.556463,54.0
2025-03-09 20:00:00,solar.bun_library#realenergyintotheload#kwh,BUNDOORA,3.375,90.28357,0.030485384,0.029582178,1.0
2025-03-09 21:00:00,solar.bun_library#realenergyintotheload#kwh,BUNDOORA,0.0,50.819298,-0.12110956,0.0,0.0
2025-03-09 22:00:00,solar.bun_library#realenergyintotheload#kwh,BUNDOORA,0.0,-8.286449,-0.104278676,0.0,0.0
2025-03-09 23:00:00,solar.bun_library#realenergyintotheload#kwh,BUNDOORA,0.0,-1.4352726,0.13148525,0.12758967,0.0
2025-03-10 00:00:00,solar.bun_library#realenergyintotheload#kwh,BUNDOORA,0.0,-2.3510044,0.0016770586,0.0016273715,0.0
2025-03-10 01:00:00,solar.bun_library#realenergyintotheload#kwh,BUNDOORA,0.0,-0.19925132,0.035849012,0.034786895,0.0
2025-03-10 02:00:00,solar.bun_library#realenergyintotheload#kwh,BUNDOORA,0.0,-3.8554819,0.046198465,0.04482972,0.0
2025-03-10 03:00:00,solar.bun_library#realenergyintotheload#kwh,BUNDOORA,0.0,-0.24029592,0.048840135,0.047393125,0.0
2025-03-10 04:00:00,solar.bun_library#realenergyintotheload#kwh,BUNDOORA,0.0,1.3690871,0.0006282944,0.0006096796,0.0
2025-03-10 05:00:00,solar.bun_library#realenergyintotheload#kwh,BUNDOORA,0.0,5.925342,-0.17786571,0.0,0.0
2025-03-10 06:00:00,solar.bun_library#realenergyintotheload#kwh,BUNDOORA,0.0,17.799532,-0.016943544,0.0,0.0
2025-03-10 07:00:00,solar.bun_library#realenergyintotheload#kwh,BUNDOORA,0.0,37.16181,-0.008078919,0.0,0.0
2025-03-10 08:00:00,solar.bun_library#realenergyintotheload#kwh,BUNDOORA,0.0,66.397514,14.006963,13.591971,53.0
2025-03-10 09:00:00,solar.bun_library#realenergyintotheload#kwh,BUNDOORA,0.0,45.33182,69.25878,67.20682,227.0
2025-03-10 10:00:00,solar.bun_library#realenergyintotheload#kwh,BUNDOORA,0.0,96.09139,148.08087,143.6936,454.0
2025-03-10 11:00:00,solar.bun_library#realenergyintotheload#kwh,BUNDOORA,0.0,150.78255,215.31618,208.93689,634.0
2025-03-10 12:00:00,solar.bun_library#realenergyintotheload#kwh,BUNDOORA,0.0,265.06097,266.8385,258.93274,769.0
2025-03-10 13:00:00,solar.bun_library#realenergyintotheload#kwh,BUNDOORA,0.0,282.67578,281.51266,273.17215,848.0
2025-03-10 14:00:00,solar.bun_library#realenergyintotheload#kwh,BUNDOORA,0.0,269.80005,289.10263,280.53723,853.0
2025-03-10 15:00:00,solar.bun_library#realenergyintotheload#kwh,BUNDOORA,0.0,285.1851,277.1141,268.9039,821.0
2025-03-10 16:00:00,solar.bun_library#realenergyintotheload#kwh,BUNDOORA,0.0,285.85056,238.8001,231.72505,716.0
2025-03-10 17:00:00,solar.bun_library#realenergyintotheload#kwh,BUNDOORA,0.0,260.6403,193.3456,187.61725,560.0
2025-03-10 18:00:00,solar.bun_library#realenergyintotheload#kwh,BUNDOORA,0.0,225.88611,126.1804,122.441986,367.0
2025-03-10 19:00:00,solar.bun_library#realenergyintotheload#kwh,BUNDOORA,0.0,145.92131,48.592934,47.153248,161.0
2025-03-10 20:00:00,solar.bun_library#realenergyintotheload#kwh,BUNDOORA,0.0,70.230415,0.29865435,0.28980598,3.0
2025-03-10 21:00:00,solar.bun_library#realenergyintotheload#kwh,BUNDOORA,0.0,17.809216,-0.036044087,0.0,0.0
2025-03-10 22:00:00,solar.bun_library#realenergyintotheload#kwh,BUNDOORA,0.0,2.1353724,-0.034811128,0.0,0.0
2025-03-10 23:00:00,solar.bun_library#realenergyintotheload#kwh,BUNDOORA,0.0,1.3909822,-0.012416998,0.0,0.0
2025-03-11 00:00:00,solar.bun_library#realenergyintotheload#kwh,BUNDOORA,0.0,3.953928,0.0033525527,0.003253225,0.0
2025-03-11 01:00:00,solar.bun_library#realenergyintotheload#kwh,BUNDOORA,0.0,3.5715673,0.0061992994,0.0060156295,0.0
2025-03-11 02:00:00,solar.bun_library#realenergyintotheload#kwh,BUNDOORA,0.0,10.785389,-0.01225499,0.0,0.0
2025-03-11 03:00:00,solar.bun_library#realenergyintotheload#kwh,BUNDOORA,0.0,1.4525161,-0.008253636,0.0,0.0
2025-03-11 04:00:00,solar.bun_library#realenergyintotheload#kwh,BUNDOORA,0.0,1.2334948,0.012930111,0.0125470245,0.0
2025-03-11 05:00:00,solar.bun_library#realenergyintotheload#kwh,BUNDOORA,0.0,0.013189159,0.012930111,0.0125470245,0.0
2025-03-11 06:00:00,solar.bun_library#realenergyintotheload#kwh,BUNDOORA,0.0,7.0961795,0.011607859,0.011263947,0.0
2025-03-11 07:00:00,solar.bun_library#realenergyintotheload#kwh,BUNDOORA,0.0,17.33837,0.0142238485,0.0138024315,0.0
2025-03-11 08:00:00,solar.bun_library#realenergyintotheload#kwh,BUNDOORA,0.0,52.392593,11.553273,11.2109785,39.0
2025-03-11 09:00:00,solar.bun_library#realenergyintotheload#kwh,BUNDOORA,0.0,70.604164,61.298695,59.482567,192.0
2025-03-11 10:00:00,solar.bun_library#realenergyintotheload#kwh,BUNDOORA,0.0,93.9473,130.68701,126.81508,391.0
2025-03-11 11:00:00,solar.bun_library#realenergyintotheload#kwh,BUNDOORA,0.0,245.52924,213.34131,207.02054,600.0
2025-03-11 12:00:00,solar.bun_library#realenergyintotheload#kwh,BUNDOORA,0.0,290.85837,263.46387,255.6581,773.0
2025-03-11 13:00:00,solar.bun_library#realenergyintotheload#kwh,BUNDOORA,0.0,294.30298,268.39673,260.4448,811.0
2025-03-11 14:00:00,solar.bun_library#realenergyintotheload#kwh,BUNDOORA,0.0,268.41617,284.21692,275.7963,869.0
2025-03-11 15:00:00,solar.bun_library#realenergyintotheload#kwh,BUNDOORA,0.0,278.1988,269.56088,261.57446,820.0
2025-03-11 16:00:00,solar.bun_library#realenergyintotheload#kwh,BUNDOORA,0.0,268.22394,226.79031,220.07109,689.0
2025-03-11 17:00:00,solar.bun_library#realenergyintotheload#kwh,BUNDOORA,0.0,253.33234,187.027,181.48586,549.0
2025-03-11 18:00:00,solar.bun_library#realenergyintotheload#kwh,BUNDOORA,0.0,122.87415,98.48366,95.565834,297.0
2025-03-11 19:00:00,solar.bun_library#realenergyintotheload#kwh,BUNDOORA,0.0,92.97933,40.416595,39.219154,130.0
2025-03-11 20:00:00,solar.bun_library#realenergyintotheload#kwh,BUNDOORA,0.0,44.74641,0.23628885,0.22928819,0.0
2025-03-11 21:00:00,solar.bun_library#realenergyintotheload#kwh,BUNDOORA,0.0,18.811195,-0.12022587,0.0,0.0
2025-03-11 22:00:00,solar.bun_library#realenergyintotheload#kwh,BUNDOORA,0.0,9.170025,-0.1734901,0.0,0.0
2025-03-11 23:00:00,solar.bun_library#realenergyintotheload#kwh,BUNDOORA,0.0,0.59721136,0.000110846944,0.000107562824,0.0
2025-03-12 00:00:00,solar.bun_library#realenergyintotheload#kwh,BUNDOORA,0.0,1.456117,0.008671489,0.008414574,0.0
2025-03-12 01:00:00,solar.bun_library#realenergyintotheload#kwh,BUNDOORA,0.0,0.7789357,0.02067412,0.020061597,0.0
2025-03-12 02:00:00,solar.bun_library#realenergyintotheload#kwh,BUNDOORA,0.0,-0.06549127,-0.001993094,0.0,0.0
2025-03-12 03:00:00,solar.bun_library#realenergyintotheload#kwh,BUNDOORA,0.0,-0.05696387,-0.001993094,0.0,0.0
2025-03-12 04:00:00,solar.bun_library#realenergyintotheload#kwh,BUNDOORA,0.0,-0.063700296,0.011607859,0.011263947,0.0
2025-03-12 05:00:00,solar.bun_library#realenergyintotheload#kwh,BUNDOORA,0.0,0.28619698,0.011607859,0.011263947,0.0
2025-03-12 06:00:00,solar.bun_library#realenergyintotheload#kwh,BUNDOORA,0.0,5.393099,0.011576563,0.011233578,0.0
2025-03-12 07:00:00,solar.bun_library#realenergyintotheload#kwh,BUNDOORA,0.0,28.12013,0.06796405,0.065950446,0.0
2025-03-12 08:00:00,solar.bun_library#realenergyintotheload#kwh,BUNDOORA,0.0,73.047745,13.65057,13.246138,50.0
2025-03-12 09:00:00,solar.bun_library#realenergyintotheload#kwh,BUNDOORA,0.0,71.64831,65.70842,63.761642,206.0
2025-03-12 10:00:00,solar.bun_library#realenergyintotheload#kwh,BUNDOORA,0.0,29.135973,85.34445,82.81591,258.0
2025-03-12 11:00:00,solar.bun_library#realenergyintotheload#kwh,BUNDOORA,0.0,150.99411,207.88765,201.72845,582.0
2025-03-12 12:00:00,solar.bun_library#realenergyintotheload#kwh,BUNDOORA,0.0,140.93016,135.68765,131.66757,401.0
2025-03-12 13:00:00,solar.bun_library#realenergyintotheload#kwh,BUNDOORA,0.0,258.6867,272.39374,264.3234,824.0
2025-03-12 14:00:00,solar.bun_library#realenergyintotheload#kwh,BUNDOORA,0.0,268.47235,283.5155,275.11566,853.0
2025-03-12 15:00:00,solar.bun_library#realenergyintotheload#kwh,BUNDOORA,0.0,263.64297,225.67404,218.98788,677.0
2025-03-12 16:00:00,solar.bun_library#realenergyintotheload#kwh,BUNDOORA,0.0,191.56161,126.56289,122.81315,384.0
2025-03-12 17:00:00,solar.bun_library#realenergyintotheload#kwh,BUNDOORA,0.0,210.13152,152.82164,148.29391,445.0
2025-03-12 18:00:00,solar.bun_library#realenergyintotheload#kwh,BUNDOORA,0.0,159.61508,108.754456,105.53233,330.0
2025-03-12 19:00:00,solar.bun_library#realenergyintotheload#kwh,BUNDOORA,0.0,86.851395,9.18755,8.915345,30.0
2025-03-12 20:00:00,solar.bun_library#realenergyintotheload#kwh,BUNDOORA,0.0,11.570133,-0.0054355003,0.0,1.0
2025-03-12 21:00:00,solar.bun_library#realenergyintotheload#kwh,BUNDOORA,0.0,3.368315,-0.028834715,0.0,0.0
2025-03-12 22:00:00,solar.bun_library#realenergyintotheload#kwh,BUNDOORA,0.0,-0.69549936,0.046083238,0.044717908,0.0
2025-03-12 23:00:00,solar.bun_library#realenergyintotheload#kwh,BUNDOORA,0.0,-0.13925448,0.061019607,0.05921175,0.0
2025-03-13 00:00:00,solar.bun_library#realenergyintotheload#kwh,BUNDOORA,0.0,0.22223538,0.0043315897,0.0042032553,0.0
2025-03-13 01:00:00,solar.bun_library#realenergyintotheload#kwh,BUNDOORA,0.0,0.7487267,0.009613092,0.009328281,0.0
2025-03-13 02:00:00,solar.bun_library#realenergyintotheload#kwh,BUNDOORA,0.0,0.7346512,0.008538498,0.008285523,0.0
2025-03-13 03:00:00,solar.bun_library#realenergyintotheload#kwh,BUNDOORA,0.0,1.2029004,0.008538498,0.008285523,0.0
2025-03-13 04:00:00,solar.bun_library#realenergyintotheload#kwh,BUNDOORA,0.0,0.54039466,0.008196463,0.007953622,0.0
2025-03-13 05:00:00,solar.bun_library#realenergyintotheload#kwh,BUNDOORA,0.0,0.63524646,0.008196463,0.007953622,0.0
2025-03-13 06:00:00,solar.bun_library#realenergyintotheload#kwh,BUNDOORA,0.0,3.439699,0.0007944866,0.00077094795,0.0
2025-03-13 07:00:00,solar.bun_library#realenergyintotheload#kwh,BUNDOORA,0.0,15.169712,0.0007944866,0.00077094795,0.0
2025-03-13 08:00:00,solar.bun_library#realenergyintotheload#kwh,BUNDOORA,0.0,40.163994,10.194398,9.892364,34.0
2025-03-13 09:00:00,solar.bun_library#realenergyintotheload#kwh,BUNDOORA,0.0,53.39554,33.532154,32.53868,106.0
2025-03-13 10:00:00,solar.bun_library#realenergyintotheload#kwh,BUNDOORA,0.0,36.035564,52.519745,50.963715,158.0
2025-03-13 11:00:00,solar.bun_library#realenergyintotheload#kwh,BUNDOORA,0.0,70.36791,57.784164,56.072163,173.0
2025-03-13 12:00:00,solar.bun_library#realenergyintotheload#kwh,BUNDOORA,0.0,85.1863,72.24761,70.10709,215.0
2025-03-13 13:00:00,solar.bun_library#realenergyintotheload#kwh,BUNDOORA,0.0,95.94096,181.87628,176.48775,530.0
2025-03-13 14:00:00,solar.bun_library#realenergyintotheload#kwh,BUNDOORA,0.0,156.76425,291.38547,282.75244,859.0
2025-03-13 15:00:00,solar.bun_library#realenergyintotheload#kwh,BUNDOORA,0.0,193.855,278.67764,270.4211,813.0
2025-03-13 16:00:00,solar.bun_library#realenergyintotheload#kwh,BUNDOORA,0.0,155.2689,240.52887,233.4026,704.0
2025-03-13 17:00:00,solar.bun_library#realenergyintotheload#kwh,BUNDOORA,0.0,131.08601,188.92255,183.32524,546.0
2025-03-13 18:00:00,solar.bun_library#realenergyintotheload#kwh,BUNDOORA,0.0,122.04421,121.95598,118.34273,359.0
2025-03-13 19:00:00,solar.bun_library#realenergyintotheload#kwh,BUNDOORA,0.0,130.94458,42.437943,41.18061,152.0
2025-03-13 20:00:00,solar.bun_library#realenergyintotheload#kwh,BUNDOORA,0.0,55.918293,0.3650995,0.3542825,3.0
2025-03-13 21:00:00,solar.bun_library#realenergyintotheload#kwh,BUNDOORA,0.0,15.983234,0.0028693527,0.0027843409,0.0
2025-03-13 22:00:00,solar.bun_library#realenergyintotheload#kwh,BUNDOORA,0.0,1.8714275,0.0029006489,0.00281471,0.0
2025-03-13 23:00:00,solar.bun_library#realenergyintotheload#kwh,BUNDOORA,0.0,2.1563244,-0.00701164,0.0,0.0
2025-03-14 00:00:00,solar.bun_library#realenergyintotheload#kwh,BUNDOORA,0.0,0.19100283,-0.0017608516,0.0,0.0
2025-03-14 01:00:00,solar.bun_library#realenergyintotheload#kwh,BUNDOORA,0.0,-0.5539027,-0.00894475,0.0,0.0
2025-03-14 02:00:00,solar.bun_library#realenergyintotheload#kwh,BUNDOORA,0.0,-0.053506054,-0.0017608516,0.0,0.0
2025-03-14 03:00:00,solar.bun_library#realenergyintotheload#kwh,BUNDOORA,0.0,-0.14163895,-0.015586671,0.0,0.0
2025-03-14 04:00:00,solar.bun_library#realenergyintotheload#kwh,BUNDOORA,0.0,-0.4598462,0.008196463,0.007953622,0.0
2025-03-14 05:00:00,solar.bun_library#realenergyintotheload#kwh,BUNDOORA,0.0,-0.06237556,0.013125903,0.012737015,0.0
2025-03-14 06:00:00,solar.bun_library#realenergyintotheload#kwh,BUNDOORA,0.0,0.19443743,-0.00015105726,0.0,0.0
2025-03-14 07:00:00,solar.bun_library#realenergyintotheload#kwh,BUNDOORA,0.0,3.3694878,0.020869914,0.02025159,0.0
2025-03-14 08:00:00,solar.bun_library#realenergyintotheload#kwh,BUNDOORA,0.0,1.1671079,8.278816,8.033536,30.0
2025-03-14 09:00:00,solar.bun_library#realenergyintotheload#kwh,BUNDOORA,0.0,-1.4842771,57.400303,55.699677,180.0
2025-03-14 10:00:00,solar.bun_library#realenergyintotheload#kwh,BUNDOORA,0.0,17.986006,121.3714,117.77547,342.0
2025-03-14 11:00:00,solar.bun_library#realenergyintotheload#kwh,BUNDOORA,0.0,152.16707,229.6254,222.82217,648.0
2025-03-14 12:00:00,solar.bun_library#realenergyintotheload#kwh,BUNDOORA,0.0,189.35474,271.57785,263.53168,786.0
2025-03-14 13:00:00,solar.bun_library#realenergyintotheload#kwh,BUNDOORA,0.0,266.09534,286.80637,278.30902,861.0
2025-03-14 14:00:00,solar.bun_library#realenergyintotheload#kwh,BUNDOORA,0.0,259.84952,283.91815,275.50638,871.0
2025-03-14 15:00:00,solar.bun_library#realenergyintotheload#kwh,BUNDOORA,0.0,264.2569,273.89755,265.78265,817.0
2025-03-14 16:00:00,solar.bun_library#realenergyintotheload#kwh,BUNDOORA,0.0,280.0653,232.63188,225.73958,702.0
2025-03-14 17:00:00,solar.bun_library#realenergyintotheload#kwh,BUNDOORA,0.0,233.12541,178.17802,172.89905,509.0
2025-03-14 18:00:00,solar.bun_library#realenergyintotheload#kwh,BUNDOORA,83.125,142.82924,92.688934,89.942795,272.0
2025-03-14 19:00:00,solar.bun_library#realenergyintotheload#kwh,BUNDOORA,42.125,157.25783,33.22896,32.24447,122.0
2025-03-14 20:00:00,solar.bun_library#realenergyintotheload#kwh,BUNDOORA,3.875,72.41147,-0.010130045,0.0,1.0
2025-03-14 21:00:00,solar.bun_library#realenergyintotheload#kwh,BUNDOORA,0.0,18.71656,0.033853013,0.032850035,0.0
2025-03-14 22:00:00,solar.bun_library#realenergyintotheload#kwh,BUNDOORA,0.0,0.8462651,0.042709615,0.041444235,0.0
2025-03-14 23:00:00,solar.bun_library#realenergyintotheload#kwh,BUNDOORA,0.0,0.5677309,0.042709615,0.041444235,0.0
2025-03-15 00:00:00,solar.bun_library#realenergyintotheload#kwh,BUNDOORA,0.0,0.72826874,0.020042405,0.019448599,0.0
2025-03-15 01:00:00,solar.bun_library#realenergyintotheload#kwh,BUNDOORA,0.0,0.72826874,0.0234617,0.022766588,0.0
2025-03-15 02:00:00,solar.bun_library#realenergyintotheload#kwh,BUNDOORA,0.0,1.9791223,0.008538498,0.008285523,0.0
2025-03-15 03:00:00,solar.bun_library#realenergyintotheload#kwh,BUNDOORA,0.0,1.8620174,0.008538498,0.008285523,0.0
2025-03-15 04:00:00,solar.bun_library#realenergyintotheload#kwh,BUNDOORA,0.0,1.35325,0.008538498,0.008285523,0.0
2025-03-15 05:00:00,solar.bun_library#realenergyintotheload#kwh,BUNDOORA,0.0,0.7700193,0.008196463,0.007953622,0.0
2025-03-15 06:00:00,solar.bun_library#realenergyintotheload#kwh,BUNDOORA,0.0,3.0458145,0.008196463,0.007953622,0.0
2025-03-15 07:00:00,solar.bun_library#realenergyintotheload#kwh,BUNDOORA,0.0,7.9456844,0.008196463,0.007953622,0.0
2025-03-15 08:00:00,solar.bun_library#realenergyintotheload#kwh,BUNDOORA,4.125,22.235788,13.347586,12.95213,41.0
2025-03-15 09:00:00,solar.bun_library#realenergyintotheload#kwh,BUNDOORA,50.375,69.38087,71.389595,69.2745,220.0
2025-03-15 10:00:00,solar.bun_library#realenergyintotheload#kwh,BUNDOORA,107.0,144.51796,124.683205,120.98915,364.0
2025-03-15 11:00:00,solar.bun_library#realenergyintotheload#kwh,BUNDOORA,129.25,260.42023,175.20193,170.01114,502.0
2025-03-15 12:00:00,solar.bun_library#realenergyintotheload#kwh,BUNDOORA,197.25,284.61383,207.38641,201.24207,621.0
2025-03-15 13:00:00,solar.bun_library#realenergyintotheload#kwh,BUNDOORA,169.75,284.49753,202.4962,196.49675,608.0
2025-03-15 14:00:00,solar.bun_library#realenergyintotheload#kwh,BUNDOORA,86.25,170.65375,111.91934,108.603455,326.0
2025-03-15 15:00:00,solar.bun_library#realenergyintotheload#kwh,BUNDOORA,170.125,281.88446,221.33505,214.77745,672.0
2025-03-15 16:00:00,solar.bun_library#realenergyintotheload#kwh,BUNDOORA,146.875,253.28719,171.00587,165.93939,510.0
2025-03-15 17:00:00,solar.bun_library#realenergyintotheload#kwh,BUNDOORA,72.875,156.42184,56.15328,54.489597,173.0
2025-03-15 18:00:00,solar.bun_library#realenergyintotheload#kwh,BUNDOORA,20.75,181.33041,28.56937,27.72293,89.0
2025-03-15 19:00:00,solar.bun_library#realenergyintotheload#kwh,BUNDOORA,13.75,139.6506,26.323738,25.54383,80.0
2025-03-15 20:00:00,solar.bun_library#realenergyintotheload#kwh,BUNDOORA,2.125,64.75252,0.5757068,0.55865,0.0
2025-03-15 21:00:00,solar.bun_library#realenergyintotheload#kwh,BUNDOORA,0.0,48.191246,0.218552,0.21207684,0.0
2025-03-15 22:00:00,solar.bun_library#realenergyintotheload#kwh,BUNDOORA,0.0,15.274825,-0.04760477,0.0,0.0
2025-03-15 23:00:00,solar.bun_library#realenergyintotheload#kwh,BUNDOORA,0.0,0.5509087,0.3979919,0.3862004,0.0
2025-03-16 00:00:00,solar.bun_library#realenergyintotheload#kwh,BUNDOORA,0.0,-1.9547619,-0.15047577,0.0,0.0
2025-03-16 01:00:00,solar.bun_library#realenergyintotheload#kwh,BUNDOORA,0.0,1.4963659,0.063783646,0.061893895,0.0
2025-03-16 02:00:00,solar.bun_library#realenergyintotheload#kwh,BUNDOORA,0.0,2.312244,0.015180959,0.0147311855,0.0
2025-03-16 03:00:00,solar.bun_library#realenergyintotheload#kwh,BUNDOORA,0.0,11.067503,-0.008253636,0.0,0.0
2025-03-16 04:00:00,solar.bun_library#realenergyintotheload#kwh,BUNDOORA,0.0,4.0057664,-0.008253636,0.0,0.0
2025-03-16 05:00:00,solar.bun_library#realenergyintotheload#kwh,BUNDOORA,0.0,0.013189159,0.003948448,0.0038314655,0.0
2025-03-16 06:00:00,solar.bun_library#realenergyintotheload#kwh,BUNDOORA,0.0,2.5283408,0.017549396,0.017029451,0.0
2025-03-16 07:00:00,solar.bun_library#realenergyintotheload#kwh,BUNDOORA,0.0,21.688272,0.01555463,0.015093786,0.0
2025-03-16 08:00:00,solar.bun_library#realenergyintotheload#kwh,BUNDOORA,0.0,67.71197,2.5180175,2.443415,11.0
2025-03-16 09:00:00,solar.bun_library#realenergyintotheload#kwh,BUNDOORA,0.0,75.10948,20.483465,19.87659,70.0
2025-03-16 10:00:00,solar.bun_library#realenergyintotheload#kwh,BUNDOORA,0.0,53.636063,24.648193,23.917929,77.0
2025-03-16 11:00:00,solar.bun_library#realenergyintotheload#kwh,BUNDOORA,0.0,34.106697,29.87853,28.993305,92.0
2025-03-16 12:00:00,solar.bun_library#realenergyintotheload#kwh,BUNDOORA,0.0,32.567017,38.482494,37.342354,122.0
2025-03-16 13:00:00,solar.bun_library#realenergyintotheload#kwh,BUNDOORA,0.0,30.61861,14.675901,14.241091,48.0
2025-03-16 14:00:00,solar.bun_library#realenergyintotheload#kwh,BUNDOORA,0.0,42.571655,10.7878475,10.46823,32.0
2025-03-16 15:00:00,solar.bun_library#realenergyintotheload#kwh,BUNDOORA,0.0,48.31734,10.388559,10.080772,31.0
2025-03-16 16:00:00,solar.bun_library#realenergyintotheload#kwh,BUNDOORA,0.0,57.77108,8.205591,7.96248,26.0
2025-03-16 17:00:00,solar.bun_library#realenergyintotheload#kwh,BUNDOORA,0.0,59.459435,31.127367,30.205141,94.0
2025-03-16 18:00:00,solar.bun_library#realenergyintotheload#kwh,BUNDOORA,0.0,53.248837,37.810974,36.69073,115.0
2025-03-16 19:00:00,solar.bun_library#realenergyintotheload#kwh,BUNDOORA,0.0,83.20266,24.149126,23.433647,81.0
2025-03-16 20:00:00,solar.bun_library#realenergyintotheload#kwh,BUNDOORA,0.0,34.056698,0.10601399,0.102873065,0.0
2025-03-16 21:00:00,solar.bun_library#realenergyintotheload#kwh,BUNDOORA,0.0,11.75974,-0.06258855,0.0,0.0
2025-03-16 22:00:00,solar.bun_library#realenergyintotheload#kwh,BUNDOORA,0.0,-0.49448425,0.022301752,0.021641007,0.0
2025-03-16 23:00:00,solar.bun_library#realenergyintotheload#kwh,BUNDOORA,0.0,0.6471739,-0.06258855,0.0,0.0
2025-03-17 00:00:00,solar.bun_library#realenergyintotheload#kwh,BUNDOORA,0.0,-4.5169134,0.042791337,0.041523535,0.0
2025-03-17 01:00:00,solar.bun_library#realenergyintotheload#kwh,BUNDOORA,0.0,-2.2853582,0.01378541,0.013376983,0.0
2025-03-17 02:00:00,solar.bun_library#realenergyintotheload#kwh,BUNDOORA,0.0,4.7894506,-0.01829534,0.0,0.0
2025-03-17 03:00:00,solar.bun_library#realenergyintotheload#kwh,BUNDOORA,0.0,1.3681998,-0.027876094,0.0,0.0
2025-03-17 04:00:00,solar.bun_library#realenergyintotheload#kwh,BUNDOORA,0.0,0.88345665,0.0031665377,0.0030727212,0.0
2025-03-17 05:00:00,solar.bun_library#realenergyintotheload#kwh,BUNDOORA,0.0,-0.33007866,0.0031665377,0.0030727212,0.0
2025-03-17 06:00:00,solar.bun_library#realenergyintotheload#kwh,BUNDOORA,0.0,1.7871531,0.0031665377,0.0030727212,0.0
2025-03-17 07:00:00,solar.bun_library#realenergyintotheload#kwh,BUNDOORA,0.0,18.398262,0.010910548,0.0105872955,0.0
2025-03-17 08:00:00,solar.bun_library#realenergyintotheload#kwh,BUNDOORA,4.75,11.259422,10.7311125,10.413177,36.0
2025-03-17 09:00:00,solar.bun_library#realenergyintotheload#kwh,BUNDOORA,38.625,31.385721,47.710125,46.296593,141.0
2025-03-17 10:00:00,solar.bun_library#realenergyintotheload#kwh,BUNDOORA,69.625,89.928955,100.788055,97.801956,278.0
2025-03-17 11:00:00,solar.bun_library#realenergyintotheload#kwh,BUNDOORA,136.0,165.36479,160.37944,155.62779,432.0
2025-03-17 12:00:00,solar.bun_library#realenergyintotheload#kwh,BUNDOORA,141.625,229.44562,186.66933,181.13878,536.0
2025-03-17 13:00:00,solar.bun_library#realenergyintotheload#kwh,BUNDOORA,162.375,239.60583,178.74771,173.45186,531.0
2025-03-17 14:00:00,solar.bun_library#realenergyintotheload#kwh,BUNDOORA,236.25,180.79713,274.31247,266.18527,813.0
2025-03-17 15:00:00,solar.bun_library#realenergyintotheload#kwh,BUNDOORA,252.0,192.87425,257.42035,249.79362,764.0
2025-03-17 16:00:00,solar.bun_library#realenergyintotheload#kwh,BUNDOORA,246.375,235.98518,235.4385,228.46306,695.0
2025-03-17 17:00:00,solar.bun_library#realenergyintotheload#kwh,BUNDOORA,180.375,224.57155,189.0496,183.44853,535.0
2025-03-17 18:00:00,solar.bun_library#realenergyintotheload#kwh,BUNDOORA,106.25,178.81192,119.491165,115.95094,329.0
2025-03-17 19:00:00,solar.bun_library#realenergyintotheload#kwh,BUNDOORA,36.25,185.27551,38.50583,37.364998,127.0
2025-03-17 20:00:00,solar.bun_library#realenergyintotheload#kwh,BUNDOORA,1.875,70.05551,-0.089042485,0.0,0.0
2025-03-17 21:00:00,solar.bun_library#realenergyintotheload#kwh,BUNDOORA,0.0,15.299774,-0.077951655,0.0,0.0
2025-03-17 22:00:00,solar.bun_library#realenergyintotheload#kwh,BUNDOORA,0.0,0.105638176,0.061601046,0.05977596,0.0
2025-03-17 23:00:00,solar.bun_library#realenergyintotheload#kwh,BUNDOORA,0.0,-0.036787093,0.009353492,0.009076372,0.0
2025-03-18 00:00:00,solar.bun_library#realenergyintotheload#kwh,BUNDOORA,0.0,1.6531432,0.052915532,0.051347777,0.0
2025-03-18 01:00:00,solar.bun_library#realenergyintotheload#kwh,BUNDOORA,0.0,0.54090333,0.024202026,0.02348498,0.0
2025-03-18 02:00:00,solar.bun_library#realenergyintotheload#kwh,BUNDOORA,0.0,0.17227536,0.020869914,0.02025159,0.0
2025-03-18 03:00:00,solar.bun_library#realenergyintotheload#kwh,BUNDOORA,0.0,0.0055555496,0.020869914,0.02025159,0.0
2025-03-18 04:00:00,solar.bun_library#realenergyintotheload#kwh,BUNDOORA,0.0,-0.019147601,0.005661809,0.0054940637,0.0
2025-03-18 05:00:00,solar.bun_library#realenergyintotheload#kwh,BUNDOORA,0.0,-0.13770112,-0.010666817,0.0,0.0
2025-03-18 06:00:00,solar.bun_library#realenergyintotheload#kwh,BUNDOORA,0.0,3.62432,0.0120004015,0.01164486,0.0
2025-03-18 07:00:00,solar.bun_library#realenergyintotheload#kwh,BUNDOORA,0.0,7.576331,-0.010666817,0.0,0.0
2025-03-18 08:00:00,solar.bun_library#realenergyintotheload#kwh,BUNDOORA,2.75,0.810809,14.606414,14.173662,48.0
2025-03-18 09:00:00,solar.bun_library#realenergyintotheload#kwh,BUNDOORA,44.0,-1.4971244,87.442696,84.85199,244.0
2025-03-18 10:00:00,solar.bun_library#realenergyintotheload#kwh,BUNDOORA,123.625,23.712816,173.09856,167.97008,452.0
2025-03-18 11:00:00,solar.bun_library#realenergyintotheload#kwh,BUNDOORA,196.125,212.447,236.04584,229.05238,636.0
2025-03-18 12:00:00,solar.bun_library#realenergyintotheload#kwh,BUNDOORA,242.875,210.89708,272.89954,264.8142,773.0
2025-03-18 13:00:00,solar.bun_library#realenergyintotheload#kwh,BUNDOORA,267.75,190.3546,288.91776,280.35785,853.0
2025-03-18 14:00:00,solar.bun_library#realenergyintotheload#kwh,BUNDOORA,274.5,187.85284,289.082,280.5172,867.0
2025-03-18 15:00:00,solar.bun_library#realenergyintotheload#kwh,BUNDOORA,262.25,192.54007,274.37875,266.2496,816.0
2025-03-18 16:00:00,solar.bun_library#realenergyintotheload#kwh,BUNDOORA,227.375,260.0085,237.78311,230.73819,704.0
2025-03-18 17:00:00,solar.bun_library#realenergyintotheload#kwh,BUNDOORA,171.75,258.76132,185.10916,179.62483,541.0
2025-03-18 18:00:00,solar.bun_library#realenergyintotheload#kwh,BUNDOORA,98.75,191.50847,108.434784,105.22213,341.0
2025-03-18 19:00:00,solar.bun_library#realenergyintotheload#kwh,BUNDOORA,31.75,176.92262,37.274994,36.170628,131.0
2025-03-18 20:00:00,solar.bun_library#realenergyintotheload#kwh,BUNDOORA,1.75,83.89881,0.14886673,0.14445618,0.0
2025-03-18 21:00:00,solar.bun_library#realenergyintotheload#kwh,BUNDOORA,0.0,17.876251,0.16661364,0.16167729,0.0
2025-03-18 22:00:00,solar.bun_library#realenergyintotheload#kwh,BUNDOORA,0.0,1.2854018,0.07037597,0.068290904,0.0
2025-03-18 23:00:00,solar.bun_library#realenergyintotheload#kwh,BUNDOORA,0.0,0.8501023,0.019753996,0.019168735,0.0
2025-03-19 00:00:00,solar.bun_library#realenergyintotheload#kwh,BUNDOORA,0.0,0.28063798,0.020869914,0.02025159,0.0
2025-03-19 01:00:00,solar.bun_library#realenergyintotheload#kwh,BUNDOORA,0.0,0.06170509,0.013125903,0.012737015,0.0
2025-03-19 02:00:00,solar.bun_library#realenergyintotheload#kwh,BUNDOORA,0.0,-0.10545484,0.020869914,0.02025159,0.0
2025-03-19 03:00:00,solar.bun_library#realenergyintotheload#kwh,BUNDOORA,0.0,-0.31234074,0.020869914,0.02025159,0.0
2025-03-19 04:00:00,solar.bun_library#realenergyintotheload#kwh,BUNDOORA,0.0,-0.25100088,-0.0029132236,0.0,0.0
2025-03-19 05:00:00,solar.bun_library#realenergyintotheload#kwh,BUNDOORA,0.0,-0.28085575,0.005661809,0.0054940637,0.0
2025-03-19 06:00:00,solar.bun_library#realenergyintotheload#kwh,BUNDOORA,0.0,-0.1112682,-0.0029132236,0.0,0.0
2025-03-19 07:00:00,solar.bun_library#realenergyintotheload#kwh,BUNDOORA,0.0,1.8130417,0.020869914,0.02025159,0.0
2025-03-19 08:00:00,solar.bun_library#realenergyintotheload#kwh,BUNDOORA,1.875,-1.2057631,13.61663,13.213202,45.0
2025-03-19 09:00:00,solar.bun_library#realenergyintotheload#kwh,BUNDOORA,41.625,19.68523,81.13433,78.73052,238.0
2025-03-19 10:00:00,solar.bun_library#realenergyintotheload#kwh,BUNDOORA,118.5,40.823803,163.35484,158.51505,443.0
2025-03-19 11:00:00,solar.bun_library#realenergyintotheload#kwh,BUNDOORA,191.375,266.93237,216.91878,210.49202,620.0
2025-03-19 12:00:00,solar.bun_library#realenergyintotheload#kwh,BUNDOORA,235.875,249.38538,253.65726,246.14203,746.0
2025-03-19 13:00:00,solar.bun_library#realenergyintotheload#kwh,BUNDOORA,216.5,253.89307,271.0768,263.04547,819.0
2025-03-19 14:00:00,solar.bun_library#realenergyintotheload#kwh,BUNDOORA,217.5,282.7104,271.5737,263.52765,798.0
2025-03-19 15:00:00,solar.bun_library#realenergyintotheload#kwh,BUNDOORA,196.75,277.2364,264.383,256.55,765.0
2025-03-19 16:00:00,solar.bun_library#realenergyintotheload#kwh,BUNDOORA,160.625,276.21133,229.11488,222.32678,667.0
2025-03-19 17:00:00,solar.bun_library#realenergyintotheload#kwh,BUNDOORA,123.375,278.11655,170.26608,165.22153,519.0
2025-03-19 18:00:00,solar.bun_library#realenergyintotheload#kwh,BUNDOORA,87.25,198.77231,104.893005,101.785286,324.0
2025-03-19 19:00:00,solar.bun_library#realenergyintotheload#kwh,BUNDOORA,29.5,178.18095,31.115221,30.193356,118.0
2025-03-19 20:00:00,solar.bun_library#realenergyintotheload#kwh,BUNDOORA,1.625,82.99987,-0.051851097,0.0,0.0
2025-03-19 21:00:00,solar.bun_library#realenergyintotheload#kwh,BUNDOORA,0.0,31.662453,-0.07609967,0.0,0.0
2025-03-19 22:00:00,solar.bun_library#realenergyintotheload#kwh,BUNDOORA,0.0,-3.0864112,-0.14649,0.0,0.0
2025-03-19 23:00:00,solar.bun_library#realenergyintotheload#kwh,BUNDOORA,0.0,-1.1216711,0.032253716,0.03129812,0.0
2025-03-20 00:00:00,solar.bun_library#realenergyintotheload#kwh,BUNDOORA,0.0,-2.4599996,-0.13804209,0.0,0.0
2025-03-20 01:00:00,solar.bun_library#realenergyintotheload#kwh,BUNDOORA,0.0,2.9483652,0.1997572,0.1938389,0.0
2025-03-20 02:00:00,solar.bun_library#realenergyintotheload#kwh,BUNDOORA,0.0,2.9132252,0.25145498,0.244005,0.0
2025-03-20 03:00:00,solar.bun_library#realenergyintotheload#kwh,BUNDOORA,0.0,3.109697,0.080254056,0.07787633,0.0
2025-03-20 04:00:00,solar.bun_library#realenergyintotheload#kwh,BUNDOORA,0.0,1.1849738,0.096211016,0.09336052,0.0
2025-03-20 05:00:00,solar.bun_library#realenergyintotheload#kwh,BUNDOORA,0.0,0.49437124,0.1229847,0.11934097,0.0
2025-03-20 06:00:00,solar.bun_library#realenergyintotheload#kwh,BUNDOORA,0.0,-0.18755347,-0.07618853,0.0,0.0
2025-03-20 07:00:00,solar.bun_library#realenergyintotheload#kwh,BUNDOORA,0.0,12.011086,-0.053436585,0.0,0.0
2025-03-20 08:00:00,solar.bun_library#realenergyintotheload#kwh,BUNDOORA,1.75,39.41712,6.7224536,6.523284,26.0
2025-03-20 09:00:00,solar.bun_library#realenergyintotheload#kwh,BUNDOORA,16.5,52.915607,33.573383,32.57869,107.0
2025-03-20 10:00:00,solar.bun_library#realenergyintotheload#kwh,BUNDOORA,21.25,24.412052,57.718075,56.008034,174.0
2025-03-20 11:00:00,solar.bun_library#realenergyintotheload#kwh,BUNDOORA,39.875,123.55989,34.405445,33.386097,105.0
2025-03-20 12:00:00,solar.bun_library#realenergyintotheload#kwh,BUNDOORA,162.0,102.86766,146.09055,141.76225,428.0
2025-03-20 13:00:00,solar.bun_library#realenergyintotheload#kwh,BUNDOORA,106.5,178.56985,52.91289,51.345215,162.0
2025-03-20 14:00:00,solar.bun_library#realenergyintotheload#kwh,BUNDOORA,25.375,118.89914,15.707409,15.242038,50.0
2025-03-20 15:00:00,solar.bun_library#realenergyintotheload#kwh,BUNDOORA,28.125,88.55007,31.029203,30.109886,96.0
2025-03-20 16:00:00,solar.bun_library#realenergyintotheload#kwh,BUNDOORA,57.375,102.85422,44.408497,43.092785,140.0
2025-03-20 17:00:00,solar.bun_library#realenergyintotheload#kwh,BUNDOORA,16.125,89.463684,21.28889,20.658154,69.0
2025-03-20 18:00:00,solar.bun_library#realenergyintotheload#kwh,BUNDOORA,11.625,78.36718,7.831294,7.5992723,26.0
2025-03-20 19:00:00,solar.bun_library#realenergyintotheload#kwh,BUNDOORA,2.25,76.47037,4.3695707,4.2401114,15.0
2025-03-20 20:00:00,solar.bun_library#realenergyintotheload#kwh,BUNDOORA,0.0,9.024138,-0.040900107,0.0,0.0
2025-03-20 21:00:00,solar.bun_library#realenergyintotheload#kwh,BUNDOORA,0.0,2.2623768,-0.027299162,0.0,0.0
2025-03-20 22:00:00,solar.bun_library#realenergyintotheload#kwh,BUNDOORA,0.0,-0.1862551,-0.027299162,0.0,0.0
2025-03-20 23:00:00,solar.bun_library#realenergyintotheload#kwh,BUNDOORA,0.0,1.0904173,-0.005117815,0.0,0.0
2025-03-21 00:00:00,solar.bun_library#realenergyintotheload#kwh,BUNDOORA,0.0,0.18809986,-0.004650074,0.0,0.0
2025-03-21 01:00:00,solar.bun_library#realenergyintotheload#kwh,BUNDOORA,0.0,0.10663944,-0.004992109,0.0,0.0
2025-03-21 02:00:00,solar.bun_library#realenergyintotheload#kwh,BUNDOORA,0.0,0.08617031,0.0117335655,0.011385929,0.0
2025-03-21 03:00:00,solar.bun_library#realenergyintotheload#kwh,BUNDOORA,0.0,0.08850785,0.009738798,0.009450262,0.0
2025-03-21 04:00:00,solar.bun_library#realenergyintotheload#kwh,BUNDOORA,0.0,1.5766138,0.008165166,0.007923252,0.0
2025-03-21 05:00:00,solar.bun_library#realenergyintotheload#kwh,BUNDOORA,0.0,0.75774217,0.008165166,0.007923252,0.0
2025-03-21 06:00:00,solar.bun_library#realenergyintotheload#kwh,BUNDOORA,0.0,2.0083508,0.0009201928,0.0008929298,0.0
2025-03-21 07:00:00,solar.bun_library#realenergyintotheload#kwh,BUNDOORA,0.0,5.138623,0.0009201928,0.0008929298,0.0
2025-03-21 08:00:00,solar.bun_library#realenergyintotheload#kwh,BUNDOORA,0.625,6.1242204,2.6394854,2.561284,13.0
2025-03-21 09:00:00,solar.bun_library#realenergyintotheload#kwh,BUNDOORA,14.375,2.2868142,39.8007,38.621506,125.0
2025-03-21 10:00:00,solar.bun_library#realenergyintotheload#kwh,BUNDOORA,23.125,1.5679997,58.314487,56.586777,172.0
2025-03-21 11:00:00,solar.bun_library#realenergyintotheload#kwh,BUNDOORA,59.875,59.950733,71.102974,68.99637,206.0
2025-03-21 12:00:00,solar.bun_library#realenergyintotheload#kwh,BUNDOORA,68.125,83.87969,50.63078,49.130714,151.0
2025-03-21 13:00:00,solar.bun_library#realenergyintotheload#kwh,BUNDOORA,37.875,71.93656,46.99887,45.60641,146.0
2025-03-21 14:00:00,solar.bun_library#realenergyintotheload#kwh,BUNDOORA,71.0,99.66631,31.478842,30.546202,96.0
2025-03-21 15:00:00,solar.bun_library#realenergyintotheload#kwh,BUNDOORA,88.875,112.957535,112.339516,109.01118,324.0
2025-03-21 16:00:00,solar.bun_library#realenergyintotheload#kwh,BUNDOORA,137.125,97.25611,127.07868,123.31366,354.0
2025-03-21 17:00:00,solar.bun_library#realenergyintotheload#kwh,BUNDOORA,89.625,99.13019,99.93941,96.978455,287.0
2025-03-21 18:00:00,solar.bun_library#realenergyintotheload#kwh,BUNDOORA,78.5,62.501747,86.28315,83.7268,262.0
2025-03-21 19:00:00,solar.bun_library#realenergyintotheload#kwh,BUNDOORA,16.375,49.559204,13.963747,13.550036,48.0
2025-03-21 20:00:00,solar.bun_library#realenergyintotheload#kwh,BUNDOORA,0.75,47.247448,0.025666103,0.02490568,0.0
2025-03-21 21:00:00,solar.bun_library#realenergyintotheload#kwh,BUNDOORA,0.0,11.902909,0.02417073,0.023454612,0.0
2025-03-21 22:00:00,solar.bun_library#realenergyintotheload#kwh,BUNDOORA,0.0,0.6010285,0.020869914,0.02025159,0.0
2025-03-21 23:00:00,solar.bun_library#realenergyintotheload#kwh,BUNDOORA,0.0,0.36005634,0.020869914,0.02025159,0.0
2025-03-22 00:00:00,solar.bun_library#realenergyintotheload#kwh,BUNDOORA,0.0,0.23087925,0.020869914,0.02025159,0.0
2025-03-22 01:00:00,solar.bun_library#realenergyintotheload#kwh,BUNDOORA,0.0,0.23087925,0.020869914,0.02025159,0.0
2025-03-22 02:00:00,solar.bun_library#realenergyintotheload#kwh,BUNDOORA,0.0,-0.041182555,0.013125903,0.012737015,0.0
2025-03-22 03:00:00,solar.bun_library#realenergyintotheload#kwh,BUNDOORA,0.0,-0.02908296,0.020869914,0.02025159,0.0
2025-03-22 04:00:00,solar.bun_library#realenergyintotheload#kwh,BUNDOORA,0.0,-0.4525731,-0.0029132236,0.0,0.0
2025-03-22 05:00:00,solar.bun_library#realenergyintotheload#kwh,BUNDOORA,0.0,-0.4184373,-0.0029132236,0.0,0.0
2025-03-22 06:00:00,solar.bun_library#realenergyintotheload#kwh,BUNDOORA,0.0,-0.21089429,-0.0029132236,0.0,0.0
2025-03-22 07:00:00,solar.bun_library#realenergyintotheload#kwh,BUNDOORA,0.0,0.2307764,-0.0029132236,0.0,0.0
2025-03-22 08:00:00,solar.bun_library#realenergyintotheload#kwh,BUNDOORA,2.125,-0.9956544,10.419029,10.110339,37.0
2025-03-22 09:00:00,solar.bun_library#realenergyintotheload#kwh,BUNDOORA,39.25,-1.4264528,79.21848,76.87144,224.0
2025-03-22 10:00:00,solar.bun_library#realenergyintotheload#kwh,BUNDOORA,116.75,6.5225916,155.21922,150.62047,426.0
2025-03-22 11:00:00,solar.bun_library#realenergyintotheload#kwh,BUNDOORA,188.25,82.25557,218.1566,211.69316,602.0
2025-03-22 12:00:00,solar.bun_library#realenergyintotheload#kwh,BUNDOORA,235.25,208.814,255.02583,247.47006,737.0
2025-03-22 13:00:00,solar.bun_library#realenergyintotheload#kwh,BUNDOORA,263.75,190.3684,281.23273,272.9005,815.0
2025-03-22 14:00:00,solar.bun_library#realenergyintotheload#kwh,BUNDOORA,275.625,203.5878,283.5863,275.18436,829.0
2025-03-22 15:00:00,solar.bun_library#realenergyintotheload#kwh,BUNDOORA,263.0,240.81606,276.681,268.48364,778.0
2025-03-22 16:00:00,solar.bun_library#realenergyintotheload#kwh,BUNDOORA,226.375,249.132,242.45404,235.27074,667.0
2025-03-22 17:00:00,solar.bun_library#realenergyintotheload#kwh,BUNDOORA,170.125,239.93402,175.61057,170.40767,505.0
2025-03-22 18:00:00,solar.bun_library#realenergyintotheload#kwh,BUNDOORA,94.5,219.41888,105.00055,101.88965,311.0
2025-03-22 19:00:00,solar.bun_library#realenergyintotheload#kwh,BUNDOORA,26.75,175.0912,29.834904,28.95097,109.0
2025-03-22 20:00:00,solar.bun_library#realenergyintotheload#kwh,BUNDOORA,0.875,90.61407,0.13651776,0.13247308,0.0
2025-03-22 21:00:00,solar.bun_library#realenergyintotheload#kwh,BUNDOORA,0.0,18.333244,0.017650496,0.017127557,0.0
2025-03-22 22:00:00,solar.bun_library#realenergyintotheload#kwh,BUNDOORA,0.0,1.1697564,0.024202026,0.02348498,0.0
2025-03-22 23:00:00,solar.bun_library#realenergyintotheload#kwh,BUNDOORA,0.0,0.53929704,0.020869914,0.02025159,0.0
2025-03-23 00:00:00,solar.bun_library#realenergyintotheload#kwh,BUNDOORA,0.0,0.26951474,-0.0029132236,0.0,0.0
2025-03-23 01:00:00,solar.bun_library#realenergyintotheload#kwh,BUNDOORA,0.0,0.32517156,-0.0029132236,0.0,0.0
2025-03-23 02:00:00,solar.bun_library#realenergyintotheload#kwh,BUNDOORA,0.0,0.014066795,0.0058300784,0.005657348,0.0
2025-03-23 03:00:00,solar.bun_library#realenergyintotheload#kwh,BUNDOORA,0.0,0.11868453,0.020869914,0.02025159,0.0
2025-03-23 04:00:00,solar.bun_library#realenergyintotheload#kwh,BUNDOORA,0.0,0.45770776,-0.0029132236,0.0,0.0
2025-03-23 05:00:00,solar.bun_library#realenergyintotheload#kwh,BUNDOORA,0.0,0.423572,-0.0029132236,0.0,0.0
2025-03-23 06:00:00,solar.bun_library#realenergyintotheload#kwh,BUNDOORA,0.0,0.47670192,-0.0029132236,0.0,0.0
2025-03-23 07:00:00,solar.bun_library#realenergyintotheload#kwh,BUNDOORA,0.0,0.9779451,-0.0029132236,0.0,0.0
2025-03-23 08:00:00,solar.bun_library#realenergyintotheload#kwh,BUNDOORA,0.0,-0.436488,10.22787,9.924844,35.0
2025-03-23 09:00:00,solar.bun_library#realenergyintotheload#kwh,BUNDOORA,0.0,0.38590518,79.998856,77.62869,221.0
2025-03-23 10:00:00,solar.bun_library#realenergyintotheload#kwh,BUNDOORA,0.0,2.3831375,152.37735,147.8628,421.0
2025-03-23 11:00:00,solar.bun_library#realenergyintotheload#kwh,BUNDOORA,0.0,82.62569,218.424,211.95264,599.0
2025-03-23 12:00:00,solar.bun_library#realenergyintotheload#kwh,BUNDOORA,0.0,211.48004,253.44868,245.93964,731.0
2025-03-23 13:00:00,solar.bun_library#realenergyintotheload#kwh,BUNDOORA,0.0,255.00996,280.2242,271.92188,807.0
2025-03-23 14:00:00,solar.bun_library#realenergyintotheload#kwh,BUNDOORA,0.0,258.22757,282.6114,274.2383,819.0
2025-03-23 15:00:00,solar.bun_library#realenergyintotheload#kwh,BUNDOORA,0.0,229.42004,268.60583,260.6477,767.0
2025-03-23 16:00:00,solar.bun_library#realenergyintotheload#kwh,BUNDOORA,0.0,158.16812,236.9191,229.89978,654.0
2025-03-23 17:00:00,solar.bun_library#realenergyintotheload#kwh,BUNDOORA,0.0,163.79857,173.78227,168.63354,492.0
2025-03-23 18:00:00,solar.bun_library#realenergyintotheload#kwh,BUNDOORA,0.0,127.00623,96.31241,93.458916,298.0
2025-03-23 19:00:00,solar.bun_library#realenergyintotheload#kwh,BUNDOORA,0.0,101.53422,28.083673,27.251625,94.0
2025-03-23 20:00:00,solar.bun_library#realenergyintotheload#kwh,BUNDOORA,0.0,24.426094,0.1055515,0.10242428,0.0
2025-03-23 21:00:00,solar.bun_library#realenergyintotheload#kwh,BUNDOORA,0.0,11.978032,-0.012356766,0.0,0.0
2025-03-23 22:00:00,solar.bun_library#realenergyintotheload#kwh,BUNDOORA,0.0,0.9352102,-0.0007452378,0.0,0.0
2025-03-23 23:00:00,solar.bun_library#realenergyintotheload#kwh,BUNDOORA,0.0,1.1680338,0.008196463,0.007953622,0.0
2025-03-24 00:00:00,solar.bun_library#realenergyintotheload#kwh,BUNDOORA,0.0,1.1247817,0.00045245234,0.00043904732,0.0
2025-03-24 01:00:00,solar.bun_library#realenergyintotheload#kwh,BUNDOORA,0.0,0.3495948,-0.0012129783,0.0,0.0
2025-03-24 02:00:00,solar.bun_library#realenergyintotheload#kwh,BUNDOORA,0.0,-0.40638456,-0.0012129783,0.0,0.0
2025-03-24 03:00:00,solar.bun_library#realenergyintotheload#kwh,BUNDOORA,0.0,0.3495948,-0.0043702284,0.0,0.0
2025-03-24 04:00:00,solar.bun_library#realenergyintotheload#kwh,BUNDOORA,0.0,0.3495948,-0.0012129783,0.0,0.0
2025-03-24 05:00:00,solar.bun_library#realenergyintotheload#kwh,BUNDOORA,0.0,1.2893424,0.008196463,0.007953622,0.0
2025-03-24 06:00:00,solar.bun_library#realenergyintotheload#kwh,BUNDOORA,0.0,0.7743242,-0.00701164,0.0,0.0
2025-03-24 07:00:00,solar.bun_library#realenergyintotheload#kwh,BUNDOORA,0.0,3.4952636,-0.0012129783,0.0,0.0
2025-03-24 08:00:00,solar.bun_library#realenergyintotheload#kwh,BUNDOORA,0.0,4.7858596,5.338049,5.179896,22.0
2025-03-24 09:00:00,solar.bun_library#realenergyintotheload#kwh,BUNDOORA,0.0,2.6746457,48.10702,46.681732,153.0
2025-03-24 10:00:00,solar.bun_library#realenergyintotheload#kwh,BUNDOORA,0.0,12.897729,95.735634,92.89922,280.0
2025-03-24 11:00:00,solar.bun_library#realenergyintotheload#kwh,BUNDOORA,0.0,36.35354,70.244125,68.162964,207.0
2025-03-24 12:00:00,solar.bun_library#realenergyintotheload#kwh,BUNDOORA,0.0,89.41271,100.70964,97.72587,291.0
2025-03-24 13:00:00,solar.bun_library#realenergyintotheload#kwh,BUNDOORA,0.0,86.855194,133.82056,129.85579,386.0
2025-03-24 14:00:00,solar.bun_library#realenergyintotheload#kwh,BUNDOORA,0.0,75.49656,138.26457,134.16814,400.0
2025-03-24 15:00:00,solar.bun_library#realenergyintotheload#kwh,BUNDOORA,0.0,109.50907,190.60985,184.96255,542.0
2025-03-24 16:00:00,solar.bun_library#realenergyintotheload#kwh,BUNDOORA,0.0,171.42807,129.36313,125.530426,374.0
2025-03-24 17:00:00,solar.bun_library#realenergyintotheload#kwh,BUNDOORA,0.0,211.13144,166.13647,161.21426,486.0
2025-03-24 18:00:00,solar.bun_library#realenergyintotheload#kwh,BUNDOORA,0.0,189.32632,96.639534,93.776344,301.0
2025-03-24 19:00:00,solar.bun_library#realenergyintotheload#kwh,BUNDOORA,0.0,125.55697,27.012331,26.212023,99.0
2025-03-24 20:00:00,solar.bun_library#realenergyintotheload#kwh,BUNDOORA,0.0,53.444,0.019024123,0.018460486,0.0
2025-03-24 21:00:00,solar.bun_library#realenergyintotheload#kwh,BUNDOORA,0.0,14.905386,0.0063361144,0.006148391,0.0
2025-03-24 22:00:00,solar.bun_library#realenergyintotheload#kwh,BUNDOORA,0.0,0.21430096,0.02417073,0.023454612,0.0
2025-03-24 23:00:00,solar.bun_library#realenergyintotheload#kwh,BUNDOORA,0.0,0.8915353,0.0056305127,0.0054636947,0.0
2025-03-25 00:00:00,solar.bun_library#realenergyintotheload#kwh,BUNDOORA,0.0,1.1592039,-0.0019571716,0.0,0.0
2025-03-25 01:00:00,solar.bun_library#realenergyintotheload#kwh,BUNDOORA,0.0,0.3041411,0.0030040005,0.0029149994,0.0
2025-03-25 02:00:00,solar.bun_library#realenergyintotheload#kwh,BUNDOORA,0.0,0.5740907,-0.0019571716,0.0,0.0
2025-03-25 03:00:00,solar.bun_library#realenergyintotheload#kwh,BUNDOORA,0.0,0.55585265,-0.0019571716,0.0,0.0
2025-03-25 04:00:00,solar.bun_library#realenergyintotheload#kwh,BUNDOORA,0.0,0.53995484,-0.0019571716,0.0,0.0
2025-03-25 05:00:00,solar.bun_library#realenergyintotheload#kwh,BUNDOORA,0.0,0.53995484,-0.0019571716,0.0,0.0
2025-03-25 06:00:00,solar.bun_library#realenergyintotheload#kwh,BUNDOORA,0.0,0.73169655,-0.0019571716,0.0,0.0
2025-03-25 07:00:00,solar.bun_library#realenergyintotheload#kwh,BUNDOORA,0.0,2.7647269,-0.0029132236,0.0,0.0
2025-03-25 08:00:00,solar.bun_library#realenergyintotheload#kwh,BUNDOORA,0.0,3.9737878,5.492637,5.329904,21.0
2025-03-25 09:00:00,solar.bun_library#realenergyintotheload#kwh,BUNDOORA,0.0,3.2996294,34.65419,33.627472,111.0
2025-03-25 10:00:00,solar.bun_library#realenergyintotheload#kwh,BUNDOORA,0.0,-0.0016801227,78.06254,75.74974,225.0
2025-03-25 11:00:00,solar.bun_library#realenergyintotheload#kwh,BUNDOORA,0.0,80.11872,114.51808,111.1252,323.0
2025-03-25 12:00:00,solar.bun_library#realenergyintotheload#kwh,BUNDOORA,0.0,198.76764,241.89514,234.7284,707.0
2025-03-25 13:00:00,solar.bun_library#realenergyintotheload#kwh,BUNDOORA,0.0,187.31119,277.61697,269.39188,803.0
2025-03-25 14:00:00,solar.bun_library#realenergyintotheload#kwh,BUNDOORA,0.0,204.34863,272.55313,264.47806,816.0
2025-03-25 15:00:00,solar.bun_library#realenergyintotheload#kwh,BUNDOORA,0.0,186.58183,257.88486,250.24437,763.0
2025-03-25 16:00:00,solar.bun_library#realenergyintotheload#kwh,BUNDOORA,0.0,161.2662,228.44632,221.67802,650.0
2025-03-25 17:00:00,solar.bun_library#realenergyintotheload#kwh,BUNDOORA,0.0,177.33272,166.90427,161.9593,487.0
2025-03-25 18:00:00,solar.bun_library#realenergyintotheload#kwh,BUNDOORA,0.0,199.13138,96.21198,93.361465,291.0
2025-03-25 19:00:00,solar.bun_library#realenergyintotheload#kwh,BUNDOORA,0.0,120.47607,27.425915,26.613354,91.0
2025-03-25 20:00:00,solar.bun_library#realenergyintotheload#kwh,BUNDOORA,0.0,51.612274,0.001979134,0.0019204973,0.0
2025-03-25 21:00:00,solar.bun_library#realenergyintotheload#kwh,BUNDOORA,0.0,10.792337,0.0015712649,0.0015247123,0.0
2025-03-25 22:00:00,solar.bun_library#realenergyintotheload#kwh,BUNDOORA,0.0,0.6719775,-0.0026098099,0.0,0.0
2025-03-25 23:00:00,solar.bun_library#realenergyintotheload#kwh,BUNDOORA,0.0,-0.0151035115,0.021173328,0.020546015,0.0
2025-03-26 00:00:00,solar.bun_library#realenergyintotheload#kwh,BUNDOORA,0.0,0.74475056,0.008196463,0.007953622,0.0
2025-03-26 01:00:00,solar.bun_library#realenergyintotheload#kwh,BUNDOORA,0.0,0.10187311,-0.0012129783,0.0,0.0
2025-03-26 02:00:00,solar.bun_library#realenergyintotheload#kwh,BUNDOORA,0.0,0.2880153,-0.0012129783,0.0,0.0
2025-03-26 03:00:00,solar.bun_library#realenergyintotheload#kwh,BUNDOORA,0.0,0.43677795,0.00045245234,0.00043904732,0.0
2025-03-26 04:00:00,solar.bun_library#realenergyintotheload#kwh,BUNDOORA,0.0,2.6821551,0.00045245234,0.00043904732,0.0
2025-03-26 05:00:00,solar.bun_library#realenergyintotheload#kwh,BUNDOORA,0.0,0.45085344,0.008196463,0.007953622,0.0
2025-03-26 06:00:00,solar.bun_library#realenergyintotheload#kwh,BUNDOORA,0.0,0.856485,0.00045245234,0.00043904732,0.0
2025-03-26 07:00:00,solar.bun_library#realenergyintotheload#kwh,BUNDOORA,0.0,6.192478,0.00045245234,0.00043904732,0.0
2025-03-26 08:00:00,solar.bun_library#realenergyintotheload#kwh,BUNDOORA,0.0,5.4597793,2.6200728,2.5424466,13.0
2025-03-26 09:00:00,solar.bun_library#realenergyintotheload#kwh,BUNDOORA,0.0,9.107561,29.547747,28.672321,103.0
2025-03-26 10:00:00,solar.bun_library#realenergyintotheload#kwh,BUNDOORA,0.0,-3.3664472,68.35631,66.33108,201.0
2025-03-26 11:00:00,solar.bun_library#realenergyintotheload#kwh,BUNDOORA,0.0,26.485313,95.73654,92.90011,280.0
2025-03-26 12:00:00,solar.bun_library#realenergyintotheload#kwh,BUNDOORA,0.0,74.15376,126.99319,123.2307,371.0
2025-03-26 13:00:00,solar.bun_library#realenergyintotheload#kwh,BUNDOORA,0.0,86.30202,183.4513,178.01608,518.0
2025-03-26 14:00:00,solar.bun_library#realenergyintotheload#kwh,BUNDOORA,0.0,128.73598,222.11989,215.53903,635.0
2025-03-26 15:00:00,solar.bun_library#realenergyintotheload#kwh,BUNDOORA,0.0,167.1167,235.39494,228.42078,675.0
2025-03-26 16:00:00,solar.bun_library#realenergyintotheload#kwh,BUNDOORA,0.0,168.98128,228.39702,221.63019,636.0
2025-03-26 17:00:00,solar.bun_library#realenergyintotheload#kwh,BUNDOORA,22.375,167.89699,167.79173,162.82048,477.0
2025-03-26 18:00:00,solar.bun_library#realenergyintotheload#kwh,BUNDOORA,85.0,133.78137,97.945564,95.04368,284.0
2025-03-26 19:00:00,solar.bun_library#realenergyintotheload#kwh,BUNDOORA,20.625,121.816376,26.100534,25.32724,86.0
2025-03-26 20:00:00,solar.bun_library#realenergyintotheload#kwh,BUNDOORA,0.375,62.093845,0.017168768,0.0166601,0.0
2025-03-26 21:00:00,solar.bun_library#realenergyintotheload#kwh,BUNDOORA,0.0,5.8015823,0.0058202296,0.0056477906,0.0
2025-03-26 22:00:00,solar.bun_library#realenergyintotheload#kwh,BUNDOORA,0.0,1.0469695,0.017168768,0.0166601,0.0
2025-03-26 23:00:00,solar.bun_library#realenergyintotheload#kwh,BUNDOORA,0.0,2.0260503,0.017168768,0.0166601,0.0
2025-03-27 00:00:00,solar.bun_library#realenergyintotheload#kwh,BUNDOORA,0.0,0.775431,0.020838618,0.020221222,0.0
2025-03-27 01:00:00,solar.bun_library#realenergyintotheload#kwh,BUNDOORA,0.0,0.32303134,0.013593643,0.013190897,0.0
2025-03-27 02:00:00,solar.bun_library#realenergyintotheload#kwh,BUNDOORA,0.0,0.21755835,0.020838618,0.020221222,0.0
2025-03-27 03:00:00,solar.bun_library#realenergyintotheload#kwh,BUNDOORA,0.0,0.2935801,0.020838618,0.020221222,0.0
2025-03-27 04:00:00,solar.bun_library#realenergyintotheload#kwh,BUNDOORA,0.0,0.38743356,0.013593643,0.013190897,0.0
2025-03-27 05:00:00,solar.bun_library#realenergyintotheload#kwh,BUNDOORA,0.0,0.15065402,0.013593643,0.013190897,0.0
2025-03-27 06:00:00,solar.bun_library#realenergyintotheload#kwh,BUNDOORA,0.0,0.63767284,0.013593643,0.013190897,0.0
2025-03-27 07:00:00,solar.bun_library#realenergyintotheload#kwh,BUNDOORA,0.0,13.260724,0.013593643,0.013190897,0.0
2025-03-27 08:00:00,solar.bun_library#realenergyintotheload#kwh,BUNDOORA,0.875,32.54448,5.4877667,5.325178,22.0
2025-03-27 09:00:00,solar.bun_library#realenergyintotheload#kwh,BUNDOORA,20.75,30.496826,43.891613,42.591213,144.0
2025-03-27 10:00:00,solar.bun_library#realenergyintotheload#kwh,BUNDOORA,100.625,19.65286,137.95628,133.86899,386.0
2025-03-27 11:00:00,solar.bun_library#realenergyintotheload#kwh,BUNDOORA,192.875,45.984158,211.93126,205.65227,589.0
2025-03-27 12:00:00,solar.bun_library#realenergyintotheload#kwh,BUNDOORA,233.125,173.02808,249.4137,242.02419,722.0
2025-03-27 13:00:00,solar.bun_library#realenergyintotheload#kwh,BUNDOORA,257.875,235.2092,282.8339,274.45422,795.0
2025-03-27 14:00:00,solar.bun_library#realenergyintotheload#kwh,BUNDOORA,264.375,262.66858,276.6114,268.41608,804.0
2025-03-27 15:00:00,solar.bun_library#realenergyintotheload#kwh,BUNDOORA,252.625,241.7432,258.52606,250.86658,750.0
2025-03-27 16:00:00,solar.bun_library#realenergyintotheload#kwh,BUNDOORA,212.25,245.0859,231.7293,224.86374,636.0
2025-03-27 17:00:00,solar.bun_library#realenergyintotheload#kwh,BUNDOORA,155.25,221.84677,156.35025,151.71799,473.0
2025-03-27 18:00:00,solar.bun_library#realenergyintotheload#kwh,BUNDOORA,79.875,165.10205,88.41026,85.790886,277.0
2025-03-27 19:00:00,solar.bun_library#realenergyintotheload#kwh,BUNDOORA,19.25,141.14197,22.617922,21.94781,79.0
2025-03-27 20:00:00,solar.bun_library#realenergyintotheload#kwh,BUNDOORA,0.375,48.184803,0.03143936,0.03050789,0.0
2025-03-27 21:00:00,solar.bun_library#realenergyintotheload#kwh,BUNDOORA,0.0,15.053749,0.02009603,0.019500636,0.0
2025-03-27 22:00:00,solar.bun_library#realenergyintotheload#kwh,BUNDOORA,0.0,0.55584294,0.019753996,0.019168735,0.0
2025-03-27 23:00:00,solar.bun_library#realenergyintotheload#kwh,BUNDOORA,0.0,0.7945695,-0.0026098099,0.0,0.0
2025-03-28 00:00:00,solar.bun_library#realenergyintotheload#kwh,BUNDOORA,0.0,-0.087641925,-0.0017608516,0.0,0.0
2025-03-28 01:00:00,solar.bun_library#realenergyintotheload#kwh,BUNDOORA,0.0,-0.20357811,-0.0017608516,0.0,0.0
2025-03-28 02:00:00,solar.bun_library#realenergyintotheload#kwh,BUNDOORA,0.0,-0.15937982,0.021173328,0.020546015,0.0
2025-03-28 03:00:00,solar.bun_library#realenergyintotheload#kwh,BUNDOORA,0.0,-0.148452,0.020869914,0.02025159,0.0
2025-03-28 04:00:00,solar.bun_library#realenergyintotheload#kwh,BUNDOORA,0.0,-0.31234074,0.005661809,0.0054940637,0.0
2025-03-28 05:00:00,solar.bun_library#realenergyintotheload#kwh,BUNDOORA,0.0,-0.0012359712,-0.0029132236,0.0,0.0
2025-03-28 06:00:00,solar.bun_library#realenergyintotheload#kwh,BUNDOORA,0.0,0.37003034,0.0030352967,0.0029453684,0.0
2025-03-28 07:00:00,solar.bun_library#realenergyintotheload#kwh,BUNDOORA,0.0,5.5207143,0.020838618,0.020221222,0.0
2025-03-28 08:00:00,solar.bun_library#realenergyintotheload#kwh,BUNDOORA,1.75,3.2266884,5.24662,5.091176,21.0
2025-03-28 09:00:00,solar.bun_library#realenergyintotheload#kwh,BUNDOORA,39.5,17.118404,42.810383,41.54202,143.0
2025-03-28 10:00:00,solar.bun_library#realenergyintotheload#kwh,BUNDOORA,103.5,109.888626,134.94566,130.94756,394.0
2025-03-28 11:00:00,solar.bun_library#realenergyintotheload#kwh,BUNDOORA,151.375,163.64671,196.26532,190.45047,552.0
2025-03-28 12:00:00,solar.bun_library#realenergyintotheload#kwh,BUNDOORA,144.125,194.66939,193.64874,187.9114,551.0
2025-03-28 13:00:00,solar.bun_library#realenergyintotheload#kwh,BUNDOORA,175.125,229.71709,220.3226,213.795,632.0
2025-03-28 14:00:00,solar.bun_library#realenergyintotheload#kwh,BUNDOORA,195.375,261.6026,243.28407,236.07617,723.0
2025-03-28 15:00:00,solar.bun_library#realenergyintotheload#kwh,BUNDOORA,205.125,250.54819,244.78258,237.53029,731.0
2025-03-28 16:00:00,solar.bun_library#realenergyintotheload#kwh,BUNDOORA,0.0,237.63452,157.66055,152.98947,462.0
2025-03-28 17:00:00,solar.bun_library#realenergyintotheload#kwh,BUNDOORA,0.0,234.79745,99.90604,96.94607,302.0
2025-03-28 18:00:00,solar.bun_library#realenergyintotheload#kwh,BUNDOORA,0.0,122.96191,40.969154,39.75534,137.0
2025-03-28 19:00:00,solar.bun_library#realenergyintotheload#kwh,BUNDOORA,0.0,73.925705,10.302845,9.997598,35.0
2025-03-28 20:00:00,solar.bun_library#realenergyintotheload#kwh,BUNDOORA,0.0,35.65879,0.06887003,0.066829585,0.0
2025-03-28 21:00:00,solar.bun_library#realenergyintotheload#kwh,BUNDOORA,0.0,13.660408,0.06731827,0.06532379,0.0
2025-03-28 22:00:00,solar.bun_library#realenergyintotheload#kwh,BUNDOORA,0.0,7.0074925,-0.0032554376,0.0,0.0
2025-03-28 23:00:00,solar.bun_library#realenergyintotheload#kwh,BUNDOORA,0.0,3.8152127,0.033853013,0.032850035,0.0
2025-03-29 00:00:00,solar.bun_library#realenergyintotheload#kwh,BUNDOORA,0.0,-1.6727148,0.07531766,0.07308619,0.0
2025-03-29 01:00:00,solar.bun_library#realenergyintotheload#kwh,BUNDOORA,0.0,2.9824846,0.034800712,0.033769652,0.0
2025-03-29 02:00:00,solar.bun_library#realenergyintotheload#kwh,BUNDOORA,0.0,0.72336406,0.042709615,0.041444235,0.0
2025-03-29 03:00:00,solar.bun_library#realenergyintotheload#kwh,BUNDOORA,0.0,0.7449367,0.02337452,0.022681993,0.0
2025-03-29 04:00:00,solar.bun_library#realenergyintotheload#kwh,BUNDOORA,0.0,2.134877,0.02337452,0.022681993,0.0
2025-03-29 05:00:00,solar.bun_library#realenergyintotheload#kwh,BUNDOORA,0.0,0.8334456,0.024838597,0.024102692,0.0
2025-03-29 06:00:00,solar.bun_library#realenergyintotheload#kwh,BUNDOORA,0.0,0.77266085,-0.0066448413,0.0,0.0
2025-03-29 07:00:00,solar.bun_library#realenergyintotheload#kwh,BUNDOORA,0.0,7.7352185,-0.0025018263,0.0,0.0
2025-03-29 08:00:00,solar.bun_library#realenergyintotheload#kwh,BUNDOORA,0.0,5.1428943,1.3773197,1.3365132,7.0
2025-03-29 09:00:00,solar.bun_library#realenergyintotheload#kwh,BUNDOORA,0.0,9.9287615,23.60797,22.908524,82.0
2025-03-29 10:00:00,solar.bun_library#realenergyintotheload#kwh,BUNDOORA,0.0,11.736568,54.101315,52.49843,167.0
2025-03-29 11:00:00,solar.bun_library#realenergyintotheload#kwh,BUNDOORA,0.0,51.863472,43.396988,42.111244,131.0
2025-03-29 12:00:00,solar.bun_library#realenergyintotheload#kwh,BUNDOORA,0.0,122.03949,34.517345,33.494682,105.0
2025-03-29 13:00:00,solar.bun_library#realenergyintotheload#kwh,BUNDOORA,0.0,115.23501,57.83278,56.11934,172.0
2025-03-29 14:00:00,solar.bun_library#realenergyintotheload#kwh,BUNDOORA,0.0,107.301765,95.5692,92.737724,285.0
2025-03-29 15:00:00,solar.bun_library#realenergyintotheload#kwh,BUNDOORA,0.0,108.52557,60.71228,58.91353,188.0
2025-03-29 16:00:00,solar.bun_library#realenergyintotheload#kwh,BUNDOORA,0.0,142.37901,25.774654,25.011015,76.0
2025-03-29 17:00:00,solar.bun_library#realenergyintotheload#kwh,BUNDOORA,0.0,122.371025,64.967636,63.04281,195.0
2025-03-29 18:00:00,solar.bun_library#realenergyintotheload#kwh,BUNDOORA,0.0,49.796673,30.559708,29.6543,94.0
2025-03-29 19:00:00,solar.bun_library#realenergyintotheload#kwh,BUNDOORA,0.0,73.40603,10.354265,10.047494,36.0
2025-03-29 20:00:00,solar.bun_library#realenergyintotheload#kwh,BUNDOORA,0.0,22.291296,0.074995086,0.072773166,0.0
2025-03-29 21:00:00,solar.bun_library#realenergyintotheload#kwh,BUNDOORA,0.0,9.811388,0.057813153,0.056100294,0.0
2025-03-29 22:00:00,solar.bun_library#realenergyintotheload#kwh,BUNDOORA,0.0,3.876459,0.056147724,0.054484207,0.0
2025-03-29 23:00:00,solar.bun_library#realenergyintotheload#kwh,BUNDOORA,0.0,1.7700212,0.08406303,0.08157245,0.0
2025-03-30 00:00:00,solar.bun_library#realenergyintotheload#kwh,BUNDOORA,0.0,-1.0386391,0.06485319,0.06293175,0.0
2025-03-30 01:00:00,solar.bun_library#realenergyintotheload#kwh,BUNDOORA,0.0,0.83619475,0.027812328,0.026988318,0.0
2025-03-30 02:00:00,solar.bun_library#realenergyintotheload#kwh,BUNDOORA,0.0,0.3337219,0.08406303,0.08157245,0.0
2025-03-30 03:00:00,solar.bun_library#realenergyintotheload#kwh,BUNDOORA,0.0,-0.72079825,0.027812328,0.026988318,0.0
2025-03-30 04:00:00,solar.bun_library#realenergyintotheload#kwh,BUNDOORA,0.0,-1.3999203,0.07248127,0.07033383,0.0
2025-03-30 05:00:00,solar.bun_library#realenergyintotheload#kwh,BUNDOORA,0.0,-0.48897147,0.074995086,0.072773166,0.0
2025-03-30 06:00:00,solar.bun_library#realenergyintotheload#kwh,BUNDOORA,0.0,5.414874,-0.013570447,0.0,0.0
2025-03-30 07:00:00,solar.bun_library#realenergyintotheload#kwh,BUNDOORA,0.0,20.751427,0.013836655,0.013426709,0.0
2025-03-30 08:00:00,solar.bun_library#realenergyintotheload#kwh,BUNDOORA,0.0,76.85633,4.6987906,4.559577,17.0
2025-03-30 09:00:00,solar.bun_library#realenergyintotheload#kwh,BUNDOORA,0.0,70.38873,50.74908,49.245514,161.0
2025-03-30 10:00:00,solar.bun_library#realenergyintotheload#kwh,BUNDOORA,0.0,113.58831,114.70483,111.30641,332.0
2025-03-30 11:00:00,solar.bun_library#realenergyintotheload#kwh,BUNDOORA,0.0,190.89107,186.18398,180.66782,525.0
2025-03-30 12:00:00,solar.bun_library#realenergyintotheload#kwh,BUNDOORA,0.0,148.14842,157.32526,152.66411,457.0
2025-03-30 13:00:00,solar.bun_library#realenergyintotheload#kwh,BUNDOORA,0.0,114.18565,124.94926,121.24732,360.0
2025-03-30 14:00:00,solar.bun_library#realenergyintotheload#kwh,BUNDOORA,0.0,135.81735,157.02705,152.37474,457.0
2025-03-30 15:00:00,solar.bun_library#realenergyintotheload#kwh,BUNDOORA,0.0,125.63957,93.08997,90.33195,269.0
2025-03-30 16:00:00,solar.bun_library#realenergyintotheload#kwh,BUNDOORA,0.0,172.9643,140.11295,135.96175,398.0
2025-03-30 17:00:00,solar.bun_library#realenergyintotheload#kwh,BUNDOORA,0.0,151.9335,92.26149,89.528015,264.0
2025-03-30 18:00:00,solar.bun_library#realenergyintotheload#kwh,BUNDOORA,0.0,119.20895,50.81661,49.31104,164.0
2025-03-30 19:00:00,solar.bun_library#realenergyintotheload#kwh,BUNDOORA,0.0,85.37168,13.914333,13.502087,46.0
2025-03-30 20:00:00,solar.bun_library#realenergyintotheload#kwh,BUNDOORA,0.0,34.005993,0.035623733,0.03456829,0.0
2025-03-30 21:00:00,solar.bun_library#realenergyintotheload#kwh,BUNDOORA,0.0,9.977555,0.022663996,0.021992518,0.0
2025-03-30 22:00:00,solar.bun_library#realenergyintotheload#kwh,BUNDOORA,0.0,2.9850044,0.022663996,0.021992518,0.0
2025-03-30 23:00:00,solar.bun_library#realenergyintotheload#kwh,BUNDOORA,0.0,3.1439795,0.024159368,0.023443587,0.0
2025-03-31 00:00:00,solar.bun_library#realenergyintotheload#kwh,BUNDOORA,0.0,0.39075282,0.022663996,0.021992518,0.0
2025-03-31 01:00:00,solar.bun_library#realenergyintotheload#kwh,BUNDOORA,0.0,-0.24817899,-0.00071911537,0.0,0.0
2025-03-31 02:00:00,solar.bun_library#realenergyintotheload#kwh,BUNDOORA,0.0,-1.757133,0.11126737,0.1079708,0.0
2025-03-31 03:00:00,solar.bun_library#realenergyintotheload#kwh,BUNDOORA,0.0,1.3642912,-0.00071911537,0.0,0.0
2025-03-31 04:00:00,solar.bun_library#realenergyintotheload#kwh,BUNDOORA,0.0,-1.3837022,0.022663996,0.021992518,0.0
2025-03-31 05:00:00,solar.bun_library#realenergyintotheload#kwh,BUNDOORA,0.0,-0.68843055,0.023439907,0.02274544,0.0
2025-03-31 06:00:00,solar.bun_library#realenergyintotheload#kwh,BUNDOORA,0.0,3.125653,-0.010541745,0.0,0.0
2025-03-31 07:00:00,solar.bun_library#realenergyintotheload#kwh,BUNDOORA,0.0,19.218472,-0.010541745,0.0,0.0
2025-03-31 08:00:00,solar.bun_library#realenergyintotheload#kwh,BUNDOORA,0.0,68.42258,3.8402224,3.7264462,16.0
2025-03-31 09:00:00,solar.bun_library#realenergyintotheload#kwh,BUNDOORA,0.0,75.92101,58.507664,56.774227,188.0
2025-03-31 10:00:00,solar.bun_library#realenergyintotheload#kwh,BUNDOORA,0.0,180.01425,143.51755,139.26549,390.0
2025-03-31 11:00:00,solar.bun_library#realenergyintotheload#kwh,BUNDOORA,0.0,206.01215,207.71971,201.56549,569.0
2025-03-31 12:00:00,solar.bun_library#realenergyintotheload#kwh,BUNDOORA,0.0,180.47197,226.94124,220.21753,649.0
2025-03-31 13:00:00,solar.bun_library#realenergyintotheload#kwh,BUNDOORA,0.0,182.69557,193.17981,187.45638,548.0
2025-03-31 14:00:00,solar.bun_library#realenergyintotheload#kwh,BUNDOORA,0.0,245.37039,161.87941,157.08333,471.0
2025-03-31 15:00:00,solar.bun_library#realenergyintotheload#kwh,BUNDOORA,0.0,270.53036,200.08788,194.15977,557.0
2025-03-31 16:00:00,solar.bun_library#realenergyintotheload#kwh,BUNDOORA,0.0,241.1146,126.99011,123.227715,371.0
2025-03-31 17:00:00,solar.bun_library#realenergyintotheload#kwh,BUNDOORA,0.0,206.75282,132.89864,128.96118,375.0
2025-03-31 18:00:00,solar.bun_library#realenergyintotheload#kwh,BUNDOORA,0.0,131.3772,70.54865,68.45847,201.0
2025-03-31 19:00:00,solar.bun_library#realenergyintotheload#kwh,BUNDOORA,0.0,75.907776,9.527012,9.24475,32.0
2025-03-31 20:00:00,solar.bun_library#realenergyintotheload#kwh,BUNDOORA,0.0,19.69367,0.038343973,0.03720794,0.0
2025-03-31 21:00:00,solar.bun_library#realenergyintotheload#kwh,BUNDOORA,0.0,6.37671,0.036753435,0.03566452,0.0
2025-03-31 22:00:00,solar.bun_library#realenergyintotheload#kwh,BUNDOORA,0.0,-0.5883832,0.017168768,0.0166601,0.0
2025-03-31 23:00:00,solar.bun_library#realenergyintotheload#kwh,BUNDOORA,0.0,1.9084171,0.014373987,0.013948122,0.0
2025-04-01 00:00:00,solar.bun_library#realenergyintotheload#kwh,BUNDOORA,0.0,0.14628267,0.011332908,0.010997142,0.0
2025-04-01 01:00:00,solar.bun_library#realenergyintotheload#kwh,BUNDOORA,0.0,0.9132625,0.013836655,0.013426709,0.0
2025-04-01 02:00:00,solar.bun_library#realenergyintotheload#kwh,BUNDOORA,0.0,-1.8696245,0.011332908,0.010997142,0.0
2025-04-01 03:00:00,solar.bun_library#realenergyintotheload#kwh,BUNDOORA,0.0,-0.6158499,0.011332908,0.010997142,0.0
2025-04-01 04:00:00,solar.bun_library#realenergyintotheload#kwh,BUNDOORA,0.0,-0.9122209,0.013836655,0.013426709,0.0
2025-04-01 05:00:00,solar.bun_library#realenergyintotheload#kwh,BUNDOORA,0.0,0.57477707,0.011332908,0.010997142,0.0
2025-04-01 06:00:00,solar.bun_library#realenergyintotheload#kwh,BUNDOORA,0.0,0.97681564,0.011332908,0.010997142,0.0
2025-04-01 07:00:00,solar.bun_library#realenergyintotheload#kwh,BUNDOORA,0.0,2.8404648,0.011332908,0.010997142,0.0
2025-04-01 08:00:00,solar.bun_library#realenergyintotheload#kwh,BUNDOORA,0.0,5.2160287,4.705737,4.566318,18.0
2025-04-01 09:00:00,solar.bun_library#realenergyintotheload#kwh,BUNDOORA,0.0,1.5547458,62.3965,60.547848,195.0
2025-04-01 10:00:00,solar.bun_library#realenergyintotheload#kwh,BUNDOORA,0.0,17.160149,139.8788,135.73454,395.0
2025-04-01 11:00:00,solar.bun_library#realenergyintotheload#kwh,BUNDOORA,0.0,144.7323,207.06268,200.92793,572.0
2025-04-01 12:00:00,solar.bun_library#realenergyintotheload#kwh,BUNDOORA,0.0,254.81244,238.58363,231.515,704.0
2025-04-01 13:00:00,solar.bun_library#realenergyintotheload#kwh,BUNDOORA,0.0,286.38666,271.59402,263.54736,777.0
2025-04-01 14:00:00,solar.bun_library#realenergyintotheload#kwh,BUNDOORA,0.0,268.26767,271.73523,263.6844,786.0
2025-04-01 15:00:00,solar.bun_library#realenergyintotheload#kwh,BUNDOORA,0.0,265.66315,245.0152,237.75601,730.0
2025-04-01 16:00:00,solar.bun_library#realenergyintotheload#kwh,BUNDOORA,71.0,237.88179,158.9416,154.23256,463.0
2025-04-01 17:00:00,solar.bun_library#realenergyintotheload#kwh,BUNDOORA,0.0,230.04501,89.19235,86.549805,267.0
2025-04-01 18:00:00,solar.bun_library#realenergyintotheload#kwh,BUNDOORA,0.0,159.19595,72.89649,70.73675,214.0
2025-04-01 19:00:00,solar.bun_library#realenergyintotheload#kwh,BUNDOORA,0.0,110.88793,17.880344,17.350594,59.0
2025-04-01 20:00:00,solar.bun_library#realenergyintotheload#kwh,BUNDOORA,0.0,36.841923,-0.12545632,0.0,0.0
2025-04-01 21:00:00,solar.bun_library#realenergyintotheload#kwh,BUNDOORA,0.0,7.4243026,0.053857036,0.052261386,0.0
2025-04-01 22:00:00,solar.bun_library#realenergyintotheload#kwh,BUNDOORA,0.0,-0.11462468,0.02417073,0.023454612,0.0
2025-04-01 23:00:00,solar.bun_library#realenergyintotheload#kwh,BUNDOORA,0.0,0.684962,0.009162191,0.008890739,0.0
2025-04-02 00:00:00,solar.bun_library#realenergyintotheload#kwh,BUNDOORA,0.0,0.2983248,0.020869914,0.02025159,0.0
2025-04-02 01:00:00,solar.bun_library#realenergyintotheload#kwh,BUNDOORA,0.0,-0.041127205,0.020869914,0.02025159,0.0
2025-04-02 02:00:00,solar.bun_library#realenergyintotheload#kwh,BUNDOORA,0.0,-0.11801769,-0.0029132236,0.0,0.0
2025-04-02 03:00:00,solar.bun_library#realenergyintotheload#kwh,BUNDOORA,0.0,-0.21686506,-0.0029132236,0.0,0.0
2025-04-02 04:00:00,solar.bun_library#realenergyintotheload#kwh,BUNDOORA,0.0,-0.032921538,-0.0029132236,0.0,0.0
2025-04-02 05:00:00,solar.bun_library#realenergyintotheload#kwh,BUNDOORA,0.0,-0.4525731,-0.0029132236,0.0,0.0
2025-04-02 06:00:00,solar.bun_library#realenergyintotheload#kwh,BUNDOORA,0.0,-0.3069724,-0.0029132236,0.0,0.0
2025-04-02 07:00:00,solar.bun_library#realenergyintotheload#kwh,BUNDOORA,0.0,0.16545552,-0.0029132236,0.0,0.0
2025-04-02 08:00:00,solar.bun_library#realenergyintotheload#kwh,BUNDOORA,0.0,1.0434798,3.8573015,3.7430193,16.0
2025-04-02 09:00:00,solar.bun_library#realenergyintotheload#kwh,BUNDOORA,0.0,-0.66527575,69.305855,67.252495,188.0
2025-04-02 10:00:00,solar.bun_library#realenergyintotheload#kwh,BUNDOORA,0.0,7.30332,141.29195,137.10582,386.0
2025-04-02 11:00:00,solar.bun_library#realenergyintotheload#kwh,BUNDOORA,0.0,206.3018,209.36215,203.15927,565.0
2025-04-02 12:00:00,solar.bun_library#realenergyintotheload#kwh,BUNDOORA,0.0,202.41428,243.6409,236.42242,695.0
2025-04-02 13:00:00,solar.bun_library#realenergyintotheload#kwh,BUNDOORA,0.0,268.009,269.55008,261.564,766.0
2025-04-02 14:00:00,solar.bun_library#realenergyintotheload#kwh,BUNDOORA,0.0,263.01114,267.7327,259.80045,774.0
2025-04-02 15:00:00,solar.bun_library#realenergyintotheload#kwh,BUNDOORA,0.0,267.38968,241.83733,234.67229,715.0
2025-04-02 16:00:00,solar.bun_library#realenergyintotheload#kwh,BUNDOORA,0.0,249.48076,207.90984,201.74998,600.0
2025-04-02 17:00:00,solar.bun_library#realenergyintotheload#kwh,BUNDOORA,0.0,235.86975,151.94647,147.44467,438.0
2025-04-02 18:00:00,solar.bun_library#realenergyintotheload#kwh,BUNDOORA,0.0,162.45827,74.73719,72.52291,217.0
2025-04-02 19:00:00,solar.bun_library#realenergyintotheload#kwh,BUNDOORA,0.0,91.094986,11.402251,11.064431,40.0
2025-04-02 20:00:00,solar.bun_library#realenergyintotheload#kwh,BUNDOORA,0.0,25.787418,0.15360492,0.14905399,0.0
2025-04-02 21:00:00,solar.bun_library#realenergyintotheload#kwh,BUNDOORA,0.0,5.1574826,0.07927262,0.076923974,0.0
2025-04-02 22:00:00,solar.bun_library#realenergyintotheload#kwh,BUNDOORA,0.0,0.012129957,0.043537132,0.042247236,0.0
2025-04-02 23:00:00,solar.bun_library#realenergyintotheload#kwh,BUNDOORA,0.0,-0.5268095,0.035793122,0.034732662,0.0
2025-04-03 00:00:00,solar.bun_library#realenergyintotheload#kwh,BUNDOORA,0.0,1.1114588,0.043537132,0.042247236,0.0
2025-04-03 01:00:00,solar.bun_library#realenergyintotheload#kwh,BUNDOORA,0.0,-0.26609975,0.035793122,0.034732662,0.0
2025-04-03 02:00:00,solar.bun_library#realenergyintotheload#kwh,BUNDOORA,0.0,0.53355783,0.020869914,0.02025159,0.0
2025-04-03 03:00:00,solar.bun_library#realenergyintotheload#kwh,BUNDOORA,0.0,0.24839431,0.020869914,0.02025159,0.0
2025-04-03 04:00:00,solar.bun_library#realenergyintotheload#kwh,BUNDOORA,0.0,0.16914773,0.020869914,0.02025159,0.0
2025-04-03 05:00:00,solar.bun_library#realenergyintotheload#kwh,BUNDOORA,0.0,-0.14502127,0.005661809,0.0054940637,0.0
2025-04-03 06:00:00,solar.bun_library#realenergyintotheload#kwh,BUNDOORA,0.0,-0.045996606,0.005661809,0.0054940637,0.0
2025-04-03 07:00:00,solar.bun_library#realenergyintotheload#kwh,BUNDOORA,0.0,1.9627817,0.011460471,0.011120926,0.0
2025-04-03 08:00:00,solar.bun_library#realenergyintotheload#kwh,BUNDOORA,0.0,2.5877347,2.0206628,1.9607956,9.0
2025-04-03 09:00:00,solar.bun_library#realenergyintotheload#kwh,BUNDOORA,0.0,-2.1777992,30.14727,29.254082,94.0
2025-04-03 10:00:00,solar.bun_library#realenergyintotheload#kwh,BUNDOORA,0.0,-3.6825905,69.195984,67.14588,207.0
2025-04-03 11:00:00,solar.bun_library#realenergyintotheload#kwh,BUNDOORA,0.0,54.05846,152.76752,148.2414,403.0
2025-04-03 12:00:00,solar.bun_library#realenergyintotheload#kwh,BUNDOORA,0.0,156.35892,237.76419,230.71983,651.0
2025-04-03 13:00:00,solar.bun_library#realenergyintotheload#kwh,BUNDOORA,0.0,185.6498,238.72003,231.64735,677.0
2025-04-03 14:00:00,solar.bun_library#realenergyintotheload#kwh,BUNDOORA,0.0,248.71338,266.28198,258.3927,750.0
2025-04-03 15:00:00,solar.bun_library#realenergyintotheload#kwh,BUNDOORA,0.0,252.51213,239.56032,232.46274,706.0
2025-04-03 16:00:00,solar.bun_library#realenergyintotheload#kwh,BUNDOORA,0.0,199.63762,180.10522,174.76915,502.0
2025-04-03 17:00:00,solar.bun_library#realenergyintotheload#kwh,BUNDOORA,0.0,143.82315,128.39688,124.592804,363.0
2025-04-03 18:00:00,solar.bun_library#realenergyintotheload#kwh,BUNDOORA,0.0,103.64319,32.071953,31.12174,102.0
2025-04-03 19:00:00,solar.bun_library#realenergyintotheload#kwh,BUNDOORA,0.0,109.61282,6.264964,6.079349,23.0
2025-04-03 20:00:00,solar.bun_library#realenergyintotheload#kwh,BUNDOORA,0.0,22.883112,0.017168768,0.0166601,0.0
2025-04-03 21:00:00,solar.bun_library#realenergyintotheload#kwh,BUNDOORA,0.0,3.5402822,0.0065916814,0.0063963863,0.0
2025-04-03 22:00:00,solar.bun_library#realenergyintotheload#kwh,BUNDOORA,0.0,2.530848,0.0065916814,0.0063963863,0.0
2025-04-03 23:00:00,solar.bun_library#realenergyintotheload#kwh,BUNDOORA,0.0,4.4273133,0.014335692,0.013910961,0.0
2025-04-04 00:00:00,solar.bun_library#realenergyintotheload#kwh,BUNDOORA,0.0,1.337889,0.014335692,0.013910961,0.0
2025-04-04 01:00:00,solar.bun_library#realenergyintotheload#kwh,BUNDOORA,0.0,0.30998197,0.013836655,0.013426709,0.0
2025-04-04 02:00:00,solar.bun_library#realenergyintotheload#kwh,BUNDOORA,0.0,0.017094301,0.020838618,0.020221222,0.0
2025-04-04 03:00:00,solar.bun_library#realenergyintotheload#kwh,BUNDOORA,0.0,0.91830385,0.0056305127,0.0054636947,0.0
2025-04-04 04:00:00,solar.bun_library#realenergyintotheload#kwh,BUNDOORA,0.0,0.89558697,0.0030040005,0.0029149994,0.0
2025-04-04 05:00:00,solar.bun_library#realenergyintotheload#kwh,BUNDOORA,0.0,0.06304093,0.02417073,0.023454612,0.0
2025-04-04 06:00:00,solar.bun_library#realenergyintotheload#kwh,BUNDOORA,0.0,0.2541618,0.010168499,0.009867232,0.0
2025-04-04 07:00:00,solar.bun_library#realenergyintotheload#kwh,BUNDOORA,0.0,22.855265,0.008504973,0.008252991,0.0
2025-04-04 08:00:00,solar.bun_library#realenergyintotheload#kwh,BUNDOORA,0.0,39.61949,2.4932787,2.419409,10.0
2025-04-04 09:00:00,solar.bun_library#realenergyintotheload#kwh,BUNDOORA,0.0,36.560543,28.457727,27.614595,84.0
2025-04-04 10:00:00,solar.bun_library#realenergyintotheload#kwh,BUNDOORA,0.0,49.85549,69.91919,67.84766,199.0
2025-04-04 11:00:00,solar.bun_library#realenergyintotheload#kwh,BUNDOORA,0.0,72.58313,84.24381,81.74788,254.0
2025-04-04 12:00:00,solar.bun_library#realenergyintotheload#kwh,BUNDOORA,0.0,91.47183,84.162,81.668495,252.0
2025-04-04 13:00:00,solar.bun_library#realenergyintotheload#kwh,BUNDOORA,0.0,134.66765,52.13791,50.593193,158.0
2025-04-04 14:00:00,solar.bun_library#realenergyintotheload#kwh,BUNDOORA,0.0,145.71822,104.00857,100.927055,297.0
2025-04-04 15:00:00,solar.bun_library#realenergyintotheload#kwh,BUNDOORA,0.0,170.50948,126.37772,122.63347,363.0
2025-04-04 16:00:00,solar.bun_library#realenergyintotheload#kwh,BUNDOORA,0.0,129.51692,110.562325,107.28664,310.0
2025-04-04 17:00:00,solar.bun_library#realenergyintotheload#kwh,BUNDOORA,0.0,159.95717,83.78122,81.29899,237.0
2025-04-04 18:00:00,solar.bun_library#realenergyintotheload#kwh,BUNDOORA,0.0,139.32434,57.4981,55.794575,169.0
2025-04-04 19:00:00,solar.bun_library#realenergyintotheload#kwh,BUNDOORA,0.0,68.55728,7.0250406,6.8169065,26.0
2025-04-04 20:00:00,solar.bun_library#realenergyintotheload#kwh,BUNDOORA,0.0,19.23641,-0.029473461,0.0,0.0
2025-04-04 21:00:00,solar.bun_library#realenergyintotheload#kwh,BUNDOORA,0.0,4.4746876,0.05245181,0.050897796,0.0
2025-04-04 22:00:00,solar.bun_library#realenergyintotheload#kwh,BUNDOORA,0.0,1.2348859,0.057274498,0.0555776,0.0
2025-04-04 23:00:00,solar.bun_library#realenergyintotheload#kwh,BUNDOORA,0.0,-0.45145702,0.033116713,0.032135546,0.0
2025-04-05 00:00:00,solar.bun_library#realenergyintotheload#kwh,BUNDOORA,0.0,2.753551,-0.024426214,0.0,0.0
2025-04-05 01:00:00,solar.bun_library#realenergyintotheload#kwh,BUNDOORA,0.0,0.76543474,0.039602924,0.038429588,0.0
2025-04-05 02:00:00,solar.bun_library#realenergyintotheload#kwh,BUNDOORA,0.0,-0.32102084,0.0015105298,0.0014657766,0.0
2025-04-05 03:00:00,solar.bun_library#realenergyintotheload#kwh,BUNDOORA,0.0,0.78406,0.010920131,0.010596595,0.0
2025-04-05 04:00:00,solar.bun_library#realenergyintotheload#kwh,BUNDOORA,0.0,1.3742586,0.0065916814,0.0063963863,0.0
2025-04-05 05:00:00,solar.bun_library#realenergyintotheload#kwh,BUNDOORA,0.0,2.3508995,0.013184403,0.012793782,0.0
2025-04-05 06:00:00,solar.bun_library#realenergyintotheload#kwh,BUNDOORA,0.0,6.4866934,-0.013873861,0.0,0.0
2025-04-05 07:00:00,solar.bun_library#realenergyintotheload#kwh,BUNDOORA,0.0,15.088305,0.006911428,0.0067066597,0.0
2025-04-05 08:00:00,solar.bun_library#realenergyintotheload#kwh,BUNDOORA,0.0,13.320736,2.6162584,2.5387452,12.0
2025-04-05 09:00:00,solar.bun_library#realenergyintotheload#kwh,BUNDOORA,0.0,22.20755,68.221695,66.200455,180.0
2025-04-05 10:00:00,solar.bun_library#realenergyintotheload#kwh,BUNDOORA,0.0,129.73128,125.4745,121.757,326.0
2025-04-05 11:00:00,solar.bun_library#realenergyintotheload#kwh,BUNDOORA,0.0,136.63612,202.54253,196.5417,555.0
2025-04-05 12:00:00,solar.bun_library#realenergyintotheload#kwh,BUNDOORA,0.0,204.4195,216.44414,210.03143,595.0
2025-04-05 13:00:00,solar.bun_library#realenergyintotheload#kwh,BUNDOORA,0.0,174.66028,254.26485,246.73161,759.0
2025-04-05 14:00:00,solar.bun_library#realenergyintotheload#kwh,BUNDOORA,0.0,187.02031,265.06033,257.20724,769.0
2025-04-05 15:00:00,solar.bun_library#realenergyintotheload#kwh,BUNDOORA,0.0,246.69496,233.6168,226.69533,714.0
2025-04-05 16:00:00,solar.bun_library#realenergyintotheload#kwh,BUNDOORA,0.0,226.52121,214.02379,207.6828,599.0
2025-04-05 17:00:00,solar.bun_library#realenergyintotheload#kwh,BUNDOORA,0.0,183.99448,160.57257,155.8152,434.0
2025-04-05 18:00:00,solar.bun_library#realenergyintotheload#kwh,BUNDOORA,0.0,127.055145,88.55663,85.93292,239.0
2025-04-05 19:00:00,solar.bun_library#realenergyintotheload#kwh,BUNDOORA,0.0,69.69239,13.814326,13.405043,45.0
2025-04-05 20:00:00,solar.bun_library#realenergyintotheload#kwh,BUNDOORA,0.0,25.604868,0.010998945,0.010673073,0.0
2025-04-05 21:00:00,solar.bun_library#realenergyintotheload#kwh,BUNDOORA,0.0,8.633334,0.1030051,0.099953316,0.0
2025-04-05 22:00:00,solar.bun_library#realenergyintotheload#kwh,BUNDOORA,0.0,0.95970225,0.03578354,0.034723364,0.0
2025-04-05 23:00:00,solar.bun_library#realenergyintotheload#kwh,BUNDOORA,0.0,-0.2251166,-0.001923515,0.0,0.0
2025-04-06 00:00:00,solar.bun_library#realenergyintotheload#kwh,BUNDOORA,0.0,-0.2251166,-0.0020917845,0.0,0.0
2025-04-06 01:00:00,solar.bun_library#realenergyintotheload#kwh,BUNDOORA,0.0,0.14287141,0.013116319,0.012727715,0.0
2025-04-06 02:00:00,solar.bun_library#realenergyintotheload#kwh,BUNDOORA,0.0,1.0335451,0.016417138,0.01593074,0.0
2025-04-06 03:00:00,solar.bun_library#realenergyintotheload#kwh,BUNDOORA,0.0,0.22441551,-0.0011264447,0.0,0.0
2025-04-06 04:00:00,solar.bun_library#realenergyintotheload#kwh,BUNDOORA,0.0,1.0250126,0.016417138,0.01593074,0.0
2025-04-06 05:00:00,solar.bun_library#realenergyintotheload#kwh,BUNDOORA,0.0,2.4048336,0.016417138,0.01593074,0.0
2025-04-06 06:00:00,solar.bun_library#realenergyintotheload#kwh,BUNDOORA,0.0,23.185528,0.11012933,0.10686647,0.0
2025-04-06 07:00:00,solar.bun_library#realenergyintotheload#kwh,BUNDOORA,0.0,37.637497,1.3748637,1.3341299,7.0
2025-04-06 08:00:00,solar.bun_library#realenergyintotheload#kwh,BUNDOORA,0.0,44.907642,28.554379,27.708384,83.0
2025-04-06 09:00:00,solar.bun_library#realenergyintotheload#kwh,BUNDOORA,0.0,84.382904,66.79924,64.820145,192.0
2025-04-06 10:00:00,solar.bun_library#realenergyintotheload#kwh,BUNDOORA,0.0,124.00473,171.31833,166.2426,462.0
2025-04-06 11:00:00,solar.bun_library#realenergyintotheload#kwh,BUNDOORA,0.0,227.9107,240.07877,232.96584,655.0
2025-04-06 12:00:00,solar.bun_library#realenergyintotheload#kwh,BUNDOORA,0.0,226.07666,204.96687,198.89421,561.0
2025-04-06 13:00:00,solar.bun_library#realenergyintotheload#kwh,BUNDOORA,0.0,160.93393,127.573074,123.7934,370.0
2025-04-06 14:00:00,solar.bun_library#realenergyintotheload#kwh,BUNDOORA,0.0,184.30446,124.08268,120.40642,352.0
2025-04-06 15:00:00,solar.bun_library#realenergyintotheload#kwh,BUNDOORA,0.0,200.80795,104.09065,101.00671,305.0
2025-04-06 16:00:00,solar.bun_library#realenergyintotheload#kwh,BUNDOORA,0.0,223.3701,98.184395,95.27544,274.0
2025-04-06 17:00:00,solar.bun_library#realenergyintotheload#kwh,BUNDOORA,0.0,126.571915,35.374638,34.326576,106.0
2025-04-06 18:00:00,solar.bun_library#realenergyintotheload#kwh,BUNDOORA,0.0,98.1368,3.9459605,3.8290515,15.0
2025-04-06 19:00:00,solar.bun_library#realenergyintotheload#kwh,BUNDOORA,0.0,37.366615,0.031125985,0.0302038,0.0
2025-04-06 20:00:00,solar.bun_library#realenergyintotheload#kwh,BUNDOORA,0.0,2.9683182,0.013836655,0.013426709,0.0
2025-04-06 21:00:00,solar.bun_library#realenergyintotheload#kwh,BUNDOORA,0.0,0.513457,0.014335692,0.013910961,0.0
2025-04-06 22:00:00,solar.bun_library#realenergyintotheload#kwh,BUNDOORA,0.0,0.21425794,0.0065916814,0.0063963863,0.0
2025-04-06 23:00:00,solar.bun_library#realenergyintotheload#kwh,BUNDOORA,0.0,-0.030852675,0.013836655,0.013426709,0.0
2025-04-07 00:00:00,solar.bun_library#realenergyintotheload#kwh,BUNDOORA,0.0,-0.058142565,0.021337654,0.020705473,0.0
2025-04-07 01:00:00,solar.bun_library#realenergyintotheload#kwh,BUNDOORA,0.0,-0.078611694,0.013593643,0.013190897,0.0
2025-04-07 02:00:00,solar.bun_library#realenergyintotheload#kwh,BUNDOORA,0.0,-0.01155187,0.020838618,0.020221222,0.0
2025-04-07 03:00:00,solar.bun_library#realenergyintotheload#kwh,BUNDOORA,0.0,-0.047792308,0.021337654,0.020705473,0.0
2025-04-07 04:00:00,solar.bun_library#realenergyintotheload#kwh,BUNDOORA,0.0,0.14137816,0.021337654,0.020705473,0.0
2025-04-07 05:00:00,solar.bun_library#realenergyintotheload#kwh,BUNDOORA,0.0,0.39215952,0.020838618,0.020221222,0.0
2025-04-07 06:00:00,solar.bun_library#realenergyintotheload#kwh,BUNDOORA,0.0,16.243717,0.025666103,0.02490568,0.0
2025-04-07 07:00:00,solar.bun_library#realenergyintotheload#kwh,BUNDOORA,0.0,27.688171,1.3823805,1.341424,7.0
2025-04-07 08:00:00,solar.bun_library#realenergyintotheload#kwh,BUNDOORA,0.0,19.449986,32.53794,31.573923,96.0
2025-04-07 09:00:00,solar.bun_library#realenergyintotheload#kwh,BUNDOORA,0.0,14.22764,120.40754,116.840164,312.0
2025-04-07 10:00:00,solar.bun_library#realenergyintotheload#kwh,BUNDOORA,0.0,131.74289,126.25892,122.51818,344.0
2025-04-07 11:00:00,solar.bun_library#realenergyintotheload#kwh,BUNDOORA,59.25,138.79588,115.63462,112.20866,318.0
2025-04-07 12:00:00,solar.bun_library#realenergyintotheload#kwh,BUNDOORA,133.375,154.80019,121.04657,117.460266,343.0
2025-04-07 13:00:00,solar.bun_library#realenergyintotheload#kwh,BUNDOORA,56.0,138.35696,59.03696,57.28784,177.0
2025-04-07 14:00:00,solar.bun_library#realenergyintotheload#kwh,BUNDOORA,156.75,166.96965,163.26845,158.43121,464.0
2025-04-07 15:00:00,solar.bun_library#realenergyintotheload#kwh,BUNDOORA,56.25,128.7855,57.81735,56.104366,169.0
2025-04-07 16:00:00,solar.bun_library#realenergyintotheload#kwh,BUNDOORA,76.25,62.517925,94.662155,91.85755,266.0
2025-04-07 17:00:00,solar.bun_library#realenergyintotheload#kwh,BUNDOORA,45.25,58.95283,45.071873,43.736507,141.0
2025-04-07 18:00:00,solar.bun_library#realenergyintotheload#kwh,BUNDOORA,8.25,62.58518,6.929383,6.7240825,25.0
2025-04-07 19:00:00,solar.bun_library#realenergyintotheload#kwh,BUNDOORA,0.0,31.587246,0.024002578,0.023291443,0.0
2025-04-07 20:00:00,solar.bun_library#realenergyintotheload#kwh,BUNDOORA,0.0,1.7170283,0.035793122,0.034732662,0.0
2025-04-07 21:00:00,solar.bun_library#realenergyintotheload#kwh,BUNDOORA,0.0,-0.33568004,0.043537132,0.042247236,0.0
2025-04-07 22:00:00,solar.bun_library#realenergyintotheload#kwh,BUNDOORA,0.0,-0.42696777,0.043537132,0.042247236,0.0
2025-04-07 23:00:00,solar.bun_library#realenergyintotheload#kwh,BUNDOORA,0.0,-0.0666063,0.035793122,0.034732662,0.0
2025-04-08 00:00:00,solar.bun_library#realenergyintotheload#kwh,BUNDOORA,0.0,-0.5775144,0.035793122,0.034732662,0.0
2025-04-08 01:00:00,solar.bun_library#realenergyintotheload#kwh,BUNDOORA,0.0,-0.25343272,0.035793122,0.034732662,0.0
2025-04-08 02:00:00,solar.bun_library#realenergyintotheload#kwh,BUNDOORA,0.0,0.17839333,0.013125903,0.012737015,0.0
2025-04-08 03:00:00,solar.bun_library#realenergyintotheload#kwh,BUNDOORA,0.0,-0.08340707,0.011460471,0.011120926,0.0
2025-04-08 04:00:00,solar.bun_library#realenergyintotheload#kwh,BUNDOORA,0.0,-0.08748972,0.020869914,0.02025159,0.0
2025-04-08 05:00:00,solar.bun_library#realenergyintotheload#kwh,BUNDOORA,0.0,-0.2230445,0.005661809,0.0054940637,0.0
2025-04-08 06:00:00,solar.bun_library#realenergyintotheload#kwh,BUNDOORA,0.0,1.1484505,-0.0029132236,0.0,0.0
2025-04-08 07:00:00,solar.bun_library#realenergyintotheload#kwh,BUNDOORA,0.25,1.5083092,1.3670486,1.3265464,7.0
2025-04-08 08:00:00,solar.bun_library#realenergyintotheload#kwh,BUNDOORA,10.125,2.8166704,41.707954,40.47225,115.0
2025-04-08 09:00:00,solar.bun_library#realenergyintotheload#kwh,BUNDOORA,57.75,-2.8389637,100.70133,97.717804,266.0
2025-04-08 10:00:00,solar.bun_library#realenergyintotheload#kwh,BUNDOORA,87.625,61.63861,107.01729,103.846634,297.0
2025-04-08 11:00:00,solar.bun_library#realenergyintotheload#kwh,BUNDOORA,89.375,82.48034,95.83768,92.998245,272.0
2025-04-08 12:00:00,solar.bun_library#realenergyintotheload#kwh,BUNDOORA,93.125,128.63116,89.35868,86.711205,261.0
2025-04-08 13:00:00,solar.bun_library#realenergyintotheload#kwh,BUNDOORA,153.75,159.42372,181.14948,175.78247,513.0
2025-04-08 14:00:00,solar.bun_library#realenergyintotheload#kwh,BUNDOORA,139.625,191.58539,191.96689,186.27939,539.0
2025-04-08 15:00:00,solar.bun_library#realenergyintotheload#kwh,BUNDOORA,173.75,186.37341,203.78445,197.74683,559.0
2025-04-08 16:00:00,solar.bun_library#realenergyintotheload#kwh,BUNDOORA,118.125,201.30234,147.52649,143.15565,402.0
2025-04-08 17:00:00,solar.bun_library#realenergyintotheload#kwh,BUNDOORA,61.625,141.96545,78.53376,76.207,212.0
2025-04-08 18:00:00,solar.bun_library#realenergyintotheload#kwh,BUNDOORA,9.5,77.03816,9.001069,8.73439,32.0
2025-04-08 19:00:00,solar.bun_library#realenergyintotheload#kwh,BUNDOORA,0.0,16.695623,0.02417073,0.023454612,0.0
2025-04-08 20:00:00,solar.bun_library#realenergyintotheload#kwh,BUNDOORA,0.0,3.0924327,0.020869914,0.02025159,0.0
2025-04-08 21:00:00,solar.bun_library#realenergyintotheload#kwh,BUNDOORA,0.0,0.8403228,0.0058300784,0.005657348,0.0
2025-04-08 22:00:00,solar.bun_library#realenergyintotheload#kwh,BUNDOORA,0.0,-0.19486092,-0.0029132236,0.0,0.0
2025-04-08 23:00:00,solar.bun_library#realenergyintotheload#kwh,BUNDOORA,0.0,0.010460505,-0.0029132236,0.0,0.0
2025-04-09 00:00:00,solar.bun_library#realenergyintotheload#kwh,BUNDOORA,0.0,0.010460505,-0.0029132236,0.0,0.0
2025-04-09 01:00:00,solar.bun_library#realenergyintotheload#kwh,BUNDOORA,0.0,-0.4184373,-0.0029132236,0.0,0.0
2025-04-09 02:00:00,solar.bun_library#realenergyintotheload#kwh,BUNDOORA,0.0,-0.4184373,-0.0029132236,0.0,0.0
2025-04-09 03:00:00,solar.bun_library#realenergyintotheload#kwh,BUNDOORA,0.0,-0.4184373,-0.0029132236,0.0,0.0
2025-04-09 04:00:00,solar.bun_library#realenergyintotheload#kwh,BUNDOORA,0.0,-0.4184373,0.08617099,0.083617955,0.0
2025-04-09 05:00:00,solar.bun_library#realenergyintotheload#kwh,BUNDOORA,0.0,-0.3688802,-0.0029132236,0.0,0.0
2025-04-09 06:00:00,solar.bun_library#realenergyintotheload#kwh,BUNDOORA,0.0,0.5491244,-0.010666817,0.0,0.0
2025-04-09 07:00:00,solar.bun_library#realenergyintotheload#kwh,BUNDOORA,0.5,1.0016779,1.6867651,1.6367904,8.0
2025-04-09 08:00:00,solar.bun_library#realenergyintotheload#kwh,BUNDOORA,24.5,-0.9566851,58.23909,56.51361,164.0
2025-04-09 09:00:00,solar.bun_library#realenergyintotheload#kwh,BUNDOORA,88.875,3.2311788,138.01982,133.93063,359.0
2025-04-09 10:00:00,solar.bun_library#realenergyintotheload#kwh,BUNDOORA,164.625,127.616425,193.23312,187.5081,532.0
2025-04-09 11:00:00,solar.bun_library#realenergyintotheload#kwh,BUNDOORA,208.5,238.56291,237.37927,230.34631,660.0
2025-04-09 12:00:00,solar.bun_library#realenergyintotheload#kwh,BUNDOORA,237.875,250.02478,245.53783,238.26315,730.0
2025-04-09 13:00:00,solar.bun_library#realenergyintotheload#kwh,BUNDOORA,240.875,256.9932,242.46407,235.28046,734.0
2025-04-09 14:00:00,solar.bun_library#realenergyintotheload#kwh,BUNDOORA,227.125,260.9052,237.57521,230.53645,674.0
2025-04-09 15:00:00,solar.bun_library#realenergyintotheload#kwh,BUNDOORA,172.625,236.47987,201.3086,195.34433,558.0
2025-04-09 16:00:00,solar.bun_library#realenergyintotheload#kwh,BUNDOORA,115.125,181.53152,138.56642,134.46104,396.0
2025-04-09 17:00:00,solar.bun_library#realenergyintotheload#kwh,BUNDOORA,34.875,134.42664,27.759699,26.937248,83.0
2025-04-09 18:00:00,solar.bun_library#realenergyintotheload#kwh,BUNDOORA,9.0,64.73927,2.2147896,2.1491709,9.0
2025-04-09 19:00:00,solar.bun_library#realenergyintotheload#kwh,BUNDOORA,0.0,24.846159,0.04088984,0.039678376,0.0
2025-04-09 20:00:00,solar.bun_library#realenergyintotheload#kwh,BUNDOORA,0.0,-0.2061846,0.051061507,0.04954868,0.0
2025-04-09 21:00:00,solar.bun_library#realenergyintotheload#kwh,BUNDOORA,0.0,-0.5834275,0.022516161,0.021849064,0.0
2025-04-09 22:00:00,solar.bun_library#realenergyintotheload#kwh,BUNDOORA,0.0,-0.5834275,0.022516161,0.021849064,0.0
2025-04-09 23:00:00,solar.bun_library#realenergyintotheload#kwh,BUNDOORA,0.0,-0.26977628,0.03412769,0.03311657,0.0
2025-04-10 00:00:00,solar.bun_library#realenergyintotheload#kwh,BUNDOORA,0.0,-0.20169754,0.013125903,0.012737015,0.0
2025-04-10 01:00:00,solar.bun_library#realenergyintotheload#kwh,BUNDOORA,0.0,0.16572626,-0.00015105726,0.0,0.0
2025-04-10 02:00:00,solar.bun_library#realenergyintotheload#kwh,BUNDOORA,0.0,-0.20169754,0.013125903,0.012737015,0.0
2025-04-10 03:00:00,solar.bun_library#realenergyintotheload#kwh,BUNDOORA,0.0,-0.22726262,0.03412769,0.03311657,0.0
2025-04-10 04:00:00,solar.bun_library#realenergyintotheload#kwh,BUNDOORA,0.0,-0.3112383,0.016458016,0.015970405,0.0
2025-04-10 05:00:00,solar.bun_library#realenergyintotheload#kwh,BUNDOORA,0.0,0.6650092,0.016258568,0.015776867,0.0
2025-04-10 06:00:00,solar.bun_library#realenergyintotheload#kwh,BUNDOORA,0.0,17.215122,0.052193508,0.050647143,0.0
2025-04-10 07:00:00,solar.bun_library#realenergyintotheload#kwh,BUNDOORA,0.125,65.64538,0.34461907,0.33440885,3.0
2025-04-10 08:00:00,solar.bun_library#realenergyintotheload#kwh,BUNDOORA,14.625,76.32349,46.31795,44.945667,136.0
2025-04-10 09:00:00,solar.bun_library#realenergyintotheload#kwh,BUNDOORA,102.25,230.06648,118.07346,114.57524,332.0
2025-04-10 10:00:00,solar.bun_library#realenergyintotheload#kwh,BUNDOORA,169.875,257.9687,173.96391,168.8098,515.0
2025-04-10 11:00:00,solar.bun_library#realenergyintotheload#kwh,BUNDOORA,210.75,267.789,227.53807,220.79669,638.0
2025-04-10 12:00:00,solar.bun_library#realenergyintotheload#kwh,BUNDOORA,222.75,266.33896,232.97656,226.07405,705.0
2025-04-10 13:00:00,solar.bun_library#realenergyintotheload#kwh,BUNDOORA,0.0,277.11066,242.74304,235.55118,712.0
2025-04-10 14:00:00,solar.bun_library#realenergyintotheload#kwh,BUNDOORA,161.875,247.59143,233.20703,226.29768,658.0
2025-04-10 15:00:00,solar.bun_library#realenergyintotheload#kwh,BUNDOORA,180.5,249.81248,181.73834,176.35388,546.0
2025-04-10 16:00:00,solar.bun_library#realenergyintotheload#kwh,BUNDOORA,121.75,233.40181,137.73892,133.65807,388.0
2025-04-10 17:00:00,solar.bun_library#realenergyintotheload#kwh,BUNDOORA,45.25,168.57748,46.775536,45.389694,151.0
2025-04-10 18:00:00,solar.bun_library#realenergyintotheload#kwh,BUNDOORA,8.625,110.10726,6.042749,5.8637176,23.0
2025-04-10 19:00:00,solar.bun_library#realenergyintotheload#kwh,BUNDOORA,0.0,37.139244,-0.03039644,0.0,0.0
2025-04-10 20:00:00,solar.bun_library#realenergyintotheload#kwh,BUNDOORA,0.0,2.5157955,0.1832208,0.17779243,0.0
2025-04-10 21:00:00,solar.bun_library#realenergyintotheload#kwh,BUNDOORA,0.0,0.8374771,0.28237674,0.27401063,0.0
2025-04-10 22:00:00,solar.bun_library#realenergyintotheload#kwh,BUNDOORA,0.0,-2.3864062,0.070899576,0.068799,0.0
2025-04-10 23:00:00,solar.bun_library#realenergyintotheload#kwh,BUNDOORA,0.0,-5.3974366,0.080880135,0.07848386,0.0
2025-04-11 00:00:00,solar.bun_library#realenergyintotheload#kwh,BUNDOORA,0.0,-0.668253,0.15688021,0.15223224,0.0
2025-04-11 01:00:00,solar.bun_library#realenergyintotheload#kwh,BUNDOORA,0.0,3.1049957,0.12376332,0.12009653,0.0
2025-04-11 02:00:00,solar.bun_library#realenergyintotheload#kwh,BUNDOORA,0.0,4.5469956,0.18508063,0.17959715,0.0
2025-04-11 03:00:00,solar.bun_library#realenergyintotheload#kwh,BUNDOORA,0.0,1.8280354,0.1939354,0.18818957,0.0
2025-04-11 04:00:00,solar.bun_library#realenergyintotheload#kwh,BUNDOORA,0.0,1.1245346,0.07208248,0.069946855,0.0
2025-04-11 05:00:00,solar.bun_library#realenergyintotheload#kwh,BUNDOORA,0.0,-0.29921612,0.035793122,0.034732662,0.0
2025-04-11 06:00:00,solar.bun_library#realenergyintotheload#kwh,BUNDOORA,0.0,3.0699306,0.020869914,0.02025159,0.0
2025-04-11 07:00:00,solar.bun_library#realenergyintotheload#kwh,BUNDOORA,0.125,3.1150584,0.82819927,0.80366176,5.0
2025-04-11 08:00:00,solar.bun_library#realenergyintotheload#kwh,BUNDOORA,18.125,-0.45971614,35.713257,34.655163,121.0
2025-04-11 09:00:00,solar.bun_library#realenergyintotheload#kwh,BUNDOORA,62.625,13.45971,88.89709,86.26329,257.0
2025-04-11 10:00:00,solar.bun_library#realenergyintotheload#kwh,BUNDOORA,85.75,44.42989,101.99959,98.97759,293.0
2025-04-11 11:00:00,solar.bun_library#realenergyintotheload#kwh,BUNDOORA,153.125,79.0056,169.46255,164.4418,475.0
2025-04-11 12:00:00,solar.bun_library#realenergyintotheload#kwh,BUNDOORA,178.25,112.74828,192.0159,186.32695,556.0
2025-04-11 13:00:00,solar.bun_library#realenergyintotheload#kwh,BUNDOORA,159.25,153.16716,175.22107,170.02971,496.0
2025-04-11 14:00:00,solar.bun_library#realenergyintotheload#kwh,BUNDOORA,184.25,154.07616,228.55515,221.78363,643.0
2025-04-11 15:00:00,solar.bun_library#realenergyintotheload#kwh,BUNDOORA,180.0,177.78181,187.72325,182.16148,531.0
2025-04-11 16:00:00,solar.bun_library#realenergyintotheload#kwh,BUNDOORA,120.375,165.35287,128.89934,125.080376,374.0
2025-04-11 17:00:00,solar.bun_library#realenergyintotheload#kwh,BUNDOORA,47.875,114.84645,59.457016,57.695454,192.0
2025-04-11 18:00:00,solar.bun_library#realenergyintotheload#kwh,BUNDOORA,7.0,78.484924,5.4506383,5.2891493,21.0
2025-04-11 19:00:00,solar.bun_library#realenergyintotheload#kwh,BUNDOORA,0.0,40.357185,-0.002217643,0.0,0.0
2025-04-11 20:00:00,solar.bun_library#realenergyintotheload#kwh,BUNDOORA,0.0,1.6642771,0.008962626,0.008697085,0.0
2025-04-11 21:00:00,solar.bun_library#realenergyintotheload#kwh,BUNDOORA,0.0,0.6861831,0.020869914,0.02025159,0.0
2025-04-11 22:00:00,solar.bun_library#realenergyintotheload#kwh,BUNDOORA,0.0,0.68839246,-0.0029132236,0.0,0.0
2025-04-11 23:00:00,solar.bun_library#realenergyintotheload#kwh,BUNDOORA,0.0,0.7947941,-0.0029132236,0.0,0.0
2025-04-12 00:00:00,solar.bun_library#realenergyintotheload#kwh,BUNDOORA,0.0,-0.28094807,-0.0029132236,0.0,0.0
2025-04-12 01:00:00,solar.bun_library#realenergyintotheload#kwh,BUNDOORA,0.0,0.03289985,-0.0029132236,0.0,0.0
2025-04-12 02:00:00,solar.bun_library#realenergyintotheload#kwh,BUNDOORA,0.0,-0.28094807,-0.0029132236,0.0,0.0
2025-04-12 03:00:00,solar.bun_library#realenergyintotheload#kwh,BUNDOORA,0.0,-0.28094807,-0.0029132236,0.0,0.0
2025-04-12 04:00:00,solar.bun_library#realenergyintotheload#kwh,BUNDOORA,0.0,-0.28094807,-0.0029132236,0.0,0.0
2025-04-12 05:00:00,solar.bun_library#realenergyintotheload#kwh,BUNDOORA,0.0,-0.23300172,-0.0029132236,0.0,0.0
2025-04-12 06:00:00,solar.bun_library#realenergyintotheload#kwh,BUNDOORA,0.0,0.5538139,-0.0029132236,0.0,0.0
2025-04-12 07:00:00,solar.bun_library#realenergyintotheload#kwh,BUNDOORA,0.25,-0.7220711,0.8044161,0.78058326,5.0
2025-04-12 08:00:00,solar.bun_library#realenergyintotheload#kwh,BUNDOORA,22.0,0.24694371,44.22681,42.91648,150.0
2025-04-12 09:00:00,solar.bun_library#realenergyintotheload#kwh,BUNDOORA,86.875,2.1758685,125.36184,121.64768,339.0
2025-04-12 10:00:00,solar.bun_library#realenergyintotheload#kwh,BUNDOORA,156.25,153.25201,181.64397,176.26231,508.0
2025-04-12 11:00:00,solar.bun_library#realenergyintotheload#kwh,BUNDOORA,203.25,281.7461,222.26836,215.6831,634.0
2025-04-12 12:00:00,solar.bun_library#realenergyintotheload#kwh,BUNDOORA,228.0,292.5385,239.34569,232.25447,703.0
2025-04-12 13:00:00,solar.bun_library#realenergyintotheload#kwh,BUNDOORA,233.25,299.76877,243.21286,236.00706,709.0
2025-04-12 14:00:00,solar.bun_library#realenergyintotheload#kwh,BUNDOORA,215.75,300.54477,228.00021,221.24513,650.0
2025-04-12 15:00:00,solar.bun_library#realenergyintotheload#kwh,BUNDOORA,164.5,273.96756,181.68173,176.29895,534.0
2025-04-12 16:00:00,solar.bun_library#realenergyintotheload#kwh,BUNDOORA,106.625,237.52876,113.49129,110.12882,346.0
2025-04-12 17:00:00,solar.bun_library#realenergyintotheload#kwh,BUNDOORA,45.0,181.52145,58.173325,56.449795,187.0
2025-04-12 18:00:00,solar.bun_library#realenergyintotheload#kwh,BUNDOORA,7.625,105.964325,3.7389057,3.6281312,15.0
2025-04-12 19:00:00,solar.bun_library#realenergyintotheload#kwh,BUNDOORA,0.0,26.685875,0.020616762,0.02000594,0.0
2025-04-12 20:00:00,solar.bun_library#realenergyintotheload#kwh,BUNDOORA,0.0,-1.8498272,0.035907034,0.0348432,0.0
2025-04-12 21:00:00,solar.bun_library#realenergyintotheload#kwh,BUNDOORA,0.0,-2.5201662,0.09654316,0.09368283,0.0
2025-04-12 22:00:00,solar.bun_library#realenergyintotheload#kwh,BUNDOORA,0.0,2.9917886,0.13963857,0.13550143,0.0
2025-04-12 23:00:00,solar.bun_library#realenergyintotheload#kwh,BUNDOORA,0.0,1.2683147,0.15770957,0.15303703,0.0
2025-04-13 00:00:00,solar.bun_library#realenergyintotheload#kwh,BUNDOORA,0.0,5.510809,0.032128103,0.031176228,0.0
2025-04-13 01:00:00,solar.bun_library#realenergyintotheload#kwh,BUNDOORA,0.0,3.9478362,0.035285346,0.03423993,0.0
2025-04-13 02:00:00,solar.bun_library#realenergyintotheload#kwh,BUNDOORA,0.0,3.9840298,0.035285346,0.03423993,0.0
2025-04-13 03:00:00,solar.bun_library#realenergyintotheload#kwh,BUNDOORA,0.0,6.8252883,0.0753688,0.07313581,0.0
2025-04-13 04:00:00,solar.bun_library#realenergyintotheload#kwh,BUNDOORA,0.0,5.6399026,0.091629185,0.08891444,0.0
2025-04-13 05:00:00,solar.bun_library#realenergyintotheload#kwh,BUNDOORA,0.0,3.716355,0.12854291,0.124734506,0.0
2025-04-13 06:00:00,solar.bun_library#realenergyintotheload#kwh,BUNDOORA,0.0,15.5406885,0.08554721,0.083012655,0.0
2025-04-13 07:00:00,solar.bun_library#realenergyintotheload#kwh,BUNDOORA,0.0,104.58376,0.35375986,0.34327883,3.0
2025-04-13 08:00:00,solar.bun_library#realenergyintotheload#kwh,BUNDOORA,18.5,174.95169,43.15792,41.87926,148.0
2025-04-13 09:00:00,solar.bun_library#realenergyintotheload#kwh,BUNDOORA,81.25,168.99968,92.98044,90.22566,272.0
2025-04-13 10:00:00,solar.bun_library#realenergyintotheload#kwh,BUNDOORA,149.0,189.23901,170.47899,165.42812,501.0
2025-04-13 11:00:00,solar.bun_library#realenergyintotheload#kwh,BUNDOORA,202.375,231.6469,211.42375,205.15979,623.0
2025-04-13 12:00:00,solar.bun_library#realenergyintotheload#kwh,BUNDOORA,226.0,228.36221,233.50824,226.58998,690.0
2025-04-13 13:00:00,solar.bun_library#realenergyintotheload#kwh,BUNDOORA,230.125,260.31622,234.26166,227.32108,695.0
2025-04-13 14:00:00,solar.bun_library#realenergyintotheload#kwh,BUNDOORA,209.375,267.2231,224.30112,217.65564,637.0
2025-04-13 15:00:00,solar.bun_library#realenergyintotheload#kwh,BUNDOORA,150.5,255.8268,171.54565,166.46318,522.0
2025-04-13 16:00:00,solar.bun_library#realenergyintotheload#kwh,BUNDOORA,90.375,215.9396,92.02592,89.299416,270.0
2025-04-13 17:00:00,solar.bun_library#realenergyintotheload#kwh,BUNDOORA,33.125,163.43117,30.223354,29.327911,97.0
2025-04-13 18:00:00,solar.bun_library#realenergyintotheload#kwh,BUNDOORA,9.5,123.60752,1.6839564,1.6340649,8.0
2025-04-13 19:00:00,solar.bun_library#realenergyintotheload#kwh,BUNDOORA,0.0,33.071606,-0.2531305,0.0,0.0
2025-04-13 20:00:00,solar.bun_library#realenergyintotheload#kwh,BUNDOORA,0.0,-0.7335214,0.07436489,0.072161645,0.0
2025-04-13 21:00:00,solar.bun_library#realenergyintotheload#kwh,BUNDOORA,0.0,0.78275955,-0.08563496,0.0,0.0
2025-04-13 22:00:00,solar.bun_library#realenergyintotheload#kwh,BUNDOORA,0.0,2.4483948,-0.0040236255,0.0,0.0
2025-04-13 23:00:00,solar.bun_library#realenergyintotheload#kwh,BUNDOORA,0.0,-0.5150011,-0.036480997,0.0,0.0
2025-04-14 00:00:00,solar.bun_library#realenergyintotheload#kwh,BUNDOORA,0.0,-0.14901806,0.029164657,0.028300581,0.0
2025-04-14 01:00:00,solar.bun_library#realenergyintotheload#kwh,BUNDOORA,0.0,-0.7273524,0.036397316,0.035318956,0.0
2025-04-14 02:00:00,solar.bun_library#realenergyintotheload#kwh,BUNDOORA,0.0,0.7645556,-0.0128245065,0.0,0.0
2025-04-14 03:00:00,solar.bun_library#realenergyintotheload#kwh,BUNDOORA,0.0,0.20072046,-0.0128245065,0.0,0.0
2025-04-14 04:00:00,solar.bun_library#realenergyintotheload#kwh,BUNDOORA,0.0,0.10187311,0.028154649,0.027320497,0.0
2025-04-14 05:00:00,solar.bun_library#realenergyintotheload#kwh,BUNDOORA,0.0,1.5870141,0.019700367,0.019116694,0.0
2025-04-14 06:00:00,solar.bun_library#realenergyintotheload#kwh,BUNDOORA,0.0,3.0842915,0.019700367,0.019116694,0.0
2025-04-14 07:00:00,solar.bun_library#realenergyintotheload#kwh,BUNDOORA,0.0,9.859384,0.03597768,0.03491175,1.0
2025-04-14 08:00:00,solar.bun_library#realenergyintotheload#kwh,BUNDOORA,2.375,15.166898,10.765884,10.4469185,35.0
2025-04-14 09:00:00,solar.bun_library#realenergyintotheload#kwh,BUNDOORA,17.625,10.139646,48.28581,46.85522,146.0
2025-04-14 10:00:00,solar.bun_library#realenergyintotheload#kwh,BUNDOORA,55.5,28.566677,82.00095,79.57147,243.0
2025-04-14 11:00:00,solar.bun_library#realenergyintotheload#kwh,BUNDOORA,103.125,101.67395,130.19656,126.339165,367.0
2025-04-14 12:00:00,solar.bun_library#realenergyintotheload#kwh,BUNDOORA,135.375,168.0129,221.88148,215.3077,630.0
2025-04-14 13:00:00,solar.bun_library#realenergyintotheload#kwh,BUNDOORA,156.625,130.71642,216.36072,209.95049,605.0
2025-04-14 14:00:00,solar.bun_library#realenergyintotheload#kwh,BUNDOORA,160.875,173.98122,219.16322,212.66997,615.0
2025-04-14 15:00:00,solar.bun_library#realenergyintotheload#kwh,BUNDOORA,146.875,204.10774,179.35565,174.0418,511.0
2025-04-14 16:00:00,solar.bun_library#realenergyintotheload#kwh,BUNDOORA,101.75,194.18858,122.217224,118.59623,355.0
2025-04-14 17:00:00,solar.bun_library#realenergyintotheload#kwh,BUNDOORA,46.75,96.61457,56.121094,54.458366,173.0
2025-04-14 18:00:00,solar.bun_library#realenergyintotheload#kwh,BUNDOORA,6.125,63.642273,2.4879248,2.414214,11.0
2025-04-14 19:00:00,solar.bun_library#realenergyintotheload#kwh,BUNDOORA,0.0,21.904444,-0.007686278,0.0,0.0
2025-04-14 20:00:00,solar.bun_library#realenergyintotheload#kwh,BUNDOORA,0.0,1.3627611,0.0115285795,0.011187017,0.0
2025-04-14 21:00:00,solar.bun_library#realenergyintotheload#kwh,BUNDOORA,0.0,-0.24790913,0.013429317,0.01303144,0.0
2025-04-14 22:00:00,solar.bun_library#realenergyintotheload#kwh,BUNDOORA,0.0,-0.029818086,0.013429317,0.01303144,0.0
2025-04-14 23:00:00,solar.bun_library#realenergyintotheload#kwh,BUNDOORA,0.0,-0.048300058,0.020869914,0.02025159,0.0
2025-04-15 00:00:00,solar.bun_library#realenergyintotheload#kwh,BUNDOORA,0.0,0.0020266678,0.013125903,0.012737015,0.0
2025-04-15 01:00:00,solar.bun_library#realenergyintotheload#kwh,BUNDOORA,0.0,-0.1625275,0.013125903,0.012737015,0.0
2025-04-15 02:00:00,solar.bun_library#realenergyintotheload#kwh,BUNDOORA,0.0,-0.54327255,-0.0029132236,0.0,0.0
2025-04-15 03:00:00,solar.bun_library#realenergyintotheload#kwh,BUNDOORA,0.0,-0.54327255,-0.0029132236,0.0,0.0
2025-04-15 04:00:00,solar.bun_library#realenergyintotheload#kwh,BUNDOORA,0.0,-0.3150839,-0.0029132236,0.0,0.0
2025-04-15 05:00:00,solar.bun_library#realenergyintotheload#kwh,BUNDOORA,0.0,-0.0126216225,0.020869914,0.02025159,0.0
2025-04-15 06:00:00,solar.bun_library#realenergyintotheload#kwh,BUNDOORA,0.0,1.2730764,0.020869914,0.02025159,0.0
2025-04-15 07:00:00,solar.bun_library#realenergyintotheload#kwh,BUNDOORA,0.0,2.336254,0.026989214,0.026189592,1.0
2025-04-15 08:00:00,solar.bun_library#realenergyintotheload#kwh,BUNDOORA,11.5,-2.9796662,22.507933,21.84108,72.0
2025-04-15 09:00:00,solar.bun_library#realenergyintotheload#kwh,BUNDOORA,49.875,-1.7786069,64.22414,62.321335,192.0
2025-04-15 10:00:00,solar.bun_library#realenergyintotheload#kwh,BUNDOORA,105.25,-2.6132271,181.87488,176.48637,495.0
2025-04-15 11:00:00,solar.bun_library#realenergyintotheload#kwh,BUNDOORA,199.5,163.06607,218.69505,212.21567,618.0
2025-04-15 12:00:00,solar.bun_library#realenergyintotheload#kwh,BUNDOORA,210.25,214.23444,236.56,229.55132,685.0
2025-04-15 13:00:00,solar.bun_library#realenergyintotheload#kwh,BUNDOORA,228.75,247.84253,241.29492,234.14595,689.0
2025-04-15 14:00:00,solar.bun_library#realenergyintotheload#kwh,BUNDOORA,215.125,276.64157,226.99297,220.26773,632.0
2025-04-15 15:00:00,solar.bun_library#realenergyintotheload#kwh,BUNDOORA,168.375,272.4128,179.48271,174.16508,518.0
2025-04-15 16:00:00,solar.bun_library#realenergyintotheload#kwh,BUNDOORA,111.375,207.63577,123.08791,119.441124,359.0
2025-04-15 17:00:00,solar.bun_library#realenergyintotheload#kwh,BUNDOORA,40.875,185.03648,55.297035,53.658722,174.0
2025-04-15 18:00:00,solar.bun_library#realenergyintotheload#kwh,BUNDOORA,3.25,80.08722,1.6657866,1.6164335,8.0
2025-04-15 19:00:00,solar.bun_library#realenergyintotheload#kwh,BUNDOORA,0.0,22.198755,0.075388096,0.07315454,0.0
2025-04-15 20:00:00,solar.bun_library#realenergyintotheload#kwh,BUNDOORA,0.0,2.1810794,-0.004225716,0.0,0.0
2025-04-15 21:00:00,solar.bun_library#realenergyintotheload#kwh,BUNDOORA,0.0,0.016730815,0.035793122,0.034732662,0.0
2025-04-15 22:00:00,solar.bun_library#realenergyintotheload#kwh,BUNDOORA,0.0,0.44839084,0.011460471,0.011120926,0.0
2025-04-15 23:00:00,solar.bun_library#realenergyintotheload#kwh,BUNDOORA,0.0,0.4008534,0.011460471,0.011120926,0.0
2025-04-16 00:00:00,solar.bun_library#realenergyintotheload#kwh,BUNDOORA,0.0,-0.02977042,-0.00015105726,0.0,0.0
2025-04-16 01:00:00,solar.bun_library#realenergyintotheload#kwh,BUNDOORA,0.0,-0.16608775,0.011460471,0.011120926,0.0
2025-04-16 02:00:00,solar.bun_library#realenergyintotheload#kwh,BUNDOORA,0.0,0.6969765,0.003181057,0.0030868102,0.0
2025-04-16 03:00:00,solar.bun_library#realenergyintotheload#kwh,BUNDOORA,0.0,-0.17076841,0.014792585,0.014354317,0.0
2025-04-16 04:00:00,solar.bun_library#realenergyintotheload#kwh,BUNDOORA,0.0,-0.13116838,0.0046451343,0.0045075105,0.0
2025-04-16 05:00:00,solar.bun_library#realenergyintotheload#kwh,BUNDOORA,0.0,0.25061658,0.0046451343,0.0045075105,0.0
2025-04-16 06:00:00,solar.bun_library#realenergyintotheload#kwh,BUNDOORA,0.0,14.523926,0.017922092,0.017391106,0.0
2025-04-16 07:00:00,solar.bun_library#realenergyintotheload#kwh,BUNDOORA,0.0,53.35142,0.09643625,0.09357908,2.0
2025-04-16 08:00:00,solar.bun_library#realenergyintotheload#kwh,BUNDOORA,15.625,153.07222,35.549908,34.496655,135.0
2025-04-16 09:00:00,solar.bun_library#realenergyintotheload#kwh,BUNDOORA,67.625,143.38469,59.53993,57.77591,183.0
2025-04-16 10:00:00,solar.bun_library#realenergyintotheload#kwh,BUNDOORA,76.625,210.88606,150.20676,145.7565,409.0
2025-04-16 11:00:00,solar.bun_library#realenergyintotheload#kwh,BUNDOORA,110.875,164.33844,102.55042,99.51211,301.0
2025-04-16 12:00:00,solar.bun_library#realenergyintotheload#kwh,BUNDOORA,113.375,174.92738,75.80856,73.562546,226.0
2025-04-16 13:00:00,solar.bun_library#realenergyintotheload#kwh,BUNDOORA,161.125,259.3653,217.95511,211.49765,629.0
2025-04-16 14:00:00,solar.bun_library#realenergyintotheload#kwh,BUNDOORA,215.375,261.2839,216.9449,210.51736,606.0
2025-04-16 15:00:00,solar.bun_library#realenergyintotheload#kwh,BUNDOORA,168.5,251.74944,173.81978,168.66994,495.0
2025-04-16 16:00:00,solar.bun_library#realenergyintotheload#kwh,BUNDOORA,84.0,184.49037,103.15792,100.10161,298.0
2025-04-16 17:00:00,solar.bun_library#realenergyintotheload#kwh,BUNDOORA,37.0,156.82182,51.109528,49.59528,150.0
2025-04-16 18:00:00,solar.bun_library#realenergyintotheload#kwh,BUNDOORA,4.25,86.395454,1.5828344,1.535939,7.0
2025-04-16 19:00:00,solar.bun_library#realenergyintotheload#kwh,BUNDOORA,0.0,27.404064,0.085637316,0.083100095,0.0
2025-04-16 20:00:00,solar.bun_library#realenergyintotheload#kwh,BUNDOORA,0.0,-0.064659305,0.021420646,0.020786006,0.0
2025-04-16 21:00:00,solar.bun_library#realenergyintotheload#kwh,BUNDOORA,0.0,1.0848529,0.043679718,0.042385597,0.0
2025-04-16 22:00:00,solar.bun_library#realenergyintotheload#kwh,BUNDOORA,0.0,0.53092635,0.043537132,0.042247236,0.0
2025-04-16 23:00:00,solar.bun_library#realenergyintotheload#kwh,BUNDOORA,0.0,0.046601355,0.116418846,0.112969644,0.0
2025-04-17 00:00:00,solar.bun_library#realenergyintotheload#kwh,BUNDOORA,0.0,1.1576508,0.024202026,0.02348498,0.0
2025-04-17 01:00:00,solar.bun_library#realenergyintotheload#kwh,BUNDOORA,0.0,1.4355719,0.043537132,0.042247236,0.0
2025-04-17 02:00:00,solar.bun_library#realenergyintotheload#kwh,BUNDOORA,0.0,0.16534755,0.020869914,0.02025159,0.0
2025-04-17 03:00:00,solar.bun_library#realenergyintotheload#kwh,BUNDOORA,0.0,0.46005064,0.020869914,0.02025159,0.0
2025-04-17 04:00:00,solar.bun_library#realenergyintotheload#kwh,BUNDOORA,0.0,1.345422,-0.0029132236,0.0,0.0
2025-04-17 05:00:00,solar.bun_library#realenergyintotheload#kwh,BUNDOORA,0.0,0.7947941,-0.0029132236,0.0,0.0
2025-04-17 06:00:00,solar.bun_library#realenergyintotheload#kwh,BUNDOORA,0.0,0.98574984,-0.0029132236,0.0,0.0
2025-04-17 07:00:00,solar.bun_library#realenergyintotheload#kwh,BUNDOORA,0.125,0.54913956,0.11587819,0.112445004,2.0
2025-04-17 08:00:00,solar.bun_library#realenergyintotheload#kwh,BUNDOORA,17.625,32.958904,35.017708,33.98022,129.0
2025-04-17 09:00:00,solar.bun_library#realenergyintotheload#kwh,BUNDOORA,77.5,81.05296,108.470375,105.25667,310.0
2025-04-17 10:00:00,solar.bun_library#realenergyintotheload#kwh,BUNDOORA,143.125,207.90321,167.93295,162.95752,475.0
2025-04-17 11:00:00,solar.bun_library#realenergyintotheload#kwh,BUNDOORA,187.75,203.23018,213.91705,207.57922,596.0
2025-04-17 12:00:00,solar.bun_library#realenergyintotheload#kwh,BUNDOORA,210.875,275.7859,237.39436,230.36096,661.0
2025-04-17 13:00:00,solar.bun_library#realenergyintotheload#kwh,BUNDOORA,216.25,299.8001,236.37422,229.37105,666.0
2025-04-17 14:00:00,solar.bun_library#realenergyintotheload#kwh,BUNDOORA,200.75,292.33527,215.55371,209.16739,611.0
2025-04-17 15:00:00,solar.bun_library#realenergyintotheload#kwh,BUNDOORA,158.875,244.12778,174.7524,169.57492,500.0
2025-04-17 16:00:00,solar.bun_library#realenergyintotheload#kwh,BUNDOORA,103.625,232.8937,113.20944,109.85533,344.0
2025-04-17 17:00:00,solar.bun_library#realenergyintotheload#kwh,BUNDOORA,34.375,163.62032,50.237823,48.7494,160.0
2025-04-17 18:00:00,solar.bun_library#realenergyintotheload#kwh,BUNDOORA,3.375,92.51064,0.21786243,0.2114077,3.0
2025-04-17 19:00:00,solar.bun_library#realenergyintotheload#kwh,BUNDOORA,0.0,17.35,-0.017770017,0.0,0.0
2025-04-17 20:00:00,solar.bun_library#realenergyintotheload#kwh,BUNDOORA,0.0,-3.8899677,0.14540151,0.14109363,0.0
2025-04-17 21:00:00,solar.bun_library#realenergyintotheload#kwh,BUNDOORA,0.0,0.551349,0.08539097,0.08286105,0.0
2025-04-17 22:00:00,solar.bun_library#realenergyintotheload#kwh,BUNDOORA,0.0,0.26091665,0.12572147,0.121996656,0.0
2025-04-17 23:00:00,solar.bun_library#realenergyintotheload#kwh,BUNDOORA,0.0,-0.037058692,0.113236584,0.10988167,0.0
2025-04-18 00:00:00,solar.bun_library#realenergyintotheload#kwh,BUNDOORA,0.0,-1.0791823,0.16042957,0.15567644,0.0
2025-04-18 01:00:00,solar.bun_library#realenergyintotheload#kwh,BUNDOORA,0.0,-4.2319956,0.16042957,0.15567644,0.0
2025-04-18 02:00:00,solar.bun_library#realenergyintotheload#kwh,BUNDOORA,0.0,-0.8438392,0.08615747,0.08360484,0.0
2025-04-18 03:00:00,solar.bun_library#realenergyintotheload#kwh,BUNDOORA,0.0,1.1744394,0.15270597,0.14818168,0.0
2025-04-18 04:00:00,solar.bun_library#realenergyintotheload#kwh,BUNDOORA,0.0,-2.5598881,0.07406635,0.071871944,0.0
2025-04-18 05:00:00,solar.bun_library#realenergyintotheload#kwh,BUNDOORA,0.0,0.26878884,-0.076446705,0.0,0.0
2025-04-18 06:00:00,solar.bun_library#realenergyintotheload#kwh,BUNDOORA,0.0,17.397532,0.037460703,0.036350835,0.0
2025-04-18 07:00:00,solar.bun_library#realenergyintotheload#kwh,BUNDOORA,0.0,64.498886,0.05298945,0.051419504,1.0
2025-04-18 08:00:00,solar.bun_library#realenergyintotheload#kwh,BUNDOORA,12.5,121.01105,29.807405,28.924286,106.0
2025-04-18 09:00:00,solar.bun_library#realenergyintotheload#kwh,BUNDOORA,71.5,155.89238,102.4778,99.441635,306.0
2025-04-18 10:00:00,solar.bun_library#realenergyintotheload#kwh,BUNDOORA,143.375,204.88254,144.05185,139.78395,415.0
2025-04-18 11:00:00,solar.bun_library#realenergyintotheload#kwh,BUNDOORA,159.0,257.155,202.52592,196.52559,586.0
2025-04-18 12:00:00,solar.bun_library#realenergyintotheload#kwh,BUNDOORA,222.0,266.92166,236.66798,229.6561,659.0
2025-04-18 13:00:00,solar.bun_library#realenergyintotheload#kwh,BUNDOORA,180.125,276.26804,214.19785,207.8517,604.0
2025-04-18 14:00:00,solar.bun_library#realenergyintotheload#kwh,BUNDOORA,207.625,238.29547,198.09763,192.22849,575.0
2025-04-18 15:00:00,solar.bun_library#realenergyintotheload#kwh,BUNDOORA,170.25,234.16171,165.90555,160.99019,496.0
2025-04-18 16:00:00,solar.bun_library#realenergyintotheload#kwh,BUNDOORA,100.875,183.78467,110.44653,107.17428,324.0
2025-04-18 17:00:00,solar.bun_library#realenergyintotheload#kwh,BUNDOORA,31.25,145.47774,29.71824,28.837763,101.0
2025-04-18 18:00:00,solar.bun_library#realenergyintotheload#kwh,BUNDOORA,5.375,109.06264,0.6804668,0.6603062,5.0
2025-04-18 19:00:00,solar.bun_library#realenergyintotheload#kwh,BUNDOORA,0.0,27.41056,0.08299281,0.08053394,0.0
2025-04-18 20:00:00,solar.bun_library#realenergyintotheload#kwh,BUNDOORA,0.0,3.6263666,0.024816178,0.024080936,0.0
2025-04-18 21:00:00,solar.bun_library#realenergyintotheload#kwh,BUNDOORA,0.0,1.8552313,0.008196463,0.007953622,0.0
2025-04-18 22:00:00,solar.bun_library#realenergyintotheload#kwh,BUNDOORA,0.0,0.56742275,0.00045245234,0.00043904732,0.0
2025-04-18 23:00:00,solar.bun_library#realenergyintotheload#kwh,BUNDOORA,0.0,0.2164999,0.00045245234,0.00043904732,0.0
2025-04-19 00:00:00,solar.bun_library#realenergyintotheload#kwh,BUNDOORA,0.0,1.7493396,0.00045245234,0.00043904732,0.0
2025-04-19 01:00:00,solar.bun_library#realenergyintotheload#kwh,BUNDOORA,0.0,2.0522087,0.019700367,0.019116694,0.0
2025-04-19 02:00:00,solar.bun_library#realenergyintotheload#kwh,BUNDOORA,0.0,0.2506357,-0.0012129783,0.0,0.0
2025-04-19 03:00:00,solar.bun_library#realenergyintotheload#kwh,BUNDOORA,0.0,0.59784544,-0.0128245065,0.0,0.0
2025-04-19 04:00:00,solar.bun_library#realenergyintotheload#kwh,BUNDOORA,0.0,0.8497664,-0.069964446,0.0,0.0
2025-04-19 05:00:00,solar.bun_library#realenergyintotheload#kwh,BUNDOORA,0.0,-1.3773104,0.03597396,0.034908142,0.0
2025-04-19 06:00:00,solar.bun_library#realenergyintotheload#kwh,BUNDOORA,0.0,28.42404,0.09888969,0.09595984,0.0
2025-04-19 07:00:00,solar.bun_library#realenergyintotheload#kwh,BUNDOORA,0.0,50.717453,0.20641787,0.20030223,0.0
2025-04-19 08:00:00,solar.bun_library#realenergyintotheload#kwh,BUNDOORA,9.25,104.084625,24.791496,24.056986,75.0
2025-04-19 09:00:00,solar.bun_library#realenergyintotheload#kwh,BUNDOORA,67.125,144.92348,81.32418,78.91475,253.0
2025-04-19 10:00:00,solar.bun_library#realenergyintotheload#kwh,BUNDOORA,62.875,216.01352,107.517784,104.3323,316.0
2025-04-19 11:00:00,solar.bun_library#realenergyintotheload#kwh,BUNDOORA,105.0,211.50612,174.0823,168.92468,494.0
2025-04-19 12:00:00,solar.bun_library#realenergyintotheload#kwh,BUNDOORA,131.75,252.31387,200.9554,195.00159,560.0
2025-04-19 13:00:00,solar.bun_library#realenergyintotheload#kwh,BUNDOORA,134.125,262.17886,181.54195,176.16331,527.0
2025-04-19 14:00:00,solar.bun_library#realenergyintotheload#kwh,BUNDOORA,198.625,258.77606,209.0723,202.878,583.0
2025-04-19 15:00:00,solar.bun_library#realenergyintotheload#kwh,BUNDOORA,134.125,129.59471,150.35834,145.9036,447.0
2025-04-19 16:00:00,solar.bun_library#realenergyintotheload#kwh,BUNDOORA,46.375,148.74643,38.750484,37.602406,119.0
2025-04-19 17:00:00,solar.bun_library#realenergyintotheload#kwh,BUNDOORA,24.5,141.18167,32.30041,31.343431,99.0
2025-04-19 18:00:00,solar.bun_library#realenergyintotheload#kwh,BUNDOORA,1.75,92.01402,0.09264538,0.08990052,2.0
2025-04-19 19:00:00,solar.bun_library#realenergyintotheload#kwh,BUNDOORA,0.0,28.303883,0.08726609,0.08468061,0.0
2025-04-19 20:00:00,solar.bun_library#realenergyintotheload#kwh,BUNDOORA,0.0,0.14742394,-0.03893678,0.0,0.0
2025-04-19 21:00:00,solar.bun_library#realenergyintotheload#kwh,BUNDOORA,0.0,1.1395048,0.010814265,0.010493865,0.0
2025-04-19 22:00:00,solar.bun_library#realenergyintotheload#kwh,BUNDOORA,0.0,-0.91189384,-0.0072647175,0.0,0.0
2025-04-19 23:00:00,solar.bun_library#realenergyintotheload#kwh,BUNDOORA,0.0,-1.0121144,-0.029809803,0.0,0.0
2025-04-20 00:00:00,solar.bun_library#realenergyintotheload#kwh,BUNDOORA,0.0,5.698203,-0.065597884,0.0,0.0
2025-04-20 01:00:00,solar.bun_library#realenergyintotheload#kwh,BUNDOORA,0.0,6.384218,-0.004023168,0.0,0.0
2025-04-20 02:00:00,solar.bun_library#realenergyintotheload#kwh,BUNDOORA,0.0,10.583857,0.14023152,0.13607681,0.0
2025-04-20 03:00:00,solar.bun_library#realenergyintotheload#kwh,BUNDOORA,0.0,0.8646257,-0.16800815,0.0,0.0
2025-04-20 04:00:00,solar.bun_library#realenergyintotheload#kwh,BUNDOORA,0.0,-0.18846887,0.1276926,0.123909384,0.0
2025-04-20 05:00:00,solar.bun_library#realenergyintotheload#kwh,BUNDOORA,0.0,-3.3891711,0.09266632,0.08992085,0.0
2025-04-20 06:00:00,solar.bun_library#realenergyintotheload#kwh,BUNDOORA,0.0,15.979167,-0.027922925,0.0,0.0
2025-04-20 07:00:00,solar.bun_library#realenergyintotheload#kwh,BUNDOORA,0.0,107.16779,0.045393497,0.0440486,1.0
2025-04-20 08:00:00,solar.bun_library#realenergyintotheload#kwh,BUNDOORA,16.125,113.043625,31.398035,30.46779,99.0
2025-04-20 09:00:00,solar.bun_library#realenergyintotheload#kwh,BUNDOORA,22.125,138.90138,20.601934,19.99155,64.0
2025-04-20 10:00:00,solar.bun_library#realenergyintotheload#kwh,BUNDOORA,13.875,152.59961,30.284283,29.387035,86.0
2025-04-20 11:00:00,solar.bun_library#realenergyintotheload#kwh,BUNDOORA,32.125,140.18243,27.149538,26.345165,75.0
2025-04-20 12:00:00,solar.bun_library#realenergyintotheload#kwh,BUNDOORA,118.25,272.082,206.39975,200.28464,580.0
2025-04-20 13:00:00,solar.bun_library#realenergyintotheload#kwh,BUNDOORA,88.75,150.04684,112.6479,109.310425,331.0
2025-04-20 14:00:00,solar.bun_library#realenergyintotheload#kwh,BUNDOORA,184.5,205.36212,202.68489,196.67984,591.0
2025-04-20 15:00:00,solar.bun_library#realenergyintotheload#kwh,BUNDOORA,155.375,85.19345,138.25758,134.16136,387.0
2025-04-20 16:00:00,solar.bun_library#realenergyintotheload#kwh,BUNDOORA,58.0,147.17665,34.755985,33.726254,112.0
2025-04-20 17:00:00,solar.bun_library#realenergyintotheload#kwh,BUNDOORA,10.625,90.279655,21.757708,21.113081,67.0
2025-04-20 18:00:00,solar.bun_library#realenergyintotheload#kwh,BUNDOORA,5.375,117.61751,1.1334523,1.0998709,6.0
2025-04-20 19:00:00,solar.bun_library#realenergyintotheload#kwh,BUNDOORA,0.0,23.161564,0.3766069,0.36544898,0.0
2025-04-20 20:00:00,solar.bun_library#realenergyintotheload#kwh,BUNDOORA,0.0,9.424828,-0.10547158,0.0,0.0
2025-04-20 21:00:00,solar.bun_library#realenergyintotheload#kwh,BUNDOORA,0.0,2.010734,0.015078786,0.014632039,0.0
2025-04-20 22:00:00,solar.bun_library#realenergyintotheload#kwh,BUNDOORA,0.0,-0.29661256,0.121608056,0.11800511,0.0
2025-04-20 23:00:00,solar.bun_library#realenergyintotheload#kwh,BUNDOORA,0.0,1.9770763,-0.10692991,0.0,0.0
2025-04-21 00:00:00,solar.bun_library#realenergyintotheload#kwh,BUNDOORA,0.0,-3.1587944,-0.12591532,0.0,0.0
2025-04-21 01:00:00,solar.bun_library#realenergyintotheload#kwh,BUNDOORA,0.0,0.21805538,0.018593937,0.018043045,0.0
2025-04-21 02:00:00,solar.bun_library#realenergyintotheload#kwh,BUNDOORA,0.0,0.9936546,0.059937518,0.05816172,0.0
2025-04-21 03:00:00,solar.bun_library#realenergyintotheload#kwh,BUNDOORA,0.0,1.7222338,0.04333768,0.042053692,0.0
2025-04-21 04:00:00,solar.bun_library#realenergyintotheload#kwh,BUNDOORA,0.0,0.32647476,0.043537132,0.042247236,0.0
2025-04-21 05:00:00,solar.bun_library#realenergyintotheload#kwh,BUNDOORA,0.0,1.4425,0.043537132,0.042247236,0.0
2025-04-21 06:00:00,solar.bun_library#realenergyintotheload#kwh,BUNDOORA,0.0,4.4510794,0.020869914,0.02025159,0.0
2025-04-21 07:00:00,solar.bun_library#realenergyintotheload#kwh,BUNDOORA,0.125,0.01211963,0.01635141,0.015866958,1.0
2025-04-21 08:00:00,solar.bun_library#realenergyintotheload#kwh,BUNDOORA,15.125,-1.3096372,36.447906,35.368046,125.0
2025-04-21 09:00:00,solar.bun_library#realenergyintotheload#kwh,BUNDOORA,75.0,-7.289898,116.764015,113.30459,306.0
2025-04-21 10:00:00,solar.bun_library#realenergyintotheload#kwh,BUNDOORA,144.125,40.369602,170.50609,165.45442,465.0
2025-04-21 11:00:00,solar.bun_library#realenergyintotheload#kwh,BUNDOORA,194.625,178.00957,214.81316,208.44878,583.0
2025-04-21 12:00:00,solar.bun_library#realenergyintotheload#kwh,BUNDOORA,171.125,152.7304,196.80476,190.97392,552.0
2025-04-21 13:00:00,solar.bun_library#realenergyintotheload#kwh,BUNDOORA,221.75,226.6874,232.34781,225.46393,650.0
2025-04-21 14:00:00,solar.bun_library#realenergyintotheload#kwh,BUNDOORA,127.25,147.27692,84.83775,82.32423,252.0
2025-04-21 15:00:00,solar.bun_library#realenergyintotheload#kwh,BUNDOORA,152.125,121.4805,152.39178,147.8768,427.0
2025-04-21 16:00:00,solar.bun_library#realenergyintotheload#kwh,BUNDOORA,86.5,142.74825,67.12254,65.13387,202.0
2025-04-21 17:00:00,solar.bun_library#realenergyintotheload#kwh,BUNDOORA,35.75,46.58297,23.510729,22.814165,80.0
2025-04-21 18:00:00,solar.bun_library#realenergyintotheload#kwh,BUNDOORA,1.5,1.7939147,0.121213466,0.11762221,2.0
2025-04-21 19:00:00,solar.bun_library#realenergyintotheload#kwh,BUNDOORA,0.0,0.9453033,0.07248127,0.07033383,0.0
2025-04-21 20:00:00,solar.bun_library#realenergyintotheload#kwh,BUNDOORA,0.0,2.0244067,0.014639106,0.014205386,0.0
2025-04-21 21:00:00,solar.bun_library#realenergyintotheload#kwh,BUNDOORA,0.0,3.8688076,0.0065916814,0.0063963863,0.0
2025-04-21 22:00:00,solar.bun_library#realenergyintotheload#kwh,BUNDOORA,0.0,4.105587,0.014335692,0.013910961,0.0
2025-04-21 23:00:00,solar.bun_library#realenergyintotheload#kwh,BUNDOORA,0.0,3.7227647,0.013836655,0.013426709,0.0
2025-04-22 00:00:00,solar.bun_library#realenergyintotheload#kwh,BUNDOORA,0.0,4.718823,0.014335692,0.013910961,0.0
2025-04-22 01:00:00,solar.bun_library#realenergyintotheload#kwh,BUNDOORA,0.0,3.2215583,0.014335692,0.013910961,0.0
2025-04-22 02:00:00,solar.bun_library#realenergyintotheload#kwh,BUNDOORA,0.0,4.5510125,0.013836655,0.013426709,0.0
2025-04-22 03:00:00,solar.bun_library#realenergyintotheload#kwh,BUNDOORA,0.0,3.2761912,0.013836655,0.013426709,0.0
2025-04-22 04:00:00,solar.bun_library#realenergyintotheload#kwh,BUNDOORA,0.0,0.7648392,0.013836655,0.013426709,0.0
2025-04-22 05:00:00,solar.bun_library#realenergyintotheload#kwh,BUNDOORA,0.0,-0.35968626,0.013836655,0.013426709,0.0
2025-04-22 06:00:00,solar.bun_library#realenergyintotheload#kwh,BUNDOORA,0.0,8.592027,0.013836655,0.013426709,0.0
2025-04-22 07:00:00,solar.bun_library#realenergyintotheload#kwh,BUNDOORA,0.0,28.465992,0.017168768,0.0166601,0.0
2025-04-22 08:00:00,solar.bun_library#realenergyintotheload#kwh,BUNDOORA,3.375,35.938194,15.275945,14.823357,61.0
2025-04-22 09:00:00,solar.bun_library#realenergyintotheload#kwh,BUNDOORA,28.75,46.577457,55.116386,53.483425,175.0
2025-04-22 10:00:00,solar.bun_library#realenergyintotheload#kwh,BUNDOORA,76.875,73.07655,98.80121,95.87398,280.0
2025-04-22 11:00:00,solar.bun_library#realenergyintotheload#kwh,BUNDOORA,139.5,93.396545,121.82507,118.2157,343.0
2025-04-22 12:00:00,solar.bun_library#realenergyintotheload#kwh,BUNDOORA,59.125,129.03372,77.19514,74.908035,230.0
2025-04-22 13:00:00,solar.bun_library#realenergyintotheload#kwh,BUNDOORA,50.125,147.96051,47.50852,46.10096,144.0
2025-04-22 14:00:00,solar.bun_library#realenergyintotheload#kwh,BUNDOORA,110.625,124.25736,162.29727,157.48882,442.0
2025-04-22 15:00:00,solar.bun_library#realenergyintotheload#kwh,BUNDOORA,96.875,162.97412,103.06464,100.011086,293.0
2025-04-22 16:00:00,solar.bun_library#realenergyintotheload#kwh,BUNDOORA,37.75,140.22809,22.91465,22.235746,73.0
2025-04-22 17:00:00,solar.bun_library#realenergyintotheload#kwh,BUNDOORA,6.125,122.220726,9.616259,9.331353,33.0
2025-04-22 18:00:00,solar.bun_library#realenergyintotheload#kwh,BUNDOORA,0.75,84.54883,0.12409365,0.120417066,1.0
2025-04-22 19:00:00,solar.bun_library#realenergyintotheload#kwh,BUNDOORA,0.0,15.935931,-0.076446705,0.0,0.0
2025-04-22 20:00:00,solar.bun_library#realenergyintotheload#kwh,BUNDOORA,0.0,0.66509575,0.017818648,0.017290726,0.0
2025-04-22 21:00:00,solar.bun_library#realenergyintotheload#kwh,BUNDOORA,0.0,1.5711358,0.052915532,0.051347777,0.0
2025-04-22 22:00:00,solar.bun_library#realenergyintotheload#kwh,BUNDOORA,0.0,0.5106199,0.0013749441,0.001334208,0.0
2025-04-22 23:00:00,solar.bun_library#realenergyintotheload#kwh,BUNDOORA,0.0,-0.6894244,0.011332908,0.010997142,0.0
2025-04-23 00:00:00,solar.bun_library#realenergyintotheload#kwh,BUNDOORA,0.0,-1.071488,0.011332908,0.010997142,0.0
2025-04-23 01:00:00,solar.bun_library#realenergyintotheload#kwh,BUNDOORA,0.0,-1.2892843,0.003295035,0.0031974115,0.0
2025-04-23 02:00:00,solar.bun_library#realenergyintotheload#kwh,BUNDOORA,0.0,-1.1723262,-0.0019571716,0.0,0.0
2025-04-23 03:00:00,solar.bun_library#realenergyintotheload#kwh,BUNDOORA,0.0,-1.1723262,-0.0019571716,0.0,0.0
2025-04-23 04:00:00,solar.bun_library#realenergyintotheload#kwh,BUNDOORA,0.0,-1.1723262,-0.0019258754,0.0,0.0
2025-04-23 05:00:00,solar.bun_library#realenergyintotheload#kwh,BUNDOORA,0.0,0.17554547,-0.0029132236,0.0,0.0
2025-04-23 06:00:00,solar.bun_library#realenergyintotheload#kwh,BUNDOORA,0.0,1.7750858,-0.0029132236,0.0,0.0
2025-04-23 07:00:00,solar.bun_library#realenergyintotheload#kwh,BUNDOORA,0.0,3.1213026,0.020869914,0.02025159,0.0
2025-04-23 08:00:00,solar.bun_library#realenergyintotheload#kwh,BUNDOORA,13.875,-1.0872401,35.231342,34.187527,119.0
2025-04-23 09:00:00,solar.bun_library#realenergyintotheload#kwh,BUNDOORA,74.875,-0.08814042,111.258934,107.96261,296.0
2025-04-23 10:00:00,solar.bun_library#realenergyintotheload#kwh,BUNDOORA,144.0,19.575542,168.64948,163.65282,455.0
2025-04-23 11:00:00,solar.bun_library#realenergyintotheload#kwh,BUNDOORA,193.0,138.4038,212.73615,206.4333,571.0
2025-04-23 12:00:00,solar.bun_library#realenergyintotheload#kwh,BUNDOORA,215.25,148.58078,225.7091,219.02191,633.0
2025-04-23 13:00:00,solar.bun_library#realenergyintotheload#kwh,BUNDOORA,222.375,219.32645,232.7489,225.85313,636.0
2025-04-23 14:00:00,solar.bun_library#realenergyintotheload#kwh,BUNDOORA,204.25,242.46951,210.6465,204.40556,579.0
2025-04-23 15:00:00,solar.bun_library#realenergyintotheload#kwh,BUNDOORA,159.75,235.94989,167.11661,162.16536,467.0
2025-04-23 16:00:00,solar.bun_library#realenergyintotheload#kwh,BUNDOORA,99.125,226.19727,104.90297,101.79496,313.0
2025-04-23 17:00:00,solar.bun_library#realenergyintotheload#kwh,BUNDOORA,29.875,185.22495,36.070633,35.00195,136.0
2025-04-23 18:00:00,solar.bun_library#realenergyintotheload#kwh,BUNDOORA,1.875,102.095825,0.07830049,0.07598064,2.0
2025-04-23 19:00:00,solar.bun_library#realenergyintotheload#kwh,BUNDOORA,0.0,21.888823,0.046526458,0.045147996,0.0
2025-04-23 20:00:00,solar.bun_library#realenergyintotheload#kwh,BUNDOORA,0.0,0.27942312,0.020869914,0.02025159,0.0
2025-04-23 21:00:00,solar.bun_library#realenergyintotheload#kwh,BUNDOORA,0.0,0.19734098,0.020869914,0.02025159,0.0
2025-04-23 22:00:00,solar.bun_library#realenergyintotheload#kwh,BUNDOORA,0.0,0.8984826,0.020869914,0.02025159,0.0
2025-04-23 23:00:00,solar.bun_library#realenergyintotheload#kwh,BUNDOORA,0.0,-0.34427333,-0.0029132236,0.0,0.0
2025-04-24 00:00:00,solar.bun_library#realenergyintotheload#kwh,BUNDOORA,0.0,-0.12839165,0.013125903,0.012737015,0.0
2025-04-24 01:00:00,solar.bun_library#realenergyintotheload#kwh,BUNDOORA,0.0,-0.12839165,0.013125903,0.012737015,0.0
2025-04-24 02:00:00,solar.bun_library#realenergyintotheload#kwh,BUNDOORA,0.0,-0.098521106,0.013125903,0.012737015,0.0
2025-04-24 03:00:00,solar.bun_library#realenergyintotheload#kwh,BUNDOORA,0.0,0.27844048,0.0030352967,0.0029453684,0.0
2025-04-24 04:00:00,solar.bun_library#realenergyintotheload#kwh,BUNDOORA,0.0,-0.95742947,-0.0019571716,0.0,0.0
2025-04-24 05:00:00,solar.bun_library#realenergyintotheload#kwh,BUNDOORA,0.0,-0.89999247,0.0056305127,0.0054636947,0.0
2025-04-24 06:00:00,solar.bun_library#realenergyintotheload#kwh,BUNDOORA,0.0,13.795863,0.013836655,0.013426709,0.0
2025-04-24 07:00:00,solar.bun_library#realenergyintotheload#kwh,BUNDOORA,0.0,39.35723,0.017168768,0.0166601,0.0
2025-04-24 08:00:00,solar.bun_library#realenergyintotheload#kwh,BUNDOORA,10.25,114.72395,27.441387,26.628368,107.0
2025-04-24 09:00:00,solar.bun_library#realenergyintotheload#kwh,BUNDOORA,51.375,135.5913,94.682785,91.87757,281.0
2025-04-24 10:00:00,solar.bun_library#realenergyintotheload#kwh,BUNDOORA,120.75,178.06891,137.9597,133.8723,396.0
2025-04-24 11:00:00,solar.bun_library#realenergyintotheload#kwh,BUNDOORA,167.375,235.63414,196.46165,190.64099,556.0
2025-04-24 12:00:00,solar.bun_library#realenergyintotheload#kwh,BUNDOORA,214.375,202.67809,212.67139,206.37047,621.0
2025-04-24 13:00:00,solar.bun_library#realenergyintotheload#kwh,BUNDOORA,221.125,191.63643,215.61467,209.22655,626.0
2025-04-24 14:00:00,solar.bun_library#realenergyintotheload#kwh,BUNDOORA,201.75,246.25209,197.8426,191.98102,571.0
2025-04-24 15:00:00,solar.bun_library#realenergyintotheload#kwh,BUNDOORA,156.0,221.37598,152.31328,147.80061,462.0
2025-04-24 16:00:00,solar.bun_library#realenergyintotheload#kwh,BUNDOORA,97.875,160.74208,97.1111,94.23394,295.0
2025-04-24 17:00:00,solar.bun_library#realenergyintotheload#kwh,BUNDOORA,30.5,137.78186,33.23326,32.248642,114.0
2025-04-24 18:00:00,solar.bun_library#realenergyintotheload#kwh,BUNDOORA,3.625,103.61714,0.011662831,0.01131729,1.0
2025-04-24 19:00:00,solar.bun_library#realenergyintotheload#kwh,BUNDOORA,0.0,20.676062,0.11389022,0.11051594,0.0
2025-04-24 20:00:00,solar.bun_library#realenergyintotheload#kwh,BUNDOORA,0.0,-3.4848201,0.09180709,0.08908708,0.0
2025-04-24 21:00:00,solar.bun_library#realenergyintotheload#kwh,BUNDOORA,0.0,2.0185661,0.20235978,0.19636437,0.0
2025-04-24 22:00:00,solar.bun_library#realenergyintotheload#kwh,BUNDOORA,0.0,8.438213,0.18105227,0.17568815,0.0
2025-04-24 23:00:00,solar.bun_library#realenergyintotheload#kwh,BUNDOORA,0.0,7.406163,0.009851361,0.00955949,0.0
2025-04-25 00:00:00,solar.bun_library#realenergyintotheload#kwh,BUNDOORA,0.0,4.6957345,0.02966391,0.028785042,0.0
2025-04-25 01:00:00,solar.bun_library#realenergyintotheload#kwh,BUNDOORA,0.0,3.4896297,0.13560246,0.1315849,0.0
2025-04-25 02:00:00,solar.bun_library#realenergyintotheload#kwh,BUNDOORA,0.0,-1.6919897,0.012397789,0.012030474,0.0
2025-04-25 03:00:00,solar.bun_library#realenergyintotheload#kwh,BUNDOORA,0.0,-1.217567,0.17198542,0.16688992,0.0
2025-04-25 04:00:00,solar.bun_library#realenergyintotheload#kwh,BUNDOORA,0.0,-0.5562675,0.034831703,0.033799727,0.0
2025-04-25 05:00:00,solar.bun_library#realenergyintotheload#kwh,BUNDOORA,0.0,-0.26452106,0.059937518,0.05816172,0.0
2025-04-25 06:00:00,solar.bun_library#realenergyintotheload#kwh,BUNDOORA,0.0,21.171732,0.0031048553,0.0030128662,0.0
2025-04-25 07:00:00,solar.bun_library#realenergyintotheload#kwh,BUNDOORA,0.0,39.20998,0.0014394242,0.0013967777,0.0
2025-04-25 08:00:00,solar.bun_library#realenergyintotheload#kwh,BUNDOORA,9.5,58.181534,14.399089,13.97248,54.0
2025-04-25 09:00:00,solar.bun_library#realenergyintotheload#kwh,BUNDOORA,54.875,89.45411,95.01261,92.197624,275.0
2025-04-25 10:00:00,solar.bun_library#realenergyintotheload#kwh,BUNDOORA,129.625,257.79642,159.08319,154.36995,432.0
2025-04-25 11:00:00,solar.bun_library#realenergyintotheload#kwh,BUNDOORA,122.75,213.65514,160.93571,156.16759,441.0
2025-04-25 12:00:00,solar.bun_library#realenergyintotheload#kwh,BUNDOORA,104.75,142.33975,97.584694,94.693504,283.0
2025-04-25 13:00:00,solar.bun_library#realenergyintotheload#kwh,BUNDOORA,50.375,157.6405,48.990475,47.53901,149.0
2025-04-25 14:00:00,solar.bun_library#realenergyintotheload#kwh,BUNDOORA,53.5,174.30058,39.099564,37.941143,117.0
2025-04-25 15:00:00,solar.bun_library#realenergyintotheload#kwh,BUNDOORA,23.625,184.12643,30.432491,29.530853,90.0
2025-04-25 16:00:00,solar.bun_library#realenergyintotheload#kwh,BUNDOORA,13.0,136.26788,20.975466,20.354015,68.0
2025-04-25 17:00:00,solar.bun_library#realenergyintotheload#kwh,BUNDOORA,5.75,53.301445,7.768948,7.5387735,25.0
2025-04-25 18:00:00,solar.bun_library#realenergyintotheload#kwh,BUNDOORA,0.125,29.349123,0.010184742,0.009882993,0.0
2025-04-25 19:00:00,solar.bun_library#realenergyintotheload#kwh,BUNDOORA,0.0,9.322125,-0.0128245065,0.0,0.0
2025-04-25 20:00:00,solar.bun_library#realenergyintotheload#kwh,BUNDOORA,0.0,0.19016275,0.019700367,0.019116694,0.0
2025-04-25 21:00:00,solar.bun_library#realenergyintotheload#kwh,BUNDOORA,0.0,2.1869814,0.019700367,0.019116694,0.0
2025-04-25 22:00:00,solar.bun_library#realenergyintotheload#kwh,BUNDOORA,0.0,0.88194215,0.019700367,0.019116694,0.0
2025-04-25 23:00:00,solar.bun_library#realenergyintotheload#kwh,BUNDOORA,0.0,0.40264207,0.019700367,0.019116694,0.0
2025-04-26 00:00:00,solar.bun_library#realenergyintotheload#kwh,BUNDOORA,0.0,0.2164999,0.019700367,0.019116694,0.0
2025-04-26 01:00:00,solar.bun_library#realenergyintotheload#kwh,BUNDOORA,0.0,0.020199867,0.019700367,0.019116694,0.0
2025-04-26 02:00:00,solar.bun_library#realenergyintotheload#kwh,BUNDOORA,0.0,0.020199867,-0.0128245065,0.0,0.0
2025-04-26 03:00:00,solar.bun_library#realenergyintotheload#kwh,BUNDOORA,0.0,0.020199867,-0.0128245065,0.0,0.0
2025-04-26 04:00:00,solar.bun_library#realenergyintotheload#kwh,BUNDOORA,0.0,0.020199867,0.00045245234,0.00043904732,0.0
2025-04-26 05:00:00,solar.bun_library#realenergyintotheload#kwh,BUNDOORA,0.0,0.020199867,0.00045245234,0.00043904732,0.0
2025-04-26 06:00:00,solar.bun_library#realenergyintotheload#kwh,BUNDOORA,0.0,1.9185551,0.008196463,0.007953622,0.0
2025-04-26 07:00:00,solar.bun_library#realenergyintotheload#kwh,BUNDOORA,0.0,2.2679813,0.00045245234,0.00043904732,0.0
2025-04-26 08:00:00,solar.bun_library#realenergyintotheload#kwh,BUNDOORA,0.25,-0.25231302,10.246666,9.943083,37.0
2025-04-26 09:00:00,solar.bun_library#realenergyintotheload#kwh,BUNDOORA,9.5,5.8373904,26.543068,25.756662,75.0
2025-04-26 10:00:00,solar.bun_library#realenergyintotheload#kwh,BUNDOORA,28.0,2.3875132,40.420284,39.222733,125.0
2025-04-26 11:00:00,solar.bun_library#realenergyintotheload#kwh,BUNDOORA,39.25,-0.37221906,58.120853,56.398876,175.0
2025-04-26 12:00:00,solar.bun_library#realenergyintotheload#kwh,BUNDOORA,42.25,0.4514468,58.115967,56.394135,176.0
2025-04-26 13:00:00,solar.bun_library#realenergyintotheload#kwh,BUNDOORA,55.5,30.08486,98.42987,95.51364,288.0
2025-04-26 14:00:00,solar.bun_library#realenergyintotheload#kwh,BUNDOORA,86.75,67.83641,34.855312,33.822636,110.0
2025-04-26 15:00:00,solar.bun_library#realenergyintotheload#kwh,BUNDOORA,29.0,46.093716,50.25412,48.765217,151.0
2025-04-26 16:00:00,solar.bun_library#realenergyintotheload#kwh,BUNDOORA,26.625,62.110046,22.68839,22.01619,74.0
2025-04-26 17:00:00,solar.bun_library#realenergyintotheload#kwh,BUNDOORA,6.75,30.195158,8.332514,8.085642,27.0
2025-04-26 18:00:00,solar.bun_library#realenergyintotheload#kwh,BUNDOORA,0.5,6.529962,0.0009201928,0.0008929298,0.0
2025-04-26 19:00:00,solar.bun_library#realenergyintotheload#kwh,BUNDOORA,0.0,2.8366692,0.0009201928,0.0008929298,0.0
2025-04-26 20:00:00,solar.bun_library#realenergyintotheload#kwh,BUNDOORA,0.0,0.42129034,-0.0012129783,0.0,0.0
2025-04-26 21:00:00,solar.bun_library#realenergyintotheload#kwh,BUNDOORA,0.0,0.57831186,0.10088102,0.097892165,0.0
2025-04-26 22:00:00,solar.bun_library#realenergyintotheload#kwh,BUNDOORA,0.0,0.54417604,0.02016811,0.01957058,0.0
2025-04-26 23:00:00,solar.bun_library#realenergyintotheload#kwh,BUNDOORA,0.0,-0.8723729,0.02016811,0.01957058,0.0
2025-04-27 00:00:00,solar.bun_library#realenergyintotheload#kwh,BUNDOORA,0.0,0.4588594,0.08406303,0.08157245,0.0
2025-04-27 01:00:00,solar.bun_library#realenergyintotheload#kwh,BUNDOORA,0.0,0.41344127,0.051538162,0.050011214,0.0
2025-04-27 02:00:00,solar.bun_library#realenergyintotheload#kwh,BUNDOORA,0.0,0.63256377,0.056147724,0.054484207,0.0
2025-04-27 03:00:00,solar.bun_library#realenergyintotheload#kwh,BUNDOORA,0.0,-0.42187214,0.0009201928,0.0008929298,0.0
2025-04-27 04:00:00,solar.bun_library#realenergyintotheload#kwh,BUNDOORA,0.0,-0.39343223,-0.012356766,0.0,0.0
2025-04-27 05:00:00,solar.bun_library#realenergyintotheload#kwh,BUNDOORA,0.0,-0.108506896,0.012231625,0.011869232,0.0
2025-04-27 06:00:00,solar.bun_library#realenergyintotheload#kwh,BUNDOORA,0.0,1.4595149,0.013593643,0.013190897,0.0
2025-04-27 07:00:00,solar.bun_library#realenergyintotheload#kwh,BUNDOORA,0.0,4.6847825,0.011928211,0.011574808,0.0
2025-04-27 08:00:00,solar.bun_library#realenergyintotheload#kwh,BUNDOORA,2.5,0.60878223,13.074434,12.687072,44.0
2025-04-27 09:00:00,solar.bun_library#realenergyintotheload#kwh,BUNDOORA,19.875,0.97412384,44.17387,42.86511,138.0
2025-04-27 10:00:00,solar.bun_library#realenergyintotheload#kwh,BUNDOORA,34.125,57.0984,43.65037,42.35712,138.0
2025-04-27 11:00:00,solar.bun_library#realenergyintotheload#kwh,BUNDOORA,70.125,52.830406,76.75081,74.476875,223.0
2025-04-27 12:00:00,solar.bun_library#realenergyintotheload#kwh,BUNDOORA,86.875,71.68734,62.060383,60.221687,188.0
2025-04-27 13:00:00,solar.bun_library#realenergyintotheload#kwh,BUNDOORA,55.0,112.37928,35.113518,34.073193,112.0
2025-04-27 14:00:00,solar.bun_library#realenergyintotheload#kwh,BUNDOORA,33.625,104.92742,31.141428,30.218784,92.0
2025-04-27 15:00:00,solar.bun_library#realenergyintotheload#kwh,BUNDOORA,33.0,87.83043,34.84876,33.816277,105.0
2025-04-27 16:00:00,solar.bun_library#realenergyintotheload#kwh,BUNDOORA,16.25,61.827736,34.60997,33.584564,107.0
2025-04-27 17:00:00,solar.bun_library#realenergyintotheload#kwh,BUNDOORA,10.0,62.819782,13.625714,13.222018,43.0
2025-04-27 18:00:00,solar.bun_library#realenergyintotheload#kwh,BUNDOORA,0.875,45.83017,0.017168768,0.0166601,0.0
2025-04-27 19:00:00,solar.bun_library#realenergyintotheload#kwh,BUNDOORA,0.0,12.473427,0.02417073,0.023454612,0.0
2025-04-27 20:00:00,solar.bun_library#realenergyintotheload#kwh,BUNDOORA,0.0,1.1809309,0.008962626,0.008697085,0.0
2025-04-27 21:00:00,solar.bun_library#realenergyintotheload#kwh,BUNDOORA,0.0,0.816052,-0.0029132236,0.0,0.0
2025-04-27 22:00:00,solar.bun_library#realenergyintotheload#kwh,BUNDOORA,0.0,0.9146481,-0.0029132236,0.0,0.0
2025-04-27 23:00:00,solar.bun_library#realenergyintotheload#kwh,BUNDOORA,0.0,-0.16647902,0.020869914,0.02025159,0.0
2025-04-28 00:00:00,solar.bun_library#realenergyintotheload#kwh,BUNDOORA,0.0,-0.17924328,0.020869914,0.02025159,0.0
2025-04-28 01:00:00,solar.bun_library#realenergyintotheload#kwh,BUNDOORA,0.0,-0.16647902,0.020869914,0.02025159,0.0
2025-04-28 02:00:00,solar.bun_library#realenergyintotheload#kwh,BUNDOORA,0.0,-0.016376708,0.020869914,0.02025159,0.0
2025-04-28 03:00:00,solar.bun_library#realenergyintotheload#kwh,BUNDOORA,0.0,-0.23430268,0.020869914,0.02025159,0.0
2025-04-28 04:00:00,solar.bun_library#realenergyintotheload#kwh,BUNDOORA,0.0,-0.105162725,0.020869914,0.02025159,0.0
2025-04-28 05:00:00,solar.bun_library#realenergyintotheload#kwh,BUNDOORA,0.0,-0.08420038,0.013125903,0.012737015,0.0
2025-04-28 06:00:00,solar.bun_library#realenergyintotheload#kwh,BUNDOORA,0.0,1.1270858,0.013125903,0.012737015,0.0
2025-04-28 07:00:00,solar.bun_library#realenergyintotheload#kwh,BUNDOORA,0.125,1.398161,0.020869914,0.02025159,0.0
2025-04-28 08:00:00,solar.bun_library#realenergyintotheload#kwh,BUNDOORA,12.75,-2.7036667,14.244519,13.82249,62.0
2025-04-28 09:00:00,solar.bun_library#realenergyintotheload#kwh,BUNDOORA,54.75,0.4842751,60.739124,58.939575,189.0
2025-04-28 10:00:00,solar.bun_library#realenergyintotheload#kwh,BUNDOORA,100.625,5.2106676,139.11662,134.99495,384.0
2025-04-28 11:00:00,solar.bun_library#realenergyintotheload#kwh,BUNDOORA,92.125,42.78004,142.86253,138.62987,388.0
2025-04-28 12:00:00,solar.bun_library#realenergyintotheload#kwh,BUNDOORA,178.0,107.13009,223.2301,216.61635,603.0
2025-04-28 13:00:00,solar.bun_library#realenergyintotheload#kwh,BUNDOORA,145.375,136.1201,109.03026,105.799965,315.0
2025-04-28 14:00:00,solar.bun_library#realenergyintotheload#kwh,BUNDOORA,71.875,150.31035,78.030945,75.719086,229.0
2025-04-28 15:00:00,solar.bun_library#realenergyintotheload#kwh,BUNDOORA,47.25,82.88741,82.49889,80.05466,234.0
2025-04-28 16:00:00,solar.bun_library#realenergyintotheload#kwh,BUNDOORA,33.875,70.33426,42.46207,41.204025,136.0
2025-04-28 17:00:00,solar.bun_library#realenergyintotheload#kwh,BUNDOORA,16.125,61.931545,6.242801,6.0578427,23.0
2025-04-28 18:00:00,solar.bun_library#realenergyintotheload#kwh,BUNDOORA,2.125,10.037331,0.011928211,0.011574808,0.0
2025-04-28 19:00:00,solar.bun_library#realenergyintotheload#kwh,BUNDOORA,0.0,1.7186759,0.013593643,0.013190897,0.0
2025-04-28 20:00:00,solar.bun_library#realenergyintotheload#kwh,BUNDOORA,0.0,0.051806644,0.011928211,0.011574808,0.0
2025-04-28 21:00:00,solar.bun_library#realenergyintotheload#kwh,BUNDOORA,0.0,0.017670827,0.013593643,0.013190897,0.0
2025-04-28 22:00:00,solar.bun_library#realenergyintotheload#kwh,BUNDOORA,0.0,-0.046731405,0.013593643,0.013190897,0.0
2025-04-28 23:00:00,solar.bun_library#realenergyintotheload#kwh,BUNDOORA,0.0,-0.017554676,0.021337654,0.020705473,0.0
2025-04-29 00:00:00,solar.bun_library#realenergyintotheload#kwh,BUNDOORA,0.0,0.025913151,0.020838618,0.020221222,0.0
2025-04-29 01:00:00,solar.bun_library#realenergyintotheload#kwh,BUNDOORA,0.0,0.060048945,0.020838618,0.020221222,0.0
2025-04-29 02:00:00,solar.bun_library#realenergyintotheload#kwh,BUNDOORA,0.0,-0.71480924,0.021337654,0.020705473,0.0
2025-04-29 03:00:00,solar.bun_library#realenergyintotheload#kwh,BUNDOORA,0.0,-0.040102996,0.020838618,0.020221222,0.0
2025-04-29 04:00:00,solar.bun_library#realenergyintotheload#kwh,BUNDOORA,0.0,-0.20833264,0.020838618,0.020221222,0.0
2025-04-29 05:00:00,solar.bun_library#realenergyintotheload#kwh,BUNDOORA,0.0,-0.20833264,0.020838618,0.020221222,0.0
2025-04-29 06:00:00,solar.bun_library#realenergyintotheload#kwh,BUNDOORA,0.0,1.5538123,0.013593643,0.013190897,0.0
2025-04-29 07:00:00,solar.bun_library#realenergyintotheload#kwh,BUNDOORA,0.0,3.7231328,0.021337654,0.020705473,0.0
2025-04-29 08:00:00,solar.bun_library#realenergyintotheload#kwh,BUNDOORA,4.25,0.3599615,26.446005,25.662476,88.0
2025-04-29 09:00:00,solar.bun_library#realenergyintotheload#kwh,BUNDOORA,26.0,0.5510823,69.32499,67.271065,213.0
2025-04-29 10:00:00,solar.bun_library#realenergyintotheload#kwh,BUNDOORA,59.125,22.368664,72.69031,70.536674,212.0
2025-04-29 11:00:00,solar.bun_library#realenergyintotheload#kwh,BUNDOORA,70.0,126.48783,83.68208,81.20279,244.0
2025-04-29 12:00:00,solar.bun_library#realenergyintotheload#kwh,BUNDOORA,96.5,147.81334,79.20777,76.861046,230.0
2025-04-29 13:00:00,solar.bun_library#realenergyintotheload#kwh,BUNDOORA,63.625,146.6164,61.584927,59.76032,185.0
2025-04-29 14:00:00,solar.bun_library#realenergyintotheload#kwh,BUNDOORA,23.875,114.75302,21.380314,20.746868,61.0
2025-04-29 15:00:00,solar.bun_library#realenergyintotheload#kwh,BUNDOORA,16.875,89.34188,21.039293,20.41595,62.0
2025-04-29 16:00:00,solar.bun_library#realenergyintotheload#kwh,BUNDOORA,13.625,103.45121,25.73329,24.970877,80.0
2025-04-29 17:00:00,solar.bun_library#realenergyintotheload#kwh,BUNDOORA,6.875,76.43092,5.245817,5.090397,17.0
2025-04-29 18:00:00,solar.bun_library#realenergyintotheload#kwh,BUNDOORA,0.0,22.132011,0.0092547,0.008980506,0.0
2025-04-29 19:00:00,solar.bun_library#realenergyintotheload#kwh,BUNDOORA,0.0,5.0137086,0.0065916814,0.0063963863,0.0
2025-04-29 20:00:00,solar.bun_library#realenergyintotheload#kwh,BUNDOORA,0.0,0.15065402,0.008770961,0.0085111,0.0
2025-04-29 21:00:00,solar.bun_library#realenergyintotheload#kwh,BUNDOORA,0.0,0.051806644,0.008770961,0.0085111,0.0
2025-04-29 22:00:00,solar.bun_library#realenergyintotheload#kwh,BUNDOORA,0.0,-0.014209436,0.011928211,0.011574808,0.0
2025-04-29 23:00:00,solar.bun_library#realenergyintotheload#kwh,BUNDOORA,0.0,-0.18408467,0.020838618,0.020221222,0.0
2025-04-30 00:00:00,solar.bun_library#realenergyintotheload#kwh,BUNDOORA,0.0,0.1307633,0.020838618,0.020221222,0.0
2025-04-30 01:00:00,solar.bun_library#realenergyintotheload#kwh,BUNDOORA,0.0,0.076107204,0.020838618,0.020221222,0.0
2025-04-30 02:00:00,solar.bun_library#realenergyintotheload#kwh,BUNDOORA,0.0,-0.047792308,0.013593643,0.013190897,0.0
2025-04-30 03:00:00,solar.bun_library#realenergyintotheload#kwh,BUNDOORA,0.0,0.5798259,0.020838618,0.020221222,0.0
2025-04-30 04:00:00,solar.bun_library#realenergyintotheload#kwh,BUNDOORA,0.0,0.3639421,0.003295035,0.0031974115,0.0
2025-04-30 05:00:00,solar.bun_library#realenergyintotheload#kwh,BUNDOORA,0.0,-0.06132807,0.020838618,0.020221222,0.0
2025-04-30 06:00:00,solar.bun_library#realenergyintotheload#kwh,BUNDOORA,0.0,1.8316722,0.020838618,0.020221222,0.0
2025-04-30 07:00:00,solar.bun_library#realenergyintotheload#kwh,BUNDOORA,0.0,4.388747,0.020838618,0.020221222,0.0
2025-04-30 08:00:00,solar.bun_library#realenergyintotheload#kwh,BUNDOORA,9.875,0.5245211,31.00114,30.082655,99.0
2025-04-30 09:00:00,solar.bun_library#realenergyintotheload#kwh,BUNDOORA,68.5,11.0649185,99.05137,96.11672,277.0
2025-04-30 10:00:00,solar.bun_library#realenergyintotheload#kwh,BUNDOORA,140.875,61.989716,158.75508,154.05156,436.0
2025-04-30 11:00:00,solar.bun_library#realenergyintotheload#kwh,BUNDOORA,195.5,129.54593,202.72427,196.71806,552.0
2025-04-30 12:00:00,solar.bun_library#realenergyintotheload#kwh,BUNDOORA,208.375,224.17908,220.73975,214.19978,612.0
2025-04-30 13:00:00,solar.bun_library#realenergyintotheload#kwh,BUNDOORA,236.5,253.96179,195.41913,189.62935,545.0
2025-04-30 14:00:00,solar.bun_library#realenergyintotheload#kwh,BUNDOORA,147.875,202.40758,174.79147,169.61284,486.0
2025-04-30 15:00:00,solar.bun_library#realenergyintotheload#kwh,BUNDOORA,157.75,190.2476,150.87396,146.40395,407.0
2025-04-30 16:00:00,solar.bun_library#realenergyintotheload#kwh,BUNDOORA,98.25,86.55029,98.50842,95.58987,285.0
2025-04-30 17:00:00,solar.bun_library#realenergyintotheload#kwh,BUNDOORA,31.125,153.0838,31.520792,30.58691,110.0
2025-04-30 18:00:00,solar.bun_library#realenergyintotheload#kwh,BUNDOORA,1.25,70.19841,0.04857581,0.04713663,0.0
2025-04-30 19:00:00,solar.bun_library#realenergyintotheload#kwh,BUNDOORA,0.0,14.63808,0.017168768,0.0166601,0.0
2025-04-30 20:00:00,solar.bun_library#realenergyintotheload#kwh,BUNDOORA,0.0,-0.016006384,0.009415175,0.009136227,0.0
2025-04-30 21:00:00,solar.bun_library#realenergyintotheload#kwh,BUNDOORA,0.0,1.7537369,0.009415175,0.009136227,0.0
2025-04-30 22:00:00,solar.bun_library#realenergyintotheload#kwh,BUNDOORA,0.0,0.5045285,-0.0011264447,0.0,0.0
2025-04-30 23:00:00,solar.bun_library#realenergyintotheload#kwh,BUNDOORA,0.0,0.24078682,-0.0097107645,0.0,0.0
2025-05-01 00:00:00,solar.bun_library#realenergyintotheload#kwh,BUNDOORA,0.0,0.1615402,-0.009679468,0.0,0.0
2025-05-01 01:00:00,solar.bun_library#realenergyintotheload#kwh,BUNDOORA,0.0,-0.03134595,-0.010666817,0.0,0.0
2025-05-01 02:00:00,solar.bun_library#realenergyintotheload#kwh,BUNDOORA,0.0,0.20752898,-0.010666817,0.0,0.0
2025-05-01 03:00:00,solar.bun_library#realenergyintotheload#kwh,BUNDOORA,0.0,-0.84137255,-0.010666817,0.0,0.0
2025-05-01 04:00:00,solar.bun_library#realenergyintotheload#kwh,BUNDOORA,0.0,-0.26739657,-0.010666817,0.0,0.0
2025-05-01 05:00:00,solar.bun_library#realenergyintotheload#kwh,BUNDOORA,0.0,-0.26739657,-0.010666817,0.0,0.0
2025-05-01 06:00:00,solar.bun_library#realenergyintotheload#kwh,BUNDOORA,0.0,1.229483,-0.010666817,0.0,0.0
2025-05-01 07:00:00,solar.bun_library#realenergyintotheload#kwh,BUNDOORA,0.0,-0.035792097,-0.010666817,0.0,0.0
2025-05-01 08:00:00,solar.bun_library#realenergyintotheload#kwh,BUNDOORA,9.625,-0.12180475,31.59674,30.660608,97.0
2025-05-01 09:00:00,solar.bun_library#realenergyintotheload#kwh,BUNDOORA,67.0,3.2456388,109.43165,106.18946,272.0
2025-05-01 10:00:00,solar.bun_library#realenergyintotheload#kwh,BUNDOORA,137.25,36.48308,169.93007,164.89546,432.0
2025-05-01 11:00:00,solar.bun_library#realenergyintotheload#kwh,BUNDOORA,190.125,193.36433,203.9894,197.9457,549.0
2025-05-01 12:00:00,solar.bun_library#realenergyintotheload#kwh,BUNDOORA,219.625,125.89701,223.58192,216.95775,610.0
2025-05-01 13:00:00,solar.bun_library#realenergyintotheload#kwh,BUNDOORA,211.875,218.57362,223.29552,216.67982,610.0
2025-05-01 14:00:00,solar.bun_library#realenergyintotheload#kwh,BUNDOORA,193.0,223.99144,181.88799,176.4991,532.0
2025-05-01 15:00:00,solar.bun_library#realenergyintotheload#kwh,BUNDOORA,150.875,191.81152,159.30109,154.58139,438.0
2025-05-01 16:00:00,solar.bun_library#realenergyintotheload#kwh,BUNDOORA,81.875,91.94721,96.73304,93.86708,283.0
2025-05-01 17:00:00,solar.bun_library#realenergyintotheload#kwh,BUNDOORA,19.75,152.40201,33.09836,32.117737,107.0
2025-05-01 18:00:00,solar.bun_library#realenergyintotheload#kwh,BUNDOORA,1.0,75.50237,-0.05366173,0.0,0.0
2025-05-01 19:00:00,solar.bun_library#realenergyintotheload#kwh,BUNDOORA,0.0,11.654553,0.009130895,0.008860369,0.0
2025-05-01 20:00:00,solar.bun_library#realenergyintotheload#kwh,BUNDOORA,0.0,0.45480704,0.0058300784,0.005657348,0.0
2025-05-01 21:00:00,solar.bun_library#realenergyintotheload#kwh,BUNDOORA,0.0,0.47382605,-0.0029132236,0.0,0.0
2025-05-01 22:00:00,solar.bun_library#realenergyintotheload#kwh,BUNDOORA,0.0,-0.0032673571,-0.0029132236,0.0,0.0
2025-05-01 23:00:00,solar.bun_library#realenergyintotheload#kwh,BUNDOORA,0.0,-0.56925344,-0.010666817,0.0,0.0
2025-05-02 00:00:00,solar.bun_library#realenergyintotheload#kwh,BUNDOORA,0.0,-0.5351176,-0.010666817,0.0,0.0
2025-05-02 01:00:00,solar.bun_library#realenergyintotheload#kwh,BUNDOORA,0.0,-0.56925344,-0.010666817,0.0,0.0
2025-05-02 02:00:00,solar.bun_library#realenergyintotheload#kwh,BUNDOORA,0.0,-1.2368937,-0.010666817,0.0,0.0
2025-05-02 03:00:00,solar.bun_library#realenergyintotheload#kwh,BUNDOORA,0.0,-0.72382736,-0.010666817,0.0,0.0
2025-05-02 04:00:00,solar.bun_library#realenergyintotheload#kwh,BUNDOORA,0.0,-0.70306194,-0.010666817,0.0,0.0
2025-05-02 05:00:00,solar.bun_library#realenergyintotheload#kwh,BUNDOORA,0.0,-0.6962943,-0.010666817,0.0,0.0
2025-05-02 06:00:00,solar.bun_library#realenergyintotheload#kwh,BUNDOORA,0.0,1.1470549,-0.010666817,0.0,0.0
2025-05-02 07:00:00,solar.bun_library#realenergyintotheload#kwh,BUNDOORA,0.0,0.7264328,-0.0020917845,0.0,0.0
2025-05-02 08:00:00,solar.bun_library#realenergyintotheload#kwh,BUNDOORA,9.25,-1.4140431,32.943405,31.967375,95.0
2025-05-02 09:00:00,solar.bun_library#realenergyintotheload#kwh,BUNDOORA,66.375,5.3110805,110.25488,106.988304,271.0
2025-05-02 10:00:00,solar.bun_library#realenergyintotheload#kwh,BUNDOORA,137.375,69.69514,171.5266,166.44469,433.0
2025-05-02 11:00:00,solar.bun_library#realenergyintotheload#kwh,BUNDOORA,188.75,141.66196,199.1479,193.24765,551.0
2025-05-02 12:00:00,solar.bun_library#realenergyintotheload#kwh,BUNDOORA,214.875,241.16724,220.0586,213.5388,612.0
2025-05-02 13:00:00,solar.bun_library#realenergyintotheload#kwh,BUNDOORA,221.5,244.29482,219.57988,213.07428,613.0
2025-05-02 14:00:00,solar.bun_library#realenergyintotheload#kwh,BUNDOORA,199.375,244.2474,191.08055,185.41931,554.0
2025-05-02 15:00:00,solar.bun_library#realenergyintotheload#kwh,BUNDOORA,150.75,205.1822,161.77654,156.9835,439.0
2025-05-02 16:00:00,solar.bun_library#realenergyintotheload#kwh,BUNDOORA,87.5,103.575294,100.49254,97.5152,282.0
2025-05-02 17:00:00,solar.bun_library#realenergyintotheload#kwh,BUNDOORA,19.75,145.35,34.31002,33.2935,106.0
2025-05-02 18:00:00,solar.bun_library#realenergyintotheload#kwh,BUNDOORA,1.0,76.40817,0.12334026,0.11968599,0.0
2025-05-02 19:00:00,solar.bun_library#realenergyintotheload#kwh,BUNDOORA,0.0,18.203688,0.03558409,0.03452982,0.0
2025-05-02 20:00:00,solar.bun_library#realenergyintotheload#kwh,BUNDOORA,0.0,-0.7624108,0.03578354,0.034723364,0.0
2025-05-02 21:00:00,solar.bun_library#realenergyintotheload#kwh,BUNDOORA,0.0,0.19167927,-0.0020917845,0.0,0.0
2025-05-02 22:00:00,solar.bun_library#realenergyintotheload#kwh,BUNDOORA,0.0,0.3299956,-0.010666817,0.0,0.0
2025-05-02 23:00:00,solar.bun_library#realenergyintotheload#kwh,BUNDOORA,0.0,0.20912552,0.013116319,0.012727715,0.0
2025-05-03 00:00:00,solar.bun_library#realenergyintotheload#kwh,BUNDOORA,0.0,0.28518853,-0.006378649,0.0,0.0
2025-05-03 01:00:00,solar.bun_library#realenergyintotheload#kwh,BUNDOORA,0.0,0.1605762,-0.006378649,0.0,0.0
2025-05-03 02:00:00,solar.bun_library#realenergyintotheload#kwh,BUNDOORA,0.0,0.0009849686,0.0012090327,0.0011732121,0.0
2025-05-03 03:00:00,solar.bun_library#realenergyintotheload#kwh,BUNDOORA,0.0,0.45141208,0.016417138,0.01593074,0.0
2025-05-03 04:00:00,solar.bun_library#realenergyintotheload#kwh,BUNDOORA,0.0,-0.01736143,-0.0097107645,0.0,0.0
2025-05-03 05:00:00,solar.bun_library#realenergyintotheload#kwh,BUNDOORA,0.0,-0.0052594673,-0.0097107645,0.0,0.0
2025-05-03 06:00:00,solar.bun_library#realenergyintotheload#kwh,BUNDOORA,0.0,9.494239,-0.0097107645,0.0,0.0
2025-05-03 07:00:00,solar.bun_library#realenergyintotheload#kwh,BUNDOORA,0.0,29.99928,-0.0019548112,0.0,0.0
2025-05-03 08:00:00,solar.bun_library#realenergyintotheload#kwh,BUNDOORA,9.5,9.733314,33.287064,32.30085,96.0
2025-05-03 09:00:00,solar.bun_library#realenergyintotheload#kwh,BUNDOORA,66.125,20.278986,105.38956,102.26713,277.0
2025-05-03 10:00:00,solar.bun_library#realenergyintotheload#kwh,BUNDOORA,138.0,112.269554,162.39891,157.58743,434.0
2025-05-03 11:00:00,solar.bun_library#realenergyintotheload#kwh,BUNDOORA,190.75,201.46947,191.26097,185.59439,551.0
2025-05-03 12:00:00,solar.bun_library#realenergyintotheload#kwh,BUNDOORA,217.875,254.6978,217.13835,210.70508,613.0
2025-05-03 13:00:00,solar.bun_library#realenergyintotheload#kwh,BUNDOORA,221.125,245.78436,216.45253,210.03958,615.0
2025-05-03 14:00:00,solar.bun_library#realenergyintotheload#kwh,BUNDOORA,195.125,224.88907,188.55989,182.97333,556.0
2025-05-03 15:00:00,solar.bun_library#realenergyintotheload#kwh,BUNDOORA,138.25,190.90123,155.9113,151.29204,437.0
2025-05-03 16:00:00,solar.bun_library#realenergyintotheload#kwh,BUNDOORA,72.0,116.00149,73.03085,70.867134,221.0
2025-05-03 17:00:00,solar.bun_library#realenergyintotheload#kwh,BUNDOORA,22.625,72.95611,23.636818,22.936518,74.0
2025-05-03 18:00:00,solar.bun_library#realenergyintotheload#kwh,BUNDOORA,1.5,70.27416,0.0372162,0.03611358,0.0
2025-05-03 19:00:00,solar.bun_library#realenergyintotheload#kwh,BUNDOORA,0.0,19.287289,-0.03634705,0.0,0.0
2025-05-03 20:00:00,solar.bun_library#realenergyintotheload#kwh,BUNDOORA,0.0,4.7942204,-7.088389e-05,0.0,0.0
2025-05-03 21:00:00,solar.bun_library#realenergyintotheload#kwh,BUNDOORA,0.0,6.9274454,0.055290658,0.053652532,0.0
2025-05-03 22:00:00,solar.bun_library#realenergyintotheload#kwh,BUNDOORA,0.0,9.906287,0.10176869,0.098753534,0.0
2025-05-03 23:00:00,solar.bun_library#realenergyintotheload#kwh,BUNDOORA,0.0,4.158074,0.04651408,0.045135982,0.0
2025-05-04 00:00:00,solar.bun_library#realenergyintotheload#kwh,BUNDOORA,0.0,3.4519675,0.02232229,0.021660935,0.0
2025-05-04 01:00:00,solar.bun_library#realenergyintotheload#kwh,BUNDOORA,0.0,-0.064097375,0.01271014,0.01233357,0.0
2025-05-04 02:00:00,solar.bun_library#realenergyintotheload#kwh,BUNDOORA,0.0,2.5478137,0.022959743,0.022279503,0.0
2025-05-04 03:00:00,solar.bun_library#realenergyintotheload#kwh,BUNDOORA,0.0,5.687996,0.019596238,0.01901565,0.0
2025-05-04 04:00:00,solar.bun_library#realenergyintotheload#kwh,BUNDOORA,0.0,8.781404,-0.2625278,0.0,0.0
2025-05-04 05:00:00,solar.bun_library#realenergyintotheload#kwh,BUNDOORA,0.0,8.213876,-0.055374272,0.0,0.0
2025-05-04 06:00:00,solar.bun_library#realenergyintotheload#kwh,BUNDOORA,0.0,19.309216,-0.0036059201,0.0,0.0
2025-05-04 07:00:00,solar.bun_library#realenergyintotheload#kwh,BUNDOORA,0.0,67.122154,-0.2425534,0.0,0.0
2025-05-04 08:00:00,solar.bun_library#realenergyintotheload#kwh,BUNDOORA,6.125,126.52637,28.22917,27.39281,87.0
2025-05-04 09:00:00,solar.bun_library#realenergyintotheload#kwh,BUNDOORA,50.0,194.1901,86.06663,83.516685,253.0
2025-05-04 10:00:00,solar.bun_library#realenergyintotheload#kwh,BUNDOORA,121.625,183.46169,126.4247,122.67905,354.0
2025-05-04 11:00:00,solar.bun_library#realenergyintotheload#kwh,BUNDOORA,111.125,186.87932,182.42102,177.01634,528.0
2025-05-04 12:00:00,solar.bun_library#realenergyintotheload#kwh,BUNDOORA,152.625,155.28748,177.09454,171.84767,500.0
2025-05-04 13:00:00,solar.bun_library#realenergyintotheload#kwh,BUNDOORA,207.25,181.53494,215.7669,209.37427,598.0
2025-05-04 14:00:00,solar.bun_library#realenergyintotheload#kwh,BUNDOORA,195.75,230.32635,189.52179,183.90674,540.0
2025-05-04 15:00:00,solar.bun_library#realenergyintotheload#kwh,BUNDOORA,134.375,181.14279,154.10959,149.5437,423.0
2025-05-04 16:00:00,solar.bun_library#realenergyintotheload#kwh,BUNDOORA,85.625,143.19414,84.36663,81.86706,261.0
2025-05-04 17:00:00,solar.bun_library#realenergyintotheload#kwh,BUNDOORA,20.75,148.66527,31.77112,30.82982,98.0
2025-05-04 18:00:00,solar.bun_library#realenergyintotheload#kwh,BUNDOORA,1.5,75.21749,-0.022449832,0.0,0.0
2025-05-04 19:00:00,solar.bun_library#realenergyintotheload#kwh,BUNDOORA,0.0,18.217007,0.13049775,0.12663142,0.0
2025-05-04 20:00:00,solar.bun_library#realenergyintotheload#kwh,BUNDOORA,0.0,4.034463,0.12020148,0.11664021,0.0
2025-05-04 21:00:00,solar.bun_library#realenergyintotheload#kwh,BUNDOORA,0.0,4.77471,-0.13458973,0.0,0.0
2025-05-04 22:00:00,solar.bun_library#realenergyintotheload#kwh,BUNDOORA,0.0,2.8373878,-0.044108972,0.0,0.0
2025-05-04 23:00:00,solar.bun_library#realenergyintotheload#kwh,BUNDOORA,0.0,3.0267332,-0.028636046,0.0,0.0
2025-05-05 00:00:00,solar.bun_library#realenergyintotheload#kwh,BUNDOORA,0.0,3.851426,-0.11362326,0.0,0.0
2025-05-05 01:00:00,solar.bun_library#realenergyintotheload#kwh,BUNDOORA,0.0,5.548214,-0.051902544,0.0,0.0
2025-05-05 02:00:00,solar.bun_library#realenergyintotheload#kwh,BUNDOORA,0.0,8.172644,-0.044158533,0.0,0.0
2025-05-05 03:00:00,solar.bun_library#realenergyintotheload#kwh,BUNDOORA,0.0,4.85911,-0.040032465,0.0,0.0
2025-05-05 04:00:00,solar.bun_library#realenergyintotheload#kwh,BUNDOORA,0.0,5.48845,-0.13735059,0.0,0.0
2025-05-05 05:00:00,solar.bun_library#realenergyintotheload#kwh,BUNDOORA,0.0,4.7104177,-0.13461722,0.0,0.0
2025-05-05 06:00:00,solar.bun_library#realenergyintotheload#kwh,BUNDOORA,0.0,15.765866,-0.058868922,0.0,0.0
2025-05-05 07:00:00,solar.bun_library#realenergyintotheload#kwh,BUNDOORA,0.0,28.755,-0.13735059,0.0,0.0
2025-05-05 08:00:00,solar.bun_library#realenergyintotheload#kwh,BUNDOORA,3.5,65.737656,19.618336,19.037094,63.0
2025-05-05 09:00:00,solar.bun_library#realenergyintotheload#kwh,BUNDOORA,27.125,153.62698,64.47672,62.566437,186.0
2025-05-05 10:00:00,solar.bun_library#realenergyintotheload#kwh,BUNDOORA,102.5,161.76207,113.12872,109.777,321.0
2025-05-05 11:00:00,solar.bun_library#realenergyintotheload#kwh,BUNDOORA,157.75,226.29059,175.49509,170.29561,521.0
2025-05-05 12:00:00,solar.bun_library#realenergyintotheload#kwh,BUNDOORA,197.125,226.88542,210.35965,204.12721,579.0
2025-05-05 13:00:00,solar.bun_library#realenergyintotheload#kwh,BUNDOORA,165.0,181.21649,175.42451,170.22713,482.0
2025-05-05 14:00:00,solar.bun_library#realenergyintotheload#kwh,BUNDOORA,194.375,213.66615,174.8275,169.6478,523.0
2025-05-05 15:00:00,solar.bun_library#realenergyintotheload#kwh,BUNDOORA,144.125,193.2449,140.46538,136.30374,414.0
2025-05-05 16:00:00,solar.bun_library#realenergyintotheload#kwh,BUNDOORA,77.5,174.83913,83.39655,80.92572,245.0
2025-05-05 17:00:00,solar.bun_library#realenergyintotheload#kwh,BUNDOORA,15.75,48.59947,14.804183,14.365572,51.0
2025-05-05 18:00:00,solar.bun_library#realenergyintotheload#kwh,BUNDOORA,1.625,32.812927,0.05299328,0.05142322,0.0
2025-05-05 19:00:00,solar.bun_library#realenergyintotheload#kwh,BUNDOORA,0.0,8.565463,0.094659716,0.09185518,0.0
2025-05-05 20:00:00,solar.bun_library#realenergyintotheload#kwh,BUNDOORA,0.0,-4.8705945,-0.034208715,0.0,0.0
2025-05-05 21:00:00,solar.bun_library#realenergyintotheload#kwh,BUNDOORA,0.0,-5.8344603,-0.06968804,0.0,0.0
2025-05-05 22:00:00,solar.bun_library#realenergyintotheload#kwh,BUNDOORA,0.0,-3.5217342,-0.016225323,0.0,0.0
2025-05-05 23:00:00,solar.bun_library#realenergyintotheload#kwh,BUNDOORA,0.0,-3.1761732,-0.018141463,0.0,0.0
2025-05-06 00:00:00,solar.bun_library#realenergyintotheload#kwh,BUNDOORA,0.0,-3.2997992,0.07444366,0.07223808,0.0
2025-05-06 01:00:00,solar.bun_library#realenergyintotheload#kwh,BUNDOORA,0.0,-3.1782434,0.07343967,0.071263835,0.0
2025-05-06 02:00:00,solar.bun_library#realenergyintotheload#kwh,BUNDOORA,0.0,1.5000865,0.17466745,0.16949248,0.0
2025-05-06 03:00:00,solar.bun_library#realenergyintotheload#kwh,BUNDOORA,0.0,-0.015188724,0.040994342,0.039779782,0.0
2025-05-06 04:00:00,solar.bun_library#realenergyintotheload#kwh,BUNDOORA,0.0,3.658369,0.026283965,0.025505235,0.0
2025-05-06 05:00:00,solar.bun_library#realenergyintotheload#kwh,BUNDOORA,0.0,1.3636208,0.008494782,0.0082431035,0.0
2025-05-06 06:00:00,solar.bun_library#realenergyintotheload#kwh,BUNDOORA,0.0,10.974634,-0.22939426,0.0,0.0
2025-05-06 07:00:00,solar.bun_library#realenergyintotheload#kwh,BUNDOORA,0.0,28.604912,-0.05970855,0.0,0.0
2025-05-06 08:00:00,solar.bun_library#realenergyintotheload#kwh,BUNDOORA,5.625,95.06538,22.758305,22.084032,82.0
2025-05-06 09:00:00,solar.bun_library#realenergyintotheload#kwh,BUNDOORA,56.5,204.33429,81.45672,79.04336,249.0
2025-05-06 10:00:00,solar.bun_library#realenergyintotheload#kwh,BUNDOORA,124.375,198.61447,146.01785,141.69171,402.0
2025-05-06 11:00:00,solar.bun_library#realenergyintotheload#kwh,BUNDOORA,177.0,224.85532,173.05634,167.92911,514.0
2025-05-06 12:00:00,solar.bun_library#realenergyintotheload#kwh,BUNDOORA,203.125,196.1946,200.17015,194.23961,573.0
2025-05-06 13:00:00,solar.bun_library#realenergyintotheload#kwh,BUNDOORA,208.625,212.2246,197.6206,191.7656,574.0
2025-05-06 14:00:00,solar.bun_library#realenergyintotheload#kwh,BUNDOORA,188.0,202.20856,173.95222,168.79846,517.0
2025-05-06 15:00:00,solar.bun_library#realenergyintotheload#kwh,BUNDOORA,140.625,178.71771,144.76381,140.47482,408.0
2025-05-06 16:00:00,solar.bun_library#realenergyintotheload#kwh,BUNDOORA,77.125,132.14778,80.72227,78.330666,257.0
2025-05-06 17:00:00,solar.bun_library#realenergyintotheload#kwh,BUNDOORA,15.375,140.91275,30.884119,29.969099,90.0
2025-05-06 18:00:00,solar.bun_library#realenergyintotheload#kwh,BUNDOORA,0.625,47.52701,0.11565374,0.11222721,0.0
2025-05-06 19:00:00,solar.bun_library#realenergyintotheload#kwh,BUNDOORA,0.0,22.09392,0.30146366,0.29253206,0.0
2025-05-06 20:00:00,solar.bun_library#realenergyintotheload#kwh,BUNDOORA,0.0,2.4733434,0.062350303,0.06050302,0.0
2025-05-06 21:00:00,solar.bun_library#realenergyintotheload#kwh,BUNDOORA,0.0,-1.9114463,0.19505061,0.18927175,0.0
2025-05-06 22:00:00,solar.bun_library#realenergyintotheload#kwh,BUNDOORA,0.0,6.720245,0.35036367,0.33998328,0.0
2025-05-06 23:00:00,solar.bun_library#realenergyintotheload#kwh,BUNDOORA,0.0,8.257943,0.24785039,0.2405072,0.0
2025-05-07 00:00:00,solar.bun_library#realenergyintotheload#kwh,BUNDOORA,0.0,5.3472033,0.14067912,0.13651115,0.0
2025-05-07 01:00:00,solar.bun_library#realenergyintotheload#kwh,BUNDOORA,0.0,-1.0102587,0.08977414,0.08711436,0.0
2025-05-07 02:00:00,solar.bun_library#realenergyintotheload#kwh,BUNDOORA,0.0,3.4901853,0.062391773,0.06054326,0.0
2025-05-07 03:00:00,solar.bun_library#realenergyintotheload#kwh,BUNDOORA,0.0,7.661886,0.042182453,0.040932693,0.0
2025-05-07 04:00:00,solar.bun_library#realenergyintotheload#kwh,BUNDOORA,0.0,0.5818496,0.02417073,0.023454612,0.0
2025-05-07 05:00:00,solar.bun_library#realenergyintotheload#kwh,BUNDOORA,0.0,1.1413648,0.02417073,0.023454612,0.0
2025-05-07 06:00:00,solar.bun_library#realenergyintotheload#kwh,BUNDOORA,0.0,11.700596,0.015332028,0.0148777785,0.0
2025-05-07 07:00:00,solar.bun_library#realenergyintotheload#kwh,BUNDOORA,0.0,30.30204,0.013836655,0.013426709,0.0
2025-05-07 08:00:00,solar.bun_library#realenergyintotheload#kwh,BUNDOORA,7.125,28.312098,18.662552,18.109627,66.0
2025-05-07 09:00:00,solar.bun_library#realenergyintotheload#kwh,BUNDOORA,63.75,29.722382,69.08552,67.03869,215.0
2025-05-07 10:00:00,solar.bun_library#realenergyintotheload#kwh,BUNDOORA,116.375,131.87141,116.50595,113.05417,333.0
2025-05-07 11:00:00,solar.bun_library#realenergyintotheload#kwh,BUNDOORA,97.375,148.69405,86.11371,83.56238,251.0
2025-05-07 12:00:00,solar.bun_library#realenergyintotheload#kwh,BUNDOORA,66.5,171.30367,39.31715,38.152283,117.0
2025-05-07 13:00:00,solar.bun_library#realenergyintotheload#kwh,BUNDOORA,42.25,128.59386,23.031431,22.349068,74.0
2025-05-07 14:00:00,solar.bun_library#realenergyintotheload#kwh,BUNDOORA,60.125,69.46783,65.09324,63.16469,197.0
2025-05-07 15:00:00,solar.bun_library#realenergyintotheload#kwh,BUNDOORA,98.875,145.27306,86.32554,83.76793,249.0
2025-05-07 16:00:00,solar.bun_library#realenergyintotheload#kwh,BUNDOORA,79.625,186.60754,77.08582,74.80196,220.0
2025-05-07 17:00:00,solar.bun_library#realenergyintotheload#kwh,BUNDOORA,19.75,80.12064,14.103074,13.685235,48.0
2025-05-07 18:00:00,solar.bun_library#realenergyintotheload#kwh,BUNDOORA,0.875,36.249664,-0.039154742,0.0,0.0
2025-05-07 19:00:00,solar.bun_library#realenergyintotheload#kwh,BUNDOORA,0.0,11.369616,-0.11927361,0.0,0.0
2025-05-07 20:00:00,solar.bun_library#realenergyintotheload#kwh,BUNDOORA,0.0,-1.6714783,-0.008361698,0.0,0.0
2025-05-07 21:00:00,solar.bun_library#realenergyintotheload#kwh,BUNDOORA,0.0,-0.3882562,0.01366059,0.013255861,0.0
2025-05-07 22:00:00,solar.bun_library#realenergyintotheload#kwh,BUNDOORA,0.0,1.5272398,0.0028065229,0.0027233725,0.0
2025-05-07 23:00:00,solar.bun_library#realenergyintotheload#kwh,BUNDOORA,0.0,-2.063815,-0.07990304,0.0,0.0
2025-05-08 00:00:00,solar.bun_library#realenergyintotheload#kwh,BUNDOORA,0.0,-1.3362881,0.02011532,0.019519353,0.0
2025-05-08 01:00:00,solar.bun_library#realenergyintotheload#kwh,BUNDOORA,0.0,1.1267176,0.006911428,0.0067066597,0.0
2025-05-08 02:00:00,solar.bun_library#realenergyintotheload#kwh,BUNDOORA,0.0,0.98449856,0.006911428,0.0067066597,0.0
2025-05-08 03:00:00,solar.bun_library#realenergyintotheload#kwh,BUNDOORA,0.0,-0.35932043,-0.0011264447,0.0,0.0
2025-05-08 04:00:00,solar.bun_library#realenergyintotheload#kwh,BUNDOORA,0.0,0.13769928,0.0013773022,0.0013364962,0.0
2025-05-08 05:00:00,solar.bun_library#realenergyintotheload#kwh,BUNDOORA,0.0,-0.06128183,0.013085023,0.012697346,0.0
2025-05-08 06:00:00,solar.bun_library#realenergyintotheload#kwh,BUNDOORA,0.0,5.611387,0.013085023,0.012697346,0.0
2025-05-08 07:00:00,solar.bun_library#realenergyintotheload#kwh,BUNDOORA,0.0,17.24318,0.013085023,0.012697346,0.0
2025-05-08 08:00:00,solar.bun_library#realenergyintotheload#kwh,BUNDOORA,6.875,-0.09566969,20.944153,20.32363,70.0
2025-05-08 09:00:00,solar.bun_library#realenergyintotheload#kwh,BUNDOORA,51.375,-0.06504628,94.95587,92.14256,240.0
2025-05-08 10:00:00,solar.bun_library#realenergyintotheload#kwh,BUNDOORA,120.875,154.43056,149.2461,144.82431,392.0
2025-05-08 11:00:00,solar.bun_library#realenergyintotheload#kwh,BUNDOORA,175.625,166.98047,192.98355,187.26593,503.0
2025-05-08 12:00:00,solar.bun_library#realenergyintotheload#kwh,BUNDOORA,190.625,120.45303,210.27763,204.04764,561.0
2025-05-08 13:00:00,solar.bun_library#realenergyintotheload#kwh,BUNDOORA,199.375,136.85388,185.35313,179.86159,512.0
2025-05-08 14:00:00,solar.bun_library#realenergyintotheload#kwh,BUNDOORA,146.75,132.88612,152.43723,147.9209,410.0
2025-05-08 15:00:00,solar.bun_library#realenergyintotheload#kwh,BUNDOORA,85.375,131.61182,78.27621,75.95708,219.0
2025-05-08 16:00:00,solar.bun_library#realenergyintotheload#kwh,BUNDOORA,41.125,140.13335,51.013172,49.501778,154.0
2025-05-08 17:00:00,solar.bun_library#realenergyintotheload#kwh,BUNDOORA,19.375,66.24052,3.534156,3.429448,14.0
2025-05-08 18:00:00,solar.bun_library#realenergyintotheload#kwh,BUNDOORA,1.375,54.838623,0.06501851,0.06309218,0.0
2025-05-08 19:00:00,solar.bun_library#realenergyintotheload#kwh,BUNDOORA,0.0,15.265389,0.03578354,0.034723364,0.0
2025-05-08 20:00:00,solar.bun_library#realenergyintotheload#kwh,BUNDOORA,0.0,1.2954073,-0.004771987,0.0,0.0
2025-05-08 21:00:00,solar.bun_library#realenergyintotheload#kwh,BUNDOORA,0.0,-0.81125003,0.026374098,0.0255927,0.0
2025-05-08 22:00:00,solar.bun_library#realenergyintotheload#kwh,BUNDOORA,0.0,-0.3704433,0.02803953,0.027208788,0.0
2025-05-08 23:00:00,solar.bun_library#realenergyintotheload#kwh,BUNDOORA,0.0,-0.02082864,0.013116319,0.012727715,0.0
2025-05-09 00:00:00,solar.bun_library#realenergyintotheload#kwh,BUNDOORA,0.0,-0.005298348,0.005372308,0.00521314,0.0
2025-05-09 01:00:00,solar.bun_library#realenergyintotheload#kwh,BUNDOORA,0.0,-0.6247634,0.013116319,0.012727715,0.0
2025-05-09 02:00:00,solar.bun_library#realenergyintotheload#kwh,BUNDOORA,0.0,-0.5982589,0.013116319,0.012727715,0.0
2025-05-09 03:00:00,solar.bun_library#realenergyintotheload#kwh,BUNDOORA,0.0,-0.86547774,0.003706878,0.0035970525,0.0
2025-05-09 04:00:00,solar.bun_library#realenergyintotheload#kwh,BUNDOORA,0.0,-0.90057325,0.013116319,0.012727715,0.0
2025-05-09 05:00:00,solar.bun_library#realenergyintotheload#kwh,BUNDOORA,0.0,-0.9948508,0.013116319,0.012727715,0.0
2025-05-09 06:00:00,solar.bun_library#realenergyintotheload#kwh,BUNDOORA,0.0,0.30848172,0.013116319,0.012727715,0.0
2025-05-09 07:00:00,solar.bun_library#realenergyintotheload#kwh,BUNDOORA,0.0,1.0414388,0.013116319,0.012727715,0.0
2025-05-09 08:00:00,solar.bun_library#realenergyintotheload#kwh,BUNDOORA,6.25,-0.9949698,21.777845,21.132622,74.0
2025-05-09 09:00:00,solar.bun_library#realenergyintotheload#kwh,BUNDOORA,31.125,4.7154837,83.959564,81.47205,218.0
2025-05-09 10:00:00,solar.bun_library#realenergyintotheload#kwh,BUNDOORA,65.5,47.886765,98.92894,95.997925,262.0
2025-05-09 11:00:00,solar.bun_library#realenergyintotheload#kwh,BUNDOORA,95.375,77.721344,125.9649,122.23287,345.0
2025-05-09 12:00:00,solar.bun_library#realenergyintotheload#kwh,BUNDOORA,131.375,148.3716,108.34114,105.13126,302.0
2025-05-09 13:00:00,solar.bun_library#realenergyintotheload#kwh,BUNDOORA,111.875,197.41618,203.6357,197.60248,551.0
2025-05-09 14:00:00,solar.bun_library#realenergyintotheload#kwh,BUNDOORA,112.0,226.16719,184.14305,178.68735,508.0
2025-05-09 15:00:00,solar.bun_library#realenergyintotheload#kwh,BUNDOORA,138.125,179.71225,150.65259,146.18913,398.0
2025-05-09 16:00:00,solar.bun_library#realenergyintotheload#kwh,BUNDOORA,73.625,157.98058,89.97543,87.309685,246.0
2025-05-09 17:00:00,solar.bun_library#realenergyintotheload#kwh,BUNDOORA,13.375,101.17802,25.68977,24.928646,79.0
2025-05-09 18:00:00,solar.bun_library#realenergyintotheload#kwh,BUNDOORA,0.375,63.903767,0.01774947,0.017223597,0.0
2025-05-09 19:00:00,solar.bun_library#realenergyintotheload#kwh,BUNDOORA,0.0,12.399687,-0.0020917845,0.0,0.0
2025-05-09 20:00:00,solar.bun_library#realenergyintotheload#kwh,BUNDOORA,0.0,0.19147028,-0.010666817,0.0,0.0
2025-05-09 21:00:00,solar.bun_library#realenergyintotheload#kwh,BUNDOORA,0.0,0.2384587,-0.0020917845,0.0,0.0
2025-05-09 22:00:00,solar.bun_library#realenergyintotheload#kwh,BUNDOORA,0.0,-0.23742744,-0.010666817,0.0,0.0
2025-05-09 23:00:00,solar.bun_library#realenergyintotheload#kwh,BUNDOORA,0.0,-0.23742744,-0.010666817,0.0,0.0
2025-05-10 00:00:00,solar.bun_library#realenergyintotheload#kwh,BUNDOORA,0.0,-0.4742069,-0.010666817,0.0,0.0
2025-05-10 01:00:00,solar.bun_library#realenergyintotheload#kwh,BUNDOORA,0.0,-0.4742069,-0.010666817,0.0,0.0
2025-05-10 02:00:00,solar.bun_library#realenergyintotheload#kwh,BUNDOORA,0.0,-0.58972156,-0.010666817,0.0,0.0
2025-05-10 03:00:00,solar.bun_library#realenergyintotheload#kwh,BUNDOORA,0.0,-1.2368937,-0.010666817,0.0,0.0
2025-05-10 04:00:00,solar.bun_library#realenergyintotheload#kwh,BUNDOORA,0.0,-1.2368937,-0.010666817,0.0,0.0
2025-05-10 05:00:00,solar.bun_library#realenergyintotheload#kwh,BUNDOORA,0.0,-1.2368937,-0.010666817,0.0,0.0
2025-05-10 06:00:00,solar.bun_library#realenergyintotheload#kwh,BUNDOORA,0.0,0.72492456,-0.010666817,0.0,0.0
2025-05-10 07:00:00,solar.bun_library#realenergyintotheload#kwh,BUNDOORA,0.0,0.52679455,-0.010666817,0.0,0.0
2025-05-10 08:00:00,solar.bun_library#realenergyintotheload#kwh,BUNDOORA,3.125,-2.4871547,19.923405,19.333124,71.0
2025-05-10 09:00:00,solar.bun_library#realenergyintotheload#kwh,BUNDOORA,52.625,-2.1388054,86.602005,84.0362,236.0
2025-05-10 10:00:00,solar.bun_library#realenergyintotheload#kwh,BUNDOORA,121.625,48.27388,149.14983,144.7309,387.0
2025-05-10 11:00:00,solar.bun_library#realenergyintotheload#kwh,BUNDOORA,174.0,211.64124,190.01546,184.38577,498.0
2025-05-10 12:00:00,solar.bun_library#realenergyintotheload#kwh,BUNDOORA,201.375,189.3823,212.14357,205.85829,557.0
2025-05-10 13:00:00,solar.bun_library#realenergyintotheload#kwh,BUNDOORA,206.75,234.6103,206.18233,200.07365,557.0
2025-05-10 14:00:00,solar.bun_library#realenergyintotheload#kwh,BUNDOORA,185.625,275.00104,180.71799,175.36377,499.0
2025-05-10 15:00:00,solar.bun_library#realenergyintotheload#kwh,BUNDOORA,138.125,247.6286,140.12054,135.96912,389.0
2025-05-10 16:00:00,solar.bun_library#realenergyintotheload#kwh,BUNDOORA,71.375,162.28247,88.55711,85.93339,239.0
2025-05-10 17:00:00,solar.bun_library#realenergyintotheload#kwh,BUNDOORA,12.625,135.35417,23.770306,23.066051,76.0
2025-05-10 18:00:00,solar.bun_library#realenergyintotheload#kwh,BUNDOORA,0.375,52.540405,0.18520099,0.17971395,0.0
2025-05-10 19:00:00,solar.bun_library#realenergyintotheload#kwh,BUNDOORA,0.0,16.219408,0.028329026,0.027489707,0.0
2025-05-10 20:00:00,solar.bun_library#realenergyintotheload#kwh,BUNDOORA,0.0,0.09605306,-0.010666817,0.0,0.0
2025-05-10 21:00:00,solar.bun_library#realenergyintotheload#kwh,BUNDOORA,0.0,-0.23742744,-0.010666817,0.0,0.0
2025-05-10 22:00:00,solar.bun_library#realenergyintotheload#kwh,BUNDOORA,0.0,-0.4742069,-0.010666817,0.0,0.0
2025-05-10 23:00:00,solar.bun_library#realenergyintotheload#kwh,BUNDOORA,0.0,-1.0862498,-0.010666817,0.0,0.0
2025-05-11 00:00:00,solar.bun_library#realenergyintotheload#kwh,BUNDOORA,0.0,-1.2368937,-0.010666817,0.0,0.0
2025-05-11 01:00:00,solar.bun_library#realenergyintotheload#kwh,BUNDOORA,0.0,-0.70914847,-0.010666817,0.0,0.0
2025-05-11 02:00:00,solar.bun_library#realenergyintotheload#kwh,BUNDOORA,0.0,-0.24969436,-0.010666817,0.0,0.0
2025-05-11 03:00:00,solar.bun_library#realenergyintotheload#kwh,BUNDOORA,0.0,-0.04084964,-0.010666817,0.0,0.0
2025-05-11 04:00:00,solar.bun_library#realenergyintotheload#kwh,BUNDOORA,0.0,0.026295053,-0.010666817,0.0,0.0
2025-05-11 05:00:00,solar.bun_library#realenergyintotheload#kwh,BUNDOORA,0.0,-0.13580565,-0.0073347017,0.0,0.0
2025-05-11 06:00:00,solar.bun_library#realenergyintotheload#kwh,BUNDOORA,0.0,7.358979,-0.006378649,0.0,0.0
2025-05-11 07:00:00,solar.bun_library#realenergyintotheload#kwh,BUNDOORA,0.0,33.693764,0.0012090327,0.0011732121,0.0
2025-05-11 08:00:00,solar.bun_library#realenergyintotheload#kwh,BUNDOORA,5.75,-0.44614565,20.06894,19.474346,71.0
2025-05-11 09:00:00,solar.bun_library#realenergyintotheload#kwh,BUNDOORA,51.375,61.51605,83.93744,81.450584,236.0
2025-05-11 10:00:00,solar.bun_library#realenergyintotheload#kwh,BUNDOORA,119.75,190.49054,143.0375,138.79967,390.0
2025-05-11 11:00:00,solar.bun_library#realenergyintotheload#kwh,BUNDOORA,170.75,191.27353,167.6185,162.65239,501.0
2025-05-11 12:00:00,solar.bun_library#realenergyintotheload#kwh,BUNDOORA,196.25,222.43227,203.269,197.24664,559.0
2025-05-11 13:00:00,solar.bun_library#realenergyintotheload#kwh,BUNDOORA,197.375,235.0523,203.63257,197.59944,559.0
2025-05-11 14:00:00,solar.bun_library#realenergyintotheload#kwh,BUNDOORA,174.125,222.24173,167.96869,162.9922,501.0
2025-05-11 15:00:00,solar.bun_library#realenergyintotheload#kwh,BUNDOORA,134.875,209.60164,138.3539,134.25482,391.0
2025-05-11 16:00:00,solar.bun_library#realenergyintotheload#kwh,BUNDOORA,70.875,153.48027,86.73641,84.166626,239.0
2025-05-11 17:00:00,solar.bun_library#realenergyintotheload#kwh,BUNDOORA,14.625,107.28238,20.397955,19.793615,65.0
2025-05-11 18:00:00,solar.bun_library#realenergyintotheload#kwh,BUNDOORA,0.625,60.26747,-0.030271169,0.0,0.0
2025-05-11 19:00:00,solar.bun_library#realenergyintotheload#kwh,BUNDOORA,0.0,13.901136,0.1142189,0.110834874,0.0
2025-05-11 20:00:00,solar.bun_library#realenergyintotheload#kwh,BUNDOORA,0.0,-2.9578488,0.039643846,0.0384693,0.0
2025-05-11 21:00:00,solar.bun_library#realenergyintotheload#kwh,BUNDOORA,0.0,1.9407685,0.06098894,0.059181992,0.0
2025-05-11 22:00:00,solar.bun_library#realenergyintotheload#kwh,BUNDOORA,0.0,0.5000742,0.123167425,0.11951828,0.0
2025-05-11 23:00:00,solar.bun_library#realenergyintotheload#kwh,BUNDOORA,0.0,0.9974535,-0.003405245,0.0,0.0
2025-05-12 00:00:00,solar.bun_library#realenergyintotheload#kwh,BUNDOORA,0.0,-0.0018014465,0.016417138,0.01593074,0.0
2025-05-12 01:00:00,solar.bun_library#realenergyintotheload#kwh,BUNDOORA,0.0,0.054920107,0.016417138,0.01593074,0.0
2025-05-12 02:00:00,solar.bun_library#realenergyintotheload#kwh,BUNDOORA,0.0,-0.6342506,0.01791251,0.017381808,0.0
2025-05-12 03:00:00,solar.bun_library#realenergyintotheload#kwh,BUNDOORA,0.0,0.08038109,0.010168499,0.009867232,0.0
2025-05-12 04:00:00,solar.bun_library#realenergyintotheload#kwh,BUNDOORA,0.0,-0.6607655,0.005840049,0.005667023,0.0
2025-05-12 05:00:00,solar.bun_library#realenergyintotheload#kwh,BUNDOORA,0.0,-0.7113389,0.013116319,0.012727715,0.0
2025-05-12 06:00:00,solar.bun_library#realenergyintotheload#kwh,BUNDOORA,0.0,3.2469652,0.013116319,0.012727715,0.0
2025-05-12 07:00:00,solar.bun_library#realenergyintotheload#kwh,BUNDOORA,0.0,-0.4670675,-0.010666817,0.0,0.0
2025-05-12 08:00:00,solar.bun_library#realenergyintotheload#kwh,BUNDOORA,5.125,-7.1257534,19.678244,19.095226,68.0
2025-05-12 09:00:00,solar.bun_library#realenergyintotheload#kwh,BUNDOORA,49.125,2.1903996,85.091,82.56997,233.0
2025-05-12 10:00:00,solar.bun_library#realenergyintotheload#kwh,BUNDOORA,115.875,152.31425,145.17569,140.8745,384.0
2025-05-12 11:00:00,solar.bun_library#realenergyintotheload#kwh,BUNDOORA,166.0,199.47662,178.64966,173.35672,496.0
2025-05-12 12:00:00,solar.bun_library#realenergyintotheload#kwh,BUNDOORA,194.625,266.6335,193.68095,187.94267,555.0
2025-05-12 13:00:00,solar.bun_library#realenergyintotheload#kwh,BUNDOORA,202.0,262.82562,193.88449,188.14018,555.0
2025-05-12 14:00:00,solar.bun_library#realenergyintotheload#kwh,BUNDOORA,184.0,240.04626,178.30435,173.02164,496.0
2025-05-12 15:00:00,solar.bun_library#realenergyintotheload#kwh,BUNDOORA,136.25,233.42097,140.0997,135.9489,385.0
2025-05-12 16:00:00,solar.bun_library#realenergyintotheload#kwh,BUNDOORA,67.375,162.29643,83.19792,80.73298,235.0
2025-05-12 17:00:00,solar.bun_library#realenergyintotheload#kwh,BUNDOORA,12.625,123.58072,19.118874,18.55243,70.0
2025-05-12 18:00:00,solar.bun_library#realenergyintotheload#kwh,BUNDOORA,0.375,79.4647,0.10500832,0.10189719,0.0
2025-05-12 19:00:00,solar.bun_library#realenergyintotheload#kwh,BUNDOORA,0.0,17.437628,0.043537132,0.042247236,0.0
2025-05-12 20:00:00,solar.bun_library#realenergyintotheload#kwh,BUNDOORA,0.0,0.39307553,0.005661809,0.0054940637,0.0
2025-05-12 21:00:00,solar.bun_library#realenergyintotheload#kwh,BUNDOORA,0.0,0.31356215,-0.0029132236,0.0,0.0
2025-05-12 22:00:00,solar.bun_library#realenergyintotheload#kwh,BUNDOORA,0.0,-0.11533553,-0.0029132236,0.0,0.0
2025-05-12 23:00:00,solar.bun_library#realenergyintotheload#kwh,BUNDOORA,0.0,-0.019147601,0.005661809,0.0054940637,0.0
2025-05-13 00:00:00,solar.bun_library#realenergyintotheload#kwh,BUNDOORA,0.0,-0.30291542,-0.0029132236,0.0,0.0
2025-05-13 01:00:00,solar.bun_library#realenergyintotheload#kwh,BUNDOORA,0.0,-0.30291542,-0.0029132236,0.0,0.0
2025-05-13 02:00:00,solar.bun_library#realenergyintotheload#kwh,BUNDOORA,0.0,-0.33331782,-0.0029132236,0.0,0.0
2025-05-13 03:00:00,solar.bun_library#realenergyintotheload#kwh,BUNDOORA,0.0,-0.43216518,-0.0029132236,0.0,0.0
2025-05-13 04:00:00,solar.bun_library#realenergyintotheload#kwh,BUNDOORA,0.0,-0.4221493,-0.0029132236,0.0,0.0
2025-05-13 05:00:00,solar.bun_library#realenergyintotheload#kwh,BUNDOORA,0.0,0.14315087,-0.0029132236,0.0,0.0
2025-05-13 06:00:00,solar.bun_library#realenergyintotheload#kwh,BUNDOORA,0.0,0.6550272,0.0058300784,0.005657348,0.0
2025-05-13 07:00:00,solar.bun_library#realenergyintotheload#kwh,BUNDOORA,0.0,0.8707458,-0.0020917845,0.0,0.0
2025-05-13 08:00:00,solar.bun_library#realenergyintotheload#kwh,BUNDOORA,0.0,-1.1866219,18.374176,17.829796,61.0
2025-05-13 09:00:00,solar.bun_library#realenergyintotheload#kwh,BUNDOORA,0.0,-1.1086813,83.330894,80.86201,222.0
2025-05-13 10:00:00,solar.bun_library#realenergyintotheload#kwh,BUNDOORA,0.0,45.89333,143.21082,138.96783,375.0
2025-05-13 11:00:00,solar.bun_library#realenergyintotheload#kwh,BUNDOORA,0.0,209.05046,182.05417,176.66035,486.0
2025-05-13 12:00:00,solar.bun_library#realenergyintotheload#kwh,BUNDOORA,0.0,227.25085,202.24141,196.2495,545.0
2025-05-13 13:00:00,solar.bun_library#realenergyintotheload#kwh,BUNDOORA,0.0,216.52191,194.06256,188.31297,545.0
2025-05-13 14:00:00,solar.bun_library#realenergyintotheload#kwh,BUNDOORA,0.0,229.27576,171.90506,166.81194,487.0
2025-05-13 15:00:00,solar.bun_library#realenergyintotheload#kwh,BUNDOORA,0.0,236.88393,135.37723,131.36633,377.0
2025-05-13 16:00:00,solar.bun_library#realenergyintotheload#kwh,BUNDOORA,0.0,162.4285,82.54198,80.096466,228.0
2025-05-13 17:00:00,solar.bun_library#realenergyintotheload#kwh,BUNDOORA,0.0,92.33983,20.127117,19.530802,66.0
2025-05-13 18:00:00,solar.bun_library#realenergyintotheload#kwh,BUNDOORA,0.0,64.9536,0.07269793,0.07054407,0.0
2025-05-13 19:00:00,solar.bun_library#realenergyintotheload#kwh,BUNDOORA,0.0,13.144728,0.028329026,0.027489707,0.0
2025-05-13 20:00:00,solar.bun_library#realenergyintotheload#kwh,BUNDOORA,0.0,0.26514965,0.020575434,0.019965835,0.0
2025-05-13 21:00:00,solar.bun_library#realenergyintotheload#kwh,BUNDOORA,0.0,-0.021130158,-0.010666817,0.0,0.0
2025-05-13 22:00:00,solar.bun_library#realenergyintotheload#kwh,BUNDOORA,0.0,-0.21506451,-0.010666817,0.0,0.0
2025-05-13 23:00:00,solar.bun_library#realenergyintotheload#kwh,BUNDOORA,0.0,0.21383326,-0.010666817,0.0,0.0
2025-05-14 00:00:00,solar.bun_library#realenergyintotheload#kwh,BUNDOORA,0.0,-0.2033609,-0.010666817,0.0,0.0
2025-05-14 01:00:00,solar.bun_library#realenergyintotheload#kwh,BUNDOORA,0.0,-0.47466934,-0.010666817,0.0,0.0
2025-05-14 02:00:00,solar.bun_library#realenergyintotheload#kwh,BUNDOORA,0.0,0.065929994,-0.010666817,0.0,0.0
2025-05-14 03:00:00,solar.bun_library#realenergyintotheload#kwh,BUNDOORA,0.0,0.026295053,-0.0073347017,0.0,0.0
2025-05-14 04:00:00,solar.bun_library#realenergyintotheload#kwh,BUNDOORA,0.0,0.019890146,-0.0063473526,0.0,0.0
2025-05-14 05:00:00,solar.bun_library#realenergyintotheload#kwh,BUNDOORA,0.0,0.019890146,-0.006378649,0.0,0.0
2025-05-14 06:00:00,solar.bun_library#realenergyintotheload#kwh,BUNDOORA,0.0,7.119169,-0.0063473526,0.0,0.0
2025-05-14 07:00:00,solar.bun_library#realenergyintotheload#kwh,BUNDOORA,0.0,26.275198,-0.006378649,0.0,0.0
2025-05-14 08:00:00,solar.bun_library#realenergyintotheload#kwh,BUNDOORA,0.0,-1.0006863,18.682806,18.129282,60.0
2025-05-14 09:00:00,solar.bun_library#realenergyintotheload#kwh,BUNDOORA,0.0,8.3762865,82.58108,80.13441,215.0
2025-05-14 10:00:00,solar.bun_library#realenergyintotheload#kwh,BUNDOORA,0.0,94.68025,135.82869,131.80443,370.0
2025-05-14 11:00:00,solar.bun_library#realenergyintotheload#kwh,BUNDOORA,0.0,213.4682,172.66582,167.55016,483.0
2025-05-14 12:00:00,solar.bun_library#realenergyintotheload#kwh,BUNDOORA,0.0,235.19096,192.81534,187.1027,543.0
2025-05-14 13:00:00,solar.bun_library#realenergyintotheload#kwh,BUNDOORA,0.0,223.22643,192.9668,187.24968,543.0
2025-05-14 14:00:00,solar.bun_library#realenergyintotheload#kwh,BUNDOORA,0.0,194.65285,167.79138,162.82014,485.0
2025-05-14 15:00:00,solar.bun_library#realenergyintotheload#kwh,BUNDOORA,0.0,231.21518,118.72268,115.20522,334.0
2025-05-14 16:00:00,solar.bun_library#realenergyintotheload#kwh,BUNDOORA,0.0,146.01576,79.36814,77.01666,222.0
2025-05-14 17:00:00,solar.bun_library#realenergyintotheload#kwh,BUNDOORA,0.0,58.60227,19.256662,18.686136,62.0
2025-05-14 18:00:00,solar.bun_library#realenergyintotheload#kwh,BUNDOORA,0.0,30.61044,0.043537132,0.042247236,0.0
2025-05-14 19:00:00,solar.bun_library#realenergyintotheload#kwh,BUNDOORA,0.0,1.2364078,0.020869914,0.02025159,0.0
2025-05-14 20:00:00,solar.bun_library#realenergyintotheload#kwh,BUNDOORA,0.0,0.1577872,-0.0029132236,0.0,0.0
2025-05-14 21:00:00,solar.bun_library#realenergyintotheload#kwh,BUNDOORA,0.0,-0.2711106,-0.0029132236,0.0,0.0
2025-05-14 22:00:00,solar.bun_library#realenergyintotheload#kwh,BUNDOORA,0.0,-0.17226326,-0.0029132236,0.0,0.0
2025-05-14 23:00:00,solar.bun_library#realenergyintotheload#kwh,BUNDOORA,0.0,-0.4184373,-0.0029132236,0.0,0.0
2025-05-15 00:00:00,solar.bun_library#realenergyintotheload#kwh,BUNDOORA,0.0,-0.4184373,-0.0029132236,0.0,0.0
2025-05-15 01:00:00,solar.bun_library#realenergyintotheload#kwh,BUNDOORA,0.0,-0.4184373,-0.0029132236,0.0,0.0
2025-05-15 02:00:00,solar.bun_library#realenergyintotheload#kwh,BUNDOORA,0.0,-0.4184373,-0.0029132236,0.0,0.0
2025-05-15 03:00:00,solar.bun_library#realenergyintotheload#kwh,BUNDOORA,0.0,-0.18231146,-0.0029132236,0.0,0.0
2025-05-15 04:00:00,solar.bun_library#realenergyintotheload#kwh,BUNDOORA,0.0,-0.19971578,0.11308673,0.10973626,0.0
2025-05-15 05:00:00,solar.bun_library#realenergyintotheload#kwh,BUNDOORA,0.0,0.0030299556,0.013125903,0.012737015,0.0
2025-05-15 06:00:00,solar.bun_library#realenergyintotheload#kwh,BUNDOORA,0.0,0.9018008,0.020869914,0.02025159,0.0
2025-05-15 07:00:00,solar.bun_library#realenergyintotheload#kwh,BUNDOORA,0.0,1.0777334,-0.00015105726,0.0,0.0
2025-05-15 08:00:00,solar.bun_library#realenergyintotheload#kwh,BUNDOORA,0.0,0.1121093,8.286676,8.0411625,29.0
2025-05-15 09:00:00,solar.bun_library#realenergyintotheload#kwh,BUNDOORA,0.0,0.8265721,60.015846,58.23773,181.0
2025-05-15 10:00:00,solar.bun_library#realenergyintotheload#kwh,BUNDOORA,0.0,5.872306,110.134895,106.87187,281.0
2025-05-15 11:00:00,solar.bun_library#realenergyintotheload#kwh,BUNDOORA,0.0,19.917315,179.5068,174.18846,469.0
2025-05-15 12:00:00,solar.bun_library#realenergyintotheload#kwh,BUNDOORA,0.0,69.83103,122.54281,118.91217,332.0
2025-05-15 13:00:00,solar.bun_library#realenergyintotheload#kwh,BUNDOORA,0.0,71.64621,85.50942,82.97599,253.0
2025-05-15 14:00:00,solar.bun_library#realenergyintotheload#kwh,BUNDOORA,0.0,105.655495,146.78983,142.44081,393.0
2025-05-15 15:00:00,solar.bun_library#realenergyintotheload#kwh,BUNDOORA,0.0,150.61473,118.51042,114.99925,316.0
2025-05-15 16:00:00,solar.bun_library#realenergyintotheload#kwh,BUNDOORA,0.0,137.22493,68.667496,66.63305,194.0
2025-05-15 17:00:00,solar.bun_library#realenergyintotheload#kwh,BUNDOORA,0.0,39.146572,19.630306,19.04871,61.0
2025-05-15 18:00:00,solar.bun_library#realenergyintotheload#kwh,BUNDOORA,0.0,30.20583,0.028497297,0.027652994,0.0
2025-05-15 19:00:00,solar.bun_library#realenergyintotheload#kwh,BUNDOORA,0.0,2.4031568,-0.0029132236,0.0,0.0
2025-05-15 20:00:00,solar.bun_library#realenergyintotheload#kwh,BUNDOORA,0.0,-0.15094043,-0.0029132236,0.0,0.0
2025-05-15 21:00:00,solar.bun_library#realenergyintotheload#kwh,BUNDOORA,0.0,-0.4362703,-0.010666817,0.0,0.0
2025-05-15 22:00:00,solar.bun_library#realenergyintotheload#kwh,BUNDOORA,0.0,-0.5730542,-0.010666817,0.0,0.0
2025-05-15 23:00:00,solar.bun_library#realenergyintotheload#kwh,BUNDOORA,0.0,-1.2368937,-0.010666817,0.0,0.0
2025-05-16 00:00:00,solar.bun_library#realenergyintotheload#kwh,BUNDOORA,0.0,-1.2368937,-0.010666817,0.0,0.0
2025-05-16 01:00:00,solar.bun_library#realenergyintotheload#kwh,BUNDOORA,0.0,-1.2368937,-0.010666817,0.0,0.0
2025-05-16 02:00:00,solar.bun_library#realenergyintotheload#kwh,BUNDOORA,0.0,-0.6962943,-0.010666817,0.0,0.0
2025-05-16 03:00:00,solar.bun_library#realenergyintotheload#kwh,BUNDOORA,0.0,-0.72382736,-0.010666817,0.0,0.0
2025-05-16 04:00:00,solar.bun_library#realenergyintotheload#kwh,BUNDOORA,0.0,-0.72382736,-0.010666817,0.0,0.0
2025-05-16 05:00:00,solar.bun_library#realenergyintotheload#kwh,BUNDOORA,0.0,-0.72382736,-0.010666817,0.0,0.0
2025-05-16 06:00:00,solar.bun_library#realenergyintotheload#kwh,BUNDOORA,0.0,0.003138991,-0.010666817,0.0,0.0
2025-05-16 07:00:00,solar.bun_library#realenergyintotheload#kwh,BUNDOORA,0.0,-0.06532124,-0.010666817,0.0,0.0
2025-05-16 08:00:00,solar.bun_library#realenergyintotheload#kwh,BUNDOORA,0.0,-0.13598849,18.05757,17.52257,56.0
2025-05-16 09:00:00,solar.bun_library#realenergyintotheload#kwh,BUNDOORA,0.0,5.392664,83.8509,81.36661,214.0
2025-05-16 10:00:00,solar.bun_library#realenergyintotheload#kwh,BUNDOORA,0.0,30.889103,144.97067,140.67555,366.0
2025-05-16 11:00:00,solar.bun_library#realenergyintotheload#kwh,BUNDOORA,130.75,133.69945,178.18034,172.9013,477.0
2025-05-16 12:00:00,solar.bun_library#realenergyintotheload#kwh,BUNDOORA,120.875,130.1497,106.57406,103.416534,293.0
2025-05-16 13:00:00,solar.bun_library#realenergyintotheload#kwh,BUNDOORA,118.875,138.07655,126.115776,122.37928,347.0
2025-05-16 14:00:00,solar.bun_library#realenergyintotheload#kwh,BUNDOORA,133.625,153.61859,131.71626,127.81384,362.0
2025-05-16 15:00:00,solar.bun_library#realenergyintotheload#kwh,BUNDOORA,99.5,149.75237,90.10646,87.43683,253.0
2025-05-16 16:00:00,solar.bun_library#realenergyintotheload#kwh,BUNDOORA,34.0,138.92764,49.12345,47.668045,152.0
2025-05-16 17:00:00,solar.bun_library#realenergyintotheload#kwh,BUNDOORA,13.0,54.13084,14.140307,13.721365,47.0
2025-05-16 18:00:00,solar.bun_library#realenergyintotheload#kwh,BUNDOORA,0.125,19.042412,0.047656704,0.046244755,0.0
2025-05-16 19:00:00,solar.bun_library#realenergyintotheload#kwh,BUNDOORA,0.0,11.586407,0.013022835,0.012637001,0.0
2025-05-16 20:00:00,solar.bun_library#realenergyintotheload#kwh,BUNDOORA,0.0,0.05179842,0.027840078,0.027015246,0.0
2025-05-16 21:00:00,solar.bun_library#realenergyintotheload#kwh,BUNDOORA,0.0,-1.173028,0.026374098,0.0255927,0.0
2025-05-16 22:00:00,solar.bun_library#realenergyintotheload#kwh,BUNDOORA,0.0,-0.38757,0.005372308,0.00521314,0.0
2025-05-16 23:00:00,solar.bun_library#realenergyintotheload#kwh,BUNDOORA,0.0,0.100263156,0.013125903,0.012737015,0.0
2025-05-17 00:00:00,solar.bun_library#realenergyintotheload#kwh,BUNDOORA,0.0,-0.15531339,0.013125903,0.012737015,0.0
2025-05-17 01:00:00,solar.bun_library#realenergyintotheload#kwh,BUNDOORA,0.0,-0.122788295,0.020869914,0.02025159,0.0
2025-05-17 02:00:00,solar.bun_library#realenergyintotheload#kwh,BUNDOORA,0.0,-0.205493,0.013125903,0.012737015,0.0
2025-05-17 03:00:00,solar.bun_library#realenergyintotheload#kwh,BUNDOORA,0.0,0.086655386,0.020869914,0.02025159,0.0
2025-05-17 04:00:00,solar.bun_library#realenergyintotheload#kwh,BUNDOORA,0.0,-0.21517375,0.020869914,0.02025159,0.0
2025-05-17 05:00:00,solar.bun_library#realenergyintotheload#kwh,BUNDOORA,0.0,-0.19136922,0.013125903,0.012737015,0.0
2025-05-17 06:00:00,solar.bun_library#realenergyintotheload#kwh,BUNDOORA,0.0,0.502254,0.013125903,0.012737015,0.0
2025-05-17 07:00:00,solar.bun_library#realenergyintotheload#kwh,BUNDOORA,0.0,4.3420153,0.11308673,0.10973626,0.0
2025-05-17 08:00:00,solar.bun_library#realenergyintotheload#kwh,BUNDOORA,2.0,2.372251,4.831834,4.6886787,20.0
2025-05-17 09:00:00,solar.bun_library#realenergyintotheload#kwh,BUNDOORA,5.625,1.4326069,21.535404,20.897364,66.0
2025-05-17 10:00:00,solar.bun_library#realenergyintotheload#kwh,BUNDOORA,20.125,0.49627984,69.05354,67.00766,190.0
2025-05-17 11:00:00,solar.bun_library#realenergyintotheload#kwh,BUNDOORA,46.875,10.014946,89.46313,86.81256,247.0
2025-05-17 12:00:00,solar.bun_library#realenergyintotheload#kwh,BUNDOORA,79.75,6.3670554,83.05238,80.59175,237.0
2025-05-17 13:00:00,solar.bun_library#realenergyintotheload#kwh,BUNDOORA,46.875,18.911448,40.675022,39.46992,119.0
2025-05-17 14:00:00,solar.bun_library#realenergyintotheload#kwh,BUNDOORA,49.625,21.796093,39.3568,38.190758,115.0
2025-05-17 15:00:00,solar.bun_library#realenergyintotheload#kwh,BUNDOORA,45.125,-0.15413517,53.930843,52.333008,156.0
2025-05-17 16:00:00,solar.bun_library#realenergyintotheload#kwh,BUNDOORA,43.0,3.9637487,32.47216,31.510092,97.0
2025-05-17 17:00:00,solar.bun_library#realenergyintotheload#kwh,BUNDOORA,6.25,4.734712,6.9382644,6.732701,26.0
2025-05-17 18:00:00,solar.bun_library#realenergyintotheload#kwh,BUNDOORA,0.0,1.6863334,-0.001161912,0.0,0.0
2025-05-17 19:00:00,solar.bun_library#realenergyintotheload#kwh,BUNDOORA,0.0,0.27339754,-0.001161912,0.0,0.0
2025-05-17 20:00:00,solar.bun_library#realenergyintotheload#kwh,BUNDOORA,0.0,-0.3901596,0.004174618,0.0040509347,0.0
2025-05-17 21:00:00,solar.bun_library#realenergyintotheload#kwh,BUNDOORA,0.0,0.2978735,0.005840049,0.005667023,0.0
2025-05-17 22:00:00,solar.bun_library#realenergyintotheload#kwh,BUNDOORA,0.0,-0.22814192,-0.001161912,0.0,0.0
2025-05-17 23:00:00,solar.bun_library#realenergyintotheload#kwh,BUNDOORA,0.0,-0.15440534,-0.001161912,0.0,0.0
2025-05-18 00:00:00,solar.bun_library#realenergyintotheload#kwh,BUNDOORA,0.0,-1.0256116,0.013085023,0.012697346,0.0
2025-05-18 01:00:00,solar.bun_library#realenergyintotheload#kwh,BUNDOORA,0.0,-0.42958876,0.013085023,0.012697346,0.0
2025-05-18 02:00:00,solar.bun_library#realenergyintotheload#kwh,BUNDOORA,0.0,-0.36462575,0.013085023,0.012697346,0.0
2025-05-18 03:00:00,solar.bun_library#realenergyintotheload#kwh,BUNDOORA,0.0,-0.19687805,0.013085023,0.012697346,0.0
2025-05-18 04:00:00,solar.bun_library#realenergyintotheload#kwh,BUNDOORA,0.0,0.04259035,-0.006378649,0.0,0.0
2025-05-18 05:00:00,solar.bun_library#realenergyintotheload#kwh,BUNDOORA,0.0,0.21502444,0.0013773022,0.0013364962,0.0
2025-05-18 06:00:00,solar.bun_library#realenergyintotheload#kwh,BUNDOORA,0.0,8.640743,-0.006378649,0.0,0.0
2025-05-18 07:00:00,solar.bun_library#realenergyintotheload#kwh,BUNDOORA,0.0,16.855333,-0.006378649,0.0,0.0
2025-05-18 08:00:00,solar.bun_library#realenergyintotheload#kwh,BUNDOORA,4.875,-5.527511,17.723757,17.198647,54.0
2025-05-18 09:00:00,solar.bun_library#realenergyintotheload#kwh,BUNDOORA,38.25,9.550884,84.67216,82.163536,219.0
2025-05-18 10:00:00,solar.bun_library#realenergyintotheload#kwh,BUNDOORA,116.0,105.57551,144.33435,140.05809,372.0
2025-05-18 11:00:00,solar.bun_library#realenergyintotheload#kwh,BUNDOORA,174.875,199.08287,180.26907,174.92815,485.0
2025-05-18 12:00:00,solar.bun_library#realenergyintotheload#kwh,BUNDOORA,204.875,171.72656,200.11475,194.18585,544.0
2025-05-18 13:00:00,solar.bun_library#realenergyintotheload#kwh,BUNDOORA,216.75,174.58224,200.27306,194.33946,544.0
2025-05-18 14:00:00,solar.bun_library#realenergyintotheload#kwh,BUNDOORA,160.375,180.63019,161.46458,156.68079,416.0
2025-05-18 15:00:00,solar.bun_library#realenergyintotheload#kwh,BUNDOORA,97.375,137.33997,77.143524,74.857956,229.0
2025-05-18 16:00:00,solar.bun_library#realenergyintotheload#kwh,BUNDOORA,30.625,108.38493,50.68587,49.184174,152.0
2025-05-18 17:00:00,solar.bun_library#realenergyintotheload#kwh,BUNDOORA,14.625,85.04534,15.385737,14.929896,47.0
2025-05-18 18:00:00,solar.bun_library#realenergyintotheload#kwh,BUNDOORA,0.375,48.855064,0.20671189,0.20058753,0.0
2025-05-18 19:00:00,solar.bun_library#realenergyintotheload#kwh,BUNDOORA,0.0,9.346925,0.025055297,0.024312971,0.0
2025-05-18 20:00:00,solar.bun_library#realenergyintotheload#kwh,BUNDOORA,0.0,1.4475876,-0.036502566,0.0,0.0
2025-05-18 21:00:00,solar.bun_library#realenergyintotheload#kwh,BUNDOORA,0.0,-0.182919,-0.009578507,0.0,0.0
2025-05-18 22:00:00,solar.bun_library#realenergyintotheload#kwh,BUNDOORA,0.0,1.610027,-0.006378649,0.0,0.0
2025-05-18 23:00:00,solar.bun_library#realenergyintotheload#kwh,BUNDOORA,0.0,0.5062079,-0.0073347017,0.0,0.0
2025-05-19 00:00:00,solar.bun_library#realenergyintotheload#kwh,BUNDOORA,0.0,0.12284735,-0.010666817,0.0,0.0
2025-05-19 01:00:00,solar.bun_library#realenergyintotheload#kwh,BUNDOORA,0.0,0.1308011,-0.010666817,0.0,0.0
2025-05-19 02:00:00,solar.bun_library#realenergyintotheload#kwh,BUNDOORA,0.0,0.038256407,-0.010666817,0.0,0.0
2025-05-19 03:00:00,solar.bun_library#realenergyintotheload#kwh,BUNDOORA,0.0,-0.28600842,0.0120004015,0.01164486,0.0
2025-05-19 04:00:00,solar.bun_library#realenergyintotheload#kwh,BUNDOORA,0.0,0.071965694,0.0120004015,0.01164486,0.0
2025-05-19 05:00:00,solar.bun_library#realenergyintotheload#kwh,BUNDOORA,0.0,-0.079305395,0.0120004015,0.01164486,0.0
2025-05-19 06:00:00,solar.bun_library#realenergyintotheload#kwh,BUNDOORA,0.0,10.236106,0.0120004015,0.01164486,0.0
2025-05-19 07:00:00,solar.bun_library#realenergyintotheload#kwh,BUNDOORA,0.0,24.41141,0.0120004015,0.01164486,0.0
2025-05-19 08:00:00,solar.bun_library#realenergyintotheload#kwh,BUNDOORA,3.625,0.10475467,19.157686,18.590092,55.0
2025-05-19 09:00:00,solar.bun_library#realenergyintotheload#kwh,BUNDOORA,42.875,16.813725,79.645546,77.28585,218.0
2025-05-19 10:00:00,solar.bun_library#realenergyintotheload#kwh,BUNDOORA,112.875,134.52103,143.78635,139.52632,370.0
2025-05-19 11:00:00,solar.bun_library#realenergyintotheload#kwh,BUNDOORA,166.75,124.89847,186.97885,181.43913,482.0
2025-05-19 12:00:00,solar.bun_library#realenergyintotheload#kwh,BUNDOORA,197.75,190.97621,196.40594,190.58693,542.0
2025-05-19 13:00:00,solar.bun_library#realenergyintotheload#kwh,BUNDOORA,205.625,187.62532,196.77408,190.94415,542.0
2025-05-19 14:00:00,solar.bun_library#realenergyintotheload#kwh,BUNDOORA,183.5,166.69177,176.3246,171.10054,484.0
2025-05-19 15:00:00,solar.bun_library#realenergyintotheload#kwh,BUNDOORA,137.5,165.33406,134.10268,130.12955,374.0
2025-05-19 16:00:00,solar.bun_library#realenergyintotheload#kwh,BUNDOORA,59.0,91.89282,79.57837,77.22066,222.0
2025-05-19 17:00:00,solar.bun_library#realenergyintotheload#kwh,BUNDOORA,9.875,70.173454,21.96686,21.316036,59.0
2025-05-19 18:00:00,solar.bun_library#realenergyintotheload#kwh,BUNDOORA,0.125,37.69684,0.06548192,0.06354186,0.0
2025-05-19 19:00:00,solar.bun_library#realenergyintotheload#kwh,BUNDOORA,0.0,13.789692,0.0120004015,0.01164486,0.0
2025-05-19 20:00:00,solar.bun_library#realenergyintotheload#kwh,BUNDOORA,0.0,0.2905974,-0.010666817,0.0,0.0
2025-05-19 21:00:00,solar.bun_library#realenergyintotheload#kwh,BUNDOORA,0.0,0.2739966,-0.0020917845,0.0,0.0
2025-05-19 22:00:00,solar.bun_library#realenergyintotheload#kwh,BUNDOORA,0.0,-0.3041519,-0.010666817,0.0,0.0
2025-05-19 23:00:00,solar.bun_library#realenergyintotheload#kwh,BUNDOORA,0.0,-0.3956083,-0.010666817,0.0,0.0
2025-05-20 00:00:00,solar.bun_library#realenergyintotheload#kwh,BUNDOORA,0.0,-0.34893346,-0.010666817,0.0,0.0
2025-05-20 01:00:00,solar.bun_library#realenergyintotheload#kwh,BUNDOORA,0.0,-0.6247432,-0.010666817,0.0,0.0
2025-05-20 02:00:00,solar.bun_library#realenergyintotheload#kwh,BUNDOORA,0.0,-0.63937706,-0.010666817,0.0,0.0
2025-05-20 03:00:00,solar.bun_library#realenergyintotheload#kwh,BUNDOORA,0.0,-0.63937706,-0.010666817,0.0,0.0
2025-05-20 04:00:00,solar.bun_library#realenergyintotheload#kwh,BUNDOORA,0.0,-0.63937706,-0.010666817,0.0,0.0
2025-05-20 05:00:00,solar.bun_library#realenergyintotheload#kwh,BUNDOORA,0.0,-0.63937706,-0.010666817,0.0,0.0
2025-05-20 06:00:00,solar.bun_library#realenergyintotheload#kwh,BUNDOORA,0.0,0.16893342,-0.010666817,0.0,0.0
2025-05-20 07:00:00,solar.bun_library#realenergyintotheload#kwh,BUNDOORA,0.0,-0.6451633,-0.010666817,0.0,0.0
2025-05-20 08:00:00,solar.bun_library#realenergyintotheload#kwh,BUNDOORA,3.75,-2.2834265,17.412096,16.89622,52.0
2025-05-20 09:00:00,solar.bun_library#realenergyintotheload#kwh,BUNDOORA,42.375,1.8188355,79.29206,76.94283,217.0
2025-05-20 10:00:00,solar.bun_library#realenergyintotheload#kwh,BUNDOORA,113.0,106.20086,144.55724,140.27437,371.0
2025-05-20 11:00:00,solar.bun_library#realenergyintotheload#kwh,BUNDOORA,168.125,178.07408,178.67772,173.38394,483.0
2025-05-20 12:00:00,solar.bun_library#realenergyintotheload#kwh,BUNDOORA,197.5,181.66612,189.54211,183.92645,541.0
2025-05-20 13:00:00,solar.bun_library#realenergyintotheload#kwh,BUNDOORA,205.0,178.28705,190.95128,185.29387,540.0
2025-05-20 14:00:00,solar.bun_library#realenergyintotheload#kwh,BUNDOORA,180.125,178.4708,172.81482,167.69475,481.0
2025-05-20 15:00:00,solar.bun_library#realenergyintotheload#kwh,BUNDOORA,132.75,161.86598,130.60063,126.73126,371.0
2025-05-20 16:00:00,solar.bun_library#realenergyintotheload#kwh,BUNDOORA,56.625,106.68308,82.32952,79.890305,220.0
2025-05-20 17:00:00,solar.bun_library#realenergyintotheload#kwh,BUNDOORA,9.75,72.6889,17.706266,17.181673,55.0
2025-05-20 18:00:00,solar.bun_library#realenergyintotheload#kwh,BUNDOORA,0.125,44.20061,0.12217663,0.11855684,0.0
2025-05-20 19:00:00,solar.bun_library#realenergyintotheload#kwh,BUNDOORA,0.0,16.367212,0.024628263,0.023898588,0.0
2025-05-20 20:00:00,solar.bun_library#realenergyintotheload#kwh,BUNDOORA,0.0,1.2759714,0.011800951,0.011451319,0.0
2025-05-20 21:00:00,solar.bun_library#realenergyintotheload#kwh,BUNDOORA,0.0,0.7397609,0.0120004015,0.01164486,0.0
2025-05-20 22:00:00,solar.bun_library#realenergyintotheload#kwh,BUNDOORA,0.0,-0.3234967,0.0120004015,0.01164486,0.0
2025-05-20 23:00:00,solar.bun_library#realenergyintotheload#kwh,BUNDOORA,0.0,-0.3041519,-0.010666817,0.0,0.0
2025-05-21 00:00:00,solar.bun_library#realenergyintotheload#kwh,BUNDOORA,0.0,-0.23774293,-0.010666817,0.0,0.0
2025-05-21 01:00:00,solar.bun_library#realenergyintotheload#kwh,BUNDOORA,0.0,-0.63937706,-0.010666817,0.0,0.0
2025-05-21 02:00:00,solar.bun_library#realenergyintotheload#kwh,BUNDOORA,0.0,-0.63937706,-0.010666817,0.0,0.0
2025-05-21 03:00:00,solar.bun_library#realenergyintotheload#kwh,BUNDOORA,0.0,-0.63937706,-0.010666817,0.0,0.0
2025-05-21 04:00:00,solar.bun_library#realenergyintotheload#kwh,BUNDOORA,0.0,-0.63937706,-0.010666817,0.0,0.0
2025-05-21 05:00:00,solar.bun_library#realenergyintotheload#kwh,BUNDOORA,0.0,-0.63937706,-0.010666817,0.0,0.0
2025-05-21 06:00:00,solar.bun_library#realenergyintotheload#kwh,BUNDOORA,0.0,-0.33562514,-0.010666817,0.0,0.0
2025-05-21 07:00:00,solar.bun_library#realenergyintotheload#kwh,BUNDOORA,0.0,-0.15146704,-0.010666817,0.0,0.0
2025-05-21 08:00:00,solar.bun_library#realenergyintotheload#kwh,BUNDOORA,2.5,-1.1342041,16.971844,16.469011,47.0
2025-05-21 09:00:00,solar.bun_library#realenergyintotheload#kwh,BUNDOORA,39.75,8.445853,76.562416,74.29406,205.0
2025-05-21 10:00:00,solar.bun_library#realenergyintotheload#kwh,BUNDOORA,107.5,94.92391,141.12706,136.94582,356.0
2025-05-21 11:00:00,solar.bun_library#realenergyintotheload#kwh,BUNDOORA,159.125,132.43626,176.56403,171.33287,466.0
2025-05-21 12:00:00,solar.bun_library#realenergyintotheload#kwh,BUNDOORA,189.25,184.83888,196.57883,190.75468,525.0
2025-05-21 13:00:00,solar.bun_library#realenergyintotheload#kwh,BUNDOORA,198.375,185.1458,183.72098,178.27779,526.0
2025-05-21 14:00:00,solar.bun_library#realenergyintotheload#kwh,BUNDOORA,174.75,168.51953,170.6022,165.54768,469.0
2025-05-21 15:00:00,solar.bun_library#realenergyintotheload#kwh,BUNDOORA,127.375,157.96658,128.98096,125.15958,361.0
2025-05-21 16:00:00,solar.bun_library#realenergyintotheload#kwh,BUNDOORA,54.5,112.29891,80.127914,77.75392,212.0
2025-05-21 17:00:00,solar.bun_library#realenergyintotheload#kwh,BUNDOORA,11.25,74.16023,13.968254,13.55441,44.0
2025-05-21 18:00:00,solar.bun_library#realenergyintotheload#kwh,BUNDOORA,0.125,43.985214,0.12217663,0.11855684,0.0
2025-05-21 19:00:00,solar.bun_library#realenergyintotheload#kwh,BUNDOORA,0.0,10.400355,0.067807674,0.0657987,0.0
2025-05-21 20:00:00,solar.bun_library#realenergyintotheload#kwh,BUNDOORA,0.0,0.85077024,0.0120004015,0.01164486,0.0
2025-05-21 21:00:00,solar.bun_library#realenergyintotheload#kwh,BUNDOORA,0.0,-0.4475587,-0.010666817,0.0,0.0
2025-05-21 22:00:00,solar.bun_library#realenergyintotheload#kwh,BUNDOORA,0.0,-0.3216373,-0.010666817,0.0,0.0
2025-05-21 23:00:00,solar.bun_library#realenergyintotheload#kwh,BUNDOORA,0.0,-0.16854921,-0.010666817,0.0,0.0
2025-05-22 00:00:00,solar.bun_library#realenergyintotheload#kwh,BUNDOORA,0.0,-0.45425153,0.013116319,0.012727715,0.0
2025-05-22 01:00:00,solar.bun_library#realenergyintotheload#kwh,BUNDOORA,0.0,-1.1380463,-0.010666817,0.0,0.0
2025-05-22 02:00:00,solar.bun_library#realenergyintotheload#kwh,BUNDOORA,0.0,-1.1431545,0.013116319,0.012727715,0.0
2025-05-22 03:00:00,solar.bun_library#realenergyintotheload#kwh,BUNDOORA,0.0,-0.9994206,0.013116319,0.012727715,0.0
2025-05-22 04:00:00,solar.bun_library#realenergyintotheload#kwh,BUNDOORA,0.0,-1.2141759,-0.010666817,0.0,0.0
2025-05-22 05:00:00,solar.bun_library#realenergyintotheload#kwh,BUNDOORA,0.0,-1.1899052,-0.0020917845,0.0,0.0
2025-05-22 06:00:00,solar.bun_library#realenergyintotheload#kwh,BUNDOORA,0.0,-0.8167129,0.013116319,0.012727715,0.0
2025-05-22 07:00:00,solar.bun_library#realenergyintotheload#kwh,BUNDOORA,0.0,1.1381618,0.013116319,0.012727715,0.0
2025-05-22 08:00:00,solar.bun_library#realenergyintotheload#kwh,BUNDOORA,0.875,0.86415625,6.928132,6.722869,26.0
2025-05-22 09:00:00,solar.bun_library#realenergyintotheload#kwh,BUNDOORA,9.25,-1.1322412,52.803753,51.23931,142.0
2025-05-22 10:00:00,solar.bun_library#realenergyintotheload#kwh,BUNDOORA,46.375,0.73037636,95.68414,92.84926,242.0
2025-05-22 11:00:00,solar.bun_library#realenergyintotheload#kwh,BUNDOORA,156.25,74.42556,181.97586,176.58437,442.0
2025-05-22 12:00:00,solar.bun_library#realenergyintotheload#kwh,BUNDOORA,182.125,191.69682,192.31831,186.6204,500.0
2025-05-22 13:00:00,solar.bun_library#realenergyintotheload#kwh,BUNDOORA,164.375,138.24588,180.26413,174.92336,501.0
2025-05-22 14:00:00,solar.bun_library#realenergyintotheload#kwh,BUNDOORA,100.125,162.21022,142.55719,138.33357,387.0
2025-05-22 15:00:00,solar.bun_library#realenergyintotheload#kwh,BUNDOORA,97.75,131.90686,102.90466,99.85586,277.0
2025-05-22 16:00:00,solar.bun_library#realenergyintotheload#kwh,BUNDOORA,28.125,104.2322,25.3015,24.55188,82.0
2025-05-22 17:00:00,solar.bun_library#realenergyintotheload#kwh,BUNDOORA,6.5,61.36538,3.3080797,3.2100697,14.0
2025-05-22 18:00:00,solar.bun_library#realenergyintotheload#kwh,BUNDOORA,0.0,27.890198,0.0046451343,0.0045075105,0.0
2025-05-22 19:00:00,solar.bun_library#realenergyintotheload#kwh,BUNDOORA,0.0,4.0352883,0.020838618,0.020221222,0.0
2025-05-22 20:00:00,solar.bun_library#realenergyintotheload#kwh,BUNDOORA,0.0,0.4521467,0.011460471,0.011120926,0.0
2025-05-22 21:00:00,solar.bun_library#realenergyintotheload#kwh,BUNDOORA,0.0,-0.11431616,0.020869914,0.02025159,0.0
2025-05-22 22:00:00,solar.bun_library#realenergyintotheload#kwh,BUNDOORA,0.0,-0.148452,0.020869914,0.02025159,0.0
2025-05-22 23:00:00,solar.bun_library#realenergyintotheload#kwh,BUNDOORA,0.0,-0.094703816,0.020869914,0.02025159,0.0
2025-05-23 00:00:00,solar.bun_library#realenergyintotheload#kwh,BUNDOORA,0.0,-0.09812524,0.013125903,0.012737015,0.0
2025-05-23 01:00:00,solar.bun_library#realenergyintotheload#kwh,BUNDOORA,0.0,-0.09812524,0.011460471,0.011120926,0.0
2025-05-23 02:00:00,solar.bun_library#realenergyintotheload#kwh,BUNDOORA,0.0,-0.09812524,-0.00015105726,0.0,0.0
2025-05-23 03:00:00,solar.bun_library#realenergyintotheload#kwh,BUNDOORA,0.0,-0.09812524,-0.00015105726,0.0,0.0
2025-05-23 04:00:00,solar.bun_library#realenergyintotheload#kwh,BUNDOORA,0.0,-0.09812524,0.011460471,0.011120926,0.0
2025-05-23 05:00:00,solar.bun_library#realenergyintotheload#kwh,BUNDOORA,0.0,-0.09812524,0.011460471,0.011120926,0.0
2025-05-23 06:00:00,solar.bun_library#realenergyintotheload#kwh,BUNDOORA,0.0,0.19443743,0.013125903,0.012737015,0.0
2025-05-23 07:00:00,solar.bun_library#realenergyintotheload#kwh,BUNDOORA,0.0,2.582607,0.011460471,0.011120926,0.0
2025-05-23 08:00:00,solar.bun_library#realenergyintotheload#kwh,BUNDOORA,1.125,7.6178102,2.5062163,2.4319634,11.0
2025-05-23 09:00:00,solar.bun_library#realenergyintotheload#kwh,BUNDOORA,11.375,-2.4738317,31.03276,30.113337,89.0
2025-05-23 10:00:00,solar.bun_library#realenergyintotheload#kwh,BUNDOORA,21.875,6.032762,32.257076,31.30138,96.0
2025-05-23 11:00:00,solar.bun_library#realenergyintotheload#kwh,BUNDOORA,36.25,10.035181,29.629988,28.752125,85.0
2025-05-23 12:00:00,solar.bun_library#realenergyintotheload#kwh,BUNDOORA,65.875,18.232147,85.5924,83.05651,249.0
2025-05-23 13:00:00,solar.bun_library#realenergyintotheload#kwh,BUNDOORA,92.0,19.166063,108.22603,105.01956,299.0
2025-05-23 14:00:00,solar.bun_library#realenergyintotheload#kwh,BUNDOORA,56.75,-1.1708375,86.06841,83.51842,238.0
2025-05-23 15:00:00,solar.bun_library#realenergyintotheload#kwh,BUNDOORA,22.5,5.735022,32.321198,31.363602,104.0
2025-05-23 16:00:00,solar.bun_library#realenergyintotheload#kwh,BUNDOORA,22.25,17.338324,10.925025,10.601344,37.0
2025-05-23 17:00:00,solar.bun_library#realenergyintotheload#kwh,BUNDOORA,13.0,4.3957925,3.880547,3.7655761,15.0
2025-05-23 18:00:00,solar.bun_library#realenergyintotheload#kwh,BUNDOORA,0.0,2.8097682,0.021173328,0.020546015,0.0
2025-05-23 19:00:00,solar.bun_library#realenergyintotheload#kwh,BUNDOORA,0.0,0.45811015,0.020869914,0.02025159,0.0
2025-05-23 20:00:00,solar.bun_library#realenergyintotheload#kwh,BUNDOORA,0.0,-0.21312802,0.02113207,0.02050598,0.0
2025-05-23 21:00:00,solar.bun_library#realenergyintotheload#kwh,BUNDOORA,0.0,0.24430466,0.020869914,0.02025159,0.0
2025-05-23 22:00:00,solar.bun_library#realenergyintotheload#kwh,BUNDOORA,0.0,0.17115794,0.020838618,0.020221222,0.0
2025-05-23 23:00:00,solar.bun_library#realenergyintotheload#kwh,BUNDOORA,0.0,0.17115794,0.020838618,0.020221222,0.0
2025-05-24 00:00:00,solar.bun_library#realenergyintotheload#kwh,BUNDOORA,0.0,0.27919644,0.020838618,0.020221222,0.0
2025-05-24 01:00:00,solar.bun_library#realenergyintotheload#kwh,BUNDOORA,0.0,-0.029420752,0.0065916814,0.0063963863,0.0
2025-05-24 02:00:00,solar.bun_library#realenergyintotheload#kwh,BUNDOORA,0.0,0.42749962,-0.023204215,0.0,0.0
2025-05-24 03:00:00,solar.bun_library#realenergyintotheload#kwh,BUNDOORA,0.0,-0.04834529,0.013593643,0.013190897,0.0
2025-05-24 04:00:00,solar.bun_library#realenergyintotheload#kwh,BUNDOORA,0.0,-0.11274756,0.021337654,0.020705473,0.0
2025-05-24 05:00:00,solar.bun_library#realenergyintotheload#kwh,BUNDOORA,0.0,-0.11274756,0.013593643,0.013190897,0.0
2025-05-24 06:00:00,solar.bun_library#realenergyintotheload#kwh,BUNDOORA,0.0,0.8710354,0.021337654,0.020705473,0.0
2025-05-24 07:00:00,solar.bun_library#realenergyintotheload#kwh,BUNDOORA,0.0,3.6615365,0.013593643,0.013190897,0.0
2025-05-24 08:00:00,solar.bun_library#realenergyintotheload#kwh,BUNDOORA,1.75,2.7495153,6.909069,6.7043705,26.0
2025-05-24 09:00:00,solar.bun_library#realenergyintotheload#kwh,BUNDOORA,27.375,25.26834,63.148315,61.27739,191.0
2025-05-24 10:00:00,solar.bun_library#realenergyintotheload#kwh,BUNDOORA,102.5,117.411804,124.250336,120.56911,340.0
2025-05-24 11:00:00,solar.bun_library#realenergyintotheload#kwh,BUNDOORA,158.0,148.64648,167.64987,162.68283,450.0
2025-05-24 12:00:00,solar.bun_library#realenergyintotheload#kwh,BUNDOORA,189.25,142.68652,174.9419,169.7588,507.0
2025-05-24 13:00:00,solar.bun_library#realenergyintotheload#kwh,BUNDOORA,180.375,165.15915,171.62402,166.53923,507.0
2025-05-24 14:00:00,solar.bun_library#realenergyintotheload#kwh,BUNDOORA,140.125,190.29417,151.47157,146.98384,413.0
2025-05-24 15:00:00,solar.bun_library#realenergyintotheload#kwh,BUNDOORA,73.5,130.31807,114.75715,111.35718,328.0
2025-05-24 16:00:00,solar.bun_library#realenergyintotheload#kwh,BUNDOORA,31.0,107.753006,60.295353,58.508953,170.0
2025-05-24 17:00:00,solar.bun_library#realenergyintotheload#kwh,BUNDOORA,12.75,48.413437,9.740461,9.451876,32.0
2025-05-24 18:00:00,solar.bun_library#realenergyintotheload#kwh,BUNDOORA,0.125,11.352196,-0.11819257,0.0,0.0
2025-05-24 19:00:00,solar.bun_library#realenergyintotheload#kwh,BUNDOORA,0.0,2.0248528,0.060212612,0.058428664,0.0
2025-05-24 20:00:00,solar.bun_library#realenergyintotheload#kwh,BUNDOORA,0.0,1.0978577,0.007637822,0.0074115326,0.0
2025-05-24 21:00:00,solar.bun_library#realenergyintotheload#kwh,BUNDOORA,0.0,1.4500675,-0.01533167,0.0,0.0
2025-05-24 22:00:00,solar.bun_library#realenergyintotheload#kwh,BUNDOORA,0.0,-0.3515305,0.017470144,0.016952546,0.0
2025-05-24 23:00:00,solar.bun_library#realenergyintotheload#kwh,BUNDOORA,0.0,0.88845974,0.017470144,0.016952546,0.0
2025-05-25 00:00:00,solar.bun_library#realenergyintotheload#kwh,BUNDOORA,0.0,2.9489932,0.037867676,0.036745753,0.0
2025-05-25 01:00:00,solar.bun_library#realenergyintotheload#kwh,BUNDOORA,0.0,4.170543,-0.051902544,0.0,0.0
2025-05-25 02:00:00,solar.bun_library#realenergyintotheload#kwh,BUNDOORA,0.0,8.636024,-0.051902544,0.0,0.0
2025-05-25 03:00:00,solar.bun_library#realenergyintotheload#kwh,BUNDOORA,0.0,7.064221,-0.07560317,0.0,0.0
2025-05-25 04:00:00,solar.bun_library#realenergyintotheload#kwh,BUNDOORA,0.0,3.9846506,-0.018928833,0.0,0.0
2025-05-25 05:00:00,solar.bun_library#realenergyintotheload#kwh,BUNDOORA,0.0,0.43801495,-0.06331897,0.0,0.0
2025-05-25 06:00:00,solar.bun_library#realenergyintotheload#kwh,BUNDOORA,0.0,3.3957863,0.021598633,0.02095872,0.0
2025-05-25 07:00:00,solar.bun_library#realenergyintotheload#kwh,BUNDOORA,0.0,38.655567,-0.028464694,0.0,0.0
2025-05-25 08:00:00,solar.bun_library#realenergyintotheload#kwh,BUNDOORA,2.625,73.60355,13.77629,13.368133,42.0
2025-05-25 09:00:00,solar.bun_library#realenergyintotheload#kwh,BUNDOORA,36.0,137.6916,72.65135,70.49887,199.0
2025-05-25 10:00:00,solar.bun_library#realenergyintotheload#kwh,BUNDOORA,103.125,147.37192,125.234375,121.523994,345.0
2025-05-25 11:00:00,solar.bun_library#realenergyintotheload#kwh,BUNDOORA,154.5,131.65187,168.26514,163.27986,451.0
2025-05-25 12:00:00,solar.bun_library#realenergyintotheload#kwh,BUNDOORA,180.0,199.43669,177.67596,172.41187,480.0
2025-05-25 13:00:00,solar.bun_library#realenergyintotheload#kwh,BUNDOORA,122.125,200.8571,161.85347,157.05815,465.0
2025-05-25 14:00:00,solar.bun_library#realenergyintotheload#kwh,BUNDOORA,177.0,189.71292,159.36902,154.64731,440.0
2025-05-25 15:00:00,solar.bun_library#realenergyintotheload#kwh,BUNDOORA,128.0,166.25996,121.03282,117.44692,345.0
2025-05-25 16:00:00,solar.bun_library#realenergyintotheload#kwh,BUNDOORA,49.875,100.99395,73.458664,71.282265,201.0
2025-05-25 17:00:00,solar.bun_library#realenergyintotheload#kwh,BUNDOORA,8.625,58.18831,14.279961,13.856881,46.0
2025-05-25 18:00:00,solar.bun_library#realenergyintotheload#kwh,BUNDOORA,0.0,24.713957,-0.08625457,0.0,0.0
2025-05-25 19:00:00,solar.bun_library#realenergyintotheload#kwh,BUNDOORA,0.0,8.962624,0.049401045,0.047937416,0.0
2025-05-25 20:00:00,solar.bun_library#realenergyintotheload#kwh,BUNDOORA,0.0,6.674748,0.026933387,0.026135419,0.0
2025-05-25 21:00:00,solar.bun_library#realenergyintotheload#kwh,BUNDOORA,0.0,1.7785873,-0.04526295,0.0,0.0
2025-05-25 22:00:00,solar.bun_library#realenergyintotheload#kwh,BUNDOORA,0.0,1.1973096,-0.04526295,0.0,0.0
2025-05-25 23:00:00,solar.bun_library#realenergyintotheload#kwh,BUNDOORA,0.0,-0.7829704,0.16863361,0.16363741,0.0
2025-05-26 00:00:00,solar.bun_library#realenergyintotheload#kwh,BUNDOORA,0.0,0.29386878,0.07393524,0.071744725,0.0
2025-05-26 01:00:00,solar.bun_library#realenergyintotheload#kwh,BUNDOORA,0.0,3.9770257,-0.23595124,0.0,0.0
2025-05-26 02:00:00,solar.bun_library#realenergyintotheload#kwh,BUNDOORA,0.0,2.1040432,0.06386218,0.061970104,0.0
2025-05-26 03:00:00,solar.bun_library#realenergyintotheload#kwh,BUNDOORA,0.0,1.4883959,0.044968594,0.04363629,0.0
2025-05-26 04:00:00,solar.bun_library#realenergyintotheload#kwh,BUNDOORA,0.0,3.726409,0.05803431,0.056314897,0.0
2025-05-26 05:00:00,solar.bun_library#realenergyintotheload#kwh,BUNDOORA,0.0,5.5307446,0.05803431,0.056314897,0.0
2025-05-26 06:00:00,solar.bun_library#realenergyintotheload#kwh,BUNDOORA,0.0,4.8669834,0.044968594,0.04363629,0.0
2025-05-26 07:00:00,solar.bun_library#realenergyintotheload#kwh,BUNDOORA,0.0,34.214363,0.044968594,0.04363629,0.0
2025-05-26 08:00:00,solar.bun_library#realenergyintotheload#kwh,BUNDOORA,2.375,64.455475,10.685917,10.36932,37.0
2025-05-26 09:00:00,solar.bun_library#realenergyintotheload#kwh,BUNDOORA,32.875,135.58667,69.69851,67.633514,192.0
2025-05-26 10:00:00,solar.bun_library#realenergyintotheload#kwh,BUNDOORA,97.75,170.13742,125.546555,121.82693,335.0
2025-05-26 11:00:00,solar.bun_library#realenergyintotheload#kwh,BUNDOORA,154.0,138.61052,162.73523,157.91379,443.0
2025-05-26 12:00:00,solar.bun_library#realenergyintotheload#kwh,BUNDOORA,185.375,182.74948,172.73482,167.61711,503.0
2025-05-26 13:00:00,solar.bun_library#realenergyintotheload#kwh,BUNDOORA,194.5,194.0895,169.71527,164.68703,505.0
2025-05-26 14:00:00,solar.bun_library#realenergyintotheload#kwh,BUNDOORA,170.875,170.68909,155.86507,151.24718,450.0
2025-05-26 15:00:00,solar.bun_library#realenergyintotheload#kwh,BUNDOORA,98.5,152.0124,98.55892,95.63887,274.0
2025-05-26 16:00:00,solar.bun_library#realenergyintotheload#kwh,BUNDOORA,52.125,125.40913,58.37439,56.6449,169.0
2025-05-26 17:00:00,solar.bun_library#realenergyintotheload#kwh,BUNDOORA,10.5,43.241722,8.38704,8.138553,30.0
2025-05-26 18:00:00,solar.bun_library#realenergyintotheload#kwh,BUNDOORA,0.0,21.317324,0.23341861,0.226503,0.0
2025-05-26 19:00:00,solar.bun_library#realenergyintotheload#kwh,BUNDOORA,0.0,4.8681808,0.14262493,0.1383993,0.0
2025-05-26 20:00:00,solar.bun_library#realenergyintotheload#kwh,BUNDOORA,0.0,3.4585903,-0.022018462,0.0,0.0
2025-05-26 21:00:00,solar.bun_library#realenergyintotheload#kwh,BUNDOORA,0.0,8.4569845,0.025575802,0.024818055,0.0
2025-05-26 22:00:00,solar.bun_library#realenergyintotheload#kwh,BUNDOORA,0.0,7.4514604,-0.028391656,0.0,0.0
2025-05-26 23:00:00,solar.bun_library#realenergyintotheload#kwh,BUNDOORA,0.0,-1.4832126,-0.05351509,0.0,0.0
2025-05-27 00:00:00,solar.bun_library#realenergyintotheload#kwh,BUNDOORA,0.0,-0.35518387,-0.12217274,0.0,0.0
2025-05-27 01:00:00,solar.bun_library#realenergyintotheload#kwh,BUNDOORA,0.0,-0.049352705,-0.12217274,0.0,0.0
2025-05-27 02:00:00,solar.bun_library#realenergyintotheload#kwh,BUNDOORA,0.0,0.7086929,-0.053111386,0.0,0.0
2025-05-27 03:00:00,solar.bun_library#realenergyintotheload#kwh,BUNDOORA,0.0,0.6736578,-0.05640606,0.0,0.0
2025-05-27 04:00:00,solar.bun_library#realenergyintotheload#kwh,BUNDOORA,0.0,2.5420103,-0.0016561437,0.0,0.0
2025-05-27 05:00:00,solar.bun_library#realenergyintotheload#kwh,BUNDOORA,0.0,0.8710322,0.010910548,0.0105872955,0.0
2025-05-27 06:00:00,solar.bun_library#realenergyintotheload#kwh,BUNDOORA,0.0,3.859331,0.009415175,0.009136227,0.0
2025-05-27 07:00:00,solar.bun_library#realenergyintotheload#kwh,BUNDOORA,0.0,6.90467,0.006911428,0.0067066597,0.0
2025-05-27 08:00:00,solar.bun_library#realenergyintotheload#kwh,BUNDOORA,2.5,5.3431997,9.270074,8.995425,33.0
2025-05-27 09:00:00,solar.bun_library#realenergyintotheload#kwh,BUNDOORA,38.5,17.918224,62.91355,61.04958,167.0
2025-05-27 10:00:00,solar.bun_library#realenergyintotheload#kwh,BUNDOORA,98.875,97.29228,118.45342,114.94395,299.0
2025-05-27 11:00:00,solar.bun_library#realenergyintotheload#kwh,BUNDOORA,107.875,132.6547,126.25116,122.51065,335.0
2025-05-27 12:00:00,solar.bun_library#realenergyintotheload#kwh,BUNDOORA,108.0,159.09212,132.57066,128.64293,360.0
2025-05-27 13:00:00,solar.bun_library#realenergyintotheload#kwh,BUNDOORA,59.25,135.64679,59.947002,58.17092,181.0
2025-05-27 14:00:00,solar.bun_library#realenergyintotheload#kwh,BUNDOORA,52.25,94.47658,50.384373,48.89161,153.0
2025-05-27 15:00:00,solar.bun_library#realenergyintotheload#kwh,BUNDOORA,42.125,88.89247,42.08532,40.838436,128.0
2025-05-27 16:00:00,solar.bun_library#realenergyintotheload#kwh,BUNDOORA,22.625,22.477644,49.57892,48.11002,147.0
2025-05-27 17:00:00,solar.bun_library#realenergyintotheload#kwh,BUNDOORA,3.25,11.045279,2.6536305,2.57501,12.0
2025-05-27 18:00:00,solar.bun_library#realenergyintotheload#kwh,BUNDOORA,0.0,6.0412254,0.01842234,0.017876532,0.0
2025-05-27 19:00:00,solar.bun_library#realenergyintotheload#kwh,BUNDOORA,0.0,3.3951454,0.011332908,0.010997142,0.0
2025-05-27 20:00:00,solar.bun_library#realenergyintotheload#kwh,BUNDOORA,0.0,-0.25783673,0.013836655,0.013426709,0.0
2025-05-27 21:00:00,solar.bun_library#realenergyintotheload#kwh,BUNDOORA,0.0,-0.29524517,0.014335692,0.013910961,0.0
2025-05-27 22:00:00,solar.bun_library#realenergyintotheload#kwh,BUNDOORA,0.0,-0.56458336,0.013836655,0.013426709,0.0
2025-05-27 23:00:00,solar.bun_library#realenergyintotheload#kwh,BUNDOORA,0.0,1.2036059,0.013836655,0.013426709,0.0
2025-05-28 00:00:00,solar.bun_library#realenergyintotheload#kwh,BUNDOORA,0.0,-0.8691405,0.013836655,0.013426709,0.0
2025-05-28 01:00:00,solar.bun_library#realenergyintotheload#kwh,BUNDOORA,0.0,-0.7010193,0.02379695,0.023091905,0.0
2025-05-28 02:00:00,solar.bun_library#realenergyintotheload#kwh,BUNDOORA,0.0,5.7368174,-0.013873861,0.0,0.0
2025-05-28 03:00:00,solar.bun_library#realenergyintotheload#kwh,BUNDOORA,0.0,2.4940097,0.014335692,0.013910961,0.0
2025-05-28 04:00:00,solar.bun_library#realenergyintotheload#kwh,BUNDOORA,0.0,3.4614968,0.013836655,0.013426709,0.0
2025-05-28 05:00:00,solar.bun_library#realenergyintotheload#kwh,BUNDOORA,0.0,3.5270236,-0.013873861,0.0,0.0
2025-05-28 06:00:00,solar.bun_library#realenergyintotheload#kwh,BUNDOORA,0.0,4.4389815,0.013836655,0.013426709,0.0
2025-05-28 07:00:00,solar.bun_library#realenergyintotheload#kwh,BUNDOORA,0.0,21.54368,0.014335692,0.013910961,0.0
2025-05-28 08:00:00,solar.bun_library#realenergyintotheload#kwh,BUNDOORA,0.75,20.372023,4.78875,4.6468716,20.0
2025-05-28 09:00:00,solar.bun_library#realenergyintotheload#kwh,BUNDOORA,9.875,12.429015,30.033394,29.14358,89.0
2025-05-28 10:00:00,solar.bun_library#realenergyintotheload#kwh,BUNDOORA,41.875,11.138458,58.885952,57.141308,170.0
2025-05-28 11:00:00,solar.bun_library#realenergyintotheload#kwh,BUNDOORA,56.5,15.206008,69.12788,67.07979,198.0
2025-05-28 12:00:00,solar.bun_library#realenergyintotheload#kwh,BUNDOORA,100.375,41.96973,96.79136,93.923676,272.0
2025-05-28 13:00:00,solar.bun_library#realenergyintotheload#kwh,BUNDOORA,77.25,22.62626,88.631424,86.00549,251.0
2025-05-28 14:00:00,solar.bun_library#realenergyintotheload#kwh,BUNDOORA,83.625,18.5092,82.05158,79.6206,229.0
2025-05-28 15:00:00,solar.bun_library#realenergyintotheload#kwh,BUNDOORA,51.5,19.644682,56.990486,55.302002,165.0
2025-05-28 16:00:00,solar.bun_library#realenergyintotheload#kwh,BUNDOORA,20.75,18.513353,22.18896,21.531555,70.0
2025-05-28 17:00:00,solar.bun_library#realenergyintotheload#kwh,BUNDOORA,6.125,52.576862,5.5064335,5.3432918,22.0
2025-05-28 18:00:00,solar.bun_library#realenergyintotheload#kwh,BUNDOORA,0.0,8.810579,0.013836655,0.013426709,0.0
2025-05-28 19:00:00,solar.bun_library#realenergyintotheload#kwh,BUNDOORA,0.0,1.1780188,0.013836655,0.013426709,0.0
2025-05-28 20:00:00,solar.bun_library#realenergyintotheload#kwh,BUNDOORA,0.0,-0.18766847,0.013836655,0.013426709,0.0
2025-05-28 21:00:00,solar.bun_library#realenergyintotheload#kwh,BUNDOORA,0.0,-0.30543846,0.013836655,0.013426709,0.0
2025-05-28 22:00:00,solar.bun_library#realenergyintotheload#kwh,BUNDOORA,0.0,-0.10201033,0.020838618,0.020221222,0.0
2025-05-28 23:00:00,solar.bun_library#realenergyintotheload#kwh,BUNDOORA,0.0,-0.0022198837,0.020838618,0.020221222,0.0
2025-05-29 00:00:00,solar.bun_library#realenergyintotheload#kwh,BUNDOORA,0.0,0.01824923,0.020838618,0.020221222,0.0
2025-05-29 01:00:00,solar.bun_library#realenergyintotheload#kwh,BUNDOORA,0.0,0.560291,0.0056305127,0.0054636947,0.0
2025-05-29 02:00:00,solar.bun_library#realenergyintotheload#kwh,BUNDOORA,0.0,0.63861793,0.020838618,0.020221222,0.0
2025-05-29 03:00:00,solar.bun_library#realenergyintotheload#kwh,BUNDOORA,0.0,-0.49051452,0.020838618,0.020221222,0.0
2025-05-29 04:00:00,solar.bun_library#realenergyintotheload#kwh,BUNDOORA,0.0,0.18484598,0.020838618,0.020221222,0.0
2025-05-29 05:00:00,solar.bun_library#realenergyintotheload#kwh,BUNDOORA,0.0,-0.13071033,0.020838618,0.020221222,0.0
2025-05-29 06:00:00,solar.bun_library#realenergyintotheload#kwh,BUNDOORA,0.0,0.38537693,0.013593643,0.013190897,0.0
2025-05-29 07:00:00,solar.bun_library#realenergyintotheload#kwh,BUNDOORA,0.0,2.9250433,0.020838618,0.020221222,0.0
2025-05-29 08:00:00,solar.bun_library#realenergyintotheload#kwh,BUNDOORA,0.125,2.2837236,6.2614255,6.0759153,23.0
2025-05-29 09:00:00,solar.bun_library#realenergyintotheload#kwh,BUNDOORA,8.75,-4.097737,25.691006,24.929846,81.0
2025-05-29 10:00:00,solar.bun_library#realenergyintotheload#kwh,BUNDOORA,30.0,22.084658,59.414494,57.65419,169.0
2025-05-29 11:00:00,solar.bun_library#realenergyintotheload#kwh,BUNDOORA,69.25,70.53043,107.96835,104.76952,295.0
2025-05-29 12:00:00,solar.bun_library#realenergyintotheload#kwh,BUNDOORA,104.25,91.53025,128.02078,124.227844,342.0
2025-05-29 13:00:00,solar.bun_library#realenergyintotheload#kwh,BUNDOORA,107.25,85.776375,127.89853,124.109215,358.0
2025-05-29 14:00:00,solar.bun_library#realenergyintotheload#kwh,BUNDOORA,128.75,94.13236,152.0548,147.54979,400.0
2025-05-29 15:00:00,solar.bun_library#realenergyintotheload#kwh,BUNDOORA,129.125,169.58336,124.7301,121.03466,331.0
2025-05-29 16:00:00,solar.bun_library#realenergyintotheload#kwh,BUNDOORA,56.875,102.00487,67.05666,65.06994,181.0
2025-05-29 17:00:00,solar.bun_library#realenergyintotheload#kwh,BUNDOORA,14.0,10.202296,11.545738,11.203667,39.0
2025-05-29 18:00:00,solar.bun_library#realenergyintotheload#kwh,BUNDOORA,0.0,6.1654034,-0.0029132236,0.0,0.0
2025-05-29 19:00:00,solar.bun_library#realenergyintotheload#kwh,BUNDOORA,0.0,2.4636445,-0.0029132236,0.0,0.0
2025-05-29 20:00:00,solar.bun_library#realenergyintotheload#kwh,BUNDOORA,0.0,0.010460505,-0.0029132236,0.0,0.0
2025-05-29 21:00:00,solar.bun_library#realenergyintotheload#kwh,BUNDOORA,0.0,-0.1917651,0.013125903,0.012737015,0.0
2025-05-29 22:00:00,solar.bun_library#realenergyintotheload#kwh,BUNDOORA,0.0,-0.11382965,0.013125903,0.012737015,0.0
2025-05-29 23:00:00,solar.bun_library#realenergyintotheload#kwh,BUNDOORA,0.0,-0.09291776,0.013125903,0.012737015,0.0
2025-05-30 00:00:00,solar.bun_library#realenergyintotheload#kwh,BUNDOORA,0.0,0.004255982,0.011460471,0.011120926,0.0
2025-05-30 01:00:00,solar.bun_library#realenergyintotheload#kwh,BUNDOORA,0.0,0.004255982,0.013593643,0.013190897,0.0
2025-05-30 02:00:00,solar.bun_library#realenergyintotheload#kwh,BUNDOORA,0.0,0.0049942154,0.020838618,0.020221222,0.0
2025-05-30 03:00:00,solar.bun_library#realenergyintotheload#kwh,BUNDOORA,0.0,-0.018450765,0.013593643,0.013190897,0.0
2025-05-30 04:00:00,solar.bun_library#realenergyintotheload#kwh,BUNDOORA,0.0,-0.039783433,0.013125903,0.012737015,0.0
2025-05-30 05:00:00,solar.bun_library#realenergyintotheload#kwh,BUNDOORA,0.0,-0.097575925,0.013125903,0.012737015,0.0
2025-05-30 06:00:00,solar.bun_library#realenergyintotheload#kwh,BUNDOORA,0.0,0.41767937,0.008303222,0.008057219,0.0
2025-05-30 07:00:00,solar.bun_library#realenergyintotheload#kwh,BUNDOORA,0.0,1.566066,0.011460471,0.011120926,0.0
2025-05-30 08:00:00,solar.bun_library#realenergyintotheload#kwh,BUNDOORA,0.5,1.7018847,6.2614255,6.0759153,24.0
2025-05-30 09:00:00,solar.bun_library#realenergyintotheload#kwh,BUNDOORA,14.375,3.4982994,34.093735,33.083622,99.0
2025-05-30 10:00:00,solar.bun_library#realenergyintotheload#kwh,BUNDOORA,40.75,2.2987652,68.35954,66.33422,184.0
2025-05-30 11:00:00,solar.bun_library#realenergyintotheload#kwh,BUNDOORA,63.5,4.528757,92.61352,89.86961,251.0
2025-05-30 12:00:00,solar.bun_library#realenergyintotheload#kwh,BUNDOORA,75.625,8.227412,84.35496,81.85573,233.0
2025-05-30 13:00:00,solar.bun_library#realenergyintotheload#kwh,BUNDOORA,65.0,38.84638,65.829834,63.87946,193.0
2025-05-30 14:00:00,solar.bun_library#realenergyintotheload#kwh,BUNDOORA,63.0,28.807579,73.9554,71.76428,205.0
2025-05-30 15:00:00,solar.bun_library#realenergyintotheload#kwh,BUNDOORA,46.75,46.064854,44.307438,42.99472,131.0
2025-05-30 16:00:00,solar.bun_library#realenergyintotheload#kwh,BUNDOORA,23.25,48.16233,25.695784,24.934483,81.0
2025-05-30 17:00:00,solar.bun_library#realenergyintotheload#kwh,BUNDOORA,7.0,22.971594,7.731367,7.502306,27.0
2025-05-30 18:00:00,solar.bun_library#realenergyintotheload#kwh,BUNDOORA,0.0,12.39604,0.024202026,0.02348498,0.0
2025-05-30 19:00:00,solar.bun_library#realenergyintotheload#kwh,BUNDOORA,0.0,7.321015,0.020869914,0.02025159,0.0
2025-05-30 20:00:00,solar.bun_library#realenergyintotheload#kwh,BUNDOORA,0.0,0.31356215,-0.0029132236,0.0,0.0
2025-05-30 21:00:00,solar.bun_library#realenergyintotheload#kwh,BUNDOORA,0.0,0.081466,0.013125903,0.012737015,0.0
2025-05-30 22:00:00,solar.bun_library#realenergyintotheload#kwh,BUNDOORA,0.0,-0.07368964,-0.00015105726,0.0,0.0
2025-05-30 23:00:00,solar.bun_library#realenergyintotheload#kwh,BUNDOORA,0.0,0.17004682,0.008303222,0.008057219,0.0
2025-05-31 00:00:00,solar.bun_library#realenergyintotheload#kwh,BUNDOORA,0.0,0.12084724,0.008303222,0.008057219,0.0
2025-05-31 01:00:00,solar.bun_library#realenergyintotheload#kwh,BUNDOORA,0.0,-0.08340707,0.011460471,0.011120926,0.0
2025-05-31 02:00:00,solar.bun_library#realenergyintotheload#kwh,BUNDOORA,0.0,0.0955415,0.020869914,0.02025159,0.0
2025-05-31 03:00:00,solar.bun_library#realenergyintotheload#kwh,BUNDOORA,0.0,0.01560373,0.005372308,0.00521314,0.0
2025-05-31 04:00:00,solar.bun_library#realenergyintotheload#kwh,BUNDOORA,0.0,-0.23946868,0.013116319,0.012727715,0.0
2025-05-31 05:00:00,solar.bun_library#realenergyintotheload#kwh,BUNDOORA,0.0,-0.22505943,0.003706878,0.0035970525,0.0
2025-05-31 06:00:00,solar.bun_library#realenergyintotheload#kwh,BUNDOORA,0.0,-0.092080876,0.005372308,0.00521314,0.0
2025-05-31 07:00:00,solar.bun_library#realenergyintotheload#kwh,BUNDOORA,0.0,1.6432302,-0.007904651,0.0,0.0
2025-05-31 08:00:00,solar.bun_library#realenergyintotheload#kwh,BUNDOORA,1.5,0.94369924,6.264997,6.079381,23.0
2025-05-31 09:00:00,solar.bun_library#realenergyintotheload#kwh,BUNDOORA,18.75,0.0041559953,41.81433,40.575478,116.0
2025-05-31 10:00:00,solar.bun_library#realenergyintotheload#kwh,BUNDOORA,40.75,8.015963,69.023735,66.97874,196.0
2025-05-31 11:00:00,solar.bun_library#realenergyintotheload#kwh,BUNDOORA,81.875,75.890236,119.04974,115.5226,311.0
2025-05-31 12:00:00,solar.bun_library#realenergyintotheload#kwh,BUNDOORA,155.375,106.394516,172.88258,167.7605,456.0
2025-05-31 13:00:00,solar.bun_library#realenergyintotheload#kwh,BUNDOORA,201.5,176.56096,182.45929,177.05348,491.0
2025-05-31 14:00:00,solar.bun_library#realenergyintotheload#kwh,BUNDOORA,168.0,117.70595,167.21304,162.25894,437.0
2025-05-31 15:00:00,solar.bun_library#realenergyintotheload#kwh,BUNDOORA,119.5,128.8379,122.55474,118.92375,331.0
2025-05-31 16:00:00,solar.bun_library#realenergyintotheload#kwh,BUNDOORA,44.25,168.46834,66.45897,64.48995,188.0
2025-05-31 17:00:00,solar.bun_library#realenergyintotheload#kwh,BUNDOORA,7.5,84.03194,10.917834,10.594366,36.0
2025-05-31 18:00:00,solar.bun_library#realenergyintotheload#kwh,BUNDOORA,0.0,39.932518,0.020544253,0.019935578,0.0
2025-05-31 19:00:00,solar.bun_library#realenergyintotheload#kwh,BUNDOORA,0.0,9.610494,0.0120004015,0.01164486,0.0
2025-05-31 20:00:00,solar.bun_library#realenergyintotheload#kwh,BUNDOORA,0.0,-0.5530489,0.0120004015,0.01164486,0.0
2025-05-31 21:00:00,solar.bun_library#realenergyintotheload#kwh,BUNDOORA,0.0,-0.90891135,-0.010666817,0.0,0.0
2025-05-31 22:00:00,solar.bun_library#realenergyintotheload#kwh,BUNDOORA,0.0,-0.90166855,-0.010666817,0.0,0.0
2025-05-31 23:00:00,solar.bun_library#realenergyintotheload#kwh,BUNDOORA,0.0,-0.86223656,-0.010666817,0.0,0.0
2025-06-01 00:00:00,solar.bun_library#realenergyintotheload#kwh,BUNDOORA,0.0,-1.1380463,-0.010666817,0.0,0.0
2025-06-01 01:00:00,solar.bun_library#realenergyintotheload#kwh,BUNDOORA,0.0,0.007757252,0.005372308,0.00521314,0.0
2025-06-01 02:00:00,solar.bun_library#realenergyintotheload#kwh,BUNDOORA,0.0,-0.39584506,-0.010666817,0.0,0.0
2025-06-01 03:00:00,solar.bun_library#realenergyintotheload#kwh,BUNDOORA,0.0,0.020950707,-0.010666817,0.0,0.0
2025-06-01 04:00:00,solar.bun_library#realenergyintotheload#kwh,BUNDOORA,0.0,0.12134723,-0.0013861831,0.0,0.0
2025-06-01 05:00:00,solar.bun_library#realenergyintotheload#kwh,BUNDOORA,0.0,0.24277446,-0.0073347017,0.0,0.0
2025-06-01 06:00:00,solar.bun_library#realenergyintotheload#kwh,BUNDOORA,0.0,4.608698,0.016448434,0.015961109,0.0
2025-06-01 07:00:00,solar.bun_library#realenergyintotheload#kwh,BUNDOORA,0.0,5.332112,-0.006378649,0.0,0.0
2025-06-01 08:00:00,solar.bun_library#realenergyintotheload#kwh,BUNDOORA,1.625,10.115526,7.721579,7.492808,27.0
2025-06-01 09:00:00,solar.bun_library#realenergyintotheload#kwh,BUNDOORA,30.0,128.38152,65.1935,63.26198,178.0
2025-06-01 10:00:00,solar.bun_library#realenergyintotheload#kwh,BUNDOORA,91.375,153.48584,129.14487,125.31863,325.0
2025-06-01 11:00:00,solar.bun_library#realenergyintotheload#kwh,BUNDOORA,149.25,190.86546,162.42368,157.61147,434.0
2025-06-01 12:00:00,solar.bun_library#realenergyintotheload#kwh,BUNDOORA,154.125,163.19478,163.81364,158.96025,493.0
2025-06-01 13:00:00,solar.bun_library#realenergyintotheload#kwh,BUNDOORA,185.375,198.53336,164.24564,159.37946,495.0
2025-06-01 14:00:00,solar.bun_library#realenergyintotheload#kwh,BUNDOORA,156.0,186.30194,159.84593,155.11009,432.0
2025-06-01 15:00:00,solar.bun_library#realenergyintotheload#kwh,BUNDOORA,109.25,140.94482,115.3896,111.970894,325.0
2025-06-01 16:00:00,solar.bun_library#realenergyintotheload#kwh,BUNDOORA,45.875,118.65771,45.72616,44.371407,136.0
2025-06-01 17:00:00,solar.bun_library#realenergyintotheload#kwh,BUNDOORA,9.875,66.319275,8.127284,7.8864927,30.0
2025-06-01 18:00:00,solar.bun_library#realenergyintotheload#kwh,BUNDOORA,0.0,33.286392,0.09502121,0.09220597,0.0
2025-06-01 19:00:00,solar.bun_library#realenergyintotheload#kwh,BUNDOORA,0.0,12.715391,-0.04409106,0.0,0.0
2025-06-01 20:00:00,solar.bun_library#realenergyintotheload#kwh,BUNDOORA,0.0,4.683268,0.013288167,0.012894472,0.0
2025-06-01 21:00:00,solar.bun_library#realenergyintotheload#kwh,BUNDOORA,0.0,-2.1752408,-0.060343985,0.0,0.0
2025-06-01 22:00:00,solar.bun_library#realenergyintotheload#kwh,BUNDOORA,0.0,5.4101014,0.0031481783,0.0030549057,0.0
2025-06-01 23:00:00,solar.bun_library#realenergyintotheload#kwh,BUNDOORA,0.0,8.408087,0.046096973,0.044731233,0.0
2025-06-02 00:00:00,solar.bun_library#realenergyintotheload#kwh,BUNDOORA,0.0,6.362287,0.092234746,0.08950206,0.0
2025-06-02 01:00:00,solar.bun_library#realenergyintotheload#kwh,BUNDOORA,0.0,7.0618625,0.041228745,0.04000724,0.0
2025-06-02 02:00:00,solar.bun_library#realenergyintotheload#kwh,BUNDOORA,0.0,7.8283963,0.041228745,0.04000724,0.0
2025-06-02 03:00:00,solar.bun_library#realenergyintotheload#kwh,BUNDOORA,0.0,6.438811,0.06944542,0.06738792,0.0
2025-06-02 04:00:00,solar.bun_library#realenergyintotheload#kwh,BUNDOORA,0.0,1.7823095,0.0663887,0.064421766,0.0
2025-06-02 05:00:00,solar.bun_library#realenergyintotheload#kwh,BUNDOORA,0.0,1.7091777,0.0663887,0.064421766,0.0
2025-06-02 06:00:00,solar.bun_library#realenergyintotheload#kwh,BUNDOORA,0.0,5.3714128,0.07413271,0.07193635,0.0
2025-06-02 07:00:00,solar.bun_library#realenergyintotheload#kwh,BUNDOORA,0.0,36.51845,0.025055297,0.024312971,0.0
2025-06-02 08:00:00,solar.bun_library#realenergyintotheload#kwh,BUNDOORA,1.75,59.53784,4.822469,4.6795917,18.0
2025-06-02 09:00:00,solar.bun_library#realenergyintotheload#kwh,BUNDOORA,28.375,124.39784,55.089302,53.45714,144.0
2025-06-02 10:00:00,solar.bun_library#realenergyintotheload#kwh,BUNDOORA,84.125,109.75037,102.98151,99.93042,264.0
2025-06-02 11:00:00,solar.bun_library#realenergyintotheload#kwh,BUNDOORA,129.75,118.59555,130.6012,126.73181,340.0
2025-06-02 12:00:00,solar.bun_library#realenergyintotheload#kwh,BUNDOORA,160.125,179.13689,171.99759,166.90173,481.0
2025-06-02 13:00:00,solar.bun_library#realenergyintotheload#kwh,BUNDOORA,146.0,214.74585,165.26941,160.3729,463.0
2025-06-02 14:00:00,solar.bun_library#realenergyintotheload#kwh,BUNDOORA,131.875,165.21631,157.44044,152.77588,420.0
2025-06-02 15:00:00,solar.bun_library#realenergyintotheload#kwh,BUNDOORA,93.875,184.24586,103.43685,100.37228,281.0
2025-06-02 16:00:00,solar.bun_library#realenergyintotheload#kwh,BUNDOORA,46.625,133.76157,40.942585,39.729557,120.0
2025-06-02 17:00:00,solar.bun_library#realenergyintotheload#kwh,BUNDOORA,13.125,94.489494,7.7647567,7.534706,28.0
2025-06-02 18:00:00,solar.bun_library#realenergyintotheload#kwh,BUNDOORA,0.0,23.14242,0.05311174,0.051538173,0.0
2025-06-02 19:00:00,solar.bun_library#realenergyintotheload#kwh,BUNDOORA,0.0,4.88108,0.058146812,0.056424066,0.0
2025-06-02 20:00:00,solar.bun_library#realenergyintotheload#kwh,BUNDOORA,0.0,4.1755238,0.007785528,0.007554862,0.0
2025-06-02 21:00:00,solar.bun_library#realenergyintotheload#kwh,BUNDOORA,0.0,1.5898776,-0.0104072075,0.0,0.0
2025-06-02 22:00:00,solar.bun_library#realenergyintotheload#kwh,BUNDOORA,0.0,3.5865479,0.009415175,0.009136227,0.0
2025-06-02 23:00:00,solar.bun_library#realenergyintotheload#kwh,BUNDOORA,0.0,-0.36559367,0.009415175,0.009136227,0.0
2025-06-03 00:00:00,solar.bun_library#realenergyintotheload#kwh,BUNDOORA,0.0,0.29192126,0.006911428,0.0067066597,0.0
2025-06-03 01:00:00,solar.bun_library#realenergyintotheload#kwh,BUNDOORA,0.0,-0.060141936,0.006911428,0.0067066597,0.0
2025-06-03 02:00:00,solar.bun_library#realenergyintotheload#kwh,BUNDOORA,0.0,-0.65907425,0.009415175,0.009136227,0.0
2025-06-03 03:00:00,solar.bun_library#realenergyintotheload#kwh,BUNDOORA,0.0,0.31621218,0.006083061,0.005902835,0.0
2025-06-03 04:00:00,solar.bun_library#realenergyintotheload#kwh,BUNDOORA,0.0,-0.7006309,0.005840049,0.005667023,0.0
2025-06-03 05:00:00,solar.bun_library#realenergyintotheload#kwh,BUNDOORA,0.0,0.1843642,0.005372308,0.00521314,0.0
2025-06-03 06:00:00,solar.bun_library#realenergyintotheload#kwh,BUNDOORA,0.0,-0.09742384,0.005372308,0.00521314,0.0
2025-06-03 07:00:00,solar.bun_library#realenergyintotheload#kwh,BUNDOORA,0.0,5.262856,0.013593643,0.013190897,0.0
2025-06-03 08:00:00,solar.bun_library#realenergyintotheload#kwh,BUNDOORA,0.25,8.145993,2.630074,2.5521514,13.0
2025-06-03 09:00:00,solar.bun_library#realenergyintotheload#kwh,BUNDOORA,14.375,1.4137615,26.64285,25.853489,78.0
2025-06-03 10:00:00,solar.bun_library#realenergyintotheload#kwh,BUNDOORA,22.875,4.307838,51.210228,49.692997,145.0
2025-06-03 11:00:00,solar.bun_library#realenergyintotheload#kwh,BUNDOORA,57.25,-0.49154153,67.24975,65.25731,196.0
2025-06-03 12:00:00,solar.bun_library#realenergyintotheload#kwh,BUNDOORA,53.5,26.610342,55.92432,54.26742,165.0
2025-06-03 13:00:00,solar.bun_library#realenergyintotheload#kwh,BUNDOORA,54.75,60.706734,72.08348,69.94783,206.0
2025-06-03 14:00:00,solar.bun_library#realenergyintotheload#kwh,BUNDOORA,87.125,42.219822,127.443115,123.6673,325.0
2025-06-03 15:00:00,solar.bun_library#realenergyintotheload#kwh,BUNDOORA,70.375,79.20281,71.65672,69.533714,199.0
2025-06-03 16:00:00,solar.bun_library#realenergyintotheload#kwh,BUNDOORA,38.375,100.82031,23.21658,22.52873,73.0
2025-06-03 17:00:00,solar.bun_library#realenergyintotheload#kwh,BUNDOORA,4.5,28.054998,4.7597713,4.618751,20.0
2025-06-03 18:00:00,solar.bun_library#realenergyintotheload#kwh,BUNDOORA,0.0,15.093829,-0.001161912,0.0,0.0
2025-06-03 19:00:00,solar.bun_library#realenergyintotheload#kwh,BUNDOORA,0.0,1.013238,-0.001161912,0.0,0.0
2025-06-03 20:00:00,solar.bun_library#realenergyintotheload#kwh,BUNDOORA,0.0,0.9087709,0.0065820985,0.0063870875,0.0
2025-06-03 21:00:00,solar.bun_library#realenergyintotheload#kwh,BUNDOORA,0.0,-0.14052844,0.013085023,0.012697346,0.0
2025-06-03 22:00:00,solar.bun_library#realenergyintotheload#kwh,BUNDOORA,0.0,-0.3888052,0.013085023,0.012697346,0.0
2025-06-03 23:00:00,solar.bun_library#realenergyintotheload#kwh,BUNDOORA,0.0,-1.0690354,0.01358406,0.013181598,0.0
2025-06-04 00:00:00,solar.bun_library#realenergyintotheload#kwh,BUNDOORA,0.0,-1.124459,0.013085023,0.012697346,0.0
2025-06-04 01:00:00,solar.bun_library#realenergyintotheload#kwh,BUNDOORA,0.0,-0.30083764,0.013085023,0.012697346,0.0
2025-06-04 02:00:00,solar.bun_library#realenergyintotheload#kwh,BUNDOORA,0.0,0.2495515,0.01358406,0.013181598,0.0
2025-06-04 03:00:00,solar.bun_library#realenergyintotheload#kwh,BUNDOORA,0.0,0.32086587,0.01358406,0.013181598,0.0
2025-06-04 04:00:00,solar.bun_library#realenergyintotheload#kwh,BUNDOORA,0.0,-0.46395344,-0.0044585583,0.0,0.0
2025-06-04 05:00:00,solar.bun_library#realenergyintotheload#kwh,BUNDOORA,0.0,0.65366703,-0.0044585583,0.0,0.0
2025-06-04 06:00:00,solar.bun_library#realenergyintotheload#kwh,BUNDOORA,0.0,1.45814,0.0035793143,0.0034732681,0.0
2025-06-04 07:00:00,solar.bun_library#realenergyintotheload#kwh,BUNDOORA,0.0,13.640452,0.0035793143,0.0034732681,0.0
2025-06-04 08:00:00,solar.bun_library#realenergyintotheload#kwh,BUNDOORA,1.5,14.635842,6.2175436,6.0333333,23.0
2025-06-04 09:00:00,solar.bun_library#realenergyintotheload#kwh,BUNDOORA,28.75,9.676206,65.570564,63.627872,171.0
2025-06-04 10:00:00,solar.bun_library#realenergyintotheload#kwh,BUNDOORA,89.25,34.096664,125.29638,121.58416,315.0
2025-06-04 11:00:00,solar.bun_library#realenergyintotheload#kwh,BUNDOORA,102.5,136.08394,127.69819,123.91481,321.0
2025-06-04 12:00:00,solar.bun_library#realenergyintotheload#kwh,BUNDOORA,107.75,115.49167,125.52627,121.807236,326.0
2025-06-04 13:00:00,solar.bun_library#realenergyintotheload#kwh,BUNDOORA,102.875,139.5535,97.86333,94.96388,265.0
2025-06-04 14:00:00,solar.bun_library#realenergyintotheload#kwh,BUNDOORA,79.0,148.65483,72.63261,70.48068,210.0
2025-06-04 15:00:00,solar.bun_library#realenergyintotheload#kwh,BUNDOORA,51.375,131.23035,62.808163,60.947315,180.0
2025-06-04 16:00:00,solar.bun_library#realenergyintotheload#kwh,BUNDOORA,21.75,125.063965,33.062107,32.082558,90.0
2025-06-04 17:00:00,solar.bun_library#realenergyintotheload#kwh,BUNDOORA,6.625,65.08046,4.8205495,4.6777287,20.0
2025-06-04 18:00:00,solar.bun_library#realenergyintotheload#kwh,BUNDOORA,0.0,37.09119,0.005293172,0.0051363483,0.0
2025-06-04 19:00:00,solar.bun_library#realenergyintotheload#kwh,BUNDOORA,0.0,6.5901065,0.016448434,0.015961109,0.0
2025-06-04 20:00:00,solar.bun_library#realenergyintotheload#kwh,BUNDOORA,0.0,-0.17588927,0.013116319,0.012727715,0.0
2025-06-04 21:00:00,solar.bun_library#realenergyintotheload#kwh,BUNDOORA,0.0,-0.2741738,0.020575434,0.019965835,0.0
2025-06-04 22:00:00,solar.bun_library#realenergyintotheload#kwh,BUNDOORA,0.0,-0.35159644,0.0120004015,0.01164486,0.0
2025-06-04 23:00:00,solar.bun_library#realenergyintotheload#kwh,BUNDOORA,0.0,-0.10936017,-0.010666817,0.0,0.0
2025-06-05 00:00:00,solar.bun_library#realenergyintotheload#kwh,BUNDOORA,0.0,-0.58039516,0.013116319,0.012727715,0.0
2025-06-05 01:00:00,solar.bun_library#realenergyintotheload#kwh,BUNDOORA,0.0,-0.54592437,0.013116319,0.012727715,0.0
2025-06-05 02:00:00,solar.bun_library#realenergyintotheload#kwh,BUNDOORA,0.0,-0.18123056,-0.010666817,0.0,0.0
2025-06-05 03:00:00,solar.bun_library#realenergyintotheload#kwh,BUNDOORA,0.0,-0.72359055,-0.010666817,0.0,0.0
2025-06-05 04:00:00,solar.bun_library#realenergyintotheload#kwh,BUNDOORA,0.0,-0.4909762,0.013116319,0.012727715,0.0
2025-06-05 05:00:00,solar.bun_library#realenergyintotheload#kwh,BUNDOORA,0.0,-0.72359055,-0.010666817,0.0,0.0
2025-06-05 06:00:00,solar.bun_library#realenergyintotheload#kwh,BUNDOORA,0.0,-0.74107325,-0.010666817,0.0,0.0
2025-06-05 07:00:00,solar.bun_library#realenergyintotheload#kwh,BUNDOORA,0.0,0.7354439,0.013116319,0.012727715,0.0
2025-06-05 08:00:00,solar.bun_library#realenergyintotheload#kwh,BUNDOORA,1.375,0.0869652,6.7699485,6.5693717,23.0
2025-06-05 09:00:00,solar.bun_library#realenergyintotheload#kwh,BUNDOORA,25.75,-1.0409479,65.82453,63.874313,170.0
2025-06-05 10:00:00,solar.bun_library#realenergyintotheload#kwh,BUNDOORA,82.0,6.493782,127.15391,123.38666,314.0
2025-06-05 11:00:00,solar.bun_library#realenergyintotheload#kwh,BUNDOORA,146.5,68.1409,162.78598,157.96304,422.0
2025-06-05 12:00:00,solar.bun_library#realenergyintotheload#kwh,BUNDOORA,166.625,170.9978,184.89679,179.41876,481.0
2025-06-05 13:00:00,solar.bun_library#realenergyintotheload#kwh,BUNDOORA,188.875,149.92055,185.5151,180.01875,483.0
2025-06-05 14:00:00,solar.bun_library#realenergyintotheload#kwh,BUNDOORA,167.75,134.30936,164.68483,159.80563,429.0
2025-06-05 15:00:00,solar.bun_library#realenergyintotheload#kwh,BUNDOORA,94.0,117.51767,117.95373,114.45905,303.0
2025-06-05 16:00:00,solar.bun_library#realenergyintotheload#kwh,BUNDOORA,41.625,121.75351,63.20833,61.335625,179.0
2025-06-05 17:00:00,solar.bun_library#realenergyintotheload#kwh,BUNDOORA,12.75,80.88996,6.962378,6.7561,26.0
2025-06-05 18:00:00,solar.bun_library#realenergyintotheload#kwh,BUNDOORA,0.25,42.75671,0.033484735,0.032492664,0.0
2025-06-05 19:00:00,solar.bun_library#realenergyintotheload#kwh,BUNDOORA,0.0,12.0910225,0.008305576,0.008059503,0.0
2025-06-05 20:00:00,solar.bun_library#realenergyintotheload#kwh,BUNDOORA,0.0,7.2182875,0.062446028,0.060595907,0.0
2025-06-05 21:00:00,solar.bun_library#realenergyintotheload#kwh,BUNDOORA,0.0,4.052744,0.015566093,0.0151049085,0.0
2025-06-05 22:00:00,solar.bun_library#realenergyintotheload#kwh,BUNDOORA,0.0,3.9633698,0.015566093,0.0151049085,0.0
2025-06-05 23:00:00,solar.bun_library#realenergyintotheload#kwh,BUNDOORA,0.0,6.5865126,-0.004246461,0.0,0.0
2025-06-06 00:00:00,solar.bun_library#realenergyintotheload#kwh,BUNDOORA,0.0,7.5871434,0.035481017,0.034429803,0.0
2025-06-06 01:00:00,solar.bun_library#realenergyintotheload#kwh,BUNDOORA,0.0,6.516303,-0.108509526,0.0,0.0
2025-06-06 02:00:00,solar.bun_library#realenergyintotheload#kwh,BUNDOORA,0.0,6.551217,-0.11242288,0.0,0.0
2025-06-06 03:00:00,solar.bun_library#realenergyintotheload#kwh,BUNDOORA,0.0,3.8185,-0.1091968,0.0,0.0
2025-06-06 04:00:00,solar.bun_library#realenergyintotheload#kwh,BUNDOORA,0.0,4.4955378,-0.1091968,0.0,0.0
2025-06-06 05:00:00,solar.bun_library#realenergyintotheload#kwh,BUNDOORA,0.0,5.536136,0.07264304,0.07049081,0.0
2025-06-06 06:00:00,solar.bun_library#realenergyintotheload#kwh,BUNDOORA,0.0,6.3900943,0.11325216,0.10989679,0.0
2025-06-06 07:00:00,solar.bun_library#realenergyintotheload#kwh,BUNDOORA,0.0,38.447037,0.23779835,0.23075297,0.0
2025-06-06 08:00:00,solar.bun_library#realenergyintotheload#kwh,BUNDOORA,0.25,78.73746,2.7195308,2.638958,12.0
2025-06-06 09:00:00,solar.bun_library#realenergyintotheload#kwh,BUNDOORA,9.0,119.46478,27.994028,27.164635,74.0
2025-06-06 10:00:00,solar.bun_library#realenergyintotheload#kwh,BUNDOORA,21.375,150.03699,37.44537,36.335957,112.0
2025-06-06 11:00:00,solar.bun_library#realenergyintotheload#kwh,BUNDOORA,20.875,162.0071,51.301033,49.781113,148.0
2025-06-06 12:00:00,solar.bun_library#realenergyintotheload#kwh,BUNDOORA,16.625,156.32259,36.469727,35.38922,104.0
2025-06-06 13:00:00,solar.bun_library#realenergyintotheload#kwh,BUNDOORA,22.125,162.86472,48.28456,46.85401,136.0
2025-06-06 14:00:00,solar.bun_library#realenergyintotheload#kwh,BUNDOORA,22.625,133.16153,36.305042,35.229416,104.0
2025-06-06 15:00:00,solar.bun_library#realenergyintotheload#kwh,BUNDOORA,27.5,119.52554,28.93442,28.077166,77.0
2025-06-06 16:00:00,solar.bun_library#realenergyintotheload#kwh,BUNDOORA,9.75,100.24299,15.086906,14.639919,45.0
2025-06-06 17:00:00,solar.bun_library#realenergyintotheload#kwh,BUNDOORA,8.75,69.26643,4.8531046,4.709319,17.0
2025-06-06 18:00:00,solar.bun_library#realenergyintotheload#kwh,BUNDOORA,0.125,27.125845,0.056118168,0.054455526,0.0
2025-06-06 19:00:00,solar.bun_library#realenergyintotheload#kwh,BUNDOORA,0.0,7.7572813,-0.028873716,0.0,0.0
2025-06-06 20:00:00,solar.bun_library#realenergyintotheload#kwh,BUNDOORA,0.0,4.580131,-0.03282566,0.0,0.0
2025-06-06 21:00:00,solar.bun_library#realenergyintotheload#kwh,BUNDOORA,0.0,6.8518305,0.024241734,0.023523511,0.0
2025-06-06 22:00:00,solar.bun_library#realenergyintotheload#kwh,BUNDOORA,0.0,-0.87459594,0.021605492,0.020965375,0.0
2025-06-06 23:00:00,solar.bun_library#realenergyintotheload#kwh,BUNDOORA,0.0,-0.7681977,0.09600711,0.093162656,0.0
2025-06-07 00:00:00,solar.bun_library#realenergyintotheload#kwh,BUNDOORA,0.0,-0.5992013,0.086112015,0.08356073,0.0
2025-06-07 01:00:00,solar.bun_library#realenergyintotheload#kwh,BUNDOORA,0.0,-0.02283454,-0.06110919,0.0,0.0
2025-06-07 02:00:00,solar.bun_library#realenergyintotheload#kwh,BUNDOORA,0.0,-0.1351278,0.10651303,0.103357315,0.0
2025-06-07 03:00:00,solar.bun_library#realenergyintotheload#kwh,BUNDOORA,0.0,-0.4018878,-0.077570766,0.0,0.0
2025-06-07 04:00:00,solar.bun_library#realenergyintotheload#kwh,BUNDOORA,0.0,-0.6742666,0.016367894,0.015882954,0.0
2025-06-07 05:00:00,solar.bun_library#realenergyintotheload#kwh,BUNDOORA,0.0,-0.24500678,-0.077570766,0.0,0.0
2025-06-07 06:00:00,solar.bun_library#realenergyintotheload#kwh,BUNDOORA,0.0,0.044807475,-0.07657443,0.0,0.0
2025-06-07 07:00:00,solar.bun_library#realenergyintotheload#kwh,BUNDOORA,0.0,8.37341,0.018460698,0.017913753,0.0
2025-06-07 08:00:00,solar.bun_library#realenergyintotheload#kwh,BUNDOORA,1.125,20.977917,1.6960567,1.6458068,8.0
2025-06-07 09:00:00,solar.bun_library#realenergyintotheload#kwh,BUNDOORA,7.75,34.63867,6.3382936,6.1505055,21.0
2025-06-07 10:00:00,solar.bun_library#realenergyintotheload#kwh,BUNDOORA,13.5,31.394363,16.118208,15.640666,54.0
2025-06-07 11:00:00,solar.bun_library#realenergyintotheload#kwh,BUNDOORA,24.625,1.6293006,52.005795,50.464993,151.0
2025-06-07 12:00:00,solar.bun_library#realenergyintotheload#kwh,BUNDOORA,77.625,20.907354,93.90213,91.12004,256.0
2025-06-07 13:00:00,solar.bun_library#realenergyintotheload#kwh,BUNDOORA,117.75,21.75337,99.07369,96.13839,273.0
2025-06-07 14:00:00,solar.bun_library#realenergyintotheload#kwh,BUNDOORA,69.5,70.80755,61.7787,59.948353,182.0
2025-06-07 15:00:00,solar.bun_library#realenergyintotheload#kwh,BUNDOORA,64.5,57.348545,65.9883,64.033226,183.0
2025-06-07 16:00:00,solar.bun_library#realenergyintotheload#kwh,BUNDOORA,16.5,116.84539,14.500549,14.070934,46.0
2025-06-07 17:00:00,solar.bun_library#realenergyintotheload#kwh,BUNDOORA,0.875,53.31106,1.4042618,1.3626571,7.0
2025-06-07 18:00:00,solar.bun_library#realenergyintotheload#kwh,BUNDOORA,0.0,19.52939,-0.0074369097,0.0,0.0
2025-06-07 19:00:00,solar.bun_library#realenergyintotheload#kwh,BUNDOORA,0.0,2.9278262,-0.0025820911,0.0,0.0
2025-06-07 20:00:00,solar.bun_library#realenergyintotheload#kwh,BUNDOORA,0.0,0.2906683,-0.0074369097,0.0,0.0
2025-06-07 21:00:00,solar.bun_library#realenergyintotheload#kwh,BUNDOORA,0.0,0.429416,-0.0074369097,0.0,0.0
2025-06-07 22:00:00,solar.bun_library#realenergyintotheload#kwh,BUNDOORA,0.0,-0.41580594,0.005840049,0.005667023,0.0
2025-06-07 23:00:00,solar.bun_library#realenergyintotheload#kwh,BUNDOORA,0.0,-0.99657047,0.013085023,0.012697346,0.0
2025-06-08 00:00:00,solar.bun_library#realenergyintotheload#kwh,BUNDOORA,0.0,-0.49857044,0.005372308,0.00521314,0.0
2025-06-08 01:00:00,solar.bun_library#realenergyintotheload#kwh,BUNDOORA,0.0,-1.1693516,0.013116319,0.012727715,0.0
2025-06-08 02:00:00,solar.bun_library#realenergyintotheload#kwh,BUNDOORA,0.0,-0.36872137,0.000549627,0.00053334294,0.0
2025-06-08 03:00:00,solar.bun_library#realenergyintotheload#kwh,BUNDOORA,0.0,-0.49332502,-0.007904651,0.0,0.0
2025-06-08 04:00:00,solar.bun_library#realenergyintotheload#kwh,BUNDOORA,0.0,-0.5106704,0.004174618,0.0040509347,0.0
2025-06-08 05:00:00,solar.bun_library#realenergyintotheload#kwh,BUNDOORA,0.0,-0.28872865,-0.0074369097,0.0,0.0
2025-06-08 06:00:00,solar.bun_library#realenergyintotheload#kwh,BUNDOORA,0.0,-1.2820657,-0.0059845927,0.0,0.0
2025-06-08 07:00:00,solar.bun_library#realenergyintotheload#kwh,BUNDOORA,0.0,0.9428514,-0.001161912,0.0,0.0
2025-06-08 08:00:00,solar.bun_library#realenergyintotheload#kwh,BUNDOORA,0.25,0.77485645,2.4758677,2.402514,10.0
2025-06-08 09:00:00,solar.bun_library#realenergyintotheload#kwh,BUNDOORA,6.125,8.515876,3.982875,3.8648725,12.0
2025-06-08 10:00:00,solar.bun_library#realenergyintotheload#kwh,BUNDOORA,8.875,1.4904999,31.901571,30.956408,95.0
2025-06-08 11:00:00,solar.bun_library#realenergyintotheload#kwh,BUNDOORA,21.875,-4.489055,60.600967,58.80551,169.0
2025-06-08 12:00:00,solar.bun_library#realenergyintotheload#kwh,BUNDOORA,24.25,5.4895067,26.147411,25.372728,80.0
2025-06-08 13:00:00,solar.bun_library#realenergyintotheload#kwh,BUNDOORA,54.875,-2.1718972,43.48932,42.20084,129.0
2025-06-08 14:00:00,solar.bun_library#realenergyintotheload#kwh,BUNDOORA,29.875,12.880093,29.774895,28.892738,89.0
2025-06-08 15:00:00,solar.bun_library#realenergyintotheload#kwh,BUNDOORA,14.25,19.00791,15.340926,14.886413,52.0
2025-06-08 16:00:00,solar.bun_library#realenergyintotheload#kwh,BUNDOORA,9.0,9.927221,14.551255,14.120138,48.0
2025-06-08 17:00:00,solar.bun_library#realenergyintotheload#kwh,BUNDOORA,1.375,11.649184,1.7213602,1.6703606,8.0
2025-06-08 18:00:00,solar.bun_library#realenergyintotheload#kwh,BUNDOORA,0.0,0.9129175,0.000549627,0.00053334294,0.0
2025-06-08 19:00:00,solar.bun_library#realenergyintotheload#kwh,BUNDOORA,0.0,-0.22511308,-0.007904651,0.0,0.0
2025-06-08 20:00:00,solar.bun_library#realenergyintotheload#kwh,BUNDOORA,0.0,-0.30589187,-0.007904651,0.0,0.0
2025-06-08 21:00:00,solar.bun_library#realenergyintotheload#kwh,BUNDOORA,0.0,-0.35577288,0.005372308,0.00521314,0.0
2025-06-08 22:00:00,solar.bun_library#realenergyintotheload#kwh,BUNDOORA,0.0,-0.3600382,0.013125903,0.012737015,0.0
2025-06-08 23:00:00,solar.bun_library#realenergyintotheload#kwh,BUNDOORA,0.0,-0.35052747,0.005372308,0.00521314,0.0
2025-06-09 00:00:00,solar.bun_library#realenergyintotheload#kwh,BUNDOORA,0.0,-0.26994032,0.020869914,0.02025159,0.0
2025-06-09 01:00:00,solar.bun_library#realenergyintotheload#kwh,BUNDOORA,0.0,-0.18902037,0.013593643,0.013190897,0.0
2025-06-09 02:00:00,solar.bun_library#realenergyintotheload#kwh,BUNDOORA,0.0,0.018599445,0.013593643,0.013190897,0.0
2025-06-09 03:00:00,solar.bun_library#realenergyintotheload#kwh,BUNDOORA,0.0,-0.29518524,0.00031668367,0.00030730112,0.0
2025-06-09 04:00:00,solar.bun_library#realenergyintotheload#kwh,BUNDOORA,0.0,-0.45881936,0.00031668367,0.00030730112,0.0
2025-06-09 05:00:00,solar.bun_library#realenergyintotheload#kwh,BUNDOORA,0.0,-0.123458326,0.0065916814,0.0063963863,0.0
2025-06-09 06:00:00,solar.bun_library#realenergyintotheload#kwh,BUNDOORA,0.0,-0.29568568,0.014335692,0.013910961,0.0
2025-06-09 07:00:00,solar.bun_library#realenergyintotheload#kwh,BUNDOORA,0.0,3.0081306,0.014335692,0.013910961,0.0
2025-06-09 08:00:00,solar.bun_library#realenergyintotheload#kwh,BUNDOORA,0.0,-4.966598,2.484381,2.410775,11.0
2025-06-09 09:00:00,solar.bun_library#realenergyintotheload#kwh,BUNDOORA,9.25,2.7666416,21.932219,21.282421,67.0
2025-06-09 10:00:00,solar.bun_library#realenergyintotheload#kwh,BUNDOORA,17.875,-0.13138849,42.761707,41.494785,129.0
2025-06-09 11:00:00,solar.bun_library#realenergyintotheload#kwh,BUNDOORA,27.125,0.48518294,40.488007,39.28845,118.0
2025-06-09 12:00:00,solar.bun_library#realenergyintotheload#kwh,BUNDOORA,43.5,3.2035837,79.84333,77.477776,225.0
2025-06-09 13:00:00,solar.bun_library#realenergyintotheload#kwh,BUNDOORA,128.125,21.284151,103.84032,100.76379,286.0
2025-06-09 14:00:00,solar.bun_library#realenergyintotheload#kwh,BUNDOORA,82.75,15.601901,103.418846,100.354805,274.0
2025-06-09 15:00:00,solar.bun_library#realenergyintotheload#kwh,BUNDOORA,41.375,-1.5479318,88.747795,86.118416,252.0
2025-06-09 16:00:00,solar.bun_library#realenergyintotheload#kwh,BUNDOORA,23.25,25.130022,36.606857,35.52229,105.0
2025-06-09 17:00:00,solar.bun_library#realenergyintotheload#kwh,BUNDOORA,5.625,1.5251371,7.7347226,7.5055623,27.0
2025-06-09 18:00:00,solar.bun_library#realenergyintotheload#kwh,BUNDOORA,0.0,3.2221658,0.020838618,0.020221222,0.0
2025-06-09 19:00:00,solar.bun_library#realenergyintotheload#kwh,BUNDOORA,0.0,0.28314012,0.020869914,0.02025159,0.0
2025-06-09 20:00:00,solar.bun_library#realenergyintotheload#kwh,BUNDOORA,0.0,-0.09208043,0.020869914,0.02025159,0.0
2025-06-09 21:00:00,solar.bun_library#realenergyintotheload#kwh,BUNDOORA,0.0,-0.09208043,0.020869914,0.02025159,0.0
2025-06-09 22:00:00,solar.bun_library#realenergyintotheload#kwh,BUNDOORA,0.0,-0.18264869,0.020869914,0.02025159,0.0
2025-06-09 23:00:00,solar.bun_library#realenergyintotheload#kwh,BUNDOORA,0.0,-0.241696,0.020869914,0.02025159,0.0
2025-06-10 00:00:00,solar.bun_library#realenergyintotheload#kwh,BUNDOORA,0.0,-0.2557715,0.020869914,0.02025159,0.0
2025-06-10 01:00:00,solar.bun_library#realenergyintotheload#kwh,BUNDOORA,0.0,-0.2742211,0.020869914,0.02025159,0.0
2025-06-10 02:00:00,solar.bun_library#realenergyintotheload#kwh,BUNDOORA,0.0,-0.41931263,0.0030352967,0.0029453684,0.0
2025-06-10 03:00:00,solar.bun_library#realenergyintotheload#kwh,BUNDOORA,0.0,-0.32208508,0.013116319,0.012727715,0.0
2025-06-10 04:00:00,solar.bun_library#realenergyintotheload#kwh,BUNDOORA,0.0,-0.3330706,0.005372308,0.00521314,0.0
2025-06-10 05:00:00,solar.bun_library#realenergyintotheload#kwh,BUNDOORA,0.0,-0.39742386,0.005372308,0.00521314,0.0
2025-06-10 06:00:00,solar.bun_library#realenergyintotheload#kwh,BUNDOORA,0.0,-0.25606588,0.013116319,0.012727715,0.0
2025-06-10 07:00:00,solar.bun_library#realenergyintotheload#kwh,BUNDOORA,0.0,3.1723044,0.005372308,0.00521314,0.0
2025-06-10 08:00:00,solar.bun_library#realenergyintotheload#kwh,BUNDOORA,1.0,1.1695297,2.482402,2.4088547,10.0
2025-06-10 09:00:00,solar.bun_library#realenergyintotheload#kwh,BUNDOORA,19.875,-0.05136229,52.48038,50.925518,148.0
2025-06-10 10:00:00,solar.bun_library#realenergyintotheload#kwh,BUNDOORA,80.375,4.4766684,117.85446,114.36273,294.0
2025-06-10 11:00:00,solar.bun_library#realenergyintotheload#kwh,BUNDOORA,139.75,16.92283,156.16046,151.53381,401.0
2025-06-10 12:00:00,solar.bun_library#realenergyintotheload#kwh,BUNDOORA,126.25,10.374376,136.7096,132.65923,352.0
2025-06-10 13:00:00,solar.bun_library#realenergyintotheload#kwh,BUNDOORA,124.125,10.39166,162.37769,157.56683,407.0
2025-06-10 14:00:00,solar.bun_library#realenergyintotheload#kwh,BUNDOORA,128.5,44.187504,107.44568,104.26233,282.0
2025-06-10 15:00:00,solar.bun_library#realenergyintotheload#kwh,BUNDOORA,76.625,107.92714,95.11553,92.29749,255.0
2025-06-10 16:00:00,solar.bun_library#realenergyintotheload#kwh,BUNDOORA,34.375,98.69176,31.844519,30.901045,92.0
2025-06-10 17:00:00,solar.bun_library#realenergyintotheload#kwh,BUNDOORA,5.75,3.9221349,6.2662644,6.0806108,23.0
2025-06-10 18:00:00,solar.bun_library#realenergyintotheload#kwh,BUNDOORA,0.0,2.4545805,0.005372308,0.00521314,0.0
2025-06-10 19:00:00,solar.bun_library#realenergyintotheload#kwh,BUNDOORA,0.0,-0.1048362,0.013116319,0.012727715,0.0
2025-06-10 20:00:00,solar.bun_library#realenergyintotheload#kwh,BUNDOORA,0.0,-1.0402043,0.013116319,0.012727715,0.0
2025-06-10 21:00:00,solar.bun_library#realenergyintotheload#kwh,BUNDOORA,0.0,-0.93930405,0.005372308,0.00521314,0.0
2025-06-10 22:00:00,solar.bun_library#realenergyintotheload#kwh,BUNDOORA,0.0,-0.9994206,0.013116319,0.012727715,0.0
2025-06-10 23:00:00,solar.bun_library#realenergyintotheload#kwh,BUNDOORA,0.0,-1.1899052,0.013116319,0.012727715,0.0
2025-06-11 00:00:00,solar.bun_library#realenergyintotheload#kwh,BUNDOORA,0.0,-0.36689988,0.013116319,0.012727715,0.0
2025-06-11 01:00:00,solar.bun_library#realenergyintotheload#kwh,BUNDOORA,0.0,-0.36261418,0.013116319,0.012727715,0.0
2025-06-11 02:00:00,solar.bun_library#realenergyintotheload#kwh,BUNDOORA,0.0,-0.72382736,-0.010666817,0.0,0.0
2025-06-11 03:00:00,solar.bun_library#realenergyintotheload#kwh,BUNDOORA,0.0,-0.29492956,-0.010666817,0.0,0.0
2025-06-11 04:00:00,solar.bun_library#realenergyintotheload#kwh,BUNDOORA,0.0,-0.29492956,-0.010666817,0.0,0.0
2025-06-11 05:00:00,solar.bun_library#realenergyintotheload#kwh,BUNDOORA,0.0,-0.32830638,-0.010666817,0.0,0.0
2025-06-11 06:00:00,solar.bun_library#realenergyintotheload#kwh,BUNDOORA,0.0,-0.23675142,-0.010666817,0.0,0.0
2025-06-11 07:00:00,solar.bun_library#realenergyintotheload#kwh,BUNDOORA,0.0,-0.19154711,-0.010666817,0.0,0.0
2025-06-11 08:00:00,solar.bun_library#realenergyintotheload#kwh,BUNDOORA,0.75,0.13184634,3.8553257,3.741102,16.0
2025-06-11 09:00:00,solar.bun_library#realenergyintotheload#kwh,BUNDOORA,24.0,-0.65049815,52.55611,50.999004,152.0
2025-06-11 10:00:00,solar.bun_library#realenergyintotheload#kwh,BUNDOORA,81.75,3.6371238,118.322495,114.816895,295.0
2025-06-11 11:00:00,solar.bun_library#realenergyintotheload#kwh,BUNDOORA,138.875,20.608051,161.1908,156.41512,403.0
2025-06-11 12:00:00,solar.bun_library#realenergyintotheload#kwh,BUNDOORA,110.25,17.404701,145.795,141.47546,360.0
2025-06-11 13:00:00,solar.bun_library#realenergyintotheload#kwh,BUNDOORA,138.625,59.58834,141.42511,137.23503,363.0
2025-06-11 14:00:00,solar.bun_library#realenergyintotheload#kwh,BUNDOORA,77.25,106.62961,80.232346,77.85526,223.0
2025-06-11 15:00:00,solar.bun_library#realenergyintotheload#kwh,BUNDOORA,79.125,112.724205,41.843315,40.603603,120.0
2025-06-11 16:00:00,solar.bun_library#realenergyintotheload#kwh,BUNDOORA,24.75,83.79353,52.031105,50.48955,141.0
2025-06-11 17:00:00,solar.bun_library#realenergyintotheload#kwh,BUNDOORA,5.875,4.8497624,4.817182,4.674461,20.0
2025-06-11 18:00:00,solar.bun_library#realenergyintotheload#kwh,BUNDOORA,0.0,7.654427,-0.010666817,0.0,0.0
2025-06-11 19:00:00,solar.bun_library#realenergyintotheload#kwh,BUNDOORA,0.0,-0.13290218,-0.010666817,0.0,0.0
2025-06-11 20:00:00,solar.bun_library#realenergyintotheload#kwh,BUNDOORA,0.0,-0.9994206,0.013116319,0.012727715,0.0
2025-06-11 21:00:00,solar.bun_library#realenergyintotheload#kwh,BUNDOORA,0.0,-1.2368937,-0.010666817,0.0,0.0
2025-06-11 22:00:00,solar.bun_library#realenergyintotheload#kwh,BUNDOORA,0.0,-0.8079958,-0.010666817,0.0,0.0
2025-06-11 23:00:00,solar.bun_library#realenergyintotheload#kwh,BUNDOORA,0.0,-0.33610973,0.013116319,0.012727715,0.0
2025-06-12 00:00:00,solar.bun_library#realenergyintotheload#kwh,BUNDOORA,0.0,-0.30754095,-0.010666817,0.0,0.0
2025-06-12 01:00:00,solar.bun_library#realenergyintotheload#kwh,BUNDOORA,0.0,-0.18511087,0.013116319,0.012727715,0.0
2025-06-12 02:00:00,solar.bun_library#realenergyintotheload#kwh,BUNDOORA,0.0,-0.32830638,-0.010666817,0.0,0.0
2025-06-12 03:00:00,solar.bun_library#realenergyintotheload#kwh,BUNDOORA,0.0,-0.3760747,-0.010666817,0.0,0.0
2025-06-12 04:00:00,solar.bun_library#realenergyintotheload#kwh,BUNDOORA,0.0,-0.5381754,-0.010666817,0.0,0.0
2025-06-12 05:00:00,solar.bun_library#realenergyintotheload#kwh,BUNDOORA,0.0,-0.5381754,-0.010666817,0.0,0.0
2025-06-12 06:00:00,solar.bun_library#realenergyintotheload#kwh,BUNDOORA,0.0,-0.44662052,-0.010666817,0.0,0.0
2025-06-12 07:00:00,solar.bun_library#realenergyintotheload#kwh,BUNDOORA,0.0,-0.7539727,-0.010666817,0.0,0.0
2025-06-12 08:00:00,solar.bun_library#realenergyintotheload#kwh,BUNDOORA,1.25,0.6758374,3.8560328,3.7417881,15.0
2025-06-12 09:00:00,solar.bun_library#realenergyintotheload#kwh,BUNDOORA,25.0,-0.30169284,52.098595,50.555042,149.0
2025-06-12 10:00:00,solar.bun_library#realenergyintotheload#kwh,BUNDOORA,79.625,16.081724,122.11064,118.492805,295.0
2025-06-12 11:00:00,solar.bun_library#realenergyintotheload#kwh,BUNDOORA,138.75,154.88217,162.95,158.1222,403.0
2025-06-12 12:00:00,solar.bun_library#realenergyintotheload#kwh,BUNDOORA,160.75,141.496,175.10626,169.9183,462.0
2025-06-12 13:00:00,solar.bun_library#realenergyintotheload#kwh,BUNDOORA,177.5,133.61519,173.2101,168.07832,464.0
2025-06-12 14:00:00,solar.bun_library#realenergyintotheload#kwh,BUNDOORA,104.625,120.43715,103.48502,100.41902,278.0
2025-06-12 15:00:00,solar.bun_library#realenergyintotheload#kwh,BUNDOORA,60.125,112.87052,65.19217,63.26069,184.0
2025-06-12 16:00:00,solar.bun_library#realenergyintotheload#kwh,BUNDOORA,32.25,122.50239,40.104683,38.91648,110.0
2025-06-12 17:00:00,solar.bun_library#realenergyintotheload#kwh,BUNDOORA,6.0,17.203465,4.815596,4.672922,20.0
2025-06-12 18:00:00,solar.bun_library#realenergyintotheload#kwh,BUNDOORA,0.0,9.248613,0.013116319,0.012727715,0.0
2025-06-12 19:00:00,solar.bun_library#realenergyintotheload#kwh,BUNDOORA,0.0,2.6838443,-0.0020917845,0.0,0.0
2025-06-12 20:00:00,solar.bun_library#realenergyintotheload#kwh,BUNDOORA,0.0,-0.08581552,-0.010666817,0.0,0.0
2025-06-12 21:00:00,solar.bun_library#realenergyintotheload#kwh,BUNDOORA,0.0,-0.6344023,-0.010666817,0.0,0.0
2025-06-12 22:00:00,solar.bun_library#realenergyintotheload#kwh,BUNDOORA,0.0,-0.72359055,-0.010666817,0.0,0.0
2025-06-12 23:00:00,solar.bun_library#realenergyintotheload#kwh,BUNDOORA,0.0,-0.72359055,-0.010666817,0.0,0.0
2025-06-13 00:00:00,solar.bun_library#realenergyintotheload#kwh,BUNDOORA,0.0,-0.72359055,-0.010666817,0.0,0.0
2025-06-13 01:00:00,solar.bun_library#realenergyintotheload#kwh,BUNDOORA,0.0,-0.63937706,-0.010666817,0.0,0.0
2025-06-13 02:00:00,solar.bun_library#realenergyintotheload#kwh,BUNDOORA,0.0,-0.63937706,-0.010666817,0.0,0.0
2025-06-13 03:00:00,solar.bun_library#realenergyintotheload#kwh,BUNDOORA,0.0,-0.63937706,-0.010666817,0.0,0.0
2025-06-13 04:00:00,solar.bun_library#realenergyintotheload#kwh,BUNDOORA,0.0,-0.63937706,-0.010666817,0.0,0.0
2025-06-13 05:00:00,solar.bun_library#realenergyintotheload#kwh,BUNDOORA,0.0,-0.63937706,-0.010666817,0.0,0.0
2025-06-13 06:00:00,solar.bun_library#realenergyintotheload#kwh,BUNDOORA,0.0,-0.65685976,-0.010666817,0.0,0.0
2025-06-13 07:00:00,solar.bun_library#realenergyintotheload#kwh,BUNDOORA,0.0,0.3622232,-0.010666817,0.0,0.0
2025-06-13 08:00:00,solar.bun_library#realenergyintotheload#kwh,BUNDOORA,0.875,1.0625455,4.4188976,4.2879767,15.0
2025-06-13 09:00:00,solar.bun_library#realenergyintotheload#kwh,BUNDOORA,23.75,-1.1310196,52.3106,50.76077,151.0
2025-06-13 10:00:00,solar.bun_library#realenergyintotheload#kwh,BUNDOORA,77.875,1.9019716,121.12586,117.53721,295.0
2025-06-13 11:00:00,solar.bun_library#realenergyintotheload#kwh,BUNDOORA,135.125,49.913734,162.2799,157.47195,402.0
2025-06-13 12:00:00,solar.bun_library#realenergyintotheload#kwh,BUNDOORA,168.0,58.183197,178.40492,173.11923,462.0
2025-06-13 13:00:00,solar.bun_library#realenergyintotheload#kwh,BUNDOORA,178.5,142.41249,183.56961,178.1309,466.0
2025-06-13 14:00:00,solar.bun_library#realenergyintotheload#kwh,BUNDOORA,160.75,156.18333,164.6356,159.75786,415.0
2025-06-13 15:00:00,solar.bun_library#realenergyintotheload#kwh,BUNDOORA,109.125,128.25256,119.13968,115.60987,313.0
2025-06-13 16:00:00,solar.bun_library#realenergyintotheload#kwh,BUNDOORA,41.0,143.91884,65.42288,63.484566,171.0
2025-06-13 17:00:00,solar.bun_library#realenergyintotheload#kwh,BUNDOORA,6.875,55.16782,8.343827,8.096621,29.0
2025-06-13 18:00:00,solar.bun_library#realenergyintotheload#kwh,BUNDOORA,0.0,30.886343,-0.049907047,0.0,0.0
2025-06-13 19:00:00,solar.bun_library#realenergyintotheload#kwh,BUNDOORA,0.0,5.204453,0.020575434,0.019965835,0.0
2025-06-13 20:00:00,solar.bun_library#realenergyintotheload#kwh,BUNDOORA,0.0,0.4983989,0.03578354,0.034723364,0.0
2025-06-13 21:00:00,solar.bun_library#realenergyintotheload#kwh,BUNDOORA,0.0,-0.061506927,0.0120004015,0.01164486,0.0
2025-06-13 22:00:00,solar.bun_library#realenergyintotheload#kwh,BUNDOORA,0.0,-0.16813694,-0.010666817,0.0,0.0
2025-06-13 23:00:00,solar.bun_library#realenergyintotheload#kwh,BUNDOORA,0.0,-0.63937706,-0.010666817,0.0,0.0
2025-06-14 00:00:00,solar.bun_library#realenergyintotheload#kwh,BUNDOORA,0.0,-0.63937706,-0.010666817,0.0,0.0
2025-06-14 01:00:00,solar.bun_library#realenergyintotheload#kwh,BUNDOORA,0.0,-0.29162437,-0.010666817,0.0,0.0
2025-06-14 02:00:00,solar.bun_library#realenergyintotheload#kwh,BUNDOORA,0.0,-0.33551764,-0.009679468,0.0,0.0
2025-06-14 03:00:00,solar.bun_library#realenergyintotheload#kwh,BUNDOORA,0.0,-0.33551764,-0.0097107645,0.0,0.0
2025-06-14 04:00:00,solar.bun_library#realenergyintotheload#kwh,BUNDOORA,0.0,-0.5526275,-0.0097107645,0.0,0.0
2025-06-14 05:00:00,solar.bun_library#realenergyintotheload#kwh,BUNDOORA,0.0,-0.5526275,-0.0097107645,0.0,0.0
2025-06-14 06:00:00,solar.bun_library#realenergyintotheload#kwh,BUNDOORA,0.0,-0.30348837,-0.0044585583,0.0,0.0
2025-06-14 07:00:00,solar.bun_library#realenergyintotheload#kwh,BUNDOORA,0.0,-1.1334579,-0.0044585583,0.0,0.0
2025-06-14 08:00:00,solar.bun_library#realenergyintotheload#kwh,BUNDOORA,1.0,2.4532237,4.4331436,4.3018007,15.0
2025-06-14 09:00:00,solar.bun_library#realenergyintotheload#kwh,BUNDOORA,25.5,-0.75218356,53.02399,51.453022,153.0
2025-06-14 10:00:00,solar.bun_library#realenergyintotheload#kwh,BUNDOORA,74.5,0.017261654,120.90215,117.32012,296.0
2025-06-14 11:00:00,solar.bun_library#realenergyintotheload#kwh,BUNDOORA,127.875,70.42166,163.20361,158.3683,404.0
2025-06-14 12:00:00,solar.bun_library#realenergyintotheload#kwh,BUNDOORA,158.875,118.64821,175.57443,170.3726,453.0
2025-06-14 13:00:00,solar.bun_library#realenergyintotheload#kwh,BUNDOORA,148.875,183.0634,174.37619,169.20985,465.0
2025-06-14 14:00:00,solar.bun_library#realenergyintotheload#kwh,BUNDOORA,89.25,157.15045,128.36836,124.56513,339.0
2025-06-14 15:00:00,solar.bun_library#realenergyintotheload#kwh,BUNDOORA,61.5,136.28943,74.27085,72.07039,228.0
2025-06-14 16:00:00,solar.bun_library#realenergyintotheload#kwh,BUNDOORA,51.625,125.3307,34.007298,32.999744,94.0
2025-06-14 17:00:00,solar.bun_library#realenergyintotheload#kwh,BUNDOORA,17.625,33.113407,2.5965245,2.5195959,12.0
2025-06-14 18:00:00,solar.bun_library#realenergyintotheload#kwh,BUNDOORA,0.0,24.243824,-0.0031084602,0.0,0.0
2025-06-14 19:00:00,solar.bun_library#realenergyintotheload#kwh,BUNDOORA,0.0,2.4193087,0.0031665377,0.0030727212,0.0
2025-06-14 20:00:00,solar.bun_library#realenergyintotheload#kwh,BUNDOORA,0.0,-0.5883931,0.010910548,0.0105872955,0.0
2025-06-14 21:00:00,solar.bun_library#realenergyintotheload#kwh,BUNDOORA,0.0,0.025210109,-0.0031084602,0.0,0.0
2025-06-14 22:00:00,solar.bun_library#realenergyintotheload#kwh,BUNDOORA,0.0,-0.020415906,-0.0031084602,0.0,0.0
2025-06-14 23:00:00,solar.bun_library#realenergyintotheload#kwh,BUNDOORA,0.0,-0.15795766,-0.0031084602,0.0,0.0
2025-06-15 00:00:00,solar.bun_library#realenergyintotheload#kwh,BUNDOORA,0.0,0.0106026195,-0.0031084602,0.0,0.0
2025-06-15 01:00:00,solar.bun_library#realenergyintotheload#kwh,BUNDOORA,0.0,0.1167469,-0.0031084602,0.0,0.0
2025-06-15 02:00:00,solar.bun_library#realenergyintotheload#kwh,BUNDOORA,0.0,0.2471867,-0.0031084602,0.0,0.0
2025-06-15 03:00:00,solar.bun_library#realenergyintotheload#kwh,BUNDOORA,0.0,1.2784376,0.0015011067,0.0014566326,0.0
2025-06-15 04:00:00,solar.bun_library#realenergyintotheload#kwh,BUNDOORA,0.0,-0.8293033,-0.0031084602,0.0,0.0
2025-06-15 05:00:00,solar.bun_library#realenergyintotheload#kwh,BUNDOORA,0.0,-0.08733033,0.0031665377,0.0030727212,0.0
2025-06-15 06:00:00,solar.bun_library#realenergyintotheload#kwh,BUNDOORA,0.0,0.5858001,0.006083061,0.005902835,0.0
2025-06-15 07:00:00,solar.bun_library#realenergyintotheload#kwh,BUNDOORA,0.0,9.931561,0.0065820985,0.0063870875,0.0
2025-06-15 08:00:00,solar.bun_library#realenergyintotheload#kwh,BUNDOORA,0.75,10.907302,1.3705353,1.3299297,7.0
2025-06-15 09:00:00,solar.bun_library#realenergyintotheload#kwh,BUNDOORA,15.875,1.6938562,29.42911,28.5572,84.0
2025-06-15 10:00:00,solar.bun_library#realenergyintotheload#kwh,BUNDOORA,34.375,0.65151846,98.81956,95.89178,250.0
2025-06-15 11:00:00,solar.bun_library#realenergyintotheload#kwh,BUNDOORA,65.0,14.529408,109.36601,106.12577,282.0
2025-06-15 12:00:00,solar.bun_library#realenergyintotheload#kwh,BUNDOORA,110.625,10.555563,177.92763,172.65608,441.0
2025-06-15 13:00:00,solar.bun_library#realenergyintotheload#kwh,BUNDOORA,44.625,41.783333,35.91544,34.851357,111.0
2025-06-15 14:00:00,solar.bun_library#realenergyintotheload#kwh,BUNDOORA,21.25,51.434967,31.78572,30.843988,94.0
2025-06-15 15:00:00,solar.bun_library#realenergyintotheload#kwh,BUNDOORA,26.875,27.281025,39.631134,38.456963,115.0
2025-06-15 16:00:00,solar.bun_library#realenergyintotheload#kwh,BUNDOORA,22.375,16.99489,25.58513,24.827106,78.0
2025-06-15 17:00:00,solar.bun_library#realenergyintotheload#kwh,BUNDOORA,7.0,15.93237,4.7923093,4.6503253,20.0
2025-06-15 18:00:00,solar.bun_library#realenergyintotheload#kwh,BUNDOORA,0.0,13.014845,-0.0074369097,0.0,0.0
2025-06-15 19:00:00,solar.bun_library#realenergyintotheload#kwh,BUNDOORA,0.0,1.5569544,-0.0059845927,0.0,0.0
2025-06-15 20:00:00,solar.bun_library#realenergyintotheload#kwh,BUNDOORA,0.0,-0.5487955,-0.001161912,0.0,0.0
2025-06-15 21:00:00,solar.bun_library#realenergyintotheload#kwh,BUNDOORA,0.0,-0.45614475,0.006083061,0.005902835,0.0
2025-06-15 22:00:00,solar.bun_library#realenergyintotheload#kwh,BUNDOORA,0.0,-0.68219453,0.006083061,0.005902835,0.0
2025-06-15 23:00:00,solar.bun_library#realenergyintotheload#kwh,BUNDOORA,0.0,-0.56292534,0.006083061,0.005902835,0.0
2025-06-16 00:00:00,solar.bun_library#realenergyintotheload#kwh,BUNDOORA,0.0,-0.56845045,-0.001161912,0.0,0.0
2025-06-16 01:00:00,solar.bun_library#realenergyintotheload#kwh,BUNDOORA,0.0,0.0476855,-0.0028273428,0.0,0.0
2025-06-16 02:00:00,solar.bun_library#realenergyintotheload#kwh,BUNDOORA,0.0,0.9645106,-0.0007960596,0.0,0.0
2025-06-16 03:00:00,solar.bun_library#realenergyintotheload#kwh,BUNDOORA,0.0,1.0123924,0.010161968,0.009860895,0.0
2025-06-16 04:00:00,solar.bun_library#realenergyintotheload#kwh,BUNDOORA,0.0,-1.0620415,0.03029384,0.02939631,0.0
2025-06-16 05:00:00,solar.bun_library#realenergyintotheload#kwh,BUNDOORA,0.0,-1.0620415,0.050783414,0.04927883,0.0
2025-06-16 06:00:00,solar.bun_library#realenergyintotheload#kwh,BUNDOORA,0.0,-0.8156063,0.03029384,0.02939631,0.0
2025-06-16 07:00:00,solar.bun_library#realenergyintotheload#kwh,BUNDOORA,0.0,-2.8582325,0.01572645,0.015260516,0.0
2025-06-16 08:00:00,solar.bun_library#realenergyintotheload#kwh,BUNDOORA,0.125,9.527489,0.5732253,0.5562421,4.0
2025-06-16 09:00:00,solar.bun_library#realenergyintotheload#kwh,BUNDOORA,7.375,31.032566,14.829655,14.390289,48.0
2025-06-16 10:00:00,solar.bun_library#realenergyintotheload#kwh,BUNDOORA,26.625,28.438961,40.743095,39.53598,123.0
2025-06-16 11:00:00,solar.bun_library#realenergyintotheload#kwh,BUNDOORA,42.0,86.41637,68.01049,65.99551,196.0
2025-06-16 12:00:00,solar.bun_library#realenergyintotheload#kwh,BUNDOORA,69.875,157.22345,104.24761,101.15902,283.0
2025-06-16 13:00:00,solar.bun_library#realenergyintotheload#kwh,BUNDOORA,172.5,140.11801,173.14568,168.01581,452.0
2025-06-16 14:00:00,solar.bun_library#realenergyintotheload#kwh,BUNDOORA,157.125,154.40613,143.98961,139.72356,396.0
2025-06-16 15:00:00,solar.bun_library#realenergyintotheload#kwh,BUNDOORA,119.75,171.93132,85.284966,82.75819,251.0
2025-06-16 16:00:00,solar.bun_library#realenergyintotheload#kwh,BUNDOORA,13.0,104.909256,10.896629,10.57379,33.0
2025-06-16 17:00:00,solar.bun_library#realenergyintotheload#kwh,BUNDOORA,3.0,85.31299,4.7045603,4.565176,17.0
2025-06-16 18:00:00,solar.bun_library#realenergyintotheload#kwh,BUNDOORA,0.0,17.998005,0.02012613,0.019529844,0.0
2025-06-16 19:00:00,solar.bun_library#realenergyintotheload#kwh,BUNDOORA,0.0,1.0860345,0.09976535,0.09680955,0.0
2025-06-16 20:00:00,solar.bun_library#realenergyintotheload#kwh,BUNDOORA,0.0,-0.38634527,0.0053272685,0.005169435,0.0
2025-06-16 21:00:00,solar.bun_library#realenergyintotheload#kwh,BUNDOORA,0.0,2.369976,-6.827619e-05,0.0,0.0
2025-06-16 22:00:00,solar.bun_library#realenergyintotheload#kwh,BUNDOORA,0.0,1.7973047,-6.827619e-05,0.0,0.0
2025-06-16 23:00:00,solar.bun_library#realenergyintotheload#kwh,BUNDOORA,0.0,-8.13799,0.010172036,0.009870663,0.0
2025-06-17 00:00:00,solar.bun_library#realenergyintotheload#kwh,BUNDOORA,0.0,-2.3612688,0.012675783,0.012300231,0.0
2025-06-17 01:00:00,solar.bun_library#realenergyintotheload#kwh,BUNDOORA,0.0,-2.843641,0.010172036,0.009870663,0.0
2025-06-17 02:00:00,solar.bun_library#realenergyintotheload#kwh,BUNDOORA,0.0,-2.1555529,0.010172036,0.009870663,0.0
2025-06-17 03:00:00,solar.bun_library#realenergyintotheload#kwh,BUNDOORA,0.0,-4.1813827,0.009881001,0.009588252,0.0
2025-06-17 04:00:00,solar.bun_library#realenergyintotheload#kwh,BUNDOORA,0.0,-2.1076028,0.012675783,0.012300231,0.0
2025-06-17 05:00:00,solar.bun_library#realenergyintotheload#kwh,BUNDOORA,0.0,-2.119345,0.012675783,0.012300231,0.0
2025-06-17 06:00:00,solar.bun_library#realenergyintotheload#kwh,BUNDOORA,0.0,2.529716,0.0072030574,0.006989649,0.0
2025-06-17 07:00:00,solar.bun_library#realenergyintotheload#kwh,BUNDOORA,0.0,9.635251,0.01378541,0.013376983,0.0
2025-06-17 08:00:00,solar.bun_library#realenergyintotheload#kwh,BUNDOORA,0.125,-0.23199624,1.6966021,1.6463361,8.0
2025-06-17 09:00:00,solar.bun_library#realenergyintotheload#kwh,BUNDOORA,13.25,10.87345,31.891045,30.946192,89.0
2025-06-17 10:00:00,solar.bun_library#realenergyintotheload#kwh,BUNDOORA,27.875,5.6761713,71.939735,69.80834,189.0
2025-06-17 11:00:00,solar.bun_library#realenergyintotheload#kwh,BUNDOORA,121.25,26.361954,163.4167,158.57507,398.0
2025-06-17 12:00:00,solar.bun_library#realenergyintotheload#kwh,BUNDOORA,136.75,49.15904,155.09991,150.50468,389.0
2025-06-17 13:00:00,solar.bun_library#realenergyintotheload#kwh,BUNDOORA,114.875,71.91665,105.10041,101.98655,290.0
2025-06-17 14:00:00,solar.bun_library#realenergyintotheload#kwh,BUNDOORA,165.5,75.5235,142.52008,138.29756,362.0
2025-06-17 15:00:00,solar.bun_library#realenergyintotheload#kwh,BUNDOORA,82.0,111.83052,107.37357,104.19236,281.0
2025-06-17 16:00:00,solar.bun_library#realenergyintotheload#kwh,BUNDOORA,38.25,89.8935,35.653778,34.597446,102.0
2025-06-17 17:00:00,solar.bun_library#realenergyintotheload#kwh,BUNDOORA,9.375,21.535769,6.168263,5.9855127,23.0
2025-06-17 18:00:00,solar.bun_library#realenergyintotheload#kwh,BUNDOORA,0.0,21.237192,0.016417138,0.01593074,0.0
2025-06-17 19:00:00,solar.bun_library#realenergyintotheload#kwh,BUNDOORA,0.0,1.6343353,-0.006378649,0.0,0.0
2025-06-17 20:00:00,solar.bun_library#realenergyintotheload#kwh,BUNDOORA,0.0,-0.16893518,-0.006378649,0.0,0.0
2025-06-17 21:00:00,solar.bun_library#realenergyintotheload#kwh,BUNDOORA,0.0,-0.06128183,0.013085023,0.012697346,0.0
2025-06-17 22:00:00,solar.bun_library#realenergyintotheload#kwh,BUNDOORA,0.0,-0.22338256,0.013085023,0.012697346,0.0
2025-06-17 23:00:00,solar.bun_library#realenergyintotheload#kwh,BUNDOORA,0.0,-0.2761247,0.013085023,0.012697346,0.0
2025-06-18 00:00:00,solar.bun_library#realenergyintotheload#kwh,BUNDOORA,0.0,-0.06421608,-0.0019548112,0.0,0.0
2025-06-18 01:00:00,solar.bun_library#realenergyintotheload#kwh,BUNDOORA,0.0,-0.18880793,0.013085023,0.012697346,0.0
2025-06-18 02:00:00,solar.bun_library#realenergyintotheload#kwh,BUNDOORA,0.0,-0.51716727,0.013085023,0.012697346,0.0
2025-06-18 03:00:00,solar.bun_library#realenergyintotheload#kwh,BUNDOORA,0.0,-0.42838126,0.013085023,0.012697346,0.0
2025-06-18 04:00:00,solar.bun_library#realenergyintotheload#kwh,BUNDOORA,0.0,-0.41859147,0.005840049,0.005667023,0.0
2025-06-18 05:00:00,solar.bun_library#realenergyintotheload#kwh,BUNDOORA,0.0,-0.17768836,-0.0020917845,0.0,0.0
2025-06-18 06:00:00,solar.bun_library#realenergyintotheload#kwh,BUNDOORA,0.0,0.21753782,-0.010666817,0.0,0.0
2025-06-18 07:00:00,solar.bun_library#realenergyintotheload#kwh,BUNDOORA,0.0,0.19577307,-0.0020917845,0.0,0.0
2025-06-18 08:00:00,solar.bun_library#realenergyintotheload#kwh,BUNDOORA,0.875,0.31424293,2.6077054,2.5304456,12.0
2025-06-18 09:00:00,solar.bun_library#realenergyintotheload#kwh,BUNDOORA,17.75,7.978168,46.12494,44.758373,117.0
2025-06-18 10:00:00,solar.bun_library#realenergyintotheload#kwh,BUNDOORA,49.75,11.550764,79.31066,76.960884,210.0
2025-06-18 11:00:00,solar.bun_library#realenergyintotheload#kwh,BUNDOORA,74.25,59.321346,108.353676,105.143425,275.0
2025-06-18 12:00:00,solar.bun_library#realenergyintotheload#kwh,BUNDOORA,80.75,114.129616,79.24628,76.89841,236.0
2025-06-18 13:00:00,solar.bun_library#realenergyintotheload#kwh,BUNDOORA,39.25,134.89207,51.372753,49.850708,151.0
2025-06-18 14:00:00,solar.bun_library#realenergyintotheload#kwh,BUNDOORA,38.0,136.54092,60.501415,58.708908,174.0
2025-06-18 15:00:00,solar.bun_library#realenergyintotheload#kwh,BUNDOORA,33.875,122.830215,32.81943,31.847073,91.0
2025-06-18 16:00:00,solar.bun_library#realenergyintotheload#kwh,BUNDOORA,17.875,109.732346,22.908834,22.230103,66.0
2025-06-18 17:00:00,solar.bun_library#realenergyintotheload#kwh,BUNDOORA,10.125,40.69126,4.85082,4.7071023,19.0
2025-06-18 18:00:00,solar.bun_library#realenergyintotheload#kwh,BUNDOORA,0.0,34.06513,0.0072664656,0.0070511783,0.0
2025-06-18 19:00:00,solar.bun_library#realenergyintotheload#kwh,BUNDOORA,0.0,3.9714365,0.026374098,0.0255927,0.0
2025-06-18 20:00:00,solar.bun_library#realenergyintotheload#kwh,BUNDOORA,0.0,-0.39837164,0.005372308,0.00521314,0.0
2025-06-18 21:00:00,solar.bun_library#realenergyintotheload#kwh,BUNDOORA,0.0,-0.12094113,0.013116319,0.012727715,0.0
2025-06-18 22:00:00,solar.bun_library#realenergyintotheload#kwh,BUNDOORA,0.0,0.17437774,0.005372308,0.00521314,0.0
2025-06-18 23:00:00,solar.bun_library#realenergyintotheload#kwh,BUNDOORA,0.0,-0.073582724,0.003706878,0.0035970525,0.0
2025-06-19 00:00:00,solar.bun_library#realenergyintotheload#kwh,BUNDOORA,0.0,-0.090928115,-0.0074369097,0.0,0.0
2025-06-19 01:00:00,solar.bun_library#realenergyintotheload#kwh,BUNDOORA,0.0,0.07253209,0.004174618,0.0040509347,0.0
2025-06-19 02:00:00,solar.bun_library#realenergyintotheload#kwh,BUNDOORA,0.0,0.060059726,-0.0074369097,0.0,0.0
2025-06-19 03:00:00,solar.bun_library#realenergyintotheload#kwh,BUNDOORA,0.0,1.0203229,-0.0064405734,0.0,0.0
2025-06-19 04:00:00,solar.bun_library#realenergyintotheload#kwh,BUNDOORA,0.0,0.81650805,-0.0031084602,0.0,0.0
2025-06-19 05:00:00,solar.bun_library#realenergyintotheload#kwh,BUNDOORA,0.0,0.115567155,-0.03095781,0.0,0.0
2025-06-19 06:00:00,solar.bun_library#realenergyintotheload#kwh,BUNDOORA,0.0,1.231006,-0.0028273428,0.0,0.0
2025-06-19 07:00:00,solar.bun_library#realenergyintotheload#kwh,BUNDOORA,0.0,18.186125,-0.001161912,0.0,0.0
2025-06-19 08:00:00,solar.bun_library#realenergyintotheload#kwh,BUNDOORA,0.125,32.20329,0.9297029,0.9021581,5.0
2025-06-19 09:00:00,solar.bun_library#realenergyintotheload#kwh,BUNDOORA,10.25,7.3033614,27.202755,26.396805,78.0
2025-06-19 10:00:00,solar.bun_library#realenergyintotheload#kwh,BUNDOORA,23.125,14.441756,57.047897,55.35771,160.0
2025-06-19 11:00:00,solar.bun_library#realenergyintotheload#kwh,BUNDOORA,53.25,70.9852,102.064606,99.04069,261.0
2025-06-19 12:00:00,solar.bun_library#realenergyintotheload#kwh,BUNDOORA,80.875,124.70099,137.09235,133.03064,352.0
2025-06-19 13:00:00,solar.bun_library#realenergyintotheload#kwh,BUNDOORA,140.625,146.62659,166.40009,161.47006,424.0
2025-06-19 14:00:00,solar.bun_library#realenergyintotheload#kwh,BUNDOORA,90.5,139.8359,98.90031,95.97014,272.0
2025-06-19 15:00:00,solar.bun_library#realenergyintotheload#kwh,BUNDOORA,81.125,119.035866,65.92035,63.967293,191.0
2025-06-19 16:00:00,solar.bun_library#realenergyintotheload#kwh,BUNDOORA,42.875,139.85205,55.078697,53.446854,147.0
2025-06-19 17:00:00,solar.bun_library#realenergyintotheload#kwh,BUNDOORA,11.875,19.307806,7.658023,7.4311347,28.0
2025-06-19 18:00:00,solar.bun_library#realenergyintotheload#kwh,BUNDOORA,0.0,30.012865,0.0066203936,0.0064242478,0.0
2025-06-19 19:00:00,solar.bun_library#realenergyintotheload#kwh,BUNDOORA,0.0,0.8130441,0.006911428,0.0067066597,0.0
2025-06-19 20:00:00,solar.bun_library#realenergyintotheload#kwh,BUNDOORA,0.0,0.32845107,0.006911428,0.0067066597,0.0
2025-06-19 21:00:00,solar.bun_library#realenergyintotheload#kwh,BUNDOORA,0.0,-0.9153918,0.0035793143,0.0034732681,0.0
2025-06-19 22:00:00,solar.bun_library#realenergyintotheload#kwh,BUNDOORA,0.0,-0.9825363,0.0035793143,0.0034732681,0.0
2025-06-19 23:00:00,solar.bun_library#realenergyintotheload#kwh,BUNDOORA,0.0,-1.1696981,0.0035793143,0.0034732681,0.0
2025-06-20 00:00:00,solar.bun_library#realenergyintotheload#kwh,BUNDOORA,0.0,-1.1302661,0.0035793143,0.0034732681,0.0
2025-06-20 01:00:00,solar.bun_library#realenergyintotheload#kwh,BUNDOORA,0.0,-1.1302661,0.0035793143,0.0034732681,0.0
2025-06-20 02:00:00,solar.bun_library#realenergyintotheload#kwh,BUNDOORA,0.0,-1.4060751,0.0035793143,0.0034732681,0.0
2025-06-20 03:00:00,solar.bun_library#realenergyintotheload#kwh,BUNDOORA,0.0,0.051744893,0.0035793143,0.0034732681,0.0
2025-06-20 04:00:00,solar.bun_library#realenergyintotheload#kwh,BUNDOORA,0.0,0.4931094,0.0035793143,0.0034732681,0.0
2025-06-20 05:00:00,solar.bun_library#realenergyintotheload#kwh,BUNDOORA,0.0,0.11057122,-0.0044585583,0.0,0.0
2025-06-20 06:00:00,solar.bun_library#realenergyintotheload#kwh,BUNDOORA,0.0,0.30231294,-0.0044585583,0.0,0.0
2025-06-20 07:00:00,solar.bun_library#realenergyintotheload#kwh,BUNDOORA,0.0,-1.5491855,-0.0044585583,0.0,0.0
2025-06-20 08:00:00,solar.bun_library#realenergyintotheload#kwh,BUNDOORA,0.625,-2.5007887,2.4771829,2.4037902,11.0
2025-06-20 09:00:00,solar.bun_library#realenergyintotheload#kwh,BUNDOORA,6.875,2.6755302,53.830585,52.23572,142.0
2025-06-20 10:00:00,solar.bun_library#realenergyintotheload#kwh,BUNDOORA,0.0,69.718605,112.33621,109.00797,280.0
2025-06-20 11:00:00,solar.bun_library#realenergyintotheload#kwh,BUNDOORA,0.0,171.40884,148.20862,143.81757,387.0
2025-06-20 12:00:00,solar.bun_library#realenergyintotheload#kwh,BUNDOORA,28.875,130.38846,173.34425,168.2085,447.0
2025-06-20 13:00:00,solar.bun_library#realenergyintotheload#kwh,BUNDOORA,6.25,133.88623,169.5612,164.53752,452.0
2025-06-20 14:00:00,solar.bun_library#realenergyintotheload#kwh,BUNDOORA,133.6875,158.98723,156.00716,151.38506,403.0
2025-06-20 15:00:00,solar.bun_library#realenergyintotheload#kwh,BUNDOORA,13.5625,77.53035,109.15608,105.92206,305.0
2025-06-20 16:00:00,solar.bun_library#realenergyintotheload#kwh,BUNDOORA,0.0,115.351074,58.28221,56.555454,164.0
2025-06-20 17:00:00,solar.bun_library#realenergyintotheload#kwh,BUNDOORA,0.0,24.956373,7.7700067,7.5398006,28.0
2025-06-20 18:00:00,solar.bun_library#realenergyintotheload#kwh,BUNDOORA,0.0,5.2037187,0.0120004015,0.01164486,0.0
2025-06-20 19:00:00,solar.bun_library#realenergyintotheload#kwh,BUNDOORA,0.0,0.717174,0.013116319,0.012727715,0.0
2025-06-20 20:00:00,solar.bun_library#realenergyintotheload#kwh,BUNDOORA,0.0,-0.7675759,-0.010666817,0.0,0.0
2025-06-20 21:00:00,solar.bun_library#realenergyintotheload#kwh,BUNDOORA,0.0,-0.39243495,-0.009679468,0.0,0.0
2025-06-20 22:00:00,solar.bun_library#realenergyintotheload#kwh,BUNDOORA,0.0,-0.23002191,0.013085023,0.012697346,0.0
2025-06-20 23:00:00,solar.bun_library#realenergyintotheload#kwh,BUNDOORA,0.0,-0.41996795,-0.0097107645,0.0,0.0
2025-06-21 00:00:00,solar.bun_library#realenergyintotheload#kwh,BUNDOORA,0.0,-0.6772864,0.013085023,0.012697346,0.0
2025-06-21 01:00:00,solar.bun_library#realenergyintotheload#kwh,BUNDOORA,0.0,-0.4388732,-0.004749593,0.0,0.0
2025-06-21 02:00:00,solar.bun_library#realenergyintotheload#kwh,BUNDOORA,0.0,-0.5820687,-0.0097107645,0.0,0.0
2025-06-21 03:00:00,solar.bun_library#realenergyintotheload#kwh,BUNDOORA,0.0,0.12262891,-0.0097107645,0.0,0.0
2025-06-21 04:00:00,solar.bun_library#realenergyintotheload#kwh,BUNDOORA,0.0,-0.03696239,-0.0019548112,0.0,0.0
2025-06-21 05:00:00,solar.bun_library#realenergyintotheload#kwh,BUNDOORA,0.0,-0.2876553,0.013085023,0.012697346,0.0
2025-06-21 06:00:00,solar.bun_library#realenergyintotheload#kwh,BUNDOORA,0.0,-0.08479403,-0.0021230807,0.0,0.0
2025-06-21 07:00:00,solar.bun_library#realenergyintotheload#kwh,BUNDOORA,0.0,-1.0265687,-0.0044585583,0.0,0.0
2025-06-21 08:00:00,solar.bun_library#realenergyintotheload#kwh,BUNDOORA,0.0,-1.636985,2.4677322,2.3946195,11.0
2025-06-21 09:00:00,solar.bun_library#realenergyintotheload#kwh,BUNDOORA,0.0,3.0098436,52.402077,50.849533,145.0
2025-06-21 10:00:00,solar.bun_library#realenergyintotheload#kwh,BUNDOORA,0.0,7.138383,112.68,109.341576,286.0
2025-06-21 11:00:00,solar.bun_library#realenergyintotheload#kwh,BUNDOORA,0.0,175.39471,150.5392,146.0791,394.0
2025-06-21 12:00:00,solar.bun_library#realenergyintotheload#kwh,BUNDOORA,0.0,140.91676,168.67372,163.67635,455.0
2025-06-21 13:00:00,solar.bun_library#realenergyintotheload#kwh,BUNDOORA,0.0,184.98047,166.8967,161.95197,461.0
2025-06-21 14:00:00,solar.bun_library#realenergyintotheload#kwh,BUNDOORA,0.0,180.76404,155.9877,151.36618,411.0
2025-06-21 15:00:00,solar.bun_library#realenergyintotheload#kwh,BUNDOORA,0.0,127.01054,118.104904,114.60575,312.0
2025-06-21 16:00:00,solar.bun_library#realenergyintotheload#kwh,BUNDOORA,0.0,128.26193,63.94412,62.049614,169.0
2025-06-21 17:00:00,solar.bun_library#realenergyintotheload#kwh,BUNDOORA,0.0,73.97769,8.207936,7.9647555,29.0
2025-06-21 18:00:00,solar.bun_library#realenergyintotheload#kwh,BUNDOORA,0.0,7.9240694,-0.0014174792,0.0,0.0
2025-06-21 19:00:00,solar.bun_library#realenergyintotheload#kwh,BUNDOORA,0.0,2.7632062,0.0059147915,0.005739551,0.0
2025-06-21 20:00:00,solar.bun_library#realenergyintotheload#kwh,BUNDOORA,0.0,-0.75369227,0.0035793143,0.0034732681,0.0
2025-06-21 21:00:00,solar.bun_library#realenergyintotheload#kwh,BUNDOORA,0.0,-0.71243834,0.0035793143,0.0034732681,0.0
2025-06-21 22:00:00,solar.bun_library#realenergyintotheload#kwh,BUNDOORA,0.0,-1.5339398,0.0035793143,0.0034732681,0.0
2025-06-21 23:00:00,solar.bun_library#realenergyintotheload#kwh,BUNDOORA,0.0,-1.0939115,0.006083061,0.005902835,0.0
2025-06-22 00:00:00,solar.bun_library#realenergyintotheload#kwh,BUNDOORA,0.0,-1.0594407,0.006083061,0.005902835,0.0
2025-06-22 01:00:00,solar.bun_library#realenergyintotheload#kwh,BUNDOORA,0.0,-3.2664526,0.0035793143,0.0034732681,0.0
2025-06-22 02:00:00,solar.bun_library#realenergyintotheload#kwh,BUNDOORA,0.0,-2.1184604,0.0035793143,0.0034732681,0.0
2025-06-22 03:00:00,solar.bun_library#realenergyintotheload#kwh,BUNDOORA,0.0,-2.045682,0.0035793143,0.0034732681,0.0
2025-06-22 04:00:00,solar.bun_library#realenergyintotheload#kwh,BUNDOORA,0.0,-1.3051156,0.0035793143,0.0034732681,0.0
2025-06-22 05:00:00,solar.bun_library#realenergyintotheload#kwh,BUNDOORA,0.0,-1.2581308,0.0035793143,0.0034732681,0.0
2025-06-22 06:00:00,solar.bun_library#realenergyintotheload#kwh,BUNDOORA,0.0,-0.94144356,0.0035793143,0.0034732681,0.0
2025-06-22 07:00:00,solar.bun_library#realenergyintotheload#kwh,BUNDOORA,0.0,7.8371105,0.0035793143,0.0034732681,0.0
2025-06-22 08:00:00,solar.bun_library#realenergyintotheload#kwh,BUNDOORA,0.0,9.095136,3.193281,3.098672,12.0
2025-06-22 09:00:00,solar.bun_library#realenergyintotheload#kwh,BUNDOORA,0.0,2.508284,53.034588,51.463306,146.0
2025-06-22 10:00:00,solar.bun_library#realenergyintotheload#kwh,BUNDOORA,0.0,100.001335,112.23781,108.91248,292.0
2025-06-22 11:00:00,solar.bun_library#realenergyintotheload#kwh,BUNDOORA,0.0,185.70102,143.81586,139.55495,366.0
2025-06-22 12:00:00,solar.bun_library#realenergyintotheload#kwh,BUNDOORA,0.0,182.69475,134.197,130.22108,361.0
2025-06-22 13:00:00,solar.bun_library#realenergyintotheload#kwh,BUNDOORA,0.0,174.04381,170.9775,165.91185,468.0
2025-06-22 14:00:00,solar.bun_library#realenergyintotheload#kwh,BUNDOORA,0.0,153.16925,160.26666,155.51836,424.0
2025-06-22 15:00:00,solar.bun_library#realenergyintotheload#kwh,BUNDOORA,0.0,87.132195,122.82331,119.184364,321.0
2025-06-22 16:00:00,solar.bun_library#realenergyintotheload#kwh,BUNDOORA,0.0,110.591866,43.38063,42.09537,113.0
2025-06-22 17:00:00,solar.bun_library#realenergyintotheload#kwh,BUNDOORA,0.0,70.187614,5.019036,4.870334,20.0
2025-06-22 18:00:00,solar.bun_library#realenergyintotheload#kwh,BUNDOORA,0.0,38.16264,0.024916377,0.024178168,0.0
2025-06-22 19:00:00,solar.bun_library#realenergyintotheload#kwh,BUNDOORA,0.0,8.442173,-0.16193289,0.0,0.0
2025-06-22 20:00:00,solar.bun_library#realenergyintotheload#kwh,BUNDOORA,0.0,5.615222,-0.17285189,0.0,0.0
2025-06-22 21:00:00,solar.bun_library#realenergyintotheload#kwh,BUNDOORA,0.0,9.106369,-0.044270072,0.0,0.0
2025-06-22 22:00:00,solar.bun_library#realenergyintotheload#kwh,BUNDOORA,0.0,4.631232,-0.0602657,0.0,0.0
2025-06-22 23:00:00,solar.bun_library#realenergyintotheload#kwh,BUNDOORA,0.0,7.7385297,-0.07553592,0.0,0.0
2025-06-23 00:00:00,solar.bun_library#realenergyintotheload#kwh,BUNDOORA,0.0,12.462561,-0.052859224,0.0,0.0
2025-06-23 01:00:00,solar.bun_library#realenergyintotheload#kwh,BUNDOORA,0.0,0.014938712,-0.05308314,0.0,0.0
2025-06-23 02:00:00,solar.bun_library#realenergyintotheload#kwh,BUNDOORA,0.0,1.7610626,-0.020802304,0.0,0.0
2025-06-23 03:00:00,solar.bun_library#realenergyintotheload#kwh,BUNDOORA,0.0,0.28117478,0.037735503,0.036617495,0.0
2025-06-23 04:00:00,solar.bun_library#realenergyintotheload#kwh,BUNDOORA,0.0,7.171659,0.02571546,0.024953574,0.0
2025-06-23 05:00:00,solar.bun_library#realenergyintotheload#kwh,BUNDOORA,0.0,7.961851,0.012423696,0.012055613,0.0
2025-06-23 06:00:00,solar.bun_library#realenergyintotheload#kwh,BUNDOORA,0.0,5.8395967,0.0050323484,0.0048832525,0.0
2025-06-23 07:00:00,solar.bun_library#realenergyintotheload#kwh,BUNDOORA,0.0,20.14274,0.031679533,0.030740948,0.0
2025-06-23 08:00:00,solar.bun_library#realenergyintotheload#kwh,BUNDOORA,0.0,26.70787,1.1476383,1.1136366,6.0
2025-06-23 09:00:00,solar.bun_library#realenergyintotheload#kwh,BUNDOORA,0.0,13.308958,20.009289,19.416464,70.0
2025-06-23 10:00:00,solar.bun_library#realenergyintotheload#kwh,BUNDOORA,0.0,90.07236,101.68911,98.676315,277.0
2025-06-23 11:00:00,solar.bun_library#realenergyintotheload#kwh,BUNDOORA,0.0,106.94213,107.27834,104.09995,289.0
2025-06-23 12:00:00,solar.bun_library#realenergyintotheload#kwh,BUNDOORA,0.0,110.10634,171.26807,166.19382,444.0
2025-06-23 13:00:00,solar.bun_library#realenergyintotheload#kwh,BUNDOORA,0.0,135.23741,159.22069,154.50337,451.0
2025-06-23 14:00:00,solar.bun_library#realenergyintotheload#kwh,BUNDOORA,0.0,148.85014,152.18138,147.67262,402.0
2025-06-23 15:00:00,solar.bun_library#realenergyintotheload#kwh,BUNDOORA,0.0,184.50938,101.61962,98.60889,291.0
2025-06-23 16:00:00,solar.bun_library#realenergyintotheload#kwh,BUNDOORA,0.0,148.93633,57.255703,55.55936,168.0
2025-06-23 17:00:00,solar.bun_library#realenergyintotheload#kwh,BUNDOORA,0.0,41.80906,6.9369073,6.7313843,26.0
2025-06-23 18:00:00,solar.bun_library#realenergyintotheload#kwh,BUNDOORA,0.0,28.60376,0.041668557,0.04043402,0.0
2025-06-23 19:00:00,solar.bun_library#realenergyintotheload#kwh,BUNDOORA,0.0,4.493809,0.041668557,0.04043402,0.0
2025-06-23 20:00:00,solar.bun_library#realenergyintotheload#kwh,BUNDOORA,0.0,-1.1730204,0.027693652,0.026873158,0.0
2025-06-23 21:00:00,solar.bun_library#realenergyintotheload#kwh,BUNDOORA,0.0,-4.0489435,0.013574884,0.0131726945,0.0
2025-06-23 22:00:00,solar.bun_library#realenergyintotheload#kwh,BUNDOORA,0.0,-3.0810795,0.023935523,0.023226373,0.0
2025-06-23 23:00:00,solar.bun_library#realenergyintotheload#kwh,BUNDOORA,0.0,-2.3999562,0.023935523,0.023226373,0.0
2025-06-24 00:00:00,solar.bun_library#realenergyintotheload#kwh,BUNDOORA,0.0,-2.234167,-0.005640338,0.0,0.0
2025-06-24 01:00:00,solar.bun_library#realenergyintotheload#kwh,BUNDOORA,0.0,-1.4349049,-0.0051736063,0.0,0.0
2025-06-24 02:00:00,solar.bun_library#realenergyintotheload#kwh,BUNDOORA,0.0,0.7429028,0.037103094,0.03600382,0.0
2025-06-24 03:00:00,solar.bun_library#realenergyintotheload#kwh,BUNDOORA,0.0,1.0408031,0.027879722,0.027053716,0.0
2025-06-24 04:00:00,solar.bun_library#realenergyintotheload#kwh,BUNDOORA,0.0,-2.6151483,0.0071470113,0.006935263,0.0
2025-06-24 05:00:00,solar.bun_library#realenergyintotheload#kwh,BUNDOORA,0.0,-0.15302938,0.006472797,0.0062810243,0.0
2025-06-24 06:00:00,solar.bun_library#realenergyintotheload#kwh,BUNDOORA,0.0,-2.0547905,0.006472797,0.0062810243,0.0
2025-06-24 07:00:00,solar.bun_library#realenergyintotheload#kwh,BUNDOORA,0.0,29.864819,-0.051632024,0.0,0.0
2025-06-24 08:00:00,solar.bun_library#realenergyintotheload#kwh,BUNDOORA,0.0,89.66468,1.6324283,1.5840635,8.0
2025-06-24 09:00:00,solar.bun_library#realenergyintotheload#kwh,BUNDOORA,0.0,102.3863,45.05162,43.716854,127.0
2025-06-24 10:00:00,solar.bun_library#realenergyintotheload#kwh,BUNDOORA,0.0,132.37486,76.97614,74.69553,212.0
2025-06-24 11:00:00,solar.bun_library#realenergyintotheload#kwh,BUNDOORA,0.0,114.15524,77.86292,75.55604,215.0
2025-06-24 12:00:00,solar.bun_library#realenergyintotheload#kwh,BUNDOORA,0.0,137.97946,50.093277,48.60914,150.0
2025-06-24 13:00:00,solar.bun_library#realenergyintotheload#kwh,BUNDOORA,0.0,139.26534,51.141407,49.626213,152.0
2025-06-24 14:00:00,solar.bun_library#realenergyintotheload#kwh,BUNDOORA,0.0,161.83444,73.33201,71.15936,205.0
2025-06-24 15:00:00,solar.bun_library#realenergyintotheload#kwh,BUNDOORA,0.0,148.16394,73.26237,71.09179,197.0
2025-06-24 16:00:00,solar.bun_library#realenergyintotheload#kwh,BUNDOORA,0.0,121.687805,22.94264,22.262907,72.0
2025-06-24 17:00:00,solar.bun_library#realenergyintotheload#kwh,BUNDOORA,0.0,96.36427,2.5798798,2.5034444,11.0
2025-06-24 18:00:00,solar.bun_library#realenergyintotheload#kwh,BUNDOORA,0.0,57.316635,-0.005739545,0.0,0.0
2025-06-24 19:00:00,solar.bun_library#realenergyintotheload#kwh,BUNDOORA,0.0,18.935781,0.004620542,0.0044836467,0.0
2025-06-24 20:00:00,solar.bun_library#realenergyintotheload#kwh,BUNDOORA,0.0,21.159184,0.016181927,0.015702497,0.0
2025-06-24 21:00:00,solar.bun_library#realenergyintotheload#kwh,BUNDOORA,0.0,-2.6164618,-0.09087926,0.0,0.0
2025-06-24 22:00:00,solar.bun_library#realenergyintotheload#kwh,BUNDOORA,0.0,-1.7784685,-0.0760914,0.0,0.0
2025-06-24 23:00:00,solar.bun_library#realenergyintotheload#kwh,BUNDOORA,0.0,-1.830367,-0.075095065,0.0,0.0
2025-06-25 00:00:00,solar.bun_library#realenergyintotheload#kwh,BUNDOORA,0.0,-1.1135043,0.0008727787,0.0008469205,0.0
2025-06-25 01:00:00,solar.bun_library#realenergyintotheload#kwh,BUNDOORA,0.0,-0.40310177,0.07903264,0.0766911,0.0
2025-06-25 02:00:00,solar.bun_library#realenergyintotheload#kwh,BUNDOORA,0.0,-0.3425122,0.016367894,0.015882954,0.0
2025-06-25 03:00:00,solar.bun_library#realenergyintotheload#kwh,BUNDOORA,0.0,-1.2864839,0.0064271456,0.0062367255,0.0
2025-06-25 04:00:00,solar.bun_library#realenergyintotheload#kwh,BUNDOORA,0.0,2.82492,0.00092806015,0.0009005641,0.0
2025-06-25 05:00:00,solar.bun_library#realenergyintotheload#kwh,BUNDOORA,0.0,5.1956844,-0.030818973,0.0,0.0
2025-06-25 06:00:00,solar.bun_library#realenergyintotheload#kwh,BUNDOORA,0.0,1.9089541,0.0012617749,0.0012243916,0.0
2025-06-25 07:00:00,solar.bun_library#realenergyintotheload#kwh,BUNDOORA,0.0,21.810726,-0.030818973,0.0,0.0
2025-06-25 08:00:00,solar.bun_library#realenergyintotheload#kwh,BUNDOORA,0.0,20.037094,0.124934465,0.12123297,2.0
2025-06-25 09:00:00,solar.bun_library#realenergyintotheload#kwh,BUNDOORA,0.0,18.081594,45.029724,43.695606,116.0
2025-06-25 10:00:00,solar.bun_library#realenergyintotheload#kwh,BUNDOORA,0.0,-5.4360237,63.315247,61.439373,168.0
2025-06-25 11:00:00,solar.bun_library#realenergyintotheload#kwh,BUNDOORA,0.0,20.856628,62.842842,60.980965,174.0
2025-06-25 12:00:00,solar.bun_library#realenergyintotheload#kwh,BUNDOORA,0.0,11.483795,141.87225,137.66893,351.0
2025-06-25 13:00:00,solar.bun_library#realenergyintotheload#kwh,BUNDOORA,0.0,25.454329,45.747097,44.391724,135.0
2025-06-25 14:00:00,solar.bun_library#realenergyintotheload#kwh,BUNDOORA,0.0,12.4685755,45.218388,43.87868,135.0
2025-06-25 15:00:00,solar.bun_library#realenergyintotheload#kwh,BUNDOORA,0.0,51.32274,10.968417,10.643451,35.0
2025-06-25 16:00:00,solar.bun_library#realenergyintotheload#kwh,BUNDOORA,0.0,30.55919,58.86432,57.120316,156.0
2025-06-25 17:00:00,solar.bun_library#realenergyintotheload#kwh,BUNDOORA,0.0,35.764046,4.7520814,4.611289,17.0
2025-06-25 18:00:00,solar.bun_library#realenergyintotheload#kwh,BUNDOORA,0.0,3.0632968,0.016615972,0.016123682,0.0
2025-06-25 19:00:00,solar.bun_library#realenergyintotheload#kwh,BUNDOORA,0.0,0.19830039,0.013854074,0.0134436125,0.0
2025-06-25 20:00:00,solar.bun_library#realenergyintotheload#kwh,BUNDOORA,0.0,-1.5097443,0.016615972,0.016123682,0.0
2025-06-25 21:00:00,solar.bun_library#realenergyintotheload#kwh,BUNDOORA,0.0,0.60937583,0.010161968,0.009860895,0.0
2025-06-25 22:00:00,solar.bun_library#realenergyintotheload#kwh,BUNDOORA,0.0,-0.18441686,0.006083061,0.005902835,0.0
2025-06-25 23:00:00,solar.bun_library#realenergyintotheload#kwh,BUNDOORA,0.0,-0.7750727,0.006083061,0.005902835,0.0
2025-06-26 00:00:00,solar.bun_library#realenergyintotheload#kwh,BUNDOORA,0.0,-0.4876526,0.013085023,0.012697346,0.0
2025-06-26 01:00:00,solar.bun_library#realenergyintotheload#kwh,BUNDOORA,0.0,-0.6039716,0.013085023,0.012697346,0.0
2025-06-26 02:00:00,solar.bun_library#realenergyintotheload#kwh,BUNDOORA,0.0,-0.23287922,-0.0020917845,0.0,0.0
2025-06-26 03:00:00,solar.bun_library#realenergyintotheload#kwh,BUNDOORA,0.0,-0.42352396,0.013116319,0.012727715,0.0
2025-06-26 04:00:00,solar.bun_library#realenergyintotheload#kwh,BUNDOORA,0.0,-0.23287922,0.013116319,0.012727715,0.0
2025-06-26 05:00:00,solar.bun_library#realenergyintotheload#kwh,BUNDOORA,0.0,-0.34822935,0.013116319,0.012727715,0.0
2025-06-26 06:00:00,solar.bun_library#realenergyintotheload#kwh,BUNDOORA,0.0,0.050036892,0.013116319,0.012727715,0.0
2025-06-26 07:00:00,solar.bun_library#realenergyintotheload#kwh,BUNDOORA,0.0,0.46006054,0.013116319,0.012727715,0.0
2025-06-26 08:00:00,solar.bun_library#realenergyintotheload#kwh,BUNDOORA,0.0,-0.004608093,2.0081854,1.9486879,9.0
2025-06-26 09:00:00,solar.bun_library#realenergyintotheload#kwh,BUNDOORA,0.0,-2.3229513,44.91608,43.58533,119.0
2025-06-26 10:00:00,solar.bun_library#realenergyintotheload#kwh,BUNDOORA,0.0,10.311992,110.71035,107.43028,269.0
2025-06-26 11:00:00,solar.bun_library#realenergyintotheload#kwh,BUNDOORA,0.0,24.378368,144.71397,140.42647,357.0
2025-06-26 12:00:00,solar.bun_library#realenergyintotheload#kwh,BUNDOORA,0.0,42.198376,100.18438,97.21616,266.0
2025-06-26 13:00:00,solar.bun_library#realenergyintotheload#kwh,BUNDOORA,0.0,41.598625,175.03406,169.84824,428.0
2025-06-26 14:00:00,solar.bun_library#realenergyintotheload#kwh,BUNDOORA,0.0,43.11466,82.17708,79.74238,231.0
2025-06-26 15:00:00,solar.bun_library#realenergyintotheload#kwh,BUNDOORA,0.0,30.138973,49.62103,48.150883,147.0
2025-06-26 16:00:00,solar.bun_library#realenergyintotheload#kwh,BUNDOORA,0.0,66.44358,32.89152,31.917028,94.0
2025-06-26 17:00:00,solar.bun_library#realenergyintotheload#kwh,BUNDOORA,0.0,-0.015175087,3.928872,3.8124695,16.0
2025-06-26 18:00:00,solar.bun_library#realenergyintotheload#kwh,BUNDOORA,0.0,4.0042086,0.013116319,0.012727715,0.0
2025-06-26 19:00:00,solar.bun_library#realenergyintotheload#kwh,BUNDOORA,0.0,-0.8709518,0.013116319,0.012727715,0.0
2025-06-26 20:00:00,solar.bun_library#realenergyintotheload#kwh,BUNDOORA,0.0,-0.83525956,-0.010666817,0.0,0.0
2025-06-26 21:00:00,solar.bun_library#realenergyintotheload#kwh,BUNDOORA,0.0,-1.1380463,-0.010666817,0.0,0.0
2025-06-26 22:00:00,solar.bun_library#realenergyintotheload#kwh,BUNDOORA,0.0,-1.2368937,-0.010666817,0.0,0.0
2025-06-26 23:00:00,solar.bun_library#realenergyintotheload#kwh,BUNDOORA,0.0,-0.6962943,-0.010666817,0.0,0.0
2025-06-27 00:00:00,solar.bun_library#realenergyintotheload#kwh,BUNDOORA,0.0,-1.2368937,-0.010666817,0.0,0.0
2025-06-27 01:00:00,solar.bun_library#realenergyintotheload#kwh,BUNDOORA,0.0,-0.9341069,-0.010666817,0.0,0.0
2025-06-27 02:00:00,solar.bun_library#realenergyintotheload#kwh,BUNDOORA,0.0,-0.5530988,-0.0020917845,0.0,0.0
2025-06-27 03:00:00,solar.bun_library#realenergyintotheload#kwh,BUNDOORA,0.0,-0.5530988,0.013116319,0.012727715,0.0
2025-06-27 04:00:00,solar.bun_library#realenergyintotheload#kwh,BUNDOORA,0.0,-0.5530988,0.013116319,0.012727715,0.0
2025-06-27 05:00:00,solar.bun_library#realenergyintotheload#kwh,BUNDOORA,0.0,-0.6962943,-0.010666817,0.0,0.0
2025-06-27 06:00:00,solar.bun_library#realenergyintotheload#kwh,BUNDOORA,0.0,-0.29808426,0.013116319,0.012727715,0.0
2025-06-27 07:00:00,solar.bun_library#realenergyintotheload#kwh,BUNDOORA,0.0,0.35956517,-0.0020917845,0.0,0.0
2025-06-27 08:00:00,solar.bun_library#realenergyintotheload#kwh,BUNDOORA,0.0,0.5057757,1.9987345,1.939517,9.0
2025-06-27 09:00:00,solar.bun_library#realenergyintotheload#kwh,BUNDOORA,0.0,-0.7503471,33.468414,32.47683,98.0
2025-06-27 10:00:00,solar.bun_library#realenergyintotheload#kwh,BUNDOORA,0.0,6.392716,111.121544,107.82929,279.0
2025-06-27 11:00:00,solar.bun_library#realenergyintotheload#kwh,BUNDOORA,0.0,24.66857,156.34508,151.71297,385.0
2025-06-27 12:00:00,solar.bun_library#realenergyintotheload#kwh,BUNDOORA,0.0,90.97771,154.18846,149.62024,392.0
2025-06-27 13:00:00,solar.bun_library#realenergyintotheload#kwh,BUNDOORA,0.0,110.8775,135.54451,131.52867,354.0
2025-06-27 14:00:00,solar.bun_library#realenergyintotheload#kwh,BUNDOORA,0.0,143.06255,119.93299,116.37968,314.0
2025-06-27 15:00:00,solar.bun_library#realenergyintotheload#kwh,BUNDOORA,0.0,107.52446,80.643196,78.25394,222.0
2025-06-27 16:00:00,solar.bun_library#realenergyintotheload#kwh,BUNDOORA,0.0,100.78352,56.764282,55.082497,157.0
2025-06-27 17:00:00,solar.bun_library#realenergyintotheload#kwh,BUNDOORA,0.0,21.327791,6.9128656,6.7080545,26.0
2025-06-27 18:00:00,solar.bun_library#realenergyintotheload#kwh,BUNDOORA,0.0,8.5837965,0.03578354,0.034723364,0.0
2025-06-27 19:00:00,solar.bun_library#realenergyintotheload#kwh,BUNDOORA,0.0,4.8960195,0.03578354,0.034723364,0.0
2025-06-27 20:00:00,solar.bun_library#realenergyintotheload#kwh,BUNDOORA,0.0,-0.45106053,0.005372308,0.00521314,0.0
2025-06-27 21:00:00,solar.bun_library#realenergyintotheload#kwh,BUNDOORA,0.0,0.011719922,0.005372308,0.00521314,0.0
2025-06-27 22:00:00,solar.bun_library#realenergyintotheload#kwh,BUNDOORA,0.0,-0.26703253,0.013116319,0.012727715,0.0
2025-06-27 23:00:00,solar.bun_library#realenergyintotheload#kwh,BUNDOORA,0.0,-0.9518527,0.0154927205,0.01503371,0.0
2025-06-28 00:00:00,solar.bun_library#realenergyintotheload#kwh,BUNDOORA,0.0,-0.9643251,0.003706878,0.0035970525,0.0
2025-06-28 01:00:00,solar.bun_library#realenergyintotheload#kwh,BUNDOORA,0.0,-1.0246181,0.005372308,0.00521314,0.0
2025-06-28 02:00:00,solar.bun_library#realenergyintotheload#kwh,BUNDOORA,0.0,-1.0402043,0.013116319,0.012727715,0.0
2025-06-28 03:00:00,solar.bun_library#realenergyintotheload#kwh,BUNDOORA,0.0,-0.90321344,0.013116319,0.012727715,0.0
2025-06-28 04:00:00,solar.bun_library#realenergyintotheload#kwh,BUNDOORA,0.0,-1.093698,0.013116319,0.012727715,0.0
2025-06-28 05:00:00,solar.bun_library#realenergyintotheload#kwh,BUNDOORA,0.0,-0.5063483,0.013116319,0.012727715,0.0
2025-06-28 06:00:00,solar.bun_library#realenergyintotheload#kwh,BUNDOORA,0.0,-0.1075995,0.013116319,0.012727715,0.0
2025-06-28 07:00:00,solar.bun_library#realenergyintotheload#kwh,BUNDOORA,0.0,1.5301619,0.013116319,0.012727715,0.0
2025-06-28 08:00:00,solar.bun_library#realenergyintotheload#kwh,BUNDOORA,0.0,0.51390433,1.6844637,1.6345572,8.0
2025-06-28 09:00:00,solar.bun_library#realenergyintotheload#kwh,BUNDOORA,0.0,-0.199361,14.953942,14.510895,50.0
2025-06-28 10:00:00,solar.bun_library#realenergyintotheload#kwh,BUNDOORA,0.0,9.29517,43.46987,42.18197,128.0
2025-06-28 11:00:00,solar.bun_library#realenergyintotheload#kwh,BUNDOORA,0.0,38.70364,67.4254,65.42776,186.0
2025-06-28 12:00:00,solar.bun_library#realenergyintotheload#kwh,BUNDOORA,0.0,90.153725,65.34426,63.408276,193.0
2025-06-28 13:00:00,solar.bun_library#realenergyintotheload#kwh,BUNDOORA,0.0,117.03122,70.53353,68.4438,202.0
2025-06-28 14:00:00,solar.bun_library#realenergyintotheload#kwh,BUNDOORA,0.0,119.7096,96.71235,93.847,255.0
2025-06-28 15:00:00,solar.bun_library#realenergyintotheload#kwh,BUNDOORA,0.0,131.47475,105.43537,102.311584,285.0
2025-06-28 16:00:00,solar.bun_library#realenergyintotheload#kwh,BUNDOORA,0.0,125.36069,64.74667,62.828392,169.0
2025-06-28 17:00:00,solar.bun_library#realenergyintotheload#kwh,BUNDOORA,0.0,29.323214,7.785046,7.5543947,28.0
2025-06-28 18:00:00,solar.bun_library#realenergyintotheload#kwh,BUNDOORA,0.0,4.900707,0.03578354,0.034723364,0.0
2025-06-28 19:00:00,solar.bun_library#realenergyintotheload#kwh,BUNDOORA,0.0,4.3709383,0.03578354,0.034723364,0.0
2025-06-28 20:00:00,solar.bun_library#realenergyintotheload#kwh,BUNDOORA,0.0,-0.7061667,0.013116319,0.012727715,0.0
2025-06-28 21:00:00,solar.bun_library#realenergyintotheload#kwh,BUNDOORA,0.0,-0.6348992,0.005372308,0.00521314,0.0
2025-06-28 22:00:00,solar.bun_library#realenergyintotheload#kwh,BUNDOORA,0.0,-0.021534307,0.003706878,0.0035970525,0.0
2025-06-28 23:00:00,solar.bun_library#realenergyintotheload#kwh,BUNDOORA,0.0,-0.34491196,0.013116319,0.012727715,0.0
2025-06-29 00:00:00,solar.bun_library#realenergyintotheload#kwh,BUNDOORA,0.0,-0.27722734,-0.010666817,0.0,0.0
2025-06-29 01:00:00,solar.bun_library#realenergyintotheload#kwh,BUNDOORA,0.0,-0.37673065,0.005372308,0.00521314,0.0
2025-06-29 02:00:00,solar.bun_library#realenergyintotheload#kwh,BUNDOORA,0.0,-0.37244496,0.013116319,0.012727715,0.0
2025-06-29 03:00:00,solar.bun_library#realenergyintotheload#kwh,BUNDOORA,0.0,-0.5120759,0.013116319,0.012727715,0.0
2025-06-29 04:00:00,solar.bun_library#realenergyintotheload#kwh,BUNDOORA,0.0,-0.47557804,0.005372308,0.00521314,0.0
2025-06-29 05:00:00,solar.bun_library#realenergyintotheload#kwh,BUNDOORA,0.0,-0.37673065,0.013116319,0.012727715,0.0
2025-06-29 06:00:00,solar.bun_library#realenergyintotheload#kwh,BUNDOORA,0.0,-0.27051696,0.013116319,0.012727715,0.0
2025-06-29 07:00:00,solar.bun_library#realenergyintotheload#kwh,BUNDOORA,0.0,0.13251382,0.013116319,0.012727715,0.0
2025-06-29 08:00:00,solar.bun_library#realenergyintotheload#kwh,BUNDOORA,0.0,0.43236923,1.6987962,1.648465,8.0
2025-06-29 09:00:00,solar.bun_library#realenergyintotheload#kwh,BUNDOORA,0.0,-0.30397838,39.405704,38.238213,111.0
2025-06-29 10:00:00,solar.bun_library#realenergyintotheload#kwh,BUNDOORA,0.0,-9.618463,63.252884,61.37886,178.0
2025-06-29 11:00:00,solar.bun_library#realenergyintotheload#kwh,BUNDOORA,0.0,-11.732128,68.57915,66.54732,189.0
2025-06-29 12:00:00,solar.bun_library#realenergyintotheload#kwh,BUNDOORA,0.0,-7.620353,76.802,74.52655,212.0
2025-06-29 13:00:00,solar.bun_library#realenergyintotheload#kwh,BUNDOORA,0.0,7.545398,79.178795,76.832924,222.0
2025-06-29 14:00:00,solar.bun_library#realenergyintotheload#kwh,BUNDOORA,0.0,-1.6880193,76.82435,74.54823,213.0
2025-06-29 15:00:00,solar.bun_library#realenergyintotheload#kwh,BUNDOORA,0.0,34.054337,49.540535,48.072773,144.0
2025-06-29 16:00:00,solar.bun_library#realenergyintotheload#kwh,BUNDOORA,0.0,32.199226,35.49891,34.447166,102.0
2025-06-29 17:00:00,solar.bun_library#realenergyintotheload#kwh,BUNDOORA,0.0,2.2845416,8.238043,7.9939704,30.0
2025-06-29 18:00:00,solar.bun_library#realenergyintotheload#kwh,BUNDOORA,0.0,5.5875416,0.020869914,0.02025159,0.0
2025-06-29 19:00:00,solar.bun_library#realenergyintotheload#kwh,BUNDOORA,0.0,0.040006876,0.020869914,0.02025159,0.0
2025-06-29 20:00:00,solar.bun_library#realenergyintotheload#kwh,BUNDOORA,0.0,-0.32208508,0.020869914,0.02025159,0.0
2025-06-29 21:00:00,solar.bun_library#realenergyintotheload#kwh,BUNDOORA,0.0,-0.4108711,0.013116319,0.012727715,0.0
2025-06-29 22:00:00,solar.bun_library#realenergyintotheload#kwh,BUNDOORA,0.0,-0.38990873,0.005372308,0.00521314,0.0
2025-06-29 23:00:00,solar.bun_library#realenergyintotheload#kwh,BUNDOORA,0.0,-0.32550645,0.005372308,0.00521314,0.0
2025-06-30 00:00:00,solar.bun_library#realenergyintotheload#kwh,BUNDOORA,0.0,-0.37245187,0.005372308,0.00521314,0.0
2025-06-30 01:00:00,solar.bun_library#realenergyintotheload#kwh,BUNDOORA,0.0,-0.3330706,0.005372308,0.00521314,0.0
2025-06-30 02:00:00,solar.bun_library#realenergyintotheload#kwh,BUNDOORA,0.0,-0.37245187,0.005372308,0.00521314,0.0
2025-06-30 03:00:00,solar.bun_library#realenergyintotheload#kwh,BUNDOORA,0.0,-0.35837638,0.013116319,0.012727715,0.0
2025-06-30 04:00:00,solar.bun_library#realenergyintotheload#kwh,BUNDOORA,0.0,-0.39742386,0.013116319,0.012727715,0.0
2025-06-30 05:00:00,solar.bun_library#realenergyintotheload#kwh,BUNDOORA,0.0,-0.34256482,0.013116319,0.012727715,0.0
2025-06-30 06:00:00,solar.bun_library#realenergyintotheload#kwh,BUNDOORA,0.0,-0.07008173,0.013116319,0.012727715,0.0
2025-06-30 07:00:00,solar.bun_library#realenergyintotheload#kwh,BUNDOORA,0.0,0.1448383,0.013116319,0.012727715,0.0
2025-06-30 08:00:00,solar.bun_library#realenergyintotheload#kwh,BUNDOORA,0.0,0.50549495,1.9987345,1.939517,9.0
2025-06-30 09:00:00,solar.bun_library#realenergyintotheload#kwh,BUNDOORA,0.0,-0.64080834,49.82873,48.352432,137.0
2025-06-30 10:00:00,solar.bun_library#realenergyintotheload#kwh,BUNDOORA,0.0,6.392716,111.006676,107.71783,278.0
2025-06-30 11:00:00,solar.bun_library#realenergyintotheload#kwh,BUNDOORA,0.0,6.8817177,108.96933,105.74084,277.0
2025-06-30 12:00:00,solar.bun_library#realenergyintotheload#kwh,BUNDOORA,0.0,46.548973,150.56506,146.1042,379.0
2025-06-30 13:00:00,solar.bun_library#realenergyintotheload#kwh,BUNDOORA,0.0,148.9736,142.01706,137.80945,378.0
2025-06-30 14:00:00,solar.bun_library#realenergyintotheload#kwh,BUNDOORA,0.0,146.62036,137.40971,133.33861,367.0
2025-06-30 15:00:00,solar.bun_library#realenergyintotheload#kwh,BUNDOORA,0.0,146.67159,121.82821,118.21874,313.0
2025-06-30 16:00:00,solar.bun_library#realenergyintotheload#kwh,BUNDOORA,0.0,141.04413,65.04159,63.114567,178.0
2025-06-30 17:00:00,solar.bun_library#realenergyintotheload#kwh,BUNDOORA,0.0,72.6215,10.488152,10.177414,35.0
2025-06-30 18:00:00,solar.bun_library#realenergyintotheload#kwh,BUNDOORA,0.0,6.961531,0.016448434,0.015961109,0.0
2025-06-30 19:00:00,solar.bun_library#realenergyintotheload#kwh,BUNDOORA,0.0,-0.082087725,0.013116319,0.012727715,0.0
2025-06-30 20:00:00,solar.bun_library#realenergyintotheload#kwh,BUNDOORA,0.0,-0.29492956,-0.010666817,0.0,0.0
2025-06-30 21:00:00,solar.bun_library#realenergyintotheload#kwh,BUNDOORA,0.0,-0.29492956,-0.010666817,0.0,0.0
2025-06-30 22:00:00,solar.bun_library#realenergyintotheload#kwh,BUNDOORA,0.0,-0.29492956,-0.010666817,0.0,0.0
2025-06-30 23:00:00,solar.bun_library#realenergyintotheload#kwh,BUNDOORA,0.0,-0.2722119,-0.010666817,0.0,0.0
2025-07-01 00:00:00,solar.bun_library#realenergyintotheload#kwh,BUNDOORA,0.0,-0.72382736,-0.010666817,0.0,0.0
2025-07-01 01:00:00,solar.bun_library#realenergyintotheload#kwh,BUNDOORA,0.0,-0.5806319,0.013116319,0.012727715,0.0
2025-07-01 02:00:00,solar.bun_library#realenergyintotheload#kwh,BUNDOORA,0.0,-0.605766,0.005372308,0.00521314,0.0
2025-07-01 03:00:00,solar.bun_library#realenergyintotheload#kwh,BUNDOORA,0.0,-0.36689988,0.005372308,0.00521314,0.0
2025-07-01 04:00:00,solar.bun_library#realenergyintotheload#kwh,BUNDOORA,0.0,-1.0037063,0.005372308,0.00521314,0.0
2025-07-01 05:00:00,solar.bun_library#realenergyintotheload#kwh,BUNDOORA,0.0,-1.0117661,0.005372308,0.00521314,0.0
2025-07-01 06:00:00,solar.bun_library#realenergyintotheload#kwh,BUNDOORA,0.0,-0.398013,0.013116319,0.012727715,0.0
2025-07-01 07:00:00,solar.bun_library#realenergyintotheload#kwh,BUNDOORA,0.0,1.817877,0.013085023,0.012697346,0.0
2025-07-01 08:00:00,solar.bun_library#realenergyintotheload#kwh,BUNDOORA,0.0,2.4798832,1.1244893,1.0911735,6.0
2025-07-01 09:00:00,solar.bun_library#realenergyintotheload#kwh,BUNDOORA,0.0,14.425883,17.814825,17.287016,56.0
2025-07-01 10:00:00,solar.bun_library#realenergyintotheload#kwh,BUNDOORA,0.0,-1.1702204,54.738186,53.11643,153.0
2025-07-01 11:00:00,solar.bun_library#realenergyintotheload#kwh,BUNDOORA,0.0,4.99496,77.99642,75.685585,212.0
2025-07-01 12:00:00,solar.bun_library#realenergyintotheload#kwh,BUNDOORA,0.0,1.2079034,61.827187,59.995403,179.0
2025-07-01 13:00:00,solar.bun_library#realenergyintotheload#kwh,BUNDOORA,0.0,0.83087367,72.83943,70.68138,205.0
2025-07-01 14:00:00,solar.bun_library#realenergyintotheload#kwh,BUNDOORA,0.0,-0.81350493,62.38248,60.534245,173.0
2025-07-01 15:00:00,solar.bun_library#realenergyintotheload#kwh,BUNDOORA,0.0,6.3729906,52.809135,51.244534,148.0
2025-07-01 16:00:00,solar.bun_library#realenergyintotheload#kwh,BUNDOORA,0.0,17.279184,22.549564,21.881477,74.0
2025-07-01 17:00:00,solar.bun_library#realenergyintotheload#kwh,BUNDOORA,0.0,27.069143,3.9052677,3.7895644,16.0
2025-07-01 18:00:00,solar.bun_library#realenergyintotheload#kwh,BUNDOORA,0.0,15.097678,-0.001161912,0.0,0.0
2025-07-01 19:00:00,solar.bun_library#realenergyintotheload#kwh,BUNDOORA,0.0,2.000637,-0.03095781,0.0,0.0
2025-07-01 20:00:00,solar.bun_library#realenergyintotheload#kwh,BUNDOORA,0.0,-0.8449582,0.006083061,0.005902835,0.0
2025-07-01 21:00:00,solar.bun_library#realenergyintotheload#kwh,BUNDOORA,0.0,-0.6287261,0.006083061,0.005902835,0.0
2025-07-01 22:00:00,solar.bun_library#realenergyintotheload#kwh,BUNDOORA,0.0,-0.26247284,0.0065820985,0.0063870875,0.0
2025-07-01 23:00:00,solar.bun_library#realenergyintotheload#kwh,BUNDOORA,0.0,-0.5487955,0.0065820985,0.0063870875,0.0
2025-07-02 00:00:00,solar.bun_library#realenergyintotheload#kwh,BUNDOORA,0.0,0.37548232,-0.0074369097,0.0,0.0
2025-07-02 01:00:00,solar.bun_library#realenergyintotheload#kwh,BUNDOORA,0.0,-0.9601691,-0.0074369097,0.0,0.0
2025-07-02 02:00:00,solar.bun_library#realenergyintotheload#kwh,BUNDOORA,0.0,-1.1582649,0.006083061,0.005902835,0.0
2025-07-02 03:00:00,solar.bun_library#realenergyintotheload#kwh,BUNDOORA,0.0,-1.1455005,0.006083061,0.005902835,0.0
2025-07-02 04:00:00,solar.bun_library#realenergyintotheload#kwh,BUNDOORA,0.0,-0.7531688,-0.001161912,0.0,0.0
2025-07-02 05:00:00,solar.bun_library#realenergyintotheload#kwh,BUNDOORA,0.0,-1.1924852,0.006083061,0.005902835,0.0
2025-07-02 06:00:00,solar.bun_library#realenergyintotheload#kwh,BUNDOORA,0.0,-0.48037708,0.006083061,0.005902835,0.0
2025-07-02 07:00:00,solar.bun_library#realenergyintotheload#kwh,BUNDOORA,0.0,0.28346267,0.006083061,0.005902835,0.0
2025-07-02 08:00:00,solar.bun_library#realenergyintotheload#kwh,BUNDOORA,0.0,1.5292475,0.837486,0.8126734,5.0
2025-07-02 09:00:00,solar.bun_library#realenergyintotheload#kwh,BUNDOORA,0.0,9.795564,15.908044,15.4367285,54.0
2025-07-02 10:00:00,solar.bun_library#realenergyintotheload#kwh,BUNDOORA,0.0,-1.3953137,42.940212,41.668,124.0
2025-07-02 11:00:00,solar.bun_library#realenergyintotheload#kwh,BUNDOORA,0.0,19.769672,25.582983,24.825024,82.0
2025-07-02 12:00:00,solar.bun_library#realenergyintotheload#kwh,BUNDOORA,0.0,21.065453,31.13333,30.210926,91.0
2025-07-02 13:00:00,solar.bun_library#realenergyintotheload#kwh,BUNDOORA,0.0,21.668917,31.740044,30.799665,92.0
2025-07-02 14:00:00,solar.bun_library#realenergyintotheload#kwh,BUNDOORA,0.0,47.025852,13.834177,13.424305,44.0
2025-07-02 15:00:00,solar.bun_library#realenergyintotheload#kwh,BUNDOORA,0.0,25.78765,25.510267,24.754461,79.0
2025-07-02 16:00:00,solar.bun_library#realenergyintotheload#kwh,BUNDOORA,0.0,24.633411,14.422045,13.994756,48.0
2025-07-02 17:00:00,solar.bun_library#realenergyintotheload#kwh,BUNDOORA,0.0,16.480371,2.5348263,2.4597256,10.0
2025-07-02 18:00:00,solar.bun_library#realenergyintotheload#kwh,BUNDOORA,0.0,5.78947,0.00031668367,0.00030730112,0.0
2025-07-02 19:00:00,solar.bun_library#realenergyintotheload#kwh,BUNDOORA,0.0,1.1046703,0.00031668367,0.00030730112,0.0
2025-07-02 20:00:00,solar.bun_library#realenergyintotheload#kwh,BUNDOORA,0.0,-0.1386308,0.011928211,0.011574808,0.0
2025-07-02 21:00:00,solar.bun_library#realenergyintotheload#kwh,BUNDOORA,0.0,-0.07791691,0.011928211,0.011574808,0.0
2025-07-02 22:00:00,solar.bun_library#realenergyintotheload#kwh,BUNDOORA,0.0,-0.18740961,0.013125903,0.012737015,0.0
2025-07-02 23:00:00,solar.bun_library#realenergyintotheload#kwh,BUNDOORA,0.0,-0.21904477,-0.00015105726,0.0,0.0
2025-07-03 00:00:00,solar.bun_library#realenergyintotheload#kwh,BUNDOORA,0.0,-0.1448242,0.013125903,0.012737015,0.0
2025-07-03 01:00:00,solar.bun_library#realenergyintotheload#kwh,BUNDOORA,0.0,-0.15143397,0.021337654,0.020705473,0.0
2025-07-03 02:00:00,solar.bun_library#realenergyintotheload#kwh,BUNDOORA,0.0,-0.20063356,0.013593643,0.013190897,0.0
2025-07-03 03:00:00,solar.bun_library#realenergyintotheload#kwh,BUNDOORA,0.0,-0.15143397,0.020869914,0.02025159,0.0
2025-07-03 04:00:00,solar.bun_library#realenergyintotheload#kwh,BUNDOORA,0.0,-0.16597423,0.020869914,0.02025159,0.0
2025-07-03 05:00:00,solar.bun_library#realenergyintotheload#kwh,BUNDOORA,0.0,-0.21904477,0.011460471,0.011120926,0.0
2025-07-03 06:00:00,solar.bun_library#realenergyintotheload#kwh,BUNDOORA,0.0,-0.07633329,0.013125903,0.012737015,0.0
2025-07-03 07:00:00,solar.bun_library#realenergyintotheload#kwh,BUNDOORA,0.0,3.7527165,0.013125903,0.012737015,0.0
2025-07-03 08:00:00,solar.bun_library#realenergyintotheload#kwh,BUNDOORA,0.0,0.72579074,1.1371135,1.1034236,6.0
2025-07-03 09:00:00,solar.bun_library#realenergyintotheload#kwh,BUNDOORA,0.0,0.32420984,41.89972,40.658337,115.0
2025-07-03 10:00:00,solar.bun_library#realenergyintotheload#kwh,BUNDOORA,0.0,-1.6239505,82.76035,80.30837,212.0
2025-07-03 11:00:00,solar.bun_library#realenergyintotheload#kwh,BUNDOORA,0.0,1.4593338,105.7866,102.652405,273.0
2025-07-03 12:00:00,solar.bun_library#realenergyintotheload#kwh,BUNDOORA,0.0,5.818919,152.93619,148.40508,394.0
2025-07-03 13:00:00,solar.bun_library#realenergyintotheload#kwh,BUNDOORA,0.0,39.54964,128.6449,124.83347,340.0
2025-07-03 14:00:00,solar.bun_library#realenergyintotheload#kwh,BUNDOORA,0.0,42.38168,128.28017,124.479546,334.0
2025-07-03 15:00:00,solar.bun_library#realenergyintotheload#kwh,BUNDOORA,0.0,66.392365,82.477264,80.03367,231.0
2025-07-03 16:00:00,solar.bun_library#realenergyintotheload#kwh,BUNDOORA,0.0,79.86956,55.39068,53.74959,155.0
2025-07-03 17:00:00,solar.bun_library#realenergyintotheload#kwh,BUNDOORA,0.0,11.00777,10.461432,10.151486,35.0
2025-07-03 18:00:00,solar.bun_library#realenergyintotheload#kwh,BUNDOORA,0.0,0.51324683,-0.001923515,0.0,0.0
2025-07-03 19:00:00,solar.bun_library#realenergyintotheload#kwh,BUNDOORA,0.0,0.13724107,0.013116319,0.012727715,0.0
2025-07-03 20:00:00,solar.bun_library#realenergyintotheload#kwh,BUNDOORA,0.0,-0.22019298,0.013116319,0.012727715,0.0
2025-07-03 21:00:00,solar.bun_library#realenergyintotheload#kwh,BUNDOORA,0.0,-0.55033654,-0.010666817,0.0,0.0
2025-07-03 22:00:00,solar.bun_library#realenergyintotheload#kwh,BUNDOORA,0.0,-0.5730542,-0.010666817,0.0,0.0
2025-07-03 23:00:00,solar.bun_library#realenergyintotheload#kwh,BUNDOORA,0.0,-1.2368937,-0.006624983,0.0,0.0
2025-07-04 00:00:00,solar.bun_library#realenergyintotheload#kwh,BUNDOORA,0.0,-0.6962943,-0.010666817,0.0,0.0
2025-07-04 01:00:00,solar.bun_library#realenergyintotheload#kwh,BUNDOORA,0.0,-0.72382736,-0.010666817,0.0,0.0
2025-07-04 02:00:00,solar.bun_library#realenergyintotheload#kwh,BUNDOORA,0.0,-0.7332496,-0.010666817,0.0,0.0
2025-07-04 03:00:00,solar.bun_library#realenergyintotheload#kwh,BUNDOORA,0.0,-0.7332496,-0.010666817,0.0,0.0
2025-07-04 04:00:00,solar.bun_library#realenergyintotheload#kwh,BUNDOORA,0.0,-0.3043518,-0.010666817,0.0,0.0
2025-07-04 05:00:00,solar.bun_library#realenergyintotheload#kwh,BUNDOORA,0.0,-0.3377286,-0.010666817,0.0,0.0
2025-07-04 06:00:00,solar.bun_library#realenergyintotheload#kwh,BUNDOORA,0.0,-0.32371607,-0.010666817,0.0,0.0
2025-07-04 07:00:00,solar.bun_library#realenergyintotheload#kwh,BUNDOORA,0.0,3.7201078,0.013116319,0.012727715,0.0
2025-07-04 08:00:00,solar.bun_library#realenergyintotheload#kwh,BUNDOORA,0.0,-0.9874439,1.9996908,1.940445,9.0
2025-07-04 09:00:00,solar.bun_library#realenergyintotheload#kwh,BUNDOORA,0.0,-0.085159056,49.47291,48.007153,137.0
2025-07-04 10:00:00,solar.bun_library#realenergyintotheload#kwh,BUNDOORA,0.0,-3.7954443,109.05182,105.820885,282.0
2025-07-04 11:00:00,solar.bun_library#realenergyintotheload#kwh,BUNDOORA,0.0,89.25644,155.49927,150.89221,394.0
2025-07-04 12:00:00,solar.bun_library#realenergyintotheload#kwh,BUNDOORA,0.0,152.78795,173.25499,168.12187,456.0
2025-07-04 13:00:00,solar.bun_library#realenergyintotheload#kwh,BUNDOORA,0.0,157.37898,173.29219,168.15797,464.0
2025-07-04 14:00:00,solar.bun_library#realenergyintotheload#kwh,BUNDOORA,0.0,140.98817,158.97127,154.26135,416.0
2025-07-04 15:00:00,solar.bun_library#realenergyintotheload#kwh,BUNDOORA,0.0,141.57768,65.99059,64.03545,193.0
2025-07-04 16:00:00,solar.bun_library#realenergyintotheload#kwh,BUNDOORA,0.0,133.07407,25.451525,24.69746,75.0
2025-07-04 17:00:00,solar.bun_library#realenergyintotheload#kwh,BUNDOORA,0.0,31.078955,7.72076,7.492013,27.0
2025-07-04 18:00:00,solar.bun_library#realenergyintotheload#kwh,BUNDOORA,0.0,17.732817,0.0015011067,0.0014566326,0.0
2025-07-04 19:00:00,solar.bun_library#realenergyintotheload#kwh,BUNDOORA,0.0,4.186992,0.0015011067,0.0014566326,0.0
2025-07-04 20:00:00,solar.bun_library#realenergyintotheload#kwh,BUNDOORA,0.0,-0.58144766,-0.0016561437,0.0,0.0
2025-07-04 21:00:00,solar.bun_library#realenergyintotheload#kwh,BUNDOORA,0.0,0.82390445,-0.0031084602,0.0,0.0
2025-07-04 22:00:00,solar.bun_library#realenergyintotheload#kwh,BUNDOORA,0.0,0.5351723,-0.0031084602,0.0,0.0
2025-07-04 23:00:00,solar.bun_library#realenergyintotheload#kwh,BUNDOORA,0.0,5.4974375,-0.030818973,0.0,0.0
2025-07-05 00:00:00,solar.bun_library#realenergyintotheload#kwh,BUNDOORA,0.0,1.9263232,-0.0012520398,0.0,0.0
2025-07-05 01:00:00,solar.bun_library#realenergyintotheload#kwh,BUNDOORA,0.0,-0.39089924,0.00092806015,0.0009005641,0.0
2025-07-05 02:00:00,solar.bun_library#realenergyintotheload#kwh,BUNDOORA,0.0,-2.5572925,0.0047617154,0.0046206377,0.0
2025-07-05 03:00:00,solar.bun_library#realenergyintotheload#kwh,BUNDOORA,0.0,-1.6766965,0.0064271456,0.0062367255,0.0
2025-07-05 04:00:00,solar.bun_library#realenergyintotheload#kwh,BUNDOORA,0.0,-0.91939867,0.022301752,0.021641007,0.0
2025-07-05 05:00:00,solar.bun_library#realenergyintotheload#kwh,BUNDOORA,0.0,-3.4362898,0.010172036,0.009870663,0.0
2025-07-05 06:00:00,solar.bun_library#realenergyintotheload#kwh,BUNDOORA,0.0,-4.4657784,0.010947947,0.010623587,0.0
2025-07-05 07:00:00,solar.bun_library#realenergyintotheload#kwh,BUNDOORA,0.0,13.221617,-0.024131201,0.0,0.0
2025-07-05 08:00:00,solar.bun_library#realenergyintotheload#kwh,BUNDOORA,0.0,14.870397,2.012981,1.9533414,9.0
2025-07-05 09:00:00,solar.bun_library#realenergyintotheload#kwh,BUNDOORA,0.0,12.072495,51.37091,49.84892,140.0
2025-07-05 10:00:00,solar.bun_library#realenergyintotheload#kwh,BUNDOORA,0.0,11.933745,111.154,107.86079,285.0
2025-07-05 11:00:00,solar.bun_library#realenergyintotheload#kwh,BUNDOORA,0.0,90.78548,150.4272,145.97041,396.0
2025-07-05 12:00:00,solar.bun_library#realenergyintotheload#kwh,BUNDOORA,0.0,206.9489,174.752,169.57454,458.0
2025-07-05 13:00:00,solar.bun_library#realenergyintotheload#kwh,BUNDOORA,0.0,164.57956,168.22314,163.23912,466.0
2025-07-05 14:00:00,solar.bun_library#realenergyintotheload#kwh,BUNDOORA,0.0,147.41339,156.91864,152.26953,420.0
2025-07-05 15:00:00,solar.bun_library#realenergyintotheload#kwh,BUNDOORA,0.0,132.58147,115.63213,112.206245,323.0
2025-07-05 16:00:00,solar.bun_library#realenergyintotheload#kwh,BUNDOORA,0.0,147.68343,56.44577,54.773422,159.0
2025-07-05 17:00:00,solar.bun_library#realenergyintotheload#kwh,BUNDOORA,0.0,88.946175,6.247952,6.062841,24.0
2025-07-05 18:00:00,solar.bun_library#realenergyintotheload#kwh,BUNDOORA,0.0,30.167501,-0.032405645,0.0,0.0
2025-07-05 19:00:00,solar.bun_library#realenergyintotheload#kwh,BUNDOORA,0.0,5.5976744,0.08584697,0.08330353,0.0
2025-07-05 20:00:00,solar.bun_library#realenergyintotheload#kwh,BUNDOORA,0.0,-1.1252643,0.04082222,0.03961276,0.0
2025-07-05 21:00:00,solar.bun_library#realenergyintotheload#kwh,BUNDOORA,0.0,-2.9517374,-0.009929962,0.0,0.0
2025-07-05 22:00:00,solar.bun_library#realenergyintotheload#kwh,BUNDOORA,0.0,0.46527997,0.009415175,0.009136227,0.0
2025-07-05 23:00:00,solar.bun_library#realenergyintotheload#kwh,BUNDOORA,0.0,-0.07883975,0.009246905,0.008972943,0.0
2025-07-06 00:00:00,solar.bun_library#realenergyintotheload#kwh,BUNDOORA,0.0,0.067789406,0.009415175,0.009136227,0.0
2025-07-06 01:00:00,solar.bun_library#realenergyintotheload#kwh,BUNDOORA,0.0,-0.26406068,0.007095906,0.006885672,0.0
2025-07-06 02:00:00,solar.bun_library#realenergyintotheload#kwh,BUNDOORA,0.0,-1.0104092,0.00082090776,0.00079658633,0.0
2025-07-06 03:00:00,solar.bun_library#realenergyintotheload#kwh,BUNDOORA,0.0,-2.255789,-0.013425468,0.0,0.0
2025-07-06 04:00:00,solar.bun_library#realenergyintotheload#kwh,BUNDOORA,0.0,1.100023,0.01791251,0.017381808,0.0
2025-07-06 05:00:00,solar.bun_library#realenergyintotheload#kwh,BUNDOORA,0.0,-0.17872718,0.007038992,0.006830444,0.0
2025-07-06 06:00:00,solar.bun_library#realenergyintotheload#kwh,BUNDOORA,0.0,-0.17136094,0.008704423,0.008446532,0.0
2025-07-06 07:00:00,solar.bun_library#realenergyintotheload#kwh,BUNDOORA,0.0,12.621603,0.003706878,0.0035970525,0.0
2025-07-06 08:00:00,solar.bun_library#realenergyintotheload#kwh,BUNDOORA,0.0,10.66398,1.1281016,1.0946788,6.0
2025-07-06 09:00:00,solar.bun_library#realenergyintotheload#kwh,BUNDOORA,0.0,-0.9746017,49.404827,47.941086,130.0
2025-07-06 10:00:00,solar.bun_library#realenergyintotheload#kwh,BUNDOORA,0.0,119.27338,101.10311,98.10768,257.0
2025-07-06 11:00:00,solar.bun_library#realenergyintotheload#kwh,BUNDOORA,0.0,111.99294,137.04797,132.98758,369.0
2025-07-06 12:00:00,solar.bun_library#realenergyintotheload#kwh,BUNDOORA,0.0,179.81917,121.039795,117.45369,319.0
2025-07-06 13:00:00,solar.bun_library#realenergyintotheload#kwh,BUNDOORA,0.0,159.57388,45.785778,44.42926,132.0
2025-07-06 14:00:00,solar.bun_library#realenergyintotheload#kwh,BUNDOORA,0.0,146.25525,75.60299,73.36306,228.0
2025-07-06 15:00:00,solar.bun_library#realenergyintotheload#kwh,BUNDOORA,0.0,121.52105,60.089603,58.3093,176.0
2025-07-06 16:00:00,solar.bun_library#realenergyintotheload#kwh,BUNDOORA,0.0,129.00462,47.358326,45.955215,133.0
2025-07-06 17:00:00,solar.bun_library#realenergyintotheload#kwh,BUNDOORA,0.0,5.1524234,6.9620733,6.7558045,26.0
2025-07-06 18:00:00,solar.bun_library#realenergyintotheload#kwh,BUNDOORA,0.0,1.8740929,0.020869914,0.02025159,0.0
2025-07-06 19:00:00,solar.bun_library#realenergyintotheload#kwh,BUNDOORA,0.0,0.12036432,0.005372308,0.00521314,0.0
2025-07-06 20:00:00,solar.bun_library#realenergyintotheload#kwh,BUNDOORA,0.0,-0.22539318,0.013116319,0.012727715,0.0
2025-07-06 21:00:00,solar.bun_library#realenergyintotheload#kwh,BUNDOORA,0.0,-0.34921253,0.013116319,0.012727715,0.0
2025-07-06 22:00:00,solar.bun_library#realenergyintotheload#kwh,BUNDOORA,0.0,-0.36587992,0.013116319,0.012727715,0.0
2025-07-06 23:00:00,solar.bun_library#realenergyintotheload#kwh,BUNDOORA,0.0,-1.2368937,-0.010666817,0.0,0.0
2025-07-07 00:00:00,solar.bun_library#realenergyintotheload#kwh,BUNDOORA,0.0,-0.6962943,-0.010666817,0.0,0.0
2025-07-07 01:00:00,solar.bun_library#realenergyintotheload#kwh,BUNDOORA,0.0,-0.6962943,-0.010666817,0.0,0.0
2025-07-07 02:00:00,solar.bun_library#realenergyintotheload#kwh,BUNDOORA,0.0,-0.70306194,-0.010666817,0.0,0.0
2025-07-07 03:00:00,solar.bun_library#realenergyintotheload#kwh,BUNDOORA,0.0,-0.72382736,-0.010666817,0.0,0.0
2025-07-07 04:00:00,solar.bun_library#realenergyintotheload#kwh,BUNDOORA,0.0,-0.7332496,-0.010666817,0.0,0.0
2025-07-07 05:00:00,solar.bun_library#realenergyintotheload#kwh,BUNDOORA,0.0,-0.48401725,-0.010666817,0.0,0.0
2025-07-07 06:00:00,solar.bun_library#realenergyintotheload#kwh,BUNDOORA,0.0,-0.2922756,-0.010666817,0.0,0.0
2025-07-07 07:00:00,solar.bun_library#realenergyintotheload#kwh,BUNDOORA,0.0,-0.11671891,-0.010666817,0.0,0.0
2025-07-07 08:00:00,solar.bun_library#realenergyintotheload#kwh,BUNDOORA,0.0,0.46279073,2.0081854,1.9486879,9.0
2025-07-07 09:00:00,solar.bun_library#realenergyintotheload#kwh,BUNDOORA,0.0,0.49925596,50.493942,48.997932,135.0
2025-07-07 10:00:00,solar.bun_library#realenergyintotheload#kwh,BUNDOORA,0.0,-4.7776384,111.91535,108.59958,284.0
2025-07-07 11:00:00,solar.bun_library#realenergyintotheload#kwh,BUNDOORA,0.0,111.74904,147.3153,142.95073,376.0
2025-07-07 12:00:00,solar.bun_library#realenergyintotheload#kwh,BUNDOORA,0.0,147.14894,173.41592,168.27805,436.0
2025-07-07 13:00:00,solar.bun_library#realenergyintotheload#kwh,BUNDOORA,0.0,163.07532,166.5197,161.58614,429.0
2025-07-07 14:00:00,solar.bun_library#realenergyintotheload#kwh,BUNDOORA,0.0,135.88942,134.9543,130.95595,363.0
2025-07-07 15:00:00,solar.bun_library#realenergyintotheload#kwh,BUNDOORA,0.0,136.1374,96.572914,93.7117,262.0
2025-07-07 16:00:00,solar.bun_library#realenergyintotheload#kwh,BUNDOORA,0.0,137.15384,46.986465,45.594376,139.0
2025-07-07 17:00:00,solar.bun_library#realenergyintotheload#kwh,BUNDOORA,0.0,46.310345,6.956183,6.7500887,26.0
2025-07-07 18:00:00,solar.bun_library#realenergyintotheload#kwh,BUNDOORA,0.0,13.570356,0.01791251,0.017381808,0.0
2025-07-07 19:00:00,solar.bun_library#realenergyintotheload#kwh,BUNDOORA,0.0,7.135388,0.010168499,0.009867232,0.0
2025-07-07 20:00:00,solar.bun_library#realenergyintotheload#kwh,BUNDOORA,0.0,-0.12667145,0.0031665377,0.0030727212,0.0
2025-07-07 21:00:00,solar.bun_library#realenergyintotheload#kwh,BUNDOORA,0.0,0.019455109,-0.001161912,0.0,0.0
2025-07-07 22:00:00,solar.bun_library#realenergyintotheload#kwh,BUNDOORA,0.0,1.4591078,-0.001161912,0.0,0.0
2025-07-07 23:00:00,solar.bun_library#realenergyintotheload#kwh,BUNDOORA,0.0,1.0438024,-0.025769275,0.0,0.0
2025-07-08 00:00:00,solar.bun_library#realenergyintotheload#kwh,BUNDOORA,0.0,-0.49955794,0.0012515644,0.0012144836,0.0
2025-07-08 01:00:00,solar.bun_library#realenergyintotheload#kwh,BUNDOORA,0.0,-0.06177556,0.017464362,0.016946936,0.0
2025-07-08 02:00:00,solar.bun_library#realenergyintotheload#kwh,BUNDOORA,0.0,-0.9458686,0.018240273,0.01769986,0.0
2025-07-08 03:00:00,solar.bun_library#realenergyintotheload#kwh,BUNDOORA,0.0,-3.2298176,-0.09207514,0.0,0.0
2025-07-08 04:00:00,solar.bun_library#realenergyintotheload#kwh,BUNDOORA,0.0,-4.662442,-0.08151496,0.0,0.0
2025-07-08 05:00:00,solar.bun_library#realenergyintotheload#kwh,BUNDOORA,0.0,4.873181,-0.08151496,0.0,0.0
2025-07-08 06:00:00,solar.bun_library#realenergyintotheload#kwh,BUNDOORA,0.0,8.337639,-0.080518626,0.0,0.0
2025-07-08 07:00:00,solar.bun_library#realenergyintotheload#kwh,BUNDOORA,0.0,35.264606,-0.0819283,0.0,0.0
2025-07-08 08:00:00,solar.bun_library#realenergyintotheload#kwh,BUNDOORA,0.0,54.209087,0.029179387,0.028314874,1.0
2025-07-08 09:00:00,solar.bun_library#realenergyintotheload#kwh,BUNDOORA,0.0,38.687202,8.488011,8.236533,28.0
2025-07-08 10:00:00,solar.bun_library#realenergyintotheload#kwh,BUNDOORA,0.0,106.410645,26.168669,25.393356,81.0
2025-07-08 11:00:00,solar.bun_library#realenergyintotheload#kwh,BUNDOORA,0.0,148.0065,73.353714,71.18043,200.0
2025-07-08 12:00:00,solar.bun_library#realenergyintotheload#kwh,BUNDOORA,0.0,115.8822,163.25111,158.4144,409.0
2025-07-08 13:00:00,solar.bun_library#realenergyintotheload#kwh,BUNDOORA,0.0,132.09123,89.372765,86.72488,248.0
2025-07-08 14:00:00,solar.bun_library#realenergyintotheload#kwh,BUNDOORA,0.0,33.05592,20.702963,20.089586,64.0
2025-07-08 15:00:00,solar.bun_library#realenergyintotheload#kwh,BUNDOORA,0.0,16.936775,47.47574,46.069153,137.0
2025-07-08 16:00:00,solar.bun_library#realenergyintotheload#kwh,BUNDOORA,0.0,36.831898,18.243328,17.702824,57.0
2025-07-08 17:00:00,solar.bun_library#realenergyintotheload#kwh,BUNDOORA,0.0,9.578986,3.3311422,3.2324488,14.0
2025-07-08 18:00:00,solar.bun_library#realenergyintotheload#kwh,BUNDOORA,0.0,21.215284,0.0075367726,0.007313477,0.0
2025-07-08 19:00:00,solar.bun_library#realenergyintotheload#kwh,BUNDOORA,0.0,4.71475,-0.024543978,0.0,0.0
2025-07-08 20:00:00,solar.bun_library#realenergyintotheload#kwh,BUNDOORA,0.0,-1.11919,0.009415175,0.009136227,0.0
2025-07-08 21:00:00,solar.bun_library#realenergyintotheload#kwh,BUNDOORA,0.0,-0.622133,0.009415175,0.009136227,0.0
2025-07-08 22:00:00,solar.bun_library#realenergyintotheload#kwh,BUNDOORA,0.0,1.52477,0.009246905,0.008972943,0.0
2025-07-08 23:00:00,solar.bun_library#realenergyintotheload#kwh,BUNDOORA,0.0,-0.004881352,0.006911428,0.0067066597,0.0
2025-07-09 00:00:00,solar.bun_library#realenergyintotheload#kwh,BUNDOORA,0.0,-1.080819,0.006911428,0.0067066597,0.0
2025-07-09 01:00:00,solar.bun_library#realenergyintotheload#kwh,BUNDOORA,0.0,-1.0781393,0.0035793143,0.0034732681,0.0
2025-07-09 02:00:00,solar.bun_library#realenergyintotheload#kwh,BUNDOORA,0.0,-1.1573858,0.0035793143,0.0034732681,0.0
2025-07-09 03:00:00,solar.bun_library#realenergyintotheload#kwh,BUNDOORA,0.0,-1.3051156,0.0035793143,0.0034732681,0.0
2025-07-09 04:00:00,solar.bun_library#realenergyintotheload#kwh,BUNDOORA,0.0,-3.5422618,0.0035793143,0.0034732681,0.0
2025-07-09 05:00:00,solar.bun_library#realenergyintotheload#kwh,BUNDOORA,0.0,-3.2664526,0.0035793143,0.0034732681,0.0
2025-07-09 06:00:00,solar.bun_library#realenergyintotheload#kwh,BUNDOORA,0.0,-0.94144356,0.0035793143,0.0034732681,0.0
2025-07-09 07:00:00,solar.bun_library#realenergyintotheload#kwh,BUNDOORA,0.0,9.203571,0.0035793143,0.0034732681,0.0
2025-07-09 08:00:00,solar.bun_library#realenergyintotheload#kwh,BUNDOORA,0.0,-2.1715517,2.4852207,2.4115899,11.0
2025-07-09 09:00:00,solar.bun_library#realenergyintotheload#kwh,BUNDOORA,0.0,6.49314,52.6435,51.083805,146.0
2025-07-09 10:00:00,solar.bun_library#realenergyintotheload#kwh,BUNDOORA,0.0,2.9095533,111.315346,108.01735,289.0
2025-07-09 11:00:00,solar.bun_library#realenergyintotheload#kwh,BUNDOORA,0.0,12.506662,163.43611,158.5939,400.0
2025-07-09 12:00:00,solar.bun_library#realenergyintotheload#kwh,BUNDOORA,0.0,30.800884,183.54561,178.1076,463.0
2025-07-09 13:00:00,solar.bun_library#realenergyintotheload#kwh,BUNDOORA,0.0,59.08577,178.51276,173.22386,435.0
2025-07-09 14:00:00,solar.bun_library#realenergyintotheload#kwh,BUNDOORA,0.0,85.700386,55.55769,53.911655,159.0
2025-07-09 15:00:00,solar.bun_library#realenergyintotheload#kwh,BUNDOORA,0.0,102.30008,78.36889,76.04701,215.0
2025-07-09 16:00:00,solar.bun_library#realenergyintotheload#kwh,BUNDOORA,0.0,112.6952,46.436092,45.060307,127.0
2025-07-09 17:00:00,solar.bun_library#realenergyintotheload#kwh,BUNDOORA,0.0,90.42656,3.8873086,3.7721374,16.0
2025-07-09 18:00:00,solar.bun_library#realenergyintotheload#kwh,BUNDOORA,0.0,32.63368,-0.075095065,0.0,0.0
2025-07-09 19:00:00,solar.bun_library#realenergyintotheload#kwh,BUNDOORA,0.0,6.480367,-0.012397595,0.0,0.0
2025-07-09 20:00:00,solar.bun_library#realenergyintotheload#kwh,BUNDOORA,0.0,-2.4276948,-0.08785271,0.0,0.0
2025-07-09 21:00:00,solar.bun_library#realenergyintotheload#kwh,BUNDOORA,0.0,-2.0793452,-0.09087926,0.0,0.0
2025-07-09 22:00:00,solar.bun_library#realenergyintotheload#kwh,BUNDOORA,0.0,-2.609806,-0.012397595,0.0,0.0
2025-07-09 23:00:00,solar.bun_library#realenergyintotheload#kwh,BUNDOORA,0.0,-2.1038013,0.0008727787,0.0008469205,0.0
2025-07-10 00:00:00,solar.bun_library#realenergyintotheload#kwh,BUNDOORA,0.0,-0.688085,-0.00060658157,0.0,0.0
2025-07-10 01:00:00,solar.bun_library#realenergyintotheload#kwh,BUNDOORA,0.0,2.2901225,-0.0015857548,0.0,0.0
2025-07-10 02:00:00,solar.bun_library#realenergyintotheload#kwh,BUNDOORA,0.0,2.3118947,-0.035147425,0.0,0.0
2025-07-10 03:00:00,solar.bun_library#realenergyintotheload#kwh,BUNDOORA,0.0,-0.37994838,-0.0074369097,0.0,0.0
2025-07-10 04:00:00,solar.bun_library#realenergyintotheload#kwh,BUNDOORA,0.0,-0.18988131,-0.0074369097,0.0,0.0
2025-07-10 05:00:00,solar.bun_library#realenergyintotheload#kwh,BUNDOORA,0.0,-1.0752878,-0.0074369097,0.0,0.0
2025-07-10 06:00:00,solar.bun_library#realenergyintotheload#kwh,BUNDOORA,0.0,0.027686805,-0.0074369097,0.0,0.0
2025-07-10 07:00:00,solar.bun_library#realenergyintotheload#kwh,BUNDOORA,0.0,0.45011014,-0.0074369097,0.0,0.0
2025-07-10 08:00:00,solar.bun_library#realenergyintotheload#kwh,BUNDOORA,0.0,0.68233645,0.5456068,0.52944183,4.0
2025-07-10 09:00:00,solar.bun_library#realenergyintotheload#kwh,BUNDOORA,0.0,22.85083,8.906476,8.642599,29.0
2025-07-10 10:00:00,solar.bun_library#realenergyintotheload#kwh,BUNDOORA,0.0,-5.614925,78.914246,76.57621,206.0
2025-07-10 11:00:00,solar.bun_library#realenergyintotheload#kwh,BUNDOORA,0.0,-5.549432,74.69554,72.4825,210.0
2025-07-10 12:00:00,solar.bun_library#realenergyintotheload#kwh,BUNDOORA,0.0,16.06675,128.73373,124.91968,337.0
2025-07-10 13:00:00,solar.bun_library#realenergyintotheload#kwh,BUNDOORA,0.0,22.367178,110.76942,107.487595,295.0
2025-07-10 14:00:00,solar.bun_library#realenergyintotheload#kwh,BUNDOORA,0.0,27.006758,105.4908,102.36537,279.0
2025-07-10 15:00:00,solar.bun_library#realenergyintotheload#kwh,BUNDOORA,0.0,13.77511,57.7493,56.03833,160.0
2025-07-10 16:00:00,solar.bun_library#realenergyintotheload#kwh,BUNDOORA,0.0,13.62906,50.45818,48.96323,136.0
2025-07-10 17:00:00,solar.bun_library#realenergyintotheload#kwh,BUNDOORA,0.0,46.77867,6.9380403,6.7324834,25.0
2025-07-10 18:00:00,solar.bun_library#realenergyintotheload#kwh,BUNDOORA,0.0,13.464094,0.009415175,0.009136227,0.0
2025-07-10 19:00:00,solar.bun_library#realenergyintotheload#kwh,BUNDOORA,0.0,9.080777,0.0015011067,0.0014566326,0.0
2025-07-10 20:00:00,solar.bun_library#realenergyintotheload#kwh,BUNDOORA,0.0,-0.42887843,0.0015011067,0.0014566326,0.0
2025-07-10 21:00:00,solar.bun_library#realenergyintotheload#kwh,BUNDOORA,0.0,-0.11257945,0.016417138,0.01593074,0.0
2025-07-10 22:00:00,solar.bun_library#realenergyintotheload#kwh,BUNDOORA,0.0,0.7277758,0.0020137047,0.0019540437,0.0
2025-07-10 23:00:00,solar.bun_library#realenergyintotheload#kwh,BUNDOORA,0.0,-0.16266595,-0.0028273428,0.0,0.0
2025-07-11 00:00:00,solar.bun_library#realenergyintotheload#kwh,BUNDOORA,0.0,0.3500237,-0.0028273428,0.0,0.0
2025-07-11 01:00:00,solar.bun_library#realenergyintotheload#kwh,BUNDOORA,0.0,0.36748442,-0.001161912,0.0,0.0
2025-07-11 02:00:00,solar.bun_library#realenergyintotheload#kwh,BUNDOORA,0.0,5.1190653,-0.021627456,0.0,0.0
2025-07-11 03:00:00,solar.bun_library#realenergyintotheload#kwh,BUNDOORA,0.0,0.84968007,0.006083061,0.005902835,0.0
2025-07-11 04:00:00,solar.bun_library#realenergyintotheload#kwh,BUNDOORA,0.0,-1.5276065,0.0035793143,0.0034732681,0.0
2025-07-11 05:00:00,solar.bun_library#realenergyintotheload#kwh,BUNDOORA,0.0,-0.4426968,0.0065820985,0.0063870875,0.0
2025-07-11 06:00:00,solar.bun_library#realenergyintotheload#kwh,BUNDOORA,0.0,-0.2323439,-0.001161912,0.0,0.0
2025-07-11 07:00:00,solar.bun_library#realenergyintotheload#kwh,BUNDOORA,0.0,2.3287005,0.006083061,0.005902835,0.0
2025-07-11 08:00:00,solar.bun_library#realenergyintotheload#kwh,BUNDOORA,0.0,2.6795511,1.3712773,1.3306499,7.0
2025-07-11 09:00:00,solar.bun_library#realenergyintotheload#kwh,BUNDOORA,0.0,8.529564,49.116665,47.66146,135.0
2025-07-11 10:00:00,solar.bun_library#realenergyintotheload#kwh,BUNDOORA,0.0,10.569669,62.656136,60.79979,177.0
2025-07-11 11:00:00,solar.bun_library#realenergyintotheload#kwh,BUNDOORA,0.0,24.646456,141.19669,137.01338,354.0
2025-07-11 12:00:00,solar.bun_library#realenergyintotheload#kwh,BUNDOORA,0.0,82.44472,50.701126,49.19898,156.0
2025-07-11 13:00:00,solar.bun_library#realenergyintotheload#kwh,BUNDOORA,0.0,89.09287,57.511974,55.808037,169.0
2025-07-11 14:00:00,solar.bun_library#realenergyintotheload#kwh,BUNDOORA,0.0,65.062965,73.67937,71.49643,210.0
2025-07-11 15:00:00,solar.bun_library#realenergyintotheload#kwh,BUNDOORA,0.0,28.346125,55.594723,53.94759,159.0
2025-07-11 16:00:00,solar.bun_library#realenergyintotheload#kwh,BUNDOORA,0.0,21.42904,33.20332,32.21959,96.0
2025-07-11 17:00:00,solar.bun_library#realenergyintotheload#kwh,BUNDOORA,0.0,24.035076,6.2803407,6.0942698,24.0
2025-07-11 18:00:00,solar.bun_library#realenergyintotheload#kwh,BUNDOORA,0.0,10.251241,0.020838618,0.020221222,0.0
2025-07-11 19:00:00,solar.bun_library#realenergyintotheload#kwh,BUNDOORA,0.0,0.99606407,0.020869914,0.02025159,0.0
2025-07-11 20:00:00,solar.bun_library#realenergyintotheload#kwh,BUNDOORA,0.0,-0.11454418,0.020869914,0.02025159,0.0
2025-07-11 21:00:00,solar.bun_library#realenergyintotheload#kwh,BUNDOORA,0.0,-0.15768187,0.020869914,0.02025159,0.0
2025-07-11 22:00:00,solar.bun_library#realenergyintotheload#kwh,BUNDOORA,0.0,-0.13019332,-0.010666817,0.0,0.0
2025-07-11 23:00:00,solar.bun_library#realenergyintotheload#kwh,BUNDOORA,0.0,-0.83418685,-0.0097107645,0.0,0.0
2025-07-12 00:00:00,solar.bun_library#realenergyintotheload#kwh,BUNDOORA,0.0,-0.83418685,-0.0097107645,0.0,0.0
2025-07-12 01:00:00,solar.bun_library#realenergyintotheload#kwh,BUNDOORA,0.0,-0.24969436,-0.010666817,0.0,0.0
2025-07-12 02:00:00,solar.bun_library#realenergyintotheload#kwh,BUNDOORA,0.0,-0.24969436,-0.010666817,0.0,0.0
2025-07-12 03:00:00,solar.bun_library#realenergyintotheload#kwh,BUNDOORA,0.0,-0.32112062,-0.009679468,0.0,0.0
2025-07-12 04:00:00,solar.bun_library#realenergyintotheload#kwh,BUNDOORA,0.0,-0.38983375,0.013116319,0.012727715,0.0
2025-07-12 05:00:00,solar.bun_library#realenergyintotheload#kwh,BUNDOORA,0.0,-0.34002584,0.013116319,0.012727715,0.0
2025-07-12 06:00:00,solar.bun_library#realenergyintotheload#kwh,BUNDOORA,0.0,-0.10439091,-0.0047182967,0.0,0.0
2025-07-12 07:00:00,solar.bun_library#realenergyintotheload#kwh,BUNDOORA,0.0,-0.20469612,0.013116319,0.012727715,0.0
2025-07-12 08:00:00,solar.bun_library#realenergyintotheload#kwh,BUNDOORA,0.0,0.3486007,1.3778116,1.3369905,7.0
2025-07-12 09:00:00,solar.bun_library#realenergyintotheload#kwh,BUNDOORA,0.0,-1.62603,29.850285,28.965895,83.0
2025-07-12 10:00:00,solar.bun_library#realenergyintotheload#kwh,BUNDOORA,0.0,-9.052452,70.38515,68.29981,190.0
2025-07-12 11:00:00,solar.bun_library#realenergyintotheload#kwh,BUNDOORA,0.0,10.695012,156.21211,151.58394,390.0
2025-07-12 12:00:00,solar.bun_library#realenergyintotheload#kwh,BUNDOORA,0.0,35.068256,150.78595,146.31854,386.0
2025-07-12 13:00:00,solar.bun_library#realenergyintotheload#kwh,BUNDOORA,0.0,173.9839,159.29808,154.57848,405.0
2025-07-12 14:00:00,solar.bun_library#realenergyintotheload#kwh,BUNDOORA,0.0,136.45161,102.8894,99.84104,277.0
2025-07-12 15:00:00,solar.bun_library#realenergyintotheload#kwh,BUNDOORA,0.0,143.27524,78.98797,76.64775,225.0
2025-07-12 16:00:00,solar.bun_library#realenergyintotheload#kwh,BUNDOORA,0.0,111.63274,20.61092,20.000269,64.0
2025-07-12 17:00:00,solar.bun_library#realenergyintotheload#kwh,BUNDOORA,0.0,56.82226,4.8366694,4.693371,20.0
2025-07-12 18:00:00,solar.bun_library#realenergyintotheload#kwh,BUNDOORA,0.0,32.695133,0.025666103,0.02490568,0.0
2025-07-12 19:00:00,solar.bun_library#realenergyintotheload#kwh,BUNDOORA,0.0,9.142876,0.017922092,0.017391106,0.0
2025-07-12 20:00:00,solar.bun_library#realenergyintotheload#kwh,BUNDOORA,0.0,1.3970294,0.014335692,0.013910961,0.0
2025-07-12 21:00:00,solar.bun_library#realenergyintotheload#kwh,BUNDOORA,0.0,-0.24536954,0.013836655,0.013426709,0.0
2025-07-12 22:00:00,solar.bun_library#realenergyintotheload#kwh,BUNDOORA,0.0,-0.21885908,0.011332908,0.010997142,0.0
2025-07-12 23:00:00,solar.bun_library#realenergyintotheload#kwh,BUNDOORA,0.0,-0.7148652,0.013836655,0.013426709,0.0
2025-07-13 00:00:00,solar.bun_library#realenergyintotheload#kwh,BUNDOORA,0.0,2.188832,0.0049262512,0.0047802986,0.0
2025-07-13 01:00:00,solar.bun_library#realenergyintotheload#kwh,BUNDOORA,0.0,5.9920793,-0.027393833,0.0,0.0
2025-07-13 02:00:00,solar.bun_library#realenergyintotheload#kwh,BUNDOORA,0.0,-0.09525426,-0.0268789,0.0,0.0
2025-07-13 03:00:00,solar.bun_library#realenergyintotheload#kwh,BUNDOORA,0.0,-0.07424793,0.019129794,0.018563027,0.0
2025-07-13 04:00:00,solar.bun_library#realenergyintotheload#kwh,BUNDOORA,0.0,-0.84595245,0.02012613,0.019529844,0.0
2025-07-13 05:00:00,solar.bun_library#realenergyintotheload#kwh,BUNDOORA,0.0,-0.6168684,-0.00060658157,0.0,0.0
2025-07-13 06:00:00,solar.bun_library#realenergyintotheload#kwh,BUNDOORA,0.0,-2.0070715,-0.075095065,0.0,0.0
2025-07-13 07:00:00,solar.bun_library#realenergyintotheload#kwh,BUNDOORA,0.0,13.68977,0.007958323,0.0077225375,0.0
2025-07-13 08:00:00,solar.bun_library#realenergyintotheload#kwh,BUNDOORA,0.0,21.546604,0.84554565,0.82049423,5.0
2025-07-13 09:00:00,solar.bun_library#realenergyintotheload#kwh,BUNDOORA,0.0,16.00993,50.60312,49.103874,130.0
2025-07-13 10:00:00,solar.bun_library#realenergyintotheload#kwh,BUNDOORA,0.0,72.127,78.96339,76.6239,222.0
2025-07-13 11:00:00,solar.bun_library#realenergyintotheload#kwh,BUNDOORA,0.0,132.35347,91.092766,88.39391,243.0
2025-07-13 12:00:00,solar.bun_library#realenergyintotheload#kwh,BUNDOORA,0.0,121.57895,61.078114,59.26852,177.0
2025-07-13 13:00:00,solar.bun_library#realenergyintotheload#kwh,BUNDOORA,0.0,169.27298,91.22224,88.51955,242.0
2025-07-13 14:00:00,solar.bun_library#realenergyintotheload#kwh,BUNDOORA,0.0,144.7948,134.34453,130.36424,356.0
2025-07-13 15:00:00,solar.bun_library#realenergyintotheload#kwh,BUNDOORA,0.0,138.23917,39.58619,38.41335,122.0
2025-07-13 16:00:00,solar.bun_library#realenergyintotheload#kwh,BUNDOORA,0.0,93.24567,22.869577,22.192009,72.0
2025-07-13 17:00:00,solar.bun_library#realenergyintotheload#kwh,BUNDOORA,0.0,64.2347,2.6896534,2.6099658,13.0
2025-07-13 18:00:00,solar.bun_library#realenergyintotheload#kwh,BUNDOORA,0.0,21.39036,0.016591854,0.01610028,0.0
2025-07-13 19:00:00,solar.bun_library#realenergyintotheload#kwh,BUNDOORA,0.0,6.2663307,0.02012613,0.019529844,0.0
2025-07-13 20:00:00,solar.bun_library#realenergyintotheload#kwh,BUNDOORA,0.0,0.42673695,-0.010666105,0.0,0.0
2025-07-13 21:00:00,solar.bun_library#realenergyintotheload#kwh,BUNDOORA,0.0,-1.2408441,0.0061817626,0.0059986124,0.0
2025-07-13 22:00:00,solar.bun_library#realenergyintotheload#kwh,BUNDOORA,0.0,-6.915267,0.010172036,0.009870663,0.0
2025-07-13 23:00:00,solar.bun_library#realenergyintotheload#kwh,BUNDOORA,0.0,4.8149414,-0.020799085,0.0,0.0
2025-07-14 00:00:00,solar.bun_library#realenergyintotheload#kwh,BUNDOORA,0.0,-1.2585965,0.006911428,0.0067066597,0.0
2025-07-14 01:00:00,solar.bun_library#realenergyintotheload#kwh,BUNDOORA,0.0,-0.85794365,0.006911428,0.0067066597,0.0
2025-07-14 02:00:00,solar.bun_library#realenergyintotheload#kwh,BUNDOORA,0.0,-0.41803074,0.0035793143,0.0034732681,0.0
2025-07-14 03:00:00,solar.bun_library#realenergyintotheload#kwh,BUNDOORA,0.0,0.7853812,0.0035793143,0.0034732681,0.0
2025-07-14 04:00:00,solar.bun_library#realenergyintotheload#kwh,BUNDOORA,0.0,0.48771113,-0.0044585583,0.0,0.0
2025-07-14 05:00:00,solar.bun_library#realenergyintotheload#kwh,BUNDOORA,0.0,-0.018333836,-0.0044585583,0.0,0.0
2025-07-14 06:00:00,solar.bun_library#realenergyintotheload#kwh,BUNDOORA,0.0,-0.5085895,-0.0097107645,0.0,0.0
2025-07-14 07:00:00,solar.bun_library#realenergyintotheload#kwh,BUNDOORA,0.0,-1.0900586,-0.0097107645,0.0,0.0
2025-07-14 08:00:00,solar.bun_library#realenergyintotheload#kwh,BUNDOORA,0.0,-2.2743993,2.6171248,2.5395858,13.0
2025-07-14 09:00:00,solar.bun_library#realenergyintotheload#kwh,BUNDOORA,0.0,-0.5735379,52.824383,51.259327,151.0
2025-07-14 10:00:00,solar.bun_library#realenergyintotheload#kwh,BUNDOORA,0.0,1.8038757,120.40911,116.84169,299.0
2025-07-14 11:00:00,solar.bun_library#realenergyintotheload#kwh,BUNDOORA,0.0,34.229782,163.6624,158.81349,406.0
2025-07-14 12:00:00,solar.bun_library#realenergyintotheload#kwh,BUNDOORA,0.0,28.647638,180.45265,175.1063,459.0
2025-07-14 13:00:00,solar.bun_library#realenergyintotheload#kwh,BUNDOORA,0.0,179.00931,166.37572,161.44643,428.0
2025-07-14 14:00:00,solar.bun_library#realenergyintotheload#kwh,BUNDOORA,0.0,140.71008,65.98854,64.03346,187.0
2025-07-14 15:00:00,solar.bun_library#realenergyintotheload#kwh,BUNDOORA,0.0,130.1329,66.894714,64.91279,184.0
2025-07-14 16:00:00,solar.bun_library#realenergyintotheload#kwh,BUNDOORA,0.0,125.49625,42.75913,41.492283,123.0
2025-07-14 17:00:00,solar.bun_library#realenergyintotheload#kwh,BUNDOORA,0.0,42.42466,4.8845487,4.739832,20.0
2025-07-14 18:00:00,solar.bun_library#realenergyintotheload#kwh,BUNDOORA,0.0,40.534184,0.028321598,0.0274825,0.0
2025-07-14 19:00:00,solar.bun_library#realenergyintotheload#kwh,BUNDOORA,0.0,13.088389,0.039602924,0.038429588,0.0
2025-07-14 20:00:00,solar.bun_library#realenergyintotheload#kwh,BUNDOORA,0.0,0.9882096,-0.011149256,0.0,0.0
2025-07-14 21:00:00,solar.bun_library#realenergyintotheload#kwh,BUNDOORA,0.0,0.8778135,0.021706961,0.021063838,0.0
2025-07-14 22:00:00,solar.bun_library#realenergyintotheload#kwh,BUNDOORA,0.0,-0.21893457,-0.0031084602,0.0,0.0
2025-07-14 23:00:00,solar.bun_library#realenergyintotheload#kwh,BUNDOORA,0.0,0.841489,-0.0031084602,0.0,0.0
2025-07-15 00:00:00,solar.bun_library#realenergyintotheload#kwh,BUNDOORA,0.0,0.38186932,-0.0031084602,0.0,0.0
2025-07-15 01:00:00,solar.bun_library#realenergyintotheload#kwh,BUNDOORA,0.0,0.016236987,-0.0031084602,0.0,0.0
2025-07-15 02:00:00,solar.bun_library#realenergyintotheload#kwh,BUNDOORA,0.0,-0.023363043,-0.0031084602,0.0,0.0
2025-07-15 03:00:00,solar.bun_library#realenergyintotheload#kwh,BUNDOORA,0.0,0.73713565,-0.0031084602,0.0,0.0
2025-07-15 04:00:00,solar.bun_library#realenergyintotheload#kwh,BUNDOORA,90.1480263157282,0.8964387,-0.0074369097,0.0,0.0
2025-07-15 05:00:00,solar.bun_library#realenergyintotheload#kwh,BUNDOORA,120.19736842112616,-0.31461316,0.005840049,0.005667023,0.0
2025-07-15 06:00:00,solar.bun_library#realenergyintotheload#kwh,BUNDOORA,120.19736842112616,-0.4751699,0.005840049,0.005667023,0.0
2025-07-15 07:00:00,solar.bun_library#realenergyintotheload#kwh,BUNDOORA,120.19736842089333,0.77046573,0.013085023,0.012697346,0.0
2025-07-15 08:00:00,solar.bun_library#realenergyintotheload#kwh,BUNDOORA,120.19736842112616,-1.2807056,2.4852757,2.4116433,10.0
2025-07-15 09:00:00,solar.bun_library#realenergyintotheload#kwh,BUNDOORA,120.19736842112616,-2.7572086,44.525665,43.206482,115.0
2025-07-15 10:00:00,solar.bun_library#realenergyintotheload#kwh,BUNDOORA,120.19736842089333,-1.799763,60.85369,59.050747,170.0
2025-07-15 11:00:00,solar.bun_library#realenergyintotheload#kwh,BUNDOORA,120.19736842112616,16.202654,102.64618,99.60503,267.0
2025-07-15 12:00:00,solar.bun_library#realenergyintotheload#kwh,BUNDOORA,120.19736842112616,35.97196,78.88208,76.545,221.0
2025-07-15 13:00:00,solar.bun_library#realenergyintotheload#kwh,BUNDOORA,120.19736842089333,71.75231,83.06887,80.60775,237.0
2025-07-15 14:00:00,solar.bun_library#realenergyintotheload#kwh,BUNDOORA,120.19736842112616,72.377365,49.12432,47.66889,146.0
2025-07-15 15:00:00,solar.bun_library#realenergyintotheload#kwh,BUNDOORA,120.19736842112616,42.63619,63.550842,61.667988,182.0
2025-07-15 16:00:00,solar.bun_library#realenergyintotheload#kwh,BUNDOORA,120.19736842089333,76.1991,35.54983,34.49658,102.0
2025-07-15 17:00:00,solar.bun_library#realenergyintotheload#kwh,BUNDOORA,120.19736842112616,11.1637745,13.911472,13.4993105,44.0
2025-07-15 18:00:00,solar.bun_library#realenergyintotheload#kwh,BUNDOORA,120.19736842112616,14.755591,0.03578354,0.034723364,0.0
2025-07-15 19:00:00,solar.bun_library#realenergyintotheload#kwh,BUNDOORA,120.19736842112616,10.955577,0.016448434,0.015961109,0.0
2025-07-15 20:00:00,solar.bun_library#realenergyintotheload#kwh,BUNDOORA,120.19736842089333,-0.17969891,-0.0097107645,0.0,0.0
2025-07-15 21:00:00,solar.bun_library#realenergyintotheload#kwh,BUNDOORA,120.19736842112616,-0.38470683,-0.0044585583,0.0,0.0
2025-07-15 22:00:00,solar.bun_library#realenergyintotheload#kwh,BUNDOORA,120.19736842112616,0.9282847,0.006083061,0.005902835,0.0
2025-07-15 23:00:00,solar.bun_library#realenergyintotheload#kwh,BUNDOORA,0.0,-0.5257498,0.006083061,0.005902835,0.0
2025-07-16 00:00:00,solar.bun_library#realenergyintotheload#kwh,BUNDOORA,0.0,-0.06052862,0.006083061,0.005902835,0.0
2025-07-16 01:00:00,solar.bun_library#realenergyintotheload#kwh,BUNDOORA,0.0,-0.18055885,0.006083061,0.005902835,0.0
2025-07-16 02:00:00,solar.bun_library#realenergyintotheload#kwh,BUNDOORA,0.0,-0.25095797,0.0065820985,0.0063870875,0.0
2025-07-16 03:00:00,solar.bun_library#realenergyintotheload#kwh,BUNDOORA,0.0,-0.55508643,0.0059147915,0.005739551,0.0
2025-07-16 04:00:00,solar.bun_library#realenergyintotheload#kwh,BUNDOORA,0.0,-0.6316513,0.006083061,0.005902835,0.0
2025-07-16 05:00:00,solar.bun_library#realenergyintotheload#kwh,BUNDOORA,0.0,-3.1187232,0.0035793143,0.0034732681,0.0
2025-07-16 06:00:00,solar.bun_library#realenergyintotheload#kwh,BUNDOORA,0.0,-0.040567726,0.006083061,0.005902835,0.0
2025-07-16 07:00:00,solar.bun_library#realenergyintotheload#kwh,BUNDOORA,0.0,6.416632,0.006083061,0.005902835,0.0
2025-07-16 08:00:00,solar.bun_library#realenergyintotheload#kwh,BUNDOORA,0.0,15.284105,2.0203238,1.9604666,9.0
2025-07-16 09:00:00,solar.bun_library#realenergyintotheload#kwh,BUNDOORA,0.0,2.0141668,32.45453,31.492983,90.0
2025-07-16 10:00:00,solar.bun_library#realenergyintotheload#kwh,BUNDOORA,0.0,-1.9568884,91.78932,89.06983,236.0
2025-07-16 11:00:00,solar.bun_library#realenergyintotheload#kwh,BUNDOORA,0.0,29.049322,161.4819,156.6976,391.0
2025-07-16 12:00:00,solar.bun_library#realenergyintotheload#kwh,BUNDOORA,0.0,2.5154374,125.14444,121.43672,318.0
2025-07-16 13:00:00,solar.bun_library#realenergyintotheload#kwh,BUNDOORA,0.0,15.310166,67.22632,65.23457,191.0
2025-07-16 14:00:00,solar.bun_library#realenergyintotheload#kwh,BUNDOORA,0.0,40.855686,49.595196,48.125813,142.0
2025-07-16 15:00:00,solar.bun_library#realenergyintotheload#kwh,BUNDOORA,0.0,12.681274,69.12531,67.0773,195.0
2025-07-16 16:00:00,solar.bun_library#realenergyintotheload#kwh,BUNDOORA,0.0,16.68341,19.722,19.137686,61.0
2025-07-16 17:00:00,solar.bun_library#realenergyintotheload#kwh,BUNDOORA,0.0,16.399311,7.7804403,7.5499253,28.0
2025-07-16 18:00:00,solar.bun_library#realenergyintotheload#kwh,BUNDOORA,0.0,21.87697,0.014335692,0.013910961,0.0
2025-07-16 19:00:00,solar.bun_library#realenergyintotheload#kwh,BUNDOORA,0.0,0.86947787,0.014335692,0.013910961,0.0
2025-07-16 20:00:00,solar.bun_library#realenergyintotheload#kwh,BUNDOORA,0.0,0.07541615,0.0049262512,0.0047802986,0.0
2025-07-16 21:00:00,solar.bun_library#realenergyintotheload#kwh,BUNDOORA,0.0,-0.41064066,0.0049262512,0.0047802986,0.0
2025-07-16 22:00:00,solar.bun_library#realenergyintotheload#kwh,BUNDOORA,0.0,0.82887816,0.00031668367,0.00030730112,0.0
2025-07-16 23:00:00,solar.bun_library#realenergyintotheload#kwh,BUNDOORA,0.0,1.0129211,-0.0028273428,0.0,0.0
2025-07-17 00:00:00,solar.bun_library#realenergyintotheload#kwh,BUNDOORA,0.0,1.1393126,-0.0022483764,0.0,0.0
2025-07-17 01:00:00,solar.bun_library#realenergyintotheload#kwh,BUNDOORA,0.0,0.624543,0.0029169945,0.0028305713,0.0
2025-07-17 02:00:00,solar.bun_library#realenergyintotheload#kwh,BUNDOORA,0.0,-1.4029751,0.03029384,0.02939631,0.0
2025-07-17 03:00:00,solar.bun_library#realenergyintotheload#kwh,BUNDOORA,0.0,-1.7546645,0.043039404,0.041764256,0.0
2025-07-17 04:00:00,solar.bun_library#realenergyintotheload#kwh,BUNDOORA,0.0,-0.40239924,0.042791337,0.041523535,0.0
2025-07-17 05:00:00,solar.bun_library#realenergyintotheload#kwh,BUNDOORA,0.0,-0.6202374,0.025063649,0.024321076,0.0
2025-07-17 06:00:00,solar.bun_library#realenergyintotheload#kwh,BUNDOORA,0.0,-0.91423607,-0.024365086,0.0,0.0
2025-07-17 07:00:00,solar.bun_library#realenergyintotheload#kwh,BUNDOORA,0.0,10.731102,0.0134516945,0.013053155,0.0
2025-07-17 08:00:00,solar.bun_library#realenergyintotheload#kwh,BUNDOORA,0.0,16.58388,2.4904814,2.4166946,10.0
2025-07-17 09:00:00,solar.bun_library#realenergyintotheload#kwh,BUNDOORA,0.0,26.315609,32.863274,31.889616,93.0
2025-07-17 10:00:00,solar.bun_library#realenergyintotheload#kwh,BUNDOORA,0.0,2.7381878,48.366142,46.933174,140.0
2025-07-17 11:00:00,solar.bun_library#realenergyintotheload#kwh,BUNDOORA,0.0,16.222641,32.224773,31.270035,97.0
2025-07-17 12:00:00,solar.bun_library#realenergyintotheload#kwh,BUNDOORA,0.0,9.895267,73.438866,71.263054,207.0
2025-07-17 13:00:00,solar.bun_library#realenergyintotheload#kwh,BUNDOORA,0.0,47.797634,184.60602,179.1366,489.0
2025-07-17 14:00:00,solar.bun_library#realenergyintotheload#kwh,BUNDOORA,0.0,21.778297,167.7507,162.78067,420.0
2025-07-17 15:00:00,solar.bun_library#realenergyintotheload#kwh,BUNDOORA,0.0,24.133444,35.649555,34.59335,109.0
2025-07-17 16:00:00,solar.bun_library#realenergyintotheload#kwh,BUNDOORA,0.0,9.9029255,35.956547,34.891243,105.0
2025-07-17 17:00:00,solar.bun_library#realenergyintotheload#kwh,BUNDOORA,0.0,7.6988006,18.6791,18.125685,57.0
2025-07-17 18:00:00,solar.bun_library#realenergyintotheload#kwh,BUNDOORA,0.0,7.870153,0.005372308,0.00521314,0.0
2025-07-17 19:00:00,solar.bun_library#realenergyintotheload#kwh,BUNDOORA,0.0,-0.43838623,0.013116319,0.012727715,0.0
2025-07-17 20:00:00,solar.bun_library#realenergyintotheload#kwh,BUNDOORA,0.0,-1.2368937,-0.010666817,0.0,0.0
2025-07-17 21:00:00,solar.bun_library#realenergyintotheload#kwh,BUNDOORA,0.0,-1.2141759,-0.010666817,0.0,0.0
2025-07-17 22:00:00,solar.bun_library#realenergyintotheload#kwh,BUNDOORA,0.0,-0.72382736,-0.010666817,0.0,0.0
2025-07-17 23:00:00,solar.bun_library#realenergyintotheload#kwh,BUNDOORA,0.0,-0.7332496,-0.010666817,0.0,0.0
2025-07-18 00:00:00,solar.bun_library#realenergyintotheload#kwh,BUNDOORA,0.0,-0.055119492,-0.010666817,0.0,0.0
2025-07-18 01:00:00,solar.bun_library#realenergyintotheload#kwh,BUNDOORA,0.0,-0.3280696,-0.010666817,0.0,0.0
2025-07-18 02:00:00,solar.bun_library#realenergyintotheload#kwh,BUNDOORA,0.0,-0.37583795,-0.010666817,0.0,0.0
2025-07-18 03:00:00,solar.bun_library#realenergyintotheload#kwh,BUNDOORA,0.0,-0.37583795,-0.010666817,0.0,0.0
2025-07-18 04:00:00,solar.bun_library#realenergyintotheload#kwh,BUNDOORA,0.0,-0.29162437,-0.010666817,0.0,0.0
2025-07-18 05:00:00,solar.bun_library#realenergyintotheload#kwh,BUNDOORA,0.0,0.011162424,-0.010666817,0.0,0.0
2025-07-18 06:00:00,solar.bun_library#realenergyintotheload#kwh,BUNDOORA,0.0,0.20290405,-0.010666817,0.0,0.0
2025-07-18 07:00:00,solar.bun_library#realenergyintotheload#kwh,BUNDOORA,0.0,4.172204,0.013116319,0.012727715,0.0
2025-07-18 08:00:00,solar.bun_library#realenergyintotheload#kwh,BUNDOORA,0.0,0.62056553,4.418022,4.287127,15.0
2025-07-18 09:00:00,solar.bun_library#realenergyintotheload#kwh,BUNDOORA,0.0,-1.9993436,45.95583,44.594273,113.0
2025-07-18 10:00:00,solar.bun_library#realenergyintotheload#kwh,BUNDOORA,0.0,-2.2223299,101.01352,98.020744,249.0
2025-07-18 11:00:00,solar.bun_library#realenergyintotheload#kwh,BUNDOORA,0.0,4.3835278,170.44795,165.39801,422.0
2025-07-18 12:00:00,solar.bun_library#realenergyintotheload#kwh,BUNDOORA,0.0,89.36298,188.11325,182.53993,484.0
2025-07-18 13:00:00,solar.bun_library#realenergyintotheload#kwh,BUNDOORA,0.0,180.03745,194.07646,188.32646,498.0
2025-07-18 14:00:00,solar.bun_library#realenergyintotheload#kwh,BUNDOORA,0.0,131.63571,163.88284,159.0274,419.0
2025-07-18 15:00:00,solar.bun_library#realenergyintotheload#kwh,BUNDOORA,0.0,113.98785,133.50368,129.5483,354.0
2025-07-18 16:00:00,solar.bun_library#realenergyintotheload#kwh,BUNDOORA,0.0,124.07144,80.14674,77.772194,215.0
2025-07-18 17:00:00,solar.bun_library#realenergyintotheload#kwh,BUNDOORA,0.0,60.19874,19.18144,18.613142,60.0
2025-07-18 18:00:00,solar.bun_library#realenergyintotheload#kwh,BUNDOORA,0.0,25.92798,0.016448434,0.015961109,0.0
2025-07-18 19:00:00,solar.bun_library#realenergyintotheload#kwh,BUNDOORA,0.0,9.897371,0.013085023,0.012697346,0.0
2025-07-18 20:00:00,solar.bun_library#realenergyintotheload#kwh,BUNDOORA,0.0,-0.06128183,0.013085023,0.012697346,0.0
2025-07-18 21:00:00,solar.bun_library#realenergyintotheload#kwh,BUNDOORA,0.0,0.94670564,0.006083061,0.005902835,0.0
2025-07-18 22:00:00,solar.bun_library#realenergyintotheload#kwh,BUNDOORA,0.0,-0.15865509,0.006083061,0.005902835,0.0
2025-07-18 23:00:00,solar.bun_library#realenergyintotheload#kwh,BUNDOORA,0.0,0.15240325,-0.001161912,0.0,0.0
2025-07-19 00:00:00,solar.bun_library#realenergyintotheload#kwh,BUNDOORA,0.0,-0.22660471,-0.001161912,0.0,0.0
2025-07-19 01:00:00,solar.bun_library#realenergyintotheload#kwh,BUNDOORA,0.0,-3.378663,0.0035793143,0.0034732681,0.0
2025-07-19 02:00:00,solar.bun_library#realenergyintotheload#kwh,BUNDOORA,0.0,-0.87007785,-0.024131201,0.0,0.0
2025-07-19 03:00:00,solar.bun_library#realenergyintotheload#kwh,BUNDOORA,0.0,-1.7336116,0.010172036,0.009870663,0.0
2025-07-19 04:00:00,solar.bun_library#realenergyintotheload#kwh,BUNDOORA,0.0,-2.4415827,0.03289624,0.031921607,0.0
2025-07-19 05:00:00,solar.bun_library#realenergyintotheload#kwh,BUNDOORA,0.0,-5.0553412,0.0070088925,0.0068012364,0.0
2025-07-19 06:00:00,solar.bun_library#realenergyintotheload#kwh,BUNDOORA,0.0,2.0699477,0.0084882565,0.0082367705,0.0
2025-07-19 07:00:00,solar.bun_library#realenergyintotheload#kwh,BUNDOORA,0.0,9.231847,-0.0047921888,0.0,0.0
2025-07-19 08:00:00,solar.bun_library#realenergyintotheload#kwh,BUNDOORA,0.0,15.556565,2.535906,2.4607735,12.0
2025-07-19 09:00:00,solar.bun_library#realenergyintotheload#kwh,BUNDOORA,0.0,26.9684,56.55845,54.882763,144.0
2025-07-19 10:00:00,solar.bun_library#realenergyintotheload#kwh,BUNDOORA,0.0,131.69897,104.98755,101.87703,259.0
2025-07-19 11:00:00,solar.bun_library#realenergyintotheload#kwh,BUNDOORA,0.0,135.81544,124.60188,120.91024,319.0
2025-07-19 12:00:00,solar.bun_library#realenergyintotheload#kwh,BUNDOORA,0.0,89.922844,191.49532,185.8218,501.0
2025-07-19 13:00:00,solar.bun_library#realenergyintotheload#kwh,BUNDOORA,0.0,138.0583,194.7195,188.95044,504.0
2025-07-19 14:00:00,solar.bun_library#realenergyintotheload#kwh,BUNDOORA,0.0,186.90039,169.92656,164.89206,450.0
2025-07-19 15:00:00,solar.bun_library#realenergyintotheload#kwh,BUNDOORA,0.0,164.62589,45.69892,44.344975,135.0
2025-07-19 16:00:00,solar.bun_library#realenergyintotheload#kwh,BUNDOORA,0.0,142.19954,36.49042,35.4093,104.0
2025-07-19 17:00:00,solar.bun_library#realenergyintotheload#kwh,BUNDOORA,0.0,86.96002,4.7247076,4.5847263,18.0
2025-07-19 18:00:00,solar.bun_library#realenergyintotheload#kwh,BUNDOORA,0.0,43.629112,0.035738856,0.03468,0.0
2025-07-19 19:00:00,solar.bun_library#realenergyintotheload#kwh,BUNDOORA,0.0,17.330267,0.045851562,0.044493094,0.0
2025-07-19 20:00:00,solar.bun_library#realenergyintotheload#kwh,BUNDOORA,0.0,0.41581687,0.010168499,0.009867232,0.0
2025-07-19 21:00:00,solar.bun_library#realenergyintotheload#kwh,BUNDOORA,0.0,0.3285032,0.016417138,0.01593074,0.0
2025-07-19 22:00:00,solar.bun_library#realenergyintotheload#kwh,BUNDOORA,0.0,0.022036733,-0.0097107645,0.0,0.0
2025-07-19 23:00:00,solar.bun_library#realenergyintotheload#kwh,BUNDOORA,0.0,-0.017777903,-0.0097107645,0.0,0.0
2025-07-20 00:00:00,solar.bun_library#realenergyintotheload#kwh,BUNDOORA,0.0,-0.27722734,-0.010666817,0.0,0.0
2025-07-20 01:00:00,solar.bun_library#realenergyintotheload#kwh,BUNDOORA,30.049342105165124,-0.5120759,0.013116319,0.012727715,0.0
2025-07-20 02:00:00,solar.bun_library#realenergyintotheload#kwh,BUNDOORA,0.0,-0.31615907,0.013116319,0.012727715,0.0
2025-07-20 03:00:00,solar.bun_library#realenergyintotheload#kwh,BUNDOORA,0.0,-0.34939247,0.005372308,0.00521314,0.0
2025-07-20 04:00:00,solar.bun_library#realenergyintotheload#kwh,BUNDOORA,0.0,-0.42527157,0.013116319,0.012727715,0.0
2025-07-20 05:00:00,solar.bun_library#realenergyintotheload#kwh,BUNDOORA,0.0,-0.099324346,0.013116319,0.012727715,0.0
2025-07-20 06:00:00,solar.bun_library#realenergyintotheload#kwh,BUNDOORA,0.0,0.28767222,0.013116319,0.012727715,0.0
2025-07-20 07:00:00,solar.bun_library#realenergyintotheload#kwh,BUNDOORA,0.0,1.2702776,0.013116319,0.012727715,0.0
2025-07-20 08:00:00,solar.bun_library#realenergyintotheload#kwh,BUNDOORA,1.75,0.90979046,3.8522422,3.7381098,14.0
2025-07-20 09:00:00,solar.bun_library#realenergyintotheload#kwh,BUNDOORA,28.125,-0.9200142,63.88288,61.990192,160.0
2025-07-20 10:00:00,solar.bun_library#realenergyintotheload#kwh,BUNDOORA,85.25,62.07292,127.87416,124.08557,310.0
2025-07-20 11:00:00,solar.bun_library#realenergyintotheload#kwh,BUNDOORA,129.25,139.30055,166.27483,161.34851,425.0
2025-07-20 12:00:00,solar.bun_library#realenergyintotheload#kwh,BUNDOORA,151.25,122.72366,179.90672,174.57654,465.0
2025-07-20 13:00:00,solar.bun_library#realenergyintotheload#kwh,BUNDOORA,171.5,149.29756,185.3167,179.82623,478.0
2025-07-20 14:00:00,solar.bun_library#realenergyintotheload#kwh,BUNDOORA,146.0,182.74387,172.63646,167.52167,438.0
2025-07-20 15:00:00,solar.bun_library#realenergyintotheload#kwh,BUNDOORA,98.0,178.9967,133.32211,129.37212,347.0
2025-07-20 16:00:00,solar.bun_library#realenergyintotheload#kwh,BUNDOORA,62.375,124.596016,80.68621,78.29568,219.0
2025-07-20 17:00:00,solar.bun_library#realenergyintotheload#kwh,BUNDOORA,14.25,32.002827,15.133149,14.684792,50.0
2025-07-20 18:00:00,solar.bun_library#realenergyintotheload#kwh,BUNDOORA,0.375,67.39778,0.0072664656,0.0070511783,0.0
2025-07-20 19:00:00,solar.bun_library#realenergyintotheload#kwh,BUNDOORA,0.0,17.69045,0.048787978,0.047342513,0.0
2025-07-20 20:00:00,solar.bun_library#realenergyintotheload#kwh,BUNDOORA,0.0,0.31990296,0.03578354,0.034723364,0.0
2025-07-20 21:00:00,solar.bun_library#realenergyintotheload#kwh,BUNDOORA,0.0,-0.13922018,0.005372308,0.00521314,0.0
2025-07-20 22:00:00,solar.bun_library#realenergyintotheload#kwh,BUNDOORA,0.0,-0.33671963,0.013116319,0.012727715,0.0
2025-07-20 23:00:00,solar.bun_library#realenergyintotheload#kwh,BUNDOORA,0.0,-0.14491469,0.013116319,0.012727715,0.0
2025-07-21 00:00:00,solar.bun_library#realenergyintotheload#kwh,BUNDOORA,0.0,-0.18015788,-0.009679468,0.0,0.0
2025-07-21 01:00:00,solar.bun_library#realenergyintotheload#kwh,BUNDOORA,0.0,-0.18015788,-0.0097107645,0.0,0.0
2025-07-21 02:00:00,solar.bun_library#realenergyintotheload#kwh,BUNDOORA,0.0,-0.39726773,-0.0097107645,0.0,0.0
2025-07-21 03:00:00,solar.bun_library#realenergyintotheload#kwh,BUNDOORA,0.0,-0.39726773,-0.0044585583,0.0,0.0
2025-07-21 04:00:00,solar.bun_library#realenergyintotheload#kwh,BUNDOORA,0.0,-0.355385,-0.0019548112,0.0,0.0
2025-07-21 05:00:00,solar.bun_library#realenergyintotheload#kwh,BUNDOORA,0.0,-0.4411455,0.013085023,0.012697346,0.0
2025-07-21 06:00:00,solar.bun_library#realenergyintotheload#kwh,BUNDOORA,0.0,0.3764676,0.004174618,0.0040509347,0.0
2025-07-21 07:00:00,solar.bun_library#realenergyintotheload#kwh,BUNDOORA,0.0,14.994433,-0.0074369097,0.0,0.0
2025-07-21 08:00:00,solar.bun_library#realenergyintotheload#kwh,BUNDOORA,1.375,13.524976,3.8666644,3.7521048,15.0
2025-07-21 09:00:00,solar.bun_library#realenergyintotheload#kwh,BUNDOORA,33.125,5.1108093,57.81119,56.09839,152.0
2025-07-21 10:00:00,solar.bun_library#realenergyintotheload#kwh,BUNDOORA,56.875,62.89947,98.856224,95.92736,261.0
2025-07-21 11:00:00,solar.bun_library#realenergyintotheload#kwh,BUNDOORA,82.625,135.48013,159.43626,154.71257,408.0
2025-07-21 12:00:00,solar.bun_library#realenergyintotheload#kwh,BUNDOORA,141.25,178.67049,177.59755,172.33578,477.0
2025-07-21 13:00:00,solar.bun_library#realenergyintotheload#kwh,BUNDOORA,167.0,196.86588,198.06595,192.19775,509.0
2025-07-21 14:00:00,solar.bun_library#realenergyintotheload#kwh,BUNDOORA,159.625,141.9236,170.5948,165.54051,466.0
2025-07-21 15:00:00,solar.bun_library#realenergyintotheload#kwh,BUNDOORA,117.75,149.03937,134.9266,130.92906,368.0
2025-07-21 16:00:00,solar.bun_library#realenergyintotheload#kwh,BUNDOORA,57.875,126.056335,80.88302,78.48666,228.0
2025-07-21 17:00:00,solar.bun_library#realenergyintotheload#kwh,BUNDOORA,14.75,62.813396,18.116377,17.579634,56.0
2025-07-21 18:00:00,solar.bun_library#realenergyintotheload#kwh,BUNDOORA,0.75,46.03905,0.10622956,0.10308224,0.0
2025-07-21 19:00:00,solar.bun_library#realenergyintotheload#kwh,BUNDOORA,0.0,12.622365,-0.1573233,0.0,0.0
2025-07-21 20:00:00,solar.bun_library#realenergyintotheload#kwh,BUNDOORA,0.0,5.2769713,-0.020410942,0.0,0.0
2025-07-21 21:00:00,solar.bun_library#realenergyintotheload#kwh,BUNDOORA,0.0,4.524035,-0.010918802,0.0,0.0
2025-07-21 22:00:00,solar.bun_library#realenergyintotheload#kwh,BUNDOORA,0.0,3.6836348,-0.15866616,0.0,0.0
2025-07-21 23:00:00,solar.bun_library#realenergyintotheload#kwh,BUNDOORA,0.0,7.8666897,-0.18775696,0.0,0.0
2025-07-22 00:00:00,solar.bun_library#realenergyintotheload#kwh,BUNDOORA,0.0,0.35509014,-0.15302116,0.0,0.0
2025-07-22 01:00:00,solar.bun_library#realenergyintotheload#kwh,BUNDOORA,0.0,2.4692163,-0.023719523,0.0,0.0
2025-07-22 02:00:00,solar.bun_library#realenergyintotheload#kwh,BUNDOORA,0.0,1.213136,0.023160432,0.022474246,0.0
2025-07-22 03:00:00,solar.bun_library#realenergyintotheload#kwh,BUNDOORA,0.0,3.0495338,0.028619725,0.027771795,0.0
2025-07-22 04:00:00,solar.bun_library#realenergyintotheload#kwh,BUNDOORA,0.0,6.788316,-0.03452062,0.0,0.0
2025-07-22 05:00:00,solar.bun_library#realenergyintotheload#kwh,BUNDOORA,0.0,4.4747005,-0.110388756,0.0,0.0
2025-07-22 06:00:00,solar.bun_library#realenergyintotheload#kwh,BUNDOORA,0.0,-2.9263797,-0.041526817,0.0,0.0
2025-07-22 07:00:00,solar.bun_library#realenergyintotheload#kwh,BUNDOORA,0.0,17.941002,0.01502237,0.014577295,0.0
2025-07-22 08:00:00,solar.bun_library#realenergyintotheload#kwh,BUNDOORA,1.375,51.492023,2.0692966,2.0079885,9.0
2025-07-22 09:00:00,solar.bun_library#realenergyintotheload#kwh,BUNDOORA,16.5,69.86094,26.638731,25.849491,78.0
2025-07-22 10:00:00,solar.bun_library#realenergyintotheload#kwh,BUNDOORA,25.75,43.394455,55.887478,54.23167,163.0
2025-07-22 11:00:00,solar.bun_library#realenergyintotheload#kwh,BUNDOORA,51.125,36.635365,61.540615,59.71732,177.0
2025-07-22 12:00:00,solar.bun_library#realenergyintotheload#kwh,BUNDOORA,22.25,22.800594,32.627987,31.6613,100.0
2025-07-22 13:00:00,solar.bun_library#realenergyintotheload#kwh,BUNDOORA,24.125,35.925896,35.505356,34.453423,110.0
2025-07-22 14:00:00,solar.bun_library#realenergyintotheload#kwh,BUNDOORA,14.5,34.202465,22.23179,21.573118,71.0
2025-07-22 15:00:00,solar.bun_library#realenergyintotheload#kwh,BUNDOORA,81.75,29.797293,132.8029,128.86829,332.0
2025-07-22 16:00:00,solar.bun_library#realenergyintotheload#kwh,BUNDOORA,55.875,27.844366,85.84173,83.298454,217.0
2025-07-22 17:00:00,solar.bun_library#realenergyintotheload#kwh,BUNDOORA,15.125,7.2419014,20.842102,20.224602,67.0
2025-07-22 18:00:00,solar.bun_library#realenergyintotheload#kwh,BUNDOORA,0.75,17.298096,0.017847262,0.017318493,0.0
2025-07-22 19:00:00,solar.bun_library#realenergyintotheload#kwh,BUNDOORA,0.0,6.0312176,0.017847262,0.017318493,0.0
2025-07-22 20:00:00,solar.bun_library#realenergyintotheload#kwh,BUNDOORA,0.0,-2.0067515,-0.06110919,0.0,0.0
2025-07-22 21:00:00,solar.bun_library#realenergyintotheload#kwh,BUNDOORA,0.0,-0.83964235,0.016367894,0.015882954,0.0
2025-07-22 22:00:00,solar.bun_library#realenergyintotheload#kwh,BUNDOORA,0.0,0.0034978092,0.039616838,0.03844309,0.0
2025-07-22 23:00:00,solar.bun_library#realenergyintotheload#kwh,BUNDOORA,0.0,-0.20501149,-0.05060764,0.0,0.0
2025-07-23 00:00:00,solar.bun_library#realenergyintotheload#kwh,BUNDOORA,0.0,-2.195435,-0.039486285,0.0,0.0
2025-07-23 01:00:00,solar.bun_library#realenergyintotheload#kwh,BUNDOORA,0.0,1.3032585,0.0070088925,0.0068012364,0.0
2025-07-23 02:00:00,solar.bun_library#realenergyintotheload#kwh,BUNDOORA,0.0,3.5373921,0.03289624,0.031921607,0.0
2025-07-23 03:00:00,solar.bun_library#realenergyintotheload#kwh,BUNDOORA,0.0,-2.151894,0.010172036,0.009870663,0.0
2025-07-23 04:00:00,solar.bun_library#realenergyintotheload#kwh,BUNDOORA,0.0,-1.1834903,0.011281663,0.010947415,0.0
2025-07-23 05:00:00,solar.bun_library#realenergyintotheload#kwh,BUNDOORA,0.0,4.8833847,-0.020799085,0.0,0.0
2025-07-23 06:00:00,solar.bun_library#realenergyintotheload#kwh,BUNDOORA,0.0,0.92253006,0.006911428,0.0067066597,0.0
2025-07-23 07:00:00,solar.bun_library#realenergyintotheload#kwh,BUNDOORA,0.0,5.0287004,0.006911428,0.0067066597,0.0
2025-07-23 08:00:00,solar.bun_library#realenergyintotheload#kwh,BUNDOORA,0.0,9.383189,5.486175,5.323633,21.0
2025-07-23 09:00:00,solar.bun_library#realenergyintotheload#kwh,BUNDOORA,0.0,9.106129,66.186424,64.22549,168.0
2025-07-23 10:00:00,solar.bun_library#realenergyintotheload#kwh,BUNDOORA,0.0,107.27017,119.27993,115.745964,295.0
2025-07-23 11:00:00,solar.bun_library#realenergyintotheload#kwh,BUNDOORA,0.0,126.45871,165.35342,160.45442,428.0
2025-07-23 12:00:00,solar.bun_library#realenergyintotheload#kwh,BUNDOORA,0.0,119.207855,98.26005,95.34885,263.0
2025-07-23 13:00:00,solar.bun_library#realenergyintotheload#kwh,BUNDOORA,0.0,126.89695,97.24982,94.368546,270.0
2025-07-23 14:00:00,solar.bun_library#realenergyintotheload#kwh,BUNDOORA,0.0,20.118559,53.930252,52.33243,158.0
2025-07-23 15:00:00,solar.bun_library#realenergyintotheload#kwh,BUNDOORA,0.0,9.129956,75.203514,72.97542,204.0
2025-07-23 16:00:00,solar.bun_library#realenergyintotheload#kwh,BUNDOORA,0.0,6.671028,47.252125,45.85216,131.0
2025-07-23 17:00:00,solar.bun_library#realenergyintotheload#kwh,BUNDOORA,0.0,56.434494,14.094559,13.676972,48.0
2025-07-23 18:00:00,solar.bun_library#realenergyintotheload#kwh,BUNDOORA,0.0,34.04754,0.016248982,0.015767565,0.0
2025-07-23 19:00:00,solar.bun_library#realenergyintotheload#kwh,BUNDOORA,0.0,11.039822,0.016448434,0.015961109,0.0
2025-07-23 20:00:00,solar.bun_library#realenergyintotheload#kwh,BUNDOORA,0.0,0.5249986,-0.006378649,0.0,0.0
2025-07-23 21:00:00,solar.bun_library#realenergyintotheload#kwh,BUNDOORA,0.0,0.25970033,-0.006378649,0.0,0.0
2025-07-23 22:00:00,solar.bun_library#realenergyintotheload#kwh,BUNDOORA,0.0,0.28542528,-0.006378649,0.0,0.0
2025-07-23 23:00:00,solar.bun_library#realenergyintotheload#kwh,BUNDOORA,0.0,-0.084506124,-0.0097107645,0.0,0.0
2025-07-24 00:00:00,solar.bun_library#realenergyintotheload#kwh,BUNDOORA,0.0,-0.17768836,0.013085023,0.012697346,0.0
2025-07-24 01:00:00,solar.bun_library#realenergyintotheload#kwh,BUNDOORA,0.0,0.025796192,-0.010666817,0.0,0.0
2025-07-24 02:00:00,solar.bun_library#realenergyintotheload#kwh,BUNDOORA,0.0,-0.2769906,-0.010666817,0.0,0.0
2025-07-24 03:00:00,solar.bun_library#realenergyintotheload#kwh,BUNDOORA,0.0,-0.19277702,-0.010666817,0.0,0.0
2025-07-24 04:00:00,solar.bun_library#realenergyintotheload#kwh,BUNDOORA,0.0,-0.19277702,-0.010666817,0.0,0.0
2025-07-24 05:00:00,solar.bun_library#realenergyintotheload#kwh,BUNDOORA,0.0,-0.23667027,-0.009679468,0.0,0.0
2025-07-24 06:00:00,solar.bun_library#realenergyintotheload#kwh,BUNDOORA,0.0,0.012468861,-0.009679468,0.0,0.0
2025-07-24 07:00:00,solar.bun_library#realenergyintotheload#kwh,BUNDOORA,0.0,-0.2948834,-0.0097107645,0.0,0.0
2025-07-24 08:00:00,solar.bun_library#realenergyintotheload#kwh,BUNDOORA,0.0,-2.1559086,6.0324197,5.853694,22.0
2025-07-24 09:00:00,solar.bun_library#realenergyintotheload#kwh,BUNDOORA,0.0,-0.60062367,67.10199,65.11392,171.0
2025-07-24 10:00:00,solar.bun_library#realenergyintotheload#kwh,BUNDOORA,0.0,5.986425,128.43115,124.62606,323.0
2025-07-24 11:00:00,solar.bun_library#realenergyintotheload#kwh,BUNDOORA,0.0,28.163074,176.18404,170.96414,438.0
2025-07-24 12:00:00,solar.bun_library#realenergyintotheload#kwh,BUNDOORA,0.0,159.28157,195.54997,189.75632,504.0
2025-07-24 13:00:00,solar.bun_library#realenergyintotheload#kwh,BUNDOORA,0.0,188.75,201.03894,195.08266,514.0
2025-07-24 14:00:00,solar.bun_library#realenergyintotheload#kwh,BUNDOORA,0.0,117.95028,172.4952,167.3846,464.0
2025-07-24 15:00:00,solar.bun_library#realenergyintotheload#kwh,BUNDOORA,0.0,105.30324,129.824,125.977646,356.0
2025-07-24 16:00:00,solar.bun_library#realenergyintotheload#kwh,BUNDOORA,0.0,134.40054,86.11996,83.568436,232.0
2025-07-24 17:00:00,solar.bun_library#realenergyintotheload#kwh,BUNDOORA,0.0,80.828896,21.268578,20.638443,67.0
2025-07-24 18:00:00,solar.bun_library#realenergyintotheload#kwh,BUNDOORA,0.0,59.489697,0.0379394,0.03681535,0.0
2025-07-24 19:00:00,solar.bun_library#realenergyintotheload#kwh,BUNDOORA,0.0,19.687132,0.016417138,0.01593074,0.0
2025-07-24 20:00:00,solar.bun_library#realenergyintotheload#kwh,BUNDOORA,0.0,1.7975868,0.006911428,0.0067066597,0.0
2025-07-24 21:00:00,solar.bun_library#realenergyintotheload#kwh,BUNDOORA,0.0,1.3112246,0.006911428,0.0067066597,0.0
2025-07-24 22:00:00,solar.bun_library#realenergyintotheload#kwh,BUNDOORA,0.0,0.5639525,0.0035793143,0.0034732681,0.0
2025-07-24 23:00:00,solar.bun_library#realenergyintotheload#kwh,BUNDOORA,0.0,0.51471555,0.0035793143,0.0034732681,0.0
2025-07-25 00:00:00,solar.bun_library#realenergyintotheload#kwh,BUNDOORA,0.0,-0.9408541,0.0035793143,0.0034732681,0.0
2025-07-25 01:00:00,solar.bun_library#realenergyintotheload#kwh,BUNDOORA,0.0,-0.70706505,0.006083061,0.005902835,0.0
2025-07-25 02:00:00,solar.bun_library#realenergyintotheload#kwh,BUNDOORA,0.0,-0.77470654,0.006083061,0.005902835,0.0
2025-07-25 03:00:00,solar.bun_library#realenergyintotheload#kwh,BUNDOORA,0.0,-0.25544992,-0.001161912,0.0,0.0
2025-07-25 04:00:00,solar.bun_library#realenergyintotheload#kwh,BUNDOORA,0.0,-0.20359634,-0.0059845927,0.0,0.0
2025-07-25 05:00:00,solar.bun_library#realenergyintotheload#kwh,BUNDOORA,0.0,0.1398546,-0.0028273428,0.0,0.0
2025-07-25 06:00:00,solar.bun_library#realenergyintotheload#kwh,BUNDOORA,0.0,0.8581707,-0.0074369097,0.0,0.0
2025-07-25 07:00:00,solar.bun_library#realenergyintotheload#kwh,BUNDOORA,0.0,23.965977,-0.0074369097,0.0,0.0
2025-07-25 08:00:00,solar.bun_library#realenergyintotheload#kwh,BUNDOORA,0.0,26.016733,2.6253903,2.5476065,13.0
2025-07-25 09:00:00,solar.bun_library#realenergyintotheload#kwh,BUNDOORA,0.0,19.595234,26.241776,25.464296,75.0
2025-07-25 10:00:00,solar.bun_library#realenergyintotheload#kwh,BUNDOORA,0.0,74.99274,69.07921,67.03256,183.0
2025-07-25 11:00:00,solar.bun_library#realenergyintotheload#kwh,BUNDOORA,0.0,127.24883,51.51183,49.985664,150.0
2025-07-25 12:00:00,solar.bun_library#realenergyintotheload#kwh,BUNDOORA,0.0,162.40826,44.61576,43.293907,126.0
2025-07-25 13:00:00,solar.bun_library#realenergyintotheload#kwh,BUNDOORA,0.0,134.88007,33.944065,32.93839,96.0
2025-07-25 14:00:00,solar.bun_library#realenergyintotheload#kwh,BUNDOORA,0.0,118.05889,36.167465,35.095913,102.0
2025-07-25 15:00:00,solar.bun_library#realenergyintotheload#kwh,BUNDOORA,0.0,157.3683,44.752934,43.427017,129.0
2025-07-25 16:00:00,solar.bun_library#realenergyintotheload#kwh,BUNDOORA,0.0,131.95119,21.663464,21.02163,60.0
2025-07-25 17:00:00,solar.bun_library#realenergyintotheload#kwh,BUNDOORA,0.0,75.75567,3.9823275,3.864341,16.0
2025-07-25 18:00:00,solar.bun_library#realenergyintotheload#kwh,BUNDOORA,0.0,48.023815,-0.0036485468,0.0,0.0
2025-07-25 19:00:00,solar.bun_library#realenergyintotheload#kwh,BUNDOORA,0.0,23.144384,0.006385942,0.0061967424,0.0
2025-07-25 20:00:00,solar.bun_library#realenergyintotheload#kwh,BUNDOORA,0.0,-1.2354335,-0.009371044,0.0,0.0
2025-07-25 21:00:00,solar.bun_library#realenergyintotheload#kwh,BUNDOORA,0.0,-2.1024938,-0.009371044,0.0,0.0
2025-07-25 22:00:00,solar.bun_library#realenergyintotheload#kwh,BUNDOORA,0.0,-0.98607624,0.07903264,0.0766911,0.0
2025-07-25 23:00:00,solar.bun_library#realenergyintotheload#kwh,BUNDOORA,0.0,-3.764685,-0.019718915,0.0,0.0
2025-07-26 00:00:00,solar.bun_library#realenergyintotheload#kwh,BUNDOORA,0.0,24.884542,0.014516494,0.014086407,0.0
2025-07-26 01:00:00,solar.bun_library#realenergyintotheload#kwh,BUNDOORA,0.0,4.296109,0.016181927,0.015702497,0.0
2025-07-26 02:00:00,solar.bun_library#realenergyintotheload#kwh,BUNDOORA,0.0,-3.6667936,0.012423696,0.012055613,0.0
2025-07-26 03:00:00,solar.bun_library#realenergyintotheload#kwh,BUNDOORA,0.0,-3.8192697,0.01518559,0.014735679,0.0
2025-07-26 04:00:00,solar.bun_library#realenergyintotheload#kwh,BUNDOORA,0.0,-3.2323723,0.01518559,0.014735679,0.0
2025-07-26 05:00:00,solar.bun_library#realenergyintotheload#kwh,BUNDOORA,0.0,-0.8672935,0.01518559,0.014735679,0.0
2025-07-26 06:00:00,solar.bun_library#realenergyintotheload#kwh,BUNDOORA,0.0,-0.58393645,0.015333442,0.01487915,0.0
2025-07-26 07:00:00,solar.bun_library#realenergyintotheload#kwh,BUNDOORA,0.0,15.640868,0.023860946,0.023154005,0.0
2025-07-26 08:00:00,solar.bun_library#realenergyintotheload#kwh,BUNDOORA,0.0,7.77821,2.4807224,2.407225,10.0
2025-07-26 09:00:00,solar.bun_library#realenergyintotheload#kwh,BUNDOORA,0.0,26.330818,18.872349,18.313208,57.0
2025-07-26 10:00:00,solar.bun_library#realenergyintotheload#kwh,BUNDOORA,0.0,1.2159731,47.404556,46.000076,138.0
2025-07-26 11:00:00,solar.bun_library#realenergyintotheload#kwh,BUNDOORA,0.0,26.85375,49.56305,48.09462,142.0
2025-07-26 12:00:00,solar.bun_library#realenergyintotheload#kwh,BUNDOORA,0.0,26.019949,35.3863,34.33789,110.0
2025-07-26 13:00:00,solar.bun_library#realenergyintotheload#kwh,BUNDOORA,0.0,23.31194,69.768166,67.70111,201.0
2025-07-26 14:00:00,solar.bun_library#realenergyintotheload#kwh,BUNDOORA,0.0,56.5623,32.518196,31.554764,98.0
2025-07-26 15:00:00,solar.bun_library#realenergyintotheload#kwh,BUNDOORA,0.0,35.97014,32.07438,31.124096,92.0
2025-07-26 16:00:00,solar.bun_library#realenergyintotheload#kwh,BUNDOORA,0.0,35.292274,18.533709,17.984602,60.0
2025-07-26 17:00:00,solar.bun_library#realenergyintotheload#kwh,BUNDOORA,0.0,43.451363,4.81786,4.675119,19.0
2025-07-26 18:00:00,solar.bun_library#realenergyintotheload#kwh,BUNDOORA,0.0,4.6725807,0.010670588,0.010354445,0.0
2025-07-26 19:00:00,solar.bun_library#realenergyintotheload#kwh,BUNDOORA,0.0,3.968272,0.005171503,0.005018284,0.0
2025-07-26 20:00:00,solar.bun_library#realenergyintotheload#kwh,BUNDOORA,0.0,2.146273,0.04347295,0.042184956,0.0
2025-07-26 21:00:00,solar.bun_library#realenergyintotheload#kwh,BUNDOORA,0.0,1.9772363,0.009777944,0.009488247,0.0
2025-07-26 22:00:00,solar.bun_library#realenergyintotheload#kwh,BUNDOORA,0.0,1.5442218,0.009777944,0.009488247,0.0
2025-07-26 23:00:00,solar.bun_library#realenergyintotheload#kwh,BUNDOORA,0.0,0.19798572,0.00031668367,0.00030730112,0.0
2025-07-27 00:00:00,solar.bun_library#realenergyintotheload#kwh,BUNDOORA,0.0,1.1999663,0.00031668367,0.00030730112,0.0
2025-07-27 01:00:00,solar.bun_library#realenergyintotheload#kwh,BUNDOORA,0.0,0.60028565,0.00031668367,0.00030730112,0.0
2025-07-27 02:00:00,solar.bun_library#realenergyintotheload#kwh,BUNDOORA,0.0,0.039068557,0.00031668367,0.00030730112,0.0
2025-07-27 03:00:00,solar.bun_library#realenergyintotheload#kwh,BUNDOORA,0.0,0.018599445,0.00031668367,0.00030730112,0.0
2025-07-27 04:00:00,solar.bun_library#realenergyintotheload#kwh,BUNDOORA,0.0,-0.12872724,0.00031668367,0.00030730112,0.0
2025-07-27 05:00:00,solar.bun_library#realenergyintotheload#kwh,BUNDOORA,0.0,-0.16125232,0.013593643,0.013190897,0.0
2025-07-27 06:00:00,solar.bun_library#realenergyintotheload#kwh,BUNDOORA,0.0,-0.101403244,0.013125903,0.012737015,0.0
2025-07-27 07:00:00,solar.bun_library#realenergyintotheload#kwh,BUNDOORA,0.0,2.1054158,0.005372308,0.00521314,0.0
2025-07-27 08:00:00,solar.bun_library#realenergyintotheload#kwh,BUNDOORA,3.0,2.1504087,2.6663415,2.5873444,12.0
2025-07-27 09:00:00,solar.bun_library#realenergyintotheload#kwh,BUNDOORA,13.625,-3.6280553,26.413315,25.630754,81.0
2025-07-27 10:00:00,solar.bun_library#realenergyintotheload#kwh,BUNDOORA,18.625,-3.1310055,59.314728,57.55738,164.0
2025-07-27 11:00:00,solar.bun_library#realenergyintotheload#kwh,BUNDOORA,46.125,-2.4524968,82.96191,80.50395,226.0
2025-07-27 12:00:00,solar.bun_library#realenergyintotheload#kwh,BUNDOORA,102.5,-0.8627138,184.2838,178.82393,477.0
2025-07-27 13:00:00,solar.bun_library#realenergyintotheload#kwh,BUNDOORA,110.5,24.238512,96.55951,93.69869,271.0
2025-07-27 14:00:00,solar.bun_library#realenergyintotheload#kwh,BUNDOORA,82.5,18.275936,84.59457,82.08824,236.0
2025-07-27 15:00:00,solar.bun_library#realenergyintotheload#kwh,BUNDOORA,45.75,13.143475,42.9472,41.67478,128.0
2025-07-27 16:00:00,solar.bun_library#realenergyintotheload#kwh,BUNDOORA,27.625,11.933086,30.025599,29.136015,88.0
2025-07-27 17:00:00,solar.bun_library#realenergyintotheload#kwh,BUNDOORA,3.75,15.683047,10.422446,10.113655,36.0
2025-07-27 18:00:00,solar.bun_library#realenergyintotheload#kwh,BUNDOORA,0.0,3.030903,0.013593643,0.013190897,0.0
2025-07-27 19:00:00,solar.bun_library#realenergyintotheload#kwh,BUNDOORA,0.0,1.7130473,0.021337654,0.020705473,0.0
2025-07-27 20:00:00,solar.bun_library#realenergyintotheload#kwh,BUNDOORA,0.0,-0.035125248,0.013593643,0.013190897,0.0
2025-07-27 21:00:00,solar.bun_library#realenergyintotheload#kwh,BUNDOORA,0.0,-0.06765035,0.021337654,0.020705473,0.0
2025-07-27 22:00:00,solar.bun_library#realenergyintotheload#kwh,BUNDOORA,0.0,0.037085522,0.014335692,0.013910961,0.0
2025-07-27 23:00:00,solar.bun_library#realenergyintotheload#kwh,BUNDOORA,0.0,-0.4202098,0.014335692,0.013910961,0.0
2025-07-28 00:00:00,solar.bun_library#realenergyintotheload#kwh,BUNDOORA,0.0,-0.38768467,0.014335692,0.013910961,0.0
2025-07-28 01:00:00,solar.bun_library#realenergyintotheload#kwh,BUNDOORA,0.0,0.4354503,0.013836655,0.013426709,0.0
2025-07-28 02:00:00,solar.bun_library#realenergyintotheload#kwh,BUNDOORA,0.0,0.348803,0.013836655,0.013426709,0.0
2025-07-28 03:00:00,solar.bun_library#realenergyintotheload#kwh,BUNDOORA,0.0,-0.4202098,0.013836655,0.013426709,0.0
2025-07-28 04:00:00,solar.bun_library#realenergyintotheload#kwh,BUNDOORA,0.0,-0.43813193,0.014335692,0.013910961,0.0
2025-07-28 05:00:00,solar.bun_library#realenergyintotheload#kwh,BUNDOORA,0.0,-0.5585413,0.014335692,0.013910961,0.0
2025-07-28 06:00:00,solar.bun_library#realenergyintotheload#kwh,BUNDOORA,0.0,1.0311453,0.0065916814,0.0063963863,0.0
2025-07-28 07:00:00,solar.bun_library#realenergyintotheload#kwh,BUNDOORA,0.0,3.9411428,0.013836655,0.013426709,0.0
2025-07-28 08:00:00,solar.bun_library#realenergyintotheload#kwh,BUNDOORA,2.375,-0.92626286,6.254392,6.0690904,24.0
2025-07-28 09:00:00,solar.bun_library#realenergyintotheload#kwh,BUNDOORA,31.25,6.2532086,58.140182,56.417633,155.0
2025-07-28 10:00:00,solar.bun_library#realenergyintotheload#kwh,BUNDOORA,62.5,19.086813,109.53832,106.29298,278.0
2025-07-28 11:00:00,solar.bun_library#realenergyintotheload#kwh,BUNDOORA,143.0,32.854176,172.82999,167.70947,437.0
2025-07-28 12:00:00,solar.bun_library#realenergyintotheload#kwh,BUNDOORA,109.625,39.740715,137.76706,133.68536,371.0
2025-07-28 13:00:00,solar.bun_library#realenergyintotheload#kwh,BUNDOORA,124.5,92.37382,128.10245,124.30709,349.0
2025-07-28 14:00:00,solar.bun_library#realenergyintotheload#kwh,BUNDOORA,90.75,81.767525,89.984245,87.31824,252.0
2025-07-28 15:00:00,solar.bun_library#realenergyintotheload#kwh,BUNDOORA,60.375,43.899376,81.26531,78.85762,224.0
2025-07-28 16:00:00,solar.bun_library#realenergyintotheload#kwh,BUNDOORA,52.75,21.41388,36.10218,35.032562,109.0
2025-07-28 17:00:00,solar.bun_library#realenergyintotheload#kwh,BUNDOORA,10.125,32.656494,13.712729,13.306456,43.0
2025-07-28 18:00:00,solar.bun_library#realenergyintotheload#kwh,BUNDOORA,1.375,29.33907,0.009415175,0.009136227,0.0
2025-07-28 19:00:00,solar.bun_library#realenergyintotheload#kwh,BUNDOORA,0.0,10.366146,0.01791251,0.017381808,0.0
2025-07-28 20:00:00,solar.bun_library#realenergyintotheload#kwh,BUNDOORA,0.0,0.025310932,0.013085023,0.012697346,0.0
2025-07-28 21:00:00,solar.bun_library#realenergyintotheload#kwh,BUNDOORA,0.0,0.0035114232,0.01358406,0.013181598,0.0
2025-07-28 22:00:00,solar.bun_library#realenergyintotheload#kwh,BUNDOORA,0.0,-0.74044806,0.013085023,0.012697346,0.0
2025-07-28 23:00:00,solar.bun_library#realenergyintotheload#kwh,BUNDOORA,0.0,-1.0256116,0.013085023,0.012697346,0.0
2025-07-29 00:00:00,solar.bun_library#realenergyintotheload#kwh,BUNDOORA,0.0,-0.6442409,0.013085023,0.012697346,0.0
2025-07-29 01:00:00,solar.bun_library#realenergyintotheload#kwh,BUNDOORA,0.0,-0.08964818,-0.009679468,0.0,0.0
2025-07-29 02:00:00,solar.bun_library#realenergyintotheload#kwh,BUNDOORA,0.0,-0.39243495,-0.009679468,0.0,0.0
2025-07-29 03:00:00,solar.bun_library#realenergyintotheload#kwh,BUNDOORA,0.0,-0.39243495,-0.009679468,0.0,0.0
2025-07-29 04:00:00,solar.bun_library#realenergyintotheload#kwh,BUNDOORA,0.0,-0.41996795,-0.009679468,0.0,0.0
2025-07-29 05:00:00,solar.bun_library#realenergyintotheload#kwh,BUNDOORA,0.0,-0.3760747,-0.010666817,0.0,0.0
2025-07-29 06:00:00,solar.bun_library#realenergyintotheload#kwh,BUNDOORA,0.0,-0.26236847,0.013116319,0.012727715,0.0
2025-07-29 07:00:00,solar.bun_library#realenergyintotheload#kwh,BUNDOORA,0.0,-0.41953215,-0.010666817,0.0,0.0
2025-07-29 08:00:00,solar.bun_library#realenergyintotheload#kwh,BUNDOORA,1.625,-0.09730639,7.719154,7.4904547,27.0
2025-07-29 09:00:00,solar.bun_library#realenergyintotheload#kwh,BUNDOORA,22.0,0.6288547,63.166435,61.29497,164.0
2025-07-29 10:00:00,solar.bun_library#realenergyintotheload#kwh,BUNDOORA,101.625,18.359121,119.82862,116.2784,303.0
2025-07-29 11:00:00,solar.bun_library#realenergyintotheload#kwh,BUNDOORA,118.5,27.304659,182.18384,176.78618,449.0
2025-07-29 12:00:00,solar.bun_library#realenergyintotheload#kwh,BUNDOORA,183.625,29.843029,181.88547,176.49666,471.0
2025-07-29 13:00:00,solar.bun_library#realenergyintotheload#kwh,BUNDOORA,68.625,51.572178,68.124985,66.10661,198.0
2025-07-29 14:00:00,solar.bun_library#realenergyintotheload#kwh,BUNDOORA,154.0,95.425186,182.61922,177.20866,466.0
2025-07-29 15:00:00,solar.bun_library#realenergyintotheload#kwh,BUNDOORA,115.75,159.1213,137.7615,133.67998,365.0
2025-07-29 16:00:00,solar.bun_library#realenergyintotheload#kwh,BUNDOORA,72.0,147.05385,97.6648,94.77124,245.0
2025-07-29 17:00:00,solar.bun_library#realenergyintotheload#kwh,BUNDOORA,17.625,8.162146,25.911411,25.14372,79.0
2025-07-29 18:00:00,solar.bun_library#realenergyintotheload#kwh,BUNDOORA,0.75,2.4235995,0.013116319,0.012727715,0.0
2025-07-29 19:00:00,solar.bun_library#realenergyintotheload#kwh,BUNDOORA,0.0,0.3428836,0.013116319,0.012727715,0.0
2025-07-29 20:00:00,solar.bun_library#realenergyintotheload#kwh,BUNDOORA,0.0,-1.0037063,0.013116319,0.012727715,0.0
2025-07-29 21:00:00,solar.bun_library#realenergyintotheload#kwh,BUNDOORA,0.0,-0.90057325,0.013116319,0.012727715,0.0
2025-07-29 22:00:00,solar.bun_library#realenergyintotheload#kwh,BUNDOORA,0.0,-0.904859,0.005372308,0.00521314,0.0
2025-07-29 23:00:00,solar.bun_library#realenergyintotheload#kwh,BUNDOORA,0.0,-0.90057325,0.013116319,0.012727715,0.0
2025-07-30 00:00:00,solar.bun_library#realenergyintotheload#kwh,BUNDOORA,0.0,-0.9948508,0.013116319,0.012727715,0.0
2025-07-30 01:00:00,solar.bun_library#realenergyintotheload#kwh,BUNDOORA,0.0,-0.39350766,-0.010666817,0.0,0.0
2025-07-30 02:00:00,solar.bun_library#realenergyintotheload#kwh,BUNDOORA,0.0,-0.6962943,-0.010666817,0.0,0.0
2025-07-30 03:00:00,solar.bun_library#realenergyintotheload#kwh,BUNDOORA,0.0,-0.72382736,-0.010666817,0.0,0.0
2025-07-30 04:00:00,solar.bun_library#realenergyintotheload#kwh,BUNDOORA,0.0,-0.34257928,0.000549627,0.00053334294,0.0
2025-07-30 05:00:00,solar.bun_library#realenergyintotheload#kwh,BUNDOORA,0.0,-0.39014718,0.013116319,0.012727715,0.0
2025-07-30 06:00:00,solar.bun_library#realenergyintotheload#kwh,BUNDOORA,0.0,-0.6950318,0.013116319,0.012727715,0.0
2025-07-30 07:00:00,solar.bun_library#realenergyintotheload#kwh,BUNDOORA,0.0,1.7432939,0.013116319,0.012727715,0.0
2025-07-30 08:00:00,solar.bun_library#realenergyintotheload#kwh,BUNDOORA,0.0,-1.1219386,8.240504,7.996359,29.0
2025-07-30 09:00:00,solar.bun_library#realenergyintotheload#kwh,BUNDOORA,0.0,-1.7024448,51.60624,50.077274,137.0
2025-07-30 10:00:00,solar.bun_library#realenergyintotheload#kwh,BUNDOORA,0.0,11.96893,124.1888,120.50939,302.0
2025-07-30 11:00:00,solar.bun_library#realenergyintotheload#kwh,BUNDOORA,0.0,42.28071,182.64595,177.2346,461.0
2025-07-30 12:00:00,solar.bun_library#realenergyintotheload#kwh,BUNDOORA,0.0,156.59077,140.2028,136.04895,378.0
2025-07-30 13:00:00,solar.bun_library#realenergyintotheload#kwh,BUNDOORA,0.0,152.0621,145.85837,141.53694,394.0
2025-07-30 14:00:00,solar.bun_library#realenergyintotheload#kwh,BUNDOORA,0.0,131.23283,84.65976,82.151505,250.0
2025-07-30 15:00:00,solar.bun_library#realenergyintotheload#kwh,BUNDOORA,0.0,118.23396,128.76201,124.94711,327.0
2025-07-30 16:00:00,solar.bun_library#realenergyintotheload#kwh,BUNDOORA,0.0,138.93205,70.77238,68.67557,197.0
2025-07-30 17:00:00,solar.bun_library#realenergyintotheload#kwh,BUNDOORA,0.0,98.762794,22.698053,22.025566,73.0
2025-07-30 18:00:00,solar.bun_library#realenergyintotheload#kwh,BUNDOORA,0.0,64.95849,0.0013773022,0.0013364962,0.0
2025-07-30 19:00:00,solar.bun_library#realenergyintotheload#kwh,BUNDOORA,0.0,8.084961,-0.0011264447,0.0,0.0
2025-07-30 20:00:00,solar.bun_library#realenergyintotheload#kwh,BUNDOORA,0.0,0.1254176,-0.0019548112,0.0,0.0
2025-07-30 21:00:00,solar.bun_library#realenergyintotheload#kwh,BUNDOORA,0.0,-0.29358763,-0.0097107645,0.0,0.0
2025-07-30 22:00:00,solar.bun_library#realenergyintotheload#kwh,BUNDOORA,0.0,-0.39243495,-0.0097107645,0.0,0.0
2025-07-30 23:00:00,solar.bun_library#realenergyintotheload#kwh,BUNDOORA,0.0,-0.41996795,-0.0097107645,0.0,0.0
2025-07-31 00:00:00,solar.bun_library#realenergyintotheload#kwh,BUNDOORA,0.0,-0.41996795,-0.0097107645,0.0,0.0
2025-07-31 01:00:00,solar.bun_library#realenergyintotheload#kwh,BUNDOORA,0.0,-0.5820687,-0.009679468,0.0,0.0
2025-07-31 02:00:00,solar.bun_library#realenergyintotheload#kwh,BUNDOORA,0.0,-0.13626462,-0.010666817,0.0,0.0
2025-07-31 03:00:00,solar.bun_library#realenergyintotheload#kwh,BUNDOORA,0.0,-0.37583795,-0.010666817,0.0,0.0
2025-07-31 04:00:00,solar.bun_library#realenergyintotheload#kwh,BUNDOORA,0.0,-0.3280696,-0.010666817,0.0,0.0
2025-07-31 05:00:00,solar.bun_library#realenergyintotheload#kwh,BUNDOORA,0.0,0.008093977,-0.010666817,0.0,0.0
2025-07-31 06:00:00,solar.bun_library#realenergyintotheload#kwh,BUNDOORA,0.0,-0.018539606,-0.010666817,0.0,0.0
2025-07-31 07:00:00,solar.bun_library#realenergyintotheload#kwh,BUNDOORA,0.0,-0.73540676,-0.010666817,0.0,0.0
2025-07-31 08:00:00,solar.bun_library#realenergyintotheload#kwh,BUNDOORA,2.875,-0.32606077,10.816692,10.496221,33.0
2025-07-31 09:00:00,solar.bun_library#realenergyintotheload#kwh,BUNDOORA,40.125,-1.0937926,72.33074,70.18776,191.0
2025-07-31 10:00:00,solar.bun_library#realenergyintotheload#kwh,BUNDOORA,110.375,11.1969795,139.62148,135.48483,347.0
2025-07-31 11:00:00,solar.bun_library#realenergyintotheload#kwh,BUNDOORA,171.5,36.376453,146.14348,141.81361,363.0
2025-07-31 12:00:00,solar.bun_library#realenergyintotheload#kwh,BUNDOORA,68.125,117.72912,55.256077,53.618977,165.0
2025-07-31 13:00:00,solar.bun_library#realenergyintotheload#kwh,BUNDOORA,44.25,149.93994,37.9881,36.862606,108.0
2025-07-31 14:00:00,solar.bun_library#realenergyintotheload#kwh,BUNDOORA,88.5,122.48313,121.62327,118.019875,314.0
2025-07-31 15:00:00,solar.bun_library#realenergyintotheload#kwh,BUNDOORA,132.875,161.67418,130.7692,126.89483,345.0
2025-07-31 16:00:00,solar.bun_library#realenergyintotheload#kwh,BUNDOORA,45.25,129.3849,55.69651,54.04636,160.0
2025-07-31 17:00:00,solar.bun_library#realenergyintotheload#kwh,BUNDOORA,18.375,58.580765,0.7378802,0.7160186,3.0
2025-07-31 18:00:00,solar.bun_library#realenergyintotheload#kwh,BUNDOORA,0.875,17.923203,0.010168499,0.009867232,0.0
2025-07-31 19:00:00,solar.bun_library#realenergyintotheload#kwh,BUNDOORA,0.0,7.703972,0.013085023,0.012697346,0.0
2025-07-31 20:00:00,solar.bun_library#realenergyintotheload#kwh,BUNDOORA,0.0,-0.85900676,0.013116319,0.012727715,0.0
2025-07-31 21:00:00,solar.bun_library#realenergyintotheload#kwh,BUNDOORA,0.0,0.100860834,-0.010666817,0.0,0.0
2025-07-31 22:00:00,solar.bun_library#realenergyintotheload#kwh,BUNDOORA,0.0,-0.2741642,-0.010666817,0.0,0.0
2025-07-31 23:00:00,solar.bun_library#realenergyintotheload#kwh,BUNDOORA,0.0,-0.7332496,-0.010666817,0.0,0.0
2025-08-01 00:00:00,solar.bun_library#realenergyintotheload#kwh,BUNDOORA,0.0,-0.2946928,-0.010666817,0.0,0.0
2025-08-01 01:00:00,solar.bun_library#realenergyintotheload#kwh,BUNDOORA,0.0,-0.2946928,-0.010666817,0.0,0.0
2025-08-01 02:00:00,solar.bun_library#realenergyintotheload#kwh,BUNDOORA,0.0,-0.2946928,-0.010666817,0.0,0.0
2025-08-01 03:00:00,solar.bun_library#realenergyintotheload#kwh,BUNDOORA,0.0,-0.2946928,-0.010666817,0.0,0.0
2025-08-01 04:00:00,solar.bun_library#realenergyintotheload#kwh,BUNDOORA,0.0,-0.72359055,-0.010666817,0.0,0.0
2025-08-01 05:00:00,solar.bun_library#realenergyintotheload#kwh,BUNDOORA,0.0,-0.72359055,-0.010666817,0.0,0.0
2025-08-01 06:00:00,solar.bun_library#realenergyintotheload#kwh,BUNDOORA,0.0,-0.6073116,-0.010666817,0.0,0.0
2025-08-01 07:00:00,solar.bun_library#realenergyintotheload#kwh,BUNDOORA,0.0,4.3872066,0.005372308,0.00521314,0.0
2025-08-01 08:00:00,solar.bun_library#realenergyintotheload#kwh,BUNDOORA,3.0,0.60970706,8.296354,8.050554,27.0
2025-08-01 09:00:00,solar.bun_library#realenergyintotheload#kwh,BUNDOORA,26.125,-3.8790765,45.196968,43.857895,119.0
2025-08-01 10:00:00,solar.bun_library#realenergyintotheload#kwh,BUNDOORA,37.875,-3.9700124,64.897705,62.97495,177.0
2025-08-01 11:00:00,solar.bun_library#realenergyintotheload#kwh,BUNDOORA,51.5,-5.560678,73.5202,71.34198,210.0
2025-08-01 12:00:00,solar.bun_library#realenergyintotheload#kwh,BUNDOORA,109.375,65.99243,137.21367,133.14838,371.0
2025-08-01 13:00:00,solar.bun_library#realenergyintotheload#kwh,BUNDOORA,204.375,179.95099,207.92221,201.762,536.0
2025-08-01 14:00:00,solar.bun_library#realenergyintotheload#kwh,BUNDOORA,192.375,181.01373,187.15192,181.60707,488.0
2025-08-01 15:00:00,solar.bun_library#realenergyintotheload#kwh,BUNDOORA,142.5,145.41135,143.41553,139.16649,378.0
2025-08-01 16:00:00,solar.bun_library#realenergyintotheload#kwh,BUNDOORA,73.375,73.87243,49.949043,48.469177,147.0
2025-08-01 17:00:00,solar.bun_library#realenergyintotheload#kwh,BUNDOORA,22.125,4.423324,20.535322,19.926912,67.0
2025-08-01 18:00:00,solar.bun_library#realenergyintotheload#kwh,BUNDOORA,0.75,10.598128,0.005372308,0.00521314,0.0
2025-08-01 19:00:00,solar.bun_library#realenergyintotheload#kwh,BUNDOORA,0.0,1.8249613,0.013116319,0.012727715,0.0
2025-08-01 20:00:00,solar.bun_library#realenergyintotheload#kwh,BUNDOORA,0.0,-0.14415649,-0.010666817,0.0,0.0
2025-08-01 21:00:00,solar.bun_library#realenergyintotheload#kwh,BUNDOORA,0.0,-0.17829229,-0.010666817,0.0,0.0
2025-08-01 22:00:00,solar.bun_library#realenergyintotheload#kwh,BUNDOORA,0.0,-1.2368937,-0.010666817,0.0,0.0
2025-08-01 23:00:00,solar.bun_library#realenergyintotheload#kwh,BUNDOORA,0.0,-1.093698,-0.0047182967,0.0,0.0
2025-08-02 00:00:00,solar.bun_library#realenergyintotheload#kwh,BUNDOORA,0.0,-0.32751864,0.003706878,0.0035970525,0.0
2025-08-02 01:00:00,solar.bun_library#realenergyintotheload#kwh,BUNDOORA,0.0,-0.31504628,0.000549627,0.00053334294,0.0
2025-08-02 02:00:00,solar.bun_library#realenergyintotheload#kwh,BUNDOORA,0.0,-0.32751864,-0.007904651,0.0,0.0
2025-08-02 03:00:00,solar.bun_library#realenergyintotheload#kwh,BUNDOORA,0.0,-0.32751864,0.105333135,0.10221238,0.0
2025-08-02 04:00:00,solar.bun_library#realenergyintotheload#kwh,BUNDOORA,0.0,-0.30249763,0.005372308,0.00521314,0.0
2025-08-02 05:00:00,solar.bun_library#realenergyintotheload#kwh,BUNDOORA,0.0,-0.943997,0.013116319,0.012727715,0.0
2025-08-02 06:00:00,solar.bun_library#realenergyintotheload#kwh,BUNDOORA,0.0,-1.0610652,0.013116319,0.012727715,0.0
2025-08-02 07:00:00,solar.bun_library#realenergyintotheload#kwh,BUNDOORA,0.0,1.372383,-0.007904651,0.0,0.0
2025-08-02 08:00:00,solar.bun_library#realenergyintotheload#kwh,BUNDOORA,0.0,0.42056954,7.02496,6.8168283,25.0
2025-08-02 09:00:00,solar.bun_library#realenergyintotheload#kwh,BUNDOORA,0.0,-1.654506,47.672607,46.26019,127.0
2025-08-02 10:00:00,solar.bun_library#realenergyintotheload#kwh,BUNDOORA,0.0,0.78187495,88.32854,85.711586,235.0
2025-08-02 11:00:00,solar.bun_library#realenergyintotheload#kwh,BUNDOORA,0.0,19.405813,162.43643,157.62384,402.0
2025-08-02 12:00:00,solar.bun_library#realenergyintotheload#kwh,BUNDOORA,0.0,111.48955,199.175,193.27394,524.0
2025-08-02 13:00:00,solar.bun_library#realenergyintotheload#kwh,BUNDOORA,0.0,179.7694,205.80319,199.70576,538.0
2025-08-02 14:00:00,solar.bun_library#realenergyintotheload#kwh,BUNDOORA,0.0,172.0534,187.28516,181.73636,493.0
2025-08-02 15:00:00,solar.bun_library#realenergyintotheload#kwh,BUNDOORA,0.0,155.53671,149.88281,145.44215,395.0
2025-08-02 16:00:00,solar.bun_library#realenergyintotheload#kwh,BUNDOORA,0.0,150.22911,94.63808,91.83419,253.0
2025-08-02 17:00:00,solar.bun_library#realenergyintotheload#kwh,BUNDOORA,0.0,72.885376,33.375263,32.386436,92.0
2025-08-02 18:00:00,solar.bun_library#realenergyintotheload#kwh,BUNDOORA,0.0,35.701717,-0.010666817,0.0,0.0
2025-08-02 19:00:00,solar.bun_library#realenergyintotheload#kwh,BUNDOORA,0.0,0.7136739,0.013116319,0.012727715,0.0
2025-08-02 20:00:00,solar.bun_library#realenergyintotheload#kwh,BUNDOORA,0.0,-0.8079958,-0.010666817,0.0,0.0
2025-08-02 21:00:00,solar.bun_library#realenergyintotheload#kwh,BUNDOORA,0.0,-1.2368937,-0.010666817,0.0,0.0
2025-08-02 22:00:00,solar.bun_library#realenergyintotheload#kwh,BUNDOORA,0.0,-0.70306194,-0.010666817,0.0,0.0
2025-08-02 23:00:00,solar.bun_library#realenergyintotheload#kwh,BUNDOORA,0.0,-0.7332496,-0.010666817,0.0,0.0
2025-08-03 00:00:00,solar.bun_library#realenergyintotheload#kwh,BUNDOORA,0.0,-0.48401725,-0.010666817,0.0,0.0
2025-08-03 01:00:00,solar.bun_library#realenergyintotheload#kwh,BUNDOORA,0.0,-0.72359055,-0.010666817,0.0,0.0
2025-08-03 02:00:00,solar.bun_library#realenergyintotheload#kwh,BUNDOORA,0.0,-0.72359055,-0.010666817,0.0,0.0
2025-08-03 03:00:00,solar.bun_library#realenergyintotheload#kwh,BUNDOORA,0.0,-0.72359055,-0.010666817,0.0,0.0
2025-08-03 04:00:00,solar.bun_library#realenergyintotheload#kwh,BUNDOORA,0.0,-0.49618155,-0.0020917845,0.0,0.0
2025-08-03 05:00:00,solar.bun_library#realenergyintotheload#kwh,BUNDOORA,0.0,-0.63937706,-0.010666817,0.0,0.0
2025-08-03 06:00:00,solar.bun_library#realenergyintotheload#kwh,BUNDOORA,0.0,-0.018539606,-0.010666817,0.0,0.0
2025-08-03 07:00:00,solar.bun_library#realenergyintotheload#kwh,BUNDOORA,0.0,-0.5242625,-0.010666817,0.0,0.0
2025-08-03 08:00:00,solar.bun_library#realenergyintotheload#kwh,BUNDOORA,4.5,-1.211319,14.14774,13.728579,38.0
2025-08-03 09:00:00,solar.bun_library#realenergyintotheload#kwh,BUNDOORA,48.25,0.27003503,73.4218,71.24649,196.0
2025-08-03 10:00:00,solar.bun_library#realenergyintotheload#kwh,BUNDOORA,114.875,59.350662,147.22173,142.85991,358.0
2025-08-03 11:00:00,solar.bun_library#realenergyintotheload#kwh,BUNDOORA,173.5,165.12604,184.2308,178.7725,479.0
2025-08-03 12:00:00,solar.bun_library#realenergyintotheload#kwh,BUNDOORA,203.75,151.23279,204.16415,198.11528,549.0
2025-08-03 13:00:00,solar.bun_library#realenergyintotheload#kwh,BUNDOORA,209.375,206.33965,209.16832,202.97119,561.0
2025-08-03 14:00:00,solar.bun_library#realenergyintotheload#kwh,BUNDOORA,197.875,212.72296,178.3188,173.03566,513.0
2025-08-03 15:00:00,solar.bun_library#realenergyintotheload#kwh,BUNDOORA,151.125,153.80249,156.61769,151.9775,411.0
2025-08-03 16:00:00,solar.bun_library#realenergyintotheload#kwh,BUNDOORA,89.875,118.96507,96.90485,94.0338,265.0
2025-08-03 17:00:00,solar.bun_library#realenergyintotheload#kwh,BUNDOORA,19.875,132.04788,33.267334,32.281708,100.0
2025-08-03 18:00:00,solar.bun_library#realenergyintotheload#kwh,BUNDOORA,1.375,82.60397,-0.002890341,0.0,0.0
2025-08-03 19:00:00,solar.bun_library#realenergyintotheload#kwh,BUNDOORA,0.0,12.638728,0.03578354,0.034723364,0.0
2025-08-03 20:00:00,solar.bun_library#realenergyintotheload#kwh,BUNDOORA,0.0,0.26243076,0.03578354,0.034723364,0.0
2025-08-03 21:00:00,solar.bun_library#realenergyintotheload#kwh,BUNDOORA,0.0,0.18159254,-0.001923515,0.0,0.0
2025-08-03 22:00:00,solar.bun_library#realenergyintotheload#kwh,BUNDOORA,0.0,-0.24684362,-0.0097107645,0.0,0.0
2025-08-03 23:00:00,solar.bun_library#realenergyintotheload#kwh,BUNDOORA,0.0,-0.08474289,-0.0097107645,0.0,0.0
2025-08-04 00:00:00,solar.bun_library#realenergyintotheload#kwh,BUNDOORA,0.0,-0.10364807,-0.004749593,0.0,0.0
2025-08-04 01:00:00,solar.bun_library#realenergyintotheload#kwh,BUNDOORA,0.0,0.21804386,-0.0044585583,0.0,0.0
2025-08-04 02:00:00,solar.bun_library#realenergyintotheload#kwh,BUNDOORA,0.0,0.99587643,0.098798916,0.095871754,0.0
2025-08-04 03:00:00,solar.bun_library#realenergyintotheload#kwh,BUNDOORA,0.0,0.6484669,-0.0074369097,0.0,0.0
2025-08-04 04:00:00,solar.bun_library#realenergyintotheload#kwh,BUNDOORA,0.0,-0.14405148,-0.001161912,0.0,0.0
2025-08-04 05:00:00,solar.bun_library#realenergyintotheload#kwh,BUNDOORA,0.0,-0.17125835,0.0031665377,0.0030727212,0.0
2025-08-04 06:00:00,solar.bun_library#realenergyintotheload#kwh,BUNDOORA,0.0,3.662821,0.009415175,0.009136227,0.0
2025-08-04 07:00:00,solar.bun_library#realenergyintotheload#kwh,BUNDOORA,0.0,10.046443,0.011281663,0.010947415,0.0
2025-08-04 08:00:00,solar.bun_library#realenergyintotheload#kwh,BUNDOORA,2.875,37.64,14.182682,13.762485,42.0
2025-08-04 09:00:00,solar.bun_library#realenergyintotheload#kwh,BUNDOORA,37.875,71.81538,59.96069,58.184204,166.0
2025-08-04 10:00:00,solar.bun_library#realenergyintotheload#kwh,BUNDOORA,75.0,153.1302,123.839455,120.1704,325.0
2025-08-04 11:00:00,solar.bun_library#realenergyintotheload#kwh,BUNDOORA,83.875,172.83606,123.67609,120.01187,332.0
2025-08-04 12:00:00,solar.bun_library#realenergyintotheload#kwh,BUNDOORA,92.875,201.92859,154.53049,149.95213,418.0
2025-08-04 13:00:00,solar.bun_library#realenergyintotheload#kwh,BUNDOORA,86.0,168.75098,103.03044,99.977905,297.0
2025-08-04 14:00:00,solar.bun_library#realenergyintotheload#kwh,BUNDOORA,66.75,129.94955,70.238106,68.15713,209.0
2025-08-04 15:00:00,solar.bun_library#realenergyintotheload#kwh,BUNDOORA,48.0,100.3503,49.26373,47.80417,148.0
2025-08-04 16:00:00,solar.bun_library#realenergyintotheload#kwh,BUNDOORA,71.25,87.708626,58.864685,57.12067,171.0
2025-08-04 17:00:00,solar.bun_library#realenergyintotheload#kwh,BUNDOORA,15.125,62.22922,13.813311,13.404057,42.0
2025-08-04 18:00:00,solar.bun_library#realenergyintotheload#kwh,BUNDOORA,3.125,18.819948,-0.26342177,0.0,0.0
2025-08-04 19:00:00,solar.bun_library#realenergyintotheload#kwh,BUNDOORA,0.0,10.1151085,-0.10456628,0.0,0.0
2025-08-04 20:00:00,solar.bun_library#realenergyintotheload#kwh,BUNDOORA,0.0,-0.37136817,-0.0017651576,0.0,0.0
2025-08-04 21:00:00,solar.bun_library#realenergyintotheload#kwh,BUNDOORA,0.0,-1.4307035,0.021646675,0.021005338,0.0
2025-08-04 22:00:00,solar.bun_library#realenergyintotheload#kwh,BUNDOORA,0.0,-1.8278894,0.021646675,0.021005338,0.0
2025-08-04 23:00:00,solar.bun_library#realenergyintotheload#kwh,BUNDOORA,0.0,6.6619945,0.021646675,0.021005338,0.0
2025-08-05 00:00:00,solar.bun_library#realenergyintotheload#kwh,BUNDOORA,0.0,-3.944449,0.021646675,0.021005338,0.0
2025-08-05 01:00:00,solar.bun_library#realenergyintotheload#kwh,BUNDOORA,0.0,0.08992837,0.028469563,0.02762608,0.0
2025-08-05 02:00:00,solar.bun_library#realenergyintotheload#kwh,BUNDOORA,0.0,-1.7668686,-0.042397406,0.0,0.0
2025-08-05 03:00:00,solar.bun_library#realenergyintotheload#kwh,BUNDOORA,0.0,1.3906456,-0.025941517,0.0,0.0
2025-08-05 04:00:00,solar.bun_library#realenergyintotheload#kwh,BUNDOORA,0.0,2.2081244,0.0065916814,0.0063963863,0.0
2025-08-05 05:00:00,solar.bun_library#realenergyintotheload#kwh,BUNDOORA,0.0,0.18046436,0.006083061,0.005902835,0.0
2025-08-05 06:00:00,solar.bun_library#realenergyintotheload#kwh,BUNDOORA,0.0,1.2673293,0.0035793143,0.0034732681,0.0
2025-08-05 07:00:00,solar.bun_library#realenergyintotheload#kwh,BUNDOORA,0.0,5.194422,0.0035793143,0.0034732681,0.0
2025-08-05 08:00:00,solar.bun_library#realenergyintotheload#kwh,BUNDOORA,3.75,9.301885,13.797193,13.388416,44.0
2025-08-05 09:00:00,solar.bun_library#realenergyintotheload#kwh,BUNDOORA,45.625,5.741097,77.26628,74.97707,206.0
2025-08-05 10:00:00,solar.bun_library#realenergyintotheload#kwh,BUNDOORA,116.375,67.453964,142.89392,138.66032,361.0
2025-08-05 11:00:00,solar.bun_library#realenergyintotheload#kwh,BUNDOORA,174.0,56.906162,182.86324,177.44545,481.0
2025-08-05 12:00:00,solar.bun_library#realenergyintotheload#kwh,BUNDOORA,165.875,145.87779,170.82158,165.76056,445.0
2025-08-05 13:00:00,solar.bun_library#realenergyintotheload#kwh,BUNDOORA,119.0,136.3007,144.20776,139.93524,385.0
2025-08-05 14:00:00,solar.bun_library#realenergyintotheload#kwh,BUNDOORA,145.25,170.57922,108.4923,105.27795,291.0
2025-08-05 15:00:00,solar.bun_library#realenergyintotheload#kwh,BUNDOORA,58.0,140.7795,59.476017,57.71389,177.0
2025-08-05 16:00:00,solar.bun_library#realenergyintotheload#kwh,BUNDOORA,74.75,126.601425,63.07784,61.209,187.0
2025-08-05 17:00:00,solar.bun_library#realenergyintotheload#kwh,BUNDOORA,31.875,124.48452,33.116028,32.134884,102.0
2025-08-05 18:00:00,solar.bun_library#realenergyintotheload#kwh,BUNDOORA,1.625,90.287445,0.045883827,0.044524405,0.0
2025-08-05 19:00:00,solar.bun_library#realenergyintotheload#kwh,BUNDOORA,0.0,20.082434,0.029621031,0.028743435,0.0
2025-08-05 20:00:00,solar.bun_library#realenergyintotheload#kwh,BUNDOORA,0.0,0.14434153,0.009415175,0.009136227,0.0
2025-08-05 21:00:00,solar.bun_library#realenergyintotheload#kwh,BUNDOORA,0.0,-1.5872083,0.009246905,0.008972943,0.0
2025-08-05 22:00:00,solar.bun_library#realenergyintotheload#kwh,BUNDOORA,0.0,-2.2650752,0.009415175,0.009136227,0.0
2025-08-05 23:00:00,solar.bun_library#realenergyintotheload#kwh,BUNDOORA,0.0,-1.0532861,0.0035793143,0.0034732681,0.0
2025-08-06 00:00:00,solar.bun_library#realenergyintotheload#kwh,BUNDOORA,0.0,-3.6241612,0.006911428,0.0067066597,0.0
2025-08-06 01:00:00,solar.bun_library#realenergyintotheload#kwh,BUNDOORA,0.0,-0.41956428,0.0035793143,0.0034732681,0.0
2025-08-06 02:00:00,solar.bun_library#realenergyintotheload#kwh,BUNDOORA,0.0,-1.3364764,0.0035793143,0.0034732681,0.0
2025-08-06 03:00:00,solar.bun_library#realenergyintotheload#kwh,BUNDOORA,0.0,2.5595138,-0.024131201,0.0,0.0
2025-08-06 04:00:00,solar.bun_library#realenergyintotheload#kwh,BUNDOORA,0.0,5.3646507,-0.020132083,0.0,0.0
2025-08-06 05:00:00,solar.bun_library#realenergyintotheload#kwh,BUNDOORA,0.0,6.0379853,-0.027876094,0.0,0.0
2025-08-06 06:00:00,solar.bun_library#realenergyintotheload#kwh,BUNDOORA,0.0,5.253255,-0.001161912,0.0,0.0
2025-08-06 07:00:00,solar.bun_library#realenergyintotheload#kwh,BUNDOORA,0.0,14.953953,-0.001161912,0.0,0.0
2025-08-06 08:00:00,solar.bun_library#realenergyintotheload#kwh,BUNDOORA,0.0,4.9321017,6.2712293,6.085428,23.0
2025-08-06 09:00:00,solar.bun_library#realenergyintotheload#kwh,BUNDOORA,0.0,0.13357075,37.863853,36.742043,108.0
2025-08-06 10:00:00,solar.bun_library#realenergyintotheload#kwh,BUNDOORA,0.0,14.574878,128.39769,124.59359,328.0
2025-08-06 11:00:00,solar.bun_library#realenergyintotheload#kwh,BUNDOORA,0.0,43.162395,186.11362,180.59953,484.0
2025-08-06 12:00:00,solar.bun_library#realenergyintotheload#kwh,BUNDOORA,0.0,115.13025,194.48547,188.72336,513.0
2025-08-06 13:00:00,solar.bun_library#realenergyintotheload#kwh,BUNDOORA,0.0,87.273476,124.392685,120.70724,342.0
2025-08-06 14:00:00,solar.bun_library#realenergyintotheload#kwh,BUNDOORA,0.0,89.996315,106.55919,103.40211,297.0
2025-08-06 15:00:00,solar.bun_library#realenergyintotheload#kwh,BUNDOORA,0.0,108.98741,28.946007,28.08841,87.0
2025-08-06 16:00:00,solar.bun_library#realenergyintotheload#kwh,BUNDOORA,0.0,65.28284,60.85624,59.053223,179.0
2025-08-06 17:00:00,solar.bun_library#realenergyintotheload#kwh,BUNDOORA,0.0,36.546886,14.253143,13.830858,47.0
2025-08-06 18:00:00,solar.bun_library#realenergyintotheload#kwh,BUNDOORA,0.0,15.913789,0.016448434,0.015961109,0.0
2025-08-06 19:00:00,solar.bun_library#realenergyintotheload#kwh,BUNDOORA,0.0,3.8241537,0.005372308,0.00521314,0.0
2025-08-06 20:00:00,solar.bun_library#realenergyintotheload#kwh,BUNDOORA,0.0,-0.08398589,0.013116319,0.012727715,0.0
2025-08-06 21:00:00,solar.bun_library#realenergyintotheload#kwh,BUNDOORA,0.0,-0.7189103,0.013116319,0.012727715,0.0
2025-08-06 22:00:00,solar.bun_library#realenergyintotheload#kwh,BUNDOORA,0.0,-0.019775746,0.005372308,0.00521314,0.0
2025-08-06 23:00:00,solar.bun_library#realenergyintotheload#kwh,BUNDOORA,0.0,-0.039512925,0.013116319,0.012727715,0.0
2025-08-07 00:00:00,solar.bun_library#realenergyintotheload#kwh,BUNDOORA,0.0,-0.084866494,0.013116319,0.012727715,0.0
2025-08-07 01:00:00,solar.bun_library#realenergyintotheload#kwh,BUNDOORA,0.0,-0.3280696,-0.010666817,0.0,0.0
2025-08-07 02:00:00,solar.bun_library#realenergyintotheload#kwh,BUNDOORA,0.0,-0.2946928,-0.010666817,0.0,0.0
2025-08-07 03:00:00,solar.bun_library#realenergyintotheload#kwh,BUNDOORA,0.0,-0.32195652,-0.010666817,0.0,0.0
2025-08-07 04:00:00,solar.bun_library#realenergyintotheload#kwh,BUNDOORA,0.0,-0.6247432,-0.010666817,0.0,0.0
2025-08-07 05:00:00,solar.bun_library#realenergyintotheload#kwh,BUNDOORA,0.0,-0.54052967,-0.010666817,0.0,0.0
2025-08-07 06:00:00,solar.bun_library#realenergyintotheload#kwh,BUNDOORA,0.0,3.1576276,-0.010666817,0.0,0.0
2025-08-07 07:00:00,solar.bun_library#realenergyintotheload#kwh,BUNDOORA,0.0,-0.8006134,-0.010666817,0.0,0.0
2025-08-07 08:00:00,solar.bun_library#realenergyintotheload#kwh,BUNDOORA,4.125,6.937481,15.629932,15.166857,43.0
2025-08-07 09:00:00,solar.bun_library#realenergyintotheload#kwh,BUNDOORA,26.125,1.7153817,52.441242,50.88754,148.0
2025-08-07 10:00:00,solar.bun_library#realenergyintotheload#kwh,BUNDOORA,69.875,72.790054,122.28813,118.66504,298.0
2025-08-07 11:00:00,solar.bun_library#realenergyintotheload#kwh,BUNDOORA,92.75,97.83504,128.22754,124.428474,328.0
2025-08-07 12:00:00,solar.bun_library#realenergyintotheload#kwh,BUNDOORA,107.75,147.5397,97.36645,94.48172,275.0
2025-08-07 13:00:00,solar.bun_library#realenergyintotheload#kwh,BUNDOORA,105.0,154.00427,82.71672,80.26603,251.0
2025-08-07 14:00:00,solar.bun_library#realenergyintotheload#kwh,BUNDOORA,83.75,161.35545,73.725876,71.541565,213.0
2025-08-07 15:00:00,solar.bun_library#realenergyintotheload#kwh,BUNDOORA,75.125,134.23053,85.62556,83.088684,248.0
2025-08-07 16:00:00,solar.bun_library#realenergyintotheload#kwh,BUNDOORA,87.0,135.3786,72.49129,70.34355,231.0
2025-08-07 17:00:00,solar.bun_library#realenergyintotheload#kwh,BUNDOORA,32.625,85.59601,26.82848,26.033619,80.0
2025-08-07 18:00:00,solar.bun_library#realenergyintotheload#kwh,BUNDOORA,0.25,14.284675,0.03578354,0.034723364,0.0
2025-08-07 19:00:00,solar.bun_library#realenergyintotheload#kwh,BUNDOORA,0.0,4.015375,0.013116319,0.012727715,0.0
2025-08-07 20:00:00,solar.bun_library#realenergyintotheload#kwh,BUNDOORA,0.0,-0.37244496,0.013116319,0.012727715,0.0
2025-08-07 21:00:00,solar.bun_library#realenergyintotheload#kwh,BUNDOORA,0.0,-0.46123096,0.013116319,0.012727715,0.0
2025-08-07 22:00:00,solar.bun_library#realenergyintotheload#kwh,BUNDOORA,0.0,-0.052886717,0.013116319,0.012727715,0.0
2025-08-07 23:00:00,solar.bun_library#realenergyintotheload#kwh,BUNDOORA,0.0,-0.62498003,-0.010666817,0.0,0.0
2025-08-08 00:00:00,solar.bun_library#realenergyintotheload#kwh,BUNDOORA,0.0,-0.43503398,0.017158153,0.0166498,0.0
2025-08-08 01:00:00,solar.bun_library#realenergyintotheload#kwh,BUNDOORA,0.0,-0.72382736,-0.010666817,0.0,0.0
2025-08-08 02:00:00,solar.bun_library#realenergyintotheload#kwh,BUNDOORA,0.0,-0.6962943,-0.010666817,0.0,0.0
2025-08-08 03:00:00,solar.bun_library#realenergyintotheload#kwh,BUNDOORA,0.0,-0.6962943,-0.010666817,0.0,0.0
2025-08-08 04:00:00,solar.bun_library#realenergyintotheload#kwh,BUNDOORA,0.0,-1.093698,-0.0020917845,0.0,0.0
2025-08-08 05:00:00,solar.bun_library#realenergyintotheload#kwh,BUNDOORA,0.0,-1.2368937,-0.010666817,0.0,0.0
2025-08-08 06:00:00,solar.bun_library#realenergyintotheload#kwh,BUNDOORA,0.0,-0.63035506,-0.010666817,0.0,0.0
2025-08-08 07:00:00,solar.bun_library#realenergyintotheload#kwh,BUNDOORA,0.0,0.2442326,-0.0047182967,0.0,0.0
2025-08-08 08:00:00,solar.bun_library#realenergyintotheload#kwh,BUNDOORA,2.25,-1.1655514,10.785359,10.4658165,36.0
2025-08-08 09:00:00,solar.bun_library#realenergyintotheload#kwh,BUNDOORA,36.5,1.7931743,73.31191,71.13986,193.0
2025-08-08 10:00:00,solar.bun_library#realenergyintotheload#kwh,BUNDOORA,66.875,-8.533979,91.71743,89.00007,248.0
2025-08-08 11:00:00,solar.bun_library#realenergyintotheload#kwh,BUNDOORA,104.375,54.707783,126.10696,122.37072,339.0
2025-08-08 12:00:00,solar.bun_library#realenergyintotheload#kwh,BUNDOORA,129.75,98.59125,183.26927,177.83946,469.0
2025-08-08 13:00:00,solar.bun_library#realenergyintotheload#kwh,BUNDOORA,153.375,205.46883,145.52275,141.21127,393.0
2025-08-08 14:00:00,solar.bun_library#realenergyintotheload#kwh,BUNDOORA,175.125,164.18196,165.19112,160.29692,439.0
2025-08-08 15:00:00,solar.bun_library#realenergyintotheload#kwh,BUNDOORA,105.75,144.92879,126.58639,122.83595,332.0
2025-08-08 16:00:00,solar.bun_library#realenergyintotheload#kwh,BUNDOORA,82.625,105.79816,78.84054,76.50469,230.0
2025-08-08 17:00:00,solar.bun_library#realenergyintotheload#kwh,BUNDOORA,22.0,10.864554,28.74698,27.895279,91.0
2025-08-08 18:00:00,solar.bun_library#realenergyintotheload#kwh,BUNDOORA,1.625,11.873101,0.011928211,0.011574808,0.0
2025-08-08 19:00:00,solar.bun_library#realenergyintotheload#kwh,BUNDOORA,0.0,2.4477706,-0.0019571716,0.0,0.0
2025-08-08 20:00:00,solar.bun_library#realenergyintotheload#kwh,BUNDOORA,0.0,0.2692765,-0.0019258754,0.0,0.0
2025-08-08 21:00:00,solar.bun_library#realenergyintotheload#kwh,BUNDOORA,0.0,-0.09225671,-0.010666817,0.0,0.0
2025-08-08 22:00:00,solar.bun_library#realenergyintotheload#kwh,BUNDOORA,0.0,-1.0862498,-0.010666817,0.0,0.0
2025-08-08 23:00:00,solar.bun_library#realenergyintotheload#kwh,BUNDOORA,0.0,-1.2368937,-0.010666817,0.0,0.0
2025-08-09 00:00:00,solar.bun_library#realenergyintotheload#kwh,BUNDOORA,0.0,-1.2368937,-0.010666817,0.0,0.0
2025-08-09 01:00:00,solar.bun_library#realenergyintotheload#kwh,BUNDOORA,0.0,-1.0402043,0.017158153,0.0166498,0.0
2025-08-09 02:00:00,solar.bun_library#realenergyintotheload#kwh,BUNDOORA,0.0,-0.9643251,-0.007904651,0.0,0.0
2025-08-09 03:00:00,solar.bun_library#realenergyintotheload#kwh,BUNDOORA,0.0,-0.31504628,0.003706878,0.0035970525,0.0
2025-08-09 04:00:00,solar.bun_library#realenergyintotheload#kwh,BUNDOORA,0.0,-0.62667793,0.005372308,0.00521314,0.0
2025-08-09 05:00:00,solar.bun_library#realenergyintotheload#kwh,BUNDOORA,0.0,-0.72382736,-0.010666817,0.0,0.0
2025-08-09 06:00:00,solar.bun_library#realenergyintotheload#kwh,BUNDOORA,0.0,-0.4200755,-0.010666817,0.0,0.0
2025-08-09 07:00:00,solar.bun_library#realenergyintotheload#kwh,BUNDOORA,0.0,2.1031113,0.013116319,0.012727715,0.0
2025-08-09 08:00:00,solar.bun_library#realenergyintotheload#kwh,BUNDOORA,0.0,-1.083837,14.170759,13.750915,41.0
2025-08-09 09:00:00,solar.bun_library#realenergyintotheload#kwh,BUNDOORA,0.0,0.3793099,72.711266,70.557014,196.0
2025-08-09 10:00:00,solar.bun_library#realenergyintotheload#kwh,BUNDOORA,0.0,18.052135,80.265,77.88695,218.0
2025-08-09 11:00:00,solar.bun_library#realenergyintotheload#kwh,BUNDOORA,0.0,171.86629,180.02725,174.6935,465.0
2025-08-09 12:00:00,solar.bun_library#realenergyintotheload#kwh,BUNDOORA,0.0,147.0804,214.20781,207.86137,571.0
2025-08-09 13:00:00,solar.bun_library#realenergyintotheload#kwh,BUNDOORA,0.0,139.1853,216.60995,210.19234,582.0
2025-08-09 14:00:00,solar.bun_library#realenergyintotheload#kwh,BUNDOORA,0.0,213.73367,186.32315,180.80286,533.0
2025-08-09 15:00:00,solar.bun_library#realenergyintotheload#kwh,BUNDOORA,0.0,183.87375,165.08324,160.19223,429.0
2025-08-09 16:00:00,solar.bun_library#realenergyintotheload#kwh,BUNDOORA,0.0,94.37278,101.86336,98.8454,281.0
2025-08-09 17:00:00,solar.bun_library#realenergyintotheload#kwh,BUNDOORA,0.0,131.02858,35.8978,34.83424,112.0
2025-08-09 18:00:00,solar.bun_library#realenergyintotheload#kwh,BUNDOORA,0.0,23.114855,0.0120004015,0.01164486,0.0
2025-08-09 19:00:00,solar.bun_library#realenergyintotheload#kwh,BUNDOORA,0.0,0.7877309,-0.010666817,0.0,0.0
2025-08-09 20:00:00,solar.bun_library#realenergyintotheload#kwh,BUNDOORA,0.0,-0.8079958,-0.010666817,0.0,0.0
2025-08-09 21:00:00,solar.bun_library#realenergyintotheload#kwh,BUNDOORA,0.0,-1.2368937,-0.010666817,0.0,0.0
2025-08-09 22:00:00,solar.bun_library#realenergyintotheload#kwh,BUNDOORA,0.0,-0.6962943,-0.010666817,0.0,0.0
2025-08-09 23:00:00,solar.bun_library#realenergyintotheload#kwh,BUNDOORA,0.0,-0.72382736,-0.010666817,0.0,0.0
2025-08-10 00:00:00,solar.bun_library#realenergyintotheload#kwh,BUNDOORA,0.0,-0.7332496,-0.010666817,0.0,0.0
2025-08-10 01:00:00,solar.bun_library#realenergyintotheload#kwh,BUNDOORA,0.0,-0.48401725,-0.010666817,0.0,0.0
2025-08-10 02:00:00,solar.bun_library#realenergyintotheload#kwh,BUNDOORA,0.0,-0.72359055,-0.010666817,0.0,0.0
2025-08-10 03:00:00,solar.bun_library#realenergyintotheload#kwh,BUNDOORA,0.0,-0.72359055,-0.010666817,0.0,0.0
2025-08-10 04:00:00,solar.bun_library#realenergyintotheload#kwh,BUNDOORA,0.0,-0.72359055,-0.010666817,0.0,0.0
2025-08-10 05:00:00,solar.bun_library#realenergyintotheload#kwh,BUNDOORA,0.0,-0.72359055,-0.010666817,0.0,0.0
2025-08-10 06:00:00,solar.bun_library#realenergyintotheload#kwh,BUNDOORA,0.0,-0.41983873,-0.010666817,0.0,0.0
2025-08-10 07:00:00,solar.bun_library#realenergyintotheload#kwh,BUNDOORA,0.0,0.38408056,-0.010666817,0.0,0.0
2025-08-10 08:00:00,solar.bun_library#realenergyintotheload#kwh,BUNDOORA,5.875,0.0925731,20.169481,19.57191,57.0
2025-08-10 09:00:00,solar.bun_library#realenergyintotheload#kwh,BUNDOORA,54.375,3.927214,86.668724,84.100945,223.0
2025-08-10 10:00:00,solar.bun_library#realenergyintotheload#kwh,BUNDOORA,124.625,77.20173,158.56686,153.86893,384.0
2025-08-10 11:00:00,solar.bun_library#realenergyintotheload#kwh,BUNDOORA,181.125,179.72566,198.65479,192.76913,506.0
2025-08-10 12:00:00,solar.bun_library#realenergyintotheload#kwh,BUNDOORA,209.0,164.52074,212.55734,206.2598,575.0
2025-08-10 13:00:00,solar.bun_library#realenergyintotheload#kwh,BUNDOORA,217.625,171.61264,213.47917,207.15431,584.0
2025-08-10 14:00:00,solar.bun_library#realenergyintotheload#kwh,BUNDOORA,202.875,217.39613,193.02394,187.30513,535.0
2025-08-10 15:00:00,solar.bun_library#realenergyintotheload#kwh,BUNDOORA,157.375,188.26437,166.52098,161.58739,431.0
2025-08-10 16:00:00,solar.bun_library#realenergyintotheload#kwh,BUNDOORA,98.75,117.626595,100.77463,97.788925,284.0
2025-08-10 17:00:00,solar.bun_library#realenergyintotheload#kwh,BUNDOORA,27.0,163.23906,37.21215,36.109646,115.0
2025-08-10 18:00:00,solar.bun_library#realenergyintotheload#kwh,BUNDOORA,1.5,75.885506,0.09180655,0.089086555,0.0
2025-08-10 19:00:00,solar.bun_library#realenergyintotheload#kwh,BUNDOORA,0.0,12.507189,0.016448434,0.015961109,0.0
2025-08-10 20:00:00,solar.bun_library#realenergyintotheload#kwh,BUNDOORA,0.0,0.091157794,-0.001923515,0.0,0.0
2025-08-10 21:00:00,solar.bun_library#realenergyintotheload#kwh,BUNDOORA,0.0,-0.17844175,0.013116319,0.012727715,0.0
2025-08-10 22:00:00,solar.bun_library#realenergyintotheload#kwh,BUNDOORA,0.0,-0.3610693,-0.010666817,0.0,0.0
2025-08-10 23:00:00,solar.bun_library#realenergyintotheload#kwh,BUNDOORA,0.0,-0.597447,-0.010666817,0.0,0.0
2025-08-11 00:00:00,solar.bun_library#realenergyintotheload#kwh,BUNDOORA,0.0,-0.72382736,-0.010666817,0.0,0.0
2025-08-11 01:00:00,solar.bun_library#realenergyintotheload#kwh,BUNDOORA,0.0,-0.48401725,-0.010666817,0.0,0.0
2025-08-11 02:00:00,solar.bun_library#realenergyintotheload#kwh,BUNDOORA,0.0,-0.72359055,-0.010666817,0.0,0.0
2025-08-11 03:00:00,solar.bun_library#realenergyintotheload#kwh,BUNDOORA,0.0,-0.63937706,-0.010666817,0.0,0.0
2025-08-11 04:00:00,solar.bun_library#realenergyintotheload#kwh,BUNDOORA,0.0,-0.63937706,-0.010666817,0.0,0.0
2025-08-11 05:00:00,solar.bun_library#realenergyintotheload#kwh,BUNDOORA,0.0,-0.63937706,-0.010666817,0.0,0.0
2025-08-11 06:00:00,solar.bun_library#realenergyintotheload#kwh,BUNDOORA,0.0,-0.33562514,-0.010666817,0.0,0.0
2025-08-11 07:00:00,solar.bun_library#realenergyintotheload#kwh,BUNDOORA,0.0,0.46829414,-0.010666817,0.0,0.0
2025-08-11 08:00:00,solar.bun_library#realenergyintotheload#kwh,BUNDOORA,6.0,-1.7970856,20.32144,19.719366,60.0
2025-08-11 09:00:00,solar.bun_library#realenergyintotheload#kwh,BUNDOORA,56.125,1.3782834,88.11531,85.50468,228.0
2025-08-11 10:00:00,solar.bun_library#realenergyintotheload#kwh,BUNDOORA,126.375,57.20568,156.53197,151.89432,388.0
2025-08-11 11:00:00,solar.bun_library#realenergyintotheload#kwh,BUNDOORA,182.125,208.96179,198.952,193.05754,509.0
2025-08-11 12:00:00,solar.bun_library#realenergyintotheload#kwh,BUNDOORA,212.75,109.741844,210.27669,204.0467,578.0
2025-08-11 13:00:00,solar.bun_library#realenergyintotheload#kwh,BUNDOORA,226.625,126.16842,214.02986,207.68869,589.0
2025-08-11 14:00:00,solar.bun_library#realenergyintotheload#kwh,BUNDOORA,218.75,200.39352,188.40634,182.82433,528.0
2025-08-11 15:00:00,solar.bun_library#realenergyintotheload#kwh,BUNDOORA,163.875,174.42699,162.46677,157.65327,435.0
2025-08-11 16:00:00,solar.bun_library#realenergyintotheload#kwh,BUNDOORA,100.5,147.3688,97.480896,94.59278,273.0
2025-08-11 17:00:00,solar.bun_library#realenergyintotheload#kwh,BUNDOORA,29.75,133.75134,36.714127,35.626377,119.0
2025-08-11 18:00:00,solar.bun_library#realenergyintotheload#kwh,BUNDOORA,1.625,70.46379,0.06815167,0.0661325,1.0
2025-08-11 19:00:00,solar.bun_library#realenergyintotheload#kwh,BUNDOORA,0.0,22.36411,-0.026123907,0.0,0.0
2025-08-11 20:00:00,solar.bun_library#realenergyintotheload#kwh,BUNDOORA,0.0,-0.12935317,0.0120004015,0.01164486,0.0
2025-08-11 21:00:00,solar.bun_library#realenergyintotheload#kwh,BUNDOORA,0.0,2.289345,-0.0020917845,0.0,0.0
2025-08-11 22:00:00,solar.bun_library#realenergyintotheload#kwh,BUNDOORA,0.0,0.12746999,-0.010666817,0.0,0.0
2025-08-11 23:00:00,solar.bun_library#realenergyintotheload#kwh,BUNDOORA,0.0,-0.32830638,-0.010666817,0.0,0.0
2025-08-12 00:00:00,solar.bun_library#realenergyintotheload#kwh,BUNDOORA,0.0,-0.3760747,-0.010666817,0.0,0.0
2025-08-12 01:00:00,solar.bun_library#realenergyintotheload#kwh,BUNDOORA,0.0,-0.5820687,-0.009679468,0.0,0.0
2025-08-12 02:00:00,solar.bun_library#realenergyintotheload#kwh,BUNDOORA,0.0,-0.18015788,-0.0097107645,0.0,0.0
2025-08-12 03:00:00,solar.bun_library#realenergyintotheload#kwh,BUNDOORA,0.0,-0.18015788,-0.0097107645,0.0,0.0
2025-08-12 04:00:00,solar.bun_library#realenergyintotheload#kwh,BUNDOORA,0.0,-0.03696239,0.013085023,0.012697346,0.0
2025-08-12 05:00:00,solar.bun_library#realenergyintotheload#kwh,BUNDOORA,0.0,-0.2173117,0.013085023,0.012697346,0.0
2025-08-12 06:00:00,solar.bun_library#realenergyintotheload#kwh,BUNDOORA,0.0,3.9746473,-0.001161912,0.0,0.0
2025-08-12 07:00:00,solar.bun_library#realenergyintotheload#kwh,BUNDOORA,0.0,22.96393,0.006083061,0.005902835,0.0
2025-08-12 08:00:00,solar.bun_library#realenergyintotheload#kwh,BUNDOORA,3.75,9.081442,14.991115,14.546966,51.0
2025-08-12 09:00:00,solar.bun_library#realenergyintotheload#kwh,BUNDOORA,39.875,4.4830565,50.795956,49.290997,143.0
2025-08-12 10:00:00,solar.bun_library#realenergyintotheload#kwh,BUNDOORA,69.5,62.43669,108.942535,105.71484,286.0
2025-08-12 11:00:00,solar.bun_library#realenergyintotheload#kwh,BUNDOORA,106.375,144.51175,115.600716,112.17576,317.0
2025-08-12 12:00:00,solar.bun_library#realenergyintotheload#kwh,BUNDOORA,85.5,155.82697,99.07829,96.14285,288.0
2025-08-12 13:00:00,solar.bun_library#realenergyintotheload#kwh,BUNDOORA,84.375,149.21645,74.67859,72.46605,222.0
2025-08-12 14:00:00,solar.bun_library#realenergyintotheload#kwh,BUNDOORA,32.625,138.85396,45.110245,43.773743,137.0
2025-08-12 15:00:00,solar.bun_library#realenergyintotheload#kwh,BUNDOORA,26.0,75.33712,61.66884,59.841743,180.0
2025-08-12 16:00:00,solar.bun_library#realenergyintotheload#kwh,BUNDOORA,26.25,14.145452,36.06027,34.991894,107.0
2025-08-12 17:00:00,solar.bun_library#realenergyintotheload#kwh,BUNDOORA,4.25,31.282295,6.328188,6.1406994,23.0
2025-08-12 18:00:00,solar.bun_library#realenergyintotheload#kwh,BUNDOORA,0.0,7.560786,0.00031668367,0.00030730112,0.0
2025-08-12 19:00:00,solar.bun_library#realenergyintotheload#kwh,BUNDOORA,0.0,1.3887352,0.00031668367,0.00030730112,0.0
2025-08-12 20:00:00,solar.bun_library#realenergyintotheload#kwh,BUNDOORA,0.0,-0.101548456,-0.00015105726,0.0,0.0
2025-08-12 21:00:00,solar.bun_library#realenergyintotheload#kwh,BUNDOORA,0.0,-0.15238386,0.011460471,0.011120926,0.0
2025-08-12 22:00:00,solar.bun_library#realenergyintotheload#kwh,BUNDOORA,0.0,-0.22590092,0.013125903,0.012737015,0.0
2025-08-12 23:00:00,solar.bun_library#realenergyintotheload#kwh,BUNDOORA,0.0,-0.2557715,0.013125903,0.012737015,0.0
2025-08-13 00:00:00,solar.bun_library#realenergyintotheload#kwh,BUNDOORA,0.0,-0.18651971,0.013125903,0.012737015,0.0
2025-08-13 01:00:00,solar.bun_library#realenergyintotheload#kwh,BUNDOORA,0.0,-0.16810846,0.013593643,0.013190897,0.0
2025-08-13 02:00:00,solar.bun_library#realenergyintotheload#kwh,BUNDOORA,0.0,0.44657785,0.020838618,0.020221222,0.0
2025-08-13 03:00:00,solar.bun_library#realenergyintotheload#kwh,BUNDOORA,0.0,-0.0055014472,0.013116319,0.012727715,0.0
2025-08-13 04:00:00,solar.bun_library#realenergyintotheload#kwh,BUNDOORA,0.0,-0.09384307,-0.010666817,0.0,0.0
2025-08-13 05:00:00,solar.bun_library#realenergyintotheload#kwh,BUNDOORA,0.0,-0.6962943,-0.010666817,0.0,0.0
2025-08-13 06:00:00,solar.bun_library#realenergyintotheload#kwh,BUNDOORA,0.0,-0.03798317,-0.0020917845,0.0,0.0
2025-08-13 07:00:00,solar.bun_library#realenergyintotheload#kwh,BUNDOORA,0.0,-0.27332407,-0.010666817,0.0,0.0
2025-08-13 08:00:00,solar.bun_library#realenergyintotheload#kwh,BUNDOORA,0.0,-0.6997658,15.972678,15.499448,54.0
2025-08-13 09:00:00,solar.bun_library#realenergyintotheload#kwh,BUNDOORA,0.0,-2.5104272,52.43858,50.884956,140.0
2025-08-13 10:00:00,solar.bun_library#realenergyintotheload#kwh,BUNDOORA,0.0,4.0200315,103.19378,100.136406,259.0
2025-08-13 11:00:00,solar.bun_library#realenergyintotheload#kwh,BUNDOORA,0.0,21.063885,138.72101,134.61105,363.0
2025-08-13 12:00:00,solar.bun_library#realenergyintotheload#kwh,BUNDOORA,0.0,33.468067,144.48633,140.20557,391.0
2025-08-13 13:00:00,solar.bun_library#realenergyintotheload#kwh,BUNDOORA,0.0,43.33891,168.48737,163.4955,454.0
2025-08-13 14:00:00,solar.bun_library#realenergyintotheload#kwh,BUNDOORA,0.0,114.77498,190.98466,185.32626,506.0
2025-08-13 15:00:00,solar.bun_library#realenergyintotheload#kwh,BUNDOORA,0.0,158.48787,161.43497,156.65205,417.0
2025-08-13 16:00:00,solar.bun_library#realenergyintotheload#kwh,BUNDOORA,0.0,114.62201,103.44543,100.3806,276.0
2025-08-13 17:00:00,solar.bun_library#realenergyintotheload#kwh,BUNDOORA,0.0,61.37545,39.786987,38.6082,122.0
2025-08-13 18:00:00,solar.bun_library#realenergyintotheload#kwh,BUNDOORA,0.0,28.49008,0.012805597,0.012426199,1.0
2025-08-13 19:00:00,solar.bun_library#realenergyintotheload#kwh,BUNDOORA,0.0,0.5747404,-0.0020917845,0.0,0.0
2025-08-13 20:00:00,solar.bun_library#realenergyintotheload#kwh,BUNDOORA,0.0,-0.20534623,0.013116319,0.012727715,0.0
2025-08-13 21:00:00,solar.bun_library#realenergyintotheload#kwh,BUNDOORA,0.0,-0.30077332,-0.010666817,0.0,0.0
2025-08-13 22:00:00,solar.bun_library#realenergyintotheload#kwh,BUNDOORA,0.0,-0.36261418,0.013116319,0.012727715,0.0
2025-08-13 23:00:00,solar.bun_library#realenergyintotheload#kwh,BUNDOORA,0.0,-0.29466027,-0.010666817,0.0,0.0
2025-08-14 00:00:00,solar.bun_library#realenergyintotheload#kwh,BUNDOORA,0.0,-0.72382736,-0.010666817,0.0,0.0
2025-08-14 01:00:00,solar.bun_library#realenergyintotheload#kwh,BUNDOORA,0.0,-0.7332496,-0.010666817,0.0,0.0
2025-08-14 02:00:00,solar.bun_library#realenergyintotheload#kwh,BUNDOORA,0.0,-0.48401725,-0.010666817,0.0,0.0
2025-08-14 03:00:00,solar.bun_library#realenergyintotheload#kwh,BUNDOORA,0.0,-0.48401725,-0.010666817,0.0,0.0
2025-08-14 04:00:00,solar.bun_library#realenergyintotheload#kwh,BUNDOORA,0.0,-0.48401725,-0.010666817,0.0,0.0
2025-08-14 05:00:00,solar.bun_library#realenergyintotheload#kwh,BUNDOORA,0.0,-0.20340046,0.013116319,0.012727715,0.0
2025-08-14 06:00:00,solar.bun_library#realenergyintotheload#kwh,BUNDOORA,0.0,0.36609703,0.005372308,0.00521314,0.0
2025-08-14 07:00:00,solar.bun_library#realenergyintotheload#kwh,BUNDOORA,0.0,3.24816,0.005372308,0.00521314,0.0
2025-08-14 08:00:00,solar.bun_library#realenergyintotheload#kwh,BUNDOORA,6.75,-1.3738916,22.075705,21.421656,69.0
2025-08-14 09:00:00,solar.bun_library#realenergyintotheload#kwh,BUNDOORA,61.0,6.89254,99.27027,96.32914,242.0
2025-08-14 10:00:00,solar.bun_library#realenergyintotheload#kwh,BUNDOORA,133.375,14.272481,159.67485,154.94408,404.0
2025-08-14 11:00:00,solar.bun_library#realenergyintotheload#kwh,BUNDOORA,189.875,125.27817,198.32803,192.45207,527.0
2025-08-14 12:00:00,solar.bun_library#realenergyintotheload#kwh,BUNDOORA,218.625,154.65303,222.10426,215.52386,597.0
2025-08-14 13:00:00,solar.bun_library#realenergyintotheload#kwh,BUNDOORA,227.625,196.03941,224.08345,217.44441,609.0
2025-08-14 14:00:00,solar.bun_library#realenergyintotheload#kwh,BUNDOORA,211.5,234.00894,205.86423,199.76498,560.0
2025-08-14 15:00:00,solar.bun_library#realenergyintotheload#kwh,BUNDOORA,165.375,206.89154,165.20227,160.30774,454.0
2025-08-14 16:00:00,solar.bun_library#realenergyintotheload#kwh,BUNDOORA,106.0,102.713036,94.7699,91.962105,304.0
2025-08-14 17:00:00,solar.bun_library#realenergyintotheload#kwh,BUNDOORA,31.75,127.81795,39.688187,38.512325,131.0
2025-08-14 18:00:00,solar.bun_library#realenergyintotheload#kwh,BUNDOORA,1.5,81.13262,0.15664758,0.1520065,1.0
2025-08-14 19:00:00,solar.bun_library#realenergyintotheload#kwh,BUNDOORA,0.0,31.253815,-0.105663,0.0,0.0
2025-08-14 20:00:00,solar.bun_library#realenergyintotheload#kwh,BUNDOORA,0.0,1.2369382,-0.035280257,0.0,0.0
2025-08-14 21:00:00,solar.bun_library#realenergyintotheload#kwh,BUNDOORA,0.0,2.0032742,0.04214146,0.040892914,0.0
2025-08-14 22:00:00,solar.bun_library#realenergyintotheload#kwh,BUNDOORA,0.0,2.2236516,-0.015190314,0.0,0.0
2025-08-14 23:00:00,solar.bun_library#realenergyintotheload#kwh,BUNDOORA,0.0,-0.08002524,-0.02934758,0.0,0.0
2025-08-15 00:00:00,solar.bun_library#realenergyintotheload#kwh,BUNDOORA,0.0,-1.2355571,0.018460698,0.017913753,0.0
2025-08-15 01:00:00,solar.bun_library#realenergyintotheload#kwh,BUNDOORA,0.0,-0.024792876,0.018460698,0.017913753,0.0
2025-08-15 02:00:00,solar.bun_library#realenergyintotheload#kwh,BUNDOORA,0.0,-1.0089667,0.021605492,0.020965375,0.0
2025-08-15 03:00:00,solar.bun_library#realenergyintotheload#kwh,BUNDOORA,0.0,-1.1893152,0.0008727787,0.0008469205,0.0
2025-08-15 04:00:00,solar.bun_library#realenergyintotheload#kwh,BUNDOORA,0.0,-1.3820628,0.01755872,0.017038498,0.0
2025-08-15 05:00:00,solar.bun_library#realenergyintotheload#kwh,BUNDOORA,0.0,-0.93032485,0.016591854,0.01610028,0.0
2025-08-15 06:00:00,solar.bun_library#realenergyintotheload#kwh,BUNDOORA,0.0,10.592031,-0.012397595,0.0,0.0
2025-08-15 07:00:00,solar.bun_library#realenergyintotheload#kwh,BUNDOORA,0.0,11.106747,-0.002036963,0.0,0.0
2025-08-15 08:00:00,solar.bun_library#realenergyintotheload#kwh,BUNDOORA,1.0,14.193256,8.144078,7.9027896,28.0
2025-08-15 09:00:00,solar.bun_library#realenergyintotheload#kwh,BUNDOORA,9.375,36.92839,31.899189,30.954096,85.0
2025-08-15 10:00:00,solar.bun_library#realenergyintotheload#kwh,BUNDOORA,29.625,113.98186,62.74149,60.882614,175.0
2025-08-15 11:00:00,solar.bun_library#realenergyintotheload#kwh,BUNDOORA,49.125,137.24213,60.07785,58.297894,176.0
2025-08-15 12:00:00,solar.bun_library#realenergyintotheload#kwh,BUNDOORA,37.25,110.92879,32.55377,31.589281,99.0
2025-08-15 13:00:00,solar.bun_library#realenergyintotheload#kwh,BUNDOORA,23.0,115.69337,32.546566,31.582293,100.0
2025-08-15 14:00:00,solar.bun_library#realenergyintotheload#kwh,BUNDOORA,64.125,157.51895,76.64055,74.36988,229.0
2025-08-15 15:00:00,solar.bun_library#realenergyintotheload#kwh,BUNDOORA,23.125,96.92169,21.067883,20.443693,63.0
2025-08-15 16:00:00,solar.bun_library#realenergyintotheload#kwh,BUNDOORA,13.5,19.448666,22.1055,21.45057,70.0
2025-08-15 17:00:00,solar.bun_library#realenergyintotheload#kwh,BUNDOORA,22.5,-2.8983645,22.582928,21.913853,74.0
2025-08-15 18:00:00,solar.bun_library#realenergyintotheload#kwh,BUNDOORA,1.625,3.9261549,0.029122386,0.028259562,1.0
2025-08-15 19:00:00,solar.bun_library#realenergyintotheload#kwh,BUNDOORA,0.0,0.6519164,0.011928211,0.011574808,0.0
2025-08-15 20:00:00,solar.bun_library#realenergyintotheload#kwh,BUNDOORA,0.0,-0.42954084,0.005840049,0.005667023,0.0
2025-08-15 21:00:00,solar.bun_library#realenergyintotheload#kwh,BUNDOORA,0.0,0.28957385,0.013116319,0.012727715,0.0
2025-08-15 22:00:00,solar.bun_library#realenergyintotheload#kwh,BUNDOORA,0.0,-0.8863821,0.003706878,0.0035970525,0.0
2025-08-15 23:00:00,solar.bun_library#realenergyintotheload#kwh,BUNDOORA,0.0,-0.059748277,0.013116319,0.012727715,0.0
2025-08-16 00:00:00,solar.bun_library#realenergyintotheload#kwh,BUNDOORA,0.0,-0.3760747,-0.010666817,0.0,0.0
2025-08-16 01:00:00,solar.bun_library#realenergyintotheload#kwh,BUNDOORA,0.0,-0.3760747,-0.010666817,0.0,0.0
2025-08-16 02:00:00,solar.bun_library#realenergyintotheload#kwh,BUNDOORA,0.0,-0.60309434,0.005840049,0.005667023,0.0
2025-08-16 03:00:00,solar.bun_library#realenergyintotheload#kwh,BUNDOORA,0.0,-0.71807,0.01358406,0.013181598,0.0
2025-08-16 04:00:00,solar.bun_library#realenergyintotheload#kwh,BUNDOORA,0.0,-0.5167956,0.004174618,0.0040509347,0.0
2025-08-16 05:00:00,solar.bun_library#realenergyintotheload#kwh,BUNDOORA,0.0,-0.5686492,0.005840049,0.005667023,0.0
2025-08-16 06:00:00,solar.bun_library#realenergyintotheload#kwh,BUNDOORA,0.0,0.8905255,0.01358406,0.013181598,0.0
2025-08-16 07:00:00,solar.bun_library#realenergyintotheload#kwh,BUNDOORA,0.0,4.7444935,0.01358406,0.013181598,0.0
2025-08-16 08:00:00,solar.bun_library#realenergyintotheload#kwh,BUNDOORA,0.0,-1.69323,18.786367,18.229774,56.0
2025-08-16 09:00:00,solar.bun_library#realenergyintotheload#kwh,BUNDOORA,0.0,4.144643,76.94911,74.669304,200.0
2025-08-16 10:00:00,solar.bun_library#realenergyintotheload#kwh,BUNDOORA,0.0,24.060675,167.50247,162.5398,415.0
2025-08-16 11:00:00,solar.bun_library#realenergyintotheload#kwh,BUNDOORA,0.0,19.48484,205.54643,199.4566,536.0
2025-08-16 12:00:00,solar.bun_library#realenergyintotheload#kwh,BUNDOORA,0.0,88.84833,207.94325,201.78241,554.0
2025-08-16 13:00:00,solar.bun_library#realenergyintotheload#kwh,BUNDOORA,0.0,137.15161,229.62755,222.82426,618.0
2025-08-16 14:00:00,solar.bun_library#realenergyintotheload#kwh,BUNDOORA,0.0,136.9289,123.00202,119.35778,337.0
2025-08-16 15:00:00,solar.bun_library#realenergyintotheload#kwh,BUNDOORA,0.0,167.04404,163.08208,158.25037,410.0
2025-08-16 16:00:00,solar.bun_library#realenergyintotheload#kwh,BUNDOORA,0.0,94.47217,75.744965,73.50083,229.0
2025-08-16 17:00:00,solar.bun_library#realenergyintotheload#kwh,BUNDOORA,0.0,104.62255,16.972649,16.469791,54.0
2025-08-16 18:00:00,solar.bun_library#realenergyintotheload#kwh,BUNDOORA,0.0,48.15631,0.02710674,0.026303634,1.0
2025-08-16 19:00:00,solar.bun_library#realenergyintotheload#kwh,BUNDOORA,0.0,10.693737,0.005372308,0.00521314,0.0
2025-08-16 20:00:00,solar.bun_library#realenergyintotheload#kwh,BUNDOORA,0.0,-0.30742592,0.013116319,0.012727715,0.0
2025-08-16 21:00:00,solar.bun_library#realenergyintotheload#kwh,BUNDOORA,0.0,-0.34150562,0.013116319,0.012727715,0.0
2025-08-16 22:00:00,solar.bun_library#realenergyintotheload#kwh,BUNDOORA,0.0,0.08807601,-0.0020917845,0.0,0.0
2025-08-16 23:00:00,solar.bun_library#realenergyintotheload#kwh,BUNDOORA,0.0,-0.0657786,-0.010666817,0.0,0.0
2025-08-17 00:00:00,solar.bun_library#realenergyintotheload#kwh,BUNDOORA,0.0,-0.07305117,-0.010666817,0.0,0.0
2025-08-17 01:00:00,solar.bun_library#realenergyintotheload#kwh,BUNDOORA,0.0,-0.37583795,-0.010666817,0.0,0.0
2025-08-17 02:00:00,solar.bun_library#realenergyintotheload#kwh,BUNDOORA,0.0,0.15777817,-0.010666817,0.0,0.0
2025-08-17 03:00:00,solar.bun_library#realenergyintotheload#kwh,BUNDOORA,0.0,-0.17005935,-0.010666817,0.0,0.0
2025-08-17 04:00:00,solar.bun_library#realenergyintotheload#kwh,BUNDOORA,0.0,0.11000979,-0.010666817,0.0,0.0
2025-08-17 05:00:00,solar.bun_library#realenergyintotheload#kwh,BUNDOORA,0.0,-0.30027443,0.013116319,0.012727715,0.0
2025-08-17 06:00:00,solar.bun_library#realenergyintotheload#kwh,BUNDOORA,0.0,1.3374792,-0.010666817,0.0,0.0
2025-08-17 07:00:00,solar.bun_library#realenergyintotheload#kwh,BUNDOORA,0.0,1.3428876,-0.004749593,0.0,0.0
2025-08-17 08:00:00,solar.bun_library#realenergyintotheload#kwh,BUNDOORA,12.125,-4.02027,27.105618,26.302546,76.0
2025-08-17 09:00:00,solar.bun_library#realenergyintotheload#kwh,BUNDOORA,40.5,1.1056045,61.2249,59.410957,171.0
2025-08-17 10:00:00,solar.bun_library#realenergyintotheload#kwh,BUNDOORA,41.375,-4.077026,73.65487,71.47266,204.0
2025-08-17 11:00:00,solar.bun_library#realenergyintotheload#kwh,BUNDOORA,190.0,42.87642,202.3693,196.3736,533.0
2025-08-17 12:00:00,solar.bun_library#realenergyintotheload#kwh,BUNDOORA,183.625,60.876102,219.8585,213.34465,589.0
2025-08-17 13:00:00,solar.bun_library#realenergyintotheload#kwh,BUNDOORA,166.75,85.60974,171.13245,166.06223,465.0
2025-08-17 14:00:00,solar.bun_library#realenergyintotheload#kwh,BUNDOORA,113.75,56.482357,132.32343,128.40302,356.0
2025-08-17 15:00:00,solar.bun_library#realenergyintotheload#kwh,BUNDOORA,100.375,51.890057,99.69429,96.7406,279.0
2025-08-17 16:00:00,solar.bun_library#realenergyintotheload#kwh,BUNDOORA,27.0,88.53571,26.07621,25.303637,80.0
2025-08-17 17:00:00,solar.bun_library#realenergyintotheload#kwh,BUNDOORA,13.125,69.96056,14.691077,14.255817,48.0
2025-08-17 18:00:00,solar.bun_library#realenergyintotheload#kwh,BUNDOORA,1.625,56.604908,0.17185903,0.16676727,2.0
2025-08-17 19:00:00,solar.bun_library#realenergyintotheload#kwh,BUNDOORA,0.0,6.938879,0.10866525,0.10544577,0.0
2025-08-17 20:00:00,solar.bun_library#realenergyintotheload#kwh,BUNDOORA,0.0,-0.7808583,0.005372308,0.00521314,0.0
2025-08-17 21:00:00,solar.bun_library#realenergyintotheload#kwh,BUNDOORA,0.0,-0.8043661,0.013116319,0.012727715,0.0
2025-08-17 22:00:00,solar.bun_library#realenergyintotheload#kwh,BUNDOORA,0.0,-0.3045504,0.013116319,0.012727715,0.0
2025-08-17 23:00:00,solar.bun_library#realenergyintotheload#kwh,BUNDOORA,0.0,-0.43503398,0.013116319,0.012727715,0.0
2025-08-18 00:00:00,solar.bun_library#realenergyintotheload#kwh,BUNDOORA,0.0,-0.30635107,0.013116319,0.012727715,0.0
2025-08-18 01:00:00,solar.bun_library#realenergyintotheload#kwh,BUNDOORA,0.0,-0.15040332,0.013116319,0.012727715,0.0
2025-08-18 02:00:00,solar.bun_library#realenergyintotheload#kwh,BUNDOORA,0.0,-0.72359055,-0.010666817,0.0,0.0
2025-08-18 03:00:00,solar.bun_library#realenergyintotheload#kwh,BUNDOORA,0.0,-0.13611244,0.013116319,0.012727715,0.0
2025-08-18 04:00:00,solar.bun_library#realenergyintotheload#kwh,BUNDOORA,0.0,-0.37306497,0.013116319,0.012727715,0.0
2025-08-18 05:00:00,solar.bun_library#realenergyintotheload#kwh,BUNDOORA,0.0,-0.40385512,0.005372308,0.00521314,0.0
2025-08-18 06:00:00,solar.bun_library#realenergyintotheload#kwh,BUNDOORA,0.0,1.2399884,-0.010666817,0.0,0.0
2025-08-18 07:00:00,solar.bun_library#realenergyintotheload#kwh,BUNDOORA,0.0,0.5088566,0.013116319,0.012727715,0.0
2025-08-18 08:00:00,solar.bun_library#realenergyintotheload#kwh,BUNDOORA,5.625,-0.66101944,19.947971,19.356962,58.0
2025-08-18 09:00:00,solar.bun_library#realenergyintotheload#kwh,BUNDOORA,20.0,-6.5978217,50.29308,48.80302,136.0
2025-08-18 10:00:00,solar.bun_library#realenergyintotheload#kwh,BUNDOORA,31.75,35.010696,56.587334,54.910793,160.0
2025-08-18 11:00:00,solar.bun_library#realenergyintotheload#kwh,BUNDOORA,58.125,132.8083,70.437744,68.35085,205.0
2025-08-18 12:00:00,solar.bun_library#realenergyintotheload#kwh,BUNDOORA,45.875,138.89987,45.51218,44.16377,129.0
2025-08-18 13:00:00,solar.bun_library#realenergyintotheload#kwh,BUNDOORA,44.125,160.09802,45.973873,44.611782,129.0
2025-08-18 14:00:00,solar.bun_library#realenergyintotheload#kwh,BUNDOORA,61.25,132.6106,61.95297,60.11746,180.0
2025-08-18 15:00:00,solar.bun_library#realenergyintotheload#kwh,BUNDOORA,89.125,123.11314,101.900566,98.88151,275.0
2025-08-18 16:00:00,solar.bun_library#realenergyintotheload#kwh,BUNDOORA,72.25,142.40971,74.975815,72.75447,210.0
2025-08-18 17:00:00,solar.bun_library#realenergyintotheload#kwh,BUNDOORA,25.0,92.32998,22.149868,21.493622,69.0
2025-08-18 18:00:00,solar.bun_library#realenergyintotheload#kwh,BUNDOORA,3.25,76.16719,0.20373261,0.19769652,2.0
2025-08-18 19:00:00,solar.bun_library#realenergyintotheload#kwh,BUNDOORA,0.0,23.986164,0.024662439,0.023931753,0.0
2025-08-18 20:00:00,solar.bun_library#realenergyintotheload#kwh,BUNDOORA,0.0,1.167742,-0.0067546405,0.0,0.0
2025-08-18 21:00:00,solar.bun_library#realenergyintotheload#kwh,BUNDOORA,0.0,0.53857064,0.016448434,0.015961109,0.0
2025-08-18 22:00:00,solar.bun_library#realenergyintotheload#kwh,BUNDOORA,0.0,-8.733384e-05,-0.010666817,0.0,0.0
2025-08-18 23:00:00,solar.bun_library#realenergyintotheload#kwh,BUNDOORA,0.0,-0.14500865,-0.010666817,0.0,0.0
2025-08-19 00:00:00,solar.bun_library#realenergyintotheload#kwh,BUNDOORA,0.0,-0.19277702,-0.010666817,0.0,0.0
2025-08-19 01:00:00,solar.bun_library#realenergyintotheload#kwh,BUNDOORA,0.0,-0.24385601,-0.010666817,0.0,0.0
2025-08-19 02:00:00,solar.bun_library#realenergyintotheload#kwh,BUNDOORA,0.0,-0.21047926,-0.010666817,0.0,0.0
2025-08-19 03:00:00,solar.bun_library#realenergyintotheload#kwh,BUNDOORA,0.0,-0.63937706,-0.010666817,0.0,0.0
2025-08-19 04:00:00,solar.bun_library#realenergyintotheload#kwh,BUNDOORA,0.0,-0.63937706,-0.010666817,0.0,0.0
2025-08-19 05:00:00,solar.bun_library#realenergyintotheload#kwh,BUNDOORA,0.0,-0.63937706,-0.010666817,0.0,0.0
2025-08-19 06:00:00,solar.bun_library#realenergyintotheload#kwh,BUNDOORA,0.0,0.7818418,-0.010666817,0.0,0.0
2025-08-19 07:00:00,solar.bun_library#realenergyintotheload#kwh,BUNDOORA,0.0,1.2185466,-0.010666817,0.0,0.0
2025-08-19 08:00:00,solar.bun_library#realenergyintotheload#kwh,BUNDOORA,10.625,-0.31791258,36.36284,35.2855,92.0
2025-08-19 09:00:00,solar.bun_library#realenergyintotheload#kwh,BUNDOORA,72.5,18.682217,112.99375,109.64603,274.0
2025-08-19 10:00:00,solar.bun_library#realenergyintotheload#kwh,BUNDOORA,145.875,-1.3474582,176.13354,170.91515,438.0
2025-08-19 11:00:00,solar.bun_library#realenergyintotheload#kwh,BUNDOORA,199.75,162.72165,217.36713,210.92708,562.0
2025-08-19 12:00:00,solar.bun_library#realenergyintotheload#kwh,BUNDOORA,227.5,158.37679,230.74803,223.91154,631.0
2025-08-19 13:00:00,solar.bun_library#realenergyintotheload#kwh,BUNDOORA,235.25,202.29065,231.83038,224.96182,640.0
2025-08-19 14:00:00,solar.bun_library#realenergyintotheload#kwh,BUNDOORA,222.0,196.48524,211.90543,205.6272,587.0
2025-08-19 15:00:00,solar.bun_library#realenergyintotheload#kwh,BUNDOORA,177.125,171.4489,174.18501,169.02435,479.0
2025-08-19 16:00:00,solar.bun_library#realenergyintotheload#kwh,BUNDOORA,114.125,135.16153,122.01677,118.40172,324.0
2025-08-19 17:00:00,solar.bun_library#realenergyintotheload#kwh,BUNDOORA,37.75,133.15785,42.9374,41.66527,145.0
2025-08-19 18:00:00,solar.bun_library#realenergyintotheload#kwh,BUNDOORA,3.25,70.02276,0.5898223,0.57234734,4.0
2025-08-19 19:00:00,solar.bun_library#realenergyintotheload#kwh,BUNDOORA,0.0,18.638254,0.03558409,0.03452982,0.0
2025-08-19 20:00:00,solar.bun_library#realenergyintotheload#kwh,BUNDOORA,0.0,-0.17033073,-0.0020917845,0.0,0.0
2025-08-19 21:00:00,solar.bun_library#realenergyintotheload#kwh,BUNDOORA,0.0,-0.6247432,-0.010666817,0.0,0.0
2025-08-19 22:00:00,solar.bun_library#realenergyintotheload#kwh,BUNDOORA,0.0,-0.6247432,-0.010666817,0.0,0.0
2025-08-19 23:00:00,solar.bun_library#realenergyintotheload#kwh,BUNDOORA,0.0,-0.6247432,-0.010666817,0.0,0.0
2025-08-20 00:00:00,solar.bun_library#realenergyintotheload#kwh,BUNDOORA,0.0,-0.11163187,-0.010666817,0.0,0.0
2025-08-20 01:00:00,solar.bun_library#realenergyintotheload#kwh,BUNDOORA,0.0,-0.21047926,-0.010666817,0.0,0.0
2025-08-20 02:00:00,solar.bun_library#realenergyintotheload#kwh,BUNDOORA,0.0,-0.21047926,-0.010666817,0.0,0.0
2025-08-20 03:00:00,solar.bun_library#realenergyintotheload#kwh,BUNDOORA,0.0,-0.21047926,-0.010666817,0.0,0.0
2025-08-20 04:00:00,solar.bun_library#realenergyintotheload#kwh,BUNDOORA,0.0,-0.24385601,-0.010666817,0.0,0.0
2025-08-20 05:00:00,solar.bun_library#realenergyintotheload#kwh,BUNDOORA,0.0,-0.24385601,-0.010666817,0.0,0.0
2025-08-20 06:00:00,solar.bun_library#realenergyintotheload#kwh,BUNDOORA,0.0,1.2864002,-0.010666817,0.0,0.0
2025-08-20 07:00:00,solar.bun_library#realenergyintotheload#kwh,BUNDOORA,0.0,0.13336666,-0.010666817,0.0,0.0
2025-08-20 08:00:00,solar.bun_library#realenergyintotheload#kwh,BUNDOORA,0.0,0.45582056,37.443417,36.33406,96.0
2025-08-20 09:00:00,solar.bun_library#realenergyintotheload#kwh,BUNDOORA,0.0,16.315077,113.12634,109.77469,277.0
2025-08-20 10:00:00,solar.bun_library#realenergyintotheload#kwh,BUNDOORA,0.0,116.63372,172.61171,167.49765,439.0
2025-08-20 11:00:00,solar.bun_library#realenergyintotheload#kwh,BUNDOORA,0.0,145.72862,208.89633,202.70726,561.0
2025-08-20 12:00:00,solar.bun_library#realenergyintotheload#kwh,BUNDOORA,0.0,170.64357,227.1091,220.38043,630.0
2025-08-20 13:00:00,solar.bun_library#realenergyintotheload#kwh,BUNDOORA,0.0,188.25887,229.36586,222.57033,639.0
2025-08-20 14:00:00,solar.bun_library#realenergyintotheload#kwh,BUNDOORA,0.0,224.08267,209.84422,203.62706,587.0
2025-08-20 15:00:00,solar.bun_library#realenergyintotheload#kwh,BUNDOORA,0.0,210.1607,172.44095,167.33195,478.0
2025-08-20 16:00:00,solar.bun_library#realenergyintotheload#kwh,BUNDOORA,0.0,136.26102,118.72505,115.20753,325.0
2025-08-20 17:00:00,solar.bun_library#realenergyintotheload#kwh,BUNDOORA,0.0,125.883606,46.433826,45.05811,149.0
2025-08-20 18:00:00,solar.bun_library#realenergyintotheload#kwh,BUNDOORA,0.0,85.60964,0.58341926,0.56613404,4.0
2025-08-20 19:00:00,solar.bun_library#realenergyintotheload#kwh,BUNDOORA,0.0,26.938566,0.055872023,0.054216675,0.0
2025-08-20 20:00:00,solar.bun_library#realenergyintotheload#kwh,BUNDOORA,0.0,2.891046,0.021210648,0.020582229,0.0
2025-08-20 21:00:00,solar.bun_library#realenergyintotheload#kwh,BUNDOORA,0.0,-0.5309003,0.021210648,0.020582229,0.0
2025-08-20 22:00:00,solar.bun_library#realenergyintotheload#kwh,BUNDOORA,0.0,-1.3595754,-0.049907047,0.0,0.0
2025-08-20 23:00:00,solar.bun_library#realenergyintotheload#kwh,BUNDOORA,0.0,0.52068734,0.0120004015,0.01164486,0.0
2025-08-21 00:00:00,solar.bun_library#realenergyintotheload#kwh,BUNDOORA,0.0,-0.54052967,-0.010666817,0.0,0.0
2025-08-21 01:00:00,solar.bun_library#realenergyintotheload#kwh,BUNDOORA,0.0,-0.3365903,-0.010666817,0.0,0.0
2025-08-21 02:00:00,solar.bun_library#realenergyintotheload#kwh,BUNDOORA,0.0,-0.63937706,-0.010666817,0.0,0.0
2025-08-21 03:00:00,solar.bun_library#realenergyintotheload#kwh,BUNDOORA,0.0,-0.63937706,-0.010666817,0.0,0.0
2025-08-21 04:00:00,solar.bun_library#realenergyintotheload#kwh,BUNDOORA,0.0,-0.63937706,-0.010666817,0.0,0.0
2025-08-21 05:00:00,solar.bun_library#realenergyintotheload#kwh,BUNDOORA,0.0,-0.63937706,-0.010666817,0.0,0.0
2025-08-21 06:00:00,solar.bun_library#realenergyintotheload#kwh,BUNDOORA,0.0,0.7818418,-0.010666817,0.0,0.0
2025-08-21 07:00:00,solar.bun_library#realenergyintotheload#kwh,BUNDOORA,0.0,0.036842912,-0.010666817,0.0,0.0
2025-08-21 08:00:00,solar.bun_library#realenergyintotheload#kwh,BUNDOORA,12.125,0.4865803,36.867817,35.775517,97.0
2025-08-21 09:00:00,solar.bun_library#realenergyintotheload#kwh,BUNDOORA,74.375,11.06346,109.90741,106.65113,274.0
2025-08-21 10:00:00,solar.bun_library#realenergyintotheload#kwh,BUNDOORA,145.75,145.39436,171.38193,166.3043,439.0
2025-08-21 11:00:00,solar.bun_library#realenergyintotheload#kwh,BUNDOORA,196.5,142.23282,207.99763,201.83519,560.0
2025-08-21 12:00:00,solar.bun_library#realenergyintotheload#kwh,BUNDOORA,222.125,182.7406,224.56534,217.91203,626.0
2025-08-21 13:00:00,solar.bun_library#realenergyintotheload#kwh,BUNDOORA,229.0,250.08163,227.94159,221.18825,632.0
2025-08-21 14:00:00,solar.bun_library#realenergyintotheload#kwh,BUNDOORA,214.125,235.27689,210.7059,204.46321,579.0
2025-08-21 15:00:00,solar.bun_library#realenergyintotheload#kwh,BUNDOORA,169.625,211.89482,170.13629,165.09558,473.0
2025-08-21 16:00:00,solar.bun_library#realenergyintotheload#kwh,BUNDOORA,110.125,152.90887,115.68393,112.2565,321.0
2025-08-21 17:00:00,solar.bun_library#realenergyintotheload#kwh,BUNDOORA,37.375,171.18317,46.00395,44.640965,145.0
2025-08-21 18:00:00,solar.bun_library#realenergyintotheload#kwh,BUNDOORA,3.75,64.09,0.27502584,0.2668775,3.0
2025-08-21 19:00:00,solar.bun_library#realenergyintotheload#kwh,BUNDOORA,0.0,18.54394,0.09388014,0.0910987,0.0
2025-08-21 20:00:00,solar.bun_library#realenergyintotheload#kwh,BUNDOORA,0.0,2.2533054,0.027840078,0.027015246,0.0
2025-08-21 21:00:00,solar.bun_library#realenergyintotheload#kwh,BUNDOORA,0.0,-1.173028,0.035793122,0.034732662,0.0
2025-08-21 22:00:00,solar.bun_library#realenergyintotheload#kwh,BUNDOORA,0.0,-0.3505226,0.016458016,0.015970405,0.0
2025-08-21 23:00:00,solar.bun_library#realenergyintotheload#kwh,BUNDOORA,0.0,0.2548694,0.016417138,0.01593074,0.0
2025-08-22 00:00:00,solar.bun_library#realenergyintotheload#kwh,BUNDOORA,0.0,0.038448595,0.005840049,0.005667023,0.0
2025-08-22 01:00:00,solar.bun_library#realenergyintotheload#kwh,BUNDOORA,0.0,-0.15338026,0.005840049,0.005667023,0.0
2025-08-22 02:00:00,solar.bun_library#realenergyintotheload#kwh,BUNDOORA,0.0,-0.15338026,0.005840049,0.005667023,0.0
2025-08-22 03:00:00,solar.bun_library#realenergyintotheload#kwh,BUNDOORA,0.0,-0.14090788,0.004174618,0.0040509347,0.0
2025-08-22 04:00:00,solar.bun_library#realenergyintotheload#kwh,BUNDOORA,0.0,-0.15338026,0.005840049,0.005667023,0.0
2025-08-22 05:00:00,solar.bun_library#realenergyintotheload#kwh,BUNDOORA,0.0,-0.19276148,0.005840049,0.005667023,0.0
2025-08-22 06:00:00,solar.bun_library#realenergyintotheload#kwh,BUNDOORA,0.0,4.878673,0.01358406,0.013181598,0.0
2025-08-22 07:00:00,solar.bun_library#realenergyintotheload#kwh,BUNDOORA,0.125,16.564386,-0.0074369097,0.0,0.0
2025-08-22 08:00:00,solar.bun_library#realenergyintotheload#kwh,BUNDOORA,12.0,-0.75041,18.404484,17.859205,70.0
2025-08-22 09:00:00,solar.bun_library#realenergyintotheload#kwh,BUNDOORA,40.125,12.808203,56.004032,54.344772,159.0
2025-08-22 10:00:00,solar.bun_library#realenergyintotheload#kwh,BUNDOORA,71.625,63.251724,108.40223,105.190544,298.0
2025-08-22 11:00:00,solar.bun_library#realenergyintotheload#kwh,BUNDOORA,102.625,37.229305,70.71168,68.61667,206.0
2025-08-22 12:00:00,solar.bun_library#realenergyintotheload#kwh,BUNDOORA,113.25,143.22307,172.29474,167.19008,478.0
2025-08-22 13:00:00,solar.bun_library#realenergyintotheload#kwh,BUNDOORA,179.625,176.0871,182.58246,177.17299,525.0
2025-08-22 14:00:00,solar.bun_library#realenergyintotheload#kwh,BUNDOORA,173.75,152.32408,170.86438,165.8021,470.0
2025-08-22 15:00:00,solar.bun_library#realenergyintotheload#kwh,BUNDOORA,78.5,142.90802,77.50162,75.20544,220.0
2025-08-22 16:00:00,solar.bun_library#realenergyintotheload#kwh,BUNDOORA,76.375,138.82858,81.1819,78.77668,229.0
2025-08-22 17:00:00,solar.bun_library#realenergyintotheload#kwh,BUNDOORA,28.125,46.188988,15.12346,14.675389,51.0
2025-08-22 18:00:00,solar.bun_library#realenergyintotheload#kwh,BUNDOORA,1.625,49.612083,0.03369437,0.03269609,1.0
2025-08-22 19:00:00,solar.bun_library#realenergyintotheload#kwh,BUNDOORA,0.0,12.883119,0.0046451343,0.0045075105,0.0
2025-08-22 20:00:00,solar.bun_library#realenergyintotheload#kwh,BUNDOORA,0.0,1.0866058,0.0046451343,0.0045075105,0.0
2025-08-22 21:00:00,solar.bun_library#realenergyintotheload#kwh,BUNDOORA,0.0,1.2452575,0.00031668367,0.00030730112,0.0
2025-08-22 22:00:00,solar.bun_library#realenergyintotheload#kwh,BUNDOORA,0.0,0.8445881,0.0065916814,0.0063963863,0.0
2025-08-22 23:00:00,solar.bun_library#realenergyintotheload#kwh,BUNDOORA,0.0,0.12741089,0.013836655,0.013426709,0.0
2025-08-23 00:00:00,solar.bun_library#realenergyintotheload#kwh,BUNDOORA,0.0,0.007544415,0.020838618,0.020221222,0.0
2025-08-23 01:00:00,solar.bun_library#realenergyintotheload#kwh,BUNDOORA,0.0,0.57956094,0.0056305127,0.0054636947,0.0
2025-08-23 02:00:00,solar.bun_library#realenergyintotheload#kwh,BUNDOORA,0.0,0.7531865,-0.0019258754,0.0,0.0
2025-08-23 03:00:00,solar.bun_library#realenergyintotheload#kwh,BUNDOORA,0.0,-0.045268364,0.013116319,0.012727715,0.0
2025-08-23 04:00:00,solar.bun_library#realenergyintotheload#kwh,BUNDOORA,0.0,-0.3863998,0.005372308,0.00521314,0.0
2025-08-23 05:00:00,solar.bun_library#realenergyintotheload#kwh,BUNDOORA,0.0,-0.03543657,-0.0020917845,0.0,0.0
2025-08-23 06:00:00,solar.bun_library#realenergyintotheload#kwh,BUNDOORA,0.0,0.68888354,-0.010666817,0.0,0.0
2025-08-23 07:00:00,solar.bun_library#realenergyintotheload#kwh,BUNDOORA,0.0,0.337886,-0.0020917845,0.0,0.0
2025-08-23 08:00:00,solar.bun_library#realenergyintotheload#kwh,BUNDOORA,8.0,-2.8243687,19.012623,18.449326,66.0
2025-08-23 09:00:00,solar.bun_library#realenergyintotheload#kwh,BUNDOORA,28.125,-1.0467932,61.822407,59.990765,168.0
2025-08-23 10:00:00,solar.bun_library#realenergyintotheload#kwh,BUNDOORA,92.75,10.491035,127.87933,124.09059,327.0
2025-08-23 11:00:00,solar.bun_library#realenergyintotheload#kwh,BUNDOORA,91.625,13.521036,87.014244,84.436226,248.0
2025-08-23 12:00:00,solar.bun_library#realenergyintotheload#kwh,BUNDOORA,189.125,81.76545,226.47475,219.76486,609.0
2025-08-23 13:00:00,solar.bun_library#realenergyintotheload#kwh,BUNDOORA,220.0,172.02338,212.92296,206.61458,561.0
2025-08-23 14:00:00,solar.bun_library#realenergyintotheload#kwh,BUNDOORA,186.5,160.77904,222.55492,215.96117,590.0
2025-08-23 15:00:00,solar.bun_library#realenergyintotheload#kwh,BUNDOORA,178.125,165.81163,182.53833,177.13017,481.0
2025-08-23 16:00:00,solar.bun_library#realenergyintotheload#kwh,BUNDOORA,118.625,148.83653,128.4493,124.64366,328.0
2025-08-23 17:00:00,solar.bun_library#realenergyintotheload#kwh,BUNDOORA,42.875,151.96912,47.884747,46.46604,150.0
2025-08-23 18:00:00,solar.bun_library#realenergyintotheload#kwh,BUNDOORA,5.375,69.76752,1.0885245,1.0562742,6.0
2025-08-23 19:00:00,solar.bun_library#realenergyintotheload#kwh,BUNDOORA,0.0,15.896918,0.016448434,0.015961109,0.0
2025-08-23 20:00:00,solar.bun_library#realenergyintotheload#kwh,BUNDOORA,0.0,0.21883667,0.016448434,0.015961109,0.0
2025-08-23 21:00:00,solar.bun_library#realenergyintotheload#kwh,BUNDOORA,0.0,0.5422727,-0.010666817,0.0,0.0
2025-08-23 22:00:00,solar.bun_library#realenergyintotheload#kwh,BUNDOORA,0.0,0.0103510935,-0.010666817,0.0,0.0
2025-08-23 23:00:00,solar.bun_library#realenergyintotheload#kwh,BUNDOORA,0.0,-0.2769906,-0.010666817,0.0,0.0
2025-08-24 00:00:00,solar.bun_library#realenergyintotheload#kwh,BUNDOORA,0.0,0.0071554948,-0.010666817,0.0,0.0
2025-08-24 01:00:00,solar.bun_library#realenergyintotheload#kwh,BUNDOORA,0.0,0.0071554948,-0.010666817,0.0,0.0
2025-08-24 02:00:00,solar.bun_library#realenergyintotheload#kwh,BUNDOORA,0.0,-0.040612876,-0.010666817,0.0,0.0
2025-08-24 03:00:00,solar.bun_library#realenergyintotheload#kwh,BUNDOORA,0.0,-0.10867824,0.013116319,0.012727715,0.0
2025-08-24 04:00:00,solar.bun_library#realenergyintotheload#kwh,BUNDOORA,0.0,-0.42527157,0.013116319,0.012727715,0.0
2025-08-24 05:00:00,solar.bun_library#realenergyintotheload#kwh,BUNDOORA,0.0,-0.08602674,-0.001923515,0.0,0.0
2025-08-24 06:00:00,solar.bun_library#realenergyintotheload#kwh,BUNDOORA,0.0,1.2532657,-0.010666817,0.0,0.0
2025-08-24 07:00:00,solar.bun_library#realenergyintotheload#kwh,BUNDOORA,0.0,-0.06622515,-0.010666817,0.0,0.0
2025-08-24 08:00:00,solar.bun_library#realenergyintotheload#kwh,BUNDOORA,16.0,0.7871104,38.04662,36.91939,111.0
2025-08-24 09:00:00,solar.bun_library#realenergyintotheload#kwh,BUNDOORA,80.0,6.202414,119.67109,116.125534,296.0
2025-08-24 10:00:00,solar.bun_library#realenergyintotheload#kwh,BUNDOORA,155.125,36.760014,181.05666,175.6924,464.0
2025-08-24 11:00:00,solar.bun_library#realenergyintotheload#kwh,BUNDOORA,211.75,132.73103,221.59134,215.02614,590.0
2025-08-24 12:00:00,solar.bun_library#realenergyintotheload#kwh,BUNDOORA,238.625,114.85855,238.88121,231.80376,658.0
2025-08-24 13:00:00,solar.bun_library#realenergyintotheload#kwh,BUNDOORA,244.5,188.0888,240.02893,232.91748,664.0
2025-08-24 14:00:00,solar.bun_library#realenergyintotheload#kwh,BUNDOORA,228.75,191.53433,219.3649,212.86566,608.0
2025-08-24 15:00:00,solar.bun_library#realenergyintotheload#kwh,BUNDOORA,181.75,167.00978,173.24773,168.11482,497.0
2025-08-24 16:00:00,solar.bun_library#realenergyintotheload#kwh,BUNDOORA,119.125,125.14293,129.63486,125.7941,340.0
2025-08-24 17:00:00,solar.bun_library#realenergyintotheload#kwh,BUNDOORA,43.375,149.97862,49.113457,47.658348,158.0
2025-08-24 18:00:00,solar.bun_library#realenergyintotheload#kwh,BUNDOORA,4.875,45.051888,1.3552119,1.3150603,7.0
2025-08-24 19:00:00,solar.bun_library#realenergyintotheload#kwh,BUNDOORA,0.0,10.925074,-0.010666817,0.0,0.0
2025-08-24 20:00:00,solar.bun_library#realenergyintotheload#kwh,BUNDOORA,0.0,-0.08646704,-0.010666817,0.0,0.0
2025-08-24 21:00:00,solar.bun_library#realenergyintotheload#kwh,BUNDOORA,0.0,-0.72382736,-0.010666817,0.0,0.0
2025-08-24 22:00:00,solar.bun_library#realenergyintotheload#kwh,BUNDOORA,0.0,-0.6962943,-0.010666817,0.0,0.0
2025-08-24 23:00:00,solar.bun_library#realenergyintotheload#kwh,BUNDOORA,0.0,-0.6962943,-0.010666817,0.0,0.0
2025-08-25 00:00:00,solar.bun_library#realenergyintotheload#kwh,BUNDOORA,0.0,-0.48401725,-0.010666817,0.0,0.0
2025-08-25 01:00:00,solar.bun_library#realenergyintotheload#kwh,BUNDOORA,0.0,-0.4021902,0.013116319,0.012727715,0.0
2025-08-25 02:00:00,solar.bun_library#realenergyintotheload#kwh,BUNDOORA,0.0,-0.72359055,-0.010666817,0.0,0.0
2025-08-25 03:00:00,solar.bun_library#realenergyintotheload#kwh,BUNDOORA,0.0,-0.42080387,-0.010666817,0.0,0.0
2025-08-25 04:00:00,solar.bun_library#realenergyintotheload#kwh,BUNDOORA,0.0,-0.31797665,0.013116319,0.012727715,0.0
2025-08-25 05:00:00,solar.bun_library#realenergyintotheload#kwh,BUNDOORA,0.0,-0.31797665,0.013116319,0.012727715,0.0
2025-08-25 06:00:00,solar.bun_library#realenergyintotheload#kwh,BUNDOORA,0.0,1.0653452,0.013116319,0.012727715,0.0
2025-08-25 07:00:00,solar.bun_library#realenergyintotheload#kwh,BUNDOORA,0.125,1.9270095,0.013116319,0.012727715,0.0
2025-08-25 08:00:00,solar.bun_library#realenergyintotheload#kwh,BUNDOORA,16.625,-2.4883945,34.145958,33.1343,95.0
2025-08-25 09:00:00,solar.bun_library#realenergyintotheload#kwh,BUNDOORA,75.875,-3.3621967,89.311035,86.66497,228.0
2025-08-25 10:00:00,solar.bun_library#realenergyintotheload#kwh,BUNDOORA,98.625,125.84083,73.17268,71.00476,205.0
2025-08-25 11:00:00,solar.bun_library#realenergyintotheload#kwh,BUNDOORA,111.875,196.8777,157.64516,152.97452,425.0
2025-08-25 12:00:00,solar.bun_library#realenergyintotheload#kwh,BUNDOORA,175.0,245.21686,185.02538,179.54353,528.0
2025-08-25 13:00:00,solar.bun_library#realenergyintotheload#kwh,BUNDOORA,117.875,129.35728,104.01575,100.93402,297.0
2025-08-25 14:00:00,solar.bun_library#realenergyintotheload#kwh,BUNDOORA,130.0,223.3158,177.19608,171.9462,500.0
2025-08-25 15:00:00,solar.bun_library#realenergyintotheload#kwh,BUNDOORA,118.25,188.42712,120.51541,116.94484,338.0
2025-08-25 16:00:00,solar.bun_library#realenergyintotheload#kwh,BUNDOORA,76.625,124.63919,93.1231,90.3641,258.0
2025-08-25 17:00:00,solar.bun_library#realenergyintotheload#kwh,BUNDOORA,26.75,111.08453,14.427623,14.000169,48.0
2025-08-25 18:00:00,solar.bun_library#realenergyintotheload#kwh,BUNDOORA,3.25,82.508896,0.34390575,0.3337167,3.0
2025-08-25 19:00:00,solar.bun_library#realenergyintotheload#kwh,BUNDOORA,0.0,13.655536,0.0054626195,0.0053007756,0.0
2025-08-25 20:00:00,solar.bun_library#realenergyintotheload#kwh,BUNDOORA,0.0,-1.3459952,0.10559209,0.102463655,0.0
2025-08-25 21:00:00,solar.bun_library#realenergyintotheload#kwh,BUNDOORA,0.0,-0.05647129,0.0077617513,0.00753179,0.0
2025-08-25 22:00:00,solar.bun_library#realenergyintotheload#kwh,BUNDOORA,0.0,1.463697,0.023872133,0.02316486,0.0
2025-08-25 23:00:00,solar.bun_library#realenergyintotheload#kwh,BUNDOORA,0.0,6.0495872,-0.108180866,0.0,0.0
2025-08-26 00:00:00,solar.bun_library#realenergyintotheload#kwh,BUNDOORA,0.0,3.0508633,-0.044806432,0.0,0.0
2025-08-26 01:00:00,solar.bun_library#realenergyintotheload#kwh,BUNDOORA,0.0,-0.9806093,-0.15487763,0.0,0.0
2025-08-26 02:00:00,solar.bun_library#realenergyintotheload#kwh,BUNDOORA,0.0,4.5020328,-0.020166581,0.0,0.0
2025-08-26 03:00:00,solar.bun_library#realenergyintotheload#kwh,BUNDOORA,0.0,1.1336465,-0.102201186,0.0,0.0
2025-08-26 04:00:00,solar.bun_library#realenergyintotheload#kwh,BUNDOORA,0.0,1.7411418,-0.2010043,0.0,0.0
2025-08-26 05:00:00,solar.bun_library#realenergyintotheload#kwh,BUNDOORA,0.0,5.8571177,-0.0634593,0.0,0.0
2025-08-26 06:00:00,solar.bun_library#realenergyintotheload#kwh,BUNDOORA,0.0,19.312204,-0.038945086,0.0,0.0
2025-08-26 07:00:00,solar.bun_library#realenergyintotheload#kwh,BUNDOORA,0.0,27.342531,-0.08662357,0.0,0.0
2025-08-26 08:00:00,solar.bun_library#realenergyintotheload#kwh,BUNDOORA,0.875,36.083458,8.616829,8.361534,29.0
2025-08-26 09:00:00,solar.bun_library#realenergyintotheload#kwh,BUNDOORA,10.125,57.461666,33.939888,32.934334,96.0
2025-08-26 10:00:00,solar.bun_library#realenergyintotheload#kwh,BUNDOORA,18.5,152.69876,42.73472,41.468594,113.0
2025-08-26 11:00:00,solar.bun_library#realenergyintotheload#kwh,BUNDOORA,46.875,113.03284,53.026176,51.455143,158.0
2025-08-26 12:00:00,solar.bun_library#realenergyintotheload#kwh,BUNDOORA,67.0,35.499725,33.55299,32.5589,102.0
2025-08-26 13:00:00,solar.bun_library#realenergyintotheload#kwh,BUNDOORA,33.5,54.895092,21.454468,20.818825,66.0
2025-08-26 14:00:00,solar.bun_library#realenergyintotheload#kwh,BUNDOORA,39.0,41.5895,25.527372,24.77106,80.0
2025-08-26 15:00:00,solar.bun_library#realenergyintotheload#kwh,BUNDOORA,31.75,44.80383,31.502901,30.56955,93.0
2025-08-26 16:00:00,solar.bun_library#realenergyintotheload#kwh,BUNDOORA,15.875,42.31531,20.208168,19.609451,61.0
2025-08-26 17:00:00,solar.bun_library#realenergyintotheload#kwh,BUNDOORA,4.375,36.630653,9.698984,9.411628,32.0
2025-08-26 18:00:00,solar.bun_library#realenergyintotheload#kwh,BUNDOORA,0.125,33.311775,0.2446878,0.2374383,2.0
2025-08-26 19:00:00,solar.bun_library#realenergyintotheload#kwh,BUNDOORA,0.0,12.927036,-0.06388332,0.0,0.0
2025-08-26 20:00:00,solar.bun_library#realenergyintotheload#kwh,BUNDOORA,0.0,2.8809664,0.014705709,0.014270016,0.0
2025-08-26 21:00:00,solar.bun_library#realenergyintotheload#kwh,BUNDOORA,0.0,1.3906456,-0.025941517,0.0,0.0
2025-08-26 22:00:00,solar.bun_library#realenergyintotheload#kwh,BUNDOORA,0.0,0.70864475,0.0101147825,0.009815107,0.0
2025-08-26 23:00:00,solar.bun_library#realenergyintotheload#kwh,BUNDOORA,0.0,-1.2102456,0.013277882,0.012884491,0.0
2025-08-27 00:00:00,solar.bun_library#realenergyintotheload#kwh,BUNDOORA,0.0,-1.382345,0.022704132,0.022031466,0.0
2025-08-27 01:00:00,solar.bun_library#realenergyintotheload#kwh,BUNDOORA,0.0,-0.19438268,-0.072331,0.0,0.0
2025-08-27 02:00:00,solar.bun_library#realenergyintotheload#kwh,BUNDOORA,0.0,-0.65915847,0.022704132,0.022031466,0.0
2025-08-27 03:00:00,solar.bun_library#realenergyintotheload#kwh,BUNDOORA,0.0,0.30261388,0.025217954,0.02447081,0.0
2025-08-27 04:00:00,solar.bun_library#realenergyintotheload#kwh,BUNDOORA,0.0,0.07008961,0.018460698,0.017913753,0.0
2025-08-27 05:00:00,solar.bun_library#realenergyintotheload#kwh,BUNDOORA,0.0,-0.06494182,0.016367894,0.015882954,0.0
2025-08-27 06:00:00,solar.bun_library#realenergyintotheload#kwh,BUNDOORA,0.0,5.4387784,0.008976545,0.008710593,0.0
2025-08-27 07:00:00,solar.bun_library#realenergyintotheload#kwh,BUNDOORA,0.0,19.78096,0.017847262,0.017318493,0.0
2025-08-27 08:00:00,solar.bun_library#realenergyintotheload#kwh,BUNDOORA,0.0,37.74402,32.593872,31.628197,101.0
2025-08-27 09:00:00,solar.bun_library#realenergyintotheload#kwh,BUNDOORA,0.0,59.156796,115.49799,112.07607,299.0
2025-08-27 10:00:00,solar.bun_library#realenergyintotheload#kwh,BUNDOORA,0.0,59.30912,170.16435,165.1228,424.0
2025-08-27 11:00:00,solar.bun_library#realenergyintotheload#kwh,BUNDOORA,0.0,87.9652,97.69667,94.80216,289.0
2025-08-27 12:00:00,solar.bun_library#realenergyintotheload#kwh,BUNDOORA,0.0,42.360798,15.633492,15.170311,53.0
2025-08-27 13:00:00,solar.bun_library#realenergyintotheload#kwh,BUNDOORA,0.0,107.93574,178.65349,173.36043,480.0
2025-08-27 14:00:00,solar.bun_library#realenergyintotheload#kwh,BUNDOORA,0.0,43.13223,72.37954,70.235115,205.0
2025-08-27 15:00:00,solar.bun_library#realenergyintotheload#kwh,BUNDOORA,0.0,38.37963,21.514223,20.87681,66.0
2025-08-27 16:00:00,solar.bun_library#realenergyintotheload#kwh,BUNDOORA,0.0,36.746964,80.14953,77.774895,215.0
2025-08-27 17:00:00,solar.bun_library#realenergyintotheload#kwh,BUNDOORA,0.0,150.28677,54.513157,52.898067,149.0
2025-08-27 18:00:00,solar.bun_library#realenergyintotheload#kwh,BUNDOORA,0.0,100.00877,1.6392254,1.5906593,8.0
2025-08-27 19:00:00,solar.bun_library#realenergyintotheload#kwh,BUNDOORA,0.0,27.217785,-0.12955132,0.0,0.0
2025-08-27 20:00:00,solar.bun_library#realenergyintotheload#kwh,BUNDOORA,0.0,2.0362873,-0.021438953,0.0,0.0
2025-08-27 21:00:00,solar.bun_library#realenergyintotheload#kwh,BUNDOORA,0.0,0.69641155,-0.08863141,0.0,0.0
2025-08-27 22:00:00,solar.bun_library#realenergyintotheload#kwh,BUNDOORA,0.0,0.4607569,-0.08594191,0.0,0.0
2025-08-27 23:00:00,solar.bun_library#realenergyintotheload#kwh,BUNDOORA,0.0,1.5302371,0.01378541,0.013376983,0.0
2025-08-28 00:00:00,solar.bun_library#realenergyintotheload#kwh,BUNDOORA,0.0,2.4146597,0.0072030574,0.006989649,0.0
2025-08-28 01:00:00,solar.bun_library#realenergyintotheload#kwh,BUNDOORA,0.0,1.6797843,0.0047617154,0.0046206377,0.0
2025-08-28 02:00:00,solar.bun_library#realenergyintotheload#kwh,BUNDOORA,0.0,1.2768129,0.0064271456,0.0062367255,0.0
2025-08-28 03:00:00,solar.bun_library#realenergyintotheload#kwh,BUNDOORA,0.0,-1.4569502,0.026059985,0.025287893,0.0
2025-08-28 04:00:00,solar.bun_library#realenergyintotheload#kwh,BUNDOORA,0.0,-1.8487306,0.04654956,0.04517041,0.0
2025-08-28 05:00:00,solar.bun_library#realenergyintotheload#kwh,BUNDOORA,0.0,-0.25808415,0.016367894,0.015882954,0.0
2025-08-28 06:00:00,solar.bun_library#realenergyintotheload#kwh,BUNDOORA,0.0,7.6933565,0.02012613,0.019529844,0.0
2025-08-28 07:00:00,solar.bun_library#realenergyintotheload#kwh,BUNDOORA,0.0,18.714834,0.016753659,0.01625729,0.0
2025-08-28 08:00:00,solar.bun_library#realenergyintotheload#kwh,BUNDOORA,0.0,25.714413,19.353704,18.780302,63.0
2025-08-28 09:00:00,solar.bun_library#realenergyintotheload#kwh,BUNDOORA,0.0,41.10507,63.12997,61.259586,179.0
2025-08-28 10:00:00,solar.bun_library#realenergyintotheload#kwh,BUNDOORA,0.0,18.022533,141.2442,137.0595,357.0
2025-08-28 11:00:00,solar.bun_library#realenergyintotheload#kwh,BUNDOORA,0.0,75.801704,164.3768,159.50673,428.0
2025-08-28 12:00:00,solar.bun_library#realenergyintotheload#kwh,BUNDOORA,0.0,109.49918,137.76941,133.68765,391.0
2025-08-28 13:00:00,solar.bun_library#realenergyintotheload#kwh,BUNDOORA,0.0,151.83812,150.93022,146.45854,431.0
2025-08-28 14:00:00,solar.bun_library#realenergyintotheload#kwh,BUNDOORA,0.0,193.14365,192.6666,186.95836,523.0
2025-08-28 15:00:00,solar.bun_library#realenergyintotheload#kwh,BUNDOORA,0.0,119.11284,77.33178,75.040634,220.0
2025-08-28 16:00:00,solar.bun_library#realenergyintotheload#kwh,BUNDOORA,0.0,15.6922245,49.16692,47.710228,141.0
2025-08-28 17:00:00,solar.bun_library#realenergyintotheload#kwh,BUNDOORA,0.0,140.28409,49.596798,48.12737,141.0
2025-08-28 18:00:00,solar.bun_library#realenergyintotheload#kwh,BUNDOORA,0.0,101.479645,1.7247626,1.6736622,8.0
2025-08-28 19:00:00,solar.bun_library#realenergyintotheload#kwh,BUNDOORA,0.0,24.4316,-0.009929962,0.0,0.0
2025-08-28 20:00:00,solar.bun_library#realenergyintotheload#kwh,BUNDOORA,0.0,0.34986088,0.009415175,0.009136227,0.0
2025-08-28 21:00:00,solar.bun_library#realenergyintotheload#kwh,BUNDOORA,0.0,-0.7539717,0.009415175,0.009136227,0.0
2025-08-28 22:00:00,solar.bun_library#realenergyintotheload#kwh,BUNDOORA,0.0,-0.71429706,0.009415175,0.009136227,0.0
2025-08-28 23:00:00,solar.bun_library#realenergyintotheload#kwh,BUNDOORA,0.0,-2.074846,0.009415175,0.009136227,0.0
2025-08-29 00:00:00,solar.bun_library#realenergyintotheload#kwh,BUNDOORA,0.0,-1.531037,0.006911428,0.0067066597,0.0
2025-08-29 01:00:00,solar.bun_library#realenergyintotheload#kwh,BUNDOORA,0.0,-1.4567821,0.006083061,0.005902835,0.0
2025-08-29 02:00:00,solar.bun_library#realenergyintotheload#kwh,BUNDOORA,0.0,-1.2978821,0.006083061,0.005902835,0.0
2025-08-29 03:00:00,solar.bun_library#realenergyintotheload#kwh,BUNDOORA,0.0,-0.24682757,0.0032882798,0.0031908562,0.0
2025-08-29 04:00:00,solar.bun_library#realenergyintotheload#kwh,BUNDOORA,0.0,4.4283175,-0.024131201,0.0,0.0
2025-08-29 05:00:00,solar.bun_library#realenergyintotheload#kwh,BUNDOORA,0.0,0.07446033,0.01378541,0.013376983,0.0
2025-08-29 06:00:00,solar.bun_library#realenergyintotheload#kwh,BUNDOORA,0.0,0.29492357,0.012675783,0.012300231,0.0
2025-08-29 07:00:00,solar.bun_library#realenergyintotheload#kwh,BUNDOORA,0.125,7.7909894,0.04388779,0.042587504,0.0
2025-08-29 08:00:00,solar.bun_library#realenergyintotheload#kwh,BUNDOORA,8.625,27.123268,18.031355,17.497131,58.0
2025-08-29 09:00:00,solar.bun_library#realenergyintotheload#kwh,BUNDOORA,36.25,8.567972,76.08392,73.82975,197.0
2025-08-29 10:00:00,solar.bun_library#realenergyintotheload#kwh,BUNDOORA,60.75,27.61924,104.14749,101.06186,290.0
2025-08-29 11:00:00,solar.bun_library#realenergyintotheload#kwh,BUNDOORA,109.125,44.746586,98.56786,95.647545,290.0
2025-08-29 12:00:00,solar.bun_library#realenergyintotheload#kwh,BUNDOORA,178.625,50.55966,93.35808,90.59211,275.0
2025-08-29 13:00:00,solar.bun_library#realenergyintotheload#kwh,BUNDOORA,113.25,22.603418,64.95385,63.02943,187.0
2025-08-29 14:00:00,solar.bun_library#realenergyintotheload#kwh,BUNDOORA,68.5,41.769363,35.228893,34.18515,111.0
2025-08-29 15:00:00,solar.bun_library#realenergyintotheload#kwh,BUNDOORA,100.75,31.581654,57.111706,55.41963,164.0
2025-08-29 16:00:00,solar.bun_library#realenergyintotheload#kwh,BUNDOORA,118.625,13.818427,128.51424,124.70668,336.0
2025-08-29 17:00:00,solar.bun_library#realenergyintotheload#kwh,BUNDOORA,41.75,54.23393,39.727592,38.550564,110.0
2025-08-29 18:00:00,solar.bun_library#realenergyintotheload#kwh,BUNDOORA,5.0,40.657604,1.4506669,1.4076873,7.0
2025-08-29 19:00:00,solar.bun_library#realenergyintotheload#kwh,BUNDOORA,0.0,31.849361,0.009512641,0.009230805,0.0
2025-08-29 20:00:00,solar.bun_library#realenergyintotheload#kwh,BUNDOORA,0.0,-0.53170365,-0.013316721,0.0,0.0
2025-08-29 21:00:00,solar.bun_library#realenergyintotheload#kwh,BUNDOORA,0.0,4.9323673,0.020824883,0.020207893,0.0
2025-08-29 22:00:00,solar.bun_library#realenergyintotheload#kwh,BUNDOORA,0.0,2.733677,-0.03661086,0.0,0.0
2025-08-29 23:00:00,solar.bun_library#realenergyintotheload#kwh,BUNDOORA,0.0,2.5030525,0.0031665377,0.0030727212,0.0
2025-08-30 00:00:00,solar.bun_library#realenergyintotheload#kwh,BUNDOORA,0.0,-0.3557151,-0.0059845927,0.0,0.0
2025-08-30 01:00:00,solar.bun_library#realenergyintotheload#kwh,BUNDOORA,0.0,2.14487,-0.035147425,0.0,0.0
2025-08-30 02:00:00,solar.bun_library#realenergyintotheload#kwh,BUNDOORA,0.0,8.338142,-0.08151496,0.0,0.0
2025-08-30 03:00:00,solar.bun_library#realenergyintotheload#kwh,BUNDOORA,0.0,14.230027,0.014772254,0.014334589,0.0
2025-08-30 04:00:00,solar.bun_library#realenergyintotheload#kwh,BUNDOORA,0.0,18.50559,0.004158771,0.004035557,0.0
2025-08-30 05:00:00,solar.bun_library#realenergyintotheload#kwh,BUNDOORA,0.0,24.388336,0.016718023,0.01622271,0.0
2025-08-30 06:00:00,solar.bun_library#realenergyintotheload#kwh,BUNDOORA,0.0,29.144716,0.005568444,0.0054034647,0.0
2025-08-30 07:00:00,solar.bun_library#realenergyintotheload#kwh,BUNDOORA,0.0,33.35367,-0.18194082,0.0,1.0
2025-08-30 08:00:00,solar.bun_library#realenergyintotheload#kwh,BUNDOORA,0.0,34.94068,22.361229,21.69872,71.0
2025-08-30 09:00:00,solar.bun_library#realenergyintotheload#kwh,BUNDOORA,0.0,51.820374,79.68614,77.32524,200.0
2025-08-30 10:00:00,solar.bun_library#realenergyintotheload#kwh,BUNDOORA,0.0,96.864914,97.005974,94.13193,266.0
2025-08-30 11:00:00,solar.bun_library#realenergyintotheload#kwh,BUNDOORA,0.0,87.46192,224.06738,217.42883,601.0
2025-08-30 12:00:00,solar.bun_library#realenergyintotheload#kwh,BUNDOORA,0.0,95.650604,229.49786,222.69841,640.0
2025-08-30 13:00:00,solar.bun_library#realenergyintotheload#kwh,BUNDOORA,0.0,190.72226,130.80281,126.92745,375.0
2025-08-30 14:00:00,solar.bun_library#realenergyintotheload#kwh,BUNDOORA,0.0,116.61166,98.98099,96.04843,283.0
2025-08-30 15:00:00,solar.bun_library#realenergyintotheload#kwh,BUNDOORA,0.0,58.855373,113.59217,110.226715,310.0
2025-08-30 16:00:00,solar.bun_library#realenergyintotheload#kwh,BUNDOORA,0.0,93.570724,92.823524,90.073395,238.0
2025-08-30 17:00:00,solar.bun_library#realenergyintotheload#kwh,BUNDOORA,0.0,103.82242,56.762867,55.081123,153.0
2025-08-30 18:00:00,solar.bun_library#realenergyintotheload#kwh,BUNDOORA,0.0,38.220646,2.4268997,2.3549967,11.0
2025-08-30 19:00:00,solar.bun_library#realenergyintotheload#kwh,BUNDOORA,0.0,30.360579,0.01791251,0.017381808,0.0
2025-08-30 20:00:00,solar.bun_library#realenergyintotheload#kwh,BUNDOORA,0.0,0.35261258,0.01791251,0.017381808,0.0
2025-08-30 21:00:00,solar.bun_library#realenergyintotheload#kwh,BUNDOORA,0.0,0.34000558,0.010910548,0.0105872955,0.0
2025-08-30 22:00:00,solar.bun_library#realenergyintotheload#kwh,BUNDOORA,0.0,-0.9005399,0.0065820985,0.0063870875,0.0
2025-08-30 23:00:00,solar.bun_library#realenergyintotheload#kwh,BUNDOORA,0.0,-0.2726358,-0.03095781,0.0,0.0
2025-08-31 00:00:00,solar.bun_library#realenergyintotheload#kwh,BUNDOORA,0.0,-0.15918817,-0.001161912,0.0,0.0
2025-08-31 01:00:00,solar.bun_library#realenergyintotheload#kwh,BUNDOORA,0.0,-0.59984744,-0.001161912,0.0,0.0
2025-08-31 02:00:00,solar.bun_library#realenergyintotheload#kwh,BUNDOORA,0.0,0.39699185,0.0065820985,0.0063870875,0.0
2025-08-31 03:00:00,solar.bun_library#realenergyintotheload#kwh,BUNDOORA,0.0,-0.25704452,0.013085023,0.012697346,0.0
2025-08-31 04:00:00,solar.bun_library#realenergyintotheload#kwh,BUNDOORA,0.0,-0.12692945,0.013085023,0.012697346,0.0
2025-08-31 05:00:00,solar.bun_library#realenergyintotheload#kwh,BUNDOORA,0.0,-0.028250834,0.013085023,0.012697346,0.0
2025-08-31 06:00:00,solar.bun_library#realenergyintotheload#kwh,BUNDOORA,0.0,1.7348046,0.013085023,0.012697346,0.0
2025-08-31 07:00:00,solar.bun_library#realenergyintotheload#kwh,BUNDOORA,0.0,-1.018219,0.1283592,0.124556236,2.0
2025-08-31 08:00:00,solar.bun_library#realenergyintotheload#kwh,BUNDOORA,0.0,2.5277174,43.437527,42.15058,123.0
2025-08-31 09:00:00,solar.bun_library#realenergyintotheload#kwh,BUNDOORA,0.0,-0.004845036,80.62596,78.23721,224.0
2025-08-31 10:00:00,solar.bun_library#realenergyintotheload#kwh,BUNDOORA,0.0,-3.0071318,78.42628,76.1027,225.0
2025-08-31 11:00:00,solar.bun_library#realenergyintotheload#kwh,BUNDOORA,0.0,66.50265,76.62324,74.35308,221.0
2025-08-31 12:00:00,solar.bun_library#realenergyintotheload#kwh,BUNDOORA,0.0,64.75999,130.66338,126.792145,366.0
2025-08-31 13:00:00,solar.bun_library#realenergyintotheload#kwh,BUNDOORA,0.0,71.91954,163.88068,159.0253,460.0
2025-08-31 14:00:00,solar.bun_library#realenergyintotheload#kwh,BUNDOORA,0.0,72.99099,158.59705,153.89821,435.0
2025-08-31 15:00:00,solar.bun_library#realenergyintotheload#kwh,BUNDOORA,0.0,64.057816,80.02973,77.65865,226.0
2025-08-31 16:00:00,solar.bun_library#realenergyintotheload#kwh,BUNDOORA,0.0,67.23799,115.91111,112.47695,291.0
2025-08-31 17:00:00,solar.bun_library#realenergyintotheload#kwh,BUNDOORA,0.0,75.88049,39.55597,38.384026,117.0
2025-08-31 18:00:00,solar.bun_library#realenergyintotheload#kwh,BUNDOORA,0.0,47.636696,2.689856,2.6101623,12.0
2025-08-31 19:00:00,solar.bun_library#realenergyintotheload#kwh,BUNDOORA,0.0,17.730965,0.016448434,0.015961109,0.0
2025-08-31 20:00:00,solar.bun_library#realenergyintotheload#kwh,BUNDOORA,0.0,-0.3594372,0.013116319,0.012727715,0.0
2025-08-31 21:00:00,solar.bun_library#realenergyintotheload#kwh,BUNDOORA,0.0,-0.24329099,0.013116319,0.012727715,0.0
2025-08-31 22:00:00,solar.bun_library#realenergyintotheload#kwh,BUNDOORA,0.0,-0.199574,0.020869914,0.02025159,0.0
2025-08-31 23:00:00,solar.bun_library#realenergyintotheload#kwh,BUNDOORA,0.0,-0.2257768,0.013085023,0.012697346,0.0
2025-09-01 00:00:00,solar.bun_library#realenergyintotheload#kwh,BUNDOORA,0.0,-0.2257768,0.013116319,0.012727715,0.0
2025-09-01 01:00:00,solar.bun_library#realenergyintotheload#kwh,BUNDOORA,0.0,0.04565184,0.013085023,0.012697346,0.0
2025-09-01 02:00:00,solar.bun_library#realenergyintotheload#kwh,BUNDOORA,0.0,-0.7871985,-0.0021230807,0.0,0.0
2025-09-01 03:00:00,solar.bun_library#realenergyintotheload#kwh,BUNDOORA,0.0,-0.83418685,-0.0097107645,0.0,0.0
2025-09-01 04:00:00,solar.bun_library#realenergyintotheload#kwh,BUNDOORA,0.0,-0.7898388,-0.0021230807,0.0,0.0
2025-09-01 05:00:00,solar.bun_library#realenergyintotheload#kwh,BUNDOORA,0.0,-0.44635394,0.01358406,0.013181598,0.0
2025-09-01 06:00:00,solar.bun_library#realenergyintotheload#kwh,BUNDOORA,0.0,1.233246,0.013085023,0.012697346,0.0
2025-09-01 07:00:00,solar.bun_library#realenergyintotheload#kwh,BUNDOORA,0.25,-0.20325427,0.1283592,0.124556236,2.0
2025-09-01 08:00:00,solar.bun_library#realenergyintotheload#kwh,BUNDOORA,22.375,-1.8281015,30.358723,29.45927,87.0
2025-09-01 09:00:00,solar.bun_library#realenergyintotheload#kwh,BUNDOORA,53.25,17.20861,117.629585,114.144516,293.0
2025-09-01 10:00:00,solar.bun_library#realenergyintotheload#kwh,BUNDOORA,166.125,40.210785,196.18253,190.37013,496.0
2025-09-01 11:00:00,solar.bun_library#realenergyintotheload#kwh,BUNDOORA,130.75,178.74586,180.84108,175.48322,486.0
2025-09-01 12:00:00,solar.bun_library#realenergyintotheload#kwh,BUNDOORA,122.0,156.94193,117.192024,113.71992,333.0
2025-09-01 13:00:00,solar.bun_library#realenergyintotheload#kwh,BUNDOORA,128.0,114.88266,57.814617,56.101715,173.0
2025-09-01 14:00:00,solar.bun_library#realenergyintotheload#kwh,BUNDOORA,94.875,120.58553,99.040565,96.10624,281.0
2025-09-01 15:00:00,solar.bun_library#realenergyintotheload#kwh,BUNDOORA,62.5,125.97333,54.92984,53.302406,162.0
2025-09-01 16:00:00,solar.bun_library#realenergyintotheload#kwh,BUNDOORA,71.75,117.374794,68.92493,66.88285,198.0
2025-09-01 17:00:00,solar.bun_library#realenergyintotheload#kwh,BUNDOORA,23.5,81.917694,29.2414,28.37505,86.0
2025-09-01 18:00:00,solar.bun_library#realenergyintotheload#kwh,BUNDOORA,4.5,47.366787,2.0630286,2.0019062,9.0
2025-09-01 19:00:00,solar.bun_library#realenergyintotheload#kwh,BUNDOORA,0.0,13.481457,0.02803953,0.027208788,0.0
2025-09-01 20:00:00,solar.bun_library#realenergyintotheload#kwh,BUNDOORA,0.0,0.36660063,0.02803953,0.027208788,0.0
2025-09-01 21:00:00,solar.bun_library#realenergyintotheload#kwh,BUNDOORA,0.0,1.2603068,0.02803953,0.027208788,0.0
2025-09-01 22:00:00,solar.bun_library#realenergyintotheload#kwh,BUNDOORA,0.0,-0.041215047,0.013116319,0.012727715,0.0
2025-09-01 23:00:00,solar.bun_library#realenergyintotheload#kwh,BUNDOORA,0.0,-0.2644407,0.005372308,0.00521314,0.0
2025-09-02 00:00:00,solar.bun_library#realenergyintotheload#kwh,BUNDOORA,0.0,-0.36328802,0.005372308,0.00521314,0.0
2025-09-02 01:00:00,solar.bun_library#realenergyintotheload#kwh,BUNDOORA,0.0,-0.35927838,0.013116319,0.012727715,0.0
2025-09-02 02:00:00,solar.bun_library#realenergyintotheload#kwh,BUNDOORA,0.0,-0.36328802,0.005372308,0.00521314,0.0
2025-09-02 03:00:00,solar.bun_library#realenergyintotheload#kwh,BUNDOORA,0.0,-0.36328802,0.005372308,0.00521314,0.0
2025-09-02 04:00:00,solar.bun_library#realenergyintotheload#kwh,BUNDOORA,0.0,-0.5043507,0.013116319,0.012727715,0.0
2025-09-02 05:00:00,solar.bun_library#realenergyintotheload#kwh,BUNDOORA,0.0,-0.99848354,0.013116319,0.012727715,0.0
2025-09-02 06:00:00,solar.bun_library#realenergyintotheload#kwh,BUNDOORA,0.0,0.45948127,0.005840049,0.005667023,0.0
2025-09-02 07:00:00,solar.bun_library#realenergyintotheload#kwh,BUNDOORA,0.25,0.45962405,0.12618041,0.122442,2.0
2025-09-02 08:00:00,solar.bun_library#realenergyintotheload#kwh,BUNDOORA,14.125,2.7457442,30.99509,30.076784,89.0
2025-09-02 09:00:00,solar.bun_library#realenergyintotheload#kwh,BUNDOORA,44.125,15.633816,97.153984,94.27555,251.0
2025-09-02 10:00:00,solar.bun_library#realenergyintotheload#kwh,BUNDOORA,57.0,98.65379,69.38282,67.32718,202.0
2025-09-02 11:00:00,solar.bun_library#realenergyintotheload#kwh,BUNDOORA,141.625,165.88164,189.14726,183.5433,495.0
2025-09-02 12:00:00,solar.bun_library#realenergyintotheload#kwh,BUNDOORA,207.375,154.54997,247.36581,240.03699,695.0
2025-09-02 13:00:00,solar.bun_library#realenergyintotheload#kwh,BUNDOORA,191.875,146.49652,184.1737,178.7171,526.0
2025-09-02 14:00:00,solar.bun_library#realenergyintotheload#kwh,BUNDOORA,120.0,136.90529,168.43105,163.44086,462.0
2025-09-02 15:00:00,solar.bun_library#realenergyintotheload#kwh,BUNDOORA,140.25,136.73207,160.38025,155.62859,425.0
2025-09-02 16:00:00,solar.bun_library#realenergyintotheload#kwh,BUNDOORA,105.625,170.45549,134.03688,130.0657,367.0
2025-09-02 17:00:00,solar.bun_library#realenergyintotheload#kwh,BUNDOORA,38.75,165.81396,41.883884,40.64297,127.0
2025-09-02 18:00:00,solar.bun_library#realenergyintotheload#kwh,BUNDOORA,5.375,76.67312,0.6922454,0.67173594,4.0
2025-09-02 19:00:00,solar.bun_library#realenergyintotheload#kwh,BUNDOORA,0.0,25.163233,-0.15619686,0.0,0.0
2025-09-02 20:00:00,solar.bun_library#realenergyintotheload#kwh,BUNDOORA,0.0,5.720643,-0.010918802,0.0,0.0
2025-09-02 21:00:00,solar.bun_library#realenergyintotheload#kwh,BUNDOORA,0.0,4.333908,-0.044806432,0.0,0.0
2025-09-02 22:00:00,solar.bun_library#realenergyintotheload#kwh,BUNDOORA,0.0,3.6727781,-0.23714787,0.0,0.0
2025-09-02 23:00:00,solar.bun_library#realenergyintotheload#kwh,BUNDOORA,0.0,5.6466804,-0.15866616,0.0,0.0
2025-09-03 00:00:00,solar.bun_library#realenergyintotheload#kwh,BUNDOORA,0.0,3.4190993,-0.03650784,0.0,0.0
2025-09-03 01:00:00,solar.bun_library#realenergyintotheload#kwh,BUNDOORA,0.0,3.3908572,-0.010486733,0.0,0.0
2025-09-03 02:00:00,solar.bun_library#realenergyintotheload#kwh,BUNDOORA,0.0,3.4338148,-0.060308058,0.0,0.0
2025-09-03 03:00:00,solar.bun_library#realenergyintotheload#kwh,BUNDOORA,0.0,1.734112,-0.05455817,0.0,0.0
2025-09-03 04:00:00,solar.bun_library#realenergyintotheload#kwh,BUNDOORA,0.0,1.1656007,-0.038161837,0.0,0.0
2025-09-03 05:00:00,solar.bun_library#realenergyintotheload#kwh,BUNDOORA,0.0,2.1076512,-0.038161837,0.0,0.0
2025-09-03 06:00:00,solar.bun_library#realenergyintotheload#kwh,BUNDOORA,0.0,17.687546,-0.070436776,0.0,0.0
2025-09-03 07:00:00,solar.bun_library#realenergyintotheload#kwh,BUNDOORA,0.0,62.238007,0.057685636,0.055976555,2.0
2025-09-03 08:00:00,solar.bun_library#realenergyintotheload#kwh,BUNDOORA,0.0,38.0087,18.58793,18.037216,58.0
2025-09-03 09:00:00,solar.bun_library#realenergyintotheload#kwh,BUNDOORA,0.0,111.38956,85.46048,82.9285,237.0
2025-09-03 10:00:00,solar.bun_library#realenergyintotheload#kwh,BUNDOORA,0.0,101.86394,186.02087,180.50954,496.0
2025-09-03 11:00:00,solar.bun_library#realenergyintotheload#kwh,BUNDOORA,0.0,160.73065,227.51059,220.77002,618.0
2025-09-03 12:00:00,solar.bun_library#realenergyintotheload#kwh,BUNDOORA,0.0,115.66363,225.59586,218.91202,644.0
2025-09-03 13:00:00,solar.bun_library#realenergyintotheload#kwh,BUNDOORA,0.0,113.03014,157.4122,152.74847,454.0
2025-09-03 14:00:00,solar.bun_library#realenergyintotheload#kwh,BUNDOORA,0.0,172.83603,156.2116,151.58344,445.0
2025-09-03 15:00:00,solar.bun_library#realenergyintotheload#kwh,BUNDOORA,0.0,210.18433,151.46707,146.97948,413.0
2025-09-03 16:00:00,solar.bun_library#realenergyintotheload#kwh,BUNDOORA,0.0,146.46002,85.95475,83.40813,237.0
2025-09-03 17:00:00,solar.bun_library#realenergyintotheload#kwh,BUNDOORA,0.0,113.502556,28.513746,27.668955,83.0
2025-09-03 18:00:00,solar.bun_library#realenergyintotheload#kwh,BUNDOORA,0.0,84.94679,1.1816436,1.1466345,6.0
2025-09-03 19:00:00,solar.bun_library#realenergyintotheload#kwh,BUNDOORA,0.0,25.056257,0.023489635,0.022793695,0.0
2025-09-03 20:00:00,solar.bun_library#realenergyintotheload#kwh,BUNDOORA,0.0,2.3098042,-0.08924496,0.0,0.0
2025-09-03 21:00:00,solar.bun_library#realenergyintotheload#kwh,BUNDOORA,0.0,0.6298887,0.008431907,0.008182091,0.0
2025-09-03 22:00:00,solar.bun_library#realenergyintotheload#kwh,BUNDOORA,0.0,0.3799191,-0.004771987,0.0,0.0
2025-09-03 23:00:00,solar.bun_library#realenergyintotheload#kwh,BUNDOORA,0.0,-0.2603298,-0.004572537,0.0,0.0
2025-09-04 00:00:00,solar.bun_library#realenergyintotheload#kwh,BUNDOORA,0.0,0.4114039,-0.004572537,0.0,0.0
2025-09-04 01:00:00,solar.bun_library#realenergyintotheload#kwh,BUNDOORA,0.0,0.4114039,-0.004572537,0.0,0.0
2025-09-04 02:00:00,solar.bun_library#realenergyintotheload#kwh,BUNDOORA,0.0,-0.82800585,-0.004572537,0.0,0.0
2025-09-04 03:00:00,solar.bun_library#realenergyintotheload#kwh,BUNDOORA,0.0,-0.9553903,-0.004572537,0.0,0.0
2025-09-04 04:00:00,solar.bun_library#realenergyintotheload#kwh,BUNDOORA,0.0,-0.62138444,-0.0064405734,0.0,0.0
2025-09-04 05:00:00,solar.bun_library#realenergyintotheload#kwh,BUNDOORA,0.0,-0.5393022,-0.0074369097,0.0,0.0
2025-09-04 06:00:00,solar.bun_library#realenergyintotheload#kwh,BUNDOORA,0.0,7.658262,-0.0031084602,0.0,0.0
2025-09-04 07:00:00,solar.bun_library#realenergyintotheload#kwh,BUNDOORA,0.0,23.324009,0.017486501,0.01696842,1.0
2025-09-04 08:00:00,solar.bun_library#realenergyintotheload#kwh,BUNDOORA,0.0,16.381302,31.996847,31.04886,95.0
2025-09-04 09:00:00,solar.bun_library#realenergyintotheload#kwh,BUNDOORA,0.0,23.393087,140.33917,136.18127,348.0
2025-09-04 10:00:00,solar.bun_library#realenergyintotheload#kwh,BUNDOORA,0.0,68.83821,82.905525,80.44924,233.0
2025-09-04 11:00:00,solar.bun_library#realenergyintotheload#kwh,BUNDOORA,0.0,104.46863,102.2679,99.23795,293.0
2025-09-04 12:00:00,solar.bun_library#realenergyintotheload#kwh,BUNDOORA,0.0,57.137077,151.4836,146.99551,440.0
2025-09-04 13:00:00,solar.bun_library#realenergyintotheload#kwh,BUNDOORA,0.0,112.70065,207.88379,201.72472,588.0
2025-09-04 14:00:00,solar.bun_library#realenergyintotheload#kwh,BUNDOORA,0.0,117.208,222.2309,215.64674,597.0
2025-09-04 15:00:00,solar.bun_library#realenergyintotheload#kwh,BUNDOORA,0.0,54.11329,199.7944,193.875,523.0
2025-09-04 16:00:00,solar.bun_library#realenergyintotheload#kwh,BUNDOORA,0.0,117.22722,66.668175,64.69296,192.0
2025-09-04 17:00:00,solar.bun_library#realenergyintotheload#kwh,BUNDOORA,0.0,148.15666,65.42327,63.484943,178.0
2025-09-04 18:00:00,solar.bun_library#realenergyintotheload#kwh,BUNDOORA,0.0,80.41835,4.7068787,4.5674257,19.0
2025-09-04 19:00:00,solar.bun_library#realenergyintotheload#kwh,BUNDOORA,0.0,35.779625,0.04516194,0.043823905,0.0
2025-09-04 20:00:00,solar.bun_library#realenergyintotheload#kwh,BUNDOORA,0.0,1.950748,0.029621031,0.028743435,0.0
2025-09-04 21:00:00,solar.bun_library#realenergyintotheload#kwh,BUNDOORA,0.0,0.206492,0.0013773022,0.0013364962,0.0
2025-09-04 22:00:00,solar.bun_library#realenergyintotheload#kwh,BUNDOORA,0.0,0.5772918,0.016448434,0.015961109,0.0
2025-09-04 23:00:00,solar.bun_library#realenergyintotheload#kwh,BUNDOORA,0.0,0.0071554948,-0.010666817,0.0,0.0
2025-09-05 00:00:00,solar.bun_library#realenergyintotheload#kwh,BUNDOORA,0.0,-0.19584545,-0.010666817,0.0,0.0
2025-09-05 01:00:00,solar.bun_library#realenergyintotheload#kwh,BUNDOORA,0.0,-0.72359055,-0.010666817,0.0,0.0
2025-09-05 02:00:00,solar.bun_library#realenergyintotheload#kwh,BUNDOORA,0.0,-0.63937706,-0.010666817,0.0,0.0
2025-09-05 03:00:00,solar.bun_library#realenergyintotheload#kwh,BUNDOORA,0.0,-0.6166594,-0.010666817,0.0,0.0
2025-09-05 04:00:00,solar.bun_library#realenergyintotheload#kwh,BUNDOORA,0.0,-0.4617108,0.013116319,0.012727715,0.0
2025-09-05 05:00:00,solar.bun_library#realenergyintotheload#kwh,BUNDOORA,0.0,-0.55729485,-0.010666817,0.0,0.0
2025-09-05 06:00:00,solar.bun_library#realenergyintotheload#kwh,BUNDOORA,0.0,0.50691175,-0.010666817,0.0,0.0
2025-09-05 07:00:00,solar.bun_library#realenergyintotheload#kwh,BUNDOORA,0.0,0.63498765,1.6724327,1.6228826,8.0
2025-09-05 08:00:00,solar.bun_library#realenergyintotheload#kwh,BUNDOORA,0.0,-1.437654,67.012535,65.02712,168.0
2025-09-05 09:00:00,solar.bun_library#realenergyintotheload#kwh,BUNDOORA,0.0,18.294708,149.49521,145.06604,362.0
2025-09-05 10:00:00,solar.bun_library#realenergyintotheload#kwh,BUNDOORA,0.0,98.1387,207.62653,201.47507,534.0
2025-09-05 11:00:00,solar.bun_library#realenergyintotheload#kwh,BUNDOORA,0.0,126.39141,242.88222,235.68622,663.0
2025-09-05 12:00:00,solar.bun_library#realenergyintotheload#kwh,BUNDOORA,0.0,198.56512,245.03244,237.77274,732.0
2025-09-05 13:00:00,solar.bun_library#realenergyintotheload#kwh,BUNDOORA,0.0,187.9926,244.27295,237.03575,737.0
2025-09-05 14:00:00,solar.bun_library#realenergyintotheload#kwh,BUNDOORA,0.0,189.26062,239.05426,231.97168,677.0
2025-09-05 15:00:00,solar.bun_library#realenergyintotheload#kwh,BUNDOORA,0.0,174.59988,204.50757,198.44852,559.0
2025-09-05 16:00:00,solar.bun_library#realenergyintotheload#kwh,BUNDOORA,0.0,185.36284,146.2606,141.92726,392.0
2025-09-05 17:00:00,solar.bun_library#realenergyintotheload#kwh,BUNDOORA,0.0,137.8585,71.12816,69.020805,197.0
2025-09-05 18:00:00,solar.bun_library#realenergyintotheload#kwh,BUNDOORA,0.0,51.150265,4.792991,4.6509867,18.0
2025-09-05 19:00:00,solar.bun_library#realenergyintotheload#kwh,BUNDOORA,0.0,29.778095,0.016248982,0.015767565,0.0
2025-09-05 20:00:00,solar.bun_library#realenergyintotheload#kwh,BUNDOORA,0.0,2.505782,0.016448434,0.015961109,0.0
2025-09-05 21:00:00,solar.bun_library#realenergyintotheload#kwh,BUNDOORA,0.0,0.13783059,0.013116319,0.012727715,0.0
2025-09-05 22:00:00,solar.bun_library#realenergyintotheload#kwh,BUNDOORA,0.0,-0.15255556,0.013116319,0.012727715,0.0
2025-09-05 23:00:00,solar.bun_library#realenergyintotheload#kwh,BUNDOORA,0.0,-0.31610715,0.013116319,0.012727715,0.0
2025-09-06 00:00:00,solar.bun_library#realenergyintotheload#kwh,BUNDOORA,0.0,-0.4021902,0.013116319,0.012727715,0.0
2025-09-06 01:00:00,solar.bun_library#realenergyintotheload#kwh,BUNDOORA,0.0,-0.31797665,0.013116319,0.012727715,0.0
2025-09-06 02:00:00,solar.bun_library#realenergyintotheload#kwh,BUNDOORA,0.0,-0.63937706,-0.010666817,0.0,0.0
2025-09-06 03:00:00,solar.bun_library#realenergyintotheload#kwh,BUNDOORA,0.0,-0.63937706,-0.010666817,0.0,0.0
2025-09-06 04:00:00,solar.bun_library#realenergyintotheload#kwh,BUNDOORA,0.0,-0.21047926,-0.010666817,0.0,0.0
2025-09-06 05:00:00,solar.bun_library#realenergyintotheload#kwh,BUNDOORA,0.0,-0.20954221,-0.010666817,0.0,0.0
2025-09-06 06:00:00,solar.bun_library#realenergyintotheload#kwh,BUNDOORA,0.0,1.1762402,-0.0097107645,0.0,0.0
2025-09-06 07:00:00,solar.bun_library#realenergyintotheload#kwh,BUNDOORA,0.0,9.107411,2.4700677,2.3968859,11.0
2025-09-06 08:00:00,solar.bun_library#realenergyintotheload#kwh,BUNDOORA,0.0,9.586854,68.272545,66.2498,173.0
2025-09-06 09:00:00,solar.bun_library#realenergyintotheload#kwh,BUNDOORA,0.0,11.683396,146.11119,141.78229,364.0
2025-09-06 10:00:00,solar.bun_library#realenergyintotheload#kwh,BUNDOORA,0.0,194.34781,200.49019,194.55017,528.0
2025-09-06 11:00:00,solar.bun_library#realenergyintotheload#kwh,BUNDOORA,0.0,194.33928,243.14908,235.94518,652.0
2025-09-06 12:00:00,solar.bun_library#realenergyintotheload#kwh,BUNDOORA,0.0,230.60167,246.1475,238.85477,714.0
2025-09-06 13:00:00,solar.bun_library#realenergyintotheload#kwh,BUNDOORA,0.0,235.46033,244.20964,236.97432,713.0
2025-09-06 14:00:00,solar.bun_library#realenergyintotheload#kwh,BUNDOORA,0.0,213.30585,239.67345,232.57253,653.0
2025-09-06 15:00:00,solar.bun_library#realenergyintotheload#kwh,BUNDOORA,0.0,258.78586,189.98167,184.353,538.0
2025-09-06 16:00:00,solar.bun_library#realenergyintotheload#kwh,BUNDOORA,0.0,111.54165,114.89271,111.48872,326.0
2025-09-06 17:00:00,solar.bun_library#realenergyintotheload#kwh,BUNDOORA,0.0,141.49936,49.181187,47.72407,154.0
2025-09-06 18:00:00,solar.bun_library#realenergyintotheload#kwh,BUNDOORA,0.0,74.98076,1.5830855,1.5361826,6.0
2025-09-06 19:00:00,solar.bun_library#realenergyintotheload#kwh,BUNDOORA,0.0,23.19959,-0.083535135,0.0,0.0
2025-09-06 20:00:00,solar.bun_library#realenergyintotheload#kwh,BUNDOORA,0.0,5.277839,-0.047612205,0.0,0.0
2025-09-06 21:00:00,solar.bun_library#realenergyintotheload#kwh,BUNDOORA,0.0,1.5952668,0.012944247,0.012560741,0.0
2025-09-06 22:00:00,solar.bun_library#realenergyintotheload#kwh,BUNDOORA,0.0,1.1427922,0.008494782,0.0082431035,0.0
2025-09-06 23:00:00,solar.bun_library#realenergyintotheload#kwh,BUNDOORA,0.0,0.7582722,-0.06351322,0.0,0.0
2025-09-07 00:00:00,solar.bun_library#realenergyintotheload#kwh,BUNDOORA,0.0,1.2410374,-0.06351322,0.0,0.0
2025-09-07 01:00:00,solar.bun_library#realenergyintotheload#kwh,BUNDOORA,0.0,-0.3034938,-0.09576569,0.0,0.0
2025-09-07 02:00:00,solar.bun_library#realenergyintotheload#kwh,BUNDOORA,0.0,-2.7726364,-0.11476903,0.0,0.0
2025-09-07 03:00:00,solar.bun_library#realenergyintotheload#kwh,BUNDOORA,0.0,-1.4023368,-0.15380509,0.0,0.0
2025-09-07 04:00:00,solar.bun_library#realenergyintotheload#kwh,BUNDOORA,0.0,9.816379,0.014327307,0.013902825,0.0
2025-09-07 05:00:00,solar.bun_library#realenergyintotheload#kwh,BUNDOORA,0.0,23.06986,0.016420107,0.01593362,0.0
2025-09-07 06:00:00,solar.bun_library#realenergyintotheload#kwh,BUNDOORA,0.0,32.03359,0.016420107,0.01593362,0.0
2025-09-07 07:00:00,solar.bun_library#realenergyintotheload#kwh,BUNDOORA,1.0,92.978226,1.878084,1.822441,9.0
2025-09-07 08:00:00,solar.bun_library#realenergyintotheload#kwh,BUNDOORA,13.5,92.19079,21.770882,21.125864,67.0
2025-09-07 09:00:00,solar.bun_library#realenergyintotheload#kwh,BUNDOORA,37.75,82.79932,60.726727,58.927544,178.0
2025-09-07 10:00:00,solar.bun_library#realenergyintotheload#kwh,BUNDOORA,83.375,97.99301,66.71537,64.73876,198.0
2025-09-07 11:00:00,solar.bun_library#realenergyintotheload#kwh,BUNDOORA,53.0,98.140045,58.85106,57.10745,175.0
2025-09-07 12:00:00,solar.bun_library#realenergyintotheload#kwh,BUNDOORA,36.25,67.00871,38.96292,37.808548,116.0
2025-09-07 13:00:00,solar.bun_library#realenergyintotheload#kwh,BUNDOORA,35.625,45.536,29.804142,28.92112,84.0
2025-09-07 14:00:00,solar.bun_library#realenergyintotheload#kwh,BUNDOORA,88.125,57.462708,103.06326,100.00976,305.0
2025-09-07 15:00:00,solar.bun_library#realenergyintotheload#kwh,BUNDOORA,101.75,132.21146,102.99844,99.94685,296.0
2025-09-07 16:00:00,solar.bun_library#realenergyintotheload#kwh,BUNDOORA,107.25,182.57967,133.07149,129.1289,356.0
2025-09-07 17:00:00,solar.bun_library#realenergyintotheload#kwh,BUNDOORA,48.625,89.46468,35.253883,34.2094,112.0
2025-09-07 18:00:00,solar.bun_library#realenergyintotheload#kwh,BUNDOORA,9.0,68.894745,0.75710386,0.7346728,5.0
2025-09-07 19:00:00,solar.bun_library#realenergyintotheload#kwh,BUNDOORA,0.0,43.018665,-0.073779136,0.0,0.0
2025-09-07 20:00:00,solar.bun_library#realenergyintotheload#kwh,BUNDOORA,0.0,21.203413,0.031679533,0.030740948,0.0
2025-09-07 21:00:00,solar.bun_library#realenergyintotheload#kwh,BUNDOORA,0.0,-0.123320006,-0.058905274,0.0,0.0
2025-09-07 22:00:00,solar.bun_library#realenergyintotheload#kwh,BUNDOORA,0.0,-3.9305308,-0.006652971,0.0,0.0
2025-09-07 23:00:00,solar.bun_library#realenergyintotheload#kwh,BUNDOORA,0.0,1.84548,0.024159368,0.023443587,0.0
2025-09-08 00:00:00,solar.bun_library#realenergyintotheload#kwh,BUNDOORA,0.0,-0.7455101,0.017168768,0.0166601,0.0
2025-09-08 01:00:00,solar.bun_library#realenergyintotheload#kwh,BUNDOORA,0.0,0.5820502,0.013836655,0.013426709,0.0
2025-09-08 02:00:00,solar.bun_library#realenergyintotheload#kwh,BUNDOORA,0.0,-0.5288748,0.013668385,0.013263425,0.0
2025-09-08 03:00:00,solar.bun_library#realenergyintotheload#kwh,BUNDOORA,0.0,-0.51671094,0.003295035,0.0031974115,0.0
2025-09-08 04:00:00,solar.bun_library#realenergyintotheload#kwh,BUNDOORA,0.0,0.68883574,0.003295035,0.0031974115,0.0
2025-09-08 05:00:00,solar.bun_library#realenergyintotheload#kwh,BUNDOORA,0.0,0.63102347,0.003295035,0.0031974115,0.0
2025-09-08 06:00:00,solar.bun_library#realenergyintotheload#kwh,BUNDOORA,0.0,2.2489834,0.003295035,0.0031974115,0.0
2025-09-08 07:00:00,solar.bun_library#realenergyintotheload#kwh,BUNDOORA,1.0,1.2700176,3.8715477,3.7568433,16.0
2025-09-08 08:00:00,solar.bun_library#realenergyintotheload#kwh,BUNDOORA,33.375,23.684786,72.48653,70.33893,184.0
2025-09-08 09:00:00,solar.bun_library#realenergyintotheload#kwh,BUNDOORA,106.625,94.573006,139.28984,135.16302,374.0
2025-09-08 10:00:00,solar.bun_library#realenergyintotheload#kwh,BUNDOORA,180.125,157.12155,192.86407,187.15,539.0
2025-09-08 11:00:00,solar.bun_library#realenergyintotheload#kwh,BUNDOORA,230.25,186.90916,237.3562,230.32393,661.0
2025-09-08 12:00:00,solar.bun_library#realenergyintotheload#kwh,BUNDOORA,221.875,164.85869,211.82791,205.55199,595.0
2025-09-08 13:00:00,solar.bun_library#realenergyintotheload#kwh,BUNDOORA,221.625,184.46204,240.82584,233.69077,703.0
2025-09-08 14:00:00,solar.bun_library#realenergyintotheload#kwh,BUNDOORA,222.0,200.29732,235.64336,228.66183,671.0
2025-09-08 15:00:00,solar.bun_library#realenergyintotheload#kwh,BUNDOORA,156.875,125.58789,167.93152,162.95613,451.0
2025-09-08 16:00:00,solar.bun_library#realenergyintotheload#kwh,BUNDOORA,93.25,153.55728,72.54615,70.39679,210.0
2025-09-08 17:00:00,solar.bun_library#realenergyintotheload#kwh,BUNDOORA,43.75,171.9205,64.18645,62.284763,188.0
2025-09-08 18:00:00,solar.bun_library#realenergyintotheload#kwh,BUNDOORA,9.875,104.16136,6.237983,6.0531673,24.0
2025-09-08 19:00:00,solar.bun_library#realenergyintotheload#kwh,BUNDOORA,0.0,23.738127,-0.15508807,0.0,0.0
2025-09-08 20:00:00,solar.bun_library#realenergyintotheload#kwh,BUNDOORA,0.0,3.2277775,0.029783651,0.028901236,0.0
2025-09-08 21:00:00,solar.bun_library#realenergyintotheload#kwh,BUNDOORA,0.0,1.6059148,0.009353492,0.009076372,0.0
2025-09-08 22:00:00,solar.bun_library#realenergyintotheload#kwh,BUNDOORA,0.0,1.2411522,0.02417073,0.023454612,0.0
2025-09-08 23:00:00,solar.bun_library#realenergyintotheload#kwh,BUNDOORA,0.0,1.1128297,0.0012090327,0.0011732121,0.0
2025-09-09 00:00:00,solar.bun_library#realenergyintotheload#kwh,BUNDOORA,0.0,-0.10237859,-0.0011264447,0.0,0.0
2025-09-09 01:00:00,solar.bun_library#realenergyintotheload#kwh,BUNDOORA,0.0,-0.65858406,-0.006378649,0.0,0.0
2025-09-09 02:00:00,solar.bun_library#realenergyintotheload#kwh,BUNDOORA,0.0,-0.43408588,-0.0014174792,0.0,0.0
2025-09-09 03:00:00,solar.bun_library#realenergyintotheload#kwh,BUNDOORA,0.0,-0.34149846,0.013116319,0.012727715,0.0
2025-09-09 04:00:00,solar.bun_library#realenergyintotheload#kwh,BUNDOORA,0.0,-0.79469466,0.013116319,0.012727715,0.0
2025-09-09 05:00:00,solar.bun_library#realenergyintotheload#kwh,BUNDOORA,0.0,-0.80359256,0.013116319,0.012727715,0.0
2025-09-09 06:00:00,solar.bun_library#realenergyintotheload#kwh,BUNDOORA,0.0,7.609953,0.013116319,0.012727715,0.0
2025-09-09 07:00:00,solar.bun_library#realenergyintotheload#kwh,BUNDOORA,1.5,1.8764702,2.630501,2.5525658,13.0
2025-09-09 08:00:00,solar.bun_library#realenergyintotheload#kwh,BUNDOORA,20.375,-0.22440904,37.527073,36.41524,109.0
2025-09-09 09:00:00,solar.bun_library#realenergyintotheload#kwh,BUNDOORA,59.0,0.24419028,101.20301,98.20462,260.0
2025-09-09 10:00:00,solar.bun_library#realenergyintotheload#kwh,BUNDOORA,69.25,54.157925,72.99528,70.83261,211.0
2025-09-09 11:00:00,solar.bun_library#realenergyintotheload#kwh,BUNDOORA,65.625,80.76018,104.952,101.84254,305.0
2025-09-09 12:00:00,solar.bun_library#realenergyintotheload#kwh,BUNDOORA,147.875,80.79926,175.09714,169.90944,483.0
2025-09-09 13:00:00,solar.bun_library#realenergyintotheload#kwh,BUNDOORA,197.0,149.12245,159.89574,155.15843,447.0
2025-09-09 14:00:00,solar.bun_library#realenergyintotheload#kwh,BUNDOORA,128.375,171.719,168.32533,163.33827,462.0
2025-09-09 15:00:00,solar.bun_library#realenergyintotheload#kwh,BUNDOORA,164.625,239.49854,195.4459,189.65533,519.0
2025-09-09 16:00:00,solar.bun_library#realenergyintotheload#kwh,BUNDOORA,83.5,128.45624,75.55955,73.32091,212.0
2025-09-09 17:00:00,solar.bun_library#realenergyintotheload#kwh,BUNDOORA,35.25,104.39961,50.29502,48.804905,156.0
2025-09-09 18:00:00,solar.bun_library#realenergyintotheload#kwh,BUNDOORA,6.75,80.66454,4.747336,4.606684,18.0
2025-09-09 19:00:00,solar.bun_library#realenergyintotheload#kwh,BUNDOORA,0.0,29.767399,0.016417138,0.01593074,0.0
2025-09-09 20:00:00,solar.bun_library#realenergyintotheload#kwh,BUNDOORA,0.0,1.0450357,0.013116319,0.012727715,0.0
2025-09-09 21:00:00,solar.bun_library#realenergyintotheload#kwh,BUNDOORA,0.0,-0.028740605,0.013116319,0.012727715,0.0
2025-09-09 22:00:00,solar.bun_library#realenergyintotheload#kwh,BUNDOORA,0.0,0.021396862,0.013116319,0.012727715,0.0
2025-09-09 23:00:00,solar.bun_library#realenergyintotheload#kwh,BUNDOORA,0.0,-0.38008583,0.013116319,0.012727715,0.0
2025-09-10 00:00:00,solar.bun_library#realenergyintotheload#kwh,BUNDOORA,0.0,-0.5806319,0.013116319,0.012727715,0.0
2025-09-10 01:00:00,solar.bun_library#realenergyintotheload#kwh,BUNDOORA,0.0,-0.54330355,0.013116319,0.012727715,0.0
2025-09-10 02:00:00,solar.bun_library#realenergyintotheload#kwh,BUNDOORA,0.0,-0.35200152,0.003706878,0.0035970525,0.0
2025-09-10 03:00:00,solar.bun_library#realenergyintotheload#kwh,BUNDOORA,0.0,-0.39956942,0.013116319,0.012727715,0.0
2025-09-10 04:00:00,solar.bun_library#realenergyintotheload#kwh,BUNDOORA,0.0,-0.35505164,0.003706878,0.0035970525,0.0
2025-09-10 05:00:00,solar.bun_library#realenergyintotheload#kwh,BUNDOORA,0.0,-0.42764017,0.005372308,0.00521314,0.0
2025-09-10 06:00:00,solar.bun_library#realenergyintotheload#kwh,BUNDOORA,0.0,2.9928987,0.003706878,0.0035970525,0.0
2025-09-10 07:00:00,solar.bun_library#realenergyintotheload#kwh,BUNDOORA,0.0,0.11707799,2.019613,1.959777,9.0
2025-09-10 08:00:00,solar.bun_library#realenergyintotheload#kwh,BUNDOORA,0.0,-2.055869,33.843197,32.840508,98.0
2025-09-10 09:00:00,solar.bun_library#realenergyintotheload#kwh,BUNDOORA,0.0,10.59771,110.62215,107.34469,274.0
2025-09-10 10:00:00,solar.bun_library#realenergyintotheload#kwh,BUNDOORA,0.0,47.75685,78.97222,76.63247,230.0
2025-09-10 11:00:00,solar.bun_library#realenergyintotheload#kwh,BUNDOORA,0.0,143.417,92.88909,90.13702,271.0
2025-09-10 12:00:00,solar.bun_library#realenergyintotheload#kwh,BUNDOORA,0.0,100.57927,129.09383,125.2691,369.0
2025-09-10 13:00:00,solar.bun_library#realenergyintotheload#kwh,BUNDOORA,0.0,113.193886,88.44854,85.82803,259.0
2025-09-10 14:00:00,solar.bun_library#realenergyintotheload#kwh,BUNDOORA,0.0,104.94686,63.643017,61.757435,191.0
2025-09-10 15:00:00,solar.bun_library#realenergyintotheload#kwh,BUNDOORA,0.0,132.80672,62.298096,60.45236,185.0
2025-09-10 16:00:00,solar.bun_library#realenergyintotheload#kwh,BUNDOORA,0.0,139.46516,47.481182,46.074432,145.0
2025-09-10 17:00:00,solar.bun_library#realenergyintotheload#kwh,BUNDOORA,0.0,53.760117,29.261423,28.39448,83.0
2025-09-10 18:00:00,solar.bun_library#realenergyintotheload#kwh,BUNDOORA,0.0,51.54555,1.1624027,1.1279637,6.0
2025-09-10 19:00:00,solar.bun_library#realenergyintotheload#kwh,BUNDOORA,0.0,26.98355,0.0015011067,0.0014566326,0.0
2025-09-10 20:00:00,solar.bun_library#realenergyintotheload#kwh,BUNDOORA,0.0,-0.32905436,0.0015011067,0.0014566326,0.0
2025-09-10 21:00:00,solar.bun_library#realenergyintotheload#kwh,BUNDOORA,0.0,-0.047080476,0.0015011067,0.0014566326,0.0
2025-09-10 22:00:00,solar.bun_library#realenergyintotheload#kwh,BUNDOORA,0.0,0.9384094,-0.0074369097,0.0,0.0
2025-09-10 23:00:00,solar.bun_library#realenergyintotheload#kwh,BUNDOORA,0.0,-0.46096677,-0.0028273428,0.0,0.0
2025-09-11 00:00:00,solar.bun_library#realenergyintotheload#kwh,BUNDOORA,0.0,-0.30931956,0.005840049,0.005667023,0.0
2025-09-11 01:00:00,solar.bun_library#realenergyintotheload#kwh,BUNDOORA,0.0,-1.114669,0.005840049,0.005667023,0.0
2025-09-11 02:00:00,solar.bun_library#realenergyintotheload#kwh,BUNDOORA,0.0,-1.1652423,0.01358406,0.013181598,0.0
2025-09-11 03:00:00,solar.bun_library#realenergyintotheload#kwh,BUNDOORA,0.0,-1.1652423,0.013085023,0.012697346,0.0
2025-09-11 04:00:00,solar.bun_library#realenergyintotheload#kwh,BUNDOORA,0.0,0.019932656,0.013085023,0.012697346,0.0
2025-09-11 05:00:00,solar.bun_library#realenergyintotheload#kwh,BUNDOORA,0.0,0.28630608,-0.0044585583,0.0,0.0
2025-09-11 06:00:00,solar.bun_library#realenergyintotheload#kwh,BUNDOORA,0.0,2.8698602,0.006083061,0.005902835,0.0
2025-09-11 07:00:00,solar.bun_library#realenergyintotheload#kwh,BUNDOORA,2.125,-2.8289707,4.6977415,4.558559,18.0
2025-09-11 08:00:00,solar.bun_library#realenergyintotheload#kwh,BUNDOORA,31.125,-0.9709321,57.659138,55.95084,163.0
2025-09-11 09:00:00,solar.bun_library#realenergyintotheload#kwh,BUNDOORA,94.75,18.433523,110.28985,107.02223,277.0
2025-09-11 10:00:00,solar.bun_library#realenergyintotheload#kwh,BUNDOORA,91.5,38.78089,110.171814,106.9077,303.0
2025-09-11 11:00:00,solar.bun_library#realenergyintotheload#kwh,BUNDOORA,108.25,66.872826,137.33334,133.2645,394.0
2025-09-11 12:00:00,solar.bun_library#realenergyintotheload#kwh,BUNDOORA,135.875,112.05547,136.9485,132.89105,392.0
2025-09-11 13:00:00,solar.bun_library#realenergyintotheload#kwh,BUNDOORA,159.375,137.32579,159.7745,155.04079,453.0
2025-09-11 14:00:00,solar.bun_library#realenergyintotheload#kwh,BUNDOORA,168.75,181.12683,228.82465,222.04515,631.0
2025-09-11 15:00:00,solar.bun_library#realenergyintotheload#kwh,BUNDOORA,198.625,104.162285,212.25299,205.96446,568.0
2025-09-11 16:00:00,solar.bun_library#realenergyintotheload#kwh,BUNDOORA,108.25,64.519394,107.05346,103.88173,281.0
2025-09-11 17:00:00,solar.bun_library#realenergyintotheload#kwh,BUNDOORA,25.25,21.543535,31.61525,30.678568,95.0
2025-09-11 18:00:00,solar.bun_library#realenergyintotheload#kwh,BUNDOORA,8.25,6.5895414,4.7516594,4.6108794,17.0
2025-09-11 19:00:00,solar.bun_library#realenergyintotheload#kwh,BUNDOORA,0.0,5.032785,0.013116319,0.012727715,0.0
2025-09-11 20:00:00,solar.bun_library#realenergyintotheload#kwh,BUNDOORA,0.0,-0.2130614,0.013116319,0.012727715,0.0
2025-09-11 21:00:00,solar.bun_library#realenergyintotheload#kwh,BUNDOORA,0.0,-0.35927838,0.013116319,0.012727715,0.0
2025-09-11 22:00:00,solar.bun_library#realenergyintotheload#kwh,BUNDOORA,0.0,-0.023265434,0.013116319,0.012727715,0.0
2025-09-11 23:00:00,solar.bun_library#realenergyintotheload#kwh,BUNDOORA,0.0,0.19072649,0.013116319,0.012727715,0.0
2025-09-12 00:00:00,solar.bun_library#realenergyintotheload#kwh,BUNDOORA,0.0,-0.8860458,-0.0021230807,0.0,0.0
2025-09-12 01:00:00,solar.bun_library#realenergyintotheload#kwh,BUNDOORA,0.0,-0.9330342,-0.0097107645,0.0,0.0
2025-09-12 02:00:00,solar.bun_library#realenergyintotheload#kwh,BUNDOORA,0.0,-0.39243495,-0.0097107645,0.0,0.0
2025-09-12 03:00:00,solar.bun_library#realenergyintotheload#kwh,BUNDOORA,0.0,-0.39920256,-0.0097107645,0.0,0.0
2025-09-12 04:00:00,solar.bun_library#realenergyintotheload#kwh,BUNDOORA,0.0,-0.41996795,-0.0097107645,0.0,0.0
2025-09-12 05:00:00,solar.bun_library#realenergyintotheload#kwh,BUNDOORA,0.0,-0.22822627,-0.0097107645,0.0,0.0
2025-09-12 06:00:00,solar.bun_library#realenergyintotheload#kwh,BUNDOORA,0.0,0.2103799,-0.0020917845,0.0,0.0
2025-09-12 07:00:00,solar.bun_library#realenergyintotheload#kwh,BUNDOORA,1.625,0.38663024,6.2601266,6.0746546,23.0
2025-09-12 08:00:00,solar.bun_library#realenergyintotheload#kwh,BUNDOORA,28.5,-1.7061874,54.40219,52.79039,150.0
2025-09-12 09:00:00,solar.bun_library#realenergyintotheload#kwh,BUNDOORA,67.125,21.941635,107.34634,104.16593,274.0
2025-09-12 10:00:00,solar.bun_library#realenergyintotheload#kwh,BUNDOORA,103.5,39.20687,196.96535,191.12976,502.0
2025-09-12 11:00:00,solar.bun_library#realenergyintotheload#kwh,BUNDOORA,0.0,97.65408,128.98608,125.16455,360.0
2025-09-12 12:00:00,solar.bun_library#realenergyintotheload#kwh,BUNDOORA,0.0,139.37401,142.76443,138.53468,408.0
2025-09-12 13:00:00,solar.bun_library#realenergyintotheload#kwh,BUNDOORA,0.0,113.05824,193.28816,187.56152,554.0
2025-09-12 14:00:00,solar.bun_library#realenergyintotheload#kwh,BUNDOORA,0.0,83.40047,54.15785,52.553288,161.0
2025-09-12 15:00:00,solar.bun_library#realenergyintotheload#kwh,BUNDOORA,0.0,119.0773,57.924828,56.20866,168.0
2025-09-12 16:00:00,solar.bun_library#realenergyintotheload#kwh,BUNDOORA,0.0,119.37688,76.536514,74.26893,214.0
2025-09-12 17:00:00,solar.bun_library#realenergyintotheload#kwh,BUNDOORA,0.0,51.139767,46.974888,45.583138,143.0
2025-09-12 18:00:00,solar.bun_library#realenergyintotheload#kwh,BUNDOORA,0.0,33.973732,4.8052735,4.662905,20.0
2025-09-12 19:00:00,solar.bun_library#realenergyintotheload#kwh,BUNDOORA,0.0,10.849113,0.016458016,0.015970405,0.0
2025-09-12 20:00:00,solar.bun_library#realenergyintotheload#kwh,BUNDOORA,0.0,2.3517573,0.020869914,0.02025159,0.0
2025-09-12 21:00:00,solar.bun_library#realenergyintotheload#kwh,BUNDOORA,0.0,0.14386165,0.013125903,0.012737015,0.0
2025-09-12 22:00:00,solar.bun_library#realenergyintotheload#kwh,BUNDOORA,0.0,0.20165408,0.013125903,0.012737015,0.0
2025-09-12 23:00:00,solar.bun_library#realenergyintotheload#kwh,BUNDOORA,0.0,-0.17135063,0.020869914,0.02025159,0.0
2025-09-13 00:00:00,solar.bun_library#realenergyintotheload#kwh,BUNDOORA,0.0,0.26650715,0.0030352967,0.0029453684,0.0
2025-09-13 01:00:00,solar.bun_library#realenergyintotheload#kwh,BUNDOORA,0.0,0.26650715,0.005661809,0.0054940637,0.0
2025-09-13 02:00:00,solar.bun_library#realenergyintotheload#kwh,BUNDOORA,0.0,0.26650715,0.005661809,0.0054940637,0.0
2025-09-13 03:00:00,solar.bun_library#realenergyintotheload#kwh,BUNDOORA,0.0,-0.09208043,0.020869914,0.02025159,0.0
2025-09-13 04:00:00,solar.bun_library#realenergyintotheload#kwh,BUNDOORA,0.0,-0.09208043,0.020869914,0.02025159,0.0
2025-09-13 05:00:00,solar.bun_library#realenergyintotheload#kwh,BUNDOORA,0.0,0.13040906,0.020869914,0.02025159,0.0
2025-09-13 06:00:00,solar.bun_library#realenergyintotheload#kwh,BUNDOORA,0.0,1.4765521,0.0030352967,0.0029453684,0.0
2025-09-13 07:00:00,solar.bun_library#realenergyintotheload#kwh,BUNDOORA,0.0,4.279107,5.522943,5.359312,21.0
2025-09-13 08:00:00,solar.bun_library#realenergyintotheload#kwh,BUNDOORA,0.0,-0.8444907,54.31525,52.706024,150.0
2025-09-13 09:00:00,solar.bun_library#realenergyintotheload#kwh,BUNDOORA,0.0,1.9567583,96.27742,93.42496,260.0
2025-09-13 10:00:00,solar.bun_library#realenergyintotheload#kwh,BUNDOORA,0.0,39.07432,207.32336,201.1809,530.0
2025-09-13 11:00:00,solar.bun_library#realenergyintotheload#kwh,BUNDOORA,0.0,37.76038,129.10411,125.279076,369.0
2025-09-13 12:00:00,solar.bun_library#realenergyintotheload#kwh,BUNDOORA,0.0,83.69221,89.909164,87.245384,259.0
2025-09-13 13:00:00,solar.bun_library#realenergyintotheload#kwh,BUNDOORA,0.0,115.68922,155.4756,150.86925,440.0
2025-09-13 14:00:00,solar.bun_library#realenergyintotheload#kwh,BUNDOORA,0.0,183.09406,179.35475,174.04092,509.0
2025-09-13 15:00:00,solar.bun_library#realenergyintotheload#kwh,BUNDOORA,0.0,135.70908,58.804493,57.062263,174.0
2025-09-13 16:00:00,solar.bun_library#realenergyintotheload#kwh,BUNDOORA,0.0,126.21523,29.116322,28.253677,83.0
2025-09-13 17:00:00,solar.bun_library#realenergyintotheload#kwh,BUNDOORA,0.0,56.59951,28.583088,27.736242,86.0
2025-09-13 18:00:00,solar.bun_library#realenergyintotheload#kwh,BUNDOORA,0.0,39.67288,3.3140278,3.2158415,14.0
2025-09-13 19:00:00,solar.bun_library#realenergyintotheload#kwh,BUNDOORA,0.0,12.80457,0.03412769,0.03311657,0.0
2025-09-13 20:00:00,solar.bun_library#realenergyintotheload#kwh,BUNDOORA,0.0,0.043389454,0.11308673,0.10973626,0.0
2025-09-13 21:00:00,solar.bun_library#realenergyintotheload#kwh,BUNDOORA,0.0,-0.00990672,0.013125903,0.012737015,0.0
2025-09-13 22:00:00,solar.bun_library#realenergyintotheload#kwh,BUNDOORA,0.0,-0.09208043,0.020869914,0.02025159,0.0
2025-09-13 23:00:00,solar.bun_library#realenergyintotheload#kwh,BUNDOORA,0.0,0.57956094,0.0030040005,0.0029149994,0.0
2025-09-14 00:00:00,solar.bun_library#realenergyintotheload#kwh,BUNDOORA,0.0,0.53552157,0.020838618,0.020221222,0.0
2025-09-14 01:00:00,solar.bun_library#realenergyintotheload#kwh,BUNDOORA,0.0,0.3681239,-0.0097107645,0.0,0.0
2025-09-14 02:00:00,solar.bun_library#realenergyintotheload#kwh,BUNDOORA,0.0,-0.028250834,0.013085023,0.012697346,0.0
2025-09-14 03:00:00,solar.bun_library#realenergyintotheload#kwh,BUNDOORA,0.0,0.15101402,-0.0097107645,0.0,0.0
2025-09-14 04:00:00,solar.bun_library#realenergyintotheload#kwh,BUNDOORA,0.0,0.22754756,-0.0044585583,0.0,0.0
2025-09-14 05:00:00,solar.bun_library#realenergyintotheload#kwh,BUNDOORA,0.0,0.7476354,-0.0044585583,0.0,0.0
2025-09-14 06:00:00,solar.bun_library#realenergyintotheload#kwh,BUNDOORA,0.0,2.2494311,0.0035793143,0.0034732681,0.0
2025-09-14 07:00:00,solar.bun_library#realenergyintotheload#kwh,BUNDOORA,0.0,-4.6419544,9.221081,8.947884,32.0
2025-09-14 08:00:00,solar.bun_library#realenergyintotheload#kwh,BUNDOORA,0.0,7.094217,82.69357,80.24357,214.0
2025-09-14 09:00:00,solar.bun_library#realenergyintotheload#kwh,BUNDOORA,0.0,81.35468,161.58784,156.8004,409.0
2025-09-14 10:00:00,solar.bun_library#realenergyintotheload#kwh,BUNDOORA,0.0,159.22241,210.81345,204.56757,581.0
2025-09-14 11:00:00,solar.bun_library#realenergyintotheload#kwh,BUNDOORA,0.0,172.8097,240.01292,232.90195,703.0
2025-09-14 12:00:00,solar.bun_library#realenergyintotheload#kwh,BUNDOORA,0.0,241.83759,263.85123,256.03397,744.0
2025-09-14 13:00:00,solar.bun_library#realenergyintotheload#kwh,BUNDOORA,0.0,237.59048,262.07407,254.30946,761.0
2025-09-14 14:00:00,solar.bun_library#realenergyintotheload#kwh,BUNDOORA,0.0,234.34793,242.48239,235.29825,702.0
2025-09-14 15:00:00,solar.bun_library#realenergyintotheload#kwh,BUNDOORA,0.0,223.05952,199.06303,193.1653,553.0
2025-09-14 16:00:00,solar.bun_library#realenergyintotheload#kwh,BUNDOORA,0.0,189.54195,146.72296,142.37593,412.0
2025-09-14 17:00:00,solar.bun_library#realenergyintotheload#kwh,BUNDOORA,0.0,151.26782,72.98522,70.82285,223.0
2025-09-14 18:00:00,solar.bun_library#realenergyintotheload#kwh,BUNDOORA,0.0,55.05121,10.806237,10.486075,37.0
2025-09-14 19:00:00,solar.bun_library#realenergyintotheload#kwh,BUNDOORA,0.0,18.07863,0.248025,0.24067664,0.0
2025-09-14 20:00:00,solar.bun_library#realenergyintotheload#kwh,BUNDOORA,0.0,-0.6407412,0.16310352,0.15827116,0.0
2025-09-14 21:00:00,solar.bun_library#realenergyintotheload#kwh,BUNDOORA,0.0,4.184543,0.2632117,0.25541338,0.0
2025-09-14 22:00:00,solar.bun_library#realenergyintotheload#kwh,BUNDOORA,0.0,3.622867,-0.13461722,0.0,0.0
2025-09-14 23:00:00,solar.bun_library#realenergyintotheload#kwh,BUNDOORA,0.0,4.264683,-0.03276966,0.0,0.0
2025-09-15 00:00:00,solar.bun_library#realenergyintotheload#kwh,BUNDOORA,0.0,-4.2427807,-0.1320396,0.0,0.0
2025-09-15 01:00:00,solar.bun_library#realenergyintotheload#kwh,BUNDOORA,0.0,-2.0456023,0.0031929845,0.0030983842,0.0
2025-09-15 02:00:00,solar.bun_library#realenergyintotheload#kwh,BUNDOORA,0.0,1.5222163,-0.023595065,0.0,0.0
2025-09-15 03:00:00,solar.bun_library#realenergyintotheload#kwh,BUNDOORA,0.0,2.7222636,0.12676547,0.123009734,0.0
2025-09-15 04:00:00,solar.bun_library#realenergyintotheload#kwh,BUNDOORA,0.0,2.9915144,-0.036584184,0.0,0.0
2025-09-15 05:00:00,solar.bun_library#realenergyintotheload#kwh,BUNDOORA,0.0,4.5647416,0.056858107,0.055173542,0.0
2025-09-15 06:00:00,solar.bun_library#realenergyintotheload#kwh,BUNDOORA,0.0,34.317196,0.0019134376,0.0018567472,0.0
2025-09-15 07:00:00,solar.bun_library#realenergyintotheload#kwh,BUNDOORA,0.0,69.43637,8.30617,8.06008,29.0
2025-09-15 08:00:00,solar.bun_library#realenergyintotheload#kwh,BUNDOORA,0.0,137.3471,75.62788,73.387215,207.0
2025-09-15 09:00:00,solar.bun_library#realenergyintotheload#kwh,BUNDOORA,0.0,145.26292,112.16736,108.84412,295.0
2025-09-15 10:00:00,solar.bun_library#realenergyintotheload#kwh,BUNDOORA,0.0,162.10611,193.6646,187.9268,528.0
2025-09-15 11:00:00,solar.bun_library#realenergyintotheload#kwh,BUNDOORA,0.0,96.82763,244.10243,236.87029,693.0
2025-09-15 12:00:00,solar.bun_library#realenergyintotheload#kwh,BUNDOORA,0.0,74.707245,271.9935,263.935,771.0
2025-09-15 13:00:00,solar.bun_library#realenergyintotheload#kwh,BUNDOORA,0.0,153.86337,181.60748,176.22691,524.0
2025-09-15 14:00:00,solar.bun_library#realenergyintotheload#kwh,BUNDOORA,0.0,123.019,247.73267,240.39296,709.0
2025-09-15 15:00:00,solar.bun_library#realenergyintotheload#kwh,BUNDOORA,0.0,132.47723,212.99928,206.68864,588.0
2025-09-15 16:00:00,solar.bun_library#realenergyintotheload#kwh,BUNDOORA,0.0,121.39945,151.075,146.59903,419.0
2025-09-15 17:00:00,solar.bun_library#realenergyintotheload#kwh,BUNDOORA,0.0,150.38751,77.10311,74.81874,227.0
2025-09-15 18:00:00,solar.bun_library#realenergyintotheload#kwh,BUNDOORA,0.0,55.8293,11.183445,10.852107,36.0
2025-09-15 19:00:00,solar.bun_library#realenergyintotheload#kwh,BUNDOORA,0.0,16.041557,0.17410637,0.16894804,0.0
2025-09-15 20:00:00,solar.bun_library#realenergyintotheload#kwh,BUNDOORA,0.0,2.8717802,0.13368113,0.1297205,0.0
2025-09-15 21:00:00,solar.bun_library#realenergyintotheload#kwh,BUNDOORA,0.0,-1.2466112,-0.06277989,0.0,0.0
2025-09-15 22:00:00,solar.bun_library#realenergyintotheload#kwh,BUNDOORA,0.0,0.034789667,-0.050078478,0.0,0.0
2025-09-15 23:00:00,solar.bun_library#realenergyintotheload#kwh,BUNDOORA,0.0,1.4476122,-0.00055455696,0.0,0.0
2025-09-16 00:00:00,solar.bun_library#realenergyintotheload#kwh,BUNDOORA,0.0,-2.2727091,0.16281088,0.15798719,0.0
2025-09-16 01:00:00,solar.bun_library#realenergyintotheload#kwh,BUNDOORA,0.0,-2.9010758,0.08217335,0.07973876,0.0
2025-09-16 02:00:00,solar.bun_library#realenergyintotheload#kwh,BUNDOORA,0.0,2.7216825,0.07883647,0.07650074,0.0
2025-09-16 03:00:00,solar.bun_library#realenergyintotheload#kwh,BUNDOORA,0.0,4.322759,0.25239223,0.24491449,0.0
2025-09-16 04:00:00,solar.bun_library#realenergyintotheload#kwh,BUNDOORA,0.0,1.707582,0.052191604,0.050645296,0.0
2025-09-16 05:00:00,solar.bun_library#realenergyintotheload#kwh,BUNDOORA,0.0,1.1845537,0.0092547,0.008980506,0.0
2025-09-16 06:00:00,solar.bun_library#realenergyintotheload#kwh,BUNDOORA,0.0,19.179342,0.00609745,0.0059167976,0.0
2025-09-16 07:00:00,solar.bun_library#realenergyintotheload#kwh,BUNDOORA,0.0,67.265656,2.6460469,2.567651,12.0
2025-09-16 08:00:00,solar.bun_library#realenergyintotheload#kwh,BUNDOORA,0.0,60.803783,19.56238,18.982796,63.0
2025-09-16 09:00:00,solar.bun_library#realenergyintotheload#kwh,BUNDOORA,0.0,80.009315,38.777935,37.629044,122.0
2025-09-16 10:00:00,solar.bun_library#realenergyintotheload#kwh,BUNDOORA,0.0,50.457077,18.621578,18.069868,59.0
2025-09-16 11:00:00,solar.bun_library#realenergyintotheload#kwh,BUNDOORA,0.0,81.74291,40.745163,39.537987,127.0
2025-09-16 12:00:00,solar.bun_library#realenergyintotheload#kwh,BUNDOORA,0.0,101.032875,72.32066,70.177986,212.0
2025-09-16 13:00:00,solar.bun_library#realenergyintotheload#kwh,BUNDOORA,0.0,108.72404,93.40049,90.63327,270.0
2025-09-16 14:00:00,solar.bun_library#realenergyintotheload#kwh,BUNDOORA,0.0,107.97567,74.203255,72.0048,215.0
2025-09-16 15:00:00,solar.bun_library#realenergyintotheload#kwh,BUNDOORA,0.0,21.569317,55.130844,53.497456,163.0
2025-09-16 16:00:00,solar.bun_library#realenergyintotheload#kwh,BUNDOORA,0.0,28.742006,82.19957,79.7642,226.0
2025-09-16 17:00:00,solar.bun_library#realenergyintotheload#kwh,BUNDOORA,0.0,101.76666,34.25218,33.237373,108.0
2025-09-16 18:00:00,solar.bun_library#realenergyintotheload#kwh,BUNDOORA,0.0,37.712013,4.7531857,4.612361,18.0
2025-09-16 19:00:00,solar.bun_library#realenergyintotheload#kwh,BUNDOORA,0.0,16.64929,0.010920131,0.010596595,0.0
2025-09-16 20:00:00,solar.bun_library#realenergyintotheload#kwh,BUNDOORA,0.0,1.4779322,0.0049262512,0.0047802986,0.0
2025-09-16 21:00:00,solar.bun_library#realenergyintotheload#kwh,BUNDOORA,0.0,-0.33283347,0.006083061,0.005902835,0.0
2025-09-16 22:00:00,solar.bun_library#realenergyintotheload#kwh,BUNDOORA,0.0,-0.38362634,0.0035793143,0.0034732681,0.0
2025-09-16 23:00:00,solar.bun_library#realenergyintotheload#kwh,BUNDOORA,0.0,-0.8924229,0.0035793143,0.0034732681,0.0
2025-09-17 00:00:00,solar.bun_library#realenergyintotheload#kwh,BUNDOORA,0.0,-0.70668083,0.006083061,0.005902835,0.0
2025-09-17 01:00:00,solar.bun_library#realenergyintotheload#kwh,BUNDOORA,0.0,-1.8396146,-0.020799085,0.0,0.0
2025-09-17 02:00:00,solar.bun_library#realenergyintotheload#kwh,BUNDOORA,0.0,4.4633617,-0.020799085,0.0,0.0
2025-09-17 03:00:00,solar.bun_library#realenergyintotheload#kwh,BUNDOORA,0.0,6.028207,-0.024543978,0.0,0.0
2025-09-17 04:00:00,solar.bun_library#realenergyintotheload#kwh,BUNDOORA,0.0,-0.10209042,0.011281663,0.010947415,0.0
2025-09-17 05:00:00,solar.bun_library#realenergyintotheload#kwh,BUNDOORA,0.0,3.0870059,-0.016799968,0.0,0.0
2025-09-17 06:00:00,solar.bun_library#realenergyintotheload#kwh,BUNDOORA,0.0,26.672958,0.006911428,0.0067066597,0.0
2025-09-17 07:00:00,solar.bun_library#realenergyintotheload#kwh,BUNDOORA,0.0,15.418481,13.737311,13.330309,45.0
2025-09-17 08:00:00,solar.bun_library#realenergyintotheload#kwh,BUNDOORA,0.0,56.97777,86.39171,83.83214,234.0
2025-09-17 09:00:00,solar.bun_library#realenergyintotheload#kwh,BUNDOORA,0.0,84.84802,145.24265,140.93947,370.0
2025-09-17 10:00:00,solar.bun_library#realenergyintotheload#kwh,BUNDOORA,0.0,146.2159,95.08635,92.26918,264.0
2025-09-17 11:00:00,solar.bun_library#realenergyintotheload#kwh,BUNDOORA,0.0,145.63962,167.12843,162.17683,463.0
2025-09-17 12:00:00,solar.bun_library#realenergyintotheload#kwh,BUNDOORA,0.0,202.4965,205.7211,199.6261,564.0
2025-09-17 13:00:00,solar.bun_library#realenergyintotheload#kwh,BUNDOORA,0.0,196.46011,169.53319,164.51035,475.0
2025-09-17 14:00:00,solar.bun_library#realenergyintotheload#kwh,BUNDOORA,0.0,226.7631,221.99953,215.42224,625.0
2025-09-17 15:00:00,solar.bun_library#realenergyintotheload#kwh,BUNDOORA,0.0,148.01195,82.00688,79.577225,249.0
2025-09-17 16:00:00,solar.bun_library#realenergyintotheload#kwh,BUNDOORA,0.0,192.31021,130.94266,127.063156,350.0
2025-09-17 17:00:00,solar.bun_library#realenergyintotheload#kwh,BUNDOORA,0.0,117.40578,51.59257,50.06401,148.0
2025-09-17 18:00:00,solar.bun_library#realenergyintotheload#kwh,BUNDOORA,0.0,53.661736,8.415716,8.16638,30.0
2025-09-17 19:00:00,solar.bun_library#realenergyintotheload#kwh,BUNDOORA,0.0,36.7492,0.039912693,0.038730178,0.0
2025-09-17 20:00:00,solar.bun_library#realenergyintotheload#kwh,BUNDOORA,0.0,1.209996,0.027840078,0.027015246,0.0
2025-09-17 21:00:00,solar.bun_library#realenergyintotheload#kwh,BUNDOORA,0.0,0.28394356,0.03578354,0.034723364,0.0
2025-09-17 22:00:00,solar.bun_library#realenergyintotheload#kwh,BUNDOORA,0.0,-0.26207182,0.013116319,0.012727715,0.0
2025-09-17 23:00:00,solar.bun_library#realenergyintotheload#kwh,BUNDOORA,0.0,0.03383535,-0.0047182967,0.0,0.0
2025-09-18 00:00:00,solar.bun_library#realenergyintotheload#kwh,BUNDOORA,0.0,-0.3851699,-0.010666817,0.0,0.0
2025-09-18 01:00:00,solar.bun_library#realenergyintotheload#kwh,BUNDOORA,0.0,-0.08602674,-0.0020917845,0.0,0.0
2025-09-18 02:00:00,solar.bun_library#realenergyintotheload#kwh,BUNDOORA,0.0,-0.1337951,0.013116319,0.012727715,0.0
2025-09-18 03:00:00,solar.bun_library#realenergyintotheload#kwh,BUNDOORA,0.0,-0.32088387,-0.009679468,0.0,0.0
2025-09-18 04:00:00,solar.bun_library#realenergyintotheload#kwh,BUNDOORA,0.0,-0.32088387,-0.0097107645,0.0,0.0
2025-09-18 05:00:00,solar.bun_library#realenergyintotheload#kwh,BUNDOORA,0.0,0.08416781,0.013085023,0.012697346,0.0
2025-09-18 06:00:00,solar.bun_library#realenergyintotheload#kwh,BUNDOORA,0.0,3.032424,0.013085023,0.012697346,0.0
2025-09-18 07:00:00,solar.bun_library#realenergyintotheload#kwh,BUNDOORA,0.0,5.960536,14.439017,14.011226,42.0
2025-09-18 08:00:00,solar.bun_library#realenergyintotheload#kwh,BUNDOORA,0.0,6.33223,79.57331,77.21575,209.0
2025-09-18 09:00:00,solar.bun_library#realenergyintotheload#kwh,BUNDOORA,0.0,50.028217,167.95642,162.98029,430.0
2025-09-18 10:00:00,solar.bun_library#realenergyintotheload#kwh,BUNDOORA,0.0,174.2647,231.60359,224.74176,604.0
2025-09-18 11:00:00,solar.bun_library#realenergyintotheload#kwh,BUNDOORA,0.0,228.54451,254.79807,247.24904,728.0
2025-09-18 12:00:00,solar.bun_library#realenergyintotheload#kwh,BUNDOORA,0.0,230.31334,276.56854,268.3745,789.0
2025-09-18 13:00:00,solar.bun_library#realenergyintotheload#kwh,BUNDOORA,0.0,199.12187,272.06393,264.00336,787.0
2025-09-18 14:00:00,solar.bun_library#realenergyintotheload#kwh,BUNDOORA,0.0,211.01236,242.08112,234.90886,686.0
2025-09-18 15:00:00,solar.bun_library#realenergyintotheload#kwh,BUNDOORA,0.0,197.78142,209.17787,202.98045,570.0
2025-09-18 16:00:00,solar.bun_library#realenergyintotheload#kwh,BUNDOORA,0.0,119.418076,154.01003,149.4471,431.0
2025-09-18 17:00:00,solar.bun_library#realenergyintotheload#kwh,BUNDOORA,0.0,91.054,78.11482,75.800476,235.0
2025-09-18 18:00:00,solar.bun_library#realenergyintotheload#kwh,BUNDOORA,0.0,81.9376,13.707687,13.301563,44.0
2025-09-18 19:00:00,solar.bun_library#realenergyintotheload#kwh,BUNDOORA,0.0,16.86685,0.24636307,0.23906395,0.0
2025-09-18 20:00:00,solar.bun_library#realenergyintotheload#kwh,BUNDOORA,0.0,5.4920754,0.10652532,0.103369236,0.0
2025-09-18 21:00:00,solar.bun_library#realenergyintotheload#kwh,BUNDOORA,0.0,2.7951565,-0.03127222,0.0,0.0
2025-09-18 22:00:00,solar.bun_library#realenergyintotheload#kwh,BUNDOORA,0.0,2.107202,-0.08773728,0.0,0.0
2025-09-18 23:00:00,solar.bun_library#realenergyintotheload#kwh,BUNDOORA,0.0,-0.27161455,-0.092142895,0.0,0.0
2025-09-19 00:00:00,solar.bun_library#realenergyintotheload#kwh,BUNDOORA,0.0,0.6382036,-0.039660763,0.0,0.0
2025-09-19 01:00:00,solar.bun_library#realenergyintotheload#kwh,BUNDOORA,0.0,2.224064,-0.04839967,0.0,0.0
2025-09-19 02:00:00,solar.bun_library#realenergyintotheload#kwh,BUNDOORA,0.0,-5.1878047,0.00079084095,0.0007674103,0.0
2025-09-19 03:00:00,solar.bun_library#realenergyintotheload#kwh,BUNDOORA,0.0,-1.6463084,0.0016130311,0.001565241,0.0
2025-09-19 04:00:00,solar.bun_library#realenergyintotheload#kwh,BUNDOORA,0.0,0.9689831,0.005371265,0.005212128,0.0
2025-09-19 05:00:00,solar.bun_library#realenergyintotheload#kwh,BUNDOORA,0.0,0.31511974,0.003705835,0.0035960404,0.0
2025-09-19 06:00:00,solar.bun_library#realenergyintotheload#kwh,BUNDOORA,0.0,26.26584,0.0105004,0.0101892995,0.0
2025-09-19 07:00:00,solar.bun_library#realenergyintotheload#kwh,BUNDOORA,0.0,66.493164,4.808572,4.6661057,19.0
2025-09-19 08:00:00,solar.bun_library#realenergyintotheload#kwh,BUNDOORA,0.0,157.71202,58.05453,56.334522,170.0
2025-09-19 09:00:00,solar.bun_library#realenergyintotheload#kwh,BUNDOORA,0.0,110.39223,135.8401,131.8155,369.0
2025-09-19 10:00:00,solar.bun_library#realenergyintotheload#kwh,BUNDOORA,0.0,103.470985,141.42703,137.23691,385.0
2025-09-19 11:00:00,solar.bun_library#realenergyintotheload#kwh,BUNDOORA,0.0,130.47424,229.33197,222.53743,634.0
2025-09-19 12:00:00,solar.bun_library#realenergyintotheload#kwh,BUNDOORA,0.0,119.40636,231.16414,224.31532,653.0
2025-09-19 13:00:00,solar.bun_library#realenergyintotheload#kwh,BUNDOORA,0.0,133.22237,274.46313,266.33148,769.0
2025-09-19 14:00:00,solar.bun_library#realenergyintotheload#kwh,BUNDOORA,0.0,194.33603,254.17831,246.64764,718.0
2025-09-19 15:00:00,solar.bun_library#realenergyintotheload#kwh,BUNDOORA,0.0,195.72012,213.26804,206.94943,600.0
2025-09-19 16:00:00,solar.bun_library#realenergyintotheload#kwh,BUNDOORA,0.0,187.90683,112.68666,109.34804,333.0
2025-09-19 17:00:00,solar.bun_library#realenergyintotheload#kwh,BUNDOORA,0.0,168.0902,73.23506,71.06529,218.0
2025-09-19 18:00:00,solar.bun_library#realenergyintotheload#kwh,BUNDOORA,0.0,29.434435,14.096015,13.678386,43.0
2025-09-19 19:00:00,solar.bun_library#realenergyintotheload#kwh,BUNDOORA,0.0,21.426956,0.08809754,0.08548743,0.0
2025-09-19 20:00:00,solar.bun_library#realenergyintotheload#kwh,BUNDOORA,0.0,0.588421,-0.03650276,0.0,0.0
2025-09-19 21:00:00,solar.bun_library#realenergyintotheload#kwh,BUNDOORA,0.0,5.2235036,-0.1622454,0.0,0.0
2025-09-19 22:00:00,solar.bun_library#realenergyintotheload#kwh,BUNDOORA,0.0,5.057737,0.0025007473,0.0024266564,0.0
2025-09-19 23:00:00,solar.bun_library#realenergyintotheload#kwh,BUNDOORA,0.0,1.1002196,0.0058713425,0.005697389,0.0
2025-09-20 00:00:00,solar.bun_library#realenergyintotheload#kwh,BUNDOORA,0.0,0.30917144,-0.024543978,0.0,0.0
2025-09-20 01:00:00,solar.bun_library#realenergyintotheload#kwh,BUNDOORA,0.0,-0.75803953,0.0066203936,0.0064242478,0.0
2025-09-20 02:00:00,solar.bun_library#realenergyintotheload#kwh,BUNDOORA,0.0,-0.4796494,0.0066203936,0.0064242478,0.0
2025-09-20 03:00:00,solar.bun_library#realenergyintotheload#kwh,BUNDOORA,0.0,0.5869535,0.009415175,0.009136227,0.0
2025-09-20 04:00:00,solar.bun_library#realenergyintotheload#kwh,BUNDOORA,0.0,-3.1705577,0.011281663,0.010947415,0.0
2025-09-20 05:00:00,solar.bun_library#realenergyintotheload#kwh,BUNDOORA,0.0,8.209718,0.0134516945,0.013053155,0.0
2025-09-20 06:00:00,solar.bun_library#realenergyintotheload#kwh,BUNDOORA,0.0,18.40749,-0.016799968,0.0,0.0
2025-09-20 07:00:00,solar.bun_library#realenergyintotheload#kwh,BUNDOORA,0.0,8.143907,12.391728,12.024592,39.0
2025-09-20 08:00:00,solar.bun_library#realenergyintotheload#kwh,BUNDOORA,0.0,15.911337,95.87212,93.03167,239.0
2025-09-20 09:00:00,solar.bun_library#realenergyintotheload#kwh,BUNDOORA,0.0,42.836395,179.54901,174.22942,448.0
2025-09-20 10:00:00,solar.bun_library#realenergyintotheload#kwh,BUNDOORA,0.0,90.67872,113.85956,110.48618,314.0
2025-09-20 11:00:00,solar.bun_library#realenergyintotheload#kwh,BUNDOORA,0.0,159.06683,249.10124,241.721,696.0
2025-09-20 12:00:00,solar.bun_library#realenergyintotheload#kwh,BUNDOORA,0.0,169.61845,136.92348,132.86678,386.0
2025-09-20 13:00:00,solar.bun_library#realenergyintotheload#kwh,BUNDOORA,0.0,163.30478,103.55133,100.48336,300.0
2025-09-20 14:00:00,solar.bun_library#realenergyintotheload#kwh,BUNDOORA,0.0,150.60495,146.28775,141.95361,408.0
2025-09-20 15:00:00,solar.bun_library#realenergyintotheload#kwh,BUNDOORA,0.0,147.78722,81.940475,79.51279,248.0
2025-09-20 16:00:00,solar.bun_library#realenergyintotheload#kwh,BUNDOORA,0.0,145.96274,75.31383,73.082466,232.0
2025-09-20 17:00:00,solar.bun_library#realenergyintotheload#kwh,BUNDOORA,0.0,136.00769,38.185154,37.05382,110.0
2025-09-20 18:00:00,solar.bun_library#realenergyintotheload#kwh,BUNDOORA,0.0,74.20151,5.537544,5.3734803,21.0
2025-09-20 19:00:00,solar.bun_library#realenergyintotheload#kwh,BUNDOORA,0.0,33.47762,0.03374329,0.03274356,0.0
2025-09-20 20:00:00,solar.bun_library#realenergyintotheload#kwh,BUNDOORA,0.0,2.7515512,0.054740302,0.053118482,0.0
2025-09-20 21:00:00,solar.bun_library#realenergyintotheload#kwh,BUNDOORA,0.0,1.147249,0.026325963,0.02554599,0.0
2025-09-20 22:00:00,solar.bun_library#realenergyintotheload#kwh,BUNDOORA,0.0,1.3391258,0.010168499,0.009867232,0.0
2025-09-20 23:00:00,solar.bun_library#realenergyintotheload#kwh,BUNDOORA,0.0,-1.4003109,0.0015105298,0.0014657766,0.0
2025-09-21 00:00:00,solar.bun_library#realenergyintotheload#kwh,BUNDOORA,0.0,-4.801455,-0.042966653,0.0,0.0
2025-09-21 01:00:00,solar.bun_library#realenergyintotheload#kwh,BUNDOORA,0.0,0.90181816,0.0031665377,0.0030727212,0.0
2025-09-21 02:00:00,solar.bun_library#realenergyintotheload#kwh,BUNDOORA,0.0,0.034650993,0.010910548,0.0105872955,0.0
2025-09-21 03:00:00,solar.bun_library#realenergyintotheload#kwh,BUNDOORA,0.0,-1.2933736,0.0031665377,0.0030727212,0.0
2025-09-21 04:00:00,solar.bun_library#realenergyintotheload#kwh,BUNDOORA,0.0,-1.0557141,-0.0031084602,0.0,0.0
2025-09-21 05:00:00,solar.bun_library#realenergyintotheload#kwh,BUNDOORA,0.0,4.856333,-0.0031084602,0.0,0.0
2025-09-21 06:00:00,solar.bun_library#realenergyintotheload#kwh,BUNDOORA,0.0,19.56275,-0.0031084602,0.0,0.0
2025-09-21 07:00:00,solar.bun_library#realenergyintotheload#kwh,BUNDOORA,0.0,17.095764,6.945778,6.7399917,25.0
2025-09-21 08:00:00,solar.bun_library#realenergyintotheload#kwh,BUNDOORA,0.0,9.45429,36.291157,35.21594,109.0
2025-09-21 09:00:00,solar.bun_library#realenergyintotheload#kwh,BUNDOORA,0.0,28.131384,60.72166,58.92263,172.0
2025-09-21 10:00:00,solar.bun_library#realenergyintotheload#kwh,BUNDOORA,0.0,110.31049,29.431683,28.559696,87.0
2025-09-21 11:00:00,solar.bun_library#realenergyintotheload#kwh,BUNDOORA,0.0,98.795,20.871504,20.253134,66.0
2025-09-21 12:00:00,solar.bun_library#realenergyintotheload#kwh,BUNDOORA,0.0,106.197556,50.20009,48.712784,148.0
2025-09-21 13:00:00,solar.bun_library#realenergyintotheload#kwh,BUNDOORA,0.0,101.32696,70.29335,68.21073,208.0
2025-09-21 14:00:00,solar.bun_library#realenergyintotheload#kwh,BUNDOORA,0.0,97.51249,43.145626,41.86733,136.0
2025-09-21 15:00:00,solar.bun_library#realenergyintotheload#kwh,BUNDOORA,0.0,63.116184,28.76351,27.91132,89.0
2025-09-21 16:00:00,solar.bun_library#realenergyintotheload#kwh,BUNDOORA,0.0,42.35932,18.400183,17.855032,59.0
2025-09-21 17:00:00,solar.bun_library#realenergyintotheload#kwh,BUNDOORA,0.0,56.495163,34.24393,33.22937,111.0
2025-09-21 18:00:00,solar.bun_library#realenergyintotheload#kwh,BUNDOORA,0.0,21.749775,4.736433,4.596104,17.0
2025-09-21 19:00:00,solar.bun_library#realenergyintotheload#kwh,BUNDOORA,0.0,18.17016,0.014335692,0.013910961,0.0
2025-09-21 20:00:00,solar.bun_library#realenergyintotheload#kwh,BUNDOORA,0.0,3.6639698,0.013836655,0.013426709,0.0
2025-09-21 21:00:00,solar.bun_library#realenergyintotheload#kwh,BUNDOORA,0.0,-0.65519536,0.006083061,0.005902835,0.0
2025-09-21 22:00:00,solar.bun_library#realenergyintotheload#kwh,BUNDOORA,0.0,-1.0958915,0.0065820985,0.0063870875,0.0
2025-09-21 23:00:00,solar.bun_library#realenergyintotheload#kwh,BUNDOORA,0.0,-0.07125336,0.0065820985,0.0063870875,0.0
2025-09-22 00:00:00,solar.bun_library#realenergyintotheload#kwh,BUNDOORA,0.0,-1.675119,0.006083061,0.005902835,0.0
2025-09-22 01:00:00,solar.bun_library#realenergyintotheload#kwh,BUNDOORA,0.0,-0.77011657,-0.001161912,0.0,0.0
2025-09-22 02:00:00,solar.bun_library#realenergyintotheload#kwh,BUNDOORA,0.0,-2.02829,0.006083061,0.005902835,0.0
2025-09-22 03:00:00,solar.bun_library#realenergyintotheload#kwh,BUNDOORA,0.0,-1.3707817,0.006083061,0.005902835,0.0
2025-09-22 04:00:00,solar.bun_library#realenergyintotheload#kwh,BUNDOORA,0.0,-1.3843406,0.0035793143,0.0034732681,0.0
2025-09-22 05:00:00,solar.bun_library#realenergyintotheload#kwh,BUNDOORA,0.0,-0.5427506,0.0035793143,0.0034732681,0.0
2025-09-22 06:00:00,solar.bun_library#realenergyintotheload#kwh,BUNDOORA,0.0,3.671138,0.006083061,0.005902835,0.0
2025-09-22 07:00:00,solar.bun_library#realenergyintotheload#kwh,BUNDOORA,0.0,3.2106194,15.360331,14.905242,50.0
2025-09-22 08:00:00,solar.bun_library#realenergyintotheload#kwh,BUNDOORA,0.0,2.6012514,72.8405,70.68242,195.0
2025-09-22 09:00:00,solar.bun_library#realenergyintotheload#kwh,BUNDOORA,0.0,59.326595,181.83397,176.44669,442.0
2025-09-22 10:00:00,solar.bun_library#realenergyintotheload#kwh,BUNDOORA,0.0,95.92489,106.47728,103.322624,301.0
2025-09-22 11:00:00,solar.bun_library#realenergyintotheload#kwh,BUNDOORA,0.0,91.11374,256.44122,248.8435,710.0
2025-09-22 12:00:00,solar.bun_library#realenergyintotheload#kwh,BUNDOORA,0.0,207.72047,252.31262,244.83723,699.0
2025-09-22 13:00:00,solar.bun_library#realenergyintotheload#kwh,BUNDOORA,0.0,190.25786,201.45746,195.48878,563.0
2025-09-22 14:00:00,solar.bun_library#realenergyintotheload#kwh,BUNDOORA,0.0,212.09348,223.27202,216.65703,614.0
2025-09-22 15:00:00,solar.bun_library#realenergyintotheload#kwh,BUNDOORA,0.0,213.77783,156.79236,152.14699,421.0
2025-09-22 16:00:00,solar.bun_library#realenergyintotheload#kwh,BUNDOORA,0.0,162.23363,165.66095,160.75282,440.0
2025-09-22 17:00:00,solar.bun_library#realenergyintotheload#kwh,BUNDOORA,0.0,179.46379,89.95717,87.29196,238.0
2025-09-22 18:00:00,solar.bun_library#realenergyintotheload#kwh,BUNDOORA,0.0,85.28695,13.759178,13.351528,41.0
2025-09-22 19:00:00,solar.bun_library#realenergyintotheload#kwh,BUNDOORA,0.0,44.041363,0.009415175,0.009136227,0.0
2025-09-22 20:00:00,solar.bun_library#realenergyintotheload#kwh,BUNDOORA,0.0,3.5625284,0.016417138,0.01593074,0.0
2025-09-22 21:00:00,solar.bun_library#realenergyintotheload#kwh,BUNDOORA,0.0,-0.12253484,0.013085023,0.012697346,0.0
2025-09-22 22:00:00,solar.bun_library#realenergyintotheload#kwh,BUNDOORA,0.0,-0.65359485,0.013085023,0.012697346,0.0
2025-09-22 23:00:00,solar.bun_library#realenergyintotheload#kwh,BUNDOORA,0.0,-1.0256116,0.013085023,0.012697346,0.0
2025-09-23 00:00:00,solar.bun_library#realenergyintotheload#kwh,BUNDOORA,0.0,-1.0663953,0.01358406,0.013181598,0.0
2025-09-23 01:00:00,solar.bun_library#realenergyintotheload#kwh,BUNDOORA,0.0,-1.124459,0.013085023,0.012697346,0.0
2025-09-23 02:00:00,solar.bun_library#realenergyintotheload#kwh,BUNDOORA,0.0,-0.8891409,-0.010666817,0.0,0.0
2025-09-23 03:00:00,solar.bun_library#realenergyintotheload#kwh,BUNDOORA,0.0,-0.5863543,-0.010666817,0.0,0.0
2025-09-23 04:00:00,solar.bun_library#realenergyintotheload#kwh,BUNDOORA,0.0,-1.020449,0.005372308,0.00521314,0.0
2025-09-23 05:00:00,solar.bun_library#realenergyintotheload#kwh,BUNDOORA,0.0,-0.57628226,0.013116319,0.012727715,0.0
2025-09-23 06:00:00,solar.bun_library#realenergyintotheload#kwh,BUNDOORA,0.0,-0.6224473,-0.0097107645,0.0,0.0
2025-09-23 07:00:00,solar.bun_library#realenergyintotheload#kwh,BUNDOORA,0.0,-2.4075391,10.742358,10.424089,34.0
2025-09-23 08:00:00,solar.bun_library#realenergyintotheload#kwh,BUNDOORA,0.0,13.172844,83.87684,81.39178,233.0
2025-09-23 09:00:00,solar.bun_library#realenergyintotheload#kwh,BUNDOORA,0.0,33.47992,172.78934,167.67001,444.0
2025-09-23 10:00:00,solar.bun_library#realenergyintotheload#kwh,BUNDOORA,0.0,87.76738,145.61717,141.3029,397.0
2025-09-23 11:00:00,solar.bun_library#realenergyintotheload#kwh,BUNDOORA,0.0,217.81374,186.3275,180.80708,522.0
2025-09-23 12:00:00,solar.bun_library#realenergyintotheload#kwh,BUNDOORA,0.0,165.16174,141.56047,137.3664,412.0
2025-09-23 13:00:00,solar.bun_library#realenergyintotheload#kwh,BUNDOORA,0.0,108.68008,70.34777,68.26354,215.0
2025-09-23 14:00:00,solar.bun_library#realenergyintotheload#kwh,BUNDOORA,0.0,141.64108,157.30365,152.64314,449.0
2025-09-23 15:00:00,solar.bun_library#realenergyintotheload#kwh,BUNDOORA,0.0,155.03665,72.874954,70.71585,213.0
2025-09-23 16:00:00,solar.bun_library#realenergyintotheload#kwh,BUNDOORA,0.0,134.04262,86.75038,84.18018,252.0
2025-09-23 17:00:00,solar.bun_library#realenergyintotheload#kwh,BUNDOORA,0.0,126.747505,71.25436,69.143265,202.0
2025-09-23 18:00:00,solar.bun_library#realenergyintotheload#kwh,BUNDOORA,0.0,72.49731,8.373848,8.1257515,29.0
2025-09-23 19:00:00,solar.bun_library#realenergyintotheload#kwh,BUNDOORA,0.0,25.854872,0.07454504,0.07233646,0.0
2025-09-23 20:00:00,solar.bun_library#realenergyintotheload#kwh,BUNDOORA,0.0,10.541849,-0.07596801,0.0,0.0
2025-09-23 21:00:00,solar.bun_library#realenergyintotheload#kwh,BUNDOORA,0.0,2.7489772,-0.0050687715,0.0,0.0
2025-09-23 22:00:00,solar.bun_library#realenergyintotheload#kwh,BUNDOORA,0.0,0.56835437,0.008504973,0.008252991,0.0
2025-09-23 23:00:00,solar.bun_library#realenergyintotheload#kwh,BUNDOORA,0.0,-1.1181364,0.008704423,0.008446532,0.0
2025-09-24 00:00:00,solar.bun_library#realenergyintotheload#kwh,BUNDOORA,0.0,-0.41722137,0.003706878,0.0035970525,0.0
2025-09-24 01:00:00,solar.bun_library#realenergyintotheload#kwh,BUNDOORA,0.0,0.03669191,0.000549627,0.00053334294,0.0
2025-09-24 02:00:00,solar.bun_library#realenergyintotheload#kwh,BUNDOORA,0.0,-0.41857612,0.007038992,0.006830444,0.0
2025-09-24 03:00:00,solar.bun_library#realenergyintotheload#kwh,BUNDOORA,0.0,-0.9426992,0.008704423,0.008446532,0.0
2025-09-24 04:00:00,solar.bun_library#realenergyintotheload#kwh,BUNDOORA,0.0,-0.61106473,0.008704423,0.008446532,0.0
2025-09-24 05:00:00,solar.bun_library#realenergyintotheload#kwh,BUNDOORA,0.0,11.148302,0.008704423,0.008446532,0.0
2025-09-24 06:00:00,solar.bun_library#realenergyintotheload#kwh,BUNDOORA,0.0,27.490381,0.010168499,0.009867232,0.0
2025-09-24 07:00:00,solar.bun_library#realenergyintotheload#kwh,BUNDOORA,0.0,22.618807,7.0993037,6.888969,25.0
2025-09-24 08:00:00,solar.bun_library#realenergyintotheload#kwh,BUNDOORA,0.0,23.455795,45.88289,44.523495,137.0
2025-09-24 09:00:00,solar.bun_library#realenergyintotheload#kwh,BUNDOORA,0.0,47.89028,104.7758,101.671555,282.0
2025-09-24 10:00:00,solar.bun_library#realenergyintotheload#kwh,BUNDOORA,0.0,101.82711,120.09349,116.53542,339.0
2025-09-24 11:00:00,solar.bun_library#realenergyintotheload#kwh,BUNDOORA,0.0,117.89138,187.58397,182.02632,531.0
2025-09-24 12:00:00,solar.bun_library#realenergyintotheload#kwh,BUNDOORA,0.0,97.55979,118.8997,115.377,344.0
2025-09-24 13:00:00,solar.bun_library#realenergyintotheload#kwh,BUNDOORA,0.0,85.454895,103.99848,100.91727,302.0
2025-09-24 14:00:00,solar.bun_library#realenergyintotheload#kwh,BUNDOORA,0.0,71.2077,77.366844,75.07466,232.0
2025-09-24 15:00:00,solar.bun_library#realenergyintotheload#kwh,BUNDOORA,0.0,62.78854,92.55183,89.809746,267.0
2025-09-24 16:00:00,solar.bun_library#realenergyintotheload#kwh,BUNDOORA,0.0,5.0668793,73.0422,70.87814,209.0
2025-09-24 17:00:00,solar.bun_library#realenergyintotheload#kwh,BUNDOORA,0.0,31.68471,35.733967,34.67526,109.0
2025-09-24 18:00:00,solar.bun_library#realenergyintotheload#kwh,BUNDOORA,0.0,11.750875,7.798311,7.567267,28.0
2025-09-24 19:00:00,solar.bun_library#realenergyintotheload#kwh,BUNDOORA,0.0,10.336631,0.013125903,0.012737015,0.0
2025-09-24 20:00:00,solar.bun_library#realenergyintotheload#kwh,BUNDOORA,0.0,0.33675262,0.013125903,0.012737015,0.0
2025-09-24 21:00:00,solar.bun_library#realenergyintotheload#kwh,BUNDOORA,0.0,-0.09527131,0.020869914,0.02025159,0.0
2025-09-24 22:00:00,solar.bun_library#realenergyintotheload#kwh,BUNDOORA,0.0,-0.17768958,0.020869914,0.02025159,0.0
2025-09-24 23:00:00,solar.bun_library#realenergyintotheload#kwh,BUNDOORA,0.0,-0.0945914,0.013125903,0.012737015,0.0
2025-09-25 00:00:00,solar.bun_library#realenergyintotheload#kwh,BUNDOORA,0.0,0.004255982,0.011928211,0.011574808,0.0
2025-09-25 01:00:00,solar.bun_library#realenergyintotheload#kwh,BUNDOORA,0.0,-0.039783433,0.011928211,0.011574808,0.0
2025-09-25 02:00:00,solar.bun_library#realenergyintotheload#kwh,BUNDOORA,0.0,0.07658658,0.0010173679,0.0009872259,0.0
2025-09-25 03:00:00,solar.bun_library#realenergyintotheload#kwh,BUNDOORA,0.0,0.6866163,-0.0074369097,0.0,0.0
2025-09-25 04:00:00,solar.bun_library#realenergyintotheload#kwh,BUNDOORA,0.0,-0.040798016,-0.0074369097,0.0,0.0
2025-09-25 05:00:00,solar.bun_library#realenergyintotheload#kwh,BUNDOORA,0.0,3.3917165,-0.0074369097,0.0,0.0
2025-09-25 06:00:00,solar.bun_library#realenergyintotheload#kwh,BUNDOORA,0.0,15.145044,-0.0074369097,0.0,0.0
2025-09-25 07:00:00,solar.bun_library#realenergyintotheload#kwh,BUNDOORA,0.0,15.882014,4.8805866,4.735987,19.0
2025-09-25 08:00:00,solar.bun_library#realenergyintotheload#kwh,BUNDOORA,0.0,18.135254,31.96202,31.015066,100.0
2025-09-25 09:00:00,solar.bun_library#realenergyintotheload#kwh,BUNDOORA,0.0,29.303562,54.21839,52.612038,161.0
2025-09-25 10:00:00,solar.bun_library#realenergyintotheload#kwh,BUNDOORA,0.0,46.698593,83.41559,80.94419,248.0
2025-09-25 11:00:00,solar.bun_library#realenergyintotheload#kwh,BUNDOORA,0.0,83.024635,68.72756,66.69134,206.0
2025-09-25 12:00:00,solar.bun_library#realenergyintotheload#kwh,BUNDOORA,0.0,93.63828,65.94389,63.99014,197.0
2025-09-25 13:00:00,solar.bun_library#realenergyintotheload#kwh,BUNDOORA,0.0,136.68672,35.321148,34.27467,110.0
2025-09-25 14:00:00,solar.bun_library#realenergyintotheload#kwh,BUNDOORA,0.0,150.36557,29.71231,28.832008,88.0
2025-09-25 15:00:00,solar.bun_library#realenergyintotheload#kwh,BUNDOORA,0.0,166.48622,34.61835,33.592697,104.0
2025-09-25 16:00:00,solar.bun_library#realenergyintotheload#kwh,BUNDOORA,0.0,142.50098,38.13148,37.00174,113.0
2025-09-25 17:00:00,solar.bun_library#realenergyintotheload#kwh,BUNDOORA,0.0,98.67263,20.069096,19.474499,63.0
2025-09-25 18:00:00,solar.bun_library#realenergyintotheload#kwh,BUNDOORA,0.0,73.20088,3.8036952,3.6910012,15.0
2025-09-25 19:00:00,solar.bun_library#realenergyintotheload#kwh,BUNDOORA,0.0,25.779121,0.02804168,0.027210874,0.0
2025-09-25 20:00:00,solar.bun_library#realenergyintotheload#kwh,BUNDOORA,0.0,9.190384,0.0046451343,0.0045075105,0.0
2025-09-25 21:00:00,solar.bun_library#realenergyintotheload#kwh,BUNDOORA,0.0,-0.18048763,0.0046451343,0.0045075105,0.0
2025-09-25 22:00:00,solar.bun_library#realenergyintotheload#kwh,BUNDOORA,0.0,-0.13128805,0.01625666,0.015775016,0.0
2025-09-25 23:00:00,solar.bun_library#realenergyintotheload#kwh,BUNDOORA,0.0,-0.32270816,0.0046451343,0.0045075105,0.0
2025-09-26 00:00:00,solar.bun_library#realenergyintotheload#kwh,BUNDOORA,0.0,-0.0026298277,0.0046451343,0.0045075105,0.0
2025-09-26 01:00:00,solar.bun_library#realenergyintotheload#kwh,BUNDOORA,0.0,0.4450259,-0.026629359,0.0,0.0
2025-09-26 02:00:00,solar.bun_library#realenergyintotheload#kwh,BUNDOORA,0.0,0.65088904,-0.0031084602,0.0,0.0
2025-09-26 03:00:00,solar.bun_library#realenergyintotheload#kwh,BUNDOORA,0.0,2.3143194,-0.005107545,0.0,0.0
2025-09-26 04:00:00,solar.bun_library#realenergyintotheload#kwh,BUNDOORA,0.0,2.159619,-0.04561736,0.0,0.0
2025-09-26 05:00:00,solar.bun_library#realenergyintotheload#kwh,BUNDOORA,0.0,9.936693,-0.01739562,0.0,0.0
2025-09-26 06:00:00,solar.bun_library#realenergyintotheload#kwh,BUNDOORA,0.0,20.153755,-0.039821196,0.0,0.0
2025-09-26 07:00:00,solar.bun_library#realenergyintotheload#kwh,BUNDOORA,0.0,85.029816,7.973451,7.737218,28.0
2025-09-26 08:00:00,solar.bun_library#realenergyintotheload#kwh,BUNDOORA,0.0,84.3424,28.624208,27.776144,87.0
2025-09-26 09:00:00,solar.bun_library#realenergyintotheload#kwh,BUNDOORA,0.0,55.91657,50.735886,49.232708,154.0
2025-09-26 10:00:00,solar.bun_library#realenergyintotheload#kwh,BUNDOORA,0.0,145.57993,78.61668,76.28746,237.0
2025-09-26 11:00:00,solar.bun_library#realenergyintotheload#kwh,BUNDOORA,0.0,152.31804,49.731567,48.258144,150.0
2025-09-26 12:00:00,solar.bun_library#realenergyintotheload#kwh,BUNDOORA,0.0,126.69916,43.138527,41.86044,127.0
2025-09-26 13:00:00,solar.bun_library#realenergyintotheload#kwh,BUNDOORA,0.0,89.7218,20.25669,19.656534,63.0
2025-09-26 14:00:00,solar.bun_library#realenergyintotheload#kwh,BUNDOORA,0.0,120.84783,26.678738,25.888313,82.0
2025-09-26 15:00:00,solar.bun_library#realenergyintotheload#kwh,BUNDOORA,0.0,188.32866,128.02682,124.23371,355.0
2025-09-26 16:00:00,solar.bun_library#realenergyintotheload#kwh,BUNDOORA,0.0,176.18863,151.86324,147.3639,428.0
2025-09-26 17:00:00,solar.bun_library#realenergyintotheload#kwh,BUNDOORA,0.0,111.08402,23.106236,22.421656,73.0
2025-09-26 18:00:00,solar.bun_library#realenergyintotheload#kwh,BUNDOORA,0.0,103.01558,2.8040023,2.7209268,13.0
2025-09-26 19:00:00,solar.bun_library#realenergyintotheload#kwh,BUNDOORA,0.0,18.79037,0.029783651,0.028901236,0.0
2025-09-26 20:00:00,solar.bun_library#realenergyintotheload#kwh,BUNDOORA,0.0,9.462701,0.017168768,0.0166601,0.0
2025-09-26 21:00:00,solar.bun_library#realenergyintotheload#kwh,BUNDOORA,0.0,0.88292,0.020838618,0.020221222,0.0
2025-09-26 22:00:00,solar.bun_library#realenergyintotheload#kwh,BUNDOORA,0.0,0.86846423,-0.0019571716,0.0,0.0
2025-09-26 23:00:00,solar.bun_library#realenergyintotheload#kwh,BUNDOORA,0.0,0.6211527,-0.0029132236,0.0,0.0
2025-09-27 00:00:00,solar.bun_library#realenergyintotheload#kwh,BUNDOORA,0.0,0.18181477,0.020869914,0.02025159,0.0
2025-09-27 01:00:00,solar.bun_library#realenergyintotheload#kwh,BUNDOORA,0.0,-0.030531073,-0.0029132236,0.0,0.0
2025-09-27 02:00:00,solar.bun_library#realenergyintotheload#kwh,BUNDOORA,0.0,-0.45216322,0.013116319,0.012727715,0.0
2025-09-27 03:00:00,solar.bun_library#realenergyintotheload#kwh,BUNDOORA,0.0,-0.72277725,0.013116319,0.012727715,0.0
2025-09-27 04:00:00,solar.bun_library#realenergyintotheload#kwh,BUNDOORA,0.0,-0.6621601,0.013116319,0.012727715,0.0
2025-09-27 05:00:00,solar.bun_library#realenergyintotheload#kwh,BUNDOORA,0.0,0.41392833,0.013116319,0.012727715,0.0
2025-09-27 06:00:00,solar.bun_library#realenergyintotheload#kwh,BUNDOORA,0.0,0.62225926,0.013116319,0.012727715,0.0
2025-09-27 07:00:00,solar.bun_library#realenergyintotheload#kwh,BUNDOORA,0.0,-7.1408834,19.641033,19.059118,65.0
2025-09-27 08:00:00,solar.bun_library#realenergyintotheload#kwh,BUNDOORA,0.0,7.237641,90.92355,88.22971,238.0
2025-09-27 09:00:00,solar.bun_library#realenergyintotheload#kwh,BUNDOORA,0.0,90.39154,147.17857,142.81804,384.0
2025-09-27 10:00:00,solar.bun_library#realenergyintotheload#kwh,BUNDOORA,0.0,153.32404,176.45988,171.23181,476.0
2025-09-27 11:00:00,solar.bun_library#realenergyintotheload#kwh,BUNDOORA,0.0,199.57594,236.19029,229.19257,680.0
2025-09-27 12:00:00,solar.bun_library#realenergyintotheload#kwh,BUNDOORA,0.0,192.48843,270.44962,262.43686,779.0
2025-09-27 13:00:00,solar.bun_library#realenergyintotheload#kwh,BUNDOORA,0.0,184.7402,284.2394,275.8181,837.0
2025-09-27 14:00:00,solar.bun_library#realenergyintotheload#kwh,BUNDOORA,0.0,214.0027,258.92413,251.25285,760.0
2025-09-27 15:00:00,solar.bun_library#realenergyintotheload#kwh,BUNDOORA,0.0,202.90982,230.60971,223.77733,631.0
2025-09-27 16:00:00,solar.bun_library#realenergyintotheload#kwh,BUNDOORA,0.0,164.01337,139.12183,135.0,385.0
2025-09-27 17:00:00,solar.bun_library#realenergyintotheload#kwh,BUNDOORA,0.0,95.9575,54.70726,53.086422,165.0
2025-09-27 18:00:00,solar.bun_library#realenergyintotheload#kwh,BUNDOORA,0.0,85.95343,6.6380053,6.4413376,24.0
2025-09-27 19:00:00,solar.bun_library#realenergyintotheload#kwh,BUNDOORA,0.0,25.0419,0.098873734,0.09594435,0.0
2025-09-27 20:00:00,solar.bun_library#realenergyintotheload#kwh,BUNDOORA,0.0,7.6011033,-0.0792669,0.0,0.0
2025-09-27 21:00:00,solar.bun_library#realenergyintotheload#kwh,BUNDOORA,0.0,1.881012,0.07287961,0.070720375,0.0
2025-09-27 22:00:00,solar.bun_library#realenergyintotheload#kwh,BUNDOORA,0.0,1.0518762,-0.0031084602,0.0,0.0
2025-09-27 23:00:00,solar.bun_library#realenergyintotheload#kwh,BUNDOORA,0.0,0.25589147,-0.004572537,0.0,0.0
2025-09-28 00:00:00,solar.bun_library#realenergyintotheload#kwh,BUNDOORA,0.0,-0.31114134,-0.004572537,0.0,0.0
2025-09-28 01:00:00,solar.bun_library#realenergyintotheload#kwh,BUNDOORA,0.0,0.07909753,0.013116319,0.012727715,0.0
2025-09-28 02:00:00,solar.bun_library#realenergyintotheload#kwh,BUNDOORA,0.0,0.015642421,-0.0047182967,0.0,0.0
2025-09-28 03:00:00,solar.bun_library#realenergyintotheload#kwh,BUNDOORA,0.0,0.015642421,-0.010666817,0.0,0.0
2025-09-28 04:00:00,solar.bun_library#realenergyintotheload#kwh,BUNDOORA,0.0,0.20343836,0.013116319,0.012727715,0.0
2025-09-28 05:00:00,solar.bun_library#realenergyintotheload#kwh,BUNDOORA,0.0,1.7261139,0.013116319,0.012727715,0.0
2025-09-28 06:00:00,solar.bun_library#realenergyintotheload#kwh,BUNDOORA,0.0,-0.211968,0.005372308,0.00521314,0.0
2025-09-28 07:00:00,solar.bun_library#realenergyintotheload#kwh,BUNDOORA,0.0,-2.2317686,14.031176,13.615467,46.0
2025-09-28 08:00:00,solar.bun_library#realenergyintotheload#kwh,BUNDOORA,0.0,-2.0677798,63.06022,61.191902,177.0
2025-09-28 09:00:00,solar.bun_library#realenergyintotheload#kwh,BUNDOORA,0.0,14.746998,135.51634,131.50133,352.0
2025-09-28 10:00:00,solar.bun_library#realenergyintotheload#kwh,BUNDOORA,0.0,174.91656,117.83759,114.34636,325.0
2025-09-28 11:00:00,solar.bun_library#realenergyintotheload#kwh,BUNDOORA,0.0,192.9002,172.31715,167.21182,477.0
2025-09-28 12:00:00,solar.bun_library#realenergyintotheload#kwh,BUNDOORA,0.0,193.71465,240.46304,233.33873,699.0
2025-09-28 13:00:00,solar.bun_library#realenergyintotheload#kwh,BUNDOORA,0.0,167.7818,267.46982,259.54535,791.0
2025-09-28 14:00:00,solar.bun_library#realenergyintotheload#kwh,BUNDOORA,0.0,200.05872,241.25642,234.1086,691.0
2025-09-28 15:00:00,solar.bun_library#realenergyintotheload#kwh,BUNDOORA,0.0,186.11185,178.5539,173.2638,521.0
2025-09-28 16:00:00,solar.bun_library#realenergyintotheload#kwh,BUNDOORA,0.0,187.81206,155.08429,150.48953,409.0
2025-09-28 17:00:00,solar.bun_library#realenergyintotheload#kwh,BUNDOORA,0.0,126.21036,77.8802,75.57281,215.0
2025-09-28 18:00:00,solar.bun_library#realenergyintotheload#kwh,BUNDOORA,0.0,73.09635,10.8432,10.521943,36.0
2025-09-28 19:00:00,solar.bun_library#realenergyintotheload#kwh,BUNDOORA,0.0,40.970757,0.028321598,0.0274825,0.0
2025-09-28 20:00:00,solar.bun_library#realenergyintotheload#kwh,BUNDOORA,0.0,9.604504,0.008504973,0.008252991,0.0
2025-09-28 21:00:00,solar.bun_library#realenergyintotheload#kwh,BUNDOORA,0.0,0.17034581,0.03578354,0.034723364,0.0
2025-09-28 22:00:00,solar.bun_library#realenergyintotheload#kwh,BUNDOORA,0.0,-0.05828251,-0.010666817,0.0,0.0
2025-09-28 23:00:00,solar.bun_library#realenergyintotheload#kwh,BUNDOORA,0.0,-0.45425153,-0.0020917845,0.0,0.0
2025-09-29 00:00:00,solar.bun_library#realenergyintotheload#kwh,BUNDOORA,0.0,-0.48178452,-0.010666817,0.0,0.0
2025-09-29 01:00:00,solar.bun_library#realenergyintotheload#kwh,BUNDOORA,0.0,-0.32219326,-0.010666817,0.0,0.0
2025-09-29 02:00:00,solar.bun_library#realenergyintotheload#kwh,BUNDOORA,0.0,-0.72382736,-0.010666817,0.0,0.0
2025-09-29 03:00:00,solar.bun_library#realenergyintotheload#kwh,BUNDOORA,0.0,-0.59005415,-0.010666817,0.0,0.0
2025-09-29 04:00:00,solar.bun_library#realenergyintotheload#kwh,BUNDOORA,0.0,-0.34082177,-0.0047182967,0.0,0.0
2025-09-29 05:00:00,solar.bun_library#realenergyintotheload#kwh,BUNDOORA,0.0,1.5536369,0.013116319,0.012727715,0.0
2025-09-29 06:00:00,solar.bun_library#realenergyintotheload#kwh,BUNDOORA,0.0,0.18014388,-0.010666817,0.0,0.0
2025-09-29 07:00:00,solar.bun_library#realenergyintotheload#kwh,BUNDOORA,0.0,-0.2478131,31.138233,30.215685,93.0
2025-09-29 08:00:00,solar.bun_library#realenergyintotheload#kwh,BUNDOORA,0.0,-5.5193863,105.88394,102.746864,272.0
2025-09-29 09:00:00,solar.bun_library#realenergyintotheload#kwh,BUNDOORA,0.0,94.440346,182.59995,177.18997,489.0
2025-09-29 10:00:00,solar.bun_library#realenergyintotheload#kwh,BUNDOORA,0.0,140.36606,241.59213,234.43436,659.0
2025-09-29 11:00:00,solar.bun_library#realenergyintotheload#kwh,BUNDOORA,0.0,148.62299,267.89365,259.95663,778.0
2025-09-29 12:00:00,solar.bun_library#realenergyintotheload#kwh,BUNDOORA,0.0,206.61487,282.17987,273.81958,834.0
2025-09-29 13:00:00,solar.bun_library#realenergyintotheload#kwh,BUNDOORA,0.0,230.33157,274.59683,266.4612,827.0
2025-09-29 14:00:00,solar.bun_library#realenergyintotheload#kwh,BUNDOORA,0.0,230.67517,252.4985,245.01761,756.0
2025-09-29 15:00:00,solar.bun_library#realenergyintotheload#kwh,BUNDOORA,0.0,215.28339,220.9563,214.40991,630.0
2025-09-29 16:00:00,solar.bun_library#realenergyintotheload#kwh,BUNDOORA,0.0,235.1319,147.60591,143.23271,415.0
2025-09-29 17:00:00,solar.bun_library#realenergyintotheload#kwh,BUNDOORA,0.0,115.409515,18.320747,17.77795,58.0
2025-09-29 18:00:00,solar.bun_library#realenergyintotheload#kwh,BUNDOORA,0.0,91.782745,2.6708188,2.591689,11.0
2025-09-29 19:00:00,solar.bun_library#realenergyintotheload#kwh,BUNDOORA,0.0,28.420717,0.34726912,0.3369804,0.0
2025-09-29 20:00:00,solar.bun_library#realenergyintotheload#kwh,BUNDOORA,0.0,15.120118,-0.06372258,0.0,0.0
2025-09-29 21:00:00,solar.bun_library#realenergyintotheload#kwh,BUNDOORA,0.0,2.2249057,0.054746747,0.053124737,0.0
2025-09-29 22:00:00,solar.bun_library#realenergyintotheload#kwh,BUNDOORA,0.0,1.1278024,0.030324623,0.02942618,0.0
2025-09-29 23:00:00,solar.bun_library#realenergyintotheload#kwh,BUNDOORA,0.0,2.3917272,0.07132355,0.06921041,0.0
2025-09-30 00:00:00,solar.bun_library#realenergyintotheload#kwh,BUNDOORA,0.0,-1.4234269,0.0911361,0.08843596,0.0
2025-09-30 01:00:00,solar.bun_library#realenergyintotheload#kwh,BUNDOORA,0.0,-0.5125699,0.07277772,0.0706215,0.0
2025-09-30 02:00:00,solar.bun_library#realenergyintotheload#kwh,BUNDOORA,0.0,0.622958,0.18340588,0.17797202,0.0
2025-09-30 03:00:00,solar.bun_library#realenergyintotheload#kwh,BUNDOORA,0.0,-0.24868046,0.21884114,0.21235742,0.0
2025-09-30 04:00:00,solar.bun_library#realenergyintotheload#kwh,BUNDOORA,0.0,1.4628309,-0.021114387,0.0,0.0
2025-09-30 05:00:00,solar.bun_library#realenergyintotheload#kwh,BUNDOORA,0.0,4.9269686,0.071930185,0.06979907,0.0
2025-09-30 06:00:00,solar.bun_library#realenergyintotheload#kwh,BUNDOORA,0.0,44.54274,0.17393368,0.16878046,0.0
2025-09-30 07:00:00,solar.bun_library#realenergyintotheload#kwh,BUNDOORA,0.0,90.48031,5.891516,5.716965,21.0
2025-09-30 08:00:00,solar.bun_library#realenergyintotheload#kwh,BUNDOORA,0.0,88.96434,21.09305,20.468115,66.0
2025-09-30 09:00:00,solar.bun_library#realenergyintotheload#kwh,BUNDOORA,0.0,58.70371,46.711964,45.328007,145.0
2025-09-30 10:00:00,solar.bun_library#realenergyintotheload#kwh,BUNDOORA,0.0,160.13731,95.304085,92.48046,272.0
2025-09-30 11:00:00,solar.bun_library#realenergyintotheload#kwh,BUNDOORA,0.0,101.1537,87.57379,84.9792,257.0
2025-09-30 12:00:00,solar.bun_library#realenergyintotheload#kwh,BUNDOORA,0.0,115.65934,124.59131,120.89998,357.0
2025-09-30 13:00:00,solar.bun_library#realenergyintotheload#kwh,BUNDOORA,0.0,116.1891,18.798592,18.241636,58.0
2025-09-30 14:00:00,solar.bun_library#realenergyintotheload#kwh,BUNDOORA,0.0,148.03476,129.20122,125.37331,376.0
2025-09-30 15:00:00,solar.bun_library#realenergyintotheload#kwh,BUNDOORA,0.0,76.65329,96.60137,93.73931,289.0
2025-09-30 16:00:00,solar.bun_library#realenergyintotheload#kwh,BUNDOORA,0.0,71.04012,43.031895,41.756966,135.0
2025-09-30 17:00:00,solar.bun_library#realenergyintotheload#kwh,BUNDOORA,0.0,71.571465,58.814514,57.071987,172.0
2025-09-30 18:00:00,solar.bun_library#realenergyintotheload#kwh,BUNDOORA,0.0,44.48347,13.528246,13.127438,42.0
2025-09-30 19:00:00,solar.bun_library#realenergyintotheload#kwh,BUNDOORA,0.0,24.49855,0.04333768,0.042053692,0.0
2025-09-30 20:00:00,solar.bun_library#realenergyintotheload#kwh,BUNDOORA,0.0,9.223265,0.02803953,0.027208788,0.0
2025-09-30 21:00:00,solar.bun_library#realenergyintotheload#kwh,BUNDOORA,0.0,0.9983137,0.043537132,0.042247236,0.0
2025-09-30 22:00:00,solar.bun_library#realenergyintotheload#kwh,BUNDOORA,0.0,-0.06550452,0.005372308,0.00521314,0.0
2025-09-30 23:00:00,solar.bun_library#realenergyintotheload#kwh,BUNDOORA,0.0,-0.020587122,0.005372308,0.00521314,0.0
2025-10-01 00:00:00,solar.bun_library#realenergyintotheload#kwh,BUNDOORA,0.0,-0.025581507,0.013085023,0.012697346,0.0
2025-10-01 01:00:00,solar.bun_library#realenergyintotheload#kwh,BUNDOORA,0.0,0.31546998,0.013085023,0.012697346,0.0
2025-10-01 02:00:00,solar.bun_library#realenergyintotheload#kwh,BUNDOORA,0.0,0.32161298,0.016417138,0.01593074,0.0
2025-10-01 03:00:00,solar.bun_library#realenergyintotheload#kwh,BUNDOORA,0.0,0.41667855,0.006083061,0.005902835,0.0
2025-10-01 04:00:00,solar.bun_library#realenergyintotheload#kwh,BUNDOORA,0.0,0.49737424,0.006083061,0.005902835,0.0
2025-10-01 05:00:00,solar.bun_library#realenergyintotheload#kwh,BUNDOORA,0.0,7.4314404,0.0065820985,0.0063870875,0.0
2025-10-01 06:00:00,solar.bun_library#realenergyintotheload#kwh,BUNDOORA,0.0,21.543549,0.009415175,0.009136227,0.0
2025-10-01 07:00:00,solar.bun_library#realenergyintotheload#kwh,BUNDOORA,0.0,19.263487,35.68555,34.628277,110.0
2025-10-01 08:00:00,solar.bun_library#realenergyintotheload#kwh,BUNDOORA,0.0,46.744835,97.85584,94.95662,260.0
2025-10-01 09:00:00,solar.bun_library#realenergyintotheload#kwh,BUNDOORA,0.0,161.45784,195.66098,189.86403,511.0
2025-10-01 10:00:00,solar.bun_library#realenergyintotheload#kwh,BUNDOORA,0.0,171.34354,129.23604,125.4071,372.0
2025-10-01 11:00:00,solar.bun_library#realenergyintotheload#kwh,BUNDOORA,0.0,118.06014,89.984634,87.31861,272.0
2025-10-01 12:00:00,solar.bun_library#realenergyintotheload#kwh,BUNDOORA,0.0,162.61555,147.83511,143.45512,433.0
2025-10-01 13:00:00,solar.bun_library#realenergyintotheload#kwh,BUNDOORA,0.0,154.58543,71.57574,69.455124,222.0
2025-10-01 14:00:00,solar.bun_library#realenergyintotheload#kwh,BUNDOORA,0.0,180.91754,117.521324,114.03946,337.0
2025-10-01 15:00:00,solar.bun_library#realenergyintotheload#kwh,BUNDOORA,0.0,134.57559,195.04808,189.26929,543.0
2025-10-01 16:00:00,solar.bun_library#realenergyintotheload#kwh,BUNDOORA,0.0,156.46536,68.72192,66.68586,201.0
2025-10-01 17:00:00,solar.bun_library#realenergyintotheload#kwh,BUNDOORA,0.0,172.46782,89.13781,86.49688,243.0
2025-10-01 18:00:00,solar.bun_library#realenergyintotheload#kwh,BUNDOORA,0.0,65.93967,13.9239235,13.511393,47.0
2025-10-01 19:00:00,solar.bun_library#realenergyintotheload#kwh,BUNDOORA,0.0,11.116729,-0.039321795,0.0,0.0
2025-10-01 20:00:00,solar.bun_library#realenergyintotheload#kwh,BUNDOORA,0.0,12.460194,-0.1630868,0.0,0.0
2025-10-01 21:00:00,solar.bun_library#realenergyintotheload#kwh,BUNDOORA,0.0,-0.38041964,-0.039321795,0.0,0.0
2025-10-01 22:00:00,solar.bun_library#realenergyintotheload#kwh,BUNDOORA,0.0,-0.63940036,0.021141496,0.020515125,0.0
2025-10-01 23:00:00,solar.bun_library#realenergyintotheload#kwh,BUNDOORA,0.0,-1.7531981,0.019476064,0.018899037,0.0
2025-10-02 00:00:00,solar.bun_library#realenergyintotheload#kwh,BUNDOORA,0.0,0.58251935,-0.07706613,0.0,0.0
2025-10-02 01:00:00,solar.bun_library#realenergyintotheload#kwh,BUNDOORA,0.0,-0.3674305,-0.00060658157,0.0,0.0
2025-10-02 02:00:00,solar.bun_library#realenergyintotheload#kwh,BUNDOORA,0.0,-0.67752516,0.0075975684,0.0073724715,0.0
2025-10-02 03:00:00,solar.bun_library#realenergyintotheload#kwh,BUNDOORA,0.0,-0.7176211,-0.071636915,0.0,0.0
2025-10-02 04:00:00,solar.bun_library#realenergyintotheload#kwh,BUNDOORA,0.0,-0.5243163,0.015757322,0.015290473,0.0
2025-10-02 05:00:00,solar.bun_library#realenergyintotheload#kwh,BUNDOORA,0.0,3.0949652,0.006472797,0.0062810243,0.0
2025-10-02 06:00:00,solar.bun_library#realenergyintotheload#kwh,BUNDOORA,0.0,40.81597,0.012675783,0.012300231,0.0
2025-10-02 07:00:00,solar.bun_library#realenergyintotheload#kwh,BUNDOORA,0.0,35.912632,22.898516,22.220089,78.0
2025-10-02 08:00:00,solar.bun_library#realenergyintotheload#kwh,BUNDOORA,0.0,25.56602,54.726494,53.105083,158.0
2025-10-02 09:00:00,solar.bun_library#realenergyintotheload#kwh,BUNDOORA,0.0,84.39405,193.78409,188.04276,510.0
2025-10-02 10:00:00,solar.bun_library#realenergyintotheload#kwh,BUNDOORA,0.0,199.18494,118.42094,114.91242,337.0
2025-10-02 11:00:00,solar.bun_library#realenergyintotheload#kwh,BUNDOORA,0.0,135.14763,89.446236,86.796165,265.0
2025-10-02 12:00:00,solar.bun_library#realenergyintotheload#kwh,BUNDOORA,0.0,129.83136,37.295223,36.190258,107.0
2025-10-02 13:00:00,solar.bun_library#realenergyintotheload#kwh,BUNDOORA,0.0,130.53549,33.083267,32.103092,95.0
2025-10-02 14:00:00,solar.bun_library#realenergyintotheload#kwh,BUNDOORA,0.0,150.2577,35.649982,34.59376,109.0
2025-10-02 15:00:00,solar.bun_library#realenergyintotheload#kwh,BUNDOORA,0.0,90.1577,33.66679,32.669327,103.0
2025-10-02 16:00:00,solar.bun_library#realenergyintotheload#kwh,BUNDOORA,0.0,89.337204,43.900913,42.60024,134.0
2025-10-02 17:00:00,solar.bun_library#realenergyintotheload#kwh,BUNDOORA,0.0,21.91416,39.945953,38.762455,122.0
2025-10-02 18:00:00,solar.bun_library#realenergyintotheload#kwh,BUNDOORA,0.0,33.009674,4.0029116,3.8843153,16.0
2025-10-02 19:00:00,solar.bun_library#realenergyintotheload#kwh,BUNDOORA,0.0,24.396112,0.0055376273,0.0053735613,0.0
2025-10-02 20:00:00,solar.bun_library#realenergyintotheload#kwh,BUNDOORA,0.0,8.831977,0.010910548,0.0105872955,0.0
2025-10-02 21:00:00,solar.bun_library#realenergyintotheload#kwh,BUNDOORA,0.0,0.006085966,0.010910548,0.0105872955,0.0
2025-10-02 22:00:00,solar.bun_library#realenergyintotheload#kwh,BUNDOORA,0.0,0.20653644,0.0031665377,0.0030727212,0.0
2025-10-02 23:00:00,solar.bun_library#realenergyintotheload#kwh,BUNDOORA,0.0,0.6579304,0.009415175,0.009136227,0.0
2025-10-03 00:00:00,solar.bun_library#realenergyintotheload#kwh,BUNDOORA,0.0,0.26680046,0.0015011067,0.0014566326,0.0
2025-10-03 01:00:00,solar.bun_library#realenergyintotheload#kwh,BUNDOORA,0.0,-0.16377847,-0.0031084602,0.0,0.0
2025-10-03 02:00:00,solar.bun_library#realenergyintotheload#kwh,BUNDOORA,0.0,-0.2616528,0.0031665377,0.0030727212,0.0
2025-10-03 03:00:00,solar.bun_library#realenergyintotheload#kwh,BUNDOORA,0.0,-1.110981,0.0031665377,0.0030727212,0.0
2025-10-03 04:00:00,solar.bun_library#realenergyintotheload#kwh,BUNDOORA,0.0,-1.6457827,0.0031665377,0.0030727212,0.0
2025-10-03 05:00:00,solar.bun_library#realenergyintotheload#kwh,BUNDOORA,0.0,6.9788847,0.0031665377,0.0030727212,0.0
2025-10-03 06:00:00,solar.bun_library#realenergyintotheload#kwh,BUNDOORA,0.0,21.491426,0.010910548,0.0105872955,0.0
2025-10-03 07:00:00,solar.bun_library#realenergyintotheload#kwh,BUNDOORA,0.0,6.3506284,17.8285,17.300287,72.0
2025-10-03 08:00:00,solar.bun_library#realenergyintotheload#kwh,BUNDOORA,0.0,15.907259,54.354305,52.743923,157.0
2025-10-03 09:00:00,solar.bun_library#realenergyintotheload#kwh,BUNDOORA,0.0,99.1125,161.93903,157.14117,441.0
2025-10-03 10:00:00,solar.bun_library#realenergyintotheload#kwh,BUNDOORA,0.0,77.07524,115.86353,112.430786,334.0
2025-10-03 11:00:00,solar.bun_library#realenergyintotheload#kwh,BUNDOORA,0.0,142.3895,162.66989,157.85039,474.0
2025-10-03 12:00:00,solar.bun_library#realenergyintotheload#kwh,BUNDOORA,0.0,99.92912,121.782,118.173904,352.0
2025-10-03 13:00:00,solar.bun_library#realenergyintotheload#kwh,BUNDOORA,0.0,108.06709,152.44684,147.93022,443.0
2025-10-03 14:00:00,solar.bun_library#realenergyintotheload#kwh,BUNDOORA,0.0,111.28123,82.14671,79.71291,248.0
2025-10-03 15:00:00,solar.bun_library#realenergyintotheload#kwh,BUNDOORA,0.0,124.33283,99.17549,96.23717,289.0
2025-10-03 16:00:00,solar.bun_library#realenergyintotheload#kwh,BUNDOORA,0.0,92.02147,77.42967,75.13563,222.0
2025-10-03 17:00:00,solar.bun_library#realenergyintotheload#kwh,BUNDOORA,0.0,32.605034,61.838146,60.006035,196.0
2025-10-03 18:00:00,solar.bun_library#realenergyintotheload#kwh,BUNDOORA,0.0,32.291145,13.520137,13.119569,44.0
2025-10-03 19:00:00,solar.bun_library#realenergyintotheload#kwh,BUNDOORA,0.0,25.028975,0.020838618,0.020221222,0.0
2025-10-03 20:00:00,solar.bun_library#realenergyintotheload#kwh,BUNDOORA,0.0,1.2450341,0.020869914,0.02025159,0.0
2025-10-03 21:00:00,solar.bun_library#realenergyintotheload#kwh,BUNDOORA,0.0,-0.16011094,0.020869914,0.02025159,0.0
2025-10-03 22:00:00,solar.bun_library#realenergyintotheload#kwh,BUNDOORA,0.0,-0.22022718,0.020869914,0.02025159,0.0
2025-10-03 23:00:00,solar.bun_library#realenergyintotheload#kwh,BUNDOORA,0.0,-0.17411038,0.020869914,0.02025159,0.0
2025-10-04 00:00:00,solar.bun_library#realenergyintotheload#kwh,BUNDOORA,0.0,-0.25825804,0.0030352967,0.0029453684,0.0
2025-10-04 01:00:00,solar.bun_library#realenergyintotheload#kwh,BUNDOORA,0.0,-0.33168203,0.020869914,0.02025159,0.0
2025-10-04 02:00:00,solar.bun_library#realenergyintotheload#kwh,BUNDOORA,0.0,-0.31500754,0.020869914,0.02025159,0.0
2025-10-04 03:00:00,solar.bun_library#realenergyintotheload#kwh,BUNDOORA,0.0,-0.5867103,-0.010666817,0.0,0.0
2025-10-04 04:00:00,solar.bun_library#realenergyintotheload#kwh,BUNDOORA,0.0,-0.60719,-0.010666817,0.0,0.0
2025-10-04 05:00:00,solar.bun_library#realenergyintotheload#kwh,BUNDOORA,0.0,0.21227452,0.013116319,0.012727715,0.0
2025-10-04 06:00:00,solar.bun_library#realenergyintotheload#kwh,BUNDOORA,0.0,-0.8252616,-0.010666817,0.0,0.0
2025-10-04 07:00:00,solar.bun_library#realenergyintotheload#kwh,BUNDOORA,0.0,-0.82092303,42.062683,40.81647,118.0
2025-10-04 08:00:00,solar.bun_library#realenergyintotheload#kwh,BUNDOORA,0.0,7.062427,126.18356,122.44506,325.0
2025-10-04 09:00:00,solar.bun_library#realenergyintotheload#kwh,BUNDOORA,0.0,35.887203,192.95274,187.23604,526.0
2025-10-04 10:00:00,solar.bun_library#realenergyintotheload#kwh,BUNDOORA,0.0,224.5371,240.30962,233.18985,697.0
2025-10-04 11:00:00,solar.bun_library#realenergyintotheload#kwh,BUNDOORA,0.0,244.41891,279.39423,271.1165,816.0
2025-10-04 12:00:00,solar.bun_library#realenergyintotheload#kwh,BUNDOORA,0.0,253.61903,289.66165,281.0797,871.0
2025-10-04 13:00:00,solar.bun_library#realenergyintotheload#kwh,BUNDOORA,0.0,235.00304,287.7243,279.19974,863.0
2025-10-04 14:00:00,solar.bun_library#realenergyintotheload#kwh,BUNDOORA,0.0,228.61427,269.20615,261.23026,792.0
2025-10-04 15:00:00,solar.bun_library#realenergyintotheload#kwh,BUNDOORA,0.0,218.92699,235.90352,228.91429,664.0
2025-10-04 16:00:00,solar.bun_library#realenergyintotheload#kwh,BUNDOORA,0.0,221.22449,162.90892,158.08234,489.0
2025-10-04 17:00:00,solar.bun_library#realenergyintotheload#kwh,BUNDOORA,0.0,190.31622,94.145294,91.356,282.0
2025-10-04 18:00:00,solar.bun_library#realenergyintotheload#kwh,BUNDOORA,0.0,130.70265,22.209404,21.551395,76.0
2025-10-04 19:00:00,solar.bun_library#realenergyintotheload#kwh,BUNDOORA,0.0,74.06566,-0.026615128,0.0,0.0
2025-10-04 20:00:00,solar.bun_library#realenergyintotheload#kwh,BUNDOORA,0.0,15.954472,0.16562364,0.16071662,0.0
2025-10-04 21:00:00,solar.bun_library#realenergyintotheload#kwh,BUNDOORA,0.0,5.3445683,0.07367202,0.071489304,0.0
2025-10-04 22:00:00,solar.bun_library#realenergyintotheload#kwh,BUNDOORA,0.0,-0.7843446,0.042248957,0.040997226,0.0
2025-10-04 23:00:00,solar.bun_library#realenergyintotheload#kwh,BUNDOORA,0.0,0.24988452,-0.011718501,0.0,0.0
2025-10-05 00:00:00,solar.bun_library#realenergyintotheload#kwh,BUNDOORA,0.0,-1.2121964,0.042248957,0.040997226,0.0
2025-10-05 01:00:00,solar.bun_library#realenergyintotheload#kwh,BUNDOORA,0.0,1.8847533,0.050925612,0.049416814,0.0
2025-10-05 02:00:00,solar.bun_library#realenergyintotheload#kwh,BUNDOORA,0.0,,,,
2025-10-05 03:00:00,solar.bun_library#realenergyintotheload#kwh,BUNDOORA,0.0,-0.65753263,0.048124023,0.046698228,0.0
2025-10-05 04:00:00,solar.bun_library#realenergyintotheload#kwh,BUNDOORA,0.0,-0.36522073,-0.0012100535,0.0,0.0
2025-10-05 05:00:00,solar.bun_library#realenergyintotheload#kwh,BUNDOORA,0.0,3.4703152,-0.01789577,0.0,0.0
2025-10-05 06:00:00,solar.bun_library#realenergyintotheload#kwh,BUNDOORA,0.0,12.780401,-0.013806179,0.0,0.0
2025-10-05 07:00:00,solar.bun_library#realenergyintotheload#kwh,BUNDOORA,0.0,16.329903,0.04749535,0.04608818,0.0
2025-10-05 08:00:00,solar.bun_library#realenergyintotheload#kwh,BUNDOORA,0.0,71.909454,18.440058,17.893724,60.0
2025-10-05 09:00:00,solar.bun_library#realenergyintotheload#kwh,BUNDOORA,0.0,119.48395,91.611786,88.89756,254.0
2025-10-05 10:00:00,solar.bun_library#realenergyintotheload#kwh,BUNDOORA,0.0,148.95868,86.02371,83.475044,253.0
2025-10-05 11:00:00,solar.bun_library#realenergyintotheload#kwh,BUNDOORA,0.0,140.90935,35.690525,34.633102,105.0
2025-10-05 12:00:00,solar.bun_library#realenergyintotheload#kwh,BUNDOORA,0.0,123.68701,29.074385,28.212984,84.0
2025-10-05 13:00:00,solar.bun_library#realenergyintotheload#kwh,BUNDOORA,0.0,130.69212,61.079746,59.270107,183.0
2025-10-05 14:00:00,solar.bun_library#realenergyintotheload#kwh,BUNDOORA,0.0,163.17067,108.240425,105.03353,324.0
2025-10-05 15:00:00,solar.bun_library#realenergyintotheload#kwh,BUNDOORA,0.0,197.92386,97.51964,94.63037,298.0
2025-10-05 16:00:00,solar.bun_library#realenergyintotheload#kwh,BUNDOORA,0.0,165.83792,65.606255,63.662506,198.0
2025-10-05 17:00:00,solar.bun_library#realenergyintotheload#kwh,BUNDOORA,0.0,168.11159,43.00679,41.732605,129.0
2025-10-05 18:00:00,solar.bun_library#realenergyintotheload#kwh,BUNDOORA,0.0,122.20844,17.944082,17.412443,57.0
2025-10-05 19:00:00,solar.bun_library#realenergyintotheload#kwh,BUNDOORA,0.0,110.367065,2.241145,2.1747453,9.0
2025-10-05 20:00:00,solar.bun_library#realenergyintotheload#kwh,BUNDOORA,0.0,50.04489,0.12224561,0.11862378,0.0
2025-10-05 21:00:00,solar.bun_library#realenergyintotheload#kwh,BUNDOORA,0.0,12.390586,-0.020170357,0.0,0.0
2025-10-05 22:00:00,solar.bun_library#realenergyintotheload#kwh,BUNDOORA,0.0,0.21340868,0.13410619,0.13013296,0.0
2025-10-05 23:00:00,solar.bun_library#realenergyintotheload#kwh,BUNDOORA,0.0,3.0051913,-0.10736951,0.0,0.0
2025-10-06 00:00:00,solar.bun_library#realenergyintotheload#kwh,BUNDOORA,0.0,3.7426693,0.004987168,0.004839411,0.0
2025-10-06 01:00:00,solar.bun_library#realenergyintotheload#kwh,BUNDOORA,0.0,3.352011,0.0049072905,0.0047619,0.0
2025-10-06 02:00:00,solar.bun_library#realenergyintotheload#kwh,BUNDOORA,0.0,0.0995394,0.045707565,0.044353362,0.0
2025-10-06 03:00:00,solar.bun_library#realenergyintotheload#kwh,BUNDOORA,0.0,0.64968795,0.050385978,0.04889317,0.0
2025-10-06 04:00:00,solar.bun_library#realenergyintotheload#kwh,BUNDOORA,0.0,6.1103563,-0.027393833,0.0,0.0
2025-10-06 05:00:00,solar.bun_library#realenergyintotheload#kwh,BUNDOORA,0.0,1.139877,0.0046451343,0.0045075105,0.0
2025-10-06 06:00:00,solar.bun_library#realenergyintotheload#kwh,BUNDOORA,0.0,10.609937,-0.0031084602,0.0,0.0
2025-10-06 07:00:00,solar.bun_library#realenergyintotheload#kwh,BUNDOORA,0.0,31.300783,-0.0031084602,0.0,0.0
2025-10-06 08:00:00,solar.bun_library#realenergyintotheload#kwh,BUNDOORA,0.0,17.132103,15.033523,14.588117,49.0
2025-10-06 09:00:00,solar.bun_library#realenergyintotheload#kwh,BUNDOORA,0.0,29.764078,56.235138,54.56903,159.0
2025-10-06 10:00:00,solar.bun_library#realenergyintotheload#kwh,BUNDOORA,0.0,53.248016,116.49469,113.04324,318.0
2025-10-06 11:00:00,solar.bun_library#realenergyintotheload#kwh,BUNDOORA,0.0,139.61281,126.125916,122.38912,350.0
2025-10-06 12:00:00,solar.bun_library#realenergyintotheload#kwh,BUNDOORA,0.0,219.50824,240.23897,233.12129,667.0
2025-10-06 13:00:00,solar.bun_library#realenergyintotheload#kwh,BUNDOORA,0.0,112.51705,146.58455,142.24161,423.0
2025-10-06 14:00:00,solar.bun_library#realenergyintotheload#kwh,BUNDOORA,0.0,119.947136,155.68044,151.06801,454.0
2025-10-06 15:00:00,solar.bun_library#realenergyintotheload#kwh,BUNDOORA,0.0,124.56426,143.24376,138.9998,409.0
2025-10-06 16:00:00,solar.bun_library#realenergyintotheload#kwh,BUNDOORA,0.0,194.4749,193.3762,187.64696,547.0
2025-10-06 17:00:00,solar.bun_library#realenergyintotheload#kwh,BUNDOORA,0.0,176.59178,124.22171,120.54133,353.0
2025-10-06 18:00:00,solar.bun_library#realenergyintotheload#kwh,BUNDOORA,0.0,142.33698,82.30151,79.86313,235.0
2025-10-06 19:00:00,solar.bun_library#realenergyintotheload#kwh,BUNDOORA,0.0,95.75438,15.971117,15.497932,55.0
2025-10-06 20:00:00,solar.bun_library#realenergyintotheload#kwh,BUNDOORA,0.0,51.786423,0.028321598,0.0274825,0.0
2025-10-06 21:00:00,solar.bun_library#realenergyintotheload#kwh,BUNDOORA,0.0,13.477559,0.03578354,0.034723364,0.0
2025-10-06 22:00:00,solar.bun_library#realenergyintotheload#kwh,BUNDOORA,0.0,-0.67278993,0.013116319,0.012727715,0.0
2025-10-06 23:00:00,solar.bun_library#realenergyintotheload#kwh,BUNDOORA,0.0,-0.72079235,0.013116319,0.012727715,0.0
2025-10-07 00:00:00,solar.bun_library#realenergyintotheload#kwh,BUNDOORA,0.0,-0.5357993,0.013116319,0.012727715,0.0
2025-10-07 01:00:00,solar.bun_library#realenergyintotheload#kwh,BUNDOORA,0.0,0.031304643,0.013116319,0.012727715,0.0
2025-10-07 02:00:00,solar.bun_library#realenergyintotheload#kwh,BUNDOORA,0.0,0.07215947,0.005372308,0.00521314,0.0
2025-10-07 03:00:00,solar.bun_library#realenergyintotheload#kwh,BUNDOORA,0.0,-0.26376683,0.013116319,0.012727715,0.0
2025-10-07 04:00:00,solar.bun_library#realenergyintotheload#kwh,BUNDOORA,0.0,-0.5806319,0.013116319,0.012727715,0.0
2025-10-07 05:00:00,solar.bun_library#realenergyintotheload#kwh,BUNDOORA,0.0,-0.4517992,0.013116319,0.012727715,0.0
2025-10-07 06:00:00,solar.bun_library#realenergyintotheload#kwh,BUNDOORA,0.0,0.121709004,-0.010666817,0.0,0.0
2025-10-07 07:00:00,solar.bun_library#realenergyintotheload#kwh,BUNDOORA,0.0,-0.2536084,0.008597814,0.008343082,1.0
2025-10-07 08:00:00,solar.bun_library#realenergyintotheload#kwh,BUNDOORA,0.0,-1.1187401,49.35501,47.892746,138.0
2025-10-07 09:00:00,solar.bun_library#realenergyintotheload#kwh,BUNDOORA,0.0,7.584129,141.1689,136.98642,351.0
2025-10-07 10:00:00,solar.bun_library#realenergyintotheload#kwh,BUNDOORA,0.0,89.15319,201.11002,195.15163,555.0
2025-10-07 11:00:00,solar.bun_library#realenergyintotheload#kwh,BUNDOORA,0.0,203.30565,244.08556,236.85391,666.0
2025-10-07 12:00:00,solar.bun_library#realenergyintotheload#kwh,BUNDOORA,0.0,207.43558,223.54657,216.92345,636.0
2025-10-07 13:00:00,solar.bun_library#realenergyintotheload#kwh,BUNDOORA,0.0,187.76884,306.83673,297.7459,893.0
2025-10-07 14:00:00,solar.bun_library#realenergyintotheload#kwh,BUNDOORA,0.0,163.72876,303.97195,294.96603,890.0
2025-10-07 15:00:00,solar.bun_library#realenergyintotheload#kwh,BUNDOORA,0.0,228.65186,268.87567,260.90955,818.0
2025-10-07 16:00:00,solar.bun_library#realenergyintotheload#kwh,BUNDOORA,0.0,235.04121,231.07599,224.22978,686.0
2025-10-07 17:00:00,solar.bun_library#realenergyintotheload#kwh,BUNDOORA,0.0,193.64929,170.5853,165.53128,508.0
2025-10-07 18:00:00,solar.bun_library#realenergyintotheload#kwh,BUNDOORA,0.0,130.58688,96.922386,94.05082,287.0
2025-10-07 19:00:00,solar.bun_library#realenergyintotheload#kwh,BUNDOORA,0.0,111.54902,30.111052,29.218937,91.0
2025-10-07 20:00:00,solar.bun_library#realenergyintotheload#kwh,BUNDOORA,0.0,66.15866,-0.0004964669,0.0,0.0
2025-10-07 21:00:00,solar.bun_library#realenergyintotheload#kwh,BUNDOORA,0.0,17.625004,0.09153188,0.08882002,0.0
2025-10-07 22:00:00,solar.bun_library#realenergyintotheload#kwh,BUNDOORA,0.0,-0.54183173,0.09180655,0.089086555,0.0
2025-10-07 23:00:00,solar.bun_library#realenergyintotheload#kwh,BUNDOORA,0.0,1.0604069,0.029452875,0.02858026,0.0
2025-10-08 00:00:00,solar.bun_library#realenergyintotheload#kwh,BUNDOORA,0.0,2.7658062,-0.0073347017,0.0,0.0
2025-10-08 01:00:00,solar.bun_library#realenergyintotheload#kwh,BUNDOORA,0.0,0.37807393,0.016448434,0.015961109,0.0
2025-10-08 02:00:00,solar.bun_library#realenergyintotheload#kwh,BUNDOORA,0.0,0.17518768,0.016448434,0.015961109,0.0
2025-10-08 03:00:00,solar.bun_library#realenergyintotheload#kwh,BUNDOORA,0.0,0.17518768,0.0013773022,0.0013364962,0.0
2025-10-08 04:00:00,solar.bun_library#realenergyintotheload#kwh,BUNDOORA,0.0,0.17518768,0.016417138,0.01593074,0.0
2025-10-08 05:00:00,solar.bun_library#realenergyintotheload#kwh,BUNDOORA,0.0,-0.1748853,-0.0011264447,0.0,0.0
2025-10-08 06:00:00,solar.bun_library#realenergyintotheload#kwh,BUNDOORA,0.0,9.334389,0.0066203936,0.0064242478,0.0
2025-10-08 07:00:00,solar.bun_library#realenergyintotheload#kwh,BUNDOORA,0.0,31.968166,0.119850196,0.11629933,2.0
2025-10-08 08:00:00,solar.bun_library#realenergyintotheload#kwh,BUNDOORA,0.0,33.804157,33.850105,32.84721,94.0
2025-10-08 09:00:00,solar.bun_library#realenergyintotheload#kwh,BUNDOORA,0.0,93.746475,85.55623,83.02141,234.0
2025-10-08 10:00:00,solar.bun_library#realenergyintotheload#kwh,BUNDOORA,0.0,90.51247,89.14342,86.50232,257.0
2025-10-08 11:00:00,solar.bun_library#realenergyintotheload#kwh,BUNDOORA,0.0,184.95888,132.70872,128.7769,382.0
2025-10-08 12:00:00,solar.bun_library#realenergyintotheload#kwh,BUNDOORA,0.0,207.10352,279.91553,271.6223,823.0
2025-10-08 13:00:00,solar.bun_library#realenergyintotheload#kwh,BUNDOORA,0.0,199.15117,298.05936,289.2286,873.0
2025-10-08 14:00:00,solar.bun_library#realenergyintotheload#kwh,BUNDOORA,0.0,200.27492,202.25679,196.26442,591.0
2025-10-08 15:00:00,solar.bun_library#realenergyintotheload#kwh,BUNDOORA,0.0,203.3904,185.83179,180.32605,534.0
2025-10-08 16:00:00,solar.bun_library#realenergyintotheload#kwh,BUNDOORA,0.0,152.92635,178.22522,172.94485,507.0
2025-10-08 17:00:00,solar.bun_library#realenergyintotheload#kwh,BUNDOORA,0.0,140.13116,86.159065,83.606384,253.0
2025-10-08 18:00:00,solar.bun_library#realenergyintotheload#kwh,BUNDOORA,0.0,144.06094,53.23396,51.65677,166.0
2025-10-08 19:00:00,solar.bun_library#realenergyintotheload#kwh,BUNDOORA,0.0,112.01709,19.14957,18.582216,73.0
2025-10-08 20:00:00,solar.bun_library#realenergyintotheload#kwh,BUNDOORA,0.0,68.077286,0.13820069,0.13410614,0.0
2025-10-08 21:00:00,solar.bun_library#realenergyintotheload#kwh,BUNDOORA,0.0,15.472898,0.06840268,0.066376075,0.0
2025-10-08 22:00:00,solar.bun_library#realenergyintotheload#kwh,BUNDOORA,0.0,1.5123247,0.024002578,0.023291443,0.0
2025-10-08 23:00:00,solar.bun_library#realenergyintotheload#kwh,BUNDOORA,0.0,0.9971239,0.043537132,0.042247236,0.0
2025-10-09 00:00:00,solar.bun_library#realenergyintotheload#kwh,BUNDOORA,0.0,0.09546948,0.043537132,0.042247236,0.0
2025-10-09 01:00:00,solar.bun_library#realenergyintotheload#kwh,BUNDOORA,0.0,0.33284116,0.020869914,0.02025159,0.0
2025-10-09 02:00:00,solar.bun_library#realenergyintotheload#kwh,BUNDOORA,0.0,0.018794099,-0.007904651,0.0,0.0
2025-10-09 03:00:00,solar.bun_library#realenergyintotheload#kwh,BUNDOORA,0.0,0.038448595,0.105800875,0.10266626,0.0
2025-10-09 04:00:00,solar.bun_library#realenergyintotheload#kwh,BUNDOORA,0.0,0.63047594,0.010168499,0.009867232,0.0
2025-10-09 05:00:00,solar.bun_library#realenergyintotheload#kwh,BUNDOORA,0.0,0.95775175,0.009415175,0.009136227,0.0
2025-10-09 06:00:00,solar.bun_library#realenergyintotheload#kwh,BUNDOORA,0.0,8.76957,0.009415175,0.009136227,0.0
2025-10-09 07:00:00,solar.bun_library#realenergyintotheload#kwh,BUNDOORA,0.0,33.62698,0.116518065,0.11306593,2.0
2025-10-09 08:00:00,solar.bun_library#realenergyintotheload#kwh,BUNDOORA,0.0,18.99341,48.88636,47.43798,152.0
2025-10-09 09:00:00,solar.bun_library#realenergyintotheload#kwh,BUNDOORA,0.0,120.240585,137.61584,133.53864,366.0
2025-10-09 10:00:00,solar.bun_library#realenergyintotheload#kwh,BUNDOORA,0.0,133.9546,208.86804,202.67981,566.0
2025-10-09 11:00:00,solar.bun_library#realenergyintotheload#kwh,BUNDOORA,0.0,255.8156,252.1074,244.63809,717.0
2025-10-09 12:00:00,solar.bun_library#realenergyintotheload#kwh,BUNDOORA,0.0,205.7122,288.358,279.81467,838.0
2025-10-09 13:00:00,solar.bun_library#realenergyintotheload#kwh,BUNDOORA,0.0,198.86258,199.78413,193.86504,575.0
2025-10-09 14:00:00,solar.bun_library#realenergyintotheload#kwh,BUNDOORA,0.0,171.51674,147.10338,142.74507,426.0
2025-10-09 15:00:00,solar.bun_library#realenergyintotheload#kwh,BUNDOORA,0.0,155.01584,80.90779,78.5107,243.0
2025-10-09 16:00:00,solar.bun_library#realenergyintotheload#kwh,BUNDOORA,0.0,169.49237,169.03584,164.02774,479.0
2025-10-09 17:00:00,solar.bun_library#realenergyintotheload#kwh,BUNDOORA,0.0,123.5634,85.55366,83.01891,248.0
2025-10-09 18:00:00,solar.bun_library#realenergyintotheload#kwh,BUNDOORA,0.0,137.09915,79.491394,77.13626,235.0
2025-10-09 19:00:00,solar.bun_library#realenergyintotheload#kwh,BUNDOORA,0.0,115.37412,29.317982,28.449364,86.0
2025-10-09 20:00:00,solar.bun_library#realenergyintotheload#kwh,BUNDOORA,0.0,67.92719,-0.2525582,0.0,0.0
2025-10-09 21:00:00,solar.bun_library#realenergyintotheload#kwh,BUNDOORA,0.0,20.124172,0.24220254,0.23502667,0.0
2025-10-09 22:00:00,solar.bun_library#realenergyintotheload#kwh,BUNDOORA,0.0,3.6355593,0.06429272,0.062387887,0.0
2025-10-09 23:00:00,solar.bun_library#realenergyintotheload#kwh,BUNDOORA,0.0,4.4203362,0.012113979,0.0117550725,0.0
2025-10-10 00:00:00,solar.bun_library#realenergyintotheload#kwh,BUNDOORA,0.0,5.9774747,0.014066431,0.013649678,0.0
2025-10-10 01:00:00,solar.bun_library#realenergyintotheload#kwh,BUNDOORA,0.0,-3.1775303,-0.0061467513,0.0,0.0
2025-10-10 02:00:00,solar.bun_library#realenergyintotheload#kwh,BUNDOORA,0.0,1.4202676,-0.0061467513,0.0,0.0
2025-10-10 03:00:00,solar.bun_library#realenergyintotheload#kwh,BUNDOORA,0.0,-4.153439,-0.00647737,0.0,0.0
2025-10-10 04:00:00,solar.bun_library#realenergyintotheload#kwh,BUNDOORA,0.0,2.4648983,-0.101963416,0.0,0.0
2025-10-10 05:00:00,solar.bun_library#realenergyintotheload#kwh,BUNDOORA,0.0,-3.6663046,-0.031303532,0.0,0.0
2025-10-10 06:00:00,solar.bun_library#realenergyintotheload#kwh,BUNDOORA,0.0,16.317955,-0.050903413,0.0,0.0
2025-10-10 07:00:00,solar.bun_library#realenergyintotheload#kwh,BUNDOORA,0.0,79.33212,0.24562609,0.23834881,3.0
2025-10-10 08:00:00,solar.bun_library#realenergyintotheload#kwh,BUNDOORA,0.0,138.02657,49.62652,48.156208,157.0
2025-10-10 09:00:00,solar.bun_library#realenergyintotheload#kwh,BUNDOORA,0.0,132.1773,129.30994,125.478806,346.0
2025-10-10 10:00:00,solar.bun_library#realenergyintotheload#kwh,BUNDOORA,0.0,74.52319,212.60054,206.30171,564.0
2025-10-10 11:00:00,solar.bun_library#realenergyintotheload#kwh,BUNDOORA,0.0,134.78188,245.64883,238.37088,688.0
2025-10-10 12:00:00,solar.bun_library#realenergyintotheload#kwh,BUNDOORA,0.0,134.15901,286.93695,278.43573,838.0
2025-10-10 13:00:00,solar.bun_library#realenergyintotheload#kwh,BUNDOORA,0.0,174.07199,238.56386,231.4958,687.0
2025-10-10 14:00:00,solar.bun_library#realenergyintotheload#kwh,BUNDOORA,0.0,196.53984,264.57968,256.74084,747.0
2025-10-10 15:00:00,solar.bun_library#realenergyintotheload#kwh,BUNDOORA,0.0,151.4795,276.5025,268.31042,811.0
2025-10-10 16:00:00,solar.bun_library#realenergyintotheload#kwh,BUNDOORA,0.0,214.97862,235.57248,228.59305,675.0
2025-10-10 17:00:00,solar.bun_library#realenergyintotheload#kwh,BUNDOORA,0.0,153.82436,153.55295,149.00356,425.0
2025-10-10 18:00:00,solar.bun_library#realenergyintotheload#kwh,BUNDOORA,0.0,133.96861,60.294716,58.508335,181.0
2025-10-10 19:00:00,solar.bun_library#realenergyintotheload#kwh,BUNDOORA,0.0,89.0711,28.629627,27.781403,85.0
2025-10-10 20:00:00,solar.bun_library#realenergyintotheload#kwh,BUNDOORA,0.0,57.106167,0.07666786,0.07439638,0.0
2025-10-10 21:00:00,solar.bun_library#realenergyintotheload#kwh,BUNDOORA,0.0,11.818072,0.052718088,0.05115618,0.0
2025-10-10 22:00:00,solar.bun_library#realenergyintotheload#kwh,BUNDOORA,0.0,5.2757263,0.09259014,0.089846924,0.0
2025-10-10 23:00:00,solar.bun_library#realenergyintotheload#kwh,BUNDOORA,0.0,3.3778133,0.15676811,0.15212347,0.0
2025-10-11 00:00:00,solar.bun_library#realenergyintotheload#kwh,BUNDOORA,0.0,4.911699,0.021513917,0.020876514,0.0
2025-10-11 01:00:00,solar.bun_library#realenergyintotheload#kwh,BUNDOORA,0.0,-1.6053457,-0.024081532,0.0,0.0
2025-10-11 02:00:00,solar.bun_library#realenergyintotheload#kwh,BUNDOORA,0.0,2.429444,0.014066431,0.013649678,0.0
2025-10-11 03:00:00,solar.bun_library#realenergyintotheload#kwh,BUNDOORA,0.0,0.73946726,-0.122518204,0.0,0.0
2025-10-11 04:00:00,solar.bun_library#realenergyintotheload#kwh,BUNDOORA,0.0,-2.2961917,-0.009929962,0.0,0.0
2025-10-11 05:00:00,solar.bun_library#realenergyintotheload#kwh,BUNDOORA,0.0,2.8174837,0.009415175,0.009136227,0.0
2025-10-11 06:00:00,solar.bun_library#realenergyintotheload#kwh,BUNDOORA,0.0,15.402636,0.009415175,0.009136227,0.0
2025-10-11 07:00:00,solar.bun_library#realenergyintotheload#kwh,BUNDOORA,0.0,28.119833,0.30666295,0.2975773,3.0
2025-10-11 08:00:00,solar.bun_library#realenergyintotheload#kwh,BUNDOORA,0.0,28.041838,35.849636,34.787502,102.0
2025-10-11 09:00:00,solar.bun_library#realenergyintotheload#kwh,BUNDOORA,0.0,89.47139,121.71937,118.11313,316.0
2025-10-11 10:00:00,solar.bun_library#realenergyintotheload#kwh,BUNDOORA,0.0,143.89294,181.03902,175.67528,493.0
2025-10-11 11:00:00,solar.bun_library#realenergyintotheload#kwh,BUNDOORA,0.0,206.2236,237.591,230.55177,646.0
2025-10-11 12:00:00,solar.bun_library#realenergyintotheload#kwh,BUNDOORA,0.0,185.90059,272.77298,264.6914,803.0
2025-10-11 13:00:00,solar.bun_library#realenergyintotheload#kwh,BUNDOORA,0.0,185.8296,240.35498,233.23386,687.0
2025-10-11 14:00:00,solar.bun_library#realenergyintotheload#kwh,BUNDOORA,0.0,171.08893,171.15022,166.07947,508.0
2025-10-11 15:00:00,solar.bun_library#realenergyintotheload#kwh,BUNDOORA,0.0,180.5376,153.92194,149.36162,445.0
2025-10-11 16:00:00,solar.bun_library#realenergyintotheload#kwh,BUNDOORA,0.0,177.86296,105.945656,102.80675,306.0
2025-10-11 17:00:00,solar.bun_library#realenergyintotheload#kwh,BUNDOORA,0.0,146.91942,64.006134,62.10979,191.0
2025-10-11 18:00:00,solar.bun_library#realenergyintotheload#kwh,BUNDOORA,0.0,158.3272,58.281227,56.5545,171.0
2025-10-11 19:00:00,solar.bun_library#realenergyintotheload#kwh,BUNDOORA,0.0,66.853714,7.776347,7.5459533,28.0
2025-10-11 20:00:00,solar.bun_library#realenergyintotheload#kwh,BUNDOORA,0.0,47.391968,-0.12732887,0.0,0.0
2025-10-11 21:00:00,solar.bun_library#realenergyintotheload#kwh,BUNDOORA,0.0,16.48258,0.0161855,0.015705964,0.0
2025-10-11 22:00:00,solar.bun_library#realenergyintotheload#kwh,BUNDOORA,0.0,0.64901286,0.03097044,0.030052863,0.0
2025-10-11 23:00:00,solar.bun_library#realenergyintotheload#kwh,BUNDOORA,0.0,0.26874027,0.11308673,0.10973626,0.0
2025-10-12 00:00:00,solar.bun_library#realenergyintotheload#kwh,BUNDOORA,0.0,-0.057696223,0.020869914,0.02025159,0.0
2025-10-12 01:00:00,solar.bun_library#realenergyintotheload#kwh,BUNDOORA,0.0,-0.18921147,-0.00015105726,0.0,0.0
2025-10-12 02:00:00,solar.bun_library#realenergyintotheload#kwh,BUNDOORA,0.0,-0.25416073,0.013125903,0.012737015,0.0
2025-10-12 03:00:00,solar.bun_library#realenergyintotheload#kwh,BUNDOORA,0.0,-0.28794923,0.020869914,0.02025159,0.0
2025-10-12 04:00:00,solar.bun_library#realenergyintotheload#kwh,BUNDOORA,0.0,-0.20876081,0.013116319,0.012727715,0.0
2025-10-12 05:00:00,solar.bun_library#realenergyintotheload#kwh,BUNDOORA,0.0,0.37165627,0.013116319,0.012727715,0.0
2025-10-12 06:00:00,solar.bun_library#realenergyintotheload#kwh,BUNDOORA,0.0,0.5836752,0.013085023,0.012697346,0.0
2025-10-12 07:00:00,solar.bun_library#realenergyintotheload#kwh,BUNDOORA,0.0,-1.1016548,0.31083184,0.30162266,3.0
2025-10-12 08:00:00,solar.bun_library#realenergyintotheload#kwh,BUNDOORA,0.0,2.4186928,35.59553,34.540924,103.0
2025-10-12 09:00:00,solar.bun_library#realenergyintotheload#kwh,BUNDOORA,0.0,1.2749271,93.07958,90.32187,253.0
2025-10-12 10:00:00,solar.bun_library#realenergyintotheload#kwh,BUNDOORA,0.0,9.397304,135.67055,131.65097,372.0
2025-10-12 11:00:00,solar.bun_library#realenergyintotheload#kwh,BUNDOORA,0.0,174.16872,162.39137,157.58012,455.0
2025-10-12 12:00:00,solar.bun_library#realenergyintotheload#kwh,BUNDOORA,0.0,147.77571,169.66985,164.64294,499.0
2025-10-12 13:00:00,solar.bun_library#realenergyintotheload#kwh,BUNDOORA,0.0,161.13878,171.28326,166.20857,502.0
2025-10-12 14:00:00,solar.bun_library#realenergyintotheload#kwh,BUNDOORA,0.0,89.11279,161.2515,156.47401,463.0
2025-10-12 15:00:00,solar.bun_library#realenergyintotheload#kwh,BUNDOORA,0.0,72.70362,132.48552,128.5603,389.0
2025-10-12 16:00:00,solar.bun_library#realenergyintotheload#kwh,BUNDOORA,0.0,74.38034,102.59102,99.551506,298.0
2025-10-12 17:00:00,solar.bun_library#realenergyintotheload#kwh,BUNDOORA,0.0,22.057648,72.430534,70.2846,208.0
2025-10-12 18:00:00,solar.bun_library#realenergyintotheload#kwh,BUNDOORA,0.0,132.49213,38.588287,37.44501,118.0
2025-10-12 19:00:00,solar.bun_library#realenergyintotheload#kwh,BUNDOORA,0.0,41.950424,10.232547,9.929382,37.0
2025-10-12 20:00:00,solar.bun_library#realenergyintotheload#kwh,BUNDOORA,0.0,13.942418,0.0065916814,0.0063963863,0.0
2025-10-12 21:00:00,solar.bun_library#realenergyintotheload#kwh,BUNDOORA,0.0,4.3538766,0.0065916814,0.0063963863,0.0
2025-10-12 22:00:00,solar.bun_library#realenergyintotheload#kwh,BUNDOORA,0.0,0.76572055,0.0065916814,0.0063963863,0.0
2025-10-12 23:00:00,solar.bun_library#realenergyintotheload#kwh,BUNDOORA,0.0,-0.56961226,0.006083061,0.005902835,0.0
2025-10-13 00:00:00,solar.bun_library#realenergyintotheload#kwh,BUNDOORA,0.0,-1.0317893,0.006083061,0.005902835,0.0
2025-10-13 01:00:00,solar.bun_library#realenergyintotheload#kwh,BUNDOORA,0.0,0.1730653,0.006083061,0.005902835,0.0
2025-10-13 02:00:00,solar.bun_library#realenergyintotheload#kwh,BUNDOORA,0.0,-0.10364153,0.013085023,0.012697346,0.0
2025-10-13 03:00:00,solar.bun_library#realenergyintotheload#kwh,BUNDOORA,0.0,-0.61436015,-0.0097107645,0.0,0.0
2025-10-13 04:00:00,solar.bun_library#realenergyintotheload#kwh,BUNDOORA,0.0,-0.4886811,0.013085023,0.012697346,0.0
2025-10-13 05:00:00,solar.bun_library#realenergyintotheload#kwh,BUNDOORA,0.0,-0.2607475,-0.004749593,0.0,0.0
2025-10-13 06:00:00,solar.bun_library#realenergyintotheload#kwh,BUNDOORA,0.0,0.8535591,-0.009679468,0.0,0.0
2025-10-13 07:00:00,solar.bun_library#realenergyintotheload#kwh,BUNDOORA,0.0,-0.72577345,1.1238145,1.0905186,6.0
2025-10-13 08:00:00,solar.bun_library#realenergyintotheload#kwh,BUNDOORA,0.0,-3.3777068,46.79458,45.408173,121.0
2025-10-13 09:00:00,solar.bun_library#realenergyintotheload#kwh,BUNDOORA,0.0,20.60887,159.93459,155.19612,390.0
2025-10-13 10:00:00,solar.bun_library#realenergyintotheload#kwh,BUNDOORA,0.0,38.54208,189.83846,184.21402,477.0
2025-10-13 11:00:00,solar.bun_library#realenergyintotheload#kwh,BUNDOORA,0.0,193.56769,184.06975,178.61623,523.0
2025-10-13 12:00:00,solar.bun_library#realenergyintotheload#kwh,BUNDOORA,0.0,149.98378,171.86913,166.77707,488.0
2025-10-13 13:00:00,solar.bun_library#realenergyintotheload#kwh,BUNDOORA,0.0,227.30214,228.9048,222.12292,652.0
2025-10-13 14:00:00,solar.bun_library#realenergyintotheload#kwh,BUNDOORA,0.0,203.30566,306.12436,297.05466,891.0
2025-10-13 15:00:00,solar.bun_library#realenergyintotheload#kwh,BUNDOORA,0.0,207.06464,288.7566,280.20145,848.0
2025-10-13 16:00:00,solar.bun_library#realenergyintotheload#kwh,BUNDOORA,0.0,228.84666,237.75578,230.71167,714.0
2025-10-13 17:00:00,solar.bun_library#realenergyintotheload#kwh,BUNDOORA,0.0,205.98885,183.81357,178.36763,531.0
2025-10-13 18:00:00,solar.bun_library#realenergyintotheload#kwh,BUNDOORA,0.0,118.73608,123.39282,119.737,320.0
2025-10-13 19:00:00,solar.bun_library#realenergyintotheload#kwh,BUNDOORA,0.0,120.17619,33.685455,32.68744,100.0
2025-10-13 20:00:00,solar.bun_library#realenergyintotheload#kwh,BUNDOORA,0.0,64.153786,0.060618576,0.0588226,0.0
2025-10-13 21:00:00,solar.bun_library#realenergyintotheload#kwh,BUNDOORA,0.0,18.344675,0.020544253,0.019935578,0.0
2025-10-13 22:00:00,solar.bun_library#realenergyintotheload#kwh,BUNDOORA,0.0,-0.4006155,0.03578354,0.034723364,0.0
2025-10-13 23:00:00,solar.bun_library#realenergyintotheload#kwh,BUNDOORA,0.0,-0.012484683,0.0120004015,0.01164486,0.0
2025-10-14 00:00:00,solar.bun_library#realenergyintotheload#kwh,BUNDOORA,0.0,-0.24540672,-0.0020917845,0.0,0.0
2025-10-14 01:00:00,solar.bun_library#realenergyintotheload#kwh,BUNDOORA,0.0,-0.4052673,-0.010666817,0.0,0.0
2025-10-14 02:00:00,solar.bun_library#realenergyintotheload#kwh,BUNDOORA,0.0,-0.17851005,0.03578354,0.034723364,0.0
2025-10-14 03:00:00,solar.bun_library#realenergyintotheload#kwh,BUNDOORA,0.0,0.2905974,-0.0073347017,0.0,0.0
2025-10-14 04:00:00,solar.bun_library#realenergyintotheload#kwh,BUNDOORA,0.0,-0.042195886,0.013116319,0.012727715,0.0
2025-10-14 05:00:00,solar.bun_library#realenergyintotheload#kwh,BUNDOORA,0.0,0.60578847,0.016448434,0.015961109,0.0
2025-10-14 06:00:00,solar.bun_library#realenergyintotheload#kwh,BUNDOORA,0.0,16.823423,-0.009679468,0.0,0.0
2025-10-14 07:00:00,solar.bun_library#realenergyintotheload#kwh,BUNDOORA,0.0,10.129603,1.9876596,1.9287702,9.0
2025-10-14 08:00:00,solar.bun_library#realenergyintotheload#kwh,BUNDOORA,0.0,15.905501,33.4767,32.484867,98.0
2025-10-14 09:00:00,solar.bun_library#realenergyintotheload#kwh,BUNDOORA,0.0,7.442996,85.494385,82.9614,233.0
2025-10-14 10:00:00,solar.bun_library#realenergyintotheload#kwh,BUNDOORA,0.0,97.57765,95.82217,92.98319,277.0
2025-10-14 11:00:00,solar.bun_library#realenergyintotheload#kwh,BUNDOORA,0.0,165.94943,156.83504,152.1884,453.0
2025-10-14 12:00:00,solar.bun_library#realenergyintotheload#kwh,BUNDOORA,0.0,131.95026,274.5678,266.43304,789.0
2025-10-14 13:00:00,solar.bun_library#realenergyintotheload#kwh,BUNDOORA,0.0,224.52206,291.83524,283.18887,853.0
2025-10-14 14:00:00,solar.bun_library#realenergyintotheload#kwh,BUNDOORA,0.0,230.79457,309.46796,300.2992,909.0
2025-10-14 15:00:00,solar.bun_library#realenergyintotheload#kwh,BUNDOORA,0.0,227.68369,284.22702,275.8061,835.0
2025-10-14 16:00:00,solar.bun_library#realenergyintotheload#kwh,BUNDOORA,0.0,230.46896,237.98083,230.93005,702.0
2025-10-14 17:00:00,solar.bun_library#realenergyintotheload#kwh,BUNDOORA,0.0,236.6604,166.83485,161.89195,522.0
2025-10-14 18:00:00,solar.bun_library#realenergyintotheload#kwh,BUNDOORA,0.0,197.23758,110.97688,107.68891,316.0
2025-10-14 19:00:00,solar.bun_library#realenergyintotheload#kwh,BUNDOORA,0.0,167.73837,32.905594,31.930683,105.0
2025-10-14 20:00:00,solar.bun_library#realenergyintotheload#kwh,BUNDOORA,0.0,82.98986,0.1076504,0.104460984,0.0
2025-10-14 21:00:00,solar.bun_library#realenergyintotheload#kwh,BUNDOORA,0.0,14.167876,0.019753996,0.019168735,0.0
2025-10-14 22:00:00,solar.bun_library#realenergyintotheload#kwh,BUNDOORA,0.0,-0.007275883,-0.0029132236,0.0,0.0
2025-10-14 23:00:00,solar.bun_library#realenergyintotheload#kwh,BUNDOORA,0.0,-0.09019693,0.019753996,0.019168735,0.0
2025-10-15 00:00:00,solar.bun_library#realenergyintotheload#kwh,BUNDOORA,0.0,0.21816127,0.0120004015,0.01164486,0.0
2025-10-15 01:00:00,solar.bun_library#realenergyintotheload#kwh,BUNDOORA,0.0,0.22940686,-0.010666817,0.0,0.0
2025-10-15 02:00:00,solar.bun_library#realenergyintotheload#kwh,BUNDOORA,0.0,-0.5730542,-0.010666817,0.0,0.0
2025-10-15 03:00:00,solar.bun_library#realenergyintotheload#kwh,BUNDOORA,0.0,-1.2368937,-0.010666817,0.0,0.0
2025-10-15 04:00:00,solar.bun_library#realenergyintotheload#kwh,BUNDOORA,0.0,-1.2368937,-0.010666817,0.0,0.0
2025-10-15 05:00:00,solar.bun_library#realenergyintotheload#kwh,BUNDOORA,0.0,-0.5181686,-0.010666817,0.0,0.0
2025-10-15 06:00:00,solar.bun_library#realenergyintotheload#kwh,BUNDOORA,0.0,0.42246142,-0.010666817,0.0,0.0
2025-10-15 07:00:00,solar.bun_library#realenergyintotheload#kwh,BUNDOORA,0.0,0.8029724,2.470099,2.3969162,10.0
2025-10-15 08:00:00,solar.bun_library#realenergyintotheload#kwh,BUNDOORA,0.0,-0.5700439,65.3792,63.44218,177.0
2025-10-15 09:00:00,solar.bun_library#realenergyintotheload#kwh,BUNDOORA,0.0,9.731392,152.75734,148.23152,390.0
2025-10-15 10:00:00,solar.bun_library#realenergyintotheload#kwh,BUNDOORA,0.0,30.212553,219.715,213.20538,592.0
2025-10-15 11:00:00,solar.bun_library#realenergyintotheload#kwh,BUNDOORA,0.0,289.0891,261.50107,253.75345,759.0
2025-10-15 12:00:00,solar.bun_library#realenergyintotheload#kwh,BUNDOORA,0.0,249.16515,286.49774,278.00952,876.0
2025-10-15 13:00:00,solar.bun_library#realenergyintotheload#kwh,BUNDOORA,0.0,253.53168,308.92114,299.7686,929.0
2025-10-15 14:00:00,solar.bun_library#realenergyintotheload#kwh,BUNDOORA,0.0,258.24747,306.4866,297.40616,919.0
2025-10-15 15:00:00,solar.bun_library#realenergyintotheload#kwh,BUNDOORA,0.0,253.87741,281.87842,273.52707,843.0
2025-10-15 16:00:00,solar.bun_library#realenergyintotheload#kwh,BUNDOORA,0.0,275.72977,234.67761,227.7247,709.0
2025-10-15 17:00:00,solar.bun_library#realenergyintotheload#kwh,BUNDOORA,0.0,253.14694,176.67099,171.43668,529.0
2025-10-15 18:00:00,solar.bun_library#realenergyintotheload#kwh,BUNDOORA,0.0,226.79015,110.23002,106.96418,319.0
2025-10-15 19:00:00,solar.bun_library#realenergyintotheload#kwh,BUNDOORA,0.0,155.09584,31.26621,30.33987,105.0
2025-10-15 20:00:00,solar.bun_library#realenergyintotheload#kwh,BUNDOORA,0.0,69.212234,0.029378708,0.02850829,0.0
2025-10-15 21:00:00,solar.bun_library#realenergyintotheload#kwh,BUNDOORA,0.0,11.286089,0.020869914,0.02025159,0.0
2025-10-15 22:00:00,solar.bun_library#realenergyintotheload#kwh,BUNDOORA,0.0,-0.27260154,0.0058300784,0.005657348,0.0
2025-10-15 23:00:00,solar.bun_library#realenergyintotheload#kwh,BUNDOORA,0.0,-0.12527485,-0.0029132236,0.0,0.0
2025-10-16 00:00:00,solar.bun_library#realenergyintotheload#kwh,BUNDOORA,0.0,-0.15021951,0.020869914,0.02025159,0.0
2025-10-16 01:00:00,solar.bun_library#realenergyintotheload#kwh,BUNDOORA,0.0,-0.40558475,0.020869914,0.02025159,0.0
2025-10-16 02:00:00,solar.bun_library#realenergyintotheload#kwh,BUNDOORA,0.0,-0.19396842,0.020869914,0.02025159,0.0
2025-10-16 03:00:00,solar.bun_library#realenergyintotheload#kwh,BUNDOORA,0.0,-0.34244832,0.020869914,0.02025159,0.0
2025-10-16 04:00:00,solar.bun_library#realenergyintotheload#kwh,BUNDOORA,0.0,-0.18484952,0.020838618,0.020221222,0.0
2025-10-16 05:00:00,solar.bun_library#realenergyintotheload#kwh,BUNDOORA,0.0,-1.150385,0.0066203936,0.0064242478,0.0
2025-10-16 06:00:00,solar.bun_library#realenergyintotheload#kwh,BUNDOORA,0.0,30.180399,0.046216443,0.044847164,0.0
2025-10-16 07:00:00,solar.bun_library#realenergyintotheload#kwh,BUNDOORA,0.0,104.616684,2.5997224,2.522699,13.0
2025-10-16 08:00:00,solar.bun_library#realenergyintotheload#kwh,BUNDOORA,0.0,168.43713,65.57005,63.627377,186.0
2025-10-16 09:00:00,solar.bun_library#realenergyintotheload#kwh,BUNDOORA,0.0,121.7731,148.12659,143.73796,399.0
2025-10-16 10:00:00,solar.bun_library#realenergyintotheload#kwh,BUNDOORA,0.0,200.89528,221.64923,215.08232,597.0
2025-10-16 11:00:00,solar.bun_library#realenergyintotheload#kwh,BUNDOORA,0.0,227.78107,261.79932,254.04286,762.0
2025-10-16 12:00:00,solar.bun_library#realenergyintotheload#kwh,BUNDOORA,0.0,212.26196,288.18036,279.6423,871.0
2025-10-16 13:00:00,solar.bun_library#realenergyintotheload#kwh,BUNDOORA,0.0,248.78448,304.75037,295.72137,914.0
2025-10-16 14:00:00,solar.bun_library#realenergyintotheload#kwh,BUNDOORA,0.0,248.72241,291.847,283.2003,849.0
2025-10-16 15:00:00,solar.bun_library#realenergyintotheload#kwh,BUNDOORA,0.0,190.49718,121.67468,118.06976,360.0
2025-10-16 16:00:00,solar.bun_library#realenergyintotheload#kwh,BUNDOORA,0.0,122.213005,16.072319,15.596136,52.0
2025-10-16 17:00:00,solar.bun_library#realenergyintotheload#kwh,BUNDOORA,0.0,154.01974,55.74401,54.092457,168.0
2025-10-16 18:00:00,solar.bun_library#realenergyintotheload#kwh,BUNDOORA,0.0,92.120865,9.3896675,9.111475,30.0
2025-10-16 19:00:00,solar.bun_library#realenergyintotheload#kwh,BUNDOORA,0.0,101.25296,5.027427,4.878477,18.0
2025-10-16 20:00:00,solar.bun_library#realenergyintotheload#kwh,BUNDOORA,0.0,58.082043,-0.105889596,0.0,0.0
2025-10-16 21:00:00,solar.bun_library#realenergyintotheload#kwh,BUNDOORA,0.0,23.592426,0.01965946,0.019077,0.0
2025-10-16 22:00:00,solar.bun_library#realenergyintotheload#kwh,BUNDOORA,0.0,2.6719697,-0.04036377,0.0,0.0
2025-10-16 23:00:00,solar.bun_library#realenergyintotheload#kwh,BUNDOORA,0.0,-1.7621484,0.04662687,0.04524543,0.0
2025-10-17 00:00:00,solar.bun_library#realenergyintotheload#kwh,BUNDOORA,0.0,1.4453214,0.014792585,0.014354317,0.0
2025-10-17 01:00:00,solar.bun_library#realenergyintotheload#kwh,BUNDOORA,0.0,0.94484115,0.013593643,0.013190897,0.0
2025-10-17 02:00:00,solar.bun_library#realenergyintotheload#kwh,BUNDOORA,0.0,0.08625174,0.013593643,0.013190897,0.0
2025-10-17 03:00:00,solar.bun_library#realenergyintotheload#kwh,BUNDOORA,0.0,0.5709034,0.011928211,0.011574808,0.0
2025-10-17 04:00:00,solar.bun_library#realenergyintotheload#kwh,BUNDOORA,0.0,0.08463792,0.11355447,0.11019014,0.0
2025-10-17 05:00:00,solar.bun_library#realenergyintotheload#kwh,BUNDOORA,0.0,0.3229358,0.00031668367,0.00030730112,0.0
2025-10-17 06:00:00,solar.bun_library#realenergyintotheload#kwh,BUNDOORA,0.0,2.5848246,0.00031668367,0.00030730112,0.0
2025-10-17 07:00:00,solar.bun_library#realenergyintotheload#kwh,BUNDOORA,0.0,2.231414,1.3790797,1.338221,7.0
2025-10-17 08:00:00,solar.bun_library#realenergyintotheload#kwh,BUNDOORA,0.0,6.0232887,32.96529,31.988611,99.0
2025-10-17 09:00:00,solar.bun_library#realenergyintotheload#kwh,BUNDOORA,0.0,15.423375,134.73315,130.74135,344.0
2025-10-17 10:00:00,solar.bun_library#realenergyintotheload#kwh,BUNDOORA,0.0,118.892204,201.93988,195.95691,533.0
2025-10-17 11:00:00,solar.bun_library#realenergyintotheload#kwh,BUNDOORA,0.0,174.9349,141.64104,137.44456,410.0
2025-10-17 12:00:00,solar.bun_library#realenergyintotheload#kwh,BUNDOORA,0.0,146.2013,243.19089,235.98575,693.0
2025-10-17 13:00:00,solar.bun_library#realenergyintotheload#kwh,BUNDOORA,0.0,235.37401,238.3092,231.2487,687.0
2025-10-17 14:00:00,solar.bun_library#realenergyintotheload#kwh,BUNDOORA,0.0,208.88824,309.0426,299.88644,923.0
2025-10-17 15:00:00,solar.bun_library#realenergyintotheload#kwh,BUNDOORA,0.0,205.09807,286.6777,278.18417,837.0
2025-10-17 16:00:00,solar.bun_library#realenergyintotheload#kwh,BUNDOORA,0.0,231.6231,235.18759,228.21957,664.0
2025-10-17 17:00:00,solar.bun_library#realenergyintotheload#kwh,BUNDOORA,0.0,108.13073,116.04031,112.602325,321.0
2025-10-17 18:00:00,solar.bun_library#realenergyintotheload#kwh,BUNDOORA,0.0,123.657265,103.35537,100.293205,270.0
2025-10-17 19:00:00,solar.bun_library#realenergyintotheload#kwh,BUNDOORA,0.0,113.70592,15.033432,14.588029,52.0
2025-10-17 20:00:00,solar.bun_library#realenergyintotheload#kwh,BUNDOORA,0.0,56.34331,0.07219679,0.07005778,0.0
2025-10-17 21:00:00,solar.bun_library#realenergyintotheload#kwh,BUNDOORA,0.0,19.495892,0.09180655,0.089086555,0.0
2025-10-17 22:00:00,solar.bun_library#realenergyintotheload#kwh,BUNDOORA,0.0,1.4968741,0.03558409,0.03452982,0.0
2025-10-17 23:00:00,solar.bun_library#realenergyintotheload#kwh,BUNDOORA,0.0,0.8651273,0.042332955,0.041078735,0.0
2025-10-18 00:00:00,solar.bun_library#realenergyintotheload#kwh,BUNDOORA,0.0,0.17034581,0.03578354,0.034723364,0.0
2025-10-18 01:00:00,solar.bun_library#realenergyintotheload#kwh,BUNDOORA,0.0,0.21692842,0.03578354,0.034723364,0.0
2025-10-18 02:00:00,solar.bun_library#realenergyintotheload#kwh,BUNDOORA,0.0,-0.23721854,-0.0020917845,0.0,0.0
2025-10-18 03:00:00,solar.bun_library#realenergyintotheload#kwh,BUNDOORA,0.0,-0.39584506,-0.010666817,0.0,0.0
2025-10-18 04:00:00,solar.bun_library#realenergyintotheload#kwh,BUNDOORA,0.0,-0.38860226,-0.010666817,0.0,0.0
2025-10-18 05:00:00,solar.bun_library#realenergyintotheload#kwh,BUNDOORA,0.0,0.014501767,-0.010666817,0.0,0.0
2025-10-18 06:00:00,solar.bun_library#realenergyintotheload#kwh,BUNDOORA,0.0,-0.79700595,-0.010666817,0.0,0.0
2025-10-18 07:00:00,solar.bun_library#realenergyintotheload#kwh,BUNDOORA,0.0,1.1031063,1.7036353,1.6531609,8.0
2025-10-18 08:00:00,solar.bun_library#realenergyintotheload#kwh,BUNDOORA,0.0,-1.8889049,50.350574,48.858814,137.0
2025-10-18 09:00:00,solar.bun_library#realenergyintotheload#kwh,BUNDOORA,0.0,15.408132,62.594994,60.74046,180.0
2025-10-18 10:00:00,solar.bun_library#realenergyintotheload#kwh,BUNDOORA,0.0,61.14123,142.95255,138.71722,381.0
2025-10-18 11:00:00,solar.bun_library#realenergyintotheload#kwh,BUNDOORA,0.0,151.84756,234.42264,227.47728,648.0
2025-10-18 12:00:00,solar.bun_library#realenergyintotheload#kwh,BUNDOORA,0.0,135.7131,282.97482,274.59097,807.0
2025-10-18 13:00:00,solar.bun_library#realenergyintotheload#kwh,BUNDOORA,0.0,225.98643,312.0593,302.81375,932.0
2025-10-18 14:00:00,solar.bun_library#realenergyintotheload#kwh,BUNDOORA,0.0,225.26915,308.39413,299.25717,922.0
2025-10-18 15:00:00,solar.bun_library#realenergyintotheload#kwh,BUNDOORA,0.0,228.48799,285.01852,276.57413,848.0
2025-10-18 16:00:00,solar.bun_library#realenergyintotheload#kwh,BUNDOORA,0.0,243.393,238.86235,231.78546,716.0
2025-10-18 17:00:00,solar.bun_library#realenergyintotheload#kwh,BUNDOORA,0.0,221.65979,189.5073,183.89267,539.0
2025-10-18 18:00:00,solar.bun_library#realenergyintotheload#kwh,BUNDOORA,0.0,178.78654,113.273285,109.91728,331.0
2025-10-18 19:00:00,solar.bun_library#realenergyintotheload#kwh,BUNDOORA,0.0,128.61424,36.183865,35.111828,124.0
2025-10-18 20:00:00,solar.bun_library#realenergyintotheload#kwh,BUNDOORA,0.0,92.28767,0.13717122,0.13310719,0.0
2025-10-18 21:00:00,solar.bun_library#realenergyintotheload#kwh,BUNDOORA,0.0,18.931534,0.12758827,0.12380815,0.0
2025-10-18 22:00:00,solar.bun_library#realenergyintotheload#kwh,BUNDOORA,0.0,1.7612212,0.057263352,0.05556678,0.0
2025-10-18 23:00:00,solar.bun_library#realenergyintotheload#kwh,BUNDOORA,0.0,0.79901224,0.07263962,0.07048749,0.0
2025-10-19 00:00:00,solar.bun_library#realenergyintotheload#kwh,BUNDOORA,0.0,3.6545699,0.028049208,0.02721818,0.0
2025-10-19 01:00:00,solar.bun_library#realenergyintotheload#kwh,BUNDOORA,0.0,-3.4069,-0.06331897,0.0,0.0
2025-10-19 02:00:00,solar.bun_library#realenergyintotheload#kwh,BUNDOORA,0.0,2.785532,-0.18386933,0.0,0.0
2025-10-19 03:00:00,solar.bun_library#realenergyintotheload#kwh,BUNDOORA,0.0,2.7143207,-0.08172315,0.0,0.0
2025-10-19 04:00:00,solar.bun_library#realenergyintotheload#kwh,BUNDOORA,0.0,5.066431,-0.02128299,0.0,0.0
2025-10-19 05:00:00,solar.bun_library#realenergyintotheload#kwh,BUNDOORA,0.0,2.0105934,0.2239593,0.21732394,0.0
2025-10-19 06:00:00,solar.bun_library#realenergyintotheload#kwh,BUNDOORA,0.0,20.799227,0.05572499,0.054073997,0.0
2025-10-19 07:00:00,solar.bun_library#realenergyintotheload#kwh,BUNDOORA,0.0,89.164406,2.5874674,2.5108073,12.0
2025-10-19 08:00:00,solar.bun_library#realenergyintotheload#kwh,BUNDOORA,0.0,114.10528,34.86727,33.83424,95.0
2025-10-19 09:00:00,solar.bun_library#realenergyintotheload#kwh,BUNDOORA,0.0,145.0177,45.218903,43.87918,134.0
2025-10-19 10:00:00,solar.bun_library#realenergyintotheload#kwh,BUNDOORA,0.0,187.20619,117.522224,114.04034,332.0
2025-10-19 11:00:00,solar.bun_library#realenergyintotheload#kwh,BUNDOORA,0.0,144.41998,36.1102,35.040344,107.0
2025-10-19 12:00:00,solar.bun_library#realenergyintotheload#kwh,BUNDOORA,0.0,102.489136,35.03127,33.99338,94.0
2025-10-19 13:00:00,solar.bun_library#realenergyintotheload#kwh,BUNDOORA,0.0,123.17894,68.50112,66.4716,222.0
2025-10-19 14:00:00,solar.bun_library#realenergyintotheload#kwh,BUNDOORA,0.0,129.14705,69.096756,67.04959,220.0
2025-10-19 15:00:00,solar.bun_library#realenergyintotheload#kwh,BUNDOORA,0.0,178.57231,44.1558,42.847572,131.0
2025-10-19 16:00:00,solar.bun_library#realenergyintotheload#kwh,BUNDOORA,0.0,181.08896,124.05154,120.3762,374.0
2025-10-19 17:00:00,solar.bun_library#realenergyintotheload#kwh,BUNDOORA,0.0,141.7709,26.088577,25.315638,77.0
2025-10-19 18:00:00,solar.bun_library#realenergyintotheload#kwh,BUNDOORA,0.0,129.50722,20.608976,19.998384,67.0
2025-10-19 19:00:00,solar.bun_library#realenergyintotheload#kwh,BUNDOORA,0.0,129.28699,3.426977,3.3254442,11.0
2025-10-19 20:00:00,solar.bun_library#realenergyintotheload#kwh,BUNDOORA,0.0,54.6166,-0.010510821,0.0,0.0
2025-10-19 21:00:00,solar.bun_library#realenergyintotheload#kwh,BUNDOORA,0.0,31.402237,0.08172385,0.07930257,0.0
2025-10-19 22:00:00,solar.bun_library#realenergyintotheload#kwh,BUNDOORA,0.0,-2.5717425,0.05250137,0.050945885,0.0
2025-10-19 23:00:00,solar.bun_library#realenergyintotheload#kwh,BUNDOORA,0.0,1.807906,0.0046451343,0.0045075105,0.0
2025-10-20 00:00:00,solar.bun_library#realenergyintotheload#kwh,BUNDOORA,0.0,0.14369693,0.00031668367,0.00030730112,0.0
2025-10-20 01:00:00,solar.bun_library#realenergyintotheload#kwh,BUNDOORA,0.0,0.09391699,-0.00015105726,0.0,0.0
2025-10-20 02:00:00,solar.bun_library#realenergyintotheload#kwh,BUNDOORA,0.0,-0.004930379,-0.00015105726,0.0,0.0
2025-10-20 03:00:00,solar.bun_library#realenergyintotheload#kwh,BUNDOORA,0.0,-0.004930379,-0.00015105726,0.0,0.0
2025-10-20 04:00:00,solar.bun_library#realenergyintotheload#kwh,BUNDOORA,0.0,-0.004930379,-0.00015105726,0.0,0.0
2025-10-20 05:00:00,solar.bun_library#realenergyintotheload#kwh,BUNDOORA,0.0,-0.057913825,-0.00015105726,0.0,0.0
2025-10-20 06:00:00,solar.bun_library#realenergyintotheload#kwh,BUNDOORA,0.0,3.6553166,-0.00015105726,0.0,0.0
2025-10-20 07:00:00,solar.bun_library#realenergyintotheload#kwh,BUNDOORA,0.0,6.336704,1.1274854,1.0940808,6.0
2025-10-20 08:00:00,solar.bun_library#realenergyintotheload#kwh,BUNDOORA,0.0,0.20935765,19.652302,19.070053,62.0
2025-10-20 09:00:00,solar.bun_library#realenergyintotheload#kwh,BUNDOORA,0.0,16.548494,20.236368,19.636816,63.0
2025-10-20 10:00:00,solar.bun_library#realenergyintotheload#kwh,BUNDOORA,0.0,30.98,35.064777,34.025894,105.0
2025-10-20 11:00:00,solar.bun_library#realenergyintotheload#kwh,BUNDOORA,0.0,31.205004,15.270906,14.818468,50.0
2025-10-20 12:00:00,solar.bun_library#realenergyintotheload#kwh,BUNDOORA,0.0,19.564075,19.425299,18.849775,62.0
2025-10-20 13:00:00,solar.bun_library#realenergyintotheload#kwh,BUNDOORA,0.0,57.710743,39.455257,38.286297,118.0
2025-10-20 14:00:00,solar.bun_library#realenergyintotheload#kwh,BUNDOORA,0.0,90.10592,31.718779,30.77903,96.0
2025-10-20 15:00:00,solar.bun_library#realenergyintotheload#kwh,BUNDOORA,0.0,138.10934,53.923595,52.325974,164.0
2025-10-20 16:00:00,solar.bun_library#realenergyintotheload#kwh,BUNDOORA,0.0,159.00887,127.37669,123.602844,368.0
2025-10-20 17:00:00,solar.bun_library#realenergyintotheload#kwh,BUNDOORA,0.0,199.51093,119.66424,116.11889,345.0
2025-10-20 18:00:00,solar.bun_library#realenergyintotheload#kwh,BUNDOORA,0.0,123.776184,104.85588,101.74926,272.0
2025-10-20 19:00:00,solar.bun_library#realenergyintotheload#kwh,BUNDOORA,0.0,66.29491,15.309511,14.855928,52.0
2025-10-20 20:00:00,solar.bun_library#realenergyintotheload#kwh,BUNDOORA,0.0,37.207222,0.04879756,0.047351807,0.0
2025-10-20 21:00:00,solar.bun_library#realenergyintotheload#kwh,BUNDOORA,0.0,7.67601,0.016458016,0.015970405,0.0
2025-10-20 22:00:00,solar.bun_library#realenergyintotheload#kwh,BUNDOORA,0.0,0.32562864,0.020869914,0.02025159,0.0
2025-10-20 23:00:00,solar.bun_library#realenergyintotheload#kwh,BUNDOORA,0.0,-0.025758175,0.020869914,0.02025159,0.0
2025-10-21 00:00:00,solar.bun_library#realenergyintotheload#kwh,BUNDOORA,0.0,-0.13570939,0.011460471,0.011120926,0.0
2025-10-21 01:00:00,solar.bun_library#realenergyintotheload#kwh,BUNDOORA,0.0,-0.2865211,0.008303222,0.008057219,0.0
2025-10-21 02:00:00,solar.bun_library#realenergyintotheload#kwh,BUNDOORA,0.0,-0.32334873,-0.007904651,0.0,0.0
2025-10-21 03:00:00,solar.bun_library#realenergyintotheload#kwh,BUNDOORA,0.0,-0.33086383,-0.007904651,0.0,0.0
2025-10-21 04:00:00,solar.bun_library#realenergyintotheload#kwh,BUNDOORA,0.0,-0.3580426,-0.007904651,0.0,0.0
2025-10-21 05:00:00,solar.bun_library#realenergyintotheload#kwh,BUNDOORA,0.0,-0.3838473,-0.007904651,0.0,0.0
2025-10-21 06:00:00,solar.bun_library#realenergyintotheload#kwh,BUNDOORA,0.0,2.2163107,0.105333135,0.10221238,0.0
2025-10-21 07:00:00,solar.bun_library#realenergyintotheload#kwh,BUNDOORA,0.0,2.2978659,2.6275961,2.549747,12.0
2025-10-21 08:00:00,solar.bun_library#realenergyintotheload#kwh,BUNDOORA,0.0,0.31118828,46.180965,44.81274,126.0
2025-10-21 09:00:00,solar.bun_library#realenergyintotheload#kwh,BUNDOORA,0.0,27.439623,159.21242,154.49535,411.0
2025-10-21 10:00:00,solar.bun_library#realenergyintotheload#kwh,BUNDOORA,0.0,84.50271,228.94798,222.16483,613.0
2025-10-21 11:00:00,solar.bun_library#realenergyintotheload#kwh,BUNDOORA,0.0,168.2396,274.5017,266.3689,777.0
2025-10-21 12:00:00,solar.bun_library#realenergyintotheload#kwh,BUNDOORA,0.0,187.09001,258.19922,250.54942,754.0
2025-10-21 13:00:00,solar.bun_library#realenergyintotheload#kwh,BUNDOORA,0.0,180.6804,309.8394,300.6596,933.0
2025-10-21 14:00:00,solar.bun_library#realenergyintotheload#kwh,BUNDOORA,0.0,262.08035,286.93414,278.433,835.0
2025-10-21 15:00:00,solar.bun_library#realenergyintotheload#kwh,BUNDOORA,0.0,256.74902,272.68362,264.60468,832.0
2025-10-21 16:00:00,solar.bun_library#realenergyintotheload#kwh,BUNDOORA,0.0,149.48969,116.845146,113.383316,332.0
2025-10-21 17:00:00,solar.bun_library#realenergyintotheload#kwh,BUNDOORA,0.0,122.548325,70.35491,68.27047,203.0
2025-10-21 18:00:00,solar.bun_library#realenergyintotheload#kwh,BUNDOORA,0.0,121.76569,26.470919,25.686651,82.0
2025-10-21 19:00:00,solar.bun_library#realenergyintotheload#kwh,BUNDOORA,0.0,105.36471,3.7969,3.6844075,13.0
2025-10-21 20:00:00,solar.bun_library#realenergyintotheload#kwh,BUNDOORA,0.0,51.704018,0.12381759,0.12014919,0.0
2025-10-21 21:00:00,solar.bun_library#realenergyintotheload#kwh,BUNDOORA,0.0,16.776108,-0.15792897,0.0,0.0
2025-10-21 22:00:00,solar.bun_library#realenergyintotheload#kwh,BUNDOORA,0.0,0.81319016,0.25077176,0.24334203,0.0
2025-10-21 23:00:00,solar.bun_library#realenergyintotheload#kwh,BUNDOORA,0.0,0.4875684,-0.20737542,0.0,0.0
2025-10-22 00:00:00,solar.bun_library#realenergyintotheload#kwh,BUNDOORA,0.0,-1.610805,0.18504582,0.17956337,0.0
2025-10-22 01:00:00,solar.bun_library#realenergyintotheload#kwh,BUNDOORA,0.0,0.87631536,0.12451343,0.12082441,0.0
2025-10-22 02:00:00,solar.bun_library#realenergyintotheload#kwh,BUNDOORA,0.0,-0.48781136,-0.2679078,0.0,0.0
2025-10-22 03:00:00,solar.bun_library#realenergyintotheload#kwh,BUNDOORA,0.0,1.2708502,-0.21448584,0.0,0.0
2025-10-22 04:00:00,solar.bun_library#realenergyintotheload#kwh,BUNDOORA,0.0,0.5157874,0.12451343,0.12082441,0.0
2025-10-22 05:00:00,solar.bun_library#realenergyintotheload#kwh,BUNDOORA,0.0,-6.081191,0.07632887,0.074067436,0.0
2025-10-22 06:00:00,solar.bun_library#realenergyintotheload#kwh,BUNDOORA,0.0,20.300013,0.021257259,0.02062746,0.0
2025-10-22 07:00:00,solar.bun_library#realenergyintotheload#kwh,BUNDOORA,0.0,78.274025,1.2362071,1.1995814,6.0
2025-10-22 08:00:00,solar.bun_library#realenergyintotheload#kwh,BUNDOORA,0.0,82.77462,11.627707,11.283207,40.0
2025-10-22 09:00:00,solar.bun_library#realenergyintotheload#kwh,BUNDOORA,0.0,72.29189,18.865856,18.306908,57.0
2025-10-22 10:00:00,solar.bun_library#realenergyintotheload#kwh,BUNDOORA,0.0,82.345825,11.700662,11.354,37.0
2025-10-22 11:00:00,solar.bun_library#realenergyintotheload#kwh,BUNDOORA,0.0,36.56489,22.90681,22.22814,73.0
2025-10-22 12:00:00,solar.bun_library#realenergyintotheload#kwh,BUNDOORA,0.0,45.69592,30.865225,29.950766,93.0
2025-10-22 13:00:00,solar.bun_library#realenergyintotheload#kwh,BUNDOORA,0.0,48.538193,181.11179,175.7459,533.0
2025-10-22 14:00:00,solar.bun_library#realenergyintotheload#kwh,BUNDOORA,0.0,122.25122,307.76883,298.65042,915.0
2025-10-22 15:00:00,solar.bun_library#realenergyintotheload#kwh,BUNDOORA,0.0,148.53397,157.32016,152.65915,460.0
2025-10-22 16:00:00,solar.bun_library#realenergyintotheload#kwh,BUNDOORA,0.0,160.65567,55.157974,53.52378,167.0
2025-10-22 17:00:00,solar.bun_library#realenergyintotheload#kwh,BUNDOORA,0.0,110.70267,58.760326,57.019405,175.0
2025-10-22 18:00:00,solar.bun_library#realenergyintotheload#kwh,BUNDOORA,0.0,58.649815,37.528328,36.41646,106.0
2025-10-22 19:00:00,solar.bun_library#realenergyintotheload#kwh,BUNDOORA,0.0,72.5685,14.940796,14.498137,53.0
2025-10-22 20:00:00,solar.bun_library#realenergyintotheload#kwh,BUNDOORA,0.0,10.110218,0.046211947,0.044842802,1.0
2025-10-22 21:00:00,solar.bun_library#realenergyintotheload#kwh,BUNDOORA,0.0,5.099432,0.028362747,0.02752243,0.0
2025-10-22 22:00:00,solar.bun_library#realenergyintotheload#kwh,BUNDOORA,0.0,0.8991592,0.024369564,0.023647554,0.0
2025-10-22 23:00:00,solar.bun_library#realenergyintotheload#kwh,BUNDOORA,0.0,-1.1886324,0.017915562,0.017384768,0.0
2025-10-23 00:00:00,solar.bun_library#realenergyintotheload#kwh,BUNDOORA,0.0,4.751341,-0.013873861,0.0,0.0
2025-10-23 01:00:00,solar.bun_library#realenergyintotheload#kwh,BUNDOORA,0.0,0.67895454,0.0065820985,0.0063870875,0.0
2025-10-23 02:00:00,solar.bun_library#realenergyintotheload#kwh,BUNDOORA,0.0,-0.025694054,0.0065820985,0.0063870875,0.0
2025-10-23 03:00:00,solar.bun_library#realenergyintotheload#kwh,BUNDOORA,0.0,0.85732174,0.0065820985,0.0063870875,0.0
2025-10-23 04:00:00,solar.bun_library#realenergyintotheload#kwh,BUNDOORA,0.0,-0.58367723,0.01791251,0.017381808,0.0
2025-10-23 05:00:00,solar.bun_library#realenergyintotheload#kwh,BUNDOORA,0.0,3.5817275,0.016417138,0.01593074,0.0
2025-10-23 06:00:00,solar.bun_library#realenergyintotheload#kwh,BUNDOORA,0.0,16.490538,0.008503068,0.008251144,0.0
2025-10-23 07:00:00,solar.bun_library#realenergyintotheload#kwh,BUNDOORA,0.0,25.185091,4.7802367,4.6386104,18.0
2025-10-23 08:00:00,solar.bun_library#realenergyintotheload#kwh,BUNDOORA,0.0,87.44245,32.583385,31.618021,98.0
2025-10-23 09:00:00,solar.bun_library#realenergyintotheload#kwh,BUNDOORA,0.0,65.973625,66.64209,64.66765,186.0
2025-10-23 10:00:00,solar.bun_library#realenergyintotheload#kwh,BUNDOORA,0.0,84.819885,82.4535,80.010605,237.0
2025-10-23 11:00:00,solar.bun_library#realenergyintotheload#kwh,BUNDOORA,0.0,125.445854,67.51046,65.51029,201.0
2025-10-23 12:00:00,solar.bun_library#realenergyintotheload#kwh,BUNDOORA,0.0,123.247986,116.23915,112.79527,328.0
2025-10-23 13:00:00,solar.bun_library#realenergyintotheload#kwh,BUNDOORA,0.0,208.2997,247.14624,239.82391,722.0
2025-10-23 14:00:00,solar.bun_library#realenergyintotheload#kwh,BUNDOORA,0.0,186.5323,279.9207,271.62732,825.0
2025-10-23 15:00:00,solar.bun_library#realenergyintotheload#kwh,BUNDOORA,0.0,201.63702,263.85953,256.04202,783.0
2025-10-23 16:00:00,solar.bun_library#realenergyintotheload#kwh,BUNDOORA,0.0,258.63303,214.61305,208.25461,592.0
2025-10-23 17:00:00,solar.bun_library#realenergyintotheload#kwh,BUNDOORA,0.0,130.26491,73.610725,71.429825,230.0
2025-10-23 18:00:00,solar.bun_library#realenergyintotheload#kwh,BUNDOORA,0.0,150.4739,79.01845,76.67733,219.0
2025-10-23 19:00:00,solar.bun_library#realenergyintotheload#kwh,BUNDOORA,0.0,108.53343,10.979383,10.654092,37.0
2025-10-23 20:00:00,solar.bun_library#realenergyintotheload#kwh,BUNDOORA,0.0,98.00502,0.11202125,0.10870234,1.0
2025-10-23 21:00:00,solar.bun_library#realenergyintotheload#kwh,BUNDOORA,0.0,17.131016,0.06501851,0.06309218,0.0
2025-10-23 22:00:00,solar.bun_library#realenergyintotheload#kwh,BUNDOORA,0.0,-0.1931016,0.023216847,0.02252899,0.0
2025-10-23 23:00:00,solar.bun_library#realenergyintotheload#kwh,BUNDOORA,0.0,-0.15974537,-0.0020917845,0.0,0.0
2025-10-24 00:00:00,solar.bun_library#realenergyintotheload#kwh,BUNDOORA,0.0,0.057891525,0.013116319,0.012727715,0.0
2025-10-24 01:00:00,solar.bun_library#realenergyintotheload#kwh,BUNDOORA,0.0,-0.2644407,0.005372308,0.00521314,0.0
2025-10-24 02:00:00,solar.bun_library#realenergyintotheload#kwh,BUNDOORA,0.0,0.13731344,0.013116319,0.012727715,0.0
2025-10-24 03:00:00,solar.bun_library#realenergyintotheload#kwh,BUNDOORA,0.0,0.0016792547,-0.0047182967,0.0,0.0
2025-10-24 04:00:00,solar.bun_library#realenergyintotheload#kwh,BUNDOORA,0.0,-0.39721498,0.013116319,0.012727715,0.0
2025-10-24 05:00:00,solar.bun_library#realenergyintotheload#kwh,BUNDOORA,0.0,-0.15648313,0.005372308,0.00521314,0.0
2025-10-24 06:00:00,solar.bun_library#realenergyintotheload#kwh,BUNDOORA,0.0,1.766218,-0.007904651,0.0,0.0
2025-10-24 07:00:00,solar.bun_library#realenergyintotheload#kwh,BUNDOORA,0.0,0.93799937,5.5265136,5.3627768,21.0
2025-10-24 08:00:00,solar.bun_library#realenergyintotheload#kwh,BUNDOORA,0.0,-0.24360457,52.20098,50.654396,146.0
2025-10-24 09:00:00,solar.bun_library#realenergyintotheload#kwh,BUNDOORA,0.0,11.501702,111.09056,107.799225,294.0
2025-10-24 10:00:00,solar.bun_library#realenergyintotheload#kwh,BUNDOORA,0.0,37.24468,79.9941,77.62408,230.0
2025-10-24 11:00:00,solar.bun_library#realenergyintotheload#kwh,BUNDOORA,0.0,136.77661,62.270683,60.42576,183.0
2025-10-24 12:00:00,solar.bun_library#realenergyintotheload#kwh,BUNDOORA,0.0,101.92761,82.05079,79.61983,239.0
2025-10-24 13:00:00,solar.bun_library#realenergyintotheload#kwh,BUNDOORA,0.0,156.30753,143.9154,139.65155,420.0
2025-10-24 14:00:00,solar.bun_library#realenergyintotheload#kwh,BUNDOORA,0.0,146.94911,171.75069,166.66214,488.0
2025-10-24 15:00:00,solar.bun_library#realenergyintotheload#kwh,BUNDOORA,0.0,108.62137,88.48469,85.863106,265.0
2025-10-24 16:00:00,solar.bun_library#realenergyintotheload#kwh,BUNDOORA,0.0,182.73322,180.33281,174.99,504.0
2025-10-24 17:00:00,solar.bun_library#realenergyintotheload#kwh,BUNDOORA,0.0,119.090576,97.39648,94.510864,273.0
2025-10-24 18:00:00,solar.bun_library#realenergyintotheload#kwh,BUNDOORA,0.0,136.5173,80.269196,77.89102,223.0
2025-10-24 19:00:00,solar.bun_library#realenergyintotheload#kwh,BUNDOORA,0.0,150.54045,37.513557,36.402126,111.0
2025-10-24 20:00:00,solar.bun_library#realenergyintotheload#kwh,BUNDOORA,0.0,75.67513,0.2107645,0.20452008,2.0
2025-10-24 21:00:00,solar.bun_library#realenergyintotheload#kwh,BUNDOORA,0.0,16.507458,0.020575434,0.019965835,0.0
2025-10-24 22:00:00,solar.bun_library#realenergyintotheload#kwh,BUNDOORA,0.0,-0.51186657,-0.0020917845,0.0,0.0
2025-10-24 23:00:00,solar.bun_library#realenergyintotheload#kwh,BUNDOORA,0.0,-1.0910578,-0.010666817,0.0,0.0
2025-10-25 00:00:00,solar.bun_library#realenergyintotheload#kwh,BUNDOORA,0.0,-1.1380463,-0.010666817,0.0,0.0
2025-10-25 01:00:00,solar.bun_library#realenergyintotheload#kwh,BUNDOORA,0.0,-0.4438859,-0.0047182967,0.0,0.0
2025-10-25 02:00:00,solar.bun_library#realenergyintotheload#kwh,BUNDOORA,0.0,-0.35331586,0.013116319,0.012727715,0.0
2025-10-25 03:00:00,solar.bun_library#realenergyintotheload#kwh,BUNDOORA,0.0,-0.5260658,-0.0020917845,0.0,0.0
2025-10-25 04:00:00,solar.bun_library#realenergyintotheload#kwh,BUNDOORA,0.0,-1.0862498,-0.010666817,0.0,0.0
2025-10-25 05:00:00,solar.bun_library#realenergyintotheload#kwh,BUNDOORA,0.0,-1.1206145,-0.010666817,0.0,0.0
2025-10-25 06:00:00,solar.bun_library#realenergyintotheload#kwh,BUNDOORA,0.0,-0.34980354,-0.010666817,0.0,0.0
2025-10-25 07:00:00,solar.bun_library#realenergyintotheload#kwh,BUNDOORA,0.0,-1.7277929,8.249955,8.005529,30.0
2025-10-25 08:00:00,solar.bun_library#realenergyintotheload#kwh,BUNDOORA,0.0,2.8937824,63.030014,61.162594,181.0
2025-10-25 09:00:00,solar.bun_library#realenergyintotheload#kwh,BUNDOORA,0.0,7.6753263,133.99892,130.02887,341.0
2025-10-25 10:00:00,solar.bun_library#realenergyintotheload#kwh,BUNDOORA,0.0,44.5531,194.6985,188.93007,512.0
2025-10-25 11:00:00,solar.bun_library#realenergyintotheload#kwh,BUNDOORA,0.0,169.71452,165.71628,160.80652,468.0
2025-10-25 12:00:00,solar.bun_library#realenergyintotheload#kwh,BUNDOORA,0.0,141.06293,138.76259,134.6514,405.0
2025-10-25 13:00:00,solar.bun_library#realenergyintotheload#kwh,BUNDOORA,0.0,146.3463,98.101524,95.19502,294.0
2025-10-25 14:00:00,solar.bun_library#realenergyintotheload#kwh,BUNDOORA,0.0,112.015015,81.57114,79.15439,241.0
2025-10-25 15:00:00,solar.bun_library#realenergyintotheload#kwh,BUNDOORA,0.0,154.755,31.913082,30.967577,100.0
2025-10-25 16:00:00,solar.bun_library#realenergyintotheload#kwh,BUNDOORA,0.0,131.73824,22.06916,21.415306,71.0
2025-10-25 17:00:00,solar.bun_library#realenergyintotheload#kwh,BUNDOORA,0.0,85.32752,35.45014,34.39984,108.0
2025-10-25 18:00:00,solar.bun_library#realenergyintotheload#kwh,BUNDOORA,0.0,56.256115,22.022287,21.369822,70.0
2025-10-25 19:00:00,solar.bun_library#realenergyintotheload#kwh,BUNDOORA,0.0,37.621353,9.677916,9.391183,32.0
2025-10-25 20:00:00,solar.bun_library#realenergyintotheload#kwh,BUNDOORA,0.0,17.471521,0.022516161,0.021849064,0.0
2025-10-25 21:00:00,solar.bun_library#realenergyintotheload#kwh,BUNDOORA,0.0,4.8221717,-0.00015105726,0.0,0.0
2025-10-25 22:00:00,solar.bun_library#realenergyintotheload#kwh,BUNDOORA,0.0,0.1505488,-0.00015105726,0.0,0.0
2025-10-25 23:00:00,solar.bun_library#realenergyintotheload#kwh,BUNDOORA,0.0,0.27163732,-0.00015105726,0.0,0.0
2025-10-26 00:00:00,solar.bun_library#realenergyintotheload#kwh,BUNDOORA,0.0,0.027900899,-0.00015105726,0.0,0.0
2025-10-26 01:00:00,solar.bun_library#realenergyintotheload#kwh,BUNDOORA,0.0,-0.070946455,-0.00015105726,0.0,0.0
2025-10-26 02:00:00,solar.bun_library#realenergyintotheload#kwh,BUNDOORA,0.0,-0.070946455,-0.00015105726,0.0,0.0
2025-10-26 03:00:00,solar.bun_library#realenergyintotheload#kwh,BUNDOORA,0.0,-0.041075908,-0.00015105726,0.0,0.0
2025-10-26 04:00:00,solar.bun_library#realenergyintotheload#kwh,BUNDOORA,0.0,-0.021166494,-0.00015105726,0.0,0.0
2025-10-26 05:00:00,solar.bun_library#realenergyintotheload#kwh,BUNDOORA,0.0,0.58394074,-0.00015105726,0.0,0.0
2025-10-26 06:00:00,solar.bun_library#realenergyintotheload#kwh,BUNDOORA,0.0,3.9599597,0.00031668367,0.00030730112,0.0
2025-10-26 07:00:00,solar.bun_library#realenergyintotheload#kwh,BUNDOORA,0.0,9.454329,2.506684,2.4324174,11.0
2025-10-26 08:00:00,solar.bun_library#realenergyintotheload#kwh,BUNDOORA,0.0,3.5103898,25.236345,24.488655,77.0
2025-10-26 09:00:00,solar.bun_library#realenergyintotheload#kwh,BUNDOORA,0.0,7.819815,57.59836,55.89186,169.0
2025-10-26 10:00:00,solar.bun_library#realenergyintotheload#kwh,BUNDOORA,0.0,28.350851,35.180885,34.138565,106.0
2025-10-26 11:00:00,solar.bun_library#realenergyintotheload#kwh,BUNDOORA,0.0,19.939426,16.991755,16.48833,54.0
2025-10-26 12:00:00,solar.bun_library#realenergyintotheload#kwh,BUNDOORA,0.0,22.165081,15.036263,14.590776,46.0
2025-10-26 13:00:00,solar.bun_library#realenergyintotheload#kwh,BUNDOORA,0.0,23.479942,12.098693,11.740239,38.0
2025-10-26 14:00:00,solar.bun_library#realenergyintotheload#kwh,BUNDOORA,0.0,17.986855,31.785145,30.84343,94.0
2025-10-26 15:00:00,solar.bun_library#realenergyintotheload#kwh,BUNDOORA,0.0,45.953316,164.36638,159.49661,465.0
2025-10-26 16:00:00,solar.bun_library#realenergyintotheload#kwh,BUNDOORA,0.0,40.75552,104.4164,101.3228,295.0
2025-10-26 17:00:00,solar.bun_library#realenergyintotheload#kwh,BUNDOORA,0.0,-3.305611,57.27862,55.5816,169.0
2025-10-26 18:00:00,solar.bun_library#realenergyintotheload#kwh,BUNDOORA,0.0,8.929188,67.61362,65.6104,197.0
2025-10-26 19:00:00,solar.bun_library#realenergyintotheload#kwh,BUNDOORA,0.0,29.392256,19.664148,19.081549,63.0
2025-10-26 20:00:00,solar.bun_library#realenergyintotheload#kwh,BUNDOORA,0.0,19.12535,0.3063471,0.2972708,3.0
2025-10-26 21:00:00,solar.bun_library#realenergyintotheload#kwh,BUNDOORA,0.0,1.524329,0.020869914,0.02025159,0.0
2025-10-26 22:00:00,solar.bun_library#realenergyintotheload#kwh,BUNDOORA,0.0,1.0882313,0.0065916814,0.0063963863,0.0
2025-10-26 23:00:00,solar.bun_library#realenergyintotheload#kwh,BUNDOORA,0.0,3.520925,0.013836655,0.013426709,0.0
2025-10-27 00:00:00,solar.bun_library#realenergyintotheload#kwh,BUNDOORA,0.0,0.22343388,0.013836655,0.013426709,0.0
2025-10-27 01:00:00,solar.bun_library#realenergyintotheload#kwh,BUNDOORA,0.0,0.45159087,0.0065916814,0.0063963863,0.0
2025-10-27 02:00:00,solar.bun_library#realenergyintotheload#kwh,BUNDOORA,0.0,0.40286335,0.0065916814,0.0063963863,0.0
2025-10-27 03:00:00,solar.bun_library#realenergyintotheload#kwh,BUNDOORA,0.0,0.7072487,0.0065916814,0.0063963863,0.0
2025-10-27 04:00:00,solar.bun_library#realenergyintotheload#kwh,BUNDOORA,0.0,0.44059783,0.011446499,0.011107368,0.0
2025-10-27 05:00:00,solar.bun_library#realenergyintotheload#kwh,BUNDOORA,0.0,2.2421086,0.019129794,0.018563027,0.0
2025-10-27 06:00:00,solar.bun_library#realenergyintotheload#kwh,BUNDOORA,0.0,7.69187,0.019129794,0.018563027,0.0
2025-10-27 07:00:00,solar.bun_library#realenergyintotheload#kwh,BUNDOORA,0.0,7.4969025,6.9290924,6.7238007,25.0
2025-10-27 08:00:00,solar.bun_library#realenergyintotheload#kwh,BUNDOORA,0.0,33.538815,47.069542,45.674988,134.0
2025-10-27 09:00:00,solar.bun_library#realenergyintotheload#kwh,BUNDOORA,0.0,65.4955,52.380383,50.828484,155.0
2025-10-27 10:00:00,solar.bun_library#realenergyintotheload#kwh,BUNDOORA,0.0,87.30255,65.36918,63.432453,195.0
2025-10-27 11:00:00,solar.bun_library#realenergyintotheload#kwh,BUNDOORA,0.0,40.405785,78.25925,75.94062,237.0
2025-10-27 12:00:00,solar.bun_library#realenergyintotheload#kwh,BUNDOORA,0.0,86.545296,65.99273,64.03753,197.0
2025-10-27 13:00:00,solar.bun_library#realenergyintotheload#kwh,BUNDOORA,0.0,71.10156,122.585686,118.95378,352.0
2025-10-27 14:00:00,solar.bun_library#realenergyintotheload#kwh,BUNDOORA,0.0,95.08595,233.88547,226.95602,671.0
2025-10-27 15:00:00,solar.bun_library#realenergyintotheload#kwh,BUNDOORA,0.0,135.46455,183.76245,178.31802,535.0
2025-10-27 16:00:00,solar.bun_library#realenergyintotheload#kwh,BUNDOORA,0.0,193.78001,253.97284,246.44826,711.0
2025-10-27 17:00:00,solar.bun_library#realenergyintotheload#kwh,BUNDOORA,0.0,170.8297,195.27766,189.49208,503.0
2025-10-27 18:00:00,solar.bun_library#realenergyintotheload#kwh,BUNDOORA,0.0,181.13773,127.16981,123.402084,336.0
2025-10-27 19:00:00,solar.bun_library#realenergyintotheload#kwh,BUNDOORA,0.0,140.31294,50.437,48.942677,144.0
2025-10-27 20:00:00,solar.bun_library#realenergyintotheload#kwh,BUNDOORA,0.0,95.2761,0.49006498,0.4755456,4.0
2025-10-27 21:00:00,solar.bun_library#realenergyintotheload#kwh,BUNDOORA,0.0,25.440346,0.07164035,0.06951783,0.0
2025-10-27 22:00:00,solar.bun_library#realenergyintotheload#kwh,BUNDOORA,0.0,-5.237411,0.042847604,0.041578136,0.0
2025-10-27 23:00:00,solar.bun_library#realenergyintotheload#kwh,BUNDOORA,0.0,3.7126772,0.008127065,0.00788628,0.0
2025-10-28 00:00:00,solar.bun_library#realenergyintotheload#kwh,BUNDOORA,0.0,1.2510697,-0.0011264447,0.0,0.0
2025-10-28 01:00:00,solar.bun_library#realenergyintotheload#kwh,BUNDOORA,0.0,0.8956154,0.006911428,0.0067066597,0.0
2025-10-28 02:00:00,solar.bun_library#realenergyintotheload#kwh,BUNDOORA,0.0,0.9082032,0.016417138,0.01593074,0.0
2025-10-28 03:00:00,solar.bun_library#realenergyintotheload#kwh,BUNDOORA,0.0,-0.16333413,-0.0011264447,0.0,0.0
2025-10-28 04:00:00,solar.bun_library#realenergyintotheload#kwh,BUNDOORA,0.0,-0.21700506,-0.0044585583,0.0,0.0
2025-10-28 05:00:00,solar.bun_library#realenergyintotheload#kwh,BUNDOORA,0.0,0.11659348,-0.0097107645,0.0,0.0
2025-10-28 06:00:00,solar.bun_library#realenergyintotheload#kwh,BUNDOORA,0.0,-0.62348837,-0.0097107645,0.0,0.0
2025-10-28 07:00:00,solar.bun_library#realenergyintotheload#kwh,BUNDOORA,0.0,-2.1018915,16.941128,16.439205,47.0
2025-10-28 08:00:00,solar.bun_library#realenergyintotheload#kwh,BUNDOORA,0.0,3.3974068,91.45926,88.74955,249.0
2025-10-28 09:00:00,solar.bun_library#realenergyintotheload#kwh,BUNDOORA,0.0,32.009655,185.84627,180.3401,474.0
2025-10-28 10:00:00,solar.bun_library#realenergyintotheload#kwh,BUNDOORA,0.0,71.679474,239.87724,232.77028,679.0
2025-10-28 11:00:00,solar.bun_library#realenergyintotheload#kwh,BUNDOORA,0.0,177.57716,294.19107,285.4749,846.0
2025-10-28 12:00:00,solar.bun_library#realenergyintotheload#kwh,BUNDOORA,0.0,212.591,315.6265,306.27527,960.0
2025-10-28 13:00:00,solar.bun_library#realenergyintotheload#kwh,BUNDOORA,0.0,228.19312,320.04718,310.56497,1010.0
2025-10-28 14:00:00,solar.bun_library#realenergyintotheload#kwh,BUNDOORA,0.0,248.36478,320.3889,310.89658,994.0
2025-10-28 15:00:00,solar.bun_library#realenergyintotheload#kwh,BUNDOORA,0.0,224.48207,309.68582,300.5106,913.0
2025-10-28 16:00:00,solar.bun_library#realenergyintotheload#kwh,BUNDOORA,0.0,193.31654,263.31964,255.51814,774.0
2025-10-28 17:00:00,solar.bun_library#realenergyintotheload#kwh,BUNDOORA,0.0,219.40419,213.59818,207.26979,588.0
2025-10-28 18:00:00,solar.bun_library#realenergyintotheload#kwh,BUNDOORA,0.0,147.09238,136.15923,132.12517,374.0
2025-10-28 19:00:00,solar.bun_library#realenergyintotheload#kwh,BUNDOORA,0.0,163.18625,52.587494,51.029457,159.0
2025-10-28 20:00:00,solar.bun_library#realenergyintotheload#kwh,BUNDOORA,0.0,67.315834,0.57554346,0.5584915,4.0
2025-10-28 21:00:00,solar.bun_library#realenergyintotheload#kwh,BUNDOORA,0.0,21.584805,0.016417138,0.01593074,0.0
2025-10-28 22:00:00,solar.bun_library#realenergyintotheload#kwh,BUNDOORA,0.0,0.31874162,-0.0029132236,0.0,0.0
2025-10-28 23:00:00,solar.bun_library#realenergyintotheload#kwh,BUNDOORA,0.0,-0.061945215,-0.010666817,0.0,0.0
2025-10-29 00:00:00,solar.bun_library#realenergyintotheload#kwh,BUNDOORA,0.0,-0.60719,-0.010666817,0.0,0.0
2025-10-29 01:00:00,solar.bun_library#realenergyintotheload#kwh,BUNDOORA,0.0,-1.2141759,-0.010666817,0.0,0.0
2025-10-29 02:00:00,solar.bun_library#realenergyintotheload#kwh,BUNDOORA,0.0,-1.2368937,-0.010666817,0.0,0.0
2025-10-29 03:00:00,solar.bun_library#realenergyintotheload#kwh,BUNDOORA,0.0,-0.6962943,-0.010666817,0.0,0.0
2025-10-29 04:00:00,solar.bun_library#realenergyintotheload#kwh,BUNDOORA,0.0,-0.72382736,-0.010666817,0.0,0.0
2025-10-29 05:00:00,solar.bun_library#realenergyintotheload#kwh,BUNDOORA,0.0,-0.4200755,-0.010666817,0.0,0.0
2025-10-29 06:00:00,solar.bun_library#realenergyintotheload#kwh,BUNDOORA,0.0,-0.27890235,-0.010666817,0.0,0.0
2025-10-29 07:00:00,solar.bun_library#realenergyintotheload#kwh,BUNDOORA,0.0,-1.0087056,15.02939,14.584107,46.0
2025-10-29 08:00:00,solar.bun_library#realenergyintotheload#kwh,BUNDOORA,0.0,6.388781,94.46244,91.66376,241.0
2025-10-29 09:00:00,solar.bun_library#realenergyintotheload#kwh,BUNDOORA,0.0,26.9552,181.43372,176.05829,459.0
2025-10-29 10:00:00,solar.bun_library#realenergyintotheload#kwh,BUNDOORA,0.0,68.31506,242.05852,234.88693,661.0
2025-10-29 11:00:00,solar.bun_library#realenergyintotheload#kwh,BUNDOORA,0.0,202.0057,287.9371,279.40625,827.0
2025-10-29 12:00:00,solar.bun_library#realenergyintotheload#kwh,BUNDOORA,0.0,268.50958,314.08817,304.78253,940.0
2025-10-29 13:00:00,solar.bun_library#realenergyintotheload#kwh,BUNDOORA,0.0,241.3364,314.014,304.71057,970.0
2025-10-29 14:00:00,solar.bun_library#realenergyintotheload#kwh,BUNDOORA,0.0,225.11365,299.4965,290.62317,901.0
2025-10-29 15:00:00,solar.bun_library#realenergyintotheload#kwh,BUNDOORA,0.0,213.23294,303.44888,294.45847,897.0
2025-10-29 16:00:00,solar.bun_library#realenergyintotheload#kwh,BUNDOORA,0.0,212.8479,258.95227,251.28017,762.0
2025-10-29 17:00:00,solar.bun_library#realenergyintotheload#kwh,BUNDOORA,0.0,161.45229,214.92232,208.5547,579.0
2025-10-29 18:00:00,solar.bun_library#realenergyintotheload#kwh,BUNDOORA,0.0,157.42197,134.48529,130.50082,372.0
2025-10-29 19:00:00,solar.bun_library#realenergyintotheload#kwh,BUNDOORA,0.0,158.53978,56.328526,54.659653,157.0
2025-10-29 20:00:00,solar.bun_library#realenergyintotheload#kwh,BUNDOORA,0.0,90.55732,0.6940779,0.6735141,5.0
2025-10-29 21:00:00,solar.bun_library#realenergyintotheload#kwh,BUNDOORA,0.0,29.090586,0.02417073,0.023454612,0.0
2025-10-29 22:00:00,solar.bun_library#realenergyintotheload#kwh,BUNDOORA,0.0,1.5679297,0.0013749441,0.001334208,0.0
2025-10-29 23:00:00,solar.bun_library#realenergyintotheload#kwh,BUNDOORA,0.0,0.53257257,-0.0019571716,0.0,0.0
2025-10-30 00:00:00,solar.bun_library#realenergyintotheload#kwh,BUNDOORA,0.0,0.027134987,-0.0029132236,0.0,0.0
2025-10-30 01:00:00,solar.bun_library#realenergyintotheload#kwh,BUNDOORA,0.0,-0.33331782,-0.0029132236,0.0,0.0
2025-10-30 02:00:00,solar.bun_library#realenergyintotheload#kwh,BUNDOORA,0.0,-0.403974,0.005661809,0.0054940637,0.0
2025-10-30 03:00:00,solar.bun_library#realenergyintotheload#kwh,BUNDOORA,0.0,-0.24008524,0.020869914,0.02025159,0.0
2025-10-30 04:00:00,solar.bun_library#realenergyintotheload#kwh,BUNDOORA,0.0,-0.48509818,-0.0029132236,0.0,0.0
2025-10-30 05:00:00,solar.bun_library#realenergyintotheload#kwh,BUNDOORA,0.0,0.34480214,-0.010666817,0.0,0.0
2025-10-30 06:00:00,solar.bun_library#realenergyintotheload#kwh,BUNDOORA,0.0,-0.5389847,-0.010666817,0.0,0.0
2025-10-30 07:00:00,solar.bun_library#realenergyintotheload#kwh,BUNDOORA,0.0,-1.0533375,14.415999,13.98889,44.0
2025-10-30 08:00:00,solar.bun_library#realenergyintotheload#kwh,BUNDOORA,0.0,-1.9696343,87.74777,85.148026,232.0
2025-10-30 09:00:00,solar.bun_library#realenergyintotheload#kwh,BUNDOORA,0.0,6.9349456,170.80261,165.74216,448.0
2025-10-30 10:00:00,solar.bun_library#realenergyintotheload#kwh,BUNDOORA,0.0,58.712273,236.05655,229.06279,647.0
2025-10-30 11:00:00,solar.bun_library#realenergyintotheload#kwh,BUNDOORA,0.0,192.29005,282.18384,273.82343,824.0
2025-10-30 12:00:00,solar.bun_library#realenergyintotheload#kwh,BUNDOORA,0.0,188.34792,311.8303,302.59155,938.0
2025-10-30 13:00:00,solar.bun_library#realenergyintotheload#kwh,BUNDOORA,0.0,191.34842,314.61823,305.29688,969.0
2025-10-30 14:00:00,solar.bun_library#realenergyintotheload#kwh,BUNDOORA,0.0,253.79228,235.94176,228.95139,694.0
2025-10-30 15:00:00,solar.bun_library#realenergyintotheload#kwh,BUNDOORA,0.0,206.0869,210.60132,204.36172,622.0
2025-10-30 16:00:00,solar.bun_library#realenergyintotheload#kwh,BUNDOORA,0.0,206.23279,216.00015,209.6006,615.0
2025-10-30 17:00:00,solar.bun_library#realenergyintotheload#kwh,BUNDOORA,0.0,230.89325,150.89839,146.42764,418.0
2025-10-30 18:00:00,solar.bun_library#realenergyintotheload#kwh,BUNDOORA,0.0,218.9126,98.11178,95.20497,269.0
2025-10-30 19:00:00,solar.bun_library#realenergyintotheload#kwh,BUNDOORA,0.0,154.00465,39.0909,37.932735,116.0
2025-10-30 20:00:00,solar.bun_library#realenergyintotheload#kwh,BUNDOORA,0.0,93.106995,1.0301567,0.99963576,6.0
2025-10-30 21:00:00,solar.bun_library#realenergyintotheload#kwh,BUNDOORA,0.0,24.701124,0.08519384,0.082669765,0.0
2025-10-30 22:00:00,solar.bun_library#realenergyintotheload#kwh,BUNDOORA,0.0,3.836468,0.23406938,0.22713448,0.0
2025-10-30 23:00:00,solar.bun_library#realenergyintotheload#kwh,BUNDOORA,0.0,-2.726204,0.25690013,0.24928883,0.0
2025-10-31 00:00:00,solar.bun_library#realenergyintotheload#kwh,BUNDOORA,0.0,4.5291,0.17780301,0.17253515,0.0
2025-10-31 01:00:00,solar.bun_library#realenergyintotheload#kwh,BUNDOORA,0.0,4.8516173,0.17464577,0.16947144,0.0
2025-10-31 02:00:00,solar.bun_library#realenergyintotheload#kwh,BUNDOORA,0.0,5.277918,0.18813303,0.18255912,0.0
2025-10-31 03:00:00,solar.bun_library#realenergyintotheload#kwh,BUNDOORA,0.0,0.61582285,0.14768472,0.14330919,0.0
2025-10-31 04:00:00,solar.bun_library#realenergyintotheload#kwh,BUNDOORA,0.0,-0.5687474,0.17393368,0.16878046,0.0
2025-10-31 05:00:00,solar.bun_library#realenergyintotheload#kwh,BUNDOORA,0.0,6.257588,0.21910444,0.21261293,0.0
2025-10-31 06:00:00,solar.bun_library#realenergyintotheload#kwh,BUNDOORA,0.0,10.0799885,0.16442016,0.1595488,0.0
2025-10-31 07:00:00,solar.bun_library#realenergyintotheload#kwh,BUNDOORA,0.0,78.99668,3.4674013,3.3646708,14.0
2025-10-31 08:00:00,solar.bun_library#realenergyintotheload#kwh,BUNDOORA,0.0,105.88221,31.944447,30.998013,93.0
2025-10-31 09:00:00,solar.bun_library#realenergyintotheload#kwh,BUNDOORA,0.0,87.96638,21.233793,20.604689,64.0
2025-10-31 10:00:00,solar.bun_library#realenergyintotheload#kwh,BUNDOORA,0.0,134.97694,22.039375,21.386404,66.0
2025-10-31 11:00:00,solar.bun_library#realenergyintotheload#kwh,BUNDOORA,0.0,159.98322,54.769592,53.146908,167.0
2025-10-31 12:00:00,solar.bun_library#realenergyintotheload#kwh,BUNDOORA,0.0,108.71773,53.620132,52.0315,161.0
2025-10-31 13:00:00,solar.bun_library#realenergyintotheload#kwh,BUNDOORA,0.0,103.25515,37.687103,36.57053,113.0
2025-10-31 14:00:00,solar.bun_library#realenergyintotheload#kwh,BUNDOORA,0.0,53.053196,41.28643,40.063217,129.0
2025-10-31 15:00:00,solar.bun_library#realenergyintotheload#kwh,BUNDOORA,0.0,45.91628,196.58038,190.7562,571.0
2025-10-31 16:00:00,solar.bun_library#realenergyintotheload#kwh,BUNDOORA,0.0,34.195774,123.82845,120.15973,354.0
2025-10-31 17:00:00,solar.bun_library#realenergyintotheload#kwh,BUNDOORA,0.0,32.8981,61.00288,59.19552,183.0
2025-10-31 18:00:00,solar.bun_library#realenergyintotheload#kwh,BUNDOORA,0.0,74.48683,86.361435,83.802765,250.0
2025-10-31 19:00:00,solar.bun_library#realenergyintotheload#kwh,BUNDOORA,0.0,56.344456,21.30789,20.67659,71.0
2025-10-31 20:00:00,solar.bun_library#realenergyintotheload#kwh,BUNDOORA,0.0,24.281036,0.3246711,0.31505188,3.0
2025-10-31 21:00:00,solar.bun_library#realenergyintotheload#kwh,BUNDOORA,0.0,8.14463,0.020869914,0.02025159,0.0
2025-10-31 22:00:00,solar.bun_library#realenergyintotheload#kwh,BUNDOORA,0.0,0.20480973,0.020869914,0.02025159,0.0
2025-10-31 23:00:00,solar.bun_library#realenergyintotheload#kwh,BUNDOORA,0.0,0.11542848,0.021337654,0.020705473,0.0
2025-11-01 00:00:00,solar.bun_library#realenergyintotheload#kwh,BUNDOORA,0.0,0.051806644,0.013125903,0.012737015,0.0
2025-11-01 01:00:00,solar.bun_library#realenergyintotheload#kwh,BUNDOORA,0.0,-0.21506855,0.020869914,0.02025159,0.0
2025-11-01 02:00:00,solar.bun_library#realenergyintotheload#kwh,BUNDOORA,0.0,-0.72064316,0.020869914,0.02025159,0.0
2025-11-01 03:00:00,solar.bun_library#realenergyintotheload#kwh,BUNDOORA,0.0,0.0011635441,0.020869914,0.02025159,0.0
2025-11-01 04:00:00,solar.bun_library#realenergyintotheload#kwh,BUNDOORA,0.0,-0.09812524,0.11308673,0.10973626,0.0
2025-11-01 05:00:00,solar.bun_library#realenergyintotheload#kwh,BUNDOORA,0.0,1.3972143,0.020869914,0.02025159,0.0
2025-11-01 06:00:00,solar.bun_library#realenergyintotheload#kwh,BUNDOORA,0.0,0.6669317,-0.0029132236,0.0,0.0
2025-11-01 07:00:00,solar.bun_library#realenergyintotheload#kwh,BUNDOORA,0.0,0.6953492,13.528449,13.127635,44.0
2025-11-01 08:00:00,solar.bun_library#realenergyintotheload#kwh,BUNDOORA,0.0,2.254469,52.99405,51.42397,160.0
2025-11-01 09:00:00,solar.bun_library#realenergyintotheload#kwh,BUNDOORA,0.0,15.262173,110.85032,107.5661,303.0
2025-11-01 10:00:00,solar.bun_library#realenergyintotheload#kwh,BUNDOORA,0.0,83.09115,233.89871,226.96887,639.0
2025-11-01 11:00:00,solar.bun_library#realenergyintotheload#kwh,BUNDOORA,0.0,111.260864,277.3256,269.10913,806.0
2025-11-01 12:00:00,solar.bun_library#realenergyintotheload#kwh,BUNDOORA,0.0,167.46725,311.0913,301.87445,922.0
2025-11-01 13:00:00,solar.bun_library#realenergyintotheload#kwh,BUNDOORA,0.0,234.886,316.06302,306.69885,972.0
2025-11-01 14:00:00,solar.bun_library#realenergyintotheload#kwh,BUNDOORA,0.0,235.39809,315.70013,306.34674,961.0
2025-11-01 15:00:00,solar.bun_library#realenergyintotheload#kwh,BUNDOORA,0.0,214.75797,310.26297,301.07065,889.0
2025-11-01 16:00:00,solar.bun_library#realenergyintotheload#kwh,BUNDOORA,0.0,188.9723,265.70096,257.8289,758.0
2025-11-01 17:00:00,solar.bun_library#realenergyintotheload#kwh,BUNDOORA,0.0,182.7753,209.44615,203.24078,581.0
2025-11-01 18:00:00,solar.bun_library#realenergyintotheload#kwh,BUNDOORA,0.0,107.407135,133.05396,129.1119,378.0
2025-11-01 19:00:00,solar.bun_library#realenergyintotheload#kwh,BUNDOORA,0.0,70.78144,50.482563,48.98689,167.0
2025-11-01 20:00:00,solar.bun_library#realenergyintotheload#kwh,BUNDOORA,0.0,49.35066,2.0211375,1.9612563,9.0
2025-11-01 21:00:00,solar.bun_library#realenergyintotheload#kwh,BUNDOORA,0.0,6.301263,-0.0026510675,0.0,0.0
2025-11-01 22:00:00,solar.bun_library#realenergyintotheload#kwh,BUNDOORA,0.0,0.09145854,-0.0029132236,0.0,0.0
2025-11-01 23:00:00,solar.bun_library#realenergyintotheload#kwh,BUNDOORA,0.0,-0.21493198,-0.0029132236,0.0,0.0
2025-11-02 00:00:00,solar.bun_library#realenergyintotheload#kwh,BUNDOORA,0.0,-0.3150839,-0.0029132236,0.0,0.0
2025-11-02 01:00:00,solar.bun_library#realenergyintotheload#kwh,BUNDOORA,0.0,-0.3150839,-0.0029132236,0.0,0.0
2025-11-02 02:00:00,solar.bun_library#realenergyintotheload#kwh,BUNDOORA,0.0,-0.3150839,-0.0029132236,0.0,0.0
2025-11-02 03:00:00,solar.bun_library#realenergyintotheload#kwh,BUNDOORA,0.0,-0.3150839,-0.0029132236,0.0,0.0
2025-11-02 04:00:00,solar.bun_library#realenergyintotheload#kwh,BUNDOORA,0.0,-0.3150839,-0.0029132236,0.0,0.0
2025-11-02 05:00:00,solar.bun_library#realenergyintotheload#kwh,BUNDOORA,0.0,0.96847063,-0.0029132236,0.0,0.0
2025-11-02 06:00:00,solar.bun_library#realenergyintotheload#kwh,BUNDOORA,0.0,1.7607347,-0.0029132236,0.0,0.0
2025-11-02 07:00:00,solar.bun_library#realenergyintotheload#kwh,BUNDOORA,0.0,0.17563117,13.193059,12.802181,53.0
2025-11-02 08:00:00,solar.bun_library#realenergyintotheload#kwh,BUNDOORA,0.0,-1.0771494,71.84171,69.71322,246.0
2025-11-02 09:00:00,solar.bun_library#realenergyintotheload#kwh,BUNDOORA,0.0,66.64002,152.73485,148.2097,454.0
2025-11-02 10:00:00,solar.bun_library#realenergyintotheload#kwh,BUNDOORA,0.0,201.85272,232.2871,225.40501,659.0
2025-11-02 11:00:00,solar.bun_library#realenergyintotheload#kwh,BUNDOORA,0.0,160.87636,273.67166,265.56345,805.0
2025-11-02 12:00:00,solar.bun_library#realenergyintotheload#kwh,BUNDOORA,0.0,214.25832,265.40958,257.54614,768.0
2025-11-02 13:00:00,solar.bun_library#realenergyintotheload#kwh,BUNDOORA,0.0,243.88545,319.8436,310.36743,989.0
2025-11-02 14:00:00,solar.bun_library#realenergyintotheload#kwh,BUNDOORA,0.0,243.36142,314.5095,305.19135,971.0
2025-11-02 15:00:00,solar.bun_library#realenergyintotheload#kwh,BUNDOORA,0.0,229.77898,300.7397,291.82953,895.0
2025-11-02 16:00:00,solar.bun_library#realenergyintotheload#kwh,BUNDOORA,0.0,244.52296,254.65236,247.10765,761.0
2025-11-02 17:00:00,solar.bun_library#realenergyintotheload#kwh,BUNDOORA,0.0,269.42468,201.0228,195.06699,583.0
2025-11-02 18:00:00,solar.bun_library#realenergyintotheload#kwh,BUNDOORA,0.0,226.55423,125.76103,122.03505,373.0
2025-11-02 19:00:00,solar.bun_library#realenergyintotheload#kwh,BUNDOORA,0.0,139.70804,15.42804,14.970945,54.0
2025-11-02 20:00:00,solar.bun_library#realenergyintotheload#kwh,BUNDOORA,0.0,107.35406,0.02913507,0.02827187,1.0
2025-11-02 21:00:00,solar.bun_library#realenergyintotheload#kwh,BUNDOORA,0.0,28.699001,-0.08471201,0.0,0.0
2025-11-02 22:00:00,solar.bun_library#realenergyintotheload#kwh,BUNDOORA,0.0,2.72147,-0.013884281,0.0,0.0
2025-11-02 23:00:00,solar.bun_library#realenergyintotheload#kwh,BUNDOORA,0.0,-0.9729299,0.047173563,0.045775928,0.0
2025-11-03 00:00:00,solar.bun_library#realenergyintotheload#kwh,BUNDOORA,0.0,2.5175183,0.08873352,0.086104564,0.0
2025-11-03 01:00:00,solar.bun_library#realenergyintotheload#kwh,BUNDOORA,0.0,0.88814193,0.02016811,0.01957058,0.0
2025-11-03 02:00:00,solar.bun_library#realenergyintotheload#kwh,BUNDOORA,0.0,0.42982084,0.019700367,0.019116694,0.0
2025-11-03 03:00:00,solar.bun_library#realenergyintotheload#kwh,BUNDOORA,0.0,0.020199867,0.019700367,0.019116694,0.0
2025-11-03 04:00:00,solar.bun_library#realenergyintotheload#kwh,BUNDOORA,0.0,0.12931679,-0.0128245065,0.0,0.0
2025-11-03 05:00:00,solar.bun_library#realenergyintotheload#kwh,BUNDOORA,0.0,1.2240674,-0.0128245065,0.0,0.0
2025-11-03 06:00:00,solar.bun_library#realenergyintotheload#kwh,BUNDOORA,0.0,3.9814034,0.00031668367,0.00030730112,0.0
2025-11-03 07:00:00,solar.bun_library#realenergyintotheload#kwh,BUNDOORA,0.0,4.1921506,5.5213704,5.357786,22.0
2025-11-03 08:00:00,solar.bun_library#realenergyintotheload#kwh,BUNDOORA,0.0,16.842182,13.847508,13.437242,42.0
2025-11-03 09:00:00,solar.bun_library#realenergyintotheload#kwh,BUNDOORA,0.0,9.939724,22.586252,21.917078,69.0
2025-11-03 10:00:00,solar.bun_library#realenergyintotheload#kwh,BUNDOORA,0.0,18.523687,20.708006,20.094479,63.0
2025-11-03 11:00:00,solar.bun_library#realenergyintotheload#kwh,BUNDOORA,0.0,22.602156,32.862923,31.889277,98.0
2025-11-03 12:00:00,solar.bun_library#realenergyintotheload#kwh,BUNDOORA,0.0,22.426401,12.362362,11.996096,38.0
2025-11-03 13:00:00,solar.bun_library#realenergyintotheload#kwh,BUNDOORA,0.0,23.23966,30.47755,29.574577,85.0
2025-11-03 14:00:00,solar.bun_library#realenergyintotheload#kwh,BUNDOORA,0.0,23.297369,26.032495,25.261217,80.0
2025-11-03 15:00:00,solar.bun_library#realenergyintotheload#kwh,BUNDOORA,0.0,13.332807,42.11867,40.8708,126.0
2025-11-03 16:00:00,solar.bun_library#realenergyintotheload#kwh,BUNDOORA,0.0,18.424698,40.685505,39.480095,123.0
2025-11-03 17:00:00,solar.bun_library#realenergyintotheload#kwh,BUNDOORA,0.0,12.232125,24.648666,23.918388,78.0
2025-11-03 18:00:00,solar.bun_library#realenergyintotheload#kwh,BUNDOORA,0.0,11.602964,32.086185,31.135551,94.0
2025-11-03 19:00:00,solar.bun_library#realenergyintotheload#kwh,BUNDOORA,0.0,20.469572,8.868297,8.605551,29.0
2025-11-03 20:00:00,solar.bun_library#realenergyintotheload#kwh,BUNDOORA,0.0,8.958474,0.14045596,0.1362946,2.0
2025-11-03 21:00:00,solar.bun_library#realenergyintotheload#kwh,BUNDOORA,0.0,1.9627817,0.011460471,0.011120926,0.0
2025-11-03 22:00:00,solar.bun_library#realenergyintotheload#kwh,BUNDOORA,0.0,-0.22984098,-0.00015105726,0.0,0.0
2025-11-03 23:00:00,solar.bun_library#realenergyintotheload#kwh,BUNDOORA,0.0,-0.06378894,-0.00015105726,0.0,0.0
2025-11-04 00:00:00,solar.bun_library#realenergyintotheload#kwh,BUNDOORA,0.0,-0.091661245,0.011460471,0.011120926,0.0
2025-11-04 01:00:00,solar.bun_library#realenergyintotheload#kwh,BUNDOORA,0.0,-0.06378894,0.008303222,0.008057219,0.0
2025-11-04 02:00:00,solar.bun_library#realenergyintotheload#kwh,BUNDOORA,0.0,-0.20403628,0.11308673,0.10973626,0.0
2025-11-04 03:00:00,solar.bun_library#realenergyintotheload#kwh,BUNDOORA,0.0,-0.091661245,0.008303222,0.008057219,0.0
2025-11-04 04:00:00,solar.bun_library#realenergyintotheload#kwh,BUNDOORA,0.0,-0.06906358,0.008303222,0.008057219,0.0
2025-11-04 05:00:00,solar.bun_library#realenergyintotheload#kwh,BUNDOORA,0.0,0.42569304,0.008303222,0.008057219,0.0
2025-11-04 06:00:00,solar.bun_library#realenergyintotheload#kwh,BUNDOORA,0.0,3.2909772,0.013125903,0.012737015,0.0
2025-11-04 07:00:00,solar.bun_library#realenergyintotheload#kwh,BUNDOORA,0.0,1.3301969,7.7756443,7.5452714,28.0
2025-11-04 08:00:00,solar.bun_library#realenergyintotheload#kwh,BUNDOORA,0.0,-3.1281722,29.826187,28.942513,88.0
2025-11-04 09:00:00,solar.bun_library#realenergyintotheload#kwh,BUNDOORA,0.0,7.082951,146.02934,141.70287,358.0
2025-11-04 10:00:00,solar.bun_library#realenergyintotheload#kwh,BUNDOORA,0.0,42.15938,145.94707,141.62302,408.0
2025-11-04 11:00:00,solar.bun_library#realenergyintotheload#kwh,BUNDOORA,0.0,19.287577,73.60249,71.42184,213.0
2025-11-04 12:00:00,solar.bun_library#realenergyintotheload#kwh,BUNDOORA,0.0,77.43574,276.74146,268.5423,810.0
2025-11-04 13:00:00,solar.bun_library#realenergyintotheload#kwh,BUNDOORA,0.0,70.06051,186.54398,181.01715,545.0
2025-11-04 14:00:00,solar.bun_library#realenergyintotheload#kwh,BUNDOORA,0.0,60.868225,134.20412,130.22798,383.0
2025-11-04 15:00:00,solar.bun_library#realenergyintotheload#kwh,BUNDOORA,0.0,90.132965,43.381237,42.09596,130.0
2025-11-04 16:00:00,solar.bun_library#realenergyintotheload#kwh,BUNDOORA,0.0,45.407764,71.65973,69.53663,210.0
2025-11-04 17:00:00,solar.bun_library#realenergyintotheload#kwh,BUNDOORA,0.0,33.346745,75.20424,72.97613,212.0
2025-11-04 18:00:00,solar.bun_library#realenergyintotheload#kwh,BUNDOORA,0.0,142.46397,47.71226,46.298668,145.0
2025-11-04 19:00:00,solar.bun_library#realenergyintotheload#kwh,BUNDOORA,0.0,132.92885,32.81828,31.845955,98.0
2025-11-04 20:00:00,solar.bun_library#realenergyintotheload#kwh,BUNDOORA,0.0,76.337845,0.28021646,0.27191433,3.0
2025-11-04 21:00:00,solar.bun_library#realenergyintotheload#kwh,BUNDOORA,0.0,18.37799,0.0015011067,0.0014566326,0.0
2025-11-04 22:00:00,solar.bun_library#realenergyintotheload#kwh,BUNDOORA,0.0,2.3440137,-0.026629359,0.0,0.0
2025-11-04 23:00:00,solar.bun_library#realenergyintotheload#kwh,BUNDOORA,0.0,1.7466731,0.004541291,0.0044067437,0.0
2025-11-05 00:00:00,solar.bun_library#realenergyintotheload#kwh,BUNDOORA,0.0,0.038334314,0.023398217,0.022704987,0.0
2025-11-05 01:00:00,solar.bun_library#realenergyintotheload#kwh,BUNDOORA,0.0,0.45826578,0.025063649,0.024321076,0.0
2025-11-05 02:00:00,solar.bun_library#realenergyintotheload#kwh,BUNDOORA,0.0,1.5616548,0.01317482,0.012784483,0.0
2025-11-05 03:00:00,solar.bun_library#realenergyintotheload#kwh,BUNDOORA,0.0,0.39227718,-0.02112842,0.0,0.0
2025-11-05 04:00:00,solar.bun_library#realenergyintotheload#kwh,BUNDOORA,0.0,0.2603487,0.0065820985,0.0063870875,0.0
2025-11-05 05:00:00,solar.bun_library#realenergyintotheload#kwh,BUNDOORA,0.0,6.5913644,0.0065820985,0.0063870875,0.0
2025-11-05 06:00:00,solar.bun_library#realenergyintotheload#kwh,BUNDOORA,0.0,13.714008,0.0065820985,0.0063870875,0.0
2025-11-05 07:00:00,solar.bun_library#realenergyintotheload#kwh,BUNDOORA,0.0,7.788501,11.074552,10.74644,35.0
2025-11-05 08:00:00,solar.bun_library#realenergyintotheload#kwh,BUNDOORA,0.0,17.777998,57.92247,56.20637,168.0
2025-11-05 09:00:00,solar.bun_library#realenergyintotheload#kwh,BUNDOORA,0.0,76.6758,152.86407,148.3351,381.0
2025-11-05 10:00:00,solar.bun_library#realenergyintotheload#kwh,BUNDOORA,0.0,94.91106,139.03995,134.92055,394.0
2025-11-05 11:00:00,solar.bun_library#realenergyintotheload#kwh,BUNDOORA,0.0,138.58446,223.31929,216.7029,630.0
2025-11-05 12:00:00,solar.bun_library#realenergyintotheload#kwh,BUNDOORA,0.0,144.48816,250.76111,243.33168,718.0
2025-11-05 13:00:00,solar.bun_library#realenergyintotheload#kwh,BUNDOORA,0.0,144.17085,232.01344,225.13947,670.0
2025-11-05 14:00:00,solar.bun_library#realenergyintotheload#kwh,BUNDOORA,0.0,163.3339,186.12215,180.60782,549.0
2025-11-05 15:00:00,solar.bun_library#realenergyintotheload#kwh,BUNDOORA,0.0,209.58655,229.69543,222.89014,656.0
2025-11-05 16:00:00,solar.bun_library#realenergyintotheload#kwh,BUNDOORA,0.0,167.467,162.47516,157.66142,463.0
2025-11-05 17:00:00,solar.bun_library#realenergyintotheload#kwh,BUNDOORA,0.0,160.99937,162.81544,157.99162,430.0
2025-11-05 18:00:00,solar.bun_library#realenergyintotheload#kwh,BUNDOORA,0.0,128.39087,102.78493,99.73967,283.0
2025-11-05 19:00:00,solar.bun_library#realenergyintotheload#kwh,BUNDOORA,0.0,130.98276,47.35755,45.954464,141.0
2025-11-05 20:00:00,solar.bun_library#realenergyintotheload#kwh,BUNDOORA,0.0,116.15382,2.6062057,2.5289903,13.0
2025-11-05 21:00:00,solar.bun_library#realenergyintotheload#kwh,BUNDOORA,0.0,36.52619,0.04333768,0.042053692,0.0
2025-11-05 22:00:00,solar.bun_library#realenergyintotheload#kwh,BUNDOORA,0.0,3.7534492,0.043537132,0.042247236,0.0
2025-11-05 23:00:00,solar.bun_library#realenergyintotheload#kwh,BUNDOORA,0.0,0.20831926,0.020869914,0.02025159,0.0
2025-11-06 00:00:00,solar.bun_library#realenergyintotheload#kwh,BUNDOORA,0.0,-0.028460177,0.020869914,0.02025159,0.0
2025-11-06 01:00:00,solar.bun_library#realenergyintotheload#kwh,BUNDOORA,0.0,-0.18633705,0.020869914,0.02025159,0.0
2025-11-06 02:00:00,solar.bun_library#realenergyintotheload#kwh,BUNDOORA,0.0,-0.50558615,-0.0020917845,0.0,0.0
2025-11-06 03:00:00,solar.bun_library#realenergyintotheload#kwh,BUNDOORA,0.0,-0.60719,-0.010666817,0.0,0.0
2025-11-06 04:00:00,solar.bun_library#realenergyintotheload#kwh,BUNDOORA,0.0,-0.60719,-0.010666817,0.0,0.0
2025-11-06 05:00:00,solar.bun_library#realenergyintotheload#kwh,BUNDOORA,0.0,1.0943104,-0.010666817,0.0,0.0
2025-11-06 06:00:00,solar.bun_library#realenergyintotheload#kwh,BUNDOORA,0.0,0.51321983,0.013116319,0.012727715,0.0
2025-11-06 07:00:00,solar.bun_library#realenergyintotheload#kwh,BUNDOORA,0.0,-3.0488303,18.581789,18.031258,69.0
2025-11-06 08:00:00,solar.bun_library#realenergyintotheload#kwh,BUNDOORA,0.0,6.644284,106.79569,103.6316,271.0
2025-11-06 09:00:00,solar.bun_library#realenergyintotheload#kwh,BUNDOORA,0.0,48.626587,184.27368,178.81412,487.0
2025-11-06 10:00:00,solar.bun_library#realenergyintotheload#kwh,BUNDOORA,0.0,169.77661,235.74298,228.7585,682.0
2025-11-06 11:00:00,solar.bun_library#realenergyintotheload#kwh,BUNDOORA,0.0,257.98135,285.1537,276.7053,845.0
2025-11-06 12:00:00,solar.bun_library#realenergyintotheload#kwh,BUNDOORA,0.0,266.45883,315.15842,305.82104,952.0
2025-11-06 13:00:00,solar.bun_library#realenergyintotheload#kwh,BUNDOORA,0.0,221.51057,320.5399,311.0431,998.0
2025-11-06 14:00:00,solar.bun_library#realenergyintotheload#kwh,BUNDOORA,0.0,225.74031,319.0786,309.62512,977.0
2025-11-06 15:00:00,solar.bun_library#realenergyintotheload#kwh,BUNDOORA,0.0,213.5373,302.54947,293.5857,902.0
2025-11-06 16:00:00,solar.bun_library#realenergyintotheload#kwh,BUNDOORA,0.0,209.38158,179.13477,173.82745,509.0
2025-11-06 17:00:00,solar.bun_library#realenergyintotheload#kwh,BUNDOORA,0.0,151.21822,101.40604,98.40163,297.0
2025-11-06 18:00:00,solar.bun_library#realenergyintotheload#kwh,BUNDOORA,0.0,181.42636,43.336143,42.0522,137.0
2025-11-06 19:00:00,solar.bun_library#realenergyintotheload#kwh,BUNDOORA,0.0,104.4117,12.140393,11.780704,38.0
2025-11-06 20:00:00,solar.bun_library#realenergyintotheload#kwh,BUNDOORA,0.0,55.458794,0.63403624,0.61525136,4.0
2025-11-06 21:00:00,solar.bun_library#realenergyintotheload#kwh,BUNDOORA,0.0,24.242498,0.05825164,0.05652579,0.0
2025-11-06 22:00:00,solar.bun_library#realenergyintotheload#kwh,BUNDOORA,0.0,2.3797777,0.02231671,0.02165552,0.0
2025-11-06 23:00:00,solar.bun_library#realenergyintotheload#kwh,BUNDOORA,0.0,-0.0228692,0.022516161,0.021849064,0.0
2025-11-07 00:00:00,solar.bun_library#realenergyintotheload#kwh,BUNDOORA,0.0,-0.02977042,-0.00015105726,0.0,0.0
2025-11-07 01:00:00,solar.bun_library#realenergyintotheload#kwh,BUNDOORA,0.0,0.33765358,-0.00015105726,0.0,0.0
2025-11-07 02:00:00,solar.bun_library#realenergyintotheload#kwh,BUNDOORA,0.0,0.09391699,-0.00015105726,0.0,0.0
2025-11-07 03:00:00,solar.bun_library#realenergyintotheload#kwh,BUNDOORA,0.0,-0.004930379,-0.00015105726,0.0,0.0
2025-11-07 04:00:00,solar.bun_library#realenergyintotheload#kwh,BUNDOORA,0.0,-0.002238607,-0.00015105726,0.0,0.0
2025-11-07 05:00:00,solar.bun_library#realenergyintotheload#kwh,BUNDOORA,0.0,1.4081993,0.011460471,0.011120926,0.0
2025-11-07 06:00:00,solar.bun_library#realenergyintotheload#kwh,BUNDOORA,0.0,4.7836304,0.011460471,0.011120926,0.0
2025-11-07 07:00:00,solar.bun_library#realenergyintotheload#kwh,BUNDOORA,0.0,15.58149,10.323253,10.017401,36.0
2025-11-07 08:00:00,solar.bun_library#realenergyintotheload#kwh,BUNDOORA,0.0,61.430874,41.452026,40.223907,127.0
2025-11-07 09:00:00,solar.bun_library#realenergyintotheload#kwh,BUNDOORA,0.0,107.53658,25.346546,24.59559,75.0
2025-11-07 10:00:00,solar.bun_library#realenergyintotheload#kwh,BUNDOORA,0.0,123.56412,38.092007,36.963436,115.0
2025-11-07 11:00:00,solar.bun_library#realenergyintotheload#kwh,BUNDOORA,0.0,149.50911,43.107468,41.8303,134.0
2025-11-07 12:00:00,solar.bun_library#realenergyintotheload#kwh,BUNDOORA,0.0,83.56147,68.85619,66.816154,213.0
2025-11-07 13:00:00,solar.bun_library#realenergyintotheload#kwh,BUNDOORA,0.0,109.28535,81.57069,79.15395,251.0
2025-11-07 14:00:00,solar.bun_library#realenergyintotheload#kwh,BUNDOORA,0.0,267.1567,181.09904,175.73354,547.0
2025-11-07 15:00:00,solar.bun_library#realenergyintotheload#kwh,BUNDOORA,0.0,130.03633,45.04092,43.70647,140.0
2025-11-07 16:00:00,solar.bun_library#realenergyintotheload#kwh,BUNDOORA,0.0,197.90085,37.82622,36.705524,114.0
2025-11-07 17:00:00,solar.bun_library#realenergyintotheload#kwh,BUNDOORA,0.0,174.26105,12.466653,12.097297,40.0
2025-11-07 18:00:00,solar.bun_library#realenergyintotheload#kwh,BUNDOORA,0.0,121.0103,15.876413,15.406034,51.0
2025-11-07 19:00:00,solar.bun_library#realenergyintotheload#kwh,BUNDOORA,0.0,116.53177,7.128145,6.916956,24.0
2025-11-07 20:00:00,solar.bun_library#realenergyintotheload#kwh,BUNDOORA,0.0,74.97876,0.3595973,0.34894332,3.0
2025-11-07 21:00:00,solar.bun_library#realenergyintotheload#kwh,BUNDOORA,0.0,18.922722,0.16042957,0.15567644,0.0
2025-11-07 22:00:00,solar.bun_library#realenergyintotheload#kwh,BUNDOORA,0.0,5.82018,0.0029816069,0.0028932693,0.0
2025-11-07 23:00:00,solar.bun_library#realenergyintotheload#kwh,BUNDOORA,0.0,1.1981338,0.0049262512,0.0047802986,0.0
2025-11-08 00:00:00,solar.bun_library#realenergyintotheload#kwh,BUNDOORA,0.0,2.2567503,0.0006200974,0.0006017255,0.0
2025-11-08 01:00:00,solar.bun_library#realenergyintotheload#kwh,BUNDOORA,0.0,-0.21505983,0.0077095283,0.0074811145,0.0
2025-11-08 02:00:00,solar.bun_library#realenergyintotheload#kwh,BUNDOORA,0.0,-0.26946524,-0.072331,0.0,0.0
2025-11-08 03:00:00,solar.bun_library#realenergyintotheload#kwh,BUNDOORA,0.0,-0.6189412,0.022704132,0.022031466,0.0
2025-11-08 04:00:00,solar.bun_library#realenergyintotheload#kwh,BUNDOORA,0.0,-0.029263262,-0.06639714,0.0,0.0
2025-11-08 05:00:00,solar.bun_library#realenergyintotheload#kwh,BUNDOORA,0.0,0.5523046,0.008858431,0.008595978,0.0
2025-11-08 06:00:00,solar.bun_library#realenergyintotheload#kwh,BUNDOORA,0.0,6.0364943,0.014053793,0.013637414,0.0
2025-11-08 07:00:00,solar.bun_library#realenergyintotheload#kwh,BUNDOORA,0.0,30.363352,10.0991955,9.799981,36.0
2025-11-08 08:00:00,solar.bun_library#realenergyintotheload#kwh,BUNDOORA,0.0,19.726887,34.127483,33.11637,104.0
2025-11-08 09:00:00,solar.bun_library#realenergyintotheload#kwh,BUNDOORA,0.0,21.660473,42.085815,40.838917,129.0
2025-11-08 10:00:00,solar.bun_library#realenergyintotheload#kwh,BUNDOORA,0.0,39.24012,50.109234,48.624622,144.0
2025-11-08 11:00:00,solar.bun_library#realenergyintotheload#kwh,BUNDOORA,0.0,31.82775,44.774197,43.44765,130.0
2025-11-08 12:00:00,solar.bun_library#realenergyintotheload#kwh,BUNDOORA,0.0,34.92637,53.266693,51.688534,148.0
2025-11-08 13:00:00,solar.bun_library#realenergyintotheload#kwh,BUNDOORA,0.0,32.80244,66.98438,64.9998,200.0
2025-11-08 14:00:00,solar.bun_library#realenergyintotheload#kwh,BUNDOORA,0.0,34.858677,65.28807,63.35375,189.0
2025-11-08 15:00:00,solar.bun_library#realenergyintotheload#kwh,BUNDOORA,0.0,31.981607,65.877304,63.925526,194.0
2025-11-08 16:00:00,solar.bun_library#realenergyintotheload#kwh,BUNDOORA,0.0,33.38951,40.516045,39.315655,117.0
2025-11-08 17:00:00,solar.bun_library#realenergyintotheload#kwh,BUNDOORA,0.0,29.337877,39.93489,38.75172,116.0
2025-11-08 18:00:00,solar.bun_library#realenergyintotheload#kwh,BUNDOORA,0.0,43.743732,18.668444,18.115345,59.0
2025-11-08 19:00:00,solar.bun_library#realenergyintotheload#kwh,BUNDOORA,0.0,40.9092,10.804622,10.484508,35.0
2025-11-08 20:00:00,solar.bun_library#realenergyintotheload#kwh,BUNDOORA,0.0,37.267014,2.0029528,1.9436103,9.0
2025-11-08 21:00:00,solar.bun_library#realenergyintotheload#kwh,BUNDOORA,0.0,12.835882,-0.0028273428,0.0,0.0
2025-11-08 22:00:00,solar.bun_library#realenergyintotheload#kwh,BUNDOORA,0.0,1.3579353,-0.0059845927,0.0,0.0
2025-11-08 23:00:00,solar.bun_library#realenergyintotheload#kwh,BUNDOORA,0.0,-0.26016343,-0.0028273428,0.0,0.0
2025-11-09 00:00:00,solar.bun_library#realenergyintotheload#kwh,BUNDOORA,0.0,0.42830515,-0.0074369097,0.0,0.0
2025-11-09 01:00:00,solar.bun_library#realenergyintotheload#kwh,BUNDOORA,0.0,-0.119528174,0.0059147915,0.005739551,0.0
2025-11-09 02:00:00,solar.bun_library#realenergyintotheload#kwh,BUNDOORA,0.0,-0.3984309,0.006083061,0.005902835,0.0
2025-11-09 03:00:00,solar.bun_library#realenergyintotheload#kwh,BUNDOORA,0.0,-0.43621328,0.0065820985,0.0063870875,0.0
2025-11-09 04:00:00,solar.bun_library#realenergyintotheload#kwh,BUNDOORA,0.0,-0.21344303,0.0065820985,0.0063870875,0.0
2025-11-09 05:00:00,solar.bun_library#realenergyintotheload#kwh,BUNDOORA,0.0,1.5601009,0.013836655,0.013426709,0.0
2025-11-09 06:00:00,solar.bun_library#realenergyintotheload#kwh,BUNDOORA,0.0,8.236266,0.013836655,0.013426709,0.0
2025-11-09 07:00:00,solar.bun_library#realenergyintotheload#kwh,BUNDOORA,0.0,4.967916,10.059183,9.761155,34.0
2025-11-09 08:00:00,solar.bun_library#realenergyintotheload#kwh,BUNDOORA,0.0,-1.2769622,43.622234,42.329815,127.0
2025-11-09 09:00:00,solar.bun_library#realenergyintotheload#kwh,BUNDOORA,0.0,11.476946,87.62439,85.0283,242.0
2025-11-09 10:00:00,solar.bun_library#realenergyintotheload#kwh,BUNDOORA,0.0,72.47104,106.039055,102.897385,305.0
2025-11-09 11:00:00,solar.bun_library#realenergyintotheload#kwh,BUNDOORA,0.0,103.270676,204.649,198.58577,599.0
2025-11-09 12:00:00,solar.bun_library#realenergyintotheload#kwh,BUNDOORA,0.0,103.10039,235.14362,228.1769,684.0
2025-11-09 13:00:00,solar.bun_library#realenergyintotheload#kwh,BUNDOORA,0.0,115.82952,296.6757,287.88593,884.0
2025-11-09 14:00:00,solar.bun_library#realenergyintotheload#kwh,BUNDOORA,0.0,134.55939,265.06747,257.21417,777.0
2025-11-09 15:00:00,solar.bun_library#realenergyintotheload#kwh,BUNDOORA,0.0,153.78874,238.63806,231.56781,684.0
2025-11-09 16:00:00,solar.bun_library#realenergyintotheload#kwh,BUNDOORA,0.0,94.995384,126.37147,122.627396,364.0
2025-11-09 17:00:00,solar.bun_library#realenergyintotheload#kwh,BUNDOORA,0.0,38.178837,75.8241,73.57762,212.0
2025-11-09 18:00:00,solar.bun_library#realenergyintotheload#kwh,BUNDOORA,0.0,45.954025,89.823204,87.161964,250.0
2025-11-09 19:00:00,solar.bun_library#realenergyintotheload#kwh,BUNDOORA,0.0,46.821,29.279158,28.41169,86.0
2025-11-09 20:00:00,solar.bun_library#realenergyintotheload#kwh,BUNDOORA,0.0,34.312958,2.4871984,2.413509,11.0
2025-11-09 21:00:00,solar.bun_library#realenergyintotheload#kwh,BUNDOORA,0.0,24.295897,0.008504973,0.008252991,0.0
2025-11-09 22:00:00,solar.bun_library#realenergyintotheload#kwh,BUNDOORA,0.0,6.7133,0.007038992,0.006830444,0.0
2025-11-09 23:00:00,solar.bun_library#realenergyintotheload#kwh,BUNDOORA,0.0,0.1444964,0.016448434,0.015961109,0.0
2025-11-10 00:00:00,solar.bun_library#realenergyintotheload#kwh,BUNDOORA,0.0,0.5027745,0.016448434,0.015961109,0.0
2025-11-10 01:00:00,solar.bun_library#realenergyintotheload#kwh,BUNDOORA,0.0,-0.6942794,0.013116319,0.012727715,0.0
2025-11-10 02:00:00,solar.bun_library#realenergyintotheload#kwh,BUNDOORA,0.0,-0.16842473,0.013085023,0.012697346,0.0
2025-11-10 03:00:00,solar.bun_library#realenergyintotheload#kwh,BUNDOORA,0.0,-0.0027323272,0.013085023,0.012697346,0.0
2025-11-10 04:00:00,solar.bun_library#realenergyintotheload#kwh,BUNDOORA,0.0,-0.24621554,0.013085023,0.012697346,0.0
2025-11-10 05:00:00,solar.bun_library#realenergyintotheload#kwh,BUNDOORA,0.0,1.6534884,0.013085023,0.012697346,0.0
2025-11-10 06:00:00,solar.bun_library#realenergyintotheload#kwh,BUNDOORA,0.0,0.9333304,0.013085023,0.012697346,0.0
2025-11-10 07:00:00,solar.bun_library#realenergyintotheload#kwh,BUNDOORA,0.0,-2.5835247,14.218299,13.797047,46.0
2025-11-10 08:00:00,solar.bun_library#realenergyintotheload#kwh,BUNDOORA,0.0,6.664803,61.835106,60.003086,174.0
2025-11-10 09:00:00,solar.bun_library#realenergyintotheload#kwh,BUNDOORA,0.0,16.678413,104.71423,101.61181,290.0
2025-11-10 10:00:00,solar.bun_library#realenergyintotheload#kwh,BUNDOORA,0.0,78.76902,129.40094,125.567116,376.0
2025-11-10 11:00:00,solar.bun_library#realenergyintotheload#kwh,BUNDOORA,0.0,174.38286,135.70912,131.6884,384.0
2025-11-10 12:00:00,solar.bun_library#realenergyintotheload#kwh,BUNDOORA,0.0,106.589325,94.946205,92.13319,284.0
2025-11-10 13:00:00,solar.bun_library#realenergyintotheload#kwh,BUNDOORA,0.0,84.44498,54.28483,52.676506,161.0
2025-11-10 14:00:00,solar.bun_library#realenergyintotheload#kwh,BUNDOORA,0.0,95.44849,30.98652,30.068468,92.0
2025-11-10 15:00:00,solar.bun_library#realenergyintotheload#kwh,BUNDOORA,0.0,96.273735,39.41043,38.242798,120.0
2025-11-10 16:00:00,solar.bun_library#realenergyintotheload#kwh,BUNDOORA,0.0,154.63217,63.977688,62.082188,189.0
2025-11-10 17:00:00,solar.bun_library#realenergyintotheload#kwh,BUNDOORA,0.0,155.22466,175.96477,170.75137,482.0
2025-11-10 18:00:00,solar.bun_library#realenergyintotheload#kwh,BUNDOORA,0.0,93.83146,28.936876,28.07955,87.0
2025-11-10 19:00:00,solar.bun_library#realenergyintotheload#kwh,BUNDOORA,0.0,58.402412,11.799832,11.4502325,40.0
2025-11-10 20:00:00,solar.bun_library#realenergyintotheload#kwh,BUNDOORA,0.0,14.072794,2.4836702,2.4100852,10.0
2025-11-10 21:00:00,solar.bun_library#realenergyintotheload#kwh,BUNDOORA,0.0,3.7583256,0.011460471,0.011120926,0.0
2025-11-10 22:00:00,solar.bun_library#realenergyintotheload#kwh,BUNDOORA,0.0,0.27563253,0.013125903,0.012737015,0.0
2025-11-10 23:00:00,solar.bun_library#realenergyintotheload#kwh,BUNDOORA,0.0,-0.05393397,0.013125903,0.012737015,0.0
2025-11-11 00:00:00,solar.bun_library#realenergyintotheload#kwh,BUNDOORA,0.0,-0.20403628,0.011460471,0.011120926,0.0
2025-11-11 01:00:00,solar.bun_library#realenergyintotheload#kwh,BUNDOORA,0.0,-0.20403628,-0.00015105726,0.0,0.0
2025-11-11 02:00:00,solar.bun_library#realenergyintotheload#kwh,BUNDOORA,0.0,-0.091661245,0.11308673,0.10973626,0.0
2025-11-11 03:00:00,solar.bun_library#realenergyintotheload#kwh,BUNDOORA,0.0,-0.18651971,0.011460471,0.011120926,0.0
2025-11-11 04:00:00,solar.bun_library#realenergyintotheload#kwh,BUNDOORA,0.0,0.44956186,0.0049262512,0.0047802986,0.0
2025-11-11 05:00:00,solar.bun_library#realenergyintotheload#kwh,BUNDOORA,0.0,2.3723402,-0.0059845927,0.0,0.0
2025-11-11 06:00:00,solar.bun_library#realenergyintotheload#kwh,BUNDOORA,0.0,1.0013022,-0.0074369097,0.0,0.0
2025-11-11 07:00:00,solar.bun_library#realenergyintotheload#kwh,BUNDOORA,0.0,-0.3518319,7.9095483,7.675208,27.0
2025-11-11 08:00:00,solar.bun_library#realenergyintotheload#kwh,BUNDOORA,0.0,8.635178,21.047388,20.423807,65.0
2025-11-11 09:00:00,solar.bun_library#realenergyintotheload#kwh,BUNDOORA,0.0,1.178294,47.470562,46.06413,137.0
2025-11-11 10:00:00,solar.bun_library#realenergyintotheload#kwh,BUNDOORA,0.0,54.474262,139.88483,135.74039,395.0
2025-11-11 11:00:00,solar.bun_library#realenergyintotheload#kwh,BUNDOORA,0.0,64.496254,196.7864,190.95612,562.0
2025-11-11 12:00:00,solar.bun_library#realenergyintotheload#kwh,BUNDOORA,0.0,32.01673,61.517094,59.694496,179.0
2025-11-11 13:00:00,solar.bun_library#realenergyintotheload#kwh,BUNDOORA,0.0,65.45681,315.6266,306.27536,955.0
2025-11-11 14:00:00,solar.bun_library#realenergyintotheload#kwh,BUNDOORA,0.0,105.270676,272.0575,263.9971,799.0
2025-11-11 15:00:00,solar.bun_library#realenergyintotheload#kwh,BUNDOORA,0.0,125.902405,278.9224,270.65863,802.0
2025-11-11 16:00:00,solar.bun_library#realenergyintotheload#kwh,BUNDOORA,0.0,131.84958,124.83922,121.14054,351.0
2025-11-11 17:00:00,solar.bun_library#realenergyintotheload#kwh,BUNDOORA,0.0,171.30261,215.6909,209.30052,558.0
2025-11-11 18:00:00,solar.bun_library#realenergyintotheload#kwh,BUNDOORA,0.0,105.78221,123.33602,119.681885,329.0
2025-11-11 19:00:00,solar.bun_library#realenergyintotheload#kwh,BUNDOORA,0.0,104.850494,32.986374,32.00907,98.0
2025-11-11 20:00:00,solar.bun_library#realenergyintotheload#kwh,BUNDOORA,0.0,29.857176,6.136446,5.9546385,23.0
2025-11-11 21:00:00,solar.bun_library#realenergyintotheload#kwh,BUNDOORA,0.0,36.385765,-0.06808664,0.0,0.0
2025-11-11 22:00:00,solar.bun_library#realenergyintotheload#kwh,BUNDOORA,0.0,8.593369,-0.0013861831,0.0,0.0
2025-11-11 23:00:00,solar.bun_library#realenergyintotheload#kwh,BUNDOORA,0.0,0.18513453,0.0012403288,0.0012035809,0.0
2025-11-12 00:00:00,solar.bun_library#realenergyintotheload#kwh,BUNDOORA,0.0,0.38239422,-0.0073347017,0.0,0.0
2025-11-12 01:00:00,solar.bun_library#realenergyintotheload#kwh,BUNDOORA,0.0,-0.0052594673,-0.0097107645,0.0,0.0
2025-11-12 02:00:00,solar.bun_library#realenergyintotheload#kwh,BUNDOORA,0.0,-0.13815576,-0.0097107645,0.0,0.0
2025-11-12 03:00:00,solar.bun_library#realenergyintotheload#kwh,BUNDOORA,0.0,-0.15025772,-0.0097107645,0.0,0.0
2025-11-12 04:00:00,solar.bun_library#realenergyintotheload#kwh,BUNDOORA,0.0,-0.44823086,-0.006378649,0.0,0.0
2025-11-12 05:00:00,solar.bun_library#realenergyintotheload#kwh,BUNDOORA,0.0,9.058557,-0.0011264447,0.0,0.0
2025-11-12 06:00:00,solar.bun_library#realenergyintotheload#kwh,BUNDOORA,0.0,22.144247,-0.0011264447,0.0,0.0
2025-11-12 07:00:00,solar.bun_library#realenergyintotheload#kwh,BUNDOORA,0.0,9.784498,31.557608,30.622635,83.0
2025-11-12 08:00:00,solar.bun_library#realenergyintotheload#kwh,BUNDOORA,0.0,9.801512,109.229836,105.99363,266.0
2025-11-12 09:00:00,solar.bun_library#realenergyintotheload#kwh,BUNDOORA,0.0,40.547718,185.84142,180.3354,477.0
2025-11-12 10:00:00,solar.bun_library#realenergyintotheload#kwh,BUNDOORA,0.0,195.09644,238.54105,231.47366,647.0
2025-11-12 11:00:00,solar.bun_library#realenergyintotheload#kwh,BUNDOORA,0.0,119.60278,125.63131,121.909164,356.0
2025-11-12 12:00:00,solar.bun_library#realenergyintotheload#kwh,BUNDOORA,0.0,135.50887,168.82248,163.8207,504.0
2025-11-12 13:00:00,solar.bun_library#realenergyintotheload#kwh,BUNDOORA,0.0,137.81236,167.01186,162.0637,496.0
2025-11-12 14:00:00,solar.bun_library#realenergyintotheload#kwh,BUNDOORA,0.0,140.49197,169.03157,164.02359,505.0
2025-11-12 15:00:00,solar.bun_library#realenergyintotheload#kwh,BUNDOORA,0.0,127.83268,124.804955,121.10729,356.0
2025-11-12 16:00:00,solar.bun_library#realenergyintotheload#kwh,BUNDOORA,0.0,149.403,57.457813,55.75548,172.0
2025-11-12 17:00:00,solar.bun_library#realenergyintotheload#kwh,BUNDOORA,0.0,167.46422,118.70288,115.18601,331.0
2025-11-12 18:00:00,solar.bun_library#realenergyintotheload#kwh,BUNDOORA,0.0,197.29878,103.863205,100.785995,299.0
2025-11-12 19:00:00,solar.bun_library#realenergyintotheload#kwh,BUNDOORA,0.0,149.8568,36.343502,35.266735,109.0
2025-11-12 20:00:00,solar.bun_library#realenergyintotheload#kwh,BUNDOORA,0.0,85.36912,7.1020474,6.8916316,26.0
2025-11-12 21:00:00,solar.bun_library#realenergyintotheload#kwh,BUNDOORA,0.0,29.1906,0.12841222,0.12460768,0.0
2025-11-12 22:00:00,solar.bun_library#realenergyintotheload#kwh,BUNDOORA,0.0,8.324063,0.076719455,0.07444645,0.0
2025-11-12 23:00:00,solar.bun_library#realenergyintotheload#kwh,BUNDOORA,0.0,4.336223,0.09284893,0.090098046,0.0
2025-11-13 00:00:00,solar.bun_library#realenergyintotheload#kwh,BUNDOORA,0.0,1.66708,-0.028464694,0.0,0.0
2025-11-13 01:00:00,solar.bun_library#realenergyintotheload#kwh,BUNDOORA,0.0,4.341125,-0.038838044,0.0,0.0
2025-11-13 02:00:00,solar.bun_library#realenergyintotheload#kwh,BUNDOORA,0.0,2.603409,-0.028296813,0.0,0.0
2025-11-13 03:00:00,solar.bun_library#realenergyintotheload#kwh,BUNDOORA,0.0,-2.1412337,0.03256197,0.031597238,0.0
2025-11-13 04:00:00,solar.bun_library#realenergyintotheload#kwh,BUNDOORA,0.0,-2.1328542,-0.028859816,0.0,0.0
2025-11-13 05:00:00,solar.bun_library#realenergyintotheload#kwh,BUNDOORA,0.0,11.1772,-0.0011961723,0.0,0.0
2025-11-13 06:00:00,solar.bun_library#realenergyintotheload#kwh,BUNDOORA,0.0,70.773506,-0.032405645,0.0,0.0
2025-11-13 07:00:00,solar.bun_library#realenergyintotheload#kwh,BUNDOORA,0.0,120.469025,30.876852,29.962048,91.0
2025-11-13 08:00:00,solar.bun_library#realenergyintotheload#kwh,BUNDOORA,0.0,124.03856,114.70785,111.30934,295.0
2025-11-13 09:00:00,solar.bun_library#realenergyintotheload#kwh,BUNDOORA,0.0,179.40211,183.61076,178.17084,514.0
2025-11-13 10:00:00,solar.bun_library#realenergyintotheload#kwh,BUNDOORA,0.0,190.92215,239.25725,232.16866,711.0
2025-11-13 11:00:00,solar.bun_library#realenergyintotheload#kwh,BUNDOORA,0.0,218.15465,241.72125,234.55966,701.0
2025-11-13 12:00:00,solar.bun_library#realenergyintotheload#kwh,BUNDOORA,0.0,231.2311,237.95502,230.905,714.0
2025-11-13 13:00:00,solar.bun_library#realenergyintotheload#kwh,BUNDOORA,0.0,213.87758,262.62415,254.84325,802.0
2025-11-13 14:00:00,solar.bun_library#realenergyintotheload#kwh,BUNDOORA,0.0,219.1391,281.02667,272.70056,843.0
2025-11-13 15:00:00,solar.bun_library#realenergyintotheload#kwh,BUNDOORA,0.0,229.24779,298.30746,289.46936,882.0
2025-11-13 16:00:00,solar.bun_library#realenergyintotheload#kwh,BUNDOORA,0.0,209.81744,274.31464,266.18738,806.0
2025-11-13 17:00:00,solar.bun_library#realenergyintotheload#kwh,BUNDOORA,0.0,228.42818,220.82799,214.2854,625.0
2025-11-13 18:00:00,solar.bun_library#realenergyintotheload#kwh,BUNDOORA,0.0,199.37679,147.30783,142.94347,398.0
2025-11-13 19:00:00,solar.bun_library#realenergyintotheload#kwh,BUNDOORA,0.0,149.0505,66.12934,64.1701,194.0
2025-11-13 20:00:00,solar.bun_library#realenergyintotheload#kwh,BUNDOORA,0.0,91.96678,3.3556085,3.25619,14.0
2025-11-13 21:00:00,solar.bun_library#realenergyintotheload#kwh,BUNDOORA,0.0,15.207403,0.010920131,0.010596595,0.0
2025-11-13 22:00:00,solar.bun_library#realenergyintotheload#kwh,BUNDOORA,0.0,3.4564607,0.013836655,0.013426709,0.0
2025-11-13 23:00:00,solar.bun_library#realenergyintotheload#kwh,BUNDOORA,0.0,0.11220142,0.013593643,0.013190897,0.0
2025-11-14 00:00:00,solar.bun_library#realenergyintotheload#kwh,BUNDOORA,0.0,-0.060493574,-0.00015105726,0.0,0.0
2025-11-14 01:00:00,solar.bun_library#realenergyintotheload#kwh,BUNDOORA,0.0,0.18324286,0.11308673,0.10973626,0.0
2025-11-14 02:00:00,solar.bun_library#realenergyintotheload#kwh,BUNDOORA,0.0,-0.26760158,0.013125903,0.012737015,0.0
2025-11-14 03:00:00,solar.bun_library#realenergyintotheload#kwh,BUNDOORA,0.0,0.11645195,0.005840049,0.005667023,0.0
2025-11-14 04:00:00,solar.bun_library#realenergyintotheload#kwh,BUNDOORA,0.0,0.08114948,0.010168499,0.009867232,0.0
2025-11-14 05:00:00,solar.bun_library#realenergyintotheload#kwh,BUNDOORA,0.0,9.610448,0.010168499,0.009867232,0.0
2025-11-14 06:00:00,solar.bun_library#realenergyintotheload#kwh,BUNDOORA,0.0,17.558994,0.01791251,0.017381808,0.0
2025-11-14 07:00:00,solar.bun_library#realenergyintotheload#kwh,BUNDOORA,0.0,6.684883,14.858041,14.417834,52.0
2025-11-14 08:00:00,solar.bun_library#realenergyintotheload#kwh,BUNDOORA,0.0,-5.88186,112.61361,109.27715,290.0
2025-11-14 09:00:00,solar.bun_library#realenergyintotheload#kwh,BUNDOORA,0.0,71.02031,204.74368,198.67764,511.0
2025-11-14 10:00:00,solar.bun_library#realenergyintotheload#kwh,BUNDOORA,0.0,135.96571,256.01642,248.43129,714.0
2025-11-14 11:00:00,solar.bun_library#realenergyintotheload#kwh,BUNDOORA,0.0,178.2384,293.93964,285.23093,873.0
2025-11-14 12:00:00,solar.bun_library#realenergyintotheload#kwh,BUNDOORA,0.0,176.02927,318.33057,308.89923,986.0
2025-11-14 13:00:00,solar.bun_library#realenergyintotheload#kwh,BUNDOORA,0.0,217.92348,319.8807,310.40344,1040.0
2025-11-14 14:00:00,solar.bun_library#realenergyintotheload#kwh,BUNDOORA,0.0,260.231,321.08124,311.5684,1026.0
2025-11-14 15:00:00,solar.bun_library#realenergyintotheload#kwh,BUNDOORA,0.0,230.38023,310.27408,301.08142,948.0
2025-11-14 16:00:00,solar.bun_library#realenergyintotheload#kwh,BUNDOORA,0.0,227.51257,274.34863,266.22037,812.0
2025-11-14 17:00:00,solar.bun_library#realenergyintotheload#kwh,BUNDOORA,0.0,266.74725,224.0681,217.42952,630.0
2025-11-14 18:00:00,solar.bun_library#realenergyintotheload#kwh,BUNDOORA,0.0,185.08652,160.10663,155.36307,423.0
2025-11-14 19:00:00,solar.bun_library#realenergyintotheload#kwh,BUNDOORA,0.0,150.71686,60.72304,58.92397,174.0
2025-11-14 20:00:00,solar.bun_library#realenergyintotheload#kwh,BUNDOORA,0.0,80.66542,1.6373653,1.5888543,8.0
2025-11-14 21:00:00,solar.bun_library#realenergyintotheload#kwh,BUNDOORA,0.0,29.165913,0.026325963,0.02554599,0.0
2025-11-14 22:00:00,solar.bun_library#realenergyintotheload#kwh,BUNDOORA,0.0,12.047517,0.016248982,0.015767565,0.0
2025-11-14 23:00:00,solar.bun_library#realenergyintotheload#kwh,BUNDOORA,0.0,0.7299191,0.03578354,0.034723364,0.0
2025-11-15 00:00:00,solar.bun_library#realenergyintotheload#kwh,BUNDOORA,0.0,0.13964443,-0.00015105726,0.0,0.0
2025-11-15 01:00:00,solar.bun_library#realenergyintotheload#kwh,BUNDOORA,0.0,-0.09036412,-0.00015105726,0.0,0.0
2025-11-15 02:00:00,solar.bun_library#realenergyintotheload#kwh,BUNDOORA,0.0,-0.08340707,0.011460471,0.011120926,0.0
2025-11-15 03:00:00,solar.bun_library#realenergyintotheload#kwh,BUNDOORA,0.0,-0.034927733,0.008303222,0.008057219,0.0
2025-11-15 04:00:00,solar.bun_library#realenergyintotheload#kwh,BUNDOORA,0.0,0.040197335,-0.00015105726,0.0,0.0
2025-11-15 05:00:00,solar.bun_library#realenergyintotheload#kwh,BUNDOORA,0.0,1.0645974,-0.00015105726,0.0,0.0
2025-11-15 06:00:00,solar.bun_library#realenergyintotheload#kwh,BUNDOORA,0.0,0.8980822,-0.00015105726,0.0,0.0
2025-11-15 07:00:00,solar.bun_library#realenergyintotheload#kwh,BUNDOORA,0.0,-0.3314859,13.184596,12.793969,45.0
2025-11-15 08:00:00,solar.bun_library#realenergyintotheload#kwh,BUNDOORA,0.0,3.4596913,107.98394,104.784645,269.0
2025-11-15 09:00:00,solar.bun_library#realenergyintotheload#kwh,BUNDOORA,0.0,4.1993694,179.31905,174.00627,495.0
2025-11-15 10:00:00,solar.bun_library#realenergyintotheload#kwh,BUNDOORA,0.0,80.3272,242.68982,235.49953,691.0
2025-11-15 11:00:00,solar.bun_library#realenergyintotheload#kwh,BUNDOORA,0.0,173.01251,285.22064,276.77026,850.0
2025-11-15 12:00:00,solar.bun_library#realenergyintotheload#kwh,BUNDOORA,0.0,226.51047,299.76404,290.88278,905.0
2025-11-15 13:00:00,solar.bun_library#realenergyintotheload#kwh,BUNDOORA,0.0,178.52022,264.48343,256.64743,770.0
2025-11-15 14:00:00,solar.bun_library#realenergyintotheload#kwh,BUNDOORA,0.0,182.75537,196.24425,190.43002,591.0
2025-11-15 15:00:00,solar.bun_library#realenergyintotheload#kwh,BUNDOORA,0.0,191.8847,194.04433,188.29527,568.0
2025-11-15 16:00:00,solar.bun_library#realenergyintotheload#kwh,BUNDOORA,0.0,154.91566,139.97597,135.82883,403.0
2025-11-15 17:00:00,solar.bun_library#realenergyintotheload#kwh,BUNDOORA,0.0,118.614426,103.22129,100.1631,301.0
2025-11-15 18:00:00,solar.bun_library#realenergyintotheload#kwh,BUNDOORA,0.0,92.516106,60.6515,58.85455,181.0
2025-11-15 19:00:00,solar.bun_library#realenergyintotheload#kwh,BUNDOORA,0.0,109.36594,32.77882,31.807665,108.0
2025-11-15 20:00:00,solar.bun_library#realenergyintotheload#kwh,BUNDOORA,0.0,40.00046,4.7639394,4.6227956,20.0
2025-11-15 21:00:00,solar.bun_library#realenergyintotheload#kwh,BUNDOORA,0.0,21.56262,0.024202026,0.02348498,0.0
2025-11-15 22:00:00,solar.bun_library#realenergyintotheload#kwh,BUNDOORA,0.0,4.0845947,0.020869914,0.02025159,0.0
2025-11-15 23:00:00,solar.bun_library#realenergyintotheload#kwh,BUNDOORA,0.0,-0.20430216,0.020869914,0.02025159,0.0
2025-11-16 00:00:00,solar.bun_library#realenergyintotheload#kwh,BUNDOORA,0.0,-0.06056799,0.020869914,0.02025159,0.0
2025-11-16 01:00:00,solar.bun_library#realenergyintotheload#kwh,BUNDOORA,0.0,-0.18348981,0.020869914,0.02025159,0.0
2025-11-16 02:00:00,solar.bun_library#realenergyintotheload#kwh,BUNDOORA,0.0,-0.09812524,0.013125903,0.012737015,0.0
2025-11-16 03:00:00,solar.bun_library#realenergyintotheload#kwh,BUNDOORA,0.0,-0.09812524,0.011460471,0.011120926,0.0
2025-11-16 04:00:00,solar.bun_library#realenergyintotheload#kwh,BUNDOORA,0.0,-0.080445305,0.013125903,0.012737015,0.0
2025-11-16 05:00:00,solar.bun_library#realenergyintotheload#kwh,BUNDOORA,0.0,1.1573521,0.008303222,0.008057219,0.0
2025-11-16 06:00:00,solar.bun_library#realenergyintotheload#kwh,BUNDOORA,0.0,1.7138178,0.013125903,0.012737015,0.0
2025-11-16 07:00:00,solar.bun_library#realenergyintotheload#kwh,BUNDOORA,0.0,-0.0521944,11.265146,10.931388,39.0
2025-11-16 08:00:00,solar.bun_library#realenergyintotheload#kwh,BUNDOORA,0.0,2.871696,36.00561,34.938854,109.0
2025-11-16 09:00:00,solar.bun_library#realenergyintotheload#kwh,BUNDOORA,0.0,7.6532216,41.6033,40.370697,124.0
2025-11-16 10:00:00,solar.bun_library#realenergyintotheload#kwh,BUNDOORA,0.0,48.035877,150.9284,146.45677,424.0
2025-11-16 11:00:00,solar.bun_library#realenergyintotheload#kwh,BUNDOORA,0.0,64.15334,160.38466,155.63286,476.0
2025-11-16 12:00:00,solar.bun_library#realenergyintotheload#kwh,BUNDOORA,0.0,91.7408,46.510567,45.132576,143.0
2025-11-16 13:00:00,solar.bun_library#realenergyintotheload#kwh,BUNDOORA,0.0,102.671974,110.97571,107.687775,341.0
2025-11-16 14:00:00,solar.bun_library#realenergyintotheload#kwh,BUNDOORA,0.0,98.700676,184.1063,178.65169,543.0
2025-11-16 15:00:00,solar.bun_library#realenergyintotheload#kwh,BUNDOORA,0.0,104.46518,209.41685,203.21236,620.0
2025-11-16 16:00:00,solar.bun_library#realenergyintotheload#kwh,BUNDOORA,0.0,125.63241,91.77493,89.05587,268.0
2025-11-16 17:00:00,solar.bun_library#realenergyintotheload#kwh,BUNDOORA,0.0,157.4547,126.03414,122.300064,347.0
2025-11-16 18:00:00,solar.bun_library#realenergyintotheload#kwh,BUNDOORA,0.0,123.34001,58.97796,57.23059,178.0
2025-11-16 19:00:00,solar.bun_library#realenergyintotheload#kwh,BUNDOORA,0.0,73.82155,14.451495,14.023334,48.0
2025-11-16 20:00:00,solar.bun_library#realenergyintotheload#kwh,BUNDOORA,0.0,40.86168,2.0421054,1.9816029,9.0
2025-11-16 21:00:00,solar.bun_library#realenergyintotheload#kwh,BUNDOORA,0.0,7.2450433,0.00031668367,0.00030730112,0.0
2025-11-16 22:00:00,solar.bun_library#realenergyintotheload#kwh,BUNDOORA,0.0,0.8883997,0.0065916814,0.0063963863,0.0
2025-11-16 23:00:00,solar.bun_library#realenergyintotheload#kwh,BUNDOORA,0.0,-0.8421519,0.013836655,0.013426709,0.0
2025-11-17 00:00:00,solar.bun_library#realenergyintotheload#kwh,BUNDOORA,0.0,0.6386642,0.014335692,0.013910961,0.0
2025-11-17 01:00:00,solar.bun_library#realenergyintotheload#kwh,BUNDOORA,0.0,-0.50973386,0.013836655,0.013426709,0.0
2025-11-17 02:00:00,solar.bun_library#realenergyintotheload#kwh,BUNDOORA,0.0,0.50674057,0.014335692,0.013910961,0.0
2025-11-17 03:00:00,solar.bun_library#realenergyintotheload#kwh,BUNDOORA,0.0,-0.19943489,-0.001161912,0.0,0.0
2025-11-17 04:00:00,solar.bun_library#realenergyintotheload#kwh,BUNDOORA,0.0,-0.45718655,-0.0074369097,0.0,0.0
2025-11-17 05:00:00,solar.bun_library#realenergyintotheload#kwh,BUNDOORA,0.0,7.1097846,-0.0074369097,0.0,0.0
2025-11-17 06:00:00,solar.bun_library#realenergyintotheload#kwh,BUNDOORA,0.0,23.708025,-0.0031084602,0.0,0.0
2025-11-17 07:00:00,solar.bun_library#realenergyintotheload#kwh,BUNDOORA,0.0,-1.2977092,20.701717,20.088377,67.0
2025-11-17 08:00:00,solar.bun_library#realenergyintotheload#kwh,BUNDOORA,0.0,11.287052,46.413795,45.03867,138.0
2025-11-17 09:00:00,solar.bun_library#realenergyintotheload#kwh,BUNDOORA,0.0,33.622063,77.18075,74.89407,215.0
2025-11-17 10:00:00,solar.bun_library#realenergyintotheload#kwh,BUNDOORA,0.0,67.32193,111.63325,108.325836,322.0
2025-11-17 11:00:00,solar.bun_library#realenergyintotheload#kwh,BUNDOORA,0.0,63.32315,114.96051,111.55452,334.0
2025-11-17 12:00:00,solar.bun_library#realenergyintotheload#kwh,BUNDOORA,0.0,52.606335,93.019684,90.26374,284.0
2025-11-17 13:00:00,solar.bun_library#realenergyintotheload#kwh,BUNDOORA,0.0,45.70423,75.685875,73.44349,220.0
2025-11-17 14:00:00,solar.bun_library#realenergyintotheload#kwh,BUNDOORA,0.0,61.517788,113.90315,110.52849,339.0
2025-11-17 15:00:00,solar.bun_library#realenergyintotheload#kwh,BUNDOORA,0.0,46.061905,84.33751,81.8388,242.0
2025-11-17 16:00:00,solar.bun_library#realenergyintotheload#kwh,BUNDOORA,0.0,82.3474,76.55655,74.28837,225.0
2025-11-17 17:00:00,solar.bun_library#realenergyintotheload#kwh,BUNDOORA,0.0,65.24231,54.203106,52.597202,160.0
2025-11-17 18:00:00,solar.bun_library#realenergyintotheload#kwh,BUNDOORA,0.0,51.05071,42.334858,41.08058,124.0
2025-11-17 19:00:00,solar.bun_library#realenergyintotheload#kwh,BUNDOORA,0.0,38.204685,25.555431,24.798288,80.0
2025-11-17 20:00:00,solar.bun_library#realenergyintotheload#kwh,BUNDOORA,0.0,48.929962,2.693016,2.6132288,13.0
2025-11-17 21:00:00,solar.bun_library#realenergyintotheload#kwh,BUNDOORA,0.0,15.974457,0.017922092,0.017391106,0.0
2025-11-17 22:00:00,solar.bun_library#realenergyintotheload#kwh,BUNDOORA,0.0,4.4866395,0.00031668367,0.00030730112,0.0
2025-11-17 23:00:00,solar.bun_library#realenergyintotheload#kwh,BUNDOORA,0.0,0.13119459,0.013125903,0.012737015,0.0
2025-11-18 00:00:00,solar.bun_library#realenergyintotheload#kwh,BUNDOORA,0.0,0.17444682,0.020869914,0.02025159,0.0
2025-11-18 01:00:00,solar.bun_library#realenergyintotheload#kwh,BUNDOORA,0.0,0.14527011,0.020869914,0.02025159,0.0
2025-11-18 02:00:00,solar.bun_library#realenergyintotheload#kwh,BUNDOORA,0.0,-0.09598189,0.013125903,0.012737015,0.0
2025-11-18 03:00:00,solar.bun_library#realenergyintotheload#kwh,BUNDOORA,0.0,-0.03685429,0.016458016,0.015970405,0.0
2025-11-18 04:00:00,solar.bun_library#realenergyintotheload#kwh,BUNDOORA,0.0,1.6277355,0.024202026,0.02348498,0.0
2025-11-18 05:00:00,solar.bun_library#realenergyintotheload#kwh,BUNDOORA,0.0,6.750015,0.013125903,0.012737015,0.0
2025-11-18 06:00:00,solar.bun_library#realenergyintotheload#kwh,BUNDOORA,0.0,18.446245,0.014792585,0.014354317,0.0
2025-11-18 07:00:00,solar.bun_library#realenergyintotheload#kwh,BUNDOORA,0.0,15.444726,13.688135,13.28259,49.0
2025-11-18 08:00:00,solar.bun_library#realenergyintotheload#kwh,BUNDOORA,0.0,31.196407,57.4562,55.753918,165.0
2025-11-18 09:00:00,solar.bun_library#realenergyintotheload#kwh,BUNDOORA,0.0,-0.29647732,116.61786,113.162766,312.0
2025-11-18 10:00:00,solar.bun_library#realenergyintotheload#kwh,BUNDOORA,0.0,61.859257,77.3261,75.035126,230.0
2025-11-18 11:00:00,solar.bun_library#realenergyintotheload#kwh,BUNDOORA,0.0,83.44766,106.88452,103.7178,306.0
2025-11-18 12:00:00,solar.bun_library#realenergyintotheload#kwh,BUNDOORA,0.0,73.271324,69.8203,67.75169,211.0
2025-11-18 13:00:00,solar.bun_library#realenergyintotheload#kwh,BUNDOORA,0.0,106.452286,57.148502,55.455334,169.0
2025-11-18 14:00:00,solar.bun_library#realenergyintotheload#kwh,BUNDOORA,0.0,139.40958,154.99228,150.40024,452.0
2025-11-18 15:00:00,solar.bun_library#realenergyintotheload#kwh,BUNDOORA,0.0,151.03397,154.88945,150.30046,454.0
2025-11-18 16:00:00,solar.bun_library#realenergyintotheload#kwh,BUNDOORA,0.0,120.87724,93.57302,90.80069,277.0
2025-11-18 17:00:00,solar.bun_library#realenergyintotheload#kwh,BUNDOORA,0.0,107.16253,94.84735,92.03726,278.0
2025-11-18 18:00:00,solar.bun_library#realenergyintotheload#kwh,BUNDOORA,0.0,87.11434,81.430626,79.01804,237.0
2025-11-18 19:00:00,solar.bun_library#realenergyintotheload#kwh,BUNDOORA,0.0,84.97039,33.178806,32.1958,106.0
2025-11-18 20:00:00,solar.bun_library#realenergyintotheload#kwh,BUNDOORA,0.0,56.901096,8.9334755,8.668799,33.0
2025-11-18 21:00:00,solar.bun_library#realenergyintotheload#kwh,BUNDOORA,0.0,15.736428,0.013593643,0.013190897,0.0
2025-11-18 22:00:00,solar.bun_library#realenergyintotheload#kwh,BUNDOORA,0.0,1.4767802,0.013125903,0.012737015,0.0
2025-11-18 23:00:00,solar.bun_library#realenergyintotheload#kwh,BUNDOORA,0.0,0.019706676,0.013125903,0.012737015,0.0
2025-11-19 00:00:00,solar.bun_library#realenergyintotheload#kwh,BUNDOORA,0.0,-0.149354,0.020869914,0.02025159,0.0
2025-11-19 01:00:00,solar.bun_library#realenergyintotheload#kwh,BUNDOORA,0.0,-0.094703816,0.020869914,0.02025159,0.0
2025-11-19 02:00:00,solar.bun_library#realenergyintotheload#kwh,BUNDOORA,0.0,-0.1625275,0.013125903,0.012737015,0.0
2025-11-19 03:00:00,solar.bun_library#realenergyintotheload#kwh,BUNDOORA,0.0,-0.06819934,0.020869914,0.02025159,0.0
2025-11-19 04:00:00,solar.bun_library#realenergyintotheload#kwh,BUNDOORA,0.0,0.08000054,-0.00015105726,0.0,0.0
2025-11-19 05:00:00,solar.bun_library#realenergyintotheload#kwh,BUNDOORA,0.0,1.0615424,-0.00015105726,0.0,0.0
2025-11-19 06:00:00,solar.bun_library#realenergyintotheload#kwh,BUNDOORA,0.0,1.1685002,0.005661809,0.0054940637,0.0
2025-11-19 07:00:00,solar.bun_library#realenergyintotheload#kwh,BUNDOORA,0.0,4.1061707,23.935423,23.226276,82.0
2025-11-19 08:00:00,solar.bun_library#realenergyintotheload#kwh,BUNDOORA,0.0,6.0210605,62.791565,60.93121,187.0
2025-11-19 09:00:00,solar.bun_library#realenergyintotheload#kwh,BUNDOORA,0.0,30.369137,138.3816,134.28171,379.0
2025-11-19 10:00:00,solar.bun_library#realenergyintotheload#kwh,BUNDOORA,0.0,127.71848,221.42831,214.86795,619.0
2025-11-19 11:00:00,solar.bun_library#realenergyintotheload#kwh,BUNDOORA,0.0,127.027374,269.75195,261.7599,771.0
2025-11-19 12:00:00,solar.bun_library#realenergyintotheload#kwh,BUNDOORA,0.0,239.75323,265.45776,257.59293,791.0
2025-11-19 13:00:00,solar.bun_library#realenergyintotheload#kwh,BUNDOORA,0.0,242.25064,271.85626,263.80185,825.0
2025-11-19 14:00:00,solar.bun_library#realenergyintotheload#kwh,BUNDOORA,0.0,234.99442,297.88074,289.05527,892.0
2025-11-19 15:00:00,solar.bun_library#realenergyintotheload#kwh,BUNDOORA,0.0,248.76079,265.09668,257.24252,765.0
2025-11-19 16:00:00,solar.bun_library#realenergyintotheload#kwh,BUNDOORA,0.0,224.7255,212.6841,206.3828,604.0
2025-11-19 17:00:00,solar.bun_library#realenergyintotheload#kwh,BUNDOORA,0.0,286.0034,231.94472,225.07277,655.0
2025-11-19 18:00:00,solar.bun_library#realenergyintotheload#kwh,BUNDOORA,0.0,170.3423,155.35826,150.75539,441.0
2025-11-19 19:00:00,solar.bun_library#realenergyintotheload#kwh,BUNDOORA,0.0,161.34016,76.61287,74.34302,215.0
2025-11-19 20:00:00,solar.bun_library#realenergyintotheload#kwh,BUNDOORA,0.0,60.761738,6.82785,6.625558,26.0
2025-11-19 21:00:00,solar.bun_library#realenergyintotheload#kwh,BUNDOORA,0.0,26.505404,0.031162955,0.030239675,0.0
2025-11-19 22:00:00,solar.bun_library#realenergyintotheload#kwh,BUNDOORA,0.0,13.288542,0.03578354,0.034723364,0.0
2025-11-19 23:00:00,solar.bun_library#realenergyintotheload#kwh,BUNDOORA,0.0,-0.1931016,0.014762568,0.01432519,0.0
2025-11-20 00:00:00,solar.bun_library#realenergyintotheload#kwh,BUNDOORA,0.0,0.3047591,0.014762568,0.01432519,0.0
2025-11-20 01:00:00,solar.bun_library#realenergyintotheload#kwh,BUNDOORA,0.0,1.8821275,0.004856888,0.004712991,0.0
2025-11-20 02:00:00,solar.bun_library#realenergyintotheload#kwh,BUNDOORA,0.0,0.6250321,0.0379394,0.03681535,0.0
2025-11-20 03:00:00,solar.bun_library#realenergyintotheload#kwh,BUNDOORA,0.0,0.5682179,-0.012812782,0.0,0.0
2025-11-20 04:00:00,solar.bun_library#realenergyintotheload#kwh,BUNDOORA,0.0,0.38977575,0.016448434,0.015961109,0.0
2025-11-20 05:00:00,solar.bun_library#realenergyintotheload#kwh,BUNDOORA,0.0,6.651418,0.03578354,0.034723364,0.0
2025-11-20 06:00:00,solar.bun_library#realenergyintotheload#kwh,BUNDOORA,0.0,7.6239376,0.013116319,0.012727715,0.0
2025-11-20 07:00:00,solar.bun_library#realenergyintotheload#kwh,BUNDOORA,0.0,-3.1760888,25.52062,24.764507,81.0
2025-11-20 08:00:00,solar.bun_library#realenergyintotheload#kwh,BUNDOORA,0.0,-1.5661916,63.12086,61.250748,177.0
2025-11-20 09:00:00,solar.bun_library#realenergyintotheload#kwh,BUNDOORA,0.0,1.8205175,159.31941,154.59918,428.0
2025-11-20 10:00:00,solar.bun_library#realenergyintotheload#kwh,BUNDOORA,0.0,83.05147,175.05176,169.86542,477.0
2025-11-20 11:00:00,solar.bun_library#realenergyintotheload#kwh,BUNDOORA,0.0,160.2092,238.92326,231.84456,682.0
2025-11-20 12:00:00,solar.bun_library#realenergyintotheload#kwh,BUNDOORA,0.0,148.6542,262.79752,255.01147,755.0
2025-11-20 13:00:00,solar.bun_library#realenergyintotheload#kwh,BUNDOORA,0.0,190.85034,324.54303,314.92764,1049.0
2025-11-20 14:00:00,solar.bun_library#realenergyintotheload#kwh,BUNDOORA,0.0,129.75168,277.07208,268.86313,820.0
2025-11-20 15:00:00,solar.bun_library#realenergyintotheload#kwh,BUNDOORA,0.0,195.21144,209.90323,203.68433,611.0
2025-11-20 16:00:00,solar.bun_library#realenergyintotheload#kwh,BUNDOORA,0.0,221.70213,283.9476,275.53494,824.0
2025-11-20 17:00:00,solar.bun_library#realenergyintotheload#kwh,BUNDOORA,0.0,196.79985,236.13351,229.13747,670.0
2025-11-20 18:00:00,solar.bun_library#realenergyintotheload#kwh,BUNDOORA,0.0,147.10353,163.58247,158.73593,463.0
2025-11-20 19:00:00,solar.bun_library#realenergyintotheload#kwh,BUNDOORA,0.0,152.59378,84.79187,82.2797,244.0
2025-11-20 20:00:00,solar.bun_library#realenergyintotheload#kwh,BUNDOORA,0.0,98.184875,14.311398,13.887386,48.0
2025-11-20 21:00:00,solar.bun_library#realenergyintotheload#kwh,BUNDOORA,0.0,45.09896,0.03808119,0.036952943,0.0
2025-11-20 22:00:00,solar.bun_library#realenergyintotheload#kwh,BUNDOORA,0.0,16.024471,0.005461326,0.00529952,0.0
2025-11-20 23:00:00,solar.bun_library#realenergyintotheload#kwh,BUNDOORA,0.0,1.1065998,-0.007534152,0.0,0.0
2025-11-21 00:00:00,solar.bun_library#realenergyintotheload#kwh,BUNDOORA,0.0,1.0265758,-0.0073347017,0.0,0.0
2025-11-21 01:00:00,solar.bun_library#realenergyintotheload#kwh,BUNDOORA,0.0,0.61662334,0.0120004015,0.01164486,0.0
2025-11-21 02:00:00,solar.bun_library#realenergyintotheload#kwh,BUNDOORA,0.0,0.40395632,-0.0020917845,0.0,0.0
2025-11-21 03:00:00,solar.bun_library#realenergyintotheload#kwh,BUNDOORA,0.0,0.033289447,-0.010666817,0.0,0.0
2025-11-21 04:00:00,solar.bun_library#realenergyintotheload#kwh,BUNDOORA,0.0,0.38334578,-0.010666817,0.0,0.0
2025-11-21 05:00:00,solar.bun_library#realenergyintotheload#kwh,BUNDOORA,0.0,1.9152085,-0.010666817,0.0,0.0
2025-11-21 06:00:00,solar.bun_library#realenergyintotheload#kwh,BUNDOORA,0.0,12.234413,-0.010666817,0.0,0.0
2025-11-21 07:00:00,solar.bun_library#realenergyintotheload#kwh,BUNDOORA,0.0,14.617477,38.65654,37.511242,106.0
2025-11-21 08:00:00,solar.bun_library#realenergyintotheload#kwh,BUNDOORA,0.0,16.08434,121.496826,117.89718,317.0
2025-11-21 09:00:00,solar.bun_library#realenergyintotheload#kwh,BUNDOORA,0.0,177.88068,202.43867,196.44092,538.0
2025-11-21 10:00:00,solar.bun_library#realenergyintotheload#kwh,BUNDOORA,0.0,143.48598,248.98857,241.61166,733.0
2025-11-21 11:00:00,solar.bun_library#realenergyintotheload#kwh,BUNDOORA,0.0,178.42653,301.84164,292.89883,904.0
2025-11-21 12:00:00,solar.bun_library#realenergyintotheload#kwh,BUNDOORA,0.0,195.82338,321.06805,311.5556,998.0
2025-11-21 13:00:00,solar.bun_library#realenergyintotheload#kwh,BUNDOORA,0.0,241.21027,322.8067,313.24274,1066.0
2025-11-21 14:00:00,solar.bun_library#realenergyintotheload#kwh,BUNDOORA,0.0,234.92699,322.56595,313.00912,1053.0
2025-11-21 15:00:00,solar.bun_library#realenergyintotheload#kwh,BUNDOORA,0.0,183.25133,318.27274,308.8431,976.0
2025-11-21 16:00:00,solar.bun_library#realenergyintotheload#kwh,BUNDOORA,0.0,206.11826,286.25256,277.7716,842.0
2025-11-21 17:00:00,solar.bun_library#realenergyintotheload#kwh,BUNDOORA,0.0,180.81822,236.8315,229.81477,662.0
2025-11-21 18:00:00,solar.bun_library#realenergyintotheload#kwh,BUNDOORA,0.0,142.49464,162.05635,157.25502,435.0
2025-11-21 19:00:00,solar.bun_library#realenergyintotheload#kwh,BUNDOORA,0.0,150.86882,72.948135,70.786865,204.0
2025-11-21 20:00:00,solar.bun_library#realenergyintotheload#kwh,BUNDOORA,0.0,96.89642,9.500338,9.218866,31.0
2025-11-21 21:00:00,solar.bun_library#realenergyintotheload#kwh,BUNDOORA,0.0,44.63064,0.016417138,0.01593074,0.0
2025-11-21 22:00:00,solar.bun_library#realenergyintotheload#kwh,BUNDOORA,0.0,15.706127,0.07247146,0.07032432,0.0
2025-11-21 23:00:00,solar.bun_library#realenergyintotheload#kwh,BUNDOORA,0.0,-0.27344167,-0.0050687715,0.0,0.0
2025-11-22 00:00:00,solar.bun_library#realenergyintotheload#kwh,BUNDOORA,0.0,0.37113228,0.026374098,0.0255927,0.0
2025-11-22 01:00:00,solar.bun_library#realenergyintotheload#kwh,BUNDOORA,0.0,-0.14033678,0.03578354,0.034723364,0.0
2025-11-22 02:00:00,solar.bun_library#realenergyintotheload#kwh,BUNDOORA,0.0,-0.5357993,0.03578354,0.034723364,0.0
2025-11-22 03:00:00,solar.bun_library#realenergyintotheload#kwh,BUNDOORA,0.0,-0.6193316,0.005372308,0.00521314,0.0
2025-11-22 04:00:00,solar.bun_library#realenergyintotheload#kwh,BUNDOORA,0.0,-0.5497923,-0.007904651,0.0,0.0
2025-11-22 05:00:00,solar.bun_library#realenergyintotheload#kwh,BUNDOORA,0.0,4.3445697,0.013116319,0.012727715,0.0
2025-11-22 06:00:00,solar.bun_library#realenergyintotheload#kwh,BUNDOORA,0.0,6.436826,0.003706878,0.0035970525,0.0
2025-11-22 07:00:00,solar.bun_library#realenergyintotheload#kwh,BUNDOORA,0.0,1.1446568,11.837389,11.486677,40.0
2025-11-22 08:00:00,solar.bun_library#realenergyintotheload#kwh,BUNDOORA,0.0,29.17104,44.62634,43.304173,130.0
2025-11-22 09:00:00,solar.bun_library#realenergyintotheload#kwh,BUNDOORA,0.0,45.81636,58.809116,57.06675,173.0
2025-11-22 10:00:00,solar.bun_library#realenergyintotheload#kwh,BUNDOORA,0.0,116.87245,166.36732,161.43828,470.0
2025-11-22 11:00:00,solar.bun_library#realenergyintotheload#kwh,BUNDOORA,0.0,166.31645,162.70692,157.88632,477.0
2025-11-22 12:00:00,solar.bun_library#realenergyintotheload#kwh,BUNDOORA,0.0,180.02505,246.14803,238.85527,719.0
2025-11-22 13:00:00,solar.bun_library#realenergyintotheload#kwh,BUNDOORA,0.0,164.92888,252.54103,245.05887,746.0
2025-11-22 14:00:00,solar.bun_library#realenergyintotheload#kwh,BUNDOORA,0.0,242.26749,233.77547,226.84929,687.0
2025-11-22 15:00:00,solar.bun_library#realenergyintotheload#kwh,BUNDOORA,0.0,241.6077,254.64433,247.09985,763.0
2025-11-22 16:00:00,solar.bun_library#realenergyintotheload#kwh,BUNDOORA,0.0,191.30974,197.93198,192.06775,564.0
2025-11-22 17:00:00,solar.bun_library#realenergyintotheload#kwh,BUNDOORA,0.0,144.17285,54.26658,52.658794,165.0
2025-11-22 18:00:00,solar.bun_library#realenergyintotheload#kwh,BUNDOORA,0.0,91.14628,43.474487,42.186447,131.0
2025-11-22 19:00:00,solar.bun_library#realenergyintotheload#kwh,BUNDOORA,0.0,95.84235,21.945843,21.295643,70.0
2025-11-22 20:00:00,solar.bun_library#realenergyintotheload#kwh,BUNDOORA,0.0,51.523556,0.8272316,0.80272275,5.0
2025-11-22 21:00:00,solar.bun_library#realenergyintotheload#kwh,BUNDOORA,0.0,32.665306,0.003181057,0.0030868102,0.0
2025-11-22 22:00:00,solar.bun_library#realenergyintotheload#kwh,BUNDOORA,0.0,5.689001,0.00011109887,0.00010780728,0.0
2025-11-22 23:00:00,solar.bun_library#realenergyintotheload#kwh,BUNDOORA,0.0,-0.023274392,-0.00015105726,0.0,0.0
2025-11-23 00:00:00,solar.bun_library#realenergyintotheload#kwh,BUNDOORA,0.0,-0.5994838,-0.0128245065,0.0,0.0
2025-11-23 01:00:00,solar.bun_library#realenergyintotheload#kwh,BUNDOORA,0.0,0.31545898,-0.0128245065,0.0,0.0
2025-11-23 02:00:00,solar.bun_library#realenergyintotheload#kwh,BUNDOORA,0.0,-0.42061096,-0.012356766,0.0,0.0
2025-11-23 03:00:00,solar.bun_library#realenergyintotheload#kwh,BUNDOORA,0.0,-0.04834529,0.008303222,0.008057219,0.0
2025-11-23 04:00:00,solar.bun_library#realenergyintotheload#kwh,BUNDOORA,0.0,0.07445685,0.011460471,0.011120926,0.0
2025-11-23 05:00:00,solar.bun_library#realenergyintotheload#kwh,BUNDOORA,0.0,1.3421829,0.008303222,0.008057219,0.0
2025-11-23 06:00:00,solar.bun_library#realenergyintotheload#kwh,BUNDOORA,0.0,2.5580716,0.011460471,0.011120926,0.0
2025-11-23 07:00:00,solar.bun_library#realenergyintotheload#kwh,BUNDOORA,0.0,-1.7644061,13.224717,12.832902,41.0
2025-11-23 08:00:00,solar.bun_library#realenergyintotheload#kwh,BUNDOORA,0.0,2.0765083,31.76924,30.827995,90.0
2025-11-23 09:00:00,solar.bun_library#realenergyintotheload#kwh,BUNDOORA,0.0,8.917049,32.2778,31.321491,92.0
2025-11-23 10:00:00,solar.bun_library#realenergyintotheload#kwh,BUNDOORA,0.0,15.278636,43.67794,42.383873,129.0
2025-11-23 11:00:00,solar.bun_library#realenergyintotheload#kwh,BUNDOORA,0.0,12.867861,40.07665,38.88928,117.0
2025-11-23 12:00:00,solar.bun_library#realenergyintotheload#kwh,BUNDOORA,0.0,23.66566,41.76127,40.523987,125.0
2025-11-23 13:00:00,solar.bun_library#realenergyintotheload#kwh,BUNDOORA,0.0,32.99555,38.77114,37.622448,122.0
2025-11-23 14:00:00,solar.bun_library#realenergyintotheload#kwh,BUNDOORA,0.0,92.685036,38.7591,37.610767,123.0
2025-11-23 15:00:00,solar.bun_library#realenergyintotheload#kwh,BUNDOORA,0.0,110.06173,55.050266,53.419266,167.0
2025-11-23 16:00:00,solar.bun_library#realenergyintotheload#kwh,BUNDOORA,0.0,113.36049,67.376854,65.380646,201.0
2025-11-23 17:00:00,solar.bun_library#realenergyintotheload#kwh,BUNDOORA,0.0,77.79048,63.427235,61.548042,190.0
2025-11-23 18:00:00,solar.bun_library#realenergyintotheload#kwh,BUNDOORA,0.0,68.76609,50.300087,48.809822,151.0
2025-11-23 19:00:00,solar.bun_library#realenergyintotheload#kwh,BUNDOORA,0.0,50.538326,32.089058,31.13834,102.0
2025-11-23 20:00:00,solar.bun_library#realenergyintotheload#kwh,BUNDOORA,0.0,6.7053695,8.83279,8.571096,33.0
2025-11-23 21:00:00,solar.bun_library#realenergyintotheload#kwh,BUNDOORA,0.0,2.3494194,0.011763885,0.01141535,0.0
2025-11-23 22:00:00,solar.bun_library#realenergyintotheload#kwh,BUNDOORA,0.0,1.1839935,0.02113207,0.02050598,0.0
2025-11-23 23:00:00,solar.bun_library#realenergyintotheload#kwh,BUNDOORA,0.0,0.18295632,0.013125903,0.012737015,0.0
2025-11-24 00:00:00,solar.bun_library#realenergyintotheload#kwh,BUNDOORA,0.0,0.036471777,0.013125903,0.012737015,0.0
2025-11-24 01:00:00,solar.bun_library#realenergyintotheload#kwh,BUNDOORA,0.0,0.0020266678,0.013125903,0.012737015,0.0
2025-11-24 02:00:00,solar.bun_library#realenergyintotheload#kwh,BUNDOORA,0.0,0.036471777,0.013125903,0.012737015,0.0
2025-11-24 03:00:00,solar.bun_library#realenergyintotheload#kwh,BUNDOORA,0.0,0.100874044,0.011460471,0.011120926,0.0
2025-11-24 04:00:00,solar.bun_library#realenergyintotheload#kwh,BUNDOORA,,0.21557619,0.020869914,0.02025159,0.0
2025-11-24 05:00:00,solar.bun_library#realenergyintotheload#kwh,BUNDOORA,,1.342131,0.020869914,0.02025159,0.0
2025-11-24 06:00:00,solar.bun_library#realenergyintotheload#kwh,BUNDOORA,,-0.03755826,-0.0029132236,0.0,0.0
2025-11-24 07:00:00,solar.bun_library#realenergyintotheload#kwh,BUNDOORA,,0.22702622,30.271288,29.374426,97.0
2025-11-24 08:00:00,solar.bun_library#realenergyintotheload#kwh,BUNDOORA,,-4.4379306,101.83232,98.815285,276.0
2025-11-24 09:00:00,solar.bun_library#realenergyintotheload#kwh,BUNDOORA,,-1.8119909,187.76653,182.20348,509.0
2025-11-24 10:00:00,solar.bun_library#realenergyintotheload#kwh,BUNDOORA,,60.230164,237.1551,230.1288,702.0
2025-11-24 11:00:00,solar.bun_library#realenergyintotheload#kwh,BUNDOORA,,167.44196,291.12314,282.4979,862.0
