timestamp,meter,campus,Meter_reading,Real_model_prediction,Simulated_model,Simulated_degraded,global_horizontal_irradiance
2025-01-01 01:00:00,solar.bun_carm1#realenergyintotheload#kwh,BUNDOORA,0.0,0.39266557,0.0022359472,0.0021697017,0.0
2025-01-01 02:00:00,solar.bun_carm1#realenergyintotheload#kwh,BUNDOORA,0.0,0.09357422,0.0022359472,0.0021697017,0.0
2025-01-01 03:00:00,solar.bun_carm1#realenergyintotheload#kwh,BUNDOORA,0.0,0.0861345,0.0022359472,0.0021697017,0.0
2025-01-01 04:00:00,solar.bun_carm1#realenergyintotheload#kwh,BUNDOORA,0.0,0.07889806,0.0021689106,0.0021046512,0.0
2025-01-01 05:00:00,solar.bun_carm1#realenergyintotheload#kwh,BUNDOORA,0.0,0.18736742,0.0021689106,0.0021046512,0.0
2025-01-01 06:00:00,solar.bun_carm1#realenergyintotheload#kwh,BUNDOORA,0.0,1.4378705,0.0018730203,0.0018175275,0.0
2025-01-01 07:00:00,solar.bun_carm1#realenergyintotheload#kwh,BUNDOORA,0.8125,3.7142172,3.5202103,3.4159153,48.0
2025-01-01 08:00:00,solar.bun_carm1#realenergyintotheload#kwh,BUNDOORA,4.6875,17.891745,10.799201,10.479248,140.0
2025-01-01 09:00:00,solar.bun_carm1#realenergyintotheload#kwh,BUNDOORA,14.40625,25.625618,19.653944,19.071648,247.0
2025-01-01 10:00:00,solar.bun_carm1#realenergyintotheload#kwh,BUNDOORA,24.0,31.201845,28.208445,27.3727,355.0
2025-01-01 11:00:00,solar.bun_carm1#realenergyintotheload#kwh,BUNDOORA,40.09375,42.246216,46.63026,45.248722,624.0
2025-01-01 12:00:00,solar.bun_carm1#realenergyintotheload#kwh,BUNDOORA,56.71875,64.47841,66.59836,64.62521,960.0
2025-01-01 13:00:00,solar.bun_carm1#realenergyintotheload#kwh,BUNDOORA,76.0,70.316734,70.520515,68.43117,1072.0
2025-01-01 14:00:00,solar.bun_carm1#realenergyintotheload#kwh,BUNDOORA,74.09375,70.87929,70.45611,68.36867,1077.0
2025-01-01 15:00:00,solar.bun_carm1#realenergyintotheload#kwh,BUNDOORA,74.09375,72.11956,68.79976,66.76139,1019.0
2025-01-01 16:00:00,solar.bun_carm1#realenergyintotheload#kwh,BUNDOORA,68.34375,64.844574,63.34338,61.466675,901.0
2025-01-01 17:00:00,solar.bun_carm1#realenergyintotheload#kwh,BUNDOORA,58.78125,52.375328,53.74675,52.15437,736.0
2025-01-01 18:00:00,solar.bun_carm1#realenergyintotheload#kwh,BUNDOORA,39.09375,31.148027,37.505226,36.39404,514.0
2025-01-01 19:00:00,solar.bun_carm1#realenergyintotheload#kwh,BUNDOORA,12.65625,15.695092,8.78687,8.526537,119.0
2025-01-01 20:00:00,solar.bun_carm1#realenergyintotheload#kwh,BUNDOORA,5.75,9.9190445,6.029122,5.850494,81.0
2025-01-01 21:00:00,solar.bun_carm1#realenergyintotheload#kwh,BUNDOORA,0.90625,2.6911492,-0.003302148,0.0,1.0
2025-01-01 22:00:00,solar.bun_carm1#realenergyintotheload#kwh,BUNDOORA,0.0,0.80845314,-0.00049232197,0.0,0.0
2025-01-01 23:00:00,solar.bun_carm1#realenergyintotheload#kwh,BUNDOORA,0.0,0.212116,0.009077809,0.008808856,0.0
2025-01-02 00:00:00,solar.bun_carm1#realenergyintotheload#kwh,BUNDOORA,0.0,0.7969151,0.0031350818,0.003042197,0.0
2025-01-02 01:00:00,solar.bun_carm1#realenergyintotheload#kwh,BUNDOORA,0.0,0.50552607,0.0033522416,0.003252923,0.0
2025-01-02 02:00:00,solar.bun_carm1#realenergyintotheload#kwh,BUNDOORA,0.0,0.052196845,0.002762419,0.0026805755,0.0
2025-01-02 03:00:00,solar.bun_carm1#realenergyintotheload#kwh,BUNDOORA,0.0,-0.08995974,0.0025106422,0.0024362581,0.0
2025-01-02 04:00:00,solar.bun_carm1#realenergyintotheload#kwh,BUNDOORA,0.0,0.31789935,0.0013791334,0.0013382732,0.0
2025-01-02 05:00:00,solar.bun_carm1#realenergyintotheload#kwh,BUNDOORA,0.0,-0.05504741,0.00066902995,0.00064920826,0.0
2025-01-02 06:00:00,solar.bun_carm1#realenergyintotheload#kwh,BUNDOORA,0.0,0.7569614,0.0020458903,0.0019852757,0.0
2025-01-02 07:00:00,solar.bun_carm1#realenergyintotheload#kwh,BUNDOORA,3.0625,9.915823,5.68506,5.516626,76.0
2025-01-02 08:00:00,solar.bun_carm1#realenergyintotheload#kwh,BUNDOORA,15.46875,21.036983,20.642632,20.031042,278.0
2025-01-02 09:00:00,solar.bun_carm1#realenergyintotheload#kwh,BUNDOORA,35.5625,33.86887,36.460175,35.37995,483.0
2025-01-02 10:00:00,solar.bun_carm1#realenergyintotheload#kwh,BUNDOORA,40.5625,43.29238,46.873604,45.484856,625.0
2025-01-02 11:00:00,solar.bun_carm1#realenergyintotheload#kwh,BUNDOORA,59.5,66.7345,61.222923,59.409042,879.0
2025-01-02 12:00:00,solar.bun_carm1#realenergyintotheload#kwh,BUNDOORA,68.09375,69.23041,67.159454,65.169685,1005.0
2025-01-02 13:00:00,solar.bun_carm1#realenergyintotheload#kwh,BUNDOORA,76.5625,68.07167,69.62106,67.558365,1074.0
2025-01-02 14:00:00,solar.bun_carm1#realenergyintotheload#kwh,BUNDOORA,77.90625,68.25855,69.9804,67.90706,1082.0
2025-01-02 15:00:00,solar.bun_carm1#realenergyintotheload#kwh,BUNDOORA,75.75,69.40791,69.39165,67.33575,1028.0
2025-01-02 16:00:00,solar.bun_carm1#realenergyintotheload#kwh,BUNDOORA,70.5,65.14299,64.318634,62.413033,917.0
2025-01-02 17:00:00,solar.bun_carm1#realenergyintotheload#kwh,BUNDOORA,60.34375,55.73732,54.882477,53.256447,755.0
2025-01-02 18:00:00,solar.bun_carm1#realenergyintotheload#kwh,BUNDOORA,46.25,39.18445,40.254913,39.06226,558.0
2025-01-02 19:00:00,solar.bun_carm1#realenergyintotheload#kwh,BUNDOORA,27.4375,29.088419,25.043493,24.301517,342.0
2025-01-02 20:00:00,solar.bun_carm1#realenergyintotheload#kwh,BUNDOORA,8.84375,9.038558,9.558325,9.275136,135.0
2025-01-02 21:00:00,solar.bun_carm1#realenergyintotheload#kwh,BUNDOORA,0.71875,0.8738196,-0.001396832,0.0,2.0
2025-01-02 22:00:00,solar.bun_carm1#realenergyintotheload#kwh,BUNDOORA,0.0,-0.20078431,0.00041451812,0.00040223697,0.0
2025-01-02 23:00:00,solar.bun_carm1#realenergyintotheload#kwh,BUNDOORA,0.0,-0.07742818,0.00066902995,0.00064920826,0.0
2025-01-03 00:00:00,solar.bun_carm1#realenergyintotheload#kwh,BUNDOORA,0.0,0.004754414,0.0013791334,0.0013382732,0.0
2025-01-03 01:00:00,solar.bun_carm1#realenergyintotheload#kwh,BUNDOORA,0.0,0.020393873,0.0020458903,0.0019852757,0.0
2025-01-03 02:00:00,solar.bun_carm1#realenergyintotheload#kwh,BUNDOORA,0.0,0.041596197,0.0018930198,0.0018369344,0.0
2025-01-03 03:00:00,solar.bun_carm1#realenergyintotheload#kwh,BUNDOORA,0.0,0.041956354,0.0018930198,0.0018369344,0.0
2025-01-03 04:00:00,solar.bun_carm1#realenergyintotheload#kwh,BUNDOORA,0.0,0.034172792,0.0013604376,0.0013201312,0.0
2025-01-03 05:00:00,solar.bun_carm1#realenergyintotheload#kwh,BUNDOORA,0.0,0.011602907,0.0013604376,0.0013201312,0.0
2025-01-03 06:00:00,solar.bun_carm1#realenergyintotheload#kwh,BUNDOORA,0.0,0.31421039,0.0013604376,0.0013201312,0.0
2025-01-03 07:00:00,solar.bun_carm1#realenergyintotheload#kwh,BUNDOORA,1.75,3.9917285,6.5564523,6.3622007,85.0
2025-01-03 08:00:00,solar.bun_carm1#realenergyintotheload#kwh,BUNDOORA,15.09375,23.229881,21.043705,20.420233,280.0
2025-01-03 09:00:00,solar.bun_carm1#realenergyintotheload#kwh,BUNDOORA,32.40625,37.455025,36.879524,35.786877,493.0
2025-01-03 10:00:00,solar.bun_carm1#realenergyintotheload#kwh,BUNDOORA,48.03125,48.63418,50.65758,49.156723,695.0
2025-01-03 11:00:00,solar.bun_carm1#realenergyintotheload#kwh,BUNDOORA,59.5625,62.36825,60.435394,58.644844,868.0
2025-01-03 12:00:00,solar.bun_carm1#realenergyintotheload#kwh,BUNDOORA,67.9375,68.406105,69.109055,67.06152,990.0
2025-01-03 13:00:00,solar.bun_carm1#realenergyintotheload#kwh,BUNDOORA,70.59375,67.11292,70.71189,68.616875,1058.0
2025-01-03 14:00:00,solar.bun_carm1#realenergyintotheload#kwh,BUNDOORA,72.21875,67.14308,68.86259,66.82236,1065.0
2025-01-03 15:00:00,solar.bun_carm1#realenergyintotheload#kwh,BUNDOORA,68.53125,68.6242,68.35531,66.33011,1011.0
2025-01-03 16:00:00,solar.bun_carm1#realenergyintotheload#kwh,BUNDOORA,65.03125,63.999924,61.90824,60.074055,899.0
2025-01-03 17:00:00,solar.bun_carm1#realenergyintotheload#kwh,BUNDOORA,54.90625,50.810482,52.681477,51.120655,738.0
2025-01-03 18:00:00,solar.bun_carm1#realenergyintotheload#kwh,BUNDOORA,42.78125,37.405846,39.308556,38.14394,544.0
2025-01-03 19:00:00,solar.bun_carm1#realenergyintotheload#kwh,BUNDOORA,25.5625,31.010649,24.645985,23.915785,333.0
2025-01-03 20:00:00,solar.bun_carm1#realenergyintotheload#kwh,BUNDOORA,8.28125,12.197761,9.3971195,9.118707,131.0
2025-01-03 21:00:00,solar.bun_carm1#realenergyintotheload#kwh,BUNDOORA,0.53125,2.6530125,-0.0026438867,0.0,2.0
2025-01-03 22:00:00,solar.bun_carm1#realenergyintotheload#kwh,BUNDOORA,0.0,0.060287435,-0.00055238605,0.0,0.0
2025-01-03 23:00:00,solar.bun_carm1#realenergyintotheload#kwh,BUNDOORA,0.0,0.116606764,0.0009937463,0.0009643041,0.0
2025-01-04 00:00:00,solar.bun_carm1#realenergyintotheload#kwh,BUNDOORA,0.0,0.20760575,0.0022663472,0.002199201,0.0
2025-01-04 01:00:00,solar.bun_carm1#realenergyintotheload#kwh,BUNDOORA,0.0,0.14671385,0.0022663472,0.002199201,0.0
2025-01-04 02:00:00,solar.bun_carm1#realenergyintotheload#kwh,BUNDOORA,0.0,0.17063756,0.0022663472,0.002199201,0.0
2025-01-04 03:00:00,solar.bun_carm1#realenergyintotheload#kwh,BUNDOORA,0.0,0.26527345,0.0022663472,0.002199201,0.0
2025-01-04 04:00:00,solar.bun_carm1#realenergyintotheload#kwh,BUNDOORA,0.0,0.29557446,0.0007501659,0.00072794035,0.0
2025-01-04 05:00:00,solar.bun_carm1#realenergyintotheload#kwh,BUNDOORA,0.0,-0.20461555,0.0022411188,0.0021747202,0.0
2025-01-04 06:00:00,solar.bun_carm1#realenergyintotheload#kwh,BUNDOORA,0.0,1.6929477,0.0018231992,0.0017691824,0.0
2025-01-04 07:00:00,solar.bun_carm1#realenergyintotheload#kwh,BUNDOORA,1.5,8.538484,6.376167,6.187257,86.0
2025-01-04 08:00:00,solar.bun_carm1#realenergyintotheload#kwh,BUNDOORA,15.40625,29.635597,20.987675,20.365862,285.0
2025-01-04 09:00:00,solar.bun_carm1#realenergyintotheload#kwh,BUNDOORA,32.75,36.749855,36.76019,35.671078,501.0
2025-01-04 10:00:00,solar.bun_carm1#realenergyintotheload#kwh,BUNDOORA,47.03125,52.299587,50.47284,48.977455,705.0
2025-01-04 11:00:00,solar.bun_carm1#realenergyintotheload#kwh,BUNDOORA,52.03125,66.32834,60.255142,58.469933,878.0
2025-01-04 12:00:00,solar.bun_carm1#realenergyintotheload#kwh,BUNDOORA,68.03125,66.15455,63.15701,61.285824,1001.0
2025-01-04 13:00:00,solar.bun_carm1#realenergyintotheload#kwh,BUNDOORA,70.625,65.29827,65.41619,63.478073,1067.0
2025-01-04 14:00:00,solar.bun_carm1#realenergyintotheload#kwh,BUNDOORA,57.15625,50.80761,53.46391,51.879906,748.0
2025-01-04 15:00:00,solar.bun_carm1#realenergyintotheload#kwh,BUNDOORA,40.59375,33.191307,33.422775,32.43254,446.0
2025-01-04 16:00:00,solar.bun_carm1#realenergyintotheload#kwh,BUNDOORA,58.8125,60.66805,60.463627,58.67224,893.0
2025-01-04 17:00:00,solar.bun_carm1#realenergyintotheload#kwh,BUNDOORA,44.1875,42.880077,48.6273,47.186596,659.0
2025-01-04 18:00:00,solar.bun_carm1#realenergyintotheload#kwh,BUNDOORA,30.46875,29.057657,33.53066,32.537228,448.0
2025-01-04 19:00:00,solar.bun_carm1#realenergyintotheload#kwh,BUNDOORA,18.96875,13.506118,12.809213,12.429708,165.0
2025-01-04 20:00:00,solar.bun_carm1#realenergyintotheload#kwh,BUNDOORA,5.8125,8.862752,4.15851,4.035304,56.0
2025-01-04 21:00:00,solar.bun_carm1#realenergyintotheload#kwh,BUNDOORA,1.8125,1.252007,0.0015010869,0.0014566134,0.0
2025-01-04 22:00:00,solar.bun_carm1#realenergyintotheload#kwh,BUNDOORA,0.0,-0.091538265,0.0030459259,0.0029556828,0.0
2025-01-04 23:00:00,solar.bun_carm1#realenergyintotheload#kwh,BUNDOORA,0.0,-0.2133127,0.0031471725,0.0030539297,0.0
2025-01-05 00:00:00,solar.bun_carm1#realenergyintotheload#kwh,BUNDOORA,0.0,-0.16741015,0.003002157,0.0029132105,0.0
2025-01-05 01:00:00,solar.bun_carm1#realenergyintotheload#kwh,BUNDOORA,0.0,-0.21793541,0.002895433,0.0028096486,0.0
2025-01-05 02:00:00,solar.bun_carm1#realenergyintotheload#kwh,BUNDOORA,0.0,0.06265142,-0.001737899,0.0,0.0
2025-01-05 03:00:00,solar.bun_carm1#realenergyintotheload#kwh,BUNDOORA,0.0,0.3810248,0.0002522532,0.00024477957,0.0
2025-01-05 04:00:00,solar.bun_carm1#realenergyintotheload#kwh,BUNDOORA,0.0,-0.13546692,0.0003938346,0.00038216627,0.0
2025-01-05 05:00:00,solar.bun_carm1#realenergyintotheload#kwh,BUNDOORA,0.0,0.14544834,0.0013575898,0.0013173679,0.0
2025-01-05 06:00:00,solar.bun_carm1#realenergyintotheload#kwh,BUNDOORA,0.0,0.4019328,0.0015442144,0.0014984632,0.0
2025-01-05 07:00:00,solar.bun_carm1#realenergyintotheload#kwh,BUNDOORA,0.6875,2.1009521,2.1187992,2.0560246,32.0
2025-01-05 08:00:00,solar.bun_carm1#realenergyintotheload#kwh,BUNDOORA,5.25,8.370887,10.002384,9.706038,127.0
2025-01-05 09:00:00,solar.bun_carm1#realenergyintotheload#kwh,BUNDOORA,14.96875,21.049294,22.777908,22.103056,297.0
2025-01-05 10:00:00,solar.bun_carm1#realenergyintotheload#kwh,BUNDOORA,22.75,23.932634,20.212305,19.613464,262.0
2025-01-05 11:00:00,solar.bun_carm1#realenergyintotheload#kwh,BUNDOORA,42.09375,48.93637,53.40308,51.82088,749.0
2025-01-05 12:00:00,solar.bun_carm1#realenergyintotheload#kwh,BUNDOORA,65.625,61.5143,61.762,59.932148,906.0
2025-01-05 13:00:00,solar.bun_carm1#realenergyintotheload#kwh,BUNDOORA,52.375,59.99588,65.08664,63.158283,948.0
2025-01-05 14:00:00,solar.bun_carm1#realenergyintotheload#kwh,BUNDOORA,47.0625,32.25841,40.81256,39.603386,557.0
2025-01-05 15:00:00,solar.bun_carm1#realenergyintotheload#kwh,BUNDOORA,61.21875,34.059338,32.840927,31.867933,441.0
2025-01-05 16:00:00,solar.bun_carm1#realenergyintotheload#kwh,BUNDOORA,44.53125,35.985912,28.08295,27.250923,381.0
2025-01-05 17:00:00,solar.bun_carm1#realenergyintotheload#kwh,BUNDOORA,18.5,13.627788,9.047888,8.779821,119.0
2025-01-05 18:00:00,solar.bun_carm1#realenergyintotheload#kwh,BUNDOORA,5.28125,6.072162,3.467175,3.3644512,46.0
2025-01-05 19:00:00,solar.bun_carm1#realenergyintotheload#kwh,BUNDOORA,0.75,6.9080153,3.6666427,3.5580091,52.0
2025-01-05 20:00:00,solar.bun_carm1#realenergyintotheload#kwh,BUNDOORA,0.53125,6.0695553,1.4563907,1.4132415,24.0
2025-01-05 21:00:00,solar.bun_carm1#realenergyintotheload#kwh,BUNDOORA,0.0625,1.4634018,-0.0010177017,0.0,0.0
2025-01-05 22:00:00,solar.bun_carm1#realenergyintotheload#kwh,BUNDOORA,0.0,-0.18363738,-0.0011824842,0.0,0.0
2025-01-05 23:00:00,solar.bun_carm1#realenergyintotheload#kwh,BUNDOORA,0.0,-0.25400445,0.004876786,0.004732299,0.0
2025-01-06 00:00:00,solar.bun_carm1#realenergyintotheload#kwh,BUNDOORA,0.0,-0.24340388,0.0009620618,0.00093355833,0.0
2025-01-06 01:00:00,solar.bun_carm1#realenergyintotheload#kwh,BUNDOORA,0.0,-0.23005396,-0.0005453868,0.0,0.0
2025-01-06 02:00:00,solar.bun_carm1#realenergyintotheload#kwh,BUNDOORA,0.0,-0.11344415,0.0016661726,0.0016168081,0.0
2025-01-06 03:00:00,solar.bun_carm1#realenergyintotheload#kwh,BUNDOORA,0.0,-0.2438462,-0.0005453868,0.0,0.0
2025-01-06 04:00:00,solar.bun_carm1#realenergyintotheload#kwh,BUNDOORA,0.0,-0.17658843,0.0028325978,0.002748675,0.0
2025-01-06 05:00:00,solar.bun_carm1#realenergyintotheload#kwh,BUNDOORA,0.0,-0.23302886,0.0032526841,0.0031563153,0.0
2025-01-06 06:00:00,solar.bun_carm1#realenergyintotheload#kwh,BUNDOORA,0.0,0.68918055,0.0030580056,0.0029674044,0.0
2025-01-06 07:00:00,solar.bun_carm1#realenergyintotheload#kwh,BUNDOORA,0.40625,2.4937768,1.4753244,1.4316142,23.0
2025-01-06 08:00:00,solar.bun_carm1#realenergyintotheload#kwh,BUNDOORA,0.84375,5.479586,4.8197403,4.6769433,63.0
2025-01-06 09:00:00,solar.bun_carm1#realenergyintotheload#kwh,BUNDOORA,1.46875,5.6136975,5.3434277,5.1851153,68.0
2025-01-06 10:00:00,solar.bun_carm1#realenergyintotheload#kwh,BUNDOORA,1.6875,4.419011,2.877552,2.7922974,39.0
2025-01-06 11:00:00,solar.bun_carm1#realenergyintotheload#kwh,BUNDOORA,3.40625,5.481327,6.560011,6.365654,84.0
2025-01-06 12:00:00,solar.bun_carm1#realenergyintotheload#kwh,BUNDOORA,8.625,8.997334,12.555856,12.183857,163.0
2025-01-06 13:00:00,solar.bun_carm1#realenergyintotheload#kwh,BUNDOORA,12.78125,8.962592,12.612278,12.238607,159.0
2025-01-06 14:00:00,solar.bun_carm1#realenergyintotheload#kwh,BUNDOORA,16.875,16.223124,19.837202,19.249475,252.0
2025-01-06 15:00:00,solar.bun_carm1#realenergyintotheload#kwh,BUNDOORA,14.59375,14.067338,15.251421,14.79956,196.0
2025-01-06 16:00:00,solar.bun_carm1#realenergyintotheload#kwh,BUNDOORA,14.71875,10.236935,11.339584,11.003621,149.0
2025-01-06 17:00:00,solar.bun_carm1#realenergyintotheload#kwh,BUNDOORA,13.0625,7.5392127,7.433204,7.212977,97.0
2025-01-06 18:00:00,solar.bun_carm1#realenergyintotheload#kwh,BUNDOORA,18.0,23.117912,14.174276,13.754328,181.0
2025-01-06 19:00:00,solar.bun_carm1#realenergyintotheload#kwh,BUNDOORA,12.15625,16.823221,15.154891,14.70589,191.0
2025-01-06 20:00:00,solar.bun_carm1#realenergyintotheload#kwh,BUNDOORA,6.71875,10.114445,4.30925,4.1815777,59.0
2025-01-06 21:00:00,solar.bun_carm1#realenergyintotheload#kwh,BUNDOORA,0.75,1.0529331,0.0026238025,0.0025460657,2.0
2025-01-06 22:00:00,solar.bun_carm1#realenergyintotheload#kwh,BUNDOORA,0.0,0.4024294,0.001996756,0.0019375972,0.0
2025-01-06 23:00:00,solar.bun_carm1#realenergyintotheload#kwh,BUNDOORA,0.0,-0.06456502,0.0013791334,0.0013382732,0.0
2025-01-07 00:00:00,solar.bun_carm1#realenergyintotheload#kwh,BUNDOORA,0.0,0.11080673,0.0020458903,0.0019852757,0.0
2025-01-07 01:00:00,solar.bun_carm1#realenergyintotheload#kwh,BUNDOORA,0.0,0.22301768,0.0018930198,0.0018369344,0.0
2025-01-07 02:00:00,solar.bun_carm1#realenergyintotheload#kwh,BUNDOORA,0.0,0.088714354,0.0020450968,0.0019845057,0.0
2025-01-07 03:00:00,solar.bun_carm1#realenergyintotheload#kwh,BUNDOORA,0.0,-0.017924005,0.0016821693,0.0016323308,0.0
2025-01-07 04:00:00,solar.bun_carm1#realenergyintotheload#kwh,BUNDOORA,0.0,-0.03357758,0.0020450968,0.0019845057,0.0
2025-01-07 05:00:00,solar.bun_carm1#realenergyintotheload#kwh,BUNDOORA,0.0,0.40413192,0.002163938,0.002099826,0.0
2025-01-07 06:00:00,solar.bun_carm1#realenergyintotheload#kwh,BUNDOORA,0.0,1.2018061,0.0018272935,0.0017731554,0.0
2025-01-07 07:00:00,solar.bun_carm1#realenergyintotheload#kwh,BUNDOORA,1.8125,4.6427474,4.9284954,4.7824764,63.0
2025-01-07 08:00:00,solar.bun_carm1#realenergyintotheload#kwh,BUNDOORA,14.03125,18.277622,19.548872,18.969688,271.0
2025-01-07 09:00:00,solar.bun_carm1#realenergyintotheload#kwh,BUNDOORA,32.46875,38.69316,37.338036,36.231804,495.0
2025-01-07 10:00:00,solar.bun_carm1#realenergyintotheload#kwh,BUNDOORA,50.40625,51.619507,51.650307,50.120037,703.0
2025-01-07 11:00:00,solar.bun_carm1#realenergyintotheload#kwh,BUNDOORA,62.53125,58.88545,62.954025,61.088856,878.0
2025-01-07 12:00:00,solar.bun_carm1#realenergyintotheload#kwh,BUNDOORA,70.0625,70.25736,68.158394,66.13903,1001.0
2025-01-07 13:00:00,solar.bun_carm1#realenergyintotheload#kwh,BUNDOORA,71.5,67.58296,72.06694,69.93178,1070.0
2025-01-07 14:00:00,solar.bun_carm1#realenergyintotheload#kwh,BUNDOORA,74.625,60.845764,67.34579,65.3505,1001.0
2025-01-07 15:00:00,solar.bun_carm1#realenergyintotheload#kwh,BUNDOORA,59.84375,60.5385,62.265896,60.421112,916.0
2025-01-07 16:00:00,solar.bun_carm1#realenergyintotheload#kwh,BUNDOORA,67.09375,55.140038,59.72868,57.95907,874.0
2025-01-07 17:00:00,solar.bun_carm1#realenergyintotheload#kwh,BUNDOORA,60.09375,53.597427,53.26035,51.682377,747.0
2025-01-07 18:00:00,solar.bun_carm1#realenergyintotheload#kwh,BUNDOORA,46.25,39.580994,40.05895,38.8721,552.0
2025-01-07 19:00:00,solar.bun_carm1#realenergyintotheload#kwh,BUNDOORA,28.1875,33.127426,24.899288,24.161585,340.0
2025-01-07 20:00:00,solar.bun_carm1#realenergyintotheload#kwh,BUNDOORA,9.0,11.941303,9.424294,9.145076,135.0
2025-01-07 21:00:00,solar.bun_carm1#realenergyintotheload#kwh,BUNDOORA,0.5,1.7322981,0.0008121091,0.0007880483,2.0
2025-01-07 22:00:00,solar.bun_carm1#realenergyintotheload#kwh,BUNDOORA,0.0,-0.047704987,0.002756559,0.002674889,0.0
2025-01-07 23:00:00,solar.bun_carm1#realenergyintotheload#kwh,BUNDOORA,0.0,0.5956794,0.0026036885,0.0025265478,0.0
2025-01-08 00:00:00,solar.bun_carm1#realenergyintotheload#kwh,BUNDOORA,0.0,0.318958,0.0019923674,0.0019333386,0.0
2025-01-08 01:00:00,solar.bun_carm1#realenergyintotheload#kwh,BUNDOORA,0.0,0.28427228,0.0020594033,0.0019983884,0.0
2025-01-08 02:00:00,solar.bun_carm1#realenergyintotheload#kwh,BUNDOORA,0.0,0.28427228,0.0020594033,0.0019983884,0.0
2025-01-08 03:00:00,solar.bun_carm1#realenergyintotheload#kwh,BUNDOORA,0.0,0.16419747,0.0019923674,0.0019333386,0.0
2025-01-08 04:00:00,solar.bun_carm1#realenergyintotheload#kwh,BUNDOORA,0.0,0.04701054,0.0019923674,0.0019333386,0.0
2025-01-08 05:00:00,solar.bun_carm1#realenergyintotheload#kwh,BUNDOORA,0.0,0.042139962,0.0019923674,0.0019333386,0.0
2025-01-08 06:00:00,solar.bun_carm1#realenergyintotheload#kwh,BUNDOORA,0.0,2.0967946,0.0026075938,0.0025303373,0.0
2025-01-08 07:00:00,solar.bun_carm1#realenergyintotheload#kwh,BUNDOORA,1.40625,7.2044864,5.556865,5.392229,71.0
2025-01-08 08:00:00,solar.bun_carm1#realenergyintotheload#kwh,BUNDOORA,13.90625,26.146357,19.36321,18.789528,262.0
2025-01-08 09:00:00,solar.bun_carm1#realenergyintotheload#kwh,BUNDOORA,32.25,35.677017,35.842182,34.78027,473.0
2025-01-08 10:00:00,solar.bun_carm1#realenergyintotheload#kwh,BUNDOORA,47.0625,48.249527,49.143444,47.687447,676.0
2025-01-08 11:00:00,solar.bun_carm1#realenergyintotheload#kwh,BUNDOORA,59.78125,58.932472,58.186325,56.46241,848.0
2025-01-08 12:00:00,solar.bun_carm1#realenergyintotheload#kwh,BUNDOORA,67.21875,65.75136,67.56932,65.56741,974.0
2025-01-08 13:00:00,solar.bun_carm1#realenergyintotheload#kwh,BUNDOORA,71.40625,64.98488,70.73243,68.6368,1046.0
2025-01-08 14:00:00,solar.bun_carm1#realenergyintotheload#kwh,BUNDOORA,74.3125,62.45346,72.444695,70.29834,1033.0
2025-01-08 15:00:00,solar.bun_carm1#realenergyintotheload#kwh,BUNDOORA,60.15625,59.69432,60.33125,58.543785,872.0
2025-01-08 16:00:00,solar.bun_carm1#realenergyintotheload#kwh,BUNDOORA,57.65625,54.416965,58.755165,57.014397,845.0
2025-01-08 17:00:00,solar.bun_carm1#realenergyintotheload#kwh,BUNDOORA,53.90625,51.91946,52.86962,51.303226,740.0
2025-01-08 18:00:00,solar.bun_carm1#realenergyintotheload#kwh,BUNDOORA,43.46875,37.76308,39.676434,38.50092,547.0
2025-01-08 19:00:00,solar.bun_carm1#realenergyintotheload#kwh,BUNDOORA,27.09375,27.816278,24.578262,23.850069,337.0
2025-01-08 20:00:00,solar.bun_carm1#realenergyintotheload#kwh,BUNDOORA,6.0625,11.043168,7.2314043,7.0171556,97.0
2025-01-08 21:00:00,solar.bun_carm1#realenergyintotheload#kwh,BUNDOORA,1.125,1.4545746,0.0037423926,0.003631515,0.0
2025-01-08 22:00:00,solar.bun_carm1#realenergyintotheload#kwh,BUNDOORA,0.0,0.13357353,0.0008698753,0.00084410305,0.0
2025-01-08 23:00:00,solar.bun_carm1#realenergyintotheload#kwh,BUNDOORA,0.0,-0.14849725,-3.700766e-05,0.0,0.0
2025-01-09 00:00:00,solar.bun_carm1#realenergyintotheload#kwh,BUNDOORA,0.0,-0.172318,-3.700766e-05,0.0,0.0
2025-01-09 01:00:00,solar.bun_carm1#realenergyintotheload#kwh,BUNDOORA,0.0,-0.16231632,6.9716465e-05,6.765094e-05,0.0
2025-01-09 02:00:00,solar.bun_carm1#realenergyintotheload#kwh,BUNDOORA,0.0,-0.17267781,-3.700766e-05,0.0,0.0
2025-01-09 03:00:00,solar.bun_carm1#realenergyintotheload#kwh,BUNDOORA,0.0,-0.06676387,-3.700766e-05,0.0,0.0
2025-01-09 04:00:00,solar.bun_carm1#realenergyintotheload#kwh,BUNDOORA,0.0,-0.11810565,-0.0028314057,0.0,0.0
2025-01-09 05:00:00,solar.bun_carm1#realenergyintotheload#kwh,BUNDOORA,0.0,0.106214754,0.0024408216,0.0023685063,0.0
2025-01-09 06:00:00,solar.bun_carm1#realenergyintotheload#kwh,BUNDOORA,0.0,0.7429521,0.0024408216,0.0023685063,0.0
2025-01-09 07:00:00,solar.bun_carm1#realenergyintotheload#kwh,BUNDOORA,2.375,3.7921233,3.9755661,3.85778,54.0
2025-01-09 08:00:00,solar.bun_carm1#realenergyintotheload#kwh,BUNDOORA,14.96875,13.242772,14.04925,13.633005,188.0
2025-01-09 09:00:00,solar.bun_carm1#realenergyintotheload#kwh,BUNDOORA,24.78125,30.487846,31.460365,30.528273,416.0
2025-01-09 10:00:00,solar.bun_carm1#realenergyintotheload#kwh,BUNDOORA,29.25,33.77,29.766232,28.884333,380.0
2025-01-09 11:00:00,solar.bun_carm1#realenergyintotheload#kwh,BUNDOORA,52.5,56.68422,57.876343,56.16161,815.0
2025-01-09 12:00:00,solar.bun_carm1#realenergyintotheload#kwh,BUNDOORA,60.15625,64.46039,64.85245,62.93103,961.0
2025-01-09 13:00:00,solar.bun_carm1#realenergyintotheload#kwh,BUNDOORA,44.4375,42.316322,43.15764,41.878986,577.0
2025-01-09 14:00:00,solar.bun_carm1#realenergyintotheload#kwh,BUNDOORA,52.34375,34.017113,40.92879,39.716175,550.0
2025-01-09 15:00:00,solar.bun_carm1#realenergyintotheload#kwh,BUNDOORA,42.65625,53.955112,50.17233,48.68585,687.0
2025-01-09 16:00:00,solar.bun_carm1#realenergyintotheload#kwh,BUNDOORA,53.1875,59.277615,57.844406,56.13062,846.0
2025-01-09 17:00:00,solar.bun_carm1#realenergyintotheload#kwh,BUNDOORA,50.25,44.508926,44.6311,43.308792,592.0
2025-01-09 18:00:00,solar.bun_carm1#realenergyintotheload#kwh,BUNDOORA,38.03125,33.10038,36.779564,35.689877,498.0
2025-01-09 19:00:00,solar.bun_carm1#realenergyintotheload#kwh,BUNDOORA,13.9375,11.855643,13.31183,12.917434,170.0
2025-01-09 20:00:00,solar.bun_carm1#realenergyintotheload#kwh,BUNDOORA,7.21875,5.7226834,3.4656756,3.3629963,48.0
2025-01-09 21:00:00,solar.bun_carm1#realenergyintotheload#kwh,BUNDOORA,0.3125,0.94749147,0.0032507223,0.0031544114,0.0
2025-01-09 22:00:00,solar.bun_carm1#realenergyintotheload#kwh,BUNDOORA,0.0,-0.110252365,0.003002157,0.0029132105,0.0
2025-01-09 23:00:00,solar.bun_carm1#realenergyintotheload#kwh,BUNDOORA,0.0,-0.19218041,0.00084890716,0.00082375616,0.0
2025-01-10 00:00:00,solar.bun_carm1#realenergyintotheload#kwh,BUNDOORA,0.0,-0.13261096,8.069226e-05,7.830155e-05,0.0
2025-01-10 01:00:00,solar.bun_carm1#realenergyintotheload#kwh,BUNDOORA,0.0,0.20571804,0.0024417164,0.0023693745,0.0
2025-01-10 02:00:00,solar.bun_carm1#realenergyintotheload#kwh,BUNDOORA,0.0,0.07532461,0.0027202982,0.0026397025,0.0
2025-01-10 03:00:00,solar.bun_carm1#realenergyintotheload#kwh,BUNDOORA,0.0,0.12073145,0.0016258924,0.0015777212,0.0
2025-01-10 04:00:00,solar.bun_carm1#realenergyintotheload#kwh,BUNDOORA,0.0,-0.047562465,0.0022411188,0.0021747202,0.0
2025-01-10 05:00:00,solar.bun_carm1#realenergyintotheload#kwh,BUNDOORA,0.0,-0.07406541,0.0021567731,0.0020928732,0.0
2025-01-10 06:00:00,solar.bun_carm1#realenergyintotheload#kwh,BUNDOORA,0.0,0.7800418,0.0018781913,0.0018225452,0.0
2025-01-10 07:00:00,solar.bun_carm1#realenergyintotheload#kwh,BUNDOORA,0.875,3.1070814,2.7725217,2.690379,35.0
2025-01-10 08:00:00,solar.bun_carm1#realenergyintotheload#kwh,BUNDOORA,4.84375,13.097862,11.720619,11.373366,157.0
2025-01-10 09:00:00,solar.bun_carm1#realenergyintotheload#kwh,BUNDOORA,11.65625,21.575064,23.059565,22.376368,294.0
2025-01-10 10:00:00,solar.bun_carm1#realenergyintotheload#kwh,BUNDOORA,35.5,39.664986,42.676037,41.41165,564.0
2025-01-10 11:00:00,solar.bun_carm1#realenergyintotheload#kwh,BUNDOORA,54.21875,62.74976,58.754715,57.013958,838.0
2025-01-10 12:00:00,solar.bun_carm1#realenergyintotheload#kwh,BUNDOORA,64.375,66.23013,66.84231,64.86194,969.0
2025-01-10 13:00:00,solar.bun_carm1#realenergyintotheload#kwh,BUNDOORA,53.71875,65.14645,69.06903,67.02269,992.0
2025-01-10 14:00:00,solar.bun_carm1#realenergyintotheload#kwh,BUNDOORA,59.28125,65.26065,68.7676,66.73019,994.0
2025-01-10 15:00:00,solar.bun_carm1#realenergyintotheload#kwh,BUNDOORA,40.375,50.778828,55.208946,53.573242,766.0
2025-01-10 16:00:00,solar.bun_carm1#realenergyintotheload#kwh,BUNDOORA,59.71875,61.86587,61.2116,59.398056,889.0
2025-01-10 17:00:00,solar.bun_carm1#realenergyintotheload#kwh,BUNDOORA,56.15625,50.91419,51.041996,49.52975,730.0
2025-01-10 18:00:00,solar.bun_carm1#realenergyintotheload#kwh,BUNDOORA,46.21875,30.746206,33.560276,32.565968,444.0
2025-01-10 19:00:00,solar.bun_carm1#realenergyintotheload#kwh,BUNDOORA,29.21875,30.220882,24.082314,23.368814,325.0
2025-01-10 20:00:00,solar.bun_carm1#realenergyintotheload#kwh,BUNDOORA,8.65625,9.705972,7.610511,7.3850303,102.0
2025-01-10 21:00:00,solar.bun_carm1#realenergyintotheload#kwh,BUNDOORA,0.71875,1.3374467,-0.0024939962,0.0,2.0
2025-01-10 22:00:00,solar.bun_carm1#realenergyintotheload#kwh,BUNDOORA,0.0,-0.19368285,0.0016199482,0.0015719532,0.0
2025-01-10 23:00:00,solar.bun_carm1#realenergyintotheload#kwh,BUNDOORA,0.0,-0.09914623,0.003439717,0.0033378068,0.0
2025-01-11 00:00:00,solar.bun_carm1#realenergyintotheload#kwh,BUNDOORA,0.0,-0.11652301,0.003439717,0.0033378068,0.0
2025-01-11 01:00:00,solar.bun_carm1#realenergyintotheload#kwh,BUNDOORA,0.0,0.37466013,0.002847269,0.0027629114,0.0
2025-01-11 02:00:00,solar.bun_carm1#realenergyintotheload#kwh,BUNDOORA,0.0,0.07889349,0.0023817238,0.0023111594,0.0
2025-01-11 03:00:00,solar.bun_carm1#realenergyintotheload#kwh,BUNDOORA,0.0,0.008022798,0.0023817238,0.0023111594,0.0
2025-01-11 04:00:00,solar.bun_carm1#realenergyintotheload#kwh,BUNDOORA,0.0,0.16928162,0.0023146872,0.0022461088,0.0
2025-01-11 05:00:00,solar.bun_carm1#realenergyintotheload#kwh,BUNDOORA,0.0,0.22480714,0.0023146872,0.0022461088,0.0
2025-01-11 06:00:00,solar.bun_carm1#realenergyintotheload#kwh,BUNDOORA,0.0,2.5882554,0.0027802323,0.002697861,0.0
2025-01-11 07:00:00,solar.bun_carm1#realenergyintotheload#kwh,BUNDOORA,0.96875,12.575893,4.4715734,4.339092,59.0
2025-01-11 08:00:00,solar.bun_carm1#realenergyintotheload#kwh,BUNDOORA,12.3125,25.908628,17.668833,17.14535,243.0
2025-01-11 09:00:00,solar.bun_carm1#realenergyintotheload#kwh,BUNDOORA,29.875,37.7269,33.86186,32.858616,452.0
2025-01-11 10:00:00,solar.bun_carm1#realenergyintotheload#kwh,BUNDOORA,45.46875,43.893394,48.21699,46.78844,651.0
2025-01-11 11:00:00,solar.bun_carm1#realenergyintotheload#kwh,BUNDOORA,57.1875,57.40605,58.35779,56.628796,826.0
2025-01-11 12:00:00,solar.bun_carm1#realenergyintotheload#kwh,BUNDOORA,65.34375,62.54822,63.322033,61.44596,953.0
2025-01-11 13:00:00,solar.bun_carm1#realenergyintotheload#kwh,BUNDOORA,69.5,61.199383,67.20634,65.21518,1025.0
2025-01-11 14:00:00,solar.bun_carm1#realenergyintotheload#kwh,BUNDOORA,64.9375,52.136852,57.101402,55.40963,794.0
2025-01-11 15:00:00,solar.bun_carm1#realenergyintotheload#kwh,BUNDOORA,31.875,31.971458,40.232967,39.040966,542.0
2025-01-11 16:00:00,solar.bun_carm1#realenergyintotheload#kwh,BUNDOORA,35.84375,35.98084,31.43486,30.503525,409.0
2025-01-11 17:00:00,solar.bun_carm1#realenergyintotheload#kwh,BUNDOORA,47.8125,49.024853,50.692684,49.19079,716.0
2025-01-11 18:00:00,solar.bun_carm1#realenergyintotheload#kwh,BUNDOORA,25.5,18.063654,15.987514,15.513844,207.0
2025-01-11 19:00:00,solar.bun_carm1#realenergyintotheload#kwh,BUNDOORA,2.09375,8.786317,7.322339,7.1053963,99.0
2025-01-11 20:00:00,solar.bun_carm1#realenergyintotheload#kwh,BUNDOORA,7.875,10.3849535,5.6027765,5.4367805,76.0
2025-01-11 21:00:00,solar.bun_carm1#realenergyintotheload#kwh,BUNDOORA,1.25,1.3983635,-0.016529407,0.0,1.0
2025-01-11 22:00:00,solar.bun_carm1#realenergyintotheload#kwh,BUNDOORA,0.0,-0.30778545,0.00030040194,0.00029150178,0.0
2025-01-11 23:00:00,solar.bun_carm1#realenergyintotheload#kwh,BUNDOORA,0.0,-0.27365115,-0.0043329294,0.0,0.0
2025-01-12 00:00:00,solar.bun_carm1#realenergyintotheload#kwh,BUNDOORA,0.0,-0.30203298,-0.0033061805,0.0,0.0
2025-01-12 01:00:00,solar.bun_carm1#realenergyintotheload#kwh,BUNDOORA,0.0,-0.26945993,0.0012570205,0.0012197781,0.0
2025-01-12 02:00:00,solar.bun_carm1#realenergyintotheload#kwh,BUNDOORA,0.0,-0.12924384,0.00277296,0.0026908042,0.0
2025-01-12 03:00:00,solar.bun_carm1#realenergyintotheload#kwh,BUNDOORA,0.0,0.04533296,0.0014333236,0.0013908579,0.0
2025-01-12 04:00:00,solar.bun_carm1#realenergyintotheload#kwh,BUNDOORA,0.0,0.11776475,0.0020028814,0.001943541,0.0
2025-01-12 05:00:00,solar.bun_carm1#realenergyintotheload#kwh,BUNDOORA,0.0,0.14485978,0.0016199482,0.0015719532,0.0
2025-01-12 06:00:00,solar.bun_carm1#realenergyintotheload#kwh,BUNDOORA,0.0,0.82913077,0.0034902832,0.0033868747,0.0
2025-01-12 07:00:00,solar.bun_carm1#realenergyintotheload#kwh,BUNDOORA,1.34375,5.171815,2.7021914,2.622132,35.0
2025-01-12 08:00:00,solar.bun_carm1#realenergyintotheload#kwh,BUNDOORA,7.53125,16.01756,13.630205,13.226377,185.0
2025-01-12 09:00:00,solar.bun_carm1#realenergyintotheload#kwh,BUNDOORA,22.3125,28.538097,28.864996,28.009798,381.0
2025-01-12 10:00:00,solar.bun_carm1#realenergyintotheload#kwh,BUNDOORA,33.90625,32.677906,35.533535,34.480766,470.0
2025-01-12 11:00:00,solar.bun_carm1#realenergyintotheload#kwh,BUNDOORA,28.03125,34.80285,26.140493,25.366016,333.0
2025-01-12 12:00:00,solar.bun_carm1#realenergyintotheload#kwh,BUNDOORA,18.46875,16.394022,13.259631,12.866781,175.0
2025-01-12 13:00:00,solar.bun_carm1#realenergyintotheload#kwh,BUNDOORA,1.59375,8.872695,2.5568812,2.4811273,34.0
2025-01-12 14:00:00,solar.bun_carm1#realenergyintotheload#kwh,BUNDOORA,7.875,12.152664,10.249281,9.945621,131.0
2025-01-12 15:00:00,solar.bun_carm1#realenergyintotheload#kwh,BUNDOORA,21.6875,19.038097,20.011572,19.418678,259.0
2025-01-12 16:00:00,solar.bun_carm1#realenergyintotheload#kwh,BUNDOORA,8.78125,7.021103,5.705916,5.536864,73.0
2025-01-12 17:00:00,solar.bun_carm1#realenergyintotheload#kwh,BUNDOORA,2.71875,10.650466,2.946685,2.8593822,35.0
2025-01-12 18:00:00,solar.bun_carm1#realenergyintotheload#kwh,BUNDOORA,7.15625,12.171251,10.474012,10.163693,139.0
2025-01-12 19:00:00,solar.bun_carm1#realenergyintotheload#kwh,BUNDOORA,20.5,11.238535,17.00357,16.499798,224.0
2025-01-12 20:00:00,solar.bun_carm1#realenergyintotheload#kwh,BUNDOORA,10.6875,4.6359777,6.119734,5.9384212,82.0
2025-01-12 21:00:00,solar.bun_carm1#realenergyintotheload#kwh,BUNDOORA,1.03125,0.89919734,0.0023817238,0.0023111594,1.0
2025-01-12 22:00:00,solar.bun_carm1#realenergyintotheload#kwh,BUNDOORA,0.0,0.05871553,0.0023817238,0.0023111594,0.0
2025-01-12 23:00:00,solar.bun_carm1#realenergyintotheload#kwh,BUNDOORA,0.0,-0.10592785,0.0023146872,0.0022461088,0.0
2025-01-13 00:00:00,solar.bun_carm1#realenergyintotheload#kwh,BUNDOORA,0.0,0.006673499,0.002559318,0.0024834918,0.0
2025-01-13 01:00:00,solar.bun_carm1#realenergyintotheload#kwh,BUNDOORA,0.0,0.05539634,0.0024922814,0.0024184412,0.0
2025-01-13 02:00:00,solar.bun_carm1#realenergyintotheload#kwh,BUNDOORA,0.0,-0.091237925,0.002196391,0.0021313175,0.0
2025-01-13 03:00:00,solar.bun_carm1#realenergyintotheload#kwh,BUNDOORA,0.0,-0.023192482,0.0020486263,0.0019879306,0.0
2025-01-13 04:00:00,solar.bun_carm1#realenergyintotheload#kwh,BUNDOORA,0.0,-0.023192482,0.0020486263,0.0019879306,0.0
2025-01-13 05:00:00,solar.bun_carm1#realenergyintotheload#kwh,BUNDOORA,0.0,-0.0099242125,0.0021553505,0.0020914928,0.0
2025-01-13 06:00:00,solar.bun_carm1#realenergyintotheload#kwh,BUNDOORA,0.0,0.35080996,0.0021553505,0.0020914928,0.0
2025-01-13 07:00:00,solar.bun_carm1#realenergyintotheload#kwh,BUNDOORA,0.5,2.0315468,2.383848,2.3132205,33.0
2025-01-13 08:00:00,solar.bun_carm1#realenergyintotheload#kwh,BUNDOORA,3.4375,7.6953926,8.594186,8.339561,112.0
2025-01-13 09:00:00,solar.bun_carm1#realenergyintotheload#kwh,BUNDOORA,9.0,15.68002,17.190323,16.681017,216.0
2025-01-13 10:00:00,solar.bun_carm1#realenergyintotheload#kwh,BUNDOORA,28.375,36.741035,38.743973,37.596085,510.0
2025-01-13 11:00:00,solar.bun_carm1#realenergyintotheload#kwh,BUNDOORA,54.5,59.580048,57.917,56.201065,816.0
2025-01-13 12:00:00,solar.bun_carm1#realenergyintotheload#kwh,BUNDOORA,66.15625,63.194366,65.47769,63.53775,944.0
2025-01-13 13:00:00,solar.bun_carm1#realenergyintotheload#kwh,BUNDOORA,71.0625,61.94913,65.53467,63.59304,1018.0
2025-01-13 14:00:00,solar.bun_carm1#realenergyintotheload#kwh,BUNDOORA,73.15625,64.421776,67.96233,65.94878,1032.0
2025-01-13 15:00:00,solar.bun_carm1#realenergyintotheload#kwh,BUNDOORA,66.78125,62.77485,68.52759,66.497284,971.0
2025-01-13 16:00:00,solar.bun_carm1#realenergyintotheload#kwh,BUNDOORA,59.0625,51.344204,57.15471,55.461357,787.0
2025-01-13 17:00:00,solar.bun_carm1#realenergyintotheload#kwh,BUNDOORA,55.9375,51.874294,51.459114,49.93451,719.0
2025-01-13 18:00:00,solar.bun_carm1#realenergyintotheload#kwh,BUNDOORA,38.03125,36.530407,38.329174,37.193577,526.0
2025-01-13 19:00:00,solar.bun_carm1#realenergyintotheload#kwh,BUNDOORA,24.125,23.332447,19.324972,18.752422,253.0
2025-01-13 20:00:00,solar.bun_carm1#realenergyintotheload#kwh,BUNDOORA,9.0625,10.514062,9.024635,8.757257,127.0
2025-01-13 21:00:00,solar.bun_carm1#realenergyintotheload#kwh,BUNDOORA,0.59375,1.9138405,0.0029595846,0.0028718994,1.0
2025-01-13 22:00:00,solar.bun_carm1#realenergyintotheload#kwh,BUNDOORA,0.0,0.030006586,0.002847269,0.0027629114,0.0
2025-01-13 23:00:00,solar.bun_carm1#realenergyintotheload#kwh,BUNDOORA,0.0,-0.021182036,0.0023817238,0.0023111594,0.0
2025-01-14 00:00:00,solar.bun_carm1#realenergyintotheload#kwh,BUNDOORA,0.0,-0.15089606,0.002559318,0.0024834918,0.0
2025-01-14 01:00:00,solar.bun_carm1#realenergyintotheload#kwh,BUNDOORA,0.0,-0.073406346,0.002559318,0.0024834918,0.0
2025-01-14 02:00:00,solar.bun_carm1#realenergyintotheload#kwh,BUNDOORA,0.0,-0.0068445913,0.002196391,0.0021313175,0.0
2025-01-14 03:00:00,solar.bun_carm1#realenergyintotheload#kwh,BUNDOORA,0.0,-0.0068445913,0.0020486263,0.0019879306,0.0
2025-01-14 04:00:00,solar.bun_carm1#realenergyintotheload#kwh,BUNDOORA,0.0,-0.005330354,0.0020486263,0.0019879306,0.0
2025-01-14 05:00:00,solar.bun_carm1#realenergyintotheload#kwh,BUNDOORA,0.0,0.07370361,0.0020486263,0.0019879306,0.0
2025-01-14 06:00:00,solar.bun_carm1#realenergyintotheload#kwh,BUNDOORA,0.0,0.46006644,0.0020486263,0.0019879306,0.0
2025-01-14 07:00:00,solar.bun_carm1#realenergyintotheload#kwh,BUNDOORA,0.0625,1.4987276,2.7044694,2.6243427,35.0
2025-01-14 08:00:00,solar.bun_carm1#realenergyintotheload#kwh,BUNDOORA,1.875,7.8564353,8.343885,8.096677,109.0
2025-01-14 09:00:00,solar.bun_carm1#realenergyintotheload#kwh,BUNDOORA,6.0625,12.864999,13.763199,13.35543,174.0
2025-01-14 10:00:00,solar.bun_carm1#realenergyintotheload#kwh,BUNDOORA,10.3125,17.345327,15.27433,14.82179,197.0
2025-01-14 11:00:00,solar.bun_carm1#realenergyintotheload#kwh,BUNDOORA,35.375,35.082664,39.633358,38.45912,529.0
2025-01-14 12:00:00,solar.bun_carm1#realenergyintotheload#kwh,BUNDOORA,69.3125,58.281982,66.12779,64.168594,965.0
2025-01-14 13:00:00,solar.bun_carm1#realenergyintotheload#kwh,BUNDOORA,70.375,66.469826,71.33518,69.2217,1041.0
2025-01-14 14:00:00,solar.bun_carm1#realenergyintotheload#kwh,BUNDOORA,73.75,65.18753,71.24815,69.137245,1056.0
2025-01-14 15:00:00,solar.bun_carm1#realenergyintotheload#kwh,BUNDOORA,71.75,66.92458,69.07229,67.02585,1008.0
2025-01-14 16:00:00,solar.bun_carm1#realenergyintotheload#kwh,BUNDOORA,66.5625,60.044582,61.26595,59.45079,900.0
2025-01-14 17:00:00,solar.bun_carm1#realenergyintotheload#kwh,BUNDOORA,58.0,50.605316,52.193615,50.647247,741.0
2025-01-14 18:00:00,solar.bun_carm1#realenergyintotheload#kwh,BUNDOORA,44.75,38.01546,39.389935,38.222908,549.0
2025-01-14 19:00:00,solar.bun_carm1#realenergyintotheload#kwh,BUNDOORA,27.1875,29.255571,24.617329,23.88798,337.0
2025-01-14 20:00:00,solar.bun_carm1#realenergyintotheload#kwh,BUNDOORA,8.5625,13.11608,9.368483,9.090918,131.0
2025-01-14 21:00:00,solar.bun_carm1#realenergyintotheload#kwh,BUNDOORA,0.5625,1.8879273,-0.0052203895,0.0,2.0
2025-01-14 22:00:00,solar.bun_carm1#realenergyintotheload#kwh,BUNDOORA,0.0,0.09797947,-0.00055238605,0.0,0.0
2025-01-14 23:00:00,solar.bun_carm1#realenergyintotheload#kwh,BUNDOORA,0.0,0.19745407,0.0008459815,0.0008209172,0.0
2025-01-15 00:00:00,solar.bun_carm1#realenergyintotheload#kwh,BUNDOORA,0.0,0.113882594,0.0009937463,0.0009643041,0.0
2025-01-15 01:00:00,solar.bun_carm1#realenergyintotheload#kwh,BUNDOORA,0.0,0.43929964,0.00048305403,0.00046874234,0.0
2025-01-15 02:00:00,solar.bun_carm1#realenergyintotheload#kwh,BUNDOORA,0.0,0.5778467,0.00063081883,0.0006121292,0.0
2025-01-15 03:00:00,solar.bun_carm1#realenergyintotheload#kwh,BUNDOORA,0.0,0.16245843,-0.0011685067,0.0,0.0
2025-01-15 04:00:00,solar.bun_carm1#realenergyintotheload#kwh,BUNDOORA,0.0,-0.09454494,-0.0003535776,0.0,0.0
2025-01-15 05:00:00,solar.bun_carm1#realenergyintotheload#kwh,BUNDOORA,0.0,-0.16575159,0.0024408216,0.0023685063,0.0
2025-01-15 06:00:00,solar.bun_carm1#realenergyintotheload#kwh,BUNDOORA,0.0,1.1495103,0.0024408216,0.0023685063,0.0
2025-01-15 07:00:00,solar.bun_carm1#realenergyintotheload#kwh,BUNDOORA,1.125,6.433957,2.319928,2.2511942,34.0
2025-01-15 08:00:00,solar.bun_carm1#realenergyintotheload#kwh,BUNDOORA,8.625,13.951296,9.535814,9.253292,127.0
2025-01-15 09:00:00,solar.bun_carm1#realenergyintotheload#kwh,BUNDOORA,7.375,12.6907425,10.802947,10.4828825,140.0
2025-01-15 10:00:00,solar.bun_carm1#realenergyintotheload#kwh,BUNDOORA,6.125,9.389595,7.9821706,7.745679,105.0
2025-01-15 11:00:00,solar.bun_carm1#realenergyintotheload#kwh,BUNDOORA,11.0625,16.399836,12.24894,11.886035,156.0
2025-01-15 12:00:00,solar.bun_carm1#realenergyintotheload#kwh,BUNDOORA,27.6875,33.30825,27.934162,27.106543,351.0
2025-01-15 13:00:00,solar.bun_carm1#realenergyintotheload#kwh,BUNDOORA,29.1875,42.618885,37.6927,36.57596,485.0
2025-01-15 14:00:00,solar.bun_carm1#realenergyintotheload#kwh,BUNDOORA,32.75,36.31253,39.761597,38.58356,528.0
2025-01-15 15:00:00,solar.bun_carm1#realenergyintotheload#kwh,BUNDOORA,19.1875,17.952902,12.551128,12.17927,161.0
2025-01-15 16:00:00,solar.bun_carm1#realenergyintotheload#kwh,BUNDOORA,13.125,8.701138,3.6506414,3.5424821,49.0
2025-01-15 17:00:00,solar.bun_carm1#realenergyintotheload#kwh,BUNDOORA,4.9375,14.340434,9.769711,9.480258,127.0
2025-01-15 18:00:00,solar.bun_carm1#realenergyintotheload#kwh,BUNDOORA,11.25,4.9908576,6.1475286,5.9653926,81.0
2025-01-15 19:00:00,solar.bun_carm1#realenergyintotheload#kwh,BUNDOORA,3.875,5.3224373,6.3521066,6.1639094,84.0
2025-01-15 20:00:00,solar.bun_carm1#realenergyintotheload#kwh,BUNDOORA,0.9375,2.6436384,1.4499189,1.4069614,22.0
2025-01-15 21:00:00,solar.bun_carm1#realenergyintotheload#kwh,BUNDOORA,0.0625,2.7434032,0.0029610044,0.0028732773,1.0
2025-01-15 22:00:00,solar.bun_carm1#realenergyintotheload#kwh,BUNDOORA,0.0,-0.31693107,-0.00096364145,0.0,0.0
2025-01-15 23:00:00,solar.bun_carm1#realenergyintotheload#kwh,BUNDOORA,0.0,-0.17167147,0.00091250194,0.0008854668,0.0
2025-01-16 00:00:00,solar.bun_carm1#realenergyintotheload#kwh,BUNDOORA,0.0,0.06680599,0.00091250194,0.0008854668,0.0
2025-01-16 01:00:00,solar.bun_carm1#realenergyintotheload#kwh,BUNDOORA,0.0,-0.23011678,0.00091250194,0.0008854668,0.0
2025-01-16 02:00:00,solar.bun_carm1#realenergyintotheload#kwh,BUNDOORA,0.0,-0.26727185,0.00091250194,0.0008854668,0.0
2025-01-16 03:00:00,solar.bun_carm1#realenergyintotheload#kwh,BUNDOORA,0.0,-0.23015693,0.0006293194,0.00061067427,0.0
2025-01-16 04:00:00,solar.bun_carm1#realenergyintotheload#kwh,BUNDOORA,0.0,-0.045306463,0.0013791334,0.0013382732,0.0
2025-01-16 05:00:00,solar.bun_carm1#realenergyintotheload#kwh,BUNDOORA,0.0,-0.052400094,0.002096456,0.0020343433,0.0
2025-01-16 06:00:00,solar.bun_carm1#realenergyintotheload#kwh,BUNDOORA,0.0,0.5992831,0.0019486914,0.0018909565,0.0
2025-01-16 07:00:00,solar.bun_carm1#realenergyintotheload#kwh,BUNDOORA,0.5,2.369947,2.6750278,2.5957735,37.0
2025-01-16 08:00:00,solar.bun_carm1#realenergyintotheload#kwh,BUNDOORA,7.9375,19.554789,16.799002,16.301289,225.0
2025-01-16 09:00:00,solar.bun_carm1#realenergyintotheload#kwh,BUNDOORA,8.8125,17.000784,16.876043,16.376049,212.0
2025-01-16 10:00:00,solar.bun_carm1#realenergyintotheload#kwh,BUNDOORA,13.8125,25.252861,17.835638,17.307213,227.0
2025-01-16 11:00:00,solar.bun_carm1#realenergyintotheload#kwh,BUNDOORA,36.6875,37.44067,38.766766,37.618202,510.0
2025-01-16 12:00:00,solar.bun_carm1#realenergyintotheload#kwh,BUNDOORA,64.1875,57.993572,62.82563,60.964264,890.0
2025-01-16 13:00:00,solar.bun_carm1#realenergyintotheload#kwh,BUNDOORA,53.0,58.639156,62.46168,60.6111,889.0
2025-01-16 14:00:00,solar.bun_carm1#realenergyintotheload#kwh,BUNDOORA,66.4375,58.562828,63.218678,61.345665,913.0
2025-01-16 15:00:00,solar.bun_carm1#realenergyintotheload#kwh,BUNDOORA,58.5,57.225147,60.49956,58.70711,860.0
2025-01-16 16:00:00,solar.bun_carm1#realenergyintotheload#kwh,BUNDOORA,65.1875,52.99686,60.266838,58.48128,841.0
2025-01-16 17:00:00,solar.bun_carm1#realenergyintotheload#kwh,BUNDOORA,60.875,52.77099,53.793102,52.19935,743.0
2025-01-16 18:00:00,solar.bun_carm1#realenergyintotheload#kwh,BUNDOORA,40.1875,34.16142,37.70513,36.588024,502.0
2025-01-16 19:00:00,solar.bun_carm1#realenergyintotheload#kwh,BUNDOORA,20.3125,30.5025,24.2018,23.48476,327.0
2025-01-16 20:00:00,solar.bun_carm1#realenergyintotheload#kwh,BUNDOORA,8.875,8.930302,9.344893,9.0680275,131.0
2025-01-16 21:00:00,solar.bun_carm1#realenergyintotheload#kwh,BUNDOORA,0.625,0.67930967,0.0020019868,0.001942673,1.0
2025-01-16 22:00:00,solar.bun_carm1#realenergyintotheload#kwh,BUNDOORA,0.0,0.23686908,0.003438822,0.0033369383,0.0
2025-01-16 23:00:00,solar.bun_carm1#realenergyintotheload#kwh,BUNDOORA,0.0,0.4120547,0.00220518,0.002139846,0.0
2025-01-17 00:00:00,solar.bun_carm1#realenergyintotheload#kwh,BUNDOORA,0.0,0.6104949,0.0022359472,0.0021697017,0.0
2025-01-17 01:00:00,solar.bun_carm1#realenergyintotheload#kwh,BUNDOORA,0.0,0.09244577,0.002559318,0.0024834918,0.0
2025-01-17 02:00:00,solar.bun_carm1#realenergyintotheload#kwh,BUNDOORA,0.0,0.093915604,0.002559318,0.0024834918,0.0
2025-01-17 03:00:00,solar.bun_carm1#realenergyintotheload#kwh,BUNDOORA,0.0,0.09145226,0.002196391,0.0021313175,0.0
2025-01-17 04:00:00,solar.bun_carm1#realenergyintotheload#kwh,BUNDOORA,0.0,0.04535895,0.002559318,0.0024834918,0.0
2025-01-17 05:00:00,solar.bun_carm1#realenergyintotheload#kwh,BUNDOORA,0.0,0.08005377,0.002559318,0.0024834918,0.0
2025-01-17 06:00:00,solar.bun_carm1#realenergyintotheload#kwh,BUNDOORA,0.0,0.97479534,0.002559318,0.0024834918,0.0
2025-01-17 07:00:00,solar.bun_carm1#realenergyintotheload#kwh,BUNDOORA,0.25,1.9447039,1.934801,1.8774776,30.0
2025-01-17 08:00:00,solar.bun_carm1#realenergyintotheload#kwh,BUNDOORA,4.375,4.555259,9.235125,8.961511,121.0
2025-01-17 09:00:00,solar.bun_carm1#realenergyintotheload#kwh,BUNDOORA,13.625,14.763246,21.694975,21.052206,277.0
2025-01-17 10:00:00,solar.bun_carm1#realenergyintotheload#kwh,BUNDOORA,26.6875,24.571207,38.858643,37.70736,510.0
2025-01-17 11:00:00,solar.bun_carm1#realenergyintotheload#kwh,BUNDOORA,43.75,45.740944,48.82908,47.382397,643.0
2025-01-17 12:00:00,solar.bun_carm1#realenergyintotheload#kwh,BUNDOORA,52.375,52.08185,55.062603,53.431236,756.0
2025-01-17 13:00:00,solar.bun_carm1#realenergyintotheload#kwh,BUNDOORA,61.9375,65.99729,70.95294,68.850784,1031.0
2025-01-17 14:00:00,solar.bun_carm1#realenergyintotheload#kwh,BUNDOORA,77.125,67.76026,71.02531,68.921005,1069.0
2025-01-17 15:00:00,solar.bun_carm1#realenergyintotheload#kwh,BUNDOORA,75.5,67.1626,69.90355,67.83248,1022.0
2025-01-17 16:00:00,solar.bun_carm1#realenergyintotheload#kwh,BUNDOORA,70.125,65.87585,65.72194,63.77476,916.0
2025-01-17 17:00:00,solar.bun_carm1#realenergyintotheload#kwh,BUNDOORA,60.4375,55.961136,54.885784,53.259655,757.0
2025-01-17 18:00:00,solar.bun_carm1#realenergyintotheload#kwh,BUNDOORA,46.125,41.81758,40.69494,39.48925,557.0
2025-01-17 19:00:00,solar.bun_carm1#realenergyintotheload#kwh,BUNDOORA,27.3125,39.436935,25.050512,24.308329,340.0
2025-01-17 20:00:00,solar.bun_carm1#realenergyintotheload#kwh,BUNDOORA,8.75,9.295511,9.229516,8.956069,130.0
2025-01-17 21:00:00,solar.bun_carm1#realenergyintotheload#kwh,BUNDOORA,0.75,2.0168984,0.0014324288,0.0013899895,1.0
2025-01-17 22:00:00,solar.bun_carm1#realenergyintotheload#kwh,BUNDOORA,0.0,-0.21359493,0.0013653922,0.0013249391,0.0
2025-01-17 23:00:00,solar.bun_carm1#realenergyintotheload#kwh,BUNDOORA,0.0,-0.55753154,0.0013653922,0.0013249391,0.0
2025-01-18 00:00:00,solar.bun_carm1#realenergyintotheload#kwh,BUNDOORA,0.0,0.10856011,0.0033717854,0.0032718878,0.0
2025-01-18 01:00:00,solar.bun_carm1#realenergyintotheload#kwh,BUNDOORA,0.0,0.4556776,0.0019923674,0.0019333386,0.0
2025-01-18 02:00:00,solar.bun_carm1#realenergyintotheload#kwh,BUNDOORA,0.0,0.26871133,0.0020594033,0.0019983884,0.0
2025-01-18 03:00:00,solar.bun_carm1#realenergyintotheload#kwh,BUNDOORA,0.0,0.29824018,0.0026075938,0.0025303373,0.0
2025-01-18 04:00:00,solar.bun_carm1#realenergyintotheload#kwh,BUNDOORA,0.0,0.29824018,0.0026075938,0.0025303373,0.0
2025-01-18 05:00:00,solar.bun_carm1#realenergyintotheload#kwh,BUNDOORA,0.0,0.18575883,0.0026075938,0.0025303373,0.0
2025-01-18 06:00:00,solar.bun_carm1#realenergyintotheload#kwh,BUNDOORA,0.0,1.0379236,0.0026075938,0.0025303373,0.0
2025-01-18 07:00:00,solar.bun_carm1#realenergyintotheload#kwh,BUNDOORA,0.6875,3.1969564,3.7313535,3.6208029,52.0
2025-01-18 08:00:00,solar.bun_carm1#realenergyintotheload#kwh,BUNDOORA,11.125,17.8021,17.78874,17.261703,245.0
2025-01-18 09:00:00,solar.bun_carm1#realenergyintotheload#kwh,BUNDOORA,29.3125,35.571865,34.377106,33.358597,464.0
2025-01-18 10:00:00,solar.bun_carm1#realenergyintotheload#kwh,BUNDOORA,46.5,44.320675,49.235268,47.77655,675.0
2025-01-18 11:00:00,solar.bun_carm1#realenergyintotheload#kwh,BUNDOORA,59.1875,62.281574,60.666813,58.869408,855.0
2025-01-18 12:00:00,solar.bun_carm1#realenergyintotheload#kwh,BUNDOORA,67.625,67.69689,68.00081,65.986115,986.0
2025-01-18 13:00:00,solar.bun_carm1#realenergyintotheload#kwh,BUNDOORA,70.5,69.779366,68.79068,66.75259,1063.0
2025-01-18 14:00:00,solar.bun_carm1#realenergyintotheload#kwh,BUNDOORA,73.375,67.790504,69.284225,67.23151,1078.0
2025-01-18 15:00:00,solar.bun_carm1#realenergyintotheload#kwh,BUNDOORA,69.5625,69.22012,68.84189,66.80228,1028.0
2025-01-18 16:00:00,solar.bun_carm1#realenergyintotheload#kwh,BUNDOORA,66.0625,65.55882,63.20107,61.32858,919.0
2025-01-18 17:00:00,solar.bun_carm1#realenergyintotheload#kwh,BUNDOORA,56.4375,56.397114,54.356907,52.74645,759.0
2025-01-18 18:00:00,solar.bun_carm1#realenergyintotheload#kwh,BUNDOORA,42.75,41.67254,41.270855,40.048103,561.0
2025-01-18 19:00:00,solar.bun_carm1#realenergyintotheload#kwh,BUNDOORA,26.625,27.333714,24.972864,24.23298,344.0
2025-01-18 20:00:00,solar.bun_carm1#realenergyintotheload#kwh,BUNDOORA,7.875,11.409981,9.791794,9.501687,134.0
2025-01-18 21:00:00,solar.bun_carm1#realenergyintotheload#kwh,BUNDOORA,0.4375,0.86024505,7.4191834e-05,7.1993716e-05,1.0
2025-01-18 22:00:00,solar.bun_carm1#realenergyintotheload#kwh,BUNDOORA,0.0,0.20173262,-0.0030070548,0.0,0.0
2025-01-18 23:00:00,solar.bun_carm1#realenergyintotheload#kwh,BUNDOORA,0.0,0.090007626,-0.0011685067,0.0,0.0
2025-01-19 00:00:00,solar.bun_carm1#realenergyintotheload#kwh,BUNDOORA,0.0,0.043236703,-0.0009919631,0.0,0.0
2025-01-19 01:00:00,solar.bun_carm1#realenergyintotheload#kwh,BUNDOORA,0.0,0.17583531,0.00092670973,0.00089925365,0.0
2025-01-19 02:00:00,solar.bun_carm1#realenergyintotheload#kwh,BUNDOORA,0.0,0.23098312,0.0022663472,0.002199201,0.0
2025-01-19 03:00:00,solar.bun_carm1#realenergyintotheload#kwh,BUNDOORA,0.0,0.29686627,0.002933103,0.0028462023,0.0
2025-01-19 04:00:00,solar.bun_carm1#realenergyintotheload#kwh,BUNDOORA,0.0,0.46817285,0.0027802323,0.002697861,0.0
2025-01-19 05:00:00,solar.bun_carm1#realenergyintotheload#kwh,BUNDOORA,0.0,0.37972057,0.0027802323,0.002697861,0.0
2025-01-19 06:00:00,solar.bun_carm1#realenergyintotheload#kwh,BUNDOORA,0.0,3.031691,0.0027802323,0.002697861,0.0
2025-01-19 07:00:00,solar.bun_carm1#realenergyintotheload#kwh,BUNDOORA,0.5625,10.584083,3.545824,3.4407701,49.0
2025-01-19 08:00:00,solar.bun_carm1#realenergyintotheload#kwh,BUNDOORA,10.6875,24.863317,17.434877,16.918325,239.0
2025-01-19 09:00:00,solar.bun_carm1#realenergyintotheload#kwh,BUNDOORA,29.1875,39.05182,33.22679,32.242363,455.0
2025-01-19 10:00:00,solar.bun_carm1#realenergyintotheload#kwh,BUNDOORA,44.3125,45.746853,47.51899,46.111122,660.0
2025-01-19 11:00:00,solar.bun_carm1#realenergyintotheload#kwh,BUNDOORA,57.6875,58.529064,57.887978,56.1729,836.0
2025-01-19 12:00:00,solar.bun_carm1#realenergyintotheload#kwh,BUNDOORA,59.5625,63.372406,64.560295,62.647533,967.0
2025-01-19 13:00:00,solar.bun_carm1#realenergyintotheload#kwh,BUNDOORA,66.5625,66.675354,65.855576,63.904438,1042.0
2025-01-19 14:00:00,solar.bun_carm1#realenergyintotheload#kwh,BUNDOORA,67.8125,63.569633,66.34098,64.375465,1056.0
2025-01-19 15:00:00,solar.bun_carm1#realenergyintotheload#kwh,BUNDOORA,65.5,64.02351,65.00427,63.078358,991.0
2025-01-19 16:00:00,solar.bun_carm1#realenergyintotheload#kwh,BUNDOORA,50.5625,49.08024,52.485325,50.930317,725.0
2025-01-19 17:00:00,solar.bun_carm1#realenergyintotheload#kwh,BUNDOORA,47.5625,47.95766,50.3137,48.823032,692.0
2025-01-19 18:00:00,solar.bun_carm1#realenergyintotheload#kwh,BUNDOORA,34.6875,28.856335,35.592793,34.538265,485.0
2025-01-19 19:00:00,solar.bun_carm1#realenergyintotheload#kwh,BUNDOORA,17.9375,18.635975,17.156446,16.648144,225.0
2025-01-19 20:00:00,solar.bun_carm1#realenergyintotheload#kwh,BUNDOORA,7.875,7.8556857,3.9241948,3.8079307,53.0
2025-01-19 21:00:00,solar.bun_carm1#realenergyintotheload#kwh,BUNDOORA,1.5625,1.6076462,2.0814594e-05,2.019791e-05,1.0
2025-01-19 22:00:00,solar.bun_carm1#realenergyintotheload#kwh,BUNDOORA,0.0,0.26846588,2.0814594e-05,2.019791e-05,0.0
2025-01-19 23:00:00,solar.bun_carm1#realenergyintotheload#kwh,BUNDOORA,0.0,0.31769386,0.0009479944,0.0009199077,0.0
2025-01-20 00:00:00,solar.bun_carm1#realenergyintotheload#kwh,BUNDOORA,0.0,-0.23159516,-0.001737899,0.0,0.0
2025-01-20 01:00:00,solar.bun_carm1#realenergyintotheload#kwh,BUNDOORA,0.0,-0.27966172,-0.0022052042,0.0,0.0
2025-01-20 02:00:00,solar.bun_carm1#realenergyintotheload#kwh,BUNDOORA,0.0,-0.0069641946,-0.0023918285,0.0,0.0
2025-01-20 03:00:00,solar.bun_carm1#realenergyintotheload#kwh,BUNDOORA,0.0,0.119433574,-0.0003535776,0.0,0.0
2025-01-20 04:00:00,solar.bun_carm1#realenergyintotheload#kwh,BUNDOORA,0.0,0.16014054,0.0016258924,0.0015777212,0.0
2025-01-20 05:00:00,solar.bun_carm1#realenergyintotheload#kwh,BUNDOORA,0.0,0.45666772,0.0018781913,0.0018225452,0.0
2025-01-20 06:00:00,solar.bun_carm1#realenergyintotheload#kwh,BUNDOORA,0.0,0.41535726,0.0024408216,0.0023685063,0.0
2025-01-20 07:00:00,solar.bun_carm1#realenergyintotheload#kwh,BUNDOORA,1.1875,3.4157736,2.12442,2.0614786,32.0
2025-01-20 08:00:00,solar.bun_carm1#realenergyintotheload#kwh,BUNDOORA,5.6875,14.650918,11.499409,11.15871,157.0
2025-01-20 09:00:00,solar.bun_carm1#realenergyintotheload#kwh,BUNDOORA,28.75,30.905205,31.242966,30.317314,417.0
2025-01-20 10:00:00,solar.bun_carm1#realenergyintotheload#kwh,BUNDOORA,33.9375,36.24412,41.129192,39.910637,548.0
2025-01-20 11:00:00,solar.bun_carm1#realenergyintotheload#kwh,BUNDOORA,51.1875,56.024105,57.885223,56.170227,799.0
2025-01-20 12:00:00,solar.bun_carm1#realenergyintotheload#kwh,BUNDOORA,36.875,20.594852,23.087807,22.403772,304.0
2025-01-20 13:00:00,solar.bun_carm1#realenergyintotheload#kwh,BUNDOORA,57.25,62.595238,63.43168,61.552357,906.0
2025-01-20 14:00:00,solar.bun_carm1#realenergyintotheload#kwh,BUNDOORA,65.875,53.976063,59.84231,58.069332,830.0
2025-01-20 15:00:00,solar.bun_carm1#realenergyintotheload#kwh,BUNDOORA,37.9375,40.727528,36.39625,35.31792,482.0
2025-01-20 16:00:00,solar.bun_carm1#realenergyintotheload#kwh,BUNDOORA,41.8125,33.86396,38.901134,37.748592,516.0
2025-01-20 17:00:00,solar.bun_carm1#realenergyintotheload#kwh,BUNDOORA,41.25,37.77554,42.45586,41.197998,574.0
2025-01-20 18:00:00,solar.bun_carm1#realenergyintotheload#kwh,BUNDOORA,32.125,30.045853,31.076786,30.15606,413.0
2025-01-20 19:00:00,solar.bun_carm1#realenergyintotheload#kwh,BUNDOORA,21.125,17.982386,22.052357,21.399,295.0
2025-01-20 20:00:00,solar.bun_carm1#realenergyintotheload#kwh,BUNDOORA,6.1875,13.013729,6.580731,6.3857603,89.0
2025-01-20 21:00:00,solar.bun_carm1#realenergyintotheload#kwh,BUNDOORA,0.75,1.8785603,0.0041548354,0.004031738,1.0
2025-01-20 22:00:00,solar.bun_carm1#realenergyintotheload#kwh,BUNDOORA,0.0,0.06157898,0.0027258736,0.0026451128,0.0
2025-01-20 23:00:00,solar.bun_carm1#realenergyintotheload#kwh,BUNDOORA,0.0,0.09343172,0.0027258736,0.0026451128,0.0
2025-01-21 00:00:00,solar.bun_carm1#realenergyintotheload#kwh,BUNDOORA,0.0,-0.16853948,-0.0021774261,0.0,0.0
2025-01-21 01:00:00,solar.bun_carm1#realenergyintotheload#kwh,BUNDOORA,0.0,-0.13517995,-0.0027425615,0.0,0.0
2025-01-21 02:00:00,solar.bun_carm1#realenergyintotheload#kwh,BUNDOORA,0.0,-0.13139872,0.0024286378,0.0023566834,0.0
2025-01-21 03:00:00,solar.bun_carm1#realenergyintotheload#kwh,BUNDOORA,0.0,-0.011208024,-0.0003657617,0.0,0.0
2025-01-21 04:00:00,solar.bun_carm1#realenergyintotheload#kwh,BUNDOORA,0.0,0.13709754,0.00092263124,0.000895296,0.0
2025-01-21 05:00:00,solar.bun_carm1#realenergyintotheload#kwh,BUNDOORA,0.0,0.030806506,0.0009937463,0.0009643041,0.0
2025-01-21 06:00:00,solar.bun_carm1#realenergyintotheload#kwh,BUNDOORA,0.0,1.5566633,0.0019704562,0.0019120765,0.0
2025-01-21 07:00:00,solar.bun_carm1#realenergyintotheload#kwh,BUNDOORA,0.8125,5.7508464,1.9207801,1.8638722,28.0
2025-01-21 08:00:00,solar.bun_carm1#realenergyintotheload#kwh,BUNDOORA,10.8125,21.938377,15.40646,14.950005,204.0
2025-01-21 09:00:00,solar.bun_carm1#realenergyintotheload#kwh,BUNDOORA,26.25,40.817303,31.407463,30.476938,416.0
2025-01-21 10:00:00,solar.bun_carm1#realenergyintotheload#kwh,BUNDOORA,42.4375,41.27878,45.697746,44.343838,620.0
2025-01-21 11:00:00,solar.bun_carm1#realenergyintotheload#kwh,BUNDOORA,53.625,56.60229,57.461216,55.758785,805.0
2025-01-21 12:00:00,solar.bun_carm1#realenergyintotheload#kwh,BUNDOORA,61.4375,61.072636,62.963684,61.09823,938.0
2025-01-21 13:00:00,solar.bun_carm1#realenergyintotheload#kwh,BUNDOORA,67.1875,62.05184,64.31986,62.414227,1014.0
2025-01-21 14:00:00,solar.bun_carm1#realenergyintotheload#kwh,BUNDOORA,68.8125,60.373764,67.11332,65.124916,1028.0
2025-01-21 15:00:00,solar.bun_carm1#realenergyintotheload#kwh,BUNDOORA,67.4375,63.43169,63.700943,61.813644,981.0
2025-01-21 16:00:00,solar.bun_carm1#realenergyintotheload#kwh,BUNDOORA,63.0625,58.587574,59.541023,57.77697,875.0
2025-01-21 17:00:00,solar.bun_carm1#realenergyintotheload#kwh,BUNDOORA,54.3125,50.40391,51.89081,50.353413,717.0
2025-01-21 18:00:00,solar.bun_carm1#realenergyintotheload#kwh,BUNDOORA,42.4375,31.802795,37.083466,35.984776,510.0
2025-01-21 19:00:00,solar.bun_carm1#realenergyintotheload#kwh,BUNDOORA,23.5,17.801487,22.775854,22.101063,305.0
2025-01-21 20:00:00,solar.bun_carm1#realenergyintotheload#kwh,BUNDOORA,6.75,8.865823,5.900719,5.7258954,78.0
2025-01-21 21:00:00,solar.bun_carm1#realenergyintotheload#kwh,BUNDOORA,0.8125,1.249151,0.00082183233,0.0007974835,0.0
2025-01-21 22:00:00,solar.bun_carm1#realenergyintotheload#kwh,BUNDOORA,0.0,0.1450969,0.00043059594,0.00041783846,0.0
2025-01-21 23:00:00,solar.bun_carm1#realenergyintotheload#kwh,BUNDOORA,0.0,0.08864749,0.00043059594,0.00041783846,0.0
2025-01-22 00:00:00,solar.bun_carm1#realenergyintotheload#kwh,BUNDOORA,0.0,0.098641984,0.002376631,0.0023062173,0.0
2025-01-22 01:00:00,solar.bun_carm1#realenergyintotheload#kwh,BUNDOORA,0.0,-0.00039364654,0.0024871884,0.0024134992,0.0
2025-01-22 02:00:00,solar.bun_carm1#realenergyintotheload#kwh,BUNDOORA,0.0,0.10088573,0.00060819025,0.0005901711,0.0
2025-01-22 03:00:00,solar.bun_carm1#realenergyintotheload#kwh,BUNDOORA,0.0,0.4593435,0.00060819025,0.0005901711,0.0
2025-01-22 04:00:00,solar.bun_carm1#realenergyintotheload#kwh,BUNDOORA,0.0,0.40904683,0.00023710668,0.0002300818,0.0
2025-01-22 05:00:00,solar.bun_carm1#realenergyintotheload#kwh,BUNDOORA,0.0,-0.036481984,0.00034383085,0.000333644,0.0
2025-01-22 06:00:00,solar.bun_carm1#realenergyintotheload#kwh,BUNDOORA,0.0,0.8749684,0.00034383085,0.000333644,0.0
2025-01-22 07:00:00,solar.bun_carm1#realenergyintotheload#kwh,BUNDOORA,0.3125,5.41616,0.78181857,0.75865525,15.0
2025-01-22 08:00:00,solar.bun_carm1#realenergyintotheload#kwh,BUNDOORA,7.125,18.680946,9.012811,8.745784,126.0
2025-01-22 09:00:00,solar.bun_carm1#realenergyintotheload#kwh,BUNDOORA,15.9375,16.204243,17.977406,17.44478,225.0
2025-01-22 10:00:00,solar.bun_carm1#realenergyintotheload#kwh,BUNDOORA,17.75,18.333357,14.120559,13.702202,183.0
2025-01-22 11:00:00,solar.bun_carm1#realenergyintotheload#kwh,BUNDOORA,24.5625,35.80114,30.646406,29.73843,398.0
2025-01-22 12:00:00,solar.bun_carm1#realenergyintotheload#kwh,BUNDOORA,40.8125,37.027348,41.495136,40.26574,552.0
2025-01-22 13:00:00,solar.bun_carm1#realenergyintotheload#kwh,BUNDOORA,45.5,36.078644,40.70193,39.496033,536.0
2025-01-22 14:00:00,solar.bun_carm1#realenergyintotheload#kwh,BUNDOORA,41.375,36.560947,35.752106,34.69286,453.0
2025-01-22 15:00:00,solar.bun_carm1#realenergyintotheload#kwh,BUNDOORA,49.5625,47.733467,49.796104,48.32077,673.0
2025-01-22 16:00:00,solar.bun_carm1#realenergyintotheload#kwh,BUNDOORA,51.0,48.383842,56.248756,54.582245,769.0
2025-01-22 17:00:00,solar.bun_carm1#realenergyintotheload#kwh,BUNDOORA,55.25,56.228817,54.91437,53.287395,763.0
2025-01-22 18:00:00,solar.bun_carm1#realenergyintotheload#kwh,BUNDOORA,45.1875,39.09966,41.01109,39.796032,567.0
2025-01-22 19:00:00,solar.bun_carm1#realenergyintotheload#kwh,BUNDOORA,27.5625,26.640549,25.934784,25.1664,348.0
2025-01-22 20:00:00,solar.bun_carm1#realenergyintotheload#kwh,BUNDOORA,8.4375,11.492475,9.565962,9.282546,133.0
2025-01-22 21:00:00,solar.bun_carm1#realenergyintotheload#kwh,BUNDOORA,0.375,1.3147237,-0.004758915,0.0,1.0
2025-01-22 22:00:00,solar.bun_carm1#realenergyintotheload#kwh,BUNDOORA,0.0,-0.020641986,-0.001210613,0.0,0.0
2025-01-22 23:00:00,solar.bun_carm1#realenergyintotheload#kwh,BUNDOORA,0.0,0.14043893,0.00066902995,0.00064920826,0.0
2025-01-23 00:00:00,solar.bun_carm1#realenergyintotheload#kwh,BUNDOORA,0.0,-0.21701118,0.0013791334,0.0013382732,0.0
2025-01-23 01:00:00,solar.bun_carm1#realenergyintotheload#kwh,BUNDOORA,0.0,0.013843261,0.0026635127,0.0025845994,0.0
2025-01-23 02:00:00,solar.bun_carm1#realenergyintotheload#kwh,BUNDOORA,0.0,-0.022132043,0.0025106422,0.0024362581,0.0
2025-01-23 03:00:00,solar.bun_carm1#realenergyintotheload#kwh,BUNDOORA,0.0,0.08563449,0.0020450968,0.0019845057,0.0
2025-01-23 04:00:00,solar.bun_carm1#realenergyintotheload#kwh,BUNDOORA,0.0,-0.019033106,0.0016821693,0.0016323308,0.0
2025-01-23 05:00:00,solar.bun_carm1#realenergyintotheload#kwh,BUNDOORA,0.0,-0.0041054776,0.0020450968,0.0019845057,0.0
2025-01-23 06:00:00,solar.bun_carm1#realenergyintotheload#kwh,BUNDOORA,0.0,1.6168827,0.0020450968,0.0019845057,0.0
2025-01-23 07:00:00,solar.bun_carm1#realenergyintotheload#kwh,BUNDOORA,0.9375,4.484465,1.4601058,1.4168465,22.0
2025-01-23 08:00:00,solar.bun_carm1#realenergyintotheload#kwh,BUNDOORA,7.0625,10.59167,10.068582,9.770275,136.0
2025-01-23 09:00:00,solar.bun_carm1#realenergyintotheload#kwh,BUNDOORA,15.9375,22.594719,17.639032,17.116432,224.0
2025-01-23 10:00:00,solar.bun_carm1#realenergyintotheload#kwh,BUNDOORA,25.25,28.455837,26.370909,25.589605,329.0
2025-01-23 11:00:00,solar.bun_carm1#realenergyintotheload#kwh,BUNDOORA,43.625,47.401825,52.424355,50.87115,707.0
2025-01-23 12:00:00,solar.bun_carm1#realenergyintotheload#kwh,BUNDOORA,54.8125,58.34214,60.569656,58.775127,844.0
2025-01-23 13:00:00,solar.bun_carm1#realenergyintotheload#kwh,BUNDOORA,47.625,37.175682,35.111877,34.0716,455.0
2025-01-23 14:00:00,solar.bun_carm1#realenergyintotheload#kwh,BUNDOORA,36.8125,41.403763,36.94165,35.84716,476.0
2025-01-23 15:00:00,solar.bun_carm1#realenergyintotheload#kwh,BUNDOORA,26.25,25.0212,18.747633,18.192188,238.0
2025-01-23 16:00:00,solar.bun_carm1#realenergyintotheload#kwh,BUNDOORA,10.25,15.186803,10.173366,9.871954,135.0
2025-01-23 17:00:00,solar.bun_carm1#realenergyintotheload#kwh,BUNDOORA,9.125,7.5834637,6.3801293,6.191102,84.0
2025-01-23 18:00:00,solar.bun_carm1#realenergyintotheload#kwh,BUNDOORA,5.0625,6.272238,5.6889462,5.520397,76.0
2025-01-23 19:00:00,solar.bun_carm1#realenergyintotheload#kwh,BUNDOORA,3.6875,8.669319,5.672268,5.504213,77.0
2025-01-23 20:00:00,solar.bun_carm1#realenergyintotheload#kwh,BUNDOORA,1.3125,3.5702362,1.3017328,1.2631657,21.0
2025-01-23 21:00:00,solar.bun_carm1#realenergyintotheload#kwh,BUNDOORA,0.0,1.7109966,0.0020486263,0.0019879306,0.0
2025-01-23 22:00:00,solar.bun_carm1#realenergyintotheload#kwh,BUNDOORA,0.0,0.23822182,0.0032766405,0.0031795618,0.0
2025-01-23 23:00:00,solar.bun_carm1#realenergyintotheload#kwh,BUNDOORA,0.0,0.08305782,0.002554225,0.0024785497,0.0
2025-01-24 00:00:00,solar.bun_carm1#realenergyintotheload#kwh,BUNDOORA,0.0,0.19926956,0.0028027904,0.0027197506,0.0
2025-01-24 01:00:00,solar.bun_carm1#realenergyintotheload#kwh,BUNDOORA,0.0,0.13451202,0.0024794193,0.0024059603,0.0
2025-01-24 02:00:00,solar.bun_carm1#realenergyintotheload#kwh,BUNDOORA,0.0,0.08305782,0.0022308542,0.0021647597,0.0
2025-01-24 03:00:00,solar.bun_carm1#realenergyintotheload#kwh,BUNDOORA,0.0,0.09923229,0.0022359472,0.0021697017,0.0
2025-01-24 04:00:00,solar.bun_carm1#realenergyintotheload#kwh,BUNDOORA,0.0,0.18360715,0.0023659319,0.0022958352,0.0
2025-01-24 05:00:00,solar.bun_carm1#realenergyintotheload#kwh,BUNDOORA,0.0,0.39439687,0.0033522416,0.003252923,0.0
2025-01-24 06:00:00,solar.bun_carm1#realenergyintotheload#kwh,BUNDOORA,0.0,1.0583986,0.0033919523,0.0032914572,0.0
2025-01-24 07:00:00,solar.bun_carm1#realenergyintotheload#kwh,BUNDOORA,0.375,4.6482,1.7735002,1.7209558,27.0
2025-01-24 08:00:00,solar.bun_carm1#realenergyintotheload#kwh,BUNDOORA,5.875,11.577135,10.473114,10.162822,142.0
2025-01-24 09:00:00,solar.bun_carm1#realenergyintotheload#kwh,BUNDOORA,11.5,16.33742,16.994984,16.491465,212.0
2025-01-24 10:00:00,solar.bun_carm1#realenergyintotheload#kwh,BUNDOORA,22.375,29.449347,26.691555,25.900751,332.0
2025-01-24 11:00:00,solar.bun_carm1#realenergyintotheload#kwh,BUNDOORA,35.3125,39.92376,37.147427,36.04684,482.0
2025-01-24 12:00:00,solar.bun_carm1#realenergyintotheload#kwh,BUNDOORA,52.9375,41.83573,49.532665,48.065136,670.0
2025-01-24 13:00:00,solar.bun_carm1#realenergyintotheload#kwh,BUNDOORA,51.5625,56.328167,60.77527,58.974648,854.0
2025-01-24 14:00:00,solar.bun_carm1#realenergyintotheload#kwh,BUNDOORA,76.5625,62.146473,69.21574,67.16505,1048.0
2025-01-24 15:00:00,solar.bun_carm1#realenergyintotheload#kwh,BUNDOORA,73.9375,65.341064,67.22702,65.23525,1001.0
2025-01-24 16:00:00,solar.bun_carm1#realenergyintotheload#kwh,BUNDOORA,69.3125,59.528553,63.00086,61.1343,894.0
2025-01-24 17:00:00,solar.bun_carm1#realenergyintotheload#kwh,BUNDOORA,57.4375,50.49715,53.097275,51.524136,736.0
2025-01-24 18:00:00,solar.bun_carm1#realenergyintotheload#kwh,BUNDOORA,45.0,39.95482,39.746326,38.56874,542.0
2025-01-24 19:00:00,solar.bun_carm1#realenergyintotheload#kwh,BUNDOORA,27.0625,31.92096,24.27713,23.55786,329.0
2025-01-24 20:00:00,solar.bun_carm1#realenergyintotheload#kwh,BUNDOORA,7.9375,7.410659,8.882465,8.6193,123.0
2025-01-24 21:00:00,solar.bun_carm1#realenergyintotheload#kwh,BUNDOORA,0.3125,0.97815496,0.0012846643,0.0012466029,0.0
2025-01-24 22:00:00,solar.bun_carm1#realenergyintotheload#kwh,BUNDOORA,0.0,0.3897578,0.0027720663,0.002689937,0.0
2025-01-24 23:00:00,solar.bun_carm1#realenergyintotheload#kwh,BUNDOORA,0.0,0.19139773,0.002670725,0.002591598,0.0
2025-01-25 00:00:00,solar.bun_carm1#realenergyintotheload#kwh,BUNDOORA,0.0,0.5497965,0.0022359472,0.0021697017,0.0
2025-01-25 01:00:00,solar.bun_carm1#realenergyintotheload#kwh,BUNDOORA,0.0,0.47234237,0.002196391,0.0021313175,0.0
2025-01-25 02:00:00,solar.bun_carm1#realenergyintotheload#kwh,BUNDOORA,0.0,0.5032763,0.002559318,0.0024834918,0.0
2025-01-25 03:00:00,solar.bun_carm1#realenergyintotheload#kwh,BUNDOORA,0.0,0.11740986,0.002196391,0.0021313175,0.0
2025-01-25 04:00:00,solar.bun_carm1#realenergyintotheload#kwh,BUNDOORA,0.0,0.0886405,0.002559318,0.0024834918,0.0
2025-01-25 05:00:00,solar.bun_carm1#realenergyintotheload#kwh,BUNDOORA,0.0,0.11740986,0.002559318,0.0024834918,0.0
2025-01-25 06:00:00,solar.bun_carm1#realenergyintotheload#kwh,BUNDOORA,0.0,1.2291415,0.002196391,0.0021313175,0.0
2025-01-25 07:00:00,solar.bun_carm1#realenergyintotheload#kwh,BUNDOORA,0.5,4.443194,1.1025543,1.0698884,19.0
2025-01-25 08:00:00,solar.bun_carm1#realenergyintotheload#kwh,BUNDOORA,9.6875,11.686715,9.274808,9.000018,127.0
2025-01-25 09:00:00,solar.bun_carm1#realenergyintotheload#kwh,BUNDOORA,16.1875,26.230509,28.453995,27.610973,375.0
2025-01-25 10:00:00,solar.bun_carm1#realenergyintotheload#kwh,BUNDOORA,26.3125,37.99268,34.936726,33.901638,451.0
2025-01-25 11:00:00,solar.bun_carm1#realenergyintotheload#kwh,BUNDOORA,45.125,47.216805,49.409794,47.945904,678.0
2025-01-25 12:00:00,solar.bun_carm1#realenergyintotheload#kwh,BUNDOORA,51.875,50.809814,51.1942,49.67744,693.0
2025-01-25 13:00:00,solar.bun_carm1#realenergyintotheload#kwh,BUNDOORA,66.4375,66.426575,67.350296,65.35487,1014.0
2025-01-25 14:00:00,solar.bun_carm1#realenergyintotheload#kwh,BUNDOORA,68.375,66.788284,71.18391,69.074905,1031.0
2025-01-25 15:00:00,solar.bun_carm1#realenergyintotheload#kwh,BUNDOORA,71.375,68.21799,68.41741,66.39037,983.0
2025-01-25 16:00:00,solar.bun_carm1#realenergyintotheload#kwh,BUNDOORA,66.0,62.383972,61.880497,60.04713,878.0
2025-01-25 17:00:00,solar.bun_carm1#realenergyintotheload#kwh,BUNDOORA,56.5,50.47801,50.55138,49.05367,719.0
2025-01-25 18:00:00,solar.bun_carm1#realenergyintotheload#kwh,BUNDOORA,43.625,38.61895,38.35476,37.218403,522.0
2025-01-25 19:00:00,solar.bun_carm1#realenergyintotheload#kwh,BUNDOORA,22.0,21.632893,22.805914,22.130232,307.0
2025-01-25 20:00:00,solar.bun_carm1#realenergyintotheload#kwh,BUNDOORA,5.875,5.0033555,2.1137316,2.051107,31.0
2025-01-25 21:00:00,solar.bun_carm1#realenergyintotheload#kwh,BUNDOORA,0.375,1.5761886,0.0034133925,0.0033122622,0.0
2025-01-25 22:00:00,solar.bun_carm1#realenergyintotheload#kwh,BUNDOORA,0.0,0.17554884,0.003701146,0.0035914902,0.0
2025-01-25 23:00:00,solar.bun_carm1#realenergyintotheload#kwh,BUNDOORA,0.0,0.24360596,0.003128876,0.0030361752,0.0
2025-01-26 00:00:00,solar.bun_carm1#realenergyintotheload#kwh,BUNDOORA,0.0,-0.105877,0.0021553505,0.0020914928,0.0
2025-01-26 01:00:00,solar.bun_carm1#realenergyintotheload#kwh,BUNDOORA,0.0,0.43218106,0.0020486263,0.0019879306,0.0
2025-01-26 02:00:00,solar.bun_carm1#realenergyintotheload#kwh,BUNDOORA,0.0,0.31602454,0.0020486263,0.0019879306,0.0
2025-01-26 03:00:00,solar.bun_carm1#realenergyintotheload#kwh,BUNDOORA,0.0,0.11524526,0.002559318,0.0024834918,0.0
2025-01-26 04:00:00,solar.bun_carm1#realenergyintotheload#kwh,BUNDOORA,0.0,0.112781905,0.002196391,0.0021313175,0.0
2025-01-26 05:00:00,solar.bun_carm1#realenergyintotheload#kwh,BUNDOORA,0.0,0.09145226,0.002559318,0.0024834918,0.0
2025-01-26 06:00:00,solar.bun_carm1#realenergyintotheload#kwh,BUNDOORA,0.0,0.604665,0.002196391,0.0021313175,0.0
2025-01-26 07:00:00,solar.bun_carm1#realenergyintotheload#kwh,BUNDOORA,0.375,4.604695,1.0711203,1.0393857,17.0
2025-01-26 08:00:00,solar.bun_carm1#realenergyintotheload#kwh,BUNDOORA,5.1875,10.305142,6.1202,5.938874,82.0
2025-01-26 09:00:00,solar.bun_carm1#realenergyintotheload#kwh,BUNDOORA,10.8125,23.835888,19.021704,18.458138,243.0
2025-01-26 10:00:00,solar.bun_carm1#realenergyintotheload#kwh,BUNDOORA,36.5,39.234364,42.144844,40.8962,567.0
2025-01-26 11:00:00,solar.bun_carm1#realenergyintotheload#kwh,BUNDOORA,35.625,37.68296,36.43815,35.358578,473.0
2025-01-26 12:00:00,solar.bun_carm1#realenergyintotheload#kwh,BUNDOORA,60.5,58.36872,62.353218,60.505848,902.0
2025-01-26 13:00:00,solar.bun_carm1#realenergyintotheload#kwh,BUNDOORA,72.5,62.395832,67.56948,65.567566,1007.0
2025-01-26 14:00:00,solar.bun_carm1#realenergyintotheload#kwh,BUNDOORA,74.5,66.36704,67.05501,65.06834,1023.0
2025-01-26 15:00:00,solar.bun_carm1#realenergyintotheload#kwh,BUNDOORA,72.4375,67.304794,67.1096,65.12131,974.0
2025-01-26 16:00:00,solar.bun_carm1#realenergyintotheload#kwh,BUNDOORA,66.1875,60.56523,60.11602,58.334934,866.0
2025-01-26 17:00:00,solar.bun_carm1#realenergyintotheload#kwh,BUNDOORA,56.9375,50.38003,50.77853,49.27409,710.0
2025-01-26 18:00:00,solar.bun_carm1#realenergyintotheload#kwh,BUNDOORA,43.8125,37.16921,37.71566,36.59824,519.0
2025-01-26 19:00:00,solar.bun_carm1#realenergyintotheload#kwh,BUNDOORA,25.6875,29.051554,23.120049,22.435059,310.0
2025-01-26 20:00:00,solar.bun_carm1#realenergyintotheload#kwh,BUNDOORA,7.4375,11.10895,8.028504,7.79064,110.0
2025-01-26 21:00:00,solar.bun_carm1#realenergyintotheload#kwh,BUNDOORA,0.3125,1.9271529,0.0023333835,0.0022642512,0.0
2025-01-26 22:00:00,solar.bun_carm1#realenergyintotheload#kwh,BUNDOORA,0.0,0.30077478,0.002847269,0.0027629114,0.0
2025-01-26 23:00:00,solar.bun_carm1#realenergyintotheload#kwh,BUNDOORA,0.0,0.3262748,0.002559318,0.0024834918,0.0
2025-01-27 00:00:00,solar.bun_carm1#realenergyintotheload#kwh,BUNDOORA,0.0,0.4078122,0.002559318,0.0024834918,0.0
2025-01-27 01:00:00,solar.bun_carm1#realenergyintotheload#kwh,BUNDOORA,0.0,0.53677046,0.002559318,0.0024834918,0.0
2025-01-27 02:00:00,solar.bun_carm1#realenergyintotheload#kwh,BUNDOORA,0.0,0.44438562,0.002196391,0.0021313175,0.0
2025-01-27 03:00:00,solar.bun_carm1#realenergyintotheload#kwh,BUNDOORA,0.0,0.18792239,0.002559318,0.0024834918,0.0
2025-01-27 04:00:00,solar.bun_carm1#realenergyintotheload#kwh,BUNDOORA,0.0,0.20065735,0.0030248635,0.0029352445,0.0
2025-01-27 05:00:00,solar.bun_carm1#realenergyintotheload#kwh,BUNDOORA,0.0,0.6021505,0.0028148063,0.0027314106,0.0
2025-01-27 06:00:00,solar.bun_carm1#realenergyintotheload#kwh,BUNDOORA,0.0,1.3927478,0.0029029406,0.0028169337,0.0
2025-01-27 07:00:00,solar.bun_carm1#realenergyintotheload#kwh,BUNDOORA,0.1875,5.7191806,1.4606262,1.4173515,24.0
2025-01-27 08:00:00,solar.bun_carm1#realenergyintotheload#kwh,BUNDOORA,9.125,20.274292,14.42328,13.995954,199.0
2025-01-27 09:00:00,solar.bun_carm1#realenergyintotheload#kwh,BUNDOORA,22.625,28.3566,29.28444,28.416815,395.0
2025-01-27 10:00:00,solar.bun_carm1#realenergyintotheload#kwh,BUNDOORA,38.625,29.938913,32.562767,31.598013,424.0
2025-01-27 11:00:00,solar.bun_carm1#realenergyintotheload#kwh,BUNDOORA,23.4375,15.81627,12.868819,12.487548,166.0
2025-01-27 12:00:00,solar.bun_carm1#realenergyintotheload#kwh,BUNDOORA,36.6875,34.93956,30.612408,29.705439,407.0
2025-01-27 13:00:00,solar.bun_carm1#realenergyintotheload#kwh,BUNDOORA,53.6875,63.37511,64.52144,62.60983,1003.0
2025-01-27 14:00:00,solar.bun_carm1#realenergyintotheload#kwh,BUNDOORA,70.6875,63.495903,67.62302,65.619514,1025.0
2025-01-27 15:00:00,solar.bun_carm1#realenergyintotheload#kwh,BUNDOORA,68.875,61.980175,63.606636,61.72213,976.0
2025-01-27 16:00:00,solar.bun_carm1#realenergyintotheload#kwh,BUNDOORA,61.0625,55.40995,59.51895,57.755554,860.0
2025-01-27 17:00:00,solar.bun_carm1#realenergyintotheload#kwh,BUNDOORA,18.5,20.23254,14.382619,13.956498,191.0
2025-01-27 18:00:00,solar.bun_carm1#realenergyintotheload#kwh,BUNDOORA,15.375,10.288907,13.73977,13.332695,181.0
2025-01-27 19:00:00,solar.bun_carm1#realenergyintotheload#kwh,BUNDOORA,2.125,7.6595674,6.0726967,5.892778,81.0
2025-01-27 20:00:00,solar.bun_carm1#realenergyintotheload#kwh,BUNDOORA,0.8125,5.749955,2.6801128,2.6007078,39.0
2025-01-27 21:00:00,solar.bun_carm1#realenergyintotheload#kwh,BUNDOORA,0.0,0.7873472,-0.0037115738,0.0,0.0
2025-01-27 22:00:00,solar.bun_carm1#realenergyintotheload#kwh,BUNDOORA,0.0,-0.1859109,-0.0037780635,0.0,0.0
2025-01-27 23:00:00,solar.bun_carm1#realenergyintotheload#kwh,BUNDOORA,0.0,-0.020818887,0.0004990896,0.00048430281,0.0
2025-01-28 00:00:00,solar.bun_carm1#realenergyintotheload#kwh,BUNDOORA,0.0,0.104189746,0.0026882526,0.0026086064,0.0
2025-01-28 01:00:00,solar.bun_carm1#realenergyintotheload#kwh,BUNDOORA,0.0,-0.05793053,0.002376631,0.0023062173,0.0
2025-01-28 02:00:00,solar.bun_carm1#realenergyintotheload#kwh,BUNDOORA,0.0,0.111272104,0.0020055475,0.0019461282,0.0
2025-01-28 03:00:00,solar.bun_carm1#realenergyintotheload#kwh,BUNDOORA,0.0,0.16108258,0.00023710668,0.0002300818,0.0
2025-01-28 04:00:00,solar.bun_carm1#realenergyintotheload#kwh,BUNDOORA,0.0,0.25575143,0.00023710668,0.0002300818,0.0
2025-01-28 05:00:00,solar.bun_carm1#realenergyintotheload#kwh,BUNDOORA,0.0,0.47109798,0.00060819025,0.0005901711,0.0
2025-01-28 06:00:00,solar.bun_carm1#realenergyintotheload#kwh,BUNDOORA,0.0,1.4489557,0.0010737355,0.0010419234,0.0
2025-01-28 07:00:00,solar.bun_carm1#realenergyintotheload#kwh,BUNDOORA,0.0625,8.4050665,0.88265246,0.8565017,16.0
2025-01-28 08:00:00,solar.bun_carm1#realenergyintotheload#kwh,BUNDOORA,4.25,19.91269,8.9910145,8.724633,125.0
2025-01-28 09:00:00,solar.bun_carm1#realenergyintotheload#kwh,BUNDOORA,11.0,23.077286,19.485302,18.908,250.0
2025-01-28 10:00:00,solar.bun_carm1#realenergyintotheload#kwh,BUNDOORA,20.625,19.496992,20.613716,20.002983,256.0
2025-01-28 11:00:00,solar.bun_carm1#realenergyintotheload#kwh,BUNDOORA,30.3125,30.692448,33.894623,32.89041,433.0
2025-01-28 12:00:00,solar.bun_carm1#realenergyintotheload#kwh,BUNDOORA,37.9375,42.643383,49.291798,47.831406,653.0
2025-01-28 13:00:00,solar.bun_carm1#realenergyintotheload#kwh,BUNDOORA,45.0,63.35001,61.02942,59.22127,905.0
2025-01-28 14:00:00,solar.bun_carm1#realenergyintotheload#kwh,BUNDOORA,69.8125,66.99393,71.18077,69.07186,1042.0
2025-01-28 15:00:00,solar.bun_carm1#realenergyintotheload#kwh,BUNDOORA,70.0625,68.474174,69.43047,67.37342,1003.0
2025-01-28 16:00:00,solar.bun_carm1#realenergyintotheload#kwh,BUNDOORA,65.1875,63.689407,63.3006,61.42516,900.0
2025-01-28 17:00:00,solar.bun_carm1#realenergyintotheload#kwh,BUNDOORA,56.5,52.24302,53.460037,51.87615,742.0
2025-01-28 18:00:00,solar.bun_carm1#realenergyintotheload#kwh,BUNDOORA,43.875,38.415768,39.795944,38.61689,545.0
2025-01-28 19:00:00,solar.bun_carm1#realenergyintotheload#kwh,BUNDOORA,25.75,27.177132,23.66704,22.965845,326.0
2025-01-28 20:00:00,solar.bun_carm1#realenergyintotheload#kwh,BUNDOORA,7.625,8.047072,8.304904,8.05885,115.0
2025-01-28 21:00:00,solar.bun_carm1#realenergyintotheload#kwh,BUNDOORA,0.1875,1.7950579,-0.0026869217,0.0,0.0
2025-01-28 22:00:00,solar.bun_carm1#realenergyintotheload#kwh,BUNDOORA,0.0,-0.027346935,-0.00049232197,0.0,0.0
2025-01-28 23:00:00,solar.bun_carm1#realenergyintotheload#kwh,BUNDOORA,0.0,-0.19499631,0.0034496775,0.003347472,0.0
2025-01-29 00:00:00,solar.bun_carm1#realenergyintotheload#kwh,BUNDOORA,0.0,-0.05236326,0.0026635127,0.0025845994,0.0
2025-01-29 01:00:00,solar.bun_carm1#realenergyintotheload#kwh,BUNDOORA,0.0,-0.004332735,0.0026635127,0.0025845994,0.0
2025-01-29 02:00:00,solar.bun_carm1#realenergyintotheload#kwh,BUNDOORA,0.0,-0.082156055,0.0026635127,0.0025845994,0.0
2025-01-29 03:00:00,solar.bun_carm1#realenergyintotheload#kwh,BUNDOORA,0.0,-0.095943645,0.0025106422,0.0024362581,0.0
2025-01-29 04:00:00,solar.bun_carm1#realenergyintotheload#kwh,BUNDOORA,0.0,0.0046625137,0.0030801995,0.0029889408,0.0
2025-01-29 05:00:00,solar.bun_carm1#realenergyintotheload#kwh,BUNDOORA,0.0,0.013560557,0.0026146544,0.0025371886,0.0
2025-01-29 06:00:00,solar.bun_carm1#realenergyintotheload#kwh,BUNDOORA,0.0,0.8092486,0.0010645466,0.0010330068,0.0
2025-01-29 07:00:00,solar.bun_carm1#realenergyintotheload#kwh,BUNDOORA,0.3125,3.6524775,1.2922138,1.2539288,21.0
2025-01-29 08:00:00,solar.bun_carm1#realenergyintotheload#kwh,BUNDOORA,8.5625,19.307297,12.3325615,11.967178,166.0
2025-01-29 09:00:00,solar.bun_carm1#realenergyintotheload#kwh,BUNDOORA,17.0,25.406487,24.336756,23.615719,317.0
2025-01-29 10:00:00,solar.bun_carm1#realenergyintotheload#kwh,BUNDOORA,37.5,47.78076,46.237534,44.86763,632.0
2025-01-29 11:00:00,solar.bun_carm1#realenergyintotheload#kwh,BUNDOORA,58.875,59.25352,59.39014,57.630558,820.0
2025-01-29 12:00:00,solar.bun_carm1#realenergyintotheload#kwh,BUNDOORA,67.5,67.47117,67.048065,65.0616,959.0
2025-01-29 13:00:00,solar.bun_carm1#realenergyintotheload#kwh,BUNDOORA,73.375,67.90845,68.74914,66.71227,1039.0
2025-01-29 14:00:00,solar.bun_carm1#realenergyintotheload#kwh,BUNDOORA,76.9375,69.20057,69.43985,67.38252,1057.0
2025-01-29 15:00:00,solar.bun_carm1#realenergyintotheload#kwh,BUNDOORA,74.5625,68.47635,68.94891,66.90613,1011.0
2025-01-29 16:00:00,solar.bun_carm1#realenergyintotheload#kwh,BUNDOORA,68.5625,58.046825,63.319443,61.443447,904.0
2025-01-29 17:00:00,solar.bun_carm1#realenergyintotheload#kwh,BUNDOORA,58.5,50.021038,53.811142,52.216854,746.0
2025-01-29 18:00:00,solar.bun_carm1#realenergyintotheload#kwh,BUNDOORA,43.4375,35.790554,39.67985,38.50424,548.0
2025-01-29 19:00:00,solar.bun_carm1#realenergyintotheload#kwh,BUNDOORA,25.875,26.101866,23.953808,23.244116,330.0
2025-01-29 20:00:00,solar.bun_carm1#realenergyintotheload#kwh,BUNDOORA,7.25,5.6078687,8.226439,7.982711,118.0
2025-01-29 21:00:00,solar.bun_carm1#realenergyintotheload#kwh,BUNDOORA,0.25,1.4163871,0.00062733126,0.00060874503,0.0
2025-01-29 22:00:00,solar.bun_carm1#realenergyintotheload#kwh,BUNDOORA,0.0,0.17389575,0.001996756,0.0019375972,0.0
2025-01-29 23:00:00,solar.bun_carm1#realenergyintotheload#kwh,BUNDOORA,0.0,-0.034187272,0.0026635127,0.0025845994,0.0
2025-01-30 00:00:00,solar.bun_carm1#realenergyintotheload#kwh,BUNDOORA,0.0,-0.025211904,0.0025106422,0.0024362581,0.0
2025-01-30 01:00:00,solar.bun_carm1#realenergyintotheload#kwh,BUNDOORA,0.0,0.08563449,0.0020450968,0.0019845057,0.0
2025-01-30 02:00:00,solar.bun_carm1#realenergyintotheload#kwh,BUNDOORA,0.0,0.00424192,0.0016821693,0.0016323308,0.0
2025-01-30 03:00:00,solar.bun_carm1#realenergyintotheload#kwh,BUNDOORA,0.0,0.03284487,0.0015344047,0.0014889442,0.0
2025-01-30 04:00:00,solar.bun_carm1#realenergyintotheload#kwh,BUNDOORA,0.0,0.0057561547,0.0016411288,0.0015925063,0.0
2025-01-30 05:00:00,solar.bun_carm1#realenergyintotheload#kwh,BUNDOORA,0.0,-0.09277192,0.002106674,0.0020442586,0.0
2025-01-30 06:00:00,solar.bun_carm1#realenergyintotheload#kwh,BUNDOORA,0.0,-0.0065064393,0.0030801995,0.0029889408,0.0
2025-01-30 07:00:00,solar.bun_carm1#realenergyintotheload#kwh,BUNDOORA,0.25,1.1242019,0.43654254,0.42360887,10.0
2025-01-30 08:00:00,solar.bun_carm1#realenergyintotheload#kwh,BUNDOORA,3.625,12.999177,7.032135,6.8237906,96.0
2025-01-30 09:00:00,solar.bun_carm1#realenergyintotheload#kwh,BUNDOORA,10.3125,17.64699,15.5283,15.068235,193.0
2025-01-30 10:00:00,solar.bun_carm1#realenergyintotheload#kwh,BUNDOORA,19.0625,32.317974,26.586351,25.798664,332.0
2025-01-30 11:00:00,solar.bun_carm1#realenergyintotheload#kwh,BUNDOORA,40.375,38.687283,36.530678,35.448364,478.0
2025-01-30 12:00:00,solar.bun_carm1#realenergyintotheload#kwh,BUNDOORA,44.375,49.712162,52.516605,50.96067,712.0
2025-01-30 13:00:00,solar.bun_carm1#realenergyintotheload#kwh,BUNDOORA,63.3125,53.881355,60.088326,58.30806,837.0
2025-01-30 14:00:00,solar.bun_carm1#realenergyintotheload#kwh,BUNDOORA,62.5625,66.62584,69.8381,67.76897,1039.0
2025-01-30 15:00:00,solar.bun_carm1#realenergyintotheload#kwh,BUNDOORA,71.875,68.16602,69.2999,67.24671,1002.0
2025-01-30 16:00:00,solar.bun_carm1#realenergyintotheload#kwh,BUNDOORA,65.25,63.42839,62.927105,61.062733,891.0
2025-01-30 17:00:00,solar.bun_carm1#realenergyintotheload#kwh,BUNDOORA,57.8125,50.173088,52.622925,51.06384,731.0
2025-01-30 18:00:00,solar.bun_carm1#realenergyintotheload#kwh,BUNDOORA,43.625,39.23931,39.088783,37.93068,534.0
2025-01-30 19:00:00,solar.bun_carm1#realenergyintotheload#kwh,BUNDOORA,25.3125,27.543049,22.99523,22.313938,317.0
2025-01-30 20:00:00,solar.bun_carm1#realenergyintotheload#kwh,BUNDOORA,6.5625,8.022345,8.167581,7.9255958,111.0
2025-01-30 21:00:00,solar.bun_carm1#realenergyintotheload#kwh,BUNDOORA,0.25,0.2475292,0.0013927182,0.0013514555,0.0
2025-01-30 22:00:00,solar.bun_carm1#realenergyintotheload#kwh,BUNDOORA,0.0,0.04981906,0.0027720663,0.002689937,0.0
2025-01-30 23:00:00,solar.bun_carm1#realenergyintotheload#kwh,BUNDOORA,0.0,0.7201958,0.0031401748,0.0030471392,0.0
2025-01-31 00:00:00,solar.bun_carm1#realenergyintotheload#kwh,BUNDOORA,0.0,0.3999231,0.0026746297,0.0025953872,0.0
2025-01-31 01:00:00,solar.bun_carm1#realenergyintotheload#kwh,BUNDOORA,0.0,0.31242147,0.0026746297,0.0025953872,0.0
2025-01-31 02:00:00,solar.bun_carm1#realenergyintotheload#kwh,BUNDOORA,0.0,0.2708336,0.0026746297,0.0025953872,0.0
2025-01-31 03:00:00,solar.bun_carm1#realenergyintotheload#kwh,BUNDOORA,0.0,0.21775316,0.0026746297,0.0025953872,0.0
2025-01-31 04:00:00,solar.bun_carm1#realenergyintotheload#kwh,BUNDOORA,0.0,-0.005861439,0.0026075938,0.0025303373,0.0
2025-01-31 05:00:00,solar.bun_carm1#realenergyintotheload#kwh,BUNDOORA,0.0,0.004513231,0.0026075938,0.0025303373,0.0
2025-01-31 06:00:00,solar.bun_carm1#realenergyintotheload#kwh,BUNDOORA,0.0,0.21388903,0.0026746297,0.0025953872,0.0
2025-01-31 07:00:00,solar.bun_carm1#realenergyintotheload#kwh,BUNDOORA,0.1875,1.604316,1.1044182,1.071697,19.0
2025-01-31 08:00:00,solar.bun_carm1#realenergyintotheload#kwh,BUNDOORA,7.3125,16.147102,14.077941,13.660847,193.0
2025-01-31 09:00:00,solar.bun_carm1#realenergyintotheload#kwh,BUNDOORA,24.75,33.1009,31.175991,30.252325,408.0
2025-01-31 10:00:00,solar.bun_carm1#realenergyintotheload#kwh,BUNDOORA,41.4375,45.055027,45.09346,43.757454,620.0
2025-01-31 11:00:00,solar.bun_carm1#realenergyintotheload#kwh,BUNDOORA,54.5625,57.413662,58.748543,57.00797,805.0
2025-01-31 12:00:00,solar.bun_carm1#realenergyintotheload#kwh,BUNDOORA,65.875,60.792778,65.01863,63.092293,943.0
2025-01-31 13:00:00,solar.bun_carm1#realenergyintotheload#kwh,BUNDOORA,71.125,70.02747,71.49659,69.37833,1025.0
2025-01-31 14:00:00,solar.bun_carm1#realenergyintotheload#kwh,BUNDOORA,73.3125,66.99153,70.90691,68.80612,1043.0
2025-01-31 15:00:00,solar.bun_carm1#realenergyintotheload#kwh,BUNDOORA,72.0,65.44145,68.81551,66.77668,997.0
2025-01-31 16:00:00,solar.bun_carm1#realenergyintotheload#kwh,BUNDOORA,67.125,62.09176,62.389194,60.54076,893.0
2025-01-31 17:00:00,solar.bun_carm1#realenergyintotheload#kwh,BUNDOORA,57.125,51.075645,53.149845,51.57515,737.0
2025-01-31 18:00:00,solar.bun_carm1#realenergyintotheload#kwh,BUNDOORA,43.0,41.056202,39.14525,37.985474,542.0
2025-01-31 19:00:00,solar.bun_carm1#realenergyintotheload#kwh,BUNDOORA,24.875,36.741623,23.82686,23.12093,325.0
2025-01-31 20:00:00,solar.bun_carm1#realenergyintotheload#kwh,BUNDOORA,6.5625,8.616692,8.240218,7.996081,115.0
2025-01-31 21:00:00,solar.bun_carm1#realenergyintotheload#kwh,BUNDOORA,0.1875,0.9929255,-0.0005583737,0.0,0.0
2025-01-31 22:00:00,solar.bun_carm1#realenergyintotheload#kwh,BUNDOORA,0.0,-0.11828168,0.0014324288,0.0013899895,0.0
2025-01-31 23:00:00,solar.bun_carm1#realenergyintotheload#kwh,BUNDOORA,0.0,0.32355317,0.002756559,0.002674889,0.0
2025-02-01 00:00:00,solar.bun_carm1#realenergyintotheload#kwh,BUNDOORA,0.0,0.30877057,0.0026036885,0.0025265478,0.0
2025-02-01 01:00:00,solar.bun_carm1#realenergyintotheload#kwh,BUNDOORA,0.0,0.26275003,0.0030731382,0.0029820888,0.0
2025-02-01 02:00:00,solar.bun_carm1#realenergyintotheload#kwh,BUNDOORA,0.0,0.45620304,0.0026075938,0.0025303373,0.0
2025-02-01 03:00:00,solar.bun_carm1#realenergyintotheload#kwh,BUNDOORA,0.0,0.35087273,0.0026075938,0.0025303373,0.0
2025-02-01 04:00:00,solar.bun_carm1#realenergyintotheload#kwh,BUNDOORA,0.0,0.16564609,0.0026075938,0.0025303373,0.0
2025-02-01 05:00:00,solar.bun_carm1#realenergyintotheload#kwh,BUNDOORA,0.0,0.02301978,0.0026075938,0.0025303373,0.0
2025-02-01 06:00:00,solar.bun_carm1#realenergyintotheload#kwh,BUNDOORA,0.0,0.2565022,0.0026746297,0.0025953872,0.0
2025-02-01 07:00:00,solar.bun_carm1#realenergyintotheload#kwh,BUNDOORA,0.125,1.295767,0.64108837,0.6220945,13.0
2025-02-01 08:00:00,solar.bun_carm1#realenergyintotheload#kwh,BUNDOORA,9.125,13.3250265,13.750878,13.343474,192.0
2025-02-01 09:00:00,solar.bun_carm1#realenergyintotheload#kwh,BUNDOORA,24.375,38.01802,31.028381,30.109087,407.0
2025-02-01 10:00:00,solar.bun_carm1#realenergyintotheload#kwh,BUNDOORA,40.6875,46.51027,45.10044,43.76423,613.0
2025-02-01 11:00:00,solar.bun_carm1#realenergyintotheload#kwh,BUNDOORA,53.9375,50.90813,57.05776,55.36728,793.0
2025-02-01 12:00:00,solar.bun_carm1#realenergyintotheload#kwh,BUNDOORA,62.8125,63.39333,63.82117,61.93031,928.0
2025-02-01 13:00:00,solar.bun_carm1#realenergyintotheload#kwh,BUNDOORA,67.125,65.83067,67.62112,65.61767,1005.0
2025-02-01 14:00:00,solar.bun_carm1#realenergyintotheload#kwh,BUNDOORA,68.4375,65.597725,65.32886,63.393326,1022.0
2025-02-01 15:00:00,solar.bun_carm1#realenergyintotheload#kwh,BUNDOORA,66.25,64.0884,65.27412,63.340206,977.0
2025-02-01 16:00:00,solar.bun_carm1#realenergyintotheload#kwh,BUNDOORA,59.125,56.293987,59.152477,57.399937,871.0
2025-02-01 17:00:00,solar.bun_carm1#realenergyintotheload#kwh,BUNDOORA,51.6875,48.38537,50.411785,48.91821,714.0
2025-02-01 18:00:00,solar.bun_carm1#realenergyintotheload#kwh,BUNDOORA,38.875,33.953236,37.93561,36.811676,521.0
2025-02-01 19:00:00,solar.bun_carm1#realenergyintotheload#kwh,BUNDOORA,21.5625,24.005453,22.688751,22.01654,309.0
2025-02-01 20:00:00,solar.bun_carm1#realenergyintotheload#kwh,BUNDOORA,5.8125,10.775429,7.748818,7.51924,106.0
2025-02-01 21:00:00,solar.bun_carm1#realenergyintotheload#kwh,BUNDOORA,0.25,1.1173824,-0.0024939962,0.0,0.0
2025-02-01 22:00:00,solar.bun_carm1#realenergyintotheload#kwh,BUNDOORA,0.0,-0.21032006,-0.0047811973,0.0,0.0
2025-02-01 23:00:00,solar.bun_carm1#realenergyintotheload#kwh,BUNDOORA,0.0,-0.18830222,0.0011092557,0.0010763912,0.0
2025-02-02 00:00:00,solar.bun_carm1#realenergyintotheload#kwh,BUNDOORA,0.0,-0.03958989,0.0020657107,0.0020045089,0.0
2025-02-02 01:00:00,solar.bun_carm1#realenergyintotheload#kwh,BUNDOORA,0.0,-0.07969713,0.0024286378,0.0023566834,0.0
2025-02-02 02:00:00,solar.bun_carm1#realenergyintotheload#kwh,BUNDOORA,0.0,-0.110715084,0.0026283406,0.0025504695,0.0
2025-02-02 03:00:00,solar.bun_carm1#realenergyintotheload#kwh,BUNDOORA,0.0,0.053953506,-0.0028204303,0.0,0.0
2025-02-02 04:00:00,solar.bun_carm1#realenergyintotheload#kwh,BUNDOORA,0.0,-0.28611004,0.0028685906,0.0027836014,0.0
2025-02-02 05:00:00,solar.bun_carm1#realenergyintotheload#kwh,BUNDOORA,0.0,-0.24909243,0.0031439983,0.0030508495,0.0
2025-02-02 06:00:00,solar.bun_carm1#realenergyintotheload#kwh,BUNDOORA,0.0,-0.19581406,-0.0020497963,0.0,0.0
2025-02-02 07:00:00,solar.bun_carm1#realenergyintotheload#kwh,BUNDOORA,0.25,1.6283221,0.6319488,0.61322576,12.0
2025-02-02 08:00:00,solar.bun_carm1#realenergyintotheload#kwh,BUNDOORA,6.6875,13.183801,11.030855,10.704039,152.0
2025-02-02 09:00:00,solar.bun_carm1#realenergyintotheload#kwh,BUNDOORA,17.875,18.0551,23.824924,23.119051,308.0
2025-02-02 10:00:00,solar.bun_carm1#realenergyintotheload#kwh,BUNDOORA,31.6875,30.702805,36.358955,35.28173,483.0
2025-02-02 11:00:00,solar.bun_carm1#realenergyintotheload#kwh,BUNDOORA,42.8125,44.229946,48.31973,46.888138,647.0
2025-02-02 12:00:00,solar.bun_carm1#realenergyintotheload#kwh,BUNDOORA,50.8125,48.791798,55.375584,53.734943,770.0
2025-02-02 13:00:00,solar.bun_carm1#realenergyintotheload#kwh,BUNDOORA,40.8125,41.791378,41.52434,40.29408,572.0
2025-02-02 14:00:00,solar.bun_carm1#realenergyintotheload#kwh,BUNDOORA,56.1875,62.879585,62.45697,60.606525,971.0
2025-02-02 15:00:00,solar.bun_carm1#realenergyintotheload#kwh,BUNDOORA,59.5625,58.34856,60.161022,58.3786,894.0
2025-02-02 16:00:00,solar.bun_carm1#realenergyintotheload#kwh,BUNDOORA,54.25,53.624165,56.861744,55.17707,809.0
2025-02-02 17:00:00,solar.bun_carm1#realenergyintotheload#kwh,BUNDOORA,48.875,43.813725,47.71104,46.29748,679.0
2025-02-02 18:00:00,solar.bun_carm1#realenergyintotheload#kwh,BUNDOORA,37.125,31.699265,35.68684,34.629528,491.0
2025-02-02 19:00:00,solar.bun_carm1#realenergyintotheload#kwh,BUNDOORA,19.6875,22.532616,21.420925,20.786276,286.0
2025-02-02 20:00:00,solar.bun_carm1#realenergyintotheload#kwh,BUNDOORA,1.9375,4.3101687,3.2653973,3.1686518,46.0
2025-02-02 21:00:00,solar.bun_carm1#realenergyintotheload#kwh,BUNDOORA,0.0,0.033129666,-0.012628403,0.0,0.0
2025-02-02 22:00:00,solar.bun_carm1#realenergyintotheload#kwh,BUNDOORA,0.0,0.42886937,-0.0007312294,0.0,0.0
2025-02-02 23:00:00,solar.bun_carm1#realenergyintotheload#kwh,BUNDOORA,0.0,1.4868616,0.002603958,0.0025268092,0.0
2025-02-03 00:00:00,solar.bun_carm1#realenergyintotheload#kwh,BUNDOORA,0.0,1.4890262,0.002603958,0.0025268092,0.0
2025-02-03 01:00:00,solar.bun_carm1#realenergyintotheload#kwh,BUNDOORA,0.0,1.4890262,0.002603958,0.0025268092,0.0
2025-02-03 02:00:00,solar.bun_carm1#realenergyintotheload#kwh,BUNDOORA,0.0,1.4643978,0.0034975836,0.0033939588,0.0
2025-02-03 03:00:00,solar.bun_carm1#realenergyintotheload#kwh,BUNDOORA,0.0,0.4117158,0.0034975836,0.0033939588,0.0
2025-02-03 04:00:00,solar.bun_carm1#realenergyintotheload#kwh,BUNDOORA,0.0,0.19618313,0.0036842076,0.0035750538,0.0
2025-02-03 05:00:00,solar.bun_carm1#realenergyintotheload#kwh,BUNDOORA,0.0,-0.18331333,0.0030695028,0.002978561,0.0
2025-02-03 06:00:00,solar.bun_carm1#realenergyintotheload#kwh,BUNDOORA,0.0,0.039412715,0.0030695028,0.002978561,0.0
2025-02-03 07:00:00,solar.bun_carm1#realenergyintotheload#kwh,BUNDOORA,0.0625,1.3103673,0.21057892,0.20434,6.0
2025-02-03 08:00:00,solar.bun_carm1#realenergyintotheload#kwh,BUNDOORA,5.0625,11.724635,7.7232423,7.494422,101.0
2025-02-03 09:00:00,solar.bun_carm1#realenergyintotheload#kwh,BUNDOORA,14.875,28.361784,25.610315,24.851545,342.0
2025-02-03 10:00:00,solar.bun_carm1#realenergyintotheload#kwh,BUNDOORA,30.25,30.708818,29.546713,28.671318,385.0
2025-02-03 11:00:00,solar.bun_carm1#realenergyintotheload#kwh,BUNDOORA,35.5,29.958971,31.580858,30.645197,414.0
2025-02-03 12:00:00,solar.bun_carm1#realenergyintotheload#kwh,BUNDOORA,26.9375,35.11058,30.331154,29.432518,404.0
2025-02-03 13:00:00,solar.bun_carm1#realenergyintotheload#kwh,BUNDOORA,30.875,33.37329,27.411598,26.59946,372.0
2025-02-03 14:00:00,solar.bun_carm1#realenergyintotheload#kwh,BUNDOORA,30.0625,24.7797,21.846838,21.199572,286.0
2025-02-03 15:00:00,solar.bun_carm1#realenergyintotheload#kwh,BUNDOORA,53.4375,60.9059,60.28443,58.498356,896.0
2025-02-03 16:00:00,solar.bun_carm1#realenergyintotheload#kwh,BUNDOORA,48.875,40.339832,45.49714,44.149174,620.0
2025-02-03 17:00:00,solar.bun_carm1#realenergyintotheload#kwh,BUNDOORA,33.25,17.433916,22.510672,21.843737,291.0
2025-02-03 18:00:00,solar.bun_carm1#realenergyintotheload#kwh,BUNDOORA,29.5,26.38842,28.998299,28.13915,389.0
2025-02-03 19:00:00,solar.bun_carm1#realenergyintotheload#kwh,BUNDOORA,25.3125,20.40107,19.811155,19.224201,271.0
2025-02-03 20:00:00,solar.bun_carm1#realenergyintotheload#kwh,BUNDOORA,7.0625,6.743292,3.56507,3.4594457,48.0
2025-02-03 21:00:00,solar.bun_carm1#realenergyintotheload#kwh,BUNDOORA,0.375,0.36414132,0.0011117014,0.0010787644,0.0
2025-02-03 22:00:00,solar.bun_carm1#realenergyintotheload#kwh,BUNDOORA,0.0,-0.46397054,-0.012002262,0.0,0.0
2025-02-03 23:00:00,solar.bun_carm1#realenergyintotheload#kwh,BUNDOORA,0.0,0.008377276,-0.0012123797,0.0,0.0
2025-02-04 00:00:00,solar.bun_carm1#realenergyintotheload#kwh,BUNDOORA,0.0,-0.2525046,-0.009844961,0.0,0.0
2025-02-04 01:00:00,solar.bun_carm1#realenergyintotheload#kwh,BUNDOORA,0.0,-0.3609107,-0.0013103805,0.0,0.0
2025-02-04 02:00:00,solar.bun_carm1#realenergyintotheload#kwh,BUNDOORA,0.0,-0.22376363,0.00030040194,0.00029150178,0.0
2025-02-04 03:00:00,solar.bun_carm1#realenergyintotheload#kwh,BUNDOORA,0.0,-0.36423486,0.00040712603,0.0003950639,0.0
2025-02-04 04:00:00,solar.bun_carm1#realenergyintotheload#kwh,BUNDOORA,0.0,-0.2046772,5.1836716e-05,5.0300925e-05,0.0
2025-02-04 05:00:00,solar.bun_carm1#realenergyintotheload#kwh,BUNDOORA,0.0,-0.121429056,0.0026283406,0.0025504695,0.0
2025-02-04 06:00:00,solar.bun_carm1#realenergyintotheload#kwh,BUNDOORA,0.0,-0.20909528,0.002895433,0.0028096486,0.0
2025-02-04 07:00:00,solar.bun_carm1#realenergyintotheload#kwh,BUNDOORA,0.125,0.9421766,0.15817288,0.15348661,5.0
2025-02-04 08:00:00,solar.bun_carm1#realenergyintotheload#kwh,BUNDOORA,2.625,7.344034,5.2846174,5.1280475,69.0
2025-02-04 09:00:00,solar.bun_carm1#realenergyintotheload#kwh,BUNDOORA,11.4375,14.877517,16.790287,16.292833,220.0
2025-02-04 10:00:00,solar.bun_carm1#realenergyintotheload#kwh,BUNDOORA,13.5,17.437157,17.431353,16.914906,229.0
2025-02-04 11:00:00,solar.bun_carm1#realenergyintotheload#kwh,BUNDOORA,20.8125,32.58817,29.391983,28.521172,395.0
2025-02-04 12:00:00,solar.bun_carm1#realenergyintotheload#kwh,BUNDOORA,63.875,59.348347,59.30216,57.545185,893.0
2025-02-04 13:00:00,solar.bun_carm1#realenergyintotheload#kwh,BUNDOORA,66.6875,62.883453,62.847958,60.98593,974.0
2025-02-04 14:00:00,solar.bun_carm1#realenergyintotheload#kwh,BUNDOORA,44.9375,52.185368,56.78662,55.104176,792.0
2025-02-04 15:00:00,solar.bun_carm1#realenergyintotheload#kwh,BUNDOORA,60.1875,56.52056,58.0948,56.373596,807.0
2025-02-04 16:00:00,solar.bun_carm1#realenergyintotheload#kwh,BUNDOORA,47.0,34.28918,33.791485,32.79033,438.0
2025-02-04 17:00:00,solar.bun_carm1#realenergyintotheload#kwh,BUNDOORA,41.1875,33.784985,39.480923,38.311203,528.0
2025-02-04 18:00:00,solar.bun_carm1#realenergyintotheload#kwh,BUNDOORA,27.1875,14.205344,18.347387,17.8038,232.0
2025-02-04 19:00:00,solar.bun_carm1#realenergyintotheload#kwh,BUNDOORA,10.8125,8.078407,14.421502,13.994229,187.0
2025-02-04 20:00:00,solar.bun_carm1#realenergyintotheload#kwh,BUNDOORA,3.0625,0.57604486,2.7039886,2.623876,37.0
2025-02-04 21:00:00,solar.bun_carm1#realenergyintotheload#kwh,BUNDOORA,0.375,1.1878195,0.0025196078,0.002444958,0.0
2025-02-04 22:00:00,solar.bun_carm1#realenergyintotheload#kwh,BUNDOORA,0.0,0.02964765,0.002559318,0.0024834918,0.0
2025-02-04 23:00:00,solar.bun_carm1#realenergyintotheload#kwh,BUNDOORA,0.0,-0.06248016,0.0032766405,0.0031795618,0.0
2025-02-05 00:00:00,solar.bun_carm1#realenergyintotheload#kwh,BUNDOORA,0.0,-0.0850173,0.002196391,0.0021313175,0.0
2025-02-05 01:00:00,solar.bun_carm1#realenergyintotheload#kwh,BUNDOORA,0.0,-0.06091494,0.0032766405,0.0031795618,0.0
2025-02-05 02:00:00,solar.bun_carm1#realenergyintotheload#kwh,BUNDOORA,0.0,0.11283185,0.0032766405,0.0031795618,0.0
2025-02-05 03:00:00,solar.bun_carm1#realenergyintotheload#kwh,BUNDOORA,0.0,0.22269128,0.0032766405,0.0031795618,0.0
2025-02-05 04:00:00,solar.bun_carm1#realenergyintotheload#kwh,BUNDOORA,0.0,0.49826646,0.003128876,0.0030361752,0.0
2025-02-05 05:00:00,solar.bun_carm1#realenergyintotheload#kwh,BUNDOORA,0.0,0.4973761,0.0032766405,0.0031795618,0.0
2025-02-05 06:00:00,solar.bun_carm1#realenergyintotheload#kwh,BUNDOORA,0.0,0.73121023,0.0029512814,0.0028638423,0.0
2025-02-05 07:00:00,solar.bun_carm1#realenergyintotheload#kwh,BUNDOORA,0.0,4.6885448,0.35768318,0.34708592,8.0
2025-02-05 08:00:00,solar.bun_carm1#realenergyintotheload#kwh,BUNDOORA,2.0625,18.964758,7.080893,6.871104,94.0
2025-02-05 09:00:00,solar.bun_carm1#realenergyintotheload#kwh,BUNDOORA,6.5625,17.004251,16.661606,16.167965,205.0
2025-02-05 10:00:00,solar.bun_carm1#realenergyintotheload#kwh,BUNDOORA,19.25,30.731647,32.75562,31.785152,420.0
2025-02-05 11:00:00,solar.bun_carm1#realenergyintotheload#kwh,BUNDOORA,47.9375,53.977333,55.161594,53.527294,763.0
2025-02-05 12:00:00,solar.bun_carm1#realenergyintotheload#kwh,BUNDOORA,63.5625,63.953926,63.5751,61.69153,902.0
2025-02-05 13:00:00,solar.bun_carm1#realenergyintotheload#kwh,BUNDOORA,69.3125,63.159473,68.68676,66.65174,986.0
2025-02-05 14:00:00,solar.bun_carm1#realenergyintotheload#kwh,BUNDOORA,70.8125,67.44262,67.8579,65.84744,1008.0
2025-02-05 15:00:00,solar.bun_carm1#realenergyintotheload#kwh,BUNDOORA,69.375,65.186714,66.30378,64.33936,965.0
2025-02-05 16:00:00,solar.bun_carm1#realenergyintotheload#kwh,BUNDOORA,64.8125,59.74968,59.64717,57.879974,863.0
2025-02-05 17:00:00,solar.bun_carm1#realenergyintotheload#kwh,BUNDOORA,52.9375,51.750294,50.940353,49.431118,707.0
2025-02-05 18:00:00,solar.bun_carm1#realenergyintotheload#kwh,BUNDOORA,38.1875,38.087112,37.312973,36.20748,511.0
2025-02-05 19:00:00,solar.bun_carm1#realenergyintotheload#kwh,BUNDOORA,21.375,26.007807,21.406841,20.77261,291.0
2025-02-05 20:00:00,solar.bun_carm1#realenergyintotheload#kwh,BUNDOORA,6.0,10.732972,5.58955,5.4239454,74.0
2025-02-05 21:00:00,solar.bun_carm1#realenergyintotheload#kwh,BUNDOORA,0.25,2.4461484,0.002847269,0.0027629114,0.0
2025-02-05 22:00:00,solar.bun_carm1#realenergyintotheload#kwh,BUNDOORA,0.0,0.0854811,0.0024922814,0.0024184412,0.0
2025-02-05 23:00:00,solar.bun_carm1#realenergyintotheload#kwh,BUNDOORA,0.0,-0.14360727,0.0024922814,0.0024184412,0.0
2025-02-06 00:00:00,solar.bun_carm1#realenergyintotheload#kwh,BUNDOORA,0.0,-0.1359626,0.0023146872,0.0022461088,0.0
2025-02-06 01:00:00,solar.bun_carm1#realenergyintotheload#kwh,BUNDOORA,0.0,0.05964745,0.0023146872,0.0022461088,0.0
2025-02-06 02:00:00,solar.bun_carm1#realenergyintotheload#kwh,BUNDOORA,0.0,0.07108236,0.0024922814,0.0024184412,0.0
2025-02-06 03:00:00,solar.bun_carm1#realenergyintotheload#kwh,BUNDOORA,0.0,0.038071252,0.0023146872,0.0022461088,0.0
2025-02-06 04:00:00,solar.bun_carm1#realenergyintotheload#kwh,BUNDOORA,0.0,0.067413874,0.002559318,0.0024834918,0.0
2025-02-06 05:00:00,solar.bun_carm1#realenergyintotheload#kwh,BUNDOORA,0.0,0.068928115,0.0020486263,0.0019879306,0.0
2025-02-06 06:00:00,solar.bun_carm1#realenergyintotheload#kwh,BUNDOORA,0.0,0.18263586,0.0020486263,0.0019879306,0.0
2025-02-06 07:00:00,solar.bun_carm1#realenergyintotheload#kwh,BUNDOORA,0.0625,1.5788587,0.37003705,0.3590738,8.0
2025-02-06 08:00:00,solar.bun_carm1#realenergyintotheload#kwh,BUNDOORA,5.8125,8.147524,11.646546,11.301488,159.0
2025-02-06 09:00:00,solar.bun_carm1#realenergyintotheload#kwh,BUNDOORA,22.4375,31.376753,27.680279,26.860182,369.0
2025-02-06 10:00:00,solar.bun_carm1#realenergyintotheload#kwh,BUNDOORA,39.4375,44.433678,43.138977,41.860878,579.0
2025-02-06 11:00:00,solar.bun_carm1#realenergyintotheload#kwh,BUNDOORA,52.375,52.68997,54.84149,53.216675,766.0
2025-02-06 12:00:00,solar.bun_carm1#realenergyintotheload#kwh,BUNDOORA,61.1875,60.034863,61.788998,59.958344,902.0
2025-02-06 13:00:00,solar.bun_carm1#realenergyintotheload#kwh,BUNDOORA,64.625,62.653656,63.42255,61.5435,982.0
2025-02-06 14:00:00,solar.bun_carm1#realenergyintotheload#kwh,BUNDOORA,69.0,63.000614,63.655575,61.76962,1000.0
2025-02-06 15:00:00,solar.bun_carm1#realenergyintotheload#kwh,BUNDOORA,59.0,58.096825,61.517185,59.694584,926.0
2025-02-06 16:00:00,solar.bun_carm1#realenergyintotheload#kwh,BUNDOORA,58.6875,55.737473,57.53177,55.827248,852.0
2025-02-06 17:00:00,solar.bun_carm1#realenergyintotheload#kwh,BUNDOORA,52.25,46.99852,49.2033,47.74553,697.0
2025-02-06 18:00:00,solar.bun_carm1#realenergyintotheload#kwh,BUNDOORA,37.875,33.0343,36.138496,35.067802,505.0
2025-02-06 19:00:00,solar.bun_carm1#realenergyintotheload#kwh,BUNDOORA,21.0625,22.714989,21.365257,20.732258,292.0
2025-02-06 20:00:00,solar.bun_carm1#realenergyintotheload#kwh,BUNDOORA,5.75,9.097878,5.928361,5.7527184,78.0
2025-02-06 21:00:00,solar.bun_carm1#realenergyintotheload#kwh,BUNDOORA,0.25,0.6549566,-0.014648658,0.0,0.0
2025-02-06 22:00:00,solar.bun_carm1#realenergyintotheload#kwh,BUNDOORA,0.0,-0.27374914,-0.019551955,0.0,0.0
2025-02-06 23:00:00,solar.bun_carm1#realenergyintotheload#kwh,BUNDOORA,0.0,-0.142216,-0.004971824,0.0,0.0
2025-02-07 00:00:00,solar.bun_carm1#realenergyintotheload#kwh,BUNDOORA,0.0,-0.18373117,-0.0047811973,0.0,0.0
2025-02-07 01:00:00,solar.bun_carm1#realenergyintotheload#kwh,BUNDOORA,0.0,-0.15216775,-0.0003657617,0.0,0.0
2025-02-07 02:00:00,solar.bun_carm1#realenergyintotheload#kwh,BUNDOORA,0.0,-0.15216775,-0.0003657617,0.0,0.0
2025-02-07 03:00:00,solar.bun_carm1#realenergyintotheload#kwh,BUNDOORA,0.0,-0.15216775,-0.0003657617,0.0,0.0
2025-02-07 04:00:00,solar.bun_carm1#realenergyintotheload#kwh,BUNDOORA,0.0,1.1616019,0.0022420136,0.0021755884,0.0
2025-02-07 05:00:00,solar.bun_carm1#realenergyintotheload#kwh,BUNDOORA,0.0,1.056162,0.0022420136,0.0021755884,0.0
2025-02-07 06:00:00,solar.bun_carm1#realenergyintotheload#kwh,BUNDOORA,0.0,0.31266364,0.0023333835,0.0022642512,0.0
2025-02-07 07:00:00,solar.bun_carm1#realenergyintotheload#kwh,BUNDOORA,0.0625,3.5888445,0.20247908,0.19648013,6.0
2025-02-07 08:00:00,solar.bun_carm1#realenergyintotheload#kwh,BUNDOORA,2.5,11.539627,5.4248333,5.264109,71.0
2025-02-07 09:00:00,solar.bun_carm1#realenergyintotheload#kwh,BUNDOORA,3.1875,13.6287775,9.974171,9.678661,130.0
2025-02-07 10:00:00,solar.bun_carm1#realenergyintotheload#kwh,BUNDOORA,4.6875,17.07019,12.412444,12.044694,159.0
2025-02-07 11:00:00,solar.bun_carm1#realenergyintotheload#kwh,BUNDOORA,8.5,22.537271,20.166422,19.568941,263.0
2025-02-07 12:00:00,solar.bun_carm1#realenergyintotheload#kwh,BUNDOORA,12.3125,17.47292,14.705462,14.269776,197.0
2025-02-07 13:00:00,solar.bun_carm1#realenergyintotheload#kwh,BUNDOORA,19.4375,21.157047,18.119974,17.583124,236.0
2025-02-07 14:00:00,solar.bun_carm1#realenergyintotheload#kwh,BUNDOORA,24.6875,36.607487,40.672382,39.46736,539.0
2025-02-07 15:00:00,solar.bun_carm1#realenergyintotheload#kwh,BUNDOORA,31.5,32.675224,29.04389,28.183392,375.0
2025-02-07 16:00:00,solar.bun_carm1#realenergyintotheload#kwh,BUNDOORA,30.0,22.769127,18.415676,17.870066,239.0
2025-02-07 17:00:00,solar.bun_carm1#realenergyintotheload#kwh,BUNDOORA,13.4375,17.187988,13.9871025,13.5727,186.0
2025-02-07 18:00:00,solar.bun_carm1#realenergyintotheload#kwh,BUNDOORA,14.375,14.684201,14.584418,14.152318,188.0
2025-02-07 19:00:00,solar.bun_carm1#realenergyintotheload#kwh,BUNDOORA,19.0625,13.774882,15.099001,14.651655,196.0
2025-02-07 20:00:00,solar.bun_carm1#realenergyintotheload#kwh,BUNDOORA,6.375,3.0383031,1.4655485,1.422128,22.0
2025-02-07 21:00:00,solar.bun_carm1#realenergyintotheload#kwh,BUNDOORA,0.0,1.7453624,0.0006317818,0.0006130637,0.0
2025-02-07 22:00:00,solar.bun_carm1#realenergyintotheload#kwh,BUNDOORA,0.0,0.10734088,0.0010737355,0.0010419234,0.0
2025-02-07 23:00:00,solar.bun_carm1#realenergyintotheload#kwh,BUNDOORA,0.0,-0.04750423,0.0025196078,0.002444958,0.0
2025-02-08 00:00:00,solar.bun_carm1#realenergyintotheload#kwh,BUNDOORA,0.0,0.36948493,0.002559318,0.0024834918,0.0
2025-02-08 01:00:00,solar.bun_carm1#realenergyintotheload#kwh,BUNDOORA,0.0,0.4342044,0.0032766405,0.0031795618,0.0
2025-02-08 02:00:00,solar.bun_carm1#realenergyintotheload#kwh,BUNDOORA,0.0,0.5501859,0.0037024757,0.0035927806,0.0
2025-02-08 03:00:00,solar.bun_carm1#realenergyintotheload#kwh,BUNDOORA,0.0,0.58911777,0.0024710924,0.0023978802,0.0
2025-02-08 04:00:00,solar.bun_carm1#realenergyintotheload#kwh,BUNDOORA,0.0,0.2482317,0.0034168274,0.0033155954,0.0
2025-02-08 05:00:00,solar.bun_carm1#realenergyintotheload#kwh,BUNDOORA,0.0,0.14886901,0.0033470073,0.0032478438,0.0
2025-02-08 06:00:00,solar.bun_carm1#realenergyintotheload#kwh,BUNDOORA,0.0,0.37604877,0.0034168274,0.0033155954,0.0
2025-02-08 07:00:00,solar.bun_carm1#realenergyintotheload#kwh,BUNDOORA,0.0625,2.1488883,0.0035235516,0.0034191576,1.0
2025-02-08 08:00:00,solar.bun_carm1#realenergyintotheload#kwh,BUNDOORA,1.6875,16.075567,7.0762467,6.8665953,96.0
2025-02-08 09:00:00,solar.bun_carm1#realenergyintotheload#kwh,BUNDOORA,10.375,18.560528,14.52581,14.095447,186.0
2025-02-08 10:00:00,solar.bun_carm1#realenergyintotheload#kwh,BUNDOORA,13.9375,26.001446,19.561562,18.982002,248.0
2025-02-08 11:00:00,solar.bun_carm1#realenergyintotheload#kwh,BUNDOORA,11.125,23.676483,14.757923,14.320683,192.0
2025-02-08 12:00:00,solar.bun_carm1#realenergyintotheload#kwh,BUNDOORA,17.1875,31.572308,21.222277,20.593513,277.0
2025-02-08 13:00:00,solar.bun_carm1#realenergyintotheload#kwh,BUNDOORA,20.625,16.470243,12.203551,11.84199,156.0
2025-02-08 14:00:00,solar.bun_carm1#realenergyintotheload#kwh,BUNDOORA,14.0625,14.809454,10.560966,10.248071,139.0
2025-02-08 15:00:00,solar.bun_carm1#realenergyintotheload#kwh,BUNDOORA,20.625,20.614002,14.748368,14.311411,193.0
2025-02-08 16:00:00,solar.bun_carm1#realenergyintotheload#kwh,BUNDOORA,18.625,24.086853,18.313093,17.770521,232.0
2025-02-08 17:00:00,solar.bun_carm1#realenergyintotheload#kwh,BUNDOORA,14.6875,19.340754,13.456112,13.057441,179.0
2025-02-08 18:00:00,solar.bun_carm1#realenergyintotheload#kwh,BUNDOORA,13.5625,15.363555,14.896091,14.454758,192.0
2025-02-08 19:00:00,solar.bun_carm1#realenergyintotheload#kwh,BUNDOORA,5.25,7.9011793,7.306013,7.0895543,97.0
2025-02-08 20:00:00,solar.bun_carm1#realenergyintotheload#kwh,BUNDOORA,2.25,3.9997687,1.0652193,1.0336595,17.0
2025-02-08 21:00:00,solar.bun_carm1#realenergyintotheload#kwh,BUNDOORA,0.1875,0.90150356,0.0022841294,0.0022164562,0.0
2025-02-08 22:00:00,solar.bun_carm1#realenergyintotheload#kwh,BUNDOORA,0.0,-0.120154835,0.0024617235,0.0023887889,0.0
2025-02-08 23:00:00,solar.bun_carm1#realenergyintotheload#kwh,BUNDOORA,0.0,0.08910451,0.0021831417,0.0021184606,0.0
2025-02-09 00:00:00,solar.bun_carm1#realenergyintotheload#kwh,BUNDOORA,0.0,0.519236,0.0021831417,0.0021184606,0.0
2025-02-09 01:00:00,solar.bun_carm1#realenergyintotheload#kwh,BUNDOORA,0.0,0.27464545,0.0021831417,0.0021184606,0.0
2025-02-09 02:00:00,solar.bun_carm1#realenergyintotheload#kwh,BUNDOORA,0.0,0.060042195,0.002554225,0.0024785497,0.0
2025-02-09 03:00:00,solar.bun_carm1#realenergyintotheload#kwh,BUNDOORA,0.0,0.10179467,0.002554225,0.0024785497,0.0
2025-02-09 04:00:00,solar.bun_carm1#realenergyintotheload#kwh,BUNDOORA,0.0,0.055701353,0.002554225,0.0024785497,0.0
2025-02-09 05:00:00,solar.bun_carm1#realenergyintotheload#kwh,BUNDOORA,0.0,0.10179467,0.002865847,0.002780939,0.0
2025-02-09 06:00:00,solar.bun_carm1#realenergyintotheload#kwh,BUNDOORA,0.0,0.24148394,0.0032766405,0.0031795618,0.0
2025-02-09 07:00:00,solar.bun_carm1#realenergyintotheload#kwh,BUNDOORA,0.0,1.4727091,0.003128876,0.0030361752,2.0
2025-02-09 08:00:00,solar.bun_carm1#realenergyintotheload#kwh,BUNDOORA,4.9375,7.040872,10.491216,10.1803875,146.0
2025-02-09 09:00:00,solar.bun_carm1#realenergyintotheload#kwh,BUNDOORA,21.625,16.560925,26.407043,25.624668,351.0
2025-02-09 10:00:00,solar.bun_carm1#realenergyintotheload#kwh,BUNDOORA,33.1875,31.4911,41.52392,40.293667,559.0
2025-02-09 11:00:00,solar.bun_carm1#realenergyintotheload#kwh,BUNDOORA,30.5625,39.160183,49.338013,47.87625,679.0
2025-02-09 12:00:00,solar.bun_carm1#realenergyintotheload#kwh,BUNDOORA,57.5,58.430443,64.69639,62.779594,887.0
2025-02-09 13:00:00,solar.bun_carm1#realenergyintotheload#kwh,BUNDOORA,64.9375,59.136204,63.174534,61.30283,879.0
2025-02-09 14:00:00,solar.bun_carm1#realenergyintotheload#kwh,BUNDOORA,57.5625,42.254803,48.99205,47.54054,662.0
2025-02-09 15:00:00,solar.bun_carm1#realenergyintotheload#kwh,BUNDOORA,52.625,40.78428,43.589878,42.29842,581.0
2025-02-09 16:00:00,solar.bun_carm1#realenergyintotheload#kwh,BUNDOORA,39.0,35.669373,40.893284,39.681717,544.0
2025-02-09 17:00:00,solar.bun_carm1#realenergyintotheload#kwh,BUNDOORA,43.8125,40.72647,46.48905,45.1117,627.0
2025-02-09 18:00:00,solar.bun_carm1#realenergyintotheload#kwh,BUNDOORA,33.0625,7.467782,6.121688,5.9403176,80.0
2025-02-09 19:00:00,solar.bun_carm1#realenergyintotheload#kwh,BUNDOORA,17.3125,21.18228,19.627851,19.046328,265.0
2025-02-09 20:00:00,solar.bun_carm1#realenergyintotheload#kwh,BUNDOORA,4.5,3.9652658,2.1324635,2.069284,31.0
2025-02-09 21:00:00,solar.bun_carm1#realenergyintotheload#kwh,BUNDOORA,0.25,1.3367981,0.00060819025,0.0005901711,0.0
2025-02-09 22:00:00,solar.bun_carm1#realenergyintotheload#kwh,BUNDOORA,0.0,-0.0022291979,0.002554225,0.0024785497,0.0
2025-02-09 23:00:00,solar.bun_carm1#realenergyintotheload#kwh,BUNDOORA,0.0,-0.026501665,0.00060819025,0.0005901711,0.0
2025-02-10 00:00:00,solar.bun_carm1#realenergyintotheload#kwh,BUNDOORA,0.0,-0.024623135,0.00060819025,0.0005901711,0.0
2025-02-10 01:00:00,solar.bun_carm1#realenergyintotheload#kwh,BUNDOORA,0.0,0.008600888,0.00060819025,0.0005901711,0.0
2025-02-10 02:00:00,solar.bun_carm1#realenergyintotheload#kwh,BUNDOORA,0.0,-0.08264654,0.002554225,0.0024785497,0.0
2025-02-10 03:00:00,solar.bun_carm1#realenergyintotheload#kwh,BUNDOORA,0.0,-0.05892341,0.0025196078,0.002444958,0.0
2025-02-10 04:00:00,solar.bun_carm1#realenergyintotheload#kwh,BUNDOORA,0.0,-0.005669701,0.002554225,0.0024785497,0.0
2025-02-10 05:00:00,solar.bun_carm1#realenergyintotheload#kwh,BUNDOORA,0.0,-0.20491013,0.002559318,0.0024834918,0.0
2025-02-10 06:00:00,solar.bun_carm1#realenergyintotheload#kwh,BUNDOORA,0.0,-0.4517491,0.0024922814,0.0024184412,0.0
2025-02-10 07:00:00,solar.bun_carm1#realenergyintotheload#kwh,BUNDOORA,0.0,1.3047429,0.002865847,0.002780939,2.0
2025-02-10 08:00:00,solar.bun_carm1#realenergyintotheload#kwh,BUNDOORA,4.625,7.5726304,10.279394,9.974841,142.0
2025-02-10 09:00:00,solar.bun_carm1#realenergyintotheload#kwh,BUNDOORA,13.875,19.628153,26.357544,25.576635,352.0
2025-02-10 10:00:00,solar.bun_carm1#realenergyintotheload#kwh,BUNDOORA,22.125,32.180435,31.098345,30.17698,401.0
2025-02-10 11:00:00,solar.bun_carm1#realenergyintotheload#kwh,BUNDOORA,34.25,40.005436,42.436405,41.17912,565.0
2025-02-10 12:00:00,solar.bun_carm1#realenergyintotheload#kwh,BUNDOORA,52.1875,58.386738,61.44747,59.626938,852.0
2025-02-10 13:00:00,solar.bun_carm1#realenergyintotheload#kwh,BUNDOORA,64.3125,61.83183,63.888206,61.995358,927.0
2025-02-10 14:00:00,solar.bun_carm1#realenergyintotheload#kwh,BUNDOORA,61.9375,59.39226,60.690807,58.89269,859.0
2025-02-10 15:00:00,solar.bun_carm1#realenergyintotheload#kwh,BUNDOORA,64.5625,53.852085,64.73483,62.816902,906.0
2025-02-10 16:00:00,solar.bun_carm1#realenergyintotheload#kwh,BUNDOORA,48.875,55.89027,57.117977,55.425713,816.0
2025-02-10 17:00:00,solar.bun_carm1#realenergyintotheload#kwh,BUNDOORA,54.5,49.472515,49.404358,47.94063,676.0
2025-02-10 18:00:00,solar.bun_carm1#realenergyintotheload#kwh,BUNDOORA,38.625,36.16862,36.03337,34.965794,486.0
2025-02-10 19:00:00,solar.bun_carm1#realenergyintotheload#kwh,BUNDOORA,22.3125,19.658463,20.45565,19.8496,277.0
2025-02-10 20:00:00,solar.bun_carm1#realenergyintotheload#kwh,BUNDOORA,5.0,9.559067,6.1988616,6.015205,80.0
2025-02-10 21:00:00,solar.bun_carm1#realenergyintotheload#kwh,BUNDOORA,0.0625,2.139165,0.0008961412,0.0008695908,0.0
2025-02-10 22:00:00,solar.bun_carm1#realenergyintotheload#kwh,BUNDOORA,0.0,0.17870265,0.002376631,0.0023062173,0.0
2025-02-10 23:00:00,solar.bun_carm1#realenergyintotheload#kwh,BUNDOORA,0.0,0.14548388,0.0023420136,0.0022726257,0.0
2025-02-11 00:00:00,solar.bun_carm1#realenergyintotheload#kwh,BUNDOORA,0.0,-0.060946323,0.0023817238,0.0023111594,0.0
2025-02-11 01:00:00,solar.bun_carm1#realenergyintotheload#kwh,BUNDOORA,0.0,-0.11020284,0.0023817238,0.0023111594,0.0
2025-02-11 02:00:00,solar.bun_carm1#realenergyintotheload#kwh,BUNDOORA,0.0,-0.12744616,0.002559318,0.0024834918,0.0
2025-02-11 03:00:00,solar.bun_carm1#realenergyintotheload#kwh,BUNDOORA,0.0,-0.14360727,0.0024922814,0.0024184412,0.0
2025-02-11 04:00:00,solar.bun_carm1#realenergyintotheload#kwh,BUNDOORA,0.0,-0.11161875,0.0023146872,0.0022461088,0.0
2025-02-11 05:00:00,solar.bun_carm1#realenergyintotheload#kwh,BUNDOORA,0.0,-0.027313007,0.002559318,0.0024834918,0.0
2025-02-11 06:00:00,solar.bun_carm1#realenergyintotheload#kwh,BUNDOORA,0.0,0.15994324,0.002559318,0.0024834918,0.0
2025-02-11 07:00:00,solar.bun_carm1#realenergyintotheload#kwh,BUNDOORA,0.0625,1.9078938,0.080676384,0.07828614,4.0
2025-02-11 08:00:00,solar.bun_carm1#realenergyintotheload#kwh,BUNDOORA,5.625,8.563118,10.422153,10.113371,143.0
2025-02-11 09:00:00,solar.bun_carm1#realenergyintotheload#kwh,BUNDOORA,17.5,19.280493,24.77571,24.041666,335.0
2025-02-11 10:00:00,solar.bun_carm1#realenergyintotheload#kwh,BUNDOORA,37.875,41.98102,42.444313,41.186794,563.0
2025-02-11 11:00:00,solar.bun_carm1#realenergyintotheload#kwh,BUNDOORA,52.4375,53.015053,54.254932,52.647495,743.0
2025-02-11 12:00:00,solar.bun_carm1#realenergyintotheload#kwh,BUNDOORA,60.9375,59.93025,61.862694,60.029858,880.0
2025-02-11 13:00:00,solar.bun_carm1#realenergyintotheload#kwh,BUNDOORA,66.375,64.38846,65.74399,63.796158,963.0
2025-02-11 14:00:00,solar.bun_carm1#realenergyintotheload#kwh,BUNDOORA,68.0625,65.79323,69.30124,67.24802,983.0
2025-02-11 15:00:00,solar.bun_carm1#realenergyintotheload#kwh,BUNDOORA,66.125,61.857113,63.43177,61.552444,938.0
2025-02-11 16:00:00,solar.bun_carm1#realenergyintotheload#kwh,BUNDOORA,60.8125,57.783043,57.91218,56.19639,833.0
2025-02-11 17:00:00,solar.bun_carm1#realenergyintotheload#kwh,BUNDOORA,50.375,45.772774,48.32646,46.89467,678.0
2025-02-11 18:00:00,solar.bun_carm1#realenergyintotheload#kwh,BUNDOORA,37.25,36.461124,35.64808,34.591915,486.0
2025-02-11 19:00:00,solar.bun_carm1#realenergyintotheload#kwh,BUNDOORA,20.5,24.224112,20.442608,19.836945,276.0
2025-02-11 20:00:00,solar.bun_carm1#realenergyintotheload#kwh,BUNDOORA,4.375,8.21422,5.9472146,5.7710133,78.0
2025-02-11 21:00:00,solar.bun_carm1#realenergyintotheload#kwh,BUNDOORA,0.0625,0.6032467,-0.0043329294,0.0,0.0
2025-02-11 22:00:00,solar.bun_carm1#realenergyintotheload#kwh,BUNDOORA,0.0,0.0303542,0.0029595846,0.0028718994,0.0
2025-02-11 23:00:00,solar.bun_carm1#realenergyintotheload#kwh,BUNDOORA,0.0,-0.09658317,0.0032868464,0.0031894655,0.0
2025-02-12 00:00:00,solar.bun_carm1#realenergyintotheload#kwh,BUNDOORA,0.0,-0.10732086,0.0028213009,0.0027377128,0.0
2025-02-12 01:00:00,solar.bun_carm1#realenergyintotheload#kwh,BUNDOORA,0.0,0.14993368,0.0023146872,0.0022461088,0.0
2025-02-12 02:00:00,solar.bun_carm1#realenergyintotheload#kwh,BUNDOORA,0.0,0.059120096,0.0023817238,0.0023111594,0.0
2025-02-12 03:00:00,solar.bun_carm1#realenergyintotheload#kwh,BUNDOORA,0.0,0.17161143,0.0023146872,0.0022461088,0.0
2025-02-12 04:00:00,solar.bun_carm1#realenergyintotheload#kwh,BUNDOORA,0.0,0.022254633,0.0023146872,0.0022461088,0.0
2025-02-12 05:00:00,solar.bun_carm1#realenergyintotheload#kwh,BUNDOORA,0.0,-0.08579037,0.0023146872,0.0022461088,0.0
2025-02-12 06:00:00,solar.bun_carm1#realenergyintotheload#kwh,BUNDOORA,0.0,0.014859108,0.0023146872,0.0022461088,0.0
2025-02-12 07:00:00,solar.bun_carm1#realenergyintotheload#kwh,BUNDOORA,0.0625,1.5307671,0.019019809,0.018456299,3.0
2025-02-12 08:00:00,solar.bun_carm1#realenergyintotheload#kwh,BUNDOORA,4.25,15.03868,10.374173,10.0668125,144.0
2025-02-12 09:00:00,solar.bun_carm1#realenergyintotheload#kwh,BUNDOORA,21.3125,38.486107,26.25518,25.477304,354.0
2025-02-12 10:00:00,solar.bun_carm1#realenergyintotheload#kwh,BUNDOORA,37.8125,42.30217,42.144634,40.895992,563.0
2025-02-12 11:00:00,solar.bun_carm1#realenergyintotheload#kwh,BUNDOORA,51.0,50.805775,53.56237,51.975452,746.0
2025-02-12 12:00:00,solar.bun_carm1#realenergyintotheload#kwh,BUNDOORA,59.875,60.265575,62.244526,60.400375,882.0
2025-02-12 13:00:00,solar.bun_carm1#realenergyintotheload#kwh,BUNDOORA,61.625,62.00167,63.35997,61.482773,964.0
2025-02-12 14:00:00,solar.bun_carm1#realenergyintotheload#kwh,BUNDOORA,66.0,61.721382,64.523735,62.612057,984.0
2025-02-12 15:00:00,solar.bun_carm1#realenergyintotheload#kwh,BUNDOORA,63.875,58.34546,61.880623,60.047256,940.0
2025-02-12 16:00:00,solar.bun_carm1#realenergyintotheload#kwh,BUNDOORA,59.0,55.91755,57.477646,55.774727,835.0
2025-02-12 17:00:00,solar.bun_carm1#realenergyintotheload#kwh,BUNDOORA,49.3125,45.356106,47.966827,46.54569,678.0
2025-02-12 18:00:00,solar.bun_carm1#realenergyintotheload#kwh,BUNDOORA,36.25,33.981327,35.538315,34.485405,486.0
2025-02-12 19:00:00,solar.bun_carm1#realenergyintotheload#kwh,BUNDOORA,19.375,24.011984,20.262598,19.662268,275.0
2025-02-12 20:00:00,solar.bun_carm1#realenergyintotheload#kwh,BUNDOORA,4.125,8.5601635,5.668519,5.500575,75.0
2025-02-12 21:00:00,solar.bun_carm1#realenergyintotheload#kwh,BUNDOORA,0.0625,0.5970505,-0.019323807,0.0,0.0
2025-02-12 22:00:00,solar.bun_carm1#realenergyintotheload#kwh,BUNDOORA,0.0,-0.24343412,-0.019323807,0.0,0.0
2025-02-12 23:00:00,solar.bun_carm1#realenergyintotheload#kwh,BUNDOORA,0.0,-0.20070782,0.00052855257,0.0005128929,0.0
2025-02-13 00:00:00,solar.bun_carm1#realenergyintotheload#kwh,BUNDOORA,0.0,-0.27187985,-0.0022658454,0.0,0.0
2025-02-13 01:00:00,solar.bun_carm1#realenergyintotheload#kwh,BUNDOORA,0.0,-0.15249483,-0.0024939962,0.0,0.0
2025-02-13 02:00:00,solar.bun_carm1#realenergyintotheload#kwh,BUNDOORA,0.0,0.011998743,-0.019551955,0.0,0.0
2025-02-13 03:00:00,solar.bun_carm1#realenergyintotheload#kwh,BUNDOORA,0.0,0.12931007,-0.0024920213,0.0,0.0
2025-02-13 04:00:00,solar.bun_carm1#realenergyintotheload#kwh,BUNDOORA,0.0,0.59706086,0.003968042,0.0038504787,0.0
2025-02-13 05:00:00,solar.bun_carm1#realenergyintotheload#kwh,BUNDOORA,0.0,0.48994407,0.002854918,0.0027703338,0.0
2025-02-13 06:00:00,solar.bun_carm1#realenergyintotheload#kwh,BUNDOORA,0.0,0.3659429,-0.0018202314,0.0,0.0
2025-02-13 07:00:00,solar.bun_carm1#realenergyintotheload#kwh,BUNDOORA,0.0625,0.92047447,-0.00040111935,0.0,1.0
2025-02-13 08:00:00,solar.bun_carm1#realenergyintotheload#kwh,BUNDOORA,5.25,8.534926,7.7997084,7.5686226,106.0
2025-02-13 09:00:00,solar.bun_carm1#realenergyintotheload#kwh,BUNDOORA,14.375,16.139727,17.345901,16.831985,226.0
2025-02-13 10:00:00,solar.bun_carm1#realenergyintotheload#kwh,BUNDOORA,22.6875,20.56253,20.357079,19.75395,257.0
2025-02-13 11:00:00,solar.bun_carm1#realenergyintotheload#kwh,BUNDOORA,23.6875,34.648743,28.569197,27.722763,364.0
2025-02-13 12:00:00,solar.bun_carm1#realenergyintotheload#kwh,BUNDOORA,32.1875,34.449863,32.79288,31.82131,421.0
2025-02-13 13:00:00,solar.bun_carm1#realenergyintotheload#kwh,BUNDOORA,47.3125,51.29949,52.86542,51.299152,720.0
2025-02-13 14:00:00,solar.bun_carm1#realenergyintotheload#kwh,BUNDOORA,57.4375,52.321407,59.45563,57.69411,819.0
2025-02-13 15:00:00,solar.bun_carm1#realenergyintotheload#kwh,BUNDOORA,58.1875,52.722813,57.273243,55.57638,796.0
2025-02-13 16:00:00,solar.bun_carm1#realenergyintotheload#kwh,BUNDOORA,25.5625,19.81879,17.631618,17.109238,233.0
2025-02-13 17:00:00,solar.bun_carm1#realenergyintotheload#kwh,BUNDOORA,12.625,13.91898,10.64816,10.332682,137.0
2025-02-13 18:00:00,solar.bun_carm1#realenergyintotheload#kwh,BUNDOORA,9.3125,6.2835836,5.679396,5.51113,75.0
2025-02-13 19:00:00,solar.bun_carm1#realenergyintotheload#kwh,BUNDOORA,2.125,5.360435,2.903497,2.8174736,42.0
2025-02-13 20:00:00,solar.bun_carm1#realenergyintotheload#kwh,BUNDOORA,0.5,4.902067,0.22078308,0.21424183,6.0
2025-02-13 21:00:00,solar.bun_carm1#realenergyintotheload#kwh,BUNDOORA,0.0,0.4033113,0.0025891908,0.0025124797,0.0
2025-02-13 22:00:00,solar.bun_carm1#realenergyintotheload#kwh,BUNDOORA,0.0,0.024406258,0.0024173332,0.0023457136,0.0
2025-02-13 23:00:00,solar.bun_carm1#realenergyintotheload#kwh,BUNDOORA,0.0,-0.06877915,0.002310609,0.0022421514,0.0
2025-02-14 00:00:00,solar.bun_carm1#realenergyintotheload#kwh,BUNDOORA,0.0,0.04800047,0.0024583733,0.0023855378,0.0
2025-02-14 01:00:00,solar.bun_carm1#realenergyintotheload#kwh,BUNDOORA,0.0,-0.031040497,0.0030767897,0.002985632,0.0
2025-02-14 02:00:00,solar.bun_carm1#realenergyintotheload#kwh,BUNDOORA,0.0,0.38125983,0.0030507052,0.0029603203,0.0
2025-02-14 03:00:00,solar.bun_carm1#realenergyintotheload#kwh,BUNDOORA,0.0,0.5746886,0.0030507052,0.0029603203,0.0
2025-02-14 04:00:00,solar.bun_carm1#realenergyintotheload#kwh,BUNDOORA,0.0,0.71606964,0.0023333835,0.0022642512,0.0
2025-02-14 05:00:00,solar.bun_carm1#realenergyintotheload#kwh,BUNDOORA,0.0,0.42765567,0.00215684,0.0020929382,0.0
2025-02-14 06:00:00,solar.bun_carm1#realenergyintotheload#kwh,BUNDOORA,0.0,0.2892798,0.0027720663,0.002689937,0.0
2025-02-14 07:00:00,solar.bun_carm1#realenergyintotheload#kwh,BUNDOORA,0.0,3.2850122,0.0032189148,0.0031235465,2.0
2025-02-14 08:00:00,solar.bun_carm1#realenergyintotheload#kwh,BUNDOORA,4.375,15.874494,10.239309,9.935945,144.0
2025-02-14 09:00:00,solar.bun_carm1#realenergyintotheload#kwh,BUNDOORA,20.625,37.35952,26.377043,25.595556,357.0
2025-02-14 10:00:00,solar.bun_carm1#realenergyintotheload#kwh,BUNDOORA,35.8125,42.34216,42.09181,40.844734,567.0
2025-02-14 11:00:00,solar.bun_carm1#realenergyintotheload#kwh,BUNDOORA,48.4375,43.669155,46.218513,44.849174,631.0
2025-02-14 12:00:00,solar.bun_carm1#realenergyintotheload#kwh,BUNDOORA,41.5625,42.86981,46.632877,45.251263,626.0
2025-02-14 13:00:00,solar.bun_carm1#realenergyintotheload#kwh,BUNDOORA,42.8125,42.712753,44.592594,43.271427,598.0
2025-02-14 14:00:00,solar.bun_carm1#realenergyintotheload#kwh,BUNDOORA,59.3125,57.913105,60.74508,58.945354,850.0
2025-02-14 15:00:00,solar.bun_carm1#realenergyintotheload#kwh,BUNDOORA,69.5625,57.69638,62.346676,60.4995,872.0
2025-02-14 16:00:00,solar.bun_carm1#realenergyintotheload#kwh,BUNDOORA,38.375,35.93762,28.507772,27.663158,359.0
2025-02-14 17:00:00,solar.bun_carm1#realenergyintotheload#kwh,BUNDOORA,40.0,39.230663,45.972458,44.61041,622.0
2025-02-14 18:00:00,solar.bun_carm1#realenergyintotheload#kwh,BUNDOORA,30.6875,29.728283,27.378847,26.56768,357.0
2025-02-14 19:00:00,solar.bun_carm1#realenergyintotheload#kwh,BUNDOORA,8.1875,12.268567,8.65464,8.398225,113.0
2025-02-14 20:00:00,solar.bun_carm1#realenergyintotheload#kwh,BUNDOORA,5.3125,5.8703785,1.7746884,1.7221087,27.0
2025-02-14 21:00:00,solar.bun_carm1#realenergyintotheload#kwh,BUNDOORA,0.0625,2.0712876,0.0032766405,0.0031795618,0.0
2025-02-14 22:00:00,solar.bun_carm1#realenergyintotheload#kwh,BUNDOORA,0.0,0.49570224,0.002196391,0.0021313175,0.0
2025-02-14 23:00:00,solar.bun_carm1#realenergyintotheload#kwh,BUNDOORA,0.0,0.5450102,0.0030990462,0.0030072292,0.0
2025-02-15 00:00:00,solar.bun_carm1#realenergyintotheload#kwh,BUNDOORA,0.0,0.27371788,0.0026746297,0.0025953872,0.0
2025-02-15 01:00:00,solar.bun_carm1#realenergyintotheload#kwh,BUNDOORA,0.0,-0.044052787,0.0020450968,0.0019845057,0.0
2025-02-15 02:00:00,solar.bun_carm1#realenergyintotheload#kwh,BUNDOORA,0.0,-0.0007214812,0.0020450968,0.0019845057,0.0
2025-02-15 03:00:00,solar.bun_carm1#realenergyintotheload#kwh,BUNDOORA,0.0,-0.0046378653,0.0020450968,0.0019845057,0.0
2025-02-15 04:00:00,solar.bun_carm1#realenergyintotheload#kwh,BUNDOORA,0.0,0.031987537,0.0020450968,0.0019845057,0.0
2025-02-15 05:00:00,solar.bun_carm1#realenergyintotheload#kwh,BUNDOORA,0.0,0.03280227,0.0021447968,0.0020812517,0.0
2025-02-15 06:00:00,solar.bun_carm1#realenergyintotheload#kwh,BUNDOORA,0.0,0.20533219,0.0018930198,0.0018369344,0.0
2025-02-15 07:00:00,solar.bun_carm1#realenergyintotheload#kwh,BUNDOORA,0.0,1.9227184,0.002610342,0.0025330042,1.0
2025-02-15 08:00:00,solar.bun_carm1#realenergyintotheload#kwh,BUNDOORA,3.125,11.511534,4.1945243,4.070251,57.0
2025-02-15 09:00:00,solar.bun_carm1#realenergyintotheload#kwh,BUNDOORA,11.9375,21.784027,18.470375,17.923143,239.0
2025-02-15 10:00:00,solar.bun_carm1#realenergyintotheload#kwh,BUNDOORA,18.3125,30.740137,34.281696,33.266014,435.0
2025-02-15 11:00:00,solar.bun_carm1#realenergyintotheload#kwh,BUNDOORA,36.5625,41.120163,45.315353,43.972775,606.0
2025-02-15 12:00:00,solar.bun_carm1#realenergyintotheload#kwh,BUNDOORA,51.8125,38.23364,44.076283,42.770412,582.0
2025-02-15 13:00:00,solar.bun_carm1#realenergyintotheload#kwh,BUNDOORA,27.0,34.04562,30.770815,29.859152,398.0
2025-02-15 14:00:00,solar.bun_carm1#realenergyintotheload#kwh,BUNDOORA,16.1875,13.590854,14.149074,13.729872,185.0
2025-02-15 15:00:00,solar.bun_carm1#realenergyintotheload#kwh,BUNDOORA,51.875,39.527596,37.70795,36.59076,485.0
2025-02-15 16:00:00,solar.bun_carm1#realenergyintotheload#kwh,BUNDOORA,41.5625,58.82632,58.80901,57.066647,828.0
2025-02-15 17:00:00,solar.bun_carm1#realenergyintotheload#kwh,BUNDOORA,32.0,19.330194,23.621714,22.921862,296.0
2025-02-15 18:00:00,solar.bun_carm1#realenergyintotheload#kwh,BUNDOORA,23.5,26.741661,31.436638,30.505249,410.0
2025-02-15 19:00:00,solar.bun_carm1#realenergyintotheload#kwh,BUNDOORA,13.75,5.076926,13.291427,12.8976345,176.0
2025-02-15 20:00:00,solar.bun_carm1#realenergyintotheload#kwh,BUNDOORA,3.1875,-0.4938153,3.4969683,3.3933618,47.0
2025-02-15 21:00:00,solar.bun_carm1#realenergyintotheload#kwh,BUNDOORA,0.125,0.2021399,0.0030954417,0.0030037316,0.0
2025-02-15 22:00:00,solar.bun_carm1#realenergyintotheload#kwh,BUNDOORA,0.0,0.034631737,-0.00034799398,0.0,0.0
2025-02-15 23:00:00,solar.bun_carm1#realenergyintotheload#kwh,BUNDOORA,0.0,0.16590583,0.0018794055,0.0018237233,0.0
2025-02-16 00:00:00,solar.bun_carm1#realenergyintotheload#kwh,BUNDOORA,0.0,0.058048874,0.00076473725,0.00074208,0.0
2025-02-16 01:00:00,solar.bun_carm1#realenergyintotheload#kwh,BUNDOORA,0.0,0.2279858,0.00076473725,0.00074208,0.0
2025-02-16 02:00:00,solar.bun_carm1#realenergyintotheload#kwh,BUNDOORA,0.0,-0.03648147,0.00015564199,0.0001510307,0.0
2025-02-16 03:00:00,solar.bun_carm1#realenergyintotheload#kwh,BUNDOORA,0.0,-0.14575955,0.0006639368,0.00064426597,0.0
2025-02-16 04:00:00,solar.bun_carm1#realenergyintotheload#kwh,BUNDOORA,0.0,-0.13790597,0.00091250194,0.0008854668,0.0
2025-02-16 05:00:00,solar.bun_carm1#realenergyintotheload#kwh,BUNDOORA,0.0,0.05333987,0.00091250194,0.0008854668,0.0
2025-02-16 06:00:00,solar.bun_carm1#realenergyintotheload#kwh,BUNDOORA,0.0,0.00018132385,0.00091250194,0.0008854668,0.0
2025-02-16 07:00:00,solar.bun_carm1#realenergyintotheload#kwh,BUNDOORA,0.0,0.9120603,0.0006293194,0.00061067427,1.0
2025-02-16 08:00:00,solar.bun_carm1#realenergyintotheload#kwh,BUNDOORA,2.5625,8.164614,4.7693543,4.6280503,64.0
2025-02-16 09:00:00,solar.bun_carm1#realenergyintotheload#kwh,BUNDOORA,15.25,17.680643,16.433746,15.946856,213.0
2025-02-16 10:00:00,solar.bun_carm1#realenergyintotheload#kwh,BUNDOORA,12.9375,29.044579,30.03616,29.146263,384.0
2025-02-16 11:00:00,solar.bun_carm1#realenergyintotheload#kwh,BUNDOORA,31.8125,38.496624,30.130024,29.237347,383.0
2025-02-16 12:00:00,solar.bun_carm1#realenergyintotheload#kwh,BUNDOORA,30.875,40.032005,34.99049,33.953808,446.0
2025-02-16 13:00:00,solar.bun_carm1#realenergyintotheload#kwh,BUNDOORA,49.5625,47.854534,52.33643,50.78583,724.0
2025-02-16 14:00:00,solar.bun_carm1#realenergyintotheload#kwh,BUNDOORA,52.0625,46.93003,53.98083,52.381516,744.0
2025-02-16 15:00:00,solar.bun_carm1#realenergyintotheload#kwh,BUNDOORA,44.625,50.849857,55.63939,53.990932,784.0
2025-02-16 16:00:00,solar.bun_carm1#realenergyintotheload#kwh,BUNDOORA,62.9375,39.719078,41.372616,40.146847,547.0
2025-02-16 17:00:00,solar.bun_carm1#realenergyintotheload#kwh,BUNDOORA,54.0,53.600845,50.340034,48.848583,690.0
2025-02-16 18:00:00,solar.bun_carm1#realenergyintotheload#kwh,BUNDOORA,36.8125,31.268,35.323692,34.277138,476.0
2025-02-16 19:00:00,solar.bun_carm1#realenergyintotheload#kwh,BUNDOORA,19.125,18.978256,19.300875,18.729038,266.0
2025-02-16 20:00:00,solar.bun_carm1#realenergyintotheload#kwh,BUNDOORA,4.0625,5.124755,4.865694,4.7215357,65.0
2025-02-16 21:00:00,solar.bun_carm1#realenergyintotheload#kwh,BUNDOORA,0.0625,0.14023429,0.0013537973,0.0013136877,0.0
2025-02-16 22:00:00,solar.bun_carm1#realenergyintotheload#kwh,BUNDOORA,0.0,-0.15762751,-0.0016403041,0.0,0.0
2025-02-16 23:00:00,solar.bun_carm1#realenergyintotheload#kwh,BUNDOORA,0.0,-0.038066167,0.0011147918,0.0010817633,0.0
2025-02-17 00:00:00,solar.bun_carm1#realenergyintotheload#kwh,BUNDOORA,0.0,-0.11656603,0.00066902995,0.00064920826,0.0
2025-02-17 01:00:00,solar.bun_carm1#realenergyintotheload#kwh,BUNDOORA,0.0,-0.012489123,0.0003061025,0.00029703346,0.0
2025-02-17 02:00:00,solar.bun_carm1#realenergyintotheload#kwh,BUNDOORA,0.0,-0.0029507822,0.0013791334,0.0013382732,0.0
2025-02-17 03:00:00,solar.bun_carm1#realenergyintotheload#kwh,BUNDOORA,0.0,0.021121414,0.0020458903,0.0019852757,0.0
2025-02-17 04:00:00,solar.bun_carm1#realenergyintotheload#kwh,BUNDOORA,0.0,0.08783986,0.0020458903,0.0019852757,0.0
2025-02-17 05:00:00,solar.bun_carm1#realenergyintotheload#kwh,BUNDOORA,0.0,0.0030587497,0.0015300922,0.0014847594,0.0
2025-02-17 06:00:00,solar.bun_carm1#realenergyintotheload#kwh,BUNDOORA,0.0,0.19035208,0.0018930198,0.0018369344,0.0
2025-02-17 07:00:00,solar.bun_carm1#realenergyintotheload#kwh,BUNDOORA,0.0,0.45982403,0.0013604376,0.0013201312,1.0
2025-02-17 08:00:00,solar.bun_carm1#realenergyintotheload#kwh,BUNDOORA,4.5,7.619727,9.509336,9.227598,137.0
2025-02-17 09:00:00,solar.bun_carm1#realenergyintotheload#kwh,BUNDOORA,21.75,26.600996,26.769993,25.976864,353.0
2025-02-17 10:00:00,solar.bun_carm1#realenergyintotheload#kwh,BUNDOORA,40.125,38.90727,42.097134,40.8499,567.0
2025-02-17 11:00:00,solar.bun_carm1#realenergyintotheload#kwh,BUNDOORA,54.875,52.665836,54.987316,53.35818,754.0
2025-02-17 12:00:00,solar.bun_carm1#realenergyintotheload#kwh,BUNDOORA,64.875,63.257706,63.165886,61.294437,894.0
2025-02-17 13:00:00,solar.bun_carm1#realenergyintotheload#kwh,BUNDOORA,68.375,68.84398,67.09686,65.10895,978.0
2025-02-17 14:00:00,solar.bun_carm1#realenergyintotheload#kwh,BUNDOORA,72.5,70.76169,69.03464,66.98931,998.0
2025-02-17 15:00:00,solar.bun_carm1#realenergyintotheload#kwh,BUNDOORA,68.4375,67.30059,65.04922,63.12197,951.0
2025-02-17 16:00:00,solar.bun_carm1#realenergyintotheload#kwh,BUNDOORA,64.625,62.12482,58.496902,56.763786,843.0
2025-02-17 17:00:00,solar.bun_carm1#realenergyintotheload#kwh,BUNDOORA,54.0625,50.097595,49.870647,48.393105,683.0
2025-02-17 18:00:00,solar.bun_carm1#realenergyintotheload#kwh,BUNDOORA,39.0,34.98276,35.993282,34.92689,485.0
2025-02-17 19:00:00,solar.bun_carm1#realenergyintotheload#kwh,BUNDOORA,19.625,26.203922,19.287287,18.715853,267.0
2025-02-17 20:00:00,solar.bun_carm1#realenergyintotheload#kwh,BUNDOORA,3.5,3.2649186,3.6701317,3.561395,52.0
2025-02-17 21:00:00,solar.bun_carm1#realenergyintotheload#kwh,BUNDOORA,0.0625,0.6652193,0.0023408188,0.0022714662,0.0
2025-02-17 22:00:00,solar.bun_carm1#realenergyintotheload#kwh,BUNDOORA,0.0,-0.07676176,0.0003061025,0.00029703346,0.0
2025-02-17 23:00:00,solar.bun_carm1#realenergyintotheload#kwh,BUNDOORA,0.0,-0.07676176,0.0003061025,0.00029703346,0.0
2025-02-18 00:00:00,solar.bun_carm1#realenergyintotheload#kwh,BUNDOORA,0.0,-0.3611762,0.00066902995,0.00064920826,0.0
2025-02-18 01:00:00,solar.bun_carm1#realenergyintotheload#kwh,BUNDOORA,0.0,-0.3793739,0.0008684413,0.00084271154,0.0
2025-02-18 02:00:00,solar.bun_carm1#realenergyintotheload#kwh,BUNDOORA,0.0,-0.128408,0.0003061025,0.00029703346,0.0
2025-02-18 03:00:00,solar.bun_carm1#realenergyintotheload#kwh,BUNDOORA,0.0,-0.376147,0.0008684413,0.00084271154,0.0
2025-02-18 04:00:00,solar.bun_carm1#realenergyintotheload#kwh,BUNDOORA,0.0,-0.04748375,0.0009751654,0.0009462737,0.0
2025-02-18 05:00:00,solar.bun_carm1#realenergyintotheload#kwh,BUNDOORA,0.0,-0.0371441,0.0015351981,0.001489714,0.0
2025-02-18 06:00:00,solar.bun_carm1#realenergyintotheload#kwh,BUNDOORA,0.0,0.12814009,0.0018930198,0.0018369344,0.0
2025-02-18 07:00:00,solar.bun_carm1#realenergyintotheload#kwh,BUNDOORA,0.0,1.8838614,0.0013604376,0.0013201312,0.0
2025-02-18 08:00:00,solar.bun_carm1#realenergyintotheload#kwh,BUNDOORA,3.5625,9.785247,9.51426,9.232376,132.0
2025-02-18 09:00:00,solar.bun_carm1#realenergyintotheload#kwh,BUNDOORA,20.6875,30.344864,25.108206,24.364313,336.0
2025-02-18 10:00:00,solar.bun_carm1#realenergyintotheload#kwh,BUNDOORA,37.25,42.90681,41.59572,40.363342,560.0
2025-02-18 11:00:00,solar.bun_carm1#realenergyintotheload#kwh,BUNDOORA,50.375,55.343918,54.096725,52.493973,748.0
2025-02-18 12:00:00,solar.bun_carm1#realenergyintotheload#kwh,BUNDOORA,64.125,60.842743,64.11843,62.21876,888.0
2025-02-18 13:00:00,solar.bun_carm1#realenergyintotheload#kwh,BUNDOORA,69.625,61.039722,67.24759,65.25521,966.0
2025-02-18 14:00:00,solar.bun_carm1#realenergyintotheload#kwh,BUNDOORA,69.8125,59.837727,66.63651,64.66224,960.0
2025-02-18 15:00:00,solar.bun_carm1#realenergyintotheload#kwh,BUNDOORA,61.1875,44.790276,49.692097,48.219845,676.0
2025-02-18 16:00:00,solar.bun_carm1#realenergyintotheload#kwh,BUNDOORA,43.4375,37.346294,38.599,37.455406,504.0
2025-02-18 17:00:00,solar.bun_carm1#realenergyintotheload#kwh,BUNDOORA,28.9375,31.542837,29.106865,28.244501,375.0
2025-02-18 18:00:00,solar.bun_carm1#realenergyintotheload#kwh,BUNDOORA,25.5625,14.721305,21.776228,21.131052,278.0
2025-02-18 19:00:00,solar.bun_carm1#realenergyintotheload#kwh,BUNDOORA,17.1875,13.543978,15.79759,15.329547,214.0
2025-02-18 20:00:00,solar.bun_carm1#realenergyintotheload#kwh,BUNDOORA,3.125,1.2325388,1.9039849,1.8475746,29.0
2025-02-18 21:00:00,solar.bun_carm1#realenergyintotheload#kwh,BUNDOORA,0.0,0.7330269,0.0005161721,0.0005008792,0.0
2025-02-18 22:00:00,solar.bun_carm1#realenergyintotheload#kwh,BUNDOORA,0.0,-0.12652661,0.0012385878,0.0012018916,0.0
2025-02-18 23:00:00,solar.bun_carm1#realenergyintotheload#kwh,BUNDOORA,0.0,0.0064976737,0.002096456,0.0020343433,0.0
2025-02-19 00:00:00,solar.bun_carm1#realenergyintotheload#kwh,BUNDOORA,0.0,-0.07815043,0.0013863526,0.0013452785,0.0
2025-02-19 01:00:00,solar.bun_carm1#realenergyintotheload#kwh,BUNDOORA,0.0,-0.10681944,0.002195042,0.0021300085,0.0
2025-02-19 02:00:00,solar.bun_carm1#realenergyintotheload#kwh,BUNDOORA,0.0,-0.09356206,0.002195042,0.0021300085,0.0
2025-02-19 03:00:00,solar.bun_carm1#realenergyintotheload#kwh,BUNDOORA,0.0,-0.10681944,0.002195042,0.0021300085,0.0
2025-02-19 04:00:00,solar.bun_carm1#realenergyintotheload#kwh,BUNDOORA,0.0,-0.15222202,0.0012385878,0.0012018916,0.0
2025-02-19 05:00:00,solar.bun_carm1#realenergyintotheload#kwh,BUNDOORA,0.0,0.0013184845,0.0020567453,0.0019958091,0.0
2025-02-19 06:00:00,solar.bun_carm1#realenergyintotheload#kwh,BUNDOORA,0.0,-0.024516292,0.0027541143,0.0026725167,0.0
2025-02-19 07:00:00,solar.bun_carm1#realenergyintotheload#kwh,BUNDOORA,0.0,2.5382564,0.0027541143,0.0026725167,0.0
2025-02-19 08:00:00,solar.bun_carm1#realenergyintotheload#kwh,BUNDOORA,1.0,7.7847843,4.5110025,4.3773527,61.0
2025-02-19 09:00:00,solar.bun_carm1#realenergyintotheload#kwh,BUNDOORA,4.5,14.429651,11.307241,10.972236,150.0
2025-02-19 10:00:00,solar.bun_carm1#realenergyintotheload#kwh,BUNDOORA,14.4375,20.871063,18.721409,18.16674,236.0
2025-02-19 11:00:00,solar.bun_carm1#realenergyintotheload#kwh,BUNDOORA,21.5,28.959192,24.50999,23.783821,309.0
2025-02-19 12:00:00,solar.bun_carm1#realenergyintotheload#kwh,BUNDOORA,34.75,38.81914,34.11286,33.102184,437.0
2025-02-19 13:00:00,solar.bun_carm1#realenergyintotheload#kwh,BUNDOORA,40.25,44.55104,36.809242,35.718678,477.0
2025-02-19 14:00:00,solar.bun_carm1#realenergyintotheload#kwh,BUNDOORA,55.6875,49.15739,53.049965,51.478226,734.0
2025-02-19 15:00:00,solar.bun_carm1#realenergyintotheload#kwh,BUNDOORA,40.9375,31.762953,23.966064,23.25601,308.0
2025-02-19 16:00:00,solar.bun_carm1#realenergyintotheload#kwh,BUNDOORA,43.3125,36.625835,41.822807,40.583702,549.0
2025-02-19 17:00:00,solar.bun_carm1#realenergyintotheload#kwh,BUNDOORA,42.625,35.843567,39.414764,38.247,518.0
2025-02-19 18:00:00,solar.bun_carm1#realenergyintotheload#kwh,BUNDOORA,38.625,27.641062,33.16323,32.180687,435.0
2025-02-19 19:00:00,solar.bun_carm1#realenergyintotheload#kwh,BUNDOORA,12.875,9.609102,10.900803,10.577839,145.0
2025-02-19 20:00:00,solar.bun_carm1#realenergyintotheload#kwh,BUNDOORA,2.875,0.9711355,1.918461,1.8616217,30.0
2025-02-19 21:00:00,solar.bun_carm1#realenergyintotheload#kwh,BUNDOORA,0.0,0.12651521,-0.0018319592,0.0,0.0
2025-02-19 22:00:00,solar.bun_carm1#realenergyintotheload#kwh,BUNDOORA,0.0,-0.17178501,0.0019916627,0.0019326546,0.0
2025-02-19 23:00:00,solar.bun_carm1#realenergyintotheload#kwh,BUNDOORA,0.0,-0.07460738,0.0019916627,0.0019326546,0.0
2025-02-20 00:00:00,solar.bun_carm1#realenergyintotheload#kwh,BUNDOORA,0.0,0.117113315,0.0033836472,0.0032833982,0.0
2025-02-20 01:00:00,solar.bun_carm1#realenergyintotheload#kwh,BUNDOORA,0.0,0.15400144,0.0033836472,0.0032833982,0.0
2025-02-20 02:00:00,solar.bun_carm1#realenergyintotheload#kwh,BUNDOORA,0.0,-0.22168712,0.0033836472,0.0032833982,0.0
2025-02-20 03:00:00,solar.bun_carm1#realenergyintotheload#kwh,BUNDOORA,0.0,-0.045902073,0.0025055492,0.002431316,0.0
2025-02-20 04:00:00,solar.bun_carm1#realenergyintotheload#kwh,BUNDOORA,0.0,-0.19101906,0.0027541143,0.0026725167,0.0
2025-02-20 05:00:00,solar.bun_carm1#realenergyintotheload#kwh,BUNDOORA,0.0,-0.06879806,0.0022402278,0.0021738554,0.0
2025-02-20 06:00:00,solar.bun_carm1#realenergyintotheload#kwh,BUNDOORA,0.0,-0.08044956,0.0016226053,0.0015745315,0.0
2025-02-20 07:00:00,solar.bun_carm1#realenergyintotheload#kwh,BUNDOORA,0.0,1.2155033,0.0016226053,0.0015745315,0.0
2025-02-20 08:00:00,solar.bun_carm1#realenergyintotheload#kwh,BUNDOORA,0.9375,5.0896034,3.6057682,3.4989383,52.0
2025-02-20 09:00:00,solar.bun_carm1#realenergyintotheload#kwh,BUNDOORA,7.375,14.883721,13.470026,13.070943,172.0
2025-02-20 10:00:00,solar.bun_carm1#realenergyintotheload#kwh,BUNDOORA,14.375,22.387283,21.368744,20.735641,270.0
2025-02-20 11:00:00,solar.bun_carm1#realenergyintotheload#kwh,BUNDOORA,24.625,22.632305,21.994864,21.34321,280.0
2025-02-20 12:00:00,solar.bun_carm1#realenergyintotheload#kwh,BUNDOORA,26.9375,28.339474,21.605053,20.964949,285.0
2025-02-20 13:00:00,solar.bun_carm1#realenergyintotheload#kwh,BUNDOORA,55.6875,63.11808,63.50996,61.62832,909.0
2025-02-20 14:00:00,solar.bun_carm1#realenergyintotheload#kwh,BUNDOORA,73.0,70.29094,67.27171,65.27862,984.0
2025-02-20 15:00:00,solar.bun_carm1#realenergyintotheload#kwh,BUNDOORA,70.875,66.56703,64.25804,62.354237,941.0
2025-02-20 16:00:00,solar.bun_carm1#realenergyintotheload#kwh,BUNDOORA,64.625,61.89801,58.24774,56.522007,834.0
2025-02-20 17:00:00,solar.bun_carm1#realenergyintotheload#kwh,BUNDOORA,53.5,51.00553,49.056675,47.60325,674.0
2025-02-20 18:00:00,solar.bun_carm1#realenergyintotheload#kwh,BUNDOORA,38.0,29.571535,35.316223,34.26989,476.0
2025-02-20 19:00:00,solar.bun_carm1#realenergyintotheload#kwh,BUNDOORA,18.625,21.354979,19.211233,18.642052,259.0
2025-02-20 20:00:00,solar.bun_carm1#realenergyintotheload#kwh,BUNDOORA,3.25,5.7623997,3.9873567,3.8692212,55.0
2025-02-20 21:00:00,solar.bun_carm1#realenergyintotheload#kwh,BUNDOORA,0.0,0.42781326,-0.002147561,0.0,0.0
2025-02-20 22:00:00,solar.bun_carm1#realenergyintotheload#kwh,BUNDOORA,0.0,0.00867198,0.0019916627,0.0019326546,0.0
2025-02-20 23:00:00,solar.bun_carm1#realenergyintotheload#kwh,BUNDOORA,0.0,-0.0050140694,0.0025055492,0.002431316,0.0
2025-02-21 00:00:00,solar.bun_carm1#realenergyintotheload#kwh,BUNDOORA,0.0,0.20079973,0.0025106422,0.0024362581,0.0
2025-02-21 01:00:00,solar.bun_carm1#realenergyintotheload#kwh,BUNDOORA,0.0,0.059200138,0.0020450968,0.0019845057,0.0
2025-02-21 02:00:00,solar.bun_carm1#realenergyintotheload#kwh,BUNDOORA,0.0,0.023426078,0.0020450968,0.0019845057,0.0
2025-02-21 03:00:00,solar.bun_carm1#realenergyintotheload#kwh,BUNDOORA,0.0,0.018784445,0.0020450968,0.0019845057,0.0
2025-02-21 04:00:00,solar.bun_carm1#realenergyintotheload#kwh,BUNDOORA,0.0,0.12544024,0.0019780602,0.0019194552,0.0
2025-02-21 05:00:00,solar.bun_carm1#realenergyintotheload#kwh,BUNDOORA,0.0,-0.008563464,0.0013604376,0.0013201312,0.0
2025-02-21 06:00:00,solar.bun_carm1#realenergyintotheload#kwh,BUNDOORA,0.0,0.010339242,0.0013604376,0.0013201312,0.0
2025-02-21 07:00:00,solar.bun_carm1#realenergyintotheload#kwh,BUNDOORA,0.0,0.6783375,0.0013604376,0.0013201312,0.0
2025-02-21 08:00:00,solar.bun_carm1#realenergyintotheload#kwh,BUNDOORA,3.25,2.3112903,9.028527,8.761035,122.0
2025-02-21 09:00:00,solar.bun_carm1#realenergyintotheload#kwh,BUNDOORA,20.3125,18.649837,21.79388,21.148182,286.0
2025-02-21 10:00:00,solar.bun_carm1#realenergyintotheload#kwh,BUNDOORA,37.4375,36.79948,40.194237,39.003384,543.0
2025-02-21 11:00:00,solar.bun_carm1#realenergyintotheload#kwh,BUNDOORA,51.5625,47.860962,52.086052,50.542873,730.0
2025-02-21 12:00:00,solar.bun_carm1#realenergyintotheload#kwh,BUNDOORA,61.9375,58.447277,60.63225,58.83587,871.0
2025-02-21 13:00:00,solar.bun_carm1#realenergyintotheload#kwh,BUNDOORA,66.5625,65.49563,64.42933,62.52045,953.0
2025-02-21 14:00:00,solar.bun_carm1#realenergyintotheload#kwh,BUNDOORA,66.8125,68.39681,66.89382,64.91193,975.0
2025-02-21 15:00:00,solar.bun_carm1#realenergyintotheload#kwh,BUNDOORA,66.25,65.41213,63.79855,61.90836,931.0
2025-02-21 16:00:00,solar.bun_carm1#realenergyintotheload#kwh,BUNDOORA,60.3125,61.7775,58.283783,56.55698,824.0
2025-02-21 17:00:00,solar.bun_carm1#realenergyintotheload#kwh,BUNDOORA,48.3125,46.785492,47.849842,46.43217,659.0
2025-02-21 18:00:00,solar.bun_carm1#realenergyintotheload#kwh,BUNDOORA,31.375,23.327827,26.92911,26.131268,355.0
2025-02-21 19:00:00,solar.bun_carm1#realenergyintotheload#kwh,BUNDOORA,19.8125,15.066102,14.3293495,13.904807,197.0
2025-02-21 20:00:00,solar.bun_carm1#realenergyintotheload#kwh,BUNDOORA,4.9375,6.1824765,1.775732,1.7231215,27.0
2025-02-21 21:00:00,solar.bun_carm1#realenergyintotheload#kwh,BUNDOORA,0.0625,1.0150954,0.002528772,0.0024538508,0.0
2025-02-21 22:00:00,solar.bun_carm1#realenergyintotheload#kwh,BUNDOORA,0.0,-0.043600187,-0.0024259915,0.0,0.0
2025-02-21 23:00:00,solar.bun_carm1#realenergyintotheload#kwh,BUNDOORA,0.0,0.1395236,-0.00055238605,0.0,0.0
2025-02-22 00:00:00,solar.bun_carm1#realenergyintotheload#kwh,BUNDOORA,0.0,0.41136718,0.0008459815,0.0008209172,0.0
2025-02-22 01:00:00,solar.bun_carm1#realenergyintotheload#kwh,BUNDOORA,0.0,0.4574517,0.00048305403,0.00046874234,0.0
2025-02-22 02:00:00,solar.bun_carm1#realenergyintotheload#kwh,BUNDOORA,0.0,0.6537845,0.0018226914,0.0017686896,0.0
2025-02-22 03:00:00,solar.bun_carm1#realenergyintotheload#kwh,BUNDOORA,0.0,0.48744515,0.00063081883,0.0006121292,0.0
2025-02-22 04:00:00,solar.bun_carm1#realenergyintotheload#kwh,BUNDOORA,0.0,0.45307708,0.002958441,0.0028707897,0.0
2025-02-22 05:00:00,solar.bun_carm1#realenergyintotheload#kwh,BUNDOORA,0.0,-0.00059935916,0.002958441,0.0028707897,0.0
2025-02-22 06:00:00,solar.bun_carm1#realenergyintotheload#kwh,BUNDOORA,0.0,0.026738472,0.0024408216,0.0023685063,0.0
2025-02-22 07:00:00,solar.bun_carm1#realenergyintotheload#kwh,BUNDOORA,0.0,1.4603761,-0.0017482607,0.0,0.0
2025-02-22 08:00:00,solar.bun_carm1#realenergyintotheload#kwh,BUNDOORA,2.25,9.5496235,8.1843605,7.9418783,111.0
2025-02-22 09:00:00,solar.bun_carm1#realenergyintotheload#kwh,BUNDOORA,15.75,29.113708,23.345144,22.653486,316.0
2025-02-22 10:00:00,solar.bun_carm1#realenergyintotheload#kwh,BUNDOORA,34.9375,33.774067,38.12249,36.993015,523.0
2025-02-22 11:00:00,solar.bun_carm1#realenergyintotheload#kwh,BUNDOORA,50.0,48.98859,50.68375,49.182117,702.0
2025-02-22 12:00:00,solar.bun_carm1#realenergyintotheload#kwh,BUNDOORA,58.0,54.742714,58.637547,56.90026,823.0
2025-02-22 13:00:00,solar.bun_carm1#realenergyintotheload#kwh,BUNDOORA,64.625,50.77677,62.297848,60.452118,922.0
2025-02-22 14:00:00,solar.bun_carm1#realenergyintotheload#kwh,BUNDOORA,60.8125,57.981716,61.95039,60.114956,910.0
2025-02-22 15:00:00,solar.bun_carm1#realenergyintotheload#kwh,BUNDOORA,64.6875,58.968056,61.272057,59.45672,893.0
2025-02-22 16:00:00,solar.bun_carm1#realenergyintotheload#kwh,BUNDOORA,58.0625,50.920795,56.856857,55.17233,787.0
2025-02-22 17:00:00,solar.bun_carm1#realenergyintotheload#kwh,BUNDOORA,45.1875,40.869274,45.825356,44.467667,630.0
2025-02-22 18:00:00,solar.bun_carm1#realenergyintotheload#kwh,BUNDOORA,23.3125,10.67163,14.735929,14.29934,194.0
2025-02-22 19:00:00,solar.bun_carm1#realenergyintotheload#kwh,BUNDOORA,18.9375,13.238793,13.946011,13.532825,191.0
2025-02-22 20:00:00,solar.bun_carm1#realenergyintotheload#kwh,BUNDOORA,3.1875,4.4627647,2.140426,2.0770104,32.0
2025-02-22 21:00:00,solar.bun_carm1#realenergyintotheload#kwh,BUNDOORA,0.0,0.75327545,0.0025597345,0.002483896,0.0
2025-02-22 22:00:00,solar.bun_carm1#realenergyintotheload#kwh,BUNDOORA,0.0,0.26412246,0.0045288014,0.0043946244,0.0
2025-02-22 23:00:00,solar.bun_carm1#realenergyintotheload#kwh,BUNDOORA,0.0,0.28307244,0.0045644217,0.0044291895,0.0
2025-02-23 00:00:00,solar.bun_carm1#realenergyintotheload#kwh,BUNDOORA,0.0,0.28608447,0.002935058,0.0028480995,0.0
2025-02-23 01:00:00,solar.bun_carm1#realenergyintotheload#kwh,BUNDOORA,0.0,0.28608447,0.002935058,0.0028480995,0.0
2025-02-23 02:00:00,solar.bun_carm1#realenergyintotheload#kwh,BUNDOORA,0.0,0.2671345,0.0045644217,0.0044291895,0.0
2025-02-23 03:00:00,solar.bun_carm1#realenergyintotheload#kwh,BUNDOORA,0.0,0.28608447,0.002935058,0.0028480995,0.0
2025-02-23 04:00:00,solar.bun_carm1#realenergyintotheload#kwh,BUNDOORA,0.0,0.084576115,0.003407069,0.003306126,0.0
2025-02-23 05:00:00,solar.bun_carm1#realenergyintotheload#kwh,BUNDOORA,0.0,0.17769243,0.003407069,0.003306126,0.0
2025-02-23 06:00:00,solar.bun_carm1#realenergyintotheload#kwh,BUNDOORA,0.0,0.13997203,-0.0012680803,0.0,0.0
2025-02-23 07:00:00,solar.bun_carm1#realenergyintotheload#kwh,BUNDOORA,0.0,0.3118779,-0.0012680803,0.0,0.0
2025-02-23 08:00:00,solar.bun_carm1#realenergyintotheload#kwh,BUNDOORA,2.25,3.3210573,3.4279299,3.3263688,49.0
2025-02-23 09:00:00,solar.bun_carm1#realenergyintotheload#kwh,BUNDOORA,5.875,11.949671,9.495682,9.214349,121.0
2025-02-23 10:00:00,solar.bun_carm1#realenergyintotheload#kwh,BUNDOORA,21.125,33.536804,33.889133,32.885082,451.0
2025-02-23 11:00:00,solar.bun_carm1#realenergyintotheload#kwh,BUNDOORA,30.875,31.287676,29.175444,28.311049,377.0
2025-02-23 12:00:00,solar.bun_carm1#realenergyintotheload#kwh,BUNDOORA,26.5625,20.508377,20.599174,19.988873,267.0
2025-02-23 13:00:00,solar.bun_carm1#realenergyintotheload#kwh,BUNDOORA,38.1875,33.350197,29.366425,28.49637,385.0
2025-02-23 14:00:00,solar.bun_carm1#realenergyintotheload#kwh,BUNDOORA,13.875,19.073114,15.628341,15.165312,200.0
2025-02-23 15:00:00,solar.bun_carm1#realenergyintotheload#kwh,BUNDOORA,24.0,34.633297,37.345657,36.2392,493.0
2025-02-23 16:00:00,solar.bun_carm1#realenergyintotheload#kwh,BUNDOORA,58.375,52.909176,56.78303,55.100693,787.0
2025-02-23 17:00:00,solar.bun_carm1#realenergyintotheload#kwh,BUNDOORA,49.125,40.17024,46.51987,45.1416,635.0
2025-02-23 18:00:00,solar.bun_carm1#realenergyintotheload#kwh,BUNDOORA,34.125,34.136772,33.64372,32.64694,449.0
2025-02-23 19:00:00,solar.bun_carm1#realenergyintotheload#kwh,BUNDOORA,16.1875,23.734428,17.380527,16.865585,239.0
2025-02-23 20:00:00,solar.bun_carm1#realenergyintotheload#kwh,BUNDOORA,2.6875,6.158446,2.969529,2.8815491,41.0
2025-02-23 21:00:00,solar.bun_carm1#realenergyintotheload#kwh,BUNDOORA,0.0,0.9141118,0.00095403567,0.00092577,0.0
2025-02-23 22:00:00,solar.bun_carm1#realenergyintotheload#kwh,BUNDOORA,0.0,0.38887954,0.0030001395,0.002911253,0.0
2025-02-23 23:00:00,solar.bun_carm1#realenergyintotheload#kwh,BUNDOORA,0.0,-0.31820112,0.0029578267,0.0028701937,0.0
2025-02-24 00:00:00,solar.bun_carm1#realenergyintotheload#kwh,BUNDOORA,0.0,0.23101361,0.002559318,0.0024834918,0.0
2025-02-24 01:00:00,solar.bun_carm1#realenergyintotheload#kwh,BUNDOORA,0.0,0.23754127,0.002559318,0.0024834918,0.0
2025-02-24 02:00:00,solar.bun_carm1#realenergyintotheload#kwh,BUNDOORA,0.0,0.5301917,0.002559318,0.0024834918,0.0
2025-02-24 03:00:00,solar.bun_carm1#realenergyintotheload#kwh,BUNDOORA,0.0,0.26970512,0.0022359472,0.0021697017,0.0
2025-02-24 04:00:00,solar.bun_carm1#realenergyintotheload#kwh,BUNDOORA,0.0,0.32738787,0.0021689106,0.0021046512,0.0
2025-02-24 05:00:00,solar.bun_carm1#realenergyintotheload#kwh,BUNDOORA,0.0,0.06298228,0.0021689106,0.0021046512,0.0
2025-02-24 06:00:00,solar.bun_carm1#realenergyintotheload#kwh,BUNDOORA,0.0,0.108602636,0.0021689106,0.0021046512,0.0
2025-02-24 07:00:00,solar.bun_carm1#realenergyintotheload#kwh,BUNDOORA,0.0,0.86521244,0.002559318,0.0024834918,0.0
2025-02-24 08:00:00,solar.bun_carm1#realenergyintotheload#kwh,BUNDOORA,2.125,6.0237684,6.793474,6.5922008,92.0
2025-02-24 09:00:00,solar.bun_carm1#realenergyintotheload#kwh,BUNDOORA,10.125,14.405665,18.13568,17.598364,248.0
2025-02-24 10:00:00,solar.bun_carm1#realenergyintotheload#kwh,BUNDOORA,23.75,25.836382,26.333035,25.552853,335.0
2025-02-24 11:00:00,solar.bun_carm1#realenergyintotheload#kwh,BUNDOORA,41.5,40.36732,42.296665,41.04352,567.0
2025-02-24 12:00:00,solar.bun_carm1#realenergyintotheload#kwh,BUNDOORA,49.3125,39.955574,32.722748,31.753254,419.0
2025-02-24 13:00:00,solar.bun_carm1#realenergyintotheload#kwh,BUNDOORA,37.625,46.863747,49.116264,47.66107,662.0
2025-02-24 14:00:00,solar.bun_carm1#realenergyintotheload#kwh,BUNDOORA,66.5625,53.20845,54.943165,53.315334,754.0
2025-02-24 15:00:00,solar.bun_carm1#realenergyintotheload#kwh,BUNDOORA,67.4375,56.631588,61.42806,59.608097,872.0
2025-02-24 16:00:00,solar.bun_carm1#realenergyintotheload#kwh,BUNDOORA,62.0625,58.007782,57.71031,56.0005,808.0
2025-02-24 17:00:00,solar.bun_carm1#realenergyintotheload#kwh,BUNDOORA,50.8125,48.241554,48.311043,46.879707,650.0
2025-02-24 18:00:00,solar.bun_carm1#realenergyintotheload#kwh,BUNDOORA,35.25,37.408554,33.192856,32.209435,455.0
2025-02-24 19:00:00,solar.bun_carm1#realenergyintotheload#kwh,BUNDOORA,16.3125,20.780478,17.450102,16.9331,238.0
2025-02-24 20:00:00,solar.bun_carm1#realenergyintotheload#kwh,BUNDOORA,2.25,7.516763,2.968864,2.880904,40.0
2025-02-24 21:00:00,solar.bun_carm1#realenergyintotheload#kwh,BUNDOORA,0.0,1.3170215,0.0063774907,0.0061885417,0.0
2025-02-24 22:00:00,solar.bun_carm1#realenergyintotheload#kwh,BUNDOORA,0.0,0.31827763,0.0023095943,0.0022411668,0.0
2025-02-24 23:00:00,solar.bun_carm1#realenergyintotheload#kwh,BUNDOORA,0.0,-0.22528054,0.002274977,0.0022075751,0.0
2025-02-25 00:00:00,solar.bun_carm1#realenergyintotheload#kwh,BUNDOORA,0.0,0.21718329,0.0021689106,0.0021046512,0.0
2025-02-25 01:00:00,solar.bun_carm1#realenergyintotheload#kwh,BUNDOORA,0.0,0.34008536,0.0022359472,0.0021697017,0.0
2025-02-25 02:00:00,solar.bun_carm1#realenergyintotheload#kwh,BUNDOORA,0.0,0.116958626,0.0022359472,0.0021697017,0.0
2025-02-25 03:00:00,solar.bun_carm1#realenergyintotheload#kwh,BUNDOORA,0.0,0.09357422,0.0021689106,0.0021046512,0.0
2025-02-25 04:00:00,solar.bun_carm1#realenergyintotheload#kwh,BUNDOORA,0.0,0.091631666,0.0029532693,0.0028657713,0.0
2025-02-25 05:00:00,solar.bun_carm1#realenergyintotheload#kwh,BUNDOORA,0.0,0.099244446,0.0022359472,0.0021697017,0.0
2025-02-25 06:00:00,solar.bun_carm1#realenergyintotheload#kwh,BUNDOORA,0.0,0.12894098,0.0021689106,0.0021046512,0.0
2025-02-25 07:00:00,solar.bun_carm1#realenergyintotheload#kwh,BUNDOORA,0.0,1.933879,0.0021689106,0.0021046512,0.0
2025-02-25 08:00:00,solar.bun_carm1#realenergyintotheload#kwh,BUNDOORA,2.0625,4.82066,8.278355,8.033088,110.0
2025-02-25 09:00:00,solar.bun_carm1#realenergyintotheload#kwh,BUNDOORA,18.4375,17.912104,23.75894,23.055021,324.0
2025-02-25 10:00:00,solar.bun_carm1#realenergyintotheload#kwh,BUNDOORA,37.25,30.24325,39.53367,38.362385,539.0
2025-02-25 11:00:00,solar.bun_carm1#realenergyintotheload#kwh,BUNDOORA,50.75,49.73895,52.383263,50.831276,730.0
2025-02-25 12:00:00,solar.bun_carm1#realenergyintotheload#kwh,BUNDOORA,62.375,60.63793,60.41446,58.62453,873.0
2025-02-25 13:00:00,solar.bun_carm1#realenergyintotheload#kwh,BUNDOORA,67.3125,66.08517,66.97636,64.99201,956.0
2025-02-25 14:00:00,solar.bun_carm1#realenergyintotheload#kwh,BUNDOORA,68.75,67.956276,66.74744,64.769875,973.0
2025-02-25 15:00:00,solar.bun_carm1#realenergyintotheload#kwh,BUNDOORA,66.625,66.08539,63.471233,61.59074,925.0
2025-02-25 16:00:00,solar.bun_carm1#realenergyintotheload#kwh,BUNDOORA,60.5,61.39981,57.756466,56.045284,815.0
2025-02-25 17:00:00,solar.bun_carm1#realenergyintotheload#kwh,BUNDOORA,49.4375,49.787483,47.85979,46.441826,650.0
2025-02-25 18:00:00,solar.bun_carm1#realenergyintotheload#kwh,BUNDOORA,33.875,36.539272,32.48063,31.518309,447.0
2025-02-25 19:00:00,solar.bun_carm1#realenergyintotheload#kwh,BUNDOORA,15.5,24.401264,16.829811,16.331186,229.0
2025-02-25 20:00:00,solar.bun_carm1#realenergyintotheload#kwh,BUNDOORA,2.25,7.825443,2.7113254,2.6309955,36.0
2025-02-25 21:00:00,solar.bun_carm1#realenergyintotheload#kwh,BUNDOORA,0.0,1.6947101,0.0023146872,0.0022461088,0.0
2025-02-25 22:00:00,solar.bun_carm1#realenergyintotheload#kwh,BUNDOORA,0.0,-0.15301836,0.002559318,0.0024834918,0.0
2025-02-25 23:00:00,solar.bun_carm1#realenergyintotheload#kwh,BUNDOORA,0.0,0.066974916,0.0023146872,0.0022461088,0.0
2025-02-26 00:00:00,solar.bun_carm1#realenergyintotheload#kwh,BUNDOORA,0.0,0.08678008,0.0024922814,0.0024184412,0.0
2025-02-26 01:00:00,solar.bun_carm1#realenergyintotheload#kwh,BUNDOORA,0.0,0.038071252,0.0024922814,0.0024184412,0.0
2025-02-26 02:00:00,solar.bun_carm1#realenergyintotheload#kwh,BUNDOORA,0.0,-0.049879692,0.0023146872,0.0022461088,0.0
2025-02-26 03:00:00,solar.bun_carm1#realenergyintotheload#kwh,BUNDOORA,0.0,-0.047356874,0.0023146872,0.0022461088,0.0
2025-02-26 04:00:00,solar.bun_carm1#realenergyintotheload#kwh,BUNDOORA,0.0,-0.05806315,0.0024922814,0.0024184412,0.0
2025-02-26 05:00:00,solar.bun_carm1#realenergyintotheload#kwh,BUNDOORA,0.0,-0.026001371,0.002559318,0.0024834918,0.0
2025-02-26 06:00:00,solar.bun_carm1#realenergyintotheload#kwh,BUNDOORA,0.0,0.1486537,0.002559318,0.0024834918,0.0
2025-02-26 07:00:00,solar.bun_carm1#realenergyintotheload#kwh,BUNDOORA,0.0,2.6059194,0.0024922814,0.0024184412,0.0
2025-02-26 08:00:00,solar.bun_carm1#realenergyintotheload#kwh,BUNDOORA,1.75,11.422197,7.7727885,7.5425,104.0
2025-02-26 09:00:00,solar.bun_carm1#realenergyintotheload#kwh,BUNDOORA,16.9375,25.210993,22.814453,22.138517,313.0
2025-02-26 10:00:00,solar.bun_carm1#realenergyintotheload#kwh,BUNDOORA,34.5,34.449844,38.0896,36.9611,524.0
2025-02-26 11:00:00,solar.bun_carm1#realenergyintotheload#kwh,BUNDOORA,50.3125,48.208508,50.59497,49.095966,713.0
2025-02-26 12:00:00,solar.bun_carm1#realenergyintotheload#kwh,BUNDOORA,58.875,61.01085,58.760715,57.019783,854.0
2025-02-26 13:00:00,solar.bun_carm1#realenergyintotheload#kwh,BUNDOORA,65.125,63.607307,63.060738,61.192406,936.0
2025-02-26 14:00:00,solar.bun_carm1#realenergyintotheload#kwh,BUNDOORA,65.8125,62.2462,63.09769,61.228264,955.0
2025-02-26 15:00:00,solar.bun_carm1#realenergyintotheload#kwh,BUNDOORA,62.25,61.537907,62.141613,60.30051,910.0
2025-02-26 16:00:00,solar.bun_carm1#realenergyintotheload#kwh,BUNDOORA,55.375,54.137405,56.494827,54.821026,798.0
2025-02-26 17:00:00,solar.bun_carm1#realenergyintotheload#kwh,BUNDOORA,37.3125,36.374256,28.414978,27.573112,378.0
2025-02-26 18:00:00,solar.bun_carm1#realenergyintotheload#kwh,BUNDOORA,6.9375,10.581538,8.909913,8.645935,119.0
2025-02-26 19:00:00,solar.bun_carm1#realenergyintotheload#kwh,BUNDOORA,8.125,11.756847,10.516444,10.204868,143.0
2025-02-26 20:00:00,solar.bun_carm1#realenergyintotheload#kwh,BUNDOORA,5.125,5.161049,1.4571495,1.4139779,22.0
2025-02-26 21:00:00,solar.bun_carm1#realenergyintotheload#kwh,BUNDOORA,0.0,0.8547592,0.0022420136,0.0021755884,0.0
2025-02-26 22:00:00,solar.bun_carm1#realenergyintotheload#kwh,BUNDOORA,0.0,0.08101702,-0.0009919631,0.0,0.0
2025-02-26 23:00:00,solar.bun_carm1#realenergyintotheload#kwh,BUNDOORA,0.0,0.13011642,0.0009937463,0.0009643041,0.0
2025-02-27 00:00:00,solar.bun_carm1#realenergyintotheload#kwh,BUNDOORA,0.0,0.08118605,0.0027802323,0.002697861,0.0
2025-02-27 01:00:00,solar.bun_carm1#realenergyintotheload#kwh,BUNDOORA,0.0,0.43218106,0.002559318,0.0024834918,0.0
2025-02-27 02:00:00,solar.bun_carm1#realenergyintotheload#kwh,BUNDOORA,0.0,0.04168149,0.002559318,0.0024834918,0.0
2025-02-27 03:00:00,solar.bun_carm1#realenergyintotheload#kwh,BUNDOORA,0.0,0.11589772,0.002559318,0.0024834918,0.0
2025-02-27 04:00:00,solar.bun_carm1#realenergyintotheload#kwh,BUNDOORA,0.0,0.113775425,0.0024922814,0.0024184412,0.0
2025-02-27 05:00:00,solar.bun_carm1#realenergyintotheload#kwh,BUNDOORA,0.0,0.04380379,0.002559318,0.0024834918,0.0
2025-02-27 06:00:00,solar.bun_carm1#realenergyintotheload#kwh,BUNDOORA,0.0,0.14243484,0.0020486263,0.0019879306,0.0
2025-02-27 07:00:00,solar.bun_carm1#realenergyintotheload#kwh,BUNDOORA,0.0,0.9405923,0.0020486263,0.0019879306,0.0
2025-02-27 08:00:00,solar.bun_carm1#realenergyintotheload#kwh,BUNDOORA,0.5,3.7430592,3.5473964,3.442296,48.0
2025-02-27 09:00:00,solar.bun_carm1#realenergyintotheload#kwh,BUNDOORA,5.3125,12.714022,11.747293,11.399251,155.0
2025-02-27 10:00:00,solar.bun_carm1#realenergyintotheload#kwh,BUNDOORA,14.8125,26.65264,24.555193,23.827684,312.0
2025-02-27 11:00:00,solar.bun_carm1#realenergyintotheload#kwh,BUNDOORA,39.0,46.451664,50.772903,49.26863,706.0
2025-02-27 12:00:00,solar.bun_carm1#realenergyintotheload#kwh,BUNDOORA,59.5625,60.031,58.816975,57.074375,848.0
2025-02-27 13:00:00,solar.bun_carm1#realenergyintotheload#kwh,BUNDOORA,65.1875,59.923008,63.532505,61.650196,933.0
2025-02-27 14:00:00,solar.bun_carm1#realenergyintotheload#kwh,BUNDOORA,66.625,62.240486,63.789143,61.89923,955.0
2025-02-27 15:00:00,solar.bun_carm1#realenergyintotheload#kwh,BUNDOORA,65.125,59.741837,60.8524,59.049496,905.0
2025-02-27 16:00:00,solar.bun_carm1#realenergyintotheload#kwh,BUNDOORA,57.5,51.462788,56.199932,54.53487,794.0
2025-02-27 17:00:00,solar.bun_carm1#realenergyintotheload#kwh,BUNDOORA,47.625,42.270832,45.717297,44.36281,630.0
2025-02-27 18:00:00,solar.bun_carm1#realenergyintotheload#kwh,BUNDOORA,31.625,36.318386,31.293905,30.366745,427.0
2025-02-27 19:00:00,solar.bun_carm1#realenergyintotheload#kwh,BUNDOORA,12.6875,15.770132,13.0652,12.678111,181.0
2025-02-27 20:00:00,solar.bun_carm1#realenergyintotheload#kwh,BUNDOORA,1.125,2.2777443,0.45343268,0.4399986,9.0
2025-02-27 21:00:00,solar.bun_carm1#realenergyintotheload#kwh,BUNDOORA,0.0,0.5538213,0.0034975836,0.0033939588,0.0
2025-02-27 22:00:00,solar.bun_carm1#realenergyintotheload#kwh,BUNDOORA,0.0,-0.009409566,0.0018710322,0.0018155981,0.0
2025-02-27 23:00:00,solar.bun_carm1#realenergyintotheload#kwh,BUNDOORA,0.0,0.014112168,0.0018710322,0.0018155981,0.0
2025-02-28 00:00:00,solar.bun_carm1#realenergyintotheload#kwh,BUNDOORA,0.0,-0.22175118,0.002149614,0.0020859262,0.0
2025-02-28 01:00:00,solar.bun_carm1#realenergyintotheload#kwh,BUNDOORA,0.0,-0.04456567,0.0021553505,0.0020914928,0.0
2025-02-28 02:00:00,solar.bun_carm1#realenergyintotheload#kwh,BUNDOORA,0.0,0.004296558,0.0021553505,0.0020914928,0.0
2025-02-28 03:00:00,solar.bun_carm1#realenergyintotheload#kwh,BUNDOORA,0.0,0.004296558,0.0021553505,0.0020914928,0.0
2025-02-28 04:00:00,solar.bun_carm1#realenergyintotheload#kwh,BUNDOORA,0.0,-0.054264225,0.0021553505,0.0020914928,0.0
2025-02-28 05:00:00,solar.bun_carm1#realenergyintotheload#kwh,BUNDOORA,0.0,0.012266969,0.0021553505,0.0020914928,0.0
2025-02-28 06:00:00,solar.bun_carm1#realenergyintotheload#kwh,BUNDOORA,0.0,0.017307445,0.002196391,0.0021313175,0.0
2025-02-28 07:00:00,solar.bun_carm1#realenergyintotheload#kwh,BUNDOORA,0.0,0.39152324,0.0020486263,0.0019879306,0.0
2025-02-28 08:00:00,solar.bun_carm1#realenergyintotheload#kwh,BUNDOORA,1.375,4.127939,6.728467,6.5291195,87.0
2025-02-28 09:00:00,solar.bun_carm1#realenergyintotheload#kwh,BUNDOORA,15.8125,21.060368,20.821518,20.204628,283.0
2025-02-28 10:00:00,solar.bun_carm1#realenergyintotheload#kwh,BUNDOORA,31.875,37.550137,37.158195,36.05729,502.0
2025-02-28 11:00:00,solar.bun_carm1#realenergyintotheload#kwh,BUNDOORA,49.125,49.82893,49.411655,47.947712,689.0
2025-02-28 12:00:00,solar.bun_carm1#realenergyintotheload#kwh,BUNDOORA,59.75,53.719257,56.426918,54.75513,803.0
2025-02-28 13:00:00,solar.bun_carm1#realenergyintotheload#kwh,BUNDOORA,64.5625,55.65171,62.96069,61.09532,909.0
2025-02-28 14:00:00,solar.bun_carm1#realenergyintotheload#kwh,BUNDOORA,63.875,61.712288,63.58388,61.70005,919.0
2025-02-28 15:00:00,solar.bun_carm1#realenergyintotheload#kwh,BUNDOORA,61.25,59.00274,60.2892,58.502983,876.0
2025-02-28 16:00:00,solar.bun_carm1#realenergyintotheload#kwh,BUNDOORA,58.0,50.99031,54.71414,53.093098,769.0
2025-02-28 17:00:00,solar.bun_carm1#realenergyintotheload#kwh,BUNDOORA,45.1875,38.739937,43.70667,42.41175,590.0
2025-02-28 18:00:00,solar.bun_carm1#realenergyintotheload#kwh,BUNDOORA,30.375,37.001675,30.607332,29.700514,415.0
2025-02-28 19:00:00,solar.bun_carm1#realenergyintotheload#kwh,BUNDOORA,13.75,19.463718,15.340675,14.886169,204.0
2025-02-28 20:00:00,solar.bun_carm1#realenergyintotheload#kwh,BUNDOORA,2.25,4.639944,1.0674653,1.035839,17.0
2025-02-28 21:00:00,solar.bun_carm1#realenergyintotheload#kwh,BUNDOORA,0.0,0.36619598,0.002847269,0.0027629114,0.0
2025-02-28 22:00:00,solar.bun_carm1#realenergyintotheload#kwh,BUNDOORA,0.0,0.3832245,0.002559318,0.0024834918,0.0
2025-02-28 23:00:00,solar.bun_carm1#realenergyintotheload#kwh,BUNDOORA,0.0,0.1752987,0.002559318,0.0024834918,0.0
2025-03-01 00:00:00,solar.bun_carm1#realenergyintotheload#kwh,BUNDOORA,0.0,0.067253694,0.002559318,0.0024834918,0.0
2025-03-01 01:00:00,solar.bun_carm1#realenergyintotheload#kwh,BUNDOORA,0.0,0.11343437,0.002559318,0.0024834918,0.0
2025-03-01 02:00:00,solar.bun_carm1#realenergyintotheload#kwh,BUNDOORA,0.0,0.044572137,0.002559318,0.0024834918,0.0
2025-03-01 03:00:00,solar.bun_carm1#realenergyintotheload#kwh,BUNDOORA,0.0,-0.027471209,0.0024922814,0.0024184412,0.0
2025-03-01 04:00:00,solar.bun_carm1#realenergyintotheload#kwh,BUNDOORA,0.0,-0.060753196,0.0023146872,0.0022461088,0.0
2025-03-01 05:00:00,solar.bun_carm1#realenergyintotheload#kwh,BUNDOORA,0.0,-0.060753196,0.0023146872,0.0022461088,0.0
2025-03-01 06:00:00,solar.bun_carm1#realenergyintotheload#kwh,BUNDOORA,0.0,0.08726663,0.0024922814,0.0024184412,0.0
2025-03-01 07:00:00,solar.bun_carm1#realenergyintotheload#kwh,BUNDOORA,0.0,0.9340715,0.0024922814,0.0024184412,0.0
2025-03-01 08:00:00,solar.bun_carm1#realenergyintotheload#kwh,BUNDOORA,1.5625,3.5500457,6.992362,6.785196,90.0
2025-03-01 09:00:00,solar.bun_carm1#realenergyintotheload#kwh,BUNDOORA,15.625,6.8529263,21.21581,20.58724,294.0
2025-03-01 10:00:00,solar.bun_carm1#realenergyintotheload#kwh,BUNDOORA,34.6875,22.926125,37.586437,36.472843,505.0
2025-03-01 11:00:00,solar.bun_carm1#realenergyintotheload#kwh,BUNDOORA,48.875,49.63468,49.48812,48.02191,688.0
2025-03-01 12:00:00,solar.bun_carm1#realenergyintotheload#kwh,BUNDOORA,58.3125,59.02844,58.307697,56.580185,830.0
2025-03-01 13:00:00,solar.bun_carm1#realenergyintotheload#kwh,BUNDOORA,63.9375,62.35953,62.26741,60.42258,912.0
2025-03-01 14:00:00,solar.bun_carm1#realenergyintotheload#kwh,BUNDOORA,65.5,63.204952,63.225456,61.352245,929.0
2025-03-01 15:00:00,solar.bun_carm1#realenergyintotheload#kwh,BUNDOORA,63.5625,60.523174,61.605682,59.78046,882.0
2025-03-01 16:00:00,solar.bun_carm1#realenergyintotheload#kwh,BUNDOORA,57.625,54.999443,55.37509,53.734467,778.0
2025-03-01 17:00:00,solar.bun_carm1#realenergyintotheload#kwh,BUNDOORA,46.625,46.343502,45.301056,43.9589,620.0
2025-03-01 18:00:00,solar.bun_carm1#realenergyintotheload#kwh,BUNDOORA,31.125,34.816452,31.06271,30.142399,418.0
2025-03-01 19:00:00,solar.bun_carm1#realenergyintotheload#kwh,BUNDOORA,7.9375,19.51564,15.110405,14.662722,205.0
2025-03-01 20:00:00,solar.bun_carm1#realenergyintotheload#kwh,BUNDOORA,1.875,3.5073524,0.63563645,0.6168041,12.0
2025-03-01 21:00:00,solar.bun_carm1#realenergyintotheload#kwh,BUNDOORA,0.0,0.5557506,0.0009886529,0.0009593616,0.0
2025-03-01 22:00:00,solar.bun_carm1#realenergyintotheload#kwh,BUNDOORA,0.0,0.026809474,0.002404231,0.0023329998,0.0
2025-03-01 23:00:00,solar.bun_carm1#realenergyintotheload#kwh,BUNDOORA,0.0,0.46870694,0.0030248635,0.0029352445,0.0
2025-03-02 00:00:00,solar.bun_carm1#realenergyintotheload#kwh,BUNDOORA,0.0,0.3364822,0.002559318,0.0024834918,0.0
2025-03-02 01:00:00,solar.bun_carm1#realenergyintotheload#kwh,BUNDOORA,0.0,0.28891245,0.002559318,0.0024834918,0.0
2025-03-02 02:00:00,solar.bun_carm1#realenergyintotheload#kwh,BUNDOORA,0.0,0.22575706,0.002559318,0.0024834918,0.0
2025-03-02 03:00:00,solar.bun_carm1#realenergyintotheload#kwh,BUNDOORA,0.0,0.093915604,0.002559318,0.0024834918,0.0
2025-03-02 04:00:00,solar.bun_carm1#realenergyintotheload#kwh,BUNDOORA,0.0,0.093915604,0.002196391,0.0021313175,0.0
2025-03-02 05:00:00,solar.bun_carm1#realenergyintotheload#kwh,BUNDOORA,0.0,0.013620323,0.0021553505,0.0020914928,0.0
2025-03-02 06:00:00,solar.bun_carm1#realenergyintotheload#kwh,BUNDOORA,0.0,0.021915933,0.0021553505,0.0020914928,0.0
2025-03-02 07:00:00,solar.bun_carm1#realenergyintotheload#kwh,BUNDOORA,0.0,1.4091184,0.0020486263,0.0019879306,0.0
2025-03-02 08:00:00,solar.bun_carm1#realenergyintotheload#kwh,BUNDOORA,2.4375,5.0024314,5.453949,5.292362,68.0
2025-03-02 09:00:00,solar.bun_carm1#realenergyintotheload#kwh,BUNDOORA,7.375,6.706389,9.476539,9.195772,123.0
2025-03-02 10:00:00,solar.bun_carm1#realenergyintotheload#kwh,BUNDOORA,7.4375,15.861681,16.728155,16.232542,210.0
2025-03-02 11:00:00,solar.bun_carm1#realenergyintotheload#kwh,BUNDOORA,10.5,26.630217,20.860464,20.24242,267.0
2025-03-02 12:00:00,solar.bun_carm1#realenergyintotheload#kwh,BUNDOORA,22.0625,28.680735,19.31423,18.741997,247.0
2025-03-02 13:00:00,solar.bun_carm1#realenergyintotheload#kwh,BUNDOORA,14.875,28.56759,23.336935,22.64552,304.0
2025-03-02 14:00:00,solar.bun_carm1#realenergyintotheload#kwh,BUNDOORA,49.75,46.954025,54.327705,52.718113,749.0
2025-03-02 15:00:00,solar.bun_carm1#realenergyintotheload#kwh,BUNDOORA,45.6875,37.66436,34.297848,33.28169,442.0
2025-03-02 16:00:00,solar.bun_carm1#realenergyintotheload#kwh,BUNDOORA,20.5625,23.541666,17.910002,17.379374,231.0
2025-03-02 17:00:00,solar.bun_carm1#realenergyintotheload#kwh,BUNDOORA,21.6875,19.861027,18.519064,17.97039,233.0
2025-03-02 18:00:00,solar.bun_carm1#realenergyintotheload#kwh,BUNDOORA,17.125,18.615889,20.360075,19.756857,258.0
2025-03-02 19:00:00,solar.bun_carm1#realenergyintotheload#kwh,BUNDOORA,11.9375,16.200903,14.265136,13.842495,197.0
2025-03-02 20:00:00,solar.bun_carm1#realenergyintotheload#kwh,BUNDOORA,1.5,0.043407932,1.2921401,1.2538573,21.0
2025-03-02 21:00:00,solar.bun_carm1#realenergyintotheload#kwh,BUNDOORA,0.0,-0.8205231,-0.0011888922,0.0,0.0
2025-03-02 22:00:00,solar.bun_carm1#realenergyintotheload#kwh,BUNDOORA,0.0,-0.021035671,0.0022402278,0.0021738554,0.0
2025-03-02 23:00:00,solar.bun_carm1#realenergyintotheload#kwh,BUNDOORA,0.0,0.07812437,0.0029069849,0.0028208583,0.0
2025-03-03 00:00:00,solar.bun_carm1#realenergyintotheload#kwh,BUNDOORA,0.0,-0.047438435,0.0024385122,0.002366265,0.0
2025-03-03 01:00:00,solar.bun_carm1#realenergyintotheload#kwh,BUNDOORA,0.0,0.08498592,0.0025055492,0.002431316,0.0
2025-03-03 02:00:00,solar.bun_carm1#realenergyintotheload#kwh,BUNDOORA,0.0,0.058454685,0.0013877637,0.0013466477,0.0
2025-03-03 03:00:00,solar.bun_carm1#realenergyintotheload#kwh,BUNDOORA,0.0,0.031997867,0.0014223809,0.0013802393,0.0
2025-03-03 04:00:00,solar.bun_carm1#realenergyintotheload#kwh,BUNDOORA,0.0,-0.07086698,0.0014223809,0.0013802393,0.0
2025-03-03 05:00:00,solar.bun_carm1#realenergyintotheload#kwh,BUNDOORA,0.0,-0.13730608,0.0013207269,0.0012815971,0.0
2025-03-03 06:00:00,solar.bun_carm1#realenergyintotheload#kwh,BUNDOORA,0.0,0.026411671,0.0020053862,0.0019459716,0.0
2025-03-03 07:00:00,solar.bun_carm1#realenergyintotheload#kwh,BUNDOORA,0.0,1.2546004,0.0020450968,0.0019845057,0.0
2025-03-03 08:00:00,solar.bun_carm1#realenergyintotheload#kwh,BUNDOORA,1.75,4.2393117,4.559365,4.424282,62.0
2025-03-03 09:00:00,solar.bun_carm1#realenergyintotheload#kwh,BUNDOORA,13.875,18.834248,19.2357,18.665794,258.0
2025-03-03 10:00:00,solar.bun_carm1#realenergyintotheload#kwh,BUNDOORA,28.5625,34.843376,37.86281,36.741028,505.0
2025-03-03 11:00:00,solar.bun_carm1#realenergyintotheload#kwh,BUNDOORA,46.625,48.85625,50.5537,49.05592,690.0
2025-03-03 12:00:00,solar.bun_carm1#realenergyintotheload#kwh,BUNDOORA,59.4375,59.605553,59.198444,57.444542,826.0
2025-03-03 13:00:00,solar.bun_carm1#realenergyintotheload#kwh,BUNDOORA,65.0,65.90571,64.67259,62.756504,907.0
2025-03-03 14:00:00,solar.bun_carm1#realenergyintotheload#kwh,BUNDOORA,66.125,65.86774,64.443245,62.53395,925.0
2025-03-03 15:00:00,solar.bun_carm1#realenergyintotheload#kwh,BUNDOORA,65.9375,60.49723,62.42569,60.57617,877.0
2025-03-03 16:00:00,solar.bun_carm1#realenergyintotheload#kwh,BUNDOORA,59.25,53.75572,55.549515,53.90372,770.0
2025-03-03 17:00:00,solar.bun_carm1#realenergyintotheload#kwh,BUNDOORA,47.5625,47.177113,44.735046,43.40966,610.0
2025-03-03 18:00:00,solar.bun_carm1#realenergyintotheload#kwh,BUNDOORA,31.125,28.719416,30.59953,29.692942,413.0
2025-03-03 19:00:00,solar.bun_carm1#realenergyintotheload#kwh,BUNDOORA,12.5625,16.609707,14.998136,14.553779,201.0
2025-03-03 20:00:00,solar.bun_carm1#realenergyintotheload#kwh,BUNDOORA,1.4375,-0.40554884,1.0962524,1.0637733,18.0
2025-03-03 21:00:00,solar.bun_carm1#realenergyintotheload#kwh,BUNDOORA,0.0,-0.16105746,-0.00049232197,0.0,0.0
2025-03-03 22:00:00,solar.bun_carm1#realenergyintotheload#kwh,BUNDOORA,0.0,-0.41781202,0.0030680452,0.0029771468,0.0
2025-03-03 23:00:00,solar.bun_carm1#realenergyintotheload#kwh,BUNDOORA,0.0,-0.14033471,0.00263492,0.002556854,0.0
2025-03-04 00:00:00,solar.bun_carm1#realenergyintotheload#kwh,BUNDOORA,0.0,0.27887014,0.0026075938,0.0025303373,0.0
2025-03-04 01:00:00,solar.bun_carm1#realenergyintotheload#kwh,BUNDOORA,0.0,0.16727252,0.0026075938,0.0025303373,0.0
2025-03-04 02:00:00,solar.bun_carm1#realenergyintotheload#kwh,BUNDOORA,0.0,0.059499998,0.0019923674,0.0019333386,0.0
2025-03-04 03:00:00,solar.bun_carm1#realenergyintotheload#kwh,BUNDOORA,0.0,0.06921645,0.0019923674,0.0019333386,0.0
2025-03-04 04:00:00,solar.bun_carm1#realenergyintotheload#kwh,BUNDOORA,0.0,-0.033464465,0.0019923674,0.0019333386,0.0
2025-03-04 05:00:00,solar.bun_carm1#realenergyintotheload#kwh,BUNDOORA,0.0,-0.040017214,0.0019923674,0.0019333386,0.0
2025-03-04 06:00:00,solar.bun_carm1#realenergyintotheload#kwh,BUNDOORA,0.0,-0.031568907,0.0019923674,0.0019333386,0.0
2025-03-04 07:00:00,solar.bun_carm1#realenergyintotheload#kwh,BUNDOORA,0.0,0.45283058,0.0019923674,0.0019333386,0.0
2025-03-04 08:00:00,solar.bun_carm1#realenergyintotheload#kwh,BUNDOORA,1.3125,1.5419,6.449819,6.258727,83.0
2025-03-04 09:00:00,solar.bun_carm1#realenergyintotheload#kwh,BUNDOORA,14.25,5.684579,21.39572,20.761818,286.0
2025-03-04 10:00:00,solar.bun_carm1#realenergyintotheload#kwh,BUNDOORA,32.1875,27.056055,36.79957,35.70929,494.0
2025-03-04 11:00:00,solar.bun_carm1#realenergyintotheload#kwh,BUNDOORA,45.75,49.25264,49.469406,48.00375,683.0
2025-03-04 12:00:00,solar.bun_carm1#realenergyintotheload#kwh,BUNDOORA,55.0,60.286926,57.966408,56.24901,822.0
2025-03-04 13:00:00,solar.bun_carm1#realenergyintotheload#kwh,BUNDOORA,61.9375,63.09163,61.846832,60.014465,903.0
2025-03-04 14:00:00,solar.bun_carm1#realenergyintotheload#kwh,BUNDOORA,63.5,65.0744,63.73741,61.84903,920.0
2025-03-04 15:00:00,solar.bun_carm1#realenergyintotheload#kwh,BUNDOORA,60.125,60.47475,59.691193,57.92269,873.0
2025-03-04 16:00:00,solar.bun_carm1#realenergyintotheload#kwh,BUNDOORA,52.875,56.8364,54.695724,53.075226,765.0
2025-03-04 17:00:00,solar.bun_carm1#realenergyintotheload#kwh,BUNDOORA,44.0,44.51839,43.599827,42.30807,605.0
2025-03-04 18:00:00,solar.bun_carm1#realenergyintotheload#kwh,BUNDOORA,28.625,29.921345,29.930014,29.043262,409.0
2025-03-04 19:00:00,solar.bun_carm1#realenergyintotheload#kwh,BUNDOORA,11.375,17.739851,14.10071,13.682941,196.0
2025-03-04 20:00:00,solar.bun_carm1#realenergyintotheload#kwh,BUNDOORA,1.3125,2.5877998,0.87914646,0.8530995,16.0
2025-03-04 21:00:00,solar.bun_carm1#realenergyintotheload#kwh,BUNDOORA,0.0,-0.065851495,-0.004971824,0.0,0.0
2025-03-04 22:00:00,solar.bun_carm1#realenergyintotheload#kwh,BUNDOORA,0.0,-0.2878506,-0.0003657617,0.0,0.0
2025-03-04 23:00:00,solar.bun_carm1#realenergyintotheload#kwh,BUNDOORA,0.0,-0.13017622,0.0012855588,0.0012474708,0.0
2025-03-05 00:00:00,solar.bun_carm1#realenergyintotheload#kwh,BUNDOORA,0.0,0.115819745,0.0022663472,0.002199201,0.0
2025-03-05 01:00:00,solar.bun_carm1#realenergyintotheload#kwh,BUNDOORA,0.0,0.1806706,0.0031106973,0.003018535,0.0
2025-03-05 02:00:00,solar.bun_carm1#realenergyintotheload#kwh,BUNDOORA,0.0,0.22941928,0.002933103,0.0028462023,0.0
2025-03-05 03:00:00,solar.bun_carm1#realenergyintotheload#kwh,BUNDOORA,0.0,0.26385558,0.002933103,0.0028462023,0.0
2025-03-05 04:00:00,solar.bun_carm1#realenergyintotheload#kwh,BUNDOORA,0.0,0.22590573,0.0022663472,0.002199201,0.0
2025-03-05 05:00:00,solar.bun_carm1#realenergyintotheload#kwh,BUNDOORA,0.0,0.2031034,0.0013653922,0.0013249391,0.0
2025-03-05 06:00:00,solar.bun_carm1#realenergyintotheload#kwh,BUNDOORA,0.0,-0.5606055,0.0022014081,0.002136186,0.0
2025-03-05 07:00:00,solar.bun_carm1#realenergyintotheload#kwh,BUNDOORA,0.0,0.5240614,-0.0036756448,0.0,0.0
2025-03-05 08:00:00,solar.bun_carm1#realenergyintotheload#kwh,BUNDOORA,0.9375,8.983685,6.1357007,5.953915,83.0
2025-03-05 09:00:00,solar.bun_carm1#realenergyintotheload#kwh,BUNDOORA,13.125,25.45806,21.296587,20.665623,286.0
2025-03-05 10:00:00,solar.bun_carm1#realenergyintotheload#kwh,BUNDOORA,31.4375,36.777534,35.922085,34.857803,492.0
2025-03-05 11:00:00,solar.bun_carm1#realenergyintotheload#kwh,BUNDOORA,46.0,49.787968,48.55439,47.115845,673.0
2025-03-05 12:00:00,solar.bun_carm1#realenergyintotheload#kwh,BUNDOORA,56.25,59.43817,57.603565,55.896915,809.0
2025-03-05 13:00:00,solar.bun_carm1#realenergyintotheload#kwh,BUNDOORA,60.0,61.986507,61.133198,59.321976,889.0
2025-03-05 14:00:00,solar.bun_carm1#realenergyintotheload#kwh,BUNDOORA,62.4375,62.311146,62.862446,60.99999,907.0
2025-03-05 15:00:00,solar.bun_carm1#realenergyintotheload#kwh,BUNDOORA,58.0625,57.28273,58.435947,56.704636,859.0
2025-03-05 16:00:00,solar.bun_carm1#realenergyintotheload#kwh,BUNDOORA,53.5,52.922733,54.747665,53.12563,751.0
2025-03-05 17:00:00,solar.bun_carm1#realenergyintotheload#kwh,BUNDOORA,43.125,40.49314,43.423424,42.136898,592.0
2025-03-05 18:00:00,solar.bun_carm1#realenergyintotheload#kwh,BUNDOORA,27.6875,27.694838,29.48087,28.607426,397.0
2025-03-05 19:00:00,solar.bun_carm1#realenergyintotheload#kwh,BUNDOORA,11.1875,16.698334,13.639445,13.235343,188.0
2025-03-05 20:00:00,solar.bun_carm1#realenergyintotheload#kwh,BUNDOORA,1.5,1.1162856,0.6376485,0.6187566,13.0
2025-03-05 21:00:00,solar.bun_carm1#realenergyintotheload#kwh,BUNDOORA,0.0,0.21050495,0.0030990462,0.0030072292,0.0
2025-03-05 22:00:00,solar.bun_carm1#realenergyintotheload#kwh,BUNDOORA,0.0,-0.00732797,0.0030990462,0.0030072292,0.0
2025-03-05 23:00:00,solar.bun_carm1#realenergyintotheload#kwh,BUNDOORA,0.0,-0.120365605,0.0030990462,0.0030072292,0.0
2025-03-06 00:00:00,solar.bun_carm1#realenergyintotheload#kwh,BUNDOORA,0.0,0.09123648,5.9512662e-05,5.774945e-05,0.0
2025-03-06 01:00:00,solar.bun_carm1#realenergyintotheload#kwh,BUNDOORA,0.0,0.30152416,5.9512662e-05,5.774945e-05,0.0
2025-03-06 02:00:00,solar.bun_carm1#realenergyintotheload#kwh,BUNDOORA,0.0,0.11079007,0.00023710668,0.0002300818,0.0
2025-03-06 03:00:00,solar.bun_carm1#realenergyintotheload#kwh,BUNDOORA,0.0,0.11079007,0.00060819025,0.0005901711,0.0
2025-03-06 04:00:00,solar.bun_carm1#realenergyintotheload#kwh,BUNDOORA,0.0,0.064696714,0.00060819025,0.0005901711,0.0
2025-03-06 05:00:00,solar.bun_carm1#realenergyintotheload#kwh,BUNDOORA,0.0,0.073293515,0.00060819025,0.0005901711,0.0
2025-03-06 06:00:00,solar.bun_carm1#realenergyintotheload#kwh,BUNDOORA,0.0,0.06573824,0.002554225,0.0024785497,0.0
2025-03-06 07:00:00,solar.bun_carm1#realenergyintotheload#kwh,BUNDOORA,0.0,0.74691767,0.002554225,0.0024785497,0.0
2025-03-06 08:00:00,solar.bun_carm1#realenergyintotheload#kwh,BUNDOORA,1.3125,1.717566,1.4749136,1.4312156,22.0
2025-03-06 09:00:00,solar.bun_carm1#realenergyintotheload#kwh,BUNDOORA,6.0625,6.333394,6.107584,5.9266315,81.0
2025-03-06 10:00:00,solar.bun_carm1#realenergyintotheload#kwh,BUNDOORA,4.5625,14.373613,16.578022,16.086857,214.0
2025-03-06 11:00:00,solar.bun_carm1#realenergyintotheload#kwh,BUNDOORA,19.3125,21.87368,17.255438,16.744202,224.0
2025-03-06 12:00:00,solar.bun_carm1#realenergyintotheload#kwh,BUNDOORA,18.0625,24.316914,20.312391,19.710587,255.0
2025-03-06 13:00:00,solar.bun_carm1#realenergyintotheload#kwh,BUNDOORA,25.875,33.248398,27.242006,26.434895,344.0
2025-03-06 14:00:00,solar.bun_carm1#realenergyintotheload#kwh,BUNDOORA,29.25,34.658028,28.763435,27.911247,368.0
2025-03-06 15:00:00,solar.bun_carm1#realenergyintotheload#kwh,BUNDOORA,36.0625,42.02932,45.12178,43.784935,608.0
2025-03-06 16:00:00,solar.bun_carm1#realenergyintotheload#kwh,BUNDOORA,39.3125,43.616898,46.317516,44.945244,629.0
2025-03-06 17:00:00,solar.bun_carm1#realenergyintotheload#kwh,BUNDOORA,31.4375,34.22131,35.52357,34.471096,458.0
2025-03-06 18:00:00,solar.bun_carm1#realenergyintotheload#kwh,BUNDOORA,25.4375,23.0094,23.749294,23.045662,308.0
2025-03-06 19:00:00,solar.bun_carm1#realenergyintotheload#kwh,BUNDOORA,12.25,17.938055,8.992073,8.72566,126.0
2025-03-06 20:00:00,solar.bun_carm1#realenergyintotheload#kwh,BUNDOORA,2.6875,2.454037,0.2610522,0.25331786,7.0
2025-03-06 21:00:00,solar.bun_carm1#realenergyintotheload#kwh,BUNDOORA,0.0,0.11710099,0.003725248,0.003614878,0.0
2025-03-06 22:00:00,solar.bun_carm1#realenergyintotheload#kwh,BUNDOORA,0.0,0.015651708,0.003538624,0.0034337833,0.0
2025-03-06 23:00:00,solar.bun_carm1#realenergyintotheload#kwh,BUNDOORA,0.0,0.12862857,0.0030593364,0.002968696,0.0
2025-03-07 00:00:00,solar.bun_carm1#realenergyintotheload#kwh,BUNDOORA,0.0,-1.0150163,0.002274977,0.0022075751,0.0
2025-03-07 01:00:00,solar.bun_carm1#realenergyintotheload#kwh,BUNDOORA,0.0,-0.0036199326,0.0023817238,0.0023111594,0.0
2025-03-07 02:00:00,solar.bun_carm1#realenergyintotheload#kwh,BUNDOORA,0.0,-0.07108242,0.0024922814,0.0024184412,0.0
2025-03-07 03:00:00,solar.bun_carm1#realenergyintotheload#kwh,BUNDOORA,0.0,-0.057789892,0.0024922814,0.0024184412,0.0
2025-03-07 04:00:00,solar.bun_carm1#realenergyintotheload#kwh,BUNDOORA,0.0,-0.057373263,0.0023146872,0.0022461088,0.0
2025-03-07 05:00:00,solar.bun_carm1#realenergyintotheload#kwh,BUNDOORA,0.0,-0.036537223,0.0023146872,0.0022461088,0.0
2025-03-07 06:00:00,solar.bun_carm1#realenergyintotheload#kwh,BUNDOORA,0.0,-0.05720716,0.0023146872,0.0022461088,0.0
2025-03-07 07:00:00,solar.bun_carm1#realenergyintotheload#kwh,BUNDOORA,0.0,0.6159601,0.0023146872,0.0022461088,0.0
2025-03-07 08:00:00,solar.bun_carm1#realenergyintotheload#kwh,BUNDOORA,1.125,4.018471,5.955636,5.7791853,71.0
2025-03-07 09:00:00,solar.bun_carm1#realenergyintotheload#kwh,BUNDOORA,12.5,8.847741,19.529934,18.951311,271.0
2025-03-07 10:00:00,solar.bun_carm1#realenergyintotheload#kwh,BUNDOORA,30.75,18.61552,35.733814,34.67511,479.0
2025-03-07 11:00:00,solar.bun_carm1#realenergyintotheload#kwh,BUNDOORA,44.9375,40.774815,49.01284,47.56071,663.0
2025-03-07 12:00:00,solar.bun_carm1#realenergyintotheload#kwh,BUNDOORA,54.6875,57.169796,57.308414,55.610508,804.0
2025-03-07 13:00:00,solar.bun_carm1#realenergyintotheload#kwh,BUNDOORA,58.9375,59.24577,60.77635,58.975697,887.0
2025-03-07 14:00:00,solar.bun_carm1#realenergyintotheload#kwh,BUNDOORA,62.25,59.70376,62.638943,60.783108,906.0
2025-03-07 15:00:00,solar.bun_carm1#realenergyintotheload#kwh,BUNDOORA,60.0625,57.292458,58.27483,56.548294,860.0
2025-03-07 16:00:00,solar.bun_carm1#realenergyintotheload#kwh,BUNDOORA,54.0,53.041523,53.92916,52.331375,752.0
2025-03-07 17:00:00,solar.bun_carm1#realenergyintotheload#kwh,BUNDOORA,42.5,40.416348,43.510216,42.221115,593.0
2025-03-07 18:00:00,solar.bun_carm1#realenergyintotheload#kwh,BUNDOORA,27.0,24.418941,29.579794,28.703419,398.0
2025-03-07 19:00:00,solar.bun_carm1#realenergyintotheload#kwh,BUNDOORA,10.25,14.825259,13.281541,12.888042,184.0
2025-03-07 20:00:00,solar.bun_carm1#realenergyintotheload#kwh,BUNDOORA,1.0,1.2197249,0.43858063,0.42558658,10.0
2025-03-07 21:00:00,solar.bun_carm1#realenergyintotheload#kwh,BUNDOORA,0.0,-0.23308438,-0.0047811973,0.0,0.0
2025-03-07 22:00:00,solar.bun_carm1#realenergyintotheload#kwh,BUNDOORA,0.0,-0.17322063,0.0016199482,0.0015719532,0.0
2025-03-07 23:00:00,solar.bun_carm1#realenergyintotheload#kwh,BUNDOORA,0.0,0.36362746,0.0027802323,0.002697861,0.0
2025-03-08 00:00:00,solar.bun_carm1#realenergyintotheload#kwh,BUNDOORA,0.0,-0.18854065,0.0024922814,0.0024184412,0.0
2025-03-08 01:00:00,solar.bun_carm1#realenergyintotheload#kwh,BUNDOORA,0.0,-0.073621504,0.0024922814,0.0024184412,0.0
2025-03-08 02:00:00,solar.bun_carm1#realenergyintotheload#kwh,BUNDOORA,0.0,0.03249176,0.0023146872,0.0022461088,0.0
2025-03-08 03:00:00,solar.bun_carm1#realenergyintotheload#kwh,BUNDOORA,0.0,0.034873113,0.0024922814,0.0024184412,0.0
2025-03-08 04:00:00,solar.bun_carm1#realenergyintotheload#kwh,BUNDOORA,0.0,0.038071252,0.0023146872,0.0022461088,0.0
2025-03-08 05:00:00,solar.bun_carm1#realenergyintotheload#kwh,BUNDOORA,0.0,-0.063276015,0.0023146872,0.0022461088,0.0
2025-03-08 06:00:00,solar.bun_carm1#realenergyintotheload#kwh,BUNDOORA,0.0,-0.063276015,0.0023146872,0.0022461088,0.0
2025-03-08 07:00:00,solar.bun_carm1#realenergyintotheload#kwh,BUNDOORA,0.0,1.0867674,0.0024922814,0.0024184412,0.0
2025-03-08 08:00:00,solar.bun_carm1#realenergyintotheload#kwh,BUNDOORA,0.6875,4.5601387,5.761827,5.5911183,74.0
2025-03-08 09:00:00,solar.bun_carm1#realenergyintotheload#kwh,BUNDOORA,12.9375,23.594463,20.642067,20.030495,279.0
2025-03-08 10:00:00,solar.bun_carm1#realenergyintotheload#kwh,BUNDOORA,31.75,35.82249,36.26883,35.194275,491.0
2025-03-08 11:00:00,solar.bun_carm1#realenergyintotheload#kwh,BUNDOORA,46.8125,43.89934,48.2104,46.782047,675.0
2025-03-08 12:00:00,solar.bun_carm1#realenergyintotheload#kwh,BUNDOORA,57.1875,58.256123,56.886295,55.200897,814.0
2025-03-08 13:00:00,solar.bun_carm1#realenergyintotheload#kwh,BUNDOORA,62.3125,61.39487,61.3212,59.504406,896.0
2025-03-08 14:00:00,solar.bun_carm1#realenergyintotheload#kwh,BUNDOORA,63.125,62.721165,63.165867,61.29442,915.0
2025-03-08 15:00:00,solar.bun_carm1#realenergyintotheload#kwh,BUNDOORA,60.5625,61.219044,58.649475,56.91184,867.0
2025-03-08 16:00:00,solar.bun_carm1#realenergyintotheload#kwh,BUNDOORA,54.0625,55.98215,54.68021,53.060173,758.0
2025-03-08 17:00:00,solar.bun_carm1#realenergyintotheload#kwh,BUNDOORA,43.0625,44.58105,43.6892,42.3948,596.0
2025-03-08 18:00:00,solar.bun_carm1#realenergyintotheload#kwh,BUNDOORA,27.25,27.73074,29.10961,28.247164,402.0
2025-03-08 19:00:00,solar.bun_carm1#realenergyintotheload#kwh,BUNDOORA,9.5,15.056745,13.329559,12.934638,184.0
2025-03-08 20:00:00,solar.bun_carm1#realenergyintotheload#kwh,BUNDOORA,0.8125,0.6836735,0.3529875,0.34252936,8.0
2025-03-08 21:00:00,solar.bun_carm1#realenergyintotheload#kwh,BUNDOORA,0.0,-0.21295151,-6.85252e-05,0.0,0.0
2025-03-08 22:00:00,solar.bun_carm1#realenergyintotheload#kwh,BUNDOORA,0.0,-0.19735801,-0.0027425615,0.0,0.0
2025-03-08 23:00:00,solar.bun_carm1#realenergyintotheload#kwh,BUNDOORA,0.0,0.0588895,-0.00055238605,0.0,0.0
2025-03-09 00:00:00,solar.bun_carm1#realenergyintotheload#kwh,BUNDOORA,0.0,0.043236703,0.00077894493,0.00075586676,0.0
2025-03-09 01:00:00,solar.bun_carm1#realenergyintotheload#kwh,BUNDOORA,0.0,0.24242951,0.0022663472,0.002199201,0.0
2025-03-09 02:00:00,solar.bun_carm1#realenergyintotheload#kwh,BUNDOORA,0.0,0.17063756,0.002933103,0.0028462023,0.0
2025-03-09 03:00:00,solar.bun_carm1#realenergyintotheload#kwh,BUNDOORA,0.0,0.19919142,0.0030001395,0.002911253,0.0
2025-03-09 04:00:00,solar.bun_carm1#realenergyintotheload#kwh,BUNDOORA,0.0,0.4863985,0.00063081883,0.0006121292,0.0
2025-03-09 05:00:00,solar.bun_carm1#realenergyintotheload#kwh,BUNDOORA,0.0,0.5038894,0.002958441,0.0028707897,0.0
2025-03-09 06:00:00,solar.bun_carm1#realenergyintotheload#kwh,BUNDOORA,0.0,0.6981354,0.0017973429,0.0017440921,0.0
2025-03-09 07:00:00,solar.bun_carm1#realenergyintotheload#kwh,BUNDOORA,0.0,1.5842462,-0.0009573818,0.0,0.0
2025-03-09 08:00:00,solar.bun_carm1#realenergyintotheload#kwh,BUNDOORA,1.0625,7.968884,5.006979,4.8586345,66.0
2025-03-09 09:00:00,solar.bun_carm1#realenergyintotheload#kwh,BUNDOORA,10.75,24.991764,19.55099,18.971743,263.0
2025-03-09 10:00:00,solar.bun_carm1#realenergyintotheload#kwh,BUNDOORA,27.1875,33.452934,35.27651,34.231354,476.0
2025-03-09 11:00:00,solar.bun_carm1#realenergyintotheload#kwh,BUNDOORA,38.125,43.320824,47.341557,45.938946,645.0
2025-03-09 12:00:00,solar.bun_carm1#realenergyintotheload#kwh,BUNDOORA,48.8125,47.68884,53.941628,52.34347,746.0
2025-03-09 13:00:00,solar.bun_carm1#realenergyintotheload#kwh,BUNDOORA,47.0625,59.323643,59.93417,58.15847,867.0
2025-03-09 14:00:00,solar.bun_carm1#realenergyintotheload#kwh,BUNDOORA,59.0,60.18726,60.22186,58.437637,881.0
2025-03-09 15:00:00,solar.bun_carm1#realenergyintotheload#kwh,BUNDOORA,60.0,56.407814,57.361366,55.661892,832.0
2025-03-09 16:00:00,solar.bun_carm1#realenergyintotheload#kwh,BUNDOORA,41.9375,46.75003,49.844395,48.36763,697.0
2025-03-09 17:00:00,solar.bun_carm1#realenergyintotheload#kwh,BUNDOORA,39.625,33.63238,39.057728,37.900543,535.0
2025-03-09 18:00:00,solar.bun_carm1#realenergyintotheload#kwh,BUNDOORA,15.625,12.961139,14.007123,13.592127,184.0
2025-03-09 19:00:00,solar.bun_carm1#realenergyintotheload#kwh,BUNDOORA,5.5,8.123368,3.9639301,3.8464887,54.0
2025-03-09 20:00:00,solar.bun_carm1#realenergyintotheload#kwh,BUNDOORA,0.9375,0.31523544,0.00058132794,0.00056410464,1.0
2025-03-09 21:00:00,solar.bun_carm1#realenergyintotheload#kwh,BUNDOORA,0.0,-0.27214444,-0.001205454,0.0,0.0
2025-03-09 22:00:00,solar.bun_carm1#realenergyintotheload#kwh,BUNDOORA,0.0,-0.14872116,-0.0036048498,0.0,0.0
2025-03-09 23:00:00,solar.bun_carm1#realenergyintotheload#kwh,BUNDOORA,0.0,-0.20736401,0.0134726055,0.013073446,0.0
2025-03-10 00:00:00,solar.bun_carm1#realenergyintotheload#kwh,BUNDOORA,0.0,-0.3590078,-0.002494985,0.0,0.0
2025-03-10 01:00:00,solar.bun_carm1#realenergyintotheload#kwh,BUNDOORA,0.0,-0.35480288,-0.002494985,0.0,0.0
2025-03-10 02:00:00,solar.bun_carm1#realenergyintotheload#kwh,BUNDOORA,0.0,-0.115220904,-0.001966544,0.0,0.0
2025-03-10 03:00:00,solar.bun_carm1#realenergyintotheload#kwh,BUNDOORA,0.0,-0.019149313,-0.0018187793,0.0,0.0
2025-03-10 04:00:00,solar.bun_carm1#realenergyintotheload#kwh,BUNDOORA,0.0,-0.08950409,-7.1772825e-05,0.0,0.0
2025-03-10 05:00:00,solar.bun_carm1#realenergyintotheload#kwh,BUNDOORA,0.0,-0.104094036,0.0041907937,0.004066631,0.0
2025-03-10 06:00:00,solar.bun_carm1#realenergyintotheload#kwh,BUNDOORA,0.0,-0.22557008,0.004043029,0.0039232443,0.0
2025-03-10 07:00:00,solar.bun_carm1#realenergyintotheload#kwh,BUNDOORA,0.0,1.3536084,0.0030079256,0.0029188083,0.0
2025-03-10 08:00:00,solar.bun_carm1#realenergyintotheload#kwh,BUNDOORA,2.375,8.500635,4.057566,3.9373505,53.0
2025-03-10 09:00:00,solar.bun_carm1#realenergyintotheload#kwh,BUNDOORA,9.875,19.556036,16.406546,15.920461,227.0
2025-03-10 10:00:00,solar.bun_carm1#realenergyintotheload#kwh,BUNDOORA,29.0625,36.75536,33.97003,32.963585,454.0
2025-03-10 11:00:00,solar.bun_carm1#realenergyintotheload#kwh,BUNDOORA,43.0,44.31254,46.715096,45.331043,634.0
2025-03-10 12:00:00,solar.bun_carm1#realenergyintotheload#kwh,BUNDOORA,52.625,49.24676,54.989742,53.360535,769.0
2025-03-10 13:00:00,solar.bun_carm1#realenergyintotheload#kwh,BUNDOORA,58.875,56.604523,58.298363,56.57113,848.0
2025-03-10 14:00:00,solar.bun_carm1#realenergyintotheload#kwh,BUNDOORA,56.0,55.7686,59.07723,57.32692,853.0
2025-03-10 15:00:00,solar.bun_carm1#realenergyintotheload#kwh,BUNDOORA,59.3125,56.256527,58.06408,56.343784,821.0
2025-03-10 16:00:00,solar.bun_carm1#realenergyintotheload#kwh,BUNDOORA,50.8125,49.648754,51.01525,49.503796,716.0
2025-03-10 17:00:00,solar.bun_carm1#realenergyintotheload#kwh,BUNDOORA,40.625,36.41343,41.5884,40.356243,560.0
2025-03-10 18:00:00,solar.bun_carm1#realenergyintotheload#kwh,BUNDOORA,24.6875,24.363308,26.628513,25.839577,367.0
2025-03-10 19:00:00,solar.bun_carm1#realenergyintotheload#kwh,BUNDOORA,8.5625,14.202729,11.605098,11.261268,161.0
2025-03-10 20:00:00,solar.bun_carm1#realenergyintotheload#kwh,BUNDOORA,0.5625,0.0756561,0.026787672,0.02599402,3.0
2025-03-10 21:00:00,solar.bun_carm1#realenergyintotheload#kwh,BUNDOORA,0.0,-0.28550112,-0.009207863,0.0,0.0
2025-03-10 22:00:00,solar.bun_carm1#realenergyintotheload#kwh,BUNDOORA,0.0,-0.30490607,-0.0015385312,0.0,0.0
2025-03-10 23:00:00,solar.bun_carm1#realenergyintotheload#kwh,BUNDOORA,0.0,-0.121779114,-0.0014558518,0.0,0.0
2025-03-11 00:00:00,solar.bun_carm1#realenergyintotheload#kwh,BUNDOORA,0.0,-0.16598292,0.0029627786,0.0028749988,0.0
2025-03-11 01:00:00,solar.bun_carm1#realenergyintotheload#kwh,BUNDOORA,0.0,0.012884318,0.0032223733,0.0031269025,0.0
2025-03-11 02:00:00,solar.bun_carm1#realenergyintotheload#kwh,BUNDOORA,0.0,-0.09012351,0.0030695028,0.002978561,0.0
2025-03-11 03:00:00,solar.bun_carm1#realenergyintotheload#kwh,BUNDOORA,0.0,-0.11738145,0.0032413604,0.003145327,0.0
2025-03-11 04:00:00,solar.bun_carm1#realenergyintotheload#kwh,BUNDOORA,0.0,0.07813324,0.0024583733,0.0023855378,0.0
2025-03-11 05:00:00,solar.bun_carm1#realenergyintotheload#kwh,BUNDOORA,0.0,0.04800047,0.0024583733,0.0023855378,0.0
2025-03-11 06:00:00,solar.bun_carm1#realenergyintotheload#kwh,BUNDOORA,0.0,0.0061571775,0.0023817238,0.0023111594,0.0
2025-03-11 07:00:00,solar.bun_carm1#realenergyintotheload#kwh,BUNDOORA,0.0,0.9517316,0.002018797,0.001958985,0.0
2025-03-11 08:00:00,solar.bun_carm1#realenergyintotheload#kwh,BUNDOORA,1.5625,3.8380594,2.769376,2.6873264,39.0
2025-03-11 09:00:00,solar.bun_carm1#realenergyintotheload#kwh,BUNDOORA,9.8125,19.689276,14.198955,13.7782755,192.0
2025-03-11 10:00:00,solar.bun_carm1#realenergyintotheload#kwh,BUNDOORA,25.375,34.163887,29.969141,29.08123,391.0
2025-03-11 11:00:00,solar.bun_carm1#realenergyintotheload#kwh,BUNDOORA,33.25,39.75433,44.53435,43.21491,600.0
2025-03-11 12:00:00,solar.bun_carm1#realenergyintotheload#kwh,BUNDOORA,48.8125,50.861195,55.67858,54.028965,773.0
2025-03-11 13:00:00,solar.bun_carm1#realenergyintotheload#kwh,BUNDOORA,49.0625,53.748375,56.411266,54.73994,811.0
2025-03-11 14:00:00,solar.bun_carm1#realenergyintotheload#kwh,BUNDOORA,59.0625,56.994755,58.674442,56.936066,869.0
2025-03-11 15:00:00,solar.bun_carm1#realenergyintotheload#kwh,BUNDOORA,48.9375,56.97676,57.20764,55.512722,820.0
2025-03-11 16:00:00,solar.bun_carm1#realenergyintotheload#kwh,BUNDOORA,50.9375,48.46392,49.171673,47.71484,689.0
2025-03-11 17:00:00,solar.bun_carm1#realenergyintotheload#kwh,BUNDOORA,31.0625,35.303646,40.497734,39.297886,549.0
2025-03-11 18:00:00,solar.bun_carm1#realenergyintotheload#kwh,BUNDOORA,16.4375,18.42071,22.35499,21.692667,297.0
2025-03-11 19:00:00,solar.bun_carm1#realenergyintotheload#kwh,BUNDOORA,9.0625,11.628399,9.437185,9.157585,130.0
2025-03-11 20:00:00,solar.bun_carm1#realenergyintotheload#kwh,BUNDOORA,0.375,0.2333932,0.015476624,0.01501809,0.0
2025-03-11 21:00:00,solar.bun_carm1#realenergyintotheload#kwh,BUNDOORA,0.0,-0.19359882,-0.010016553,0.0,0.0
2025-03-11 22:00:00,solar.bun_carm1#realenergyintotheload#kwh,BUNDOORA,0.0,-0.035957113,-0.00064146233,0.0,0.0
2025-03-11 23:00:00,solar.bun_carm1#realenergyintotheload#kwh,BUNDOORA,0.0,0.083181456,-0.0019182034,0.0,0.0
2025-03-12 00:00:00,solar.bun_carm1#realenergyintotheload#kwh,BUNDOORA,0.0,-0.05705835,0.0030079256,0.0029188083,0.0
2025-03-12 01:00:00,solar.bun_carm1#realenergyintotheload#kwh,BUNDOORA,0.0,-0.044388834,0.0028213009,0.0027377128,0.0
2025-03-12 02:00:00,solar.bun_carm1#realenergyintotheload#kwh,BUNDOORA,0.0,-0.04651113,0.0028213009,0.0027377128,0.0
2025-03-12 03:00:00,solar.bun_carm1#realenergyintotheload#kwh,BUNDOORA,0.0,-0.13930084,0.0028213009,0.0027377128,0.0
2025-03-12 04:00:00,solar.bun_carm1#realenergyintotheload#kwh,BUNDOORA,0.0,-0.17899407,0.0023817238,0.0023111594,0.0
2025-03-12 05:00:00,solar.bun_carm1#realenergyintotheload#kwh,BUNDOORA,0.0,-0.05328875,0.0023817238,0.0023111594,0.0
2025-03-12 06:00:00,solar.bun_carm1#realenergyintotheload#kwh,BUNDOORA,0.0,-0.15645693,0.0023817238,0.0023111594,0.0
2025-03-12 07:00:00,solar.bun_carm1#realenergyintotheload#kwh,BUNDOORA,0.0,1.2325004,0.0020055475,0.0019461282,0.0
2025-03-12 08:00:00,solar.bun_carm1#realenergyintotheload#kwh,BUNDOORA,1.25,7.3802657,3.6922994,3.5829058,50.0
2025-03-12 09:00:00,solar.bun_carm1#realenergyintotheload#kwh,BUNDOORA,13.0,14.12661,15.417247,14.960472,206.0
2025-03-12 10:00:00,solar.bun_carm1#realenergyintotheload#kwh,BUNDOORA,20.9375,17.82217,19.998306,19.405806,258.0
2025-03-12 11:00:00,solar.bun_carm1#realenergyintotheload#kwh,BUNDOORA,28.4375,35.626736,43.45103,42.163685,582.0
2025-03-12 12:00:00,solar.bun_carm1#realenergyintotheload#kwh,BUNDOORA,18.25,28.096395,31.042517,30.122805,401.0
2025-03-12 13:00:00,solar.bun_carm1#realenergyintotheload#kwh,BUNDOORA,41.3125,55.90392,58.31148,56.58386,824.0
2025-03-12 14:00:00,solar.bun_carm1#realenergyintotheload#kwh,BUNDOORA,56.25,56.864616,58.008762,56.290108,853.0
2025-03-12 15:00:00,solar.bun_carm1#realenergyintotheload#kwh,BUNDOORA,51.4375,40.866936,49.061657,47.60808,677.0
2025-03-12 16:00:00,solar.bun_carm1#realenergyintotheload#kwh,BUNDOORA,48.0,28.137299,28.368933,27.528433,384.0
2025-03-12 17:00:00,solar.bun_carm1#realenergyintotheload#kwh,BUNDOORA,22.5,30.995277,34.16954,33.15718,445.0
2025-03-12 18:00:00,solar.bun_carm1#realenergyintotheload#kwh,BUNDOORA,24.5625,35.243347,24.493992,23.768295,330.0
2025-03-12 19:00:00,solar.bun_carm1#realenergyintotheload#kwh,BUNDOORA,2.375,6.2437015,1.9998351,1.940585,30.0
2025-03-12 20:00:00,solar.bun_carm1#realenergyintotheload#kwh,BUNDOORA,0.0,2.34883,0.002310609,0.0022421514,1.0
2025-03-12 21:00:00,solar.bun_carm1#realenergyintotheload#kwh,BUNDOORA,0.0,0.63588905,0.0033908593,0.0032903966,0.0
2025-03-12 22:00:00,solar.bun_carm1#realenergyintotheload#kwh,BUNDOORA,0.0,0.099573605,0.00043059594,0.00041783846,0.0
2025-03-12 23:00:00,solar.bun_carm1#realenergyintotheload#kwh,BUNDOORA,0.0,0.036327623,0.0030593364,0.002968696,0.0
2025-03-13 00:00:00,solar.bun_carm1#realenergyintotheload#kwh,BUNDOORA,0.0,-0.042143255,0.0032766405,0.0031795618,0.0
2025-03-13 01:00:00,solar.bun_carm1#realenergyintotheload#kwh,BUNDOORA,0.0,-0.073375784,0.002196391,0.0021313175,0.0
2025-03-13 02:00:00,solar.bun_carm1#realenergyintotheload#kwh,BUNDOORA,0.0,-0.025843171,0.002196391,0.0021313175,0.0
2025-03-13 03:00:00,solar.bun_carm1#realenergyintotheload#kwh,BUNDOORA,0.0,-0.025843171,0.002196391,0.0021313175,0.0
2025-03-13 04:00:00,solar.bun_carm1#realenergyintotheload#kwh,BUNDOORA,0.0,0.04068798,0.002196391,0.0021313175,0.0
2025-03-13 05:00:00,solar.bun_carm1#realenergyintotheload#kwh,BUNDOORA,0.0,0.04068798,0.002559318,0.0024834918,0.0
2025-03-13 06:00:00,solar.bun_carm1#realenergyintotheload#kwh,BUNDOORA,0.0,-0.15154852,0.0020486263,0.0019879306,0.0
2025-03-13 07:00:00,solar.bun_carm1#realenergyintotheload#kwh,BUNDOORA,0.0,1.1190015,0.002196391,0.0021313175,0.0
2025-03-13 08:00:00,solar.bun_carm1#realenergyintotheload#kwh,BUNDOORA,0.0,3.2198408,2.3203464,2.2516003,34.0
2025-03-13 09:00:00,solar.bun_carm1#realenergyintotheload#kwh,BUNDOORA,1.375,6.424347,7.943135,7.7077994,106.0
2025-03-13 10:00:00,solar.bun_carm1#realenergyintotheload#kwh,BUNDOORA,4.8125,10.826318,12.161185,11.8008795,158.0
2025-03-13 11:00:00,solar.bun_carm1#realenergyintotheload#kwh,BUNDOORA,10.0,18.642052,13.242835,12.850483,173.0
2025-03-13 12:00:00,solar.bun_carm1#realenergyintotheload#kwh,BUNDOORA,14.625,19.70285,16.31389,15.83055,215.0
2025-03-13 13:00:00,solar.bun_carm1#realenergyintotheload#kwh,BUNDOORA,33.25,37.67232,39.973015,38.788715,530.0
2025-03-13 14:00:00,solar.bun_carm1#realenergyintotheload#kwh,BUNDOORA,56.0625,59.177395,61.040718,59.232235,859.0
2025-03-13 15:00:00,solar.bun_carm1#realenergyintotheload#kwh,BUNDOORA,57.1875,58.998093,57.384144,55.683994,813.0
2025-03-13 16:00:00,solar.bun_carm1#realenergyintotheload#kwh,BUNDOORA,51.4375,49.990032,50.752354,49.248688,704.0
2025-03-13 17:00:00,solar.bun_carm1#realenergyintotheload#kwh,BUNDOORA,39.375,40.037605,40.610714,39.40752,546.0
2025-03-13 18:00:00,solar.bun_carm1#realenergyintotheload#kwh,BUNDOORA,23.875,34.21201,26.499887,25.714762,359.0
2025-03-13 19:00:00,solar.bun_carm1#realenergyintotheload#kwh,BUNDOORA,8.0625,15.492925,10.680457,10.364022,152.0
2025-03-13 20:00:00,solar.bun_carm1#realenergyintotheload#kwh,BUNDOORA,0.5625,3.1858754,0.017069787,0.016564053,3.0
2025-03-13 21:00:00,solar.bun_carm1#realenergyintotheload#kwh,BUNDOORA,0.0,0.051974446,0.0023146872,0.0022461088,0.0
2025-03-13 22:00:00,solar.bun_carm1#realenergyintotheload#kwh,BUNDOORA,0.0,0.07865215,0.0023146872,0.0022461088,0.0
2025-03-13 23:00:00,solar.bun_carm1#realenergyintotheload#kwh,BUNDOORA,0.0,0.039829515,0.0024922814,0.0024184412,0.0
2025-03-14 00:00:00,solar.bun_carm1#realenergyintotheload#kwh,BUNDOORA,0.0,0.017235208,0.0023146872,0.0022461088,0.0
2025-03-14 01:00:00,solar.bun_carm1#realenergyintotheload#kwh,BUNDOORA,0.0,0.0044181887,0.0024922814,0.0024184412,0.0
2025-03-14 02:00:00,solar.bun_carm1#realenergyintotheload#kwh,BUNDOORA,0.0,0.0038927363,0.0023146872,0.0022461088,0.0
2025-03-14 03:00:00,solar.bun_carm1#realenergyintotheload#kwh,BUNDOORA,0.0,0.041116163,0.0024922814,0.0024184412,0.0
2025-03-14 04:00:00,solar.bun_carm1#realenergyintotheload#kwh,BUNDOORA,0.0,0.038644552,0.002559318,0.0024834918,0.0
2025-03-14 05:00:00,solar.bun_carm1#realenergyintotheload#kwh,BUNDOORA,0.0,-0.03344109,0.002196391,0.0021313175,0.0
2025-03-14 06:00:00,solar.bun_carm1#realenergyintotheload#kwh,BUNDOORA,0.0,-0.012101807,0.0023272082,0.0022582589,0.0
2025-03-14 07:00:00,solar.bun_carm1#realenergyintotheload#kwh,BUNDOORA,0.0,0.5272328,0.002196391,0.0021313175,0.0
2025-03-14 08:00:00,solar.bun_carm1#realenergyintotheload#kwh,BUNDOORA,1.375,0.20450266,2.0018501,1.9425403,30.0
2025-03-14 09:00:00,solar.bun_carm1#realenergyintotheload#kwh,BUNDOORA,5.125,2.527422,13.22886,12.836922,180.0
2025-03-14 10:00:00,solar.bun_carm1#realenergyintotheload#kwh,BUNDOORA,15.9375,15.00139,26.155464,25.380543,342.0
2025-03-14 11:00:00,solar.bun_carm1#realenergyintotheload#kwh,BUNDOORA,43.5625,49.25414,47.607796,46.197296,648.0
2025-03-14 12:00:00,solar.bun_carm1#realenergyintotheload#kwh,BUNDOORA,54.125,52.52341,55.678623,54.029003,786.0
2025-03-14 13:00:00,solar.bun_carm1#realenergyintotheload#kwh,BUNDOORA,58.5,59.51129,59.451954,57.69054,861.0
2025-03-14 14:00:00,solar.bun_carm1#realenergyintotheload#kwh,BUNDOORA,61.25,57.29962,59.996227,58.21869,871.0
2025-03-14 15:00:00,solar.bun_carm1#realenergyintotheload#kwh,BUNDOORA,56.6875,60.340473,57.81609,56.10314,817.0
2025-03-14 16:00:00,solar.bun_carm1#realenergyintotheload#kwh,BUNDOORA,49.0625,47.122448,49.855022,48.37794,702.0
2025-03-14 17:00:00,solar.bun_carm1#realenergyintotheload#kwh,BUNDOORA,35.5625,30.673302,37.996056,36.870327,509.0
2025-03-14 18:00:00,solar.bun_carm1#realenergyintotheload#kwh,BUNDOORA,23.125,20.408789,20.461327,19.855108,272.0
2025-03-14 19:00:00,solar.bun_carm1#realenergyintotheload#kwh,BUNDOORA,9.375,8.118321,8.913417,8.649335,122.0
2025-03-14 20:00:00,solar.bun_carm1#realenergyintotheload#kwh,BUNDOORA,0.9375,1.2343625,0.0014721833,0.0014285662,1.0
2025-03-14 21:00:00,solar.bun_carm1#realenergyintotheload#kwh,BUNDOORA,0.0,0.13877757,0.0030001395,0.002911253,0.0
2025-03-14 22:00:00,solar.bun_carm1#realenergyintotheload#kwh,BUNDOORA,0.0,-0.20315586,0.002149614,0.0020859262,0.0
2025-03-14 23:00:00,solar.bun_carm1#realenergyintotheload#kwh,BUNDOORA,0.0,-0.16660878,0.002149614,0.0020859262,0.0
2025-03-15 00:00:00,solar.bun_carm1#realenergyintotheload#kwh,BUNDOORA,0.0,-0.1795312,0.0023272082,0.0022582589,0.0
2025-03-15 01:00:00,solar.bun_carm1#realenergyintotheload#kwh,BUNDOORA,0.0,0.022137852,0.002018797,0.001958985,0.0
2025-03-15 02:00:00,solar.bun_carm1#realenergyintotheload#kwh,BUNDOORA,0.0,0.022137852,0.0023817238,0.0023111594,0.0
2025-03-15 03:00:00,solar.bun_carm1#realenergyintotheload#kwh,BUNDOORA,0.0,-0.09298771,0.002559318,0.0024834918,0.0
2025-03-15 04:00:00,solar.bun_carm1#realenergyintotheload#kwh,BUNDOORA,0.0,-0.09298771,0.002559318,0.0024834918,0.0
2025-03-15 05:00:00,solar.bun_carm1#realenergyintotheload#kwh,BUNDOORA,0.0,0.05171617,0.002559318,0.0024834918,0.0
2025-03-15 06:00:00,solar.bun_carm1#realenergyintotheload#kwh,BUNDOORA,0.0,0.05171617,0.002559318,0.0024834918,0.0
2025-03-15 07:00:00,solar.bun_carm1#realenergyintotheload#kwh,BUNDOORA,0.0,0.7876778,0.002559318,0.0024834918,0.0
2025-03-15 08:00:00,solar.bun_carm1#realenergyintotheload#kwh,BUNDOORA,0.8125,2.4994164,2.977043,2.8888407,41.0
2025-03-15 09:00:00,solar.bun_carm1#realenergyintotheload#kwh,BUNDOORA,11.875,23.005398,16.188812,15.709178,220.0
2025-03-15 10:00:00,solar.bun_carm1#realenergyintotheload#kwh,BUNDOORA,26.625,32.060673,27.646214,26.827126,364.0
2025-03-15 11:00:00,solar.bun_carm1#realenergyintotheload#kwh,BUNDOORA,30.3125,33.6567,38.24033,37.107365,502.0
2025-03-15 12:00:00,solar.bun_carm1#realenergyintotheload#kwh,BUNDOORA,45.875,41.248325,45.50071,44.152637,621.0
2025-03-15 13:00:00,solar.bun_carm1#realenergyintotheload#kwh,BUNDOORA,40.8125,40.785862,45.043358,43.708836,608.0
2025-03-15 14:00:00,solar.bun_carm1#realenergyintotheload#kwh,BUNDOORA,21.875,36.55632,24.960033,24.22053,326.0
2025-03-15 15:00:00,solar.bun_carm1#realenergyintotheload#kwh,BUNDOORA,38.0,44.491455,49.22178,47.763462,672.0
2025-03-15 16:00:00,solar.bun_carm1#realenergyintotheload#kwh,BUNDOORA,36.0625,33.677593,37.997314,36.871548,510.0
2025-03-15 17:00:00,solar.bun_carm1#realenergyintotheload#kwh,BUNDOORA,18.6875,17.085173,13.359413,12.963607,173.0
2025-03-15 18:00:00,solar.bun_carm1#realenergyintotheload#kwh,BUNDOORA,5.8125,8.64448,6.619075,6.4229684,89.0
2025-03-15 19:00:00,solar.bun_carm1#realenergyintotheload#kwh,BUNDOORA,3.5,11.04666,6.0151396,5.836926,80.0
2025-03-15 20:00:00,solar.bun_carm1#realenergyintotheload#kwh,BUNDOORA,0.4375,2.1475663,-0.0020656728,0.0,0.0
2025-03-15 21:00:00,solar.bun_carm1#realenergyintotheload#kwh,BUNDOORA,0.0,0.36304122,-0.0019589488,0.0,0.0
2025-03-15 22:00:00,solar.bun_carm1#realenergyintotheload#kwh,BUNDOORA,0.0,-0.20411138,-0.0019068306,0.0,0.0
2025-03-15 23:00:00,solar.bun_carm1#realenergyintotheload#kwh,BUNDOORA,0.0,-0.040240705,0.0054071588,0.005246958,0.0
2025-03-16 00:00:00,solar.bun_carm1#realenergyintotheload#kwh,BUNDOORA,0.0,-0.0077993562,-0.005717352,0.0,0.0
2025-03-16 01:00:00,solar.bun_carm1#realenergyintotheload#kwh,BUNDOORA,0.0,-0.35896683,-0.0012599493,0.0,0.0
2025-03-16 02:00:00,solar.bun_carm1#realenergyintotheload#kwh,BUNDOORA,0.0,-0.18197237,0.003115649,0.0030233401,0.0
2025-03-16 03:00:00,solar.bun_carm1#realenergyintotheload#kwh,BUNDOORA,0.0,-0.020216916,0.0030695028,0.002978561,0.0
2025-03-16 04:00:00,solar.bun_carm1#realenergyintotheload#kwh,BUNDOORA,0.0,0.0107872235,0.0030695028,0.002978561,0.0
2025-03-16 05:00:00,solar.bun_carm1#realenergyintotheload#kwh,BUNDOORA,0.0,0.15160953,0.0024173332,0.0023457136,0.0
2025-03-16 06:00:00,solar.bun_carm1#realenergyintotheload#kwh,BUNDOORA,0.0,-0.11166034,0.0019777564,0.0019191604,0.0
2025-03-16 07:00:00,solar.bun_carm1#realenergyintotheload#kwh,BUNDOORA,0.0,0.9042652,0.0024173332,0.0023457136,0.0
2025-03-16 08:00:00,solar.bun_carm1#realenergyintotheload#kwh,BUNDOORA,0.0,4.689834,0.5356784,0.5198076,11.0
2025-03-16 09:00:00,solar.bun_carm1#realenergyintotheload#kwh,BUNDOORA,0.125,6.933049,5.3635817,5.2046723,70.0
2025-03-16 10:00:00,solar.bun_carm1#realenergyintotheload#kwh,BUNDOORA,1.875,7.4779744,5.7234063,5.553836,77.0
2025-03-16 11:00:00,solar.bun_carm1#realenergyintotheload#kwh,BUNDOORA,4.0625,7.536602,6.850933,6.647957,92.0
2025-03-16 12:00:00,solar.bun_carm1#realenergyintotheload#kwh,BUNDOORA,4.1875,7.7747364,9.600472,9.316034,122.0
2025-03-16 13:00:00,solar.bun_carm1#realenergyintotheload#kwh,BUNDOORA,3.125,4.3267045,3.6718876,3.5630987,48.0
2025-03-16 14:00:00,solar.bun_carm1#realenergyintotheload#kwh,BUNDOORA,5.75,5.2135563,2.291763,2.2238638,32.0
2025-03-16 15:00:00,solar.bun_carm1#realenergyintotheload#kwh,BUNDOORA,4.4375,5.563855,2.3641922,2.2941473,31.0
2025-03-16 16:00:00,solar.bun_carm1#realenergyintotheload#kwh,BUNDOORA,3.5,6.8425145,1.6523179,1.6033639,26.0
2025-03-16 17:00:00,solar.bun_carm1#realenergyintotheload#kwh,BUNDOORA,4.6875,9.709313,7.176756,6.9641266,94.0
2025-03-16 18:00:00,solar.bun_carm1#realenergyintotheload#kwh,BUNDOORA,13.4375,5.889015,8.885206,8.62196,115.0
2025-03-16 19:00:00,solar.bun_carm1#realenergyintotheload#kwh,BUNDOORA,7.5625,4.3133125,6.002163,5.8243337,81.0
2025-03-16 20:00:00,solar.bun_carm1#realenergyintotheload#kwh,BUNDOORA,1.3125,2.0879424,0.0031676097,0.0030737612,0.0
2025-03-16 21:00:00,solar.bun_carm1#realenergyintotheload#kwh,BUNDOORA,0.0,0.042848893,0.0027020646,0.0026220093,0.0
2025-03-16 22:00:00,solar.bun_carm1#realenergyintotheload#kwh,BUNDOORA,0.0,0.0411188,0.0021958419,0.0021307846,0.0
2025-03-16 23:00:00,solar.bun_carm1#realenergyintotheload#kwh,BUNDOORA,0.0,-0.006255105,0.0027020646,0.0026220093,0.0
2025-03-17 00:00:00,solar.bun_carm1#realenergyintotheload#kwh,BUNDOORA,0.0,-0.016165897,0.0021958419,0.0021307846,0.0
2025-03-17 01:00:00,solar.bun_carm1#realenergyintotheload#kwh,BUNDOORA,0.0,-0.018109102,0.0018291601,0.0017749667,0.0
2025-03-17 02:00:00,solar.bun_carm1#realenergyintotheload#kwh,BUNDOORA,0.0,0.012910087,0.0016709461,0.0016214402,0.0
2025-03-17 03:00:00,solar.bun_carm1#realenergyintotheload#kwh,BUNDOORA,0.0,-0.0020175427,0.0016709461,0.0016214402,0.0
2025-03-17 04:00:00,solar.bun_carm1#realenergyintotheload#kwh,BUNDOORA,0.0,-0.00074672326,0.0016709461,0.0016214402,0.0
2025-03-17 05:00:00,solar.bun_carm1#realenergyintotheload#kwh,BUNDOORA,0.0,-0.00074672326,0.0016709461,0.0016214402,0.0
2025-03-17 06:00:00,solar.bun_carm1#realenergyintotheload#kwh,BUNDOORA,0.0,-0.00091534853,0.0016709461,0.0016214402,0.0
2025-03-17 07:00:00,solar.bun_carm1#realenergyintotheload#kwh,BUNDOORA,0.0,1.3651782,0.0016709461,0.0016214402,0.0
2025-03-17 08:00:00,solar.bun_carm1#realenergyintotheload#kwh,BUNDOORA,1.1875,5.45188,2.6759002,2.59662,36.0
2025-03-17 09:00:00,solar.bun_carm1#realenergyintotheload#kwh,BUNDOORA,8.9375,12.501588,10.536891,10.2247095,141.0
2025-03-17 10:00:00,solar.bun_carm1#realenergyintotheload#kwh,BUNDOORA,16.5,18.945595,21.860453,21.212782,278.0
2025-03-17 11:00:00,solar.bun_carm1#realenergyintotheload#kwh,BUNDOORA,26.6875,33.218655,33.477192,32.485348,432.0
2025-03-17 12:00:00,solar.bun_carm1#realenergyintotheload#kwh,BUNDOORA,35.3125,40.300343,40.99684,39.782207,536.0
2025-03-17 13:00:00,solar.bun_carm1#realenergyintotheload#kwh,BUNDOORA,51.1875,39.11965,40.271027,39.077896,531.0
2025-03-17 14:00:00,solar.bun_carm1#realenergyintotheload#kwh,BUNDOORA,54.3125,59.62409,57.484234,55.78112,813.0
2025-03-17 15:00:00,solar.bun_carm1#realenergyintotheload#kwh,BUNDOORA,56.6875,54.66495,55.085857,53.4538,764.0
2025-03-17 16:00:00,solar.bun_carm1#realenergyintotheload#kwh,BUNDOORA,58.0625,53.41354,50.422897,48.928993,695.0
2025-03-17 17:00:00,solar.bun_carm1#realenergyintotheload#kwh,BUNDOORA,42.75,40.965485,39.549072,38.37733,535.0
2025-03-17 18:00:00,solar.bun_carm1#realenergyintotheload#kwh,BUNDOORA,24.9375,31.31335,24.540897,23.813812,329.0
2025-03-17 19:00:00,solar.bun_carm1#realenergyintotheload#kwh,BUNDOORA,7.625,8.244151,9.055004,8.786727,127.0
2025-03-17 20:00:00,solar.bun_carm1#realenergyintotheload#kwh,BUNDOORA,0.375,1.027702,0.00066902995,0.00064920826,0.0
2025-03-17 21:00:00,solar.bun_carm1#realenergyintotheload#kwh,BUNDOORA,0.0,-0.26729238,0.0013791334,0.0013382732,0.0
2025-03-17 22:00:00,solar.bun_carm1#realenergyintotheload#kwh,BUNDOORA,0.0,-0.07181611,0.0033808346,0.003280669,0.0
2025-03-17 23:00:00,solar.bun_carm1#realenergyintotheload#kwh,BUNDOORA,0.0,-0.08674376,0.0025106422,0.0024362581,0.0
2025-03-18 00:00:00,solar.bun_carm1#realenergyintotheload#kwh,BUNDOORA,0.0,-0.09758833,0.0025106422,0.0024362581,0.0
2025-03-18 01:00:00,solar.bun_carm1#realenergyintotheload#kwh,BUNDOORA,0.0,0.019169552,0.0020450968,0.0019845057,0.0
2025-03-18 02:00:00,solar.bun_carm1#realenergyintotheload#kwh,BUNDOORA,0.0,0.018792914,0.0020450968,0.0019845057,0.0
2025-03-18 03:00:00,solar.bun_carm1#realenergyintotheload#kwh,BUNDOORA,0.0,0.015986353,0.0020450968,0.0019845057,0.0
2025-03-18 04:00:00,solar.bun_carm1#realenergyintotheload#kwh,BUNDOORA,0.0,0.020891251,0.0019780602,0.0019194552,0.0
2025-03-18 05:00:00,solar.bun_carm1#realenergyintotheload#kwh,BUNDOORA,0.0,-0.11989686,0.0013604376,0.0013201312,0.0
2025-03-18 06:00:00,solar.bun_carm1#realenergyintotheload#kwh,BUNDOORA,0.0,0.006374211,0.0013604376,0.0013201312,0.0
2025-03-18 07:00:00,solar.bun_carm1#realenergyintotheload#kwh,BUNDOORA,0.0,0.65447116,0.0013604376,0.0013201312,0.0
2025-03-18 08:00:00,solar.bun_carm1#realenergyintotheload#kwh,BUNDOORA,0.4375,1.2952794,3.6663332,3.557709,48.0
2025-03-18 09:00:00,solar.bun_carm1#realenergyintotheload#kwh,BUNDOORA,9.8125,12.758661,17.771997,17.245457,244.0
2025-03-18 10:00:00,solar.bun_carm1#realenergyintotheload#kwh,BUNDOORA,31.0,34.28824,33.98271,32.975887,452.0
2025-03-18 11:00:00,solar.bun_carm1#realenergyintotheload#kwh,BUNDOORA,45.125,45.283016,47.001553,45.609013,636.0
2025-03-18 12:00:00,solar.bun_carm1#realenergyintotheload#kwh,BUNDOORA,56.625,53.65132,56.525097,54.8504,773.0
2025-03-18 13:00:00,solar.bun_carm1#realenergyintotheload#kwh,BUNDOORA,62.0,61.525856,59.9744,58.19751,853.0
2025-03-18 14:00:00,solar.bun_carm1#realenergyintotheload#kwh,BUNDOORA,61.75,62.21706,59.884907,58.11067,867.0
2025-03-18 15:00:00,solar.bun_carm1#realenergyintotheload#kwh,BUNDOORA,59.3125,62.609734,57.573105,55.86736,816.0
2025-03-18 16:00:00,solar.bun_carm1#realenergyintotheload#kwh,BUNDOORA,53.5625,52.822575,50.637848,49.137573,704.0
2025-03-18 17:00:00,solar.bun_carm1#realenergyintotheload#kwh,BUNDOORA,40.5,42.49847,38.972958,37.818287,541.0
2025-03-18 18:00:00,solar.bun_carm1#realenergyintotheload#kwh,BUNDOORA,22.75,29.17292,25.17637,24.430458,341.0
2025-03-18 19:00:00,solar.bun_carm1#realenergyintotheload#kwh,BUNDOORA,6.375,12.820807,9.433057,9.153579,131.0
2025-03-18 20:00:00,solar.bun_carm1#realenergyintotheload#kwh,BUNDOORA,0.3125,1.0181963,-0.0003535776,0.0,0.0
2025-03-18 21:00:00,solar.bun_carm1#realenergyintotheload#kwh,BUNDOORA,0.0,0.60346144,0.0014324288,0.0013899895,0.0
2025-03-18 22:00:00,solar.bun_carm1#realenergyintotheload#kwh,BUNDOORA,0.0,0.13611414,0.00215684,0.0020929382,0.0
2025-03-18 23:00:00,solar.bun_carm1#realenergyintotheload#kwh,BUNDOORA,0.0,0.318958,0.0019923674,0.0019333386,0.0
2025-03-19 00:00:00,solar.bun_carm1#realenergyintotheload#kwh,BUNDOORA,0.0,0.22111689,0.0020594033,0.0019983884,0.0
2025-03-19 01:00:00,solar.bun_carm1#realenergyintotheload#kwh,BUNDOORA,0.0,0.084791325,0.0018730203,0.0018175275,0.0
2025-03-19 02:00:00,solar.bun_carm1#realenergyintotheload#kwh,BUNDOORA,0.0,0.06480946,0.0022359472,0.0021697017,0.0
2025-03-19 03:00:00,solar.bun_carm1#realenergyintotheload#kwh,BUNDOORA,0.0,-0.010667104,0.0020594033,0.0019983884,0.0
2025-03-19 04:00:00,solar.bun_carm1#realenergyintotheload#kwh,BUNDOORA,0.0,-0.03963392,0.0026075938,0.0025303373,0.0
2025-03-19 05:00:00,solar.bun_carm1#realenergyintotheload#kwh,BUNDOORA,0.0,0.0019868622,0.0026075938,0.0025303373,0.0
2025-03-19 06:00:00,solar.bun_carm1#realenergyintotheload#kwh,BUNDOORA,0.0,-0.03036299,0.0019780602,0.0019194552,0.0
2025-03-19 07:00:00,solar.bun_carm1#realenergyintotheload#kwh,BUNDOORA,0.0,0.36540464,0.0020450968,0.0019845057,0.0
2025-03-19 08:00:00,solar.bun_carm1#realenergyintotheload#kwh,BUNDOORA,0.5,2.3446686,3.4341443,3.3323991,45.0
2025-03-19 09:00:00,solar.bun_carm1#realenergyintotheload#kwh,BUNDOORA,9.5,6.130004,17.4468,16.929895,238.0
2025-03-19 10:00:00,solar.bun_carm1#realenergyintotheload#kwh,BUNDOORA,28.875,39.918503,32.636295,31.669363,443.0
2025-03-19 11:00:00,solar.bun_carm1#realenergyintotheload#kwh,BUNDOORA,45.0,46.374462,45.675365,44.322117,620.0
2025-03-19 12:00:00,solar.bun_carm1#realenergyintotheload#kwh,BUNDOORA,54.8125,50.821487,52.9752,51.405678,746.0
2025-03-19 13:00:00,solar.bun_carm1#realenergyintotheload#kwh,BUNDOORA,48.0,58.38181,57.443577,55.74167,819.0
2025-03-19 14:00:00,solar.bun_carm1#realenergyintotheload#kwh,BUNDOORA,54.125,49.379326,56.744053,55.06287,798.0
2025-03-19 15:00:00,solar.bun_carm1#realenergyintotheload#kwh,BUNDOORA,45.1875,50.66943,55.17592,53.541195,765.0
2025-03-19 16:00:00,solar.bun_carm1#realenergyintotheload#kwh,BUNDOORA,36.875,43.858253,48.140896,46.7146,667.0
2025-03-19 17:00:00,solar.bun_carm1#realenergyintotheload#kwh,BUNDOORA,31.9375,34.42627,37.015404,35.91873,519.0
2025-03-19 18:00:00,solar.bun_carm1#realenergyintotheload#kwh,BUNDOORA,20.5,28.51459,24.095009,23.381134,324.0
2025-03-19 19:00:00,solar.bun_carm1#realenergyintotheload#kwh,BUNDOORA,6.5625,10.116836,8.384689,8.136271,118.0
2025-03-19 20:00:00,solar.bun_carm1#realenergyintotheload#kwh,BUNDOORA,0.4375,0.573722,-0.014648658,0.0,0.0
2025-03-19 21:00:00,solar.bun_carm1#realenergyintotheload#kwh,BUNDOORA,0.0,-0.16046599,-0.0024939962,0.0,0.0
2025-03-19 22:00:00,solar.bun_carm1#realenergyintotheload#kwh,BUNDOORA,0.0,-0.042462975,0.0014721833,0.0014285662,0.0
2025-03-19 23:00:00,solar.bun_carm1#realenergyintotheload#kwh,BUNDOORA,0.0,-0.02448391,0.0014333236,0.0013908579,0.0
2025-03-20 00:00:00,solar.bun_carm1#realenergyintotheload#kwh,BUNDOORA,0.0,0.06337387,-0.00055238605,0.0,0.0
2025-03-20 01:00:00,solar.bun_carm1#realenergyintotheload#kwh,BUNDOORA,0.0,0.22235693,-0.00035268313,0.0,0.0
2025-03-20 02:00:00,solar.bun_carm1#realenergyintotheload#kwh,BUNDOORA,0.0,0.40665376,-0.0019513657,0.0,0.0
2025-03-20 03:00:00,solar.bun_carm1#realenergyintotheload#kwh,BUNDOORA,0.0,0.61605394,0.0002522532,0.00024477957,0.0
2025-03-20 04:00:00,solar.bun_carm1#realenergyintotheload#kwh,BUNDOORA,0.0,1.0527356,-0.005016601,0.0,0.0
2025-03-20 05:00:00,solar.bun_carm1#realenergyintotheload#kwh,BUNDOORA,0.0,1.0757104,-0.0058642128,0.0,0.0
2025-03-20 06:00:00,solar.bun_carm1#realenergyintotheload#kwh,BUNDOORA,0.0,0.6684068,-0.0010977301,0.0,0.0
2025-03-20 07:00:00,solar.bun_carm1#realenergyintotheload#kwh,BUNDOORA,0.0,0.7952252,-0.0013515686,0.0,0.0
2025-03-20 08:00:00,solar.bun_carm1#realenergyintotheload#kwh,BUNDOORA,0.5625,4.373584,1.6409874,1.5923691,26.0
2025-03-20 09:00:00,solar.bun_carm1#realenergyintotheload#kwh,BUNDOORA,4.375,10.265525,8.069237,7.8301654,107.0
2025-03-20 10:00:00,solar.bun_carm1#realenergyintotheload#kwh,BUNDOORA,5.875,12.4072895,13.59604,13.193223,174.0
2025-03-20 11:00:00,solar.bun_carm1#realenergyintotheload#kwh,BUNDOORA,10.5,10.918286,7.9271164,7.692256,105.0
2025-03-20 12:00:00,solar.bun_carm1#realenergyintotheload#kwh,BUNDOORA,39.6875,31.932829,32.732067,31.762299,428.0
2025-03-20 13:00:00,solar.bun_carm1#realenergyintotheload#kwh,BUNDOORA,29.4375,16.775341,12.506489,12.135953,162.0
2025-03-20 14:00:00,solar.bun_carm1#realenergyintotheload#kwh,BUNDOORA,7.0625,9.750398,3.9157043,3.7996917,50.0
2025-03-20 15:00:00,solar.bun_carm1#realenergyintotheload#kwh,BUNDOORA,7.75,11.417221,7.130746,6.91948,96.0
2025-03-20 16:00:00,solar.bun_carm1#realenergyintotheload#kwh,BUNDOORA,15.625,12.066524,10.882857,10.560426,140.0
2025-03-20 17:00:00,solar.bun_carm1#realenergyintotheload#kwh,BUNDOORA,4.6875,7.485743,5.407119,5.246919,69.0
2025-03-20 18:00:00,solar.bun_carm1#realenergyintotheload#kwh,BUNDOORA,3.3125,7.889551,1.6443846,1.5956656,26.0
2025-03-20 19:00:00,solar.bun_carm1#realenergyintotheload#kwh,BUNDOORA,0.6875,4.123698,0.78184813,0.7586839,15.0
2025-03-20 20:00:00,solar.bun_carm1#realenergyintotheload#kwh,BUNDOORA,0.0,1.9738414,0.0024173332,0.0023457136,0.0
2025-03-20 21:00:00,solar.bun_carm1#realenergyintotheload#kwh,BUNDOORA,0.0,-0.029222118,0.0019777564,0.0019191604,0.0
2025-03-20 22:00:00,solar.bun_carm1#realenergyintotheload#kwh,BUNDOORA,0.0,-0.043967724,0.0019777564,0.0019191604,0.0
2025-03-20 23:00:00,solar.bun_carm1#realenergyintotheload#kwh,BUNDOORA,0.0,-0.10603908,0.0019777564,0.0019191604,0.0
2025-03-21 00:00:00,solar.bun_carm1#realenergyintotheload#kwh,BUNDOORA,0.0,-0.11472203,0.0034074578,0.0033065034,0.0
2025-03-21 01:00:00,solar.bun_carm1#realenergyintotheload#kwh,BUNDOORA,0.0,-0.04676509,0.0034074578,0.0033065034,0.0
2025-03-21 02:00:00,solar.bun_carm1#realenergyintotheload#kwh,BUNDOORA,0.0,-0.045501605,0.0032766405,0.0031795618,0.0
2025-03-21 03:00:00,solar.bun_carm1#realenergyintotheload#kwh,BUNDOORA,0.0,-0.05700054,0.0032766405,0.0031795618,0.0
2025-03-21 04:00:00,solar.bun_carm1#realenergyintotheload#kwh,BUNDOORA,0.0,0.01690777,0.002559318,0.0024834918,0.0
2025-03-21 05:00:00,solar.bun_carm1#realenergyintotheload#kwh,BUNDOORA,0.0,0.014743171,0.002559318,0.0024834918,0.0
2025-03-21 06:00:00,solar.bun_carm1#realenergyintotheload#kwh,BUNDOORA,0.0,0.08935163,0.0032766405,0.0031795618,0.0
2025-03-21 07:00:00,solar.bun_carm1#realenergyintotheload#kwh,BUNDOORA,0.0,0.43730465,0.0032766405,0.0031795618,0.0
2025-03-21 08:00:00,solar.bun_carm1#realenergyintotheload#kwh,BUNDOORA,0.1875,4.0997324,0.6416912,0.6226795,13.0
2025-03-21 09:00:00,solar.bun_carm1#realenergyintotheload#kwh,BUNDOORA,4.0625,3.6787472,9.039151,8.771344,125.0
2025-03-21 10:00:00,solar.bun_carm1#realenergyintotheload#kwh,BUNDOORA,6.6875,8.965758,13.546704,13.1453495,172.0
2025-03-21 11:00:00,solar.bun_carm1#realenergyintotheload#kwh,BUNDOORA,15.3125,18.35865,16.368784,15.883818,206.0
2025-03-21 12:00:00,solar.bun_carm1#realenergyintotheload#kwh,BUNDOORA,19.6875,12.480723,11.7990675,11.449491,151.0
2025-03-21 13:00:00,solar.bun_carm1#realenergyintotheload#kwh,BUNDOORA,10.625,13.772965,11.264281,10.930549,146.0
2025-03-21 14:00:00,solar.bun_carm1#realenergyintotheload#kwh,BUNDOORA,19.6875,12.520229,7.2442913,7.029661,96.0
2025-03-21 15:00:00,solar.bun_carm1#realenergyintotheload#kwh,BUNDOORA,25.0,35.77347,25.833336,25.067959,324.0
2025-03-21 16:00:00,solar.bun_carm1#realenergyintotheload#kwh,BUNDOORA,33.25,34.234608,28.113108,27.280186,354.0
2025-03-21 17:00:00,solar.bun_carm1#realenergyintotheload#kwh,BUNDOORA,20.9375,21.142874,22.751604,22.077532,287.0
2025-03-21 18:00:00,solar.bun_carm1#realenergyintotheload#kwh,BUNDOORA,20.0,23.977674,19.774248,19.188387,262.0
2025-03-21 19:00:00,solar.bun_carm1#realenergyintotheload#kwh,BUNDOORA,4.3125,9.218751,3.4903877,3.3869762,48.0
2025-03-21 20:00:00,solar.bun_carm1#realenergyintotheload#kwh,BUNDOORA,0.1875,2.9264405,0.003564592,0.003458982,0.0
2025-03-21 21:00:00,solar.bun_carm1#realenergyintotheload#kwh,BUNDOORA,0.0,0.44678742,0.0022359472,0.0021697017,0.0
2025-03-21 22:00:00,solar.bun_carm1#realenergyintotheload#kwh,BUNDOORA,0.0,0.20555596,0.0020594033,0.0019983884,0.0
2025-03-21 23:00:00,solar.bun_carm1#realenergyintotheload#kwh,BUNDOORA,0.0,0.09569651,0.0020594033,0.0019983884,0.0
2025-03-22 00:00:00,solar.bun_carm1#realenergyintotheload#kwh,BUNDOORA,0.0,0.10758334,0.0026746297,0.0025953872,0.0
2025-03-22 01:00:00,solar.bun_carm1#realenergyintotheload#kwh,BUNDOORA,0.0,0.26317295,0.0026746297,0.0025953872,0.0
2025-03-22 02:00:00,solar.bun_carm1#realenergyintotheload#kwh,BUNDOORA,0.0,0.06927799,0.0023117028,0.002243213,0.0
2025-03-22 03:00:00,solar.bun_carm1#realenergyintotheload#kwh,BUNDOORA,0.0,0.017466255,0.0026746297,0.0025953872,0.0
2025-03-22 04:00:00,solar.bun_carm1#realenergyintotheload#kwh,BUNDOORA,0.0,-0.028056234,0.0019780602,0.0019194552,0.0
2025-03-22 05:00:00,solar.bun_carm1#realenergyintotheload#kwh,BUNDOORA,0.0,-0.0069096955,0.0019780602,0.0019194552,0.0
2025-03-22 06:00:00,solar.bun_carm1#realenergyintotheload#kwh,BUNDOORA,0.0,-0.008724122,0.0019780602,0.0019194552,0.0
2025-03-22 07:00:00,solar.bun_carm1#realenergyintotheload#kwh,BUNDOORA,0.0,0.47673723,0.0019780602,0.0019194552,0.0
2025-03-22 08:00:00,solar.bun_carm1#realenergyintotheload#kwh,BUNDOORA,0.4375,0.819895,2.741049,2.6598387,37.0
2025-03-22 09:00:00,solar.bun_carm1#realenergyintotheload#kwh,BUNDOORA,8.75,6.078709,16.26435,15.782478,224.0
2025-03-22 10:00:00,solar.bun_carm1#realenergyintotheload#kwh,BUNDOORA,28.875,19.8411,32.02788,31.078976,426.0
2025-03-22 11:00:00,solar.bun_carm1#realenergyintotheload#kwh,BUNDOORA,43.9375,44.319477,44.60046,43.27906,602.0
2025-03-22 12:00:00,solar.bun_carm1#realenergyintotheload#kwh,BUNDOORA,54.0625,51.068993,53.919056,52.321568,737.0
2025-03-22 13:00:00,solar.bun_carm1#realenergyintotheload#kwh,BUNDOORA,60.25,58.775215,58.755905,57.015114,815.0
2025-03-22 14:00:00,solar.bun_carm1#realenergyintotheload#kwh,BUNDOORA,62.3125,61.52494,59.55445,57.79,829.0
2025-03-22 15:00:00,solar.bun_carm1#realenergyintotheload#kwh,BUNDOORA,59.6875,51.9131,56.935017,55.248173,778.0
2025-03-22 16:00:00,solar.bun_carm1#realenergyintotheload#kwh,BUNDOORA,51.4375,47.823887,49.351757,47.889587,667.0
2025-03-22 17:00:00,solar.bun_carm1#realenergyintotheload#kwh,BUNDOORA,39.1875,36.884716,37.451687,36.342087,505.0
2025-03-22 18:00:00,solar.bun_carm1#realenergyintotheload#kwh,BUNDOORA,21.1875,24.56898,22.795889,22.120504,311.0
2025-03-22 19:00:00,solar.bun_carm1#realenergyintotheload#kwh,BUNDOORA,5.1875,8.583851,8.069732,7.8306456,109.0
2025-03-22 20:00:00,solar.bun_carm1#realenergyintotheload#kwh,BUNDOORA,0.1875,1.3846809,0.0013653922,0.0013249391,0.0
2025-03-22 21:00:00,solar.bun_carm1#realenergyintotheload#kwh,BUNDOORA,0.0,0.4044495,0.0032859514,0.0031885968,0.0
2025-03-22 22:00:00,solar.bun_carm1#realenergyintotheload#kwh,BUNDOORA,0.0,0.3880009,0.0026746297,0.0025953872,0.0
2025-03-22 23:00:00,solar.bun_carm1#realenergyintotheload#kwh,BUNDOORA,0.0,0.20555596,0.0020594033,0.0019983884,0.0
2025-03-23 00:00:00,solar.bun_carm1#realenergyintotheload#kwh,BUNDOORA,0.0,0.044716317,0.0019923674,0.0019333386,0.0
2025-03-23 01:00:00,solar.bun_carm1#realenergyintotheload#kwh,BUNDOORA,0.0,0.038979385,0.0026075938,0.0025303373,0.0
2025-03-23 02:00:00,solar.bun_carm1#realenergyintotheload#kwh,BUNDOORA,0.0,0.007561546,0.0026075938,0.0025303373,0.0
2025-03-23 03:00:00,solar.bun_carm1#realenergyintotheload#kwh,BUNDOORA,0.0,0.007561546,0.0026746297,0.0025953872,0.0
2025-03-23 04:00:00,solar.bun_carm1#realenergyintotheload#kwh,BUNDOORA,0.0,-0.014050521,0.0026075938,0.0025303373,0.0
2025-03-23 05:00:00,solar.bun_carm1#realenergyintotheload#kwh,BUNDOORA,0.0,-0.014050521,0.0026075938,0.0025303373,0.0
2025-03-23 06:00:00,solar.bun_carm1#realenergyintotheload#kwh,BUNDOORA,0.0,-0.031382985,0.0026075938,0.0025303373,0.0
2025-03-23 07:00:00,solar.bun_carm1#realenergyintotheload#kwh,BUNDOORA,0.0,0.008970789,0.0026075938,0.0025303373,0.0
2025-03-23 08:00:00,solar.bun_carm1#realenergyintotheload#kwh,BUNDOORA,0.375,1.6489068,2.7941334,2.7113502,35.0
2025-03-23 09:00:00,solar.bun_carm1#realenergyintotheload#kwh,BUNDOORA,8.5625,2.489918,16.241386,15.760195,221.0
2025-03-23 10:00:00,solar.bun_carm1#realenergyintotheload#kwh,BUNDOORA,28.6875,18.06214,31.7977,30.855614,421.0
2025-03-23 11:00:00,solar.bun_carm1#realenergyintotheload#kwh,BUNDOORA,43.625,46.095158,44.311424,42.99859,599.0
2025-03-23 12:00:00,solar.bun_carm1#realenergyintotheload#kwh,BUNDOORA,53.125,51.609104,52.534534,50.97807,731.0
2025-03-23 13:00:00,solar.bun_carm1#realenergyintotheload#kwh,BUNDOORA,58.125,58.777336,58.08772,56.366726,807.0
2025-03-23 14:00:00,solar.bun_carm1#realenergyintotheload#kwh,BUNDOORA,54.1875,57.327183,58.89782,57.152824,819.0
2025-03-23 15:00:00,solar.bun_carm1#realenergyintotheload#kwh,BUNDOORA,59.3125,49.63164,55.062225,53.43087,767.0
2025-03-23 16:00:00,solar.bun_carm1#realenergyintotheload#kwh,BUNDOORA,51.5625,45.298054,48.214523,46.78605,654.0
2025-03-23 17:00:00,solar.bun_carm1#realenergyintotheload#kwh,BUNDOORA,38.625,40.928856,36.448627,35.368744,492.0
2025-03-23 18:00:00,solar.bun_carm1#realenergyintotheload#kwh,BUNDOORA,17.875,20.409878,22.115837,21.4606,298.0
2025-03-23 19:00:00,solar.bun_carm1#realenergyintotheload#kwh,BUNDOORA,4.5,10.836765,6.9597044,6.7535057,94.0
2025-03-23 20:00:00,solar.bun_carm1#realenergyintotheload#kwh,BUNDOORA,0.125,2.0033572,0.003128876,0.0030361752,0.0
2025-03-23 21:00:00,solar.bun_carm1#realenergyintotheload#kwh,BUNDOORA,0.0,-0.039899148,0.003128876,0.0030361752,0.0
2025-03-23 22:00:00,solar.bun_carm1#realenergyintotheload#kwh,BUNDOORA,0.0,0.06419068,0.003128876,0.0030361752,0.0
2025-03-23 23:00:00,solar.bun_carm1#realenergyintotheload#kwh,BUNDOORA,0.0,0.112781905,0.002196391,0.0021313175,0.0
2025-03-24 00:00:00,solar.bun_carm1#realenergyintotheload#kwh,BUNDOORA,0.0,0.06524927,0.002196391,0.0021313175,0.0
2025-03-24 01:00:00,solar.bun_carm1#realenergyintotheload#kwh,BUNDOORA,0.0,0.043919675,0.0020486263,0.0019879306,0.0
2025-03-24 02:00:00,solar.bun_carm1#realenergyintotheload#kwh,BUNDOORA,0.0,0.043919675,0.0020486263,0.0019879306,0.0
2025-03-24 03:00:00,solar.bun_carm1#realenergyintotheload#kwh,BUNDOORA,0.0,0.042421877,0.0020486263,0.0019879306,0.0
2025-03-24 04:00:00,solar.bun_carm1#realenergyintotheload#kwh,BUNDOORA,0.0,0.042421877,0.0020486263,0.0019879306,0.0
2025-03-24 05:00:00,solar.bun_carm1#realenergyintotheload#kwh,BUNDOORA,0.0,-0.032158628,0.002559318,0.0024834918,0.0
2025-03-24 06:00:00,solar.bun_carm1#realenergyintotheload#kwh,BUNDOORA,0.0,-0.029994031,0.0024922814,0.0024184412,0.0
2025-03-24 07:00:00,solar.bun_carm1#realenergyintotheload#kwh,BUNDOORA,0.0,0.11269765,0.0020486263,0.0019879306,0.0
2025-03-24 08:00:00,solar.bun_carm1#realenergyintotheload#kwh,BUNDOORA,0.5625,2.2926557,1.4666883,1.423234,22.0
2025-03-24 09:00:00,solar.bun_carm1#realenergyintotheload#kwh,BUNDOORA,6.5625,10.471581,11.04263,10.715465,153.0
2025-03-24 10:00:00,solar.bun_carm1#realenergyintotheload#kwh,BUNDOORA,14.125,15.339799,21.864483,21.216692,280.0
2025-03-24 11:00:00,solar.bun_carm1#realenergyintotheload#kwh,BUNDOORA,21.875,19.659344,16.295424,15.812631,207.0
2025-03-24 12:00:00,solar.bun_carm1#realenergyintotheload#kwh,BUNDOORA,26.375,26.412313,22.945917,22.266087,291.0
2025-03-24 13:00:00,solar.bun_carm1#realenergyintotheload#kwh,BUNDOORA,30.25,38.43313,30.522007,29.617716,386.0
2025-03-24 14:00:00,solar.bun_carm1#realenergyintotheload#kwh,BUNDOORA,39.5,40.044384,31.199026,30.274677,400.0
2025-03-24 15:00:00,solar.bun_carm1#realenergyintotheload#kwh,BUNDOORA,46.375,41.093826,40.858105,39.647583,542.0
2025-03-24 16:00:00,solar.bun_carm1#realenergyintotheload#kwh,BUNDOORA,34.1875,34.33287,29.060724,28.199728,374.0
2025-03-24 17:00:00,solar.bun_carm1#realenergyintotheload#kwh,BUNDOORA,30.0,34.09931,36.027504,34.9601,486.0
2025-03-24 18:00:00,solar.bun_carm1#realenergyintotheload#kwh,BUNDOORA,20.75,19.15124,21.950336,21.300003,301.0
2025-03-24 19:00:00,solar.bun_carm1#realenergyintotheload#kwh,BUNDOORA,4.8125,11.7197,7.3521795,7.1343527,99.0
2025-03-24 20:00:00,solar.bun_carm1#realenergyintotheload#kwh,BUNDOORA,0.1875,2.8142996,0.0027751394,0.002692919,0.0
2025-03-24 21:00:00,solar.bun_carm1#realenergyintotheload#kwh,BUNDOORA,0.0,0.29591635,0.0023146872,0.0022461088,0.0
2025-03-24 22:00:00,solar.bun_carm1#realenergyintotheload#kwh,BUNDOORA,0.0,0.37663975,0.0022359472,0.0021697017,0.0
2025-03-24 23:00:00,solar.bun_carm1#realenergyintotheload#kwh,BUNDOORA,0.0,0.09172224,0.0021689106,0.0021046512,0.0
2025-03-25 00:00:00,solar.bun_carm1#realenergyintotheload#kwh,BUNDOORA,0.0,0.07746722,0.0021689106,0.0021046512,0.0
2025-03-25 01:00:00,solar.bun_carm1#realenergyintotheload#kwh,BUNDOORA,0.0,0.04712623,0.0021689106,0.0021046512,0.0
2025-03-25 02:00:00,solar.bun_carm1#realenergyintotheload#kwh,BUNDOORA,0.0,-0.04112586,0.0021689106,0.0021046512,0.0
2025-03-25 03:00:00,solar.bun_carm1#realenergyintotheload#kwh,BUNDOORA,0.0,-0.033464465,0.0021689106,0.0021046512,0.0
2025-03-25 04:00:00,solar.bun_carm1#realenergyintotheload#kwh,BUNDOORA,0.0,-0.019035632,0.0021689106,0.0021046512,0.0
2025-03-25 05:00:00,solar.bun_carm1#realenergyintotheload#kwh,BUNDOORA,0.0,-0.019035632,0.0021689106,0.0021046512,0.0
2025-03-25 06:00:00,solar.bun_carm1#realenergyintotheload#kwh,BUNDOORA,0.0,-0.019035632,0.0021689106,0.0021046512,0.0
2025-03-25 07:00:00,solar.bun_carm1#realenergyintotheload#kwh,BUNDOORA,0.0,0.14133243,0.0021689106,0.0021046512,0.0
2025-03-25 08:00:00,solar.bun_carm1#realenergyintotheload#kwh,BUNDOORA,0.375,3.1601663,1.3041055,1.2654681,21.0
2025-03-25 09:00:00,solar.bun_carm1#realenergyintotheload#kwh,BUNDOORA,4.125,0.90877664,8.474479,8.223401,111.0
2025-03-25 10:00:00,solar.bun_carm1#realenergyintotheload#kwh,BUNDOORA,10.0625,12.379719,17.950615,17.418783,225.0
2025-03-25 11:00:00,solar.bun_carm1#realenergyintotheload#kwh,BUNDOORA,22.875,34.818493,25.934715,25.166334,323.0
2025-03-25 12:00:00,solar.bun_carm1#realenergyintotheload#kwh,BUNDOORA,36.25,50.00291,51.173855,49.6577,707.0
2025-03-25 13:00:00,solar.bun_carm1#realenergyintotheload#kwh,BUNDOORA,47.9375,58.75939,57.43151,55.729958,803.0
2025-03-25 14:00:00,solar.bun_carm1#realenergyintotheload#kwh,BUNDOORA,51.0625,57.931652,57.01487,55.32566,816.0
2025-03-25 15:00:00,solar.bun_carm1#realenergyintotheload#kwh,BUNDOORA,48.3125,50.450607,54.127155,52.523502,763.0
2025-03-25 16:00:00,solar.bun_carm1#realenergyintotheload#kwh,BUNDOORA,48.9375,45.046234,48.2783,46.847935,650.0
2025-03-25 17:00:00,solar.bun_carm1#realenergyintotheload#kwh,BUNDOORA,36.4375,41.77696,36.016483,34.949406,487.0
2025-03-25 18:00:00,solar.bun_carm1#realenergyintotheload#kwh,BUNDOORA,18.5625,27.650768,21.436487,20.801378,291.0
2025-03-25 19:00:00,solar.bun_carm1#realenergyintotheload#kwh,BUNDOORA,4.5,10.626423,6.7318273,6.53238,91.0
2025-03-25 20:00:00,solar.bun_carm1#realenergyintotheload#kwh,BUNDOORA,0.125,2.9217765,0.0029578267,0.0028701937,0.0
2025-03-25 21:00:00,solar.bun_carm1#realenergyintotheload#kwh,BUNDOORA,0.0,0.11772483,0.0023146872,0.0022461088,0.0
2025-03-25 22:00:00,solar.bun_carm1#realenergyintotheload#kwh,BUNDOORA,0.0,0.067231156,0.0023146872,0.0022461088,0.0
2025-03-25 23:00:00,solar.bun_carm1#realenergyintotheload#kwh,BUNDOORA,0.0,0.11494651,0.002559318,0.0024834918,0.0
2025-03-26 00:00:00,solar.bun_carm1#realenergyintotheload#kwh,BUNDOORA,0.0,0.06524927,0.002559318,0.0024834918,0.0
2025-03-26 01:00:00,solar.bun_carm1#realenergyintotheload#kwh,BUNDOORA,0.0,0.06524927,0.0020486263,0.0019879306,0.0
2025-03-26 02:00:00,solar.bun_carm1#realenergyintotheload#kwh,BUNDOORA,0.0,0.06524927,0.0020486263,0.0019879306,0.0
2025-03-26 03:00:00,solar.bun_carm1#realenergyintotheload#kwh,BUNDOORA,0.0,0.06524927,0.002196391,0.0021313175,0.0
2025-03-26 04:00:00,solar.bun_carm1#realenergyintotheload#kwh,BUNDOORA,0.0,0.06524927,0.002196391,0.0021313175,0.0
2025-03-26 05:00:00,solar.bun_carm1#realenergyintotheload#kwh,BUNDOORA,0.0,0.06524927,0.002196391,0.0021313175,0.0
2025-03-26 06:00:00,solar.bun_carm1#realenergyintotheload#kwh,BUNDOORA,0.0,0.06524927,0.002196391,0.0021313175,0.0
2025-03-26 07:00:00,solar.bun_carm1#realenergyintotheload#kwh,BUNDOORA,0.0,0.24789253,0.002196391,0.0021313175,0.0
2025-03-26 08:00:00,solar.bun_carm1#realenergyintotheload#kwh,BUNDOORA,0.125,3.7241569,0.64183897,0.6228229,13.0
2025-03-26 09:00:00,solar.bun_carm1#realenergyintotheload#kwh,BUNDOORA,2.75,6.842667,7.7054143,7.4771223,103.0
2025-03-26 10:00:00,solar.bun_carm1#realenergyintotheload#kwh,BUNDOORA,10.25,12.57021,16.271112,15.78904,201.0
2025-03-26 11:00:00,solar.bun_carm1#realenergyintotheload#kwh,BUNDOORA,17.5625,19.86586,22.330261,21.66867,280.0
2025-03-26 12:00:00,solar.bun_carm1#realenergyintotheload#kwh,BUNDOORA,27.3125,33.406067,29.195713,28.330717,371.0
2025-03-26 13:00:00,solar.bun_carm1#realenergyintotheload#kwh,BUNDOORA,45.875,37.9096,39.391087,38.224026,518.0
2025-03-26 14:00:00,solar.bun_carm1#realenergyintotheload#kwh,BUNDOORA,40.6875,43.933487,47.519108,46.111237,635.0
2025-03-26 15:00:00,solar.bun_carm1#realenergyintotheload#kwh,BUNDOORA,39.0,46.332527,49.16854,47.7118,675.0
2025-03-26 16:00:00,solar.bun_carm1#realenergyintotheload#kwh,BUNDOORA,46.625,45.907402,46.889736,45.50051,636.0
2025-03-26 17:00:00,solar.bun_carm1#realenergyintotheload#kwh,BUNDOORA,36.125,38.39884,35.623104,34.56768,477.0
2025-03-26 18:00:00,solar.bun_carm1#realenergyintotheload#kwh,BUNDOORA,18.625,24.387308,20.924458,20.304518,284.0
2025-03-26 19:00:00,solar.bun_carm1#realenergyintotheload#kwh,BUNDOORA,3.75,10.959183,6.5387135,6.344988,86.0
2025-03-26 20:00:00,solar.bun_carm1#realenergyintotheload#kwh,BUNDOORA,0.0625,2.1524527,0.002554225,0.0024785497,0.0
2025-03-26 21:00:00,solar.bun_carm1#realenergyintotheload#kwh,BUNDOORA,0.0,-0.14371373,0.0024871884,0.0024134992,0.0
2025-03-26 22:00:00,solar.bun_carm1#realenergyintotheload#kwh,BUNDOORA,0.0,0.29946133,0.002554225,0.0024785497,0.0
2025-03-26 23:00:00,solar.bun_carm1#realenergyintotheload#kwh,BUNDOORA,0.0,0.12622179,0.0025196078,0.002444958,0.0
2025-03-27 00:00:00,solar.bun_carm1#realenergyintotheload#kwh,BUNDOORA,0.0,0.22289978,0.002559318,0.0024834918,0.0
2025-03-27 01:00:00,solar.bun_carm1#realenergyintotheload#kwh,BUNDOORA,0.0,0.11304034,0.0032766405,0.0031795618,0.0
2025-03-27 02:00:00,solar.bun_carm1#realenergyintotheload#kwh,BUNDOORA,0.0,0.118017964,0.002559318,0.0024834918,0.0
2025-03-27 03:00:00,solar.bun_carm1#realenergyintotheload#kwh,BUNDOORA,0.0,0.11304034,0.002559318,0.0024834918,0.0
2025-03-27 04:00:00,solar.bun_carm1#realenergyintotheload#kwh,BUNDOORA,0.0,0.09302601,0.0032766405,0.0031795618,0.0
2025-03-27 05:00:00,solar.bun_carm1#realenergyintotheload#kwh,BUNDOORA,0.0,0.08899744,0.0032766405,0.0031795618,0.0
2025-03-27 06:00:00,solar.bun_carm1#realenergyintotheload#kwh,BUNDOORA,0.0,0.09302601,0.0032766405,0.0031795618,0.0
2025-03-27 07:00:00,solar.bun_carm1#realenergyintotheload#kwh,BUNDOORA,0.0,0.20863327,0.0032766405,0.0031795618,0.0
2025-03-27 08:00:00,solar.bun_carm1#realenergyintotheload#kwh,BUNDOORA,0.25,3.8947868,1.4670513,1.4235862,22.0
2025-03-27 09:00:00,solar.bun_carm1#realenergyintotheload#kwh,BUNDOORA,5.875,9.165484,10.389837,10.082012,144.0
2025-03-27 10:00:00,solar.bun_carm1#realenergyintotheload#kwh,BUNDOORA,23.4375,14.856848,29.365768,28.495733,386.0
2025-03-27 11:00:00,solar.bun_carm1#realenergyintotheload#kwh,BUNDOORA,42.5625,42.962658,43.739845,42.443943,589.0
2025-03-27 12:00:00,solar.bun_carm1#realenergyintotheload#kwh,BUNDOORA,49.8125,52.587433,51.955654,50.416336,722.0
2025-03-27 13:00:00,solar.bun_carm1#realenergyintotheload#kwh,BUNDOORA,49.75,52.833485,57.73294,56.022457,795.0
2025-03-27 14:00:00,solar.bun_carm1#realenergyintotheload#kwh,BUNDOORA,50.625,53.84634,57.09043,55.398983,804.0
2025-03-27 15:00:00,solar.bun_carm1#realenergyintotheload#kwh,BUNDOORA,51.625,53.127026,54.162525,52.557823,750.0
2025-03-27 16:00:00,solar.bun_carm1#realenergyintotheload#kwh,BUNDOORA,48.625,43.02202,46.714615,45.330578,636.0
2025-03-27 17:00:00,solar.bun_carm1#realenergyintotheload#kwh,BUNDOORA,35.25,37.507553,35.082264,34.042866,473.0
2025-03-27 18:00:00,solar.bun_carm1#realenergyintotheload#kwh,BUNDOORA,17.5625,27.207767,20.442127,19.836477,277.0
2025-03-27 19:00:00,solar.bun_carm1#realenergyintotheload#kwh,BUNDOORA,3.75,7.925698,5.960793,5.7841897,79.0
2025-03-27 20:00:00,solar.bun_carm1#realenergyintotheload#kwh,BUNDOORA,0.0625,1.8014864,0.002933103,0.0028462023,0.0
2025-03-27 21:00:00,solar.bun_carm1#realenergyintotheload#kwh,BUNDOORA,0.0,0.18828276,0.0024922814,0.0024184412,0.0
2025-03-27 22:00:00,solar.bun_carm1#realenergyintotheload#kwh,BUNDOORA,0.0,0.2476901,0.0023146872,0.0022461088,0.0
2025-03-27 23:00:00,solar.bun_carm1#realenergyintotheload#kwh,BUNDOORA,0.0,0.06943827,0.0023146872,0.0022461088,0.0
2025-03-28 00:00:00,solar.bun_carm1#realenergyintotheload#kwh,BUNDOORA,0.0,-0.063276015,0.0023146872,0.0022461088,0.0
2025-03-28 01:00:00,solar.bun_carm1#realenergyintotheload#kwh,BUNDOORA,0.0,-0.060753196,0.0023146872,0.0022461088,0.0
2025-03-28 02:00:00,solar.bun_carm1#realenergyintotheload#kwh,BUNDOORA,0.0,-0.032788627,0.002559318,0.0024834918,0.0
2025-03-28 03:00:00,solar.bun_carm1#realenergyintotheload#kwh,BUNDOORA,0.0,-0.020901807,0.002196391,0.0021313175,0.0
2025-03-28 04:00:00,solar.bun_carm1#realenergyintotheload#kwh,BUNDOORA,0.0,-0.012378923,0.0024922814,0.0024184412,0.0
2025-03-28 05:00:00,solar.bun_carm1#realenergyintotheload#kwh,BUNDOORA,0.0,-0.054160353,0.0024922814,0.0024184412,0.0
2025-03-28 06:00:00,solar.bun_carm1#realenergyintotheload#kwh,BUNDOORA,0.0,-0.023923267,0.0024922814,0.0024184412,0.0
2025-03-28 07:00:00,solar.bun_carm1#realenergyintotheload#kwh,BUNDOORA,0.0,0.07441177,0.002559318,0.0024834918,0.0
2025-03-28 08:00:00,solar.bun_carm1#realenergyintotheload#kwh,BUNDOORA,0.5625,1.3411677,1.3047919,1.2661341,21.0
2025-03-28 09:00:00,solar.bun_carm1#realenergyintotheload#kwh,BUNDOORA,9.25,10.9665365,10.383674,10.076032,143.0
2025-03-28 10:00:00,solar.bun_carm1#realenergyintotheload#kwh,BUNDOORA,25.4375,20.455864,29.663683,28.784822,394.0
2025-03-28 11:00:00,solar.bun_carm1#realenergyintotheload#kwh,BUNDOORA,35.5,37.576355,40.9896,39.77518,552.0
2025-03-28 12:00:00,solar.bun_carm1#realenergyintotheload#kwh,BUNDOORA,34.6875,34.760426,41.050137,39.833923,551.0
2025-03-28 13:00:00,solar.bun_carm1#realenergyintotheload#kwh,BUNDOORA,40.6875,39.00668,46.317677,44.9454,632.0
2025-03-28 14:00:00,solar.bun_carm1#realenergyintotheload#kwh,BUNDOORA,45.125,46.409,52.14866,50.603622,723.0
2025-03-28 15:00:00,solar.bun_carm1#realenergyintotheload#kwh,BUNDOORA,45.6875,50.217293,51.509865,49.983757,731.0
2025-03-28 16:00:00,solar.bun_carm1#realenergyintotheload#kwh,BUNDOORA,30.125,30.444263,35.247856,34.20355,462.0
2025-03-28 17:00:00,solar.bun_carm1#realenergyintotheload#kwh,BUNDOORA,22.5625,20.57972,23.699343,22.99719,302.0
2025-03-28 18:00:00,solar.bun_carm1#realenergyintotheload#kwh,BUNDOORA,13.375,12.80832,10.389494,10.081679,137.0
2025-03-28 19:00:00,solar.bun_carm1#realenergyintotheload#kwh,BUNDOORA,4.125,4.13337,2.6475625,2.5691218,35.0
2025-03-28 20:00:00,solar.bun_carm1#realenergyintotheload#kwh,BUNDOORA,0.0625,0.008851969,-0.0030275986,0.0,0.0
2025-03-28 21:00:00,solar.bun_carm1#realenergyintotheload#kwh,BUNDOORA,0.0,-0.23605628,0.0011092557,0.0010763912,0.0
2025-03-28 22:00:00,solar.bun_carm1#realenergyintotheload#kwh,BUNDOORA,0.0,-0.14919151,0.0025966575,0.0025197251,0.0
2025-03-28 23:00:00,solar.bun_carm1#realenergyintotheload#kwh,BUNDOORA,0.0,-0.08450477,0.0030767897,0.002985632,0.0
2025-03-29 00:00:00,solar.bun_carm1#realenergyintotheload#kwh,BUNDOORA,0.0,-0.065993644,0.002336577,0.0022673502,0.0
2025-03-29 01:00:00,solar.bun_carm1#realenergyintotheload#kwh,BUNDOORA,0.0,0.2955401,0.002336577,0.0022673502,0.0
2025-03-29 02:00:00,solar.bun_carm1#realenergyintotheload#kwh,BUNDOORA,0.0,-0.1624948,0.0019777564,0.0019191604,0.0
2025-03-29 03:00:00,solar.bun_carm1#realenergyintotheload#kwh,BUNDOORA,0.0,-0.14302872,0.0019777564,0.0019191604,0.0
2025-03-29 04:00:00,solar.bun_carm1#realenergyintotheload#kwh,BUNDOORA,0.0,-0.11983518,0.0019777564,0.0019191604,0.0
2025-03-29 05:00:00,solar.bun_carm1#realenergyintotheload#kwh,BUNDOORA,0.0,-0.1320397,0.0030580056,0.0029674044,0.0
2025-03-29 06:00:00,solar.bun_carm1#realenergyintotheload#kwh,BUNDOORA,0.0,-0.09925769,0.0030580056,0.0029674044,0.0
2025-03-29 07:00:00,solar.bun_carm1#realenergyintotheload#kwh,BUNDOORA,0.0,0.03716743,0.0019777564,0.0019191604,0.0
2025-03-29 08:00:00,solar.bun_carm1#realenergyintotheload#kwh,BUNDOORA,0.0625,0.6616706,0.2612859,0.25354466,7.0
2025-03-29 09:00:00,solar.bun_carm1#realenergyintotheload#kwh,BUNDOORA,2.6875,4.5150084,6.1342444,5.9525023,82.0
2025-03-29 10:00:00,solar.bun_carm1#realenergyintotheload#kwh,BUNDOORA,4.75,10.454354,12.739356,12.36192,167.0
2025-03-29 11:00:00,solar.bun_carm1#realenergyintotheload#kwh,BUNDOORA,14.25,16.91533,10.017489,9.720696,131.0
2025-03-29 12:00:00,solar.bun_carm1#realenergyintotheload#kwh,BUNDOORA,9.6875,9.878777,7.9359193,7.700798,105.0
2025-03-29 13:00:00,solar.bun_carm1#realenergyintotheload#kwh,BUNDOORA,12.625,18.788063,13.277385,12.884009,172.0
2025-03-29 14:00:00,solar.bun_carm1#realenergyintotheload#kwh,BUNDOORA,38.0625,24.682076,21.909006,21.259897,285.0
2025-03-29 15:00:00,solar.bun_carm1#realenergyintotheload#kwh,BUNDOORA,20.875,21.188047,14.30348,13.8797035,188.0
2025-03-29 16:00:00,solar.bun_carm1#realenergyintotheload#kwh,BUNDOORA,8.6875,7.7317586,5.6921864,5.523541,76.0
2025-03-29 17:00:00,solar.bun_carm1#realenergyintotheload#kwh,BUNDOORA,15.125,16.71913,15.48782,15.0289545,195.0
2025-03-29 18:00:00,solar.bun_carm1#realenergyintotheload#kwh,BUNDOORA,13.25,6.871258,7.051671,6.8427477,94.0
2025-03-29 19:00:00,solar.bun_carm1#realenergyintotheload#kwh,BUNDOORA,3.625,3.818467,2.684718,2.6051764,36.0
2025-03-29 20:00:00,solar.bun_carm1#realenergyintotheload#kwh,BUNDOORA,0.0,1.8067499,0.0007664044,0.00074369775,0.0
2025-03-29 21:00:00,solar.bun_carm1#realenergyintotheload#kwh,BUNDOORA,0.0,0.10877571,0.00060819025,0.0005901711,0.0
2025-03-29 22:00:00,solar.bun_carm1#realenergyintotheload#kwh,BUNDOORA,0.0,-0.02089072,0.00023710668,0.0002300818,0.0
2025-03-29 23:00:00,solar.bun_carm1#realenergyintotheload#kwh,BUNDOORA,0.0,0.00081681856,0.00034383085,0.000333644,0.0
2025-03-30 00:00:00,solar.bun_carm1#realenergyintotheload#kwh,BUNDOORA,0.0,0.10631236,0.00060819025,0.0005901711,0.0
2025-03-30 01:00:00,solar.bun_carm1#realenergyintotheload#kwh,BUNDOORA,0.0,0.060219027,0.00023710668,0.0002300818,0.0
2025-03-30 02:00:00,solar.bun_carm1#realenergyintotheload#kwh,BUNDOORA,0.0,0.057836577,0.00034383085,0.000333644,0.0
2025-03-30 03:00:00,solar.bun_carm1#realenergyintotheload#kwh,BUNDOORA,0.0,0.05877977,0.00023710668,0.0002300818,0.0
2025-03-30 04:00:00,solar.bun_carm1#realenergyintotheload#kwh,BUNDOORA,0.0,0.11391745,0.0007664044,0.00074369775,0.0
2025-03-30 05:00:00,solar.bun_carm1#realenergyintotheload#kwh,BUNDOORA,0.0,0.1163808,0.0007664044,0.00074369775,0.0
2025-03-30 06:00:00,solar.bun_carm1#realenergyintotheload#kwh,BUNDOORA,0.0,0.15021351,0.0028027904,0.0027197506,0.0
2025-03-30 07:00:00,solar.bun_carm1#realenergyintotheload#kwh,BUNDOORA,0.0,0.2178207,0.0028027904,0.0027197506,0.0
2025-03-30 08:00:00,solar.bun_carm1#realenergyintotheload#kwh,BUNDOORA,0.25,1.995388,1.0738137,1.0419992,17.0
2025-03-30 09:00:00,solar.bun_carm1#realenergyintotheload#kwh,BUNDOORA,5.6875,13.005469,11.643928,11.298947,161.0
2025-03-30 10:00:00,solar.bun_carm1#realenergyintotheload#kwh,BUNDOORA,15.875,21.249222,25.43044,24.677,332.0
2025-03-30 11:00:00,solar.bun_carm1#realenergyintotheload#kwh,BUNDOORA,35.0625,31.696272,39.15337,37.993355,525.0
2025-03-30 12:00:00,solar.bun_carm1#realenergyintotheload#kwh,BUNDOORA,28.75,34.038174,35.028008,33.990215,457.0
2025-03-30 13:00:00,solar.bun_carm1#realenergyintotheload#kwh,BUNDOORA,26.5625,35.80328,28.432724,27.590334,360.0
2025-03-30 14:00:00,solar.bun_carm1#realenergyintotheload#kwh,BUNDOORA,31.3125,35.288982,35.3573,34.30975,457.0
2025-03-30 15:00:00,solar.bun_carm1#realenergyintotheload#kwh,BUNDOORA,27.4375,24.4202,20.854986,20.237104,269.0
2025-03-30 16:00:00,solar.bun_carm1#realenergyintotheload#kwh,BUNDOORA,30.375,32.039528,30.619877,29.712687,398.0
2025-03-30 17:00:00,solar.bun_carm1#realenergyintotheload#kwh,BUNDOORA,21.8125,18.334145,20.713898,20.100197,264.0
2025-03-30 18:00:00,solar.bun_carm1#realenergyintotheload#kwh,BUNDOORA,10.25,17.962706,11.947902,11.593915,164.0
2025-03-30 19:00:00,solar.bun_carm1#realenergyintotheload#kwh,BUNDOORA,3.3125,6.0785646,3.2996063,3.2018473,46.0
2025-03-30 20:00:00,solar.bun_carm1#realenergyintotheload#kwh,BUNDOORA,0.0,1.8514751,0.006816552,0.0066145947,0.0
2025-03-30 21:00:00,solar.bun_carm1#realenergyintotheload#kwh,BUNDOORA,0.0,0.4190976,0.008545607,0.008292423,0.0
2025-03-30 22:00:00,solar.bun_carm1#realenergyintotheload#kwh,BUNDOORA,0.0,0.5276507,0.008545607,0.008292423,0.0
2025-03-30 23:00:00,solar.bun_carm1#realenergyintotheload#kwh,BUNDOORA,0.0,0.5276507,0.008545607,0.008292423,0.0
2025-03-31 00:00:00,solar.bun_carm1#realenergyintotheload#kwh,BUNDOORA,0.0,0.6517205,0.003004315,0.0029153046,0.0
2025-03-31 01:00:00,solar.bun_carm1#realenergyintotheload#kwh,BUNDOORA,0.0,1.5143898,0.003004315,0.0029153046,0.0
2025-03-31 02:00:00,solar.bun_carm1#realenergyintotheload#kwh,BUNDOORA,0.0,0.88363016,0.0028277712,0.0027439916,0.0
2025-03-31 03:00:00,solar.bun_carm1#realenergyintotheload#kwh,BUNDOORA,0.0,1.1099828,0.0028277712,0.0027439916,0.0
2025-03-31 04:00:00,solar.bun_carm1#realenergyintotheload#kwh,BUNDOORA,0.0,0.9442658,0.0034429976,0.00334099,0.0
2025-03-31 05:00:00,solar.bun_carm1#realenergyintotheload#kwh,BUNDOORA,0.0,0.8691061,0.0030763159,0.0029851722,0.0
2025-03-31 06:00:00,solar.bun_carm1#realenergyintotheload#kwh,BUNDOORA,0.0,0.91787666,0.0023028755,0.002234647,0.0
2025-03-31 07:00:00,solar.bun_carm1#realenergyintotheload#kwh,BUNDOORA,0.0,1.0308887,0.0029181018,0.0028316458,0.0
2025-03-31 08:00:00,solar.bun_carm1#realenergyintotheload#kwh,BUNDOORA,0.5625,3.7096393,0.8821917,0.8560546,16.0
2025-03-31 09:00:00,solar.bun_carm1#realenergyintotheload#kwh,BUNDOORA,8.5625,13.37382,13.727133,13.320432,188.0
2025-03-31 10:00:00,solar.bun_carm1#realenergyintotheload#kwh,BUNDOORA,27.0625,22.708023,29.811417,28.928179,390.0
2025-03-31 11:00:00,solar.bun_carm1#realenergyintotheload#kwh,BUNDOORA,41.9375,36.024803,42.470284,41.211994,569.0
2025-03-31 12:00:00,solar.bun_carm1#realenergyintotheload#kwh,BUNDOORA,52.0625,42.977913,47.92037,46.500607,649.0
2025-03-31 13:00:00,solar.bun_carm1#realenergyintotheload#kwh,BUNDOORA,46.625,37.688934,41.445827,40.21789,548.0
2025-03-31 14:00:00,solar.bun_carm1#realenergyintotheload#kwh,BUNDOORA,45.0,34.666073,36.543934,35.461227,471.0
2025-03-31 15:00:00,solar.bun_carm1#realenergyintotheload#kwh,BUNDOORA,40.8125,38.313583,42.224686,40.973675,557.0
2025-03-31 16:00:00,solar.bun_carm1#realenergyintotheload#kwh,BUNDOORA,34.9375,32.945145,29.119265,28.256533,371.0
2025-03-31 17:00:00,solar.bun_carm1#realenergyintotheload#kwh,BUNDOORA,30.5625,20.776175,28.375845,27.53514,375.0
2025-03-31 18:00:00,solar.bun_carm1#realenergyintotheload#kwh,BUNDOORA,19.6875,13.85565,15.256193,14.804191,201.0
2025-03-31 19:00:00,solar.bun_carm1#realenergyintotheload#kwh,BUNDOORA,3.25,1.2745034,2.120374,2.0575526,32.0
2025-03-31 20:00:00,solar.bun_carm1#realenergyintotheload#kwh,BUNDOORA,0.0,-0.22438487,-0.0016737451,0.0,0.0
2025-03-31 21:00:00,solar.bun_carm1#realenergyintotheload#kwh,BUNDOORA,0.0,-0.14654596,0.0029069849,0.0028208583,0.0
2025-03-31 22:00:00,solar.bun_carm1#realenergyintotheload#kwh,BUNDOORA,0.0,0.3760035,0.0029181018,0.0028316458,0.0
2025-03-31 23:00:00,solar.bun_carm1#realenergyintotheload#kwh,BUNDOORA,0.0,0.87044746,0.002851066,0.002766596,0.0
2025-04-01 00:00:00,solar.bun_carm1#realenergyintotheload#kwh,BUNDOORA,0.0,0.14358526,0.0022358396,0.0021695972,0.0
2025-04-01 01:00:00,solar.bun_carm1#realenergyintotheload#kwh,BUNDOORA,0.0,0.16229713,0.0020543104,0.0019934464,0.0
2025-04-01 02:00:00,solar.bun_carm1#realenergyintotheload#kwh,BUNDOORA,0.0,-0.00078256894,0.0021638176,0.0020997091,0.0
2025-04-01 03:00:00,solar.bun_carm1#realenergyintotheload#kwh,BUNDOORA,0.0,-0.044478588,0.0021638176,0.0020997091,0.0
2025-04-01 04:00:00,solar.bun_carm1#realenergyintotheload#kwh,BUNDOORA,0.0,0.068725646,0.002196237,0.002131168,0.0
2025-04-01 05:00:00,solar.bun_carm1#realenergyintotheload#kwh,BUNDOORA,0.0,-0.052010186,0.0021292004,0.0020661175,0.0
2025-04-01 06:00:00,solar.bun_carm1#realenergyintotheload#kwh,BUNDOORA,0.0,-0.12009425,0.0021292004,0.0020661175,0.0
2025-04-01 07:00:00,solar.bun_carm1#realenergyintotheload#kwh,BUNDOORA,0.0,-0.0068594627,0.0021292004,0.0020661175,0.0
2025-04-01 08:00:00,solar.bun_carm1#realenergyintotheload#kwh,BUNDOORA,0.1875,1.1069835,1.1071931,1.0743897,18.0
2025-04-01 09:00:00,solar.bun_carm1#realenergyintotheload#kwh,BUNDOORA,6.375,10.430066,14.076206,13.659163,195.0
2025-04-01 10:00:00,solar.bun_carm1#realenergyintotheload#kwh,BUNDOORA,26.125,17.619495,29.441332,28.56906,395.0
2025-04-01 11:00:00,solar.bun_carm1#realenergyintotheload#kwh,BUNDOORA,41.875,41.580853,42.308174,41.054688,572.0
2025-04-01 12:00:00,solar.bun_carm1#realenergyintotheload#kwh,BUNDOORA,49.875,47.292,51.41164,49.888443,704.0
2025-04-01 13:00:00,solar.bun_carm1#realenergyintotheload#kwh,BUNDOORA,49.5,54.399628,56.218433,54.552822,777.0
2025-04-01 14:00:00,solar.bun_carm1#realenergyintotheload#kwh,BUNDOORA,50.6875,56.4886,56.01457,54.354996,786.0
2025-04-01 15:00:00,solar.bun_carm1#realenergyintotheload#kwh,BUNDOORA,52.9375,52.199425,51.797047,50.26243,730.0
2025-04-01 16:00:00,solar.bun_carm1#realenergyintotheload#kwh,BUNDOORA,48.5625,33.781734,35.536526,34.483665,463.0
2025-04-01 17:00:00,solar.bun_carm1#realenergyintotheload#kwh,BUNDOORA,15.3125,22.968267,20.558874,19.949766,267.0
2025-04-01 18:00:00,solar.bun_carm1#realenergyintotheload#kwh,BUNDOORA,7.5625,14.1626005,15.885741,15.415087,214.0
2025-04-01 19:00:00,solar.bun_carm1#realenergyintotheload#kwh,BUNDOORA,2.0625,6.2145886,4.429835,4.2985897,59.0
2025-04-01 20:00:00,solar.bun_carm1#realenergyintotheload#kwh,BUNDOORA,0.0,0.84363145,-0.006012268,0.0,0.0
2025-04-01 21:00:00,solar.bun_carm1#realenergyintotheload#kwh,BUNDOORA,0.0,0.4184487,0.0035409182,0.0034360096,0.0
2025-04-01 22:00:00,solar.bun_carm1#realenergyintotheload#kwh,BUNDOORA,0.0,0.5453051,0.0020594033,0.0019983884,0.0
2025-04-01 23:00:00,solar.bun_carm1#realenergyintotheload#kwh,BUNDOORA,0.0,0.26871133,0.0019923674,0.0019333386,0.0
2025-04-02 00:00:00,solar.bun_carm1#realenergyintotheload#kwh,BUNDOORA,0.0,0.09569651,0.0020594033,0.0019983884,0.0
2025-04-02 01:00:00,solar.bun_carm1#realenergyintotheload#kwh,BUNDOORA,0.0,0.13956296,0.0026746297,0.0025953872,0.0
2025-04-02 02:00:00,solar.bun_carm1#realenergyintotheload#kwh,BUNDOORA,0.0,0.081236824,0.0026075938,0.0025303373,0.0
2025-04-02 03:00:00,solar.bun_carm1#realenergyintotheload#kwh,BUNDOORA,0.0,0.0045067873,0.0026075938,0.0025303373,0.0
2025-04-02 04:00:00,solar.bun_carm1#realenergyintotheload#kwh,BUNDOORA,0.0,-0.016357277,0.0026075938,0.0025303373,0.0
2025-04-02 05:00:00,solar.bun_carm1#realenergyintotheload#kwh,BUNDOORA,0.0,-0.03036299,0.0019780602,0.0019194552,0.0
2025-04-02 06:00:00,solar.bun_carm1#realenergyintotheload#kwh,BUNDOORA,0.0,-0.007895322,0.0019780602,0.0019194552,0.0
2025-04-02 07:00:00,solar.bun_carm1#realenergyintotheload#kwh,BUNDOORA,0.0,-0.019912975,0.0019780602,0.0019194552,0.0
2025-04-02 08:00:00,solar.bun_carm1#realenergyintotheload#kwh,BUNDOORA,0.1875,0.098331496,0.8856694,0.85942924,16.0
2025-04-02 09:00:00,solar.bun_carm1#realenergyintotheload#kwh,BUNDOORA,6.1875,2.810321,13.651917,13.247445,188.0
2025-04-02 10:00:00,solar.bun_carm1#realenergyintotheload#kwh,BUNDOORA,24.75,11.183967,28.967623,28.109385,386.0
2025-04-02 11:00:00,solar.bun_carm1#realenergyintotheload#kwh,BUNDOORA,39.0,43.00561,42.658737,41.394867,565.0
2025-04-02 12:00:00,solar.bun_carm1#realenergyintotheload#kwh,BUNDOORA,47.0625,53.11927,50.325768,48.83474,695.0
2025-04-02 13:00:00,solar.bun_carm1#realenergyintotheload#kwh,BUNDOORA,50.875,57.236565,55.069565,53.437992,766.0
2025-04-02 14:00:00,solar.bun_carm1#realenergyintotheload#kwh,BUNDOORA,51.4375,55.09421,56.11134,54.448902,774.0
2025-04-02 15:00:00,solar.bun_carm1#realenergyintotheload#kwh,BUNDOORA,48.625,52.32719,51.246456,49.728153,715.0
2025-04-02 16:00:00,solar.bun_carm1#realenergyintotheload#kwh,BUNDOORA,43.25,46.038185,44.322742,43.00957,600.0
2025-04-02 17:00:00,solar.bun_carm1#realenergyintotheload#kwh,BUNDOORA,31.0625,27.63761,32.347744,31.38936,438.0
2025-04-02 18:00:00,solar.bun_carm1#realenergyintotheload#kwh,BUNDOORA,12.6875,17.017956,16.29479,15.8120165,217.0
2025-04-02 19:00:00,solar.bun_carm1#realenergyintotheload#kwh,BUNDOORA,3.0625,2.8316457,2.9398968,2.8527951,40.0
2025-04-02 20:00:00,solar.bun_carm1#realenergyintotheload#kwh,BUNDOORA,0.0,1.0742424,0.0014324288,0.0013899895,0.0
2025-04-02 21:00:00,solar.bun_carm1#realenergyintotheload#kwh,BUNDOORA,0.0,-0.02097945,0.0026635127,0.0025845994,0.0
2025-04-02 22:00:00,solar.bun_carm1#realenergyintotheload#kwh,BUNDOORA,0.0,0.29311198,0.0023117028,0.002243213,0.0
2025-04-02 23:00:00,solar.bun_carm1#realenergyintotheload#kwh,BUNDOORA,0.0,0.4086853,0.0023117028,0.002243213,0.0
2025-04-03 00:00:00,solar.bun_carm1#realenergyintotheload#kwh,BUNDOORA,0.0,0.21987545,0.0026746297,0.0025953872,0.0
2025-04-03 01:00:00,solar.bun_carm1#realenergyintotheload#kwh,BUNDOORA,0.0,0.22323671,0.0023117028,0.002243213,0.0
2025-04-03 02:00:00,solar.bun_carm1#realenergyintotheload#kwh,BUNDOORA,0.0,0.20910391,0.0026746297,0.0025953872,0.0
2025-04-03 03:00:00,solar.bun_carm1#realenergyintotheload#kwh,BUNDOORA,0.0,0.09396933,0.0026746297,0.0025953872,0.0
2025-04-03 04:00:00,solar.bun_carm1#realenergyintotheload#kwh,BUNDOORA,0.0,0.25789785,0.0026746297,0.0025953872,0.0
2025-04-03 05:00:00,solar.bun_carm1#realenergyintotheload#kwh,BUNDOORA,0.0,0.053955887,0.0026075938,0.0025303373,0.0
2025-04-03 06:00:00,solar.bun_carm1#realenergyintotheload#kwh,BUNDOORA,0.0,-0.0016795422,0.0019780602,0.0019194552,0.0
2025-04-03 07:00:00,solar.bun_carm1#realenergyintotheload#kwh,BUNDOORA,0.0,0.007576218,0.002163938,0.002099826,0.0
2025-04-03 08:00:00,solar.bun_carm1#realenergyintotheload#kwh,BUNDOORA,0.1875,1.3254677,0.44815084,0.43487325,9.0
2025-04-03 09:00:00,solar.bun_carm1#realenergyintotheload#kwh,BUNDOORA,3.75,1.8482984,7.0510426,6.842138,94.0
2025-04-03 10:00:00,solar.bun_carm1#realenergyintotheload#kwh,BUNDOORA,9.25,11.680912,16.591179,16.099625,207.0
2025-04-03 11:00:00,solar.bun_carm1#realenergyintotheload#kwh,BUNDOORA,20.8125,34.75409,31.816748,30.874098,403.0
2025-04-03 12:00:00,solar.bun_carm1#realenergyintotheload#kwh,BUNDOORA,35.625,47.32447,48.24968,46.820164,651.0
2025-04-03 13:00:00,solar.bun_carm1#realenergyintotheload#kwh,BUNDOORA,41.0,44.47965,49.426884,47.96249,677.0
2025-04-03 14:00:00,solar.bun_carm1#realenergyintotheload#kwh,BUNDOORA,41.5,53.272488,54.945057,53.317173,750.0
2025-04-03 15:00:00,solar.bun_carm1#realenergyintotheload#kwh,BUNDOORA,47.5,50.45386,51.18009,49.663754,706.0
2025-04-03 16:00:00,solar.bun_carm1#realenergyintotheload#kwh,BUNDOORA,45.875,35.511868,38.443054,37.30408,502.0
2025-04-03 17:00:00,solar.bun_carm1#realenergyintotheload#kwh,BUNDOORA,30.625,25.91648,27.486052,26.67171,363.0
2025-04-03 18:00:00,solar.bun_carm1#realenergyintotheload#kwh,BUNDOORA,8.25,13.555434,7.754197,7.52446,102.0
2025-04-03 19:00:00,solar.bun_carm1#realenergyintotheload#kwh,BUNDOORA,3.0625,5.582814,1.4768142,1.4330598,23.0
2025-04-03 20:00:00,solar.bun_carm1#realenergyintotheload#kwh,BUNDOORA,0.0,2.0493078,0.0028027904,0.0027197506,0.0
2025-04-03 21:00:00,solar.bun_carm1#realenergyintotheload#kwh,BUNDOORA,0.0,0.16271992,0.0028027904,0.0027197506,0.0
2025-04-03 22:00:00,solar.bun_carm1#realenergyintotheload#kwh,BUNDOORA,0.0,0.1257163,0.0028027904,0.0027197506,0.0
2025-04-03 23:00:00,solar.bun_carm1#realenergyintotheload#kwh,BUNDOORA,0.0,0.13451202,0.0024794193,0.0024059603,0.0
2025-04-04 00:00:00,solar.bun_carm1#realenergyintotheload#kwh,BUNDOORA,0.0,0.15953094,0.0024794193,0.0024059603,0.0
2025-04-04 01:00:00,solar.bun_carm1#realenergyintotheload#kwh,BUNDOORA,0.0,0.10308138,0.0022308542,0.0021647597,0.0
2025-04-04 02:00:00,solar.bun_carm1#realenergyintotheload#kwh,BUNDOORA,0.0,0.13851094,0.0020594033,0.0019983884,0.0
2025-04-04 03:00:00,solar.bun_carm1#realenergyintotheload#kwh,BUNDOORA,0.0,0.11802203,0.0026075938,0.0025303373,0.0
2025-04-04 04:00:00,solar.bun_carm1#realenergyintotheload#kwh,BUNDOORA,0.0,0.024687773,0.0019780602,0.0019194552,0.0
2025-04-04 05:00:00,solar.bun_carm1#realenergyintotheload#kwh,BUNDOORA,0.0,0.022328885,0.0020450968,0.0019845057,0.0
2025-04-04 06:00:00,solar.bun_carm1#realenergyintotheload#kwh,BUNDOORA,0.0,0.03280227,0.0021447968,0.0020812517,0.0
2025-04-04 07:00:00,solar.bun_carm1#realenergyintotheload#kwh,BUNDOORA,0.0,0.19980328,0.0015300922,0.0014847594,0.0
2025-04-04 08:00:00,solar.bun_carm1#realenergyintotheload#kwh,BUNDOORA,0.0,1.9869819,0.4364356,0.42350513,10.0
2025-04-04 09:00:00,solar.bun_carm1#realenergyintotheload#kwh,BUNDOORA,2.125,14.87232,6.3146334,6.127547,84.0
2025-04-04 10:00:00,solar.bun_carm1#realenergyintotheload#kwh,BUNDOORA,9.25,16.302498,15.848821,15.37926,199.0
2025-04-04 11:00:00,solar.bun_carm1#realenergyintotheload#kwh,BUNDOORA,20.0,24.68714,20.785553,20.16973,254.0
2025-04-04 12:00:00,solar.bun_carm1#realenergyintotheload#kwh,BUNDOORA,21.1875,25.151056,20.191498,19.593275,252.0
2025-04-04 13:00:00,solar.bun_carm1#realenergyintotheload#kwh,BUNDOORA,13.9375,19.284424,12.295538,11.931252,158.0
2025-04-04 14:00:00,solar.bun_carm1#realenergyintotheload#kwh,BUNDOORA,26.125,21.28031,23.366743,22.674444,297.0
2025-04-04 15:00:00,solar.bun_carm1#realenergyintotheload#kwh,BUNDOORA,28.375,32.58659,28.677101,27.82747,363.0
2025-04-04 16:00:00,solar.bun_carm1#realenergyintotheload#kwh,BUNDOORA,21.625,30.817808,24.883953,24.146704,310.0
2025-04-04 17:00:00,solar.bun_carm1#realenergyintotheload#kwh,BUNDOORA,13.75,24.476389,19.105951,18.53989,237.0
2025-04-04 18:00:00,solar.bun_carm1#realenergyintotheload#kwh,BUNDOORA,11.0,15.599286,12.478542,12.108834,169.0
2025-04-04 19:00:00,solar.bun_carm1#realenergyintotheload#kwh,BUNDOORA,3.0625,3.1817324,1.625225,1.5770736,26.0
2025-04-04 20:00:00,solar.bun_carm1#realenergyintotheload#kwh,BUNDOORA,0.0,0.16151592,0.0003061025,0.00029703346,0.0
2025-04-04 21:00:00,solar.bun_carm1#realenergyintotheload#kwh,BUNDOORA,0.0,-0.16135064,0.0015351981,0.001489714,0.0
2025-04-04 22:00:00,solar.bun_carm1#realenergyintotheload#kwh,BUNDOORA,0.0,0.0064796126,0.0016829628,0.0016331008,0.0
2025-04-04 23:00:00,solar.bun_carm1#realenergyintotheload#kwh,BUNDOORA,0.0,0.031894222,0.0015351981,0.001489714,0.0
2025-04-05 00:00:00,solar.bun_carm1#realenergyintotheload#kwh,BUNDOORA,0.0,0.03265823,0.0025693018,0.0024931799,0.0
2025-04-05 01:00:00,solar.bun_carm1#realenergyintotheload#kwh,BUNDOORA,0.0,0.055046916,0.002615448,0.0025379588,0.0
2025-04-05 02:00:00,solar.bun_carm1#realenergyintotheload#kwh,BUNDOORA,0.0,0.0053179665,0.0013906608,0.0013494589,0.0
2025-04-05 03:00:00,solar.bun_carm1#realenergyintotheload#kwh,BUNDOORA,0.0,0.102917485,0.0022885685,0.002220764,0.0
2025-04-05 04:00:00,solar.bun_carm1#realenergyintotheload#kwh,BUNDOORA,0.0,0.005128511,0.0022885685,0.002220764,0.0
2025-04-05 05:00:00,solar.bun_carm1#realenergyintotheload#kwh,BUNDOORA,0.0,-0.022939133,0.0028134643,0.0027301083,0.0
2025-04-05 06:00:00,solar.bun_carm1#realenergyintotheload#kwh,BUNDOORA,0.0,-0.0064751413,0.0022885685,0.002220764,0.0
2025-04-05 07:00:00,solar.bun_carm1#realenergyintotheload#kwh,BUNDOORA,0.0,0.01977411,0.0013553442,0.0013151887,0.0
2025-04-05 08:00:00,solar.bun_carm1#realenergyintotheload#kwh,BUNDOORA,0.25,1.3313606,0.63899976,0.6200678,12.0
2025-04-05 09:00:00,solar.bun_carm1#realenergyintotheload#kwh,BUNDOORA,6.9375,7.7997947,13.251124,12.858526,180.0
2025-04-05 10:00:00,solar.bun_carm1#realenergyintotheload#kwh,BUNDOORA,24.4375,21.643545,25.185736,24.439545,326.0
2025-04-05 11:00:00,solar.bun_carm1#realenergyintotheload#kwh,BUNDOORA,39.4375,39.938892,41.27921,40.05621,555.0
2025-04-05 12:00:00,solar.bun_carm1#realenergyintotheload#kwh,BUNDOORA,40.9375,39.35821,44.68402,43.360146,595.0
2025-04-05 13:00:00,solar.bun_carm1#realenergyintotheload#kwh,BUNDOORA,46.125,54.72141,54.91318,53.28624,759.0
2025-04-05 14:00:00,solar.bun_carm1#realenergyintotheload#kwh,BUNDOORA,50.5625,53.638443,55.280983,53.643147,769.0
2025-04-05 15:00:00,solar.bun_carm1#realenergyintotheload#kwh,BUNDOORA,52.0625,51.51027,51.426113,49.902485,714.0
2025-04-05 16:00:00,solar.bun_carm1#realenergyintotheload#kwh,BUNDOORA,46.4375,42.920876,44.207012,42.89727,599.0
2025-04-05 17:00:00,solar.bun_carm1#realenergyintotheload#kwh,BUNDOORA,31.0,14.81191,31.81975,30.87701,434.0
2025-04-05 18:00:00,solar.bun_carm1#realenergyintotheload#kwh,BUNDOORA,13.5,16.918999,17.63695,17.11441,239.0
2025-04-05 19:00:00,solar.bun_carm1#realenergyintotheload#kwh,BUNDOORA,2.4375,5.1251445,3.3180742,3.219768,45.0
2025-04-05 20:00:00,solar.bun_carm1#realenergyintotheload#kwh,BUNDOORA,0.0625,-0.13474447,-0.0014406012,0.0,0.0
2025-04-05 21:00:00,solar.bun_carm1#realenergyintotheload#kwh,BUNDOORA,0.0,-0.2718109,-0.0013166792,0.0,0.0
2025-04-05 22:00:00,solar.bun_carm1#realenergyintotheload#kwh,BUNDOORA,0.0,0.037255272,0.0014274743,0.0013851818,0.0
2025-04-05 23:00:00,solar.bun_carm1#realenergyintotheload#kwh,BUNDOORA,0.0,0.01427232,0.0013604376,0.0013201312,0.0
2025-04-06 00:00:00,solar.bun_carm1#realenergyintotheload#kwh,BUNDOORA,0.0,0.014768542,0.0013604376,0.0013201312,0.0
2025-04-06 01:00:00,solar.bun_carm1#realenergyintotheload#kwh,BUNDOORA,0.0,0.013799279,0.0014274743,0.0013851818,0.0
2025-04-06 02:00:00,solar.bun_carm1#realenergyintotheload#kwh,BUNDOORA,0.0,0.006214939,0.0014274743,0.0013851818,0.0
2025-04-06 03:00:00,solar.bun_carm1#realenergyintotheload#kwh,BUNDOORA,0.0,0.017957551,0.0013604376,0.0013201312,0.0
2025-04-06 04:00:00,solar.bun_carm1#realenergyintotheload#kwh,BUNDOORA,0.0,0.0195543,0.0014274743,0.0013851818,0.0
2025-04-06 05:00:00,solar.bun_carm1#realenergyintotheload#kwh,BUNDOORA,0.0,0.019010704,0.0014274743,0.0013851818,0.0
2025-04-06 06:00:00,solar.bun_carm1#realenergyintotheload#kwh,BUNDOORA,0.0,0.016001945,0.0019970322,0.0019378652,0.0
2025-04-06 07:00:00,solar.bun_carm1#realenergyintotheload#kwh,BUNDOORA,0.125,0.6392405,0.252938,0.24544407,7.0
2025-04-06 08:00:00,solar.bun_carm1#realenergyintotheload#kwh,BUNDOORA,2.9375,10.774458,5.9049954,5.7300453,83.0
2025-04-06 09:00:00,solar.bun_carm1#realenergyintotheload#kwh,BUNDOORA,9.9375,16.632545,15.350322,14.89553,192.0
2025-04-06 10:00:00,solar.bun_carm1#realenergyintotheload#kwh,BUNDOORA,30.5625,31.3644,35.212044,34.1688,462.0
2025-04-06 11:00:00,solar.bun_carm1#realenergyintotheload#kwh,BUNDOORA,43.875,47.85286,49.29166,47.831272,655.0
2025-04-06 12:00:00,solar.bun_carm1#realenergyintotheload#kwh,BUNDOORA,44.5,44.283188,42.600033,41.337902,561.0
2025-04-06 13:00:00,solar.bun_carm1#realenergyintotheload#kwh,BUNDOORA,31.875,37.453087,29.12413,28.261255,370.0
2025-04-06 14:00:00,solar.bun_carm1#realenergyintotheload#kwh,BUNDOORA,30.625,34.001743,27.782675,26.959543,352.0
2025-04-06 15:00:00,solar.bun_carm1#realenergyintotheload#kwh,BUNDOORA,30.25,23.339375,24.146315,23.43092,305.0
2025-04-06 16:00:00,solar.bun_carm1#realenergyintotheload#kwh,BUNDOORA,16.25,23.155806,21.471441,20.835297,274.0
2025-04-06 17:00:00,solar.bun_carm1#realenergyintotheload#kwh,BUNDOORA,3.5,8.539545,7.7861247,7.5554414,106.0
2025-04-06 18:00:00,solar.bun_carm1#realenergyintotheload#kwh,BUNDOORA,1.8125,6.361764,0.77693653,0.7539178,15.0
2025-04-06 19:00:00,solar.bun_carm1#realenergyintotheload#kwh,BUNDOORA,0.0,1.9172213,0.003564592,0.003458982,0.0
2025-04-06 20:00:00,solar.bun_carm1#realenergyintotheload#kwh,BUNDOORA,0.0,0.20999347,0.0025196078,0.002444958,0.0
2025-04-06 21:00:00,solar.bun_carm1#realenergyintotheload#kwh,BUNDOORA,0.0,0.19787633,0.002554225,0.0024785497,0.0
2025-04-06 22:00:00,solar.bun_carm1#realenergyintotheload#kwh,BUNDOORA,0.0,0.051897503,0.0022308542,0.0021647597,0.0
2025-04-06 23:00:00,solar.bun_carm1#realenergyintotheload#kwh,BUNDOORA,0.0,0.106650166,0.0022308542,0.0021647597,0.0
2025-04-07 00:00:00,solar.bun_carm1#realenergyintotheload#kwh,BUNDOORA,0.0,0.0635138,0.0029532693,0.0028657713,0.0
2025-04-07 01:00:00,solar.bun_carm1#realenergyintotheload#kwh,BUNDOORA,0.0,0.047842663,0.0029532693,0.0028657713,0.0
2025-04-07 02:00:00,solar.bun_carm1#realenergyintotheload#kwh,BUNDOORA,0.0,0.054175,0.0029532693,0.0028657713,0.0
2025-04-07 03:00:00,solar.bun_carm1#realenergyintotheload#kwh,BUNDOORA,0.0,0.049281914,0.0033919523,0.0032914572,0.0
2025-04-07 04:00:00,solar.bun_carm1#realenergyintotheload#kwh,BUNDOORA,0.0,0.00589096,0.002762419,0.0026805755,0.0
2025-04-07 05:00:00,solar.bun_carm1#realenergyintotheload#kwh,BUNDOORA,0.0,0.009799261,0.002762419,0.0026805755,0.0
2025-04-07 06:00:00,solar.bun_carm1#realenergyintotheload#kwh,BUNDOORA,0.0,0.18811886,0.002762419,0.0026805755,0.0
2025-04-07 07:00:00,solar.bun_carm1#realenergyintotheload#kwh,BUNDOORA,0.0,1.0372906,0.2528383,0.24534735,7.0
2025-04-07 08:00:00,solar.bun_carm1#realenergyintotheload#kwh,BUNDOORA,3.25,9.700093,6.9201913,6.715163,96.0
2025-04-07 09:00:00,solar.bun_carm1#realenergyintotheload#kwh,BUNDOORA,13.1875,15.7803,23.855352,23.148579,312.0
2025-04-07 10:00:00,solar.bun_carm1#realenergyintotheload#kwh,BUNDOORA,26.625,30.265638,26.7714,25.978231,344.0
2025-04-07 11:00:00,solar.bun_carm1#realenergyintotheload#kwh,BUNDOORA,21.625,30.433374,24.94563,24.206553,318.0
2025-04-07 12:00:00,solar.bun_carm1#realenergyintotheload#kwh,BUNDOORA,29.625,32.422485,27.187586,26.382086,343.0
2025-04-07 13:00:00,solar.bun_carm1#realenergyintotheload#kwh,BUNDOORA,15.25,21.653595,13.751988,13.344551,177.0
2025-04-07 14:00:00,solar.bun_carm1#realenergyintotheload#kwh,BUNDOORA,35.0625,35.023083,35.575096,34.521095,464.0
2025-04-07 15:00:00,solar.bun_carm1#realenergyintotheload#kwh,BUNDOORA,15.375,22.141405,12.8905525,12.508637,169.0
2025-04-07 16:00:00,solar.bun_carm1#realenergyintotheload#kwh,BUNDOORA,19.1875,24.308033,20.91574,20.296059,266.0
2025-04-07 17:00:00,solar.bun_carm1#realenergyintotheload#kwh,BUNDOORA,12.5625,13.96562,10.37246,10.06515,141.0
2025-04-07 18:00:00,solar.bun_carm1#realenergyintotheload#kwh,BUNDOORA,1.9375,3.8559756,1.6463764,1.5975983,25.0
2025-04-07 19:00:00,solar.bun_carm1#realenergyintotheload#kwh,BUNDOORA,0.0,0.6939544,0.0021477146,0.0020840832,0.0
2025-04-07 20:00:00,solar.bun_carm1#realenergyintotheload#kwh,BUNDOORA,0.0,-0.062785655,0.0016821693,0.0016323308,0.0
2025-04-07 21:00:00,solar.bun_carm1#realenergyintotheload#kwh,BUNDOORA,0.0,-0.15766154,0.0020450968,0.0019845057,0.0
2025-04-07 22:00:00,solar.bun_carm1#realenergyintotheload#kwh,BUNDOORA,0.0,-0.15766154,0.0020450968,0.0019845057,0.0
2025-04-07 23:00:00,solar.bun_carm1#realenergyintotheload#kwh,BUNDOORA,0.0,-0.1448905,0.0016821693,0.0016323308,0.0
2025-04-08 00:00:00,solar.bun_carm1#realenergyintotheload#kwh,BUNDOORA,0.0,-0.02113071,0.0016821693,0.0016323308,0.0
2025-04-08 01:00:00,solar.bun_carm1#realenergyintotheload#kwh,BUNDOORA,0.0,0.0061401697,0.0016821693,0.0016323308,0.0
2025-04-08 02:00:00,solar.bun_carm1#realenergyintotheload#kwh,BUNDOORA,0.0,0.0033524947,0.0016821693,0.0016323308,0.0
2025-04-08 03:00:00,solar.bun_carm1#realenergyintotheload#kwh,BUNDOORA,0.0,0.0033524947,0.0015344047,0.0014889442,0.0
2025-04-08 04:00:00,solar.bun_carm1#realenergyintotheload#kwh,BUNDOORA,0.0,0.018784445,0.0020450968,0.0019845057,0.0
2025-04-08 05:00:00,solar.bun_carm1#realenergyintotheload#kwh,BUNDOORA,0.0,0.011584779,0.0019780602,0.0019194552,0.0
2025-04-08 06:00:00,solar.bun_carm1#realenergyintotheload#kwh,BUNDOORA,0.0,-0.009847937,0.0019780602,0.0019194552,0.0
2025-04-08 07:00:00,solar.bun_carm1#realenergyintotheload#kwh,BUNDOORA,0.125,0.18296388,0.25485125,0.24730064,7.0
2025-04-08 08:00:00,solar.bun_carm1#realenergyintotheload#kwh,BUNDOORA,2.8125,7.630918,8.408475,8.159353,115.0
2025-04-08 09:00:00,solar.bun_carm1#realenergyintotheload#kwh,BUNDOORA,14.8125,15.813707,20.61313,20.002415,266.0
2025-04-08 10:00:00,solar.bun_carm1#realenergyintotheload#kwh,BUNDOORA,21.625,14.103806,23.723375,23.020512,297.0
2025-04-08 11:00:00,solar.bun_carm1#realenergyintotheload#kwh,BUNDOORA,22.375,23.807981,21.689487,21.046883,272.0
2025-04-08 12:00:00,solar.bun_carm1#realenergyintotheload#kwh,BUNDOORA,25.125,24.83741,20.817432,20.200665,261.0
2025-04-08 13:00:00,solar.bun_carm1#realenergyintotheload#kwh,BUNDOORA,39.4375,38.761326,38.87985,37.727936,513.0
2025-04-08 14:00:00,solar.bun_carm1#realenergyintotheload#kwh,BUNDOORA,26.5,40.096844,41.156136,39.936783,539.0
2025-04-08 15:00:00,solar.bun_carm1#realenergyintotheload#kwh,BUNDOORA,41.3125,40.4479,41.790154,40.552017,559.0
2025-04-08 16:00:00,solar.bun_carm1#realenergyintotheload#kwh,BUNDOORA,26.3125,30.3117,30.349043,29.449877,402.0
2025-04-08 17:00:00,solar.bun_carm1#realenergyintotheload#kwh,BUNDOORA,11.25,18.178587,15.812633,15.344144,212.0
2025-04-08 18:00:00,solar.bun_carm1#realenergyintotheload#kwh,BUNDOORA,2.0,7.577766,2.1740694,2.109657,32.0
2025-04-08 19:00:00,solar.bun_carm1#realenergyintotheload#kwh,BUNDOORA,0.0,0.516266,0.0026746297,0.0025953872,0.0
2025-04-08 20:00:00,solar.bun_carm1#realenergyintotheload#kwh,BUNDOORA,0.0,0.1790469,0.0026746297,0.0025953872,0.0
2025-04-08 21:00:00,solar.bun_carm1#realenergyintotheload#kwh,BUNDOORA,0.0,0.12998396,0.0026075938,0.0025303373,0.0
2025-04-08 22:00:00,solar.bun_carm1#realenergyintotheload#kwh,BUNDOORA,0.0,-0.04180995,0.0026075938,0.0025303373,0.0
2025-04-08 23:00:00,solar.bun_carm1#realenergyintotheload#kwh,BUNDOORA,0.0,-0.029870661,0.0019780602,0.0019194552,0.0
2025-04-09 00:00:00,solar.bun_carm1#realenergyintotheload#kwh,BUNDOORA,0.0,-0.017030904,0.0019780602,0.0019194552,0.0
2025-04-09 01:00:00,solar.bun_carm1#realenergyintotheload#kwh,BUNDOORA,0.0,-0.0064173676,0.0019780602,0.0019194552,0.0
2025-04-09 02:00:00,solar.bun_carm1#realenergyintotheload#kwh,BUNDOORA,0.0,-0.006913591,0.0019780602,0.0019194552,0.0
2025-04-09 03:00:00,solar.bun_carm1#realenergyintotheload#kwh,BUNDOORA,0.0,-0.016512059,0.0019780602,0.0019194552,0.0
2025-04-09 04:00:00,solar.bun_carm1#realenergyintotheload#kwh,BUNDOORA,0.0,-0.016512059,0.0019780602,0.0019194552,0.0
2025-04-09 05:00:00,solar.bun_carm1#realenergyintotheload#kwh,BUNDOORA,0.0,0.0038939992,0.0019780602,0.0019194552,0.0
2025-04-09 06:00:00,solar.bun_carm1#realenergyintotheload#kwh,BUNDOORA,0.0,-0.021703362,0.0013604376,0.0013201312,0.0
2025-04-09 07:00:00,solar.bun_carm1#realenergyintotheload#kwh,BUNDOORA,0.125,-0.06679269,0.3726175,0.36157778,8.0
2025-04-09 08:00:00,solar.bun_carm1#realenergyintotheload#kwh,BUNDOORA,5.1875,1.2740549,11.686745,11.340496,164.0
2025-04-09 09:00:00,solar.bun_carm1#realenergyintotheload#kwh,BUNDOORA,20.5625,6.822755,26.953878,26.155302,359.0
2025-04-09 10:00:00,solar.bun_carm1#realenergyintotheload#kwh,BUNDOORA,37.125,40.89318,40.036587,38.850403,532.0
2025-04-09 11:00:00,solar.bun_carm1#realenergyintotheload#kwh,BUNDOORA,46.125,49.87683,48.797436,47.35169,660.0
2025-04-09 12:00:00,solar.bun_carm1#realenergyintotheload#kwh,BUNDOORA,51.25,52.969536,52.154785,50.60957,730.0
2025-04-09 13:00:00,solar.bun_carm1#realenergyintotheload#kwh,BUNDOORA,50.75,54.898373,52.21282,50.665882,734.0
2025-04-09 14:00:00,solar.bun_carm1#realenergyintotheload#kwh,BUNDOORA,50.1875,48.832428,48.917408,47.46811,674.0
2025-04-09 15:00:00,solar.bun_carm1#realenergyintotheload#kwh,BUNDOORA,37.4375,41.590405,41.439384,40.21164,558.0
2025-04-09 16:00:00,solar.bun_carm1#realenergyintotheload#kwh,BUNDOORA,25.125,26.41986,29.554201,28.678583,396.0
2025-04-09 17:00:00,solar.bun_carm1#realenergyintotheload#kwh,BUNDOORA,8.3125,5.5603576,6.1101146,5.929087,83.0
2025-04-09 18:00:00,solar.bun_carm1#realenergyintotheload#kwh,BUNDOORA,2.125,2.2448118,0.4520603,0.43866688,9.0
2025-04-09 19:00:00,solar.bun_carm1#realenergyintotheload#kwh,BUNDOORA,0.0,0.056730486,0.0023680981,0.0022979374,0.0
2025-04-09 20:00:00,solar.bun_carm1#realenergyintotheload#kwh,BUNDOORA,0.0,0.18935645,0.0028819842,0.0027965982,0.0
2025-04-09 21:00:00,solar.bun_carm1#realenergyintotheload#kwh,BUNDOORA,0.0,0.10953584,0.0016554358,0.0016063893,0.0
2025-04-09 22:00:00,solar.bun_carm1#realenergyintotheload#kwh,BUNDOORA,0.0,-0.03270276,0.0016554358,0.0016063893,0.0
2025-04-09 23:00:00,solar.bun_carm1#realenergyintotheload#kwh,BUNDOORA,0.0,0.54695415,0.002163938,0.002099826,0.0
2025-04-10 00:00:00,solar.bun_carm1#realenergyintotheload#kwh,BUNDOORA,0.0,0.09733059,0.0023117028,0.002243213,0.0
2025-04-10 01:00:00,solar.bun_carm1#realenergyintotheload#kwh,BUNDOORA,0.0,0.4273092,0.002163938,0.002099826,0.0
2025-04-10 02:00:00,solar.bun_carm1#realenergyintotheload#kwh,BUNDOORA,0.0,0.1133773,0.0023117028,0.002243213,0.0
2025-04-10 03:00:00,solar.bun_carm1#realenergyintotheload#kwh,BUNDOORA,0.0,-0.022628509,0.0015344047,0.0014889442,0.0
2025-04-10 04:00:00,solar.bun_carm1#realenergyintotheload#kwh,BUNDOORA,0.0,-0.017924005,0.0016821693,0.0016323308,0.0
2025-04-10 05:00:00,solar.bun_carm1#realenergyintotheload#kwh,BUNDOORA,0.0,-0.09995182,0.0021477146,0.0020840832,0.0
2025-04-10 06:00:00,solar.bun_carm1#realenergyintotheload#kwh,BUNDOORA,0.0,-0.029608496,0.0033808346,0.003280669,0.0
2025-04-10 07:00:00,solar.bun_carm1#realenergyintotheload#kwh,BUNDOORA,0.0,1.4152839,0.015179324,0.014729599,3.0
2025-04-10 08:00:00,solar.bun_carm1#realenergyintotheload#kwh,BUNDOORA,3.1875,16.981764,9.914895,9.621141,136.0
2025-04-10 09:00:00,solar.bun_carm1#realenergyintotheload#kwh,BUNDOORA,23.0,29.055298,24.988394,24.24805,332.0
2025-04-10 10:00:00,solar.bun_carm1#realenergyintotheload#kwh,BUNDOORA,37.4375,38.25723,37.21663,36.113995,515.0
2025-04-10 11:00:00,solar.bun_carm1#realenergyintotheload#kwh,BUNDOORA,46.25,47.55886,46.706383,45.32259,638.0
2025-04-10 12:00:00,solar.bun_carm1#realenergyintotheload#kwh,BUNDOORA,50.8125,52.696964,50.573257,49.074898,705.0
2025-04-10 13:00:00,solar.bun_carm1#realenergyintotheload#kwh,BUNDOORA,49.125,55.001842,51.14314,49.627895,712.0
2025-04-10 14:00:00,solar.bun_carm1#realenergyintotheload#kwh,BUNDOORA,49.4375,50.60134,48.137306,46.711117,658.0
2025-04-10 15:00:00,solar.bun_carm1#realenergyintotheload#kwh,BUNDOORA,40.5625,41.66469,40.632828,39.428978,546.0
2025-04-10 16:00:00,solar.bun_carm1#realenergyintotheload#kwh,BUNDOORA,25.8125,25.94439,28.718302,27.86745,388.0
2025-04-10 17:00:00,solar.bun_carm1#realenergyintotheload#kwh,BUNDOORA,10.0625,12.404493,11.247955,10.914706,151.0
2025-04-10 18:00:00,solar.bun_carm1#realenergyintotheload#kwh,BUNDOORA,2.0625,2.775818,1.4544101,1.4113195,23.0
2025-04-10 19:00:00,solar.bun_carm1#realenergyintotheload#kwh,BUNDOORA,0.0,0.66520363,-0.0025603168,0.0,0.0
2025-04-10 20:00:00,solar.bun_carm1#realenergyintotheload#kwh,BUNDOORA,0.0,0.8119596,-0.0030698138,0.0,0.0
2025-04-10 21:00:00,solar.bun_carm1#realenergyintotheload#kwh,BUNDOORA,0.0,0.57377654,-0.0065113823,0.0,0.0
2025-04-10 22:00:00,solar.bun_carm1#realenergyintotheload#kwh,BUNDOORA,0.0,0.063761875,-0.0067710956,0.0,0.0
2025-04-10 23:00:00,solar.bun_carm1#realenergyintotheload#kwh,BUNDOORA,0.0,0.09317358,-0.003976697,0.0,0.0
2025-04-11 00:00:00,solar.bun_carm1#realenergyintotheload#kwh,BUNDOORA,0.0,-0.06551505,-0.009107719,0.0,0.0
2025-04-11 01:00:00,solar.bun_carm1#realenergyintotheload#kwh,BUNDOORA,0.0,-0.024470745,-0.0032178692,0.0,0.0
2025-04-11 02:00:00,solar.bun_carm1#realenergyintotheload#kwh,BUNDOORA,0.0,0.11792923,0.0022411188,0.0021747202,0.0
2025-04-11 03:00:00,solar.bun_carm1#realenergyintotheload#kwh,BUNDOORA,0.0,-0.042360567,0.0014324288,0.0013899895,0.0
2025-04-11 04:00:00,solar.bun_carm1#realenergyintotheload#kwh,BUNDOORA,0.0,0.8847287,0.002670725,0.002591598,0.0
2025-04-11 05:00:00,solar.bun_carm1#realenergyintotheload#kwh,BUNDOORA,0.0,0.603677,0.0018730203,0.0018175275,0.0
2025-04-11 06:00:00,solar.bun_carm1#realenergyintotheload#kwh,BUNDOORA,0.0,0.23039465,0.002196391,0.0021313175,0.0
2025-04-11 07:00:00,solar.bun_carm1#realenergyintotheload#kwh,BUNDOORA,0.0625,2.3188646,0.16098309,0.15621355,5.0
2025-04-11 08:00:00,solar.bun_carm1#realenergyintotheload#kwh,BUNDOORA,4.375,5.010373,9.033876,8.766225,121.0
2025-04-11 09:00:00,solar.bun_carm1#realenergyintotheload#kwh,BUNDOORA,14.5,14.922678,19.605394,19.024536,257.0
2025-04-11 10:00:00,solar.bun_carm1#realenergyintotheload#kwh,BUNDOORA,24.6875,21.088257,22.952892,22.272856,293.0
2025-04-11 11:00:00,solar.bun_carm1#realenergyintotheload#kwh,BUNDOORA,28.5,37.70062,36.55365,35.470657,475.0
2025-04-11 12:00:00,solar.bun_carm1#realenergyintotheload#kwh,BUNDOORA,33.9375,40.726177,41.859882,40.61968,556.0
2025-04-11 13:00:00,solar.bun_carm1#realenergyintotheload#kwh,BUNDOORA,42.625,36.14421,37.78129,36.661922,496.0
2025-04-11 14:00:00,solar.bun_carm1#realenergyintotheload#kwh,BUNDOORA,38.0625,49.41057,47.746696,46.33208,643.0
2025-04-11 15:00:00,solar.bun_carm1#realenergyintotheload#kwh,BUNDOORA,39.8125,42.30755,39.705894,38.529507,531.0
2025-04-11 16:00:00,solar.bun_carm1#realenergyintotheload#kwh,BUNDOORA,25.5,34.825413,27.554703,26.738325,374.0
2025-04-11 17:00:00,solar.bun_carm1#realenergyintotheload#kwh,BUNDOORA,9.8125,19.760183,14.088219,13.67082,192.0
2025-04-11 18:00:00,solar.bun_carm1#realenergyintotheload#kwh,BUNDOORA,1.5,4.080793,1.3099315,1.2711215,21.0
2025-04-11 19:00:00,solar.bun_carm1#realenergyintotheload#kwh,BUNDOORA,0.0,0.11199843,0.0024922814,0.0024184412,0.0
2025-04-11 20:00:00,solar.bun_carm1#realenergyintotheload#kwh,BUNDOORA,0.0,0.391759,0.0024922814,0.0024184412,0.0
2025-04-11 21:00:00,solar.bun_carm1#realenergyintotheload#kwh,BUNDOORA,0.0,0.09244577,0.002559318,0.0024834918,0.0
2025-04-11 22:00:00,solar.bun_carm1#realenergyintotheload#kwh,BUNDOORA,0.0,0.07938702,0.0024922814,0.0024184412,0.0
2025-04-11 23:00:00,solar.bun_carm1#realenergyintotheload#kwh,BUNDOORA,0.0,0.012460908,0.0023146872,0.0022461088,0.0
2025-04-12 00:00:00,solar.bun_carm1#realenergyintotheload#kwh,BUNDOORA,0.0,0.038099077,0.0021689106,0.0021046512,0.0
2025-04-12 01:00:00,solar.bun_carm1#realenergyintotheload#kwh,BUNDOORA,0.0,0.03862453,0.0021689106,0.0021046512,0.0
2025-04-12 02:00:00,solar.bun_carm1#realenergyintotheload#kwh,BUNDOORA,0.0,0.008569124,0.0021689106,0.0021046512,0.0
2025-04-12 03:00:00,solar.bun_carm1#realenergyintotheload#kwh,BUNDOORA,0.0,0.0220777,0.0021689106,0.0021046512,0.0
2025-04-12 04:00:00,solar.bun_carm1#realenergyintotheload#kwh,BUNDOORA,0.0,-0.05127656,0.0021689106,0.0021046512,0.0
2025-04-12 05:00:00,solar.bun_carm1#realenergyintotheload#kwh,BUNDOORA,0.0,-0.028136281,0.0019923674,0.0019333386,0.0
2025-04-12 06:00:00,solar.bun_carm1#realenergyintotheload#kwh,BUNDOORA,0.0,0.0032729665,0.0019923674,0.0019333386,0.0
2025-04-12 07:00:00,solar.bun_carm1#realenergyintotheload#kwh,BUNDOORA,0.0625,0.70205706,0.16643824,0.16150708,5.0
2025-04-12 08:00:00,solar.bun_carm1#realenergyintotheload#kwh,BUNDOORA,4.0625,3.4999938,10.529789,10.217817,150.0
2025-04-12 09:00:00,solar.bun_carm1#realenergyintotheload#kwh,BUNDOORA,19.75,9.700236,25.367226,24.615658,339.0
2025-04-12 10:00:00,solar.bun_carm1#realenergyintotheload#kwh,BUNDOORA,34.75,40.654015,37.455482,36.34577,508.0
2025-04-12 11:00:00,solar.bun_carm1#realenergyintotheload#kwh,BUNDOORA,43.5,48.24751,46.6478,45.265743,634.0
2025-04-12 12:00:00,solar.bun_carm1#realenergyintotheload#kwh,BUNDOORA,49.125,52.642925,50.48438,48.98865,703.0
2025-04-12 13:00:00,solar.bun_carm1#realenergyintotheload#kwh,BUNDOORA,49.9375,52.828712,50.263344,48.774166,709.0
2025-04-12 14:00:00,solar.bun_carm1#realenergyintotheload#kwh,BUNDOORA,47.25,48.028255,47.873863,46.45548,650.0
2025-04-12 15:00:00,solar.bun_carm1#realenergyintotheload#kwh,BUNDOORA,36.25,40.58829,38.976345,37.821575,534.0
2025-04-12 16:00:00,solar.bun_carm1#realenergyintotheload#kwh,BUNDOORA,22.5625,22.846386,26.195082,25.418987,346.0
2025-04-12 17:00:00,solar.bun_carm1#realenergyintotheload#kwh,BUNDOORA,9.125,15.658694,13.476213,13.076947,187.0
2025-04-12 18:00:00,solar.bun_carm1#realenergyintotheload#kwh,BUNDOORA,1.5,1.6384137,0.76888067,0.74610066,15.0
2025-04-12 19:00:00,solar.bun_carm1#realenergyintotheload#kwh,BUNDOORA,0.0,0.07221018,-2.6031863e-05,0.0,0.0
2025-04-12 20:00:00,solar.bun_carm1#realenergyintotheload#kwh,BUNDOORA,0.0,0.22384948,0.0008459815,0.0008209172,0.0
2025-04-12 21:00:00,solar.bun_carm1#realenergyintotheload#kwh,BUNDOORA,0.0,0.66110116,0.0023333835,0.0022642512,0.0
2025-04-12 22:00:00,solar.bun_carm1#realenergyintotheload#kwh,BUNDOORA,0.0,0.67802954,0.0030507052,0.0029603203,0.0
2025-04-12 23:00:00,solar.bun_carm1#realenergyintotheload#kwh,BUNDOORA,0.0,0.46903184,0.0013867603,0.001345674,0.0
2025-04-13 00:00:00,solar.bun_carm1#realenergyintotheload#kwh,BUNDOORA,0.0,1.0471526,0.0022360254,0.0021697776,0.0
2025-04-13 01:00:00,solar.bun_carm1#realenergyintotheload#kwh,BUNDOORA,0.0,0.44219753,0.0022360254,0.0021697776,0.0
2025-04-13 02:00:00,solar.bun_carm1#realenergyintotheload#kwh,BUNDOORA,0.0,0.44219753,0.0022360254,0.0021697776,0.0
2025-04-13 03:00:00,solar.bun_carm1#realenergyintotheload#kwh,BUNDOORA,0.0,0.47191635,-0.0032178692,0.0,0.0
2025-04-13 04:00:00,solar.bun_carm1#realenergyintotheload#kwh,BUNDOORA,0.0,0.19722039,-0.0032178692,0.0,0.0
2025-04-13 05:00:00,solar.bun_carm1#realenergyintotheload#kwh,BUNDOORA,0.0,0.28203976,-0.0032178692,0.0,0.0
2025-04-13 06:00:00,solar.bun_carm1#realenergyintotheload#kwh,BUNDOORA,0.0,0.0765116,-0.006012268,0.0,0.0
2025-04-13 07:00:00,solar.bun_carm1#realenergyintotheload#kwh,BUNDOORA,0.0,0.9689332,0.008236175,0.007992158,3.0
2025-04-13 08:00:00,solar.bun_carm1#realenergyintotheload#kwh,BUNDOORA,3.4375,11.364871,10.435855,10.126667,148.0
2025-04-13 09:00:00,solar.bun_carm1#realenergyintotheload#kwh,BUNDOORA,19.0,20.50195,20.422842,19.817764,272.0
2025-04-13 10:00:00,solar.bun_carm1#realenergyintotheload#kwh,BUNDOORA,31.3125,37.185715,36.96203,35.866936,501.0
2025-04-13 11:00:00,solar.bun_carm1#realenergyintotheload#kwh,BUNDOORA,44.4375,49.41872,45.951565,44.590134,623.0
2025-04-13 12:00:00,solar.bun_carm1#realenergyintotheload#kwh,BUNDOORA,49.0,53.48934,49.908333,48.429672,690.0
2025-04-13 13:00:00,solar.bun_carm1#realenergyintotheload#kwh,BUNDOORA,48.625,53.636356,49.809593,48.33386,695.0
2025-04-13 14:00:00,solar.bun_carm1#realenergyintotheload#kwh,BUNDOORA,46.25,49.187775,46.96401,45.572582,637.0
2025-04-13 15:00:00,solar.bun_carm1#realenergyintotheload#kwh,BUNDOORA,34.0,38.41118,38.39657,37.258972,522.0
2025-04-13 16:00:00,solar.bun_carm1#realenergyintotheload#kwh,BUNDOORA,20.9375,21.112478,20.45547,19.849424,270.0
2025-04-13 17:00:00,solar.bun_carm1#realenergyintotheload#kwh,BUNDOORA,8.125,9.490781,7.3787723,7.1601577,97.0
2025-04-13 18:00:00,solar.bun_carm1#realenergyintotheload#kwh,BUNDOORA,2.3125,0.7367892,0.34949934,0.33914456,8.0
2025-04-13 19:00:00,solar.bun_carm1#realenergyintotheload#kwh,BUNDOORA,0.0,-0.16261885,0.0031042877,0.0030123154,0.0
2025-04-13 20:00:00,solar.bun_carm1#realenergyintotheload#kwh,BUNDOORA,0.0,-0.073467955,-0.00031991035,0.0,0.0
2025-04-13 21:00:00,solar.bun_carm1#realenergyintotheload#kwh,BUNDOORA,0.0,-0.028365344,0.0026906366,0.0026109198,0.0
2025-04-13 22:00:00,solar.bun_carm1#realenergyintotheload#kwh,BUNDOORA,0.0,0.037107393,0.00040257006,0.0003906429,0.0
2025-04-13 23:00:00,solar.bun_carm1#realenergyintotheload#kwh,BUNDOORA,0.0,0.23382182,0.0015462326,0.0015004216,0.0
2025-04-14 00:00:00,solar.bun_carm1#realenergyintotheload#kwh,BUNDOORA,0.0,0.41758847,0.0019704562,0.0019120765,0.0
2025-04-14 01:00:00,solar.bun_carm1#realenergyintotheload#kwh,BUNDOORA,0.0,0.3697371,0.002196391,0.0021313175,0.0
2025-04-14 02:00:00,solar.bun_carm1#realenergyintotheload#kwh,BUNDOORA,0.0,0.021416822,0.0021553505,0.0020914928,0.0
2025-04-14 03:00:00,solar.bun_carm1#realenergyintotheload#kwh,BUNDOORA,0.0,0.2797747,0.0020486263,0.0019879306,0.0
2025-04-14 04:00:00,solar.bun_carm1#realenergyintotheload#kwh,BUNDOORA,0.0,0.06676351,0.0020486263,0.0019879306,0.0
2025-04-14 05:00:00,solar.bun_carm1#realenergyintotheload#kwh,BUNDOORA,0.0,-0.0056803497,0.0020486263,0.0019879306,0.0
2025-04-14 06:00:00,solar.bun_carm1#realenergyintotheload#kwh,BUNDOORA,0.0,0.1370049,0.0023272082,0.0022582589,0.0
2025-04-14 07:00:00,solar.bun_carm1#realenergyintotheload#kwh,BUNDOORA,0.0,0.79338163,0.0034074578,0.0033065034,1.0
2025-04-14 08:00:00,solar.bun_carm1#realenergyintotheload#kwh,BUNDOORA,0.6875,1.3480558,2.713162,2.6327777,35.0
2025-04-14 09:00:00,solar.bun_carm1#realenergyintotheload#kwh,BUNDOORA,4.8125,8.585409,11.102863,10.773913,146.0
2025-04-14 10:00:00,solar.bun_carm1#realenergyintotheload#kwh,BUNDOORA,14.75,24.308523,19.124012,18.557415,243.0
2025-04-14 11:00:00,solar.bun_carm1#realenergyintotheload#kwh,BUNDOORA,25.625,34.29743,28.54668,27.700914,367.0
2025-04-14 12:00:00,solar.bun_carm1#realenergyintotheload#kwh,BUNDOORA,32.5625,42.16772,46.219486,44.850117,630.0
2025-04-14 13:00:00,solar.bun_carm1#realenergyintotheload#kwh,BUNDOORA,33.625,41.513542,44.58705,43.26605,605.0
2025-04-14 14:00:00,solar.bun_carm1#realenergyintotheload#kwh,BUNDOORA,35.75,44.736923,45.6484,44.29595,615.0
2025-04-14 15:00:00,solar.bun_carm1#realenergyintotheload#kwh,BUNDOORA,31.5625,39.25427,37.428753,36.31983,511.0
2025-04-14 16:00:00,solar.bun_carm1#realenergyintotheload#kwh,BUNDOORA,21.375,35.42915,26.200891,25.424625,355.0
2025-04-14 17:00:00,solar.bun_carm1#realenergyintotheload#kwh,BUNDOORA,9.375,17.125301,12.60664,12.233136,173.0
2025-04-14 18:00:00,solar.bun_carm1#realenergyintotheload#kwh,BUNDOORA,1.3125,4.0122747,0.52089894,0.505466,11.0
2025-04-14 19:00:00,solar.bun_carm1#realenergyintotheload#kwh,BUNDOORA,0.0,-0.10554474,0.0034074578,0.0033065034,0.0
2025-04-14 20:00:00,solar.bun_carm1#realenergyintotheload#kwh,BUNDOORA,0.0,0.43218106,0.002196391,0.0021313175,0.0
2025-04-14 21:00:00,solar.bun_carm1#realenergyintotheload#kwh,BUNDOORA,0.0,0.11524526,0.002196391,0.0021313175,0.0
2025-04-14 22:00:00,solar.bun_carm1#realenergyintotheload#kwh,BUNDOORA,0.0,0.084012546,0.0020486263,0.0019879306,0.0
2025-04-14 23:00:00,solar.bun_carm1#realenergyintotheload#kwh,BUNDOORA,0.0,0.046442464,0.002196391,0.0021313175,0.0
2025-04-15 00:00:00,solar.bun_carm1#realenergyintotheload#kwh,BUNDOORA,0.0,-0.026001371,0.002196391,0.0021313175,0.0
2025-04-15 01:00:00,solar.bun_carm1#realenergyintotheload#kwh,BUNDOORA,0.0,-0.020901807,0.002196391,0.0021313175,0.0
2025-04-15 02:00:00,solar.bun_carm1#realenergyintotheload#kwh,BUNDOORA,0.0,-0.040764034,0.0024922814,0.0024184412,0.0
2025-04-15 03:00:00,solar.bun_carm1#realenergyintotheload#kwh,BUNDOORA,0.0,-0.047192167,0.0024922814,0.0024184412,0.0
2025-04-15 04:00:00,solar.bun_carm1#realenergyintotheload#kwh,BUNDOORA,0.0,-0.05127656,0.0021689106,0.0021046512,0.0
2025-04-15 05:00:00,solar.bun_carm1#realenergyintotheload#kwh,BUNDOORA,0.0,-0.008544802,0.0022359472,0.0021697017,0.0
2025-04-15 06:00:00,solar.bun_carm1#realenergyintotheload#kwh,BUNDOORA,0.0,0.04764047,0.0022359472,0.0021697017,0.0
2025-04-15 07:00:00,solar.bun_carm1#realenergyintotheload#kwh,BUNDOORA,0.0,0.47720167,0.0017252555,0.0016741405,1.0
2025-04-15 08:00:00,solar.bun_carm1#realenergyintotheload#kwh,BUNDOORA,2.9375,1.7246169,5.622826,5.456236,72.0
2025-04-15 09:00:00,solar.bun_carm1#realenergyintotheload#kwh,BUNDOORA,14.125,4.4881673,15.120356,14.672378,192.0
2025-04-15 10:00:00,solar.bun_carm1#realenergyintotheload#kwh,BUNDOORA,25.875,33.77917,37.14599,36.045444,495.0
2025-04-15 11:00:00,solar.bun_carm1#realenergyintotheload#kwh,BUNDOORA,42.6875,46.655537,45.637905,44.285767,618.0
2025-04-15 12:00:00,solar.bun_carm1#realenergyintotheload#kwh,BUNDOORA,44.9375,44.34266,49.67461,48.202877,685.0
2025-04-15 13:00:00,solar.bun_carm1#realenergyintotheload#kwh,BUNDOORA,49.375,47.709423,49.39741,47.93389,689.0
2025-04-15 14:00:00,solar.bun_carm1#realenergyintotheload#kwh,BUNDOORA,46.4375,43.082012,45.89893,44.53906,632.0
2025-04-15 15:00:00,solar.bun_carm1#realenergyintotheload#kwh,BUNDOORA,36.875,37.18096,37.47621,36.365887,518.0
2025-04-15 16:00:00,solar.bun_carm1#realenergyintotheload#kwh,BUNDOORA,22.5,29.37599,26.418644,25.635925,359.0
2025-04-15 17:00:00,solar.bun_carm1#realenergyintotheload#kwh,BUNDOORA,7.8125,18.402273,12.787354,12.408497,174.0
2025-04-15 18:00:00,solar.bun_carm1#realenergyintotheload#kwh,BUNDOORA,0.625,0.9552594,0.35649696,0.34593484,8.0
2025-04-15 19:00:00,solar.bun_carm1#realenergyintotheload#kwh,BUNDOORA,0.0,0.34384307,0.0019704562,0.0019120765,0.0
2025-04-15 20:00:00,solar.bun_carm1#realenergyintotheload#kwh,BUNDOORA,0.0,0.4337537,0.0026619358,0.0025830693,0.0
2025-04-15 21:00:00,solar.bun_carm1#realenergyintotheload#kwh,BUNDOORA,0.0,0.5060893,0.002196391,0.0021313175,0.0
2025-04-15 22:00:00,solar.bun_carm1#realenergyintotheload#kwh,BUNDOORA,0.0,0.11524526,0.0020486263,0.0019879306,0.0
2025-04-15 23:00:00,solar.bun_carm1#realenergyintotheload#kwh,BUNDOORA,0.0,0.093915604,0.0020486263,0.0019879306,0.0
2025-04-16 00:00:00,solar.bun_carm1#realenergyintotheload#kwh,BUNDOORA,0.0,0.0086427,0.0023272082,0.0022582589,0.0
2025-04-16 01:00:00,solar.bun_carm1#realenergyintotheload#kwh,BUNDOORA,0.0,0.19729963,0.0020486263,0.0019879306,0.0
2025-04-16 02:00:00,solar.bun_carm1#realenergyintotheload#kwh,BUNDOORA,0.0,0.5532461,0.0017252555,0.0016741405,0.0
2025-04-16 03:00:00,solar.bun_carm1#realenergyintotheload#kwh,BUNDOORA,0.0,0.5042252,0.0028055047,0.0027223846,0.0
2025-04-16 04:00:00,solar.bun_carm1#realenergyintotheload#kwh,BUNDOORA,0.0,0.50535285,0.0028055047,0.0027223846,0.0
2025-04-16 05:00:00,solar.bun_carm1#realenergyintotheload#kwh,BUNDOORA,0.0,0.055132933,0.002912229,0.0028259468,0.0
2025-04-16 06:00:00,solar.bun_carm1#realenergyintotheload#kwh,BUNDOORA,0.0,0.43968734,0.0033880477,0.0032876683,0.0
2025-04-16 07:00:00,solar.bun_carm1#realenergyintotheload#kwh,BUNDOORA,0.0,2.6871645,0.008676373,0.008419314,2.0
2025-04-16 08:00:00,solar.bun_carm1#realenergyintotheload#kwh,BUNDOORA,2.9375,9.917533,9.547443,9.264577,135.0
2025-04-16 09:00:00,solar.bun_carm1#realenergyintotheload#kwh,BUNDOORA,16.25,15.864629,14.308857,13.884921,183.0
2025-04-16 10:00:00,solar.bun_carm1#realenergyintotheload#kwh,BUNDOORA,18.375,28.377388,30.962744,30.045395,409.0
2025-04-16 11:00:00,solar.bun_carm1#realenergyintotheload#kwh,BUNDOORA,26.0625,28.644753,23.97153,23.261314,301.0
2025-04-16 12:00:00,solar.bun_carm1#realenergyintotheload#kwh,BUNDOORA,27.9375,24.103907,17.424427,16.908184,226.0
2025-04-16 13:00:00,solar.bun_carm1#realenergyintotheload#kwh,BUNDOORA,37.5,42.634296,46.012814,44.64957,629.0
2025-04-16 14:00:00,solar.bun_carm1#realenergyintotheload#kwh,BUNDOORA,45.75,43.823902,45.084797,43.749046,606.0
2025-04-16 15:00:00,solar.bun_carm1#realenergyintotheload#kwh,BUNDOORA,37.4375,38.665752,36.781937,35.69218,495.0
2025-04-16 16:00:00,solar.bun_carm1#realenergyintotheload#kwh,BUNDOORA,18.375,18.237457,22.905422,22.226791,298.0
2025-04-16 17:00:00,solar.bun_carm1#realenergyintotheload#kwh,BUNDOORA,7.4375,12.301781,10.685893,10.369297,150.0
2025-04-16 18:00:00,solar.bun_carm1#realenergyintotheload#kwh,BUNDOORA,1.0625,2.6174984,0.2566825,0.24907762,7.0
2025-04-16 19:00:00,solar.bun_carm1#realenergyintotheload#kwh,BUNDOORA,0.0,0.31765386,-0.0009919631,0.0,0.0
2025-04-16 20:00:00,solar.bun_carm1#realenergyintotheload#kwh,BUNDOORA,0.0,0.52867484,0.0019704562,0.0019120765,0.0
2025-04-16 21:00:00,solar.bun_carm1#realenergyintotheload#kwh,BUNDOORA,0.0,0.8128942,0.0030248635,0.0029352445,0.0
2025-04-16 22:00:00,solar.bun_carm1#realenergyintotheload#kwh,BUNDOORA,0.0,0.43626833,0.002559318,0.0024834918,0.0
2025-04-16 23:00:00,solar.bun_carm1#realenergyintotheload#kwh,BUNDOORA,0.0,0.5060893,0.0020486263,0.0019879306,0.0
2025-04-17 00:00:00,solar.bun_carm1#realenergyintotheload#kwh,BUNDOORA,0.0,0.5067418,0.002559318,0.0024834918,0.0
2025-04-17 01:00:00,solar.bun_carm1#realenergyintotheload#kwh,BUNDOORA,0.0,0.48475972,0.002559318,0.0024834918,0.0
2025-04-17 02:00:00,solar.bun_carm1#realenergyintotheload#kwh,BUNDOORA,0.0,0.093915604,0.002559318,0.0024834918,0.0
2025-04-17 03:00:00,solar.bun_carm1#realenergyintotheload#kwh,BUNDOORA,0.0,0.09569651,0.0022359472,0.0021697017,0.0
2025-04-17 04:00:00,solar.bun_carm1#realenergyintotheload#kwh,BUNDOORA,0.0,0.06298228,0.0021689106,0.0021046512,0.0
2025-04-17 05:00:00,solar.bun_carm1#realenergyintotheload#kwh,BUNDOORA,0.0,0.059993476,0.0021689106,0.0021046512,0.0
2025-04-17 06:00:00,solar.bun_carm1#realenergyintotheload#kwh,BUNDOORA,0.0,0.16754349,0.0021689106,0.0021046512,0.0
2025-04-17 07:00:00,solar.bun_carm1#realenergyintotheload#kwh,BUNDOORA,0.0,2.2825458,0.0021689106,0.0021046512,2.0
2025-04-17 08:00:00,solar.bun_carm1#realenergyintotheload#kwh,BUNDOORA,2.9375,6.847818,9.393863,9.115546,129.0
2025-04-17 09:00:00,solar.bun_carm1#realenergyintotheload#kwh,BUNDOORA,16.875,29.687832,23.145527,22.459784,310.0
2025-04-17 10:00:00,solar.bun_carm1#realenergyintotheload#kwh,BUNDOORA,30.5,38.158794,35.46065,34.41004,475.0
2025-04-17 11:00:00,solar.bun_carm1#realenergyintotheload#kwh,BUNDOORA,40.625,43.81764,43.919228,42.61801,596.0
2025-04-17 12:00:00,solar.bun_carm1#realenergyintotheload#kwh,BUNDOORA,45.6875,46.371475,48.75911,47.3145,661.0
2025-04-17 13:00:00,solar.bun_carm1#realenergyintotheload#kwh,BUNDOORA,46.4375,47.11062,48.08243,46.65787,666.0
2025-04-17 14:00:00,solar.bun_carm1#realenergyintotheload#kwh,BUNDOORA,42.875,46.582127,44.575638,43.254974,611.0
2025-04-17 15:00:00,solar.bun_carm1#realenergyintotheload#kwh,BUNDOORA,34.6875,35.823677,36.86636,35.7741,500.0
2025-04-17 16:00:00,solar.bun_carm1#realenergyintotheload#kwh,BUNDOORA,20.9375,29.23168,25.107767,24.363886,344.0
2025-04-17 17:00:00,solar.bun_carm1#realenergyintotheload#kwh,BUNDOORA,6.8125,16.978983,11.680484,11.33442,160.0
2025-04-17 18:00:00,solar.bun_carm1#realenergyintotheload#kwh,BUNDOORA,0.6875,0.609129,0.012486232,0.012116296,3.0
2025-04-17 19:00:00,solar.bun_carm1#realenergyintotheload#kwh,BUNDOORA,0.0,-0.25246334,0.002172435,0.002108071,0.0
2025-04-17 20:00:00,solar.bun_carm1#realenergyintotheload#kwh,BUNDOORA,0.0,0.2200631,0.0022420136,0.0021755884,0.0
2025-04-17 21:00:00,solar.bun_carm1#realenergyintotheload#kwh,BUNDOORA,0.0,0.1701683,0.0009937463,0.0009643041,0.0
2025-04-17 22:00:00,solar.bun_carm1#realenergyintotheload#kwh,BUNDOORA,0.0,0.44644877,0.0009937463,0.0009643041,0.0
2025-04-17 23:00:00,solar.bun_carm1#realenergyintotheload#kwh,BUNDOORA,0.0,0.49212608,0.00063081883,0.0006121292,0.0
2025-04-18 00:00:00,solar.bun_carm1#realenergyintotheload#kwh,BUNDOORA,0.0,0.16758448,0.0005897782,0.00057230453,0.0
2025-04-18 01:00:00,solar.bun_carm1#realenergyintotheload#kwh,BUNDOORA,0.0,0.1927257,0.0005897782,0.00057230453,0.0
2025-04-18 02:00:00,solar.bun_carm1#realenergyintotheload#kwh,BUNDOORA,0.0,0.49212608,0.00048305403,0.00046874234,0.0
2025-04-18 03:00:00,solar.bun_carm1#realenergyintotheload#kwh,BUNDOORA,0.0,0.4574517,0.00048305403,0.00046874234,0.0
2025-04-18 04:00:00,solar.bun_carm1#realenergyintotheload#kwh,BUNDOORA,0.0,0.6680457,0.0030507052,0.0029603203,0.0
2025-04-18 05:00:00,solar.bun_carm1#realenergyintotheload#kwh,BUNDOORA,0.0,0.4946253,0.0032282998,0.0031326534,0.0
2025-04-18 06:00:00,solar.bun_carm1#realenergyintotheload#kwh,BUNDOORA,0.0,0.5283333,0.003080535,0.0029892665,0.0
2025-04-18 07:00:00,solar.bun_carm1#realenergyintotheload#kwh,BUNDOORA,0.0,2.038797,0.0030507052,0.0029603203,1.0
2025-04-18 08:00:00,solar.bun_carm1#realenergyintotheload#kwh,BUNDOORA,2.6875,10.94526,7.7304335,7.5014,106.0
2025-04-18 09:00:00,solar.bun_carm1#realenergyintotheload#kwh,BUNDOORA,15.125,20.957636,22.7363,22.06268,306.0
2025-04-18 10:00:00,solar.bun_carm1#realenergyintotheload#kwh,BUNDOORA,31.0,31.96327,31.013155,30.094313,415.0
2025-04-18 11:00:00,solar.bun_carm1#realenergyintotheload#kwh,BUNDOORA,31.4375,43.17747,43.61335,42.321194,586.0
2025-04-18 12:00:00,solar.bun_carm1#realenergyintotheload#kwh,BUNDOORA,46.5625,49.24526,48.56287,47.124073,659.0
2025-04-18 13:00:00,solar.bun_carm1#realenergyintotheload#kwh,BUNDOORA,39.0625,41.898895,44.78821,43.46125,604.0
2025-04-18 14:00:00,solar.bun_carm1#realenergyintotheload#kwh,BUNDOORA,45.625,44.417923,42.886208,41.615597,575.0
2025-04-18 15:00:00,solar.bun_carm1#realenergyintotheload#kwh,BUNDOORA,37.0,38.65349,36.474632,35.39398,496.0
2025-04-18 16:00:00,solar.bun_carm1#realenergyintotheload#kwh,BUNDOORA,20.0625,29.727486,24.118738,23.40416,324.0
2025-04-18 17:00:00,solar.bun_carm1#realenergyintotheload#kwh,BUNDOORA,7.1875,10.174217,7.7334857,7.5043616,101.0
2025-04-18 18:00:00,solar.bun_carm1#realenergyintotheload#kwh,BUNDOORA,1.25,1.8720589,0.15880083,0.15409595,5.0
2025-04-18 19:00:00,solar.bun_carm1#realenergyintotheload#kwh,BUNDOORA,0.0,0.25612998,0.00040257006,0.0003906429,0.0
2025-04-18 20:00:00,solar.bun_carm1#realenergyintotheload#kwh,BUNDOORA,0.0,0.4632674,0.0030248635,0.0029352445,0.0
2025-04-18 21:00:00,solar.bun_carm1#realenergyintotheload#kwh,BUNDOORA,0.0,-0.08648714,0.002559318,0.0024834918,0.0
2025-04-18 22:00:00,solar.bun_carm1#realenergyintotheload#kwh,BUNDOORA,0.0,-0.0068445913,0.0020486263,0.0019879306,0.0
2025-04-18 23:00:00,solar.bun_carm1#realenergyintotheload#kwh,BUNDOORA,0.0,-0.007194588,0.0020486263,0.0019879306,0.0
2025-04-19 00:00:00,solar.bun_carm1#realenergyintotheload#kwh,BUNDOORA,0.0,-0.007194588,0.002196391,0.0021313175,0.0
2025-04-19 01:00:00,solar.bun_carm1#realenergyintotheload#kwh,BUNDOORA,0.0,-0.0056803497,0.0020486263,0.0019879306,0.0
2025-04-19 02:00:00,solar.bun_carm1#realenergyintotheload#kwh,BUNDOORA,0.0,0.03552545,0.0020486263,0.0019879306,0.0
2025-04-19 03:00:00,solar.bun_carm1#realenergyintotheload#kwh,BUNDOORA,0.0,-0.057204634,0.0020486263,0.0019879306,0.0
2025-04-19 04:00:00,solar.bun_carm1#realenergyintotheload#kwh,BUNDOORA,0.0,-0.09067288,0.0032356002,0.0031397375,0.0
2025-04-19 05:00:00,solar.bun_carm1#realenergyintotheload#kwh,BUNDOORA,0.0,0.4008152,-0.0014439292,0.0,0.0
2025-04-19 06:00:00,solar.bun_carm1#realenergyintotheload#kwh,BUNDOORA,0.0,0.09327168,-0.003111145,0.0,0.0
2025-04-19 07:00:00,solar.bun_carm1#realenergyintotheload#kwh,BUNDOORA,0.0,1.2873363,-0.0011651106,0.0,0.0
2025-04-19 08:00:00,solar.bun_carm1#realenergyintotheload#kwh,BUNDOORA,2.25,6.7395225,5.533521,5.369577,75.0
2025-04-19 09:00:00,solar.bun_carm1#realenergyintotheload#kwh,BUNDOORA,15.6875,24.180443,18.847622,18.289213,253.0
2025-04-19 10:00:00,solar.bun_carm1#realenergyintotheload#kwh,BUNDOORA,15.1875,30.257902,24.441847,23.717695,316.0
2025-04-19 11:00:00,solar.bun_carm1#realenergyintotheload#kwh,BUNDOORA,25.0,37.386368,36.5016,35.420147,494.0
2025-04-19 12:00:00,solar.bun_carm1#realenergyintotheload#kwh,BUNDOORA,30.0625,42.531563,42.34442,41.089863,560.0
2025-04-19 13:00:00,solar.bun_carm1#realenergyintotheload#kwh,BUNDOORA,31.0,38.06467,39.701027,38.524784,527.0
2025-04-19 14:00:00,solar.bun_carm1#realenergyintotheload#kwh,BUNDOORA,37.875,44.58714,43.35016,42.065804,583.0
2025-04-19 15:00:00,solar.bun_carm1#realenergyintotheload#kwh,BUNDOORA,29.5,33.797054,33.211678,32.2277,447.0
2025-04-19 16:00:00,solar.bun_carm1#realenergyintotheload#kwh,BUNDOORA,11.625,11.739328,8.983439,8.717282,119.0
2025-04-19 17:00:00,solar.bun_carm1#realenergyintotheload#kwh,BUNDOORA,6.3125,11.718218,7.2940173,7.0779138,99.0
2025-04-19 18:00:00,solar.bun_carm1#realenergyintotheload#kwh,BUNDOORA,0.375,1.6265686,-0.00027435948,0.0,2.0
2025-04-19 19:00:00,solar.bun_carm1#realenergyintotheload#kwh,BUNDOORA,0.0,-0.12166665,0.0013390406,0.0012993681,0.0
2025-04-19 20:00:00,solar.bun_carm1#realenergyintotheload#kwh,BUNDOORA,0.0,0.058482595,0.0032850753,0.0031877467,0.0
2025-04-19 21:00:00,solar.bun_carm1#realenergyintotheload#kwh,BUNDOORA,0.0,-0.047905944,0.0016865584,0.0016365899,0.0
2025-04-19 22:00:00,solar.bun_carm1#realenergyintotheload#kwh,BUNDOORA,0.0,-0.19829914,0.0005456018,0.00052943703,0.0
2025-04-19 23:00:00,solar.bun_carm1#realenergyintotheload#kwh,BUNDOORA,0.0,0.046053275,4.46607e-05,4.3337517e-05,0.0
2025-04-20 00:00:00,solar.bun_carm1#realenergyintotheload#kwh,BUNDOORA,0.0,-0.13014662,-0.0003949175,0.0,0.0
2025-04-20 01:00:00,solar.bun_carm1#realenergyintotheload#kwh,BUNDOORA,0.0,-0.12284675,-0.00015604611,0.0,0.0
2025-04-20 02:00:00,solar.bun_carm1#realenergyintotheload#kwh,BUNDOORA,0.0,-0.08414561,0.0002899904,0.0002813987,0.0
2025-04-20 03:00:00,solar.bun_carm1#realenergyintotheload#kwh,BUNDOORA,0.0,0.05784625,-0.00088124623,0.0,0.0
2025-04-20 04:00:00,solar.bun_carm1#realenergyintotheload#kwh,BUNDOORA,0.0,-0.1239834,-0.00088124623,0.0,0.0
2025-04-20 05:00:00,solar.bun_carm1#realenergyintotheload#kwh,BUNDOORA,0.0,-0.027949821,-0.003976697,0.0,0.0
2025-04-20 06:00:00,solar.bun_carm1#realenergyintotheload#kwh,BUNDOORA,0.0,0.0077348817,-0.00085942575,0.0,0.0
2025-04-20 07:00:00,solar.bun_carm1#realenergyintotheload#kwh,BUNDOORA,0.0,1.5682167,-0.0034490277,0.0,1.0
2025-04-20 08:00:00,solar.bun_carm1#realenergyintotheload#kwh,BUNDOORA,3.0625,9.000909,7.155921,6.9439087,99.0
2025-04-20 09:00:00,solar.bun_carm1#realenergyintotheload#kwh,BUNDOORA,5.25,3.8570108,4.809109,4.6666274,64.0
2025-04-20 10:00:00,solar.bun_carm1#realenergyintotheload#kwh,BUNDOORA,3.4375,8.087537,6.4787908,6.2868404,86.0
2025-04-20 11:00:00,solar.bun_carm1#realenergyintotheload#kwh,BUNDOORA,8.4375,7.0715537,5.6874013,5.518898,75.0
2025-04-20 12:00:00,solar.bun_carm1#realenergyintotheload#kwh,BUNDOORA,26.5625,40.42053,43.972782,42.66998,580.0
2025-04-20 13:00:00,solar.bun_carm1#realenergyintotheload#kwh,BUNDOORA,21.5625,34.677605,25.995018,25.22485,331.0
2025-04-20 14:00:00,solar.bun_carm1#realenergyintotheload#kwh,BUNDOORA,38.3125,46.70825,43.73564,42.439865,591.0
2025-04-20 15:00:00,solar.bun_carm1#realenergyintotheload#kwh,BUNDOORA,32.1875,27.240978,29.533379,28.658379,387.0
2025-04-20 16:00:00,solar.bun_carm1#realenergyintotheload#kwh,BUNDOORA,14.75,11.129186,8.669476,8.412621,112.0
2025-04-20 17:00:00,solar.bun_carm1#realenergyintotheload#kwh,BUNDOORA,2.375,8.140725,4.895611,4.750566,67.0
2025-04-20 18:00:00,solar.bun_carm1#realenergyintotheload#kwh,BUNDOORA,1.3125,1.3991873,0.19846731,0.19258723,6.0
2025-04-20 19:00:00,solar.bun_carm1#realenergyintotheload#kwh,BUNDOORA,0.0,0.0316037,-0.0040662335,0.0,0.0
2025-04-20 20:00:00,solar.bun_carm1#realenergyintotheload#kwh,BUNDOORA,0.0,-0.013547439,-0.006012268,0.0,0.0
2025-04-20 21:00:00,solar.bun_carm1#realenergyintotheload#kwh,BUNDOORA,0.0,0.024814675,-0.002228289,0.0,0.0
2025-04-20 22:00:00,solar.bun_carm1#realenergyintotheload#kwh,BUNDOORA,0.0,-0.13736244,0.0014324288,0.0013899895,0.0
2025-04-20 23:00:00,solar.bun_carm1#realenergyintotheload#kwh,BUNDOORA,0.0,0.14208435,0.00066902995,0.00064920826,0.0
2025-04-21 00:00:00,solar.bun_carm1#realenergyintotheload#kwh,BUNDOORA,0.0,0.0757822,0.00066902995,0.00064920826,0.0
2025-04-21 01:00:00,solar.bun_carm1#realenergyintotheload#kwh,BUNDOORA,0.0,-0.2860375,0.0013791334,0.0013382732,0.0
2025-04-21 02:00:00,solar.bun_carm1#realenergyintotheload#kwh,BUNDOORA,0.0,-0.07850337,0.0023005852,0.0022324244,0.0
2025-04-21 03:00:00,solar.bun_carm1#realenergyintotheload#kwh,BUNDOORA,0.0,-0.10106092,0.0021477146,0.0020840832,0.0
2025-04-21 04:00:00,solar.bun_carm1#realenergyintotheload#kwh,BUNDOORA,0.0,0.033953972,0.0016821693,0.0016323308,0.0
2025-04-21 05:00:00,solar.bun_carm1#realenergyintotheload#kwh,BUNDOORA,0.0,-0.011478207,0.0020450968,0.0019845057,0.0
2025-04-21 06:00:00,solar.bun_carm1#realenergyintotheload#kwh,BUNDOORA,0.0,0.086013734,0.0020450968,0.0019845057,0.0
2025-04-21 07:00:00,solar.bun_carm1#realenergyintotheload#kwh,BUNDOORA,0.0,0.56110936,0.0019780602,0.0019194552,1.0
2025-04-21 08:00:00,solar.bun_carm1#realenergyintotheload#kwh,BUNDOORA,2.4375,4.4258947,9.052514,8.78431,125.0
2025-04-21 09:00:00,solar.bun_carm1#realenergyintotheload#kwh,BUNDOORA,15.8125,16.293564,22.29782,21.63719,306.0
2025-04-21 10:00:00,solar.bun_carm1#realenergyintotheload#kwh,BUNDOORA,30.3125,35.71805,35.03812,34.000027,465.0
2025-04-21 11:00:00,solar.bun_carm1#realenergyintotheload#kwh,BUNDOORA,40.0,42.15431,43.482906,42.19462,583.0
2025-04-21 12:00:00,solar.bun_carm1#realenergyintotheload#kwh,BUNDOORA,33.1875,37.835674,41.468403,40.2398,552.0
2025-04-21 13:00:00,solar.bun_carm1#realenergyintotheload#kwh,BUNDOORA,45.375,48.97293,48.903194,47.454315,650.0
2025-04-21 14:00:00,solar.bun_carm1#realenergyintotheload#kwh,BUNDOORA,28.375,22.767443,20.168987,19.57143,252.0
2025-04-21 15:00:00,solar.bun_carm1#realenergyintotheload#kwh,BUNDOORA,36.25,27.60986,32.264473,31.308558,427.0
2025-04-21 16:00:00,solar.bun_carm1#realenergyintotheload#kwh,BUNDOORA,18.0625,18.766035,15.877084,15.406686,202.0
2025-04-21 17:00:00,solar.bun_carm1#realenergyintotheload#kwh,BUNDOORA,8.0625,1.6189276,6.072361,5.8924522,80.0
2025-04-21 18:00:00,solar.bun_carm1#realenergyintotheload#kwh,BUNDOORA,0.25,1.2027466,0.0029566025,0.0028690058,2.0
2025-04-21 19:00:00,solar.bun_carm1#realenergyintotheload#kwh,BUNDOORA,0.0,0.15880205,0.0029610044,0.0028732773,0.0
2025-04-21 20:00:00,solar.bun_carm1#realenergyintotheload#kwh,BUNDOORA,0.0,0.15074429,0.0028027904,0.0027197506,0.0
2025-04-21 21:00:00,solar.bun_carm1#realenergyintotheload#kwh,BUNDOORA,0.0,0.2743585,0.0028027904,0.0027197506,0.0
2025-04-21 22:00:00,solar.bun_carm1#realenergyintotheload#kwh,BUNDOORA,0.0,0.22087522,0.0028027904,0.0027197506,0.0
2025-04-21 23:00:00,solar.bun_carm1#realenergyintotheload#kwh,BUNDOORA,0.0,0.22087522,0.0028027904,0.0027197506,0.0
2025-04-22 00:00:00,solar.bun_carm1#realenergyintotheload#kwh,BUNDOORA,0.0,0.20082486,0.0028027904,0.0027197506,0.0
2025-04-22 01:00:00,solar.bun_carm1#realenergyintotheload#kwh,BUNDOORA,0.0,0.19926956,0.0028027904,0.0027197506,0.0
2025-04-22 02:00:00,solar.bun_carm1#realenergyintotheload#kwh,BUNDOORA,0.0,0.20580249,0.0024794193,0.0024059603,0.0
2025-04-22 03:00:00,solar.bun_carm1#realenergyintotheload#kwh,BUNDOORA,0.0,0.13948965,0.0024794193,0.0024059603,0.0
2025-04-22 04:00:00,solar.bun_carm1#realenergyintotheload#kwh,BUNDOORA,0.0,0.15814686,0.0024794193,0.0024059603,0.0
2025-04-22 05:00:00,solar.bun_carm1#realenergyintotheload#kwh,BUNDOORA,0.0,0.14704463,0.0024794193,0.0024059603,0.0
2025-04-22 06:00:00,solar.bun_carm1#realenergyintotheload#kwh,BUNDOORA,0.0,0.1632947,0.0023028755,0.002234647,0.0
2025-04-22 07:00:00,solar.bun_carm1#realenergyintotheload#kwh,BUNDOORA,0.0,2.4035223,0.0020543104,0.0019934464,0.0
2025-04-22 08:00:00,solar.bun_carm1#realenergyintotheload#kwh,BUNDOORA,0.8125,3.768248,4.6117806,4.4751453,61.0
2025-04-22 09:00:00,solar.bun_carm1#realenergyintotheload#kwh,BUNDOORA,7.5,13.512841,13.746885,13.3396,175.0
2025-04-22 10:00:00,solar.bun_carm1#realenergyintotheload#kwh,BUNDOORA,20.375,20.99246,22.284594,21.624357,280.0
2025-04-22 11:00:00,solar.bun_carm1#realenergyintotheload#kwh,BUNDOORA,30.75,28.067764,26.99069,26.191023,343.0
2025-04-22 12:00:00,solar.bun_carm1#realenergyintotheload#kwh,BUNDOORA,14.8125,22.401594,18.116228,17.579489,230.0
2025-04-22 13:00:00,solar.bun_carm1#realenergyintotheload#kwh,BUNDOORA,13.375,12.917806,11.061409,10.733687,144.0
2025-04-22 14:00:00,solar.bun_carm1#realenergyintotheload#kwh,BUNDOORA,25.1875,36.11944,33.978226,32.971535,442.0
2025-04-22 15:00:00,solar.bun_carm1#realenergyintotheload#kwh,BUNDOORA,22.125,17.473297,23.01003,22.3283,293.0
2025-04-22 16:00:00,solar.bun_carm1#realenergyintotheload#kwh,BUNDOORA,8.5625,7.014146,5.5792713,5.4139714,73.0
2025-04-22 17:00:00,solar.bun_carm1#realenergyintotheload#kwh,BUNDOORA,1.5,4.8290734,2.315144,2.2465522,33.0
2025-04-22 18:00:00,solar.bun_carm1#realenergyintotheload#kwh,BUNDOORA,0.1875,1.2337555,0.0020019868,0.001942673,1.0
2025-04-22 19:00:00,solar.bun_carm1#realenergyintotheload#kwh,BUNDOORA,0.0,0.45698988,0.0028741618,0.0027890075,0.0
2025-04-22 20:00:00,solar.bun_carm1#realenergyintotheload#kwh,BUNDOORA,0.0,0.251681,0.002670725,0.002591598,0.0
2025-04-22 21:00:00,solar.bun_carm1#realenergyintotheload#kwh,BUNDOORA,0.0,0.22111452,0.0032859514,0.0031885968,0.0
2025-04-22 22:00:00,solar.bun_carm1#realenergyintotheload#kwh,BUNDOORA,0.0,0.44961572,0.0019923674,0.0019333386,0.0
2025-04-22 23:00:00,solar.bun_carm1#realenergyintotheload#kwh,BUNDOORA,0.0,-0.23800875,0.0024871884,0.0024134992,0.0
2025-04-23 00:00:00,solar.bun_carm1#realenergyintotheload#kwh,BUNDOORA,0.0,-0.23454453,0.0024525712,0.0023799075,0.0
2025-04-23 01:00:00,solar.bun_carm1#realenergyintotheload#kwh,BUNDOORA,0.0,-0.027872838,0.0023146872,0.0022461088,0.0
2025-04-23 02:00:00,solar.bun_carm1#realenergyintotheload#kwh,BUNDOORA,0.0,-0.039731514,0.0023146872,0.0022461088,0.0
2025-04-23 03:00:00,solar.bun_carm1#realenergyintotheload#kwh,BUNDOORA,0.0,-0.039731514,0.0023146872,0.0022461088,0.0
2025-04-23 04:00:00,solar.bun_carm1#realenergyintotheload#kwh,BUNDOORA,0.0,-0.039731514,0.0023146872,0.0022461088,0.0
2025-04-23 05:00:00,solar.bun_carm1#realenergyintotheload#kwh,BUNDOORA,0.0,-0.017641285,0.0023146872,0.0022461088,0.0
2025-04-23 06:00:00,solar.bun_carm1#realenergyintotheload#kwh,BUNDOORA,0.0,-0.049963403,0.0023146872,0.0022461088,0.0
2025-04-23 07:00:00,solar.bun_carm1#realenergyintotheload#kwh,BUNDOORA,0.0,0.6300248,0.002559318,0.0024834918,0.0
2025-04-23 08:00:00,solar.bun_carm1#realenergyintotheload#kwh,BUNDOORA,2.125,1.2461481,8.538055,8.285094,119.0
2025-04-23 09:00:00,solar.bun_carm1#realenergyintotheload#kwh,BUNDOORA,15.5,5.638284,21.681309,21.038946,296.0
2025-04-23 10:00:00,solar.bun_carm1#realenergyintotheload#kwh,BUNDOORA,29.5,39.444965,34.261402,33.246323,455.0
2025-04-23 11:00:00,solar.bun_carm1#realenergyintotheload#kwh,BUNDOORA,39.0625,45.39834,42.260426,41.008354,571.0
2025-04-23 12:00:00,solar.bun_carm1#realenergyintotheload#kwh,BUNDOORA,43.875,46.75326,46.75896,45.373608,633.0
2025-04-23 13:00:00,solar.bun_carm1#realenergyintotheload#kwh,BUNDOORA,45.3125,45.74593,47.142475,45.74576,636.0
2025-04-23 14:00:00,solar.bun_carm1#realenergyintotheload#kwh,BUNDOORA,41.125,42.57773,43.123337,41.8457,579.0
2025-04-23 15:00:00,solar.bun_carm1#realenergyintotheload#kwh,BUNDOORA,33.0625,37.651222,35.47994,34.428757,467.0
2025-04-23 16:00:00,solar.bun_carm1#realenergyintotheload#kwh,BUNDOORA,18.5625,30.79595,23.468882,22.773558,313.0
2025-04-23 17:00:00,solar.bun_carm1#realenergyintotheload#kwh,BUNDOORA,4.875,12.657626,9.62542,9.340242,136.0
2025-04-23 18:00:00,solar.bun_carm1#realenergyintotheload#kwh,BUNDOORA,0.3125,1.5076455,-0.00016605876,0.0,2.0
2025-04-23 19:00:00,solar.bun_carm1#realenergyintotheload#kwh,BUNDOORA,0.0,0.114608236,0.0030001395,0.002911253,0.0
2025-04-23 20:00:00,solar.bun_carm1#realenergyintotheload#kwh,BUNDOORA,0.0,0.09244577,0.002559318,0.0024834918,0.0
2025-04-23 21:00:00,solar.bun_carm1#realenergyintotheload#kwh,BUNDOORA,0.0,0.085006066,0.002559318,0.0024834918,0.0
2025-04-23 22:00:00,solar.bun_carm1#realenergyintotheload#kwh,BUNDOORA,0.0,0.13889836,0.002559318,0.0024834918,0.0
2025-04-23 23:00:00,solar.bun_carm1#realenergyintotheload#kwh,BUNDOORA,0.0,0.030296484,0.0024922814,0.0024184412,0.0
2025-04-24 00:00:00,solar.bun_carm1#realenergyintotheload#kwh,BUNDOORA,0.0,-0.020901807,0.002196391,0.0021313175,0.0
2025-04-24 01:00:00,solar.bun_carm1#realenergyintotheload#kwh,BUNDOORA,0.0,-0.013462088,0.002196391,0.0021313175,0.0
2025-04-24 02:00:00,solar.bun_carm1#realenergyintotheload#kwh,BUNDOORA,0.0,-0.013462088,0.002196391,0.0021313175,0.0
2025-04-24 03:00:00,solar.bun_carm1#realenergyintotheload#kwh,BUNDOORA,0.0,0.04497262,0.0024922814,0.0024184412,0.0
2025-04-24 04:00:00,solar.bun_carm1#realenergyintotheload#kwh,BUNDOORA,0.0,0.07938702,0.0024922814,0.0024184412,0.0
2025-04-24 05:00:00,solar.bun_carm1#realenergyintotheload#kwh,BUNDOORA,0.0,0.13245632,0.0024922814,0.0024184412,0.0
2025-04-24 06:00:00,solar.bun_carm1#realenergyintotheload#kwh,BUNDOORA,0.0,0.30253056,0.0028027904,0.0027197506,0.0
2025-04-24 07:00:00,solar.bun_carm1#realenergyintotheload#kwh,BUNDOORA,0.0,2.777877,0.0028027904,0.0027197506,0.0
2025-04-24 08:00:00,solar.bun_carm1#realenergyintotheload#kwh,BUNDOORA,1.8125,9.731254,8.043101,7.8048043,107.0
2025-04-24 09:00:00,solar.bun_carm1#realenergyintotheload#kwh,BUNDOORA,11.375,17.17214,20.89514,20.27607,281.0
2025-04-24 10:00:00,solar.bun_carm1#realenergyintotheload#kwh,BUNDOORA,25.0625,27.854315,29.921711,29.035206,396.0
2025-04-24 11:00:00,solar.bun_carm1#realenergyintotheload#kwh,BUNDOORA,34.375,37.440025,41.406284,40.17952,556.0
2025-04-24 12:00:00,solar.bun_carm1#realenergyintotheload#kwh,BUNDOORA,44.0,43.160873,45.75061,44.395134,621.0
2025-04-24 13:00:00,solar.bun_carm1#realenergyintotheload#kwh,BUNDOORA,44.75,41.53058,46.52956,45.151005,626.0
2025-04-24 14:00:00,solar.bun_carm1#realenergyintotheload#kwh,BUNDOORA,41.5625,41.62162,41.79271,40.554497,571.0
2025-04-24 15:00:00,solar.bun_carm1#realenergyintotheload#kwh,BUNDOORA,31.875,34.66406,34.414227,33.39462,462.0
2025-04-24 16:00:00,solar.bun_carm1#realenergyintotheload#kwh,BUNDOORA,17.875,18.122812,21.698187,21.055325,295.0
2025-04-24 17:00:00,solar.bun_carm1#realenergyintotheload#kwh,BUNDOORA,5.375,9.972916,8.170385,7.928317,114.0
2025-04-24 18:00:00,solar.bun_carm1#realenergyintotheload#kwh,BUNDOORA,0.8125,0.9010935,-0.0024259915,0.0,1.0
2025-04-24 19:00:00,solar.bun_carm1#realenergyintotheload#kwh,BUNDOORA,0.0,-0.048008278,0.0026283406,0.0025504695,0.0
2025-04-24 20:00:00,solar.bun_carm1#realenergyintotheload#kwh,BUNDOORA,0.0,0.99638134,0.00029088563,0.0002822674,0.0
2025-04-24 21:00:00,solar.bun_carm1#realenergyintotheload#kwh,BUNDOORA,0.0,1.0159103,-0.0041143275,0.0,0.0
2025-04-24 22:00:00,solar.bun_carm1#realenergyintotheload#kwh,BUNDOORA,0.0,0.71302885,-0.0041143275,0.0,0.0
2025-04-24 23:00:00,solar.bun_carm1#realenergyintotheload#kwh,BUNDOORA,0.0,1.140425,-0.0042908713,0.0,0.0
2025-04-25 00:00:00,solar.bun_carm1#realenergyintotheload#kwh,BUNDOORA,0.0,0.9034859,-0.0014964725,0.0,0.0
2025-04-25 01:00:00,solar.bun_carm1#realenergyintotheload#kwh,BUNDOORA,0.0,0.51521385,0.002958441,0.0028707897,0.0
2025-04-25 02:00:00,solar.bun_carm1#realenergyintotheload#kwh,BUNDOORA,0.0,0.33004427,0.0018781913,0.0018225452,0.0
2025-04-25 03:00:00,solar.bun_carm1#realenergyintotheload#kwh,BUNDOORA,0.0,0.4166184,0.0010695012,0.0010378145,0.0
2025-04-25 04:00:00,solar.bun_carm1#realenergyintotheload#kwh,BUNDOORA,0.0,0.4496631,0.0017939124,0.0017407632,0.0
2025-04-25 05:00:00,solar.bun_carm1#realenergyintotheload#kwh,BUNDOORA,0.0,0.6108364,0.0028235957,0.0027399396,0.0
2025-04-25 06:00:00,solar.bun_carm1#realenergyintotheload#kwh,BUNDOORA,0.0,0.5758076,0.003564592,0.003458982,0.0
2025-04-25 07:00:00,solar.bun_carm1#realenergyintotheload#kwh,BUNDOORA,0.0,3.12948,0.0034168274,0.0033155954,0.0
2025-04-25 08:00:00,solar.bun_carm1#realenergyintotheload#kwh,BUNDOORA,2.25,11.606858,3.9685059,3.850929,54.0
2025-04-25 09:00:00,solar.bun_carm1#realenergyintotheload#kwh,BUNDOORA,11.5625,24.178104,20.229773,19.630415,275.0
2025-04-25 10:00:00,solar.bun_carm1#realenergyintotheload#kwh,BUNDOORA,26.5625,41.484104,32.570705,31.605717,432.0
2025-04-25 11:00:00,solar.bun_carm1#realenergyintotheload#kwh,BUNDOORA,25.625,31.02115,34.173553,33.161076,441.0
2025-04-25 12:00:00,solar.bun_carm1#realenergyintotheload#kwh,BUNDOORA,22.8125,26.272385,22.29257,21.632097,283.0
2025-04-25 13:00:00,solar.bun_carm1#realenergyintotheload#kwh,BUNDOORA,12.125,13.682956,11.274194,10.940167,149.0
2025-04-25 14:00:00,solar.bun_carm1#realenergyintotheload#kwh,BUNDOORA,14.25,10.287875,8.755682,8.496273,117.0
2025-04-25 15:00:00,solar.bun_carm1#realenergyintotheload#kwh,BUNDOORA,6.1875,7.190156,6.769379,6.5688195,90.0
2025-04-25 16:00:00,solar.bun_carm1#realenergyintotheload#kwh,BUNDOORA,3.5,5.83423,5.298021,5.1410537,68.0
2025-04-25 17:00:00,solar.bun_carm1#realenergyintotheload#kwh,BUNDOORA,1.375,4.663648,1.6384296,1.589887,25.0
2025-04-25 18:00:00,solar.bun_carm1#realenergyintotheload#kwh,BUNDOORA,0.0625,0.79749244,0.0021553505,0.0020914928,0.0
2025-04-25 19:00:00,solar.bun_carm1#realenergyintotheload#kwh,BUNDOORA,0.0,0.095852554,0.0021553505,0.0020914928,0.0
2025-04-25 20:00:00,solar.bun_carm1#realenergyintotheload#kwh,BUNDOORA,0.0,0.012266969,0.0021553505,0.0020914928,0.0
2025-04-25 21:00:00,solar.bun_carm1#realenergyintotheload#kwh,BUNDOORA,0.0,0.011916974,0.0021553505,0.0020914928,0.0
2025-04-25 22:00:00,solar.bun_carm1#realenergyintotheload#kwh,BUNDOORA,0.0,0.011916974,0.0021553505,0.0020914928,0.0
2025-04-25 23:00:00,solar.bun_carm1#realenergyintotheload#kwh,BUNDOORA,0.0,0.00624182,0.0021553505,0.0020914928,0.0
2025-04-26 00:00:00,solar.bun_carm1#realenergyintotheload#kwh,BUNDOORA,0.0,0.011916974,0.0021553505,0.0020914928,0.0
2025-04-26 01:00:00,solar.bun_carm1#realenergyintotheload#kwh,BUNDOORA,0.0,-0.009412631,0.0023272082,0.0022582589,0.0
2025-04-26 02:00:00,solar.bun_carm1#realenergyintotheload#kwh,BUNDOORA,0.0,-0.027009955,0.0020486263,0.0019879306,0.0
2025-04-26 03:00:00,solar.bun_carm1#realenergyintotheload#kwh,BUNDOORA,0.0,-0.009412631,0.0023272082,0.0022582589,0.0
2025-04-26 04:00:00,solar.bun_carm1#realenergyintotheload#kwh,BUNDOORA,0.0,-0.035963915,0.002196391,0.0021313175,0.0
2025-04-26 05:00:00,solar.bun_carm1#realenergyintotheload#kwh,BUNDOORA,0.0,-0.035963915,0.002196391,0.0021313175,0.0
2025-04-26 06:00:00,solar.bun_carm1#realenergyintotheload#kwh,BUNDOORA,0.0,-0.044792034,0.002196391,0.0021313175,0.0
2025-04-26 07:00:00,solar.bun_carm1#realenergyintotheload#kwh,BUNDOORA,0.0,0.42622957,0.002196391,0.0021313175,0.0
2025-04-26 08:00:00,solar.bun_carm1#realenergyintotheload#kwh,BUNDOORA,0.0625,1.5324506,2.8160155,2.732584,37.0
2025-04-26 09:00:00,solar.bun_carm1#realenergyintotheload#kwh,BUNDOORA,2.6875,2.7972794,5.7745757,5.6034894,75.0
2025-04-26 10:00:00,solar.bun_carm1#realenergyintotheload#kwh,BUNDOORA,7.4375,8.450767,9.562392,9.279082,125.0
2025-04-26 11:00:00,solar.bun_carm1#realenergyintotheload#kwh,BUNDOORA,10.0625,11.766369,13.6631365,13.258332,175.0
2025-04-26 12:00:00,solar.bun_carm1#realenergyintotheload#kwh,BUNDOORA,8.0625,10.9067955,13.648204,13.243842,176.0
2025-04-26 13:00:00,solar.bun_carm1#realenergyintotheload#kwh,BUNDOORA,14.6875,17.361761,23.05335,22.370337,288.0
2025-04-26 14:00:00,solar.bun_carm1#realenergyintotheload#kwh,BUNDOORA,20.5,10.82136,8.4111595,8.161958,110.0
2025-04-26 15:00:00,solar.bun_carm1#realenergyintotheload#kwh,BUNDOORA,8.9375,16.455435,11.744718,11.396751,151.0
2025-04-26 16:00:00,solar.bun_carm1#realenergyintotheload#kwh,BUNDOORA,7.4375,7.1218643,5.5379424,5.373867,74.0
2025-04-26 17:00:00,solar.bun_carm1#realenergyintotheload#kwh,BUNDOORA,2.0625,2.209605,1.7782544,1.7255691,27.0
2025-04-26 18:00:00,solar.bun_carm1#realenergyintotheload#kwh,BUNDOORA,0.125,0.74493694,0.0032766405,0.0031795618,0.0
2025-04-26 19:00:00,solar.bun_carm1#realenergyintotheload#kwh,BUNDOORA,0.0,0.05589302,0.0032766405,0.0031795618,0.0
2025-04-26 20:00:00,solar.bun_carm1#realenergyintotheload#kwh,BUNDOORA,0.0,-0.0056803497,0.003128876,0.0030361752,0.0
2025-04-26 21:00:00,solar.bun_carm1#realenergyintotheload#kwh,BUNDOORA,0.0,0.015342551,0.003128876,0.0030361752,0.0
2025-04-26 22:00:00,solar.bun_carm1#realenergyintotheload#kwh,BUNDOORA,0.0,-0.018708693,0.0034074578,0.0033065034,0.0
2025-04-26 23:00:00,solar.bun_carm1#realenergyintotheload#kwh,BUNDOORA,0.0,-0.003724956,0.003128876,0.0030361752,0.0
2025-04-27 00:00:00,solar.bun_carm1#realenergyintotheload#kwh,BUNDOORA,0.0,-0.022096407,0.0024617235,0.0023887889,0.0
2025-04-27 01:00:00,solar.bun_carm1#realenergyintotheload#kwh,BUNDOORA,0.0,-0.020734077,0.0022898659,0.002222023,0.0
2025-04-27 02:00:00,solar.bun_carm1#realenergyintotheload#kwh,BUNDOORA,0.0,-0.011481438,0.002865847,0.002780939,0.0
2025-04-27 03:00:00,solar.bun_carm1#realenergyintotheload#kwh,BUNDOORA,0.0,0.030451609,0.003128876,0.0030361752,0.0
2025-04-27 04:00:00,solar.bun_carm1#realenergyintotheload#kwh,BUNDOORA,0.0,0.06019187,0.003128876,0.0030361752,0.0
2025-04-27 05:00:00,solar.bun_carm1#realenergyintotheload#kwh,BUNDOORA,0.0,0.066058435,0.003128876,0.0030361752,0.0
2025-04-27 06:00:00,solar.bun_carm1#realenergyintotheload#kwh,BUNDOORA,0.0,0.090587355,0.003128876,0.0030361752,0.0
2025-04-27 07:00:00,solar.bun_carm1#realenergyintotheload#kwh,BUNDOORA,0.0,1.011588,0.003128876,0.0030361752,0.0
2025-04-27 08:00:00,solar.bun_carm1#realenergyintotheload#kwh,BUNDOORA,0.625,1.9134903,3.403372,3.3025386,44.0
2025-04-27 09:00:00,solar.bun_carm1#realenergyintotheload#kwh,BUNDOORA,5.4375,3.407702,10.562875,10.249923,138.0
2025-04-27 10:00:00,solar.bun_carm1#realenergyintotheload#kwh,BUNDOORA,9.6875,12.297809,10.507285,10.19598,138.0
2025-04-27 11:00:00,solar.bun_carm1#realenergyintotheload#kwh,BUNDOORA,17.375,21.766386,17.423685,16.907465,223.0
2025-04-27 12:00:00,solar.bun_carm1#realenergyintotheload#kwh,BUNDOORA,23.5625,25.841022,14.532467,14.101906,188.0
2025-04-27 13:00:00,solar.bun_carm1#realenergyintotheload#kwh,BUNDOORA,16.625,15.955218,8.741868,8.482868,112.0
2025-04-27 14:00:00,solar.bun_carm1#realenergyintotheload#kwh,BUNDOORA,9.9375,13.250169,6.8950806,6.6907964,92.0
2025-04-27 15:00:00,solar.bun_carm1#realenergyintotheload#kwh,BUNDOORA,8.6875,15.29791,7.9696064,7.7334867,105.0
2025-04-27 16:00:00,solar.bun_carm1#realenergyintotheload#kwh,BUNDOORA,4.125,12.476641,8.163241,7.921385,107.0
2025-04-27 17:00:00,solar.bun_carm1#realenergyintotheload#kwh,BUNDOORA,2.6875,8.11853,3.304723,3.2068124,43.0
2025-04-27 18:00:00,solar.bun_carm1#realenergyintotheload#kwh,BUNDOORA,0.25,3.0529888,0.00263492,0.002556854,0.0
2025-04-27 19:00:00,solar.bun_carm1#realenergyintotheload#kwh,BUNDOORA,0.0,0.3607618,0.0026746297,0.0025953872,0.0
2025-04-27 20:00:00,solar.bun_carm1#realenergyintotheload#kwh,BUNDOORA,0.0,0.28350636,0.0026075938,0.0025303373,0.0
2025-04-27 21:00:00,solar.bun_carm1#realenergyintotheload#kwh,BUNDOORA,0.0,0.0646534,0.0026075938,0.0025303373,0.0
2025-04-27 22:00:00,solar.bun_carm1#realenergyintotheload#kwh,BUNDOORA,0.0,0.017109375,0.0026075938,0.0025303373,0.0
2025-04-27 23:00:00,solar.bun_carm1#realenergyintotheload#kwh,BUNDOORA,0.0,-0.019296411,0.0026746297,0.0025953872,0.0
2025-04-28 00:00:00,solar.bun_carm1#realenergyintotheload#kwh,BUNDOORA,0.0,0.0066702813,0.0026746297,0.0025953872,0.0
2025-04-28 01:00:00,solar.bun_carm1#realenergyintotheload#kwh,BUNDOORA,0.0,-0.019296411,0.0026746297,0.0025953872,0.0
2025-04-28 02:00:00,solar.bun_carm1#realenergyintotheload#kwh,BUNDOORA,0.0,-0.019296411,0.0020594033,0.0019983884,0.0
2025-04-28 03:00:00,solar.bun_carm1#realenergyintotheload#kwh,BUNDOORA,0.0,-0.019296411,0.0023117028,0.002243213,0.0
2025-04-28 04:00:00,solar.bun_carm1#realenergyintotheload#kwh,BUNDOORA,0.0,-0.019296411,0.0020594033,0.0019983884,0.0
2025-04-28 05:00:00,solar.bun_carm1#realenergyintotheload#kwh,BUNDOORA,0.0,-0.014856432,0.0016964765,0.0016462142,0.0
2025-04-28 06:00:00,solar.bun_carm1#realenergyintotheload#kwh,BUNDOORA,0.0,0.01006224,0.0016964765,0.0016462142,0.0
2025-04-28 07:00:00,solar.bun_carm1#realenergyintotheload#kwh,BUNDOORA,0.0,1.0575018,0.0020594033,0.0019983884,0.0
2025-04-28 08:00:00,solar.bun_carm1#realenergyintotheload#kwh,BUNDOORA,3.125,0.5731126,4.8179393,4.6751957,62.0
2025-04-28 09:00:00,solar.bun_carm1#realenergyintotheload#kwh,BUNDOORA,13.1875,3.8866026,14.567177,14.135588,189.0
2025-04-28 10:00:00,solar.bun_carm1#realenergyintotheload#kwh,BUNDOORA,23.6875,19.258595,29.704576,28.824505,384.0
2025-04-28 11:00:00,solar.bun_carm1#realenergyintotheload#kwh,BUNDOORA,25.1875,31.142822,30.392538,29.492083,388.0
2025-04-28 12:00:00,solar.bun_carm1#realenergyintotheload#kwh,BUNDOORA,36.75,44.218624,44.934734,43.60343,603.0
2025-04-28 13:00:00,solar.bun_carm1#realenergyintotheload#kwh,BUNDOORA,33.0625,26.271248,24.89325,24.155725,315.0
2025-04-28 14:00:00,solar.bun_carm1#realenergyintotheload#kwh,BUNDOORA,19.25,19.48248,18.204918,17.665552,229.0
2025-04-28 15:00:00,solar.bun_carm1#realenergyintotheload#kwh,BUNDOORA,12.8125,18.849915,18.686876,18.13323,234.0
2025-04-28 16:00:00,solar.bun_carm1#realenergyintotheload#kwh,BUNDOORA,9.125,16.770521,10.582392,10.268862,136.0
2025-04-28 17:00:00,solar.bun_carm1#realenergyintotheload#kwh,BUNDOORA,4.375,2.5216455,1.4674598,1.4239826,23.0
2025-04-28 18:00:00,solar.bun_carm1#realenergyintotheload#kwh,BUNDOORA,0.5625,1.6704007,0.003128876,0.0030361752,0.0
2025-04-28 19:00:00,solar.bun_carm1#realenergyintotheload#kwh,BUNDOORA,0.0,0.10259091,0.003128876,0.0030361752,0.0
2025-04-28 20:00:00,solar.bun_carm1#realenergyintotheload#kwh,BUNDOORA,0.0,-0.026001371,0.003128876,0.0030361752,0.0
2025-04-28 21:00:00,solar.bun_carm1#realenergyintotheload#kwh,BUNDOORA,0.0,-0.026001371,0.003128876,0.0030361752,0.0
2025-04-28 22:00:00,solar.bun_carm1#realenergyintotheload#kwh,BUNDOORA,0.0,-0.024436153,0.0032766405,0.0031795618,0.0
2025-04-28 23:00:00,solar.bun_carm1#realenergyintotheload#kwh,BUNDOORA,0.0,-0.024436153,0.0032766405,0.0031795618,0.0
2025-04-29 00:00:00,solar.bun_carm1#realenergyintotheload#kwh,BUNDOORA,0.0,-0.043643206,0.002559318,0.0024834918,0.0
2025-04-29 01:00:00,solar.bun_carm1#realenergyintotheload#kwh,BUNDOORA,0.0,0.027155241,0.002559318,0.0024834918,0.0
2025-04-29 02:00:00,solar.bun_carm1#realenergyintotheload#kwh,BUNDOORA,0.0,-0.018229239,0.0032766405,0.0031795618,0.0
2025-04-29 03:00:00,solar.bun_carm1#realenergyintotheload#kwh,BUNDOORA,0.0,-0.040095262,0.002559318,0.0024834918,0.0
2025-04-29 04:00:00,solar.bun_carm1#realenergyintotheload#kwh,BUNDOORA,0.0,-0.011896871,0.002559318,0.0024834918,0.0
2025-04-29 05:00:00,solar.bun_carm1#realenergyintotheload#kwh,BUNDOORA,0.0,-0.011896871,0.002559318,0.0024834918,0.0
2025-04-29 06:00:00,solar.bun_carm1#realenergyintotheload#kwh,BUNDOORA,0.0,0.013021802,0.0032766405,0.0031795618,0.0
2025-04-29 07:00:00,solar.bun_carm1#realenergyintotheload#kwh,BUNDOORA,0.0,0.8153239,0.0032766405,0.0031795618,0.0
2025-04-29 08:00:00,solar.bun_carm1#realenergyintotheload#kwh,BUNDOORA,1.1875,3.1413743,6.8155146,6.613588,88.0
2025-04-29 09:00:00,solar.bun_carm1#realenergyintotheload#kwh,BUNDOORA,6.9375,5.412449,15.766943,15.299808,213.0
2025-04-29 10:00:00,solar.bun_carm1#realenergyintotheload#kwh,BUNDOORA,15.75,17.929405,16.95569,16.453335,212.0
2025-04-29 11:00:00,solar.bun_carm1#realenergyintotheload#kwh,BUNDOORA,17.375,21.184872,19.659609,19.077145,244.0
2025-04-29 12:00:00,solar.bun_carm1#realenergyintotheload#kwh,BUNDOORA,25.25,23.12766,18.14358,17.606031,230.0
2025-04-29 13:00:00,solar.bun_carm1#realenergyintotheload#kwh,BUNDOORA,16.75,21.305014,14.122175,13.703771,185.0
2025-04-29 14:00:00,solar.bun_carm1#realenergyintotheload#kwh,BUNDOORA,6.5,5.559649,4.50082,4.367472,61.0
2025-04-29 15:00:00,solar.bun_carm1#realenergyintotheload#kwh,BUNDOORA,5.0,3.484809,4.4657683,4.333459,62.0
2025-04-29 16:00:00,solar.bun_carm1#realenergyintotheload#kwh,BUNDOORA,3.6875,1.8917922,6.075711,5.895703,80.0
2025-04-29 17:00:00,solar.bun_carm1#realenergyintotheload#kwh,BUNDOORA,2.0,5.7556286,1.0670315,1.035418,17.0
2025-04-29 18:00:00,solar.bun_carm1#realenergyintotheload#kwh,BUNDOORA,0.0625,2.7508686,0.002108336,0.0020458712,0.0
2025-04-29 19:00:00,solar.bun_carm1#realenergyintotheload#kwh,BUNDOORA,0.0,0.11024744,0.0029135596,0.002827238,0.0
2025-04-29 20:00:00,solar.bun_carm1#realenergyintotheload#kwh,BUNDOORA,0.0,0.035199918,0.003128876,0.0030361752,0.0
2025-04-29 21:00:00,solar.bun_carm1#realenergyintotheload#kwh,BUNDOORA,0.0,0.041532263,0.003128876,0.0030361752,0.0
2025-04-29 22:00:00,solar.bun_carm1#realenergyintotheload#kwh,BUNDOORA,0.0,0.054175,0.003128876,0.0030361752,0.0
2025-04-29 23:00:00,solar.bun_carm1#realenergyintotheload#kwh,BUNDOORA,0.0,0.05915262,0.0022359472,0.0021697017,0.0
2025-04-30 00:00:00,solar.bun_carm1#realenergyintotheload#kwh,BUNDOORA,0.0,0.071338736,0.0022359472,0.0021697017,0.0
2025-04-30 01:00:00,solar.bun_carm1#realenergyintotheload#kwh,BUNDOORA,0.0,0.071338736,0.0020594033,0.0019983884,0.0
2025-04-30 02:00:00,solar.bun_carm1#realenergyintotheload#kwh,BUNDOORA,0.0,0.06940393,0.0033919523,0.0032914572,0.0
2025-04-30 03:00:00,solar.bun_carm1#realenergyintotheload#kwh,BUNDOORA,0.0,0.011508934,0.0026746297,0.0025953872,0.0
2025-04-30 04:00:00,solar.bun_carm1#realenergyintotheload#kwh,BUNDOORA,0.0,-0.0012025754,0.0019780602,0.0019194552,0.0
2025-04-30 05:00:00,solar.bun_carm1#realenergyintotheload#kwh,BUNDOORA,0.0,0.013631235,0.0020450968,0.0019845057,0.0
2025-04-30 06:00:00,solar.bun_carm1#realenergyintotheload#kwh,BUNDOORA,0.0,0.04395015,0.0020450968,0.0019845057,0.0
2025-04-30 07:00:00,solar.bun_carm1#realenergyintotheload#kwh,BUNDOORA,0.0,0.85586154,0.0020450968,0.0019845057,0.0
2025-04-30 08:00:00,solar.bun_carm1#realenergyintotheload#kwh,BUNDOORA,1.3125,3.008925,7.4360538,7.215742,99.0
2025-04-30 09:00:00,solar.bun_carm1#realenergyintotheload#kwh,BUNDOORA,13.625,12.416561,20.57635,19.966722,277.0
2025-04-30 10:00:00,solar.bun_carm1#realenergyintotheload#kwh,BUNDOORA,30.3125,29.735498,32.983913,32.006683,436.0
2025-04-30 11:00:00,solar.bun_carm1#realenergyintotheload#kwh,BUNDOORA,41.5625,43.055107,41.701775,40.466255,552.0
2025-04-30 12:00:00,solar.bun_carm1#realenergyintotheload#kwh,BUNDOORA,42.4375,47.446033,45.30545,43.96316,612.0
2025-04-30 13:00:00,solar.bun_carm1#realenergyintotheload#kwh,BUNDOORA,48.625,37.48757,41.366356,40.140774,545.0
2025-04-30 14:00:00,solar.bun_carm1#realenergyintotheload#kwh,BUNDOORA,31.5625,36.563473,36.805065,35.714622,486.0
2025-04-30 15:00:00,solar.bun_carm1#realenergyintotheload#kwh,BUNDOORA,35.0,19.843939,30.41262,29.51157,407.0
2025-04-30 16:00:00,solar.bun_carm1#realenergyintotheload#kwh,BUNDOORA,19.625,20.7858,21.032873,20.409721,285.0
2025-04-30 17:00:00,solar.bun_carm1#realenergyintotheload#kwh,BUNDOORA,7.4375,10.54977,8.138045,7.8969355,110.0
2025-04-30 18:00:00,solar.bun_carm1#realenergyintotheload#kwh,BUNDOORA,0.25,2.12488,0.0026584198,0.0025796574,0.0
2025-04-30 19:00:00,solar.bun_carm1#realenergyintotheload#kwh,BUNDOORA,0.0,0.10481245,0.0025055492,0.002431316,0.0
2025-04-30 20:00:00,solar.bun_carm1#realenergyintotheload#kwh,BUNDOORA,0.0,0.059758507,0.0014223809,0.0013802393,0.0
2025-04-30 21:00:00,solar.bun_carm1#realenergyintotheload#kwh,BUNDOORA,0.0,0.041932333,0.0013207269,0.0012815971,0.0
2025-04-30 22:00:00,solar.bun_carm1#realenergyintotheload#kwh,BUNDOORA,0.0,-0.07708897,0.0013604376,0.0013201312,0.0
2025-04-30 23:00:00,solar.bun_carm1#realenergyintotheload#kwh,BUNDOORA,0.0,-0.018057572,0.0013604376,0.0013201312,0.0
2025-05-01 00:00:00,solar.bun_carm1#realenergyintotheload#kwh,BUNDOORA,0.0,-0.018057572,0.0013604376,0.0013201312,0.0
2025-05-01 01:00:00,solar.bun_carm1#realenergyintotheload#kwh,BUNDOORA,0.0,0.0156439,0.0013604376,0.0013201312,0.0
2025-05-01 02:00:00,solar.bun_carm1#realenergyintotheload#kwh,BUNDOORA,0.0,0.0061091436,0.0013604376,0.0013201312,0.0
2025-05-01 03:00:00,solar.bun_carm1#realenergyintotheload#kwh,BUNDOORA,0.0,0.0066326484,0.0013604376,0.0013201312,0.0
2025-05-01 04:00:00,solar.bun_carm1#realenergyintotheload#kwh,BUNDOORA,0.0,0.0034705994,0.0013604376,0.0013201312,0.0
2025-05-01 05:00:00,solar.bun_carm1#realenergyintotheload#kwh,BUNDOORA,0.0,0.0034705994,0.0013604376,0.0013201312,0.0
2025-05-01 06:00:00,solar.bun_carm1#realenergyintotheload#kwh,BUNDOORA,0.0,0.0081173,0.0013604376,0.0013201312,0.0
2025-05-01 07:00:00,solar.bun_carm1#realenergyintotheload#kwh,BUNDOORA,0.0,0.09546012,0.0013604376,0.0013201312,0.0
2025-05-01 08:00:00,solar.bun_carm1#realenergyintotheload#kwh,BUNDOORA,1.1875,0.4350724,7.4212966,7.201422,97.0
2025-05-01 09:00:00,solar.bun_carm1#realenergyintotheload#kwh,BUNDOORA,13.125,3.3739488,20.180582,19.582682,272.0
2025-05-01 10:00:00,solar.bun_carm1#realenergyintotheload#kwh,BUNDOORA,29.0,32.464455,33.03477,32.056034,432.0
2025-05-01 11:00:00,solar.bun_carm1#realenergyintotheload#kwh,BUNDOORA,40.0,39.431427,41.13927,39.920418,549.0
2025-05-01 12:00:00,solar.bun_carm1#realenergyintotheload#kwh,BUNDOORA,46.125,45.0721,45.328724,43.98575,610.0
2025-05-01 13:00:00,solar.bun_carm1#realenergyintotheload#kwh,BUNDOORA,44.5,45.286736,45.131935,43.79479,610.0
2025-05-01 14:00:00,solar.bun_carm1#realenergyintotheload#kwh,BUNDOORA,35.4375,40.198093,40.046535,38.860058,532.0
2025-05-01 15:00:00,solar.bun_carm1#realenergyintotheload#kwh,BUNDOORA,35.375,24.797768,32.233696,31.278692,438.0
2025-05-01 16:00:00,solar.bun_carm1#realenergyintotheload#kwh,BUNDOORA,15.625,20.986006,21.034449,20.411251,283.0
2025-05-01 17:00:00,solar.bun_carm1#realenergyintotheload#kwh,BUNDOORA,3.875,7.1397324,7.963431,7.7274942,107.0
2025-05-01 18:00:00,solar.bun_carm1#realenergyintotheload#kwh,BUNDOORA,0.1875,0.81760216,0.0013120968,0.0012732227,0.0
2025-05-01 19:00:00,solar.bun_carm1#realenergyintotheload#kwh,BUNDOORA,0.0,0.046678938,0.0019780602,0.0019194552,0.0
2025-05-01 20:00:00,solar.bun_carm1#realenergyintotheload#kwh,BUNDOORA,0.0,0.018231712,0.0019780602,0.0019194552,0.0
2025-05-01 21:00:00,solar.bun_carm1#realenergyintotheload#kwh,BUNDOORA,0.0,0.0053645577,0.0019780602,0.0019194552,0.0
2025-05-01 22:00:00,solar.bun_carm1#realenergyintotheload#kwh,BUNDOORA,0.0,-0.008563464,0.0019780602,0.0019194552,0.0
2025-05-01 23:00:00,solar.bun_carm1#realenergyintotheload#kwh,BUNDOORA,0.0,-0.010903136,0.0013604376,0.0013201312,0.0
2025-05-02 00:00:00,solar.bun_carm1#realenergyintotheload#kwh,BUNDOORA,0.0,-0.011399359,0.0013604376,0.0013201312,0.0
2025-05-02 01:00:00,solar.bun_carm1#realenergyintotheload#kwh,BUNDOORA,0.0,-0.013209891,0.0013604376,0.0013201312,0.0
2025-05-02 02:00:00,solar.bun_carm1#realenergyintotheload#kwh,BUNDOORA,0.0,0.0043258946,0.0013604376,0.0013201312,0.0
2025-05-02 03:00:00,solar.bun_carm1#realenergyintotheload#kwh,BUNDOORA,0.0,0.00019457942,0.0013604376,0.0013201312,0.0
2025-05-02 04:00:00,solar.bun_carm1#realenergyintotheload#kwh,BUNDOORA,0.0,0.0025013345,0.0013604376,0.0013201312,0.0
2025-05-02 05:00:00,solar.bun_carm1#realenergyintotheload#kwh,BUNDOORA,0.0,0.0025013345,0.0013604376,0.0013201312,0.0
2025-05-02 06:00:00,solar.bun_carm1#realenergyintotheload#kwh,BUNDOORA,0.0,0.007148036,0.0013604376,0.0013201312,0.0
2025-05-02 07:00:00,solar.bun_carm1#realenergyintotheload#kwh,BUNDOORA,0.0,0.099474475,0.0013604376,0.0013201312,0.0
2025-05-02 08:00:00,solar.bun_carm1#realenergyintotheload#kwh,BUNDOORA,1.1875,0.19926511,7.2180104,7.004159,95.0
2025-05-02 09:00:00,solar.bun_carm1#realenergyintotheload#kwh,BUNDOORA,13.0625,1.7251496,19.924541,19.334227,271.0
2025-05-02 10:00:00,solar.bun_carm1#realenergyintotheload#kwh,BUNDOORA,29.5,35.179955,32.836567,31.8637,433.0
2025-05-02 11:00:00,solar.bun_carm1#realenergyintotheload#kwh,BUNDOORA,40.4375,41.19599,40.535587,39.334618,551.0
2025-05-02 12:00:00,solar.bun_carm1#realenergyintotheload#kwh,BUNDOORA,45.75,46.572,44.853935,43.525024,612.0
2025-05-02 13:00:00,solar.bun_carm1#realenergyintotheload#kwh,BUNDOORA,46.9375,46.226845,44.68516,43.36125,613.0
2025-05-02 14:00:00,solar.bun_carm1#realenergyintotheload#kwh,BUNDOORA,42.4375,41.40911,40.408215,39.21102,554.0
2025-05-02 15:00:00,solar.bun_carm1#realenergyintotheload#kwh,BUNDOORA,31.3125,24.670988,32.329464,31.371622,439.0
2025-05-02 16:00:00,solar.bun_carm1#realenergyintotheload#kwh,BUNDOORA,16.0,20.254042,20.94534,20.324781,282.0
2025-05-02 17:00:00,solar.bun_carm1#realenergyintotheload#kwh,BUNDOORA,3.6875,5.465574,7.8338885,7.60179,106.0
2025-05-02 18:00:00,solar.bun_carm1#realenergyintotheload#kwh,BUNDOORA,0.25,0.7704363,0.00066902995,0.00064920826,0.0
2025-05-02 19:00:00,solar.bun_carm1#realenergyintotheload#kwh,BUNDOORA,0.0,0.05501281,0.0018930198,0.0018369344,0.0
2025-05-02 20:00:00,solar.bun_carm1#realenergyintotheload#kwh,BUNDOORA,0.0,0.017930591,0.0014274743,0.0013851818,0.0
2025-05-02 21:00:00,solar.bun_carm1#realenergyintotheload#kwh,BUNDOORA,0.0,0.014768542,0.0013604376,0.0013201312,0.0
2025-05-02 22:00:00,solar.bun_carm1#realenergyintotheload#kwh,BUNDOORA,0.0,0.0069739893,0.0013604376,0.0013201312,0.0
2025-05-02 23:00:00,solar.bun_carm1#realenergyintotheload#kwh,BUNDOORA,0.0,0.013799279,0.0014274743,0.0013851818,0.0
2025-05-03 00:00:00,solar.bun_carm1#realenergyintotheload#kwh,BUNDOORA,0.0,0.0061586797,0.0013604376,0.0013201312,0.0
2025-05-03 01:00:00,solar.bun_carm1#realenergyintotheload#kwh,BUNDOORA,0.0,0.0061586797,0.0013604376,0.0013201312,0.0
2025-05-03 02:00:00,solar.bun_carm1#realenergyintotheload#kwh,BUNDOORA,0.0,0.013953234,0.0013604376,0.0013201312,0.0
2025-05-03 03:00:00,solar.bun_carm1#realenergyintotheload#kwh,BUNDOORA,0.0,0.01611783,0.0014274743,0.0013851818,0.0
2025-05-03 04:00:00,solar.bun_carm1#realenergyintotheload#kwh,BUNDOORA,0.0,0.0015969151,0.0013604376,0.0013201312,0.0
2025-05-03 05:00:00,solar.bun_carm1#realenergyintotheload#kwh,BUNDOORA,0.0,0.0015969151,0.0013604376,0.0013201312,0.0
2025-05-03 06:00:00,solar.bun_carm1#realenergyintotheload#kwh,BUNDOORA,0.0,-0.004611844,0.0013604376,0.0013201312,0.0
2025-05-03 07:00:00,solar.bun_carm1#realenergyintotheload#kwh,BUNDOORA,0.0,0.278951,0.0013604376,0.0013201312,0.0
2025-05-03 08:00:00,solar.bun_carm1#realenergyintotheload#kwh,BUNDOORA,1.3125,2.88668,7.0040364,6.7965245,96.0
2025-05-03 09:00:00,solar.bun_carm1#realenergyintotheload#kwh,BUNDOORA,12.8125,17.284082,20.435556,19.830101,277.0
2025-05-03 10:00:00,solar.bun_carm1#realenergyintotheload#kwh,BUNDOORA,28.9375,27.261938,32.47519,31.513031,434.0
2025-05-03 11:00:00,solar.bun_carm1#realenergyintotheload#kwh,BUNDOORA,40.5,35.28058,39.63402,38.459766,551.0
2025-05-03 12:00:00,solar.bun_carm1#realenergyintotheload#kwh,BUNDOORA,46.3125,45.740673,44.59849,43.27715,613.0
2025-05-03 13:00:00,solar.bun_carm1#realenergyintotheload#kwh,BUNDOORA,46.0,45.52876,45.093586,43.757576,615.0
2025-05-03 14:00:00,solar.bun_carm1#realenergyintotheload#kwh,BUNDOORA,41.4375,40.00265,40.31336,39.118973,556.0
2025-05-03 15:00:00,solar.bun_carm1#realenergyintotheload#kwh,BUNDOORA,29.75,16.93241,32.25309,31.297512,437.0
2025-05-03 16:00:00,solar.bun_carm1#realenergyintotheload#kwh,BUNDOORA,15.6875,11.552437,16.179699,15.700335,221.0
2025-05-03 17:00:00,solar.bun_carm1#realenergyintotheload#kwh,BUNDOORA,5.5,6.1117544,5.5696177,5.404604,74.0
2025-05-03 18:00:00,solar.bun_carm1#realenergyintotheload#kwh,BUNDOORA,0.4375,0.33489674,-0.00051094993,0.0,0.0
2025-05-03 19:00:00,solar.bun_carm1#realenergyintotheload#kwh,BUNDOORA,0.0,-0.04424465,-0.0011240311,0.0,0.0
2025-05-03 20:00:00,solar.bun_carm1#realenergyintotheload#kwh,BUNDOORA,0.0,-0.07140416,-0.0011240311,0.0,0.0
2025-05-03 21:00:00,solar.bun_carm1#realenergyintotheload#kwh,BUNDOORA,0.0,-0.263062,0.0013537973,0.0013136877,0.0
2025-05-03 22:00:00,solar.bun_carm1#realenergyintotheload#kwh,BUNDOORA,0.0,-0.24813437,0.0013140866,0.0012751535,0.0
2025-05-03 23:00:00,solar.bun_carm1#realenergyintotheload#kwh,BUNDOORA,0.0,-0.068511456,0.001149001,0.0011149589,0.0
2025-05-04 00:00:00,solar.bun_carm1#realenergyintotheload#kwh,BUNDOORA,0.0,-0.004496199,0.0013975662,0.0013561598,0.0
2025-05-04 01:00:00,solar.bun_carm1#realenergyintotheload#kwh,BUNDOORA,0.0,-0.006202746,0.0013975662,0.0013561598,0.0
2025-05-04 02:00:00,solar.bun_carm1#realenergyintotheload#kwh,BUNDOORA,0.0,-0.18273288,0.0013975662,0.0013561598,0.0
2025-05-04 03:00:00,solar.bun_carm1#realenergyintotheload#kwh,BUNDOORA,0.0,-0.038809195,-0.001396832,0.0,0.0
2025-05-04 04:00:00,solar.bun_carm1#realenergyintotheload#kwh,BUNDOORA,0.0,0.06074945,0.0015557803,0.0015096865,0.0
2025-05-04 05:00:00,solar.bun_carm1#realenergyintotheload#kwh,BUNDOORA,0.0,0.16590583,0.0018794055,0.0018237233,0.0
2025-05-04 06:00:00,solar.bun_carm1#realenergyintotheload#kwh,BUNDOORA,0.0,0.123626,-2.4368957e-05,0.0,0.0
2025-05-04 07:00:00,solar.bun_carm1#realenergyintotheload#kwh,BUNDOORA,0.0,0.4825356,-2.4368957e-05,0.0,0.0
2025-05-04 08:00:00,solar.bun_carm1#realenergyintotheload#kwh,BUNDOORA,1.25,6.143979,6.5301547,6.3366823,87.0
2025-05-04 09:00:00,solar.bun_carm1#realenergyintotheload#kwh,BUNDOORA,10.9375,16.83115,18.492373,17.94449,253.0
2025-05-04 10:00:00,solar.bun_carm1#realenergyintotheload#kwh,BUNDOORA,26.875,25.008966,27.301962,26.493073,354.0
2025-05-04 11:00:00,solar.bun_carm1#realenergyintotheload#kwh,BUNDOORA,24.8125,39.23364,38.06388,36.936142,528.0
2025-05-04 12:00:00,solar.bun_carm1#realenergyintotheload#kwh,BUNDOORA,31.9375,34.450916,38.06007,36.932446,500.0
2025-05-04 13:00:00,solar.bun_carm1#realenergyintotheload#kwh,BUNDOORA,45.5,47.43124,43.972042,42.669262,598.0
2025-05-04 14:00:00,solar.bun_carm1#realenergyintotheload#kwh,BUNDOORA,42.625,41.752903,39.37775,38.211086,540.0
2025-05-04 15:00:00,solar.bun_carm1#realenergyintotheload#kwh,BUNDOORA,29.3125,25.912224,31.029087,30.109774,423.0
2025-05-04 16:00:00,solar.bun_carm1#realenergyintotheload#kwh,BUNDOORA,16.9375,21.58676,19.518585,18.940298,261.0
2025-05-04 17:00:00,solar.bun_carm1#realenergyintotheload#kwh,BUNDOORA,4.6875,11.009199,7.220543,7.006616,98.0
2025-05-04 18:00:00,solar.bun_carm1#realenergyintotheload#kwh,BUNDOORA,0.3125,0.64173704,-0.00071854243,0.0,0.0
2025-05-04 19:00:00,solar.bun_carm1#realenergyintotheload#kwh,BUNDOORA,0.0,-0.19392456,0.0014598633,0.0014166111,0.0
2025-05-04 20:00:00,solar.bun_carm1#realenergyintotheload#kwh,BUNDOORA,0.0,0.098893575,-0.0018894571,0.0,0.0
2025-05-04 21:00:00,solar.bun_carm1#realenergyintotheload#kwh,BUNDOORA,0.0,-0.115488924,0.0017211915,0.0016701969,0.0
2025-05-04 22:00:00,solar.bun_carm1#realenergyintotheload#kwh,BUNDOORA,0.0,-0.07196375,0.0017211915,0.0016701969,0.0
2025-05-04 23:00:00,solar.bun_carm1#realenergyintotheload#kwh,BUNDOORA,0.0,-0.0675112,-0.0003910507,0.0,0.0
2025-05-05 00:00:00,solar.bun_carm1#realenergyintotheload#kwh,BUNDOORA,0.0,0.20749862,-2.4368957e-05,0.0,0.0
2025-05-05 01:00:00,solar.bun_carm1#realenergyintotheload#kwh,BUNDOORA,0.0,0.012188754,0.0034190663,0.003317768,0.0
2025-05-05 02:00:00,solar.bun_carm1#realenergyintotheload#kwh,BUNDOORA,0.0,0.012188754,0.0034190663,0.003317768,0.0
2025-05-05 03:00:00,solar.bun_carm1#realenergyintotheload#kwh,BUNDOORA,0.0,0.018431539,0.0034190663,0.003317768,0.0
2025-05-05 04:00:00,solar.bun_carm1#realenergyintotheload#kwh,BUNDOORA,0.0,0.014378769,0.0034190663,0.003317768,0.0
2025-05-05 05:00:00,solar.bun_carm1#realenergyintotheload#kwh,BUNDOORA,0.0,0.0327231,0.0006246675,0.00060616015,0.0
2025-05-05 06:00:00,solar.bun_carm1#realenergyintotheload#kwh,BUNDOORA,0.0,-0.0102747055,0.0035257905,0.0034213301,0.0
2025-05-05 07:00:00,solar.bun_carm1#realenergyintotheload#kwh,BUNDOORA,0.0,0.10081464,0.0034190663,0.003317768,0.0
2025-05-05 08:00:00,solar.bun_carm1#realenergyintotheload#kwh,BUNDOORA,0.9375,1.5373623,4.812809,4.6702175,63.0
2025-05-05 09:00:00,solar.bun_carm1#realenergyintotheload#kwh,BUNDOORA,6.5625,11.650149,13.717935,13.311506,186.0
2025-05-05 10:00:00,solar.bun_carm1#realenergyintotheload#kwh,BUNDOORA,22.9375,27.87618,24.260965,23.542173,321.0
2025-05-05 11:00:00,solar.bun_carm1#realenergyintotheload#kwh,BUNDOORA,33.6875,34.871223,38.320892,37.18554,521.0
2025-05-05 12:00:00,solar.bun_carm1#realenergyintotheload#kwh,BUNDOORA,41.875,45.08849,43.177357,41.89812,579.0
2025-05-05 13:00:00,solar.bun_carm1#realenergyintotheload#kwh,BUNDOORA,34.875,38.918274,36.99821,35.902046,482.0
2025-05-05 14:00:00,solar.bun_carm1#realenergyintotheload#kwh,BUNDOORA,41.0,36.827694,38.31899,37.183693,523.0
2025-05-05 15:00:00,solar.bun_carm1#realenergyintotheload#kwh,BUNDOORA,29.375,30.271383,30.390095,29.489712,414.0
2025-05-05 16:00:00,solar.bun_carm1#realenergyintotheload#kwh,BUNDOORA,14.3125,20.511385,17.841478,17.31288,245.0
2025-05-05 17:00:00,solar.bun_carm1#realenergyintotheload#kwh,BUNDOORA,3.5,2.9596903,3.6077392,3.500851,51.0
2025-05-05 18:00:00,solar.bun_carm1#realenergyintotheload#kwh,BUNDOORA,0.4375,0.8032796,0.0012925138,0.0012542198,0.0
2025-05-05 19:00:00,solar.bun_carm1#realenergyintotheload#kwh,BUNDOORA,0.0,1.0416784,0.0011058893,0.0010731246,0.0
2025-05-05 20:00:00,solar.bun_carm1#realenergyintotheload#kwh,BUNDOORA,0.0,0.031703778,0.00045871886,0.00044512816,0.0
2025-05-05 21:00:00,solar.bun_carm1#realenergyintotheload#kwh,BUNDOORA,0.0,0.017085718,0.0013702429,0.0013296461,0.0
2025-05-05 22:00:00,solar.bun_carm1#realenergyintotheload#kwh,BUNDOORA,0.0,0.118013926,0.0015673448,0.0015209082,0.0
2025-05-05 23:00:00,solar.bun_carm1#realenergyintotheload#kwh,BUNDOORA,0.0,0.02799373,0.0021849668,0.0021202317,0.0
2025-05-06 00:00:00,solar.bun_carm1#realenergyintotheload#kwh,BUNDOORA,0.0,-0.00872394,0.0021849668,0.0021202317,0.0
2025-05-06 01:00:00,solar.bun_carm1#realenergyintotheload#kwh,BUNDOORA,0.0,-0.043899003,0.0021849668,0.0021202317,0.0
2025-05-06 02:00:00,solar.bun_carm1#realenergyintotheload#kwh,BUNDOORA,0.0,-0.12381266,-0.0062518795,0.0,0.0
2025-05-06 03:00:00,solar.bun_carm1#realenergyintotheload#kwh,BUNDOORA,0.0,-0.08137321,0.001987865,0.0019289695,0.0
2025-05-06 04:00:00,solar.bun_carm1#realenergyintotheload#kwh,BUNDOORA,0.0,-0.11118398,0.0020945892,0.0020325317,0.0
2025-05-06 05:00:00,solar.bun_carm1#realenergyintotheload#kwh,BUNDOORA,0.0,-0.11168107,-0.0014132708,0.0,0.0
2025-05-06 06:00:00,solar.bun_carm1#realenergyintotheload#kwh,BUNDOORA,0.0,-0.114107855,-0.0015199949,0.0,0.0
2025-05-06 07:00:00,solar.bun_carm1#realenergyintotheload#kwh,BUNDOORA,0.0,0.029772148,-0.0002818486,0.0,0.0
2025-05-06 08:00:00,solar.bun_carm1#realenergyintotheload#kwh,BUNDOORA,0.75,4.4465146,6.107812,5.9268527,82.0
2025-05-06 09:00:00,solar.bun_carm1#realenergyintotheload#kwh,BUNDOORA,10.5,13.89309,17.976889,17.444279,249.0
2025-05-06 10:00:00,solar.bun_carm1#realenergyintotheload#kwh,BUNDOORA,26.25,26.143024,30.111753,29.219618,402.0
2025-05-06 11:00:00,solar.bun_carm1#realenergyintotheload#kwh,BUNDOORA,36.75,37.190662,37.23933,36.13602,514.0
2025-05-06 12:00:00,solar.bun_carm1#realenergyintotheload#kwh,BUNDOORA,42.0625,43.71331,42.514027,41.254444,573.0
2025-05-06 13:00:00,solar.bun_carm1#realenergyintotheload#kwh,BUNDOORA,43.8125,44.851124,42.32477,41.070793,574.0
2025-05-06 14:00:00,solar.bun_carm1#realenergyintotheload#kwh,BUNDOORA,39.125,37.59456,37.54691,36.434486,517.0
2025-05-06 15:00:00,solar.bun_carm1#realenergyintotheload#kwh,BUNDOORA,28.9375,28.255074,30.093163,29.201578,408.0
2025-05-06 16:00:00,solar.bun_carm1#realenergyintotheload#kwh,BUNDOORA,14.0625,21.911142,18.695467,18.141567,257.0
2025-05-06 17:00:00,solar.bun_carm1#realenergyintotheload#kwh,BUNDOORA,3.0,10.960247,6.678413,6.4805484,90.0
2025-05-06 18:00:00,solar.bun_carm1#realenergyintotheload#kwh,BUNDOORA,0.1875,1.586003,-0.006001213,0.0,0.0
2025-05-06 19:00:00,solar.bun_carm1#realenergyintotheload#kwh,BUNDOORA,0.0,1.0006566,-0.005016601,0.0,0.0
2025-05-06 20:00:00,solar.bun_carm1#realenergyintotheload#kwh,BUNDOORA,0.0,-0.28221545,-0.0030482751,0.0,0.0
2025-05-06 21:00:00,solar.bun_carm1#realenergyintotheload#kwh,BUNDOORA,0.0,0.06403207,-0.0034490277,0.0,0.0
2025-05-06 22:00:00,solar.bun_carm1#realenergyintotheload#kwh,BUNDOORA,0.0,-0.23955792,-0.00097119965,0.0,0.0
2025-05-06 23:00:00,solar.bun_carm1#realenergyintotheload#kwh,BUNDOORA,0.0,0.09576661,-0.00097119965,0.0,0.0
2025-05-07 00:00:00,solar.bun_carm1#realenergyintotheload#kwh,BUNDOORA,0.0,-0.33280903,-0.0005532805,0.0,0.0
2025-05-07 01:00:00,solar.bun_carm1#realenergyintotheload#kwh,BUNDOORA,0.0,0.3502057,0.0012176277,0.0011815524,0.0
2025-05-07 02:00:00,solar.bun_carm1#realenergyintotheload#kwh,BUNDOORA,0.0,-0.754386,0.0020754961,0.0020140044,0.0
2025-05-07 03:00:00,solar.bun_carm1#realenergyintotheload#kwh,BUNDOORA,0.0,-0.4887398,0.002596476,0.002519549,0.0
2025-05-07 04:00:00,solar.bun_carm1#realenergyintotheload#kwh,BUNDOORA,0.0,0.2577495,0.0026746297,0.0025953872,0.0
2025-05-07 05:00:00,solar.bun_carm1#realenergyintotheload#kwh,BUNDOORA,0.0,0.6737741,0.0020594033,0.0019983884,0.0
2025-05-07 06:00:00,solar.bun_carm1#realenergyintotheload#kwh,BUNDOORA,0.0,0.19291723,0.0029135596,0.002827238,0.0
2025-05-07 07:00:00,solar.bun_carm1#realenergyintotheload#kwh,BUNDOORA,0.0,1.9064641,0.0022308542,0.0021647597,0.0
2025-05-07 08:00:00,solar.bun_carm1#realenergyintotheload#kwh,BUNDOORA,1.4375,4.4444838,5.0384984,4.88922,66.0
2025-05-07 09:00:00,solar.bun_carm1#realenergyintotheload#kwh,BUNDOORA,12.8125,11.102598,15.790155,15.322332,215.0
2025-05-07 10:00:00,solar.bun_carm1#realenergyintotheload#kwh,BUNDOORA,25.3125,33.098595,25.46682,24.712301,333.0
2025-05-07 11:00:00,solar.bun_carm1#realenergyintotheload#kwh,BUNDOORA,23.4375,20.098648,20.171408,19.57378,251.0
2025-05-07 12:00:00,solar.bun_carm1#realenergyintotheload#kwh,BUNDOORA,17.75,10.723857,8.874788,8.611851,117.0
2025-05-07 13:00:00,solar.bun_carm1#realenergyintotheload#kwh,BUNDOORA,11.9375,5.983307,5.611027,5.444786,74.0
2025-05-07 14:00:00,solar.bun_carm1#realenergyintotheload#kwh,BUNDOORA,14.5,15.087213,15.108905,14.661265,197.0
2025-05-07 15:00:00,solar.bun_carm1#realenergyintotheload#kwh,BUNDOORA,23.1875,20.845423,19.550354,18.971127,249.0
2025-05-07 16:00:00,solar.bun_carm1#realenergyintotheload#kwh,BUNDOORA,16.0625,14.306203,16.255827,15.774207,220.0
2025-05-07 17:00:00,solar.bun_carm1#realenergyintotheload#kwh,BUNDOORA,4.25,1.4186147,3.4372518,3.3354146,48.0
2025-05-07 18:00:00,solar.bun_carm1#realenergyintotheload#kwh,BUNDOORA,0.1875,0.07674357,-0.002818767,0.0,0.0
2025-05-07 19:00:00,solar.bun_carm1#realenergyintotheload#kwh,BUNDOORA,0.0,-0.26100144,0.0026103773,0.0025330384,0.0
2025-05-07 20:00:00,solar.bun_carm1#realenergyintotheload#kwh,BUNDOORA,0.0,-0.22325075,-0.00012295495,0.0,0.0
2025-05-07 21:00:00,solar.bun_carm1#realenergyintotheload#kwh,BUNDOORA,0.0,0.06386998,0.0028142582,0.0027308788,0.0
2025-05-07 22:00:00,solar.bun_carm1#realenergyintotheload#kwh,BUNDOORA,0.0,0.01893552,0.0021364915,0.0020731925,0.0
2025-05-07 23:00:00,solar.bun_carm1#realenergyintotheload#kwh,BUNDOORA,0.0,0.07088809,0.0020694549,0.0020081422,0.0
2025-05-08 00:00:00,solar.bun_carm1#realenergyintotheload#kwh,BUNDOORA,0.0,-0.01554871,0.0017862725,0.0017333498,0.0
2025-05-08 01:00:00,solar.bun_carm1#realenergyintotheload#kwh,BUNDOORA,0.0,0.0032063872,0.0013207269,0.0012815971,0.0
2025-05-08 02:00:00,solar.bun_carm1#realenergyintotheload#kwh,BUNDOORA,0.0,-0.028015306,0.0013207269,0.0012815971,0.0
2025-05-08 03:00:00,solar.bun_carm1#realenergyintotheload#kwh,BUNDOORA,0.0,-0.019237112,0.0013604376,0.0013201312,0.0
2025-05-08 04:00:00,solar.bun_carm1#realenergyintotheload#kwh,BUNDOORA,0.0,0.013953234,0.0013604376,0.0013201312,0.0
2025-05-08 05:00:00,solar.bun_carm1#realenergyintotheload#kwh,BUNDOORA,0.0,0.017347846,0.0014274743,0.0013851818,0.0
2025-05-08 06:00:00,solar.bun_carm1#realenergyintotheload#kwh,BUNDOORA,0.0,0.017347846,0.0014274743,0.0013851818,0.0
2025-05-08 07:00:00,solar.bun_carm1#realenergyintotheload#kwh,BUNDOORA,0.0,0.22155957,0.0014274743,0.0013851818,0.0
2025-05-08 08:00:00,solar.bun_carm1#realenergyintotheload#kwh,BUNDOORA,1.5,0.5662384,5.38438,5.224854,70.0
2025-05-08 09:00:00,solar.bun_carm1#realenergyintotheload#kwh,BUNDOORA,10.0,7.432591,17.722795,17.197714,240.0
2025-05-08 10:00:00,solar.bun_carm1#realenergyintotheload#kwh,BUNDOORA,25.5,20.859064,30.14473,29.251617,392.0
2025-05-08 11:00:00,solar.bun_carm1#realenergyintotheload#kwh,BUNDOORA,36.9375,37.37789,37.747818,36.629444,503.0
2025-05-08 12:00:00,solar.bun_carm1#realenergyintotheload#kwh,BUNDOORA,39.5625,42.987225,42.67616,41.41177,561.0
2025-05-08 13:00:00,solar.bun_carm1#realenergyintotheload#kwh,BUNDOORA,40.75,32.414402,38.48324,37.343075,512.0
2025-05-08 14:00:00,solar.bun_carm1#realenergyintotheload#kwh,BUNDOORA,31.125,26.336588,31.368914,30.439531,410.0
2025-05-08 15:00:00,solar.bun_carm1#realenergyintotheload#kwh,BUNDOORA,21.8125,17.596807,17.560629,17.040352,219.0
2025-05-08 16:00:00,solar.bun_carm1#realenergyintotheload#kwh,BUNDOORA,9.875,9.043852,11.584053,11.240847,154.0
2025-05-08 17:00:00,solar.bun_carm1#realenergyintotheload#kwh,BUNDOORA,5.125,0.6490869,0.80144536,0.77770054,14.0
2025-05-08 18:00:00,solar.bun_carm1#realenergyintotheload#kwh,BUNDOORA,0.3125,0.60821784,0.0020458903,0.0019852757,0.0
2025-05-08 19:00:00,solar.bun_carm1#realenergyintotheload#kwh,BUNDOORA,0.0,0.047729902,0.0014274743,0.0013851818,0.0
2025-05-08 20:00:00,solar.bun_carm1#realenergyintotheload#kwh,BUNDOORA,0.0,0.03370746,0.0016609094,0.0016117007,0.0
2025-05-08 21:00:00,solar.bun_carm1#realenergyintotheload#kwh,BUNDOORA,0.0,0.0085539995,0.000916782,0.00088962005,0.0
2025-05-08 22:00:00,solar.bun_carm1#realenergyintotheload#kwh,BUNDOORA,0.0,0.0030723982,0.0010645466,0.0010330068,0.0
2025-05-08 23:00:00,solar.bun_carm1#realenergyintotheload#kwh,BUNDOORA,0.0,0.018000029,0.0014274743,0.0013851818,0.0
2025-05-09 00:00:00,solar.bun_carm1#realenergyintotheload#kwh,BUNDOORA,0.0,0.0030723982,0.0010645466,0.0010330068,0.0
2025-05-09 01:00:00,solar.bun_carm1#realenergyintotheload#kwh,BUNDOORA,0.0,0.018000029,0.0014274743,0.0013851818,0.0
2025-05-09 02:00:00,solar.bun_carm1#realenergyintotheload#kwh,BUNDOORA,0.0,0.020052893,0.0014274743,0.0013851818,0.0
2025-05-09 03:00:00,solar.bun_carm1#realenergyintotheload#kwh,BUNDOORA,0.0,0.0036006642,0.000916782,0.00088962005,0.0
2025-05-09 04:00:00,solar.bun_carm1#realenergyintotheload#kwh,BUNDOORA,0.0,0.01955667,0.0014274743,0.0013851818,0.0
2025-05-09 05:00:00,solar.bun_carm1#realenergyintotheload#kwh,BUNDOORA,0.0,0.008253688,0.0014274743,0.0013851818,0.0
2025-05-09 06:00:00,solar.bun_carm1#realenergyintotheload#kwh,BUNDOORA,0.0,0.0061505726,0.0014274743,0.0013851818,0.0
2025-05-09 07:00:00,solar.bun_carm1#realenergyintotheload#kwh,BUNDOORA,0.0,0.109149605,0.0014274743,0.0013851818,0.0
2025-05-09 08:00:00,solar.bun_carm1#realenergyintotheload#kwh,BUNDOORA,1.0625,0.307142,5.779242,5.6080174,74.0
2025-05-09 09:00:00,solar.bun_carm1#realenergyintotheload#kwh,BUNDOORA,6.5625,6.196574,16.304596,15.821531,218.0
2025-05-09 10:00:00,solar.bun_carm1#realenergyintotheload#kwh,BUNDOORA,16.6875,16.63847,21.101562,20.476376,262.0
2025-05-09 11:00:00,solar.bun_carm1#realenergyintotheload#kwh,BUNDOORA,23.625,28.437553,26.920725,26.12313,345.0
2025-05-09 12:00:00,solar.bun_carm1#realenergyintotheload#kwh,BUNDOORA,28.375,19.075613,24.388922,23.666338,302.0
2025-05-09 13:00:00,solar.bun_carm1#realenergyintotheload#kwh,BUNDOORA,18.3125,39.404655,41.51658,40.286545,551.0
2025-05-09 14:00:00,solar.bun_carm1#realenergyintotheload#kwh,BUNDOORA,30.25,38.190605,37.74986,36.631424,508.0
2025-05-09 15:00:00,solar.bun_carm1#realenergyintotheload#kwh,BUNDOORA,27.9375,34.58587,30.143684,29.250603,398.0
2025-05-09 16:00:00,solar.bun_carm1#realenergyintotheload#kwh,BUNDOORA,13.0,27.647493,18.055456,17.520517,246.0
2025-05-09 17:00:00,solar.bun_carm1#realenergyintotheload#kwh,BUNDOORA,2.5,7.3944626,5.8888097,5.714339,79.0
2025-05-09 18:00:00,solar.bun_carm1#realenergyintotheload#kwh,BUNDOORA,0.125,2.21788,0.0018259832,0.0017718838,0.0
2025-05-09 19:00:00,solar.bun_carm1#realenergyintotheload#kwh,BUNDOORA,0.0,0.017402327,0.0013604376,0.0013201312,0.0
2025-05-09 20:00:00,solar.bun_carm1#realenergyintotheload#kwh,BUNDOORA,0.0,0.0156439,0.0013604376,0.0013201312,0.0
2025-05-09 21:00:00,solar.bun_carm1#realenergyintotheload#kwh,BUNDOORA,0.0,0.017402327,0.0013604376,0.0013201312,0.0
2025-05-09 22:00:00,solar.bun_carm1#realenergyintotheload#kwh,BUNDOORA,0.0,0.015147677,0.0013604376,0.0013201312,0.0
2025-05-09 23:00:00,solar.bun_carm1#realenergyintotheload#kwh,BUNDOORA,0.0,0.01956039,0.0013604376,0.0013201312,0.0
2025-05-10 00:00:00,solar.bun_carm1#realenergyintotheload#kwh,BUNDOORA,0.0,0.01956039,0.0013604376,0.0013201312,0.0
2025-05-10 01:00:00,solar.bun_carm1#realenergyintotheload#kwh,BUNDOORA,0.0,0.0038023915,0.0013604376,0.0013201312,0.0
2025-05-10 02:00:00,solar.bun_carm1#realenergyintotheload#kwh,BUNDOORA,0.0,0.0038023915,0.0013604376,0.0013201312,0.0
2025-05-10 03:00:00,solar.bun_carm1#realenergyintotheload#kwh,BUNDOORA,0.0,0.0038023915,0.0013604376,0.0013201312,0.0
2025-05-10 04:00:00,solar.bun_carm1#realenergyintotheload#kwh,BUNDOORA,0.0,0.0043258946,0.0013604376,0.0013201312,0.0
2025-05-10 05:00:00,solar.bun_carm1#realenergyintotheload#kwh,BUNDOORA,0.0,0.0022227801,0.0013604376,0.0013201312,0.0
2025-05-10 06:00:00,solar.bun_carm1#realenergyintotheload#kwh,BUNDOORA,0.0,0.001163844,0.0013604376,0.0013201312,0.0
2025-05-10 07:00:00,solar.bun_carm1#realenergyintotheload#kwh,BUNDOORA,0.0,-0.00013098348,0.0013604376,0.0013201312,0.0
2025-05-10 08:00:00,solar.bun_carm1#realenergyintotheload#kwh,BUNDOORA,0.8125,0.45040625,5.7383404,5.568328,71.0
2025-05-10 09:00:00,solar.bun_carm1#realenergyintotheload#kwh,BUNDOORA,9.4375,4.44684,17.218279,16.708145,236.0
2025-05-10 10:00:00,solar.bun_carm1#realenergyintotheload#kwh,BUNDOORA,25.5625,22.08772,29.741138,28.859983,387.0
2025-05-10 11:00:00,solar.bun_carm1#realenergyintotheload#kwh,BUNDOORA,36.875,37.224346,37.602345,36.48828,498.0
2025-05-10 12:00:00,solar.bun_carm1#realenergyintotheload#kwh,BUNDOORA,42.125,40.227943,41.915657,40.6738,557.0
2025-05-10 13:00:00,solar.bun_carm1#realenergyintotheload#kwh,BUNDOORA,41.75,40.85471,41.97834,40.734627,557.0
2025-05-10 14:00:00,solar.bun_carm1#realenergyintotheload#kwh,BUNDOORA,37.25,36.697353,37.444607,36.335217,499.0
2025-05-10 15:00:00,solar.bun_carm1#realenergyintotheload#kwh,BUNDOORA,27.125,32.348083,29.675455,28.796246,389.0
2025-05-10 16:00:00,solar.bun_carm1#realenergyintotheload#kwh,BUNDOORA,12.6875,23.023945,17.680424,17.156597,239.0
2025-05-10 17:00:00,solar.bun_carm1#realenergyintotheload#kwh,BUNDOORA,2.3125,7.5966024,5.6250124,5.4583573,76.0
2025-05-10 18:00:00,solar.bun_carm1#realenergyintotheload#kwh,BUNDOORA,0.0625,1.630943,0.0019297195,0.0018725467,0.0
2025-05-10 19:00:00,solar.bun_carm1#realenergyintotheload#kwh,BUNDOORA,0.0,0.08599017,0.0019780602,0.0019194552,0.0
2025-05-10 20:00:00,solar.bun_carm1#realenergyintotheload#kwh,BUNDOORA,0.0,0.015693622,0.0013604376,0.0013201312,0.0
2025-05-10 21:00:00,solar.bun_carm1#realenergyintotheload#kwh,BUNDOORA,0.0,0.01956039,0.0013604376,0.0013201312,0.0
2025-05-10 22:00:00,solar.bun_carm1#realenergyintotheload#kwh,BUNDOORA,0.0,0.0038023915,0.0013604376,0.0013201312,0.0
2025-05-10 23:00:00,solar.bun_carm1#realenergyintotheload#kwh,BUNDOORA,0.0,0.0038023915,0.0013604376,0.0013201312,0.0
2025-05-11 00:00:00,solar.bun_carm1#realenergyintotheload#kwh,BUNDOORA,0.0,0.0061091436,0.0013604376,0.0013201312,0.0
2025-05-11 01:00:00,solar.bun_carm1#realenergyintotheload#kwh,BUNDOORA,0.0,0.0066326484,0.0013604376,0.0013201312,0.0
2025-05-11 02:00:00,solar.bun_carm1#realenergyintotheload#kwh,BUNDOORA,0.0,0.013005354,0.0013604376,0.0013201312,0.0
2025-05-11 03:00:00,solar.bun_carm1#realenergyintotheload#kwh,BUNDOORA,0.0,0.01203609,0.0013604376,0.0013201312,0.0
2025-05-11 04:00:00,solar.bun_carm1#realenergyintotheload#kwh,BUNDOORA,0.0,0.012529706,0.0013604376,0.0013201312,0.0
2025-05-11 05:00:00,solar.bun_carm1#realenergyintotheload#kwh,BUNDOORA,0.0,-0.020571455,0.0013604376,0.0013201312,0.0
2025-05-11 06:00:00,solar.bun_carm1#realenergyintotheload#kwh,BUNDOORA,0.0,-0.020571455,0.0013604376,0.0013201312,0.0
2025-05-11 07:00:00,solar.bun_carm1#realenergyintotheload#kwh,BUNDOORA,0.0,0.31736565,0.0013604376,0.0013201312,0.0
2025-05-11 08:00:00,solar.bun_carm1#realenergyintotheload#kwh,BUNDOORA,0.6875,3.8136077,5.547068,5.3827224,71.0
2025-05-11 09:00:00,solar.bun_carm1#realenergyintotheload#kwh,BUNDOORA,9.25,16.183735,17.46978,16.952194,236.0
2025-05-11 10:00:00,solar.bun_carm1#realenergyintotheload#kwh,BUNDOORA,24.5625,25.44836,29.070234,28.208956,390.0
2025-05-11 11:00:00,solar.bun_carm1#realenergyintotheload#kwh,BUNDOORA,35.875,38.433582,36.34594,35.2691,501.0
2025-05-11 12:00:00,solar.bun_carm1#realenergyintotheload#kwh,BUNDOORA,41.4375,42.76114,41.544,40.313152,559.0
2025-05-11 13:00:00,solar.bun_carm1#realenergyintotheload#kwh,BUNDOORA,40.8125,42.050488,41.555367,40.324184,559.0
2025-05-11 14:00:00,solar.bun_carm1#realenergyintotheload#kwh,BUNDOORA,36.0625,36.20986,36.581448,35.49763,501.0
2025-05-11 15:00:00,solar.bun_carm1#realenergyintotheload#kwh,BUNDOORA,27.0,20.170853,29.17944,28.314926,391.0
2025-05-11 16:00:00,solar.bun_carm1#realenergyintotheload#kwh,BUNDOORA,13.3125,19.406097,17.586107,17.065075,239.0
2025-05-11 17:00:00,solar.bun_carm1#realenergyintotheload#kwh,BUNDOORA,3.125,5.468013,4.8256636,4.682691,65.0
2025-05-11 18:00:00,solar.bun_carm1#realenergyintotheload#kwh,BUNDOORA,0.125,0.751046,-0.0037726527,0.0,0.0
2025-05-11 19:00:00,solar.bun_carm1#realenergyintotheload#kwh,BUNDOORA,0.0,0.13370918,-0.0011709025,0.0,0.0
2025-05-11 20:00:00,solar.bun_carm1#realenergyintotheload#kwh,BUNDOORA,0.0,-0.26080418,0.00066902995,0.00064920826,0.0
2025-05-11 21:00:00,solar.bun_carm1#realenergyintotheload#kwh,BUNDOORA,0.0,-0.043141864,0.0013791334,0.0013382732,0.0
2025-05-11 22:00:00,solar.bun_carm1#realenergyintotheload#kwh,BUNDOORA,0.0,-0.056120258,0.0019486914,0.0018909565,0.0
2025-05-11 23:00:00,solar.bun_carm1#realenergyintotheload#kwh,BUNDOORA,0.0,0.019962898,0.002610342,0.0025330042,0.0
2025-05-12 00:00:00,solar.bun_carm1#realenergyintotheload#kwh,BUNDOORA,0.0,0.03946834,0.0018930198,0.0018369344,0.0
2025-05-12 01:00:00,solar.bun_carm1#realenergyintotheload#kwh,BUNDOORA,0.0,0.046756648,0.0014274743,0.0013851818,0.0
2025-05-12 02:00:00,solar.bun_carm1#realenergyintotheload#kwh,BUNDOORA,0.0,0.0085539995,0.0021447968,0.0020812517,0.0
2025-05-12 03:00:00,solar.bun_carm1#realenergyintotheload#kwh,BUNDOORA,0.0,0.0030723982,0.0021447968,0.0020812517,0.0
2025-05-12 04:00:00,solar.bun_carm1#realenergyintotheload#kwh,BUNDOORA,0.0,0.0030723982,0.0021447968,0.0020812517,0.0
2025-05-12 05:00:00,solar.bun_carm1#realenergyintotheload#kwh,BUNDOORA,0.0,0.0030723982,0.0021447968,0.0020812517,0.0
2025-05-12 06:00:00,solar.bun_carm1#realenergyintotheload#kwh,BUNDOORA,0.0,0.017402327,0.0014274743,0.0013851818,0.0
2025-05-12 07:00:00,solar.bun_carm1#realenergyintotheload#kwh,BUNDOORA,0.0,0.16841991,0.0013604376,0.0013201312,0.0
2025-05-12 08:00:00,solar.bun_carm1#realenergyintotheload#kwh,BUNDOORA,0.6875,1.1490066,5.524203,5.3605347,68.0
2025-05-12 09:00:00,solar.bun_carm1#realenergyintotheload#kwh,BUNDOORA,8.875,13.0751705,17.357178,16.842928,233.0
2025-05-12 10:00:00,solar.bun_carm1#realenergyintotheload#kwh,BUNDOORA,23.9375,32.383377,28.54776,27.701962,384.0
2025-05-12 11:00:00,solar.bun_carm1#realenergyintotheload#kwh,BUNDOORA,35.0625,39.135483,36.34129,35.264587,496.0
2025-05-12 12:00:00,solar.bun_carm1#realenergyintotheload#kwh,BUNDOORA,39.75,41.622887,41.79817,40.55979,555.0
2025-05-12 13:00:00,solar.bun_carm1#realenergyintotheload#kwh,BUNDOORA,39.625,43.596943,41.870674,40.63015,555.0
2025-05-12 14:00:00,solar.bun_carm1#realenergyintotheload#kwh,BUNDOORA,37.5625,40.86689,36.71625,35.62844,496.0
2025-05-12 15:00:00,solar.bun_carm1#realenergyintotheload#kwh,BUNDOORA,26.875,26.773935,28.471342,27.627808,385.0
2025-05-12 16:00:00,solar.bun_carm1#realenergyintotheload#kwh,BUNDOORA,12.0,19.37625,17.37481,16.860037,235.0
2025-05-12 17:00:00,solar.bun_carm1#realenergyintotheload#kwh,BUNDOORA,2.3125,8.150127,5.328125,5.170266,70.0
2025-05-12 18:00:00,solar.bun_carm1#realenergyintotheload#kwh,BUNDOORA,0.0625,1.1610227,0.001996756,0.0019375972,0.0
2025-05-12 19:00:00,solar.bun_carm1#realenergyintotheload#kwh,BUNDOORA,0.0,-0.0365844,0.0020450968,0.0019845057,0.0
2025-05-12 20:00:00,solar.bun_carm1#realenergyintotheload#kwh,BUNDOORA,0.0,0.021021368,0.0019780602,0.0019194552,0.0
2025-05-12 21:00:00,solar.bun_carm1#realenergyintotheload#kwh,BUNDOORA,0.0,0.0027656234,0.0019780602,0.0019194552,0.0
2025-05-12 22:00:00,solar.bun_carm1#realenergyintotheload#kwh,BUNDOORA,0.0,0.0027656234,0.0019780602,0.0019194552,0.0
2025-05-12 23:00:00,solar.bun_carm1#realenergyintotheload#kwh,BUNDOORA,0.0,0.022743229,0.0019780602,0.0019194552,0.0
2025-05-13 00:00:00,solar.bun_carm1#realenergyintotheload#kwh,BUNDOORA,0.0,-0.12297672,0.0019780602,0.0019194552,0.0
2025-05-13 01:00:00,solar.bun_carm1#realenergyintotheload#kwh,BUNDOORA,0.0,-0.0026047986,0.0019780602,0.0019194552,0.0
2025-05-13 02:00:00,solar.bun_carm1#realenergyintotheload#kwh,BUNDOORA,0.0,-0.009059687,0.0019780602,0.0019194552,0.0
2025-05-13 03:00:00,solar.bun_carm1#realenergyintotheload#kwh,BUNDOORA,0.0,-0.009059687,0.0019780602,0.0019194552,0.0
2025-05-13 04:00:00,solar.bun_carm1#realenergyintotheload#kwh,BUNDOORA,0.0,-0.010870219,0.0019780602,0.0019194552,0.0
2025-05-13 05:00:00,solar.bun_carm1#realenergyintotheload#kwh,BUNDOORA,0.0,0.002275304,0.0019780602,0.0019194552,0.0
2025-05-13 06:00:00,solar.bun_carm1#realenergyintotheload#kwh,BUNDOORA,0.0,0.010065095,0.0019780602,0.0019194552,0.0
2025-05-13 07:00:00,solar.bun_carm1#realenergyintotheload#kwh,BUNDOORA,0.0,0.040620174,0.0013604376,0.0013201312,0.0
2025-05-13 08:00:00,solar.bun_carm1#realenergyintotheload#kwh,BUNDOORA,1.0,0.13016082,4.8323565,4.6891856,61.0
2025-05-13 09:00:00,solar.bun_carm1#realenergyintotheload#kwh,BUNDOORA,8.6875,1.1707517,16.340343,15.85622,222.0
2025-05-13 10:00:00,solar.bun_carm1#realenergyintotheload#kwh,BUNDOORA,23.5,21.53233,28.315737,27.476812,375.0
2025-05-13 11:00:00,solar.bun_carm1#realenergyintotheload#kwh,BUNDOORA,34.375,39.53538,36.624893,35.539787,486.0
2025-05-13 12:00:00,solar.bun_carm1#realenergyintotheload#kwh,BUNDOORA,38.875,36.80438,41.291294,40.067936,545.0
2025-05-13 13:00:00,solar.bun_carm1#realenergyintotheload#kwh,BUNDOORA,40.5625,42.220882,41.072388,39.855515,545.0
2025-05-13 14:00:00,solar.bun_carm1#realenergyintotheload#kwh,BUNDOORA,36.1875,41.78492,35.898315,34.83474,487.0
2025-05-13 15:00:00,solar.bun_carm1#realenergyintotheload#kwh,BUNDOORA,25.875,27.019287,28.203531,27.367931,377.0
2025-05-13 16:00:00,solar.bun_carm1#realenergyintotheload#kwh,BUNDOORA,11.75,19.911787,16.768888,16.272068,228.0
2025-05-13 17:00:00,solar.bun_carm1#realenergyintotheload#kwh,BUNDOORA,2.625,6.415708,4.973,4.8256626,66.0
2025-05-13 18:00:00,solar.bun_carm1#realenergyintotheload#kwh,BUNDOORA,0.0625,0.8181371,0.002596476,0.002519549,0.0
2025-05-13 19:00:00,solar.bun_carm1#realenergyintotheload#kwh,BUNDOORA,0.0,0.08599017,0.0019780602,0.0019194552,0.0
2025-05-13 20:00:00,solar.bun_carm1#realenergyintotheload#kwh,BUNDOORA,0.0,0.017951611,0.0013604376,0.0013201312,0.0
2025-05-13 21:00:00,solar.bun_carm1#realenergyintotheload#kwh,BUNDOORA,0.0,0.018262692,0.0013604376,0.0013201312,0.0
2025-05-13 22:00:00,solar.bun_carm1#realenergyintotheload#kwh,BUNDOORA,0.0,0.0156439,0.0013604376,0.0013201312,0.0
2025-05-13 23:00:00,solar.bun_carm1#realenergyintotheload#kwh,BUNDOORA,0.0,0.0156439,0.0013604376,0.0013201312,0.0
2025-05-14 00:00:00,solar.bun_carm1#realenergyintotheload#kwh,BUNDOORA,0.0,0.018262692,0.0013604376,0.0013201312,0.0
2025-05-14 01:00:00,solar.bun_carm1#realenergyintotheload#kwh,BUNDOORA,0.0,0.016167404,0.0013604376,0.0013201312,0.0
2025-05-14 02:00:00,solar.bun_carm1#realenergyintotheload#kwh,BUNDOORA,0.0,0.013005354,0.0013604376,0.0013201312,0.0
2025-05-14 03:00:00,solar.bun_carm1#realenergyintotheload#kwh,BUNDOORA,0.0,-0.021665381,0.0013604376,0.0013201312,0.0
2025-05-14 04:00:00,solar.bun_carm1#realenergyintotheload#kwh,BUNDOORA,0.0,-0.021665381,0.0013604376,0.0013201312,0.0
2025-05-14 05:00:00,solar.bun_carm1#realenergyintotheload#kwh,BUNDOORA,0.0,-0.021171765,0.0013604376,0.0013201312,0.0
2025-05-14 06:00:00,solar.bun_carm1#realenergyintotheload#kwh,BUNDOORA,0.0,-0.021171765,0.0013604376,0.0013201312,0.0
2025-05-14 07:00:00,solar.bun_carm1#realenergyintotheload#kwh,BUNDOORA,0.0,0.16835044,0.0013604376,0.0013201312,0.0
2025-05-14 08:00:00,solar.bun_carm1#realenergyintotheload#kwh,BUNDOORA,0.625,1.6883756,4.6465006,4.5088363,60.0
2025-05-14 09:00:00,solar.bun_carm1#realenergyintotheload#kwh,BUNDOORA,9.5625,12.997519,15.822222,15.353449,215.0
2025-05-14 10:00:00,solar.bun_carm1#realenergyintotheload#kwh,BUNDOORA,21.0625,29.898205,27.907385,27.080559,370.0
2025-05-14 11:00:00,solar.bun_carm1#realenergyintotheload#kwh,BUNDOORA,33.75,38.844875,35.855343,34.793037,483.0
2025-05-14 12:00:00,solar.bun_carm1#realenergyintotheload#kwh,BUNDOORA,39.1875,42.351955,40.75412,39.546677,543.0
2025-05-14 13:00:00,solar.bun_carm1#realenergyintotheload#kwh,BUNDOORA,36.875,40.357853,40.717094,39.51075,543.0
2025-05-14 14:00:00,solar.bun_carm1#realenergyintotheload#kwh,BUNDOORA,36.75,37.58948,35.61018,34.555138,485.0
2025-05-14 15:00:00,solar.bun_carm1#realenergyintotheload#kwh,BUNDOORA,25.75,23.551846,25.49881,24.743343,334.0
2025-05-14 16:00:00,solar.bun_carm1#realenergyintotheload#kwh,BUNDOORA,12.625,21.208889,16.481483,15.993178,222.0
2025-05-14 17:00:00,solar.bun_carm1#realenergyintotheload#kwh,BUNDOORA,2.5,12.51468,4.5636187,4.42841,62.0
2025-05-14 18:00:00,solar.bun_carm1#realenergyintotheload#kwh,BUNDOORA,0.0625,2.0631356,0.0026746297,0.0025953872,0.0
2025-05-14 19:00:00,solar.bun_carm1#realenergyintotheload#kwh,BUNDOORA,0.0,0.061082985,0.0026746297,0.0025953872,0.0
2025-05-14 20:00:00,solar.bun_carm1#realenergyintotheload#kwh,BUNDOORA,0.0,-0.029870661,0.0019780602,0.0019194552,0.0
2025-05-14 21:00:00,solar.bun_carm1#realenergyintotheload#kwh,BUNDOORA,0.0,-0.029870661,0.0019780602,0.0019194552,0.0
2025-05-14 22:00:00,solar.bun_carm1#realenergyintotheload#kwh,BUNDOORA,0.0,-0.039504882,0.0019780602,0.0019194552,0.0
2025-05-14 23:00:00,solar.bun_carm1#realenergyintotheload#kwh,BUNDOORA,0.0,-0.039504882,0.0019780602,0.0019194552,0.0
2025-05-15 00:00:00,solar.bun_carm1#realenergyintotheload#kwh,BUNDOORA,0.0,-0.026665127,0.0019780602,0.0019194552,0.0
2025-05-15 01:00:00,solar.bun_carm1#realenergyintotheload#kwh,BUNDOORA,0.0,-0.006913591,0.0019780602,0.0019194552,0.0
2025-05-15 02:00:00,solar.bun_carm1#realenergyintotheload#kwh,BUNDOORA,0.0,-0.0046029408,0.0019780602,0.0019194552,0.0
2025-05-15 03:00:00,solar.bun_carm1#realenergyintotheload#kwh,BUNDOORA,0.0,0.006584049,0.0019780602,0.0019194552,0.0
2025-05-15 04:00:00,solar.bun_carm1#realenergyintotheload#kwh,BUNDOORA,0.0,-0.003436596,0.0015344047,0.0014889442,0.0
2025-05-15 05:00:00,solar.bun_carm1#realenergyintotheload#kwh,BUNDOORA,0.0,-0.004814122,0.0016821693,0.0016323308,0.0
2025-05-15 06:00:00,solar.bun_carm1#realenergyintotheload#kwh,BUNDOORA,0.0,0.012187395,0.0020450968,0.0019845057,0.0
2025-05-15 07:00:00,solar.bun_carm1#realenergyintotheload#kwh,BUNDOORA,0.0,0.24263315,0.0015344047,0.0014889442,0.0
2025-05-15 08:00:00,solar.bun_carm1#realenergyintotheload#kwh,BUNDOORA,0.375,-0.048525807,1.9781549,1.9195471,29.0
2025-05-15 09:00:00,solar.bun_carm1#realenergyintotheload#kwh,BUNDOORA,8.125,0.7126332,13.0042715,12.618987,181.0
2025-05-15 10:00:00,solar.bun_carm1#realenergyintotheload#kwh,BUNDOORA,16.75,12.763222,21.831154,21.184351,281.0
2025-05-15 11:00:00,solar.bun_carm1#realenergyintotheload#kwh,BUNDOORA,24.3125,26.587217,36.204487,35.13184,469.0
2025-05-15 12:00:00,solar.bun_carm1#realenergyintotheload#kwh,BUNDOORA,32.6875,26.47316,26.63953,25.850267,332.0
2025-05-15 13:00:00,solar.bun_carm1#realenergyintotheload#kwh,BUNDOORA,17.8125,21.683317,20.390038,19.785933,253.0
2025-05-15 14:00:00,solar.bun_carm1#realenergyintotheload#kwh,BUNDOORA,23.875,33.30094,30.61975,29.712563,393.0
2025-05-15 15:00:00,solar.bun_carm1#realenergyintotheload#kwh,BUNDOORA,10.25,27.601814,24.155714,23.44004,316.0
2025-05-15 16:00:00,solar.bun_carm1#realenergyintotheload#kwh,BUNDOORA,11.6875,18.658726,14.318882,13.8946495,194.0
2025-05-15 17:00:00,solar.bun_carm1#realenergyintotheload#kwh,BUNDOORA,2.125,11.280907,4.5786295,4.442976,61.0
2025-05-15 18:00:00,solar.bun_carm1#realenergyintotheload#kwh,BUNDOORA,0.0625,1.4025702,0.0019780602,0.0019194552,0.0
2025-05-15 19:00:00,solar.bun_carm1#realenergyintotheload#kwh,BUNDOORA,0.0,0.011952208,0.0019780602,0.0019194552,0.0
2025-05-15 20:00:00,solar.bun_carm1#realenergyintotheload#kwh,BUNDOORA,0.0,-0.005944674,0.0019780602,0.0019194552,0.0
2025-05-15 21:00:00,solar.bun_carm1#realenergyintotheload#kwh,BUNDOORA,0.0,-0.010903136,0.0013604376,0.0013201312,0.0
2025-05-15 22:00:00,solar.bun_carm1#realenergyintotheload#kwh,BUNDOORA,0.0,0.0038023915,0.0013604376,0.0013201312,0.0
2025-05-15 23:00:00,solar.bun_carm1#realenergyintotheload#kwh,BUNDOORA,0.0,0.0043306574,0.0013604376,0.0013201312,0.0
2025-05-16 00:00:00,solar.bun_carm1#realenergyintotheload#kwh,BUNDOORA,0.0,0.0043258946,0.0013604376,0.0013201312,0.0
2025-05-16 01:00:00,solar.bun_carm1#realenergyintotheload#kwh,BUNDOORA,0.0,0.0043258946,0.0013604376,0.0013201312,0.0
2025-05-16 02:00:00,solar.bun_carm1#realenergyintotheload#kwh,BUNDOORA,0.0,0.001163844,0.0013604376,0.0013201312,0.0
2025-05-16 03:00:00,solar.bun_carm1#realenergyintotheload#kwh,BUNDOORA,0.0,0.00019457942,0.0013604376,0.0013201312,0.0
2025-05-16 04:00:00,solar.bun_carm1#realenergyintotheload#kwh,BUNDOORA,0.0,0.00019457942,0.0013604376,0.0013201312,0.0
2025-05-16 05:00:00,solar.bun_carm1#realenergyintotheload#kwh,BUNDOORA,0.0,0.0006881953,0.0013604376,0.0013201312,0.0
2025-05-16 06:00:00,solar.bun_carm1#realenergyintotheload#kwh,BUNDOORA,0.0,0.0006881953,0.0013604376,0.0013201312,0.0
2025-05-16 07:00:00,solar.bun_carm1#realenergyintotheload#kwh,BUNDOORA,0.0,0.10778799,0.0013604376,0.0013201312,0.0
2025-05-16 08:00:00,solar.bun_carm1#realenergyintotheload#kwh,BUNDOORA,0.625,-0.02346533,4.497796,4.3645377,56.0
2025-05-16 09:00:00,solar.bun_carm1#realenergyintotheload#kwh,BUNDOORA,7.8125,1.3366497,15.673829,15.209453,214.0
2025-05-16 10:00:00,solar.bun_carm1#realenergyintotheload#kwh,BUNDOORA,22.4375,21.437754,27.709442,26.888481,366.0
2025-05-16 11:00:00,solar.bun_carm1#realenergyintotheload#kwh,BUNDOORA,33.375,36.01394,36.283802,35.208805,477.0
2025-05-16 12:00:00,solar.bun_carm1#realenergyintotheload#kwh,BUNDOORA,29.75,20.499746,23.360422,22.668312,293.0
2025-05-16 13:00:00,solar.bun_carm1#realenergyintotheload#kwh,BUNDOORA,27.5625,34.023647,27.167328,26.362429,347.0
2025-05-16 14:00:00,solar.bun_carm1#realenergyintotheload#kwh,BUNDOORA,29.25,30.229868,27.890074,27.06376,362.0
2025-05-16 15:00:00,solar.bun_carm1#realenergyintotheload#kwh,BUNDOORA,21.875,23.51231,20.042292,19.448488,253.0
2025-05-16 16:00:00,solar.bun_carm1#realenergyintotheload#kwh,BUNDOORA,9.4375,12.143973,11.295695,10.961032,152.0
2025-05-16 17:00:00,solar.bun_carm1#realenergyintotheload#kwh,BUNDOORA,3.25,3.6026886,3.509037,3.405073,47.0
2025-05-16 18:00:00,solar.bun_carm1#realenergyintotheload#kwh,BUNDOORA,0.0,0.3095816,0.0010162058,0.0009860981,0.0
2025-05-16 19:00:00,solar.bun_carm1#realenergyintotheload#kwh,BUNDOORA,0.0,0.018979724,0.0015300922,0.0014847594,0.0
2025-05-16 20:00:00,solar.bun_carm1#realenergyintotheload#kwh,BUNDOORA,0.0,-0.119000144,0.0015300922,0.0014847594,0.0
2025-05-16 21:00:00,solar.bun_carm1#realenergyintotheload#kwh,BUNDOORA,0.0,0.009527248,0.000916782,0.00088962005,0.0
2025-05-16 22:00:00,solar.bun_carm1#realenergyintotheload#kwh,BUNDOORA,0.0,0.0048627853,0.0010645466,0.0010330068,0.0
2025-05-16 23:00:00,solar.bun_carm1#realenergyintotheload#kwh,BUNDOORA,0.0,0.0048627853,0.0016821693,0.0016323308,0.0
2025-05-17 00:00:00,solar.bun_carm1#realenergyintotheload#kwh,BUNDOORA,0.0,0.0017829239,0.0016821693,0.0016323308,0.0
2025-05-17 01:00:00,solar.bun_carm1#realenergyintotheload#kwh,BUNDOORA,0.0,0.0028920262,0.0016821693,0.0016323308,0.0
2025-05-17 02:00:00,solar.bun_carm1#realenergyintotheload#kwh,BUNDOORA,0.0,-0.004671964,0.0016821693,0.0016323308,0.0
2025-05-17 03:00:00,solar.bun_carm1#realenergyintotheload#kwh,BUNDOORA,0.0,0.013749377,0.0020450968,0.0019845057,0.0
2025-05-17 04:00:00,solar.bun_carm1#realenergyintotheload#kwh,BUNDOORA,0.0,-0.00112984,0.0016821693,0.0016323308,0.0
2025-05-17 05:00:00,solar.bun_carm1#realenergyintotheload#kwh,BUNDOORA,0.0,-2.0738167e-05,0.0016821693,0.0016323308,0.0
2025-05-17 06:00:00,solar.bun_carm1#realenergyintotheload#kwh,BUNDOORA,0.0,0.0022541569,0.0016821693,0.0016323308,0.0
2025-05-17 07:00:00,solar.bun_carm1#realenergyintotheload#kwh,BUNDOORA,0.0,0.5024519,0.0015344047,0.0014889442,0.0
2025-05-17 08:00:00,solar.bun_carm1#realenergyintotheload#kwh,BUNDOORA,0.5,1.4043005,1.3105024,1.2716755,20.0
2025-05-17 09:00:00,solar.bun_carm1#realenergyintotheload#kwh,BUNDOORA,1.3125,2.0538502,4.9298363,4.7837777,66.0
2025-05-17 10:00:00,solar.bun_carm1#realenergyintotheload#kwh,BUNDOORA,5.3125,8.864527,15.357196,14.902201,190.0
2025-05-17 11:00:00,solar.bun_carm1#realenergyintotheload#kwh,BUNDOORA,12.1875,17.145454,19.852808,19.26462,247.0
2025-05-17 12:00:00,solar.bun_carm1#realenergyintotheload#kwh,BUNDOORA,20.5,15.859822,19.2104,18.641243,237.0
2025-05-17 13:00:00,solar.bun_carm1#realenergyintotheload#kwh,BUNDOORA,12.5625,12.396976,8.93114,8.6665325,119.0
2025-05-17 14:00:00,solar.bun_carm1#realenergyintotheload#kwh,BUNDOORA,13.1875,13.559128,8.9254875,8.661048,115.0
2025-05-17 15:00:00,solar.bun_carm1#realenergyintotheload#kwh,BUNDOORA,12.1875,5.7591314,12.456461,12.087407,156.0
2025-05-17 16:00:00,solar.bun_carm1#realenergyintotheload#kwh,BUNDOORA,11.0,3.9627414,7.3222795,7.1053386,97.0
2025-05-17 17:00:00,solar.bun_carm1#realenergyintotheload#kwh,BUNDOORA,1.4375,1.7248062,1.6430984,1.5944175,26.0
2025-05-17 18:00:00,solar.bun_carm1#realenergyintotheload#kwh,BUNDOORA,0.0,0.8308726,0.0016709461,0.0016214402,0.0
2025-05-17 19:00:00,solar.bun_carm1#realenergyintotheload#kwh,BUNDOORA,0.0,0.0086924685,0.00066552084,0.0006458031,0.0
2025-05-17 20:00:00,solar.bun_carm1#realenergyintotheload#kwh,BUNDOORA,0.0,0.0046376158,0.0019970322,0.0019378652,0.0
2025-05-17 21:00:00,solar.bun_carm1#realenergyintotheload#kwh,BUNDOORA,0.0,0.010774014,0.0021447968,0.0020812517,0.0
2025-05-17 22:00:00,solar.bun_carm1#realenergyintotheload#kwh,BUNDOORA,0.0,-0.0021685855,0.0014223809,0.0013802393,0.0
2025-05-17 23:00:00,solar.bun_carm1#realenergyintotheload#kwh,BUNDOORA,0.0,-0.0021685855,0.002105086,0.0020427178,0.0
2025-05-18 00:00:00,solar.bun_carm1#realenergyintotheload#kwh,BUNDOORA,0.0,0.01492753,0.0014274743,0.0013851818,0.0
2025-05-18 01:00:00,solar.bun_carm1#realenergyintotheload#kwh,BUNDOORA,0.0,0.021300226,0.0014274743,0.0013851818,0.0
2025-05-18 02:00:00,solar.bun_carm1#realenergyintotheload#kwh,BUNDOORA,0.0,0.021222997,0.0014274743,0.0013851818,0.0
2025-05-18 03:00:00,solar.bun_carm1#realenergyintotheload#kwh,BUNDOORA,0.0,0.02014329,0.0014274743,0.0013851818,0.0
2025-05-18 04:00:00,solar.bun_carm1#realenergyintotheload#kwh,BUNDOORA,0.0,-0.020571455,0.0013604376,0.0013201312,0.0
2025-05-18 05:00:00,solar.bun_carm1#realenergyintotheload#kwh,BUNDOORA,0.0,0.0004789909,0.0013604376,0.0013201312,0.0
2025-05-18 06:00:00,solar.bun_carm1#realenergyintotheload#kwh,BUNDOORA,0.0,-0.02116848,0.0013604376,0.0013201312,0.0
2025-05-18 07:00:00,solar.bun_carm1#realenergyintotheload#kwh,BUNDOORA,0.0,0.6055588,0.0013604376,0.0013201312,0.0
2025-05-18 08:00:00,solar.bun_carm1#realenergyintotheload#kwh,BUNDOORA,0.625,2.9503899,4.044593,3.9247618,54.0
2025-05-18 09:00:00,solar.bun_carm1#realenergyintotheload#kwh,BUNDOORA,7.0625,7.984151,16.235966,15.754934,219.0
2025-05-18 10:00:00,solar.bun_carm1#realenergyintotheload#kwh,BUNDOORA,23.8125,25.121784,27.714548,26.893435,372.0
2025-05-18 11:00:00,solar.bun_carm1#realenergyintotheload#kwh,BUNDOORA,36.375,34.690907,36.35571,35.27858,485.0
2025-05-18 12:00:00,solar.bun_carm1#realenergyintotheload#kwh,BUNDOORA,42.0,42.649162,40.300133,39.10614,544.0
2025-05-18 13:00:00,solar.bun_carm1#realenergyintotheload#kwh,BUNDOORA,43.3125,41.049904,40.28754,39.09392,544.0
2025-05-18 14:00:00,solar.bun_carm1#realenergyintotheload#kwh,BUNDOORA,34.5625,26.441805,31.975529,31.028173,416.0
2025-05-18 15:00:00,solar.bun_carm1#realenergyintotheload#kwh,BUNDOORA,22.4375,18.285215,18.014807,17.481073,229.0
2025-05-18 16:00:00,solar.bun_carm1#realenergyintotheload#kwh,BUNDOORA,7.4375,8.771464,11.282183,10.94792,152.0
2025-05-18 17:00:00,solar.bun_carm1#realenergyintotheload#kwh,BUNDOORA,3.375,4.32704,3.5396366,3.434766,47.0
2025-05-18 18:00:00,solar.bun_carm1#realenergyintotheload#kwh,BUNDOORA,0.0625,0.3362146,-0.0016800145,0.0,0.0
2025-05-18 19:00:00,solar.bun_carm1#realenergyintotheload#kwh,BUNDOORA,0.0,0.06326324,0.00052126526,0.0005058215,0.0
2025-05-18 20:00:00,solar.bun_carm1#realenergyintotheload#kwh,BUNDOORA,0.0,-0.050927673,0.0013120968,0.0012732227,0.0
2025-05-18 21:00:00,solar.bun_carm1#realenergyintotheload#kwh,BUNDOORA,0.0,0.08845799,0.0019788537,0.0019202252,0.0
2025-05-18 22:00:00,solar.bun_carm1#realenergyintotheload#kwh,BUNDOORA,0.0,0.036503408,0.0018259832,0.0017718838,0.0
2025-05-18 23:00:00,solar.bun_carm1#realenergyintotheload#kwh,BUNDOORA,0.0,-0.013418275,0.0013604376,0.0013201312,0.0
2025-05-19 00:00:00,solar.bun_carm1#realenergyintotheload#kwh,BUNDOORA,0.0,-0.00428564,0.0013604376,0.0013201312,0.0
2025-05-19 01:00:00,solar.bun_carm1#realenergyintotheload#kwh,BUNDOORA,0.0,-0.00428564,0.0013604376,0.0013201312,0.0
2025-05-19 02:00:00,solar.bun_carm1#realenergyintotheload#kwh,BUNDOORA,0.0,-0.00428564,0.0013604376,0.0013201312,0.0
2025-05-19 03:00:00,solar.bun_carm1#realenergyintotheload#kwh,BUNDOORA,0.0,-0.005222869,0.0013604376,0.0013201312,0.0
2025-05-19 04:00:00,solar.bun_carm1#realenergyintotheload#kwh,BUNDOORA,0.0,-0.02968811,0.0013604376,0.0013201312,0.0
2025-05-19 05:00:00,solar.bun_carm1#realenergyintotheload#kwh,BUNDOORA,0.0,-0.017247126,0.0013604376,0.0013201312,0.0
2025-05-19 06:00:00,solar.bun_carm1#realenergyintotheload#kwh,BUNDOORA,0.0,-0.017247126,0.0013604376,0.0013201312,0.0
2025-05-19 07:00:00,solar.bun_carm1#realenergyintotheload#kwh,BUNDOORA,0.0,0.6060581,0.0013604376,0.0013201312,0.0
2025-05-19 08:00:00,solar.bun_carm1#realenergyintotheload#kwh,BUNDOORA,0.4375,2.772704,4.0338154,3.9143035,55.0
2025-05-19 09:00:00,solar.bun_carm1#realenergyintotheload#kwh,BUNDOORA,7.5625,10.710484,15.633514,15.170332,218.0
2025-05-19 10:00:00,solar.bun_carm1#realenergyintotheload#kwh,BUNDOORA,23.375,21.46633,27.929989,27.102493,370.0
2025-05-19 11:00:00,solar.bun_carm1#realenergyintotheload#kwh,BUNDOORA,35.3125,32.26094,36.816383,35.725605,482.0
2025-05-19 12:00:00,solar.bun_carm1#realenergyintotheload#kwh,BUNDOORA,41.1875,39.026245,39.777287,38.598785,542.0
2025-05-19 13:00:00,solar.bun_carm1#realenergyintotheload#kwh,BUNDOORA,41.4375,36.27919,39.675114,38.499638,542.0
2025-05-19 14:00:00,solar.bun_carm1#realenergyintotheload#kwh,BUNDOORA,37.75,27.810991,36.52999,35.4477,484.0
2025-05-19 15:00:00,solar.bun_carm1#realenergyintotheload#kwh,BUNDOORA,26.8125,17.20431,27.69791,26.87729,374.0
2025-05-19 16:00:00,solar.bun_carm1#realenergyintotheload#kwh,BUNDOORA,11.1875,14.5923395,16.310846,15.827597,222.0
2025-05-19 17:00:00,solar.bun_carm1#realenergyintotheload#kwh,BUNDOORA,1.8125,6.638788,4.473521,4.340982,59.0
2025-05-19 18:00:00,solar.bun_carm1#realenergyintotheload#kwh,BUNDOORA,0.0,0.558794,0.0013120968,0.0012732227,0.0
2025-05-19 19:00:00,solar.bun_carm1#realenergyintotheload#kwh,BUNDOORA,0.0,-0.017551996,0.0013604376,0.0013201312,0.0
2025-05-19 20:00:00,solar.bun_carm1#realenergyintotheload#kwh,BUNDOORA,0.0,-0.009006131,0.0013604376,0.0013201312,0.0
2025-05-19 21:00:00,solar.bun_carm1#realenergyintotheload#kwh,BUNDOORA,0.0,-0.0011205834,0.0013604376,0.0013201312,0.0
2025-05-19 22:00:00,solar.bun_carm1#realenergyintotheload#kwh,BUNDOORA,0.0,-0.011696183,0.0013604376,0.0013201312,0.0
2025-05-19 23:00:00,solar.bun_carm1#realenergyintotheload#kwh,BUNDOORA,0.0,-0.006842464,0.0013604376,0.0013201312,0.0
2025-05-20 00:00:00,solar.bun_carm1#realenergyintotheload#kwh,BUNDOORA,0.0,-0.006842464,0.0013604376,0.0013201312,0.0
2025-05-20 01:00:00,solar.bun_carm1#realenergyintotheload#kwh,BUNDOORA,0.0,-0.022600459,0.0013604376,0.0013201312,0.0
2025-05-20 02:00:00,solar.bun_carm1#realenergyintotheload#kwh,BUNDOORA,0.0,-0.01776838,0.0013604376,0.0013201312,0.0
2025-05-20 03:00:00,solar.bun_carm1#realenergyintotheload#kwh,BUNDOORA,0.0,-0.015253839,0.0013604376,0.0013201312,0.0
2025-05-20 04:00:00,solar.bun_carm1#realenergyintotheload#kwh,BUNDOORA,0.0,-0.014757614,0.0013604376,0.0013201312,0.0
2025-05-20 05:00:00,solar.bun_carm1#realenergyintotheload#kwh,BUNDOORA,0.0,-0.014757614,0.0013604376,0.0013201312,0.0
2025-05-20 06:00:00,solar.bun_carm1#realenergyintotheload#kwh,BUNDOORA,0.0,-0.014757614,0.0013604376,0.0013201312,0.0
2025-05-20 07:00:00,solar.bun_carm1#realenergyintotheload#kwh,BUNDOORA,0.0,0.08610616,0.0013604376,0.0013201312,0.0
2025-05-20 08:00:00,solar.bun_carm1#realenergyintotheload#kwh,BUNDOORA,0.375,-0.10802862,3.8003054,3.6877117,52.0
2025-05-20 09:00:00,solar.bun_carm1#realenergyintotheload#kwh,BUNDOORA,6.9375,3.0271382,15.721519,15.25573,217.0
2025-05-20 10:00:00,solar.bun_carm1#realenergyintotheload#kwh,BUNDOORA,23.3125,17.562513,27.632074,26.813404,371.0
2025-05-20 11:00:00,solar.bun_carm1#realenergyintotheload#kwh,BUNDOORA,35.5625,30.400766,36.52999,35.4477,483.0
2025-05-20 12:00:00,solar.bun_carm1#realenergyintotheload#kwh,BUNDOORA,41.25,35.161263,39.441566,38.27301,541.0
2025-05-20 13:00:00,solar.bun_carm1#realenergyintotheload#kwh,BUNDOORA,42.0625,34.40269,39.222233,38.060177,540.0
2025-05-20 14:00:00,solar.bun_carm1#realenergyintotheload#kwh,BUNDOORA,36.6875,28.206669,35.809586,34.74864,481.0
2025-05-20 15:00:00,solar.bun_carm1#realenergyintotheload#kwh,BUNDOORA,25.8125,20.590654,27.57551,26.758516,371.0
2025-05-20 16:00:00,solar.bun_carm1#realenergyintotheload#kwh,BUNDOORA,10.5625,12.990146,15.595333,15.133283,220.0
2025-05-20 17:00:00,solar.bun_carm1#realenergyintotheload#kwh,BUNDOORA,1.875,6.058202,4.0272064,3.9078903,55.0
2025-05-20 18:00:00,solar.bun_carm1#realenergyintotheload#kwh,BUNDOORA,0.0625,0.58433896,-0.0016403041,0.0,0.0
2025-05-20 19:00:00,solar.bun_carm1#realenergyintotheload#kwh,BUNDOORA,0.0,-0.012871375,0.0013791334,0.0013382732,0.0
2025-05-20 20:00:00,solar.bun_carm1#realenergyintotheload#kwh,BUNDOORA,0.0,0.021508617,0.0018259832,0.0017718838,0.0
2025-05-20 21:00:00,solar.bun_carm1#realenergyintotheload#kwh,BUNDOORA,0.0,-0.025055086,0.0013604376,0.0013201312,0.0
2025-05-20 22:00:00,solar.bun_carm1#realenergyintotheload#kwh,BUNDOORA,0.0,-0.007360327,0.0013604376,0.0013201312,0.0
2025-05-20 23:00:00,solar.bun_carm1#realenergyintotheload#kwh,BUNDOORA,0.0,-0.00036915106,0.0013604376,0.0013201312,0.0
2025-05-21 00:00:00,solar.bun_carm1#realenergyintotheload#kwh,BUNDOORA,0.0,-0.007213846,0.0013604376,0.0013201312,0.0
2025-05-21 01:00:00,solar.bun_carm1#realenergyintotheload#kwh,BUNDOORA,0.0,-0.016127141,0.0013604376,0.0013201312,0.0
2025-05-21 02:00:00,solar.bun_carm1#realenergyintotheload#kwh,BUNDOORA,0.0,-0.016127141,0.0013604376,0.0013201312,0.0
2025-05-21 03:00:00,solar.bun_carm1#realenergyintotheload#kwh,BUNDOORA,0.0,-0.01706437,0.0013604376,0.0013201312,0.0
2025-05-21 04:00:00,solar.bun_carm1#realenergyintotheload#kwh,BUNDOORA,0.0,-0.01706437,0.0013604376,0.0013201312,0.0
2025-05-21 05:00:00,solar.bun_carm1#realenergyintotheload#kwh,BUNDOORA,0.0,-0.01706437,0.0013604376,0.0013201312,0.0
2025-05-21 06:00:00,solar.bun_carm1#realenergyintotheload#kwh,BUNDOORA,0.0,-0.01706437,0.0013604376,0.0013201312,0.0
2025-05-21 07:00:00,solar.bun_carm1#realenergyintotheload#kwh,BUNDOORA,0.0,0.16044404,0.0013604376,0.0013201312,0.0
2025-05-21 08:00:00,solar.bun_carm1#realenergyintotheload#kwh,BUNDOORA,0.375,0.103071205,3.6377182,3.5299418,47.0
2025-05-21 09:00:00,solar.bun_carm1#realenergyintotheload#kwh,BUNDOORA,6.875,4.261415,15.165729,14.716406,205.0
2025-05-21 10:00:00,solar.bun_carm1#realenergyintotheload#kwh,BUNDOORA,22.1875,23.41955,26.18079,25.405119,356.0
2025-05-21 11:00:00,solar.bun_carm1#realenergyintotheload#kwh,BUNDOORA,33.6875,28.993475,35.14363,34.102413,466.0
2025-05-21 12:00:00,solar.bun_carm1#realenergyintotheload#kwh,BUNDOORA,38.5625,37.043785,38.424488,37.286068,525.0
2025-05-21 13:00:00,solar.bun_carm1#realenergyintotheload#kwh,BUNDOORA,39.5,36.25081,38.20817,37.07616,526.0
2025-05-21 14:00:00,solar.bun_carm1#realenergyintotheload#kwh,BUNDOORA,36.0625,22.989872,35.374386,34.326332,469.0
2025-05-21 15:00:00,solar.bun_carm1#realenergyintotheload#kwh,BUNDOORA,24.3125,19.696356,26.559784,25.772884,361.0
2025-05-21 16:00:00,solar.bun_carm1#realenergyintotheload#kwh,BUNDOORA,10.5625,14.560975,15.292181,14.839112,212.0
2025-05-21 17:00:00,solar.bun_carm1#realenergyintotheload#kwh,BUNDOORA,2.25,3.9397876,3.3137062,3.2155294,44.0
2025-05-21 18:00:00,solar.bun_carm1#realenergyintotheload#kwh,BUNDOORA,0.0625,0.65075964,-0.0016403041,0.0,0.0
2025-05-21 19:00:00,solar.bun_carm1#realenergyintotheload#kwh,BUNDOORA,0.0,0.001727656,0.00015833782,0.00015364666,0.0
2025-05-21 20:00:00,solar.bun_carm1#realenergyintotheload#kwh,BUNDOORA,0.0,0.025068164,0.0013604376,0.0013201312,0.0
2025-05-21 21:00:00,solar.bun_carm1#realenergyintotheload#kwh,BUNDOORA,0.0,0.013005354,0.0013604376,0.0013201312,0.0
2025-05-21 22:00:00,solar.bun_carm1#realenergyintotheload#kwh,BUNDOORA,0.0,0.013005354,0.0013604376,0.0013201312,0.0
2025-05-21 23:00:00,solar.bun_carm1#realenergyintotheload#kwh,BUNDOORA,0.0,0.013005354,0.0013604376,0.0013201312,0.0
2025-05-22 00:00:00,solar.bun_carm1#realenergyintotheload#kwh,BUNDOORA,0.0,0.0052337935,0.0014274743,0.0013851818,0.0
2025-05-22 01:00:00,solar.bun_carm1#realenergyintotheload#kwh,BUNDOORA,0.0,0.004529536,0.0013604376,0.0013201312,0.0
2025-05-22 02:00:00,solar.bun_carm1#realenergyintotheload#kwh,BUNDOORA,0.0,0.012186519,0.0014274743,0.0013851818,0.0
2025-05-22 03:00:00,solar.bun_carm1#realenergyintotheload#kwh,BUNDOORA,0.0,0.008851389,0.0014274743,0.0013851818,0.0
2025-05-22 04:00:00,solar.bun_carm1#realenergyintotheload#kwh,BUNDOORA,0.0,0.009109283,0.0013604376,0.0013201312,0.0
2025-05-22 05:00:00,solar.bun_carm1#realenergyintotheload#kwh,BUNDOORA,0.0,0.0064017093,0.0013604376,0.0013201312,0.0
2025-05-22 06:00:00,solar.bun_carm1#realenergyintotheload#kwh,BUNDOORA,0.0,0.008851389,0.0014274743,0.0013851818,0.0
2025-05-22 07:00:00,solar.bun_carm1#realenergyintotheload#kwh,BUNDOORA,0.0,0.20200409,0.0014274743,0.0013851818,0.0
2025-05-22 08:00:00,solar.bun_carm1#realenergyintotheload#kwh,BUNDOORA,0.25,0.41894948,1.6370322,1.588531,26.0
2025-05-22 09:00:00,solar.bun_carm1#realenergyintotheload#kwh,BUNDOORA,2.4375,1.5134165,9.67953,9.39275,142.0
2025-05-22 10:00:00,solar.bun_carm1#realenergyintotheload#kwh,BUNDOORA,12.25,16.877928,18.693472,18.139631,242.0
2025-05-22 11:00:00,solar.bun_carm1#realenergyintotheload#kwh,BUNDOORA,33.0625,32.65955,34.181606,33.16889,442.0
2025-05-22 12:00:00,solar.bun_carm1#realenergyintotheload#kwh,BUNDOORA,37.8125,36.31215,38.331264,37.195606,500.0
2025-05-22 13:00:00,solar.bun_carm1#realenergyintotheload#kwh,BUNDOORA,33.0625,36.088966,38.02456,36.897987,501.0
2025-05-22 14:00:00,solar.bun_carm1#realenergyintotheload#kwh,BUNDOORA,28.1875,28.65282,29.737896,28.856836,387.0
2025-05-22 15:00:00,solar.bun_carm1#realenergyintotheload#kwh,BUNDOORA,23.4375,21.157623,21.028059,20.40505,277.0
2025-05-22 16:00:00,solar.bun_carm1#realenergyintotheload#kwh,BUNDOORA,6.625,5.459649,6.1332984,5.951584,82.0
2025-05-22 17:00:00,solar.bun_carm1#realenergyintotheload#kwh,BUNDOORA,1.875,7.1619153,0.7837303,0.7605104,14.0
2025-05-22 18:00:00,solar.bun_carm1#realenergyintotheload#kwh,BUNDOORA,0.0,0.9979427,0.0030840866,0.002992713,0.0
2025-05-22 19:00:00,solar.bun_carm1#realenergyintotheload#kwh,BUNDOORA,0.0,0.100978054,0.0022359472,0.0021697017,0.0
2025-05-22 20:00:00,solar.bun_carm1#realenergyintotheload#kwh,BUNDOORA,0.0,0.040070496,0.0020486263,0.0019879306,0.0
2025-05-22 21:00:00,solar.bun_carm1#realenergyintotheload#kwh,BUNDOORA,0.0,0.026349379,0.002196391,0.0021313175,0.0
2025-05-22 22:00:00,solar.bun_carm1#realenergyintotheload#kwh,BUNDOORA,0.0,-0.02229615,0.002196391,0.0021313175,0.0
2025-05-22 23:00:00,solar.bun_carm1#realenergyintotheload#kwh,BUNDOORA,0.0,-0.02229615,0.0022359472,0.0021697017,0.0
2025-05-23 00:00:00,solar.bun_carm1#realenergyintotheload#kwh,BUNDOORA,0.0,-0.02229615,0.0018730203,0.0018175275,0.0
2025-05-23 01:00:00,solar.bun_carm1#realenergyintotheload#kwh,BUNDOORA,0.0,-0.011221255,0.0020486263,0.0019879306,0.0
2025-05-23 02:00:00,solar.bun_carm1#realenergyintotheload#kwh,BUNDOORA,0.0,-0.01349615,0.0020038374,0.0019444687,0.0
2025-05-23 03:00:00,solar.bun_carm1#realenergyintotheload#kwh,BUNDOORA,0.0,-0.011221255,0.0017252555,0.0016741405,0.0
2025-05-23 04:00:00,solar.bun_carm1#realenergyintotheload#kwh,BUNDOORA,0.0,-0.012735493,0.0017252555,0.0016741405,0.0
2025-05-23 05:00:00,solar.bun_carm1#realenergyintotheload#kwh,BUNDOORA,0.0,-0.012735493,0.0017252555,0.0016741405,0.0
2025-05-23 06:00:00,solar.bun_carm1#realenergyintotheload#kwh,BUNDOORA,0.0,-0.02229615,0.0017252555,0.0016741405,0.0
2025-05-23 07:00:00,solar.bun_carm1#realenergyintotheload#kwh,BUNDOORA,0.0,0.47962406,0.0017252555,0.0016741405,0.0
2025-05-23 08:00:00,solar.bun_carm1#realenergyintotheload#kwh,BUNDOORA,0.375,2.2017152,0.5249031,0.50935155,11.0
2025-05-23 09:00:00,solar.bun_carm1#realenergyintotheload#kwh,BUNDOORA,3.1875,1.5352077,6.699571,6.5010796,89.0
2025-05-23 10:00:00,solar.bun_carm1#realenergyintotheload#kwh,BUNDOORA,6.1875,3.274261,7.105809,6.895282,96.0
2025-05-23 11:00:00,solar.bun_carm1#realenergyintotheload#kwh,BUNDOORA,9.9375,7.6165767,6.4530115,6.261825,85.0
2025-05-23 12:00:00,solar.bun_carm1#realenergyintotheload#kwh,BUNDOORA,18.25,15.514773,19.476934,18.899881,249.0
2025-05-23 13:00:00,solar.bun_carm1#realenergyintotheload#kwh,BUNDOORA,21.9375,10.381189,23.948519,23.238983,299.0
2025-05-23 14:00:00,solar.bun_carm1#realenergyintotheload#kwh,BUNDOORA,14.6875,15.040855,18.840189,18.282001,238.0
2025-05-23 15:00:00,solar.bun_carm1#realenergyintotheload#kwh,BUNDOORA,5.9375,4.4662886,7.8279,7.5959787,104.0
2025-05-23 16:00:00,solar.bun_carm1#realenergyintotheload#kwh,BUNDOORA,5.8125,3.0554955,2.6659756,2.5869894,37.0
2025-05-23 17:00:00,solar.bun_carm1#realenergyintotheload#kwh,BUNDOORA,3.375,2.8199825,0.79465693,0.7711132,15.0
2025-05-23 18:00:00,solar.bun_carm1#realenergyintotheload#kwh,BUNDOORA,0.0,0.55108845,0.002559318,0.0024834918,0.0
2025-05-23 19:00:00,solar.bun_carm1#realenergyintotheload#kwh,BUNDOORA,0.0,-0.03344109,0.002559318,0.0024834918,0.0
2025-05-23 20:00:00,solar.bun_carm1#realenergyintotheload#kwh,BUNDOORA,0.0,-0.026001371,0.002196391,0.0021313175,0.0
2025-05-23 21:00:00,solar.bun_carm1#realenergyintotheload#kwh,BUNDOORA,0.0,-0.027471209,0.002559318,0.0024834918,0.0
2025-05-23 22:00:00,solar.bun_carm1#realenergyintotheload#kwh,BUNDOORA,0.0,-0.023923267,0.002559318,0.0024834918,0.0
2025-05-23 23:00:00,solar.bun_carm1#realenergyintotheload#kwh,BUNDOORA,0.0,-0.023923267,0.002559318,0.0024834918,0.0
2025-05-24 00:00:00,solar.bun_carm1#realenergyintotheload#kwh,BUNDOORA,0.0,-0.09050114,0.002559318,0.0024834918,0.0
2025-05-24 01:00:00,solar.bun_carm1#realenergyintotheload#kwh,BUNDOORA,0.0,-0.02620515,0.0032369308,0.0031410286,0.0
2025-05-24 02:00:00,solar.bun_carm1#realenergyintotheload#kwh,BUNDOORA,0.0,-0.016895039,0.002865847,0.002780939,0.0
2025-05-24 03:00:00,solar.bun_carm1#realenergyintotheload#kwh,BUNDOORA,0.0,-0.0138604725,0.0032766405,0.0031795618,0.0
2025-05-24 04:00:00,solar.bun_carm1#realenergyintotheload#kwh,BUNDOORA,0.0,-0.018229239,0.0032766405,0.0031795618,0.0
2025-05-24 05:00:00,solar.bun_carm1#realenergyintotheload#kwh,BUNDOORA,0.0,-0.013462088,0.0032766405,0.0031795618,0.0
2025-05-24 06:00:00,solar.bun_carm1#realenergyintotheload#kwh,BUNDOORA,0.0,-0.013462088,0.0032766405,0.0031795618,0.0
2025-05-24 07:00:00,solar.bun_carm1#realenergyintotheload#kwh,BUNDOORA,0.0,0.60813344,0.0032766405,0.0031795618,0.0
2025-05-24 08:00:00,solar.bun_carm1#realenergyintotheload#kwh,BUNDOORA,0.4375,3.9062004,1.6489195,1.6000661,26.0
2025-05-24 09:00:00,solar.bun_carm1#realenergyintotheload#kwh,BUNDOORA,5.1875,10.17495,14.120211,13.701864,191.0
2025-05-24 10:00:00,solar.bun_carm1#realenergyintotheload#kwh,BUNDOORA,20.6875,25.972137,25.478949,24.724072,340.0
2025-05-24 11:00:00,solar.bun_carm1#realenergyintotheload#kwh,BUNDOORA,33.125,33.75825,34.153236,33.14136,450.0
2025-05-24 12:00:00,solar.bun_carm1#realenergyintotheload#kwh,BUNDOORA,39.0625,37.73062,37.336056,36.22988,507.0
2025-05-24 13:00:00,solar.bun_carm1#realenergyintotheload#kwh,BUNDOORA,37.3125,35.214123,37.28776,36.183018,507.0
2025-05-24 14:00:00,solar.bun_carm1#realenergyintotheload#kwh,BUNDOORA,29.875,28.35089,30.705776,29.796041,413.0
2025-05-24 15:00:00,solar.bun_carm1#realenergyintotheload#kwh,BUNDOORA,16.625,27.801165,24.442665,23.71849,328.0
2025-05-24 16:00:00,solar.bun_carm1#realenergyintotheload#kwh,BUNDOORA,7.3125,8.676121,12.842305,12.46182,170.0
2025-05-24 17:00:00,solar.bun_carm1#realenergyintotheload#kwh,BUNDOORA,2.6875,2.7120943,2.1217208,2.0588596,32.0
2025-05-24 18:00:00,solar.bun_carm1#realenergyintotheload#kwh,BUNDOORA,0.0625,0.28297633,1.194037e-05,1.1586607e-05,0.0
2025-05-24 19:00:00,solar.bun_carm1#realenergyintotheload#kwh,BUNDOORA,0.0,-0.054568887,0.0030954417,0.0030037316,0.0
2025-05-24 20:00:00,solar.bun_carm1#realenergyintotheload#kwh,BUNDOORA,0.0,-0.2077101,0.00064392085,0.00062484306,0.0
2025-05-24 21:00:00,solar.bun_carm1#realenergyintotheload#kwh,BUNDOORA,0.0,-0.06936089,0.00064392085,0.00062484306,0.0
2025-05-24 22:00:00,solar.bun_carm1#realenergyintotheload#kwh,BUNDOORA,0.0,0.0561892,0.00064392085,0.00062484306,0.0
2025-05-24 23:00:00,solar.bun_carm1#realenergyintotheload#kwh,BUNDOORA,0.0,0.055744678,0.00064392085,0.00062484306,0.0
2025-05-25 00:00:00,solar.bun_carm1#realenergyintotheload#kwh,BUNDOORA,0.0,0.02607184,0.0037619448,0.0036504879,0.0
2025-05-25 01:00:00,solar.bun_carm1#realenergyintotheload#kwh,BUNDOORA,0.0,0.111740515,0.0034190663,0.003317768,0.0
2025-05-25 02:00:00,solar.bun_carm1#realenergyintotheload#kwh,BUNDOORA,0.0,0.049949467,0.0034190663,0.003317768,0.0
2025-05-25 03:00:00,solar.bun_carm1#realenergyintotheload#kwh,BUNDOORA,0.0,0.16590583,-0.0003910507,0.0,0.0
2025-05-25 04:00:00,solar.bun_carm1#realenergyintotheload#kwh,BUNDOORA,0.0,0.054427624,0.0017211915,0.0016701969,0.0
2025-05-25 05:00:00,solar.bun_carm1#realenergyintotheload#kwh,BUNDOORA,0.0,0.12949131,0.0006639368,0.00064426597,0.0
2025-05-25 06:00:00,solar.bun_carm1#realenergyintotheload#kwh,BUNDOORA,0.0,-0.49371168,0.0005622828,0.00054562377,0.0
2025-05-25 07:00:00,solar.bun_carm1#realenergyintotheload#kwh,BUNDOORA,0.0,1.1816835,0.0012723862,0.0012346886,0.0
2025-05-25 08:00:00,solar.bun_carm1#realenergyintotheload#kwh,BUNDOORA,0.3125,5.4997253,2.9653692,2.8775127,42.0
2025-05-25 09:00:00,solar.bun_carm1#realenergyintotheload#kwh,BUNDOORA,5.8125,17.19037,14.217907,13.796666,199.0
2025-05-25 10:00:00,solar.bun_carm1#realenergyintotheload#kwh,BUNDOORA,21.0,24.540457,25.413374,24.660439,345.0
2025-05-25 11:00:00,solar.bun_carm1#realenergyintotheload#kwh,BUNDOORA,32.25,31.911087,34.506702,33.484356,451.0
2025-05-25 12:00:00,solar.bun_carm1#realenergyintotheload#kwh,BUNDOORA,37.75,35.49864,36.212543,35.139656,480.0
2025-05-25 13:00:00,solar.bun_carm1#realenergyintotheload#kwh,BUNDOORA,29.6875,32.23832,34.725803,33.696964,465.0
2025-05-25 14:00:00,solar.bun_carm1#realenergyintotheload#kwh,BUNDOORA,37.5625,25.386286,32.899178,31.924458,440.0
2025-05-25 15:00:00,solar.bun_carm1#realenergyintotheload#kwh,BUNDOORA,24.25,26.32076,25.203556,24.456837,345.0
2025-05-25 16:00:00,solar.bun_carm1#realenergyintotheload#kwh,BUNDOORA,9.625,17.08802,15.018538,14.573577,201.0
2025-05-25 17:00:00,solar.bun_carm1#realenergyintotheload#kwh,BUNDOORA,1.4375,5.5135517,3.3010004,3.2031999,46.0
2025-05-25 18:00:00,solar.bun_carm1#realenergyintotheload#kwh,BUNDOORA,0.0,0.43577206,-0.0012386179,0.0,0.0
2025-05-25 19:00:00,solar.bun_carm1#realenergyintotheload#kwh,BUNDOORA,0.0,0.037273802,-0.003142392,0.0,0.0
2025-05-25 20:00:00,solar.bun_carm1#realenergyintotheload#kwh,BUNDOORA,0.0,-0.014428148,0.0006246675,0.00060616015,0.0
2025-05-25 21:00:00,solar.bun_carm1#realenergyintotheload#kwh,BUNDOORA,0.0,-0.009124143,0.00077044405,0.00074761774,0.0
2025-05-25 22:00:00,solar.bun_carm1#realenergyintotheload#kwh,BUNDOORA,0.0,-0.04253561,0.00044681912,0.00043358098,0.0
2025-05-25 23:00:00,solar.bun_carm1#realenergyintotheload#kwh,BUNDOORA,0.0,-0.05617311,0.00064392085,0.00062484306,0.0
2025-05-26 00:00:00,solar.bun_carm1#realenergyintotheload#kwh,BUNDOORA,0.0,-0.05617311,0.00064392085,0.00062484306,0.0
2025-05-26 01:00:00,solar.bun_carm1#realenergyintotheload#kwh,BUNDOORA,0.0,-0.19353178,0.00064392085,0.00062484306,0.0
2025-05-26 02:00:00,solar.bun_carm1#realenergyintotheload#kwh,BUNDOORA,0.0,-0.018662235,0.00343832,0.0033364512,0.0
2025-05-26 03:00:00,solar.bun_carm1#realenergyintotheload#kwh,BUNDOORA,0.0,-0.0046718167,0.00343832,0.0033364512,0.0
2025-05-26 04:00:00,solar.bun_carm1#realenergyintotheload#kwh,BUNDOORA,0.0,-0.06580882,0.00343832,0.0033364512,0.0
2025-05-26 05:00:00,solar.bun_carm1#realenergyintotheload#kwh,BUNDOORA,0.0,-0.007951669,0.00343832,0.0033364512,0.0
2025-05-26 06:00:00,solar.bun_carm1#realenergyintotheload#kwh,BUNDOORA,0.0,0.027500296,0.00064392085,0.00062484306,0.0
2025-05-26 07:00:00,solar.bun_carm1#realenergyintotheload#kwh,BUNDOORA,0.0,0.5510394,0.00064392085,0.00062484306,0.0
2025-05-26 08:00:00,solar.bun_carm1#realenergyintotheload#kwh,BUNDOORA,0.375,4.9637523,2.7032297,2.6231396,37.0
2025-05-26 09:00:00,solar.bun_carm1#realenergyintotheload#kwh,BUNDOORA,5.0625,14.735512,14.006709,13.591725,192.0
2025-05-26 10:00:00,solar.bun_carm1#realenergyintotheload#kwh,BUNDOORA,19.875,26.97109,25.061516,24.319006,335.0
2025-05-26 11:00:00,solar.bun_carm1#realenergyintotheload#kwh,BUNDOORA,32.1875,26.164345,32.876617,31.902565,443.0
2025-05-26 12:00:00,solar.bun_carm1#realenergyintotheload#kwh,BUNDOORA,38.3125,36.390995,36.242886,35.169098,503.0
2025-05-26 13:00:00,solar.bun_carm1#realenergyintotheload#kwh,BUNDOORA,39.25,35.55319,36.27746,35.20265,505.0
2025-05-26 14:00:00,solar.bun_carm1#realenergyintotheload#kwh,BUNDOORA,35.0,30.715536,33.320618,32.333412,450.0
2025-05-26 15:00:00,solar.bun_carm1#realenergyintotheload#kwh,BUNDOORA,20.1875,23.073816,20.799025,20.182802,274.0
2025-05-26 16:00:00,solar.bun_carm1#realenergyintotheload#kwh,BUNDOORA,11.3125,11.315493,12.681678,12.305951,169.0
2025-05-26 17:00:00,solar.bun_carm1#realenergyintotheload#kwh,BUNDOORA,2.125,1.7255418,1.9127544,1.8560842,30.0
2025-05-26 18:00:00,solar.bun_carm1#realenergyintotheload#kwh,BUNDOORA,0.0,0.25954184,-0.001993937,0.0,0.0
2025-05-26 19:00:00,solar.bun_carm1#realenergyintotheload#kwh,BUNDOORA,0.0,-0.080491304,0.0040123486,0.0038934727,0.0
2025-05-26 20:00:00,solar.bun_carm1#realenergyintotheload#kwh,BUNDOORA,0.0,0.050770298,0.0037619448,0.0036504879,0.0
2025-05-26 21:00:00,solar.bun_carm1#realenergyintotheload#kwh,BUNDOORA,0.0,0.087786764,0.003466257,0.0033635604,0.0
2025-05-26 22:00:00,solar.bun_carm1#realenergyintotheload#kwh,BUNDOORA,0.0,0.014857937,0.003466257,0.0033635604,0.0
2025-05-26 23:00:00,solar.bun_carm1#realenergyintotheload#kwh,BUNDOORA,0.0,0.032910615,0.003466257,0.0033635604,0.0
2025-05-27 00:00:00,solar.bun_carm1#realenergyintotheload#kwh,BUNDOORA,0.0,0.004410156,0.0033204802,0.0032221028,0.0
2025-05-27 01:00:00,solar.bun_carm1#realenergyintotheload#kwh,BUNDOORA,0.0,0.031193918,0.0033204802,0.0032221028,0.0
2025-05-27 02:00:00,solar.bun_carm1#realenergyintotheload#kwh,BUNDOORA,0.0,-0.027278421,0.003100573,0.003008711,0.0
2025-05-27 03:00:00,solar.bun_carm1#realenergyintotheload#kwh,BUNDOORA,0.0,0.09304602,0.0022947055,0.0022267192,0.0
2025-05-27 04:00:00,solar.bun_carm1#realenergyintotheload#kwh,BUNDOORA,0.0,0.08012971,0.0013796313,0.0013387563,0.0
2025-05-27 05:00:00,solar.bun_carm1#realenergyintotheload#kwh,BUNDOORA,0.0,0.043460727,0.0016709461,0.0016214402,0.0
2025-05-27 06:00:00,solar.bun_carm1#realenergyintotheload#kwh,BUNDOORA,0.0,0.058388352,0.0016709461,0.0016214402,0.0
2025-05-27 07:00:00,solar.bun_carm1#realenergyintotheload#kwh,BUNDOORA,0.0,0.86033773,0.0016039095,0.0015563897,0.0
2025-05-27 08:00:00,solar.bun_carm1#realenergyintotheload#kwh,BUNDOORA,0.5,4.139878,2.3522367,2.2825458,33.0
2025-05-27 09:00:00,solar.bun_carm1#realenergyintotheload#kwh,BUNDOORA,6.6875,6.8287916,12.586938,12.214019,167.0
2025-05-27 10:00:00,solar.bun_carm1#realenergyintotheload#kwh,BUNDOORA,20.8125,19.028461,22.890587,22.212397,299.0
2025-05-27 11:00:00,solar.bun_carm1#realenergyintotheload#kwh,BUNDOORA,23.875,20.434977,26.129324,25.355177,335.0
2025-05-27 12:00:00,solar.bun_carm1#realenergyintotheload#kwh,BUNDOORA,25.0,24.815788,28.027369,27.196987,360.0
2025-05-27 13:00:00,solar.bun_carm1#realenergyintotheload#kwh,BUNDOORA,15.125,13.603808,14.419948,13.992721,181.0
2025-05-27 14:00:00,solar.bun_carm1#realenergyintotheload#kwh,BUNDOORA,13.5,17.08757,11.951587,11.597491,153.0
2025-05-27 15:00:00,solar.bun_carm1#realenergyintotheload#kwh,BUNDOORA,10.625,15.970284,9.8285475,9.537353,128.0
2025-05-27 16:00:00,solar.bun_carm1#realenergyintotheload#kwh,BUNDOORA,6.1875,13.279629,10.77059,10.451484,147.0
2025-05-27 17:00:00,solar.bun_carm1#realenergyintotheload#kwh,BUNDOORA,0.625,3.7387733,0.64405435,0.62497264,12.0
2025-05-27 18:00:00,solar.bun_carm1#realenergyintotheload#kwh,BUNDOORA,0.0,1.1728367,0.0023940536,0.0023231239,0.0
2025-05-27 19:00:00,solar.bun_carm1#realenergyintotheload#kwh,BUNDOORA,0.0,0.038941443,0.002851066,0.002766596,0.0
2025-05-27 20:00:00,solar.bun_carm1#realenergyintotheload#kwh,BUNDOORA,0.0,0.014005533,0.0022885685,0.002220764,0.0
2025-05-27 21:00:00,solar.bun_carm1#realenergyintotheload#kwh,BUNDOORA,0.0,-0.0009220969,0.0022885685,0.002220764,0.0
2025-05-27 22:00:00,solar.bun_carm1#realenergyintotheload#kwh,BUNDOORA,0.0,0.014005533,0.0022885685,0.002220764,0.0
2025-05-27 23:00:00,solar.bun_carm1#realenergyintotheload#kwh,BUNDOORA,0.0,0.009312374,0.0029181018,0.0028316458,0.0
2025-05-28 00:00:00,solar.bun_carm1#realenergyintotheload#kwh,BUNDOORA,0.0,0.071090594,0.0029181018,0.0028316458,0.0
2025-05-28 01:00:00,solar.bun_carm1#realenergyintotheload#kwh,BUNDOORA,0.0,0.08514777,0.0030763159,0.0029851722,0.0
2025-05-28 02:00:00,solar.bun_carm1#realenergyintotheload#kwh,BUNDOORA,0.0,-0.0021929163,0.0022885685,0.002220764,0.0
2025-05-28 03:00:00,solar.bun_carm1#realenergyintotheload#kwh,BUNDOORA,0.0,0.0033887848,0.0022885685,0.002220764,0.0
2025-05-28 04:00:00,solar.bun_carm1#realenergyintotheload#kwh,BUNDOORA,0.0,0.0053595444,0.0022885685,0.002220764,0.0
2025-05-28 05:00:00,solar.bun_carm1#realenergyintotheload#kwh,BUNDOORA,0.0,0.008452497,0.0022885685,0.002220764,0.0
2025-05-28 06:00:00,solar.bun_carm1#realenergyintotheload#kwh,BUNDOORA,0.0,0.009723313,0.0022885685,0.002220764,0.0
2025-05-28 07:00:00,solar.bun_carm1#realenergyintotheload#kwh,BUNDOORA,0.0,0.92013586,0.0022885685,0.002220764,0.0
2025-05-28 08:00:00,solar.bun_carm1#realenergyintotheload#kwh,BUNDOORA,0.25,4.816516,1.2947366,1.2563769,20.0
2025-05-28 09:00:00,solar.bun_carm1#realenergyintotheload#kwh,BUNDOORA,2.6875,7.0394273,6.5514627,6.3573594,89.0
2025-05-28 10:00:00,solar.bun_carm1#realenergyintotheload#kwh,BUNDOORA,9.9375,6.829228,13.654913,13.250352,170.0
2025-05-28 11:00:00,solar.bun_carm1#realenergyintotheload#kwh,BUNDOORA,12.5,12.645539,16.064621,15.588666,198.0
2025-05-28 12:00:00,solar.bun_carm1#realenergyintotheload#kwh,BUNDOORA,21.875,17.036573,21.571688,20.932573,272.0
2025-05-28 13:00:00,solar.bun_carm1#realenergyintotheload#kwh,BUNDOORA,18.375,17.922619,20.376976,19.773256,251.0
2025-05-28 14:00:00,solar.bun_carm1#realenergyintotheload#kwh,BUNDOORA,19.6875,14.9872,18.516531,17.967932,229.0
2025-05-28 15:00:00,solar.bun_carm1#realenergyintotheload#kwh,BUNDOORA,13.0625,11.41703,12.824204,12.444255,165.0
2025-05-28 16:00:00,solar.bun_carm1#realenergyintotheload#kwh,BUNDOORA,5.5,12.110013,5.2628574,5.106932,70.0
2025-05-28 17:00:00,solar.bun_carm1#realenergyintotheload#kwh,BUNDOORA,1.5625,4.5735893,1.4700743,1.4265196,22.0
2025-05-28 18:00:00,solar.bun_carm1#realenergyintotheload#kwh,BUNDOORA,0.0,0.94962335,0.002851066,0.002766596,0.0
2025-05-28 19:00:00,solar.bun_carm1#realenergyintotheload#kwh,BUNDOORA,0.0,0.08622701,0.0029181018,0.0028316458,0.0
2025-05-28 20:00:00,solar.bun_carm1#realenergyintotheload#kwh,BUNDOORA,0.0,0.07269409,0.0026695367,0.002590445,0.0
2025-05-28 21:00:00,solar.bun_carm1#realenergyintotheload#kwh,BUNDOORA,0.0,0.046238713,0.00263492,0.002556854,0.0
2025-05-28 22:00:00,solar.bun_carm1#realenergyintotheload#kwh,BUNDOORA,0.0,-0.015254815,0.0020594033,0.0019983884,0.0
2025-05-28 23:00:00,solar.bun_carm1#realenergyintotheload#kwh,BUNDOORA,0.0,-0.0039016835,0.0020594033,0.0019983884,0.0
2025-05-29 00:00:00,solar.bun_carm1#realenergyintotheload#kwh,BUNDOORA,0.0,0.0074006966,0.0020594033,0.0019983884,0.0
2025-05-29 01:00:00,solar.bun_carm1#realenergyintotheload#kwh,BUNDOORA,0.0,0.0034264177,0.0019923674,0.0019333386,0.0
2025-05-29 02:00:00,solar.bun_carm1#realenergyintotheload#kwh,BUNDOORA,0.0,0.0052783955,0.0020594033,0.0019983884,0.0
2025-05-29 03:00:00,solar.bun_carm1#realenergyintotheload#kwh,BUNDOORA,0.0,0.1004326,0.0026746297,0.0025953872,0.0
2025-05-29 04:00:00,solar.bun_carm1#realenergyintotheload#kwh,BUNDOORA,0.0,0.014767985,0.0020450968,0.0019845057,0.0
2025-05-29 05:00:00,solar.bun_carm1#realenergyintotheload#kwh,BUNDOORA,0.0,0.014767985,0.0020450968,0.0019845057,0.0
2025-05-29 06:00:00,solar.bun_carm1#realenergyintotheload#kwh,BUNDOORA,0.0,-0.00015965005,0.002762419,0.0026805755,0.0
2025-05-29 07:00:00,solar.bun_carm1#realenergyintotheload#kwh,BUNDOORA,0.0,0.38971618,0.002762419,0.0026805755,0.0
2025-05-29 08:00:00,solar.bun_carm1#realenergyintotheload#kwh,BUNDOORA,0.125,1.8496655,1.4751358,1.4314312,23.0
2025-05-29 09:00:00,solar.bun_carm1#realenergyintotheload#kwh,BUNDOORA,2.625,4.537453,6.091986,5.9114957,81.0
2025-05-29 10:00:00,solar.bun_carm1#realenergyintotheload#kwh,BUNDOORA,8.0,15.183397,12.871886,12.490524,169.0
2025-05-29 11:00:00,solar.bun_carm1#realenergyintotheload#kwh,BUNDOORA,17.3125,18.451334,23.4253,22.731268,295.0
2025-05-29 12:00:00,solar.bun_carm1#realenergyintotheload#kwh,BUNDOORA,24.4375,29.17295,26.825855,26.031073,342.0
2025-05-29 13:00:00,solar.bun_carm1#realenergyintotheload#kwh,BUNDOORA,22.25,29.81636,27.993383,27.16401,358.0
2025-05-29 14:00:00,solar.bun_carm1#realenergyintotheload#kwh,BUNDOORA,31.75,29.32418,30.331942,29.433283,400.0
2025-05-29 15:00:00,solar.bun_carm1#realenergyintotheload#kwh,BUNDOORA,21.0,29.474762,24.548853,23.821531,331.0
2025-05-29 16:00:00,solar.bun_carm1#realenergyintotheload#kwh,BUNDOORA,12.1875,15.228113,13.231845,12.839818,181.0
2025-05-29 17:00:00,solar.bun_carm1#realenergyintotheload#kwh,BUNDOORA,3.375,8.777062,2.7116807,2.6313403,39.0
2025-05-29 18:00:00,solar.bun_carm1#realenergyintotheload#kwh,BUNDOORA,0.0625,0.9373095,0.0019780602,0.0019194552,0.0
2025-05-29 19:00:00,solar.bun_carm1#realenergyintotheload#kwh,BUNDOORA,0.0,-0.019145666,0.0019780602,0.0019194552,0.0
2025-05-29 20:00:00,solar.bun_carm1#realenergyintotheload#kwh,BUNDOORA,0.0,-0.017030904,0.0019780602,0.0019194552,0.0
2025-05-29 21:00:00,solar.bun_carm1#realenergyintotheload#kwh,BUNDOORA,0.0,-0.0017248674,0.0016821693,0.0016323308,0.0
2025-05-29 22:00:00,solar.bun_carm1#realenergyintotheload#kwh,BUNDOORA,0.0,-0.0017248674,0.0015344047,0.0014889442,0.0
2025-05-29 23:00:00,solar.bun_carm1#realenergyintotheload#kwh,BUNDOORA,0.0,-0.0017248674,0.0016821693,0.0016323308,0.0
2025-05-30 00:00:00,solar.bun_carm1#realenergyintotheload#kwh,BUNDOORA,0.0,0.00932412,0.0026146544,0.0025371886,0.0
2025-05-30 01:00:00,solar.bun_carm1#realenergyintotheload#kwh,BUNDOORA,0.0,0.007809881,0.002762419,0.0026805755,0.0
2025-05-30 02:00:00,solar.bun_carm1#realenergyintotheload#kwh,BUNDOORA,0.0,0.01671056,0.0020450968,0.0019845057,0.0
2025-05-30 03:00:00,solar.bun_carm1#realenergyintotheload#kwh,BUNDOORA,0.0,0.0017829239,0.002762419,0.0026805755,0.0
2025-05-30 04:00:00,solar.bun_carm1#realenergyintotheload#kwh,BUNDOORA,0.0,0.0048627853,0.002762419,0.0026805755,0.0
2025-05-30 05:00:00,solar.bun_carm1#realenergyintotheload#kwh,BUNDOORA,0.0,0.0048627853,0.0016821693,0.0016323308,0.0
2025-05-30 06:00:00,solar.bun_carm1#realenergyintotheload#kwh,BUNDOORA,0.0,0.0063770236,0.0015344047,0.0014889442,0.0
2025-05-30 07:00:00,solar.bun_carm1#realenergyintotheload#kwh,BUNDOORA,0.0,0.38356468,0.0015344047,0.0014889442,0.0
2025-05-30 08:00:00,solar.bun_carm1#realenergyintotheload#kwh,BUNDOORA,0.0625,3.0582433,1.4604688,1.4171988,24.0
2025-05-30 09:00:00,solar.bun_carm1#realenergyintotheload#kwh,BUNDOORA,3.75,6.6823406,7.297291,7.0810905,99.0
2025-05-30 10:00:00,solar.bun_carm1#realenergyintotheload#kwh,BUNDOORA,10.6875,5.988802,14.613567,14.180604,184.0
2025-05-30 11:00:00,solar.bun_carm1#realenergyintotheload#kwh,BUNDOORA,16.5625,17.884882,20.324333,19.722174,251.0
2025-05-30 12:00:00,solar.bun_carm1#realenergyintotheload#kwh,BUNDOORA,20.0,17.425838,18.811447,18.25411,233.0
2025-05-30 13:00:00,solar.bun_carm1#realenergyintotheload#kwh,BUNDOORA,18.875,19.850166,15.60434,15.142022,193.0
2025-05-30 14:00:00,solar.bun_carm1#realenergyintotheload#kwh,BUNDOORA,16.25,16.311514,16.74228,16.246246,205.0
2025-05-30 15:00:00,solar.bun_carm1#realenergyintotheload#kwh,BUNDOORA,11.9375,14.088276,10.192307,9.890335,131.0
2025-05-30 16:00:00,solar.bun_carm1#realenergyintotheload#kwh,BUNDOORA,5.9375,13.093047,6.0771594,5.8971086,81.0
2025-05-30 17:00:00,solar.bun_carm1#realenergyintotheload#kwh,BUNDOORA,1.75,5.0846577,1.7567112,1.7046642,27.0
2025-05-30 18:00:00,solar.bun_carm1#realenergyintotheload#kwh,BUNDOORA,0.0,1.3023177,0.0020450968,0.0019845057,0.0
2025-05-30 19:00:00,solar.bun_carm1#realenergyintotheload#kwh,BUNDOORA,0.0,0.021303777,0.0020450968,0.0019845057,0.0
2025-05-30 20:00:00,solar.bun_carm1#realenergyintotheload#kwh,BUNDOORA,0.0,0.0027656234,0.0019780602,0.0019194552,0.0
2025-05-30 21:00:00,solar.bun_carm1#realenergyintotheload#kwh,BUNDOORA,0.0,0.0017829239,0.0016821693,0.0016323308,0.0
2025-05-30 22:00:00,solar.bun_carm1#realenergyintotheload#kwh,BUNDOORA,0.0,0.0032971608,0.0018129866,0.0017592723,0.0
2025-05-30 23:00:00,solar.bun_carm1#realenergyintotheload#kwh,BUNDOORA,0.0,0.0032971608,0.0015344047,0.0014889442,0.0
2025-05-31 00:00:00,solar.bun_carm1#realenergyintotheload#kwh,BUNDOORA,0.0,0.0032971608,0.0015344047,0.0014889442,0.0
2025-05-31 01:00:00,solar.bun_carm1#realenergyintotheload#kwh,BUNDOORA,0.0,0.0039100386,0.0015344047,0.0014889442,0.0
2025-05-31 02:00:00,solar.bun_carm1#realenergyintotheload#kwh,BUNDOORA,0.0,0.0078640105,0.0016821693,0.0016323308,0.0
2025-05-31 03:00:00,solar.bun_carm1#realenergyintotheload#kwh,BUNDOORA,0.0,0.010943872,0.0010645466,0.0010330068,0.0
2025-05-31 04:00:00,solar.bun_carm1#realenergyintotheload#kwh,BUNDOORA,0.0,0.009153485,0.0010645466,0.0010330068,0.0
2025-05-31 05:00:00,solar.bun_carm1#realenergyintotheload#kwh,BUNDOORA,0.0,-0.0066045094,0.000916782,0.00088962005,0.0
2025-05-31 06:00:00,solar.bun_carm1#realenergyintotheload#kwh,BUNDOORA,0.0,-0.006958575,0.0010645466,0.0010330068,0.0
2025-05-31 07:00:00,solar.bun_carm1#realenergyintotheload#kwh,BUNDOORA,0.0,0.086939,0.000916782,0.00088962005,0.0
2025-05-31 08:00:00,solar.bun_carm1#realenergyintotheload#kwh,BUNDOORA,0.375,0.39486042,1.4598511,1.4165994,23.0
2025-05-31 09:00:00,solar.bun_carm1#realenergyintotheload#kwh,BUNDOORA,4.8125,4.918303,8.240387,7.996245,116.0
2025-05-31 10:00:00,solar.bun_carm1#realenergyintotheload#kwh,BUNDOORA,10.5625,10.851936,15.305329,14.851871,196.0
2025-05-31 11:00:00,solar.bun_carm1#realenergyintotheload#kwh,BUNDOORA,22.4375,22.113937,24.555735,23.828209,311.0
2025-05-31 12:00:00,solar.bun_carm1#realenergyintotheload#kwh,BUNDOORA,35.6875,32.42711,34.927994,33.893166,456.0
2025-05-31 13:00:00,solar.bun_carm1#realenergyintotheload#kwh,BUNDOORA,37.9375,37.345108,37.096867,35.99778,491.0
2025-05-31 14:00:00,solar.bun_carm1#realenergyintotheload#kwh,BUNDOORA,33.3125,34.592606,33.032696,32.05402,437.0
2025-05-31 15:00:00,solar.bun_carm1#realenergyintotheload#kwh,BUNDOORA,22.75,35.60399,24.60713,23.878082,331.0
2025-05-31 16:00:00,solar.bun_carm1#realenergyintotheload#kwh,BUNDOORA,8.75,22.22539,13.8040495,13.39507,188.0
2025-05-31 17:00:00,solar.bun_carm1#realenergyintotheload#kwh,BUNDOORA,1.3125,8.507124,2.684985,2.6054356,36.0
2025-05-31 18:00:00,solar.bun_carm1#realenergyintotheload#kwh,BUNDOORA,0.0,1.2484463,0.0018259832,0.0017718838,0.0
2025-05-31 19:00:00,solar.bun_carm1#realenergyintotheload#kwh,BUNDOORA,0.0,-0.088062,0.0013604376,0.0013201312,0.0
2025-05-31 20:00:00,solar.bun_carm1#realenergyintotheload#kwh,BUNDOORA,0.0,0.01956039,0.0013604376,0.0013201312,0.0
2025-05-31 21:00:00,solar.bun_carm1#realenergyintotheload#kwh,BUNDOORA,0.0,0.020088654,0.0013604376,0.0013201312,0.0
2025-05-31 22:00:00,solar.bun_carm1#realenergyintotheload#kwh,BUNDOORA,0.0,0.020088654,0.0013604376,0.0013201312,0.0
2025-05-31 23:00:00,solar.bun_carm1#realenergyintotheload#kwh,BUNDOORA,0.0,0.01567118,0.0013604376,0.0013201312,0.0
2025-06-01 00:00:00,solar.bun_carm1#realenergyintotheload#kwh,BUNDOORA,0.0,0.014064291,0.0013604376,0.0013201312,0.0
2025-06-01 01:00:00,solar.bun_carm1#realenergyintotheload#kwh,BUNDOORA,0.0,0.00043861434,0.0010645466,0.0010330068,0.0
2025-06-01 02:00:00,solar.bun_carm1#realenergyintotheload#kwh,BUNDOORA,0.0,0.01203609,0.0013604376,0.0013201312,0.0
2025-06-01 03:00:00,solar.bun_carm1#realenergyintotheload#kwh,BUNDOORA,0.0,0.012529706,0.0013604376,0.0013201312,0.0
2025-06-01 04:00:00,solar.bun_carm1#realenergyintotheload#kwh,BUNDOORA,0.0,0.014292895,0.0013604376,0.0013201312,0.0
2025-06-01 05:00:00,solar.bun_carm1#realenergyintotheload#kwh,BUNDOORA,0.0,0.017913407,0.0013604376,0.0013201312,0.0
2025-06-01 06:00:00,solar.bun_carm1#realenergyintotheload#kwh,BUNDOORA,0.0,0.00085499935,0.0010645466,0.0010330068,0.0
2025-06-01 07:00:00,solar.bun_carm1#realenergyintotheload#kwh,BUNDOORA,0.0,0.27159995,0.0013604376,0.0013201312,0.0
2025-06-01 08:00:00,solar.bun_carm1#realenergyintotheload#kwh,BUNDOORA,0.25,5.379602,1.7800677,1.7273288,27.0
2025-06-01 09:00:00,solar.bun_carm1#realenergyintotheload#kwh,BUNDOORA,4.5,6.419662,12.853269,12.472459,178.0
2025-06-01 10:00:00,solar.bun_carm1#realenergyintotheload#kwh,BUNDOORA,18.75,24.050558,24.557148,23.82958,325.0
2025-06-01 11:00:00,solar.bun_carm1#realenergyintotheload#kwh,BUNDOORA,30.6875,27.820604,32.695496,31.72681,434.0
2025-06-01 12:00:00,solar.bun_carm1#realenergyintotheload#kwh,BUNDOORA,32.125,39.058037,35.592754,34.53823,493.0
2025-06-01 13:00:00,solar.bun_carm1#realenergyintotheload#kwh,BUNDOORA,38.1875,36.84255,36.00364,34.936943,495.0
2025-06-01 14:00:00,solar.bun_carm1#realenergyintotheload#kwh,BUNDOORA,31.5625,20.79536,31.704485,30.76516,432.0
2025-06-01 15:00:00,solar.bun_carm1#realenergyintotheload#kwh,BUNDOORA,22.3125,26.253267,24.350294,23.628857,325.0
2025-06-01 16:00:00,solar.bun_carm1#realenergyintotheload#kwh,BUNDOORA,10.3125,9.675464,10.310556,10.00508,136.0
2025-06-01 17:00:00,solar.bun_carm1#realenergyintotheload#kwh,BUNDOORA,2.5,2.224631,1.9281561,1.8710297,30.0
2025-06-01 18:00:00,solar.bun_carm1#realenergyintotheload#kwh,BUNDOORA,0.0,0.31834346,-0.0006567265,0.0,0.0
2025-06-01 19:00:00,solar.bun_carm1#realenergyintotheload#kwh,BUNDOORA,0.0,0.03527857,-0.0011240311,0.0,0.0
2025-06-01 20:00:00,solar.bun_carm1#realenergyintotheload#kwh,BUNDOORA,0.0,-0.0018627645,-0.0011240311,0.0,0.0
2025-06-01 21:00:00,solar.bun_carm1#realenergyintotheload#kwh,BUNDOORA,0.0,-0.013088526,-0.0039184294,0.0,0.0
2025-06-01 22:00:00,solar.bun_carm1#realenergyintotheload#kwh,BUNDOORA,0.0,-0.08793724,0.0013537973,0.0013136877,0.0
2025-06-01 23:00:00,solar.bun_carm1#realenergyintotheload#kwh,BUNDOORA,0.0,-0.09344825,0.001871417,0.0018159717,0.0
2025-06-02 00:00:00,solar.bun_carm1#realenergyintotheload#kwh,BUNDOORA,0.0,-0.09667516,0.001871417,0.0018159717,0.0
2025-06-02 01:00:00,solar.bun_carm1#realenergyintotheload#kwh,BUNDOORA,0.0,-0.041778006,0.002195042,0.0021300085,0.0
2025-06-02 02:00:00,solar.bun_carm1#realenergyintotheload#kwh,BUNDOORA,0.0,-0.041778006,0.002195042,0.0021300085,0.0
2025-06-02 03:00:00,solar.bun_carm1#realenergyintotheload#kwh,BUNDOORA,0.0,-0.042715237,0.002195042,0.0021300085,0.0
2025-06-02 04:00:00,solar.bun_carm1#realenergyintotheload#kwh,BUNDOORA,0.0,-0.042715237,0.0012385878,0.0012018916,0.0
2025-06-02 05:00:00,solar.bun_carm1#realenergyintotheload#kwh,BUNDOORA,0.0,-0.042715237,0.0012385878,0.0012018916,0.0
2025-06-02 06:00:00,solar.bun_carm1#realenergyintotheload#kwh,BUNDOORA,0.0,-0.042715237,0.0012385878,0.0012018916,0.0
2025-06-02 07:00:00,solar.bun_carm1#realenergyintotheload#kwh,BUNDOORA,0.0,0.106636606,0.00066902995,0.00064920826,0.0
2025-06-02 08:00:00,solar.bun_carm1#realenergyintotheload#kwh,BUNDOORA,0.375,3.940975,1.0931472,1.0607599,18.0
2025-06-02 09:00:00,solar.bun_carm1#realenergyintotheload#kwh,BUNDOORA,5.6875,10.294106,10.422995,10.114187,144.0
2025-06-02 10:00:00,solar.bun_carm1#realenergyintotheload#kwh,BUNDOORA,18.0,26.53479,19.962582,19.37114,264.0
2025-06-02 11:00:00,solar.bun_carm1#realenergyintotheload#kwh,BUNDOORA,28.3125,26.183865,26.330578,25.550468,340.0
2025-06-02 12:00:00,solar.bun_carm1#realenergyintotheload#kwh,BUNDOORA,34.75,36.66907,36.070923,35.00223,481.0
2025-06-02 13:00:00,solar.bun_carm1#realenergyintotheload#kwh,BUNDOORA,31.625,35.970276,34.647953,33.62142,463.0
2025-06-02 14:00:00,solar.bun_carm1#realenergyintotheload#kwh,BUNDOORA,27.9375,33.05082,31.34162,30.413046,420.0
2025-06-02 15:00:00,solar.bun_carm1#realenergyintotheload#kwh,BUNDOORA,19.625,18.628517,21.457937,20.822191,281.0
2025-06-02 16:00:00,solar.bun_carm1#realenergyintotheload#kwh,BUNDOORA,10.8125,8.954824,9.145649,8.874686,120.0
2025-06-02 17:00:00,solar.bun_carm1#realenergyintotheload#kwh,BUNDOORA,2.9375,3.1020107,1.9340695,1.8767679,28.0
2025-06-02 18:00:00,solar.bun_carm1#realenergyintotheload#kwh,BUNDOORA,0.0,0.10852385,0.0012385878,0.0012018916,0.0
2025-06-02 19:00:00,solar.bun_carm1#realenergyintotheload#kwh,BUNDOORA,0.0,-0.026956888,0.0019486914,0.0018909565,0.0
2025-06-02 20:00:00,solar.bun_carm1#realenergyintotheload#kwh,BUNDOORA,0.0,-0.03488289,0.002723502,0.0026428115,0.0
2025-06-02 21:00:00,solar.bun_carm1#realenergyintotheload#kwh,BUNDOORA,0.0,0.039856873,0.0025706314,0.00249447,0.0
2025-06-02 22:00:00,solar.bun_carm1#realenergyintotheload#kwh,BUNDOORA,0.0,0.032031193,0.0018533091,0.0017984002,0.0
2025-06-02 23:00:00,solar.bun_carm1#realenergyintotheload#kwh,BUNDOORA,0.0,0.06934427,0.0014223809,0.0013802393,0.0
2025-06-03 00:00:00,solar.bun_carm1#realenergyintotheload#kwh,BUNDOORA,0.0,-0.015630368,0.0013553442,0.0013151887,0.0
2025-06-03 01:00:00,solar.bun_carm1#realenergyintotheload#kwh,BUNDOORA,0.0,-0.014070515,0.0013553442,0.0013151887,0.0
2025-06-03 02:00:00,solar.bun_carm1#realenergyintotheload#kwh,BUNDOORA,0.0,0.024148371,0.0014223809,0.0013802393,0.0
2025-06-03 03:00:00,solar.bun_carm1#realenergyintotheload#kwh,BUNDOORA,0.0,0.045525685,0.0013877637,0.0013466477,0.0
2025-06-03 04:00:00,solar.bun_carm1#realenergyintotheload#kwh,BUNDOORA,0.0,0.0046376158,0.0021447968,0.0020812517,0.0
2025-06-03 05:00:00,solar.bun_carm1#realenergyintotheload#kwh,BUNDOORA,0.0,0.0030723982,0.0021447968,0.0020812517,0.0
2025-06-03 06:00:00,solar.bun_carm1#realenergyintotheload#kwh,BUNDOORA,0.0,-0.0064623505,0.0010645466,0.0010330068,0.0
2025-06-03 07:00:00,solar.bun_carm1#realenergyintotheload#kwh,BUNDOORA,0.0,0.39637527,0.002762419,0.0026805755,0.0
2025-06-03 08:00:00,solar.bun_carm1#realenergyintotheload#kwh,BUNDOORA,0.0,0.8211048,0.6408166,0.6218308,13.0
2025-06-03 09:00:00,solar.bun_carm1#realenergyintotheload#kwh,BUNDOORA,3.8125,2.909807,5.7307506,5.5609627,78.0
2025-06-03 10:00:00,solar.bun_carm1#realenergyintotheload#kwh,BUNDOORA,6.125,6.9687366,11.299356,10.964584,145.0
2025-06-03 11:00:00,solar.bun_carm1#realenergyintotheload#kwh,BUNDOORA,14.9375,13.087199,15.925167,15.453344,196.0
2025-06-03 12:00:00,solar.bun_carm1#realenergyintotheload#kwh,BUNDOORA,13.1875,15.044456,12.873342,12.491937,165.0
2025-06-03 13:00:00,solar.bun_carm1#realenergyintotheload#kwh,BUNDOORA,14.4375,15.175611,16.682781,16.188513,206.0
2025-06-03 14:00:00,solar.bun_carm1#realenergyintotheload#kwh,BUNDOORA,20.875,23.544527,25.675228,24.914536,325.0
2025-06-03 15:00:00,solar.bun_carm1#realenergyintotheload#kwh,BUNDOORA,16.375,17.258892,15.541138,15.080692,199.0
2025-06-03 16:00:00,solar.bun_carm1#realenergyintotheload#kwh,BUNDOORA,9.125,7.9981213,5.5412135,5.3770413,73.0
2025-06-03 17:00:00,solar.bun_carm1#realenergyintotheload#kwh,BUNDOORA,1.125,3.807388,1.2979044,1.2594507,20.0
2025-06-03 18:00:00,solar.bun_carm1#realenergyintotheload#kwh,BUNDOORA,0.0,0.6787585,0.0016709461,0.0016214402,0.0
2025-06-03 19:00:00,solar.bun_carm1#realenergyintotheload#kwh,BUNDOORA,0.0,-0.0006217938,0.0016709461,0.0016214402,0.0
2025-06-03 20:00:00,solar.bun_carm1#realenergyintotheload#kwh,BUNDOORA,0.0,0.005148764,0.002105086,0.0020427178,0.0
2025-06-03 21:00:00,solar.bun_carm1#realenergyintotheload#kwh,BUNDOORA,0.0,0.017978692,0.0014274743,0.0013851818,0.0
2025-06-03 22:00:00,solar.bun_carm1#realenergyintotheload#kwh,BUNDOORA,0.0,0.010114928,0.0014274743,0.0013851818,0.0
2025-06-03 23:00:00,solar.bun_carm1#realenergyintotheload#kwh,BUNDOORA,0.0,-0.004307384,0.0021447968,0.0020812517,0.0
2025-06-04 00:00:00,solar.bun_carm1#realenergyintotheload#kwh,BUNDOORA,0.0,0.017092127,0.0014274743,0.0013851818,0.0
2025-06-04 01:00:00,solar.bun_carm1#realenergyintotheload#kwh,BUNDOORA,0.0,0.05109813,0.0014274743,0.0013851818,0.0
2025-06-04 02:00:00,solar.bun_carm1#realenergyintotheload#kwh,BUNDOORA,0.0,0.010304827,0.0021447968,0.0020812517,0.0
2025-06-04 03:00:00,solar.bun_carm1#realenergyintotheload#kwh,BUNDOORA,0.0,0.019762347,0.0021447968,0.0020812517,0.0
2025-06-04 04:00:00,solar.bun_carm1#realenergyintotheload#kwh,BUNDOORA,0.0,-0.019237112,0.0013604376,0.0013201312,0.0
2025-06-04 05:00:00,solar.bun_carm1#realenergyintotheload#kwh,BUNDOORA,0.0,-0.0073344205,0.0013604376,0.0013201312,0.0
2025-06-04 06:00:00,solar.bun_carm1#realenergyintotheload#kwh,BUNDOORA,0.0,0.0018913662,0.0013207269,0.0012815971,0.0
2025-06-04 07:00:00,solar.bun_carm1#realenergyintotheload#kwh,BUNDOORA,0.0,0.19215618,0.0013553442,0.0013151887,0.0
2025-06-04 08:00:00,solar.bun_carm1#realenergyintotheload#kwh,BUNDOORA,0.25,1.0105908,1.450829,1.4078445,23.0
2025-06-04 09:00:00,solar.bun_carm1#realenergyintotheload#kwh,BUNDOORA,4.625,4.9425545,12.712654,12.33601,171.0
2025-06-04 10:00:00,solar.bun_carm1#realenergyintotheload#kwh,BUNDOORA,18.25,15.997065,23.358059,22.666018,315.0
2025-06-04 11:00:00,solar.bun_carm1#realenergyintotheload#kwh,BUNDOORA,24.25,23.125065,24.588142,23.859657,321.0
2025-06-04 12:00:00,solar.bun_carm1#realenergyintotheload#kwh,BUNDOORA,26.5,31.467115,25.653522,24.893473,326.0
2025-06-04 13:00:00,solar.bun_carm1#realenergyintotheload#kwh,BUNDOORA,20.4375,25.32764,20.904026,20.284693,265.0
2025-06-04 14:00:00,solar.bun_carm1#realenergyintotheload#kwh,BUNDOORA,18.375,20.917427,16.617134,16.12481,210.0
2025-06-04 15:00:00,solar.bun_carm1#realenergyintotheload#kwh,BUNDOORA,12.3125,14.024958,14.338998,13.914169,180.0
2025-06-04 16:00:00,solar.bun_carm1#realenergyintotheload#kwh,BUNDOORA,5.6875,8.939077,6.7597976,6.5595217,90.0
2025-06-04 17:00:00,solar.bun_carm1#realenergyintotheload#kwh,BUNDOORA,1.6875,3.8122118,1.2900026,1.251783,20.0
2025-06-04 18:00:00,solar.bun_carm1#realenergyintotheload#kwh,BUNDOORA,0.0,0.95864594,0.0020458903,0.0019852757,0.0
2025-06-04 19:00:00,solar.bun_carm1#realenergyintotheload#kwh,BUNDOORA,0.0,0.006554599,0.0014274743,0.0013851818,0.0
2025-06-04 20:00:00,solar.bun_carm1#realenergyintotheload#kwh,BUNDOORA,0.0,0.02048295,0.0014274743,0.0013851818,0.0
2025-06-04 21:00:00,solar.bun_carm1#realenergyintotheload#kwh,BUNDOORA,0.0,0.014292895,0.0013604376,0.0013201312,0.0
2025-06-04 22:00:00,solar.bun_carm1#realenergyintotheload#kwh,BUNDOORA,0.0,0.017046506,0.0013604376,0.0013201312,0.0
2025-06-04 23:00:00,solar.bun_carm1#realenergyintotheload#kwh,BUNDOORA,0.0,0.017046506,0.0013604376,0.0013201312,0.0
2025-06-05 00:00:00,solar.bun_carm1#realenergyintotheload#kwh,BUNDOORA,0.0,0.0046159886,0.0014274743,0.0013851818,0.0
2025-06-05 01:00:00,solar.bun_carm1#realenergyintotheload#kwh,BUNDOORA,0.0,0.0046159886,0.0014274743,0.0013851818,0.0
2025-06-05 02:00:00,solar.bun_carm1#realenergyintotheload#kwh,BUNDOORA,0.0,0.0060718963,0.0013604376,0.0013201312,0.0
2025-06-05 03:00:00,solar.bun_carm1#realenergyintotheload#kwh,BUNDOORA,0.0,-0.023450432,0.0013604376,0.0013201312,0.0
2025-06-05 04:00:00,solar.bun_carm1#realenergyintotheload#kwh,BUNDOORA,0.0,-0.009533118,0.0014274743,0.0013851818,0.0
2025-06-05 05:00:00,solar.bun_carm1#realenergyintotheload#kwh,BUNDOORA,0.0,-0.023450432,0.0013604376,0.0013201312,0.0
2025-06-05 06:00:00,solar.bun_carm1#realenergyintotheload#kwh,BUNDOORA,0.0,-0.023450432,0.0013604376,0.0013201312,0.0
2025-06-05 07:00:00,solar.bun_carm1#realenergyintotheload#kwh,BUNDOORA,0.0,0.06052496,0.0014274743,0.0013851818,0.0
2025-06-05 08:00:00,solar.bun_carm1#realenergyintotheload#kwh,BUNDOORA,0.375,-0.39835805,1.4592295,1.4159962,23.0
2025-06-05 09:00:00,solar.bun_carm1#realenergyintotheload#kwh,BUNDOORA,5.1875,1.5224888,12.545903,12.174199,170.0
2025-06-05 10:00:00,solar.bun_carm1#realenergyintotheload#kwh,BUNDOORA,17.8125,16.430887,23.445969,22.751324,314.0
2025-06-05 11:00:00,solar.bun_carm1#realenergyintotheload#kwh,BUNDOORA,30.8125,27.84696,32.26264,31.30678,422.0
2025-06-05 12:00:00,solar.bun_carm1#realenergyintotheload#kwh,BUNDOORA,34.0625,33.166824,36.774483,35.684948,481.0
2025-06-05 13:00:00,solar.bun_carm1#realenergyintotheload#kwh,BUNDOORA,38.0625,32.52952,36.62,35.535038,483.0
2025-06-05 14:00:00,solar.bun_carm1#realenergyintotheload#kwh,BUNDOORA,34.0,29.570501,31.89776,30.95271,429.0
2025-06-05 15:00:00,solar.bun_carm1#realenergyintotheload#kwh,BUNDOORA,19.0625,18.252302,22.926483,22.247229,303.0
2025-06-05 16:00:00,solar.bun_carm1#realenergyintotheload#kwh,BUNDOORA,8.625,15.11813,13.009546,12.624105,179.0
2025-06-05 17:00:00,solar.bun_carm1#realenergyintotheload#kwh,BUNDOORA,2.875,3.9548907,1.637247,1.5887394,26.0
2025-06-05 18:00:00,solar.bun_carm1#realenergyintotheload#kwh,BUNDOORA,0.0625,0.44569683,0.002195042,0.0021300085,0.0
2025-06-05 19:00:00,solar.bun_carm1#realenergyintotheload#kwh,BUNDOORA,0.0,-0.012433538,0.0014726261,0.0014289959,0.0
2025-06-05 20:00:00,solar.bun_carm1#realenergyintotheload#kwh,BUNDOORA,0.0,0.025216088,0.0013975662,0.0013561598,0.0
2025-06-05 21:00:00,solar.bun_carm1#realenergyintotheload#kwh,BUNDOORA,0.0,0.05612327,0.0019997733,0.001940525,0.0
2025-06-05 22:00:00,solar.bun_carm1#realenergyintotheload#kwh,BUNDOORA,0.0,0.05612327,0.0018279155,0.001773759,0.0
2025-06-05 23:00:00,solar.bun_carm1#realenergyintotheload#kwh,BUNDOORA,0.0,0.055505224,0.0019997733,0.001940525,0.0
2025-06-06 00:00:00,solar.bun_carm1#realenergyintotheload#kwh,BUNDOORA,0.0,0.107979976,-2.4368957e-05,0.0,0.0
2025-06-06 01:00:00,solar.bun_carm1#realenergyintotheload#kwh,BUNDOORA,0.0,0.025740888,-0.00034799398,0.0,0.0
2025-06-06 02:00:00,solar.bun_carm1#realenergyintotheload#kwh,BUNDOORA,0.0,0.04678203,0.0034190663,0.003317768,0.0
2025-06-06 03:00:00,solar.bun_carm1#realenergyintotheload#kwh,BUNDOORA,0.0,0.024715073,0.0030954417,0.0030037316,0.0
2025-06-06 04:00:00,solar.bun_carm1#realenergyintotheload#kwh,BUNDOORA,0.0,0.024715073,0.0030954417,0.0030037316,0.0
2025-06-06 05:00:00,solar.bun_carm1#realenergyintotheload#kwh,BUNDOORA,0.0,0.076918826,0.0030954417,0.0030037316,0.0
2025-06-06 06:00:00,solar.bun_carm1#realenergyintotheload#kwh,BUNDOORA,0.0,0.05849082,0.0032412184,0.0031451893,0.0
2025-06-06 07:00:00,solar.bun_carm1#realenergyintotheload#kwh,BUNDOORA,0.0,0.14223449,0.00343832,0.0033364512,0.0
2025-06-06 08:00:00,solar.bun_carm1#realenergyintotheload#kwh,BUNDOORA,0.0625,1.3588219,0.6336244,0.61485165,12.0
2025-06-06 09:00:00,solar.bun_carm1#realenergyintotheload#kwh,BUNDOORA,2.3125,6.547924,5.4849014,5.3223977,74.0
2025-06-06 10:00:00,solar.bun_carm1#realenergyintotheload#kwh,BUNDOORA,6.0,11.422074,8.801881,8.541103,112.0
2025-06-06 11:00:00,solar.bun_carm1#realenergyintotheload#kwh,BUNDOORA,5.6875,11.224039,11.537954,11.196114,148.0
2025-06-06 12:00:00,solar.bun_carm1#realenergyintotheload#kwh,BUNDOORA,4.5625,7.536762,7.900134,7.666073,104.0
2025-06-06 13:00:00,solar.bun_carm1#realenergyintotheload#kwh,BUNDOORA,6.0,9.879475,10.725414,10.407647,136.0
2025-06-06 14:00:00,solar.bun_carm1#realenergyintotheload#kwh,BUNDOORA,5.8125,10.515163,7.890874,7.657087,104.0
2025-06-06 15:00:00,solar.bun_carm1#realenergyintotheload#kwh,BUNDOORA,7.1875,5.6139317,5.7003293,5.5314426,77.0
2025-06-06 16:00:00,solar.bun_carm1#realenergyintotheload#kwh,BUNDOORA,2.375,3.8655622,3.273265,3.1762862,45.0
2025-06-06 17:00:00,solar.bun_carm1#realenergyintotheload#kwh,BUNDOORA,2.0625,3.8247132,1.0636226,1.0321101,17.0
2025-06-06 18:00:00,solar.bun_carm1#realenergyintotheload#kwh,BUNDOORA,0.0,0.3273053,0.00343832,0.0033364512,0.0
2025-06-06 19:00:00,solar.bun_carm1#realenergyintotheload#kwh,BUNDOORA,0.0,0.08449613,0.0037619448,0.0036504879,0.0
2025-06-06 20:00:00,solar.bun_carm1#realenergyintotheload#kwh,BUNDOORA,0.0,0.06751662,0.0028054912,0.0027223716,0.0
2025-06-06 21:00:00,solar.bun_carm1#realenergyintotheload#kwh,BUNDOORA,0.0,0.06522065,0.002906499,0.0028203866,0.0
2025-06-06 22:00:00,solar.bun_carm1#realenergyintotheload#kwh,BUNDOORA,0.0,0.059766844,0.0028478412,0.002763467,0.0
2025-06-06 23:00:00,solar.bun_carm1#realenergyintotheload#kwh,BUNDOORA,0.0,-0.017095827,0.0027020646,0.0026220093,0.0
2025-06-07 00:00:00,solar.bun_carm1#realenergyintotheload#kwh,BUNDOORA,0.0,-0.034028098,0.002635028,0.0025569587,0.0
2025-06-07 01:00:00,solar.bun_carm1#realenergyintotheload#kwh,BUNDOORA,0.0,-0.035125673,0.0028478412,0.002763467,0.0
2025-06-07 02:00:00,solar.bun_carm1#realenergyintotheload#kwh,BUNDOORA,0.0,-0.031473845,0.0027020646,0.0026220093,0.0
2025-06-07 03:00:00,solar.bun_carm1#realenergyintotheload#kwh,BUNDOORA,0.0,-0.017840464,0.0022237864,0.0021579012,0.0
2025-06-07 04:00:00,solar.bun_carm1#realenergyintotheload#kwh,BUNDOORA,0.0,-0.016546218,0.0027020646,0.0026220093,0.0
2025-06-07 05:00:00,solar.bun_carm1#realenergyintotheload#kwh,BUNDOORA,0.0,-0.018918337,0.0022237864,0.0021579012,0.0
2025-06-07 06:00:00,solar.bun_carm1#realenergyintotheload#kwh,BUNDOORA,0.0,-0.018918337,0.0019452046,0.001887573,0.0
2025-06-07 07:00:00,solar.bun_carm1#realenergyintotheload#kwh,BUNDOORA,0.0,0.032036714,0.0019452046,0.001887573,0.0
2025-06-07 08:00:00,solar.bun_carm1#realenergyintotheload#kwh,BUNDOORA,0.25,1.7299628,0.35349172,0.34301865,8.0
2025-06-07 09:00:00,solar.bun_carm1#realenergyintotheload#kwh,BUNDOORA,1.9375,6.962482,1.3016298,1.2630657,21.0
2025-06-07 10:00:00,solar.bun_carm1#realenergyintotheload#kwh,BUNDOORA,3.6875,6.567851,3.950814,3.8337612,54.0
2025-06-07 11:00:00,solar.bun_carm1#realenergyintotheload#kwh,BUNDOORA,6.625,11.252609,11.993328,11.637996,151.0
2025-06-07 12:00:00,solar.bun_carm1#realenergyintotheload#kwh,BUNDOORA,18.5,18.569124,20.756367,20.141407,256.0
2025-06-07 13:00:00,solar.bun_carm1#realenergyintotheload#kwh,BUNDOORA,26.375,19.576632,21.965923,21.315128,273.0
2025-06-07 14:00:00,solar.bun_carm1#realenergyintotheload#kwh,BUNDOORA,15.75,16.673481,14.609639,14.176792,182.0
2025-06-07 15:00:00,solar.bun_carm1#realenergyintotheload#kwh,BUNDOORA,15.0,17.704657,14.590576,14.158294,183.0
2025-06-07 16:00:00,solar.bun_carm1#realenergyintotheload#kwh,BUNDOORA,4.375,8.019109,3.2441058,3.1479912,46.0
2025-06-07 17:00:00,solar.bun_carm1#realenergyintotheload#kwh,BUNDOORA,0.25,4.8898773,0.26515517,0.25729927,7.0
2025-06-07 18:00:00,solar.bun_carm1#realenergyintotheload#kwh,BUNDOORA,0.0,0.8892675,0.00091408606,0.00088700396,0.0
2025-06-07 19:00:00,solar.bun_carm1#realenergyintotheload#kwh,BUNDOORA,0.0,-0.024715716,0.0014389817,0.0013963484,0.0
2025-06-07 20:00:00,solar.bun_carm1#realenergyintotheload#kwh,BUNDOORA,0.0,0.018400617,0.0011926679,0.0011573321,0.0
2025-06-07 21:00:00,solar.bun_carm1#realenergyintotheload#kwh,BUNDOORA,0.0,-0.00065434724,0.0013482259,0.0013082813,0.0
2025-06-07 22:00:00,solar.bun_carm1#realenergyintotheload#kwh,BUNDOORA,0.0,-0.0048971334,0.0021447968,0.0020812517,0.0
2025-06-07 23:00:00,solar.bun_carm1#realenergyintotheload#kwh,BUNDOORA,0.0,-0.0064623505,0.0021447968,0.0020812517,0.0
2025-06-08 00:00:00,solar.bun_carm1#realenergyintotheload#kwh,BUNDOORA,0.0,-0.0064623505,0.0010645466,0.0010330068,0.0
2025-06-08 01:00:00,solar.bun_carm1#realenergyintotheload#kwh,BUNDOORA,0.0,0.00846528,0.0014274743,0.0013851818,0.0
2025-06-08 02:00:00,solar.bun_carm1#realenergyintotheload#kwh,BUNDOORA,0.0,-0.0027835157,0.000916782,0.00088962005,0.0
2025-06-08 03:00:00,solar.bun_carm1#realenergyintotheload#kwh,BUNDOORA,0.0,-0.0027835157,0.0011953638,0.0011599482,0.0
2025-06-08 04:00:00,solar.bun_carm1#realenergyintotheload#kwh,BUNDOORA,0.0,-0.0027325365,0.0019970322,0.0019378652,0.0
2025-06-08 05:00:00,solar.bun_carm1#realenergyintotheload#kwh,BUNDOORA,0.0,0.0015102504,0.00077224494,0.00074936525,0.0
2025-06-08 06:00:00,solar.bun_carm1#realenergyintotheload#kwh,BUNDOORA,0.0,0.00880349,0.00091408606,0.00088700396,0.0
2025-06-08 07:00:00,solar.bun_carm1#realenergyintotheload#kwh,BUNDOORA,0.0,0.051241122,0.0016709461,0.0016214402,0.0
2025-06-08 08:00:00,solar.bun_carm1#realenergyintotheload#kwh,BUNDOORA,0.0,0.3003607,0.44047582,0.42742562,10.0
2025-06-08 09:00:00,solar.bun_carm1#realenergyintotheload#kwh,BUNDOORA,1.5,4.391734,0.6615662,0.6419656,12.0
2025-06-08 10:00:00,solar.bun_carm1#realenergyintotheload#kwh,BUNDOORA,2.0625,2.8796053,7.09572,6.8854914,95.0
2025-06-08 11:00:00,solar.bun_carm1#realenergyintotheload#kwh,BUNDOORA,5.9375,6.302549,13.030633,12.6445675,169.0
2025-06-08 12:00:00,solar.bun_carm1#realenergyintotheload#kwh,BUNDOORA,7.3125,7.351272,6.276151,6.0902047,80.0
2025-06-08 13:00:00,solar.bun_carm1#realenergyintotheload#kwh,BUNDOORA,11.75,10.477516,10.155561,9.854677,129.0
2025-06-08 14:00:00,solar.bun_carm1#realenergyintotheload#kwh,BUNDOORA,6.9375,9.906518,6.7432384,6.543453,89.0
2025-06-08 15:00:00,solar.bun_carm1#realenergyintotheload#kwh,BUNDOORA,3.875,6.378086,3.6305156,3.5229526,52.0
2025-06-08 16:00:00,solar.bun_carm1#realenergyintotheload#kwh,BUNDOORA,2.5,3.169319,3.4589622,3.3564818,48.0
2025-06-08 17:00:00,solar.bun_carm1#realenergyintotheload#kwh,BUNDOORA,0.375,2.9743962,0.35932738,0.3486814,8.0
2025-06-08 18:00:00,solar.bun_carm1#realenergyintotheload#kwh,BUNDOORA,0.0,0.5161283,0.000916782,0.00088962005,0.0
2025-06-08 19:00:00,solar.bun_carm1#realenergyintotheload#kwh,BUNDOORA,0.0,-0.0027835157,0.0011953638,0.0011599482,0.0
2025-06-08 20:00:00,solar.bun_carm1#realenergyintotheload#kwh,BUNDOORA,0.0,-0.0027835157,0.000916782,0.00088962005,0.0
2025-06-08 21:00:00,solar.bun_carm1#realenergyintotheload#kwh,BUNDOORA,0.0,-0.0042977533,0.0010645466,0.0010330068,0.0
2025-06-08 22:00:00,solar.bun_carm1#realenergyintotheload#kwh,BUNDOORA,0.0,-0.002507367,0.0016821693,0.0016323308,0.0
2025-06-08 23:00:00,solar.bun_carm1#realenergyintotheload#kwh,BUNDOORA,0.0,-0.002507367,0.0010645466,0.0010330068,0.0
2025-06-09 00:00:00,solar.bun_carm1#realenergyintotheload#kwh,BUNDOORA,0.0,-0.002507367,0.0016821693,0.0016323308,0.0
2025-06-09 01:00:00,solar.bun_carm1#realenergyintotheload#kwh,BUNDOORA,0.0,0.0038193741,0.0026146544,0.0025371886,0.0
2025-06-09 02:00:00,solar.bun_carm1#realenergyintotheload#kwh,BUNDOORA,0.0,0.0081881415,0.002762419,0.0026805755,0.0
2025-06-09 03:00:00,solar.bun_carm1#realenergyintotheload#kwh,BUNDOORA,0.0,0.013828811,0.0025770352,0.002500684,0.0
2025-06-09 04:00:00,solar.bun_carm1#realenergyintotheload#kwh,BUNDOORA,0.0,0.018998917,0.0025770352,0.002500684,0.0
2025-06-09 05:00:00,solar.bun_carm1#realenergyintotheload#kwh,BUNDOORA,0.0,0.0029885797,0.0026695367,0.002590445,0.0
2025-06-09 06:00:00,solar.bun_carm1#realenergyintotheload#kwh,BUNDOORA,0.0,0.00941866,0.0022885685,0.002220764,0.0
2025-06-09 07:00:00,solar.bun_carm1#realenergyintotheload#kwh,BUNDOORA,0.0,0.0641845,0.0029181018,0.0028316458,0.0
2025-06-09 08:00:00,solar.bun_carm1#realenergyintotheload#kwh,BUNDOORA,0.0,0.8588703,0.5258474,0.51026785,11.0
2025-06-09 09:00:00,solar.bun_carm1#realenergyintotheload#kwh,BUNDOORA,2.6875,0.4671447,4.923052,4.777194,67.0
2025-06-09 10:00:00,solar.bun_carm1#realenergyintotheload#kwh,BUNDOORA,5.0,1.8221431,10.174146,9.872711,129.0
2025-06-09 11:00:00,solar.bun_carm1#realenergyintotheload#kwh,BUNDOORA,7.375,5.1363254,8.929405,8.664849,118.0
2025-06-09 12:00:00,solar.bun_carm1#realenergyintotheload#kwh,BUNDOORA,11.4375,17.443518,18.167534,17.629274,225.0
2025-06-09 13:00:00,solar.bun_carm1#realenergyintotheload#kwh,BUNDOORA,27.4375,14.552754,23.032755,22.350351,286.0
2025-06-09 14:00:00,solar.bun_carm1#realenergyintotheload#kwh,BUNDOORA,16.9375,17.312523,21.925148,21.27556,274.0
2025-06-09 15:00:00,solar.bun_carm1#realenergyintotheload#kwh,BUNDOORA,11.1875,16.573227,19.096867,18.531075,252.0
2025-06-09 16:00:00,solar.bun_carm1#realenergyintotheload#kwh,BUNDOORA,6.0625,11.869311,7.753605,7.523885,105.0
2025-06-09 17:00:00,solar.bun_carm1#realenergyintotheload#kwh,BUNDOORA,1.1875,3.5594046,1.7789164,1.7262115,27.0
2025-06-09 18:00:00,solar.bun_carm1#realenergyintotheload#kwh,BUNDOORA,0.0,0.5683307,0.0020450968,0.0019845057,0.0
2025-06-09 19:00:00,solar.bun_carm1#realenergyintotheload#kwh,BUNDOORA,0.0,0.002436895,0.0020450968,0.0019845057,0.0
2025-06-09 20:00:00,solar.bun_carm1#realenergyintotheload#kwh,BUNDOORA,0.0,0.017181791,0.0020450968,0.0019845057,0.0
2025-06-09 21:00:00,solar.bun_carm1#realenergyintotheload#kwh,BUNDOORA,0.0,0.01698078,0.0020450968,0.0019845057,0.0
2025-06-09 22:00:00,solar.bun_carm1#realenergyintotheload#kwh,BUNDOORA,0.0,0.0022541569,0.0016821693,0.0016323308,0.0
2025-06-09 23:00:00,solar.bun_carm1#realenergyintotheload#kwh,BUNDOORA,0.0,0.0022541569,0.0016821693,0.0016323308,0.0
2025-06-10 00:00:00,solar.bun_carm1#realenergyintotheload#kwh,BUNDOORA,0.0,0.0022541569,0.0016821693,0.0016323308,0.0
2025-06-10 01:00:00,solar.bun_carm1#realenergyintotheload#kwh,BUNDOORA,0.0,0.0137977945,0.0020450968,0.0019845057,0.0
2025-06-10 02:00:00,solar.bun_carm1#realenergyintotheload#kwh,BUNDOORA,0.0,0.012371849,0.0019780602,0.0019194552,0.0
2025-06-10 03:00:00,solar.bun_carm1#realenergyintotheload#kwh,BUNDOORA,0.0,0.010629877,0.0014274743,0.0013851818,0.0
2025-06-10 04:00:00,solar.bun_carm1#realenergyintotheload#kwh,BUNDOORA,0.0,-0.0042977533,0.0010645466,0.0010330068,0.0
2025-06-10 05:00:00,solar.bun_carm1#realenergyintotheload#kwh,BUNDOORA,0.0,-0.0042977533,0.0010645466,0.0010330068,0.0
2025-06-10 06:00:00,solar.bun_carm1#realenergyintotheload#kwh,BUNDOORA,0.0,0.012154476,0.0014274743,0.0013851818,0.0
2025-06-10 07:00:00,solar.bun_carm1#realenergyintotheload#kwh,BUNDOORA,0.0,-0.004819977,0.0010645466,0.0010330068,0.0
2025-06-10 08:00:00,solar.bun_carm1#realenergyintotheload#kwh,BUNDOORA,0.1875,-0.00153421,0.44123635,0.42816362,10.0
2025-06-10 09:00:00,solar.bun_carm1#realenergyintotheload#kwh,BUNDOORA,3.125,0.683896,10.133875,9.833633,148.0
2025-06-10 10:00:00,solar.bun_carm1#realenergyintotheload#kwh,BUNDOORA,16.4375,2.969247,21.842133,21.195005,294.0
2025-06-10 11:00:00,solar.bun_carm1#realenergyintotheload#kwh,BUNDOORA,29.125,15.477251,30.917624,30.001612,401.0
2025-06-10 12:00:00,solar.bun_carm1#realenergyintotheload#kwh,BUNDOORA,32.0,22.322672,28.151539,27.317478,352.0
2025-06-10 13:00:00,solar.bun_carm1#realenergyintotheload#kwh,BUNDOORA,25.5625,23.962954,31.99934,31.05128,407.0
2025-06-10 14:00:00,solar.bun_carm1#realenergyintotheload#kwh,BUNDOORA,16.5625,25.532469,22.467283,21.801634,282.0
2025-06-10 15:00:00,solar.bun_carm1#realenergyintotheload#kwh,BUNDOORA,15.9375,25.484531,19.432613,18.856874,255.0
2025-06-10 16:00:00,solar.bun_carm1#realenergyintotheload#kwh,BUNDOORA,7.4375,11.748759,6.6850247,6.486964,92.0
2025-06-10 17:00:00,solar.bun_carm1#realenergyintotheload#kwh,BUNDOORA,1.4375,2.423524,1.4604688,1.4171988,23.0
2025-06-10 18:00:00,solar.bun_carm1#realenergyintotheload#kwh,BUNDOORA,0.0,0.1803766,0.0010645466,0.0010330068,0.0
2025-06-10 19:00:00,solar.bun_carm1#realenergyintotheload#kwh,BUNDOORA,0.0,0.010629877,0.0014274743,0.0013851818,0.0
2025-06-10 20:00:00,solar.bun_carm1#realenergyintotheload#kwh,BUNDOORA,0.0,-0.0066045094,0.0010645466,0.0010330068,0.0
2025-06-10 21:00:00,solar.bun_carm1#realenergyintotheload#kwh,BUNDOORA,0.0,-0.0066045094,0.0010645466,0.0010330068,0.0
2025-06-10 22:00:00,solar.bun_carm1#realenergyintotheload#kwh,BUNDOORA,0.0,0.008323123,0.0014274743,0.0013851818,0.0
2025-06-10 23:00:00,solar.bun_carm1#realenergyintotheload#kwh,BUNDOORA,0.0,0.008253688,0.0014274743,0.0013851818,0.0
2025-06-11 00:00:00,solar.bun_carm1#realenergyintotheload#kwh,BUNDOORA,0.0,-0.0069315378,0.0010645466,0.0010330068,0.0
2025-06-11 01:00:00,solar.bun_carm1#realenergyintotheload#kwh,BUNDOORA,0.0,0.0079960935,0.0014274743,0.0013851818,0.0
2025-06-11 02:00:00,solar.bun_carm1#realenergyintotheload#kwh,BUNDOORA,0.0,0.0025013345,0.0013604376,0.0013201312,0.0
2025-06-11 03:00:00,solar.bun_carm1#realenergyintotheload#kwh,BUNDOORA,0.0,0.0025013345,0.0013604376,0.0013201312,0.0
2025-06-11 04:00:00,solar.bun_carm1#realenergyintotheload#kwh,BUNDOORA,0.0,0.0025013345,0.0013604376,0.0013201312,0.0
2025-06-11 05:00:00,solar.bun_carm1#realenergyintotheload#kwh,BUNDOORA,0.0,0.0025013345,0.0013604376,0.0013201312,0.0
2025-06-11 06:00:00,solar.bun_carm1#realenergyintotheload#kwh,BUNDOORA,0.0,0.0029949504,0.0013604376,0.0013201312,0.0
2025-06-11 07:00:00,solar.bun_carm1#realenergyintotheload#kwh,BUNDOORA,0.0,0.009824277,0.0013604376,0.0013201312,0.0
2025-06-11 08:00:00,solar.bun_carm1#realenergyintotheload#kwh,BUNDOORA,0.1875,-0.071917,0.873723,0.84783673,16.0
2025-06-11 09:00:00,solar.bun_carm1#realenergyintotheload#kwh,BUNDOORA,3.1875,0.35827607,10.767993,10.448964,152.0
2025-06-11 10:00:00,solar.bun_carm1#realenergyintotheload#kwh,BUNDOORA,16.75,5.5113997,21.884914,21.236519,295.0
2025-06-11 11:00:00,solar.bun_carm1#realenergyintotheload#kwh,BUNDOORA,29.3125,19.846075,31.448225,30.516493,403.0
2025-06-11 12:00:00,solar.bun_carm1#realenergyintotheload#kwh,BUNDOORA,25.0625,27.244501,28.543337,27.69767,360.0
2025-06-11 13:00:00,solar.bun_carm1#realenergyintotheload#kwh,BUNDOORA,32.5625,28.934437,28.813616,27.95994,363.0
2025-06-11 14:00:00,solar.bun_carm1#realenergyintotheload#kwh,BUNDOORA,19.8125,20.93538,17.65205,17.129065,223.0
2025-06-11 15:00:00,solar.bun_carm1#realenergyintotheload#kwh,BUNDOORA,19.1875,12.399105,9.583014,9.299093,120.0
2025-06-11 16:00:00,solar.bun_carm1#realenergyintotheload#kwh,BUNDOORA,8.125,13.677448,10.373176,10.065845,141.0
2025-06-11 17:00:00,solar.bun_carm1#realenergyintotheload#kwh,BUNDOORA,1.6875,2.84718,1.2947553,1.256395,20.0
2025-06-11 18:00:00,solar.bun_carm1#realenergyintotheload#kwh,BUNDOORA,0.0,0.5019263,0.0013604376,0.0013201312,0.0
2025-06-11 19:00:00,solar.bun_carm1#realenergyintotheload#kwh,BUNDOORA,0.0,0.010025634,0.0013604376,0.0013201312,0.0
2025-06-11 20:00:00,solar.bun_carm1#realenergyintotheload#kwh,BUNDOORA,0.0,0.008851389,0.0014274743,0.0013851818,0.0
2025-06-11 21:00:00,solar.bun_carm1#realenergyintotheload#kwh,BUNDOORA,0.0,0.0066326484,0.0013604376,0.0013201312,0.0
2025-06-11 22:00:00,solar.bun_carm1#realenergyintotheload#kwh,BUNDOORA,0.0,0.0066326484,0.0013604376,0.0013201312,0.0
2025-06-11 23:00:00,solar.bun_carm1#realenergyintotheload#kwh,BUNDOORA,0.0,0.009520692,0.0014274743,0.0013851818,0.0
2025-06-12 00:00:00,solar.bun_carm1#realenergyintotheload#kwh,BUNDOORA,0.0,0.0025013345,0.0013604376,0.0013201312,0.0
2025-06-12 01:00:00,solar.bun_carm1#realenergyintotheload#kwh,BUNDOORA,0.0,0.008332289,0.0014274743,0.0013851818,0.0
2025-06-12 02:00:00,solar.bun_carm1#realenergyintotheload#kwh,BUNDOORA,0.0,0.0029949504,0.0013604376,0.0013201312,0.0
2025-06-12 03:00:00,solar.bun_carm1#realenergyintotheload#kwh,BUNDOORA,0.0,0.0029949504,0.0013604376,0.0013201312,0.0
2025-06-12 04:00:00,solar.bun_carm1#realenergyintotheload#kwh,BUNDOORA,0.0,0.0029949504,0.0013604376,0.0013201312,0.0
2025-06-12 05:00:00,solar.bun_carm1#realenergyintotheload#kwh,BUNDOORA,0.0,0.0029949504,0.0013604376,0.0013201312,0.0
2025-06-12 06:00:00,solar.bun_carm1#realenergyintotheload#kwh,BUNDOORA,0.0,0.0035952616,0.0013604376,0.0013201312,0.0
2025-06-12 07:00:00,solar.bun_carm1#realenergyintotheload#kwh,BUNDOORA,0.0,0.009824277,0.0013604376,0.0013201312,0.0
2025-06-12 08:00:00,solar.bun_carm1#realenergyintotheload#kwh,BUNDOORA,0.25,-0.13867117,0.7784781,0.7554137,15.0
2025-06-12 09:00:00,solar.bun_carm1#realenergyintotheload#kwh,BUNDOORA,3.625,0.15487655,10.158757,9.857779,149.0
2025-06-12 10:00:00,solar.bun_carm1#realenergyintotheload#kwh,BUNDOORA,16.4375,14.432899,21.974936,21.323874,295.0
2025-06-12 11:00:00,solar.bun_carm1#realenergyintotheload#kwh,BUNDOORA,28.375,21.83083,31.192312,30.268162,403.0
2025-06-12 12:00:00,solar.bun_carm1#realenergyintotheload#kwh,BUNDOORA,32.8125,32.697243,35.46492,34.414185,462.0
2025-06-12 13:00:00,solar.bun_carm1#realenergyintotheload#kwh,BUNDOORA,36.5625,31.508389,35.55413,34.50075,464.0
2025-06-12 14:00:00,solar.bun_carm1#realenergyintotheload#kwh,BUNDOORA,25.6875,24.938057,21.907976,21.258898,278.0
2025-06-12 15:00:00,solar.bun_carm1#realenergyintotheload#kwh,BUNDOORA,10.9375,11.118894,14.465874,14.037286,184.0
2025-06-12 16:00:00,solar.bun_carm1#realenergyintotheload#kwh,BUNDOORA,7.75,11.440172,8.290933,8.045293,110.0
2025-06-12 17:00:00,solar.bun_carm1#realenergyintotheload#kwh,BUNDOORA,1.5625,4.691543,1.2918508,1.2535765,20.0
2025-06-12 18:00:00,solar.bun_carm1#realenergyintotheload#kwh,BUNDOORA,0.0,0.29249346,0.0014274743,0.0013851818,0.0
2025-06-12 19:00:00,solar.bun_carm1#realenergyintotheload#kwh,BUNDOORA,0.0,0.01899765,0.0013604376,0.0013201312,0.0
2025-06-12 20:00:00,solar.bun_carm1#realenergyintotheload#kwh,BUNDOORA,0.0,0.020735968,0.0013604376,0.0013201312,0.0
2025-06-12 21:00:00,solar.bun_carm1#realenergyintotheload#kwh,BUNDOORA,0.0,0.007511751,0.0013604376,0.0013201312,0.0
2025-06-12 22:00:00,solar.bun_carm1#realenergyintotheload#kwh,BUNDOORA,0.0,-0.00781159,0.0013604376,0.0013201312,0.0
2025-06-12 23:00:00,solar.bun_carm1#realenergyintotheload#kwh,BUNDOORA,0.0,-0.023450432,0.0013604376,0.0013201312,0.0
2025-06-13 00:00:00,solar.bun_carm1#realenergyintotheload#kwh,BUNDOORA,0.0,-0.020697298,0.0013604376,0.0013201312,0.0
2025-06-13 01:00:00,solar.bun_carm1#realenergyintotheload#kwh,BUNDOORA,0.0,-0.020697298,0.0013604376,0.0013201312,0.0
2025-06-13 02:00:00,solar.bun_carm1#realenergyintotheload#kwh,BUNDOORA,0.0,-0.022600459,0.0013604376,0.0013201312,0.0
2025-06-13 03:00:00,solar.bun_carm1#realenergyintotheload#kwh,BUNDOORA,0.0,-0.018705608,0.0013604376,0.0013201312,0.0
2025-06-13 04:00:00,solar.bun_carm1#realenergyintotheload#kwh,BUNDOORA,0.0,-0.023537686,0.0013604376,0.0013201312,0.0
2025-06-13 05:00:00,solar.bun_carm1#realenergyintotheload#kwh,BUNDOORA,0.0,-0.018705608,0.0013604376,0.0013201312,0.0
2025-06-13 06:00:00,solar.bun_carm1#realenergyintotheload#kwh,BUNDOORA,0.0,-0.018705608,0.0013604376,0.0013201312,0.0
2025-06-13 07:00:00,solar.bun_carm1#realenergyintotheload#kwh,BUNDOORA,0.0,-0.010580582,0.0013604376,0.0013201312,0.0
2025-06-13 08:00:00,solar.bun_carm1#realenergyintotheload#kwh,BUNDOORA,0.125,-0.0737828,0.7784781,0.7554137,15.0
2025-06-13 09:00:00,solar.bun_carm1#realenergyintotheload#kwh,BUNDOORA,3.3125,0.31039467,10.739668,10.421478,151.0
2025-06-13 10:00:00,solar.bun_carm1#realenergyintotheload#kwh,BUNDOORA,16.1875,12.143886,21.834995,21.18808,295.0
2025-06-13 11:00:00,solar.bun_carm1#realenergyintotheload#kwh,BUNDOORA,28.5625,27.491013,30.761719,29.850327,402.0
2025-06-13 12:00:00,solar.bun_carm1#realenergyintotheload#kwh,BUNDOORA,34.75,34.072918,35.733723,34.675022,462.0
2025-06-13 13:00:00,solar.bun_carm1#realenergyintotheload#kwh,BUNDOORA,36.0625,34.253334,35.701527,34.64378,466.0
2025-06-13 14:00:00,solar.bun_carm1#realenergyintotheload#kwh,BUNDOORA,31.75,31.038918,31.423708,30.492702,415.0
2025-06-13 15:00:00,solar.bun_carm1#realenergyintotheload#kwh,BUNDOORA,20.75,24.533413,23.134075,22.44867,313.0
2025-06-13 16:00:00,solar.bun_carm1#realenergyintotheload#kwh,BUNDOORA,8.25,18.600777,12.771837,12.393439,171.0
2025-06-13 17:00:00,solar.bun_carm1#realenergyintotheload#kwh,BUNDOORA,1.125,6.337416,1.9496164,1.8918542,29.0
2025-06-13 18:00:00,solar.bun_carm1#realenergyintotheload#kwh,BUNDOORA,0.0,0.7888556,0.0018259832,0.0017718838,0.0
2025-06-13 19:00:00,solar.bun_carm1#realenergyintotheload#kwh,BUNDOORA,0.0,0.034055445,0.0013604376,0.0013201312,0.0
2025-06-13 20:00:00,solar.bun_carm1#realenergyintotheload#kwh,BUNDOORA,0.0,0.008222974,0.0014274743,0.0013851818,0.0
2025-06-13 21:00:00,solar.bun_carm1#realenergyintotheload#kwh,BUNDOORA,0.0,0.017046506,0.0013604376,0.0013201312,0.0
2025-06-13 22:00:00,solar.bun_carm1#realenergyintotheload#kwh,BUNDOORA,0.0,0.012633794,0.0013604376,0.0013201312,0.0
2025-06-13 23:00:00,solar.bun_carm1#realenergyintotheload#kwh,BUNDOORA,0.0,-0.022600459,0.0013604376,0.0013201312,0.0
2025-06-14 00:00:00,solar.bun_carm1#realenergyintotheload#kwh,BUNDOORA,0.0,-0.018390542,0.0013604376,0.0013201312,0.0
2025-06-14 01:00:00,solar.bun_carm1#realenergyintotheload#kwh,BUNDOORA,0.0,-0.018390542,0.0013604376,0.0013201312,0.0
2025-06-14 02:00:00,solar.bun_carm1#realenergyintotheload#kwh,BUNDOORA,0.0,-0.020633364,0.0013604376,0.0013201312,0.0
2025-06-14 03:00:00,solar.bun_carm1#realenergyintotheload#kwh,BUNDOORA,0.0,-0.021570591,0.0013604376,0.0013201312,0.0
2025-06-14 04:00:00,solar.bun_carm1#realenergyintotheload#kwh,BUNDOORA,0.0,-0.021570591,0.0013604376,0.0013201312,0.0
2025-06-14 05:00:00,solar.bun_carm1#realenergyintotheload#kwh,BUNDOORA,0.0,-0.021570591,0.0013604376,0.0013201312,0.0
2025-06-14 06:00:00,solar.bun_carm1#realenergyintotheload#kwh,BUNDOORA,0.0,-0.021570591,0.0013604376,0.0013201312,0.0
2025-06-14 07:00:00,solar.bun_carm1#realenergyintotheload#kwh,BUNDOORA,0.0,-0.0032037396,0.0013604376,0.0013201312,0.0
2025-06-14 08:00:00,solar.bun_carm1#realenergyintotheload#kwh,BUNDOORA,0.1875,-0.3113633,0.7784384,0.7553752,15.0
2025-06-14 09:00:00,solar.bun_carm1#realenergyintotheload#kwh,BUNDOORA,3.5,1.6782317,10.626706,10.311863,153.0
2025-06-14 10:00:00,solar.bun_carm1#realenergyintotheload#kwh,BUNDOORA,15.3125,6.4632635,21.899817,21.25098,296.0
2025-06-14 11:00:00,solar.bun_carm1#realenergyintotheload#kwh,BUNDOORA,26.8125,17.579592,31.170614,30.247107,404.0
2025-06-14 12:00:00,solar.bun_carm1#realenergyintotheload#kwh,BUNDOORA,33.5,28.237265,34.90155,33.867504,453.0
2025-06-14 13:00:00,solar.bun_carm1#realenergyintotheload#kwh,BUNDOORA,31.5,31.612572,35.462616,34.411945,465.0
2025-06-14 14:00:00,solar.bun_carm1#realenergyintotheload#kwh,BUNDOORA,20.375,25.938656,26.490084,25.705248,339.0
2025-06-14 15:00:00,solar.bun_carm1#realenergyintotheload#kwh,BUNDOORA,14.8125,19.426779,17.011019,16.507025,228.0
2025-06-14 16:00:00,solar.bun_carm1#realenergyintotheload#kwh,BUNDOORA,12.0625,9.601154,6.9663477,6.759952,94.0
2025-06-14 17:00:00,solar.bun_carm1#realenergyintotheload#kwh,BUNDOORA,4.0,4.883903,0.6350347,0.6162202,12.0
2025-06-14 18:00:00,solar.bun_carm1#realenergyintotheload#kwh,BUNDOORA,0.0,0.555597,0.00091408606,0.00088700396,0.0
2025-06-14 19:00:00,solar.bun_carm1#realenergyintotheload#kwh,BUNDOORA,0.0,0.07849037,0.0016709461,0.0016214402,0.0
2025-06-14 20:00:00,solar.bun_carm1#realenergyintotheload#kwh,BUNDOORA,0.0,0.017026369,0.0016709461,0.0016214402,0.0
2025-06-14 21:00:00,solar.bun_carm1#realenergyintotheload#kwh,BUNDOORA,0.0,0.0247031,0.0011926679,0.0011573321,0.0
2025-06-14 22:00:00,solar.bun_carm1#realenergyintotheload#kwh,BUNDOORA,0.0,0.022824574,0.0011926679,0.0011573321,0.0
2025-06-14 23:00:00,solar.bun_carm1#realenergyintotheload#kwh,BUNDOORA,0.0,0.022423077,0.0010208101,0.0009905661,0.0
2025-06-15 00:00:00,solar.bun_carm1#realenergyintotheload#kwh,BUNDOORA,0.0,0.05113744,0.0011926679,0.0011573321,0.0
2025-06-15 01:00:00,solar.bun_carm1#realenergyintotheload#kwh,BUNDOORA,0.0,0.051483266,0.00091408606,0.00088700396,0.0
2025-06-15 02:00:00,solar.bun_carm1#realenergyintotheload#kwh,BUNDOORA,0.0,0.080225214,0.0014863554,0.0014423184,0.0
2025-06-15 03:00:00,solar.bun_carm1#realenergyintotheload#kwh,BUNDOORA,0.0,0.049969025,0.00091408606,0.00088700396,0.0
2025-06-15 04:00:00,solar.bun_carm1#realenergyintotheload#kwh,BUNDOORA,0.0,0.0247031,0.0011926679,0.0011573321,0.0
2025-06-15 05:00:00,solar.bun_carm1#realenergyintotheload#kwh,BUNDOORA,0.0,0.005981452,0.0014223809,0.0013802393,0.0
2025-06-15 06:00:00,solar.bun_carm1#realenergyintotheload#kwh,BUNDOORA,0.0,0.02090909,0.0014223809,0.0013802393,0.0
2025-06-15 07:00:00,solar.bun_carm1#realenergyintotheload#kwh,BUNDOORA,0.0,0.07189535,0.0014223809,0.0013802393,0.0
2025-06-15 08:00:00,solar.bun_carm1#realenergyintotheload#kwh,BUNDOORA,0.125,0.15522882,0.25531387,0.24774957,7.0
2025-06-15 09:00:00,solar.bun_carm1#realenergyintotheload#kwh,BUNDOORA,3.625,1.1271368,5.9240866,5.748571,84.0
2025-06-15 10:00:00,solar.bun_carm1#realenergyintotheload#kwh,BUNDOORA,7.75,7.212969,18.25153,17.710783,250.0
2025-06-15 11:00:00,solar.bun_carm1#realenergyintotheload#kwh,BUNDOORA,16.4375,14.906348,22.394133,21.73065,282.0
2025-06-15 12:00:00,solar.bun_carm1#realenergyintotheload#kwh,BUNDOORA,23.75,24.273355,34.119743,33.10886,441.0
2025-06-15 13:00:00,solar.bun_carm1#realenergyintotheload#kwh,BUNDOORA,12.5,14.656647,8.783523,8.523289,111.0
2025-06-15 14:00:00,solar.bun_carm1#realenergyintotheload#kwh,BUNDOORA,5.375,10.624018,7.1357913,6.9243755,94.0
2025-06-15 15:00:00,solar.bun_carm1#realenergyintotheload#kwh,BUNDOORA,7.0625,10.24518,8.94488,8.679865,115.0
2025-06-15 16:00:00,solar.bun_carm1#realenergyintotheload#kwh,BUNDOORA,5.8125,9.398629,5.7260265,5.556379,78.0
2025-06-15 17:00:00,solar.bun_carm1#realenergyintotheload#kwh,BUNDOORA,1.8125,4.5124054,1.2924259,1.2541345,20.0
2025-06-15 18:00:00,solar.bun_carm1#realenergyintotheload#kwh,BUNDOORA,0.0,0.5634278,0.00066552084,0.0006458031,0.0
2025-06-15 19:00:00,solar.bun_carm1#realenergyintotheload#kwh,BUNDOORA,0.0,0.018400617,0.00091408606,0.00088700396,0.0
2025-06-15 20:00:00,solar.bun_carm1#realenergyintotheload#kwh,BUNDOORA,0.0,-0.0023488067,0.0014223809,0.0013802393,0.0
2025-06-15 21:00:00,solar.bun_carm1#realenergyintotheload#kwh,BUNDOORA,0.0,0.011270719,0.0014223809,0.0013802393,0.0
2025-06-15 22:00:00,solar.bun_carm1#realenergyintotheload#kwh,BUNDOORA,0.0,0.0033968855,0.0016709461,0.0016214402,0.0
2025-06-15 23:00:00,solar.bun_carm1#realenergyintotheload#kwh,BUNDOORA,0.0,0.004646156,0.0016709461,0.0016214402,0.0
2025-06-16 00:00:00,solar.bun_carm1#realenergyintotheload#kwh,BUNDOORA,0.0,-0.01028147,0.0016709461,0.0016214402,0.0
2025-06-16 01:00:00,solar.bun_carm1#realenergyintotheload#kwh,BUNDOORA,0.0,0.0007598018,0.00091408606,0.00088700396,0.0
2025-06-16 02:00:00,solar.bun_carm1#realenergyintotheload#kwh,BUNDOORA,0.0,0.015588652,0.0010723001,0.0010405305,0.0
2025-06-16 03:00:00,solar.bun_carm1#realenergyintotheload#kwh,BUNDOORA,0.0,-0.023971083,0.0021958419,0.0021307846,0.0
2025-06-16 04:00:00,solar.bun_carm1#realenergyintotheload#kwh,BUNDOORA,0.0,-0.013547936,0.0021958419,0.0021307846,0.0
2025-06-16 05:00:00,solar.bun_carm1#realenergyintotheload#kwh,BUNDOORA,0.0,-0.039207384,0.0021958419,0.0021307846,0.0
2025-06-16 06:00:00,solar.bun_carm1#realenergyintotheload#kwh,BUNDOORA,0.0,-0.013547936,0.0021958419,0.0021307846,0.0
2025-06-16 07:00:00,solar.bun_carm1#realenergyintotheload#kwh,BUNDOORA,0.0,0.027862431,0.0014389817,0.0013963484,0.0
2025-06-16 08:00:00,solar.bun_carm1#realenergyintotheload#kwh,BUNDOORA,0.0,-0.019242264,0.07987272,0.07750629,4.0
2025-06-16 09:00:00,solar.bun_carm1#realenergyintotheload#kwh,BUNDOORA,2.0,0.45368105,3.4291067,3.3275108,48.0
2025-06-16 10:00:00,solar.bun_carm1#realenergyintotheload#kwh,BUNDOORA,7.25,4.095855,9.616409,9.331499,123.0
2025-06-16 11:00:00,solar.bun_carm1#realenergyintotheload#kwh,BUNDOORA,11.4375,15.633905,15.768626,15.301441,196.0
2025-06-16 12:00:00,solar.bun_carm1#realenergyintotheload#kwh,BUNDOORA,16.25,20.29709,22.56518,21.89663,283.0
2025-06-16 13:00:00,solar.bun_carm1#realenergyintotheload#kwh,BUNDOORA,35.0625,26.010818,34.94591,33.910553,452.0
2025-06-16 14:00:00,solar.bun_carm1#realenergyintotheload#kwh,BUNDOORA,31.75,22.73103,30.324917,29.426466,396.0
2025-06-16 15:00:00,solar.bun_carm1#realenergyintotheload#kwh,BUNDOORA,24.625,19.35552,19.095987,18.53022,251.0
2025-06-16 16:00:00,solar.bun_carm1#realenergyintotheload#kwh,BUNDOORA,4.0,5.3439827,2.321769,2.2529807,33.0
2025-06-16 17:00:00,solar.bun_carm1#realenergyintotheload#kwh,BUNDOORA,0.6875,4.8887596,1.069974,1.0382733,17.0
2025-06-16 18:00:00,solar.bun_carm1#realenergyintotheload#kwh,BUNDOORA,0.0,0.7402347,0.0019452046,0.001887573,0.0
2025-06-16 19:00:00,solar.bun_carm1#realenergyintotheload#kwh,BUNDOORA,0.0,0.030899404,0.0019452046,0.001887573,0.0
2025-06-16 20:00:00,solar.bun_carm1#realenergyintotheload#kwh,BUNDOORA,0.0,0.010169799,0.0015457058,0.0014999104,0.0
2025-06-16 21:00:00,solar.bun_carm1#realenergyintotheload#kwh,BUNDOORA,0.0,-0.018510723,0.001350882,0.0013108588,0.0
2025-06-16 22:00:00,solar.bun_carm1#realenergyintotheload#kwh,BUNDOORA,0.0,-0.01573059,0.0017175636,0.0016666765,0.0
2025-06-16 23:00:00,solar.bun_carm1#realenergyintotheload#kwh,BUNDOORA,0.0,-0.14250647,0.0021288053,0.002065734,0.0
2025-06-17 00:00:00,solar.bun_carm1#realenergyintotheload#kwh,BUNDOORA,0.0,-0.006193796,0.0021958419,0.0021307846,0.0
2025-06-17 01:00:00,solar.bun_carm1#realenergyintotheload#kwh,BUNDOORA,0.0,-0.008296913,0.0021288053,0.002065734,0.0
2025-06-17 02:00:00,solar.bun_carm1#realenergyintotheload#kwh,BUNDOORA,0.0,-0.01233495,0.0021288053,0.002065734,0.0
2025-06-17 03:00:00,solar.bun_carm1#realenergyintotheload#kwh,BUNDOORA,0.0,0.005717417,0.0021288053,0.002065734,0.0
2025-06-17 04:00:00,solar.bun_carm1#realenergyintotheload#kwh,BUNDOORA,0.0,0.0051226243,0.0021958419,0.0021307846,0.0
2025-06-17 05:00:00,solar.bun_carm1#realenergyintotheload#kwh,BUNDOORA,0.0,-0.012305396,0.0021958419,0.0021307846,0.0
2025-06-17 06:00:00,solar.bun_carm1#realenergyintotheload#kwh,BUNDOORA,0.0,-0.026529985,0.0018291601,0.0017749667,0.0
2025-06-17 07:00:00,solar.bun_carm1#realenergyintotheload#kwh,BUNDOORA,0.0,0.04801528,0.0018291601,0.0017749667,0.0
2025-06-17 08:00:00,solar.bun_carm1#realenergyintotheload#kwh,BUNDOORA,0.0,0.45499364,0.3550127,0.34449458,8.0
2025-06-17 09:00:00,solar.bun_carm1#realenergyintotheload#kwh,BUNDOORA,3.25,2.028861,6.040153,5.8611984,89.0
2025-06-17 10:00:00,solar.bun_carm1#realenergyintotheload#kwh,BUNDOORA,7.0,4.93095,14.706876,14.271148,189.0
2025-06-17 11:00:00,solar.bun_carm1#realenergyintotheload#kwh,BUNDOORA,25.25,17.615404,30.561243,29.65579,398.0
2025-06-17 12:00:00,solar.bun_carm1#realenergyintotheload#kwh,BUNDOORA,30.5,25.531881,30.516373,29.61225,389.0
2025-06-17 13:00:00,solar.bun_carm1#realenergyintotheload#kwh,BUNDOORA,24.375,21.696373,23.225624,22.537506,290.0
2025-06-17 14:00:00,solar.bun_carm1#realenergyintotheload#kwh,BUNDOORA,34.375,26.86955,27.965252,27.136711,362.0
2025-06-17 15:00:00,solar.bun_carm1#realenergyintotheload#kwh,BUNDOORA,16.5,18.980675,21.433878,20.798845,281.0
2025-06-17 16:00:00,solar.bun_carm1#realenergyintotheload#kwh,BUNDOORA,8.9375,10.303985,7.4816985,7.2600346,102.0
2025-06-17 17:00:00,solar.bun_carm1#realenergyintotheload#kwh,BUNDOORA,1.9375,4.7160563,1.4573096,1.4141332,23.0
2025-06-17 18:00:00,solar.bun_carm1#realenergyintotheload#kwh,BUNDOORA,0.0,0.30561534,0.0014274743,0.0013851818,0.0
2025-06-17 19:00:00,solar.bun_carm1#realenergyintotheload#kwh,BUNDOORA,0.0,-0.018552978,0.0013604376,0.0013201312,0.0
2025-06-17 20:00:00,solar.bun_carm1#realenergyintotheload#kwh,BUNDOORA,0.0,-0.021171765,0.0013604376,0.0013201312,0.0
2025-06-17 21:00:00,solar.bun_carm1#realenergyintotheload#kwh,BUNDOORA,0.0,0.017347846,0.0014274743,0.0013851818,0.0
2025-06-17 22:00:00,solar.bun_carm1#realenergyintotheload#kwh,BUNDOORA,0.0,0.019512443,0.0014274743,0.0013851818,0.0
2025-06-17 23:00:00,solar.bun_carm1#realenergyintotheload#kwh,BUNDOORA,0.0,0.02014329,0.0014274743,0.0013851818,0.0
2025-06-18 00:00:00,solar.bun_carm1#realenergyintotheload#kwh,BUNDOORA,0.0,0.018020991,0.0013604376,0.0013201312,0.0
2025-06-18 01:00:00,solar.bun_carm1#realenergyintotheload#kwh,BUNDOORA,0.0,0.019512443,0.0014274743,0.0013851818,0.0
2025-06-18 02:00:00,solar.bun_carm1#realenergyintotheload#kwh,BUNDOORA,0.0,0.009977697,0.0014274743,0.0013851818,0.0
2025-06-18 03:00:00,solar.bun_carm1#realenergyintotheload#kwh,BUNDOORA,0.0,0.010608544,0.0014274743,0.0013851818,0.0
2025-06-18 04:00:00,solar.bun_carm1#realenergyintotheload#kwh,BUNDOORA,0.0,-0.0065151528,0.0021447968,0.0020812517,0.0
2025-06-18 05:00:00,solar.bun_carm1#realenergyintotheload#kwh,BUNDOORA,0.0,0.0047311056,0.0013604376,0.0013201312,0.0
2025-06-18 06:00:00,solar.bun_carm1#realenergyintotheload#kwh,BUNDOORA,0.0,-0.0028147867,0.0013604376,0.0013201312,0.0
2025-06-18 07:00:00,solar.bun_carm1#realenergyintotheload#kwh,BUNDOORA,0.0,0.02063238,0.0013604376,0.0013201312,0.0
2025-06-18 08:00:00,solar.bun_carm1#realenergyintotheload#kwh,BUNDOORA,0.1875,-0.021859646,0.6300468,0.6113801,12.0
2025-06-18 09:00:00,solar.bun_carm1#realenergyintotheload#kwh,BUNDOORA,3.9375,1.1191119,6.7951617,6.593838,117.0
2025-06-18 10:00:00,solar.bun_carm1#realenergyintotheload#kwh,BUNDOORA,11.8125,11.332698,15.974288,15.50101,210.0
2025-06-18 11:00:00,solar.bun_carm1#realenergyintotheload#kwh,BUNDOORA,17.125,20.033707,21.791882,21.146242,275.0
2025-06-18 12:00:00,solar.bun_carm1#realenergyintotheload#kwh,BUNDOORA,19.8125,23.40754,18.619703,18.068048,236.0
2025-06-18 13:00:00,solar.bun_carm1#realenergyintotheload#kwh,BUNDOORA,10.375,13.993524,12.168415,11.807896,151.0
2025-06-18 14:00:00,solar.bun_carm1#realenergyintotheload#kwh,BUNDOORA,10.25,17.047483,13.96902,13.555153,174.0
2025-06-18 15:00:00,solar.bun_carm1#realenergyintotheload#kwh,BUNDOORA,9.3125,5.225598,6.828811,6.6264906,91.0
2025-06-18 16:00:00,solar.bun_carm1#realenergyintotheload#kwh,BUNDOORA,4.625,12.374846,4.9707465,4.823476,66.0
2025-06-18 17:00:00,solar.bun_carm1#realenergyintotheload#kwh,BUNDOORA,2.5,3.6166577,1.0950739,1.0626296,19.0
2025-06-18 18:00:00,solar.bun_carm1#realenergyintotheload#kwh,BUNDOORA,0.0,0.17724925,0.0013791334,0.0013382732,0.0
2025-06-18 19:00:00,solar.bun_carm1#realenergyintotheload#kwh,BUNDOORA,0.0,-0.0068832915,0.000916782,0.00088962005,0.0
2025-06-18 20:00:00,solar.bun_carm1#realenergyintotheload#kwh,BUNDOORA,0.0,0.003019597,0.0010645466,0.0010330068,0.0
2025-06-18 21:00:00,solar.bun_carm1#realenergyintotheload#kwh,BUNDOORA,0.0,0.017947225,0.0014274743,0.0013851818,0.0
2025-06-18 22:00:00,solar.bun_carm1#realenergyintotheload#kwh,BUNDOORA,0.0,0.003019597,0.0010645466,0.0010330068,0.0
2025-06-18 23:00:00,solar.bun_carm1#realenergyintotheload#kwh,BUNDOORA,0.0,-0.012619246,0.000916782,0.00088962005,0.0
2025-06-19 00:00:00,solar.bun_carm1#realenergyintotheload#kwh,BUNDOORA,0.0,-0.010255033,0.0019970322,0.0019378652,0.0
2025-06-19 01:00:00,solar.bun_carm1#realenergyintotheload#kwh,BUNDOORA,0.0,-0.010204054,0.0019970322,0.0019378652,0.0
2025-06-19 02:00:00,solar.bun_carm1#realenergyintotheload#kwh,BUNDOORA,0.0,-0.00432105,0.0021037564,0.0020414274,0.0
2025-06-19 03:00:00,solar.bun_carm1#realenergyintotheload#kwh,BUNDOORA,0.0,-0.006898502,0.0016268077,0.0015786095,0.0
2025-06-19 04:00:00,solar.bun_carm1#realenergyintotheload#kwh,BUNDOORA,0.0,-0.005572196,0.0009441027,0.0009161313,0.0
2025-06-19 05:00:00,solar.bun_carm1#realenergyintotheload#kwh,BUNDOORA,0.0,-0.0070864316,0.00066552084,0.0006458031,0.0
2025-06-19 06:00:00,solar.bun_carm1#realenergyintotheload#kwh,BUNDOORA,0.0,-0.008412737,0.00066552084,0.0006458031,0.0
2025-06-19 07:00:00,solar.bun_carm1#realenergyintotheload#kwh,BUNDOORA,0.0,0.075120084,0.00066552084,0.0006458031,0.0
2025-06-19 08:00:00,solar.bun_carm1#realenergyintotheload#kwh,BUNDOORA,0.0625,0.31636155,0.16212133,0.15731807,5.0
2025-06-19 09:00:00,solar.bun_carm1#realenergyintotheload#kwh,BUNDOORA,2.75,1.0924535,5.4352665,5.2742333,78.0
2025-06-19 10:00:00,solar.bun_carm1#realenergyintotheload#kwh,BUNDOORA,6.1875,6.998742,12.73898,12.361556,160.0
2025-06-19 11:00:00,solar.bun_carm1#realenergyintotheload#kwh,BUNDOORA,13.1875,20.651842,20.681725,20.068977,261.0
2025-06-19 12:00:00,solar.bun_carm1#realenergyintotheload#kwh,BUNDOORA,20.6875,24.288582,27.668653,26.8489,352.0
2025-06-19 13:00:00,solar.bun_carm1#realenergyintotheload#kwh,BUNDOORA,28.1875,28.689148,32.70396,31.735023,424.0
2025-06-19 14:00:00,solar.bun_carm1#realenergyintotheload#kwh,BUNDOORA,21.0,22.387892,21.315128,20.683615,272.0
2025-06-19 15:00:00,solar.bun_carm1#realenergyintotheload#kwh,BUNDOORA,21.625,16.482782,15.121797,14.673776,191.0
2025-06-19 16:00:00,solar.bun_carm1#realenergyintotheload#kwh,BUNDOORA,10.75,13.705397,10.76363,10.444731,147.0
2025-06-19 17:00:00,solar.bun_carm1#realenergyintotheload#kwh,BUNDOORA,2.75,7.2414393,1.9499985,1.8922249,28.0
2025-06-19 18:00:00,solar.bun_carm1#realenergyintotheload#kwh,BUNDOORA,0.0,0.6947118,0.0013553442,0.0013151887,0.0
2025-06-19 19:00:00,solar.bun_carm1#realenergyintotheload#kwh,BUNDOORA,0.0,-0.021564862,0.0013553442,0.0013151887,0.0
2025-06-19 20:00:00,solar.bun_carm1#realenergyintotheload#kwh,BUNDOORA,0.0,-0.01382657,0.0013553442,0.0013151887,0.0
2025-06-19 21:00:00,solar.bun_carm1#realenergyintotheload#kwh,BUNDOORA,0.0,-0.0132262595,0.0013553442,0.0013151887,0.0
2025-06-19 22:00:00,solar.bun_carm1#realenergyintotheload#kwh,BUNDOORA,0.0,-0.0132262595,0.0013553442,0.0013151887,0.0
2025-06-19 23:00:00,solar.bun_carm1#realenergyintotheload#kwh,BUNDOORA,0.0,-0.0132262595,0.0013553442,0.0013151887,0.0
2025-06-20 00:00:00,solar.bun_carm1#realenergyintotheload#kwh,BUNDOORA,0.0,-0.011323102,0.0013553442,0.0013151887,0.0
2025-06-20 01:00:00,solar.bun_carm1#realenergyintotheload#kwh,BUNDOORA,0.0,-0.011323102,0.0013553442,0.0013151887,0.0
2025-06-20 02:00:00,solar.bun_carm1#realenergyintotheload#kwh,BUNDOORA,0.0,0.008942109,0.0013553442,0.0013151887,0.0
2025-06-20 03:00:00,solar.bun_carm1#realenergyintotheload#kwh,BUNDOORA,0.0,-0.010865457,0.0013553442,0.0013151887,0.0
2025-06-20 04:00:00,solar.bun_carm1#realenergyintotheload#kwh,BUNDOORA,0.0,-0.027808955,0.0013207269,0.0012815971,0.0
2025-06-20 05:00:00,solar.bun_carm1#realenergyintotheload#kwh,BUNDOORA,0.0,-0.0082463045,0.0013604376,0.0013201312,0.0
2025-06-20 06:00:00,solar.bun_carm1#realenergyintotheload#kwh,BUNDOORA,0.0,-0.0082463045,0.0013604376,0.0013201312,0.0
2025-06-20 07:00:00,solar.bun_carm1#realenergyintotheload#kwh,BUNDOORA,0.0,-0.00436849,0.0013604376,0.0013201312,0.0
2025-06-20 08:00:00,solar.bun_carm1#realenergyintotheload#kwh,BUNDOORA,0.125,-0.036711406,0.51119465,0.49604923,11.0
2025-06-20 09:00:00,solar.bun_carm1#realenergyintotheload#kwh,BUNDOORA,2.875,1.8175027,9.459609,9.179344,142.0
2025-06-20 10:00:00,solar.bun_carm1#realenergyintotheload#kwh,BUNDOORA,14.875,12.180218,21.115702,20.490097,280.0
2025-06-20 11:00:00,solar.bun_carm1#realenergyintotheload#kwh,BUNDOORA,27.3125,22.872307,29.486774,28.613155,387.0
2025-06-20 12:00:00,solar.bun_carm1#realenergyintotheload#kwh,BUNDOORA,33.5625,30.977776,34.293247,33.277225,447.0
2025-06-20 13:00:00,solar.bun_carm1#realenergyintotheload#kwh,BUNDOORA,34.125,31.70849,34.43705,33.416767,452.0
2025-06-20 14:00:00,solar.bun_carm1#realenergyintotheload#kwh,BUNDOORA,31.3125,23.991848,30.904715,29.989084,403.0
2025-06-20 15:00:00,solar.bun_carm1#realenergyintotheload#kwh,BUNDOORA,20.875,18.459032,22.583567,21.914473,305.0
2025-06-20 16:00:00,solar.bun_carm1#realenergyintotheload#kwh,BUNDOORA,8.125,13.679201,12.039324,11.682629,164.0
2025-06-20 17:00:00,solar.bun_carm1#realenergyintotheload#kwh,BUNDOORA,1.4375,8.516399,1.9500036,1.8922299,28.0
2025-06-20 18:00:00,solar.bun_carm1#realenergyintotheload#kwh,BUNDOORA,0.0,1.2839129,0.0013604376,0.0013201312,0.0
2025-06-20 19:00:00,solar.bun_carm1#realenergyintotheload#kwh,BUNDOORA,0.0,0.020052893,0.0014274743,0.0013851818,0.0
2025-06-20 20:00:00,solar.bun_carm1#realenergyintotheload#kwh,BUNDOORA,0.0,0.009312925,0.0013604376,0.0013201312,0.0
2025-06-20 21:00:00,solar.bun_carm1#realenergyintotheload#kwh,BUNDOORA,0.0,-0.030230867,0.0013604376,0.0013201312,0.0
2025-06-20 22:00:00,solar.bun_carm1#realenergyintotheload#kwh,BUNDOORA,0.0,0.0060894666,0.0014274743,0.0013851818,0.0
2025-06-20 23:00:00,solar.bun_carm1#realenergyintotheload#kwh,BUNDOORA,0.0,-0.030706512,0.0013604376,0.0013201312,0.0
2025-06-21 00:00:00,solar.bun_carm1#realenergyintotheload#kwh,BUNDOORA,0.0,0.010608544,0.0014274743,0.0013851818,0.0
2025-06-21 01:00:00,solar.bun_carm1#realenergyintotheload#kwh,BUNDOORA,0.0,0.008486244,0.0013604376,0.0013201312,0.0
2025-06-21 02:00:00,solar.bun_carm1#realenergyintotheload#kwh,BUNDOORA,0.0,-0.0301062,0.0013604376,0.0013201312,0.0
2025-06-21 03:00:00,solar.bun_carm1#realenergyintotheload#kwh,BUNDOORA,0.0,-0.025322815,0.0013604376,0.0013201312,0.0
2025-06-21 04:00:00,solar.bun_carm1#realenergyintotheload#kwh,BUNDOORA,0.0,0.0065830825,0.0013604376,0.0013201312,0.0
2025-06-21 05:00:00,solar.bun_carm1#realenergyintotheload#kwh,BUNDOORA,0.0,0.010608544,0.0014274743,0.0013851818,0.0
2025-06-21 06:00:00,solar.bun_carm1#realenergyintotheload#kwh,BUNDOORA,0.0,0.0065830825,0.0013604376,0.0013201312,0.0
2025-06-21 07:00:00,solar.bun_carm1#realenergyintotheload#kwh,BUNDOORA,0.0,0.008636699,0.0013604376,0.0013201312,0.0
2025-06-21 08:00:00,solar.bun_carm1#realenergyintotheload#kwh,BUNDOORA,0.0,0.037313946,0.514448,0.4992062,11.0
2025-06-21 09:00:00,solar.bun_carm1#realenergyintotheload#kwh,BUNDOORA,0.0,0.8088891,10.042456,9.744923,145.0
2025-06-21 10:00:00,solar.bun_carm1#realenergyintotheload#kwh,BUNDOORA,0.0,11.819645,21.807304,21.16121,286.0
2025-06-21 11:00:00,solar.bun_carm1#realenergyintotheload#kwh,BUNDOORA,0.0,21.32967,30.153492,29.260118,394.0
2025-06-21 12:00:00,solar.bun_carm1#realenergyintotheload#kwh,BUNDOORA,0.0,32.985626,34.513584,33.49103,455.0
2025-06-21 13:00:00,solar.bun_carm1#realenergyintotheload#kwh,BUNDOORA,0.0,34.607975,35.25255,34.208103,461.0
2025-06-21 14:00:00,solar.bun_carm1#realenergyintotheload#kwh,BUNDOORA,0.0,26.385906,30.894342,29.979021,411.0
2025-06-21 15:00:00,solar.bun_carm1#realenergyintotheload#kwh,BUNDOORA,0.0,25.425825,22.949795,22.26985,312.0
2025-06-21 16:00:00,solar.bun_carm1#realenergyintotheload#kwh,BUNDOORA,0.0,13.6932955,12.598108,12.224858,169.0
2025-06-21 17:00:00,solar.bun_carm1#realenergyintotheload#kwh,BUNDOORA,0.0,7.023811,1.9500036,1.8922299,29.0
2025-06-21 18:00:00,solar.bun_carm1#realenergyintotheload#kwh,BUNDOORA,0.0,1.129935,0.0013604376,0.0013201312,0.0
2025-06-21 19:00:00,solar.bun_carm1#realenergyintotheload#kwh,BUNDOORA,0.0,0.00525018,0.0013207269,0.0012815971,0.0
2025-06-21 20:00:00,solar.bun_carm1#realenergyintotheload#kwh,BUNDOORA,0.0,-0.016564637,0.0013553442,0.0013151887,0.0
2025-06-21 21:00:00,solar.bun_carm1#realenergyintotheload#kwh,BUNDOORA,0.0,0.0030871183,0.0016039095,0.0015563897,0.0
2025-06-21 22:00:00,solar.bun_carm1#realenergyintotheload#kwh,BUNDOORA,0.0,-0.010829527,0.0016039095,0.0015563897,0.0
2025-06-21 23:00:00,solar.bun_carm1#realenergyintotheload#kwh,BUNDOORA,0.0,0.035561822,0.0016709461,0.0016214402,0.0
2025-06-22 00:00:00,solar.bun_carm1#realenergyintotheload#kwh,BUNDOORA,0.0,0.011790026,0.0016709461,0.0016214402,0.0
2025-06-22 01:00:00,solar.bun_carm1#realenergyintotheload#kwh,BUNDOORA,0.0,0.007874515,0.0016039095,0.0015563897,0.0
2025-06-22 02:00:00,solar.bun_carm1#realenergyintotheload#kwh,BUNDOORA,0.0,0.0059713544,0.0016039095,0.0015563897,0.0
2025-06-22 03:00:00,solar.bun_carm1#realenergyintotheload#kwh,BUNDOORA,0.0,0.005164598,0.0016039095,0.0015563897,0.0
2025-06-22 04:00:00,solar.bun_carm1#realenergyintotheload#kwh,BUNDOORA,0.0,0.0039153257,0.0016039095,0.0015563897,0.0
2025-06-22 05:00:00,solar.bun_carm1#realenergyintotheload#kwh,BUNDOORA,0.0,0.012072895,0.0016039095,0.0015563897,0.0
2025-06-22 06:00:00,solar.bun_carm1#realenergyintotheload#kwh,BUNDOORA,0.0,0.013951428,0.0016039095,0.0015563897,0.0
2025-06-22 07:00:00,solar.bun_carm1#realenergyintotheload#kwh,BUNDOORA,0.0,0.022271253,0.0016039095,0.0015563897,0.0
2025-06-22 08:00:00,solar.bun_carm1#realenergyintotheload#kwh,BUNDOORA,0.0625,-0.086695656,0.63004166,0.6113751,12.0
2025-06-22 09:00:00,solar.bun_carm1#realenergyintotheload#kwh,BUNDOORA,2.8125,1.1680404,10.01246,9.715816,146.0
2025-06-22 10:00:00,solar.bun_carm1#realenergyintotheload#kwh,BUNDOORA,16.0,19.791706,21.692379,21.049688,292.0
2025-06-22 11:00:00,solar.bun_carm1#realenergyintotheload#kwh,BUNDOORA,26.25,19.16486,27.757738,26.935347,366.0
2025-06-22 12:00:00,solar.bun_carm1#realenergyintotheload#kwh,BUNDOORA,32.25,23.35762,27.754507,26.93221,361.0
2025-06-22 13:00:00,solar.bun_carm1#realenergyintotheload#kwh,BUNDOORA,41.9375,30.588427,35.818317,34.75711,468.0
2025-06-22 14:00:00,solar.bun_carm1#realenergyintotheload#kwh,BUNDOORA,34.625,22.351439,31.477999,30.545383,424.0
2025-06-22 15:00:00,solar.bun_carm1#realenergyintotheload#kwh,BUNDOORA,21.0625,23.528767,23.183569,22.496698,321.0
2025-06-22 16:00:00,solar.bun_carm1#realenergyintotheload#kwh,BUNDOORA,5.25,11.630185,8.486872,8.235427,113.0
2025-06-22 17:00:00,solar.bun_carm1#realenergyintotheload#kwh,BUNDOORA,1.8125,3.8105898,1.2935505,1.2552258,20.0
2025-06-22 18:00:00,solar.bun_carm1#realenergyintotheload#kwh,BUNDOORA,0.0,0.64151263,0.0017211915,0.0016701969,0.0
2025-06-22 19:00:00,solar.bun_carm1#realenergyintotheload#kwh,BUNDOORA,0.0,0.058834933,0.0018279155,0.001773759,0.0
2025-06-22 20:00:00,solar.bun_carm1#realenergyintotheload#kwh,BUNDOORA,0.0,0.10431864,-0.00028432655,0.0,0.0
2025-06-22 21:00:00,solar.bun_carm1#realenergyintotheload#kwh,BUNDOORA,0.0,0.1361715,-2.4368957e-05,0.0,0.0
2025-06-22 22:00:00,solar.bun_carm1#realenergyintotheload#kwh,BUNDOORA,0.0,0.083879165,0.0034190663,0.003317768,0.0
2025-06-22 23:00:00,solar.bun_carm1#realenergyintotheload#kwh,BUNDOORA,0.0,0.011601813,0.0035257905,0.0034213301,0.0
2025-06-23 00:00:00,solar.bun_carm1#realenergyintotheload#kwh,BUNDOORA,0.0,0.18223795,0.0026083894,0.0025311094,0.0
2025-06-23 01:00:00,solar.bun_carm1#realenergyintotheload#kwh,BUNDOORA,0.0,-0.124260895,0.002756154,0.002674496,0.0
2025-06-23 02:00:00,solar.bun_carm1#realenergyintotheload#kwh,BUNDOORA,0.0,-0.13662459,0.0035963221,0.003489772,0.0
2025-06-23 03:00:00,solar.bun_carm1#realenergyintotheload#kwh,BUNDOORA,0.0,0.03511221,0.0036633587,0.0035548226,0.0
2025-06-23 04:00:00,solar.bun_carm1#realenergyintotheload#kwh,BUNDOORA,0.0,0.05960784,0.0036633587,0.0035548226,0.0
2025-06-23 05:00:00,solar.bun_carm1#realenergyintotheload#kwh,BUNDOORA,0.0,0.0056067295,0.0035104882,0.0034064811,0.0
2025-06-23 06:00:00,solar.bun_carm1#realenergyintotheload#kwh,BUNDOORA,0.0,-0.072395146,0.003044943,0.0029547291,0.0
2025-06-23 07:00:00,solar.bun_carm1#realenergyintotheload#kwh,BUNDOORA,0.0,0.20332061,-0.0047742818,0.0,0.0
2025-06-23 08:00:00,solar.bun_carm1#realenergyintotheload#kwh,BUNDOORA,0.0,2.0322516,0.19471188,0.18894306,6.0
2025-06-23 09:00:00,solar.bun_carm1#realenergyintotheload#kwh,BUNDOORA,1.5625,5.9018464,5.268147,5.112065,70.0
2025-06-23 10:00:00,solar.bun_carm1#realenergyintotheload#kwh,BUNDOORA,15.75,14.136232,20.894375,20.275326,277.0
2025-06-23 11:00:00,solar.bun_carm1#realenergyintotheload#kwh,BUNDOORA,15.0,13.336468,23.16038,22.474195,289.0
2025-06-23 12:00:00,solar.bun_carm1#realenergyintotheload#kwh,BUNDOORA,32.9375,24.94147,34.269234,33.25392,444.0
2025-06-23 13:00:00,solar.bun_carm1#realenergyintotheload#kwh,BUNDOORA,35.25,27.141342,34.16542,33.153183,451.0
2025-06-23 14:00:00,solar.bun_carm1#realenergyintotheload#kwh,BUNDOORA,31.6875,25.015928,30.395382,29.494843,402.0
2025-06-23 15:00:00,solar.bun_carm1#realenergyintotheload#kwh,BUNDOORA,25.0,14.411256,21.614777,20.974384,291.0
2025-06-23 16:00:00,solar.bun_carm1#realenergyintotheload#kwh,BUNDOORA,9.25,13.158699,12.407752,12.040141,168.0
2025-06-23 17:00:00,solar.bun_carm1#realenergyintotheload#kwh,BUNDOORA,1.125,6.595006,1.648593,1.5997492,26.0
2025-06-23 18:00:00,solar.bun_carm1#realenergyintotheload#kwh,BUNDOORA,0.0,1.5678589,0.004295288,0.0041680294,0.0
2025-06-23 19:00:00,solar.bun_carm1#realenergyintotheload#kwh,BUNDOORA,0.0,0.55899817,0.0041424176,0.004019688,0.0
2025-06-23 20:00:00,solar.bun_carm1#realenergyintotheload#kwh,BUNDOORA,0.0,0.78486437,0.0031086865,0.0030165839,0.0
2025-06-23 21:00:00,solar.bun_carm1#realenergyintotheload#kwh,BUNDOORA,0.0,0.79163265,-0.0047599743,0.0,0.0
2025-06-23 22:00:00,solar.bun_carm1#realenergyintotheload#kwh,BUNDOORA,0.0,0.28134158,-0.0047599743,0.0,0.0
2025-06-23 23:00:00,solar.bun_carm1#realenergyintotheload#kwh,BUNDOORA,0.0,0.28134158,-0.0047599743,0.0,0.0
2025-06-24 00:00:00,solar.bun_carm1#realenergyintotheload#kwh,BUNDOORA,0.0,0.09514201,0.0034125128,0.0033114087,0.0
2025-06-24 01:00:00,solar.bun_carm1#realenergyintotheload#kwh,BUNDOORA,0.0,0.1693176,0.0036563142,0.0035479867,0.0
2025-06-24 02:00:00,solar.bun_carm1#realenergyintotheload#kwh,BUNDOORA,0.0,0.27917698,0.0034797704,0.0033766734,0.0
2025-06-24 03:00:00,solar.bun_carm1#realenergyintotheload#kwh,BUNDOORA,0.0,0.26885545,0.00394922,0.0038322143,0.0
2025-06-24 04:00:00,solar.bun_carm1#realenergyintotheload#kwh,BUNDOORA,0.0,0.022754714,0.0026695507,0.0025904586,0.0
2025-06-24 05:00:00,solar.bun_carm1#realenergyintotheload#kwh,BUNDOORA,0.0,-0.100480735,0.002635028,0.0025569587,0.0
2025-06-24 06:00:00,solar.bun_carm1#realenergyintotheload#kwh,BUNDOORA,0.0,-0.19934455,0.003100573,0.003008711,0.0
2025-06-24 07:00:00,solar.bun_carm1#realenergyintotheload#kwh,BUNDOORA,0.0,-0.059715062,0.0033992203,0.0032985099,0.0
2025-06-24 08:00:00,solar.bun_carm1#realenergyintotheload#kwh,BUNDOORA,0.125,0.8587656,0.35522035,0.34469604,8.0
2025-06-24 09:00:00,solar.bun_carm1#realenergyintotheload#kwh,BUNDOORA,7.5,4.76986,9.033108,8.765479,127.0
2025-06-24 10:00:00,solar.bun_carm1#realenergyintotheload#kwh,BUNDOORA,15.0625,13.710403,16.178236,15.6989155,212.0
2025-06-24 11:00:00,solar.bun_carm1#realenergyintotheload#kwh,BUNDOORA,20.8125,21.497591,16.977554,16.474552,215.0
2025-06-24 12:00:00,solar.bun_carm1#realenergyintotheload#kwh,BUNDOORA,20.625,15.0462265,11.5141535,11.1730175,150.0
2025-06-24 13:00:00,solar.bun_carm1#realenergyintotheload#kwh,BUNDOORA,13.8125,13.118632,12.149583,11.789621,152.0
2025-06-24 14:00:00,solar.bun_carm1#realenergyintotheload#kwh,BUNDOORA,24.0625,19.599577,16.676178,16.182104,205.0
2025-06-24 15:00:00,solar.bun_carm1#realenergyintotheload#kwh,BUNDOORA,15.3125,17.010593,15.451908,14.994106,197.0
2025-06-24 16:00:00,solar.bun_carm1#realenergyintotheload#kwh,BUNDOORA,6.5625,6.6179476,5.3894024,5.2297277,72.0
2025-06-24 17:00:00,solar.bun_carm1#realenergyintotheload#kwh,BUNDOORA,2.0625,4.313757,0.5448285,0.5286866,11.0
2025-06-24 18:00:00,solar.bun_carm1#realenergyintotheload#kwh,BUNDOORA,0.0,0.8517719,0.007846513,0.0076140403,0.0
2025-06-24 19:00:00,solar.bun_carm1#realenergyintotheload#kwh,BUNDOORA,0.0,0.022671923,0.0040571527,0.003936949,0.0
2025-06-24 20:00:00,solar.bun_carm1#realenergyintotheload#kwh,BUNDOORA,0.0,0.06403455,-0.0053919037,0.0,0.0
2025-06-24 21:00:00,solar.bun_carm1#realenergyintotheload#kwh,BUNDOORA,0.0,-0.016225476,0.0023948073,0.0023238552,0.0
2025-06-24 22:00:00,solar.bun_carm1#realenergyintotheload#kwh,BUNDOORA,0.0,-0.018918337,0.002369563,0.0022993588,0.0
2025-06-24 23:00:00,solar.bun_carm1#realenergyintotheload#kwh,BUNDOORA,0.0,-0.018390073,0.002369563,0.0022993588,0.0
2025-06-25 00:00:00,solar.bun_carm1#realenergyintotheload#kwh,BUNDOORA,0.0,-0.016466264,0.0021977054,0.002132593,0.0
2025-06-25 01:00:00,solar.bun_carm1#realenergyintotheload#kwh,BUNDOORA,0.0,-0.04119698,0.0020519288,0.0019911353,0.0
2025-06-25 02:00:00,solar.bun_carm1#realenergyintotheload#kwh,BUNDOORA,0.0,-0.032356694,0.0027020646,0.0026220093,0.0
2025-06-25 03:00:00,solar.bun_carm1#realenergyintotheload#kwh,BUNDOORA,0.0,-0.00977288,0.0021958419,0.0021307846,0.0
2025-06-25 04:00:00,solar.bun_carm1#realenergyintotheload#kwh,BUNDOORA,0.0,0.023415606,0.0014389817,0.0013963484,0.0
2025-06-25 05:00:00,solar.bun_carm1#realenergyintotheload#kwh,BUNDOORA,0.0,0.07881539,0.0010208101,0.0009905661,0.0
2025-06-25 06:00:00,solar.bun_carm1#realenergyintotheload#kwh,BUNDOORA,0.0,0.03783525,0.001350882,0.0013108588,0.0
2025-06-25 07:00:00,solar.bun_carm1#realenergyintotheload#kwh,BUNDOORA,0.0,0.0505699,0.0011926679,0.0011573321,0.0
2025-06-25 08:00:00,solar.bun_carm1#realenergyintotheload#kwh,BUNDOORA,0.0,0.40759927,0.0010208101,0.0009905661,2.0
2025-06-25 09:00:00,solar.bun_carm1#realenergyintotheload#kwh,BUNDOORA,2.875,1.7335465,6.8521857,6.649173,116.0
2025-06-25 10:00:00,solar.bun_carm1#realenergyintotheload#kwh,BUNDOORA,12.75,3.4847102,12.786476,12.407645,168.0
2025-06-25 11:00:00,solar.bun_carm1#realenergyintotheload#kwh,BUNDOORA,10.0,8.984267,14.066718,13.649957,174.0
2025-06-25 12:00:00,solar.bun_carm1#realenergyintotheload#kwh,BUNDOORA,20.9375,20.316706,27.954092,27.125881,351.0
2025-06-25 13:00:00,solar.bun_carm1#realenergyintotheload#kwh,BUNDOORA,13.25,10.991671,10.47313,10.162838,135.0
2025-06-25 14:00:00,solar.bun_carm1#realenergyintotheload#kwh,BUNDOORA,18.8125,6.394613,10.429498,10.120498,135.0
2025-06-25 15:00:00,solar.bun_carm1#realenergyintotheload#kwh,BUNDOORA,12.125,4.550959,2.6382647,2.5600994,35.0
2025-06-25 16:00:00,solar.bun_carm1#realenergyintotheload#kwh,BUNDOORA,8.75,4.7193294,11.40989,11.071844,156.0
2025-06-25 17:00:00,solar.bun_carm1#realenergyintotheload#kwh,BUNDOORA,1.0625,3.1327693,1.0676446,1.036013,17.0
2025-06-25 18:00:00,solar.bun_carm1#realenergyintotheload#kwh,BUNDOORA,0.0,0.3862785,0.0027020646,0.0026220093,0.0
2025-06-25 19:00:00,solar.bun_carm1#realenergyintotheload#kwh,BUNDOORA,0.0,-0.040220454,0.0021958419,0.0021307846,0.0
2025-06-25 20:00:00,solar.bun_carm1#realenergyintotheload#kwh,BUNDOORA,0.0,-0.047875576,0.0027020646,0.0026220093,0.0
2025-06-25 21:00:00,solar.bun_carm1#realenergyintotheload#kwh,BUNDOORA,0.0,-0.004886642,0.0021958419,0.0021307846,0.0
2025-06-25 22:00:00,solar.bun_carm1#realenergyintotheload#kwh,BUNDOORA,0.0,0.023258217,0.0016709461,0.0016214402,0.0
2025-06-25 23:00:00,solar.bun_carm1#realenergyintotheload#kwh,BUNDOORA,0.0,0.023669079,0.0016709461,0.0016214402,0.0
2025-06-26 00:00:00,solar.bun_carm1#realenergyintotheload#kwh,BUNDOORA,0.0,0.0138528505,0.0014274743,0.0013851818,0.0
2025-06-26 01:00:00,solar.bun_carm1#realenergyintotheload#kwh,BUNDOORA,0.0,0.0079188645,0.0014274743,0.0013851818,0.0
2025-06-26 02:00:00,solar.bun_carm1#realenergyintotheload#kwh,BUNDOORA,0.0,0.0069227433,0.0013604376,0.0013201312,0.0
2025-06-26 03:00:00,solar.bun_carm1#realenergyintotheload#kwh,BUNDOORA,0.0,0.010948204,0.0014274743,0.0013851818,0.0
2025-06-26 04:00:00,solar.bun_carm1#realenergyintotheload#kwh,BUNDOORA,0.0,0.0069227433,0.0014274743,0.0013851818,0.0
2025-06-26 05:00:00,solar.bun_carm1#realenergyintotheload#kwh,BUNDOORA,0.0,0.010948204,0.0014274743,0.0013851818,0.0
2025-06-26 06:00:00,solar.bun_carm1#realenergyintotheload#kwh,BUNDOORA,0.0,0.010948204,0.0014274743,0.0013851818,0.0
2025-06-26 07:00:00,solar.bun_carm1#realenergyintotheload#kwh,BUNDOORA,0.0,0.022484358,0.0014274743,0.0013851818,0.0
2025-06-26 08:00:00,solar.bun_carm1#realenergyintotheload#kwh,BUNDOORA,0.125,-0.033235732,0.434471,0.42159873,9.0
2025-06-26 09:00:00,solar.bun_carm1#realenergyintotheload#kwh,BUNDOORA,4.375,0.9605003,6.940316,6.734692,119.0
2025-06-26 10:00:00,solar.bun_carm1#realenergyintotheload#kwh,BUNDOORA,11.6875,8.5084915,20.354448,19.751396,269.0
2025-06-26 11:00:00,solar.bun_carm1#realenergyintotheload#kwh,BUNDOORA,24.125,17.76913,27.839357,27.014547,357.0
2025-06-26 12:00:00,solar.bun_carm1#realenergyintotheload#kwh,BUNDOORA,28.125,25.232582,21.22471,20.595875,266.0
2025-06-26 13:00:00,solar.bun_carm1#realenergyintotheload#kwh,BUNDOORA,27.9375,27.102545,33.29984,32.313248,428.0
2025-06-26 14:00:00,solar.bun_carm1#realenergyintotheload#kwh,BUNDOORA,19.5,24.84138,18.432142,17.886044,231.0
2025-06-26 15:00:00,solar.bun_carm1#realenergyintotheload#kwh,BUNDOORA,8.875,13.695494,11.579285,11.236219,147.0
2025-06-26 16:00:00,solar.bun_carm1#realenergyintotheload#kwh,BUNDOORA,7.1875,12.719981,6.876109,6.672387,94.0
2025-06-26 17:00:00,solar.bun_carm1#realenergyintotheload#kwh,BUNDOORA,1.75,5.502556,0.87160563,0.84578216,16.0
2025-06-26 18:00:00,solar.bun_carm1#realenergyintotheload#kwh,BUNDOORA,0.0,0.38796765,0.0010645466,0.0010330068,0.0
2025-06-26 19:00:00,solar.bun_carm1#realenergyintotheload#kwh,BUNDOORA,0.0,0.009681752,0.0010645466,0.0010330068,0.0
2025-06-26 20:00:00,solar.bun_carm1#realenergyintotheload#kwh,BUNDOORA,0.0,0.009109283,0.0013604376,0.0013201312,0.0
2025-06-26 21:00:00,solar.bun_carm1#realenergyintotheload#kwh,BUNDOORA,0.0,0.0043258946,0.0013604376,0.0013201312,0.0
2025-06-26 22:00:00,solar.bun_carm1#realenergyintotheload#kwh,BUNDOORA,0.0,0.0043258946,0.0013604376,0.0013201312,0.0
2025-06-26 23:00:00,solar.bun_carm1#realenergyintotheload#kwh,BUNDOORA,0.0,0.001163844,0.0013604376,0.0013201312,0.0
2025-06-27 00:00:00,solar.bun_carm1#realenergyintotheload#kwh,BUNDOORA,0.0,0.0043258946,0.0013604376,0.0013201312,0.0
2025-06-27 01:00:00,solar.bun_carm1#realenergyintotheload#kwh,BUNDOORA,0.0,0.009109283,0.0013604376,0.0013201312,0.0
2025-06-27 02:00:00,solar.bun_carm1#realenergyintotheload#kwh,BUNDOORA,0.0,0.0032396591,0.0013604376,0.0013201312,0.0
2025-06-27 03:00:00,solar.bun_carm1#realenergyintotheload#kwh,BUNDOORA,0.0,0.0050916374,0.0014274743,0.0013851818,0.0
2025-06-27 04:00:00,solar.bun_carm1#realenergyintotheload#kwh,BUNDOORA,0.0,0.004122371,0.0014274743,0.0013851818,0.0
2025-06-27 05:00:00,solar.bun_carm1#realenergyintotheload#kwh,BUNDOORA,0.0,0.001163844,0.0013604376,0.0013201312,0.0
2025-06-27 06:00:00,solar.bun_carm1#realenergyintotheload#kwh,BUNDOORA,0.0,0.0050916374,0.0014274743,0.0013851818,0.0
2025-06-27 07:00:00,solar.bun_carm1#realenergyintotheload#kwh,BUNDOORA,0.0,0.0012167436,0.0013604376,0.0013201312,0.0
2025-06-27 08:00:00,solar.bun_carm1#realenergyintotheload#kwh,BUNDOORA,0.125,-0.10879457,0.45118815,0.43782058,9.0
2025-06-27 09:00:00,solar.bun_carm1#realenergyintotheload#kwh,BUNDOORA,2.6875,0.93927723,6.9797277,6.772936,98.0
2025-06-27 10:00:00,solar.bun_carm1#realenergyintotheload#kwh,BUNDOORA,14.625,10.834116,21.113672,20.488127,279.0
2025-06-27 11:00:00,solar.bun_carm1#realenergyintotheload#kwh,BUNDOORA,28.5625,22.684977,29.197338,28.332294,385.0
2025-06-27 12:00:00,solar.bun_carm1#realenergyintotheload#kwh,BUNDOORA,29.9375,27.92406,30.799181,29.886679,392.0
2025-06-27 13:00:00,solar.bun_carm1#realenergyintotheload#kwh,BUNDOORA,25.375,27.596373,28.04692,27.215961,354.0
2025-06-27 14:00:00,solar.bun_carm1#realenergyintotheload#kwh,BUNDOORA,20.8125,25.79809,24.590351,23.861801,314.0
2025-06-27 15:00:00,solar.bun_carm1#realenergyintotheload#kwh,BUNDOORA,17.6875,23.945892,16.861683,16.362114,222.0
2025-06-27 16:00:00,solar.bun_carm1#realenergyintotheload#kwh,BUNDOORA,8.625,19.639856,11.614783,11.270666,157.0
2025-06-27 17:00:00,solar.bun_carm1#realenergyintotheload#kwh,BUNDOORA,2.3125,4.8108087,1.6435144,1.5948212,26.0
2025-06-27 18:00:00,solar.bun_carm1#realenergyintotheload#kwh,BUNDOORA,0.0,0.910086,0.0010645466,0.0010330068,0.0
2025-06-27 19:00:00,solar.bun_carm1#realenergyintotheload#kwh,BUNDOORA,0.0,0.009153485,0.0010645466,0.0010330068,0.0
2025-06-27 20:00:00,solar.bun_carm1#realenergyintotheload#kwh,BUNDOORA,0.0,0.009153485,0.0010645466,0.0010330068,0.0
2025-06-27 21:00:00,solar.bun_carm1#realenergyintotheload#kwh,BUNDOORA,0.0,0.009153485,0.0010645466,0.0010330068,0.0
2025-06-27 22:00:00,solar.bun_carm1#realenergyintotheload#kwh,BUNDOORA,0.0,-0.0066045094,0.0010645466,0.0010330068,0.0
2025-06-27 23:00:00,solar.bun_carm1#realenergyintotheload#kwh,BUNDOORA,0.0,-0.005090271,0.000916782,0.00088962005,0.0
2025-06-28 00:00:00,solar.bun_carm1#realenergyintotheload#kwh,BUNDOORA,0.0,-0.0060762437,0.000916782,0.00088962005,0.0
2025-06-28 01:00:00,solar.bun_carm1#realenergyintotheload#kwh,BUNDOORA,0.0,-0.0060762437,0.000916782,0.00088962005,0.0
2025-06-28 02:00:00,solar.bun_carm1#realenergyintotheload#kwh,BUNDOORA,0.0,0.008851389,0.0014274743,0.0013851818,0.0
2025-06-28 03:00:00,solar.bun_carm1#realenergyintotheload#kwh,BUNDOORA,0.0,0.010375988,0.0014274743,0.0013851818,0.0
2025-06-28 04:00:00,solar.bun_carm1#realenergyintotheload#kwh,BUNDOORA,0.0,0.007961105,0.0014274743,0.0013851818,0.0
2025-06-28 05:00:00,solar.bun_carm1#realenergyintotheload#kwh,BUNDOORA,0.0,0.0069021685,0.0014274743,0.0013851818,0.0
2025-06-28 06:00:00,solar.bun_carm1#realenergyintotheload#kwh,BUNDOORA,0.0,0.009520692,0.0014274743,0.0013851818,0.0
2025-06-28 07:00:00,solar.bun_carm1#realenergyintotheload#kwh,BUNDOORA,0.0,0.005374926,0.0014274743,0.0013851818,0.0
2025-06-28 08:00:00,solar.bun_carm1#realenergyintotheload#kwh,BUNDOORA,0.0,0.0022954526,0.36516148,0.35434267,8.0
2025-06-28 09:00:00,solar.bun_carm1#realenergyintotheload#kwh,BUNDOORA,0.0,0.24295773,3.6296375,3.5221004,50.0
2025-06-28 10:00:00,solar.bun_carm1#realenergyintotheload#kwh,BUNDOORA,0.0,3.5532994,9.862417,9.570218,128.0
2025-06-28 11:00:00,solar.bun_carm1#realenergyintotheload#kwh,BUNDOORA,0.0,18.860012,14.806242,14.36757,186.0
2025-06-28 12:00:00,solar.bun_carm1#realenergyintotheload#kwh,BUNDOORA,0.0,19.382622,15.585348,15.123593,193.0
2025-06-28 13:00:00,solar.bun_carm1#realenergyintotheload#kwh,BUNDOORA,0.0,19.069494,16.39029,15.904686,202.0
2025-06-28 14:00:00,solar.bun_carm1#realenergyintotheload#kwh,BUNDOORA,0.0,26.770733,20.722157,20.108212,255.0
2025-06-28 15:00:00,solar.bun_carm1#realenergyintotheload#kwh,BUNDOORA,0.0,23.36289,21.35635,20.723614,285.0
2025-06-28 16:00:00,solar.bun_carm1#realenergyintotheload#kwh,BUNDOORA,0.0,15.677531,12.757096,12.379135,169.0
2025-06-28 17:00:00,solar.bun_carm1#realenergyintotheload#kwh,BUNDOORA,0.0,6.2510314,1.9599414,1.9018732,28.0
2025-06-28 18:00:00,solar.bun_carm1#realenergyintotheload#kwh,BUNDOORA,0.0,0.97292125,0.0014274743,0.0013851818,0.0
2025-06-28 19:00:00,solar.bun_carm1#realenergyintotheload#kwh,BUNDOORA,0.0,0.0036006642,0.0010645466,0.0010330068,0.0
2025-06-28 20:00:00,solar.bun_carm1#realenergyintotheload#kwh,BUNDOORA,0.0,0.0036006642,0.0010645466,0.0010330068,0.0
2025-06-28 21:00:00,solar.bun_carm1#realenergyintotheload#kwh,BUNDOORA,0.0,0.0014975513,0.000916782,0.00088962005,0.0
2025-06-28 22:00:00,solar.bun_carm1#realenergyintotheload#kwh,BUNDOORA,0.0,0.0019528549,0.000916782,0.00088962005,0.0
2025-06-28 23:00:00,solar.bun_carm1#realenergyintotheload#kwh,BUNDOORA,0.0,0.015366241,0.0014274743,0.0013851818,0.0
2025-06-29 00:00:00,solar.bun_carm1#realenergyintotheload#kwh,BUNDOORA,0.0,0.0025013345,0.0013604376,0.0013201312,0.0
2025-06-29 01:00:00,solar.bun_carm1#realenergyintotheload#kwh,BUNDOORA,0.0,-0.0070087686,0.0010645466,0.0010330068,0.0
2025-06-29 02:00:00,solar.bun_carm1#realenergyintotheload#kwh,BUNDOORA,0.0,0.00841248,0.0014274743,0.0013851818,0.0
2025-06-29 03:00:00,solar.bun_carm1#realenergyintotheload#kwh,BUNDOORA,0.0,-0.0065151528,0.0010645466,0.0010330068,0.0
2025-06-29 04:00:00,solar.bun_carm1#realenergyintotheload#kwh,BUNDOORA,0.0,-0.0065151528,0.0010645466,0.0010330068,0.0
2025-06-29 05:00:00,solar.bun_carm1#realenergyintotheload#kwh,BUNDOORA,0.0,-0.0065151528,0.0010645466,0.0010330068,0.0
2025-06-29 06:00:00,solar.bun_carm1#realenergyintotheload#kwh,BUNDOORA,0.0,0.0079188645,0.0014274743,0.0013851818,0.0
2025-06-29 07:00:00,solar.bun_carm1#realenergyintotheload#kwh,BUNDOORA,0.0,0.007548959,0.0014274743,0.0013851818,0.0
2025-06-29 08:00:00,solar.bun_carm1#realenergyintotheload#kwh,BUNDOORA,0.125,0.20748107,0.35445428,0.3439527,8.0
2025-06-29 09:00:00,solar.bun_carm1#realenergyintotheload#kwh,BUNDOORA,5.5,0.90795743,7.212092,6.9984155,111.0
2025-06-29 10:00:00,solar.bun_carm1#realenergyintotheload#kwh,BUNDOORA,11.125,3.7188163,13.80999,13.400834,178.0
2025-06-29 11:00:00,solar.bun_carm1#realenergyintotheload#kwh,BUNDOORA,7.0625,9.949055,15.005493,14.560918,189.0
2025-06-29 12:00:00,solar.bun_carm1#realenergyintotheload#kwh,BUNDOORA,17.875,13.825713,17.039104,16.534279,212.0
2025-06-29 13:00:00,solar.bun_carm1#realenergyintotheload#kwh,BUNDOORA,13.25,17.754034,17.719496,17.194511,222.0
2025-06-29 14:00:00,solar.bun_carm1#realenergyintotheload#kwh,BUNDOORA,16.75,17.007631,16.997574,16.493979,213.0
2025-06-29 15:00:00,solar.bun_carm1#realenergyintotheload#kwh,BUNDOORA,14.875,12.810855,11.15257,10.822147,144.0
2025-06-29 16:00:00,solar.bun_carm1#realenergyintotheload#kwh,BUNDOORA,5.125,13.795579,7.7504086,7.5207834,102.0
2025-06-29 17:00:00,solar.bun_carm1#realenergyintotheload#kwh,BUNDOORA,1.5625,2.541907,1.9456816,1.8880359,30.0
2025-06-29 18:00:00,solar.bun_carm1#realenergyintotheload#kwh,BUNDOORA,0.0,0.7306399,0.0020450968,0.0019845057,0.0
2025-06-29 19:00:00,solar.bun_carm1#realenergyintotheload#kwh,BUNDOORA,0.0,0.012420268,0.0020450968,0.0019845057,0.0
2025-06-29 20:00:00,solar.bun_carm1#realenergyintotheload#kwh,BUNDOORA,0.0,0.01449415,0.0020450968,0.0019845057,0.0
2025-06-29 21:00:00,solar.bun_carm1#realenergyintotheload#kwh,BUNDOORA,0.0,0.011924044,0.0014274743,0.0013851818,0.0
2025-06-29 22:00:00,solar.bun_carm1#realenergyintotheload#kwh,BUNDOORA,0.0,-0.0042977533,0.0010645466,0.0010330068,0.0
2025-06-29 23:00:00,solar.bun_carm1#realenergyintotheload#kwh,BUNDOORA,0.0,-0.0042977533,0.0010645466,0.0010330068,0.0
2025-06-30 00:00:00,solar.bun_carm1#realenergyintotheload#kwh,BUNDOORA,0.0,-0.0042977533,0.0010645466,0.0010330068,0.0
2025-06-30 01:00:00,solar.bun_carm1#realenergyintotheload#kwh,BUNDOORA,0.0,-0.0042977533,0.0010645466,0.0010330068,0.0
2025-06-30 02:00:00,solar.bun_carm1#realenergyintotheload#kwh,BUNDOORA,0.0,-0.0042977533,0.0010645466,0.0010330068,0.0
2025-06-30 03:00:00,solar.bun_carm1#realenergyintotheload#kwh,BUNDOORA,0.0,-0.0042977533,0.0010645466,0.0010330068,0.0
2025-06-30 04:00:00,solar.bun_carm1#realenergyintotheload#kwh,BUNDOORA,0.0,-0.0042977533,0.0010645466,0.0010330068,0.0
2025-06-30 05:00:00,solar.bun_carm1#realenergyintotheload#kwh,BUNDOORA,0.0,0.010629877,0.0014274743,0.0013851818,0.0
2025-06-30 06:00:00,solar.bun_carm1#realenergyintotheload#kwh,BUNDOORA,0.0,0.010629877,0.0014274743,0.0013851818,0.0
2025-06-30 07:00:00,solar.bun_carm1#realenergyintotheload#kwh,BUNDOORA,0.0,0.008536978,0.0014274743,0.0013851818,0.0
2025-06-30 08:00:00,solar.bun_carm1#realenergyintotheload#kwh,BUNDOORA,0.125,-0.09995742,0.45118815,0.43782058,9.0
2025-06-30 09:00:00,solar.bun_carm1#realenergyintotheload#kwh,BUNDOORA,2.9375,0.4515867,9.114417,8.844379,137.0
2025-06-30 10:00:00,solar.bun_carm1#realenergyintotheload#kwh,BUNDOORA,15.375,10.483351,20.819498,20.20267,278.0
2025-06-30 11:00:00,solar.bun_carm1#realenergyintotheload#kwh,BUNDOORA,24.625,21.090641,22.036726,21.383833,277.0
2025-06-30 12:00:00,solar.bun_carm1#realenergyintotheload#kwh,BUNDOORA,27.6875,23.877495,29.718412,28.83793,379.0
2025-06-30 13:00:00,solar.bun_carm1#realenergyintotheload#kwh,BUNDOORA,29.4375,20.4054,29.387175,28.516506,378.0
2025-06-30 14:00:00,solar.bun_carm1#realenergyintotheload#kwh,BUNDOORA,24.875,19.195194,28.16231,27.32793,367.0
2025-06-30 15:00:00,solar.bun_carm1#realenergyintotheload#kwh,BUNDOORA,18.0,22.72817,23.159739,22.473574,313.0
2025-06-30 16:00:00,solar.bun_carm1#realenergyintotheload#kwh,BUNDOORA,9.4375,10.508356,13.047709,12.661139,178.0
2025-06-30 17:00:00,solar.bun_carm1#realenergyintotheload#kwh,BUNDOORA,1.6875,9.354975,2.7312958,2.6503744,35.0
2025-06-30 18:00:00,solar.bun_carm1#realenergyintotheload#kwh,BUNDOORA,0.0,0.8943715,0.0014274743,0.0013851818,0.0
2025-06-30 19:00:00,solar.bun_carm1#realenergyintotheload#kwh,BUNDOORA,0.0,0.02048295,0.0014274743,0.0013851818,0.0
2025-06-30 20:00:00,solar.bun_carm1#realenergyintotheload#kwh,BUNDOORA,0.0,0.0029949504,0.0013604376,0.0013201312,0.0
2025-06-30 21:00:00,solar.bun_carm1#realenergyintotheload#kwh,BUNDOORA,0.0,0.0029949504,0.0013604376,0.0013201312,0.0
2025-06-30 22:00:00,solar.bun_carm1#realenergyintotheload#kwh,BUNDOORA,0.0,0.0025013345,0.0013604376,0.0013201312,0.0
2025-06-30 23:00:00,solar.bun_carm1#realenergyintotheload#kwh,BUNDOORA,0.0,0.00777834,0.0013604376,0.0013201312,0.0
2025-07-01 00:00:00,solar.bun_carm1#realenergyintotheload#kwh,BUNDOORA,0.0,0.0029949504,0.0013604376,0.0013201312,0.0
2025-07-01 01:00:00,solar.bun_carm1#realenergyintotheload#kwh,BUNDOORA,0.0,0.008332289,0.0014274743,0.0013851818,0.0
2025-07-01 02:00:00,solar.bun_carm1#realenergyintotheload#kwh,BUNDOORA,0.0,-0.007504993,0.0010645466,0.0010330068,0.0
2025-07-01 03:00:00,solar.bun_carm1#realenergyintotheload#kwh,BUNDOORA,0.0,-0.007504993,0.0010645466,0.0010330068,0.0
2025-07-01 04:00:00,solar.bun_carm1#realenergyintotheload#kwh,BUNDOORA,0.0,-0.0037694878,0.0010645466,0.0010330068,0.0
2025-07-01 05:00:00,solar.bun_carm1#realenergyintotheload#kwh,BUNDOORA,0.0,-0.0042977533,0.0010645466,0.0010330068,0.0
2025-07-01 06:00:00,solar.bun_carm1#realenergyintotheload#kwh,BUNDOORA,0.0,0.010629877,0.0014274743,0.0013851818,0.0
2025-07-01 07:00:00,solar.bun_carm1#realenergyintotheload#kwh,BUNDOORA,0.0,0.079788625,0.0014274743,0.0013851818,0.0
2025-07-01 08:00:00,solar.bun_carm1#realenergyintotheload#kwh,BUNDOORA,0.125,0.4358157,0.2010858,0.19512814,6.0
2025-07-01 09:00:00,solar.bun_carm1#realenergyintotheload#kwh,BUNDOORA,3.1875,0.19991732,4.1506667,4.027693,56.0
2025-07-01 10:00:00,solar.bun_carm1#realenergyintotheload#kwh,BUNDOORA,11.75,1.6292493,11.969863,11.615226,153.0
2025-07-01 11:00:00,solar.bun_carm1#realenergyintotheload#kwh,BUNDOORA,11.75,8.902521,17.015266,16.511147,212.0
2025-07-01 12:00:00,solar.bun_carm1#realenergyintotheload#kwh,BUNDOORA,17.1875,9.608746,14.128421,13.709831,179.0
2025-07-01 13:00:00,solar.bun_carm1#realenergyintotheload#kwh,BUNDOORA,16.625,15.399596,16.832535,16.333828,205.0
2025-07-01 14:00:00,solar.bun_carm1#realenergyintotheload#kwh,BUNDOORA,17.5625,7.057538,13.745299,13.33806,173.0
2025-07-01 15:00:00,solar.bun_carm1#realenergyintotheload#kwh,BUNDOORA,12.625,11.222136,11.427737,11.089162,148.0
2025-07-01 16:00:00,solar.bun_carm1#realenergyintotheload#kwh,BUNDOORA,6.9375,11.251277,5.5098467,5.346604,74.0
2025-07-01 17:00:00,solar.bun_carm1#realenergyintotheload#kwh,BUNDOORA,3.9375,5.783741,0.8752796,0.84934723,16.0
2025-07-01 18:00:00,solar.bun_carm1#realenergyintotheload#kwh,BUNDOORA,0.0625,0.8454647,0.0016709461,0.0016214402,0.0
2025-07-01 19:00:00,solar.bun_carm1#realenergyintotheload#kwh,BUNDOORA,0.0,-0.018649274,0.00091408606,0.00088700396,0.0
2025-07-01 20:00:00,solar.bun_carm1#realenergyintotheload#kwh,BUNDOORA,0.0,-0.07508945,0.0014223809,0.0013802393,0.0
2025-07-01 21:00:00,solar.bun_carm1#realenergyintotheload#kwh,BUNDOORA,0.0,0.012578832,0.0014223809,0.0013802393,0.0
2025-07-01 22:00:00,solar.bun_carm1#realenergyintotheload#kwh,BUNDOORA,0.0,-0.0051690154,0.0016709461,0.0016214402,0.0
2025-07-01 23:00:00,solar.bun_carm1#realenergyintotheload#kwh,BUNDOORA,0.0,-0.011883553,0.0014223809,0.0013802393,0.0
2025-07-02 00:00:00,solar.bun_carm1#realenergyintotheload#kwh,BUNDOORA,0.0,0.01799912,0.0010208101,0.0009905661,0.0
2025-07-02 01:00:00,solar.bun_carm1#realenergyintotheload#kwh,BUNDOORA,0.0,0.019201275,0.00091408606,0.00088700396,0.0
2025-07-02 02:00:00,solar.bun_carm1#realenergyintotheload#kwh,BUNDOORA,0.0,0.019145261,0.0016709461,0.0016214402,0.0
2025-07-02 03:00:00,solar.bun_carm1#realenergyintotheload#kwh,BUNDOORA,0.0,0.017119568,0.0016709461,0.0016214402,0.0
2025-07-02 04:00:00,solar.bun_carm1#realenergyintotheload#kwh,BUNDOORA,0.0,0.004217619,0.0016709461,0.0016214402,0.0
2025-07-02 05:00:00,solar.bun_carm1#realenergyintotheload#kwh,BUNDOORA,0.0,0.010356335,0.0016709461,0.0016214402,0.0
2025-07-02 06:00:00,solar.bun_carm1#realenergyintotheload#kwh,BUNDOORA,0.0,0.00982807,0.0016709461,0.0016214402,0.0
2025-07-02 07:00:00,solar.bun_carm1#realenergyintotheload#kwh,BUNDOORA,0.0,0.06515713,0.0016709461,0.0016214402,0.0
2025-07-02 08:00:00,solar.bun_carm1#realenergyintotheload#kwh,BUNDOORA,0.0,1.097091,0.1600605,0.1553183,5.0
2025-07-02 09:00:00,solar.bun_carm1#realenergyintotheload#kwh,BUNDOORA,1.1875,0.025055353,3.9234698,3.8072271,54.0
2025-07-02 10:00:00,solar.bun_carm1#realenergyintotheload#kwh,BUNDOORA,2.4375,4.2022777,9.657772,9.371636,124.0
2025-07-02 11:00:00,solar.bun_carm1#realenergyintotheload#kwh,BUNDOORA,2.5625,8.153969,6.1614537,5.978905,82.0
2025-07-02 12:00:00,solar.bun_carm1#realenergyintotheload#kwh,BUNDOORA,4.625,7.4487677,6.8337626,6.631295,91.0
2025-07-02 13:00:00,solar.bun_carm1#realenergyintotheload#kwh,BUNDOORA,4.5625,9.308118,6.813309,6.611448,92.0
2025-07-02 14:00:00,solar.bun_carm1#realenergyintotheload#kwh,BUNDOORA,2.9375,6.872816,3.270465,3.1735692,44.0
2025-07-02 15:00:00,solar.bun_carm1#realenergyintotheload#kwh,BUNDOORA,2.1875,5.5230613,5.9146047,5.73937,79.0
2025-07-02 16:00:00,solar.bun_carm1#realenergyintotheload#kwh,BUNDOORA,1.375,6.080061,3.4531052,3.3507984,48.0
2025-07-02 17:00:00,solar.bun_carm1#realenergyintotheload#kwh,BUNDOORA,0.0,3.8561823,0.4382016,0.4252188,10.0
2025-07-02 18:00:00,solar.bun_carm1#realenergyintotheload#kwh,BUNDOORA,0.0,0.6082923,0.0016384326,0.00158989,0.0
2025-07-02 19:00:00,solar.bun_carm1#realenergyintotheload#kwh,BUNDOORA,0.0,0.004626943,0.0013898673,0.001348689,0.0
2025-07-02 20:00:00,solar.bun_carm1#realenergyintotheload#kwh,BUNDOORA,0.0,-0.003106747,0.0026146544,0.0025371886,0.0
2025-07-02 21:00:00,solar.bun_carm1#realenergyintotheload#kwh,BUNDOORA,0.0,-0.0017801996,0.0026146544,0.0025371886,0.0
2025-07-02 22:00:00,solar.bun_carm1#realenergyintotheload#kwh,BUNDOORA,0.0,-0.00112984,0.0026146544,0.0025371886,0.0
2025-07-02 23:00:00,solar.bun_carm1#realenergyintotheload#kwh,BUNDOORA,0.0,0.00038439786,0.0018129866,0.0017592723,0.0
2025-07-03 00:00:00,solar.bun_carm1#realenergyintotheload#kwh,BUNDOORA,0.0,-0.00112984,0.0016821693,0.0016323308,0.0
2025-07-03 01:00:00,solar.bun_carm1#realenergyintotheload#kwh,BUNDOORA,0.0,0.00043537753,0.002762419,0.0026805755,0.0
2025-07-03 02:00:00,solar.bun_carm1#realenergyintotheload#kwh,BUNDOORA,0.0,0.00043537753,0.002762419,0.0026805755,0.0
2025-07-03 03:00:00,solar.bun_carm1#realenergyintotheload#kwh,BUNDOORA,0.0,-0.00112984,0.002762419,0.0026805755,0.0
2025-07-03 04:00:00,solar.bun_carm1#realenergyintotheload#kwh,BUNDOORA,0.0,-0.00112984,0.0016821693,0.0016323308,0.0
2025-07-03 05:00:00,solar.bun_carm1#realenergyintotheload#kwh,BUNDOORA,0.0,0.00038439786,0.0015344047,0.0014889442,0.0
2025-07-03 06:00:00,solar.bun_carm1#realenergyintotheload#kwh,BUNDOORA,0.0,-0.00112984,0.0016821693,0.0016323308,0.0
2025-07-03 07:00:00,solar.bun_carm1#realenergyintotheload#kwh,BUNDOORA,0.0,-0.0011558421,0.0016821693,0.0016323308,0.0
2025-07-03 08:00:00,solar.bun_carm1#realenergyintotheload#kwh,BUNDOORA,0.0,0.07531224,0.20134051,0.1953753,6.0
2025-07-03 09:00:00,solar.bun_carm1#realenergyintotheload#kwh,BUNDOORA,0.0,0.019659098,7.3624315,7.144301,115.0
2025-07-03 10:00:00,solar.bun_carm1#realenergyintotheload#kwh,BUNDOORA,0.0,2.8732867,16.1397,15.661521,212.0
2025-07-03 11:00:00,solar.bun_carm1#realenergyintotheload#kwh,BUNDOORA,0.0,16.051842,21.777594,21.132378,273.0
2025-07-03 12:00:00,solar.bun_carm1#realenergyintotheload#kwh,BUNDOORA,0.0,19.44739,30.834888,29.921328,394.0
2025-07-03 13:00:00,solar.bun_carm1#realenergyintotheload#kwh,BUNDOORA,0.0,24.593163,26.88035,26.083952,340.0
2025-07-03 14:00:00,solar.bun_carm1#realenergyintotheload#kwh,BUNDOORA,0.0,23.258797,26.250353,25.47262,334.0
2025-07-03 15:00:00,solar.bun_carm1#realenergyintotheload#kwh,BUNDOORA,0.0,23.424494,17.866526,17.337185,231.0
2025-07-03 16:00:00,solar.bun_carm1#realenergyintotheload#kwh,BUNDOORA,0.0,18.895548,11.281124,10.946893,155.0
2025-07-03 17:00:00,solar.bun_carm1#realenergyintotheload#kwh,BUNDOORA,0.0,6.87255,2.6898313,2.6101382,35.0
2025-07-03 18:00:00,solar.bun_carm1#realenergyintotheload#kwh,BUNDOORA,0.0,0.7263628,0.0013604376,0.0013201312,0.0
2025-07-03 19:00:00,solar.bun_carm1#realenergyintotheload#kwh,BUNDOORA,0.0,0.009989878,0.0014274743,0.0013851818,0.0
2025-07-03 20:00:00,solar.bun_carm1#realenergyintotheload#kwh,BUNDOORA,0.0,0.012154476,0.0014274743,0.0013851818,0.0
2025-07-03 21:00:00,solar.bun_carm1#realenergyintotheload#kwh,BUNDOORA,0.0,0.010892534,0.0013604376,0.0013201312,0.0
2025-07-03 22:00:00,solar.bun_carm1#realenergyintotheload#kwh,BUNDOORA,0.0,0.0038023915,0.0013604376,0.0013201312,0.0
2025-07-03 23:00:00,solar.bun_carm1#realenergyintotheload#kwh,BUNDOORA,0.0,0.0038023915,0.0013604376,0.0013201312,0.0
2025-07-04 00:00:00,solar.bun_carm1#realenergyintotheload#kwh,BUNDOORA,0.0,0.001163844,0.0013604376,0.0013201312,0.0
2025-07-04 01:00:00,solar.bun_carm1#realenergyintotheload#kwh,BUNDOORA,0.0,0.0020977408,0.0013604376,0.0013201312,0.0
2025-07-04 02:00:00,solar.bun_carm1#realenergyintotheload#kwh,BUNDOORA,0.0,0.0006881953,0.0013604376,0.0013201312,0.0
2025-07-04 03:00:00,solar.bun_carm1#realenergyintotheload#kwh,BUNDOORA,0.0,0.0024987268,0.0013604376,0.0013201312,0.0
2025-07-04 04:00:00,solar.bun_carm1#realenergyintotheload#kwh,BUNDOORA,0.0,0.0029949504,0.0013604376,0.0013201312,0.0
2025-07-04 05:00:00,solar.bun_carm1#realenergyintotheload#kwh,BUNDOORA,0.0,0.0035952616,0.0013604376,0.0013201312,0.0
2025-07-04 06:00:00,solar.bun_carm1#realenergyintotheload#kwh,BUNDOORA,0.0,0.008378652,0.0013604376,0.0013201312,0.0
2025-07-04 07:00:00,solar.bun_carm1#realenergyintotheload#kwh,BUNDOORA,0.0,0.022144698,0.0014274743,0.0013851818,0.0
2025-07-04 08:00:00,solar.bun_carm1#realenergyintotheload#kwh,BUNDOORA,0.0,-0.11602474,0.43772435,0.42475566,9.0
2025-07-04 09:00:00,solar.bun_carm1#realenergyintotheload#kwh,BUNDOORA,0.0,0.34620312,8.955725,8.690389,137.0
2025-07-04 10:00:00,solar.bun_carm1#realenergyintotheload#kwh,BUNDOORA,0.0,9.65596,21.296223,20.665268,282.0
2025-07-04 11:00:00,solar.bun_carm1#realenergyintotheload#kwh,BUNDOORA,0.0,25.924772,30.454676,29.55238,394.0
2025-07-04 12:00:00,solar.bun_carm1#realenergyintotheload#kwh,BUNDOORA,0.0,32.02362,34.936737,33.90165,456.0
2025-07-04 13:00:00,solar.bun_carm1#realenergyintotheload#kwh,BUNDOORA,0.0,34.01998,35.498585,34.44685,464.0
2025-07-04 14:00:00,solar.bun_carm1#realenergyintotheload#kwh,BUNDOORA,0.0,35.669735,31.567543,30.632277,416.0
2025-07-04 15:00:00,solar.bun_carm1#realenergyintotheload#kwh,BUNDOORA,0.0,12.930008,15.29222,14.839149,193.0
2025-07-04 16:00:00,solar.bun_carm1#realenergyintotheload#kwh,BUNDOORA,0.0,7.9711013,5.601997,5.4360237,75.0
2025-07-04 17:00:00,solar.bun_carm1#realenergyintotheload#kwh,BUNDOORA,0.0,6.469728,1.7560217,1.7039952,27.0
2025-07-04 18:00:00,solar.bun_carm1#realenergyintotheload#kwh,BUNDOORA,0.0,1.4525425,0.00091408606,0.00088700396,0.0
2025-07-04 19:00:00,solar.bun_carm1#realenergyintotheload#kwh,BUNDOORA,0.0,0.060377255,0.00091408606,0.00088700396,0.0
2025-07-04 20:00:00,solar.bun_carm1#realenergyintotheload#kwh,BUNDOORA,0.0,0.020279147,0.00091408606,0.00088700396,0.0
2025-07-04 21:00:00,solar.bun_carm1#realenergyintotheload#kwh,BUNDOORA,0.0,0.012886662,0.0011926679,0.0011573321,0.0
2025-07-04 22:00:00,solar.bun_carm1#realenergyintotheload#kwh,BUNDOORA,0.0,0.010253505,0.00091408606,0.00088700396,0.0
2025-07-04 23:00:00,solar.bun_carm1#realenergyintotheload#kwh,BUNDOORA,0.0,0.010537968,0.0010208101,0.0009905661,0.0
2025-07-05 00:00:00,solar.bun_carm1#realenergyintotheload#kwh,BUNDOORA,0.0,-0.018510723,0.0011790242,0.0011440926,0.0
2025-07-05 01:00:00,solar.bun_carm1#realenergyintotheload#kwh,BUNDOORA,0.0,-0.01573059,0.0014389817,0.0013963484,0.0
2025-07-05 02:00:00,solar.bun_carm1#realenergyintotheload#kwh,BUNDOORA,0.0,0.035186913,0.0014389817,0.0013963484,0.0
2025-07-05 03:00:00,solar.bun_carm1#realenergyintotheload#kwh,BUNDOORA,0.0,-0.027186336,0.0021958419,0.0021307846,0.0
2025-07-05 04:00:00,solar.bun_carm1#realenergyintotheload#kwh,BUNDOORA,0.0,0.016000293,0.0021958419,0.0021307846,0.0
2025-07-05 05:00:00,solar.bun_carm1#realenergyintotheload#kwh,BUNDOORA,0.0,-0.0091729,0.0021288053,0.002065734,0.0
2025-07-05 06:00:00,solar.bun_carm1#realenergyintotheload#kwh,BUNDOORA,0.0,-0.1966857,0.0017621235,0.0017099163,0.0
2025-07-05 07:00:00,solar.bun_carm1#realenergyintotheload#kwh,BUNDOORA,0.0,-0.09837289,0.0016039095,0.0015563897,0.0
2025-07-05 08:00:00,solar.bun_carm1#realenergyintotheload#kwh,BUNDOORA,0.0,0.07880768,0.44579473,0.43258694,9.0
2025-07-05 09:00:00,solar.bun_carm1#realenergyintotheload#kwh,BUNDOORA,0.0,2.0837376,9.90729,9.613762,140.0
2025-07-05 10:00:00,solar.bun_carm1#realenergyintotheload#kwh,BUNDOORA,0.0,17.89036,21.305233,20.674011,285.0
2025-07-05 11:00:00,solar.bun_carm1#realenergyintotheload#kwh,BUNDOORA,0.0,24.263985,30.332489,29.433813,396.0
2025-07-05 12:00:00,solar.bun_carm1#realenergyintotheload#kwh,BUNDOORA,0.0,32.42438,35.48314,34.43186,458.0
2025-07-05 13:00:00,solar.bun_carm1#realenergyintotheload#kwh,BUNDOORA,0.0,36.953197,35.26324,34.21848,466.0
2025-07-05 14:00:00,solar.bun_carm1#realenergyintotheload#kwh,BUNDOORA,0.0,33.456673,31.699974,30.760782,420.0
2025-07-05 15:00:00,solar.bun_carm1#realenergyintotheload#kwh,BUNDOORA,0.0,31.323706,24.415642,23.692266,323.0
2025-07-05 16:00:00,solar.bun_carm1#realenergyintotheload#kwh,BUNDOORA,0.0,15.893838,11.914797,11.561791,159.0
2025-07-05 17:00:00,solar.bun_carm1#realenergyintotheload#kwh,BUNDOORA,0.0,2.5302343,1.4551846,1.4120711,24.0
2025-07-05 18:00:00,solar.bun_carm1#realenergyintotheload#kwh,BUNDOORA,0.0,0.28678858,0.0006639368,0.00064426597,0.0
2025-07-05 19:00:00,solar.bun_carm1#realenergyintotheload#kwh,BUNDOORA,0.0,-0.16947642,0.0013394228,0.001299739,0.0
2025-07-05 20:00:00,solar.bun_carm1#realenergyintotheload#kwh,BUNDOORA,0.0,0.054126315,0.002040797,0.0019803331,0.0
2025-07-05 21:00:00,solar.bun_carm1#realenergyintotheload#kwh,BUNDOORA,0.0,0.087980695,0.0021364915,0.0020731925,0.0
2025-07-05 22:00:00,solar.bun_carm1#realenergyintotheload#kwh,BUNDOORA,0.0,0.047270067,0.0021364915,0.0020731925,0.0
2025-07-05 23:00:00,solar.bun_carm1#realenergyintotheload#kwh,BUNDOORA,0.0,0.03830962,0.0020694549,0.0020081422,0.0
2025-07-06 00:00:00,solar.bun_carm1#realenergyintotheload#kwh,BUNDOORA,0.0,0.049601644,0.0021364915,0.0020731925,0.0
2025-07-06 01:00:00,solar.bun_carm1#realenergyintotheload#kwh,BUNDOORA,0.0,0.035202377,0.0021364915,0.0020731925,0.0
2025-07-06 02:00:00,solar.bun_carm1#realenergyintotheload#kwh,BUNDOORA,0.0,0.044134155,0.0013796313,0.0013387563,0.0
2025-07-06 03:00:00,solar.bun_carm1#realenergyintotheload#kwh,BUNDOORA,0.0,0.08353367,0.0011310661,0.0010975555,0.0
2025-07-06 04:00:00,solar.bun_carm1#realenergyintotheload#kwh,BUNDOORA,0.0,0.02062266,0.0021447968,0.0020812517,0.0
2025-07-06 05:00:00,solar.bun_carm1#realenergyintotheload#kwh,BUNDOORA,0.0,-0.005785438,0.000916782,0.00088962005,0.0
2025-07-06 06:00:00,solar.bun_carm1#realenergyintotheload#kwh,BUNDOORA,0.0,0.00043861434,0.000916782,0.00088962005,0.0
2025-07-06 07:00:00,solar.bun_carm1#realenergyintotheload#kwh,BUNDOORA,0.0,0.070250235,0.000916782,0.00088962005,0.0
2025-07-06 08:00:00,solar.bun_carm1#realenergyintotheload#kwh,BUNDOORA,0.1875,0.23233882,0.19746959,0.19161907,6.0
2025-07-06 09:00:00,solar.bun_carm1#realenergyintotheload#kwh,BUNDOORA,3.25,2.902038,9.058321,8.789946,130.0
2025-07-06 10:00:00,solar.bun_carm1#realenergyintotheload#kwh,BUNDOORA,14.25,19.634838,19.2729,18.70189,257.0
2025-07-06 11:00:00,solar.bun_carm1#realenergyintotheload#kwh,BUNDOORA,25.1875,22.13295,28.252337,27.41529,369.0
2025-07-06 12:00:00,solar.bun_carm1#realenergyintotheload#kwh,BUNDOORA,21.375,25.089005,24.78153,24.047316,319.0
2025-07-06 13:00:00,solar.bun_carm1#realenergyintotheload#kwh,BUNDOORA,10.375,8.951779,10.271064,9.966758,132.0
2025-07-06 14:00:00,solar.bun_carm1#realenergyintotheload#kwh,BUNDOORA,10.625,20.790174,17.908895,17.3783,228.0
2025-07-06 15:00:00,solar.bun_carm1#realenergyintotheload#kwh,BUNDOORA,12.0625,10.891159,13.881893,13.470608,176.0
2025-07-06 16:00:00,solar.bun_carm1#realenergyintotheload#kwh,BUNDOORA,6.75,11.637639,9.896375,9.603169,133.0
2025-07-06 17:00:00,solar.bun_carm1#realenergyintotheload#kwh,BUNDOORA,4.625,4.8484116,1.6494265,1.600558,26.0
2025-07-06 18:00:00,solar.bun_carm1#realenergyintotheload#kwh,BUNDOORA,0.25,0.8551768,0.0020450968,0.0019845057,0.0
2025-07-06 19:00:00,solar.bun_carm1#realenergyintotheload#kwh,BUNDOORA,0.0,-0.0064623505,0.0010645466,0.0010330068,0.0
2025-07-06 20:00:00,solar.bun_carm1#realenergyintotheload#kwh,BUNDOORA,0.0,0.008323123,0.0014274743,0.0013851818,0.0
2025-07-06 21:00:00,solar.bun_carm1#realenergyintotheload#kwh,BUNDOORA,0.0,-0.0066045094,0.0010645466,0.0010330068,0.0
2025-07-06 22:00:00,solar.bun_carm1#realenergyintotheload#kwh,BUNDOORA,0.0,0.008323123,0.0014274743,0.0013851818,0.0
2025-07-06 23:00:00,solar.bun_carm1#realenergyintotheload#kwh,BUNDOORA,0.0,0.0061091436,0.0013604376,0.0013201312,0.0
2025-07-07 00:00:00,solar.bun_carm1#realenergyintotheload#kwh,BUNDOORA,0.0,0.0034705994,0.0013604376,0.0013201312,0.0
2025-07-07 01:00:00,solar.bun_carm1#realenergyintotheload#kwh,BUNDOORA,0.0,0.0034705994,0.0013604376,0.0013201312,0.0
2025-07-07 02:00:00,solar.bun_carm1#realenergyintotheload#kwh,BUNDOORA,0.0,0.0025013345,0.0013604376,0.0013201312,0.0
2025-07-07 03:00:00,solar.bun_carm1#realenergyintotheload#kwh,BUNDOORA,0.0,0.0029949504,0.0013604376,0.0013201312,0.0
2025-07-07 04:00:00,solar.bun_carm1#realenergyintotheload#kwh,BUNDOORA,0.0,0.0012885062,0.0013604376,0.0013201312,0.0
2025-07-07 05:00:00,solar.bun_carm1#realenergyintotheload#kwh,BUNDOORA,0.0,0.0012885062,0.0013604376,0.0013201312,0.0
2025-07-07 06:00:00,solar.bun_carm1#realenergyintotheload#kwh,BUNDOORA,0.0,0.0012885062,0.0013604376,0.0013201312,0.0
2025-07-07 07:00:00,solar.bun_carm1#realenergyintotheload#kwh,BUNDOORA,0.0,0.008117834,0.0013604376,0.0013201312,0.0
2025-07-07 08:00:00,solar.bun_carm1#realenergyintotheload#kwh,BUNDOORA,0.125,-0.09691401,0.43772435,0.42475566,9.0
2025-07-07 09:00:00,solar.bun_carm1#realenergyintotheload#kwh,BUNDOORA,3.3125,0.55969846,8.96612,8.700476,135.0
2025-07-07 10:00:00,solar.bun_carm1#realenergyintotheload#kwh,BUNDOORA,15.8125,14.88477,21.27823,20.64781,284.0
2025-07-07 11:00:00,solar.bun_carm1#realenergyintotheload#kwh,BUNDOORA,28.4375,26.232864,28.760906,27.908792,376.0
2025-07-07 12:00:00,solar.bun_carm1#realenergyintotheload#kwh,BUNDOORA,34.5625,27.472319,33.864277,32.860962,436.0
2025-07-07 13:00:00,solar.bun_carm1#realenergyintotheload#kwh,BUNDOORA,35.6875,31.419516,32.702526,31.733631,429.0
2025-07-07 14:00:00,solar.bun_carm1#realenergyintotheload#kwh,BUNDOORA,32.1875,29.509027,27.979023,27.150074,363.0
2025-07-07 15:00:00,solar.bun_carm1#realenergyintotheload#kwh,BUNDOORA,22.9375,23.250118,20.32506,19.72288,262.0
2025-07-07 16:00:00,solar.bun_carm1#realenergyintotheload#kwh,BUNDOORA,9.6875,15.5382395,9.985671,9.68982,139.0
2025-07-07 17:00:00,solar.bun_carm1#realenergyintotheload#kwh,BUNDOORA,1.9375,3.7604232,1.628031,1.5797966,26.0
2025-07-07 18:00:00,solar.bun_carm1#realenergyintotheload#kwh,BUNDOORA,0.0,1.3854105,0.0021447968,0.0020812517,0.0
2025-07-07 19:00:00,solar.bun_carm1#realenergyintotheload#kwh,BUNDOORA,0.0,0.020308763,0.0021447968,0.0020812517,0.0
2025-07-07 20:00:00,solar.bun_carm1#realenergyintotheload#kwh,BUNDOORA,0.0,0.00476723,0.0016709461,0.0016214402,0.0
2025-07-07 21:00:00,solar.bun_carm1#realenergyintotheload#kwh,BUNDOORA,0.0,0.061626524,0.0016709461,0.0016214402,0.0
2025-07-07 22:00:00,solar.bun_carm1#realenergyintotheload#kwh,BUNDOORA,0.0,0.060071245,0.0016709461,0.0016214402,0.0
2025-07-07 23:00:00,solar.bun_carm1#realenergyintotheload#kwh,BUNDOORA,0.0,0.03130702,0.0010723001,0.0010405305,0.0
2025-07-08 00:00:00,solar.bun_carm1#realenergyintotheload#kwh,BUNDOORA,0.0,0.03573652,0.0014389817,0.0013963484,0.0
2025-07-08 01:00:00,solar.bun_carm1#realenergyintotheload#kwh,BUNDOORA,0.0,-0.017003883,0.0014389817,0.0013963484,0.0
2025-07-08 02:00:00,solar.bun_carm1#realenergyintotheload#kwh,BUNDOORA,0.0,-0.017840464,0.0019452046,0.001887573,0.0
2025-07-08 03:00:00,solar.bun_carm1#realenergyintotheload#kwh,BUNDOORA,0.0,-0.015675867,0.002288083,0.0022202928,0.0
2025-07-08 04:00:00,solar.bun_carm1#realenergyintotheload#kwh,BUNDOORA,0.0,-0.015675867,0.002288083,0.0022202928,0.0
2025-07-08 05:00:00,solar.bun_carm1#realenergyintotheload#kwh,BUNDOORA,0.0,-0.015675867,0.002566665,0.002490621,0.0
2025-07-08 06:00:00,solar.bun_carm1#realenergyintotheload#kwh,BUNDOORA,0.0,-0.016225476,0.002566665,0.002490621,0.0
2025-07-08 07:00:00,solar.bun_carm1#realenergyintotheload#kwh,BUNDOORA,0.0,0.040132213,0.0036983315,0.003588759,0.0
2025-07-08 08:00:00,solar.bun_carm1#realenergyintotheload#kwh,BUNDOORA,0.0625,0.8856784,0.0041638766,0.0040405113,1.0
2025-07-08 09:00:00,solar.bun_carm1#realenergyintotheload#kwh,BUNDOORA,2.0625,3.3633692,1.9307823,1.8735781,28.0
2025-07-08 10:00:00,solar.bun_carm1#realenergyintotheload#kwh,BUNDOORA,2.75,1.7828441,6.1881,6.0047617,81.0
2025-07-08 11:00:00,solar.bun_carm1#realenergyintotheload#kwh,BUNDOORA,12.75,17.249783,16.340036,15.855922,200.0
2025-07-08 12:00:00,solar.bun_carm1#realenergyintotheload#kwh,BUNDOORA,31.6875,20.046593,32.079033,31.12861,409.0
2025-07-08 13:00:00,solar.bun_carm1#realenergyintotheload#kwh,BUNDOORA,28.5,18.416285,19.97747,19.385588,248.0
2025-07-08 14:00:00,solar.bun_carm1#realenergyintotheload#kwh,BUNDOORA,7.125,5.8626,4.8115687,4.669014,64.0
2025-07-08 15:00:00,solar.bun_carm1#realenergyintotheload#kwh,BUNDOORA,8.1875,3.2722642,10.690525,10.373792,137.0
2025-07-08 16:00:00,solar.bun_carm1#realenergyintotheload#kwh,BUNDOORA,7.875,2.8869112,4.1728225,4.049192,57.0
2025-07-08 17:00:00,solar.bun_carm1#realenergyintotheload#kwh,BUNDOORA,2.0,5.7916737,0.77969134,0.756591,14.0
2025-07-08 18:00:00,solar.bun_carm1#realenergyintotheload#kwh,BUNDOORA,0.0,1.2659721,0.0018291601,0.0017749667,0.0
2025-07-08 19:00:00,solar.bun_carm1#realenergyintotheload#kwh,BUNDOORA,0.0,0.059277833,0.0016709461,0.0016214402,0.0
2025-07-08 20:00:00,solar.bun_carm1#realenergyintotheload#kwh,BUNDOORA,0.0,0.008902362,0.0016709461,0.0016214402,0.0
2025-07-08 21:00:00,solar.bun_carm1#realenergyintotheload#kwh,BUNDOORA,0.0,0.024324693,0.0014223809,0.0013802393,0.0
2025-07-08 22:00:00,solar.bun_carm1#realenergyintotheload#kwh,BUNDOORA,0.0,0.028481996,0.0016039095,0.0015563897,0.0
2025-07-08 23:00:00,solar.bun_carm1#realenergyintotheload#kwh,BUNDOORA,0.0,-0.0022918135,0.0016039095,0.0015563897,0.0
2025-07-09 00:00:00,solar.bun_carm1#realenergyintotheload#kwh,BUNDOORA,0.0,-0.0039567184,0.0016039095,0.0015563897,0.0
2025-07-09 01:00:00,solar.bun_carm1#realenergyintotheload#kwh,BUNDOORA,0.0,-0.0014532488,0.0016039095,0.0015563897,0.0
2025-07-09 02:00:00,solar.bun_carm1#realenergyintotheload#kwh,BUNDOORA,0.0,0.0052853534,0.0016039095,0.0015563897,0.0
2025-07-09 03:00:00,solar.bun_carm1#realenergyintotheload#kwh,BUNDOORA,0.0,0.0052853534,0.0016039095,0.0015563897,0.0
2025-07-09 04:00:00,solar.bun_carm1#realenergyintotheload#kwh,BUNDOORA,0.0,-0.002107136,0.0016039095,0.0015563897,0.0
2025-07-09 05:00:00,solar.bun_carm1#realenergyintotheload#kwh,BUNDOORA,0.0,-0.002107136,0.0016039095,0.0015563897,0.0
2025-07-09 06:00:00,solar.bun_carm1#realenergyintotheload#kwh,BUNDOORA,0.0,0.018811967,0.0016039095,0.0015563897,0.0
2025-07-09 07:00:00,solar.bun_carm1#realenergyintotheload#kwh,BUNDOORA,0.0,0.03552664,0.0016039095,0.0015563897,0.0
2025-07-09 08:00:00,solar.bun_carm1#realenergyintotheload#kwh,BUNDOORA,0.1875,-0.29280004,0.5111895,0.49604425,11.0
2025-07-09 09:00:00,solar.bun_carm1#realenergyintotheload#kwh,BUNDOORA,3.375,1.4941223,9.945486,9.650826,146.0
2025-07-09 10:00:00,solar.bun_carm1#realenergyintotheload#kwh,BUNDOORA,16.6875,7.042739,21.851097,21.203703,289.0
2025-07-09 11:00:00,solar.bun_carm1#realenergyintotheload#kwh,BUNDOORA,30.0,16.188255,30.574766,29.668913,400.0
2025-07-09 12:00:00,solar.bun_carm1#realenergyintotheload#kwh,BUNDOORA,37.3125,28.496107,35.80727,34.74639,463.0
2025-07-09 13:00:00,solar.bun_carm1#realenergyintotheload#kwh,BUNDOORA,34.375,25.22738,34.070347,33.06093,435.0
2025-07-09 14:00:00,solar.bun_carm1#realenergyintotheload#kwh,BUNDOORA,15.8125,14.675616,12.917106,12.534404,159.0
2025-07-09 15:00:00,solar.bun_carm1#realenergyintotheload#kwh,BUNDOORA,13.8125,19.566118,16.456541,15.968975,215.0
2025-07-09 16:00:00,solar.bun_carm1#realenergyintotheload#kwh,BUNDOORA,10.375,11.188651,9.051857,8.783673,127.0
2025-07-09 17:00:00,solar.bun_carm1#realenergyintotheload#kwh,BUNDOORA,3.25,5.06472,0.8764886,0.85052043,16.0
2025-07-09 18:00:00,solar.bun_carm1#realenergyintotheload#kwh,BUNDOORA,0.0625,0.8055832,0.0028351084,0.0027511113,0.0
2025-07-09 19:00:00,solar.bun_carm1#realenergyintotheload#kwh,BUNDOORA,0.0,-0.012104457,0.0028603526,0.0027756076,0.0
2025-07-09 20:00:00,solar.bun_carm1#realenergyintotheload#kwh,BUNDOORA,0.0,-0.012104457,0.0030322103,0.0029423735,0.0
2025-07-09 21:00:00,solar.bun_carm1#realenergyintotheload#kwh,BUNDOORA,0.0,-0.012104457,0.002288083,0.0022202928,0.0
2025-07-09 22:00:00,solar.bun_carm1#realenergyintotheload#kwh,BUNDOORA,0.0,-0.039032377,0.0023948073,0.0023238552,0.0
2025-07-09 23:00:00,solar.bun_carm1#realenergyintotheload#kwh,BUNDOORA,0.0,-0.04119698,0.0021977054,0.002132593,0.0
2025-07-10 00:00:00,solar.bun_carm1#realenergyintotheload#kwh,BUNDOORA,0.0,-0.041108392,0.0020519288,0.0019911353,0.0
2025-07-10 01:00:00,solar.bun_carm1#realenergyintotheload#kwh,BUNDOORA,0.0,-0.0034351116,0.0015457058,0.0014999104,0.0
2025-07-10 02:00:00,solar.bun_carm1#realenergyintotheload#kwh,BUNDOORA,0.0,0.0129900435,0.0010208101,0.0009905661,0.0
2025-07-10 03:00:00,solar.bun_carm1#realenergyintotheload#kwh,BUNDOORA,0.0,0.024815395,0.0010208101,0.0009905661,0.0
2025-07-10 04:00:00,solar.bun_carm1#realenergyintotheload#kwh,BUNDOORA,0.0,-0.00012608059,0.00077224494,0.00074936525,0.0
2025-07-10 05:00:00,solar.bun_carm1#realenergyintotheload#kwh,BUNDOORA,0.0,0.0015141377,0.0021037564,0.0020414274,0.0
2025-07-10 06:00:00,solar.bun_carm1#realenergyintotheload#kwh,BUNDOORA,0.0,-0.00012608059,0.00145495,0.0014118435,0.0
2025-07-10 07:00:00,solar.bun_carm1#realenergyintotheload#kwh,BUNDOORA,0.0,0.075437404,0.0010208101,0.0009905661,0.0
2025-07-10 08:00:00,solar.bun_carm1#realenergyintotheload#kwh,BUNDOORA,0.0,0.61862814,0.08308787,0.08062618,4.0
2025-07-10 09:00:00,solar.bun_carm1#realenergyintotheload#kwh,BUNDOORA,0.0,1.66682,1.8921635,1.8361034,29.0
2025-07-10 10:00:00,solar.bun_carm1#realenergyintotheload#kwh,BUNDOORA,0.0,6.8085594,15.965436,15.49242,206.0
2025-07-10 11:00:00,solar.bun_carm1#realenergyintotheload#kwh,BUNDOORA,0.0,11.931162,16.901838,16.40108,210.0
2025-07-10 12:00:00,solar.bun_carm1#realenergyintotheload#kwh,BUNDOORA,0.0,20.987452,26.555626,25.768848,337.0
2025-07-10 13:00:00,solar.bun_carm1#realenergyintotheload#kwh,BUNDOORA,0.0,15.985045,23.607517,22.908085,295.0
2025-07-10 14:00:00,solar.bun_carm1#realenergyintotheload#kwh,BUNDOORA,0.0,17.732422,22.342768,21.680807,279.0
2025-07-10 15:00:00,solar.bun_carm1#realenergyintotheload#kwh,BUNDOORA,0.0,10.936917,12.727203,12.350128,160.0
2025-07-10 16:00:00,solar.bun_carm1#realenergyintotheload#kwh,BUNDOORA,0.0,7.0652685,9.249699,8.975654,136.0
2025-07-10 17:00:00,solar.bun_carm1#realenergyintotheload#kwh,BUNDOORA,0.0,4.0903063,1.6334705,1.5850749,25.0
2025-07-10 18:00:00,solar.bun_carm1#realenergyintotheload#kwh,BUNDOORA,0.0,1.0287372,0.0016709461,0.0016214402,0.0
2025-07-10 19:00:00,solar.bun_carm1#realenergyintotheload#kwh,BUNDOORA,0.0,0.078407615,0.00091408606,0.00088700396,0.0
2025-07-10 20:00:00,solar.bun_carm1#realenergyintotheload#kwh,BUNDOORA,0.0,0.07169308,0.00066552084,0.0006458031,0.0
2025-07-10 21:00:00,solar.bun_carm1#realenergyintotheload#kwh,BUNDOORA,0.0,0.021222997,0.0014274743,0.0013851818,0.0
2025-07-10 22:00:00,solar.bun_carm1#realenergyintotheload#kwh,BUNDOORA,0.0,0.019111987,0.0019970322,0.0019378652,0.0
2025-07-10 23:00:00,solar.bun_carm1#realenergyintotheload#kwh,BUNDOORA,0.0,0.07169308,0.00066552084,0.0006458031,0.0
2025-07-11 00:00:00,solar.bun_carm1#realenergyintotheload#kwh,BUNDOORA,0.0,0.012746624,0.00091408606,0.00088700396,0.0
2025-07-11 01:00:00,solar.bun_carm1#realenergyintotheload#kwh,BUNDOORA,0.0,0.061076917,0.0016709461,0.0016214402,0.0
2025-07-11 02:00:00,solar.bun_carm1#realenergyintotheload#kwh,BUNDOORA,0.0,0.012910087,0.0016709461,0.0016214402,0.0
2025-07-11 03:00:00,solar.bun_carm1#realenergyintotheload#kwh,BUNDOORA,0.0,0.00847763,0.0016709461,0.0016214402,0.0
2025-07-11 04:00:00,solar.bun_carm1#realenergyintotheload#kwh,BUNDOORA,0.0,-0.013895877,0.0016039095,0.0015563897,0.0
2025-07-11 05:00:00,solar.bun_carm1#realenergyintotheload#kwh,BUNDOORA,0.0,0.00476723,0.0016709461,0.0016214402,0.0
2025-07-11 06:00:00,solar.bun_carm1#realenergyintotheload#kwh,BUNDOORA,0.0,0.0043657348,0.0016709461,0.0016214402,0.0
2025-07-11 07:00:00,solar.bun_carm1#realenergyintotheload#kwh,BUNDOORA,0.0,0.08233696,0.0014223809,0.0013802393,0.0
2025-07-11 08:00:00,solar.bun_carm1#realenergyintotheload#kwh,BUNDOORA,0.0,0.98863184,0.25459146,0.24704856,7.0
2025-07-11 09:00:00,solar.bun_carm1#realenergyintotheload#kwh,BUNDOORA,0.0,3.4554348,9.547801,9.264923,135.0
2025-07-11 10:00:00,solar.bun_carm1#realenergyintotheload#kwh,BUNDOORA,0.0,3.7632887,13.913345,13.501127,177.0
2025-07-11 11:00:00,solar.bun_carm1#realenergyintotheload#kwh,BUNDOORA,0.0,12.869468,27.358541,26.547976,354.0
2025-07-11 12:00:00,solar.bun_carm1#realenergyintotheload#kwh,BUNDOORA,0.0,19.313087,12.335986,11.970502,156.0
2025-07-11 13:00:00,solar.bun_carm1#realenergyintotheload#kwh,BUNDOORA,0.0,18.03236,12.994855,12.60985,169.0
2025-07-11 14:00:00,solar.bun_carm1#realenergyintotheload#kwh,BUNDOORA,0.0,18.072912,16.858328,16.358858,210.0
2025-07-11 15:00:00,solar.bun_carm1#realenergyintotheload#kwh,BUNDOORA,0.0,15.864154,12.630708,12.256492,159.0
2025-07-11 16:00:00,solar.bun_carm1#realenergyintotheload#kwh,BUNDOORA,0.0,9.48574,7.046836,6.8380556,96.0
2025-07-11 17:00:00,solar.bun_carm1#realenergyintotheload#kwh,BUNDOORA,0.0,4.163371,1.4667462,1.4232901,24.0
2025-07-11 18:00:00,solar.bun_carm1#realenergyintotheload#kwh,BUNDOORA,0.0,0.8439755,0.0020450968,0.0019845057,0.0
2025-07-11 19:00:00,solar.bun_carm1#realenergyintotheload#kwh,BUNDOORA,0.0,0.0033524947,0.002762419,0.0026805755,0.0
2025-07-11 20:00:00,solar.bun_carm1#realenergyintotheload#kwh,BUNDOORA,0.0,0.011633197,0.0020450968,0.0019845057,0.0
2025-07-11 21:00:00,solar.bun_carm1#realenergyintotheload#kwh,BUNDOORA,0.0,0.01025567,0.0020450968,0.0019845057,0.0
2025-07-11 22:00:00,solar.bun_carm1#realenergyintotheload#kwh,BUNDOORA,0.0,-0.027592318,0.0013604376,0.0013201312,0.0
2025-07-11 23:00:00,solar.bun_carm1#realenergyintotheload#kwh,BUNDOORA,0.0,-0.027592318,0.0013604376,0.0013201312,0.0
2025-07-12 00:00:00,solar.bun_carm1#realenergyintotheload#kwh,BUNDOORA,0.0,-0.027068814,0.0013604376,0.0013201312,0.0
2025-07-12 01:00:00,solar.bun_carm1#realenergyintotheload#kwh,BUNDOORA,0.0,-0.020696118,0.0013604376,0.0013201312,0.0
2025-07-12 02:00:00,solar.bun_carm1#realenergyintotheload#kwh,BUNDOORA,0.0,0.013005354,0.0013604376,0.0013201312,0.0
2025-07-12 03:00:00,solar.bun_carm1#realenergyintotheload#kwh,BUNDOORA,0.0,-0.021665381,0.0013604376,0.0013201312,0.0
2025-07-12 04:00:00,solar.bun_carm1#realenergyintotheload#kwh,BUNDOORA,0.0,0.010608544,0.0014274743,0.0013851818,0.0
2025-07-12 05:00:00,solar.bun_carm1#realenergyintotheload#kwh,BUNDOORA,0.0,0.0065830825,0.0014274743,0.0013851818,0.0
2025-07-12 06:00:00,solar.bun_carm1#realenergyintotheload#kwh,BUNDOORA,0.0,0.0065830825,0.0013604376,0.0013201312,0.0
2025-07-12 07:00:00,solar.bun_carm1#realenergyintotheload#kwh,BUNDOORA,0.0,0.022484358,0.0014274743,0.0013851818,0.0
2025-07-12 08:00:00,solar.bun_carm1#realenergyintotheload#kwh,BUNDOORA,0.0,-0.0064727236,0.2563686,0.24877305,7.0
2025-07-12 09:00:00,solar.bun_carm1#realenergyintotheload#kwh,BUNDOORA,0.0,0.6994617,5.6972413,5.528446,83.0
2025-07-12 10:00:00,solar.bun_carm1#realenergyintotheload#kwh,BUNDOORA,0.0,5.1471562,14.957497,14.514343,190.0
2025-07-12 11:00:00,solar.bun_carm1#realenergyintotheload#kwh,BUNDOORA,0.0,22.792374,30.404127,29.503328,390.0
2025-07-12 12:00:00,solar.bun_carm1#realenergyintotheload#kwh,BUNDOORA,0.0,28.145077,30.24387,29.34782,386.0
2025-07-12 13:00:00,solar.bun_carm1#realenergyintotheload#kwh,BUNDOORA,0.0,27.260025,31.660854,30.722822,405.0
2025-07-12 14:00:00,solar.bun_carm1#realenergyintotheload#kwh,BUNDOORA,0.0,24.475952,21.951805,21.301428,277.0
2025-07-12 15:00:00,solar.bun_carm1#realenergyintotheload#kwh,BUNDOORA,0.0,22.185152,17.677704,17.153957,225.0
2025-07-12 16:00:00,solar.bun_carm1#realenergyintotheload#kwh,BUNDOORA,0.0,7.013844,4.761554,4.620481,64.0
2025-07-12 17:00:00,solar.bun_carm1#realenergyintotheload#kwh,BUNDOORA,0.0,2.7877088,1.2990562,1.2605684,20.0
2025-07-12 18:00:00,solar.bun_carm1#realenergyintotheload#kwh,BUNDOORA,0.0,1.3891779,0.003227964,0.0031323275,0.0
2025-07-12 19:00:00,solar.bun_carm1#realenergyintotheload#kwh,BUNDOORA,0.0,0.012882857,0.002762419,0.0026805755,0.0
2025-07-12 20:00:00,solar.bun_carm1#realenergyintotheload#kwh,BUNDOORA,0.0,0.007049931,0.0027227083,0.0026420413,0.0
2025-07-12 21:00:00,solar.bun_carm1#realenergyintotheload#kwh,BUNDOORA,0.0,0.023439739,0.0020400034,0.0019795632,0.0
2025-07-12 22:00:00,solar.bun_carm1#realenergyintotheload#kwh,BUNDOORA,0.0,0.1914819,0.0019729668,0.0019145127,0.0
2025-07-12 23:00:00,solar.bun_carm1#realenergyintotheload#kwh,BUNDOORA,0.0,0.011677134,0.0022885685,0.002220764,0.0
2025-07-13 00:00:00,solar.bun_carm1#realenergyintotheload#kwh,BUNDOORA,0.0,-0.0026262337,0.0015317085,0.0014863278,0.0
2025-07-13 01:00:00,solar.bun_carm1#realenergyintotheload#kwh,BUNDOORA,0.0,-0.0023828158,0.0016384326,0.00158989,0.0
2025-07-13 02:00:00,solar.bun_carm1#realenergyintotheload#kwh,BUNDOORA,0.0,-0.05193176,0.0014389817,0.0013963484,0.0
2025-07-13 03:00:00,solar.bun_carm1#realenergyintotheload#kwh,BUNDOORA,0.0,0.03325022,0.0021958419,0.0021307846,0.0
2025-07-13 04:00:00,solar.bun_carm1#realenergyintotheload#kwh,BUNDOORA,0.0,-0.031385258,0.0027020646,0.0026220093,0.0
2025-07-13 05:00:00,solar.bun_carm1#realenergyintotheload#kwh,BUNDOORA,0.0,-0.017840464,0.0020519288,0.0019911353,0.0
2025-07-13 06:00:00,solar.bun_carm1#realenergyintotheload#kwh,BUNDOORA,0.0,-0.018918337,0.0020909812,0.0020290306,0.0
2025-07-13 07:00:00,solar.bun_carm1#realenergyintotheload#kwh,BUNDOORA,0.0,0.034518093,0.002288083,0.0022202928,0.0
2025-07-13 08:00:00,solar.bun_carm1#realenergyintotheload#kwh,BUNDOORA,0.0625,0.6099256,0.15877092,0.15406694,5.0
2025-07-13 09:00:00,solar.bun_carm1#realenergyintotheload#kwh,BUNDOORA,2.8125,2.2041066,8.928175,8.663655,130.0
2025-07-13 10:00:00,solar.bun_carm1#realenergyintotheload#kwh,BUNDOORA,13.625,9.722629,16.722334,16.226892,222.0
2025-07-13 11:00:00,solar.bun_carm1#realenergyintotheload#kwh,BUNDOORA,16.4375,21.047287,19.466488,18.889744,243.0
2025-07-13 12:00:00,solar.bun_carm1#realenergyintotheload#kwh,BUNDOORA,13.75,15.338252,14.193647,13.773125,177.0
2025-07-13 13:00:00,solar.bun_carm1#realenergyintotheload#kwh,BUNDOORA,16.75,17.705435,19.722633,19.138302,242.0
2025-07-13 14:00:00,solar.bun_carm1#realenergyintotheload#kwh,BUNDOORA,20.6875,23.443043,27.68609,26.86582,356.0
2025-07-13 15:00:00,solar.bun_carm1#realenergyintotheload#kwh,BUNDOORA,10.25,10.928841,9.573815,9.290167,122.0
2025-07-13 16:00:00,solar.bun_carm1#realenergyintotheload#kwh,BUNDOORA,4.375,2.1923542,5.4001284,5.240136,72.0
2025-07-13 17:00:00,solar.bun_carm1#realenergyintotheload#kwh,BUNDOORA,0.5625,1.488317,0.6461189,0.626976,13.0
2025-07-13 18:00:00,solar.bun_carm1#realenergyintotheload#kwh,BUNDOORA,0.0,1.0220882,-0.0053919037,0.0,0.0
2025-07-13 19:00:00,solar.bun_carm1#realenergyintotheload#kwh,BUNDOORA,0.0,-0.031473845,0.0027020646,0.0026220093,0.0
2025-07-13 20:00:00,solar.bun_carm1#realenergyintotheload#kwh,BUNDOORA,0.0,0.030899404,0.0019452046,0.001887573,0.0
2025-07-13 21:00:00,solar.bun_carm1#realenergyintotheload#kwh,BUNDOORA,0.0,-0.013765955,0.002635028,0.0025569587,0.0
2025-07-13 22:00:00,solar.bun_carm1#realenergyintotheload#kwh,BUNDOORA,0.0,-0.24605708,0.0021288053,0.002065734,0.0
2025-07-13 23:00:00,solar.bun_carm1#realenergyintotheload#kwh,BUNDOORA,0.0,0.022443518,0.0016039095,0.0015563897,0.0
2025-07-14 00:00:00,solar.bun_carm1#realenergyintotheload#kwh,BUNDOORA,0.0,-0.002707446,0.0016039095,0.0015563897,0.0
2025-07-14 01:00:00,solar.bun_carm1#realenergyintotheload#kwh,BUNDOORA,0.0,0.034479804,0.0016039095,0.0015563897,0.0
2025-07-14 02:00:00,solar.bun_carm1#realenergyintotheload#kwh,BUNDOORA,0.0,-0.012381561,0.0013553442,0.0013151887,0.0
2025-07-14 03:00:00,solar.bun_carm1#realenergyintotheload#kwh,BUNDOORA,0.0,-0.030187441,0.0013207269,0.0012815971,0.0
2025-07-14 04:00:00,solar.bun_carm1#realenergyintotheload#kwh,BUNDOORA,0.0,-0.0031513432,0.0013604376,0.0013201312,0.0
2025-07-14 05:00:00,solar.bun_carm1#realenergyintotheload#kwh,BUNDOORA,0.0,-0.016388379,0.0013604376,0.0013201312,0.0
2025-07-14 06:00:00,solar.bun_carm1#realenergyintotheload#kwh,BUNDOORA,0.0,-0.020571455,0.0013604376,0.0013201312,0.0
2025-07-14 07:00:00,solar.bun_carm1#realenergyintotheload#kwh,BUNDOORA,0.0,-0.00399692,0.0013604376,0.0013201312,0.0
2025-07-14 08:00:00,solar.bun_carm1#realenergyintotheload#kwh,BUNDOORA,0.1875,-0.02725289,0.6300468,0.6113801,13.0
2025-07-14 09:00:00,solar.bun_carm1#realenergyintotheload#kwh,BUNDOORA,4.0,1.6450822,10.731055,10.413121,151.0
2025-07-14 10:00:00,solar.bun_carm1#realenergyintotheload#kwh,BUNDOORA,17.9375,12.528068,22.377691,21.714697,299.0
2025-07-14 11:00:00,solar.bun_carm1#realenergyintotheload#kwh,BUNDOORA,27.0,25.757998,31.58711,30.651264,406.0
2025-07-14 12:00:00,solar.bun_carm1#realenergyintotheload#kwh,BUNDOORA,34.75,27.727291,35.744064,34.68506,459.0
2025-07-14 13:00:00,solar.bun_carm1#realenergyintotheload#kwh,BUNDOORA,30.6875,24.727503,32.931374,31.9557,428.0
2025-07-14 14:00:00,solar.bun_carm1#realenergyintotheload#kwh,BUNDOORA,22.0,16.978586,14.870504,14.429929,187.0
2025-07-14 15:00:00,solar.bun_carm1#realenergyintotheload#kwh,BUNDOORA,18.125,16.002012,14.493906,14.064487,184.0
2025-07-14 16:00:00,solar.bun_carm1#realenergyintotheload#kwh,BUNDOORA,7.125,9.457896,9.186107,8.913945,123.0
2025-07-14 17:00:00,solar.bun_carm1#realenergyintotheload#kwh,BUNDOORA,2.25,2.7419791,1.2953622,1.2569839,20.0
2025-07-14 18:00:00,solar.bun_carm1#realenergyintotheload#kwh,BUNDOORA,0.0,0.74825513,0.0010162058,0.0009860981,0.0
2025-07-14 19:00:00,solar.bun_carm1#realenergyintotheload#kwh,BUNDOORA,0.0,0.076569065,0.0027632127,0.0026813457,0.0
2025-07-14 20:00:00,solar.bun_carm1#realenergyintotheload#kwh,BUNDOORA,0.0,0.07475011,0.002610342,0.0025330042,0.0
2025-07-14 21:00:00,solar.bun_carm1#realenergyintotheload#kwh,BUNDOORA,0.0,0.067476444,0.0024625775,0.0023896175,0.0
2025-07-14 22:00:00,solar.bun_carm1#realenergyintotheload#kwh,BUNDOORA,0.0,0.026999278,0.002275614,0.0022081933,0.0
2025-07-14 23:00:00,solar.bun_carm1#realenergyintotheload#kwh,BUNDOORA,0.0,-0.010385394,0.00145495,0.0014118435,0.0
2025-07-15 00:00:00,solar.bun_carm1#realenergyintotheload#kwh,BUNDOORA,0.0,0.007989307,0.00077224494,0.00074936525,0.0
2025-07-15 01:00:00,solar.bun_carm1#realenergyintotheload#kwh,BUNDOORA,0.0,0.032441393,0.0010208101,0.0009905661,0.0
2025-07-15 02:00:00,solar.bun_carm1#realenergyintotheload#kwh,BUNDOORA,0.0,0.023306023,0.0010208101,0.0009905661,0.0
2025-07-15 03:00:00,solar.bun_carm1#realenergyintotheload#kwh,BUNDOORA,0.0,0.022953212,0.0009441027,0.0009161313,0.0
2025-07-15 04:00:00,solar.bun_carm1#realenergyintotheload#kwh,BUNDOORA,0.0,0.006246615,0.0016268077,0.0015786095,0.0
2025-07-15 05:00:00,solar.bun_carm1#realenergyintotheload#kwh,BUNDOORA,0.0,0.0019266019,0.0021447968,0.0020812517,0.0
2025-07-15 06:00:00,solar.bun_carm1#realenergyintotheload#kwh,BUNDOORA,0.0,0.0040911995,0.0021447968,0.0020812517,0.0
2025-07-15 07:00:00,solar.bun_carm1#realenergyintotheload#kwh,BUNDOORA,0.0,0.07448245,0.0014274743,0.0013851818,0.0
2025-07-15 08:00:00,solar.bun_carm1#realenergyintotheload#kwh,BUNDOORA,0.1875,0.25548092,0.44048092,0.42743057,10.0
2025-07-15 09:00:00,solar.bun_carm1#realenergyintotheload#kwh,BUNDOORA,3.9375,1.2261232,7.1321707,6.920862,115.0
2025-07-15 10:00:00,solar.bun_carm1#realenergyintotheload#kwh,BUNDOORA,9.4375,7.0055265,13.541517,13.140316,170.0
2025-07-15 11:00:00,solar.bun_carm1#realenergyintotheload#kwh,BUNDOORA,18.0625,22.576534,21.173618,20.546297,267.0
2025-07-15 12:00:00,solar.bun_carm1#realenergyintotheload#kwh,BUNDOORA,17.5,20.68549,17.711048,17.186314,221.0
2025-07-15 13:00:00,solar.bun_carm1#realenergyintotheload#kwh,BUNDOORA,32.8125,22.568548,19.25555,18.685057,237.0
2025-07-15 14:00:00,solar.bun_carm1#realenergyintotheload#kwh,BUNDOORA,11.6875,17.236555,11.406818,11.068863,146.0
2025-07-15 15:00:00,solar.bun_carm1#realenergyintotheload#kwh,BUNDOORA,12.125,18.02599,14.551549,14.120423,182.0
2025-07-15 16:00:00,solar.bun_carm1#realenergyintotheload#kwh,BUNDOORA,8.6875,9.519119,7.7474327,7.5178957,102.0
2025-07-15 17:00:00,solar.bun_carm1#realenergyintotheload#kwh,BUNDOORA,2.1875,4.873819,3.3113496,3.2132425,44.0
2025-07-15 18:00:00,solar.bun_carm1#realenergyintotheload#kwh,BUNDOORA,0.0625,1.0258899,0.0014274743,0.0013851818,0.0
2025-07-15 19:00:00,solar.bun_carm1#realenergyintotheload#kwh,BUNDOORA,0.0,0.006554599,0.0014274743,0.0013851818,0.0
2025-07-15 20:00:00,solar.bun_carm1#realenergyintotheload#kwh,BUNDOORA,0.0,-0.020571455,0.0013604376,0.0013201312,0.0
2025-07-15 21:00:00,solar.bun_carm1#realenergyintotheload#kwh,BUNDOORA,0.0,-0.0186368,0.0013604376,0.0013201312,0.0
2025-07-15 22:00:00,solar.bun_carm1#realenergyintotheload#kwh,BUNDOORA,0.0,0.017200977,0.0014223809,0.0013802393,0.0
2025-07-15 23:00:00,solar.bun_carm1#realenergyintotheload#kwh,BUNDOORA,0.0,0.026905684,0.0014223809,0.0013802393,0.0
2025-07-16 00:00:00,solar.bun_carm1#realenergyintotheload#kwh,BUNDOORA,0.0,0.023567311,0.0014223809,0.0013802393,0.0
2025-07-16 01:00:00,solar.bun_carm1#realenergyintotheload#kwh,BUNDOORA,0.0,0.008639666,0.0014223809,0.0013802393,0.0
2025-07-16 02:00:00,solar.bun_carm1#realenergyintotheload#kwh,BUNDOORA,0.0,0.011978041,0.0014223809,0.0013802393,0.0
2025-07-16 03:00:00,solar.bun_carm1#realenergyintotheload#kwh,BUNDOORA,0.0,0.021865658,0.0013553442,0.0013151887,0.0
2025-07-16 04:00:00,solar.bun_carm1#realenergyintotheload#kwh,BUNDOORA,0.0,0.035561822,0.0016709461,0.0016214402,0.0
2025-07-16 05:00:00,solar.bun_carm1#realenergyintotheload#kwh,BUNDOORA,0.0,-0.002707446,0.0016039095,0.0015563897,0.0
2025-07-16 06:00:00,solar.bun_carm1#realenergyintotheload#kwh,BUNDOORA,0.0,0.030945519,0.0016709461,0.0016214402,0.0
2025-07-16 07:00:00,solar.bun_carm1#realenergyintotheload#kwh,BUNDOORA,0.0,0.091410436,0.0014223809,0.0013802393,0.0
2025-07-16 08:00:00,solar.bun_carm1#realenergyintotheload#kwh,BUNDOORA,0.0,0.3168822,0.43902352,0.42601636,9.0
2025-07-16 09:00:00,solar.bun_carm1#realenergyintotheload#kwh,BUNDOORA,0.0,1.245611,6.2204337,6.0361376,90.0
2025-07-16 10:00:00,solar.bun_carm1#realenergyintotheload#kwh,BUNDOORA,0.0,7.22519,17.981827,17.44907,236.0
2025-07-16 11:00:00,solar.bun_carm1#realenergyintotheload#kwh,BUNDOORA,0.0,19.816916,30.36987,29.470085,391.0
2025-07-16 12:00:00,solar.bun_carm1#realenergyintotheload#kwh,BUNDOORA,0.0,22.976171,25.090078,24.346722,318.0
2025-07-16 13:00:00,solar.bun_carm1#realenergyintotheload#kwh,BUNDOORA,0.0,19.146477,15.345216,14.890575,191.0
2025-07-16 14:00:00,solar.bun_carm1#realenergyintotheload#kwh,BUNDOORA,0.0,14.753279,10.977974,10.652724,142.0
2025-07-16 15:00:00,solar.bun_carm1#realenergyintotheload#kwh,BUNDOORA,0.0,15.823146,15.600985,15.138766,195.0
2025-07-16 16:00:00,solar.bun_carm1#realenergyintotheload#kwh,BUNDOORA,0.0,11.883819,4.433014,4.301675,61.0
2025-07-16 17:00:00,solar.bun_carm1#realenergyintotheload#kwh,BUNDOORA,0.0,2.4218276,1.9106463,1.8540386,28.0
2025-07-16 18:00:00,solar.bun_carm1#realenergyintotheload#kwh,BUNDOORA,0.0,0.7926192,0.0027227083,0.0026420413,0.0
2025-07-16 19:00:00,solar.bun_carm1#realenergyintotheload#kwh,BUNDOORA,0.0,0.01202729,0.0022885685,0.002220764,0.0
2025-07-16 20:00:00,solar.bun_carm1#realenergyintotheload#kwh,BUNDOORA,0.0,0.002486227,0.0015317085,0.0014863278,0.0
2025-07-16 21:00:00,solar.bun_carm1#realenergyintotheload#kwh,BUNDOORA,0.0,0.0049029635,0.0015317085,0.0014863278,0.0
2025-07-16 22:00:00,solar.bun_carm1#realenergyintotheload#kwh,BUNDOORA,0.0,-0.0011056848,0.0015317085,0.0014863278,0.0
2025-07-16 23:00:00,solar.bun_carm1#realenergyintotheload#kwh,BUNDOORA,0.0,-0.08431638,0.00091408606,0.00088700396,0.0
2025-07-17 00:00:00,solar.bun_carm1#realenergyintotheload#kwh,BUNDOORA,0.0,0.01613826,0.0010723001,0.0010405305,0.0
2025-07-17 01:00:00,solar.bun_carm1#realenergyintotheload#kwh,BUNDOORA,0.0,0.024024151,0.0021958419,0.0021307846,0.0
2025-07-17 02:00:00,solar.bun_carm1#realenergyintotheload#kwh,BUNDOORA,0.0,-0.003463585,0.0021958419,0.0021307846,0.0
2025-07-17 03:00:00,solar.bun_carm1#realenergyintotheload#kwh,BUNDOORA,0.0,0.03217235,0.0014389817,0.0013963484,0.0
2025-07-17 04:00:00,solar.bun_carm1#realenergyintotheload#kwh,BUNDOORA,0.0,-0.014745008,0.0021958419,0.0021307846,0.0
2025-07-17 05:00:00,solar.bun_carm1#realenergyintotheload#kwh,BUNDOORA,0.0,-0.0040131947,0.0021958419,0.0021307846,0.0
2025-07-17 06:00:00,solar.bun_carm1#realenergyintotheload#kwh,BUNDOORA,0.0,0.04027277,0.0014389817,0.0013963484,0.0
2025-07-17 07:00:00,solar.bun_carm1#realenergyintotheload#kwh,BUNDOORA,0.0,0.049027532,0.0018291601,0.0017749667,0.0
2025-07-17 08:00:00,solar.bun_carm1#realenergyintotheload#kwh,BUNDOORA,0.0,0.48496765,0.44027522,0.42723095,10.0
2025-07-17 09:00:00,solar.bun_carm1#realenergyintotheload#kwh,BUNDOORA,0.0,3.2861967,6.723978,6.5247636,93.0
2025-07-17 10:00:00,solar.bun_carm1#realenergyintotheload#kwh,BUNDOORA,0.0,10.836046,10.993966,10.668242,140.0
2025-07-17 11:00:00,solar.bun_carm1#realenergyintotheload#kwh,BUNDOORA,0.0,7.7746706,7.4168816,7.197138,97.0
2025-07-17 12:00:00,solar.bun_carm1#realenergyintotheload#kwh,BUNDOORA,0.0,15.280778,16.76637,16.269625,207.0
2025-07-17 13:00:00,solar.bun_carm1#realenergyintotheload#kwh,BUNDOORA,0.0,28.903055,37.60635,36.49217,489.0
2025-07-17 14:00:00,solar.bun_carm1#realenergyintotheload#kwh,BUNDOORA,0.0,22.954466,32.832184,31.859447,420.0
2025-07-17 15:00:00,solar.bun_carm1#realenergyintotheload#kwh,BUNDOORA,0.0,10.351098,8.396567,8.147798,109.0
2025-07-17 16:00:00,solar.bun_carm1#realenergyintotheload#kwh,BUNDOORA,0.0,5.168626,7.827948,7.5960255,105.0
2025-07-17 17:00:00,solar.bun_carm1#realenergyintotheload#kwh,BUNDOORA,0.0,4.0018964,4.3201246,4.19213,57.0
2025-07-17 18:00:00,solar.bun_carm1#realenergyintotheload#kwh,BUNDOORA,0.0,0.19751811,0.0010645466,0.0010330068,0.0
2025-07-17 19:00:00,solar.bun_carm1#realenergyintotheload#kwh,BUNDOORA,0.0,0.0078996215,0.0014274743,0.0013851818,0.0
2025-07-17 20:00:00,solar.bun_carm1#realenergyintotheload#kwh,BUNDOORA,0.0,0.0061091436,0.0013604376,0.0013201312,0.0
2025-07-17 21:00:00,solar.bun_carm1#realenergyintotheload#kwh,BUNDOORA,0.0,0.011416038,0.0013604376,0.0013201312,0.0
2025-07-17 22:00:00,solar.bun_carm1#realenergyintotheload#kwh,BUNDOORA,0.0,0.0025013345,0.0013604376,0.0013201312,0.0
2025-07-17 23:00:00,solar.bun_carm1#realenergyintotheload#kwh,BUNDOORA,0.0,0.0029949504,0.0013604376,0.0013201312,0.0
2025-07-18 00:00:00,solar.bun_carm1#realenergyintotheload#kwh,BUNDOORA,0.0,0.0035952616,0.0013604376,0.0013201312,0.0
2025-07-18 01:00:00,solar.bun_carm1#realenergyintotheload#kwh,BUNDOORA,0.0,-0.007598172,0.0013604376,0.0013201312,0.0
2025-07-18 02:00:00,solar.bun_carm1#realenergyintotheload#kwh,BUNDOORA,0.0,-0.021143677,0.0013604376,0.0013201312,0.0
2025-07-18 03:00:00,solar.bun_carm1#realenergyintotheload#kwh,BUNDOORA,0.0,-0.021143677,0.0013604376,0.0013201312,0.0
2025-07-18 04:00:00,solar.bun_carm1#realenergyintotheload#kwh,BUNDOORA,0.0,-0.02123093,0.0013604376,0.0013201312,0.0
2025-07-18 05:00:00,solar.bun_carm1#realenergyintotheload#kwh,BUNDOORA,0.0,-0.018540882,0.0013604376,0.0013201312,0.0
2025-07-18 06:00:00,solar.bun_carm1#realenergyintotheload#kwh,BUNDOORA,0.0,-0.018540882,0.0013604376,0.0013201312,0.0
2025-07-18 07:00:00,solar.bun_carm1#realenergyintotheload#kwh,BUNDOORA,0.0,0.005363914,0.0014274743,0.0013851818,0.0
2025-07-18 08:00:00,solar.bun_carm1#realenergyintotheload#kwh,BUNDOORA,0.0,-0.029982293,0.77522475,0.75225675,15.0
2025-07-18 09:00:00,solar.bun_carm1#realenergyintotheload#kwh,BUNDOORA,0.0,1.0406685,6.765845,6.5653896,113.0
2025-07-18 10:00:00,solar.bun_carm1#realenergyintotheload#kwh,BUNDOORA,0.0,10.92671,18.417763,17.872091,249.0
2025-07-18 11:00:00,solar.bun_carm1#realenergyintotheload#kwh,BUNDOORA,0.0,31.722551,32.480972,31.518642,422.0
2025-07-18 12:00:00,solar.bun_carm1#realenergyintotheload#kwh,BUNDOORA,0.0,35.507626,37.251907,36.148228,484.0
2025-07-18 13:00:00,solar.bun_carm1#realenergyintotheload#kwh,BUNDOORA,0.0,35.041286,37.660023,36.54425,498.0
2025-07-18 14:00:00,solar.bun_carm1#realenergyintotheload#kwh,BUNDOORA,0.0,26.711853,32.194534,31.24069,419.0
2025-07-18 15:00:00,solar.bun_carm1#realenergyintotheload#kwh,BUNDOORA,0.0,24.192095,26.412931,25.630383,354.0
2025-07-18 16:00:00,solar.bun_carm1#realenergyintotheload#kwh,BUNDOORA,0.0,17.361681,15.706059,15.240728,215.0
2025-07-18 17:00:00,solar.bun_carm1#realenergyintotheload#kwh,BUNDOORA,0.0,7.6962237,4.6046076,4.4681845,60.0
2025-07-18 18:00:00,solar.bun_carm1#realenergyintotheload#kwh,BUNDOORA,0.0,0.95033133,0.0014274743,0.0013851818,0.0
2025-07-18 19:00:00,solar.bun_carm1#realenergyintotheload#kwh,BUNDOORA,0.0,0.015289012,0.0014274743,0.0013851818,0.0
2025-07-18 20:00:00,solar.bun_carm1#realenergyintotheload#kwh,BUNDOORA,0.0,0.01685423,0.0014274743,0.0013851818,0.0
2025-07-18 21:00:00,solar.bun_carm1#realenergyintotheload#kwh,BUNDOORA,0.0,0.012930883,0.0013877637,0.0013466477,0.0
2025-07-18 22:00:00,solar.bun_carm1#realenergyintotheload#kwh,BUNDOORA,0.0,0.023567311,0.0014223809,0.0013802393,0.0
2025-07-18 23:00:00,solar.bun_carm1#realenergyintotheload#kwh,BUNDOORA,0.0,0.081065826,0.0016709461,0.0016214402,0.0
2025-07-19 00:00:00,solar.bun_carm1#realenergyintotheload#kwh,BUNDOORA,0.0,0.025674202,0.0016709461,0.0016214402,0.0
2025-07-19 01:00:00,solar.bun_carm1#realenergyintotheload#kwh,BUNDOORA,0.0,0.022154577,0.0016039095,0.0015563897,0.0
2025-07-19 02:00:00,solar.bun_carm1#realenergyintotheload#kwh,BUNDOORA,0.0,-0.052753597,0.0016039095,0.0015563897,0.0
2025-07-19 03:00:00,solar.bun_carm1#realenergyintotheload#kwh,BUNDOORA,0.0,-0.07447855,0.0021288053,0.002065734,0.0
2025-07-19 04:00:00,solar.bun_carm1#realenergyintotheload#kwh,BUNDOORA,0.0,-0.10981238,0.0021288053,0.002065734,0.0
2025-07-19 05:00:00,solar.bun_carm1#realenergyintotheload#kwh,BUNDOORA,0.0,-0.11216187,0.002635028,0.0025569587,0.0
2025-07-19 06:00:00,solar.bun_carm1#realenergyintotheload#kwh,BUNDOORA,0.0,-0.049576327,0.0027808046,0.0026984164,0.0
2025-07-19 07:00:00,solar.bun_carm1#realenergyintotheload#kwh,BUNDOORA,0.0,-0.04025338,0.003044943,0.0029547291,0.0
2025-07-19 08:00:00,solar.bun_carm1#realenergyintotheload#kwh,BUNDOORA,0.0,-0.00027716998,0.6355187,0.6166899,12.0
2025-07-19 09:00:00,solar.bun_carm1#realenergyintotheload#kwh,BUNDOORA,0.0,5.0588427,9.747025,9.458244,144.0
2025-07-19 10:00:00,solar.bun_carm1#realenergyintotheload#kwh,BUNDOORA,0.0,15.317205,19.95142,19.36031,259.0
2025-07-19 11:00:00,solar.bun_carm1#realenergyintotheload#kwh,BUNDOORA,0.0,23.95788,24.646055,23.915854,319.0
2025-07-19 12:00:00,solar.bun_carm1#realenergyintotheload#kwh,BUNDOORA,0.0,29.76196,37.912346,36.789097,501.0
2025-07-19 13:00:00,solar.bun_carm1#realenergyintotheload#kwh,BUNDOORA,0.0,35.17444,38.071117,36.943165,504.0
2025-07-19 14:00:00,solar.bun_carm1#realenergyintotheload#kwh,BUNDOORA,0.0,32.294094,34.4328,33.412643,450.0
2025-07-19 15:00:00,solar.bun_carm1#realenergyintotheload#kwh,BUNDOORA,0.0,12.328115,10.422788,10.113987,135.0
2025-07-19 16:00:00,solar.bun_carm1#realenergyintotheload#kwh,BUNDOORA,0.0,6.185209,7.714868,7.4862957,104.0
2025-07-19 17:00:00,solar.bun_carm1#realenergyintotheload#kwh,BUNDOORA,0.0,3.4147754,1.1021992,1.0695438,18.0
2025-07-19 18:00:00,solar.bun_carm1#realenergyintotheload#kwh,BUNDOORA,0.0,0.5232616,0.0016226053,0.0015745315,0.0
2025-07-19 19:00:00,solar.bun_carm1#realenergyintotheload#kwh,BUNDOORA,0.0,0.06177748,0.0027632127,0.0026813457,0.0
2025-07-19 20:00:00,solar.bun_carm1#realenergyintotheload#kwh,BUNDOORA,0.0,0.015975347,0.0021447968,0.0020812517,0.0
2025-07-19 21:00:00,solar.bun_carm1#realenergyintotheload#kwh,BUNDOORA,0.0,0.014428881,0.0014274743,0.0013851818,0.0
2025-07-19 22:00:00,solar.bun_carm1#realenergyintotheload#kwh,BUNDOORA,0.0,-0.020696118,0.0013604376,0.0013201312,0.0
2025-07-19 23:00:00,solar.bun_carm1#realenergyintotheload#kwh,BUNDOORA,0.0,-0.020696118,0.0013604376,0.0013201312,0.0
2025-07-20 00:00:00,solar.bun_carm1#realenergyintotheload#kwh,BUNDOORA,0.0,-0.031200128,0.0013604376,0.0013201312,0.0
2025-07-20 01:00:00,solar.bun_carm1#realenergyintotheload#kwh,BUNDOORA,0.0,-0.0065151528,0.0010645466,0.0010330068,0.0
2025-07-20 02:00:00,solar.bun_carm1#realenergyintotheload#kwh,BUNDOORA,0.0,-0.0065151528,0.0021447968,0.0020812517,0.0
2025-07-20 03:00:00,solar.bun_carm1#realenergyintotheload#kwh,BUNDOORA,0.0,-0.0065151528,0.0010645466,0.0010330068,0.0
2025-07-20 04:00:00,solar.bun_carm1#realenergyintotheload#kwh,BUNDOORA,0.0,-0.022153987,0.0010645466,0.0010330068,0.0
2025-07-20 05:00:00,solar.bun_carm1#realenergyintotheload#kwh,BUNDOORA,0.0,-0.0047778925,0.0014274743,0.0013851818,0.0
2025-07-20 06:00:00,solar.bun_carm1#realenergyintotheload#kwh,BUNDOORA,0.0,-0.0047778925,0.0014274743,0.0013851818,0.0
2025-07-20 07:00:00,solar.bun_carm1#realenergyintotheload#kwh,BUNDOORA,0.0,0.005363914,0.0014274743,0.0013851818,0.0
2025-07-20 08:00:00,solar.bun_carm1#realenergyintotheload#kwh,BUNDOORA,0.375,-0.011535848,0.78123456,0.7580885,14.0
2025-07-20 09:00:00,solar.bun_carm1#realenergyintotheload#kwh,BUNDOORA,4.6875,3.0743654,11.651596,11.306389,160.0
2025-07-20 10:00:00,solar.bun_carm1#realenergyintotheload#kwh,BUNDOORA,17.25,17.80247,23.352966,22.661076,310.0
2025-07-20 11:00:00,solar.bun_carm1#realenergyintotheload#kwh,BUNDOORA,27.0,28.111443,32.22776,31.272932,425.0
2025-07-20 12:00:00,solar.bun_carm1#realenergyintotheload#kwh,BUNDOORA,31.875,30.88567,35.582623,34.528397,465.0
2025-07-20 13:00:00,solar.bun_carm1#realenergyintotheload#kwh,BUNDOORA,36.5,31.33141,36.40099,35.322517,478.0
2025-07-20 14:00:00,solar.bun_carm1#realenergyintotheload#kwh,BUNDOORA,31.5,29.741114,33.718098,32.719116,438.0
2025-07-20 15:00:00,solar.bun_carm1#realenergyintotheload#kwh,BUNDOORA,21.5,29.332256,26.222054,25.44516,347.0
2025-07-20 16:00:00,solar.bun_carm1#realenergyintotheload#kwh,BUNDOORA,13.3125,19.698761,16.156187,15.67752,219.0
2025-07-20 17:00:00,solar.bun_carm1#realenergyintotheload#kwh,BUNDOORA,3.4375,4.6987467,3.6563597,3.5480309,50.0
2025-07-20 18:00:00,solar.bun_carm1#realenergyintotheload#kwh,BUNDOORA,0.0625,0.7408981,0.0013791334,0.0013382732,0.0
2025-07-20 19:00:00,solar.bun_carm1#realenergyintotheload#kwh,BUNDOORA,0.0,0.039582606,0.0015300922,0.0014847594,0.0
2025-07-20 20:00:00,solar.bun_carm1#realenergyintotheload#kwh,BUNDOORA,0.0,-0.004718694,0.0010645466,0.0010330068,0.0
2025-07-20 21:00:00,solar.bun_carm1#realenergyintotheload#kwh,BUNDOORA,0.0,0.003019597,0.000916782,0.00088962005,0.0
2025-07-20 22:00:00,solar.bun_carm1#realenergyintotheload#kwh,BUNDOORA,0.0,0.02048295,0.0014274743,0.0013851818,0.0
2025-07-20 23:00:00,solar.bun_carm1#realenergyintotheload#kwh,BUNDOORA,0.0,0.010948204,0.0014274743,0.0013851818,0.0
2025-07-21 00:00:00,solar.bun_carm1#realenergyintotheload#kwh,BUNDOORA,0.0,-0.0301062,0.0013604376,0.0013201312,0.0
2025-07-21 01:00:00,solar.bun_carm1#realenergyintotheload#kwh,BUNDOORA,0.0,-0.0301062,0.0013604376,0.0013201312,0.0
2025-07-21 02:00:00,solar.bun_carm1#realenergyintotheload#kwh,BUNDOORA,0.0,-0.0301062,0.0013604376,0.0013201312,0.0
2025-07-21 03:00:00,solar.bun_carm1#realenergyintotheload#kwh,BUNDOORA,0.0,-0.0301062,0.0013604376,0.0013201312,0.0
2025-07-21 04:00:00,solar.bun_carm1#realenergyintotheload#kwh,BUNDOORA,0.0,0.0049376674,0.0013604376,0.0013201312,0.0
2025-07-21 05:00:00,solar.bun_carm1#realenergyintotheload#kwh,BUNDOORA,0.0,-0.0012923786,0.0014274743,0.0013851818,0.0
2025-07-21 06:00:00,solar.bun_carm1#realenergyintotheload#kwh,BUNDOORA,0.0,0.0046171183,0.0019970322,0.0019378652,0.0
2025-07-21 07:00:00,solar.bun_carm1#realenergyintotheload#kwh,BUNDOORA,0.0,0.009483743,0.00145495,0.0014118435,0.0
2025-07-21 08:00:00,solar.bun_carm1#realenergyintotheload#kwh,BUNDOORA,0.3125,0.6063498,0.7788536,0.75577813,15.0
2025-07-21 09:00:00,solar.bun_carm1#realenergyintotheload#kwh,BUNDOORA,7.4375,6.7029924,11.005986,10.679906,152.0
2025-07-21 10:00:00,solar.bun_carm1#realenergyintotheload#kwh,BUNDOORA,13.1875,18.761791,19.967499,19.375912,261.0
2025-07-21 11:00:00,solar.bun_carm1#realenergyintotheload#kwh,BUNDOORA,18.9375,26.340921,31.578428,30.642838,408.0
2025-07-21 12:00:00,solar.bun_carm1#realenergyintotheload#kwh,BUNDOORA,30.0625,33.90951,36.54048,35.45788,477.0
2025-07-21 13:00:00,solar.bun_carm1#realenergyintotheload#kwh,BUNDOORA,35.5,35.801624,38.16653,37.03575,509.0
2025-07-21 14:00:00,solar.bun_carm1#realenergyintotheload#kwh,BUNDOORA,33.5,37.604553,35.244755,34.200542,466.0
2025-07-21 15:00:00,solar.bun_carm1#realenergyintotheload#kwh,BUNDOORA,24.375,31.764442,27.001877,26.20188,368.0
2025-07-21 16:00:00,solar.bun_carm1#realenergyintotheload#kwh,BUNDOORA,11.75,16.876827,16.733953,16.238169,228.0
2025-07-21 17:00:00,solar.bun_carm1#realenergyintotheload#kwh,BUNDOORA,3.4375,1.854035,4.227492,4.102242,56.0
2025-07-21 18:00:00,solar.bun_carm1#realenergyintotheload#kwh,BUNDOORA,0.1875,0.39481613,0.0013975662,0.0013561598,0.0
2025-07-21 19:00:00,solar.bun_carm1#realenergyintotheload#kwh,BUNDOORA,0.0,0.114729986,0.0017211915,0.0016701969,0.0
2025-07-21 20:00:00,solar.bun_carm1#realenergyintotheload#kwh,BUNDOORA,0.0,0.16183382,-0.001589918,0.0,0.0
2025-07-21 21:00:00,solar.bun_carm1#realenergyintotheload#kwh,BUNDOORA,0.0,-0.16962565,-0.001483194,0.0,0.0
2025-07-21 22:00:00,solar.bun_carm1#realenergyintotheload#kwh,BUNDOORA,0.0,-0.015178405,0.002569337,0.0024932139,0.0
2025-07-21 23:00:00,solar.bun_carm1#realenergyintotheload#kwh,BUNDOORA,0.0,0.011863394,0.0036715672,0.0035627878,0.0
2025-07-22 00:00:00,solar.bun_carm1#realenergyintotheload#kwh,BUNDOORA,0.0,-0.060565867,0.003868669,0.00375405,0.0
2025-07-22 01:00:00,solar.bun_carm1#realenergyintotheload#kwh,BUNDOORA,0.0,0.011863394,0.003868669,0.00375405,0.0
2025-07-22 02:00:00,solar.bun_carm1#realenergyintotheload#kwh,BUNDOORA,0.0,-0.07882062,0.0035450442,0.0034400134,0.0
2025-07-22 03:00:00,solar.bun_carm1#realenergyintotheload#kwh,BUNDOORA,0.0,-0.007784155,0.00343832,0.0033364512,0.0
2025-07-22 04:00:00,solar.bun_carm1#realenergyintotheload#kwh,BUNDOORA,0.0,0.3448206,-0.0046749017,0.0,0.0
2025-07-22 05:00:00,solar.bun_carm1#realenergyintotheload#kwh,BUNDOORA,0.0,0.10028283,-0.005483591,0.0,0.0
2025-07-22 06:00:00,solar.bun_carm1#realenergyintotheload#kwh,BUNDOORA,0.0,-0.12189333,0.00230312,0.0022348843,0.0
2025-07-22 07:00:00,solar.bun_carm1#realenergyintotheload#kwh,BUNDOORA,0.0,-0.17213376,0.0030132232,0.002923949,0.0
2025-07-22 08:00:00,solar.bun_carm1#realenergyintotheload#kwh,BUNDOORA,0.3125,0.1663042,0.44337082,0.43023485,9.0
2025-07-22 09:00:00,solar.bun_carm1#realenergyintotheload#kwh,BUNDOORA,3.9375,6.7573867,5.849474,5.6761684,78.0
2025-07-22 10:00:00,solar.bun_carm1#realenergyintotheload#kwh,BUNDOORA,6.875,14.519163,12.666002,12.29074,163.0
2025-07-22 11:00:00,solar.bun_carm1#realenergyintotheload#kwh,BUNDOORA,13.0,9.392716,14.12106,13.702688,177.0
2025-07-22 12:00:00,solar.bun_carm1#realenergyintotheload#kwh,BUNDOORA,6.0625,10.11763,7.483595,7.2618747,100.0
2025-07-22 13:00:00,solar.bun_carm1#realenergyintotheload#kwh,BUNDOORA,6.625,10.444613,8.462195,8.211482,110.0
2025-07-22 14:00:00,solar.bun_carm1#realenergyintotheload#kwh,BUNDOORA,4.0,8.594703,5.4379916,5.2768774,71.0
2025-07-22 15:00:00,solar.bun_carm1#realenergyintotheload#kwh,BUNDOORA,17.5,6.343845,25.585669,24.82763,332.0
2025-07-22 16:00:00,solar.bun_carm1#realenergyintotheload#kwh,BUNDOORA,11.8125,3.7321332,16.273355,15.791217,217.0
2025-07-22 17:00:00,solar.bun_carm1#realenergyintotheload#kwh,BUNDOORA,3.0,4.9144526,5.0586185,4.9087443,67.0
2025-07-22 18:00:00,solar.bun_carm1#realenergyintotheload#kwh,BUNDOORA,0.1875,0.49307692,0.0028478412,0.002763467,0.0
2025-07-22 19:00:00,solar.bun_carm1#realenergyintotheload#kwh,BUNDOORA,0.0,-0.035125673,0.0028478412,0.002763467,0.0
2025-07-22 20:00:00,solar.bun_carm1#realenergyintotheload#kwh,BUNDOORA,0.0,-0.0041691232,0.0028478412,0.002763467,0.0
2025-07-22 21:00:00,solar.bun_carm1#realenergyintotheload#kwh,BUNDOORA,0.0,-0.01565771,0.0031676097,0.0030737612,0.0
2025-07-22 22:00:00,solar.bun_carm1#realenergyintotheload#kwh,BUNDOORA,0.0,-0.015678948,0.003100573,0.003008711,0.0
2025-07-22 23:00:00,solar.bun_carm1#realenergyintotheload#kwh,BUNDOORA,0.0,0.018048476,0.0031676097,0.0030737612,0.0
2025-07-23 00:00:00,solar.bun_carm1#realenergyintotheload#kwh,BUNDOORA,0.0,-0.1892508,0.003100573,0.003008711,0.0
2025-07-23 01:00:00,solar.bun_carm1#realenergyintotheload#kwh,BUNDOORA,0.0,-0.036273032,0.003100573,0.003008711,0.0
2025-07-23 02:00:00,solar.bun_carm1#realenergyintotheload#kwh,BUNDOORA,0.0,-0.060979895,0.002594351,0.002517487,0.0
2025-07-23 03:00:00,solar.bun_carm1#realenergyintotheload#kwh,BUNDOORA,0.0,-0.033262186,0.0021288053,0.002065734,0.0
2025-07-23 04:00:00,solar.bun_carm1#realenergyintotheload#kwh,BUNDOORA,0.0,-0.08180229,0.0017621235,0.0017099163,0.0
2025-07-23 05:00:00,solar.bun_carm1#realenergyintotheload#kwh,BUNDOORA,0.0,-0.052753597,0.0016039095,0.0015563897,0.0
2025-07-23 06:00:00,solar.bun_carm1#realenergyintotheload#kwh,BUNDOORA,0.0,0.0035661012,0.0016039095,0.0015563897,0.0
2025-07-23 07:00:00,solar.bun_carm1#realenergyintotheload#kwh,BUNDOORA,0.0,0.0066711763,0.0016039095,0.0015563897,0.0
2025-07-23 08:00:00,solar.bun_carm1#realenergyintotheload#kwh,BUNDOORA,0.0,0.07697139,1.2878681,1.2497119,21.0
2025-07-23 09:00:00,solar.bun_carm1#realenergyintotheload#kwh,BUNDOORA,0.0,4.594562,12.437769,12.069269,168.0
2025-07-23 10:00:00,solar.bun_carm1#realenergyintotheload#kwh,BUNDOORA,0.0,19.17726,22.4949,21.828432,295.0
2025-07-23 11:00:00,solar.bun_carm1#realenergyintotheload#kwh,BUNDOORA,0.0,26.717386,32.450985,31.489544,428.0
2025-07-23 12:00:00,solar.bun_carm1#realenergyintotheload#kwh,BUNDOORA,0.0,20.401468,20.859768,20.241745,263.0
2025-07-23 13:00:00,solar.bun_carm1#realenergyintotheload#kwh,BUNDOORA,0.0,18.909763,21.256617,20.626837,270.0
2025-07-23 14:00:00,solar.bun_carm1#realenergyintotheload#kwh,BUNDOORA,0.0,16.84257,12.707721,12.331223,158.0
2025-07-23 15:00:00,solar.bun_carm1#realenergyintotheload#kwh,BUNDOORA,0.0,13.471528,16.7331,16.23734,204.0
2025-07-23 16:00:00,solar.bun_carm1#realenergyintotheload#kwh,BUNDOORA,0.0,7.1999674,9.721888,9.433852,131.0
2025-07-23 17:00:00,solar.bun_carm1#realenergyintotheload#kwh,BUNDOORA,0.0,1.9192673,3.4946306,3.3910935,48.0
2025-07-23 18:00:00,solar.bun_carm1#realenergyintotheload#kwh,BUNDOORA,0.0,0.6250411,0.0018930198,0.0018369344,0.0
2025-07-23 19:00:00,solar.bun_carm1#realenergyintotheload#kwh,BUNDOORA,0.0,0.00085499935,0.0010645466,0.0010330068,0.0
2025-07-23 20:00:00,solar.bun_carm1#realenergyintotheload#kwh,BUNDOORA,0.0,-0.015788069,0.0013604376,0.0013201312,0.0
2025-07-23 21:00:00,solar.bun_carm1#realenergyintotheload#kwh,BUNDOORA,0.0,-0.020571455,0.0013604376,0.0013201312,0.0
2025-07-23 22:00:00,solar.bun_carm1#realenergyintotheload#kwh,BUNDOORA,0.0,0.008323277,0.0013604376,0.0013201312,0.0
2025-07-23 23:00:00,solar.bun_carm1#realenergyintotheload#kwh,BUNDOORA,0.0,0.0036902528,0.0013604376,0.0013201312,0.0
2025-07-24 00:00:00,solar.bun_carm1#realenergyintotheload#kwh,BUNDOORA,0.0,0.0004789909,0.0014274743,0.0013851818,0.0
2025-07-24 01:00:00,solar.bun_carm1#realenergyintotheload#kwh,BUNDOORA,0.0,-0.018793287,0.0013604376,0.0013201312,0.0
2025-07-24 02:00:00,solar.bun_carm1#realenergyintotheload#kwh,BUNDOORA,0.0,-0.020293703,0.0013604376,0.0013201312,0.0
2025-07-24 03:00:00,solar.bun_carm1#realenergyintotheload#kwh,BUNDOORA,0.0,-0.02123093,0.0013604376,0.0013201312,0.0
2025-07-24 04:00:00,solar.bun_carm1#realenergyintotheload#kwh,BUNDOORA,0.0,-0.021570591,0.0013604376,0.0013201312,0.0
2025-07-24 05:00:00,solar.bun_carm1#realenergyintotheload#kwh,BUNDOORA,0.0,-0.021570591,0.0013604376,0.0013201312,0.0
2025-07-24 06:00:00,solar.bun_carm1#realenergyintotheload#kwh,BUNDOORA,0.0,-0.016738512,0.0013604376,0.0013201312,0.0
2025-07-24 07:00:00,solar.bun_carm1#realenergyintotheload#kwh,BUNDOORA,0.0,-0.011303536,0.0013604376,0.0013201312,0.0
2025-07-24 08:00:00,solar.bun_carm1#realenergyintotheload#kwh,BUNDOORA,0.0,-0.014488566,1.4559761,1.4128392,22.0
2025-07-24 09:00:00,solar.bun_carm1#realenergyintotheload#kwh,BUNDOORA,0.0,2.4425046,12.539183,12.167678,171.0
2025-07-24 10:00:00,solar.bun_carm1#realenergyintotheload#kwh,BUNDOORA,0.0,12.616561,24.66633,23.935528,323.0
2025-07-24 11:00:00,solar.bun_carm1#realenergyintotheload#kwh,BUNDOORA,0.0,25.517075,33.487804,32.495644,438.0
2025-07-24 12:00:00,solar.bun_carm1#realenergyintotheload#kwh,BUNDOORA,0.0,35.138676,38.23476,37.10196,504.0
2025-07-24 13:00:00,solar.bun_carm1#realenergyintotheload#kwh,BUNDOORA,0.0,35.85258,38.313953,37.178806,514.0
2025-07-24 14:00:00,solar.bun_carm1#realenergyintotheload#kwh,BUNDOORA,0.0,32.56145,35.320553,34.274094,464.0
2025-07-24 15:00:00,solar.bun_carm1#realenergyintotheload#kwh,BUNDOORA,0.0,28.963219,26.564491,25.777452,356.0
2025-07-24 16:00:00,solar.bun_carm1#realenergyintotheload#kwh,BUNDOORA,0.0,18.232018,17.35911,16.844803,232.0
2025-07-24 17:00:00,solar.bun_carm1#realenergyintotheload#kwh,BUNDOORA,0.0,6.4749975,5.004271,4.856007,67.0
2025-07-24 18:00:00,solar.bun_carm1#realenergyintotheload#kwh,BUNDOORA,0.0,0.95223874,0.002615448,0.0025379588,0.0
2025-07-24 19:00:00,solar.bun_carm1#realenergyintotheload#kwh,BUNDOORA,0.0,0.039919052,0.0014274743,0.0013851818,0.0
2025-07-24 20:00:00,solar.bun_carm1#realenergyintotheload#kwh,BUNDOORA,0.0,-0.020582246,0.0013553442,0.0013151887,0.0
2025-07-24 21:00:00,solar.bun_carm1#realenergyintotheload#kwh,BUNDOORA,0.0,-0.018258533,0.0013207269,0.0012815971,0.0
2025-07-24 22:00:00,solar.bun_carm1#realenergyintotheload#kwh,BUNDOORA,0.0,-0.020088624,0.0013553442,0.0013151887,0.0
2025-07-24 23:00:00,solar.bun_carm1#realenergyintotheload#kwh,BUNDOORA,0.0,-0.019488312,0.0013553442,0.0013151887,0.0
2025-07-25 00:00:00,solar.bun_carm1#realenergyintotheload#kwh,BUNDOORA,0.0,-0.016564637,0.0013553442,0.0013151887,0.0
2025-07-25 01:00:00,solar.bun_carm1#realenergyintotheload#kwh,BUNDOORA,0.0,0.033620223,0.0016709461,0.0016214402,0.0
2025-07-25 02:00:00,solar.bun_carm1#realenergyintotheload#kwh,BUNDOORA,0.0,0.033007152,0.0016709461,0.0016214402,0.0
2025-07-25 03:00:00,solar.bun_carm1#realenergyintotheload#kwh,BUNDOORA,0.0,0.019094076,0.0016709461,0.0016214402,0.0
2025-07-25 04:00:00,solar.bun_carm1#realenergyintotheload#kwh,BUNDOORA,0.0,0.032727465,0.00091408606,0.00088700396,0.0
2025-07-25 05:00:00,solar.bun_carm1#realenergyintotheload#kwh,BUNDOORA,0.0,0.03232597,0.00091408606,0.00088700396,0.0
2025-07-25 06:00:00,solar.bun_carm1#realenergyintotheload#kwh,BUNDOORA,0.0,0.008827601,0.00066552084,0.0006458031,0.0
2025-07-25 07:00:00,solar.bun_carm1#realenergyintotheload#kwh,BUNDOORA,0.0,0.10892061,0.0010208101,0.0009905661,0.0
2025-07-25 08:00:00,solar.bun_carm1#realenergyintotheload#kwh,BUNDOORA,0.0,0.55123705,0.6363742,0.61752,13.0
2025-07-25 09:00:00,solar.bun_carm1#realenergyintotheload#kwh,BUNDOORA,0.0,5.7051277,5.4575434,5.29585,75.0
2025-07-25 10:00:00,solar.bun_carm1#realenergyintotheload#kwh,BUNDOORA,0.0,9.664027,14.573008,14.141246,183.0
2025-07-25 11:00:00,solar.bun_carm1#realenergyintotheload#kwh,BUNDOORA,0.0,13.935897,11.560768,11.218251,150.0
2025-07-25 12:00:00,solar.bun_carm1#realenergyintotheload#kwh,BUNDOORA,0.0,14.205559,9.664885,9.378538,126.0
2025-07-25 13:00:00,solar.bun_carm1#realenergyintotheload#kwh,BUNDOORA,0.0,9.073684,7.1905084,6.9774714,96.0
2025-07-25 14:00:00,solar.bun_carm1#realenergyintotheload#kwh,BUNDOORA,0.0,10.6429,7.8787694,7.645341,102.0
2025-07-25 15:00:00,solar.bun_carm1#realenergyintotheload#kwh,BUNDOORA,0.0,15.4957075,10.1442,9.843653,129.0
2025-07-25 16:00:00,solar.bun_carm1#realenergyintotheload#kwh,BUNDOORA,0.0,7.0240607,4.491493,4.3584213,60.0
2025-07-25 17:00:00,solar.bun_carm1#realenergyintotheload#kwh,BUNDOORA,0.0,2.895281,0.9080446,0.8811415,16.0
2025-07-25 18:00:00,solar.bun_carm1#realenergyintotheload#kwh,BUNDOORA,0.0,0.437057,0.0035257905,0.0034213301,0.0
2025-07-25 19:00:00,solar.bun_carm1#realenergyintotheload#kwh,BUNDOORA,0.0,-0.0006679073,0.0028161213,0.0027326867,0.0
2025-07-25 20:00:00,solar.bun_carm1#realenergyintotheload#kwh,BUNDOORA,0.0,-0.040703364,0.0023948073,0.0023238552,0.0
2025-07-25 21:00:00,solar.bun_carm1#realenergyintotheload#kwh,BUNDOORA,0.0,-0.04119698,0.0023948073,0.0023238552,0.0
2025-07-25 22:00:00,solar.bun_carm1#realenergyintotheload#kwh,BUNDOORA,0.0,-0.021159938,0.0025174741,0.0024428878,0.0
2025-07-25 23:00:00,solar.bun_carm1#realenergyintotheload#kwh,BUNDOORA,0.0,0.07115775,0.0027536284,0.0026720453,0.0
2025-07-26 00:00:00,solar.bun_carm1#realenergyintotheload#kwh,BUNDOORA,0.0,0.036635406,0.0027536284,0.0026720453,0.0
2025-07-26 01:00:00,solar.bun_carm1#realenergyintotheload#kwh,BUNDOORA,0.0,0.0144863175,0.003044943,0.0029547291,0.0
2025-07-26 02:00:00,solar.bun_carm1#realenergyintotheload#kwh,BUNDOORA,0.0,-0.00984537,0.003044943,0.0029547291,0.0
2025-07-26 03:00:00,solar.bun_carm1#realenergyintotheload#kwh,BUNDOORA,0.0,0.03251439,-0.0061487635,0.0,0.0
2025-07-26 04:00:00,solar.bun_carm1#realenergyintotheload#kwh,BUNDOORA,0.0,0.031986125,-0.0061487635,0.0,0.0
2025-07-26 05:00:00,solar.bun_carm1#realenergyintotheload#kwh,BUNDOORA,0.0,-0.029309252,-0.0053919037,0.0,0.0
2025-07-26 06:00:00,solar.bun_carm1#realenergyintotheload#kwh,BUNDOORA,0.0,-0.016546218,0.0028478412,0.002763467,0.0
2025-07-26 07:00:00,solar.bun_carm1#realenergyintotheload#kwh,BUNDOORA,0.0,0.24470049,0.0027020646,0.0026220093,0.0
2025-07-26 08:00:00,solar.bun_carm1#realenergyintotheload#kwh,BUNDOORA,0.0,0.3360124,0.4408074,0.42774737,10.0
2025-07-26 09:00:00,solar.bun_carm1#realenergyintotheload#kwh,BUNDOORA,0.0,3.8798563,4.095594,3.9742517,57.0
2025-07-26 10:00:00,solar.bun_carm1#realenergyintotheload#kwh,BUNDOORA,0.0,9.826871,10.725734,10.407957,138.0
2025-07-26 11:00:00,solar.bun_carm1#realenergyintotheload#kwh,BUNDOORA,0.0,11.195768,11.002395,10.676421,142.0
2025-07-26 12:00:00,solar.bun_carm1#realenergyintotheload#kwh,BUNDOORA,0.0,9.101848,8.401449,8.152535,110.0
2025-07-26 13:00:00,solar.bun_carm1#realenergyintotheload#kwh,BUNDOORA,0.0,15.829881,16.043674,15.56834,201.0
2025-07-26 14:00:00,solar.bun_carm1#realenergyintotheload#kwh,BUNDOORA,0.0,10.271049,7.390641,7.171675,98.0
2025-07-26 15:00:00,solar.bun_carm1#realenergyintotheload#kwh,BUNDOORA,0.0,8.273283,6.786575,6.5855055,92.0
2025-07-26 16:00:00,solar.bun_carm1#realenergyintotheload#kwh,BUNDOORA,0.0,4.0813684,4.437435,4.305965,60.0
2025-07-26 17:00:00,solar.bun_carm1#realenergyintotheload#kwh,BUNDOORA,0.0,1.6792037,1.1274577,1.094054,19.0
2025-07-26 18:00:00,solar.bun_carm1#realenergyintotheload#kwh,BUNDOORA,0.0,0.5785053,0.0020566043,0.0019956722,0.0
2025-07-26 19:00:00,solar.bun_carm1#realenergyintotheload#kwh,BUNDOORA,0.0,-0.012664808,0.002335186,0.0022660005,0.0
2025-07-26 20:00:00,solar.bun_carm1#realenergyintotheload#kwh,BUNDOORA,0.0,-0.035014294,0.0017966466,0.0017434164,0.0
2025-07-26 21:00:00,solar.bun_carm1#realenergyintotheload#kwh,BUNDOORA,0.0,-0.035014294,0.0017966466,0.0017434164,0.0
2025-07-26 22:00:00,solar.bun_carm1#realenergyintotheload#kwh,BUNDOORA,0.0,0.012918016,0.0023542808,0.0022845294,0.0
2025-07-26 23:00:00,solar.bun_carm1#realenergyintotheload#kwh,BUNDOORA,0.0,0.00085128564,0.0019174849,0.0018606746,0.0
2025-07-27 00:00:00,solar.bun_carm1#realenergyintotheload#kwh,BUNDOORA,0.0,0.0022962708,0.0020242091,0.0019642368,0.0
2025-07-27 01:00:00,solar.bun_carm1#realenergyintotheload#kwh,BUNDOORA,0.0,0.0019434597,0.0017756439,0.001723036,0.0
2025-07-27 02:00:00,solar.bun_carm1#realenergyintotheload#kwh,BUNDOORA,0.0,0.018729864,0.0028932362,0.0028075168,0.0
2025-07-27 03:00:00,solar.bun_carm1#realenergyintotheload#kwh,BUNDOORA,0.0,0.0030587171,0.0028932362,0.0028075168,0.0
2025-07-27 04:00:00,solar.bun_carm1#realenergyintotheload#kwh,BUNDOORA,0.0,0.0030587171,0.0027213786,0.002640751,0.0
2025-07-27 05:00:00,solar.bun_carm1#realenergyintotheload#kwh,BUNDOORA,0.0,-0.00112984,0.002762419,0.0026805755,0.0
2025-07-27 06:00:00,solar.bun_carm1#realenergyintotheload#kwh,BUNDOORA,0.0,-0.002507367,0.0016821693,0.0016323308,0.0
2025-07-27 07:00:00,solar.bun_carm1#realenergyintotheload#kwh,BUNDOORA,0.0,0.20003663,0.0019970322,0.0019378652,0.0
2025-07-27 08:00:00,solar.bun_carm1#realenergyintotheload#kwh,BUNDOORA,0.875,2.3955495,0.63355863,0.6147879,12.0
2025-07-27 09:00:00,solar.bun_carm1#realenergyintotheload#kwh,BUNDOORA,3.75,0.68809146,5.9432416,5.767158,81.0
2025-07-27 10:00:00,solar.bun_carm1#realenergyintotheload#kwh,BUNDOORA,5.1875,6.003549,12.637219,12.26281,164.0
2025-07-27 11:00:00,solar.bun_carm1#realenergyintotheload#kwh,BUNDOORA,12.125,16.565315,18.10619,17.569748,226.0
2025-07-27 12:00:00,solar.bun_carm1#realenergyintotheload#kwh,BUNDOORA,23.75,33.99674,36.913807,35.820145,477.0
2025-07-27 13:00:00,solar.bun_carm1#realenergyintotheload#kwh,BUNDOORA,26.8125,20.62519,21.490517,20.853806,271.0
2025-07-27 14:00:00,solar.bun_carm1#realenergyintotheload#kwh,BUNDOORA,19.5,15.383049,18.878662,18.319334,236.0
2025-07-27 15:00:00,solar.bun_carm1#realenergyintotheload#kwh,BUNDOORA,12.0625,10.160212,9.830164,9.53892,128.0
2025-07-27 16:00:00,solar.bun_carm1#realenergyintotheload#kwh,BUNDOORA,7.5625,5.8046393,6.598134,6.402648,88.0
2025-07-27 17:00:00,solar.bun_carm1#realenergyintotheload#kwh,BUNDOORA,1.125,1.4632643,2.6787672,2.599402,36.0
2025-07-27 18:00:00,solar.bun_carm1#realenergyintotheload#kwh,BUNDOORA,0.0,0.7132866,0.002762419,0.0026805755,0.0
2025-07-27 19:00:00,solar.bun_carm1#realenergyintotheload#kwh,BUNDOORA,0.0,0.023930402,0.002762419,0.0026805755,0.0
2025-07-27 20:00:00,solar.bun_carm1#realenergyintotheload#kwh,BUNDOORA,0.0,-0.0021853356,0.002762419,0.0026805755,0.0
2025-07-27 21:00:00,solar.bun_carm1#realenergyintotheload#kwh,BUNDOORA,0.0,-0.0017292202,0.002762419,0.0026805755,0.0
2025-07-27 22:00:00,solar.bun_carm1#realenergyintotheload#kwh,BUNDOORA,0.0,-0.00831078,0.0027227083,0.0026420413,0.0
2025-07-27 23:00:00,solar.bun_carm1#realenergyintotheload#kwh,BUNDOORA,0.0,0.0023256345,0.0020400034,0.0019795632,0.0
2025-07-28 00:00:00,solar.bun_carm1#realenergyintotheload#kwh,BUNDOORA,0.0,0.0034347363,0.0020400034,0.0019795632,0.0
2025-07-28 01:00:00,solar.bun_carm1#realenergyintotheload#kwh,BUNDOORA,0.0,0.0021084296,0.0020400034,0.0019795632,0.0
2025-07-28 02:00:00,solar.bun_carm1#realenergyintotheload#kwh,BUNDOORA,0.0,0.017036058,0.0020400034,0.0019795632,0.0
2025-07-28 03:00:00,solar.bun_carm1#realenergyintotheload#kwh,BUNDOORA,0.0,0.0023256345,0.0020400034,0.0019795632,0.0
2025-07-28 04:00:00,solar.bun_carm1#realenergyintotheload#kwh,BUNDOORA,0.0,0.0047725635,0.0022885685,0.002220764,0.0
2025-07-28 05:00:00,solar.bun_carm1#realenergyintotheload#kwh,BUNDOORA,0.0,-0.015988339,0.0022885685,0.002220764,0.0
2025-07-28 06:00:00,solar.bun_carm1#realenergyintotheload#kwh,BUNDOORA,0.0,0.047634177,0.0022885685,0.002220764,0.0
2025-07-28 07:00:00,solar.bun_carm1#realenergyintotheload#kwh,BUNDOORA,0.0,0.57685256,0.0022885685,0.002220764,0.0
2025-07-28 08:00:00,solar.bun_carm1#realenergyintotheload#kwh,BUNDOORA,0.5,3.5166974,1.4604636,1.4171938,24.0
2025-07-28 09:00:00,solar.bun_carm1#realenergyintotheload#kwh,BUNDOORA,6.6875,9.01665,11.24276,10.909665,155.0
2025-07-28 10:00:00,solar.bun_carm1#realenergyintotheload#kwh,BUNDOORA,14.3125,13.948169,21.23288,20.603802,278.0
2025-07-28 11:00:00,solar.bun_carm1#realenergyintotheload#kwh,BUNDOORA,31.5625,15.513146,33.96957,32.963135,437.0
2025-07-28 12:00:00,solar.bun_carm1#realenergyintotheload#kwh,BUNDOORA,22.8125,23.046618,29.468922,28.59583,371.0
2025-07-28 13:00:00,solar.bun_carm1#realenergyintotheload#kwh,BUNDOORA,27.9375,23.518553,28.043413,27.212557,349.0
2025-07-28 14:00:00,solar.bun_carm1#realenergyintotheload#kwh,BUNDOORA,22.3125,20.618616,20.355423,19.752342,252.0
2025-07-28 15:00:00,solar.bun_carm1#realenergyintotheload#kwh,BUNDOORA,15.375,14.503344,17.70207,17.177603,224.0
2025-07-28 16:00:00,solar.bun_carm1#realenergyintotheload#kwh,BUNDOORA,11.625,8.198215,8.317986,8.071545,109.0
2025-07-28 17:00:00,solar.bun_carm1#realenergyintotheload#kwh,BUNDOORA,2.75,2.496208,3.2742271,3.1772199,43.0
2025-07-28 18:00:00,solar.bun_carm1#realenergyintotheload#kwh,BUNDOORA,0.375,1.3412206,0.0014223809,0.0013802393,0.0
2025-07-28 19:00:00,solar.bun_carm1#realenergyintotheload#kwh,BUNDOORA,0.0,0.045968384,0.0021447968,0.0020812517,0.0
2025-07-28 20:00:00,solar.bun_carm1#realenergyintotheload#kwh,BUNDOORA,0.0,0.019565247,0.0014274743,0.0013851818,0.0
2025-07-28 21:00:00,solar.bun_carm1#realenergyintotheload#kwh,BUNDOORA,0.0,0.0046376158,0.0021447968,0.0020812517,0.0
2025-07-28 22:00:00,solar.bun_carm1#realenergyintotheload#kwh,BUNDOORA,0.0,0.017062666,0.0014274743,0.0013851818,0.0
2025-07-28 23:00:00,solar.bun_carm1#realenergyintotheload#kwh,BUNDOORA,0.0,0.019713232,0.0014274743,0.0013851818,0.0
2025-07-29 00:00:00,solar.bun_carm1#realenergyintotheload#kwh,BUNDOORA,0.0,0.008056184,0.0014274743,0.0013851818,0.0
2025-07-29 01:00:00,solar.bun_carm1#realenergyintotheload#kwh,BUNDOORA,0.0,-0.025447479,0.0013604376,0.0013201312,0.0
2025-07-29 02:00:00,solar.bun_carm1#realenergyintotheload#kwh,BUNDOORA,0.0,-0.030230867,0.0013604376,0.0013201312,0.0
2025-07-29 03:00:00,solar.bun_carm1#realenergyintotheload#kwh,BUNDOORA,0.0,-0.031200128,0.0013604376,0.0013201312,0.0
2025-07-29 04:00:00,solar.bun_carm1#realenergyintotheload#kwh,BUNDOORA,0.0,-0.031200128,0.0013604376,0.0013201312,0.0
2025-07-29 05:00:00,solar.bun_carm1#realenergyintotheload#kwh,BUNDOORA,0.0,-0.031200128,0.0013604376,0.0013201312,0.0
2025-07-29 06:00:00,solar.bun_carm1#realenergyintotheload#kwh,BUNDOORA,0.0,0.0069227433,0.0014274743,0.0013851818,0.0
2025-07-29 07:00:00,solar.bun_carm1#realenergyintotheload#kwh,BUNDOORA,0.0,0.04596067,0.0013604376,0.0013201312,0.0
2025-07-29 08:00:00,solar.bun_carm1#realenergyintotheload#kwh,BUNDOORA,0.375,0.4092328,1.7766222,1.7239853,27.0
2025-07-29 09:00:00,solar.bun_carm1#realenergyintotheload#kwh,BUNDOORA,5.1875,1.5775396,11.814461,11.464428,164.0
2025-07-29 10:00:00,solar.bun_carm1#realenergyintotheload#kwh,BUNDOORA,22.9375,14.003068,23.02697,22.344738,303.0
2025-07-29 11:00:00,solar.bun_carm1#realenergyintotheload#kwh,BUNDOORA,24.375,25.124943,34.882294,33.84882,449.0
2025-07-29 12:00:00,solar.bun_carm1#realenergyintotheload#kwh,BUNDOORA,37.0,34.77614,36.75873,35.669662,471.0
2025-07-29 13:00:00,solar.bun_carm1#realenergyintotheload#kwh,BUNDOORA,16.6875,20.35211,15.587669,15.125846,198.0
2025-07-29 14:00:00,solar.bun_carm1#realenergyintotheload#kwh,BUNDOORA,31.25,33.06185,35.83918,34.777355,466.0
2025-07-29 15:00:00,solar.bun_carm1#realenergyintotheload#kwh,BUNDOORA,27.1875,20.220066,27.775932,26.953001,365.0
2025-07-29 16:00:00,solar.bun_carm1#realenergyintotheload#kwh,BUNDOORA,14.875,22.643541,18.082108,17.54638,245.0
2025-07-29 17:00:00,solar.bun_carm1#realenergyintotheload#kwh,BUNDOORA,3.6875,6.401917,6.0103593,5.8322873,79.0
2025-07-29 18:00:00,solar.bun_carm1#realenergyintotheload#kwh,BUNDOORA,0.1875,0.41255075,0.0014274743,0.0013851818,0.0
2025-07-29 19:00:00,solar.bun_carm1#realenergyintotheload#kwh,BUNDOORA,0.0,0.024293328,0.0014274743,0.0013851818,0.0
2025-07-29 20:00:00,solar.bun_carm1#realenergyintotheload#kwh,BUNDOORA,0.0,-0.0059340848,0.0010645466,0.0010330068,0.0
2025-07-29 21:00:00,solar.bun_carm1#realenergyintotheload#kwh,BUNDOORA,0.0,0.010518145,0.0014274743,0.0013851818,0.0
2025-07-29 22:00:00,solar.bun_carm1#realenergyintotheload#kwh,BUNDOORA,0.0,-0.0060762437,0.0010645466,0.0010330068,0.0
2025-07-29 23:00:00,solar.bun_carm1#realenergyintotheload#kwh,BUNDOORA,0.0,0.010375988,0.0014274743,0.0013851818,0.0
2025-07-30 00:00:00,solar.bun_carm1#realenergyintotheload#kwh,BUNDOORA,0.0,0.0061505726,0.0014274743,0.0013851818,0.0
2025-07-30 01:00:00,solar.bun_carm1#realenergyintotheload#kwh,BUNDOORA,0.0,-0.0027029186,0.0013604376,0.0013201312,0.0
2025-07-30 02:00:00,solar.bun_carm1#realenergyintotheload#kwh,BUNDOORA,0.0,0.00019457942,0.0013604376,0.0013201312,0.0
2025-07-30 03:00:00,solar.bun_carm1#realenergyintotheload#kwh,BUNDOORA,0.0,0.00019457942,0.0013604376,0.0013201312,0.0
2025-07-30 04:00:00,solar.bun_carm1#realenergyintotheload#kwh,BUNDOORA,0.0,-0.007801287,0.000916782,0.00088962005,0.0
2025-07-30 05:00:00,solar.bun_carm1#realenergyintotheload#kwh,BUNDOORA,0.0,0.005612109,0.0014274743,0.0013851818,0.0
2025-07-30 06:00:00,solar.bun_carm1#realenergyintotheload#kwh,BUNDOORA,0.0,0.005612109,0.0014274743,0.0013851818,0.0
2025-07-30 07:00:00,solar.bun_carm1#realenergyintotheload#kwh,BUNDOORA,0.0,0.016484782,0.0014274743,0.0013851818,0.0
2025-07-30 08:00:00,solar.bun_carm1#realenergyintotheload#kwh,BUNDOORA,0.0,0.2011942,1.9883147,1.9294059,29.0
2025-07-30 09:00:00,solar.bun_carm1#realenergyintotheload#kwh,BUNDOORA,0.0,2.000668,9.001183,8.7345,137.0
2025-07-30 10:00:00,solar.bun_carm1#realenergyintotheload#kwh,BUNDOORA,0.0,15.4021435,23.06187,22.378605,302.0
2025-07-30 11:00:00,solar.bun_carm1#realenergyintotheload#kwh,BUNDOORA,0.0,27.616943,35.819317,34.75808,461.0
2025-07-30 12:00:00,solar.bun_carm1#realenergyintotheload#kwh,BUNDOORA,0.0,21.274496,29.361427,28.491522,378.0
2025-07-30 13:00:00,solar.bun_carm1#realenergyintotheload#kwh,BUNDOORA,0.0,23.167042,30.565342,29.659767,394.0
2025-07-30 14:00:00,solar.bun_carm1#realenergyintotheload#kwh,BUNDOORA,0.0,22.099516,19.661535,19.079014,250.0
2025-07-30 15:00:00,solar.bun_carm1#realenergyintotheload#kwh,BUNDOORA,0.0,23.880621,25.067188,24.32451,327.0
2025-07-30 16:00:00,solar.bun_carm1#realenergyintotheload#kwh,BUNDOORA,0.0,14.260001,14.4981985,14.068653,197.0
2025-07-30 17:00:00,solar.bun_carm1#realenergyintotheload#kwh,BUNDOORA,0.0,4.2400208,5.562547,5.3977427,73.0
2025-07-30 18:00:00,solar.bun_carm1#realenergyintotheload#kwh,BUNDOORA,0.0,1.5125751,0.0018259832,0.0017718838,0.0
2025-07-30 19:00:00,solar.bun_carm1#realenergyintotheload#kwh,BUNDOORA,0.0,-0.015084033,0.0013604376,0.0013201312,0.0
2025-07-30 20:00:00,solar.bun_carm1#realenergyintotheload#kwh,BUNDOORA,0.0,0.014428881,0.0013604376,0.0013201312,0.0
2025-07-30 21:00:00,solar.bun_carm1#realenergyintotheload#kwh,BUNDOORA,0.0,-0.030230867,0.0013604376,0.0013201312,0.0
2025-07-30 22:00:00,solar.bun_carm1#realenergyintotheload#kwh,BUNDOORA,0.0,-0.031200128,0.0013604376,0.0013201312,0.0
2025-07-30 23:00:00,solar.bun_carm1#realenergyintotheload#kwh,BUNDOORA,0.0,-0.031200128,0.0013604376,0.0013201312,0.0
2025-07-31 00:00:00,solar.bun_carm1#realenergyintotheload#kwh,BUNDOORA,0.0,-0.031200128,0.0013604376,0.0013201312,0.0
2025-07-31 01:00:00,solar.bun_carm1#realenergyintotheload#kwh,BUNDOORA,0.0,-0.0301062,0.0013604376,0.0013201312,0.0
2025-07-31 02:00:00,solar.bun_carm1#realenergyintotheload#kwh,BUNDOORA,0.0,-0.0301062,0.0013604376,0.0013201312,0.0
2025-07-31 03:00:00,solar.bun_carm1#realenergyintotheload#kwh,BUNDOORA,0.0,-0.007598172,0.0013604376,0.0013201312,0.0
2025-07-31 04:00:00,solar.bun_carm1#realenergyintotheload#kwh,BUNDOORA,0.0,-0.021143677,0.0013604376,0.0013201312,0.0
2025-07-31 05:00:00,solar.bun_carm1#realenergyintotheload#kwh,BUNDOORA,0.0,-0.018453626,0.0013604376,0.0013201312,0.0
2025-07-31 06:00:00,solar.bun_carm1#realenergyintotheload#kwh,BUNDOORA,0.0,-0.02123093,0.0013604376,0.0013201312,0.0
2025-07-31 07:00:00,solar.bun_carm1#realenergyintotheload#kwh,BUNDOORA,0.0,0.0070703197,0.0013604376,0.0013201312,0.0
2025-07-31 08:00:00,solar.bun_carm1#realenergyintotheload#kwh,BUNDOORA,0.5,0.49948704,2.371697,2.3014295,33.0
2025-07-31 09:00:00,solar.bun_carm1#realenergyintotheload#kwh,BUNDOORA,7.0,1.8253367,13.85572,13.4452095,191.0
2025-07-31 10:00:00,solar.bun_carm1#realenergyintotheload#kwh,BUNDOORA,23.0625,18.35385,26.299,25.519827,347.0
2025-07-31 11:00:00,solar.bun_carm1#realenergyintotheload#kwh,BUNDOORA,36.875,25.116255,28.78675,27.933872,363.0
2025-07-31 12:00:00,solar.bun_carm1#realenergyintotheload#kwh,BUNDOORA,17.5625,18.740997,12.863015,12.481916,165.0
2025-07-31 13:00:00,solar.bun_carm1#realenergyintotheload#kwh,BUNDOORA,11.8125,11.0823965,8.274942,8.029777,108.0
2025-07-31 14:00:00,solar.bun_carm1#realenergyintotheload#kwh,BUNDOORA,22.8125,25.827295,24.665276,23.934505,314.0
2025-07-31 15:00:00,solar.bun_carm1#realenergyintotheload#kwh,BUNDOORA,27.5625,23.539568,25.955507,25.18651,345.0
2025-07-31 16:00:00,solar.bun_carm1#realenergyintotheload#kwh,BUNDOORA,10.0,9.97639,12.259878,11.896648,160.0
2025-07-31 17:00:00,solar.bun_carm1#realenergyintotheload#kwh,BUNDOORA,4.9375,2.5059407,0.019280089,0.018708868,3.0
2025-07-31 18:00:00,solar.bun_carm1#realenergyintotheload#kwh,BUNDOORA,0.25,1.4528564,0.0021447968,0.0020812517,0.0
2025-07-31 19:00:00,solar.bun_carm1#realenergyintotheload#kwh,BUNDOORA,0.0,0.03592156,0.0014274743,0.0013851818,0.0
2025-07-31 20:00:00,solar.bun_carm1#realenergyintotheload#kwh,BUNDOORA,0.0,0.020052893,0.0014274743,0.0013851818,0.0
2025-07-31 21:00:00,solar.bun_carm1#realenergyintotheload#kwh,BUNDOORA,0.0,-0.0025607583,0.0013604376,0.0013201312,0.0
2025-07-31 22:00:00,solar.bun_carm1#realenergyintotheload#kwh,BUNDOORA,0.0,0.0025013345,0.0013604376,0.0013201312,0.0
2025-07-31 23:00:00,solar.bun_carm1#realenergyintotheload#kwh,BUNDOORA,0.0,0.0035952616,0.0013604376,0.0013201312,0.0
2025-08-01 00:00:00,solar.bun_carm1#realenergyintotheload#kwh,BUNDOORA,0.0,-0.0055048354,0.0013604376,0.0013201312,0.0
2025-08-01 01:00:00,solar.bun_carm1#realenergyintotheload#kwh,BUNDOORA,0.0,-0.020293703,0.0013604376,0.0013201312,0.0
2025-08-01 02:00:00,solar.bun_carm1#realenergyintotheload#kwh,BUNDOORA,0.0,-0.020293703,0.0013604376,0.0013201312,0.0
2025-08-01 03:00:00,solar.bun_carm1#realenergyintotheload#kwh,BUNDOORA,0.0,-0.021143677,0.0013604376,0.0013201312,0.0
2025-08-01 04:00:00,solar.bun_carm1#realenergyintotheload#kwh,BUNDOORA,0.0,-0.021143677,0.0013604376,0.0013201312,0.0
2025-08-01 05:00:00,solar.bun_carm1#realenergyintotheload#kwh,BUNDOORA,0.0,-0.023450432,0.0013604376,0.0013201312,0.0
2025-08-01 06:00:00,solar.bun_carm1#realenergyintotheload#kwh,BUNDOORA,0.0,-0.023450432,0.0013604376,0.0013201312,0.0
2025-08-01 07:00:00,solar.bun_carm1#realenergyintotheload#kwh,BUNDOORA,0.0,0.013503942,0.0010645466,0.0010330068,0.0
2025-08-01 08:00:00,solar.bun_carm1#realenergyintotheload#kwh,BUNDOORA,0.6875,-0.04510748,1.780129,1.7273881,27.0
2025-08-01 09:00:00,solar.bun_carm1#realenergyintotheload#kwh,BUNDOORA,5.6875,2.8467982,7.3545613,7.136664,119.0
2025-08-01 10:00:00,solar.bun_carm1#realenergyintotheload#kwh,BUNDOORA,9.5625,9.141094,13.715693,13.309332,177.0
2025-08-01 11:00:00,solar.bun_carm1#realenergyintotheload#kwh,BUNDOORA,12.625,16.50452,16.761166,16.264574,210.0
2025-08-01 12:00:00,solar.bun_carm1#realenergyintotheload#kwh,BUNDOORA,25.75,22.304045,29.314116,28.445612,371.0
2025-08-01 13:00:00,solar.bun_carm1#realenergyintotheload#kwh,BUNDOORA,44.0,37.83127,41.175247,39.955326,536.0
2025-08-01 14:00:00,solar.bun_carm1#realenergyintotheload#kwh,BUNDOORA,40.0625,34.53432,36.921844,35.82794,488.0
2025-08-01 15:00:00,solar.bun_carm1#realenergyintotheload#kwh,BUNDOORA,30.3125,22.382294,28.94818,28.090517,378.0
2025-08-01 16:00:00,solar.bun_carm1#realenergyintotheload#kwh,BUNDOORA,15.1875,7.57651,11.213106,10.88089,147.0
2025-08-01 17:00:00,solar.bun_carm1#realenergyintotheload#kwh,BUNDOORA,4.5625,6.875771,4.9792323,4.83171,67.0
2025-08-01 18:00:00,solar.bun_carm1#realenergyintotheload#kwh,BUNDOORA,0.25,0.56050664,0.0010645466,0.0010330068,0.0
2025-08-01 19:00:00,solar.bun_carm1#realenergyintotheload#kwh,BUNDOORA,0.0,0.03324274,0.0014274743,0.0013851818,0.0
2025-08-01 20:00:00,solar.bun_carm1#realenergyintotheload#kwh,BUNDOORA,0.0,0.0061091436,0.0013604376,0.0013201312,0.0
2025-08-01 21:00:00,solar.bun_carm1#realenergyintotheload#kwh,BUNDOORA,0.0,0.0061091436,0.0013604376,0.0013201312,0.0
2025-08-01 22:00:00,solar.bun_carm1#realenergyintotheload#kwh,BUNDOORA,0.0,0.0066374093,0.0013604376,0.0013201312,0.0
2025-08-01 23:00:00,solar.bun_carm1#realenergyintotheload#kwh,BUNDOORA,0.0,0.010560443,0.0013604376,0.0013201312,0.0
2025-08-02 00:00:00,solar.bun_carm1#realenergyintotheload#kwh,BUNDOORA,0.0,-0.0069315378,0.000916782,0.00088962005,0.0
2025-08-02 01:00:00,solar.bun_carm1#realenergyintotheload#kwh,BUNDOORA,0.0,-0.0054172995,0.000916782,0.00088962005,0.0
2025-08-02 02:00:00,solar.bun_carm1#realenergyintotheload#kwh,BUNDOORA,0.0,-0.005913524,0.0011953638,0.0011599482,0.0
2025-08-02 03:00:00,solar.bun_carm1#realenergyintotheload#kwh,BUNDOORA,0.0,-0.009238292,0.000916782,0.00088962005,0.0
2025-08-02 04:00:00,solar.bun_carm1#realenergyintotheload#kwh,BUNDOORA,0.0,-0.009238292,0.0010645466,0.0010330068,0.0
2025-08-02 05:00:00,solar.bun_carm1#realenergyintotheload#kwh,BUNDOORA,0.0,-0.008179357,0.0010645466,0.0010330068,0.0
2025-08-02 06:00:00,solar.bun_carm1#realenergyintotheload#kwh,BUNDOORA,0.0,-0.0060762437,0.0010645466,0.0010330068,0.0
2025-08-02 07:00:00,solar.bun_carm1#realenergyintotheload#kwh,BUNDOORA,0.0,0.20754221,0.0011953638,0.0011599482,0.0
2025-08-02 08:00:00,solar.bun_carm1#realenergyintotheload#kwh,BUNDOORA,0.0,0.44899002,1.672604,1.6230489,25.0
2025-08-02 09:00:00,solar.bun_carm1#realenergyintotheload#kwh,BUNDOORA,0.0,2.4848428,8.407026,8.157948,127.0
2025-08-02 10:00:00,solar.bun_carm1#realenergyintotheload#kwh,BUNDOORA,0.0,13.980198,18.125645,17.588627,235.0
2025-08-02 11:00:00,solar.bun_carm1#realenergyintotheload#kwh,BUNDOORA,0.0,24.165482,31.436756,30.505363,402.0
2025-08-02 12:00:00,solar.bun_carm1#realenergyintotheload#kwh,BUNDOORA,0.0,36.213135,39.77176,38.593422,524.0
2025-08-02 13:00:00,solar.bun_carm1#realenergyintotheload#kwh,BUNDOORA,0.0,38.494408,41.194424,39.973934,538.0
2025-08-02 14:00:00,solar.bun_carm1#realenergyintotheload#kwh,BUNDOORA,0.0,36.097054,37.199562,36.09743,493.0
2025-08-02 15:00:00,solar.bun_carm1#realenergyintotheload#kwh,BUNDOORA,0.0,28.109125,30.1203,29.227911,395.0
2025-08-02 16:00:00,solar.bun_carm1#realenergyintotheload#kwh,BUNDOORA,0.0,24.813341,18.561455,18.011526,253.0
2025-08-02 17:00:00,solar.bun_carm1#realenergyintotheload#kwh,BUNDOORA,0.0,9.765305,6.7968526,6.595479,92.0
2025-08-02 18:00:00,solar.bun_carm1#realenergyintotheload#kwh,BUNDOORA,0.0,0.9650251,0.0013604376,0.0013201312,0.0
2025-08-02 19:00:00,solar.bun_carm1#realenergyintotheload#kwh,BUNDOORA,0.0,0.032945916,0.0014274743,0.0013851818,0.0
2025-08-02 20:00:00,solar.bun_carm1#realenergyintotheload#kwh,BUNDOORA,0.0,0.0066374093,0.0013604376,0.0013201312,0.0
2025-08-02 21:00:00,solar.bun_carm1#realenergyintotheload#kwh,BUNDOORA,0.0,0.006136425,0.0013604376,0.0013201312,0.0
2025-08-02 22:00:00,solar.bun_carm1#realenergyintotheload#kwh,BUNDOORA,0.0,0.0020051105,0.0013604376,0.0013201312,0.0
2025-08-02 23:00:00,solar.bun_carm1#realenergyintotheload#kwh,BUNDOORA,0.0,0.0012885062,0.0013604376,0.0013201312,0.0
2025-08-03 00:00:00,solar.bun_carm1#realenergyintotheload#kwh,BUNDOORA,0.0,0.0012885062,0.0013604376,0.0013201312,0.0
2025-08-03 01:00:00,solar.bun_carm1#realenergyintotheload#kwh,BUNDOORA,0.0,-0.023450432,0.0013604376,0.0013201312,0.0
2025-08-03 02:00:00,solar.bun_carm1#realenergyintotheload#kwh,BUNDOORA,0.0,-0.023450432,0.0013604376,0.0013201312,0.0
2025-08-03 03:00:00,solar.bun_carm1#realenergyintotheload#kwh,BUNDOORA,0.0,-0.023537686,0.0013604376,0.0013201312,0.0
2025-08-03 04:00:00,solar.bun_carm1#realenergyintotheload#kwh,BUNDOORA,0.0,-0.010655331,0.0013604376,0.0013201312,0.0
2025-08-03 05:00:00,solar.bun_carm1#realenergyintotheload#kwh,BUNDOORA,0.0,-0.02123093,0.0013604376,0.0013201312,0.0
2025-08-03 06:00:00,solar.bun_carm1#realenergyintotheload#kwh,BUNDOORA,0.0,-0.02123093,0.0013604376,0.0013201312,0.0
2025-08-03 07:00:00,solar.bun_carm1#realenergyintotheload#kwh,BUNDOORA,0.0,0.22362162,0.0013604376,0.0013201312,0.0
2025-08-03 08:00:00,solar.bun_carm1#realenergyintotheload#kwh,BUNDOORA,0.6875,0.0030553765,2.7878878,2.7052896,38.0
2025-08-03 09:00:00,solar.bun_carm1#realenergyintotheload#kwh,BUNDOORA,8.75,1.7156273,14.256585,13.834198,196.0
2025-08-03 10:00:00,solar.bun_carm1#realenergyintotheload#kwh,BUNDOORA,24.125,20.50053,27.360523,26.5499,358.0
2025-08-03 11:00:00,solar.bun_carm1#realenergyintotheload#kwh,BUNDOORA,37.0,33.099888,36.38156,35.303665,479.0
2025-08-03 12:00:00,solar.bun_carm1#realenergyintotheload#kwh,BUNDOORA,42.75,37.927914,40.056713,38.869934,549.0
2025-08-03 13:00:00,solar.bun_carm1#realenergyintotheload#kwh,BUNDOORA,43.1875,42.262386,41.991894,40.74778,561.0
2025-08-03 14:00:00,solar.bun_carm1#realenergyintotheload#kwh,BUNDOORA,41.75,37.52532,36.779316,35.689636,513.0
2025-08-03 15:00:00,solar.bun_carm1#realenergyintotheload#kwh,BUNDOORA,31.625,22.66477,30.579054,29.673073,411.0
2025-08-03 16:00:00,solar.bun_carm1#realenergyintotheload#kwh,BUNDOORA,16.1875,16.839956,19.365013,18.791277,265.0
2025-08-03 17:00:00,solar.bun_carm1#realenergyintotheload#kwh,BUNDOORA,3.75,7.0168676,7.249674,7.034884,100.0
2025-08-03 18:00:00,solar.bun_carm1#realenergyintotheload#kwh,BUNDOORA,0.3125,1.504422,0.0013791334,0.0013382732,0.0
2025-08-03 19:00:00,solar.bun_carm1#realenergyintotheload#kwh,BUNDOORA,0.0,0.022573836,0.0014274743,0.0013851818,0.0
2025-08-03 20:00:00,solar.bun_carm1#realenergyintotheload#kwh,BUNDOORA,0.0,0.013799279,0.0014274743,0.0013851818,0.0
2025-08-03 21:00:00,solar.bun_carm1#realenergyintotheload#kwh,BUNDOORA,0.0,0.014292895,0.0013604376,0.0013201312,0.0
2025-08-03 22:00:00,solar.bun_carm1#realenergyintotheload#kwh,BUNDOORA,0.0,-0.021171765,0.0013604376,0.0013201312,0.0
2025-08-03 23:00:00,solar.bun_carm1#realenergyintotheload#kwh,BUNDOORA,0.0,-0.021171765,0.0013604376,0.0013201312,0.0
2025-08-04 00:00:00,solar.bun_carm1#realenergyintotheload#kwh,BUNDOORA,0.0,0.01611783,0.0013604376,0.0013201312,0.0
2025-08-04 01:00:00,solar.bun_carm1#realenergyintotheload#kwh,BUNDOORA,0.0,0.008323277,0.0013604376,0.0013201312,0.0
2025-08-04 02:00:00,solar.bun_carm1#realenergyintotheload#kwh,BUNDOORA,0.0,-0.0019967444,0.0013482259,0.0013082813,0.0
2025-08-04 03:00:00,solar.bun_carm1#realenergyintotheload#kwh,BUNDOORA,0.0,0.025611427,0.00077224494,0.00074936525,0.0
2025-08-04 04:00:00,solar.bun_carm1#realenergyintotheload#kwh,BUNDOORA,0.0,0.014867853,0.0016709461,0.0016214402,0.0
2025-08-04 05:00:00,solar.bun_carm1#realenergyintotheload#kwh,BUNDOORA,0.0,0.016117122,0.0016709461,0.0016214402,0.0
2025-08-04 06:00:00,solar.bun_carm1#realenergyintotheload#kwh,BUNDOORA,0.0,0.024449449,0.0016709461,0.0016214402,0.0
2025-08-04 07:00:00,solar.bun_carm1#realenergyintotheload#kwh,BUNDOORA,0.0,1.0723373,0.0017621235,0.0017099163,0.0
2025-08-04 08:00:00,solar.bun_carm1#realenergyintotheload#kwh,BUNDOORA,0.625,5.2654443,2.9562066,2.8686216,42.0
2025-08-04 09:00:00,solar.bun_carm1#realenergyintotheload#kwh,BUNDOORA,7.3125,8.437332,12.676402,12.300832,166.0
2025-08-04 10:00:00,solar.bun_carm1#realenergyintotheload#kwh,BUNDOORA,16.5,20.624002,24.778864,24.044727,325.0
2025-08-04 11:00:00,solar.bun_carm1#realenergyintotheload#kwh,BUNDOORA,19.625,28.90886,26.295643,25.51657,332.0
2025-08-04 12:00:00,solar.bun_carm1#realenergyintotheload#kwh,BUNDOORA,22.3125,34.62927,32.42017,31.45964,418.0
2025-08-04 13:00:00,solar.bun_carm1#realenergyintotheload#kwh,BUNDOORA,21.125,20.512094,23.594292,22.895252,297.0
2025-08-04 14:00:00,solar.bun_carm1#realenergyintotheload#kwh,BUNDOORA,17.25,19.625578,16.199488,15.719538,209.0
2025-08-04 15:00:00,solar.bun_carm1#realenergyintotheload#kwh,BUNDOORA,12.625,13.464456,11.269925,10.936026,148.0
2025-08-04 16:00:00,solar.bun_carm1#realenergyintotheload#kwh,BUNDOORA,15.125,9.387351,12.992516,12.60758,171.0
2025-08-04 17:00:00,solar.bun_carm1#realenergyintotheload#kwh,BUNDOORA,3.6875,0.14475259,2.8821201,2.79673,42.0
2025-08-04 18:00:00,solar.bun_carm1#realenergyintotheload#kwh,BUNDOORA,0.8125,-0.044896282,0.0033737756,0.003273819,0.0
2025-08-04 19:00:00,solar.bun_carm1#realenergyintotheload#kwh,BUNDOORA,0.0,-0.22163844,0.0026169159,0.0025393832,0.0
2025-08-04 20:00:00,solar.bun_carm1#realenergyintotheload#kwh,BUNDOORA,0.0,0.015373926,0.0042809807,0.0041541457,0.0
2025-08-04 21:00:00,solar.bun_carm1#realenergyintotheload#kwh,BUNDOORA,0.0,-0.06420938,0.0042809807,0.0041541457,0.0
2025-08-04 22:00:00,solar.bun_carm1#realenergyintotheload#kwh,BUNDOORA,0.0,-0.105559304,0.004213944,0.0040890956,0.0
2025-08-04 23:00:00,solar.bun_carm1#realenergyintotheload#kwh,BUNDOORA,0.0,-0.0634715,0.0042809807,0.0041541457,0.0
2025-08-05 00:00:00,solar.bun_carm1#realenergyintotheload#kwh,BUNDOORA,0.0,-0.12342441,0.0042809807,0.0041541457,0.0
2025-08-05 01:00:00,solar.bun_carm1#realenergyintotheload#kwh,BUNDOORA,0.0,-0.05778084,0.0031741485,0.0030801063,0.0
2025-08-05 02:00:00,solar.bun_carm1#realenergyintotheload#kwh,BUNDOORA,0.0,-0.055611446,0.0020566043,0.0019956722,0.0
2025-08-05 03:00:00,solar.bun_carm1#realenergyintotheload#kwh,BUNDOORA,0.0,0.003803648,0.0015317085,0.0014863278,0.0
2025-08-05 04:00:00,solar.bun_carm1#realenergyintotheload#kwh,BUNDOORA,0.0,0.05716893,0.0022885685,0.002220764,0.0
2025-08-05 05:00:00,solar.bun_carm1#realenergyintotheload#kwh,BUNDOORA,0.0,0.012155211,0.0016709461,0.0016214402,0.0
2025-08-05 06:00:00,solar.bun_carm1#realenergyintotheload#kwh,BUNDOORA,0.0,0.007053814,0.0016039095,0.0015563897,0.0
2025-08-05 07:00:00,solar.bun_carm1#realenergyintotheload#kwh,BUNDOORA,0.0,0.38934016,0.0016039095,0.0015563897,0.0
2025-08-05 08:00:00,solar.bun_carm1#realenergyintotheload#kwh,BUNDOORA,0.5,2.2737546,3.3646266,3.2649412,44.0
2025-08-05 09:00:00,solar.bun_carm1#realenergyintotheload#kwh,BUNDOORA,7.9375,8.73913,15.234464,14.783105,206.0
2025-08-05 10:00:00,solar.bun_carm1#realenergyintotheload#kwh,BUNDOORA,24.5625,27.577093,27.20889,26.40276,361.0
2025-08-05 11:00:00,solar.bun_carm1#realenergyintotheload#kwh,BUNDOORA,37.0,35.890224,37.01978,35.922977,481.0
2025-08-05 12:00:00,solar.bun_carm1#realenergyintotheload#kwh,BUNDOORA,35.625,27.806065,34.91038,33.876076,445.0
2025-08-05 13:00:00,solar.bun_carm1#realenergyintotheload#kwh,BUNDOORA,24.875,27.528656,30.057661,29.167128,385.0
2025-08-05 14:00:00,solar.bun_carm1#realenergyintotheload#kwh,BUNDOORA,30.1875,20.515785,23.148542,22.46271,291.0
2025-08-05 15:00:00,solar.bun_carm1#realenergyintotheload#kwh,BUNDOORA,13.6875,11.951156,14.085803,13.668476,177.0
2025-08-05 16:00:00,solar.bun_carm1#realenergyintotheload#kwh,BUNDOORA,15.25,10.085589,14.365627,13.94001,187.0
2025-08-05 17:00:00,solar.bun_carm1#realenergyintotheload#kwh,BUNDOORA,7.1875,5.8105226,7.716928,7.4882946,102.0
2025-08-05 18:00:00,solar.bun_carm1#realenergyintotheload#kwh,BUNDOORA,0.375,1.0656892,0.0013791334,0.0013382732,0.0
2025-08-05 19:00:00,solar.bun_carm1#realenergyintotheload#kwh,BUNDOORA,0.0,0.067670815,0.0018930198,0.0018369344,0.0
2025-08-05 20:00:00,solar.bun_carm1#realenergyintotheload#kwh,BUNDOORA,0.0,0.03533668,0.0016709461,0.0016214402,0.0
2025-08-05 21:00:00,solar.bun_carm1#realenergyintotheload#kwh,BUNDOORA,0.0,0.01362643,0.0016039095,0.0015563897,0.0
2025-08-05 22:00:00,solar.bun_carm1#realenergyintotheload#kwh,BUNDOORA,0.0,0.014569161,0.0016039095,0.0015563897,0.0
2025-08-05 23:00:00,solar.bun_carm1#realenergyintotheload#kwh,BUNDOORA,0.0,-0.14892349,0.0016039095,0.0015563897,0.0
2025-08-06 00:00:00,solar.bun_carm1#realenergyintotheload#kwh,BUNDOORA,0.0,-0.14767422,0.0016039095,0.0015563897,0.0
2025-08-06 01:00:00,solar.bun_carm1#realenergyintotheload#kwh,BUNDOORA,0.0,0.0025515873,0.0016039095,0.0015563897,0.0
2025-08-06 02:00:00,solar.bun_carm1#realenergyintotheload#kwh,BUNDOORA,0.0,-0.0032010619,0.0016039095,0.0015563897,0.0
2025-08-06 03:00:00,solar.bun_carm1#realenergyintotheload#kwh,BUNDOORA,0.0,-0.023163827,0.0016039095,0.0015563897,0.0
2025-08-06 04:00:00,solar.bun_carm1#realenergyintotheload#kwh,BUNDOORA,0.0,0.014429919,0.0016709461,0.0016214402,0.0
2025-08-06 05:00:00,solar.bun_carm1#realenergyintotheload#kwh,BUNDOORA,0.0,0.07680317,0.00091408606,0.00088700396,0.0
2025-08-06 06:00:00,solar.bun_carm1#realenergyintotheload#kwh,BUNDOORA,0.0,0.07845825,0.00091408606,0.00088700396,0.0
2025-08-06 07:00:00,solar.bun_carm1#realenergyintotheload#kwh,BUNDOORA,0.0,0.8144759,0.0016709461,0.0016214402,0.0
2025-08-06 08:00:00,solar.bun_carm1#realenergyintotheload#kwh,BUNDOORA,0.0,2.074819,1.4605684,1.4172955,23.0
2025-08-06 09:00:00,solar.bun_carm1#realenergyintotheload#kwh,BUNDOORA,0.0,2.4810193,7.937355,7.702191,108.0
2025-08-06 10:00:00,solar.bun_carm1#realenergyintotheload#kwh,BUNDOORA,0.0,10.079057,24.830622,24.094952,328.0
2025-08-06 11:00:00,solar.bun_carm1#realenergyintotheload#kwh,BUNDOORA,0.0,37.973103,37.17683,36.075375,484.0
2025-08-06 12:00:00,solar.bun_carm1#realenergyintotheload#kwh,BUNDOORA,0.0,34.430866,39.554806,38.382896,513.0
2025-08-06 13:00:00,solar.bun_carm1#realenergyintotheload#kwh,BUNDOORA,0.0,25.234402,27.20995,26.403788,342.0
2025-08-06 14:00:00,solar.bun_carm1#realenergyintotheload#kwh,BUNDOORA,0.0,16.856142,23.555319,22.857433,297.0
2025-08-06 15:00:00,solar.bun_carm1#realenergyintotheload#kwh,BUNDOORA,0.0,7.751032,6.669319,6.471724,87.0
2025-08-06 16:00:00,solar.bun_carm1#realenergyintotheload#kwh,BUNDOORA,0.0,10.80971,13.417121,13.019605,179.0
2025-08-06 17:00:00,solar.bun_carm1#realenergyintotheload#kwh,BUNDOORA,0.0,2.838558,3.4823155,3.3791432,47.0
2025-08-06 18:00:00,solar.bun_carm1#realenergyintotheload#kwh,BUNDOORA,0.0,0.5652535,0.0014274743,0.0013851818,0.0
2025-08-06 19:00:00,solar.bun_carm1#realenergyintotheload#kwh,BUNDOORA,0.0,0.01626666,0.0010645466,0.0010330068,0.0
2025-08-06 20:00:00,solar.bun_carm1#realenergyintotheload#kwh,BUNDOORA,0.0,0.021447327,0.0014274743,0.0013851818,0.0
2025-08-06 21:00:00,solar.bun_carm1#realenergyintotheload#kwh,BUNDOORA,0.0,0.0064424705,0.0010645466,0.0010330068,0.0
2025-08-06 22:00:00,solar.bun_carm1#realenergyintotheload#kwh,BUNDOORA,0.0,0.002525982,0.0010645466,0.0010330068,0.0
2025-08-06 23:00:00,solar.bun_carm1#realenergyintotheload#kwh,BUNDOORA,0.0,0.02048295,0.0014274743,0.0013851818,0.0
2025-08-07 00:00:00,solar.bun_carm1#realenergyintotheload#kwh,BUNDOORA,0.0,0.00841248,0.0014274743,0.0013851818,0.0
2025-08-07 01:00:00,solar.bun_carm1#realenergyintotheload#kwh,BUNDOORA,0.0,-0.007598172,0.0013604376,0.0013201312,0.0
2025-08-07 02:00:00,solar.bun_carm1#realenergyintotheload#kwh,BUNDOORA,0.0,-0.021143677,0.0013604376,0.0013201312,0.0
2025-08-07 03:00:00,solar.bun_carm1#realenergyintotheload#kwh,BUNDOORA,0.0,-0.018540882,0.0013604376,0.0013201312,0.0
2025-08-07 04:00:00,solar.bun_carm1#realenergyintotheload#kwh,BUNDOORA,0.0,-0.011696183,0.0013604376,0.0013201312,0.0
2025-08-07 05:00:00,solar.bun_carm1#realenergyintotheload#kwh,BUNDOORA,0.0,-0.012192407,0.0013604376,0.0013201312,0.0
2025-08-07 06:00:00,solar.bun_carm1#realenergyintotheload#kwh,BUNDOORA,0.0,-0.003146671,0.0013604376,0.0013201312,0.0
2025-08-07 07:00:00,solar.bun_carm1#realenergyintotheload#kwh,BUNDOORA,0.0,0.17571796,0.0013604376,0.0013201312,0.0
2025-08-07 08:00:00,solar.bun_carm1#realenergyintotheload#kwh,BUNDOORA,1.0625,0.7859454,3.3719559,3.2720532,43.0
2025-08-07 09:00:00,solar.bun_carm1#realenergyintotheload#kwh,BUNDOORA,6.75,5.791638,10.782612,10.46315,148.0
2025-08-07 10:00:00,solar.bun_carm1#realenergyintotheload#kwh,BUNDOORA,16.6875,19.350454,23.525246,22.82825,298.0
2025-08-07 11:00:00,solar.bun_carm1#realenergyintotheload#kwh,BUNDOORA,23.125,27.844604,25.739117,24.97653,328.0
2025-08-07 12:00:00,solar.bun_carm1#realenergyintotheload#kwh,BUNDOORA,25.9375,27.311611,22.027367,21.37475,275.0
2025-08-07 13:00:00,solar.bun_carm1#realenergyintotheload#kwh,BUNDOORA,23.4375,26.86791,20.234055,19.63457,251.0
2025-08-07 14:00:00,solar.bun_carm1#realenergyintotheload#kwh,BUNDOORA,21.375,18.655651,16.521656,16.03216,213.0
2025-08-07 15:00:00,solar.bun_carm1#realenergyintotheload#kwh,BUNDOORA,18.75,25.73193,19.623697,19.042295,248.0
2025-08-07 16:00:00,solar.bun_carm1#realenergyintotheload#kwh,BUNDOORA,17.75,19.035328,16.957115,16.454718,231.0
2025-08-07 17:00:00,solar.bun_carm1#realenergyintotheload#kwh,BUNDOORA,6.125,5.815601,6.0760603,5.896042,80.0
2025-08-07 18:00:00,solar.bun_carm1#realenergyintotheload#kwh,BUNDOORA,0.125,1.5290656,0.0014274743,0.0013851818,0.0
2025-08-07 19:00:00,solar.bun_carm1#realenergyintotheload#kwh,BUNDOORA,0.0,0.033368327,0.0014274743,0.0013851818,0.0
2025-08-07 20:00:00,solar.bun_carm1#realenergyintotheload#kwh,BUNDOORA,0.0,0.02048295,0.0014274743,0.0013851818,0.0
2025-08-07 21:00:00,solar.bun_carm1#realenergyintotheload#kwh,BUNDOORA,0.0,0.017947225,0.0014274743,0.0013851818,0.0
2025-08-07 22:00:00,solar.bun_carm1#realenergyintotheload#kwh,BUNDOORA,0.0,0.015963875,0.0014274743,0.0013851818,0.0
2025-08-07 23:00:00,solar.bun_carm1#realenergyintotheload#kwh,BUNDOORA,0.0,0.015952578,0.0013604376,0.0013201312,0.0
2025-08-08 00:00:00,solar.bun_carm1#realenergyintotheload#kwh,BUNDOORA,0.0,0.004122371,0.0014274743,0.0013851818,0.0
2025-08-08 01:00:00,solar.bun_carm1#realenergyintotheload#kwh,BUNDOORA,0.0,0.00019457942,0.0013604376,0.0013201312,0.0
2025-08-08 02:00:00,solar.bun_carm1#realenergyintotheload#kwh,BUNDOORA,0.0,0.00019457942,0.0013604376,0.0013201312,0.0
2025-08-08 03:00:00,solar.bun_carm1#realenergyintotheload#kwh,BUNDOORA,0.0,0.001163844,0.0013604376,0.0013201312,0.0
2025-08-08 04:00:00,solar.bun_carm1#realenergyintotheload#kwh,BUNDOORA,0.0,0.0064017093,0.0013604376,0.0013201312,0.0
2025-08-08 05:00:00,solar.bun_carm1#realenergyintotheload#kwh,BUNDOORA,0.0,0.0043258946,0.0013604376,0.0013201312,0.0
2025-08-08 06:00:00,solar.bun_carm1#realenergyintotheload#kwh,BUNDOORA,0.0,0.009109283,0.0013604376,0.0013201312,0.0
2025-08-08 07:00:00,solar.bun_carm1#realenergyintotheload#kwh,BUNDOORA,0.0,0.23841515,0.0013604376,0.0013201312,0.0
2025-08-08 08:00:00,solar.bun_carm1#realenergyintotheload#kwh,BUNDOORA,0.5625,0.04392503,2.775563,2.69333,36.0
2025-08-08 09:00:00,solar.bun_carm1#realenergyintotheload#kwh,BUNDOORA,8.5,2.284392,14.052722,13.636374,193.0
2025-08-08 10:00:00,solar.bun_carm1#realenergyintotheload#kwh,BUNDOORA,16.9375,14.391295,19.434752,18.858948,248.0
2025-08-08 11:00:00,solar.bun_carm1#realenergyintotheload#kwh,BUNDOORA,19.5625,27.807682,26.989857,26.190214,339.0
2025-08-08 12:00:00,solar.bun_carm1#realenergyintotheload#kwh,BUNDOORA,34.3125,31.413837,36.536434,35.453953,469.0
2025-08-08 13:00:00,solar.bun_carm1#realenergyintotheload#kwh,BUNDOORA,31.6875,23.28006,30.874186,29.959461,393.0
2025-08-08 14:00:00,solar.bun_carm1#realenergyintotheload#kwh,BUNDOORA,38.25,31.494858,33.635105,32.63858,439.0
2025-08-08 15:00:00,solar.bun_carm1#realenergyintotheload#kwh,BUNDOORA,26.6875,28.701235,26.149446,25.374704,332.0
2025-08-08 16:00:00,solar.bun_carm1#realenergyintotheload#kwh,BUNDOORA,18.1875,16.778734,16.972727,16.469868,230.0
2025-08-08 17:00:00,solar.bun_carm1#realenergyintotheload#kwh,BUNDOORA,4.9375,6.259972,6.672644,6.4749503,91.0
2025-08-08 18:00:00,solar.bun_carm1#realenergyintotheload#kwh,BUNDOORA,0.4375,1.0435561,0.0026146544,0.0025371886,0.0
2025-08-08 19:00:00,solar.bun_carm1#realenergyintotheload#kwh,BUNDOORA,0.0,-0.0073031085,0.0019780602,0.0019194552,0.0
2025-08-08 20:00:00,solar.bun_carm1#realenergyintotheload#kwh,BUNDOORA,0.0,-0.008903124,0.0019780602,0.0019194552,0.0
2025-08-08 21:00:00,solar.bun_carm1#realenergyintotheload#kwh,BUNDOORA,0.0,-0.010903136,0.0013604376,0.0013201312,0.0
2025-08-08 22:00:00,solar.bun_carm1#realenergyintotheload#kwh,BUNDOORA,0.0,0.0061091436,0.0013604376,0.0013201312,0.0
2025-08-08 23:00:00,solar.bun_carm1#realenergyintotheload#kwh,BUNDOORA,0.0,0.004529536,0.0013604376,0.0013201312,0.0
2025-08-09 00:00:00,solar.bun_carm1#realenergyintotheload#kwh,BUNDOORA,0.0,0.0043306574,0.0013604376,0.0013201312,0.0
2025-08-09 01:00:00,solar.bun_carm1#realenergyintotheload#kwh,BUNDOORA,0.0,0.008323123,0.0014274743,0.0013851818,0.0
2025-08-09 02:00:00,solar.bun_carm1#realenergyintotheload#kwh,BUNDOORA,0.0,-0.0045620054,0.0011953638,0.0011599482,0.0
2025-08-09 03:00:00,solar.bun_carm1#realenergyintotheload#kwh,BUNDOORA,0.0,-0.009238292,0.000916782,0.00088962005,0.0
2025-08-09 04:00:00,solar.bun_carm1#realenergyintotheload#kwh,BUNDOORA,0.0,-0.009315523,0.000916782,0.00088962005,0.0
2025-08-09 05:00:00,solar.bun_carm1#realenergyintotheload#kwh,BUNDOORA,0.0,0.00019457942,0.0013604376,0.0013201312,0.0
2025-08-09 06:00:00,solar.bun_carm1#realenergyintotheload#kwh,BUNDOORA,0.0,0.0006881953,0.0013604376,0.0013201312,0.0
2025-08-09 07:00:00,solar.bun_carm1#realenergyintotheload#kwh,BUNDOORA,0.0,0.23460612,0.0014274743,0.0013851818,0.0
2025-08-09 08:00:00,solar.bun_carm1#realenergyintotheload#kwh,BUNDOORA,0.0,0.24385796,3.0685854,2.977671,41.0
2025-08-09 09:00:00,solar.bun_carm1#realenergyintotheload#kwh,BUNDOORA,0.0,1.8681638,14.223484,13.802077,196.0
2025-08-09 10:00:00,solar.bun_carm1#realenergyintotheload#kwh,BUNDOORA,0.0,18.559246,17.482811,16.964838,218.0
2025-08-09 11:00:00,solar.bun_carm1#realenergyintotheload#kwh,BUNDOORA,0.0,31.475866,35.477077,34.42598,465.0
2025-08-09 12:00:00,solar.bun_carm1#realenergyintotheload#kwh,BUNDOORA,0.0,42.37141,42.490192,41.231316,571.0
2025-08-09 13:00:00,solar.bun_carm1#realenergyintotheload#kwh,BUNDOORA,0.0,43.25976,43.167698,41.88875,582.0
2025-08-09 14:00:00,solar.bun_carm1#realenergyintotheload#kwh,BUNDOORA,0.0,40.617798,38.859657,37.708344,533.0
2025-08-09 15:00:00,solar.bun_carm1#realenergyintotheload#kwh,BUNDOORA,0.0,24.435009,31.606249,30.669834,429.0
2025-08-09 16:00:00,solar.bun_carm1#realenergyintotheload#kwh,BUNDOORA,0.0,17.96124,21.175756,20.548372,281.0
2025-08-09 17:00:00,solar.bun_carm1#realenergyintotheload#kwh,BUNDOORA,0.0,8.273671,8.303025,8.057028,112.0
2025-08-09 18:00:00,solar.bun_carm1#realenergyintotheload#kwh,BUNDOORA,0.0,1.1723539,0.0013604376,0.0013201312,0.0
2025-08-09 19:00:00,solar.bun_carm1#realenergyintotheload#kwh,BUNDOORA,0.0,0.011279349,0.0013604376,0.0013201312,0.0
2025-08-09 20:00:00,solar.bun_carm1#realenergyintotheload#kwh,BUNDOORA,0.0,0.0066326484,0.0013604376,0.0013201312,0.0
2025-08-09 21:00:00,solar.bun_carm1#realenergyintotheload#kwh,BUNDOORA,0.0,0.0066326484,0.0013604376,0.0013201312,0.0
2025-08-09 22:00:00,solar.bun_carm1#realenergyintotheload#kwh,BUNDOORA,0.0,0.001163844,0.0013604376,0.0013201312,0.0
2025-08-09 23:00:00,solar.bun_carm1#realenergyintotheload#kwh,BUNDOORA,0.0,0.0006881953,0.0013604376,0.0013201312,0.0
2025-08-10 00:00:00,solar.bun_carm1#realenergyintotheload#kwh,BUNDOORA,0.0,0.0012885062,0.0013604376,0.0013201312,0.0
2025-08-10 01:00:00,solar.bun_carm1#realenergyintotheload#kwh,BUNDOORA,0.0,0.0012885062,0.0013604376,0.0013201312,0.0
2025-08-10 02:00:00,solar.bun_carm1#realenergyintotheload#kwh,BUNDOORA,0.0,-0.0216399,0.0013604376,0.0013201312,0.0
2025-08-10 03:00:00,solar.bun_carm1#realenergyintotheload#kwh,BUNDOORA,0.0,-0.02123093,0.0013604376,0.0013201312,0.0
2025-08-10 04:00:00,solar.bun_carm1#realenergyintotheload#kwh,BUNDOORA,0.0,-0.02123093,0.0013604376,0.0013201312,0.0
2025-08-10 05:00:00,solar.bun_carm1#realenergyintotheload#kwh,BUNDOORA,0.0,-0.02123093,0.0013604376,0.0013201312,0.0
2025-08-10 06:00:00,solar.bun_carm1#realenergyintotheload#kwh,BUNDOORA,0.0,-0.02123093,0.0013604376,0.0013201312,0.0
2025-08-10 07:00:00,solar.bun_carm1#realenergyintotheload#kwh,BUNDOORA,0.0,0.18285105,0.0013604376,0.0013201312,0.0
2025-08-10 08:00:00,solar.bun_carm1#realenergyintotheload#kwh,BUNDOORA,0.8125,-0.21624258,4.459721,4.3275905,57.0
2025-08-10 09:00:00,solar.bun_carm1#realenergyintotheload#kwh,BUNDOORA,10.3125,1.6684552,16.340302,15.856179,223.0
2025-08-10 10:00:00,solar.bun_carm1#realenergyintotheload#kwh,BUNDOORA,26.5625,27.234795,28.919205,28.0624,384.0
2025-08-10 11:00:00,solar.bun_carm1#realenergyintotheload#kwh,BUNDOORA,38.5,35.25666,38.209927,37.07786,506.0
2025-08-10 12:00:00,solar.bun_carm1#realenergyintotheload#kwh,BUNDOORA,44.4375,41.283005,42.62945,41.366447,575.0
2025-08-10 13:00:00,solar.bun_carm1#realenergyintotheload#kwh,BUNDOORA,45.9375,43.503582,42.944443,41.672108,584.0
2025-08-10 14:00:00,solar.bun_carm1#realenergyintotheload#kwh,BUNDOORA,42.875,41.66884,38.95123,37.797203,535.0
2025-08-10 15:00:00,solar.bun_carm1#realenergyintotheload#kwh,BUNDOORA,32.8125,23.590488,31.908169,30.962809,431.0
2025-08-10 16:00:00,solar.bun_carm1#realenergyintotheload#kwh,BUNDOORA,18.3125,20.575504,21.204275,20.576046,284.0
2025-08-10 17:00:00,solar.bun_carm1#realenergyintotheload#kwh,BUNDOORA,4.75,8.223056,8.324399,8.077767,115.0
2025-08-10 18:00:00,solar.bun_carm1#realenergyintotheload#kwh,BUNDOORA,0.25,2.2791367,0.0020458903,0.0019852757,0.0
2025-08-10 19:00:00,solar.bun_carm1#realenergyintotheload#kwh,BUNDOORA,0.0,0.013667143,0.0014274743,0.0013851818,0.0
2025-08-10 20:00:00,solar.bun_carm1#realenergyintotheload#kwh,BUNDOORA,0.0,0.014768542,0.0013604376,0.0013201312,0.0
2025-08-10 21:00:00,solar.bun_carm1#realenergyintotheload#kwh,BUNDOORA,0.0,0.020849628,0.0014274743,0.0013851818,0.0
2025-08-10 22:00:00,solar.bun_carm1#realenergyintotheload#kwh,BUNDOORA,0.0,0.016921842,0.0013604376,0.0013201312,0.0
2025-08-10 23:00:00,solar.bun_carm1#realenergyintotheload#kwh,BUNDOORA,0.0,0.015952578,0.0013604376,0.0013201312,0.0
2025-08-11 00:00:00,solar.bun_carm1#realenergyintotheload#kwh,BUNDOORA,0.0,0.0006881953,0.0013604376,0.0013201312,0.0
2025-08-11 01:00:00,solar.bun_carm1#realenergyintotheload#kwh,BUNDOORA,0.0,0.0012885062,0.0013604376,0.0013201312,0.0
2025-08-11 02:00:00,solar.bun_carm1#realenergyintotheload#kwh,BUNDOORA,0.0,-0.022600459,0.0013604376,0.0013201312,0.0
2025-08-11 03:00:00,solar.bun_carm1#realenergyintotheload#kwh,BUNDOORA,0.0,-0.023537686,0.0013604376,0.0013201312,0.0
2025-08-11 04:00:00,solar.bun_carm1#realenergyintotheload#kwh,BUNDOORA,0.0,-0.018705608,0.0013604376,0.0013201312,0.0
2025-08-11 05:00:00,solar.bun_carm1#realenergyintotheload#kwh,BUNDOORA,0.0,-0.016895076,0.0013604376,0.0013201312,0.0
2025-08-11 06:00:00,solar.bun_carm1#realenergyintotheload#kwh,BUNDOORA,0.0,-0.01639885,0.0013604376,0.0013201312,0.0
2025-08-11 07:00:00,solar.bun_carm1#realenergyintotheload#kwh,BUNDOORA,0.0,0.18104655,0.0013604376,0.0013201312,0.0
2025-08-11 08:00:00,solar.bun_carm1#realenergyintotheload#kwh,BUNDOORA,0.8125,-0.59318644,4.816614,4.67391,60.0
2025-08-11 09:00:00,solar.bun_carm1#realenergyintotheload#kwh,BUNDOORA,10.6875,2.6167054,16.707054,16.212067,228.0
2025-08-11 10:00:00,solar.bun_carm1#realenergyintotheload#kwh,BUNDOORA,27.25,27.59138,29.854307,28.969799,388.0
2025-08-11 11:00:00,solar.bun_carm1#realenergyintotheload#kwh,BUNDOORA,39.0,35.74799,38.200977,37.06918,509.0
2025-08-11 12:00:00,solar.bun_carm1#realenergyintotheload#kwh,BUNDOORA,45.0625,43.381763,43.609314,42.31728,578.0
2025-08-11 13:00:00,solar.bun_carm1#realenergyintotheload#kwh,BUNDOORA,48.4375,42.70488,44.169365,42.860737,589.0
2025-08-11 14:00:00,solar.bun_carm1#realenergyintotheload#kwh,BUNDOORA,45.625,36.131992,38.48913,37.348793,528.0
2025-08-11 15:00:00,solar.bun_carm1#realenergyintotheload#kwh,BUNDOORA,34.75,23.214415,32.346638,31.388288,435.0
2025-08-11 16:00:00,solar.bun_carm1#realenergyintotheload#kwh,BUNDOORA,19.875,16.277039,20.49679,19.88952,273.0
2025-08-11 17:00:00,solar.bun_carm1#realenergyintotheload#kwh,BUNDOORA,5.3125,7.2150936,8.29487,8.049114,119.0
2025-08-11 18:00:00,solar.bun_carm1#realenergyintotheload#kwh,BUNDOORA,0.375,0.81445843,-0.0013166792,0.0,1.0
2025-08-11 19:00:00,solar.bun_carm1#realenergyintotheload#kwh,BUNDOORA,0.0,0.10454591,0.0018930198,0.0018369344,0.0
2025-08-11 20:00:00,solar.bun_carm1#realenergyintotheload#kwh,BUNDOORA,0.0,0.0060047237,0.0013604376,0.0013201312,0.0
2025-08-11 21:00:00,solar.bun_carm1#realenergyintotheload#kwh,BUNDOORA,0.0,0.0119473,0.0013604376,0.0013201312,0.0
2025-08-11 22:00:00,solar.bun_carm1#realenergyintotheload#kwh,BUNDOORA,0.0,0.007284724,0.0013604376,0.0013201312,0.0
2025-08-11 23:00:00,solar.bun_carm1#realenergyintotheload#kwh,BUNDOORA,0.0,0.0029949504,0.0013604376,0.0013201312,0.0
2025-08-12 00:00:00,solar.bun_carm1#realenergyintotheload#kwh,BUNDOORA,0.0,0.0029949504,0.0013604376,0.0013201312,0.0
2025-08-12 01:00:00,solar.bun_carm1#realenergyintotheload#kwh,BUNDOORA,0.0,-0.0301062,0.0013604376,0.0013201312,0.0
2025-08-12 02:00:00,solar.bun_carm1#realenergyintotheload#kwh,BUNDOORA,0.0,-0.0301062,0.0013604376,0.0013201312,0.0
2025-08-12 03:00:00,solar.bun_carm1#realenergyintotheload#kwh,BUNDOORA,0.0,-0.0301062,0.0013604376,0.0013201312,0.0
2025-08-12 04:00:00,solar.bun_carm1#realenergyintotheload#kwh,BUNDOORA,0.0,0.0065830825,0.0014274743,0.0013851818,0.0
2025-08-12 05:00:00,solar.bun_carm1#realenergyintotheload#kwh,BUNDOORA,0.0,0.014346466,0.0014274743,0.0013851818,0.0
2025-08-12 06:00:00,solar.bun_carm1#realenergyintotheload#kwh,BUNDOORA,0.0,-0.0019967444,0.002105086,0.0020427178,0.0
2025-08-12 07:00:00,solar.bun_carm1#realenergyintotheload#kwh,BUNDOORA,0.0,0.92165446,0.0014223809,0.0013802393,0.0
2025-08-12 08:00:00,solar.bun_carm1#realenergyintotheload#kwh,BUNDOORA,1.0625,3.049489,3.6759813,3.5670712,51.0
2025-08-12 09:00:00,solar.bun_carm1#realenergyintotheload#kwh,BUNDOORA,9.9375,7.6542673,10.758572,10.439822,143.0
2025-08-12 10:00:00,solar.bun_carm1#realenergyintotheload#kwh,BUNDOORA,17.5625,19.62584,22.867643,22.190132,286.0
2025-08-12 11:00:00,solar.bun_carm1#realenergyintotheload#kwh,BUNDOORA,26.75,23.752415,24.835098,24.099297,317.0
2025-08-12 12:00:00,solar.bun_carm1#realenergyintotheload#kwh,BUNDOORA,21.0625,21.320057,23.10066,22.416246,288.0
2025-08-12 13:00:00,solar.bun_carm1#realenergyintotheload#kwh,BUNDOORA,22.0625,20.071825,17.43625,16.919659,222.0
2025-08-12 14:00:00,solar.bun_carm1#realenergyintotheload#kwh,BUNDOORA,8.625,13.666172,10.709974,10.392665,137.0
2025-08-12 15:00:00,solar.bun_carm1#realenergyintotheload#kwh,BUNDOORA,6.25,15.981368,14.662912,14.228487,180.0
2025-08-12 16:00:00,solar.bun_carm1#realenergyintotheload#kwh,BUNDOORA,7.0625,4.084777,8.19106,7.9483795,107.0
2025-08-12 17:00:00,solar.bun_carm1#realenergyintotheload#kwh,BUNDOORA,1.25,5.726822,1.4848402,1.440848,23.0
2025-08-12 18:00:00,solar.bun_carm1#realenergyintotheload#kwh,BUNDOORA,0.0,1.0557333,0.001561725,0.0015154551,0.0
2025-08-12 19:00:00,solar.bun_carm1#realenergyintotheload#kwh,BUNDOORA,0.0,0.09032746,0.0027213786,0.002640751,0.0
2025-08-12 20:00:00,solar.bun_carm1#realenergyintotheload#kwh,BUNDOORA,0.0,-0.00067109795,0.0027213786,0.002640751,0.0
2025-08-12 21:00:00,solar.bun_carm1#realenergyintotheload#kwh,BUNDOORA,0.0,0.0022541569,0.0015344047,0.0014889442,0.0
2025-08-12 22:00:00,solar.bun_carm1#realenergyintotheload#kwh,BUNDOORA,0.0,0.0022541569,0.0016821693,0.0016323308,0.0
2025-08-12 23:00:00,solar.bun_carm1#realenergyintotheload#kwh,BUNDOORA,0.0,0.0022541569,0.0016821693,0.0016323308,0.0
2025-08-13 00:00:00,solar.bun_carm1#realenergyintotheload#kwh,BUNDOORA,0.0,0.0022541569,0.0016821693,0.0016323308,0.0
2025-08-13 01:00:00,solar.bun_carm1#realenergyintotheload#kwh,BUNDOORA,0.0,0.0022541569,0.002762419,0.0026805755,0.0
2025-08-13 02:00:00,solar.bun_carm1#realenergyintotheload#kwh,BUNDOORA,0.0,0.016793713,0.0020450968,0.0019845057,0.0
2025-08-13 03:00:00,solar.bun_carm1#realenergyintotheload#kwh,BUNDOORA,0.0,0.01058146,0.0014274743,0.0013851818,0.0
2025-08-13 04:00:00,solar.bun_carm1#realenergyintotheload#kwh,BUNDOORA,0.0,0.010892534,0.0013604376,0.0013201312,0.0
2025-08-13 05:00:00,solar.bun_carm1#realenergyintotheload#kwh,BUNDOORA,0.0,0.0034705994,0.0013604376,0.0013201312,0.0
2025-08-13 06:00:00,solar.bun_carm1#realenergyintotheload#kwh,BUNDOORA,0.0,0.005932901,0.0013604376,0.0013201312,0.0
2025-08-13 07:00:00,solar.bun_carm1#realenergyintotheload#kwh,BUNDOORA,0.0,-0.03872811,0.0013604376,0.0013201312,0.0
2025-08-13 08:00:00,solar.bun_carm1#realenergyintotheload#kwh,BUNDOORA,0.0,0.15099594,4.1030245,3.981462,54.0
2025-08-13 09:00:00,solar.bun_carm1#realenergyintotheload#kwh,BUNDOORA,0.0,2.345209,10.498932,10.187875,140.0
2025-08-13 10:00:00,solar.bun_carm1#realenergyintotheload#kwh,BUNDOORA,0.0,10.516301,20.916212,20.296516,259.0
2025-08-13 11:00:00,solar.bun_carm1#realenergyintotheload#kwh,BUNDOORA,0.0,20.506151,28.856285,28.001345,363.0
2025-08-13 12:00:00,solar.bun_carm1#realenergyintotheload#kwh,BUNDOORA,0.0,23.569021,30.83027,29.916847,391.0
2025-08-13 13:00:00,solar.bun_carm1#realenergyintotheload#kwh,BUNDOORA,0.0,25.778994,35.292027,34.24641,454.0
2025-08-13 14:00:00,solar.bun_carm1#realenergyintotheload#kwh,BUNDOORA,0.0,31.151197,39.2497,38.086826,506.0
2025-08-13 15:00:00,solar.bun_carm1#realenergyintotheload#kwh,BUNDOORA,0.0,27.215565,32.22921,31.27434,417.0
2025-08-13 16:00:00,solar.bun_carm1#realenergyintotheload#kwh,BUNDOORA,0.0,19.022257,20.737219,20.122828,276.0
2025-08-13 17:00:00,solar.bun_carm1#realenergyintotheload#kwh,BUNDOORA,0.0,6.5596943,8.995088,8.728585,122.0
2025-08-13 18:00:00,solar.bun_carm1#realenergyintotheload#kwh,BUNDOORA,0.0,0.92427164,0.0013604376,0.0013201312,1.0
2025-08-13 19:00:00,solar.bun_carm1#realenergyintotheload#kwh,BUNDOORA,0.0,0.021128306,0.0013604376,0.0013201312,0.0
2025-08-13 20:00:00,solar.bun_carm1#realenergyintotheload#kwh,BUNDOORA,0.0,0.007398392,0.0014274743,0.0013851818,0.0
2025-08-13 21:00:00,solar.bun_carm1#realenergyintotheload#kwh,BUNDOORA,0.0,0.0025013345,0.0013604376,0.0013201312,0.0
2025-08-13 22:00:00,solar.bun_carm1#realenergyintotheload#kwh,BUNDOORA,0.0,0.005689338,0.0014274743,0.0013851818,0.0
2025-08-13 23:00:00,solar.bun_carm1#realenergyintotheload#kwh,BUNDOORA,0.0,0.005947233,0.0013604376,0.0013201312,0.0
2025-08-14 00:00:00,solar.bun_carm1#realenergyintotheload#kwh,BUNDOORA,0.0,0.00019457942,0.0013604376,0.0013201312,0.0
2025-08-14 01:00:00,solar.bun_carm1#realenergyintotheload#kwh,BUNDOORA,0.0,0.0012885062,0.0013604376,0.0013201312,0.0
2025-08-14 02:00:00,solar.bun_carm1#realenergyintotheload#kwh,BUNDOORA,0.0,0.0012885062,0.0013604376,0.0013201312,0.0
2025-08-14 03:00:00,solar.bun_carm1#realenergyintotheload#kwh,BUNDOORA,0.0,0.0012885062,0.0013604376,0.0013201312,0.0
2025-08-14 04:00:00,solar.bun_carm1#realenergyintotheload#kwh,BUNDOORA,0.0,0.0012885062,0.0013604376,0.0013201312,0.0
2025-08-14 05:00:00,solar.bun_carm1#realenergyintotheload#kwh,BUNDOORA,0.0,-0.008821908,0.0010645466,0.0010330068,0.0
2025-08-14 06:00:00,solar.bun_carm1#realenergyintotheload#kwh,BUNDOORA,0.0,-0.008821908,0.0010645466,0.0010330068,0.0
2025-08-14 07:00:00,solar.bun_carm1#realenergyintotheload#kwh,BUNDOORA,0.0,-0.0071846545,0.0010645466,0.0010330068,0.0
2025-08-14 08:00:00,solar.bun_carm1#realenergyintotheload#kwh,BUNDOORA,1.0625,0.13552846,5.843932,5.670791,69.0
2025-08-14 09:00:00,solar.bun_carm1#realenergyintotheload#kwh,BUNDOORA,11.8125,2.9328673,17.908386,17.377806,242.0
2025-08-14 10:00:00,solar.bun_carm1#realenergyintotheload#kwh,BUNDOORA,28.6875,17.291283,31.406788,30.476284,404.0
2025-08-14 11:00:00,solar.bun_carm1#realenergyintotheload#kwh,BUNDOORA,40.0,36.005196,39.546803,38.37513,527.0
2025-08-14 12:00:00,solar.bun_carm1#realenergyintotheload#kwh,BUNDOORA,45.3125,41.316418,44.53487,43.215412,597.0
2025-08-14 13:00:00,solar.bun_carm1#realenergyintotheload#kwh,BUNDOORA,48.4375,42.65508,44.7896,43.462597,609.0
2025-08-14 14:00:00,solar.bun_carm1#realenergyintotheload#kwh,BUNDOORA,45.3125,41.929993,42.14167,40.893116,560.0
2025-08-14 15:00:00,solar.bun_carm1#realenergyintotheload#kwh,BUNDOORA,35.625,27.827208,33.625393,32.629158,454.0
2025-08-14 16:00:00,solar.bun_carm1#realenergyintotheload#kwh,BUNDOORA,20.1875,20.598772,22.536228,21.868536,304.0
2025-08-14 17:00:00,solar.bun_carm1#realenergyintotheload#kwh,BUNDOORA,5.375,8.0106735,9.4607315,9.180433,131.0
2025-08-14 18:00:00,solar.bun_carm1#realenergyintotheload#kwh,BUNDOORA,0.25,0.7075966,-0.0039184294,0.0,1.0
2025-08-14 19:00:00,solar.bun_carm1#realenergyintotheload#kwh,BUNDOORA,0.0,0.07675422,-0.001073207,0.0,0.0
2025-08-14 20:00:00,solar.bun_carm1#realenergyintotheload#kwh,BUNDOORA,0.0,-0.07420613,0.00091250194,0.0008854668,0.0
2025-08-14 21:00:00,solar.bun_carm1#realenergyintotheload#kwh,BUNDOORA,0.0,0.05532206,0.0016226053,0.0015745315,0.0
2025-08-14 22:00:00,solar.bun_carm1#realenergyintotheload#kwh,BUNDOORA,0.0,0.10370087,0.002447576,0.0023750605,0.0
2025-08-14 23:00:00,solar.bun_carm1#realenergyintotheload#kwh,BUNDOORA,0.0,0.06667111,0.0026613877,0.0025825375,0.0
2025-08-15 00:00:00,solar.bun_carm1#realenergyintotheload#kwh,BUNDOORA,0.0,0.027668515,0.00241075,0.0023393254,0.0
2025-08-15 01:00:00,solar.bun_carm1#realenergyintotheload#kwh,BUNDOORA,0.0,0.027051581,0.00241075,0.0023393254,0.0
2025-08-15 02:00:00,solar.bun_carm1#realenergyintotheload#kwh,BUNDOORA,0.0,-0.03062007,0.0033133863,0.003215219,0.0
2025-08-15 03:00:00,solar.bun_carm1#realenergyintotheload#kwh,BUNDOORA,0.0,-0.0221819,0.0026632508,0.0025843454,0.0
2025-08-15 04:00:00,solar.bun_carm1#realenergyintotheload#kwh,BUNDOORA,0.0,-0.014762672,0.0025565266,0.002480783,0.0
2025-08-15 05:00:00,solar.bun_carm1#realenergyintotheload#kwh,BUNDOORA,0.0,-0.021529859,0.003044943,0.0029547291,0.0
2025-08-15 06:00:00,solar.bun_carm1#realenergyintotheload#kwh,BUNDOORA,0.0,0.016082112,0.0023948073,0.0023238552,0.0
2025-08-15 07:00:00,solar.bun_carm1#realenergyintotheload#kwh,BUNDOORA,0.0,0.5112034,0.0023948073,0.0023238552,0.0
2025-08-15 08:00:00,solar.bun_carm1#realenergyintotheload#kwh,BUNDOORA,0.3125,1.7809473,1.9054828,1.8490281,28.0
2025-08-15 09:00:00,solar.bun_carm1#realenergyintotheload#kwh,BUNDOORA,2.5,2.9250538,6.578016,6.383126,85.0
2025-08-15 10:00:00,solar.bun_carm1#realenergyintotheload#kwh,BUNDOORA,6.4375,14.173107,14.015332,13.600093,175.0
2025-08-15 11:00:00,solar.bun_carm1#realenergyintotheload#kwh,BUNDOORA,12.5625,18.427343,13.758824,13.351185,176.0
2025-08-15 12:00:00,solar.bun_carm1#realenergyintotheload#kwh,BUNDOORA,9.9375,8.535884,7.5007744,7.2785454,99.0
2025-08-15 13:00:00,solar.bun_carm1#realenergyintotheload#kwh,BUNDOORA,6.0,9.069565,7.443414,7.2228847,100.0
2025-08-15 14:00:00,solar.bun_carm1#realenergyintotheload#kwh,BUNDOORA,16.6875,18.046247,18.209782,17.67027,229.0
2025-08-15 15:00:00,solar.bun_carm1#realenergyintotheload#kwh,BUNDOORA,6.5625,3.2881823,4.853621,4.7098203,63.0
2025-08-15 16:00:00,solar.bun_carm1#realenergyintotheload#kwh,BUNDOORA,3.8125,6.706862,5.2550135,5.0993204,70.0
2025-08-15 17:00:00,solar.bun_carm1#realenergyintotheload#kwh,BUNDOORA,5.75,0.37408125,5.46957,5.3075204,74.0
2025-08-15 18:00:00,solar.bun_carm1#realenergyintotheload#kwh,BUNDOORA,0.5,0.47938427,0.0026146544,0.0025371886,1.0
2025-08-15 19:00:00,solar.bun_carm1#realenergyintotheload#kwh,BUNDOORA,0.0,0.06322515,0.0026146544,0.0025371886,0.0
2025-08-15 20:00:00,solar.bun_carm1#realenergyintotheload#kwh,BUNDOORA,0.0,-0.0048971334,0.0021447968,0.0020812517,0.0
2025-08-15 21:00:00,solar.bun_carm1#realenergyintotheload#kwh,BUNDOORA,0.0,0.019524628,0.0014274743,0.0013851818,0.0
2025-08-15 22:00:00,solar.bun_carm1#realenergyintotheload#kwh,BUNDOORA,0.0,-0.0059340848,0.000916782,0.00088962005,0.0
2025-08-15 23:00:00,solar.bun_carm1#realenergyintotheload#kwh,BUNDOORA,0.0,0.007398392,0.0014274743,0.0013851818,0.0
2025-08-16 00:00:00,solar.bun_carm1#realenergyintotheload#kwh,BUNDOORA,0.0,0.0025013345,0.0013604376,0.0013201312,0.0
2025-08-16 01:00:00,solar.bun_carm1#realenergyintotheload#kwh,BUNDOORA,0.0,-0.030706512,0.0013604376,0.0013201312,0.0
2025-08-16 02:00:00,solar.bun_carm1#realenergyintotheload#kwh,BUNDOORA,0.0,-0.0049499357,0.0021447968,0.0020812517,0.0
2025-08-16 03:00:00,solar.bun_carm1#realenergyintotheload#kwh,BUNDOORA,0.0,-0.0049499357,0.0021447968,0.0020812517,0.0
2025-08-16 04:00:00,solar.bun_carm1#realenergyintotheload#kwh,BUNDOORA,0.0,-0.0049499357,0.0019970322,0.0019378652,0.0
2025-08-16 05:00:00,solar.bun_carm1#realenergyintotheload#kwh,BUNDOORA,0.0,-0.0049499357,0.0021447968,0.0020812517,0.0
2025-08-16 06:00:00,solar.bun_carm1#realenergyintotheload#kwh,BUNDOORA,0.0,-0.0049499357,0.0021447968,0.0020812517,0.0
2025-08-16 07:00:00,solar.bun_carm1#realenergyintotheload#kwh,BUNDOORA,0.0,0.16706023,0.0021447968,0.0020812517,0.0
2025-08-16 08:00:00,solar.bun_carm1#realenergyintotheload#kwh,BUNDOORA,0.0,0.1652336,4.2934265,4.166223,56.0
2025-08-16 09:00:00,solar.bun_carm1#realenergyintotheload#kwh,BUNDOORA,0.0,6.2338343,15.321745,14.8678,200.0
2025-08-16 10:00:00,solar.bun_carm1#realenergyintotheload#kwh,BUNDOORA,0.0,19.748928,31.63009,30.69297,415.0
2025-08-16 11:00:00,solar.bun_carm1#realenergyintotheload#kwh,BUNDOORA,0.0,30.356422,40.362625,39.166782,536.0
2025-08-16 12:00:00,solar.bun_carm1#realenergyintotheload#kwh,BUNDOORA,0.0,33.52531,42.396328,41.140232,554.0
2025-08-16 13:00:00,solar.bun_carm1#realenergyintotheload#kwh,BUNDOORA,0.0,40.73555,46.20178,44.832935,618.0
2025-08-16 14:00:00,solar.bun_carm1#realenergyintotheload#kwh,BUNDOORA,0.0,29.226086,26.796837,26.002914,337.0
2025-08-16 15:00:00,solar.bun_carm1#realenergyintotheload#kwh,BUNDOORA,0.0,22.693943,31.629887,30.692772,410.0
2025-08-16 16:00:00,solar.bun_carm1#realenergyintotheload#kwh,BUNDOORA,0.0,18.110916,17.396065,16.880663,229.0
2025-08-16 17:00:00,solar.bun_carm1#realenergyintotheload#kwh,BUNDOORA,0.0,8.047548,3.9129946,3.7970624,54.0
2025-08-16 18:00:00,solar.bun_carm1#realenergyintotheload#kwh,BUNDOORA,0.0,0.6697121,0.0014274743,0.0013851818,1.0
2025-08-16 19:00:00,solar.bun_carm1#realenergyintotheload#kwh,BUNDOORA,0.0,0.025184663,0.0010645466,0.0010330068,0.0
2025-08-16 20:00:00,solar.bun_carm1#realenergyintotheload#kwh,BUNDOORA,0.0,0.017947225,0.0014274743,0.0013851818,0.0
2025-08-16 21:00:00,solar.bun_carm1#realenergyintotheload#kwh,BUNDOORA,0.0,-0.0065151528,0.0010645466,0.0010330068,0.0
2025-08-16 22:00:00,solar.bun_carm1#realenergyintotheload#kwh,BUNDOORA,0.0,0.0069227433,0.0013604376,0.0013201312,0.0
2025-08-16 23:00:00,solar.bun_carm1#realenergyintotheload#kwh,BUNDOORA,0.0,0.008378652,0.0013604376,0.0013201312,0.0
2025-08-17 00:00:00,solar.bun_carm1#realenergyintotheload#kwh,BUNDOORA,0.0,-0.018453626,0.0013604376,0.0013201312,0.0
2025-08-17 01:00:00,solar.bun_carm1#realenergyintotheload#kwh,BUNDOORA,0.0,-0.020293703,0.0013604376,0.0013201312,0.0
2025-08-17 02:00:00,solar.bun_carm1#realenergyintotheload#kwh,BUNDOORA,0.0,-0.015660679,0.0013604376,0.0013201312,0.0
2025-08-17 03:00:00,solar.bun_carm1#realenergyintotheload#kwh,BUNDOORA,0.0,-0.009006131,0.0013604376,0.0013201312,0.0
2025-08-17 04:00:00,solar.bun_carm1#realenergyintotheload#kwh,BUNDOORA,0.0,-0.0070631597,0.0013604376,0.0013201312,0.0
2025-08-17 05:00:00,solar.bun_carm1#realenergyintotheload#kwh,BUNDOORA,0.0,0.0022211266,0.0014274743,0.0013851818,0.0
2025-08-17 06:00:00,solar.bun_carm1#realenergyintotheload#kwh,BUNDOORA,0.0,-0.012035844,0.0013604376,0.0013201312,0.0
2025-08-17 07:00:00,solar.bun_carm1#realenergyintotheload#kwh,BUNDOORA,0.0,0.17599218,0.0013604376,0.0013201312,0.0
2025-08-17 08:00:00,solar.bun_carm1#realenergyintotheload#kwh,BUNDOORA,2.5625,0.1301566,5.7995963,5.627769,76.0
2025-08-17 09:00:00,solar.bun_carm1#realenergyintotheload#kwh,BUNDOORA,10.9375,4.264552,13.005128,12.619819,171.0
2025-08-17 10:00:00,solar.bun_carm1#realenergyintotheload#kwh,BUNDOORA,11.0625,10.218409,16.753117,16.256763,204.0
2025-08-17 11:00:00,solar.bun_carm1#realenergyintotheload#kwh,BUNDOORA,42.4375,35.13369,40.2638,39.070885,533.0
2025-08-17 12:00:00,solar.bun_carm1#realenergyintotheload#kwh,BUNDOORA,37.9375,32.67322,44.79426,43.467117,589.0
2025-08-17 13:00:00,solar.bun_carm1#realenergyintotheload#kwh,BUNDOORA,34.875,25.855282,35.831013,34.76943,465.0
2025-08-17 14:00:00,solar.bun_carm1#realenergyintotheload#kwh,BUNDOORA,29.25,22.99018,28.318565,27.479557,356.0
2025-08-17 15:00:00,solar.bun_carm1#realenergyintotheload#kwh,BUNDOORA,24.4375,20.286718,22.380856,21.717766,279.0
2025-08-17 16:00:00,solar.bun_carm1#realenergyintotheload#kwh,BUNDOORA,5.25,9.006444,6.136039,5.954243,80.0
2025-08-17 17:00:00,solar.bun_carm1#realenergyintotheload#kwh,BUNDOORA,4.1875,9.157145,3.4636416,3.3610227,48.0
2025-08-17 18:00:00,solar.bun_carm1#realenergyintotheload#kwh,BUNDOORA,0.5,1.408239,0.0015300922,0.0014847594,2.0
2025-08-17 19:00:00,solar.bun_carm1#realenergyintotheload#kwh,BUNDOORA,0.0,0.06773681,0.000916782,0.00088962005,0.0
2025-08-17 20:00:00,solar.bun_carm1#realenergyintotheload#kwh,BUNDOORA,0.0,0.0014975513,0.000916782,0.00088962005,0.0
2025-08-17 21:00:00,solar.bun_carm1#realenergyintotheload#kwh,BUNDOORA,0.0,0.016425177,0.0014274743,0.0013851818,0.0
2025-08-17 22:00:00,solar.bun_carm1#realenergyintotheload#kwh,BUNDOORA,0.0,0.00043861434,0.0010645466,0.0010330068,0.0
2025-08-17 23:00:00,solar.bun_carm1#realenergyintotheload#kwh,BUNDOORA,0.0,0.010948204,0.0014274743,0.0013851818,0.0
2025-08-18 00:00:00,solar.bun_carm1#realenergyintotheload#kwh,BUNDOORA,0.0,0.010948204,0.0014274743,0.0013851818,0.0
2025-08-18 01:00:00,solar.bun_carm1#realenergyintotheload#kwh,BUNDOORA,0.0,0.010948204,0.0014274743,0.0013851818,0.0
2025-08-18 02:00:00,solar.bun_carm1#realenergyintotheload#kwh,BUNDOORA,0.0,-0.021143677,0.0013604376,0.0013201312,0.0
2025-08-18 03:00:00,solar.bun_carm1#realenergyintotheload#kwh,BUNDOORA,0.0,0.00864145,0.0014274743,0.0013851818,0.0
2025-08-18 04:00:00,solar.bun_carm1#realenergyintotheload#kwh,BUNDOORA,0.0,0.00864145,0.0014274743,0.0013851818,0.0
2025-08-18 05:00:00,solar.bun_carm1#realenergyintotheload#kwh,BUNDOORA,0.0,-0.008821908,0.0010645466,0.0010330068,0.0
2025-08-18 06:00:00,solar.bun_carm1#realenergyintotheload#kwh,BUNDOORA,0.0,-0.0031785674,0.0013604376,0.0013201312,0.0
2025-08-18 07:00:00,solar.bun_carm1#realenergyintotheload#kwh,BUNDOORA,0.0,0.0008214503,0.0014274743,0.0013851818,0.0
2025-08-18 08:00:00,solar.bun_carm1#realenergyintotheload#kwh,BUNDOORA,1.5625,0.21202746,4.584833,4.448996,58.0
2025-08-18 09:00:00,solar.bun_carm1#realenergyintotheload#kwh,BUNDOORA,5.4375,4.6011715,10.451244,10.1416,136.0
2025-08-18 10:00:00,solar.bun_carm1#realenergyintotheload#kwh,BUNDOORA,8.6875,10.88143,12.932879,12.54971,160.0
2025-08-18 11:00:00,solar.bun_carm1#realenergyintotheload#kwh,BUNDOORA,15.375,20.785673,16.177658,15.698355,205.0
2025-08-18 12:00:00,solar.bun_carm1#realenergyintotheload#kwh,BUNDOORA,12.625,12.686393,10.180464,9.878842,129.0
2025-08-18 13:00:00,solar.bun_carm1#realenergyintotheload#kwh,BUNDOORA,12.125,11.883374,10.173133,9.871728,129.0
2025-08-18 14:00:00,solar.bun_carm1#realenergyintotheload#kwh,BUNDOORA,16.75,19.45348,14.1978655,13.777218,180.0
2025-08-18 15:00:00,solar.bun_carm1#realenergyintotheload#kwh,BUNDOORA,23.5,25.374533,21.778975,21.133718,275.0
2025-08-18 16:00:00,solar.bun_carm1#realenergyintotheload#kwh,BUNDOORA,18.25,19.594986,15.963454,15.490497,210.0
2025-08-18 17:00:00,solar.bun_carm1#realenergyintotheload#kwh,BUNDOORA,6.5625,8.253485,5.234066,5.078994,69.0
2025-08-18 18:00:00,solar.bun_carm1#realenergyintotheload#kwh,BUNDOORA,0.8125,0.8122137,0.0003061025,0.00029703346,2.0
2025-08-18 19:00:00,solar.bun_carm1#realenergyintotheload#kwh,BUNDOORA,0.0,0.0034444078,0.0011470232,0.0011130398,0.0
2025-08-18 20:00:00,solar.bun_carm1#realenergyintotheload#kwh,BUNDOORA,0.0,0.06355128,0.0014890516,0.0014449348,0.0
2025-08-18 21:00:00,solar.bun_carm1#realenergyintotheload#kwh,BUNDOORA,0.0,-0.00840124,0.0014274743,0.0013851818,0.0
2025-08-18 22:00:00,solar.bun_carm1#realenergyintotheload#kwh,BUNDOORA,0.0,-0.011696183,0.0013604376,0.0013201312,0.0
2025-08-18 23:00:00,solar.bun_carm1#realenergyintotheload#kwh,BUNDOORA,0.0,-0.011696183,0.0013604376,0.0013201312,0.0
2025-08-19 00:00:00,solar.bun_carm1#realenergyintotheload#kwh,BUNDOORA,0.0,-0.015461623,0.0013604376,0.0013201312,0.0
2025-08-19 01:00:00,solar.bun_carm1#realenergyintotheload#kwh,BUNDOORA,0.0,-0.015461623,0.0013604376,0.0013201312,0.0
2025-08-19 02:00:00,solar.bun_carm1#realenergyintotheload#kwh,BUNDOORA,0.0,-0.015461623,0.0013604376,0.0013201312,0.0
2025-08-19 03:00:00,solar.bun_carm1#realenergyintotheload#kwh,BUNDOORA,0.0,-0.018705608,0.0013604376,0.0013201312,0.0
2025-08-19 04:00:00,solar.bun_carm1#realenergyintotheload#kwh,BUNDOORA,0.0,-0.023537686,0.0013604376,0.0013201312,0.0
2025-08-19 05:00:00,solar.bun_carm1#realenergyintotheload#kwh,BUNDOORA,0.0,-0.018705608,0.0013604376,0.0013201312,0.0
2025-08-19 06:00:00,solar.bun_carm1#realenergyintotheload#kwh,BUNDOORA,0.0,-0.018705608,0.0013604376,0.0013201312,0.0
2025-08-19 07:00:00,solar.bun_carm1#realenergyintotheload#kwh,BUNDOORA,0.0,-0.02755317,0.0013604376,0.0013201312,0.0
2025-08-19 08:00:00,solar.bun_carm1#realenergyintotheload#kwh,BUNDOORA,1.6875,-0.08338683,6.858515,6.655314,92.0
2025-08-19 09:00:00,solar.bun_carm1#realenergyintotheload#kwh,BUNDOORA,15.0,2.912584,20.544992,19.936296,274.0
2025-08-19 10:00:00,solar.bun_carm1#realenergyintotheload#kwh,BUNDOORA,31.9375,23.807627,33.359665,32.3713,438.0
2025-08-19 11:00:00,solar.bun_carm1#realenergyintotheload#kwh,BUNDOORA,43.3125,37.91033,42.821384,41.552692,562.0
2025-08-19 12:00:00,solar.bun_carm1#realenergyintotheload#kwh,BUNDOORA,49.1875,43.49379,46.348442,44.975254,631.0
2025-08-19 13:00:00,solar.bun_carm1#realenergyintotheload#kwh,BUNDOORA,50.625,46.519955,46.787067,45.400883,640.0
2025-08-19 14:00:00,solar.bun_carm1#realenergyintotheload#kwh,BUNDOORA,48.0,41.663754,43.471066,42.183125,587.0
2025-08-19 15:00:00,solar.bun_carm1#realenergyintotheload#kwh,BUNDOORA,38.6875,27.415806,35.476486,34.425407,479.0
2025-08-19 16:00:00,solar.bun_carm1#realenergyintotheload#kwh,BUNDOORA,22.375,21.157206,24.408712,23.685543,324.0
2025-08-19 17:00:00,solar.bun_carm1#realenergyintotheload#kwh,BUNDOORA,6.8125,9.822426,10.44866,10.139092,145.0
2025-08-19 18:00:00,solar.bun_carm1#realenergyintotheload#kwh,BUNDOORA,0.6875,1.7922682,0.076755576,0.0744815,4.0
2025-08-19 19:00:00,solar.bun_carm1#realenergyintotheload#kwh,BUNDOORA,0.0,0.06464294,0.0018930198,0.0018369344,0.0
2025-08-19 20:00:00,solar.bun_carm1#realenergyintotheload#kwh,BUNDOORA,0.0,0.014605514,0.0013604376,0.0013201312,0.0
2025-08-19 21:00:00,solar.bun_carm1#realenergyintotheload#kwh,BUNDOORA,0.0,-0.0116089275,0.0013604376,0.0013201312,0.0
2025-08-19 22:00:00,solar.bun_carm1#realenergyintotheload#kwh,BUNDOORA,0.0,-0.0116089275,0.0013604376,0.0013201312,0.0
2025-08-19 23:00:00,solar.bun_carm1#realenergyintotheload#kwh,BUNDOORA,0.0,-0.02123093,0.0013604376,0.0013201312,0.0
2025-08-20 00:00:00,solar.bun_carm1#realenergyintotheload#kwh,BUNDOORA,0.0,-0.020293703,0.0013604376,0.0013201312,0.0
2025-08-20 01:00:00,solar.bun_carm1#realenergyintotheload#kwh,BUNDOORA,0.0,-0.015461623,0.0013604376,0.0013201312,0.0
2025-08-20 02:00:00,solar.bun_carm1#realenergyintotheload#kwh,BUNDOORA,0.0,-0.01639885,0.0013604376,0.0013201312,0.0
2025-08-20 03:00:00,solar.bun_carm1#realenergyintotheload#kwh,BUNDOORA,0.0,-0.014757614,0.0013604376,0.0013201312,0.0
2025-08-20 04:00:00,solar.bun_carm1#realenergyintotheload#kwh,BUNDOORA,0.0,-0.014757614,0.0013604376,0.0013201312,0.0
2025-08-20 05:00:00,solar.bun_carm1#realenergyintotheload#kwh,BUNDOORA,0.0,-0.014757614,0.0013604376,0.0013201312,0.0
2025-08-20 06:00:00,solar.bun_carm1#realenergyintotheload#kwh,BUNDOORA,0.0,-0.014757614,0.0013604376,0.0013201312,0.0
2025-08-20 07:00:00,solar.bun_carm1#realenergyintotheload#kwh,BUNDOORA,0.0,0.11346099,0.0013604376,0.0013201312,0.0
2025-08-20 08:00:00,solar.bun_carm1#realenergyintotheload#kwh,BUNDOORA,0.0,-0.1705149,7.0670915,6.8577113,96.0
2025-08-20 09:00:00,solar.bun_carm1#realenergyintotheload#kwh,BUNDOORA,0.0,4.366311,20.742817,20.12826,277.0
2025-08-20 10:00:00,solar.bun_carm1#realenergyintotheload#kwh,BUNDOORA,0.0,30.517954,33.230804,32.246258,439.0
2025-08-20 11:00:00,solar.bun_carm1#realenergyintotheload#kwh,BUNDOORA,0.0,41.970062,42.26566,41.01343,561.0
2025-08-20 12:00:00,solar.bun_carm1#realenergyintotheload#kwh,BUNDOORA,0.0,44.89589,45.918507,44.558056,630.0
2025-08-20 13:00:00,solar.bun_carm1#realenergyintotheload#kwh,BUNDOORA,0.0,48.851574,46.6808,45.297768,639.0
2025-08-20 14:00:00,solar.bun_carm1#realenergyintotheload#kwh,BUNDOORA,0.0,43.951,43.481163,42.192924,587.0
2025-08-20 15:00:00,solar.bun_carm1#realenergyintotheload#kwh,BUNDOORA,0.0,32.056374,35.187008,34.144505,478.0
2025-08-20 16:00:00,solar.bun_carm1#realenergyintotheload#kwh,BUNDOORA,0.0,26.172226,24.4419,23.717749,325.0
2025-08-20 17:00:00,solar.bun_carm1#realenergyintotheload#kwh,BUNDOORA,0.0,10.065462,10.761681,10.442839,149.0
2025-08-20 18:00:00,solar.bun_carm1#realenergyintotheload#kwh,BUNDOORA,0.0,1.5591594,0.07223515,0.070095,4.0
2025-08-20 19:00:00,solar.bun_carm1#realenergyintotheload#kwh,BUNDOORA,0.0,-0.11211325,0.00066902995,0.00064920826,0.0
2025-08-20 20:00:00,solar.bun_carm1#realenergyintotheload#kwh,BUNDOORA,0.0,0.0012812978,0.0018259832,0.0017718838,0.0
2025-08-20 21:00:00,solar.bun_carm1#realenergyintotheload#kwh,BUNDOORA,0.0,-0.24199468,0.0018259832,0.0017718838,0.0
2025-08-20 22:00:00,solar.bun_carm1#realenergyintotheload#kwh,BUNDOORA,0.0,0.027341506,0.0018259832,0.0017718838,0.0
2025-08-20 23:00:00,solar.bun_carm1#realenergyintotheload#kwh,BUNDOORA,0.0,0.008236391,0.0013604376,0.0013201312,0.0
2025-08-21 00:00:00,solar.bun_carm1#realenergyintotheload#kwh,BUNDOORA,0.0,-0.006842464,0.0013604376,0.0013201312,0.0
2025-08-21 01:00:00,solar.bun_carm1#realenergyintotheload#kwh,BUNDOORA,0.0,-0.018099876,0.0013604376,0.0013201312,0.0
2025-08-21 02:00:00,solar.bun_carm1#realenergyintotheload#kwh,BUNDOORA,0.0,-0.01639885,0.0013604376,0.0013201312,0.0
2025-08-21 03:00:00,solar.bun_carm1#realenergyintotheload#kwh,BUNDOORA,0.0,-0.018705608,0.0013604376,0.0013201312,0.0
2025-08-21 04:00:00,solar.bun_carm1#realenergyintotheload#kwh,BUNDOORA,0.0,-0.018705608,0.0013604376,0.0013201312,0.0
2025-08-21 05:00:00,solar.bun_carm1#realenergyintotheload#kwh,BUNDOORA,0.0,-0.01639885,0.0013604376,0.0013201312,0.0
2025-08-21 06:00:00,solar.bun_carm1#realenergyintotheload#kwh,BUNDOORA,0.0,-0.0117521575,0.0013604376,0.0013201312,0.0
2025-08-21 07:00:00,solar.bun_carm1#realenergyintotheload#kwh,BUNDOORA,0.0,0.10668711,0.0013604376,0.0013201312,0.0
2025-08-21 08:00:00,solar.bun_carm1#realenergyintotheload#kwh,BUNDOORA,1.875,-0.17963316,7.283914,7.06811,97.0
2025-08-21 09:00:00,solar.bun_carm1#realenergyintotheload#kwh,BUNDOORA,15.4375,11.023264,20.554056,19.945091,274.0
2025-08-21 10:00:00,solar.bun_carm1#realenergyintotheload#kwh,BUNDOORA,31.5625,29.449564,33.21506,32.230984,439.0
2025-08-21 11:00:00,solar.bun_carm1#realenergyintotheload#kwh,BUNDOORA,41.75,41.152294,41.86191,40.621647,560.0
2025-08-21 12:00:00,solar.bun_carm1#realenergyintotheload#kwh,BUNDOORA,48.0625,45.58831,46.176094,44.80801,626.0
2025-08-21 13:00:00,solar.bun_carm1#realenergyintotheload#kwh,BUNDOORA,49.4375,46.20957,46.34058,44.967625,632.0
2025-08-21 14:00:00,solar.bun_carm1#realenergyintotheload#kwh,BUNDOORA,46.5625,44.423832,43.073654,41.79749,579.0
2025-08-21 15:00:00,solar.bun_carm1#realenergyintotheload#kwh,BUNDOORA,37.4375,34.02618,35.21075,34.167545,473.0
2025-08-21 16:00:00,solar.bun_carm1#realenergyintotheload#kwh,BUNDOORA,21.625,24.92225,23.640358,22.939953,321.0
2025-08-21 17:00:00,solar.bun_carm1#realenergyintotheload#kwh,BUNDOORA,6.75,14.213554,10.536578,10.224405,145.0
2025-08-21 18:00:00,solar.bun_carm1#realenergyintotheload#kwh,BUNDOORA,0.8125,1.2633817,0.012467522,0.012098141,3.0
2025-08-21 19:00:00,solar.bun_carm1#realenergyintotheload#kwh,BUNDOORA,0.0,0.08854408,0.0010162058,0.0009860981,0.0
2025-08-21 20:00:00,solar.bun_carm1#realenergyintotheload#kwh,BUNDOORA,0.0,-0.0018524202,0.0015300922,0.0014847594,0.0
2025-08-21 21:00:00,solar.bun_carm1#realenergyintotheload#kwh,BUNDOORA,0.0,0.011317639,0.0016821693,0.0016323308,0.0
2025-08-21 22:00:00,solar.bun_carm1#realenergyintotheload#kwh,BUNDOORA,0.0,0.005836037,0.0016821693,0.0016323308,0.0
2025-08-21 23:00:00,solar.bun_carm1#realenergyintotheload#kwh,BUNDOORA,0.0,0.020073913,0.0014274743,0.0013851818,0.0
2025-08-22 00:00:00,solar.bun_carm1#realenergyintotheload#kwh,BUNDOORA,0.0,0.0030723982,0.0021447968,0.0020812517,0.0
2025-08-22 01:00:00,solar.bun_carm1#realenergyintotheload#kwh,BUNDOORA,0.0,0.0030723982,0.0021447968,0.0020812517,0.0
2025-08-22 02:00:00,solar.bun_carm1#realenergyintotheload#kwh,BUNDOORA,0.0,0.0030723982,0.0021447968,0.0020812517,0.0
2025-08-22 03:00:00,solar.bun_carm1#realenergyintotheload#kwh,BUNDOORA,0.0,0.004586637,0.0019970322,0.0019378652,0.0
2025-08-22 04:00:00,solar.bun_carm1#realenergyintotheload#kwh,BUNDOORA,0.0,0.0046376158,0.0021447968,0.0020812517,0.0
2025-08-22 05:00:00,solar.bun_carm1#realenergyintotheload#kwh,BUNDOORA,0.0,0.0046376158,0.0021447968,0.0020812517,0.0
2025-08-22 06:00:00,solar.bun_carm1#realenergyintotheload#kwh,BUNDOORA,0.0,0.03029724,0.0021447968,0.0020812517,0.0
2025-08-22 07:00:00,solar.bun_carm1#realenergyintotheload#kwh,BUNDOORA,0.0,0.8718349,0.0019970322,0.0019378652,0.0
2025-08-22 08:00:00,solar.bun_carm1#realenergyintotheload#kwh,BUNDOORA,2.8125,1.8336713,5.4256372,5.2648892,70.0
2025-08-22 09:00:00,solar.bun_carm1#realenergyintotheload#kwh,BUNDOORA,10.125,11.595089,12.389228,12.022166,159.0
2025-08-22 10:00:00,solar.bun_carm1#realenergyintotheload#kwh,BUNDOORA,17.4375,19.417725,23.864603,23.157555,298.0
2025-08-22 11:00:00,solar.bun_carm1#realenergyintotheload#kwh,BUNDOORA,24.875,17.628078,16.320206,15.8366785,206.0
2025-08-22 12:00:00,solar.bun_carm1#realenergyintotheload#kwh,BUNDOORA,26.625,36.54754,36.80601,35.71554,478.0
2025-08-22 13:00:00,solar.bun_carm1#realenergyintotheload#kwh,BUNDOORA,39.625,38.556156,39.871243,38.689957,525.0
2025-08-22 14:00:00,solar.bun_carm1#realenergyintotheload#kwh,BUNDOORA,37.8125,36.99955,36.35133,35.27433,470.0
2025-08-22 15:00:00,solar.bun_carm1#realenergyintotheload#kwh,BUNDOORA,19.75,18.751686,17.447702,16.93077,220.0
2025-08-22 16:00:00,solar.bun_carm1#realenergyintotheload#kwh,BUNDOORA,18.5,19.715317,17.87417,17.344603,229.0
2025-08-22 17:00:00,solar.bun_carm1#realenergyintotheload#kwh,BUNDOORA,7.375,9.945853,3.6473649,3.5393026,51.0
2025-08-22 18:00:00,solar.bun_carm1#realenergyintotheload#kwh,BUNDOORA,0.375,2.3257525,0.0032441877,0.0031480705,1.0
2025-08-22 19:00:00,solar.bun_carm1#realenergyintotheload#kwh,BUNDOORA,0.0,0.08186135,0.0027356856,0.002654634,0.0
2025-08-22 20:00:00,solar.bun_carm1#realenergyintotheload#kwh,BUNDOORA,0.0,-0.029964887,0.0017899511,0.0017369193,0.0
2025-08-22 21:00:00,solar.bun_carm1#realenergyintotheload#kwh,BUNDOORA,0.0,0.035536103,0.0028256003,0.002741885,0.0
2025-08-22 22:00:00,solar.bun_carm1#realenergyintotheload#kwh,BUNDOORA,0.0,0.1599468,0.0025470185,0.0024715567,0.0
2025-08-22 23:00:00,solar.bun_carm1#realenergyintotheload#kwh,BUNDOORA,0.0,0.12378311,0.0026695367,0.002590445,0.0
2025-08-23 00:00:00,solar.bun_carm1#realenergyintotheload#kwh,BUNDOORA,0.0,0.039040193,0.0026746297,0.0025953872,0.0
2025-08-23 01:00:00,solar.bun_carm1#realenergyintotheload#kwh,BUNDOORA,0.0,0.0003145929,0.0019780602,0.0019194552,0.0
2025-08-23 02:00:00,solar.bun_carm1#realenergyintotheload#kwh,BUNDOORA,0.0,0.0034553276,0.0019780602,0.0019194552,0.0
2025-08-23 03:00:00,solar.bun_carm1#realenergyintotheload#kwh,BUNDOORA,0.0,0.008416862,0.0014274743,0.0013851818,0.0
2025-08-23 04:00:00,solar.bun_carm1#realenergyintotheload#kwh,BUNDOORA,0.0,-0.0042977533,0.0010645466,0.0010330068,0.0
2025-08-23 05:00:00,solar.bun_carm1#realenergyintotheload#kwh,BUNDOORA,0.0,0.008180198,0.0013604376,0.0013201312,0.0
2025-08-23 06:00:00,solar.bun_carm1#realenergyintotheload#kwh,BUNDOORA,0.0,0.011279349,0.0013604376,0.0013201312,0.0
2025-08-23 07:00:00,solar.bun_carm1#realenergyintotheload#kwh,BUNDOORA,0.0,0.20104736,0.0013604376,0.0013201312,0.0
2025-08-23 08:00:00,solar.bun_carm1#realenergyintotheload#kwh,BUNDOORA,2.1875,0.44580838,5.1404977,4.988198,66.0
2025-08-23 09:00:00,solar.bun_carm1#realenergyintotheload#kwh,BUNDOORA,7.8125,1.908634,12.73652,12.359169,168.0
2025-08-23 10:00:00,solar.bun_carm1#realenergyintotheload#kwh,BUNDOORA,19.3125,17.115105,25.760006,24.996801,327.0
2025-08-23 11:00:00,solar.bun_carm1#realenergyintotheload#kwh,BUNDOORA,23.1875,16.475197,19.845196,19.257233,248.0
2025-08-23 12:00:00,solar.bun_carm1#realenergyintotheload#kwh,BUNDOORA,41.8125,40.009945,45.947998,44.586674,609.0
2025-08-23 13:00:00,solar.bun_carm1#realenergyintotheload#kwh,BUNDOORA,39.625,34.725986,42.937283,41.665157,561.0
2025-08-23 14:00:00,solar.bun_carm1#realenergyintotheload#kwh,BUNDOORA,40.25,40.753246,44.704235,43.37976,590.0
2025-08-23 15:00:00,solar.bun_carm1#realenergyintotheload#kwh,BUNDOORA,35.5625,34.98232,36.85429,35.76239,481.0
2025-08-23 16:00:00,solar.bun_carm1#realenergyintotheload#kwh,BUNDOORA,23.6875,21.335258,24.512583,23.786337,328.0
2025-08-23 17:00:00,solar.bun_carm1#realenergyintotheload#kwh,BUNDOORA,7.9375,9.168505,10.581849,10.268335,150.0
2025-08-23 18:00:00,solar.bun_carm1#realenergyintotheload#kwh,BUNDOORA,1.1875,1.1600653,0.2033761,0.19735058,6.0
2025-08-23 19:00:00,solar.bun_carm1#realenergyintotheload#kwh,BUNDOORA,0.0,0.029006304,0.0014274743,0.0013851818,0.0
2025-08-23 20:00:00,solar.bun_carm1#realenergyintotheload#kwh,BUNDOORA,0.0,0.014292895,0.0014274743,0.0013851818,0.0
2025-08-23 21:00:00,solar.bun_carm1#realenergyintotheload#kwh,BUNDOORA,0.0,0.017913407,0.0013604376,0.0013201312,0.0
2025-08-23 22:00:00,solar.bun_carm1#realenergyintotheload#kwh,BUNDOORA,0.0,0.013130018,0.0013604376,0.0013201312,0.0
2025-08-23 23:00:00,solar.bun_carm1#realenergyintotheload#kwh,BUNDOORA,0.0,0.0019365754,0.0013604376,0.0013201312,0.0
2025-08-24 00:00:00,solar.bun_carm1#realenergyintotheload#kwh,BUNDOORA,0.0,-0.0116089275,0.0013604376,0.0013201312,0.0
2025-08-24 01:00:00,solar.bun_carm1#realenergyintotheload#kwh,BUNDOORA,0.0,-0.0116089275,0.0013604376,0.0013201312,0.0
2025-08-24 02:00:00,solar.bun_carm1#realenergyintotheload#kwh,BUNDOORA,0.0,-0.0116089275,0.0013604376,0.0013201312,0.0
2025-08-24 03:00:00,solar.bun_carm1#realenergyintotheload#kwh,BUNDOORA,0.0,0.0048441114,0.0014274743,0.0013851818,0.0
2025-08-24 04:00:00,solar.bun_carm1#realenergyintotheload#kwh,BUNDOORA,0.0,0.017947225,0.0014274743,0.0013851818,0.0
2025-08-24 05:00:00,solar.bun_carm1#realenergyintotheload#kwh,BUNDOORA,0.0,-0.008716098,0.0013604376,0.0013201312,0.0
2025-08-24 06:00:00,solar.bun_carm1#realenergyintotheload#kwh,BUNDOORA,0.0,-0.016584238,0.0013604376,0.0013201312,0.0
2025-08-24 07:00:00,solar.bun_carm1#realenergyintotheload#kwh,BUNDOORA,0.0,-0.072517194,0.0013604376,0.0013201312,0.0
2025-08-24 08:00:00,solar.bun_carm1#realenergyintotheload#kwh,BUNDOORA,2.875,1.9587802,7.5003076,7.2780924,111.0
2025-08-24 09:00:00,solar.bun_carm1#realenergyintotheload#kwh,BUNDOORA,17.125,7.3849483,21.89648,21.247742,296.0
2025-08-24 10:00:00,solar.bun_carm1#realenergyintotheload#kwh,BUNDOORA,33.4375,24.583725,35.531532,34.47882,464.0
2025-08-24 11:00:00,solar.bun_carm1#realenergyintotheload#kwh,BUNDOORA,45.0,42.03569,44.60832,43.286686,590.0
2025-08-24 12:00:00,solar.bun_carm1#realenergyintotheload#kwh,BUNDOORA,50.4375,46.03571,49.292343,47.831936,658.0
2025-08-24 13:00:00,solar.bun_carm1#realenergyintotheload#kwh,BUNDOORA,51.125,47.72591,49.361347,47.898895,664.0
2025-08-24 14:00:00,solar.bun_carm1#realenergyintotheload#kwh,BUNDOORA,48.5625,45.886745,45.230545,43.890476,608.0
2025-08-24 15:00:00,solar.bun_carm1#realenergyintotheload#kwh,BUNDOORA,39.375,37.19476,36.807438,35.716927,497.0
2025-08-24 16:00:00,solar.bun_carm1#realenergyintotheload#kwh,BUNDOORA,23.9375,28.365267,25.351513,24.60041,340.0
2025-08-24 17:00:00,solar.bun_carm1#realenergyintotheload#kwh,BUNDOORA,8.125,13.473077,11.127845,10.798155,158.0
2025-08-24 18:00:00,solar.bun_carm1#realenergyintotheload#kwh,BUNDOORA,1.0,1.3465011,0.26014012,0.25243282,7.0
2025-08-24 19:00:00,solar.bun_carm1#realenergyintotheload#kwh,BUNDOORA,0.0,0.07228426,0.0013604376,0.0013201312,0.0
2025-08-24 20:00:00,solar.bun_carm1#realenergyintotheload#kwh,BUNDOORA,0.0,0.0034705994,0.0013604376,0.0013201312,0.0
2025-08-24 21:00:00,solar.bun_carm1#realenergyintotheload#kwh,BUNDOORA,0.0,0.0025013345,0.0013604376,0.0013201312,0.0
2025-08-24 22:00:00,solar.bun_carm1#realenergyintotheload#kwh,BUNDOORA,0.0,0.001163844,0.0013604376,0.0013201312,0.0
2025-08-24 23:00:00,solar.bun_carm1#realenergyintotheload#kwh,BUNDOORA,0.0,0.001163844,0.0013604376,0.0013201312,0.0
2025-08-25 00:00:00,solar.bun_carm1#realenergyintotheload#kwh,BUNDOORA,0.0,0.0012885062,0.0013604376,0.0013201312,0.0
2025-08-25 01:00:00,solar.bun_carm1#realenergyintotheload#kwh,BUNDOORA,0.0,-0.009533118,0.0014274743,0.0013851818,0.0
2025-08-25 02:00:00,solar.bun_carm1#realenergyintotheload#kwh,BUNDOORA,0.0,-0.023537686,0.0013604376,0.0013201312,0.0
2025-08-25 03:00:00,solar.bun_carm1#realenergyintotheload#kwh,BUNDOORA,0.0,-0.018540882,0.0013604376,0.0013201312,0.0
2025-08-25 04:00:00,solar.bun_carm1#realenergyintotheload#kwh,BUNDOORA,0.0,-0.0047778925,0.0014274743,0.0013851818,0.0
2025-08-25 05:00:00,solar.bun_carm1#realenergyintotheload#kwh,BUNDOORA,0.0,-0.006302491,0.0014274743,0.0013851818,0.0
2025-08-25 06:00:00,solar.bun_carm1#realenergyintotheload#kwh,BUNDOORA,0.0,0.008601093,0.0014274743,0.0013851818,0.0
2025-08-25 07:00:00,solar.bun_carm1#realenergyintotheload#kwh,BUNDOORA,0.0,0.110472366,0.0014274743,0.0013851818,0.0
2025-08-25 08:00:00,solar.bun_carm1#realenergyintotheload#kwh,BUNDOORA,3.5625,-0.01594154,6.8405776,6.6379085,95.0
2025-08-25 09:00:00,solar.bun_carm1#realenergyintotheload#kwh,BUNDOORA,17.625,4.0739384,16.90337,16.402565,228.0
2025-08-25 10:00:00,solar.bun_carm1#realenergyintotheload#kwh,BUNDOORA,22.625,14.591128,16.619389,16.126997,205.0
2025-08-25 11:00:00,solar.bun_carm1#realenergyintotheload#kwh,BUNDOORA,26.25,33.429485,33.0553,32.075954,425.0
2025-08-25 12:00:00,solar.bun_carm1#realenergyintotheload#kwh,BUNDOORA,40.125,34.838394,39.770977,38.592663,528.0
2025-08-25 13:00:00,solar.bun_carm1#realenergyintotheload#kwh,BUNDOORA,28.875,25.923286,23.403397,22.710012,297.0
2025-08-25 14:00:00,solar.bun_carm1#realenergyintotheload#kwh,BUNDOORA,31.0625,36.7739,37.93836,36.81434,500.0
2025-08-25 15:00:00,solar.bun_carm1#realenergyintotheload#kwh,BUNDOORA,26.9375,29.243618,26.253763,25.47593,338.0
2025-08-25 16:00:00,solar.bun_carm1#realenergyintotheload#kwh,BUNDOORA,19.0625,22.19167,19.807167,19.22033,258.0
2025-08-25 17:00:00,solar.bun_carm1#realenergyintotheload#kwh,BUNDOORA,6.9375,5.328246,3.4624724,3.359888,48.0
2025-08-25 18:00:00,solar.bun_carm1#realenergyintotheload#kwh,BUNDOORA,0.9375,0.84962,0.0129474895,0.012563888,3.0
2025-08-25 19:00:00,solar.bun_carm1#realenergyintotheload#kwh,BUNDOORA,0.0,-0.07764125,0.001676148,0.0016264879,0.0
2025-08-25 20:00:00,solar.bun_carm1#realenergyintotheload#kwh,BUNDOORA,0.0,-0.09446918,0.0015042903,0.0014597219,0.0
2025-08-25 21:00:00,solar.bun_carm1#realenergyintotheload#kwh,BUNDOORA,0.0,-0.08033807,0.001676148,0.0016264879,0.0
2025-08-25 22:00:00,solar.bun_carm1#realenergyintotheload#kwh,BUNDOORA,0.0,0.010076204,-0.00028432655,0.0,0.0
2025-08-25 23:00:00,solar.bun_carm1#realenergyintotheload#kwh,BUNDOORA,0.0,0.014378769,0.0034190663,0.003317768,0.0
2025-08-26 00:00:00,solar.bun_carm1#realenergyintotheload#kwh,BUNDOORA,0.0,-0.06565172,0.002569337,0.0024932139,0.0
2025-08-26 01:00:00,solar.bun_carm1#realenergyintotheload#kwh,BUNDOORA,0.0,-0.2583281,0.001999294,0.0019400598,0.0
2025-08-26 02:00:00,solar.bun_carm1#realenergyintotheload#kwh,BUNDOORA,0.0,-0.0082471,-0.005483591,0.0,0.0
2025-08-26 03:00:00,solar.bun_carm1#realenergyintotheload#kwh,BUNDOORA,0.0,0.008880643,0.0037619448,0.0036504879,0.0
2025-08-26 04:00:00,solar.bun_carm1#realenergyintotheload#kwh,BUNDOORA,0.0,0.008880643,0.0037619448,0.0036504879,0.0
2025-08-26 05:00:00,solar.bun_carm1#realenergyintotheload#kwh,BUNDOORA,0.0,-0.09886194,0.002906499,0.0028203866,0.0
2025-08-26 06:00:00,solar.bun_carm1#realenergyintotheload#kwh,BUNDOORA,0.0,-0.099921495,0.0030132232,0.002923949,0.0
2025-08-26 07:00:00,solar.bun_carm1#realenergyintotheload#kwh,BUNDOORA,0.0,0.62550515,0.0031850808,0.0030907148,0.0
2025-08-26 08:00:00,solar.bun_carm1#realenergyintotheload#kwh,BUNDOORA,0.125,2.1415222,1.9089934,1.8524346,29.0
2025-08-26 09:00:00,solar.bun_carm1#realenergyintotheload#kwh,BUNDOORA,2.5625,4.9866786,7.1146507,6.9038615,96.0
2025-08-26 10:00:00,solar.bun_carm1#realenergyintotheload#kwh,BUNDOORA,4.6875,11.625798,9.157395,8.886085,113.0
2025-08-26 11:00:00,solar.bun_carm1#realenergyintotheload#kwh,BUNDOORA,11.6875,22.0479,12.579177,12.206488,158.0
2025-08-26 12:00:00,solar.bun_carm1#realenergyintotheload#kwh,BUNDOORA,16.75,11.503983,7.928546,7.693643,102.0
2025-08-26 13:00:00,solar.bun_carm1#realenergyintotheload#kwh,BUNDOORA,7.9375,9.46525,5.164898,5.0118747,66.0
2025-08-26 14:00:00,solar.bun_carm1#realenergyintotheload#kwh,BUNDOORA,10.0625,7.668597,6.2456355,6.060593,80.0
2025-08-26 15:00:00,solar.bun_carm1#realenergyintotheload#kwh,BUNDOORA,8.3125,5.4837837,7.1192245,6.9083,93.0
2025-08-26 16:00:00,solar.bun_carm1#realenergyintotheload#kwh,BUNDOORA,4.125,6.7932925,4.478862,4.346164,61.0
2025-08-26 17:00:00,solar.bun_carm1#realenergyintotheload#kwh,BUNDOORA,1.125,5.398544,2.124958,2.0620008,32.0
2025-08-26 18:00:00,solar.bun_carm1#realenergyintotheload#kwh,BUNDOORA,0.0,-0.052978754,0.0025628265,0.0024868965,2.0
2025-08-26 19:00:00,solar.bun_carm1#realenergyintotheload#kwh,BUNDOORA,0.0,0.06600778,0.0021633285,0.0020992344,0.0
2025-08-26 20:00:00,solar.bun_carm1#realenergyintotheload#kwh,BUNDOORA,0.0,0.01840346,0.0017966466,0.0017434164,0.0
2025-08-26 21:00:00,solar.bun_carm1#realenergyintotheload#kwh,BUNDOORA,0.0,0.0056479545,0.0015317085,0.0014863278,0.0
2025-08-26 22:00:00,solar.bun_carm1#realenergyintotheload#kwh,BUNDOORA,0.0,0.016693082,0.0016899225,0.0016398544,0.0
2025-08-26 23:00:00,solar.bun_carm1#realenergyintotheload#kwh,BUNDOORA,0.0,-0.026812097,0.0024423806,0.002370019,0.0
2025-08-27 00:00:00,solar.bun_carm1#realenergyintotheload#kwh,BUNDOORA,0.0,-0.030796202,0.002948603,0.0028612432,0.0
2025-08-27 01:00:00,solar.bun_carm1#realenergyintotheload#kwh,BUNDOORA,0.0,-0.03417264,0.0028414084,0.0027572245,0.0
2025-08-27 02:00:00,solar.bun_carm1#realenergyintotheload#kwh,BUNDOORA,0.0,-0.0208652,0.0025628265,0.0024868965,0.0
2025-08-27 03:00:00,solar.bun_carm1#realenergyintotheload#kwh,BUNDOORA,0.0,-0.025196133,0.0025628265,0.0024868965,0.0
2025-08-27 04:00:00,solar.bun_carm1#realenergyintotheload#kwh,BUNDOORA,0.0,-0.0193547,0.0019452046,0.001887573,0.0
2025-08-27 05:00:00,solar.bun_carm1#realenergyintotheload#kwh,BUNDOORA,0.0,-0.016546218,0.0027020646,0.0026220093,0.0
2025-08-27 06:00:00,solar.bun_carm1#realenergyintotheload#kwh,BUNDOORA,0.0,-0.012096291,0.002635028,0.0025569587,0.0
2025-08-27 07:00:00,solar.bun_carm1#realenergyintotheload#kwh,BUNDOORA,0.0,1.2740698,0.0028478412,0.002763467,0.0
2025-08-27 08:00:00,solar.bun_carm1#realenergyintotheload#kwh,BUNDOORA,0.0,3.7171938,7.5700316,7.3457503,101.0
2025-08-27 09:00:00,solar.bun_carm1#realenergyintotheload#kwh,BUNDOORA,0.0,15.829088,22.602032,21.93239,299.0
2025-08-27 10:00:00,solar.bun_carm1#realenergyintotheload#kwh,BUNDOORA,0.0,27.144836,33.077534,32.09753,424.0
2025-08-27 11:00:00,solar.bun_carm1#realenergyintotheload#kwh,BUNDOORA,0.0,22.27753,23.367786,22.675457,289.0
2025-08-27 12:00:00,solar.bun_carm1#realenergyintotheload#kwh,BUNDOORA,0.0,8.669711,4.0844946,3.9634812,53.0
2025-08-27 13:00:00,solar.bun_carm1#realenergyintotheload#kwh,BUNDOORA,0.0,31.032299,37.508373,36.397095,480.0
2025-08-27 14:00:00,solar.bun_carm1#realenergyintotheload#kwh,BUNDOORA,0.0,20.663885,16.372187,15.887119,205.0
2025-08-27 15:00:00,solar.bun_carm1#realenergyintotheload#kwh,BUNDOORA,0.0,8.180247,4.943434,4.7969723,66.0
2025-08-27 16:00:00,solar.bun_carm1#realenergyintotheload#kwh,BUNDOORA,0.0,14.016094,16.65127,16.157934,215.0
2025-08-27 17:00:00,solar.bun_carm1#realenergyintotheload#kwh,BUNDOORA,0.0,10.006027,10.740532,10.422317,149.0
2025-08-27 18:00:00,solar.bun_carm1#realenergyintotheload#kwh,BUNDOORA,0.0,0.6012582,0.3510668,0.34066558,8.0
2025-08-27 19:00:00,solar.bun_carm1#realenergyintotheload#kwh,BUNDOORA,0.0,0.06370552,0.0016226053,0.0015745315,0.0
2025-08-27 20:00:00,solar.bun_carm1#realenergyintotheload#kwh,BUNDOORA,0.0,0.08877324,0.002447576,0.0023750605,0.0
2025-08-27 21:00:00,solar.bun_carm1#realenergyintotheload#kwh,BUNDOORA,0.0,0.08349728,0.0026613877,0.0025825375,0.0
2025-08-27 22:00:00,solar.bun_carm1#realenergyintotheload#kwh,BUNDOORA,0.0,0.05537501,0.0022947055,0.0022267192,0.0
2025-08-27 23:00:00,solar.bun_carm1#realenergyintotheload#kwh,BUNDOORA,0.0,0.05074767,0.0022947055,0.0022267192,0.0
2025-08-28 00:00:00,solar.bun_carm1#realenergyintotheload#kwh,BUNDOORA,0.0,0.01223195,0.0018291601,0.0017749667,0.0
2025-08-28 01:00:00,solar.bun_carm1#realenergyintotheload#kwh,BUNDOORA,0.0,0.072155476,0.0014389817,0.0013963484,0.0
2025-08-28 02:00:00,solar.bun_carm1#realenergyintotheload#kwh,BUNDOORA,0.0,0.043086775,0.0021958419,0.0021307846,0.0
2025-08-28 03:00:00,solar.bun_carm1#realenergyintotheload#kwh,BUNDOORA,0.0,0.0752799,0.0021958419,0.0021307846,0.0
2025-08-28 04:00:00,solar.bun_carm1#realenergyintotheload#kwh,BUNDOORA,0.0,0.014595305,0.0021958419,0.0021307846,0.0
2025-08-28 05:00:00,solar.bun_carm1#realenergyintotheload#kwh,BUNDOORA,0.0,0.022186939,0.0027020646,0.0026220093,0.0
2025-08-28 06:00:00,solar.bun_carm1#realenergyintotheload#kwh,BUNDOORA,0.0,0.051457398,0.0019452046,0.001887573,0.0
2025-08-28 07:00:00,solar.bun_carm1#realenergyintotheload#kwh,BUNDOORA,0.0,0.6668266,0.0014389817,0.0013963484,0.0
2025-08-28 08:00:00,solar.bun_carm1#realenergyintotheload#kwh,BUNDOORA,0.0,3.9030974,4.75087,4.6101136,63.0
2025-08-28 09:00:00,solar.bun_carm1#realenergyintotheload#kwh,BUNDOORA,0.0,9.30121,14.08176,13.664553,179.0
2025-08-28 10:00:00,solar.bun_carm1#realenergyintotheload#kwh,BUNDOORA,0.0,21.571226,28.354263,27.514196,357.0
2025-08-28 11:00:00,solar.bun_carm1#realenergyintotheload#kwh,BUNDOORA,0.0,25.210304,33.59619,32.60082,428.0
2025-08-28 12:00:00,solar.bun_carm1#realenergyintotheload#kwh,BUNDOORA,0.0,28.657663,30.814756,29.901793,391.0
2025-08-28 13:00:00,solar.bun_carm1#realenergyintotheload#kwh,BUNDOORA,0.0,32.67759,33.73951,32.73989,431.0
2025-08-28 14:00:00,solar.bun_carm1#realenergyintotheload#kwh,BUNDOORA,0.0,33.60037,40.093796,38.90592,523.0
2025-08-28 15:00:00,solar.bun_carm1#realenergyintotheload#kwh,BUNDOORA,0.0,19.340115,17.372019,16.857328,220.0
2025-08-28 16:00:00,solar.bun_carm1#realenergyintotheload#kwh,BUNDOORA,0.0,15.603064,10.95856,10.633885,141.0
2025-08-28 17:00:00,solar.bun_carm1#realenergyintotheload#kwh,BUNDOORA,0.0,11.751771,10.264899,9.960776,141.0
2025-08-28 18:00:00,solar.bun_carm1#realenergyintotheload#kwh,BUNDOORA,0.0,1.7268572,0.35352245,0.34304845,8.0
2025-08-28 19:00:00,solar.bun_carm1#realenergyintotheload#kwh,BUNDOORA,0.0,0.115274094,0.0021364915,0.0020731925,0.0
2025-08-28 20:00:00,solar.bun_carm1#realenergyintotheload#kwh,BUNDOORA,0.0,0.04287979,0.0021364915,0.0020731925,0.0
2025-08-28 21:00:00,solar.bun_carm1#realenergyintotheload#kwh,BUNDOORA,0.0,0.05450979,0.0016709461,0.0016214402,0.0
2025-08-28 22:00:00,solar.bun_carm1#realenergyintotheload#kwh,BUNDOORA,0.0,0.016464353,0.0016709461,0.0016214402,0.0
2025-08-28 23:00:00,solar.bun_carm1#realenergyintotheload#kwh,BUNDOORA,0.0,0.011407113,0.0016709461,0.0016214402,0.0
2025-08-29 00:00:00,solar.bun_carm1#realenergyintotheload#kwh,BUNDOORA,0.0,0.00077124964,0.0016039095,0.0015563897,0.0
2025-08-29 01:00:00,solar.bun_carm1#realenergyintotheload#kwh,BUNDOORA,0.0,0.011407113,0.0016709461,0.0016214402,0.0
2025-08-29 02:00:00,solar.bun_carm1#realenergyintotheload#kwh,BUNDOORA,0.0,0.013529411,0.0016709461,0.0016214402,0.0
2025-08-29 03:00:00,solar.bun_carm1#realenergyintotheload#kwh,BUNDOORA,0.0,0.011407113,0.0016039095,0.0015563897,0.0
2025-08-29 04:00:00,solar.bun_carm1#realenergyintotheload#kwh,BUNDOORA,0.0,-0.03359011,0.0016039095,0.0015563897,0.0
2025-08-29 05:00:00,solar.bun_carm1#realenergyintotheload#kwh,BUNDOORA,0.0,-0.015695151,0.0018291601,0.0017749667,0.0
2025-08-29 06:00:00,solar.bun_carm1#realenergyintotheload#kwh,BUNDOORA,0.0,0.048756883,0.0021958419,0.0021307846,0.0
2025-08-29 07:00:00,solar.bun_carm1#realenergyintotheload#kwh,BUNDOORA,0.0,0.24300443,0.0014389817,0.0013963484,0.0
2025-08-29 08:00:00,solar.bun_carm1#realenergyintotheload#kwh,BUNDOORA,2.375,0.8589878,4.2908735,4.163746,58.0
2025-08-29 09:00:00,solar.bun_carm1#realenergyintotheload#kwh,BUNDOORA,9.625,10.679975,15.536,15.075707,197.0
2025-08-29 10:00:00,solar.bun_carm1#realenergyintotheload#kwh,BUNDOORA,16.0,14.881409,23.304361,22.61391,290.0
2025-08-29 11:00:00,solar.bun_carm1#realenergyintotheload#kwh,BUNDOORA,25.9375,15.826442,23.353886,22.661968,290.0
2025-08-29 12:00:00,solar.bun_carm1#realenergyintotheload#kwh,BUNDOORA,41.4375,16.61398,21.659576,21.017857,275.0
2025-08-29 13:00:00,solar.bun_carm1#realenergyintotheload#kwh,BUNDOORA,29.0,16.405844,14.619325,14.186191,187.0
2025-08-29 14:00:00,solar.bun_carm1#realenergyintotheload#kwh,BUNDOORA,17.875,9.005132,8.797218,8.536579,111.0
2025-08-29 15:00:00,solar.bun_carm1#realenergyintotheload#kwh,BUNDOORA,24.0625,14.521685,12.790045,12.411108,164.0
2025-08-29 16:00:00,solar.bun_carm1#realenergyintotheload#kwh,BUNDOORA,25.75,11.994757,25.552286,24.795237,336.0
2025-08-29 17:00:00,solar.bun_carm1#realenergyintotheload#kwh,BUNDOORA,9.28125,6.254969,7.790469,7.559657,110.0
2025-08-29 18:00:00,solar.bun_carm1#realenergyintotheload#kwh,BUNDOORA,1.59375,0.094353944,0.2600391,0.25233477,7.0
2025-08-29 19:00:00,solar.bun_carm1#realenergyintotheload#kwh,BUNDOORA,0.0,-0.0013699178,0.003100573,0.003008711,0.0
2025-08-29 20:00:00,solar.bun_carm1#realenergyintotheload#kwh,BUNDOORA,0.0,0.101290315,0.0028142582,0.0027308788,0.0
2025-08-29 21:00:00,solar.bun_carm1#realenergyintotheload#kwh,BUNDOORA,0.0,0.047216408,0.0028142582,0.0027308788,0.0
2025-08-29 22:00:00,solar.bun_carm1#realenergyintotheload#kwh,BUNDOORA,0.0,0.0803606,0.0022947055,0.0022267192,0.0
2025-08-29 23:00:00,solar.bun_carm1#realenergyintotheload#kwh,BUNDOORA,0.0,0.04255148,0.0016709461,0.0016214402,0.0
2025-08-30 00:00:00,solar.bun_carm1#realenergyintotheload#kwh,BUNDOORA,0.0,0.025048908,0.00091408606,0.00088700396,0.0
2025-08-30 01:00:00,solar.bun_carm1#realenergyintotheload#kwh,BUNDOORA,0.0,0.005619891,0.0010208101,0.0009905661,0.0
2025-08-30 02:00:00,solar.bun_carm1#realenergyintotheload#kwh,BUNDOORA,0.0,-0.0111396145,0.002288083,0.0022202928,0.0
2025-08-30 03:00:00,solar.bun_carm1#realenergyintotheload#kwh,BUNDOORA,0.0,0.014409085,0.0064712367,0.00627951,0.0
2025-08-30 04:00:00,solar.bun_carm1#realenergyintotheload#kwh,BUNDOORA,0.0,0.021534964,0.004348467,0.004219633,0.0
2025-08-30 05:00:00,solar.bun_carm1#realenergyintotheload#kwh,BUNDOORA,0.0,0.007566707,0.004348467,0.004219633,0.0
2025-08-30 06:00:00,solar.bun_carm1#realenergyintotheload#kwh,BUNDOORA,0.0,0.01875288,0.003044943,0.0029547291,0.0
2025-08-30 07:00:00,solar.bun_carm1#realenergyintotheload#kwh,BUNDOORA,0.0,-0.19570181,0.003044943,0.0029547291,1.0
2025-08-30 08:00:00,solar.bun_carm1#realenergyintotheload#kwh,BUNDOORA,0.0,2.7091737,5.113733,4.962226,71.0
2025-08-30 09:00:00,solar.bun_carm1#realenergyintotheload#kwh,BUNDOORA,0.0,8.512089,16.076105,15.599811,200.0
2025-08-30 10:00:00,solar.bun_carm1#realenergyintotheload#kwh,BUNDOORA,0.0,14.62822,21.01747,20.394773,266.0
2025-08-30 11:00:00,solar.bun_carm1#realenergyintotheload#kwh,BUNDOORA,0.0,38.258636,44.94892,43.617195,601.0
2025-08-30 12:00:00,solar.bun_carm1#realenergyintotheload#kwh,BUNDOORA,0.0,37.60726,47.903683,46.484417,640.0
2025-08-30 13:00:00,solar.bun_carm1#realenergyintotheload#kwh,BUNDOORA,0.0,30.629494,29.258375,28.391523,375.0
2025-08-30 14:00:00,solar.bun_carm1#realenergyintotheload#kwh,BUNDOORA,0.0,21.17435,22.501268,21.834612,283.0
2025-08-30 15:00:00,solar.bun_carm1#realenergyintotheload#kwh,BUNDOORA,0.0,23.049355,24.763044,24.029377,310.0
2025-08-30 16:00:00,solar.bun_carm1#realenergyintotheload#kwh,BUNDOORA,0.0,21.205278,18.962946,18.401121,238.0
2025-08-30 17:00:00,solar.bun_carm1#realenergyintotheload#kwh,BUNDOORA,0.0,12.408763,11.118273,10.788866,153.0
2025-08-30 18:00:00,solar.bun_carm1#realenergyintotheload#kwh,BUNDOORA,0.0,1.3350885,0.51315916,0.49795553,11.0
2025-08-30 19:00:00,solar.bun_carm1#realenergyintotheload#kwh,BUNDOORA,0.0,0.08060273,0.0021447968,0.0020812517,0.0
2025-08-30 20:00:00,solar.bun_carm1#realenergyintotheload#kwh,BUNDOORA,0.0,-0.0013656919,0.0021447968,0.0020812517,0.0
2025-08-30 21:00:00,solar.bun_carm1#realenergyintotheload#kwh,BUNDOORA,0.0,-0.0014156764,0.002105086,0.0020427178,0.0
2025-08-30 22:00:00,solar.bun_carm1#realenergyintotheload#kwh,BUNDOORA,0.0,0.0086924685,0.0014223809,0.0013802393,0.0
2025-08-30 23:00:00,solar.bun_carm1#realenergyintotheload#kwh,BUNDOORA,0.0,0.06002444,0.00066552084,0.0006458031,0.0
2025-08-31 00:00:00,solar.bun_carm1#realenergyintotheload#kwh,BUNDOORA,0.0,0.066738985,0.00091408606,0.00088700396,0.0
2025-08-31 01:00:00,solar.bun_carm1#realenergyintotheload#kwh,BUNDOORA,0.0,0.0086924685,0.0014223809,0.0013802393,0.0
2025-08-31 02:00:00,solar.bun_carm1#realenergyintotheload#kwh,BUNDOORA,0.0,-0.0021685855,0.002105086,0.0020427178,0.0
2025-08-31 03:00:00,solar.bun_carm1#realenergyintotheload#kwh,BUNDOORA,0.0,0.010030497,0.0014274743,0.0013851818,0.0
2025-08-31 04:00:00,solar.bun_carm1#realenergyintotheload#kwh,BUNDOORA,0.0,0.009650217,0.0014274743,0.0013851818,0.0
2025-08-31 05:00:00,solar.bun_carm1#realenergyintotheload#kwh,BUNDOORA,0.0,0.0075279176,0.0014274743,0.0013851818,0.0
2025-08-31 06:00:00,solar.bun_carm1#realenergyintotheload#kwh,BUNDOORA,0.0,0.022937447,0.0014274743,0.0013851818,0.0
2025-08-31 07:00:00,solar.bun_carm1#realenergyintotheload#kwh,BUNDOORA,0.0,0.39691138,0.0014274743,0.0013851818,2.0
2025-08-31 08:00:00,solar.bun_carm1#realenergyintotheload#kwh,BUNDOORA,0.0,1.4133617,8.413452,8.164183,123.0
2025-08-31 09:00:00,solar.bun_carm1#realenergyintotheload#kwh,BUNDOORA,0.0,10.638512,17.185324,16.676165,224.0
2025-08-31 10:00:00,solar.bun_carm1#realenergyintotheload#kwh,BUNDOORA,0.0,22.076862,18.018803,17.484951,225.0
2025-08-31 11:00:00,solar.bun_carm1#realenergyintotheload#kwh,BUNDOORA,0.0,21.97706,17.449272,16.932293,221.0
2025-08-31 12:00:00,solar.bun_carm1#realenergyintotheload#kwh,BUNDOORA,0.0,28.003315,28.995796,28.136723,366.0
2025-08-31 13:00:00,solar.bun_carm1#realenergyintotheload#kwh,BUNDOORA,0.0,31.274616,35.788322,34.728004,460.0
2025-08-31 14:00:00,solar.bun_carm1#realenergyintotheload#kwh,BUNDOORA,0.0,27.300741,34.24656,33.23192,435.0
2025-08-31 15:00:00,solar.bun_carm1#realenergyintotheload#kwh,BUNDOORA,0.0,21.298977,17.848927,17.320107,226.0
2025-08-31 16:00:00,solar.bun_carm1#realenergyintotheload#kwh,BUNDOORA,0.0,21.341972,22.635672,21.965033,291.0
2025-08-31 17:00:00,solar.bun_carm1#realenergyintotheload#kwh,BUNDOORA,0.0,15.291354,8.593147,8.338553,117.0
2025-08-31 18:00:00,solar.bun_carm1#realenergyintotheload#kwh,BUNDOORA,0.0,2.5869577,0.6320113,0.6132864,12.0
2025-08-31 19:00:00,solar.bun_carm1#realenergyintotheload#kwh,BUNDOORA,0.0,0.070621684,0.0014274743,0.0013851818,0.0
2025-08-31 20:00:00,solar.bun_carm1#realenergyintotheload#kwh,BUNDOORA,0.0,0.0030723982,0.0010645466,0.0010330068,0.0
2025-08-31 21:00:00,solar.bun_carm1#realenergyintotheload#kwh,BUNDOORA,0.0,0.0030723982,0.0010645466,0.0010330068,0.0
2025-08-31 22:00:00,solar.bun_carm1#realenergyintotheload#kwh,BUNDOORA,0.0,-0.004671964,0.002762419,0.0026805755,0.0
2025-08-31 23:00:00,solar.bun_carm1#realenergyintotheload#kwh,BUNDOORA,0.0,0.0119898915,0.0014274743,0.0013851818,0.0
2025-09-01 00:00:00,solar.bun_carm1#realenergyintotheload#kwh,BUNDOORA,0.0,0.009650217,0.0014274743,0.0013851818,0.0
2025-09-01 01:00:00,solar.bun_carm1#realenergyintotheload#kwh,BUNDOORA,0.0,0.0075279176,0.0014274743,0.0013851818,0.0
2025-09-01 02:00:00,solar.bun_carm1#realenergyintotheload#kwh,BUNDOORA,0.0,0.0075279176,0.0013604376,0.0013201312,0.0
2025-09-01 03:00:00,solar.bun_carm1#realenergyintotheload#kwh,BUNDOORA,0.0,-0.027064053,0.0013604376,0.0013201312,0.0
2025-09-01 04:00:00,solar.bun_carm1#realenergyintotheload#kwh,BUNDOORA,0.0,0.008056184,0.0013604376,0.0013201312,0.0
2025-09-01 05:00:00,solar.bun_carm1#realenergyintotheload#kwh,BUNDOORA,0.0,-0.0069315378,0.0021447968,0.0020812517,0.0
2025-09-01 06:00:00,solar.bun_carm1#realenergyintotheload#kwh,BUNDOORA,0.0,0.07455968,0.0014274743,0.0013851818,0.0
2025-09-01 07:00:00,solar.bun_carm1#realenergyintotheload#kwh,BUNDOORA,0.0625,0.32372448,0.0014274743,0.0013851818,2.0
2025-09-01 08:00:00,solar.bun_carm1#realenergyintotheload#kwh,BUNDOORA,5.6875,0.8868873,6.0989656,5.9182687,87.0
2025-09-01 09:00:00,solar.bun_carm1#realenergyintotheload#kwh,BUNDOORA,13.25,9.983557,22.471071,21.80531,293.0
2025-09-01 10:00:00,solar.bun_carm1#realenergyintotheload#kwh,BUNDOORA,33.9375,36.743187,38.283146,37.14891,496.0
2025-09-01 11:00:00,solar.bun_carm1#realenergyintotheload#kwh,BUNDOORA,36.125,31.932783,37.655464,36.539825,486.0
2025-09-01 12:00:00,solar.bun_carm1#realenergyintotheload#kwh,BUNDOORA,30.0625,29.843723,26.654171,25.864475,333.0
2025-09-01 13:00:00,solar.bun_carm1#realenergyintotheload#kwh,BUNDOORA,25.625,19.38496,13.491983,13.09225,173.0
2025-09-01 14:00:00,solar.bun_carm1#realenergyintotheload#kwh,BUNDOORA,23.9375,23.442068,22.62855,21.958122,281.0
2025-09-01 15:00:00,solar.bun_carm1#realenergyintotheload#kwh,BUNDOORA,17.3125,17.41074,12.732825,12.355583,162.0
2025-09-01 16:00:00,solar.bun_carm1#realenergyintotheload#kwh,BUNDOORA,19.125,22.9825,15.776174,15.308765,198.0
2025-09-01 17:00:00,solar.bun_carm1#realenergyintotheload#kwh,BUNDOORA,5.6875,11.400027,6.394304,6.2048564,86.0
2025-09-01 18:00:00,solar.bun_carm1#realenergyintotheload#kwh,BUNDOORA,1.125,1.3923804,0.4390797,0.42607087,9.0
2025-09-01 19:00:00,solar.bun_carm1#realenergyintotheload#kwh,BUNDOORA,0.0,0.11733425,0.000916782,0.00088962005,0.0
2025-09-01 20:00:00,solar.bun_carm1#realenergyintotheload#kwh,BUNDOORA,0.0,-0.10771598,0.0010645466,0.0010330068,0.0
2025-09-01 21:00:00,solar.bun_carm1#realenergyintotheload#kwh,BUNDOORA,0.0,0.025362546,0.0010645466,0.0010330068,0.0
2025-09-01 22:00:00,solar.bun_carm1#realenergyintotheload#kwh,BUNDOORA,0.0,0.024081115,0.0014274743,0.0013851818,0.0
2025-09-01 23:00:00,solar.bun_carm1#realenergyintotheload#kwh,BUNDOORA,0.0,-0.0066045094,0.0010645466,0.0010330068,0.0
2025-09-02 00:00:00,solar.bun_carm1#realenergyintotheload#kwh,BUNDOORA,0.0,-0.0066045094,0.0010645466,0.0010330068,0.0
2025-09-02 01:00:00,solar.bun_carm1#realenergyintotheload#kwh,BUNDOORA,0.0,0.008323123,0.0014274743,0.0013851818,0.0
2025-09-02 02:00:00,solar.bun_carm1#realenergyintotheload#kwh,BUNDOORA,0.0,-0.0064623505,0.0010645466,0.0010330068,0.0
2025-09-02 03:00:00,solar.bun_carm1#realenergyintotheload#kwh,BUNDOORA,0.0,-0.0064623505,0.0010645466,0.0010330068,0.0
2025-09-02 04:00:00,solar.bun_carm1#realenergyintotheload#kwh,BUNDOORA,0.0,0.00846528,0.0014274743,0.0013851818,0.0
2025-09-02 05:00:00,solar.bun_carm1#realenergyintotheload#kwh,BUNDOORA,0.0,0.010518145,0.0014274743,0.0013851818,0.0
2025-09-02 06:00:00,solar.bun_carm1#realenergyintotheload#kwh,BUNDOORA,0.0,-0.0069189128,0.0021447968,0.0020812517,0.0
2025-09-02 07:00:00,solar.bun_carm1#realenergyintotheload#kwh,BUNDOORA,0.0625,0.250837,0.0021447968,0.0020812517,2.0
2025-09-02 08:00:00,solar.bun_carm1#realenergyintotheload#kwh,BUNDOORA,3.8125,1.5150054,6.045221,5.866116,89.0
2025-09-02 09:00:00,solar.bun_carm1#realenergyintotheload#kwh,BUNDOORA,11.25,15.10964,19.653547,19.071262,251.0
2025-09-02 10:00:00,solar.bun_carm1#realenergyintotheload#kwh,BUNDOORA,15.0625,16.2116,16.22254,15.741906,202.0
2025-09-02 11:00:00,solar.bun_carm1#realenergyintotheload#kwh,BUNDOORA,33.3125,33.96332,38.415016,37.276875,495.0
2025-09-02 12:00:00,solar.bun_carm1#realenergyintotheload#kwh,BUNDOORA,43.1875,53.06739,50.803665,49.29848,695.0
2025-09-02 13:00:00,solar.bun_carm1#realenergyintotheload#kwh,BUNDOORA,42.875,41.050537,40.021317,38.835587,526.0
2025-09-02 14:00:00,solar.bun_carm1#realenergyintotheload#kwh,BUNDOORA,29.0,39.871204,35.672535,34.615646,462.0
2025-09-02 15:00:00,solar.bun_carm1#realenergyintotheload#kwh,BUNDOORA,30.6875,34.187927,32.53767,31.57366,425.0
2025-09-02 16:00:00,solar.bun_carm1#realenergyintotheload#kwh,BUNDOORA,22.625,29.586409,27.34058,26.530546,367.0
2025-09-02 17:00:00,solar.bun_carm1#realenergyintotheload#kwh,BUNDOORA,9.5625,13.505372,9.318881,9.042786,127.0
2025-09-02 18:00:00,solar.bun_carm1#realenergyintotheload#kwh,BUNDOORA,1.375,0.85423976,0.08636801,0.083809145,4.0
2025-09-02 19:00:00,solar.bun_carm1#realenergyintotheload#kwh,BUNDOORA,0.0,-0.030757435,8.235517e-05,7.991519e-05,0.0
2025-09-02 20:00:00,solar.bun_carm1#realenergyintotheload#kwh,BUNDOORA,0.0,0.12320586,0.0019602415,0.0019021644,0.0
2025-09-02 21:00:00,solar.bun_carm1#realenergyintotheload#kwh,BUNDOORA,0.0,0.12320586,0.002569337,0.0024932139,0.0
2025-09-02 22:00:00,solar.bun_carm1#realenergyintotheload#kwh,BUNDOORA,0.0,-0.02203544,0.0024626127,0.0023896517,0.0
2025-09-02 23:00:00,solar.bun_carm1#realenergyintotheload#kwh,BUNDOORA,0.0,0.052496955,0.0035257905,0.0034213301,0.0
2025-09-03 00:00:00,solar.bun_carm1#realenergyintotheload#kwh,BUNDOORA,0.0,0.1984958,-0.0009808226,0.0,0.0
2025-09-03 01:00:00,solar.bun_carm1#realenergyintotheload#kwh,BUNDOORA,0.0,-0.13222244,-0.001589918,0.0,0.0
2025-09-03 02:00:00,solar.bun_carm1#realenergyintotheload#kwh,BUNDOORA,0.0,0.041046254,0.0010239593,0.0009936219,0.0
2025-09-03 03:00:00,solar.bun_carm1#realenergyintotheload#kwh,BUNDOORA,0.0,0.016189732,0.0011306833,0.001097184,0.0
2025-09-03 04:00:00,solar.bun_carm1#realenergyintotheload#kwh,BUNDOORA,0.0,0.051558115,0.0017974401,0.0017441865,0.0
2025-09-03 05:00:00,solar.bun_carm1#realenergyintotheload#kwh,BUNDOORA,0.0,0.09052866,0.0017974401,0.0017441865,0.0
2025-09-03 06:00:00,solar.bun_carm1#realenergyintotheload#kwh,BUNDOORA,0.0,0.16706927,0.0015378455,0.001492283,0.0
2025-09-03 07:00:00,solar.bun_carm1#realenergyintotheload#kwh,BUNDOORA,0.0,1.3830532,0.0022947055,0.0022267192,2.0
2025-09-03 08:00:00,solar.bun_carm1#realenergyintotheload#kwh,BUNDOORA,0.0,8.128211,4.315704,4.1878405,58.0
2025-09-03 09:00:00,solar.bun_carm1#realenergyintotheload#kwh,BUNDOORA,0.0,21.947416,18.475988,17.92859,237.0
2025-09-03 10:00:00,solar.bun_carm1#realenergyintotheload#kwh,BUNDOORA,0.0,35.70541,37.97967,36.854427,496.0
2025-09-03 11:00:00,solar.bun_carm1#realenergyintotheload#kwh,BUNDOORA,0.0,38.24,46.22884,44.859196,618.0
2025-09-03 12:00:00,solar.bun_carm1#realenergyintotheload#kwh,BUNDOORA,0.0,37.742874,48.464962,47.029068,644.0
2025-09-03 13:00:00,solar.bun_carm1#realenergyintotheload#kwh,BUNDOORA,0.0,32.553257,35.006462,33.969307,454.0
2025-09-03 14:00:00,solar.bun_carm1#realenergyintotheload#kwh,BUNDOORA,0.0,36.571922,34.65063,33.62402,445.0
2025-09-03 15:00:00,solar.bun_carm1#realenergyintotheload#kwh,BUNDOORA,0.0,30.23284,31.225908,30.300762,413.0
2025-09-03 16:00:00,solar.bun_carm1#realenergyintotheload#kwh,BUNDOORA,0.0,18.221617,19.065289,18.500431,237.0
2025-09-03 17:00:00,solar.bun_carm1#realenergyintotheload#kwh,BUNDOORA,0.0,5.8402147,6.1539006,5.9715757,83.0
2025-09-03 18:00:00,solar.bun_carm1#realenergyintotheload#kwh,BUNDOORA,0.0,0.26531056,0.19501577,0.18923794,6.0
2025-09-03 19:00:00,solar.bun_carm1#realenergyintotheload#kwh,BUNDOORA,0.0,-0.095780686,0.0013453119,0.0013054536,0.0
2025-09-03 20:00:00,solar.bun_carm1#realenergyintotheload#kwh,BUNDOORA,0.0,-0.02090878,0.0009751654,0.0009462737,0.0
2025-09-03 21:00:00,solar.bun_carm1#realenergyintotheload#kwh,BUNDOORA,0.0,0.02746104,0.0013823275,0.0013413726,0.0
2025-09-03 22:00:00,solar.bun_carm1#realenergyintotheload#kwh,BUNDOORA,0.0,0.026054941,0.000916782,0.00088962005,0.0
2025-09-03 23:00:00,solar.bun_carm1#realenergyintotheload#kwh,BUNDOORA,0.0,0.033343263,0.000916782,0.00088962005,0.0
2025-09-04 00:00:00,solar.bun_carm1#realenergyintotheload#kwh,BUNDOORA,0.0,0.033343263,0.0011953638,0.0011599482,0.0
2025-09-04 01:00:00,solar.bun_carm1#realenergyintotheload#kwh,BUNDOORA,0.0,0.062474478,0.0011953638,0.0011599482,0.0
2025-09-04 02:00:00,solar.bun_carm1#realenergyintotheload#kwh,BUNDOORA,0.0,0.010596506,0.001023506,0.0009931821,0.0
2025-09-04 03:00:00,solar.bun_carm1#realenergyintotheload#kwh,BUNDOORA,0.0,0.0051149027,0.001023506,0.0009931821,0.0
2025-09-04 04:00:00,solar.bun_carm1#realenergyintotheload#kwh,BUNDOORA,0.0,0.00668012,0.0021037564,0.0020414274,0.0
2025-09-04 05:00:00,solar.bun_carm1#realenergyintotheload#kwh,BUNDOORA,0.0,0.00668012,0.0021037564,0.0020414274,0.0
2025-09-04 06:00:00,solar.bun_carm1#realenergyintotheload#kwh,BUNDOORA,0.0,0.13607663,0.00145495,0.0014118435,0.0
2025-09-04 07:00:00,solar.bun_carm1#realenergyintotheload#kwh,BUNDOORA,0.0,0.8631901,0.0009441027,0.0009161313,1.0
2025-09-04 08:00:00,solar.bun_carm1#realenergyintotheload#kwh,BUNDOORA,0.0,8.850988,6.761321,6.561,95.0
2025-09-04 09:00:00,solar.bun_carm1#realenergyintotheload#kwh,BUNDOORA,0.0,20.631948,26.730005,25.938063,348.0
2025-09-04 10:00:00,solar.bun_carm1#realenergyintotheload#kwh,BUNDOORA,0.0,22.021301,18.483013,17.935408,233.0
2025-09-04 11:00:00,solar.bun_carm1#realenergyintotheload#kwh,BUNDOORA,0.0,21.649387,23.355473,22.663507,293.0
2025-09-04 12:00:00,solar.bun_carm1#realenergyintotheload#kwh,BUNDOORA,0.0,26.668018,34.244984,33.23039,440.0
2025-09-04 13:00:00,solar.bun_carm1#realenergyintotheload#kwh,BUNDOORA,0.0,34.77344,44.529037,43.209755,588.0
2025-09-04 14:00:00,solar.bun_carm1#realenergyintotheload#kwh,BUNDOORA,0.0,36.05626,44.87702,43.54743,597.0
2025-09-04 15:00:00,solar.bun_carm1#realenergyintotheload#kwh,BUNDOORA,0.0,35.099144,39.907017,38.72467,523.0
2025-09-04 16:00:00,solar.bun_carm1#realenergyintotheload#kwh,BUNDOORA,0.0,15.741742,15.24504,14.793367,192.0
2025-09-04 17:00:00,solar.bun_carm1#realenergyintotheload#kwh,BUNDOORA,0.0,10.657596,13.053599,12.666854,178.0
2025-09-04 18:00:00,solar.bun_carm1#realenergyintotheload#kwh,BUNDOORA,0.0,2.8094764,1.1009094,1.0682921,19.0
2025-09-04 19:00:00,solar.bun_carm1#realenergyintotheload#kwh,BUNDOORA,0.0,0.11589701,0.0018930198,0.0018369344,0.0
2025-09-04 20:00:00,solar.bun_carm1#realenergyintotheload#kwh,BUNDOORA,0.0,0.048816357,0.0018930198,0.0018369344,0.0
2025-09-04 21:00:00,solar.bun_carm1#realenergyintotheload#kwh,BUNDOORA,0.0,0.0150142135,0.0013604376,0.0013201312,0.0
2025-09-04 22:00:00,solar.bun_carm1#realenergyintotheload#kwh,BUNDOORA,0.0,0.0008186517,0.0014274743,0.0013851818,0.0
2025-09-04 23:00:00,solar.bun_carm1#realenergyintotheload#kwh,BUNDOORA,0.0,-0.0116089275,0.0013604376,0.0013201312,0.0
2025-09-05 00:00:00,solar.bun_carm1#realenergyintotheload#kwh,BUNDOORA,0.0,-0.021143677,0.0013604376,0.0013201312,0.0
2025-09-05 01:00:00,solar.bun_carm1#realenergyintotheload#kwh,BUNDOORA,0.0,-0.02123093,0.0013604376,0.0013201312,0.0
2025-09-05 02:00:00,solar.bun_carm1#realenergyintotheload#kwh,BUNDOORA,0.0,-0.02123093,0.0013604376,0.0013201312,0.0
2025-09-05 03:00:00,solar.bun_carm1#realenergyintotheload#kwh,BUNDOORA,0.0,-0.019037107,0.0013604376,0.0013201312,0.0
2025-09-05 04:00:00,solar.bun_carm1#realenergyintotheload#kwh,BUNDOORA,0.0,-0.0062780306,0.0014274743,0.0013851818,0.0
2025-09-05 05:00:00,solar.bun_carm1#realenergyintotheload#kwh,BUNDOORA,0.0,-0.018705608,0.0013604376,0.0013201312,0.0
2025-09-05 06:00:00,solar.bun_carm1#realenergyintotheload#kwh,BUNDOORA,0.0,-0.01327063,0.0013604376,0.0013201312,0.0
2025-09-05 07:00:00,solar.bun_carm1#realenergyintotheload#kwh,BUNDOORA,0.0,-0.017203167,0.35169768,0.34127775,8.0
2025-09-05 08:00:00,solar.bun_carm1#realenergyintotheload#kwh,BUNDOORA,0.0,1.9033645,12.328587,11.963322,168.0
2025-09-05 09:00:00,solar.bun_carm1#realenergyintotheload#kwh,BUNDOORA,0.0,15.749534,27.289555,26.481033,362.0
2025-09-05 10:00:00,solar.bun_carm1#realenergyintotheload#kwh,BUNDOORA,0.0,37.509197,39.895683,38.713673,534.0
2025-09-05 11:00:00,solar.bun_carm1#realenergyintotheload#kwh,BUNDOORA,0.0,43.308308,49.486107,48.01996,663.0
2025-09-05 12:00:00,solar.bun_carm1#realenergyintotheload#kwh,BUNDOORA,0.0,50.165356,52.321865,50.771698,732.0
2025-09-05 13:00:00,solar.bun_carm1#realenergyintotheload#kwh,BUNDOORA,0.0,50.41127,53.22645,51.649487,737.0
2025-09-05 14:00:00,solar.bun_carm1#realenergyintotheload#kwh,BUNDOORA,0.0,47.7568,49.743156,48.26939,677.0
2025-09-05 15:00:00,solar.bun_carm1#realenergyintotheload#kwh,BUNDOORA,0.0,40.404877,41.125717,39.907265,559.0
2025-09-05 16:00:00,solar.bun_carm1#realenergyintotheload#kwh,BUNDOORA,0.0,15.792748,29.463053,28.590136,392.0
2025-09-05 17:00:00,solar.bun_carm1#realenergyintotheload#kwh,BUNDOORA,0.0,19.884983,14.346848,13.921786,197.0
2025-09-05 18:00:00,solar.bun_carm1#realenergyintotheload#kwh,BUNDOORA,0.0,2.175169,1.0924299,1.060064,18.0
2025-09-05 19:00:00,solar.bun_carm1#realenergyintotheload#kwh,BUNDOORA,0.0,0.07617002,0.0018930198,0.0018369344,0.0
2025-09-05 20:00:00,solar.bun_carm1#realenergyintotheload#kwh,BUNDOORA,0.0,0.018318353,0.0014274743,0.0013851818,0.0
2025-09-05 21:00:00,solar.bun_carm1#realenergyintotheload#kwh,BUNDOORA,0.0,0.017947225,0.0014274743,0.0013851818,0.0
2025-09-05 22:00:00,solar.bun_carm1#realenergyintotheload#kwh,BUNDOORA,0.0,0.021863714,0.0014274743,0.0013851818,0.0
2025-09-05 23:00:00,solar.bun_carm1#realenergyintotheload#kwh,BUNDOORA,0.0,0.0061057247,0.0014274743,0.0013851818,0.0
2025-09-06 00:00:00,solar.bun_carm1#realenergyintotheload#kwh,BUNDOORA,0.0,-0.009533118,0.0014274743,0.0013851818,0.0
2025-09-06 01:00:00,solar.bun_carm1#realenergyintotheload#kwh,BUNDOORA,0.0,-0.007084649,0.0014274743,0.0013851818,0.0
2025-09-06 02:00:00,solar.bun_carm1#realenergyintotheload#kwh,BUNDOORA,0.0,-0.016895076,0.0013604376,0.0013201312,0.0
2025-09-06 03:00:00,solar.bun_carm1#realenergyintotheload#kwh,BUNDOORA,0.0,-0.01639885,0.0013604376,0.0013201312,0.0
2025-09-06 04:00:00,solar.bun_carm1#realenergyintotheload#kwh,BUNDOORA,0.0,-0.01639885,0.0013604376,0.0013201312,0.0
2025-09-06 05:00:00,solar.bun_carm1#realenergyintotheload#kwh,BUNDOORA,0.0,-0.016738512,0.0013604376,0.0013201312,0.0
2025-09-06 06:00:00,solar.bun_carm1#realenergyintotheload#kwh,BUNDOORA,0.0,8.2910585e-05,0.0013604376,0.0013201312,0.0
2025-09-06 07:00:00,solar.bun_carm1#realenergyintotheload#kwh,BUNDOORA,0.0,0.1770768,0.51119465,0.49604923,11.0
2025-09-06 08:00:00,solar.bun_carm1#realenergyintotheload#kwh,BUNDOORA,0.0,4.6409783,12.6399,12.265411,173.0
2025-09-06 09:00:00,solar.bun_carm1#realenergyintotheload#kwh,BUNDOORA,0.0,20.348125,27.63045,26.811829,364.0
2025-09-06 10:00:00,solar.bun_carm1#realenergyintotheload#kwh,BUNDOORA,0.0,37.400177,39.550438,38.37866,528.0
2025-09-06 11:00:00,solar.bun_carm1#realenergyintotheload#kwh,BUNDOORA,0.0,48.400917,49.09144,47.636982,652.0
2025-09-06 12:00:00,solar.bun_carm1#realenergyintotheload#kwh,BUNDOORA,0.0,51.39179,51.997444,50.45689,714.0
2025-09-06 13:00:00,solar.bun_carm1#realenergyintotheload#kwh,BUNDOORA,0.0,51.95555,52.250214,50.70217,713.0
2025-09-06 14:00:00,solar.bun_carm1#realenergyintotheload#kwh,BUNDOORA,0.0,48.62013,49.243973,47.784996,653.0
2025-09-06 15:00:00,solar.bun_carm1#realenergyintotheload#kwh,BUNDOORA,0.0,39.36595,40.726196,39.51958,538.0
2025-09-06 16:00:00,solar.bun_carm1#realenergyintotheload#kwh,BUNDOORA,0.0,24.75941,24.763931,24.030237,326.0
2025-09-06 17:00:00,solar.bun_carm1#realenergyintotheload#kwh,BUNDOORA,0.0,13.964526,11.165928,10.83511,154.0
2025-09-06 18:00:00,solar.bun_carm1#realenergyintotheload#kwh,BUNDOORA,0.0,0.5755309,0.21649571,0.21008149,6.0
2025-09-06 19:00:00,solar.bun_carm1#realenergyintotheload#kwh,BUNDOORA,0.0,-0.19575885,-0.003111145,0.0,0.0
2025-09-06 20:00:00,solar.bun_carm1#realenergyintotheload#kwh,BUNDOORA,0.0,-0.19716011,-0.0031355117,0.0,0.0
2025-09-06 21:00:00,solar.bun_carm1#realenergyintotheload#kwh,BUNDOORA,0.0,-0.11977,-0.004856706,0.0,0.0
2025-09-06 22:00:00,solar.bun_carm1#realenergyintotheload#kwh,BUNDOORA,0.0,-0.117431805,-0.0014132708,0.0,0.0
2025-09-06 23:00:00,solar.bun_carm1#realenergyintotheload#kwh,BUNDOORA,0.0,-0.39401382,0.0005290399,0.0005133657,0.0
2025-09-07 00:00:00,solar.bun_carm1#realenergyintotheload#kwh,BUNDOORA,0.0,-0.39401382,0.0005290399,0.0005133657,0.0
2025-09-07 01:00:00,solar.bun_carm1#realenergyintotheload#kwh,BUNDOORA,0.0,-0.17586997,0.0011381353,0.0011044152,0.0
2025-09-07 02:00:00,solar.bun_carm1#realenergyintotheload#kwh,BUNDOORA,0.0,-0.17586997,0.002291691,0.0022237939,0.0
2025-09-07 03:00:00,solar.bun_carm1#realenergyintotheload#kwh,BUNDOORA,0.0,-0.1739203,0.0012285128,0.0011921151,0.0
2025-09-07 04:00:00,solar.bun_carm1#realenergyintotheload#kwh,BUNDOORA,0.0,-0.1739203,0.0012285128,0.0011921151,0.0
2025-09-07 05:00:00,solar.bun_carm1#realenergyintotheload#kwh,BUNDOORA,0.0,-0.060189515,-0.007208334,0.0,0.0
2025-09-07 06:00:00,solar.bun_carm1#realenergyintotheload#kwh,BUNDOORA,0.0,-0.0485961,0.0012285128,0.0011921151,0.0
2025-09-07 07:00:00,solar.bun_carm1#realenergyintotheload#kwh,BUNDOORA,0.25,-0.92925763,0.44104895,0.42798176,9.0
2025-09-07 08:00:00,solar.bun_carm1#realenergyintotheload#kwh,BUNDOORA,3.375,1.5570042,4.9283495,4.782335,67.0
2025-09-07 09:00:00,solar.bun_carm1#realenergyintotheload#kwh,BUNDOORA,9.3125,14.318694,13.813072,13.403826,178.0
2025-09-07 10:00:00,solar.bun_carm1#realenergyintotheload#kwh,BUNDOORA,19.9375,16.890593,15.408154,14.951649,198.0
2025-09-07 11:00:00,solar.bun_carm1#realenergyintotheload#kwh,BUNDOORA,13.625,19.277336,13.522628,13.121986,175.0
2025-09-07 12:00:00,solar.bun_carm1#realenergyintotheload#kwh,BUNDOORA,9.5,12.866198,8.758865,8.499362,116.0
2025-09-07 13:00:00,solar.bun_carm1#realenergyintotheload#kwh,BUNDOORA,9.0,7.59442,6.4548163,6.263576,84.0
2025-09-07 14:00:00,solar.bun_carm1#realenergyintotheload#kwh,BUNDOORA,21.3125,19.715666,24.1021,23.388016,305.0
2025-09-07 15:00:00,solar.bun_carm1#realenergyintotheload#kwh,BUNDOORA,22.375,17.436632,23.502668,22.806343,296.0
2025-09-07 16:00:00,solar.bun_carm1#realenergyintotheload#kwh,BUNDOORA,24.9375,21.667435,26.988646,26.18904,356.0
2025-09-07 17:00:00,solar.bun_carm1#realenergyintotheload#kwh,BUNDOORA,10.5625,12.798406,8.65492,8.398496,112.0
2025-09-07 18:00:00,solar.bun_carm1#realenergyintotheload#kwh,BUNDOORA,2.125,1.2959892,0.19515051,0.18936868,5.0
2025-09-07 19:00:00,solar.bun_carm1#realenergyintotheload#kwh,BUNDOORA,0.0,0.56739587,0.0031588401,0.0030652515,0.0
2025-09-07 20:00:00,solar.bun_carm1#realenergyintotheload#kwh,BUNDOORA,0.0,1.1343801,-0.0064890287,0.0,0.0
2025-09-07 21:00:00,solar.bun_carm1#realenergyintotheload#kwh,BUNDOORA,0.0,0.5874207,0.0019478174,0.0018901085,0.0
2025-09-07 22:00:00,solar.bun_carm1#realenergyintotheload#kwh,BUNDOORA,0.0,0.35782906,0.0016393084,0.0015907398,0.0
2025-09-07 23:00:00,solar.bun_carm1#realenergyintotheload#kwh,BUNDOORA,0.0,0.40647826,0.001133086,0.0010995156,0.0
2025-09-08 00:00:00,solar.bun_carm1#realenergyintotheload#kwh,BUNDOORA,0.0,0.49542293,0.0028027904,0.0027197506,0.0
2025-09-08 01:00:00,solar.bun_carm1#realenergyintotheload#kwh,BUNDOORA,0.0,0.17406161,0.002554225,0.0024785497,0.0
2025-09-08 02:00:00,solar.bun_carm1#realenergyintotheload#kwh,BUNDOORA,0.0,0.11211235,0.0024525712,0.0023799075,0.0
2025-09-08 03:00:00,solar.bun_carm1#realenergyintotheload#kwh,BUNDOORA,0.0,0.016180879,0.0024922814,0.0024184412,0.0
2025-09-08 04:00:00,solar.bun_carm1#realenergyintotheload#kwh,BUNDOORA,0.0,-0.026364487,0.0021689106,0.0021046512,0.0
2025-09-08 05:00:00,solar.bun_carm1#realenergyintotheload#kwh,BUNDOORA,0.0,0.0036870155,0.0019923674,0.0019333386,0.0
2025-09-08 06:00:00,solar.bun_carm1#realenergyintotheload#kwh,BUNDOORA,0.0,0.08545994,0.0026075938,0.0025303373,0.0
2025-09-08 07:00:00,solar.bun_carm1#realenergyintotheload#kwh,BUNDOORA,0.1875,2.598925,0.88241094,0.85626733,16.0
2025-09-08 08:00:00,solar.bun_carm1#realenergyintotheload#kwh,BUNDOORA,6.9375,10.660752,13.559543,13.157807,184.0
2025-09-08 09:00:00,solar.bun_carm1#realenergyintotheload#kwh,BUNDOORA,25.375,28.758217,28.19392,27.358604,374.0
2025-09-08 10:00:00,solar.bun_carm1#realenergyintotheload#kwh,BUNDOORA,40.625,38.77863,40.28228,39.088818,539.0
2025-09-08 11:00:00,solar.bun_carm1#realenergyintotheload#kwh,BUNDOORA,48.625,44.38486,49.114635,47.659492,661.0
2025-09-08 12:00:00,solar.bun_carm1#realenergyintotheload#kwh,BUNDOORA,46.4375,37.000248,44.54299,43.223293,595.0
2025-09-08 13:00:00,solar.bun_carm1#realenergyintotheload#kwh,BUNDOORA,46.625,47.224686,51.731327,50.198658,703.0
2025-09-08 14:00:00,solar.bun_carm1#realenergyintotheload#kwh,BUNDOORA,47.3125,43.195282,49.2965,47.835968,671.0
2025-09-08 15:00:00,solar.bun_carm1#realenergyintotheload#kwh,BUNDOORA,34.1875,35.148994,34.936108,33.90104,451.0
2025-09-08 16:00:00,solar.bun_carm1#realenergyintotheload#kwh,BUNDOORA,21.375,17.48124,16.68131,16.187084,210.0
2025-09-08 17:00:00,solar.bun_carm1#realenergyintotheload#kwh,BUNDOORA,10.125,15.931425,13.754606,13.347092,188.0
2025-09-08 18:00:00,solar.bun_carm1#realenergyintotheload#kwh,BUNDOORA,2.0,5.1587844,1.4466192,1.4037595,24.0
2025-09-08 19:00:00,solar.bun_carm1#realenergyintotheload#kwh,BUNDOORA,0.0,0.22818533,0.001530124,0.0014847902,0.0
2025-09-08 20:00:00,solar.bun_carm1#realenergyintotheload#kwh,BUNDOORA,0.0,-0.13652085,0.0026584198,0.0025796574,0.0
2025-09-08 21:00:00,solar.bun_carm1#realenergyintotheload#kwh,BUNDOORA,0.0,-0.059136357,0.003227964,0.0031323275,0.0
2025-09-08 22:00:00,solar.bun_carm1#realenergyintotheload#kwh,BUNDOORA,0.0,0.08599017,0.0020450968,0.0019845057,0.0
2025-09-08 23:00:00,solar.bun_carm1#realenergyintotheload#kwh,BUNDOORA,0.0,0.04820653,0.0013604376,0.0013201312,0.0
2025-09-09 00:00:00,solar.bun_carm1#realenergyintotheload#kwh,BUNDOORA,0.0,-0.010060212,0.0013604376,0.0013201312,0.0
2025-09-09 01:00:00,solar.bun_carm1#realenergyintotheload#kwh,BUNDOORA,0.0,-0.093438506,0.0013604376,0.0013201312,0.0
2025-09-09 02:00:00,solar.bun_carm1#realenergyintotheload#kwh,BUNDOORA,0.0,0.01759093,0.0013604376,0.0013201312,0.0
2025-09-09 03:00:00,solar.bun_carm1#realenergyintotheload#kwh,BUNDOORA,0.0,0.020052893,0.0014274743,0.0013851818,0.0
2025-09-09 04:00:00,solar.bun_carm1#realenergyintotheload#kwh,BUNDOORA,0.0,0.018528294,0.0014274743,0.0013851818,0.0
2025-09-09 05:00:00,solar.bun_carm1#realenergyintotheload#kwh,BUNDOORA,0.0,0.018000029,0.0014274743,0.0013851818,0.0
2025-09-09 06:00:00,solar.bun_carm1#realenergyintotheload#kwh,BUNDOORA,0.0,0.02013862,0.0014274743,0.0013851818,0.0
2025-09-09 07:00:00,solar.bun_carm1#realenergyintotheload#kwh,BUNDOORA,0.375,0.94620705,0.63392156,0.6151401,13.0
2025-09-09 08:00:00,solar.bun_carm1#realenergyintotheload#kwh,BUNDOORA,5.375,6.888381,8.220296,7.976749,109.0
2025-09-09 09:00:00,solar.bun_carm1#realenergyintotheload#kwh,BUNDOORA,14.5,12.525114,20.728792,20.11465,260.0
2025-09-09 10:00:00,solar.bun_carm1#realenergyintotheload#kwh,BUNDOORA,21.0,20.529867,16.502619,16.013687,211.0
2025-09-09 11:00:00,solar.bun_carm1#realenergyintotheload#kwh,BUNDOORA,18.625,25.71761,24.280056,23.5607,305.0
2025-09-09 12:00:00,solar.bun_carm1#realenergyintotheload#kwh,BUNDOORA,37.5625,37.51866,37.03225,35.935078,483.0
2025-09-09 13:00:00,solar.bun_carm1#realenergyintotheload#kwh,BUNDOORA,38.3125,29.490894,34.716278,33.68772,447.0
2025-09-09 14:00:00,solar.bun_carm1#realenergyintotheload#kwh,BUNDOORA,27.1875,30.3111,35.86535,34.80275,462.0
2025-09-09 15:00:00,solar.bun_carm1#realenergyintotheload#kwh,BUNDOORA,39.375,32.13702,39.59025,38.41729,519.0
2025-09-09 16:00:00,solar.bun_carm1#realenergyintotheload#kwh,BUNDOORA,20.25,16.437508,16.971014,16.468204,212.0
2025-09-09 17:00:00,solar.bun_carm1#realenergyintotheload#kwh,BUNDOORA,9.0625,14.884291,11.536943,11.195132,156.0
2025-09-09 18:00:00,solar.bun_carm1#realenergyintotheload#kwh,BUNDOORA,1.625,4.0007586,1.09314,1.060753,18.0
2025-09-09 19:00:00,solar.bun_carm1#realenergyintotheload#kwh,BUNDOORA,0.0,0.029975569,0.0014274743,0.0013851818,0.0
2025-09-09 20:00:00,solar.bun_carm1#realenergyintotheload#kwh,BUNDOORA,0.0,0.01689084,0.0014274743,0.0013851818,0.0
2025-09-09 21:00:00,solar.bun_carm1#realenergyintotheload#kwh,BUNDOORA,0.0,0.00043861434,0.0010645466,0.0010330068,0.0
2025-09-09 22:00:00,solar.bun_carm1#realenergyintotheload#kwh,BUNDOORA,0.0,0.01689084,0.0014274743,0.0013851818,0.0
2025-09-09 23:00:00,solar.bun_carm1#realenergyintotheload#kwh,BUNDOORA,0.0,0.0079188645,0.0014274743,0.0013851818,0.0
2025-09-10 00:00:00,solar.bun_carm1#realenergyintotheload#kwh,BUNDOORA,0.0,0.0064291265,0.0014274743,0.0013851818,0.0
2025-09-10 01:00:00,solar.bun_carm1#realenergyintotheload#kwh,BUNDOORA,0.0,0.00864145,0.0014274743,0.0013851818,0.0
2025-09-10 02:00:00,solar.bun_carm1#realenergyintotheload#kwh,BUNDOORA,0.0,-0.008821908,0.000916782,0.00088962005,0.0
2025-09-10 03:00:00,solar.bun_carm1#realenergyintotheload#kwh,BUNDOORA,0.0,0.0061057247,0.0014274743,0.0013851818,0.0
2025-09-10 04:00:00,solar.bun_carm1#realenergyintotheload#kwh,BUNDOORA,0.0,-0.008821908,0.000916782,0.00088962005,0.0
2025-09-10 05:00:00,solar.bun_carm1#realenergyintotheload#kwh,BUNDOORA,0.0,-0.0070087686,0.0010645466,0.0010330068,0.0
2025-09-10 06:00:00,solar.bun_carm1#realenergyintotheload#kwh,BUNDOORA,0.0,-0.006620285,0.000916782,0.00088962005,0.0
2025-09-10 07:00:00,solar.bun_carm1#realenergyintotheload#kwh,BUNDOORA,0.0,0.15677755,0.44337133,0.43023533,9.0
2025-09-10 08:00:00,solar.bun_carm1#realenergyintotheload#kwh,BUNDOORA,0.0,0.6705707,7.1031737,6.8927245,98.0
2025-09-10 09:00:00,solar.bun_carm1#realenergyintotheload#kwh,BUNDOORA,0.0,10.284221,21.489622,20.852938,274.0
2025-09-10 10:00:00,solar.bun_carm1#realenergyintotheload#kwh,BUNDOORA,0.0,20.736729,18.247623,17.706991,230.0
2025-09-10 11:00:00,solar.bun_carm1#realenergyintotheload#kwh,BUNDOORA,0.0,21.78411,21.330015,20.698061,271.0
2025-09-10 12:00:00,solar.bun_carm1#realenergyintotheload#kwh,BUNDOORA,0.0,29.890963,29.600962,28.723959,369.0
2025-09-10 13:00:00,solar.bun_carm1#realenergyintotheload#kwh,BUNDOORA,0.0,24.344078,20.708683,20.095137,259.0
2025-09-10 14:00:00,solar.bun_carm1#realenergyintotheload#kwh,BUNDOORA,0.0,20.595272,14.841925,14.402196,191.0
2025-09-10 15:00:00,solar.bun_carm1#realenergyintotheload#kwh,BUNDOORA,0.0,20.333132,14.296411,13.872844,185.0
2025-09-10 16:00:00,solar.bun_carm1#realenergyintotheload#kwh,BUNDOORA,0.0,15.987907,11.390676,11.053198,145.0
2025-09-10 17:00:00,solar.bun_carm1#realenergyintotheload#kwh,BUNDOORA,0.0,6.4105062,6.1506658,5.9684367,83.0
2025-09-10 18:00:00,solar.bun_carm1#realenergyintotheload#kwh,BUNDOORA,0.0,4.7150493,0.22368976,0.2170624,6.0
2025-09-10 19:00:00,solar.bun_carm1#realenergyintotheload#kwh,BUNDOORA,0.0,0.099594735,0.00091408606,0.00088700396,0.0
2025-09-10 20:00:00,solar.bun_carm1#realenergyintotheload#kwh,BUNDOORA,0.0,0.02200669,0.00091408606,0.00088700396,0.0
2025-09-10 21:00:00,solar.bun_carm1#realenergyintotheload#kwh,BUNDOORA,0.0,0.014287462,0.00091408606,0.00088700396,0.0
2025-09-10 22:00:00,solar.bun_carm1#realenergyintotheload#kwh,BUNDOORA,0.0,0.014287462,0.00091408606,0.00088700396,0.0
2025-09-10 23:00:00,solar.bun_carm1#realenergyintotheload#kwh,BUNDOORA,0.0,0.010734974,0.00066552084,0.0006458031,0.0
2025-09-11 00:00:00,solar.bun_carm1#realenergyintotheload#kwh,BUNDOORA,0.0,0.020837031,0.0019970322,0.0019378652,0.0
2025-09-11 01:00:00,solar.bun_carm1#realenergyintotheload#kwh,BUNDOORA,0.0,-0.0043688677,0.0021447968,0.0020812517,0.0
2025-09-11 02:00:00,solar.bun_carm1#realenergyintotheload#kwh,BUNDOORA,0.0,-0.0022042703,0.0021447968,0.0020812517,0.0
2025-09-11 03:00:00,solar.bun_carm1#realenergyintotheload#kwh,BUNDOORA,0.0,-0.0027325365,0.0021447968,0.0020812517,0.0
2025-09-11 04:00:00,solar.bun_carm1#realenergyintotheload#kwh,BUNDOORA,0.0,0.0121950945,0.0014274743,0.0013851818,0.0
2025-09-11 05:00:00,solar.bun_carm1#realenergyintotheload#kwh,BUNDOORA,0.0,-0.05984223,0.0013604376,0.0013201312,0.0
2025-09-11 06:00:00,solar.bun_carm1#realenergyintotheload#kwh,BUNDOORA,0.0,0.07808472,0.0013553442,0.0013151887,0.0
2025-09-11 07:00:00,solar.bun_carm1#realenergyintotheload#kwh,BUNDOORA,0.5,0.8404358,1.0957121,1.0632489,18.0
2025-09-11 08:00:00,solar.bun_carm1#realenergyintotheload#kwh,BUNDOORA,7.5,5.8909082,11.732265,11.384667,163.0
2025-09-11 09:00:00,solar.bun_carm1#realenergyintotheload#kwh,BUNDOORA,23.0,11.486176,22.021269,21.368834,277.0
2025-09-11 10:00:00,solar.bun_carm1#realenergyintotheload#kwh,BUNDOORA,25.25,16.598335,24.355972,23.634365,303.0
2025-09-11 11:00:00,solar.bun_carm1#realenergyintotheload#kwh,BUNDOORA,22.125,22.968195,31.11876,30.196789,394.0
2025-09-11 12:00:00,solar.bun_carm1#realenergyintotheload#kwh,BUNDOORA,32.6875,28.14067,31.10104,30.179594,392.0
2025-09-11 13:00:00,solar.bun_carm1#realenergyintotheload#kwh,BUNDOORA,35.75,30.750893,35.25604,34.21149,453.0
2025-09-11 14:00:00,solar.bun_carm1#realenergyintotheload#kwh,BUNDOORA,43.375,36.09459,47.454185,46.048237,631.0
2025-09-11 15:00:00,solar.bun_carm1#realenergyintotheload#kwh,BUNDOORA,44.4375,37.677013,43.113365,41.836025,568.0
2025-09-11 16:00:00,solar.bun_carm1#realenergyintotheload#kwh,BUNDOORA,24.75,20.220541,22.38709,21.723818,281.0
2025-09-11 17:00:00,solar.bun_carm1#realenergyintotheload#kwh,BUNDOORA,6.75,7.124734,7.02845,6.8202147,95.0
2025-09-11 18:00:00,solar.bun_carm1#realenergyintotheload#kwh,BUNDOORA,2.5,4.5167985,1.0615443,1.0300934,17.0
2025-09-11 19:00:00,solar.bun_carm1#realenergyintotheload#kwh,BUNDOORA,0.0,0.018916793,0.0014274743,0.0013851818,0.0
2025-09-11 20:00:00,solar.bun_carm1#realenergyintotheload#kwh,BUNDOORA,0.0,-0.0064623505,0.0010645466,0.0010330068,0.0
2025-09-11 21:00:00,solar.bun_carm1#realenergyintotheload#kwh,BUNDOORA,0.0,0.010629877,0.0014274743,0.0013851818,0.0
2025-09-11 22:00:00,solar.bun_carm1#realenergyintotheload#kwh,BUNDOORA,0.0,0.007867578,0.0014274743,0.0013851818,0.0
2025-09-11 23:00:00,solar.bun_carm1#realenergyintotheload#kwh,BUNDOORA,0.0,0.009989878,0.0014274743,0.0013851818,0.0
2025-09-12 00:00:00,solar.bun_carm1#realenergyintotheload#kwh,BUNDOORA,0.0,0.0040008184,0.0013604376,0.0013201312,0.0
2025-09-12 01:00:00,solar.bun_carm1#realenergyintotheload#kwh,BUNDOORA,0.0,-0.027068814,0.0013604376,0.0013201312,0.0
2025-09-12 02:00:00,solar.bun_carm1#realenergyintotheload#kwh,BUNDOORA,0.0,-0.030230867,0.0013604376,0.0013201312,0.0
2025-09-12 03:00:00,solar.bun_carm1#realenergyintotheload#kwh,BUNDOORA,0.0,-0.031200128,0.0013604376,0.0013201312,0.0
2025-09-12 04:00:00,solar.bun_carm1#realenergyintotheload#kwh,BUNDOORA,0.0,-0.031200128,0.0013604376,0.0013201312,0.0
2025-09-12 05:00:00,solar.bun_carm1#realenergyintotheload#kwh,BUNDOORA,0.0,-0.030706512,0.0013604376,0.0013201312,0.0
2025-09-12 06:00:00,solar.bun_carm1#realenergyintotheload#kwh,BUNDOORA,0.0,0.018089334,0.0013604376,0.0013201312,0.0
2025-09-12 07:00:00,solar.bun_carm1#realenergyintotheload#kwh,BUNDOORA,0.4375,0.76187927,1.4619861,1.418671,23.0
2025-09-12 08:00:00,solar.bun_carm1#realenergyintotheload#kwh,BUNDOORA,7.125,4.26274,10.217251,9.914539,150.0
2025-09-12 09:00:00,solar.bun_carm1#realenergyintotheload#kwh,BUNDOORA,17.4375,12.1116495,21.850096,21.202732,274.0
2025-09-12 10:00:00,solar.bun_carm1#realenergyintotheload#kwh,BUNDOORA,25.5,33.227066,39.409847,38.242233,502.0
2025-09-12 11:00:00,solar.bun_carm1#realenergyintotheload#kwh,BUNDOORA,0.0,27.841393,28.553596,27.707624,360.0
2025-09-12 12:00:00,solar.bun_carm1#realenergyintotheload#kwh,BUNDOORA,0.0,30.555735,32.043472,31.094105,408.0
2025-09-12 13:00:00,solar.bun_carm1#realenergyintotheload#kwh,BUNDOORA,0.0,38.970203,42.1612,40.91207,554.0
2025-09-12 14:00:00,solar.bun_carm1#realenergyintotheload#kwh,BUNDOORA,0.0,24.907288,12.603568,12.230156,161.0
2025-09-12 15:00:00,solar.bun_carm1#realenergyintotheload#kwh,BUNDOORA,0.0,23.46587,12.919537,12.536763,168.0
2025-09-12 16:00:00,solar.bun_carm1#realenergyintotheload#kwh,BUNDOORA,0.0,20.360523,16.882645,16.382454,214.0
2025-09-12 17:00:00,solar.bun_carm1#realenergyintotheload#kwh,BUNDOORA,0.0,13.471353,10.619638,10.305005,143.0
2025-09-12 18:00:00,solar.bun_carm1#realenergyintotheload#kwh,BUNDOORA,0.0,4.4145803,1.3071355,1.2684083,20.0
2025-09-12 19:00:00,solar.bun_carm1#realenergyintotheload#kwh,BUNDOORA,0.0,0.15243238,0.0016821693,0.0016323308,0.0
2025-09-12 20:00:00,solar.bun_carm1#realenergyintotheload#kwh,BUNDOORA,0.0,0.00848751,0.0020450968,0.0019845057,0.0
2025-09-12 21:00:00,solar.bun_carm1#realenergyintotheload#kwh,BUNDOORA,0.0,0.0043257438,0.0016821693,0.0016323308,0.0
2025-09-12 22:00:00,solar.bun_carm1#realenergyintotheload#kwh,BUNDOORA,0.0,0.0043257438,0.002762419,0.0026805755,0.0
2025-09-12 23:00:00,solar.bun_carm1#realenergyintotheload#kwh,BUNDOORA,0.0,0.013202767,0.0020450968,0.0019845057,0.0
2025-09-13 00:00:00,solar.bun_carm1#realenergyintotheload#kwh,BUNDOORA,0.0,0.0003145929,0.0019780602,0.0019194552,0.0
2025-09-13 01:00:00,solar.bun_carm1#realenergyintotheload#kwh,BUNDOORA,0.0,0.0003145929,0.0019780602,0.0019194552,0.0
2025-09-13 02:00:00,solar.bun_carm1#realenergyintotheload#kwh,BUNDOORA,0.0,-0.0037407714,0.0019780602,0.0019194552,0.0
2025-09-13 03:00:00,solar.bun_carm1#realenergyintotheload#kwh,BUNDOORA,0.0,0.002436895,0.0020450968,0.0019845057,0.0
2025-09-13 04:00:00,solar.bun_carm1#realenergyintotheload#kwh,BUNDOORA,0.0,0.017181791,0.0020450968,0.0019845057,0.0
2025-09-13 05:00:00,solar.bun_carm1#realenergyintotheload#kwh,BUNDOORA,0.0,0.013707082,0.0020450968,0.0019845057,0.0
2025-09-13 06:00:00,solar.bun_carm1#realenergyintotheload#kwh,BUNDOORA,0.0,0.013438907,0.0019780602,0.0019194552,0.0
2025-09-13 07:00:00,solar.bun_carm1#realenergyintotheload#kwh,BUNDOORA,0.0,2.867248,1.2947417,1.2563818,21.0
2025-09-13 08:00:00,solar.bun_carm1#realenergyintotheload#kwh,BUNDOORA,0.0,3.6990416,10.746309,10.427923,150.0
2025-09-13 09:00:00,solar.bun_carm1#realenergyintotheload#kwh,BUNDOORA,0.0,12.341823,20.836756,20.219416,260.0
2025-09-13 10:00:00,solar.bun_carm1#realenergyintotheload#kwh,BUNDOORA,0.0,24.695124,40.865486,39.654743,530.0
2025-09-13 11:00:00,solar.bun_carm1#realenergyintotheload#kwh,BUNDOORA,0.0,26.419615,29.478983,28.605595,369.0
2025-09-13 12:00:00,solar.bun_carm1#realenergyintotheload#kwh,BUNDOORA,0.0,19.9121,20.862347,20.244247,259.0
2025-09-13 13:00:00,solar.bun_carm1#realenergyintotheload#kwh,BUNDOORA,0.0,35.737778,34.268906,33.253605,440.0
2025-09-13 14:00:00,solar.bun_carm1#realenergyintotheload#kwh,BUNDOORA,0.0,38.774845,38.672485,37.526714,509.0
2025-09-13 15:00:00,solar.bun_carm1#realenergyintotheload#kwh,BUNDOORA,0.0,21.265598,13.568656,13.166651,174.0
2025-09-13 16:00:00,solar.bun_carm1#realenergyintotheload#kwh,BUNDOORA,0.0,5.730903,6.1471148,5.964991,83.0
2025-09-13 17:00:00,solar.bun_carm1#realenergyintotheload#kwh,BUNDOORA,0.0,7.3803334,6.415972,6.225883,86.0
2025-09-13 18:00:00,solar.bun_carm1#realenergyintotheload#kwh,BUNDOORA,0.0,5.8627143,0.7871488,0.7638275,14.0
2025-09-13 19:00:00,solar.bun_carm1#realenergyintotheload#kwh,BUNDOORA,0.0,1.3306539,0.002163938,0.002099826,0.0
2025-09-13 20:00:00,solar.bun_carm1#realenergyintotheload#kwh,BUNDOORA,0.0,0.105638795,0.002163938,0.002099826,0.0
2025-09-13 21:00:00,solar.bun_carm1#realenergyintotheload#kwh,BUNDOORA,0.0,-0.0022210919,0.0016821693,0.0016323308,0.0
2025-09-13 22:00:00,solar.bun_carm1#realenergyintotheload#kwh,BUNDOORA,0.0,0.013202767,0.0020450968,0.0019845057,0.0
2025-09-13 23:00:00,solar.bun_carm1#realenergyintotheload#kwh,BUNDOORA,0.0,0.012693881,0.0019780602,0.0019194552,0.0
2025-09-14 00:00:00,solar.bun_carm1#realenergyintotheload#kwh,BUNDOORA,0.0,0.019402344,0.0020450968,0.0019845057,0.0
2025-09-14 01:00:00,solar.bun_carm1#realenergyintotheload#kwh,BUNDOORA,0.0,-0.011242797,0.0013604376,0.0013201312,0.0
2025-09-14 02:00:00,solar.bun_carm1#realenergyintotheload#kwh,BUNDOORA,0.0,0.0075279176,0.0014274743,0.0013851818,0.0
2025-09-14 03:00:00,solar.bun_carm1#realenergyintotheload#kwh,BUNDOORA,0.0,-0.001708047,0.0013604376,0.0013201312,0.0
2025-09-14 04:00:00,solar.bun_carm1#realenergyintotheload#kwh,BUNDOORA,0.0,-0.013274184,0.0013604376,0.0013201312,0.0
2025-09-14 05:00:00,solar.bun_carm1#realenergyintotheload#kwh,BUNDOORA,0.0,-0.062006827,0.0013604376,0.0013201312,0.0
2025-09-14 06:00:00,solar.bun_carm1#realenergyintotheload#kwh,BUNDOORA,0.0,-0.032400697,0.0013207269,0.0012815971,0.0
2025-09-14 07:00:00,solar.bun_carm1#realenergyintotheload#kwh,BUNDOORA,0.0,2.5240495,2.180626,2.1160195,32.0
2025-09-14 08:00:00,solar.bun_carm1#realenergyintotheload#kwh,BUNDOORA,0.0,9.423824,15.881128,15.41061,214.0
2025-09-14 09:00:00,solar.bun_carm1#realenergyintotheload#kwh,BUNDOORA,0.0,23.856937,31.5707,30.635338,409.0
2025-09-14 10:00:00,solar.bun_carm1#realenergyintotheload#kwh,BUNDOORA,0.0,37.51218,43.405106,42.11912,581.0
2025-09-14 11:00:00,solar.bun_carm1#realenergyintotheload#kwh,BUNDOORA,0.0,50.440014,51.562763,50.035088,703.0
2025-09-14 12:00:00,solar.bun_carm1#realenergyintotheload#kwh,BUNDOORA,0.0,49.804375,54.482788,52.8686,744.0
2025-09-14 13:00:00,solar.bun_carm1#realenergyintotheload#kwh,BUNDOORA,0.0,55.185505,55.40579,53.76425,761.0
2025-09-14 14:00:00,solar.bun_carm1#realenergyintotheload#kwh,BUNDOORA,0.0,51.145,51.12592,49.611187,702.0
2025-09-14 15:00:00,solar.bun_carm1#realenergyintotheload#kwh,BUNDOORA,0.0,39.693333,41.745552,40.508736,553.0
2025-09-14 16:00:00,solar.bun_carm1#realenergyintotheload#kwh,BUNDOORA,0.0,27.741692,30.570559,29.66483,412.0
2025-09-14 17:00:00,solar.bun_carm1#realenergyintotheload#kwh,BUNDOORA,0.0,18.616394,16.410069,15.92388,223.0
2025-09-14 18:00:00,solar.bun_carm1#realenergyintotheload#kwh,BUNDOORA,0.0,7.121895,2.6681366,2.5890863,37.0
2025-09-14 19:00:00,solar.bun_carm1#realenergyintotheload#kwh,BUNDOORA,0.0,0.3755511,-0.00927313,0.0,0.0
2025-09-14 20:00:00,solar.bun_carm1#realenergyintotheload#kwh,BUNDOORA,0.0,-0.25514558,-0.0034277223,0.0,0.0
2025-09-14 21:00:00,solar.bun_carm1#realenergyintotheload#kwh,BUNDOORA,0.0,-0.07823059,-0.003142392,0.0,0.0
2025-09-14 22:00:00,solar.bun_carm1#realenergyintotheload#kwh,BUNDOORA,0.0,-0.20065294,0.0006246675,0.00060616015,0.0
2025-09-14 23:00:00,solar.bun_carm1#realenergyintotheload#kwh,BUNDOORA,0.0,-0.06626403,0.0024626127,0.0023896517,0.0
2025-09-15 00:00:00,solar.bun_carm1#realenergyintotheload#kwh,BUNDOORA,0.0,-0.26100144,0.002756154,0.002674496,0.0
2025-09-15 01:00:00,solar.bun_carm1#realenergyintotheload#kwh,BUNDOORA,0.0,-0.024234025,0.002756154,0.002674496,0.0
2025-09-15 02:00:00,solar.bun_carm1#realenergyintotheload#kwh,BUNDOORA,0.0,0.013159152,0.002756154,0.002674496,0.0
2025-09-15 03:00:00,solar.bun_carm1#realenergyintotheload#kwh,BUNDOORA,0.0,-0.0054450575,0.0033204802,0.0032221028,0.0
2025-09-15 04:00:00,solar.bun_carm1#realenergyintotheload#kwh,BUNDOORA,0.0,0.032947615,0.0033204802,0.0032221028,0.0
2025-09-15 05:00:00,solar.bun_carm1#realenergyintotheload#kwh,BUNDOORA,0.0,0.029785564,0.003466257,0.0033635604,0.0
2025-09-15 06:00:00,solar.bun_carm1#realenergyintotheload#kwh,BUNDOORA,0.0,0.28233013,0.0036633587,0.0035548226,0.0
2025-09-15 07:00:00,solar.bun_carm1#realenergyintotheload#kwh,BUNDOORA,0.0,4.8010845,1.9392071,1.8817532,29.0
2025-09-15 08:00:00,solar.bun_carm1#realenergyintotheload#kwh,BUNDOORA,0.0,16.001495,15.387367,14.931478,207.0
2025-09-15 09:00:00,solar.bun_carm1#realenergyintotheload#kwh,BUNDOORA,0.0,16.222206,23.677713,22.976202,295.0
2025-09-15 10:00:00,solar.bun_carm1#realenergyintotheload#kwh,BUNDOORA,0.0,34.979366,39.97149,38.787235,528.0
2025-09-15 11:00:00,solar.bun_carm1#realenergyintotheload#kwh,BUNDOORA,0.0,49.876705,51.016136,49.504654,693.0
2025-09-15 12:00:00,solar.bun_carm1#realenergyintotheload#kwh,BUNDOORA,0.0,54.213573,55.71797,54.06719,771.0
2025-09-15 13:00:00,solar.bun_carm1#realenergyintotheload#kwh,BUNDOORA,0.0,34.433277,40.15847,38.968674,524.0
2025-09-15 14:00:00,solar.bun_carm1#realenergyintotheload#kwh,BUNDOORA,0.0,51.973057,51.228714,49.710934,709.0
2025-09-15 15:00:00,solar.bun_carm1#realenergyintotheload#kwh,BUNDOORA,0.0,44.10287,43.65892,42.365414,588.0
2025-09-15 16:00:00,solar.bun_carm1#realenergyintotheload#kwh,BUNDOORA,0.0,27.218378,30.670475,29.761786,419.0
2025-09-15 17:00:00,solar.bun_carm1#realenergyintotheload#kwh,BUNDOORA,0.0,12.678479,16.675703,16.181644,227.0
2025-09-15 18:00:00,solar.bun_carm1#realenergyintotheload#kwh,BUNDOORA,0.0,4.8283477,2.6968784,2.6169767,36.0
2025-09-15 19:00:00,solar.bun_carm1#realenergyintotheload#kwh,BUNDOORA,0.0,0.30075306,0.0036151852,0.0035080763,0.0
2025-09-15 20:00:00,solar.bun_carm1#realenergyintotheload#kwh,BUNDOORA,0.0,0.1600994,-0.0010833739,0.0,0.0
2025-09-15 21:00:00,solar.bun_carm1#realenergyintotheload#kwh,BUNDOORA,0.0,0.2053982,0.0017110247,0.0016603313,0.0
2025-09-15 22:00:00,solar.bun_carm1#realenergyintotheload#kwh,BUNDOORA,0.0,0.16345392,0.0017110247,0.0016603313,0.0
2025-09-15 23:00:00,solar.bun_carm1#realenergyintotheload#kwh,BUNDOORA,0.0,0.07542361,-0.006725822,0.0,0.0
2025-09-16 00:00:00,solar.bun_carm1#realenergyintotheload#kwh,BUNDOORA,0.0,0.039686296,0.0003426863,0.00033253338,0.0
2025-09-16 01:00:00,solar.bun_carm1#realenergyintotheload#kwh,BUNDOORA,0.0,0.06335439,-0.0023684357,0.0,0.0
2025-09-16 02:00:00,solar.bun_carm1#realenergyintotheload#kwh,BUNDOORA,0.0,-0.032485593,-0.00051094993,0.0,0.0
2025-09-16 03:00:00,solar.bun_carm1#realenergyintotheload#kwh,BUNDOORA,0.0,-0.018303458,0.0018231992,0.0017691824,0.0
2025-09-16 04:00:00,solar.bun_carm1#realenergyintotheload#kwh,BUNDOORA,0.0,0.4789151,0.0040083798,0.0038896215,0.0
2025-09-16 05:00:00,solar.bun_carm1#realenergyintotheload#kwh,BUNDOORA,0.0,0.9408808,0.0018597709,0.0018046704,0.0
2025-09-16 06:00:00,solar.bun_carm1#realenergyintotheload#kwh,BUNDOORA,0.0,1.5006118,0.002108336,0.0020458712,0.0
2025-09-16 07:00:00,solar.bun_carm1#realenergyintotheload#kwh,BUNDOORA,0.0,6.2899675,0.64722115,0.6280456,12.0
2025-09-16 08:00:00,solar.bun_carm1#realenergyintotheload#kwh,BUNDOORA,0.0,6.121099,4.7481,4.6074257,63.0
2025-09-16 09:00:00,solar.bun_carm1#realenergyintotheload#kwh,BUNDOORA,0.0,13.883959,9.50738,9.225699,122.0
2025-09-16 10:00:00,solar.bun_carm1#realenergyintotheload#kwh,BUNDOORA,0.0,8.386223,4.5506988,4.415873,59.0
2025-09-16 11:00:00,solar.bun_carm1#realenergyintotheload#kwh,BUNDOORA,0.0,12.932401,9.823136,9.532102,127.0
2025-09-16 12:00:00,solar.bun_carm1#realenergyintotheload#kwh,BUNDOORA,0.0,25.096907,16.455742,15.9682,212.0
2025-09-16 13:00:00,solar.bun_carm1#realenergyintotheload#kwh,BUNDOORA,0.0,23.844187,21.054016,20.430239,270.0
2025-09-16 14:00:00,solar.bun_carm1#realenergyintotheload#kwh,BUNDOORA,0.0,24.995659,16.485346,15.996926,215.0
2025-09-16 15:00:00,solar.bun_carm1#realenergyintotheload#kwh,BUNDOORA,0.0,22.324226,12.710403,12.333826,163.0
2025-09-16 16:00:00,solar.bun_carm1#realenergyintotheload#kwh,BUNDOORA,0.0,15.488693,18.181944,17.64326,226.0
2025-09-16 17:00:00,solar.bun_carm1#realenergyintotheload#kwh,BUNDOORA,0.0,10.732505,7.9900913,7.753365,108.0
2025-09-16 18:00:00,solar.bun_carm1#realenergyintotheload#kwh,BUNDOORA,0.0,7.164175,1.0944194,1.0619944,18.0
2025-09-16 19:00:00,solar.bun_carm1#realenergyintotheload#kwh,BUNDOORA,0.0,0.86930406,0.0027227083,0.0026420413,0.0
2025-09-16 20:00:00,solar.bun_carm1#realenergyintotheload#kwh,BUNDOORA,0.0,0.012331105,0.0015317085,0.0014863278,0.0
2025-09-16 21:00:00,solar.bun_carm1#realenergyintotheload#kwh,BUNDOORA,0.0,-0.066514045,0.0016709461,0.0016214402,0.0
2025-09-16 22:00:00,solar.bun_carm1#realenergyintotheload#kwh,BUNDOORA,0.0,-0.013566794,0.0016039095,0.0015563897,0.0
2025-09-16 23:00:00,solar.bun_carm1#realenergyintotheload#kwh,BUNDOORA,0.0,-0.0075812563,0.0016039095,0.0015563897,0.0
2025-09-17 00:00:00,solar.bun_carm1#realenergyintotheload#kwh,BUNDOORA,0.0,0.009483306,0.0016039095,0.0015563897,0.0
2025-09-17 01:00:00,solar.bun_carm1#realenergyintotheload#kwh,BUNDOORA,0.0,-0.167637,0.0016039095,0.0015563897,0.0
2025-09-17 02:00:00,solar.bun_carm1#realenergyintotheload#kwh,BUNDOORA,0.0,0.021209393,0.0016039095,0.0015563897,0.0
2025-09-17 03:00:00,solar.bun_carm1#realenergyintotheload#kwh,BUNDOORA,0.0,0.04078704,0.0016709461,0.0016214402,0.0
2025-09-17 04:00:00,solar.bun_carm1#realenergyintotheload#kwh,BUNDOORA,0.0,0.022621404,0.0017621235,0.0017099163,0.0
2025-09-17 05:00:00,solar.bun_carm1#realenergyintotheload#kwh,BUNDOORA,0.0,0.069927104,0.0021364915,0.0020731925,0.0
2025-09-17 06:00:00,solar.bun_carm1#realenergyintotheload#kwh,BUNDOORA,0.0,0.5367461,0.0020694549,0.0020081422,0.0
2025-09-17 07:00:00,solar.bun_carm1#realenergyintotheload#kwh,BUNDOORA,0.0,5.7320232,3.3343766,3.2355874,45.0
2025-09-17 08:00:00,solar.bun_carm1#realenergyintotheload#kwh,BUNDOORA,0.0,10.664722,17.450533,16.933517,234.0
2025-09-17 09:00:00,solar.bun_carm1#realenergyintotheload#kwh,BUNDOORA,0.0,23.705914,28.922842,28.065931,370.0
2025-09-17 10:00:00,solar.bun_carm1#realenergyintotheload#kwh,BUNDOORA,0.0,23.377317,21.075974,20.451546,264.0
2025-09-17 11:00:00,solar.bun_carm1#realenergyintotheload#kwh,BUNDOORA,0.0,38.595753,35.7425,34.68354,463.0
2025-09-17 12:00:00,solar.bun_carm1#realenergyintotheload#kwh,BUNDOORA,0.0,36.942898,42.94933,41.67685,564.0
2025-09-17 13:00:00,solar.bun_carm1#realenergyintotheload#kwh,BUNDOORA,0.0,37.20731,36.86282,35.770668,475.0
2025-09-17 14:00:00,solar.bun_carm1#realenergyintotheload#kwh,BUNDOORA,0.0,43.912403,47.363335,45.96008,625.0
2025-09-17 15:00:00,solar.bun_carm1#realenergyintotheload#kwh,BUNDOORA,0.0,27.86807,19.577723,18.997684,249.0
2025-09-17 16:00:00,solar.bun_carm1#realenergyintotheload#kwh,BUNDOORA,0.0,21.810886,27.209824,26.403664,350.0
2025-09-17 17:00:00,solar.bun_carm1#realenergyintotheload#kwh,BUNDOORA,0.0,8.051925,11.009178,10.683003,148.0
2025-09-17 18:00:00,solar.bun_carm1#realenergyintotheload#kwh,BUNDOORA,0.0,4.2460823,1.9203699,1.8634741,30.0
2025-09-17 19:00:00,solar.bun_carm1#realenergyintotheload#kwh,BUNDOORA,0.0,0.14249712,0.0010162058,0.0009860981,0.0
2025-09-17 20:00:00,solar.bun_carm1#realenergyintotheload#kwh,BUNDOORA,0.0,0.04680205,0.0015300922,0.0014847594,0.0
2025-09-17 21:00:00,solar.bun_carm1#realenergyintotheload#kwh,BUNDOORA,0.0,0.008044337,0.0014274743,0.0013851818,0.0
2025-09-17 22:00:00,solar.bun_carm1#realenergyintotheload#kwh,BUNDOORA,0.0,0.01645749,0.0014274743,0.0013851818,0.0
2025-09-17 23:00:00,solar.bun_carm1#realenergyintotheload#kwh,BUNDOORA,0.0,0.01645749,0.0013604376,0.0013201312,0.0
2025-09-18 00:00:00,solar.bun_carm1#realenergyintotheload#kwh,BUNDOORA,0.0,0.013130018,0.0013604376,0.0013201312,0.0
2025-09-18 01:00:00,solar.bun_carm1#realenergyintotheload#kwh,BUNDOORA,0.0,0.0069227433,0.0013604376,0.0013201312,0.0
2025-09-18 02:00:00,solar.bun_carm1#realenergyintotheload#kwh,BUNDOORA,0.0,-0.008716098,0.0014274743,0.0013851818,0.0
2025-09-18 03:00:00,solar.bun_carm1#realenergyintotheload#kwh,BUNDOORA,0.0,-0.021483338,0.0013604376,0.0013201312,0.0
2025-09-18 04:00:00,solar.bun_carm1#realenergyintotheload#kwh,BUNDOORA,0.0,-0.021483338,0.0013604376,0.0013201312,0.0
2025-09-18 05:00:00,solar.bun_carm1#realenergyintotheload#kwh,BUNDOORA,0.0,0.0004789909,0.0014274743,0.0013851818,0.0
2025-09-18 06:00:00,solar.bun_carm1#realenergyintotheload#kwh,BUNDOORA,0.0,0.50441974,0.0014274743,0.0013851818,0.0
2025-09-18 07:00:00,solar.bun_carm1#realenergyintotheload#kwh,BUNDOORA,0.0,1.2285694,2.9967163,2.907931,42.0
2025-09-18 08:00:00,solar.bun_carm1#realenergyintotheload#kwh,BUNDOORA,0.0,8.222817,15.772732,15.305425,209.0
2025-09-18 09:00:00,solar.bun_carm1#realenergyintotheload#kwh,BUNDOORA,0.0,22.840654,33.00374,32.02592,430.0
2025-09-18 10:00:00,solar.bun_carm1#realenergyintotheload#kwh,BUNDOORA,0.0,42.36913,45.32176,43.97899,604.0
2025-09-18 11:00:00,solar.bun_carm1#realenergyintotheload#kwh,BUNDOORA,0.0,51.424263,52.40794,50.855225,728.0
2025-09-18 12:00:00,solar.bun_carm1#realenergyintotheload#kwh,BUNDOORA,0.0,55.015713,57.250114,55.553936,789.0
2025-09-18 13:00:00,solar.bun_carm1#realenergyintotheload#kwh,BUNDOORA,0.0,54.96054,57.02044,55.331066,787.0
2025-09-18 14:00:00,solar.bun_carm1#realenergyintotheload#kwh,BUNDOORA,0.0,50.812984,50.78512,49.280483,686.0
2025-09-18 15:00:00,solar.bun_carm1#realenergyintotheload#kwh,BUNDOORA,0.0,41.608925,41.992714,40.748573,570.0
2025-09-18 16:00:00,solar.bun_carm1#realenergyintotheload#kwh,BUNDOORA,0.0,25.927866,31.616875,30.680145,431.0
2025-09-18 17:00:00,solar.bun_carm1#realenergyintotheload#kwh,BUNDOORA,0.0,17.749327,17.323763,16.810503,235.0
2025-09-18 18:00:00,solar.bun_carm1#realenergyintotheload#kwh,BUNDOORA,0.0,3.8749444,3.3117516,3.2136326,44.0
2025-09-18 19:00:00,solar.bun_carm1#realenergyintotheload#kwh,BUNDOORA,0.0,0.1771613,-0.007236744,0.0,0.0
2025-09-18 20:00:00,solar.bun_carm1#realenergyintotheload#kwh,BUNDOORA,0.0,0.124755956,0.00030104257,0.00029212344,0.0
2025-09-18 21:00:00,solar.bun_carm1#realenergyintotheload#kwh,BUNDOORA,0.0,-0.04701557,0.00030104257,0.00029212344,0.0
2025-09-18 22:00:00,solar.bun_carm1#realenergyintotheload#kwh,BUNDOORA,0.0,-0.029011028,0.00030104257,0.00029212344,0.0
2025-09-18 23:00:00,solar.bun_carm1#realenergyintotheload#kwh,BUNDOORA,0.0,0.0655709,0.00077044405,0.00074761774,0.0
2025-09-19 00:00:00,solar.bun_carm1#realenergyintotheload#kwh,BUNDOORA,0.0,-0.008961493,0.0028054912,0.0027223716,0.0
2025-09-19 01:00:00,solar.bun_carm1#realenergyintotheload#kwh,BUNDOORA,0.0,-0.00940601,0.0028054912,0.0027223716,0.0
2025-09-19 02:00:00,solar.bun_carm1#realenergyintotheload#kwh,BUNDOORA,0.0,-0.124309994,0.0029532558,0.0028657583,0.0
2025-09-19 03:00:00,solar.bun_carm1#realenergyintotheload#kwh,BUNDOORA,0.0,-0.1280128,0.0029532558,0.0028657583,0.0
2025-09-19 04:00:00,solar.bun_carm1#realenergyintotheload#kwh,BUNDOORA,0.0,-0.015482394,0.0029532558,0.0028657583,0.0
2025-09-19 05:00:00,solar.bun_carm1#realenergyintotheload#kwh,BUNDOORA,0.0,-0.084775165,0.0021963958,0.0021313222,0.0
2025-09-19 06:00:00,solar.bun_carm1#realenergyintotheload#kwh,BUNDOORA,0.0,0.28476295,0.0029532558,0.0028657583,0.0
2025-09-19 07:00:00,solar.bun_carm1#realenergyintotheload#kwh,BUNDOORA,0.0,1.9081663,1.1015224,1.0688871,19.0
2025-09-19 08:00:00,solar.bun_carm1#realenergyintotheload#kwh,BUNDOORA,0.0,9.219426,13.069846,12.682619,170.0
2025-09-19 09:00:00,solar.bun_carm1#realenergyintotheload#kwh,BUNDOORA,0.0,21.384237,29.010765,28.151249,369.0
2025-09-19 10:00:00,solar.bun_carm1#realenergyintotheload#kwh,BUNDOORA,0.0,32.910164,29.98861,29.100122,385.0
2025-09-19 11:00:00,solar.bun_carm1#realenergyintotheload#kwh,BUNDOORA,0.0,44.947777,48.52872,47.090935,634.0
2025-09-19 12:00:00,solar.bun_carm1#realenergyintotheload#kwh,BUNDOORA,0.0,47.69698,50.43246,48.938274,653.0
2025-09-19 13:00:00,solar.bun_carm1#realenergyintotheload#kwh,BUNDOORA,0.0,50.71128,55.736446,54.085114,769.0
2025-09-19 14:00:00,solar.bun_carm1#realenergyintotheload#kwh,BUNDOORA,0.0,53.25252,52.48402,50.92905,718.0
2025-09-19 15:00:00,solar.bun_carm1#realenergyintotheload#kwh,BUNDOORA,0.0,43.642227,44.708122,43.383533,600.0
2025-09-19 16:00:00,solar.bun_carm1#realenergyintotheload#kwh,BUNDOORA,0.0,23.780226,25.63968,24.880041,333.0
2025-09-19 17:00:00,solar.bun_carm1#realenergyintotheload#kwh,BUNDOORA,0.0,12.680097,16.212646,15.7323065,218.0
2025-09-19 18:00:00,solar.bun_carm1#realenergyintotheload#kwh,BUNDOORA,0.0,2.3599255,3.3117473,3.2136285,43.0
2025-09-19 19:00:00,solar.bun_carm1#realenergyintotheload#kwh,BUNDOORA,0.0,0.7288567,-0.002020779,0.0,0.0
2025-09-19 20:00:00,solar.bun_carm1#realenergyintotheload#kwh,BUNDOORA,0.0,0.011354973,0.00030104257,0.00029212344,0.0
2025-09-19 21:00:00,solar.bun_carm1#realenergyintotheload#kwh,BUNDOORA,0.0,0.015457024,0.0030954417,0.0030037316,0.0
2025-09-19 22:00:00,solar.bun_carm1#realenergyintotheload#kwh,BUNDOORA,0.0,0.12828979,-0.0009808226,0.0,0.0
2025-09-19 23:00:00,solar.bun_carm1#realenergyintotheload#kwh,BUNDOORA,0.0,0.013537732,0.0010723001,0.0010405305,0.0
2025-09-20 00:00:00,solar.bun_carm1#realenergyintotheload#kwh,BUNDOORA,0.0,0.0598061,0.0016709461,0.0016214402,0.0
2025-09-20 01:00:00,solar.bun_carm1#realenergyintotheload#kwh,BUNDOORA,0.0,0.026480382,0.0016039095,0.0015563897,0.0
2025-09-20 02:00:00,solar.bun_carm1#realenergyintotheload#kwh,BUNDOORA,0.0,0.025511116,0.0016039095,0.0015563897,0.0
2025-09-20 03:00:00,solar.bun_carm1#realenergyintotheload#kwh,BUNDOORA,0.0,0.028474908,0.0016709461,0.0016214402,0.0
2025-09-20 04:00:00,solar.bun_carm1#realenergyintotheload#kwh,BUNDOORA,0.0,-0.22590046,0.0017621235,0.0017099163,0.0
2025-09-20 05:00:00,solar.bun_carm1#realenergyintotheload#kwh,BUNDOORA,0.0,-0.014143338,0.0018291601,0.0017749667,0.0
2025-09-20 06:00:00,solar.bun_carm1#realenergyintotheload#kwh,BUNDOORA,0.0,0.92920136,0.0016709461,0.0016214402,0.0
2025-09-20 07:00:00,solar.bun_carm1#realenergyintotheload#kwh,BUNDOORA,0.0,2.3896127,2.69443,2.614601,39.0
2025-09-20 08:00:00,solar.bun_carm1#realenergyintotheload#kwh,BUNDOORA,0.0,11.712565,17.820974,17.292984,239.0
2025-09-20 09:00:00,solar.bun_carm1#realenergyintotheload#kwh,BUNDOORA,0.0,25.302925,34.80166,33.770573,448.0
2025-09-20 10:00:00,solar.bun_carm1#realenergyintotheload#kwh,BUNDOORA,0.0,24.168453,24.952375,24.213099,314.0
2025-09-20 11:00:00,solar.bun_carm1#realenergyintotheload#kwh,BUNDOORA,0.0,42.362377,51.24098,49.722836,696.0
2025-09-20 12:00:00,solar.bun_carm1#realenergyintotheload#kwh,BUNDOORA,0.0,27.273531,30.448072,29.545973,386.0
2025-09-20 13:00:00,solar.bun_carm1#realenergyintotheload#kwh,BUNDOORA,0.0,26.378075,23.864902,23.157845,300.0
2025-09-20 14:00:00,solar.bun_carm1#realenergyintotheload#kwh,BUNDOORA,0.0,31.173336,31.910486,30.965057,408.0
2025-09-20 15:00:00,solar.bun_carm1#realenergyintotheload#kwh,BUNDOORA,0.0,28.728182,19.61702,19.035816,248.0
2025-09-20 16:00:00,solar.bun_carm1#realenergyintotheload#kwh,BUNDOORA,0.0,23.21367,18.615486,18.063955,232.0
2025-09-20 17:00:00,solar.bun_carm1#realenergyintotheload#kwh,BUNDOORA,0.0,7.445179,8.392523,8.143873,110.0
2025-09-20 18:00:00,solar.bun_carm1#realenergyintotheload#kwh,BUNDOORA,0.0,2.3407712,1.2965577,1.2581439,21.0
2025-09-20 19:00:00,solar.bun_carm1#realenergyintotheload#kwh,BUNDOORA,0.0,0.4505658,0.0023017663,0.0022335707,0.0
2025-09-20 20:00:00,solar.bun_carm1#realenergyintotheload#kwh,BUNDOORA,0.0,-0.043047365,0.0013863526,0.0013452785,0.0
2025-09-20 21:00:00,solar.bun_carm1#realenergyintotheload#kwh,BUNDOORA,0.0,0.06954857,0.002615448,0.0025379588,0.0
2025-09-20 22:00:00,solar.bun_carm1#realenergyintotheload#kwh,BUNDOORA,0.0,0.045038167,0.0024625775,0.0023896175,0.0
2025-09-20 23:00:00,solar.bun_carm1#realenergyintotheload#kwh,BUNDOORA,0.0,0.06776038,0.0015625185,0.001516225,0.0
2025-09-21 00:00:00,solar.bun_carm1#realenergyintotheload#kwh,BUNDOORA,0.0,0.112158865,0.0021364915,0.0020731925,0.0
2025-09-21 01:00:00,solar.bun_carm1#realenergyintotheload#kwh,BUNDOORA,0.0,0.030628277,0.0021364915,0.0020731925,0.0
2025-09-21 02:00:00,solar.bun_carm1#realenergyintotheload#kwh,BUNDOORA,0.0,0.026047267,0.0016709461,0.0016214402,0.0
2025-09-21 03:00:00,solar.bun_carm1#realenergyintotheload#kwh,BUNDOORA,0.0,0.012127362,0.0016709461,0.0016214402,0.0
2025-09-21 04:00:00,solar.bun_carm1#realenergyintotheload#kwh,BUNDOORA,0.0,0.011637391,0.00091408606,0.00088700396,0.0
2025-09-21 05:00:00,solar.bun_carm1#realenergyintotheload#kwh,BUNDOORA,0.0,0.012886662,0.0010208101,0.0009905661,0.0
2025-09-21 06:00:00,solar.bun_carm1#realenergyintotheload#kwh,BUNDOORA,0.0,1.0895007,0.0010208101,0.0009905661,0.0
2025-09-21 07:00:00,solar.bun_carm1#realenergyintotheload#kwh,BUNDOORA,0.0,2.0793567,1.6394737,1.5909002,25.0
2025-09-21 08:00:00,solar.bun_carm1#realenergyintotheload#kwh,BUNDOORA,0.0,6.087741,8.374322,8.126212,109.0
2025-09-21 09:00:00,solar.bun_carm1#realenergyintotheload#kwh,BUNDOORA,0.0,10.887915,13.731118,13.3243,172.0
2025-09-21 10:00:00,solar.bun_carm1#realenergyintotheload#kwh,BUNDOORA,0.0,6.1776958,6.689375,6.4911857,87.0
2025-09-21 11:00:00,solar.bun_carm1#realenergyintotheload#kwh,BUNDOORA,0.0,5.0907984,5.088922,4.93815,66.0
2025-09-21 12:00:00,solar.bun_carm1#realenergyintotheload#kwh,BUNDOORA,0.0,13.289085,11.442981,11.103953,148.0
2025-09-21 13:00:00,solar.bun_carm1#realenergyintotheload#kwh,BUNDOORA,0.0,23.784906,16.258085,15.776399,208.0
2025-09-21 14:00:00,solar.bun_carm1#realenergyintotheload#kwh,BUNDOORA,0.0,12.095623,10.6584,10.342618,136.0
2025-09-21 15:00:00,solar.bun_carm1#realenergyintotheload#kwh,BUNDOORA,0.0,11.136475,6.6954594,6.49709,89.0
2025-09-21 16:00:00,solar.bun_carm1#realenergyintotheload#kwh,BUNDOORA,0.0,10.34597,4.3879747,4.25797,59.0
2025-09-21 17:00:00,solar.bun_carm1#realenergyintotheload#kwh,BUNDOORA,0.0,8.851445,8.626763,8.371174,111.0
2025-09-21 18:00:00,solar.bun_carm1#realenergyintotheload#kwh,BUNDOORA,0.0,5.7644496,1.0776614,1.045733,17.0
2025-09-21 19:00:00,solar.bun_carm1#realenergyintotheload#kwh,BUNDOORA,0.0,0.8612016,0.0027227083,0.0026420413,0.0
2025-09-21 20:00:00,solar.bun_carm1#realenergyintotheload#kwh,BUNDOORA,0.0,0.021977577,0.0020053862,0.0019459716,0.0
2025-09-21 21:00:00,solar.bun_carm1#realenergyintotheload#kwh,BUNDOORA,0.0,-0.06700368,0.0016709461,0.0016214402,0.0
2025-09-21 22:00:00,solar.bun_carm1#realenergyintotheload#kwh,BUNDOORA,0.0,-0.08102252,0.0016709461,0.0016214402,0.0
2025-09-21 23:00:00,solar.bun_carm1#realenergyintotheload#kwh,BUNDOORA,0.0,-0.00074672326,0.0016709461,0.0016214402,0.0
2025-09-22 00:00:00,solar.bun_carm1#realenergyintotheload#kwh,BUNDOORA,0.0,0.014180906,0.0016709461,0.0016214402,0.0
2025-09-22 01:00:00,solar.bun_carm1#realenergyintotheload#kwh,BUNDOORA,0.0,-0.0012963302,0.0016709461,0.0016214402,0.0
2025-09-22 02:00:00,solar.bun_carm1#realenergyintotheload#kwh,BUNDOORA,0.0,0.018717155,0.0016709461,0.0016214402,0.0
2025-09-22 03:00:00,solar.bun_carm1#realenergyintotheload#kwh,BUNDOORA,0.0,0.025511116,0.0016709461,0.0016214402,0.0
2025-09-22 04:00:00,solar.bun_carm1#realenergyintotheload#kwh,BUNDOORA,0.0,-0.0039567184,0.0016039095,0.0015563897,0.0
2025-09-22 05:00:00,solar.bun_carm1#realenergyintotheload#kwh,BUNDOORA,0.0,-0.001895085,0.0016039095,0.0015563897,0.0
2025-09-22 06:00:00,solar.bun_carm1#realenergyintotheload#kwh,BUNDOORA,0.0,0.664489,0.0016709461,0.0016214402,0.0
2025-09-22 07:00:00,solar.bun_carm1#realenergyintotheload#kwh,BUNDOORA,0.0,0.06330693,3.6689854,3.5602825,50.0
2025-09-22 08:00:00,solar.bun_carm1#realenergyintotheload#kwh,BUNDOORA,0.0,6.9541984,14.502635,14.072958,195.0
2025-09-22 09:00:00,solar.bun_carm1#realenergyintotheload#kwh,BUNDOORA,0.0,19.490171,34.099903,33.089607,442.0
2025-09-22 10:00:00,solar.bun_carm1#realenergyintotheload#kwh,BUNDOORA,0.0,21.606997,24.20413,23.487022,301.0
2025-09-22 11:00:00,solar.bun_carm1#realenergyintotheload#kwh,BUNDOORA,0.0,41.081474,52.403225,50.850647,710.0
2025-09-22 12:00:00,solar.bun_carm1#realenergyintotheload#kwh,BUNDOORA,0.0,41.50894,51.911026,50.37303,699.0
2025-09-22 13:00:00,solar.bun_carm1#realenergyintotheload#kwh,BUNDOORA,0.0,40.702675,42.87405,41.603798,563.0
2025-09-22 14:00:00,solar.bun_carm1#realenergyintotheload#kwh,BUNDOORA,0.0,44.840286,46.040825,44.67675,614.0
2025-09-22 15:00:00,solar.bun_carm1#realenergyintotheload#kwh,BUNDOORA,0.0,35.83059,32.868816,31.894995,421.0
2025-09-22 16:00:00,solar.bun_carm1#realenergyintotheload#kwh,BUNDOORA,0.0,28.787445,33.4743,32.48254,440.0
2025-09-22 17:00:00,solar.bun_carm1#realenergyintotheload#kwh,BUNDOORA,0.0,14.802124,17.827219,17.299044,238.0
2025-09-22 18:00:00,solar.bun_carm1#realenergyintotheload#kwh,BUNDOORA,0.0,5.3272357,2.9626687,2.8748922,41.0
2025-09-22 19:00:00,solar.bun_carm1#realenergyintotheload#kwh,BUNDOORA,0.0,1.1842328,0.0021364915,0.0020731925,0.0
2025-09-22 20:00:00,solar.bun_carm1#realenergyintotheload#kwh,BUNDOORA,0.0,0.024787087,0.0014274743,0.0013851818,0.0
2025-09-22 21:00:00,solar.bun_carm1#realenergyintotheload#kwh,BUNDOORA,0.0,0.01693146,0.0014274743,0.0013851818,0.0
2025-09-22 22:00:00,solar.bun_carm1#realenergyintotheload#kwh,BUNDOORA,0.0,0.020093512,0.0014274743,0.0013851818,0.0
2025-09-22 23:00:00,solar.bun_carm1#realenergyintotheload#kwh,BUNDOORA,0.0,0.020093512,0.0014274743,0.0013851818,0.0
2025-09-23 00:00:00,solar.bun_carm1#realenergyintotheload#kwh,BUNDOORA,0.0,-0.0043688677,0.0021447968,0.0020812517,0.0
2025-09-23 01:00:00,solar.bun_carm1#realenergyintotheload#kwh,BUNDOORA,0.0,0.010178484,0.0014274743,0.0013851818,0.0
2025-09-23 02:00:00,solar.bun_carm1#realenergyintotheload#kwh,BUNDOORA,0.0,-0.027068814,0.0013604376,0.0013201312,0.0
2025-09-23 03:00:00,solar.bun_carm1#realenergyintotheload#kwh,BUNDOORA,0.0,-0.024450026,0.0013604376,0.0013201312,0.0
2025-09-23 04:00:00,solar.bun_carm1#realenergyintotheload#kwh,BUNDOORA,0.0,-0.0059340848,0.0010645466,0.0010330068,0.0
2025-09-23 05:00:00,solar.bun_carm1#realenergyintotheload#kwh,BUNDOORA,0.0,0.019713232,0.0014274743,0.0013851818,0.0
2025-09-23 06:00:00,solar.bun_carm1#realenergyintotheload#kwh,BUNDOORA,0.0,0.23063543,0.0013604376,0.0013201312,0.0
2025-09-23 07:00:00,solar.bun_carm1#realenergyintotheload#kwh,BUNDOORA,0.0,0.36633268,2.3117707,2.2432787,34.0
2025-09-23 08:00:00,solar.bun_carm1#realenergyintotheload#kwh,BUNDOORA,0.0,2.4503427,17.393314,16.877995,233.0
2025-09-23 09:00:00,solar.bun_carm1#realenergyintotheload#kwh,BUNDOORA,0.0,17.585009,34.619465,33.593777,444.0
2025-09-23 10:00:00,solar.bun_carm1#realenergyintotheload#kwh,BUNDOORA,0.0,26.679043,30.92907,30.012718,397.0
2025-09-23 11:00:00,solar.bun_carm1#realenergyintotheload#kwh,BUNDOORA,0.0,32.207104,40.04547,38.859024,522.0
2025-09-23 12:00:00,solar.bun_carm1#realenergyintotheload#kwh,BUNDOORA,0.0,34.957905,32.13636,31.18424,412.0
2025-09-23 13:00:00,solar.bun_carm1#realenergyintotheload#kwh,BUNDOORA,0.0,24.661488,16.538744,16.048742,215.0
2025-09-23 14:00:00,solar.bun_carm1#realenergyintotheload#kwh,BUNDOORA,0.0,37.013622,34.690323,33.662537,449.0
2025-09-23 15:00:00,solar.bun_carm1#realenergyintotheload#kwh,BUNDOORA,0.0,21.615082,16.528791,16.039085,213.0
2025-09-23 16:00:00,solar.bun_carm1#realenergyintotheload#kwh,BUNDOORA,0.0,20.216778,20.1518,19.554752,252.0
2025-09-23 17:00:00,solar.bun_carm1#realenergyintotheload#kwh,BUNDOORA,0.0,13.104343,15.257229,14.805195,202.0
2025-09-23 18:00:00,solar.bun_carm1#realenergyintotheload#kwh,BUNDOORA,0.0,1.5460975,1.9084412,1.8518988,29.0
2025-09-23 19:00:00,solar.bun_carm1#realenergyintotheload#kwh,BUNDOORA,0.0,0.669116,0.0019486914,0.0018909565,0.0
2025-09-23 20:00:00,solar.bun_carm1#realenergyintotheload#kwh,BUNDOORA,0.0,-0.054996185,0.0010162058,0.0009860981,0.0
2025-09-23 21:00:00,solar.bun_carm1#realenergyintotheload#kwh,BUNDOORA,0.0,0.04065192,0.0018930198,0.0018369344,0.0
2025-09-23 22:00:00,solar.bun_carm1#realenergyintotheload#kwh,BUNDOORA,0.0,0.03280227,0.0010645466,0.0010330068,0.0
2025-09-23 23:00:00,solar.bun_carm1#realenergyintotheload#kwh,BUNDOORA,0.0,0.009527248,0.0010645466,0.0010330068,0.0
2025-09-24 00:00:00,solar.bun_carm1#realenergyintotheload#kwh,BUNDOORA,0.0,0.004586637,0.000916782,0.00088962005,0.0
2025-09-24 01:00:00,solar.bun_carm1#realenergyintotheload#kwh,BUNDOORA,0.0,0.004586637,0.000916782,0.00088962005,0.0
2025-09-24 02:00:00,solar.bun_carm1#realenergyintotheload#kwh,BUNDOORA,0.0,0.0030723982,0.000916782,0.00088962005,0.0
2025-09-24 03:00:00,solar.bun_carm1#realenergyintotheload#kwh,BUNDOORA,0.0,0.0030723982,0.000916782,0.00088962005,0.0
2025-09-24 04:00:00,solar.bun_carm1#realenergyintotheload#kwh,BUNDOORA,0.0,0.0085539995,0.0010645466,0.0010330068,0.0
2025-09-24 05:00:00,solar.bun_carm1#realenergyintotheload#kwh,BUNDOORA,0.0,0.031829026,0.0010645466,0.0010330068,0.0
2025-09-24 06:00:00,solar.bun_carm1#realenergyintotheload#kwh,BUNDOORA,0.0,1.1437496,0.0021447968,0.0020812517,0.0
2025-09-24 07:00:00,solar.bun_carm1#realenergyintotheload#kwh,BUNDOORA,0.0,3.3560934,1.6378152,1.5892909,25.0
2025-09-24 08:00:00,solar.bun_carm1#realenergyintotheload#kwh,BUNDOORA,0.0,11.0523205,10.5856085,10.271983,137.0
2025-09-24 09:00:00,solar.bun_carm1#realenergyintotheload#kwh,BUNDOORA,0.0,19.170961,22.481228,21.815165,282.0
2025-09-24 10:00:00,solar.bun_carm1#realenergyintotheload#kwh,BUNDOORA,0.0,28.26414,27.12791,26.324179,339.0
2025-09-24 11:00:00,solar.bun_carm1#realenergyintotheload#kwh,BUNDOORA,0.0,35.257824,40.42218,39.22457,531.0
2025-09-24 12:00:00,solar.bun_carm1#realenergyintotheload#kwh,BUNDOORA,0.0,27.712004,27.323332,26.51381,344.0
2025-09-24 13:00:00,solar.bun_carm1#realenergyintotheload#kwh,BUNDOORA,0.0,27.063557,24.025154,23.313349,302.0
2025-09-24 14:00:00,solar.bun_carm1#realenergyintotheload#kwh,BUNDOORA,0.0,26.751652,18.353926,17.810144,232.0
2025-09-24 15:00:00,solar.bun_carm1#realenergyintotheload#kwh,BUNDOORA,0.0,19.96921,21.282455,20.651909,267.0
2025-09-24 16:00:00,solar.bun_carm1#realenergyintotheload#kwh,BUNDOORA,0.0,15.464866,16.907166,16.406248,209.0
2025-09-24 17:00:00,solar.bun_carm1#realenergyintotheload#kwh,BUNDOORA,0.0,8.0628195,8.391689,8.1430645,109.0
2025-09-24 18:00:00,solar.bun_carm1#realenergyintotheload#kwh,BUNDOORA,0.0,4.949423,1.9167908,1.8600011,28.0
2025-09-24 19:00:00,solar.bun_carm1#realenergyintotheload#kwh,BUNDOORA,0.0,0.54323375,0.0016821693,0.0016323308,0.0
2025-09-24 20:00:00,solar.bun_carm1#realenergyintotheload#kwh,BUNDOORA,0.0,-0.0069142515,0.0023117028,0.002243213,0.0
2025-09-24 21:00:00,solar.bun_carm1#realenergyintotheload#kwh,BUNDOORA,0.0,0.013202767,0.0020450968,0.0019845057,0.0
2025-09-24 22:00:00,solar.bun_carm1#realenergyintotheload#kwh,BUNDOORA,0.0,-0.0017248674,0.0016821693,0.0016323308,0.0
2025-09-24 23:00:00,solar.bun_carm1#realenergyintotheload#kwh,BUNDOORA,0.0,-0.0017248674,0.002762419,0.0026805755,0.0
2025-09-25 00:00:00,solar.bun_carm1#realenergyintotheload#kwh,BUNDOORA,0.0,-0.00015965005,0.0026146544,0.0025371886,0.0
2025-09-25 01:00:00,solar.bun_carm1#realenergyintotheload#kwh,BUNDOORA,0.0,0.007942241,0.0026146544,0.0025371886,0.0
2025-09-25 02:00:00,solar.bun_carm1#realenergyintotheload#kwh,BUNDOORA,0.0,0.010520621,0.0019970322,0.0019378652,0.0
2025-09-25 03:00:00,solar.bun_carm1#realenergyintotheload#kwh,BUNDOORA,0.0,0.021823,0.0019970322,0.0019378652,0.0
2025-09-25 04:00:00,solar.bun_carm1#realenergyintotheload#kwh,BUNDOORA,0.0,0.006151853,0.0021037564,0.0020414274,0.0
2025-09-25 05:00:00,solar.bun_carm1#realenergyintotheload#kwh,BUNDOORA,0.0,0.006151853,0.0021037564,0.0020414274,0.0
2025-09-25 06:00:00,solar.bun_carm1#realenergyintotheload#kwh,BUNDOORA,0.0,0.43878508,0.002275614,0.0022081933,0.0
2025-09-25 07:00:00,solar.bun_carm1#realenergyintotheload#kwh,BUNDOORA,0.0,2.724426,1.1038425,1.0711384,19.0
2025-09-25 08:00:00,solar.bun_carm1#realenergyintotheload#kwh,BUNDOORA,0.0,4.879501,7.3805285,7.161862,100.0
2025-09-25 09:00:00,solar.bun_carm1#realenergyintotheload#kwh,BUNDOORA,0.0,14.455485,12.6447315,12.2701,161.0
2025-09-25 10:00:00,solar.bun_carm1#realenergyintotheload#kwh,BUNDOORA,0.0,24.188557,19.731123,19.14654,248.0
2025-09-25 11:00:00,solar.bun_carm1#realenergyintotheload#kwh,BUNDOORA,0.0,24.943714,16.138983,15.660825,206.0
2025-09-25 12:00:00,solar.bun_carm1#realenergyintotheload#kwh,BUNDOORA,0.0,22.660664,15.29406,14.840935,197.0
2025-09-25 13:00:00,solar.bun_carm1#realenergyintotheload#kwh,BUNDOORA,0.0,11.778106,8.497459,8.245701,110.0
2025-09-25 14:00:00,solar.bun_carm1#realenergyintotheload#kwh,BUNDOORA,0.0,5.2804627,6.6391997,6.442497,88.0
2025-09-25 15:00:00,solar.bun_carm1#realenergyintotheload#kwh,BUNDOORA,0.0,9.621465,7.8654146,7.632382,104.0
2025-09-25 16:00:00,solar.bun_carm1#realenergyintotheload#kwh,BUNDOORA,0.0,12.494226,8.7542095,8.494844,113.0
2025-09-25 17:00:00,solar.bun_carm1#realenergyintotheload#kwh,BUNDOORA,0.0,3.1606543,4.7713127,4.6299505,63.0
2025-09-25 18:00:00,solar.bun_carm1#realenergyintotheload#kwh,BUNDOORA,0.0,1.4164432,0.7827555,0.7595644,15.0
2025-09-25 19:00:00,solar.bun_carm1#realenergyintotheload#kwh,BUNDOORA,0.0,0.3703978,0.0019486914,0.0018909565,0.0
2025-09-25 20:00:00,solar.bun_carm1#realenergyintotheload#kwh,BUNDOORA,0.0,-0.09277192,0.0031869237,0.0030925032,0.0
2025-09-25 21:00:00,solar.bun_carm1#realenergyintotheload#kwh,BUNDOORA,0.0,0.0057561547,0.0026146544,0.0025371886,0.0
2025-09-25 22:00:00,solar.bun_carm1#realenergyintotheload#kwh,BUNDOORA,0.0,0.013335229,0.0026146544,0.0025371886,0.0
2025-09-25 23:00:00,solar.bun_carm1#realenergyintotheload#kwh,BUNDOORA,0.0,0.09405332,0.0013898673,0.001348689,0.0
2025-09-26 00:00:00,solar.bun_carm1#realenergyintotheload#kwh,BUNDOORA,0.0,0.10338975,0.0016384326,0.00158989,0.0
2025-09-26 01:00:00,solar.bun_carm1#realenergyintotheload#kwh,BUNDOORA,0.0,-0.02327813,0.00091408606,0.00088700396,0.0
2025-09-26 02:00:00,solar.bun_carm1#realenergyintotheload#kwh,BUNDOORA,0.0,-0.047374047,0.0010208101,0.0009905661,0.0
2025-09-26 03:00:00,solar.bun_carm1#realenergyintotheload#kwh,BUNDOORA,0.0,0.05363696,0.0013796313,0.0013387563,0.0
2025-09-26 04:00:00,solar.bun_carm1#realenergyintotheload#kwh,BUNDOORA,0.0,-0.0052280724,0.0019692979,0.0019109525,0.0
2025-09-26 05:00:00,solar.bun_carm1#realenergyintotheload#kwh,BUNDOORA,0.0,0.06815728,-0.000879815,0.0,0.0
2025-09-26 06:00:00,solar.bun_carm1#realenergyintotheload#kwh,BUNDOORA,0.0,-0.22759528,-0.001589918,0.0,0.0
2025-09-26 07:00:00,solar.bun_carm1#realenergyintotheload#kwh,BUNDOORA,0.0,3.2442508,1.894458,1.83833,28.0
2025-09-26 08:00:00,solar.bun_carm1#realenergyintotheload#kwh,BUNDOORA,0.0,4.7048883,6.5780115,6.3831215,87.0
2025-09-26 09:00:00,solar.bun_carm1#realenergyintotheload#kwh,BUNDOORA,0.0,17.538883,11.910506,11.557628,154.0
2025-09-26 10:00:00,solar.bun_carm1#realenergyintotheload#kwh,BUNDOORA,0.0,23.83061,19.01335,18.450031,237.0
2025-09-26 11:00:00,solar.bun_carm1#realenergyintotheload#kwh,BUNDOORA,0.0,13.166239,11.627826,11.283322,150.0
2025-09-26 12:00:00,solar.bun_carm1#realenergyintotheload#kwh,BUNDOORA,0.0,11.583494,9.95554,9.660582,127.0
2025-09-26 13:00:00,solar.bun_carm1#realenergyintotheload#kwh,BUNDOORA,0.0,5.4234214,5.055426,4.9056463,63.0
2025-09-26 14:00:00,solar.bun_carm1#realenergyintotheload#kwh,BUNDOORA,0.0,6.1190267,6.309563,6.122627,82.0
2025-09-26 15:00:00,solar.bun_carm1#realenergyintotheload#kwh,BUNDOORA,0.0,33.04535,27.84018,27.015345,355.0
2025-09-26 16:00:00,solar.bun_carm1#realenergyintotheload#kwh,BUNDOORA,0.0,33.118523,32.10658,31.15534,428.0
2025-09-26 17:00:00,solar.bun_carm1#realenergyintotheload#kwh,BUNDOORA,0.0,2.2266772,5.4992495,5.3363204,73.0
2025-09-26 18:00:00,solar.bun_carm1#realenergyintotheload#kwh,BUNDOORA,0.0,2.3022242,0.64727056,0.62809354,13.0
2025-09-26 19:00:00,solar.bun_carm1#realenergyintotheload#kwh,BUNDOORA,0.0,1.6001924,0.009077809,0.008808856,0.0
2025-09-26 20:00:00,solar.bun_carm1#realenergyintotheload#kwh,BUNDOORA,0.0,0.20585932,0.0029181018,0.0028316458,0.0
2025-09-26 21:00:00,solar.bun_carm1#realenergyintotheload#kwh,BUNDOORA,0.0,0.31064525,0.0026746297,0.0025953872,0.0
2025-09-26 22:00:00,solar.bun_carm1#realenergyintotheload#kwh,BUNDOORA,0.0,-0.028793598,0.0026075938,0.0025303373,0.0
2025-09-26 23:00:00,solar.bun_carm1#realenergyintotheload#kwh,BUNDOORA,0.0,-0.043577287,0.0019780602,0.0019194552,0.0
2025-09-27 00:00:00,solar.bun_carm1#realenergyintotheload#kwh,BUNDOORA,0.0,0.019253382,0.0020450968,0.0019845057,0.0
2025-09-27 01:00:00,solar.bun_carm1#realenergyintotheload#kwh,BUNDOORA,0.0,0.018033296,0.0019780602,0.0019194552,0.0
2025-09-27 02:00:00,solar.bun_carm1#realenergyintotheload#kwh,BUNDOORA,0.0,0.0077254213,0.0014274743,0.0013851818,0.0
2025-09-27 03:00:00,solar.bun_carm1#realenergyintotheload#kwh,BUNDOORA,0.0,0.008749743,0.0014274743,0.0013851818,0.0
2025-09-27 04:00:00,solar.bun_carm1#realenergyintotheload#kwh,BUNDOORA,0.0,0.008395845,0.0014274743,0.0013851818,0.0
2025-09-27 05:00:00,solar.bun_carm1#realenergyintotheload#kwh,BUNDOORA,0.0,0.0036006642,0.0010645466,0.0010330068,0.0
2025-09-27 06:00:00,solar.bun_carm1#realenergyintotheload#kwh,BUNDOORA,0.0,0.15532869,0.0014274743,0.0013851818,0.0
2025-09-27 07:00:00,solar.bun_carm1#realenergyintotheload#kwh,BUNDOORA,0.0,1.2037393,4.9041553,4.7588573,65.0
2025-09-27 08:00:00,solar.bun_carm1#realenergyintotheload#kwh,BUNDOORA,0.0,11.154153,17.93676,17.405338,238.0
2025-09-27 09:00:00,solar.bun_carm1#realenergyintotheload#kwh,BUNDOORA,0.0,23.803875,29.892258,29.006624,384.0
2025-09-27 10:00:00,solar.bun_carm1#realenergyintotheload#kwh,BUNDOORA,0.0,32.574787,36.71878,35.630894,476.0
2025-09-27 11:00:00,solar.bun_carm1#realenergyintotheload#kwh,BUNDOORA,0.0,47.41153,50.861023,49.354137,680.0
2025-09-27 12:00:00,solar.bun_carm1#realenergyintotheload#kwh,BUNDOORA,0.0,50.67161,55.91258,54.256027,779.0
2025-09-27 13:00:00,solar.bun_carm1#realenergyintotheload#kwh,BUNDOORA,0.0,62.976303,58.02957,56.3103,837.0
2025-09-27 14:00:00,solar.bun_carm1#realenergyintotheload#kwh,BUNDOORA,0.0,55.187878,55.236015,53.59951,760.0
2025-09-27 15:00:00,solar.bun_carm1#realenergyintotheload#kwh,BUNDOORA,0.0,44.34619,46.14663,44.77942,631.0
2025-09-27 16:00:00,solar.bun_carm1#realenergyintotheload#kwh,BUNDOORA,0.0,24.723345,29.485775,28.612185,385.0
2025-09-27 17:00:00,solar.bun_carm1#realenergyintotheload#kwh,BUNDOORA,0.0,6.6975727,12.263795,11.90045,165.0
2025-09-27 18:00:00,solar.bun_carm1#realenergyintotheload#kwh,BUNDOORA,0.0,1.5143259,1.4590675,1.415839,24.0
2025-09-27 19:00:00,solar.bun_carm1#realenergyintotheload#kwh,BUNDOORA,0.0,0.064651385,0.0013537973,0.0013136877,0.0
2025-09-27 20:00:00,solar.bun_carm1#realenergyintotheload#kwh,BUNDOORA,0.0,0.27439114,0.0012385878,0.0012018916,0.0
2025-09-27 21:00:00,solar.bun_carm1#realenergyintotheload#kwh,BUNDOORA,0.0,-0.027695145,0.0008684413,0.00084271154,0.0
2025-09-27 22:00:00,solar.bun_carm1#realenergyintotheload#kwh,BUNDOORA,0.0,0.026932694,0.0025693018,0.0024931799,0.0
2025-09-27 23:00:00,solar.bun_carm1#realenergyintotheload#kwh,BUNDOORA,0.0,0.011041487,0.001023506,0.0009931821,0.0
2025-09-28 00:00:00,solar.bun_carm1#realenergyintotheload#kwh,BUNDOORA,0.0,0.005559885,0.001023506,0.0009931821,0.0
2025-09-28 01:00:00,solar.bun_carm1#realenergyintotheload#kwh,BUNDOORA,0.0,0.018000029,0.0014274743,0.0013851818,0.0
2025-09-28 02:00:00,solar.bun_carm1#realenergyintotheload#kwh,BUNDOORA,0.0,0.007867578,0.0013604376,0.0013201312,0.0
2025-09-28 03:00:00,solar.bun_carm1#realenergyintotheload#kwh,BUNDOORA,0.0,7.778808e-05,0.0013604376,0.0013201312,0.0
2025-09-28 04:00:00,solar.bun_carm1#realenergyintotheload#kwh,BUNDOORA,0.0,0.007867578,0.0014274743,0.0013851818,0.0
2025-09-28 05:00:00,solar.bun_carm1#realenergyintotheload#kwh,BUNDOORA,0.0,0.009989878,0.0014274743,0.0013851818,0.0
2025-09-28 06:00:00,solar.bun_carm1#realenergyintotheload#kwh,BUNDOORA,0.0,0.26899973,0.0010645466,0.0010330068,0.0
2025-09-28 07:00:00,solar.bun_carm1#realenergyintotheload#kwh,BUNDOORA,0.0,-0.2933257,3.4050236,3.3041413,46.0
2025-09-28 08:00:00,solar.bun_carm1#realenergyintotheload#kwh,BUNDOORA,0.0,1.2954266,13.909118,13.4970255,177.0
2025-09-28 09:00:00,solar.bun_carm1#realenergyintotheload#kwh,BUNDOORA,0.0,20.698164,28.14651,27.3126,352.0
2025-09-28 10:00:00,solar.bun_carm1#realenergyintotheload#kwh,BUNDOORA,0.0,22.82647,26.022068,25.251099,325.0
2025-09-28 11:00:00,solar.bun_carm1#realenergyintotheload#kwh,BUNDOORA,0.0,36.278446,36.825405,35.73436,477.0
2025-09-28 12:00:00,solar.bun_carm1#realenergyintotheload#kwh,BUNDOORA,0.0,47.1304,51.742943,50.20993,699.0
2025-09-28 13:00:00,solar.bun_carm1#realenergyintotheload#kwh,BUNDOORA,0.0,50.825424,56.99559,55.306953,791.0
2025-09-28 14:00:00,solar.bun_carm1#realenergyintotheload#kwh,BUNDOORA,0.0,46.427048,51.044094,49.531784,691.0
2025-09-28 15:00:00,solar.bun_carm1#realenergyintotheload#kwh,BUNDOORA,0.0,28.590382,39.48135,38.311615,521.0
2025-09-28 16:00:00,solar.bun_carm1#realenergyintotheload#kwh,BUNDOORA,0.0,21.45081,31.128254,30.206001,409.0
2025-09-28 17:00:00,solar.bun_carm1#realenergyintotheload#kwh,BUNDOORA,0.0,13.626066,15.85118,15.381549,215.0
2025-09-28 18:00:00,solar.bun_carm1#realenergyintotheload#kwh,BUNDOORA,0.0,3.4095528,2.6740565,2.594831,36.0
2025-09-28 19:00:00,solar.bun_carm1#realenergyintotheload#kwh,BUNDOORA,0.0,0.58042145,0.0013791334,0.0013382732,0.0
2025-09-28 20:00:00,solar.bun_carm1#realenergyintotheload#kwh,BUNDOORA,0.0,0.008609793,0.0015300922,0.0014847594,0.0
2025-09-28 21:00:00,solar.bun_carm1#realenergyintotheload#kwh,BUNDOORA,0.0,0.014768542,0.0014274743,0.0013851818,0.0
2025-09-28 22:00:00,solar.bun_carm1#realenergyintotheload#kwh,BUNDOORA,0.0,0.015624147,0.0013604376,0.0013201312,0.0
2025-09-28 23:00:00,solar.bun_carm1#realenergyintotheload#kwh,BUNDOORA,0.0,0.0064291265,0.0013604376,0.0013201312,0.0
2025-09-29 00:00:00,solar.bun_carm1#realenergyintotheload#kwh,BUNDOORA,0.0,-0.0036721837,0.0013604376,0.0013201312,0.0
2025-09-29 01:00:00,solar.bun_carm1#realenergyintotheload#kwh,BUNDOORA,0.0,-0.0036721837,0.0013604376,0.0013201312,0.0
2025-09-29 02:00:00,solar.bun_carm1#realenergyintotheload#kwh,BUNDOORA,0.0,0.0006881953,0.0013604376,0.0013201312,0.0
2025-09-29 03:00:00,solar.bun_carm1#realenergyintotheload#kwh,BUNDOORA,0.0,-0.0031785674,0.0013604376,0.0013201312,0.0
2025-09-29 04:00:00,solar.bun_carm1#realenergyintotheload#kwh,BUNDOORA,0.0,0.0069227433,0.0013604376,0.0013201312,0.0
2025-09-29 05:00:00,solar.bun_carm1#realenergyintotheload#kwh,BUNDOORA,0.0,0.0069227433,0.0014274743,0.0013851818,0.0
2025-09-29 06:00:00,solar.bun_carm1#realenergyintotheload#kwh,BUNDOORA,0.0,-0.015805542,0.0013604376,0.0013201312,0.0
2025-09-29 07:00:00,solar.bun_carm1#realenergyintotheload#kwh,BUNDOORA,0.0,-0.047514614,7.287352,7.071446,93.0
2025-09-29 08:00:00,solar.bun_carm1#realenergyintotheload#kwh,BUNDOORA,0.0,12.870826,20.41974,19.814754,272.0
2025-09-29 09:00:00,solar.bun_carm1#realenergyintotheload#kwh,BUNDOORA,0.0,35.87166,37.513245,36.40182,489.0
2025-09-29 10:00:00,solar.bun_carm1#realenergyintotheload#kwh,BUNDOORA,0.0,49.649597,49.466946,48.00136,659.0
2025-09-29 11:00:00,solar.bun_carm1#realenergyintotheload#kwh,BUNDOORA,0.0,56.556202,55.57279,53.926304,778.0
2025-09-29 12:00:00,solar.bun_carm1#realenergyintotheload#kwh,BUNDOORA,0.0,63.18614,57.706795,55.997086,834.0
2025-09-29 13:00:00,solar.bun_carm1#realenergyintotheload#kwh,BUNDOORA,0.0,63.293568,57.97512,56.25746,827.0
2025-09-29 14:00:00,solar.bun_carm1#realenergyintotheload#kwh,BUNDOORA,0.0,58.7739,54.9279,53.30052,756.0
2025-09-29 15:00:00,solar.bun_carm1#realenergyintotheload#kwh,BUNDOORA,0.0,48.499363,46.41211,45.037033,630.0
2025-09-29 16:00:00,solar.bun_carm1#realenergyintotheload#kwh,BUNDOORA,0.0,26.017408,31.01485,30.095959,415.0
2025-09-29 17:00:00,solar.bun_carm1#realenergyintotheload#kwh,BUNDOORA,0.0,2.8822684,4.3849373,4.2550225,58.0
2025-09-29 18:00:00,solar.bun_carm1#realenergyintotheload#kwh,BUNDOORA,0.0,1.8938881,0.5412234,0.5251883,11.0
2025-09-29 19:00:00,solar.bun_carm1#realenergyintotheload#kwh,BUNDOORA,0.0,0.6067216,0.002447543,0.0023750283,0.0
2025-09-29 20:00:00,solar.bun_carm1#realenergyintotheload#kwh,BUNDOORA,0.0,-0.043058008,0.0030254545,0.0029358177,0.0
2025-09-29 21:00:00,solar.bun_carm1#realenergyintotheload#kwh,BUNDOORA,0.0,-0.112651564,-0.0019797238,0.0,0.0
2025-09-29 22:00:00,solar.bun_carm1#realenergyintotheload#kwh,BUNDOORA,0.0,-0.22345653,-0.0018729997,0.0,0.0
2025-09-29 23:00:00,solar.bun_carm1#realenergyintotheload#kwh,BUNDOORA,0.0,-0.2252469,-0.0015341678,0.0,0.0
2025-09-30 00:00:00,solar.bun_carm1#realenergyintotheload#kwh,BUNDOORA,0.0,-0.10983121,-0.0015341678,0.0,0.0
2025-09-30 01:00:00,solar.bun_carm1#realenergyintotheload#kwh,BUNDOORA,0.0,-0.084478,-0.0015341678,0.0,0.0
2025-09-30 02:00:00,solar.bun_carm1#realenergyintotheload#kwh,BUNDOORA,0.0,-0.071118176,-0.0016995787,0.0,0.0
2025-09-30 03:00:00,solar.bun_carm1#realenergyintotheload#kwh,BUNDOORA,0.0,-0.030070841,-0.003603353,0.0,0.0
2025-09-30 04:00:00,solar.bun_carm1#realenergyintotheload#kwh,BUNDOORA,0.0,0.06346293,-0.00015991737,0.0,0.0
2025-09-30 05:00:00,solar.bun_carm1#realenergyintotheload#kwh,BUNDOORA,0.0,0.015791487,-0.0018577928,0.0,0.0
2025-09-30 06:00:00,solar.bun_carm1#realenergyintotheload#kwh,BUNDOORA,0.0,0.43483362,0.001606298,0.0015587074,0.0
2025-09-30 07:00:00,solar.bun_carm1#realenergyintotheload#kwh,BUNDOORA,0.0,1.6294672,1.2792135,1.2413137,21.0
2025-09-30 08:00:00,solar.bun_carm1#realenergyintotheload#kwh,BUNDOORA,0.0,5.3800125,4.915455,4.769822,66.0
2025-09-30 09:00:00,solar.bun_carm1#realenergyintotheload#kwh,BUNDOORA,0.0,16.083128,11.171418,10.840437,145.0
2025-09-30 10:00:00,solar.bun_carm1#realenergyintotheload#kwh,BUNDOORA,0.0,23.579123,21.258902,20.629053,272.0
2025-09-30 11:00:00,solar.bun_carm1#realenergyintotheload#kwh,BUNDOORA,0.0,25.414799,20.331274,19.728909,257.0
2025-09-30 12:00:00,solar.bun_carm1#realenergyintotheload#kwh,BUNDOORA,0.0,34.218388,28.30179,27.46328,357.0
2025-09-30 13:00:00,solar.bun_carm1#realenergyintotheload#kwh,BUNDOORA,0.0,4.217636,4.525201,4.3911304,58.0
2025-09-30 14:00:00,solar.bun_carm1#realenergyintotheload#kwh,BUNDOORA,0.0,33.611435,29.435257,28.563164,376.0
2025-09-30 15:00:00,solar.bun_carm1#realenergyintotheload#kwh,BUNDOORA,0.0,28.562048,23.280144,22.590412,289.0
2025-09-30 16:00:00,solar.bun_carm1#realenergyintotheload#kwh,BUNDOORA,0.0,19.900917,10.193854,9.891836,135.0
2025-09-30 17:00:00,solar.bun_carm1#realenergyintotheload#kwh,BUNDOORA,0.0,14.357446,12.928807,12.545759,172.0
2025-09-30 18:00:00,solar.bun_carm1#realenergyintotheload#kwh,BUNDOORA,0.0,3.6089854,2.9221911,2.835614,42.0
2025-09-30 19:00:00,solar.bun_carm1#realenergyintotheload#kwh,BUNDOORA,0.0,1.0892909,0.0021477146,0.0020840832,0.0
2025-09-30 20:00:00,solar.bun_carm1#realenergyintotheload#kwh,BUNDOORA,0.0,0.011317639,0.000916782,0.00088962005,0.0
2025-09-30 21:00:00,solar.bun_carm1#realenergyintotheload#kwh,BUNDOORA,0.0,-0.05404762,0.0016821693,0.0016323308,0.0
2025-09-30 22:00:00,solar.bun_carm1#realenergyintotheload#kwh,BUNDOORA,0.0,0.010943872,0.0010645466,0.0010330068,0.0
2025-09-30 23:00:00,solar.bun_carm1#realenergyintotheload#kwh,BUNDOORA,0.0,0.0048627853,0.0010645466,0.0010330068,0.0
2025-10-01 00:00:00,solar.bun_carm1#realenergyintotheload#kwh,BUNDOORA,0.0,0.018000029,0.0014274743,0.0013851818,0.0
2025-10-01 01:00:00,solar.bun_carm1#realenergyintotheload#kwh,BUNDOORA,0.0,0.017062666,0.0014274743,0.0013851818,0.0
2025-10-01 02:00:00,solar.bun_carm1#realenergyintotheload#kwh,BUNDOORA,0.0,0.056345977,0.0014274743,0.0013851818,0.0
2025-10-01 03:00:00,solar.bun_carm1#realenergyintotheload#kwh,BUNDOORA,0.0,0.036215566,0.0013877637,0.0013466477,0.0
2025-10-01 04:00:00,solar.bun_carm1#realenergyintotheload#kwh,BUNDOORA,0.0,0.01869326,0.0014223809,0.0013802393,0.0
2025-10-01 05:00:00,solar.bun_carm1#realenergyintotheload#kwh,BUNDOORA,0.0,0.010826524,0.0014223809,0.0013802393,0.0
2025-10-01 06:00:00,solar.bun_carm1#realenergyintotheload#kwh,BUNDOORA,0.0,0.68681747,0.0016709461,0.0016214402,0.0
2025-10-01 07:00:00,solar.bun_carm1#realenergyintotheload#kwh,BUNDOORA,0.0,1.478652,8.195889,7.953066,110.0
2025-10-01 08:00:00,solar.bun_carm1#realenergyintotheload#kwh,BUNDOORA,0.0,15.702011,19.959696,19.36834,260.0
2025-10-01 09:00:00,solar.bun_carm1#realenergyintotheload#kwh,BUNDOORA,0.0,33.639263,38.44597,37.30691,511.0
2025-10-01 10:00:00,solar.bun_carm1#realenergyintotheload#kwh,BUNDOORA,0.0,31.747694,29.303026,28.43485,372.0
2025-10-01 11:00:00,solar.bun_carm1#realenergyintotheload#kwh,BUNDOORA,0.0,25.148245,21.095005,20.470013,272.0
2025-10-01 12:00:00,solar.bun_carm1#realenergyintotheload#kwh,BUNDOORA,0.0,32.652584,33.885616,32.88167,433.0
2025-10-01 13:00:00,solar.bun_carm1#realenergyintotheload#kwh,BUNDOORA,0.0,20.8615,17.25346,16.742283,222.0
2025-10-01 14:00:00,solar.bun_carm1#realenergyintotheload#kwh,BUNDOORA,0.0,32.67304,27.013521,26.213179,337.0
2025-10-01 15:00:00,solar.bun_carm1#realenergyintotheload#kwh,BUNDOORA,0.0,34.627502,41.983112,40.739258,543.0
2025-10-01 16:00:00,solar.bun_carm1#realenergyintotheload#kwh,BUNDOORA,0.0,16.650625,16.26579,15.783876,201.0
2025-10-01 17:00:00,solar.bun_carm1#realenergyintotheload#kwh,BUNDOORA,0.0,15.089727,17.974869,17.442318,243.0
2025-10-01 18:00:00,solar.bun_carm1#realenergyintotheload#kwh,BUNDOORA,0.0,0.3817433,3.4655786,3.3629022,47.0
2025-10-01 19:00:00,solar.bun_carm1#realenergyintotheload#kwh,BUNDOORA,0.0,-0.16934675,-0.001589918,0.0,0.0
2025-10-01 20:00:00,solar.bun_carm1#realenergyintotheload#kwh,BUNDOORA,0.0,-0.11102079,0.00042058018,0.00040811943,0.0
2025-10-01 21:00:00,solar.bun_carm1#realenergyintotheload#kwh,BUNDOORA,0.0,-0.097411126,-0.001483194,0.0,0.0
2025-10-01 22:00:00,solar.bun_carm1#realenergyintotheload#kwh,BUNDOORA,0.0,-0.11900629,0.0033204802,0.0032221028,0.0
2025-10-01 23:00:00,solar.bun_carm1#realenergyintotheload#kwh,BUNDOORA,0.0,0.058511995,0.0025636205,0.0024876667,0.0
2025-10-02 00:00:00,solar.bun_carm1#realenergyintotheload#kwh,BUNDOORA,0.0,0.0062364284,0.0026703447,0.002591229,0.0
2025-10-02 01:00:00,solar.bun_carm1#realenergyintotheload#kwh,BUNDOORA,0.0,0.008044231,0.0020519288,0.0019911353,0.0
2025-10-02 02:00:00,solar.bun_carm1#realenergyintotheload#kwh,BUNDOORA,0.0,-0.017751876,0.0020519288,0.0019911353,0.0
2025-10-02 03:00:00,solar.bun_carm1#realenergyintotheload#kwh,BUNDOORA,0.0,0.009091926,0.0015457058,0.0014999104,0.0
2025-10-02 04:00:00,solar.bun_carm1#realenergyintotheload#kwh,BUNDOORA,0.0,0.034624416,0.0014389817,0.0013963484,0.0
2025-10-02 05:00:00,solar.bun_carm1#realenergyintotheload#kwh,BUNDOORA,0.0,-0.022151576,0.0021288053,0.002065734,0.0
2025-10-02 06:00:00,solar.bun_carm1#realenergyintotheload#kwh,BUNDOORA,0.0,0.60778236,0.0021958419,0.0021307846,0.0
2025-10-02 07:00:00,solar.bun_carm1#realenergyintotheload#kwh,BUNDOORA,0.0,3.7988293,5.8595695,5.685965,78.0
2025-10-02 08:00:00,solar.bun_carm1#realenergyintotheload#kwh,BUNDOORA,0.0,13.263112,12.786378,12.40755,158.0
2025-10-02 09:00:00,solar.bun_carm1#realenergyintotheload#kwh,BUNDOORA,0.0,31.148672,38.353786,37.21746,510.0
2025-10-02 10:00:00,solar.bun_carm1#realenergyintotheload#kwh,BUNDOORA,0.0,30.849756,26.710318,25.918957,337.0
2025-10-02 11:00:00,solar.bun_carm1#realenergyintotheload#kwh,BUNDOORA,0.0,28.639833,20.651768,20.039907,265.0
2025-10-02 12:00:00,solar.bun_carm1#realenergyintotheload#kwh,BUNDOORA,0.0,12.219628,8.339831,8.092743,107.0
2025-10-02 13:00:00,solar.bun_carm1#realenergyintotheload#kwh,BUNDOORA,0.0,7.8668613,7.267453,7.052137,95.0
2025-10-02 14:00:00,solar.bun_carm1#realenergyintotheload#kwh,BUNDOORA,0.0,11.1214905,8.603064,8.348176,109.0
2025-10-02 15:00:00,solar.bun_carm1#realenergyintotheload#kwh,BUNDOORA,0.0,8.917473,7.9262724,7.691437,103.0
2025-10-02 16:00:00,solar.bun_carm1#realenergyintotheload#kwh,BUNDOORA,0.0,11.748598,10.325731,10.019806,134.0
2025-10-02 17:00:00,solar.bun_carm1#realenergyintotheload#kwh,BUNDOORA,0.0,7.8658123,9.457505,9.177303,122.0
2025-10-02 18:00:00,solar.bun_carm1#realenergyintotheload#kwh,BUNDOORA,0.0,3.2662306,0.9063772,0.8795235,16.0
2025-10-02 19:00:00,solar.bun_carm1#realenergyintotheload#kwh,BUNDOORA,0.0,0.7635257,0.0014389817,0.0013963484,0.0
2025-10-02 20:00:00,solar.bun_carm1#realenergyintotheload#kwh,BUNDOORA,0.0,0.055263788,0.0016709461,0.0016214402,0.0
2025-10-02 21:00:00,solar.bun_carm1#realenergyintotheload#kwh,BUNDOORA,0.0,0.038841687,0.0016709461,0.0016214402,0.0
2025-10-02 22:00:00,solar.bun_carm1#realenergyintotheload#kwh,BUNDOORA,0.0,0.03981038,0.0014223809,0.0013802393,0.0
2025-10-02 23:00:00,solar.bun_carm1#realenergyintotheload#kwh,BUNDOORA,0.0,0.04151812,0.002105086,0.0020427178,0.0
2025-10-03 00:00:00,solar.bun_carm1#realenergyintotheload#kwh,BUNDOORA,0.0,0.026590487,0.00066552084,0.0006458031,0.0
2025-10-03 01:00:00,solar.bun_carm1#realenergyintotheload#kwh,BUNDOORA,0.0,0.049365446,0.00091408606,0.00088700396,0.0
2025-10-03 02:00:00,solar.bun_carm1#realenergyintotheload#kwh,BUNDOORA,0.0,0.040170614,0.0016709461,0.0016214402,0.0
2025-10-03 03:00:00,solar.bun_carm1#realenergyintotheload#kwh,BUNDOORA,0.0,0.051963434,0.0016709461,0.0016214402,0.0
2025-10-03 04:00:00,solar.bun_carm1#realenergyintotheload#kwh,BUNDOORA,0.0,0.05929938,0.00091408606,0.00088700396,0.0
2025-10-03 05:00:00,solar.bun_carm1#realenergyintotheload#kwh,BUNDOORA,0.0,0.0762053,0.0016709461,0.0016214402,0.0
2025-10-03 06:00:00,solar.bun_carm1#realenergyintotheload#kwh,BUNDOORA,0.0,1.7426383,0.0016709461,0.0016214402,0.0
2025-10-03 07:00:00,solar.bun_carm1#realenergyintotheload#kwh,BUNDOORA,0.0,4.423613,5.42324,5.262563,72.0
2025-10-03 08:00:00,solar.bun_carm1#realenergyintotheload#kwh,BUNDOORA,0.0,14.855231,12.4222555,12.054215,157.0
2025-10-03 09:00:00,solar.bun_carm1#realenergyintotheload#kwh,BUNDOORA,0.0,22.217386,34.078793,33.069122,441.0
2025-10-03 10:00:00,solar.bun_carm1#realenergyintotheload#kwh,BUNDOORA,0.0,27.376572,26.702412,25.911285,334.0
2025-10-03 11:00:00,solar.bun_carm1#realenergyintotheload#kwh,BUNDOORA,0.0,37.888187,36.76742,35.678093,474.0
2025-10-03 12:00:00,solar.bun_carm1#realenergyintotheload#kwh,BUNDOORA,0.0,30.238962,28.209034,27.37327,352.0
2025-10-03 13:00:00,solar.bun_carm1#realenergyintotheload#kwh,BUNDOORA,0.0,34.30449,34.05322,33.044308,443.0
2025-10-03 14:00:00,solar.bun_carm1#realenergyintotheload#kwh,BUNDOORA,0.0,25.785809,19.319948,18.747547,248.0
2025-10-03 15:00:00,solar.bun_carm1#realenergyintotheload#kwh,BUNDOORA,0.0,21.982729,23.258955,22.56985,289.0
2025-10-03 16:00:00,solar.bun_carm1#realenergyintotheload#kwh,BUNDOORA,0.0,18.247374,17.592407,17.071188,222.0
2025-10-03 17:00:00,solar.bun_carm1#realenergyintotheload#kwh,BUNDOORA,0.0,20.81342,15.133262,14.684901,196.0
2025-10-03 18:00:00,solar.bun_carm1#realenergyintotheload#kwh,BUNDOORA,0.0,8.365946,3.2942493,3.1966488,44.0
2025-10-03 19:00:00,solar.bun_carm1#realenergyintotheload#kwh,BUNDOORA,0.0,1.3533833,0.0020594033,0.0019983884,0.0
2025-10-03 20:00:00,solar.bun_carm1#realenergyintotheload#kwh,BUNDOORA,0.0,0.09678111,0.0020594033,0.0019983884,0.0
2025-10-03 21:00:00,solar.bun_carm1#realenergyintotheload#kwh,BUNDOORA,0.0,0.06606364,0.0020594033,0.0019983884,0.0
2025-10-03 22:00:00,solar.bun_carm1#realenergyintotheload#kwh,BUNDOORA,0.0,0.0043635257,0.0026746297,0.0025953872,0.0
2025-10-03 23:00:00,solar.bun_carm1#realenergyintotheload#kwh,BUNDOORA,0.0,0.007377089,0.0026746297,0.0025953872,0.0
2025-10-04 00:00:00,solar.bun_carm1#realenergyintotheload#kwh,BUNDOORA,0.0,0.0019868622,0.0019780602,0.0019194552,0.0
2025-10-04 01:00:00,solar.bun_carm1#realenergyintotheload#kwh,BUNDOORA,0.0,0.012551724,0.0020450968,0.0019845057,0.0
2025-10-04 02:00:00,solar.bun_carm1#realenergyintotheload#kwh,BUNDOORA,0.0,0.013564923,0.0020450968,0.0019845057,0.0
2025-10-04 03:00:00,solar.bun_carm1#realenergyintotheload#kwh,BUNDOORA,0.0,-0.012660607,0.0013604376,0.0013201312,0.0
2025-10-04 04:00:00,solar.bun_carm1#realenergyintotheload#kwh,BUNDOORA,0.0,0.0038023915,0.0013604376,0.0013201312,0.0
2025-10-04 05:00:00,solar.bun_carm1#realenergyintotheload#kwh,BUNDOORA,0.0,0.021104407,0.0014274743,0.0013851818,0.0
2025-10-04 06:00:00,solar.bun_carm1#realenergyintotheload#kwh,BUNDOORA,0.0,0.12984306,0.0013604376,0.0013201312,0.0
2025-10-04 07:00:00,solar.bun_carm1#realenergyintotheload#kwh,BUNDOORA,0.0,0.3931677,7.67002,7.4427767,118.0
2025-10-04 08:00:00,solar.bun_carm1#realenergyintotheload#kwh,BUNDOORA,0.0,5.1613364,24.172997,23.456812,325.0
2025-10-04 09:00:00,solar.bun_carm1#realenergyintotheload#kwh,BUNDOORA,0.0,20.16743,39.30504,38.14053,526.0
2025-10-04 10:00:00,solar.bun_carm1#realenergyintotheload#kwh,BUNDOORA,0.0,49.38897,50.991558,49.480804,697.0
2025-10-04 11:00:00,solar.bun_carm1#realenergyintotheload#kwh,BUNDOORA,0.0,55.89751,58.487656,56.754814,816.0
2025-10-04 12:00:00,solar.bun_carm1#realenergyintotheload#kwh,BUNDOORA,0.0,59.258656,61.276237,59.460777,871.0
2025-10-04 13:00:00,solar.bun_carm1#realenergyintotheload#kwh,BUNDOORA,0.0,60.347588,60.34946,58.56146,863.0
2025-10-04 14:00:00,solar.bun_carm1#realenergyintotheload#kwh,BUNDOORA,0.0,56.064342,57.12146,55.429092,792.0
2025-10-04 15:00:00,solar.bun_carm1#realenergyintotheload#kwh,BUNDOORA,0.0,50.699364,48.511513,47.074238,664.0
2025-10-04 16:00:00,solar.bun_carm1#realenergyintotheload#kwh,BUNDOORA,0.0,38.57352,36.044434,34.97653,489.0
2025-10-04 17:00:00,solar.bun_carm1#realenergyintotheload#kwh,BUNDOORA,0.0,26.700434,20.882168,20.263481,282.0
2025-10-04 18:00:00,solar.bun_carm1#realenergyintotheload#kwh,BUNDOORA,0.0,7.7401733,5.634818,5.4678726,76.0
2025-10-04 19:00:00,solar.bun_carm1#realenergyintotheload#kwh,BUNDOORA,0.0,0.74832445,-0.0005532805,0.0,0.0
2025-10-04 20:00:00,solar.bun_carm1#realenergyintotheload#kwh,BUNDOORA,0.0,-0.006899463,0.0014324288,0.0013899895,0.0
2025-10-04 21:00:00,solar.bun_carm1#realenergyintotheload#kwh,BUNDOORA,0.0,-0.009970688,0.0028201444,0.0027365906,0.0
2025-10-04 22:00:00,solar.bun_carm1#realenergyintotheload#kwh,BUNDOORA,0.0,-0.10347735,-0.0013704208,0.0,0.0
2025-10-04 23:00:00,solar.bun_carm1#realenergyintotheload#kwh,BUNDOORA,0.0,-0.21034238,0.0022402278,0.0021738554,0.0
2025-10-05 00:00:00,solar.bun_carm1#realenergyintotheload#kwh,BUNDOORA,0.0,-0.13256578,0.0014833673,0.0014394189,0.0
2025-10-05 01:00:00,solar.bun_carm1#realenergyintotheload#kwh,BUNDOORA,0.0,-0.10542964,0.0023984418,0.0023273819,0.0
2025-10-05 02:00:00,solar.bun_carm1#realenergyintotheload#kwh,BUNDOORA,0.0,,,,
2025-10-05 03:00:00,solar.bun_carm1#realenergyintotheload#kwh,BUNDOORA,0.0,0.05860017,0.0004946672,0.00048001145,0.0
2025-10-05 04:00:00,solar.bun_carm1#realenergyintotheload#kwh,BUNDOORA,0.0,-0.13523178,0.003938102,0.003821426,0.0
2025-10-05 05:00:00,solar.bun_carm1#realenergyintotheload#kwh,BUNDOORA,0.0,-0.12039274,0.004083879,0.0039628837,0.0
2025-10-05 06:00:00,solar.bun_carm1#realenergyintotheload#kwh,BUNDOORA,0.0,-0.13629062,-0.004155866,0.0,0.0
2025-10-05 07:00:00,solar.bun_carm1#realenergyintotheload#kwh,BUNDOORA,0.0,0.4265621,-0.004155866,0.0,0.0
2025-10-05 08:00:00,solar.bun_carm1#realenergyintotheload#kwh,BUNDOORA,0.0,4.230127,4.39206,4.2619343,60.0
2025-10-05 09:00:00,solar.bun_carm1#realenergyintotheload#kwh,BUNDOORA,0.0,13.600994,20.026812,19.433468,254.0
2025-10-05 10:00:00,solar.bun_carm1#realenergyintotheload#kwh,BUNDOORA,0.0,22.199863,20.521894,19.913881,253.0
2025-10-05 11:00:00,solar.bun_carm1#realenergyintotheload#kwh,BUNDOORA,0.0,10.330835,8.106098,7.865935,105.0
2025-10-05 12:00:00,solar.bun_carm1#realenergyintotheload#kwh,BUNDOORA,0.0,7.134715,6.575411,6.380598,84.0
2025-10-05 13:00:00,solar.bun_carm1#realenergyintotheload#kwh,BUNDOORA,0.0,14.691009,14.172836,13.752931,183.0
2025-10-05 14:00:00,solar.bun_carm1#realenergyintotheload#kwh,BUNDOORA,0.0,37.00911,25.24617,24.49819,324.0
2025-10-05 15:00:00,solar.bun_carm1#realenergyintotheload#kwh,BUNDOORA,0.0,22.960535,23.078106,22.39436,298.0
2025-10-05 16:00:00,solar.bun_carm1#realenergyintotheload#kwh,BUNDOORA,0.0,21.49985,14.828417,14.389088,198.0
2025-10-05 17:00:00,solar.bun_carm1#realenergyintotheload#kwh,BUNDOORA,0.0,13.099587,10.266725,9.962547,129.0
2025-10-05 18:00:00,solar.bun_carm1#realenergyintotheload#kwh,BUNDOORA,0.0,4.5175934,4.2298126,4.1044936,57.0
2025-10-05 19:00:00,solar.bun_carm1#realenergyintotheload#kwh,BUNDOORA,0.0,0.62495714,0.44362637,0.43048283,9.0
2025-10-05 20:00:00,solar.bun_carm1#realenergyintotheload#kwh,BUNDOORA,0.0,0.39475912,0.0025475458,0.0024720684,0.0
2025-10-05 21:00:00,solar.bun_carm1#realenergyintotheload#kwh,BUNDOORA,0.0,0.2857436,-0.002392978,0.0,0.0
2025-10-05 22:00:00,solar.bun_carm1#realenergyintotheload#kwh,BUNDOORA,0.0,0.26947507,-0.0016276652,0.0,0.0
2025-10-05 23:00:00,solar.bun_carm1#realenergyintotheload#kwh,BUNDOORA,0.0,0.22331665,0.00027611002,0.00026792957,0.0
2025-10-06 00:00:00,solar.bun_carm1#realenergyintotheload#kwh,BUNDOORA,0.0,0.855936,0.00080937607,0.00078539626,0.0
2025-10-06 01:00:00,solar.bun_carm1#realenergyintotheload#kwh,BUNDOORA,0.0,-0.03803727,0.00034383085,0.000333644,0.0
2025-10-06 02:00:00,solar.bun_carm1#realenergyintotheload#kwh,BUNDOORA,0.0,0.0076000905,0.0030633267,0.002972568,0.0
2025-10-06 03:00:00,solar.bun_carm1#realenergyintotheload#kwh,BUNDOORA,0.0,0.28084862,0.0025634118,0.0024874643,0.0
2025-10-06 04:00:00,solar.bun_carm1#realenergyintotheload#kwh,BUNDOORA,0.0,8.4990636e-05,0.0016384326,0.00158989,0.0
2025-10-06 05:00:00,solar.bun_carm1#realenergyintotheload#kwh,BUNDOORA,0.0,0.0067692036,0.0016384326,0.00158989,0.0
2025-10-06 06:00:00,solar.bun_carm1#realenergyintotheload#kwh,BUNDOORA,0.0,0.02711568,0.00077224494,0.00074936525,0.0
2025-10-06 07:00:00,solar.bun_carm1#realenergyintotheload#kwh,BUNDOORA,0.0,1.2278761,0.00145495,0.0014118435,0.0
2025-10-06 08:00:00,solar.bun_carm1#realenergyintotheload#kwh,BUNDOORA,0.0,5.03609,3.4839866,3.3807647,49.0
2025-10-06 09:00:00,solar.bun_carm1#realenergyintotheload#kwh,BUNDOORA,0.0,15.5275755,12.749413,12.371679,159.0
2025-10-06 10:00:00,solar.bun_carm1#realenergyintotheload#kwh,BUNDOORA,0.0,22.149048,25.140797,24.395937,318.0
2025-10-06 11:00:00,solar.bun_carm1#realenergyintotheload#kwh,BUNDOORA,0.0,28.172438,28.087486,27.255323,350.0
2025-10-06 12:00:00,solar.bun_carm1#realenergyintotheload#kwh,BUNDOORA,0.0,42.42724,50.536713,49.039436,667.0
2025-10-06 13:00:00,solar.bun_carm1#realenergyintotheload#kwh,BUNDOORA,0.0,36.354805,33.24102,32.256172,423.0
2025-10-06 14:00:00,solar.bun_carm1#realenergyintotheload#kwh,BUNDOORA,0.0,31.320408,35.276665,34.231506,454.0
2025-10-06 15:00:00,solar.bun_carm1#realenergyintotheload#kwh,BUNDOORA,0.0,30.595844,32.149464,31.196955,409.0
2025-10-06 16:00:00,solar.bun_carm1#realenergyintotheload#kwh,BUNDOORA,0.0,37.320652,41.401157,40.174545,547.0
2025-10-06 17:00:00,solar.bun_carm1#realenergyintotheload#kwh,BUNDOORA,0.0,27.16354,27.704632,26.883812,353.0
2025-10-06 18:00:00,solar.bun_carm1#realenergyintotheload#kwh,BUNDOORA,0.0,16.13111,17.62393,17.101776,235.0
2025-10-06 19:00:00,solar.bun_carm1#realenergyintotheload#kwh,BUNDOORA,0.0,5.1177297,3.9530792,3.8359594,55.0
2025-10-06 20:00:00,solar.bun_carm1#realenergyintotheload#kwh,BUNDOORA,0.0,0.4238643,0.0010162058,0.0009860981,0.0
2025-10-06 21:00:00,solar.bun_carm1#realenergyintotheload#kwh,BUNDOORA,0.0,0.010820922,0.0014274743,0.0013851818,0.0
2025-10-06 22:00:00,solar.bun_carm1#realenergyintotheload#kwh,BUNDOORA,0.0,0.02460938,0.0014274743,0.0013851818,0.0
2025-10-06 23:00:00,solar.bun_carm1#realenergyintotheload#kwh,BUNDOORA,0.0,0.02460938,0.0014274743,0.0013851818,0.0
2025-10-07 00:00:00,solar.bun_carm1#realenergyintotheload#kwh,BUNDOORA,0.0,0.022506263,0.0014274743,0.0013851818,0.0
2025-10-07 01:00:00,solar.bun_carm1#realenergyintotheload#kwh,BUNDOORA,0.0,0.022971926,0.0014274743,0.0013851818,0.0
2025-10-07 02:00:00,solar.bun_carm1#realenergyintotheload#kwh,BUNDOORA,0.0,0.0065197013,0.0010645466,0.0010330068,0.0
2025-10-07 03:00:00,solar.bun_carm1#realenergyintotheload#kwh,BUNDOORA,0.0,0.011912583,0.0014274743,0.0013851818,0.0
2025-10-07 04:00:00,solar.bun_carm1#realenergyintotheload#kwh,BUNDOORA,0.0,0.004122371,0.0014274743,0.0013851818,0.0
2025-10-07 05:00:00,solar.bun_carm1#realenergyintotheload#kwh,BUNDOORA,0.0,0.005932901,0.0014274743,0.0013851818,0.0
2025-10-07 06:00:00,solar.bun_carm1#realenergyintotheload#kwh,BUNDOORA,0.0,0.016143264,0.0013604376,0.0013201312,0.0
2025-10-07 07:00:00,solar.bun_carm1#realenergyintotheload#kwh,BUNDOORA,0.0,0.20099726,0.0013604376,0.0013201312,1.0
2025-10-07 08:00:00,solar.bun_carm1#realenergyintotheload#kwh,BUNDOORA,0.0,0.98476166,9.002859,8.736127,138.0
2025-10-07 09:00:00,solar.bun_carm1#realenergyintotheload#kwh,BUNDOORA,0.0,18.389015,26.841896,26.046638,351.0
2025-10-07 10:00:00,solar.bun_carm1#realenergyintotheload#kwh,BUNDOORA,0.0,37.737347,41.93841,40.69588,555.0
2025-10-07 11:00:00,solar.bun_carm1#realenergyintotheload#kwh,BUNDOORA,0.0,45.662125,49.57656,48.10773,666.0
2025-10-07 12:00:00,solar.bun_carm1#realenergyintotheload#kwh,BUNDOORA,0.0,42.710888,47.81024,46.393745,636.0
2025-10-07 13:00:00,solar.bun_carm1#realenergyintotheload#kwh,BUNDOORA,0.0,69.152115,62.589626,60.735252,893.0
2025-10-07 14:00:00,solar.bun_carm1#realenergyintotheload#kwh,BUNDOORA,0.0,66.24181,62.354416,60.50701,890.0
2025-10-07 15:00:00,solar.bun_carm1#realenergyintotheload#kwh,BUNDOORA,0.0,64.326065,58.098217,56.37691,818.0
2025-10-07 16:00:00,solar.bun_carm1#realenergyintotheload#kwh,BUNDOORA,0.0,51.760536,49.77184,48.297222,686.0
2025-10-07 17:00:00,solar.bun_carm1#realenergyintotheload#kwh,BUNDOORA,0.0,38.864136,36.411568,35.332783,508.0
2025-10-07 18:00:00,solar.bun_carm1#realenergyintotheload#kwh,BUNDOORA,0.0,23.983597,21.489899,20.853207,287.0
2025-10-07 19:00:00,solar.bun_carm1#realenergyintotheload#kwh,BUNDOORA,0.0,6.3771224,6.6776032,6.4797626,91.0
2025-10-07 20:00:00,solar.bun_carm1#realenergyintotheload#kwh,BUNDOORA,0.0,0.58267486,-0.0014406012,0.0,0.0
2025-10-07 21:00:00,solar.bun_carm1#realenergyintotheload#kwh,BUNDOORA,0.0,-0.14930134,0.00066902995,0.00064920826,0.0
2025-10-07 22:00:00,solar.bun_carm1#realenergyintotheload#kwh,BUNDOORA,0.0,0.055009417,0.0020458903,0.0019852757,0.0
2025-10-07 23:00:00,solar.bun_carm1#realenergyintotheload#kwh,BUNDOORA,0.0,0.019054083,0.0018930198,0.0018369344,0.0
2025-10-08 00:00:00,solar.bun_carm1#realenergyintotheload#kwh,BUNDOORA,0.0,0.0454299,0.0013604376,0.0013201312,0.0
2025-10-08 01:00:00,solar.bun_carm1#realenergyintotheload#kwh,BUNDOORA,0.0,0.007550721,0.0014274743,0.0013851818,0.0
2025-10-08 02:00:00,solar.bun_carm1#realenergyintotheload#kwh,BUNDOORA,0.0,0.013459618,0.0014274743,0.0013851818,0.0
2025-10-08 03:00:00,solar.bun_carm1#realenergyintotheload#kwh,BUNDOORA,0.0,0.013953234,0.0013604376,0.0013201312,0.0
2025-10-08 04:00:00,solar.bun_carm1#realenergyintotheload#kwh,BUNDOORA,0.0,0.013953234,0.0014274743,0.0013851818,0.0
2025-10-08 05:00:00,solar.bun_carm1#realenergyintotheload#kwh,BUNDOORA,0.0,-0.014453723,0.0013604376,0.0013201312,0.0
2025-10-08 06:00:00,solar.bun_carm1#realenergyintotheload#kwh,BUNDOORA,0.0,0.038292877,0.0013207269,0.0012815971,0.0
2025-10-08 07:00:00,solar.bun_carm1#realenergyintotheload#kwh,BUNDOORA,0.0,0.44053432,0.0014223809,0.0013802393,2.0
2025-10-08 08:00:00,solar.bun_carm1#realenergyintotheload#kwh,BUNDOORA,0.0,5.5005326,6.749049,6.549092,94.0
2025-10-08 09:00:00,solar.bun_carm1#realenergyintotheload#kwh,BUNDOORA,0.0,21.139904,18.337648,17.79435,234.0
2025-10-08 10:00:00,solar.bun_carm1#realenergyintotheload#kwh,BUNDOORA,0.0,21.189955,20.719587,20.105719,257.0
2025-10-08 11:00:00,solar.bun_carm1#realenergyintotheload#kwh,BUNDOORA,0.0,36.964867,29.899868,29.01401,382.0
2025-10-08 12:00:00,solar.bun_carm1#realenergyintotheload#kwh,BUNDOORA,0.0,60.57394,58.163845,56.440598,823.0
2025-10-08 13:00:00,solar.bun_carm1#realenergyintotheload#kwh,BUNDOORA,0.0,61.09745,61.509468,59.687096,873.0
2025-10-08 14:00:00,solar.bun_carm1#realenergyintotheload#kwh,BUNDOORA,0.0,40.35174,44.645626,43.322887,591.0
2025-10-08 15:00:00,solar.bun_carm1#realenergyintotheload#kwh,BUNDOORA,0.0,36.36842,40.915543,39.703316,534.0
2025-10-08 16:00:00,solar.bun_carm1#realenergyintotheload#kwh,BUNDOORA,0.0,35.838493,38.828037,37.677658,507.0
2025-10-08 17:00:00,solar.bun_carm1#realenergyintotheload#kwh,BUNDOORA,0.0,19.904726,20.108664,19.512894,253.0
2025-10-08 18:00:00,solar.bun_carm1#realenergyintotheload#kwh,BUNDOORA,0.0,12.767971,12.521301,12.150327,166.0
2025-10-08 19:00:00,solar.bun_carm1#realenergyintotheload#kwh,BUNDOORA,0.0,5.944872,5.5311065,5.3672338,73.0
2025-10-08 20:00:00,solar.bun_carm1#realenergyintotheload#kwh,BUNDOORA,0.0,0.5730216,0.0022411188,0.0021747202,0.0
2025-10-08 21:00:00,solar.bun_carm1#realenergyintotheload#kwh,BUNDOORA,0.0,-0.17887954,0.001996756,0.0019375972,0.0
2025-10-08 22:00:00,solar.bun_carm1#realenergyintotheload#kwh,BUNDOORA,0.0,0.10020765,0.0025106422,0.0024362581,0.0
2025-10-08 23:00:00,solar.bun_carm1#realenergyintotheload#kwh,BUNDOORA,0.0,0.05707784,0.0020450968,0.0019845057,0.0
2025-10-09 00:00:00,solar.bun_carm1#realenergyintotheload#kwh,BUNDOORA,0.0,0.024383632,0.0020450968,0.0019845057,0.0
2025-10-09 01:00:00,solar.bun_carm1#realenergyintotheload#kwh,BUNDOORA,0.0,0.021864306,0.0020450968,0.0019845057,0.0
2025-10-09 02:00:00,solar.bun_carm1#realenergyintotheload#kwh,BUNDOORA,0.0,0.0063770236,0.001023506,0.0009931821,0.0
2025-10-09 03:00:00,solar.bun_carm1#realenergyintotheload#kwh,BUNDOORA,0.0,0.0046376158,0.0019970322,0.0019378652,0.0
2025-10-09 04:00:00,solar.bun_carm1#realenergyintotheload#kwh,BUNDOORA,0.0,0.020308763,0.0019970322,0.0019378652,0.0
2025-10-09 05:00:00,solar.bun_carm1#realenergyintotheload#kwh,BUNDOORA,0.0,0.031259812,0.0013877637,0.0013466477,0.0
2025-10-09 06:00:00,solar.bun_carm1#realenergyintotheload#kwh,BUNDOORA,0.0,0.095935486,0.0014223809,0.0013802393,0.0
2025-10-09 07:00:00,solar.bun_carm1#realenergyintotheload#kwh,BUNDOORA,0.0,1.150435,0.0016039095,0.0015563897,2.0
2025-10-09 08:00:00,solar.bun_carm1#realenergyintotheload#kwh,BUNDOORA,0.0,10.414629,10.907908,10.584734,152.0
2025-10-09 09:00:00,solar.bun_carm1#realenergyintotheload#kwh,BUNDOORA,0.0,26.534012,27.313927,26.504683,366.0
2025-10-09 10:00:00,solar.bun_carm1#realenergyintotheload#kwh,BUNDOORA,0.0,38.178875,42.643204,41.37979,566.0
2025-10-09 11:00:00,solar.bun_carm1#realenergyintotheload#kwh,BUNDOORA,0.0,49.18357,52.03713,50.4954,717.0
2025-10-09 12:00:00,solar.bun_carm1#realenergyintotheload#kwh,BUNDOORA,0.0,60.809376,58.146317,56.423588,838.0
2025-10-09 13:00:00,solar.bun_carm1#realenergyintotheload#kwh,BUNDOORA,0.0,40.872765,43.275806,41.993652,575.0
2025-10-09 14:00:00,solar.bun_carm1#realenergyintotheload#kwh,BUNDOORA,0.0,34.645203,32.905907,31.930986,426.0
2025-10-09 15:00:00,solar.bun_carm1#realenergyintotheload#kwh,BUNDOORA,0.0,19.626392,18.789856,18.23316,243.0
2025-10-09 16:00:00,solar.bun_carm1#realenergyintotheload#kwh,BUNDOORA,0.0,34.406998,36.585464,35.50153,479.0
2025-10-09 17:00:00,solar.bun_carm1#realenergyintotheload#kwh,BUNDOORA,0.0,21.840199,19.32405,18.751528,248.0
2025-10-09 18:00:00,solar.bun_carm1#realenergyintotheload#kwh,BUNDOORA,0.0,20.026812,17.822214,17.294186,235.0
2025-10-09 19:00:00,solar.bun_carm1#realenergyintotheload#kwh,BUNDOORA,0.0,6.833124,6.3598037,6.1713786,86.0
2025-10-09 20:00:00,solar.bun_carm1#realenergyintotheload#kwh,BUNDOORA,0.0,0.5657637,-0.0038123634,0.0,0.0
2025-10-09 21:00:00,solar.bun_carm1#realenergyintotheload#kwh,BUNDOORA,0.0,-0.072956614,-0.0016403041,0.0,0.0
2025-10-09 22:00:00,solar.bun_carm1#realenergyintotheload#kwh,BUNDOORA,0.0,0.2036779,-0.0013166792,0.0,0.0
2025-10-09 23:00:00,solar.bun_carm1#realenergyintotheload#kwh,BUNDOORA,0.0,-0.27566284,0.0006293194,0.00061067427,0.0
2025-10-10 00:00:00,solar.bun_carm1#realenergyintotheload#kwh,BUNDOORA,0.0,-0.0020760298,0.0006639368,0.00064426597,0.0
2025-10-10 01:00:00,solar.bun_carm1#realenergyintotheload#kwh,BUNDOORA,0.0,0.00856691,0.0016226053,0.0015745315,0.0
2025-10-10 02:00:00,solar.bun_carm1#realenergyintotheload#kwh,BUNDOORA,0.0,0.05817438,0.0016226053,0.0015745315,0.0
2025-10-10 03:00:00,solar.bun_carm1#realenergyintotheload#kwh,BUNDOORA,0.0,0.06161488,-0.00018999155,0.0,0.0
2025-10-10 04:00:00,solar.bun_carm1#realenergyintotheload#kwh,BUNDOORA,0.0,0.024103442,0.0033204802,0.0032221028,0.0
2025-10-10 05:00:00,solar.bun_carm1#realenergyintotheload#kwh,BUNDOORA,0.0,-0.23349065,0.0026891173,0.0026094455,0.0
2025-10-10 06:00:00,solar.bun_carm1#realenergyintotheload#kwh,BUNDOORA,0.0,-0.018167187,0.0028862192,0.0028007077,0.0
2025-10-10 07:00:00,solar.bun_carm1#realenergyintotheload#kwh,BUNDOORA,0.0,0.66886276,0.020141676,0.01954493,3.0
2025-10-10 08:00:00,solar.bun_carm1#realenergyintotheload#kwh,BUNDOORA,0.0,8.262308,11.20657,10.874547,157.0
2025-10-10 09:00:00,solar.bun_carm1#realenergyintotheload#kwh,BUNDOORA,0.0,25.998102,26.205454,25.429052,346.0
2025-10-10 10:00:00,solar.bun_carm1#realenergyintotheload#kwh,BUNDOORA,0.0,39.882565,43.035393,41.76036,564.0
2025-10-10 11:00:00,solar.bun_carm1#realenergyintotheload#kwh,BUNDOORA,0.0,48.511215,51.064682,49.55176,688.0
2025-10-10 12:00:00,solar.bun_carm1#realenergyintotheload#kwh,BUNDOORA,0.0,60.31684,58.677067,56.93861,838.0
2025-10-10 13:00:00,solar.bun_carm1#realenergyintotheload#kwh,BUNDOORA,0.0,47.585186,51.207355,49.69021,687.0
2025-10-10 14:00:00,solar.bun_carm1#realenergyintotheload#kwh,BUNDOORA,0.0,52.149567,55.00928,53.379494,747.0
2025-10-10 15:00:00,solar.bun_carm1#realenergyintotheload#kwh,BUNDOORA,0.0,58.759262,58.20631,56.481804,811.0
2025-10-10 16:00:00,solar.bun_carm1#realenergyintotheload#kwh,BUNDOORA,0.0,48.790016,49.387936,47.924694,675.0
2025-10-10 17:00:00,solar.bun_carm1#realenergyintotheload#kwh,BUNDOORA,0.0,30.482973,32.064583,31.11459,425.0
2025-10-10 18:00:00,solar.bun_carm1#realenergyintotheload#kwh,BUNDOORA,0.0,15.553338,14.165507,13.745819,181.0
2025-10-10 19:00:00,solar.bun_carm1#realenergyintotheload#kwh,BUNDOORA,0.0,6.479916,6.3425093,6.1545963,85.0
2025-10-10 20:00:00,solar.bun_carm1#realenergyintotheload#kwh,BUNDOORA,0.0,0.4303055,-0.008990881,0.0,0.0
2025-10-10 21:00:00,solar.bun_carm1#realenergyintotheload#kwh,BUNDOORA,0.0,0.05167216,-0.009431344,0.0,0.0
2025-10-10 22:00:00,solar.bun_carm1#realenergyintotheload#kwh,BUNDOORA,0.0,-0.36511767,-0.0013345351,0.0,0.0
2025-10-10 23:00:00,solar.bun_carm1#realenergyintotheload#kwh,BUNDOORA,0.0,-0.2076472,-0.0016403041,0.0,0.0
2025-10-11 00:00:00,solar.bun_carm1#realenergyintotheload#kwh,BUNDOORA,0.0,-0.24144816,-0.0013563896,0.0,0.0
2025-10-11 01:00:00,solar.bun_carm1#realenergyintotheload#kwh,BUNDOORA,0.0,0.061832994,0.0004815547,0.00046728746,0.0
2025-10-11 02:00:00,solar.bun_carm1#realenergyintotheload#kwh,BUNDOORA,0.0,-0.11257065,0.0013394228,0.001299739,0.0
2025-10-11 03:00:00,solar.bun_carm1#realenergyintotheload#kwh,BUNDOORA,0.0,-0.013837894,0.00137404,0.0013333306,0.0
2025-10-11 04:00:00,solar.bun_carm1#realenergyintotheload#kwh,BUNDOORA,0.0,0.08292249,0.0018879264,0.0018319918,0.0
2025-10-11 05:00:00,solar.bun_carm1#realenergyintotheload#kwh,BUNDOORA,0.0,0.038489066,0.0018533091,0.0017984002,0.0
2025-10-11 06:00:00,solar.bun_carm1#realenergyintotheload#kwh,BUNDOORA,0.0,0.15027305,0.0013877637,0.0013466477,0.0
2025-10-11 07:00:00,solar.bun_carm1#realenergyintotheload#kwh,BUNDOORA,0.0,1.7663015,0.013373742,0.012977512,3.0
2025-10-11 08:00:00,solar.bun_carm1#realenergyintotheload#kwh,BUNDOORA,0.0,8.297292,7.6048975,7.3795834,102.0
2025-10-11 09:00:00,solar.bun_carm1#realenergyintotheload#kwh,BUNDOORA,0.0,19.342241,24.116701,23.402184,316.0
2025-10-11 10:00:00,solar.bun_carm1#realenergyintotheload#kwh,BUNDOORA,0.0,35.755455,37.602703,36.48863,493.0
2025-10-11 11:00:00,solar.bun_carm1#realenergyintotheload#kwh,BUNDOORA,0.0,44.208965,48.41733,46.982845,646.0
2025-10-11 12:00:00,solar.bun_carm1#realenergyintotheload#kwh,BUNDOORA,0.0,58.420002,57.09661,55.40498,803.0
2025-10-11 13:00:00,solar.bun_carm1#realenergyintotheload#kwh,BUNDOORA,0.0,48.352642,50.50521,49.00887,687.0
2025-10-11 14:00:00,solar.bun_carm1#realenergyintotheload#kwh,BUNDOORA,0.0,37.733505,38.771553,37.62285,508.0
2025-10-11 15:00:00,solar.bun_carm1#realenergyintotheload#kwh,BUNDOORA,0.0,35.698334,34.794796,33.763912,445.0
2025-10-11 16:00:00,solar.bun_carm1#realenergyintotheload#kwh,BUNDOORA,0.0,26.59314,23.88316,23.175562,306.0
2025-10-11 17:00:00,solar.bun_carm1#realenergyintotheload#kwh,BUNDOORA,0.0,11.87051,14.56942,14.137764,191.0
2025-10-11 18:00:00,solar.bun_carm1#realenergyintotheload#kwh,BUNDOORA,0.0,13.190345,13.533888,13.132913,171.0
2025-10-11 19:00:00,solar.bun_carm1#realenergyintotheload#kwh,BUNDOORA,0.0,1.208203,1.8884887,1.8325374,28.0
2025-10-11 20:00:00,solar.bun_carm1#realenergyintotheload#kwh,BUNDOORA,0.0,0.4608114,0.0012385878,0.0012018916,0.0
2025-10-11 21:00:00,solar.bun_carm1#realenergyintotheload#kwh,BUNDOORA,0.0,-0.09551364,0.0019999498,0.0019406963,0.0
2025-10-11 22:00:00,solar.bun_carm1#realenergyintotheload#kwh,BUNDOORA,0.0,-0.022628509,0.0015344047,0.0014889442,0.0
2025-10-11 23:00:00,solar.bun_carm1#realenergyintotheload#kwh,BUNDOORA,0.0,0.046419572,0.002163938,0.002099826,0.0
2025-10-12 00:00:00,solar.bun_carm1#realenergyintotheload#kwh,BUNDOORA,0.0,0.01306061,0.0020450968,0.0019845057,0.0
2025-10-12 01:00:00,solar.bun_carm1#realenergyintotheload#kwh,BUNDOORA,0.0,-0.005639719,0.0016411288,0.0015925063,0.0
2025-10-12 02:00:00,solar.bun_carm1#realenergyintotheload#kwh,BUNDOORA,0.0,-0.0032944374,0.0016821693,0.0016323308,0.0
2025-10-12 03:00:00,solar.bun_carm1#realenergyintotheload#kwh,BUNDOORA,0.0,0.012329552,0.0020450968,0.0019845057,0.0
2025-10-12 04:00:00,solar.bun_carm1#realenergyintotheload#kwh,BUNDOORA,0.0,0.00846528,0.0014274743,0.0013851818,0.0
2025-10-12 05:00:00,solar.bun_carm1#realenergyintotheload#kwh,BUNDOORA,0.0,0.00846528,0.0014274743,0.0013851818,0.0
2025-10-12 06:00:00,solar.bun_carm1#realenergyintotheload#kwh,BUNDOORA,0.0,0.008536978,0.0014274743,0.0013851818,0.0
2025-10-12 07:00:00,solar.bun_carm1#realenergyintotheload#kwh,BUNDOORA,0.0,0.25890648,0.016472012,0.015983988,3.0
2025-10-12 08:00:00,solar.bun_carm1#realenergyintotheload#kwh,BUNDOORA,0.0,6.2285643,7.4161363,7.1964145,103.0
2025-10-12 09:00:00,solar.bun_carm1#realenergyintotheload#kwh,BUNDOORA,0.0,14.209927,19.961357,19.369951,253.0
2025-10-12 10:00:00,solar.bun_carm1#realenergyintotheload#kwh,BUNDOORA,0.0,26.1403,29.650862,28.77238,372.0
2025-10-12 11:00:00,solar.bun_carm1#realenergyintotheload#kwh,BUNDOORA,0.0,30.250952,35.043194,34.00495,455.0
2025-10-12 12:00:00,solar.bun_carm1#realenergyintotheload#kwh,BUNDOORA,0.0,39.660824,38.622177,37.477898,499.0
2025-10-12 13:00:00,solar.bun_carm1#realenergyintotheload#kwh,BUNDOORA,0.0,40.472454,38.75831,37.609997,502.0
2025-10-12 14:00:00,solar.bun_carm1#realenergyintotheload#kwh,BUNDOORA,0.0,38.985657,36.26713,35.192627,463.0
2025-10-12 15:00:00,solar.bun_carm1#realenergyintotheload#kwh,BUNDOORA,0.0,36.999786,31.153694,30.230688,389.0
2025-10-12 16:00:00,solar.bun_carm1#realenergyintotheload#kwh,BUNDOORA,0.0,21.778898,23.907572,23.19925,298.0
2025-10-12 17:00:00,solar.bun_carm1#realenergyintotheload#kwh,BUNDOORA,0.0,16.949217,16.369501,15.884514,208.0
2025-10-12 18:00:00,solar.bun_carm1#realenergyintotheload#kwh,BUNDOORA,0.0,11.970789,8.859892,8.597396,118.0
2025-10-12 19:00:00,solar.bun_carm1#realenergyintotheload#kwh,BUNDOORA,0.0,3.5135262,2.670848,2.5917172,37.0
2025-10-12 20:00:00,solar.bun_carm1#realenergyintotheload#kwh,BUNDOORA,0.0,1.2229977,0.0022885685,0.002220764,0.0
2025-10-12 21:00:00,solar.bun_carm1#realenergyintotheload#kwh,BUNDOORA,0.0,0.03674575,0.0022885685,0.002220764,0.0
2025-10-12 22:00:00,solar.bun_carm1#realenergyintotheload#kwh,BUNDOORA,0.0,0.0053595444,0.0022885685,0.002220764,0.0
2025-10-12 23:00:00,solar.bun_carm1#realenergyintotheload#kwh,BUNDOORA,0.0,0.021573395,0.0016709461,0.0016214402,0.0
2025-10-13 00:00:00,solar.bun_carm1#realenergyintotheload#kwh,BUNDOORA,0.0,0.008430835,0.0014223809,0.0013802393,0.0
2025-10-13 01:00:00,solar.bun_carm1#realenergyintotheload#kwh,BUNDOORA,0.0,0.033868626,0.0013877637,0.0013466477,0.0
2025-10-13 02:00:00,solar.bun_carm1#realenergyintotheload#kwh,BUNDOORA,0.0,0.0366337,0.0014274743,0.0013851818,0.0
2025-10-13 03:00:00,solar.bun_carm1#realenergyintotheload#kwh,BUNDOORA,0.0,-0.031200128,0.0013604376,0.0013201312,0.0
2025-10-13 04:00:00,solar.bun_carm1#realenergyintotheload#kwh,BUNDOORA,0.0,0.010608544,0.0014274743,0.0013851818,0.0
2025-10-13 05:00:00,solar.bun_carm1#realenergyintotheload#kwh,BUNDOORA,0.0,0.0065830825,0.0013604376,0.0013201312,0.0
2025-10-13 06:00:00,solar.bun_carm1#realenergyintotheload#kwh,BUNDOORA,0.0,-0.018493494,0.0013604376,0.0013201312,0.0
2025-10-13 07:00:00,solar.bun_carm1#realenergyintotheload#kwh,BUNDOORA,0.0,-0.12758777,0.20322078,0.19719987,6.0
2025-10-13 08:00:00,solar.bun_carm1#realenergyintotheload#kwh,BUNDOORA,0.0,2.8061547,7.474112,7.2526727,121.0
2025-10-13 09:00:00,solar.bun_carm1#realenergyintotheload#kwh,BUNDOORA,0.0,15.675855,29.619013,28.741476,390.0
2025-10-13 10:00:00,solar.bun_carm1#realenergyintotheload#kwh,BUNDOORA,0.0,32.139896,37.37374,36.26645,477.0
2025-10-13 11:00:00,solar.bun_carm1#realenergyintotheload#kwh,BUNDOORA,0.0,32.494675,39.86177,38.680767,523.0
2025-10-13 12:00:00,solar.bun_carm1#realenergyintotheload#kwh,BUNDOORA,0.0,38.440453,37.56955,36.45646,488.0
2025-10-13 13:00:00,solar.bun_carm1#realenergyintotheload#kwh,BUNDOORA,0.0,45.82457,49.884212,48.40627,652.0
2025-10-13 14:00:00,solar.bun_carm1#realenergyintotheload#kwh,BUNDOORA,0.0,58.17245,62.239704,60.3957,891.0
2025-10-13 15:00:00,solar.bun_carm1#realenergyintotheload#kwh,BUNDOORA,0.0,60.674477,59.127605,57.3758,848.0
2025-10-13 16:00:00,solar.bun_carm1#realenergyintotheload#kwh,BUNDOORA,0.0,51.181286,51.56121,50.03358,714.0
2025-10-13 17:00:00,solar.bun_carm1#realenergyintotheload#kwh,BUNDOORA,0.0,35.647945,38.095337,36.966667,531.0
2025-10-13 18:00:00,solar.bun_carm1#realenergyintotheload#kwh,BUNDOORA,0.0,23.526558,23.272291,22.582792,320.0
2025-10-13 19:00:00,solar.bun_carm1#realenergyintotheload#kwh,BUNDOORA,0.0,5.1794353,7.232223,7.0179505,100.0
2025-10-13 20:00:00,solar.bun_carm1#realenergyintotheload#kwh,BUNDOORA,0.0,0.5149107,0.00052126526,0.0005058215,0.0
2025-10-13 21:00:00,solar.bun_carm1#realenergyintotheload#kwh,BUNDOORA,0.0,0.03496955,0.0018259832,0.0017718838,0.0
2025-10-13 22:00:00,solar.bun_carm1#realenergyintotheload#kwh,BUNDOORA,0.0,0.03356183,0.0014274743,0.0013851818,0.0
2025-10-13 23:00:00,solar.bun_carm1#realenergyintotheload#kwh,BUNDOORA,0.0,0.015952578,0.0013604376,0.0013201312,0.0
2025-10-14 00:00:00,solar.bun_carm1#realenergyintotheload#kwh,BUNDOORA,0.0,0.013796671,0.0013604376,0.0013201312,0.0
2025-10-14 01:00:00,solar.bun_carm1#realenergyintotheload#kwh,BUNDOORA,0.0,0.013130018,0.0013604376,0.0013201312,0.0
2025-10-14 02:00:00,solar.bun_carm1#realenergyintotheload#kwh,BUNDOORA,0.0,0.02048295,0.0014274743,0.0013851818,0.0
2025-10-14 03:00:00,solar.bun_carm1#realenergyintotheload#kwh,BUNDOORA,0.0,0.0067199655,0.0013604376,0.0013201312,0.0
2025-10-14 04:00:00,solar.bun_carm1#realenergyintotheload#kwh,BUNDOORA,0.0,0.002308384,0.0014274743,0.0013851818,0.0
2025-10-14 05:00:00,solar.bun_carm1#realenergyintotheload#kwh,BUNDOORA,0.0,0.01611783,0.0014274743,0.0013851818,0.0
2025-10-14 06:00:00,solar.bun_carm1#realenergyintotheload#kwh,BUNDOORA,0.0,0.07618102,0.0013604376,0.0013201312,0.0
2025-10-14 07:00:00,solar.bun_carm1#realenergyintotheload#kwh,BUNDOORA,0.0,-0.04264093,0.434471,0.42159873,9.0
2025-10-14 08:00:00,solar.bun_carm1#realenergyintotheload#kwh,BUNDOORA,0.0,7.535439,6.862011,6.6587067,98.0
2025-10-14 09:00:00,solar.bun_carm1#realenergyintotheload#kwh,BUNDOORA,0.0,19.127531,18.649208,18.096678,233.0
2025-10-14 10:00:00,solar.bun_carm1#realenergyintotheload#kwh,BUNDOORA,0.0,22.581543,22.192232,21.53473,277.0
2025-10-14 11:00:00,solar.bun_carm1#realenergyintotheload#kwh,BUNDOORA,0.0,34.601627,34.91368,33.879276,453.0
2025-10-14 12:00:00,solar.bun_carm1#realenergyintotheload#kwh,BUNDOORA,0.0,53.03683,58.14956,56.42673,789.0
2025-10-14 13:00:00,solar.bun_carm1#realenergyintotheload#kwh,BUNDOORA,0.0,60.67704,60.09038,58.310055,853.0
2025-10-14 14:00:00,solar.bun_carm1#realenergyintotheload#kwh,BUNDOORA,0.0,66.17382,63.98678,62.09101,909.0
2025-10-14 15:00:00,solar.bun_carm1#realenergyintotheload#kwh,BUNDOORA,0.0,64.1133,58.45574,56.723843,835.0
2025-10-14 16:00:00,solar.bun_carm1#realenergyintotheload#kwh,BUNDOORA,0.0,54.132053,50.24812,48.75939,702.0
2025-10-14 17:00:00,solar.bun_carm1#realenergyintotheload#kwh,BUNDOORA,0.0,38.983433,37.865536,36.743675,522.0
2025-10-14 18:00:00,solar.bun_carm1#realenergyintotheload#kwh,BUNDOORA,0.0,26.003435,23.607416,22.907988,316.0
2025-10-14 19:00:00,solar.bun_carm1#realenergyintotheload#kwh,BUNDOORA,0.0,8.458015,7.7531586,7.523452,105.0
2025-10-14 20:00:00,solar.bun_carm1#realenergyintotheload#kwh,BUNDOORA,0.0,0.9160437,0.001996756,0.0019375972,0.0
2025-10-14 21:00:00,solar.bun_carm1#realenergyintotheload#kwh,BUNDOORA,0.0,0.13877161,0.0019780602,0.0019194552,0.0
2025-10-14 22:00:00,solar.bun_carm1#realenergyintotheload#kwh,BUNDOORA,0.0,0.017964916,0.0019780602,0.0019194552,0.0
2025-10-14 23:00:00,solar.bun_carm1#realenergyintotheload#kwh,BUNDOORA,0.0,0.14602636,0.0019780602,0.0019194552,0.0
2025-10-15 00:00:00,solar.bun_carm1#realenergyintotheload#kwh,BUNDOORA,0.0,0.017964916,0.0013604376,0.0013201312,0.0
2025-10-15 01:00:00,solar.bun_carm1#realenergyintotheload#kwh,BUNDOORA,0.0,-0.0013683864,0.0013604376,0.0013201312,0.0
2025-10-15 02:00:00,solar.bun_carm1#realenergyintotheload#kwh,BUNDOORA,0.0,0.0061091436,0.0013604376,0.0013201312,0.0
2025-10-15 03:00:00,solar.bun_carm1#realenergyintotheload#kwh,BUNDOORA,0.0,0.006136425,0.0013604376,0.0013201312,0.0
2025-10-15 04:00:00,solar.bun_carm1#realenergyintotheload#kwh,BUNDOORA,0.0,0.0022227801,0.0013604376,0.0013201312,0.0
2025-10-15 05:00:00,solar.bun_carm1#realenergyintotheload#kwh,BUNDOORA,0.0,0.001163844,0.0013604376,0.0013201312,0.0
2025-10-15 06:00:00,solar.bun_carm1#realenergyintotheload#kwh,BUNDOORA,0.0,-0.01144334,0.0013604376,0.0013201312,0.0
2025-10-15 07:00:00,solar.bun_carm1#realenergyintotheload#kwh,BUNDOORA,0.0,0.011007027,0.46661404,0.45278943,10.0
2025-10-15 08:00:00,solar.bun_carm1#realenergyintotheload#kwh,BUNDOORA,0.0,0.7471621,12.805436,12.4260435,177.0
2025-10-15 09:00:00,solar.bun_carm1#realenergyintotheload#kwh,BUNDOORA,0.0,9.84999,29.466085,28.593079,390.0
2025-10-15 10:00:00,solar.bun_carm1#realenergyintotheload#kwh,BUNDOORA,0.0,39.350246,44.684006,43.36013,592.0
2025-10-15 11:00:00,solar.bun_carm1#realenergyintotheload#kwh,BUNDOORA,0.0,55.85082,55.250496,53.613564,759.0
2025-10-15 12:00:00,solar.bun_carm1#realenergyintotheload#kwh,BUNDOORA,0.0,60.464825,60.693306,58.895115,876.0
2025-10-15 13:00:00,solar.bun_carm1#realenergyintotheload#kwh,BUNDOORA,0.0,66.78214,63.732693,61.84445,929.0
2025-10-15 14:00:00,solar.bun_carm1#realenergyintotheload#kwh,BUNDOORA,0.0,66.82456,63.55335,61.67042,919.0
2025-10-15 15:00:00,solar.bun_carm1#realenergyintotheload#kwh,BUNDOORA,0.0,61.447117,58.19201,56.467926,843.0
2025-10-15 16:00:00,solar.bun_carm1#realenergyintotheload#kwh,BUNDOORA,0.0,53.581867,50.413242,48.919624,709.0
2025-10-15 17:00:00,solar.bun_carm1#realenergyintotheload#kwh,BUNDOORA,0.0,38.549923,37.97767,36.852486,529.0
2025-10-15 18:00:00,solar.bun_carm1#realenergyintotheload#kwh,BUNDOORA,0.0,31.757183,23.50581,22.809391,319.0
2025-10-15 19:00:00,solar.bun_carm1#realenergyintotheload#kwh,BUNDOORA,0.0,7.6375656,7.7157564,7.487158,105.0
2025-10-15 20:00:00,solar.bun_carm1#realenergyintotheload#kwh,BUNDOORA,0.0,0.8316311,0.0027422528,0.0026610068,0.0
2025-10-15 21:00:00,solar.bun_carm1#realenergyintotheload#kwh,BUNDOORA,0.0,-0.015806327,0.0020450968,0.0019845057,0.0
2025-10-15 22:00:00,solar.bun_carm1#realenergyintotheload#kwh,BUNDOORA,0.0,0.0003145929,0.0019780602,0.0019194552,0.0
2025-10-15 23:00:00,solar.bun_carm1#realenergyintotheload#kwh,BUNDOORA,0.0,-0.024689617,0.0019780602,0.0019194552,0.0
2025-10-16 00:00:00,solar.bun_carm1#realenergyintotheload#kwh,BUNDOORA,0.0,0.00017243536,0.0020450968,0.0019845057,0.0
2025-10-16 01:00:00,solar.bun_carm1#realenergyintotheload#kwh,BUNDOORA,0.0,0.01663715,0.0020450968,0.0019845057,0.0
2025-10-16 02:00:00,solar.bun_carm1#realenergyintotheload#kwh,BUNDOORA,0.0,0.01587168,0.0020450968,0.0019845057,0.0
2025-10-16 03:00:00,solar.bun_carm1#realenergyintotheload#kwh,BUNDOORA,0.0,0.014906895,0.0020450968,0.0019845057,0.0
2025-10-16 04:00:00,solar.bun_carm1#realenergyintotheload#kwh,BUNDOORA,0.0,0.021524645,0.0020450968,0.0019845057,0.0
2025-10-16 05:00:00,solar.bun_carm1#realenergyintotheload#kwh,BUNDOORA,0.0,0.022448782,0.0016039095,0.0015563897,0.0
2025-10-16 06:00:00,solar.bun_carm1#realenergyintotheload#kwh,BUNDOORA,0.0,0.14942804,0.0022223254,0.0021564835,0.0
2025-10-16 07:00:00,solar.bun_carm1#realenergyintotheload#kwh,BUNDOORA,0.0,1.0507102,0.6359711,0.6171289,13.0
2025-10-16 08:00:00,solar.bun_carm1#realenergyintotheload#kwh,BUNDOORA,0.0,13.951641,13.429092,13.031222,186.0
2025-10-16 09:00:00,solar.bun_carm1#realenergyintotheload#kwh,BUNDOORA,0.0,28.009098,30.024305,29.13476,399.0
2025-10-16 10:00:00,solar.bun_carm1#realenergyintotheload#kwh,BUNDOORA,0.0,44.64122,44.38619,43.071136,597.0
2025-10-16 11:00:00,solar.bun_carm1#realenergyintotheload#kwh,BUNDOORA,0.0,56.45895,55.349922,53.71004,762.0
2025-10-16 12:00:00,solar.bun_carm1#realenergyintotheload#kwh,BUNDOORA,0.0,59.808044,60.359207,58.570915,871.0
2025-10-16 13:00:00,solar.bun_carm1#realenergyintotheload#kwh,BUNDOORA,0.0,54.993465,63.333668,61.45725,914.0
2025-10-16 14:00:00,solar.bun_carm1#realenergyintotheload#kwh,BUNDOORA,0.0,62.118465,59.33432,57.576393,849.0
2025-10-16 15:00:00,solar.bun_carm1#realenergyintotheload#kwh,BUNDOORA,0.0,37.117374,27.311876,26.502693,360.0
2025-10-16 16:00:00,solar.bun_carm1#realenergyintotheload#kwh,BUNDOORA,0.0,8.23538,3.8576512,3.7433586,52.0
2025-10-16 17:00:00,solar.bun_carm1#realenergyintotheload#kwh,BUNDOORA,0.0,16.729647,12.952631,12.568877,168.0
2025-10-16 18:00:00,solar.bun_carm1#realenergyintotheload#kwh,BUNDOORA,0.0,5.7617717,2.072681,2.0112727,30.0
2025-10-16 19:00:00,solar.bun_carm1#realenergyintotheload#kwh,BUNDOORA,0.0,4.9790382,1.0931326,1.0607458,18.0
2025-10-16 20:00:00,solar.bun_carm1#realenergyintotheload#kwh,BUNDOORA,0.0,0.546658,0.0007646363,0.0007419821,0.0
2025-10-16 21:00:00,solar.bun_carm1#realenergyintotheload#kwh,BUNDOORA,0.0,0.018229874,-6.956316e-05,0.0,0.0
2025-10-16 22:00:00,solar.bun_carm1#realenergyintotheload#kwh,BUNDOORA,0.0,0.006485462,0.00080919673,0.0007852223,0.0
2025-10-16 23:00:00,solar.bun_carm1#realenergyintotheload#kwh,BUNDOORA,0.0,0.19949996,0.0018418859,0.0017873154,0.0
2025-10-17 00:00:00,solar.bun_carm1#realenergyintotheload#kwh,BUNDOORA,0.0,0.31664076,0.0020486263,0.0019879306,0.0
2025-10-17 01:00:00,solar.bun_carm1#realenergyintotheload#kwh,BUNDOORA,0.0,0.1377824,0.003128876,0.0030361752,0.0
2025-10-17 02:00:00,solar.bun_carm1#realenergyintotheload#kwh,BUNDOORA,0.0,0.118017964,0.0032766405,0.0031795618,0.0
2025-10-17 03:00:00,solar.bun_carm1#realenergyintotheload#kwh,BUNDOORA,0.0,0.08916831,0.0028055047,0.0027223846,0.0
2025-10-17 04:00:00,solar.bun_carm1#realenergyintotheload#kwh,BUNDOORA,0.0,0.095375225,0.0028055047,0.0027223846,0.0
2025-10-17 05:00:00,solar.bun_carm1#realenergyintotheload#kwh,BUNDOORA,0.0,0.013153749,0.0029075432,0.0028214,0.0
2025-10-17 06:00:00,solar.bun_carm1#realenergyintotheload#kwh,BUNDOORA,0.0,0.3642969,0.0032441877,0.0031480705,0.0
2025-10-17 07:00:00,solar.bun_carm1#realenergyintotheload#kwh,BUNDOORA,0.0,1.3594077,0.26176333,0.25400794,7.0
2025-10-17 08:00:00,solar.bun_carm1#realenergyintotheload#kwh,BUNDOORA,0.0,8.01877,7.3374896,7.120098,99.0
2025-10-17 09:00:00,solar.bun_carm1#realenergyintotheload#kwh,BUNDOORA,0.0,18.225409,25.976824,25.207195,344.0
2025-10-17 10:00:00,solar.bun_carm1#realenergyintotheload#kwh,BUNDOORA,0.0,35.66126,41.210327,39.98937,533.0
2025-10-17 11:00:00,solar.bun_carm1#realenergyintotheload#kwh,BUNDOORA,0.0,31.053171,31.95315,31.006458,410.0
2025-10-17 12:00:00,solar.bun_carm1#realenergyintotheload#kwh,BUNDOORA,0.0,49.702232,51.251263,49.732815,693.0
2025-10-17 13:00:00,solar.bun_carm1#realenergyintotheload#kwh,BUNDOORA,0.0,50.244766,50.417732,48.92398,687.0
2025-10-17 14:00:00,solar.bun_carm1#realenergyintotheload#kwh,BUNDOORA,0.0,67.732254,63.729538,61.841393,923.0
2025-10-17 15:00:00,solar.bun_carm1#realenergyintotheload#kwh,BUNDOORA,0.0,59.73231,57.825047,56.111835,837.0
2025-10-17 16:00:00,solar.bun_carm1#realenergyintotheload#kwh,BUNDOORA,0.0,44.760918,49.419956,47.955765,664.0
2025-10-17 17:00:00,solar.bun_carm1#realenergyintotheload#kwh,BUNDOORA,0.0,28.518267,24.787006,24.05263,321.0
2025-10-17 18:00:00,solar.bun_carm1#realenergyintotheload#kwh,BUNDOORA,0.0,19.866907,20.742258,20.127716,270.0
2025-10-17 19:00:00,solar.bun_carm1#realenergyintotheload#kwh,BUNDOORA,0.0,5.617226,3.6254034,3.5179918,52.0
2025-10-17 20:00:00,solar.bun_carm1#realenergyintotheload#kwh,BUNDOORA,0.0,0.73709184,0.0003061025,0.00029703346,0.0
2025-10-17 21:00:00,solar.bun_carm1#realenergyintotheload#kwh,BUNDOORA,0.0,-0.029226564,0.0020458903,0.0019852757,0.0
2025-10-17 22:00:00,solar.bun_carm1#realenergyintotheload#kwh,BUNDOORA,0.0,0.025187528,0.0018930198,0.0018369344,0.0
2025-10-17 23:00:00,solar.bun_carm1#realenergyintotheload#kwh,BUNDOORA,0.0,0.01764372,0.0010645466,0.0010330068,0.0
2025-10-18 00:00:00,solar.bun_carm1#realenergyintotheload#kwh,BUNDOORA,0.0,0.008698623,0.0014274743,0.0013851818,0.0
2025-10-18 01:00:00,solar.bun_carm1#realenergyintotheload#kwh,BUNDOORA,0.0,0.020849628,0.0014274743,0.0013851818,0.0
2025-10-18 02:00:00,solar.bun_carm1#realenergyintotheload#kwh,BUNDOORA,0.0,0.020849628,0.0013604376,0.0013201312,0.0
2025-10-18 03:00:00,solar.bun_carm1#realenergyintotheload#kwh,BUNDOORA,0.0,0.015952578,0.0013604376,0.0013201312,0.0
2025-10-18 04:00:00,solar.bun_carm1#realenergyintotheload#kwh,BUNDOORA,0.0,0.015952578,0.0013604376,0.0013201312,0.0
2025-10-18 05:00:00,solar.bun_carm1#realenergyintotheload#kwh,BUNDOORA,0.0,0.016446194,0.0013604376,0.0013201312,0.0
2025-10-18 06:00:00,solar.bun_carm1#realenergyintotheload#kwh,BUNDOORA,0.0,-0.00913658,0.0013604376,0.0013201312,0.0
2025-10-18 07:00:00,solar.bun_carm1#realenergyintotheload#kwh,BUNDOORA,0.0,0.21608986,0.35195637,0.34152877,8.0
2025-10-18 08:00:00,solar.bun_carm1#realenergyintotheload#kwh,BUNDOORA,0.0,8.75238,9.640829,9.355195,137.0
2025-10-18 09:00:00,solar.bun_carm1#realenergyintotheload#kwh,BUNDOORA,0.0,9.342813,14.682367,14.247365,180.0
2025-10-18 10:00:00,solar.bun_carm1#realenergyintotheload#kwh,BUNDOORA,0.0,28.187557,30.049755,29.159456,381.0
2025-10-18 11:00:00,solar.bun_carm1#realenergyintotheload#kwh,BUNDOORA,0.0,42.32197,48.560837,47.1221,648.0
2025-10-18 12:00:00,solar.bun_carm1#realenergyintotheload#kwh,BUNDOORA,0.0,56.023384,58.58461,56.848896,807.0
2025-10-18 13:00:00,solar.bun_carm1#realenergyintotheload#kwh,BUNDOORA,0.0,63.460796,64.86846,62.94657,932.0
2025-10-18 14:00:00,solar.bun_carm1#realenergyintotheload#kwh,BUNDOORA,0.0,65.79529,64.513794,62.602413,922.0
2025-10-18 15:00:00,solar.bun_carm1#realenergyintotheload#kwh,BUNDOORA,0.0,61.04499,58.25084,56.525013,848.0
2025-10-18 16:00:00,solar.bun_carm1#realenergyintotheload#kwh,BUNDOORA,0.0,52.557,51.59422,50.065613,716.0
2025-10-18 17:00:00,solar.bun_carm1#realenergyintotheload#kwh,BUNDOORA,0.0,40.36576,39.356716,38.190674,539.0
2025-10-18 18:00:00,solar.bun_carm1#realenergyintotheload#kwh,BUNDOORA,0.0,27.75203,24.406294,23.683197,331.0
2025-10-18 19:00:00,solar.bun_carm1#realenergyintotheload#kwh,BUNDOORA,0.0,10.746249,8.918397,8.654167,124.0
2025-10-18 20:00:00,solar.bun_carm1#realenergyintotheload#kwh,BUNDOORA,0.0,1.0158545,-0.0014406012,0.0,0.0
2025-10-18 21:00:00,solar.bun_carm1#realenergyintotheload#kwh,BUNDOORA,0.0,0.076520346,0.0013120968,0.0012732227,0.0
2025-10-18 22:00:00,solar.bun_carm1#realenergyintotheload#kwh,BUNDOORA,0.0,0.17107213,0.0019788537,0.0019202252,0.0
2025-10-18 23:00:00,solar.bun_carm1#realenergyintotheload#kwh,BUNDOORA,0.0,-0.13651976,0.0020458903,0.0019852757,0.0
2025-10-19 00:00:00,solar.bun_carm1#realenergyintotheload#kwh,BUNDOORA,0.0,0.012523537,0.0013120968,0.0012732227,0.0
2025-10-19 01:00:00,solar.bun_carm1#realenergyintotheload#kwh,BUNDOORA,0.0,0.3393555,0.0005161721,0.0005008792,0.0
2025-10-19 02:00:00,solar.bun_carm1#realenergyintotheload#kwh,BUNDOORA,0.0,0.26545203,0.0017211915,0.0016701969,0.0
2025-10-19 03:00:00,solar.bun_carm1#realenergyintotheload#kwh,BUNDOORA,0.0,-0.21408878,-0.0031854487,0.0,0.0
2025-10-19 04:00:00,solar.bun_carm1#realenergyintotheload#kwh,BUNDOORA,0.0,0.07301934,0.0030954417,0.0030037316,0.0
2025-10-19 05:00:00,solar.bun_carm1#realenergyintotheload#kwh,BUNDOORA,0.0,0.003120616,0.0035450442,0.0034400134,0.0
2025-10-19 06:00:00,solar.bun_carm1#realenergyintotheload#kwh,BUNDOORA,0.0,0.08151771,0.00343832,0.0033364512,0.0
2025-10-19 07:00:00,solar.bun_carm1#realenergyintotheload#kwh,BUNDOORA,0.0,0.32235506,0.63061565,0.6119321,12.0
2025-10-19 08:00:00,solar.bun_carm1#realenergyintotheload#kwh,BUNDOORA,0.0,4.2163405,7.1568546,6.9448147,95.0
2025-10-19 09:00:00,solar.bun_carm1#realenergyintotheload#kwh,BUNDOORA,0.0,9.730234,10.442194,10.132818,134.0
2025-10-19 10:00:00,solar.bun_carm1#realenergyintotheload#kwh,BUNDOORA,0.0,28.615528,26.567816,25.780678,332.0
2025-10-19 11:00:00,solar.bun_carm1#realenergyintotheload#kwh,BUNDOORA,0.0,12.93799,8.414029,8.164742,107.0
2025-10-19 12:00:00,solar.bun_carm1#realenergyintotheload#kwh,BUNDOORA,0.0,9.233748,7.2742167,7.0586996,94.0
2025-10-19 13:00:00,solar.bun_carm1#realenergyintotheload#kwh,BUNDOORA,0.0,17.290218,16.57696,16.085825,222.0
2025-10-19 14:00:00,solar.bun_carm1#realenergyintotheload#kwh,BUNDOORA,0.0,19.231752,16.293009,15.810287,220.0
2025-10-19 15:00:00,solar.bun_carm1#realenergyintotheload#kwh,BUNDOORA,0.0,14.1886425,10.482148,10.171588,131.0
2025-10-19 16:00:00,solar.bun_carm1#realenergyintotheload#kwh,BUNDOORA,0.0,38.91428,28.294847,27.456541,374.0
2025-10-19 17:00:00,solar.bun_carm1#realenergyintotheload#kwh,BUNDOORA,0.0,8.112194,5.81195,5.6397567,77.0
2025-10-19 18:00:00,solar.bun_carm1#realenergyintotheload#kwh,BUNDOORA,0.0,6.353282,4.985208,4.8375087,67.0
2025-10-19 19:00:00,solar.bun_carm1#realenergyintotheload#kwh,BUNDOORA,0.0,4.9176583,0.5243421,0.5088072,11.0
2025-10-19 20:00:00,solar.bun_carm1#realenergyintotheload#kwh,BUNDOORA,0.0,1.1119132,0.00011525274,0.00011183809,0.0
2025-10-19 21:00:00,solar.bun_carm1#realenergyintotheload#kwh,BUNDOORA,0.0,-0.14253566,-3.700766e-05,0.0,0.0
2025-10-19 22:00:00,solar.bun_carm1#realenergyintotheload#kwh,BUNDOORA,0.0,0.43098208,0.0018226914,0.0017686896,0.0
2025-10-19 23:00:00,solar.bun_carm1#realenergyintotheload#kwh,BUNDOORA,0.0,0.014186039,0.0032356002,0.0031397375,0.0
2025-10-20 00:00:00,solar.bun_carm1#realenergyintotheload#kwh,BUNDOORA,0.0,0.12432892,0.0034074578,0.0033065034,0.0
2025-10-20 01:00:00,solar.bun_carm1#realenergyintotheload#kwh,BUNDOORA,0.0,0.046955302,0.0021553505,0.0020914928,0.0
2025-10-20 02:00:00,solar.bun_carm1#realenergyintotheload#kwh,BUNDOORA,0.0,0.015717281,0.0021553505,0.0020914928,0.0
2025-10-20 03:00:00,solar.bun_carm1#realenergyintotheload#kwh,BUNDOORA,0.0,0.049230203,0.0023272082,0.0022582589,0.0
2025-10-20 04:00:00,solar.bun_carm1#realenergyintotheload#kwh,BUNDOORA,0.0,0.046955302,0.0021553505,0.0020914928,0.0
2025-10-20 05:00:00,solar.bun_carm1#realenergyintotheload#kwh,BUNDOORA,0.0,-0.022366196,0.0023272082,0.0022582589,0.0
2025-10-20 06:00:00,solar.bun_carm1#realenergyintotheload#kwh,BUNDOORA,0.0,0.08556053,0.0023272082,0.0022582589,0.0
2025-10-20 07:00:00,solar.bun_carm1#realenergyintotheload#kwh,BUNDOORA,0.0,0.78215164,0.21117471,0.20491813,6.0
2025-10-20 08:00:00,solar.bun_carm1#realenergyintotheload#kwh,BUNDOORA,0.0,2.919838,4.4611144,4.328943,62.0
2025-10-20 09:00:00,solar.bun_carm1#realenergyintotheload#kwh,BUNDOORA,0.0,5.622851,4.8084855,4.6660223,63.0
2025-10-20 10:00:00,solar.bun_carm1#realenergyintotheload#kwh,BUNDOORA,0.0,9.614171,8.053619,7.8150105,105.0
2025-10-20 11:00:00,solar.bun_carm1#realenergyintotheload#kwh,BUNDOORA,0.0,5.2952485,3.8108034,3.6978989,50.0
2025-10-20 12:00:00,solar.bun_carm1#realenergyintotheload#kwh,BUNDOORA,0.0,5.7657495,4.690836,4.5518584,62.0
2025-10-20 13:00:00,solar.bun_carm1#realenergyintotheload#kwh,BUNDOORA,0.0,8.107869,8.956052,8.690706,118.0
2025-10-20 14:00:00,solar.bun_carm1#realenergyintotheload#kwh,BUNDOORA,0.0,7.8909364,7.184765,6.971898,96.0
2025-10-20 15:00:00,solar.bun_carm1#realenergyintotheload#kwh,BUNDOORA,0.0,18.069078,12.670665,12.295264,164.0
2025-10-20 16:00:00,solar.bun_carm1#realenergyintotheload#kwh,BUNDOORA,0.0,32.601055,28.608555,27.760954,368.0
2025-10-20 17:00:00,solar.bun_carm1#realenergyintotheload#kwh,BUNDOORA,0.0,26.096893,26.297045,25.51793,345.0
2025-10-20 18:00:00,solar.bun_carm1#realenergyintotheload#kwh,BUNDOORA,0.0,26.24119,20.753769,20.138887,272.0
2025-10-20 19:00:00,solar.bun_carm1#realenergyintotheload#kwh,BUNDOORA,0.0,7.9162283,3.612193,3.505173,52.0
2025-10-20 20:00:00,solar.bun_carm1#realenergyintotheload#kwh,BUNDOORA,0.0,2.3435872,0.0021477146,0.0020840832,0.0
2025-10-20 21:00:00,solar.bun_carm1#realenergyintotheload#kwh,BUNDOORA,0.0,0.077884234,0.0016821693,0.0016323308,0.0
2025-10-20 22:00:00,solar.bun_carm1#realenergyintotheload#kwh,BUNDOORA,0.0,0.021327266,0.0020450968,0.0019845057,0.0
2025-10-20 23:00:00,solar.bun_carm1#realenergyintotheload#kwh,BUNDOORA,0.0,0.011633197,0.0020450968,0.0019845057,0.0
2025-10-21 00:00:00,solar.bun_carm1#realenergyintotheload#kwh,BUNDOORA,0.0,-0.00112984,0.0015344047,0.0014889442,0.0
2025-10-21 01:00:00,solar.bun_carm1#realenergyintotheload#kwh,BUNDOORA,0.0,-0.0031577258,0.0015344047,0.0014889442,0.0
2025-10-21 02:00:00,solar.bun_carm1#realenergyintotheload#kwh,BUNDOORA,0.0,-0.004948113,0.001023506,0.0009931821,0.0
2025-10-21 03:00:00,solar.bun_carm1#realenergyintotheload#kwh,BUNDOORA,0.0,-0.0027835157,0.001023506,0.0009931821,0.0
2025-10-21 04:00:00,solar.bun_carm1#realenergyintotheload#kwh,BUNDOORA,0.0,-0.005090271,0.001023506,0.0009931821,0.0
2025-10-21 05:00:00,solar.bun_carm1#realenergyintotheload#kwh,BUNDOORA,0.0,-0.005090271,0.001023506,0.0009931821,0.0
2025-10-21 06:00:00,solar.bun_carm1#realenergyintotheload#kwh,BUNDOORA,0.0,-0.006630508,0.000916782,0.00088962005,0.0
2025-10-21 07:00:00,solar.bun_carm1#realenergyintotheload#kwh,BUNDOORA,0.0,-0.00153421,0.636812,0.61794484,12.0
2025-10-21 08:00:00,solar.bun_carm1#realenergyintotheload#kwh,BUNDOORA,0.0,3.3810558,8.268,8.02304,126.0
2025-10-21 09:00:00,solar.bun_carm1#realenergyintotheload#kwh,BUNDOORA,0.0,18.4324,31.291328,30.364244,411.0
2025-10-21 10:00:00,solar.bun_carm1#realenergyintotheload#kwh,BUNDOORA,0.0,36.792797,46.03101,44.667225,613.0
2025-10-21 11:00:00,solar.bun_carm1#realenergyintotheload#kwh,BUNDOORA,0.0,53.35202,56.45013,54.777653,777.0
2025-10-21 12:00:00,solar.bun_carm1#realenergyintotheload#kwh,BUNDOORA,0.0,52.677723,54.81159,53.187656,754.0
2025-10-21 13:00:00,solar.bun_carm1#realenergyintotheload#kwh,BUNDOORA,0.0,66.57041,64.27024,62.366074,933.0
2025-10-21 14:00:00,solar.bun_carm1#realenergyintotheload#kwh,BUNDOORA,0.0,61.4973,58.98778,57.24012,835.0
2025-10-21 15:00:00,solar.bun_carm1#realenergyintotheload#kwh,BUNDOORA,0.0,62.441586,58.644783,56.907284,832.0
2025-10-21 16:00:00,solar.bun_carm1#realenergyintotheload#kwh,BUNDOORA,0.0,33.539314,26.38044,25.598854,332.0
2025-10-21 17:00:00,solar.bun_carm1#realenergyintotheload#kwh,BUNDOORA,0.0,15.499287,15.865387,15.395335,203.0
2025-10-21 18:00:00,solar.bun_carm1#realenergyintotheload#kwh,BUNDOORA,0.0,6.548533,6.1504946,5.968271,82.0
2025-10-21 19:00:00,solar.bun_carm1#realenergyintotheload#kwh,BUNDOORA,0.0,3.831336,0.64982766,0.6305749,13.0
2025-10-21 20:00:00,solar.bun_carm1#realenergyintotheload#kwh,BUNDOORA,0.0,0.95029503,0.0019299233,0.0018727445,0.0
2025-10-21 21:00:00,solar.bun_carm1#realenergyintotheload#kwh,BUNDOORA,0.0,0.0024321189,-0.0006118183,0.0,0.0
2025-10-21 22:00:00,solar.bun_carm1#realenergyintotheload#kwh,BUNDOORA,0.0,0.008437195,-0.00043106827,0.0,0.0
2025-10-21 23:00:00,solar.bun_carm1#realenergyintotheload#kwh,BUNDOORA,0.0,0.013464188,-0.006530221,0.0,0.0
2025-10-22 00:00:00,solar.bun_carm1#realenergyintotheload#kwh,BUNDOORA,0.0,0.035653338,-0.006358363,0.0,0.0
2025-10-22 01:00:00,solar.bun_carm1#realenergyintotheload#kwh,BUNDOORA,0.0,0.04961256,-0.006530221,0.0,0.0
2025-10-22 02:00:00,solar.bun_carm1#realenergyintotheload#kwh,BUNDOORA,0.0,0.025526676,-0.006530221,0.0,0.0
2025-10-22 03:00:00,solar.bun_carm1#realenergyintotheload#kwh,BUNDOORA,0.0,0.034286484,-0.006530221,0.0,0.0
2025-10-22 04:00:00,solar.bun_carm1#realenergyintotheload#kwh,BUNDOORA,0.0,0.018266615,-0.006530221,0.0,0.0
2025-10-22 05:00:00,solar.bun_carm1#realenergyintotheload#kwh,BUNDOORA,0.0,0.048033282,-0.005199028,0.0,0.0
2025-10-22 06:00:00,solar.bun_carm1#realenergyintotheload#kwh,BUNDOORA,0.0,-0.015847832,-0.0020308928,0.0,0.0
2025-10-22 07:00:00,solar.bun_carm1#realenergyintotheload#kwh,BUNDOORA,0.0,0.95929134,0.20531102,0.19922817,6.0
2025-10-22 08:00:00,solar.bun_carm1#realenergyintotheload#kwh,BUNDOORA,0.0,8.063002,2.9161472,2.829749,40.0
2025-10-22 09:00:00,solar.bun_carm1#realenergyintotheload#kwh,BUNDOORA,0.0,7.675049,4.2440333,4.1182933,57.0
2025-10-22 10:00:00,solar.bun_carm1#realenergyintotheload#kwh,BUNDOORA,0.0,5.7395277,2.870127,2.7850924,37.0
2025-10-22 11:00:00,solar.bun_carm1#realenergyintotheload#kwh,BUNDOORA,0.0,4.631962,5.599963,5.43405,73.0
2025-10-22 12:00:00,solar.bun_carm1#realenergyintotheload#kwh,BUNDOORA,0.0,5.8165154,7.1131005,6.902357,93.0
2025-10-22 13:00:00,solar.bun_carm1#realenergyintotheload#kwh,BUNDOORA,0.0,26.548727,41.231857,40.01026,533.0
2025-10-22 14:00:00,solar.bun_carm1#realenergyintotheload#kwh,BUNDOORA,0.0,51.95633,62.00419,60.16716,915.0
2025-10-22 15:00:00,solar.bun_carm1#realenergyintotheload#kwh,BUNDOORA,0.0,33.019993,36.285202,35.210163,460.0
2025-10-22 16:00:00,solar.bun_carm1#realenergyintotheload#kwh,BUNDOORA,0.0,16.07654,13.069189,12.681982,167.0
2025-10-22 17:00:00,solar.bun_carm1#realenergyintotheload#kwh,BUNDOORA,0.0,18.855501,13.622563,13.218961,175.0
2025-10-22 18:00:00,solar.bun_carm1#realenergyintotheload#kwh,BUNDOORA,0.0,4.755167,8.264048,8.019204,106.0
2025-10-22 19:00:00,solar.bun_carm1#realenergyintotheload#kwh,BUNDOORA,0.0,4.101228,3.9625075,3.8451083,53.0
2025-10-22 20:00:00,solar.bun_carm1#realenergyintotheload#kwh,BUNDOORA,0.0,0.35271537,-0.004144748,0.0,1.0
2025-10-22 21:00:00,solar.bun_carm1#realenergyintotheload#kwh,BUNDOORA,0.0,0.009970418,0.003465463,0.00336279,0.0
2025-10-22 22:00:00,solar.bun_carm1#realenergyintotheload#kwh,BUNDOORA,0.0,-0.023432242,0.0028134643,0.0027301083,0.0
2025-10-22 23:00:00,solar.bun_carm1#realenergyintotheload#kwh,BUNDOORA,0.0,-0.01072626,0.0028134643,0.0027301083,0.0
2025-10-23 00:00:00,solar.bun_carm1#realenergyintotheload#kwh,BUNDOORA,0.0,0.0070312843,0.0022885685,0.002220764,0.0
2025-10-23 01:00:00,solar.bun_carm1#realenergyintotheload#kwh,BUNDOORA,0.0,-0.08841502,0.0016709461,0.0016214402,0.0
2025-10-23 02:00:00,solar.bun_carm1#realenergyintotheload#kwh,BUNDOORA,0.0,0.0043657348,0.0016709461,0.0016214402,0.0
2025-10-23 03:00:00,solar.bun_carm1#realenergyintotheload#kwh,BUNDOORA,0.0,-0.0019439431,0.002105086,0.0020427178,0.0
2025-10-23 04:00:00,solar.bun_carm1#realenergyintotheload#kwh,BUNDOORA,0.0,0.0095346505,0.0021447968,0.0020812517,0.0
2025-10-23 05:00:00,solar.bun_carm1#realenergyintotheload#kwh,BUNDOORA,0.0,0.06423047,0.0014274743,0.0013851818,0.0
2025-10-23 06:00:00,solar.bun_carm1#realenergyintotheload#kwh,BUNDOORA,0.0,0.013712321,0.0019970322,0.0019378652,0.0
2025-10-23 07:00:00,solar.bun_carm1#realenergyintotheload#kwh,BUNDOORA,0.0,4.5393434,1.0938069,1.0614,18.0
2025-10-23 08:00:00,solar.bun_carm1#realenergyintotheload#kwh,BUNDOORA,0.0,7.1563663,7.310688,7.0940905,98.0
2025-10-23 09:00:00,solar.bun_carm1#realenergyintotheload#kwh,BUNDOORA,0.0,14.727323,14.782385,14.3444195,186.0
2025-10-23 10:00:00,solar.bun_carm1#realenergyintotheload#kwh,BUNDOORA,0.0,22.874186,19.039343,18.475254,237.0
2025-10-23 11:00:00,solar.bun_carm1#realenergyintotheload#kwh,BUNDOORA,0.0,21.801014,15.957867,15.485075,201.0
2025-10-23 12:00:00,solar.bun_carm1#realenergyintotheload#kwh,BUNDOORA,0.0,35.006733,25.866138,25.099789,328.0
2025-10-23 13:00:00,solar.bun_carm1#realenergyintotheload#kwh,BUNDOORA,0.0,52.529434,52.618042,51.0591,722.0
2025-10-23 14:00:00,solar.bun_carm1#realenergyintotheload#kwh,BUNDOORA,0.0,58.57772,58.7356,56.99541,825.0
2025-10-23 15:00:00,solar.bun_carm1#realenergyintotheload#kwh,BUNDOORA,0.0,47.971115,55.713093,54.062454,783.0
2025-10-23 16:00:00,solar.bun_carm1#realenergyintotheload#kwh,BUNDOORA,0.0,40.77201,44.421913,43.105804,592.0
2025-10-23 17:00:00,solar.bun_carm1#realenergyintotheload#kwh,BUNDOORA,0.0,21.388016,18.07804,17.542433,230.0
2025-10-23 18:00:00,solar.bun_carm1#realenergyintotheload#kwh,BUNDOORA,0.0,21.659554,17.057295,16.55193,219.0
2025-10-23 19:00:00,solar.bun_carm1#realenergyintotheload#kwh,BUNDOORA,0.0,7.9199834,2.6670945,2.5880752,37.0
2025-10-23 20:00:00,solar.bun_carm1#realenergyintotheload#kwh,BUNDOORA,0.0,1.0122479,0.00066902995,0.00064920826,1.0
2025-10-23 21:00:00,solar.bun_carm1#realenergyintotheload#kwh,BUNDOORA,0.0,0.1530444,0.0016829628,0.0016331008,0.0
2025-10-23 22:00:00,solar.bun_carm1#realenergyintotheload#kwh,BUNDOORA,0.0,0.011041487,0.000916782,0.00088962005,0.0
2025-10-23 23:00:00,solar.bun_carm1#realenergyintotheload#kwh,BUNDOORA,0.0,0.015677214,0.0013604376,0.0013201312,0.0
2025-10-24 00:00:00,solar.bun_carm1#realenergyintotheload#kwh,BUNDOORA,0.0,0.019524628,0.0014274743,0.0013851818,0.0
2025-10-24 01:00:00,solar.bun_carm1#realenergyintotheload#kwh,BUNDOORA,0.0,0.0030723982,0.0010645466,0.0010330068,0.0
2025-10-24 02:00:00,solar.bun_carm1#realenergyintotheload#kwh,BUNDOORA,0.0,0.019524628,0.0014274743,0.0013851818,0.0
2025-10-24 03:00:00,solar.bun_carm1#realenergyintotheload#kwh,BUNDOORA,0.0,0.007867578,0.0013604376,0.0013201312,0.0
2025-10-24 04:00:00,solar.bun_carm1#realenergyintotheload#kwh,BUNDOORA,0.0,0.00846528,0.0014274743,0.0013851818,0.0
2025-10-24 05:00:00,solar.bun_carm1#realenergyintotheload#kwh,BUNDOORA,0.0,-0.0066045094,0.0010645466,0.0010330068,0.0
2025-10-24 06:00:00,solar.bun_carm1#realenergyintotheload#kwh,BUNDOORA,0.0,0.069566794,0.000916782,0.00088962005,0.0
2025-10-24 07:00:00,solar.bun_carm1#realenergyintotheload#kwh,BUNDOORA,0.0,1.7378051,1.2937611,1.2554302,21.0
2025-10-24 08:00:00,solar.bun_carm1#realenergyintotheload#kwh,BUNDOORA,0.0,4.09018,10.755329,10.436676,146.0
2025-10-24 09:00:00,solar.bun_carm1#realenergyintotheload#kwh,BUNDOORA,0.0,16.2807,23.263494,22.574255,294.0
2025-10-24 10:00:00,solar.bun_carm1#realenergyintotheload#kwh,BUNDOORA,0.0,23.435814,18.207752,17.668303,230.0
2025-10-24 11:00:00,solar.bun_carm1#realenergyintotheload#kwh,BUNDOORA,0.0,19.752832,14.351398,13.926203,183.0
2025-10-24 12:00:00,solar.bun_carm1#realenergyintotheload#kwh,BUNDOORA,0.0,23.836773,18.814936,18.257496,239.0
2025-10-24 13:00:00,solar.bun_carm1#realenergyintotheload#kwh,BUNDOORA,0.0,34.05988,33.173126,32.19029,420.0
2025-10-24 14:00:00,solar.bun_carm1#realenergyintotheload#kwh,BUNDOORA,0.0,38.69376,37.73983,36.621693,488.0
2025-10-24 15:00:00,solar.bun_carm1#realenergyintotheload#kwh,BUNDOORA,0.0,24.086382,20.651447,20.039597,265.0
2025-10-24 16:00:00,solar.bun_carm1#realenergyintotheload#kwh,BUNDOORA,0.0,33.917103,38.589085,37.445786,504.0
2025-10-24 17:00:00,solar.bun_carm1#realenergyintotheload#kwh,BUNDOORA,0.0,21.541836,22.021795,21.369345,273.0
2025-10-24 18:00:00,solar.bun_carm1#realenergyintotheload#kwh,BUNDOORA,0.0,21.51413,17.364552,16.850082,223.0
2025-10-24 19:00:00,solar.bun_carm1#realenergyintotheload#kwh,BUNDOORA,0.0,9.251936,8.31502,8.068666,111.0
2025-10-24 20:00:00,solar.bun_carm1#realenergyintotheload#kwh,BUNDOORA,0.0,1.0700907,0.00060199323,0.00058415765,2.0
2025-10-24 21:00:00,solar.bun_carm1#realenergyintotheload#kwh,BUNDOORA,0.0,0.15271959,0.0013604376,0.0013201312,0.0
2025-10-24 22:00:00,solar.bun_carm1#realenergyintotheload#kwh,BUNDOORA,0.0,0.015550349,0.0013604376,0.0013201312,0.0
2025-10-24 23:00:00,solar.bun_carm1#realenergyintotheload#kwh,BUNDOORA,0.0,0.009612534,0.0013604376,0.0013201312,0.0
2025-10-25 00:00:00,solar.bun_carm1#realenergyintotheload#kwh,BUNDOORA,0.0,0.0066374093,0.0013604376,0.0013201312,0.0
2025-10-25 01:00:00,solar.bun_carm1#realenergyintotheload#kwh,BUNDOORA,0.0,0.017402327,0.0013604376,0.0013201312,0.0
2025-10-25 02:00:00,solar.bun_carm1#realenergyintotheload#kwh,BUNDOORA,0.0,0.016070966,0.0014274743,0.0013851818,0.0
2025-10-25 03:00:00,solar.bun_carm1#realenergyintotheload#kwh,BUNDOORA,0.0,0.0060003083,0.0013604376,0.0013201312,0.0
2025-10-25 04:00:00,solar.bun_carm1#realenergyintotheload#kwh,BUNDOORA,0.0,0.0038023915,0.0013604376,0.0013201312,0.0
2025-10-25 05:00:00,solar.bun_carm1#realenergyintotheload#kwh,BUNDOORA,0.0,0.0038023915,0.0013604376,0.0013201312,0.0
2025-10-25 06:00:00,solar.bun_carm1#realenergyintotheload#kwh,BUNDOORA,0.0,0.013734211,0.0013604376,0.0013201312,0.0
2025-10-25 07:00:00,solar.bun_carm1#realenergyintotheload#kwh,BUNDOORA,0.0,0.14385678,1.9883147,1.9294059,30.0
2025-10-25 08:00:00,solar.bun_carm1#realenergyintotheload#kwh,BUNDOORA,0.0,2.447398,13.08707,12.699333,181.0
2025-10-25 09:00:00,solar.bun_carm1#realenergyintotheload#kwh,BUNDOORA,0.0,19.89199,26.66348,25.873508,341.0
2025-10-25 10:00:00,solar.bun_carm1#realenergyintotheload#kwh,BUNDOORA,0.0,30.545254,39.633312,38.459076,512.0
2025-10-25 11:00:00,solar.bun_carm1#realenergyintotheload#kwh,BUNDOORA,0.0,36.54613,35.86606,34.803436,468.0
2025-10-25 12:00:00,solar.bun_carm1#realenergyintotheload#kwh,BUNDOORA,0.0,30.868418,31.924215,30.97838,405.0
2025-10-25 13:00:00,solar.bun_carm1#realenergyintotheload#kwh,BUNDOORA,0.0,23.351976,22.337322,21.675524,294.0
2025-10-25 14:00:00,solar.bun_carm1#realenergyintotheload#kwh,BUNDOORA,0.0,23.737547,18.883165,18.323704,241.0
2025-10-25 15:00:00,solar.bun_carm1#realenergyintotheload#kwh,BUNDOORA,0.0,7.5429683,7.5286584,7.305603,100.0
2025-10-25 16:00:00,solar.bun_carm1#realenergyintotheload#kwh,BUNDOORA,0.0,6.1118784,5.4306674,5.26977,71.0
2025-10-25 17:00:00,solar.bun_carm1#realenergyintotheload#kwh,BUNDOORA,0.0,11.581785,8.226906,7.9831634,108.0
2025-10-25 18:00:00,solar.bun_carm1#realenergyintotheload#kwh,BUNDOORA,0.0,11.023594,5.3071,5.1498637,70.0
2025-10-25 19:00:00,solar.bun_carm1#realenergyintotheload#kwh,BUNDOORA,0.0,6.1817074,2.162375,2.0983093,32.0
2025-10-25 20:00:00,solar.bun_carm1#realenergyintotheload#kwh,BUNDOORA,0.0,1.5170052,0.0016554358,0.0016063893,0.0
2025-10-25 21:00:00,solar.bun_carm1#realenergyintotheload#kwh,BUNDOORA,0.0,0.12603536,0.0018319797,0.0017777027,0.0
2025-10-25 22:00:00,solar.bun_carm1#realenergyintotheload#kwh,BUNDOORA,0.0,-0.007980137,0.0020038374,0.0019444687,0.0
2025-10-25 23:00:00,solar.bun_carm1#realenergyintotheload#kwh,BUNDOORA,0.0,0.006723744,0.0018319797,0.0017777027,0.0
2025-10-26 00:00:00,solar.bun_carm1#realenergyintotheload#kwh,BUNDOORA,0.0,0.0042603984,0.0018319797,0.0017777027,0.0
2025-10-26 01:00:00,solar.bun_carm1#realenergyintotheload#kwh,BUNDOORA,0.0,0.04883709,0.0018319797,0.0017777027,0.0
2025-10-26 02:00:00,solar.bun_carm1#realenergyintotheload#kwh,BUNDOORA,0.0,0.04883709,0.0018319797,0.0017777027,0.0
2025-10-26 03:00:00,solar.bun_carm1#realenergyintotheload#kwh,BUNDOORA,0.0,0.04883709,0.0018319797,0.0017777027,0.0
2025-10-26 04:00:00,solar.bun_carm1#realenergyintotheload#kwh,BUNDOORA,0.0,0.04883709,0.002912229,0.0028259468,0.0
2025-10-26 05:00:00,solar.bun_carm1#realenergyintotheload#kwh,BUNDOORA,0.0,-0.017781686,0.002912229,0.0028259468,0.0
2025-10-26 06:00:00,solar.bun_carm1#realenergyintotheload#kwh,BUNDOORA,0.0,0.33763677,0.002912229,0.0028259468,0.0
2025-10-26 07:00:00,solar.bun_carm1#realenergyintotheload#kwh,BUNDOORA,0.0,3.9178717,0.52273,0.5072428,11.0
2025-10-26 08:00:00,solar.bun_carm1#realenergyintotheload#kwh,BUNDOORA,0.0,2.7033339,5.648256,5.480912,77.0
2025-10-26 09:00:00,solar.bun_carm1#realenergyintotheload#kwh,BUNDOORA,0.0,10.035333,13.05241,12.6657,169.0
2025-10-26 10:00:00,solar.bun_carm1#realenergyintotheload#kwh,BUNDOORA,0.0,12.355912,8.062174,7.823312,106.0
2025-10-26 11:00:00,solar.bun_carm1#realenergyintotheload#kwh,BUNDOORA,0.0,6.021254,4.1844788,4.060503,54.0
2025-10-26 12:00:00,solar.bun_carm1#realenergyintotheload#kwh,BUNDOORA,0.0,5.202072,3.458452,3.3559866,46.0
2025-10-26 13:00:00,solar.bun_carm1#realenergyintotheload#kwh,BUNDOORA,0.0,6.271373,2.866104,2.7811885,38.0
2025-10-26 14:00:00,solar.bun_carm1#realenergyintotheload#kwh,BUNDOORA,0.0,6.4131804,7.197446,6.9842033,94.0
2025-10-26 15:00:00,solar.bun_carm1#realenergyintotheload#kwh,BUNDOORA,0.0,23.440626,36.03275,34.965187,465.0
2025-10-26 16:00:00,solar.bun_carm1#realenergyintotheload#kwh,BUNDOORA,0.0,14.783974,23.310469,22.619837,295.0
2025-10-26 17:00:00,solar.bun_carm1#realenergyintotheload#kwh,BUNDOORA,0.0,14.728252,12.911815,12.52927,169.0
2025-10-26 18:00:00,solar.bun_carm1#realenergyintotheload#kwh,BUNDOORA,0.0,10.771608,15.657849,15.193946,197.0
2025-10-26 19:00:00,solar.bun_carm1#realenergyintotheload#kwh,BUNDOORA,0.0,4.571496,4.8220544,4.6791887,63.0
2025-10-26 20:00:00,solar.bun_carm1#realenergyintotheload#kwh,BUNDOORA,0.0,2.2149546,0.016886532,0.016386226,3.0
2025-10-26 21:00:00,solar.bun_carm1#realenergyintotheload#kwh,BUNDOORA,0.0,0.21819894,0.0032766405,0.0031795618,0.0
2025-10-26 22:00:00,solar.bun_carm1#realenergyintotheload#kwh,BUNDOORA,0.0,0.13387385,0.0024317068,0.0023596613,0.0
2025-10-26 23:00:00,solar.bun_carm1#realenergyintotheload#kwh,BUNDOORA,0.0,0.16833821,0.0024794193,0.0024059603,0.0
2025-10-27 00:00:00,solar.bun_carm1#realenergyintotheload#kwh,BUNDOORA,0.0,0.110667095,0.0024794193,0.0024059603,0.0
2025-10-27 01:00:00,solar.bun_carm1#realenergyintotheload#kwh,BUNDOORA,0.0,0.10361844,0.0023028755,0.002234647,0.0
2025-10-27 02:00:00,solar.bun_carm1#realenergyintotheload#kwh,BUNDOORA,0.0,0.07269409,0.0026695367,0.002590445,0.0
2025-10-27 03:00:00,solar.bun_carm1#realenergyintotheload#kwh,BUNDOORA,0.0,-0.0009220969,0.0019174849,0.0018606746,0.0
2025-10-27 04:00:00,solar.bun_carm1#realenergyintotheload#kwh,BUNDOORA,0.0,-0.030452805,0.0024467825,0.0023742905,0.0
2025-10-27 05:00:00,solar.bun_carm1#realenergyintotheload#kwh,BUNDOORA,0.0,0.03325022,0.0019452046,0.001887573,0.0
2025-10-27 06:00:00,solar.bun_carm1#realenergyintotheload#kwh,BUNDOORA,0.0,0.4845905,0.0027020646,0.0026220093,0.0
2025-10-27 07:00:00,solar.bun_carm1#realenergyintotheload#kwh,BUNDOORA,0.0,4.1870723,1.6323264,1.5839646,25.0
2025-10-27 08:00:00,solar.bun_carm1#realenergyintotheload#kwh,BUNDOORA,0.0,5.9413586,9.923762,9.629746,134.0
2025-10-27 09:00:00,solar.bun_carm1#realenergyintotheload#kwh,BUNDOORA,0.0,9.390491,12.281422,11.917554,155.0
2025-10-27 10:00:00,solar.bun_carm1#realenergyintotheload#kwh,BUNDOORA,0.0,18.255028,15.41054,14.953964,195.0
2025-10-27 11:00:00,solar.bun_carm1#realenergyintotheload#kwh,BUNDOORA,0.0,21.896494,18.898066,18.338163,237.0
2025-10-27 12:00:00,solar.bun_carm1#realenergyintotheload#kwh,BUNDOORA,0.0,21.13514,15.145859,14.6971245,197.0
2025-10-27 13:00:00,solar.bun_carm1#realenergyintotheload#kwh,BUNDOORA,0.0,25.347942,28.267458,27.429964,352.0
2025-10-27 14:00:00,solar.bun_carm1#realenergyintotheload#kwh,BUNDOORA,0.0,38.312683,50.559334,49.061386,671.0
2025-10-27 15:00:00,solar.bun_carm1#realenergyintotheload#kwh,BUNDOORA,0.0,33.80044,41.114605,39.89648,535.0
2025-10-27 16:00:00,solar.bun_carm1#realenergyintotheload#kwh,BUNDOORA,0.0,49.870167,52.03207,50.49049,711.0
2025-10-27 17:00:00,solar.bun_carm1#realenergyintotheload#kwh,BUNDOORA,0.0,36.14856,38.943405,37.789608,503.0
2025-10-27 18:00:00,solar.bun_carm1#realenergyintotheload#kwh,BUNDOORA,0.0,20.071056,25.26188,24.513435,336.0
2025-10-27 19:00:00,solar.bun_carm1#realenergyintotheload#kwh,BUNDOORA,0.0,8.44034,10.422755,10.1139555,144.0
2025-10-27 20:00:00,solar.bun_carm1#realenergyintotheload#kwh,BUNDOORA,0.0,1.2174442,0.072133295,0.06999616,4.0
2025-10-27 21:00:00,solar.bun_carm1#realenergyintotheload#kwh,BUNDOORA,0.0,-0.6281747,0.0014726261,0.0014289959,0.0
2025-10-27 22:00:00,solar.bun_carm1#realenergyintotheload#kwh,BUNDOORA,0.0,-0.4569723,0.0005622828,0.00054562377,0.0
2025-10-27 23:00:00,solar.bun_carm1#realenergyintotheload#kwh,BUNDOORA,0.0,0.07257745,0.0013120968,0.0012732227,0.0
2025-10-28 00:00:00,solar.bun_carm1#realenergyintotheload#kwh,BUNDOORA,0.0,-0.23259868,0.0013604376,0.0013201312,0.0
2025-10-28 01:00:00,solar.bun_carm1#realenergyintotheload#kwh,BUNDOORA,0.0,-0.014578201,0.0013207269,0.0012815971,0.0
2025-10-28 02:00:00,solar.bun_carm1#realenergyintotheload#kwh,BUNDOORA,0.0,0.043978862,0.0014274743,0.0013851818,0.0
2025-10-28 03:00:00,solar.bun_carm1#realenergyintotheload#kwh,BUNDOORA,0.0,-0.008849179,0.0013604376,0.0013201312,0.0
2025-10-28 04:00:00,solar.bun_carm1#realenergyintotheload#kwh,BUNDOORA,0.0,-0.007207945,0.0013604376,0.0013201312,0.0
2025-10-28 05:00:00,solar.bun_carm1#realenergyintotheload#kwh,BUNDOORA,0.0,-0.0072037643,0.0013604376,0.0013201312,0.0
2025-10-28 06:00:00,solar.bun_carm1#realenergyintotheload#kwh,BUNDOORA,0.0,0.25021887,0.0013604376,0.0013201312,0.0
2025-10-28 07:00:00,solar.bun_carm1#realenergyintotheload#kwh,BUNDOORA,0.0,0.22443996,3.626439,3.5189967,47.0
2025-10-28 08:00:00,solar.bun_carm1#realenergyintotheload#kwh,BUNDOORA,0.0,3.498785,17.982182,17.449415,249.0
2025-10-28 09:00:00,solar.bun_carm1#realenergyintotheload#kwh,BUNDOORA,0.0,21.999598,36.326183,35.249928,474.0
2025-10-28 10:00:00,solar.bun_carm1#realenergyintotheload#kwh,BUNDOORA,0.0,39.539925,48.981792,47.530582,679.0
2025-10-28 11:00:00,solar.bun_carm1#realenergyintotheload#kwh,BUNDOORA,0.0,57.856586,59.874756,58.100815,846.0
2025-10-28 12:00:00,solar.bun_carm1#realenergyintotheload#kwh,BUNDOORA,0.0,66.22432,66.63875,64.664406,960.0
2025-10-28 13:00:00,solar.bun_carm1#realenergyintotheload#kwh,BUNDOORA,0.0,68.32347,67.54667,65.54543,1010.0
2025-10-28 14:00:00,solar.bun_carm1#realenergyintotheload#kwh,BUNDOORA,0.0,68.27028,68.234604,66.21298,994.0
2025-10-28 15:00:00,solar.bun_carm1#realenergyintotheload#kwh,BUNDOORA,0.0,64.58361,64.37994,62.47252,913.0
2025-10-28 16:00:00,solar.bun_carm1#realenergyintotheload#kwh,BUNDOORA,0.0,58.36889,56.022984,54.363163,774.0
2025-10-28 17:00:00,solar.bun_carm1#realenergyintotheload#kwh,BUNDOORA,0.0,45.72499,43.78905,42.49169,588.0
2025-10-28 18:00:00,solar.bun_carm1#realenergyintotheload#kwh,BUNDOORA,0.0,30.364029,27.843632,27.018694,374.0
2025-10-28 19:00:00,solar.bun_carm1#realenergyintotheload#kwh,BUNDOORA,0.0,14.497499,11.445728,11.10662,159.0
2025-10-28 20:00:00,solar.bun_carm1#realenergyintotheload#kwh,BUNDOORA,0.0,2.9641976,0.07780673,0.07550152,4.0
2025-10-28 21:00:00,solar.bun_carm1#realenergyintotheload#kwh,BUNDOORA,0.0,0.20481677,0.0014274743,0.0013851818,0.0
2025-10-28 22:00:00,solar.bun_carm1#realenergyintotheload#kwh,BUNDOORA,0.0,0.12544024,0.0019780602,0.0019194552,0.0
2025-10-28 23:00:00,solar.bun_carm1#realenergyintotheload#kwh,BUNDOORA,0.0,-0.010353851,0.0013604376,0.0013201312,0.0
2025-10-29 00:00:00,solar.bun_carm1#realenergyintotheload#kwh,BUNDOORA,0.0,0.0061091436,0.0013604376,0.0013201312,0.0
2025-10-29 01:00:00,solar.bun_carm1#realenergyintotheload#kwh,BUNDOORA,0.0,0.0061091436,0.0013604376,0.0013201312,0.0
2025-10-29 02:00:00,solar.bun_carm1#realenergyintotheload#kwh,BUNDOORA,0.0,0.0066326484,0.0013604376,0.0013201312,0.0
2025-10-29 03:00:00,solar.bun_carm1#realenergyintotheload#kwh,BUNDOORA,0.0,0.0034705994,0.0013604376,0.0013201312,0.0
2025-10-29 04:00:00,solar.bun_carm1#realenergyintotheload#kwh,BUNDOORA,0.0,0.00019457942,0.0013604376,0.0013201312,0.0
2025-10-29 05:00:00,solar.bun_carm1#realenergyintotheload#kwh,BUNDOORA,0.0,0.0006881953,0.0013604376,0.0013201312,0.0
2025-10-29 06:00:00,solar.bun_carm1#realenergyintotheload#kwh,BUNDOORA,0.0,0.18454741,0.0013604376,0.0013201312,0.0
2025-10-29 07:00:00,solar.bun_carm1#realenergyintotheload#kwh,BUNDOORA,0.0,0.48731434,3.4902213,3.3868148,46.0
2025-10-29 08:00:00,solar.bun_carm1#realenergyintotheload#kwh,BUNDOORA,0.0,3.5558805,17.178593,16.669634,241.0
2025-10-29 09:00:00,solar.bun_carm1#realenergyintotheload#kwh,BUNDOORA,0.0,20.391981,35.64895,34.59276,459.0
2025-10-29 10:00:00,solar.bun_carm1#realenergyintotheload#kwh,BUNDOORA,0.0,33.574646,49.15362,47.697323,661.0
2025-10-29 11:00:00,solar.bun_carm1#realenergyintotheload#kwh,BUNDOORA,0.0,58.952835,60.057186,58.277843,827.0
2025-10-29 12:00:00,solar.bun_carm1#realenergyintotheload#kwh,BUNDOORA,0.0,59.578506,65.518036,63.5769,940.0
2025-10-29 13:00:00,solar.bun_carm1#realenergyintotheload#kwh,BUNDOORA,0.0,66.48465,68.01566,66.00053,970.0
2025-10-29 14:00:00,solar.bun_carm1#realenergyintotheload#kwh,BUNDOORA,0.0,62.280216,62.299515,60.453735,901.0
2025-10-29 15:00:00,solar.bun_carm1#realenergyintotheload#kwh,BUNDOORA,0.0,67.07504,63.395412,61.517166,897.0
2025-10-29 16:00:00,solar.bun_carm1#realenergyintotheload#kwh,BUNDOORA,0.0,56.948463,54.97411,53.345364,762.0
2025-10-29 17:00:00,solar.bun_carm1#realenergyintotheload#kwh,BUNDOORA,0.0,44.851116,43.52532,42.23577,579.0
2025-10-29 18:00:00,solar.bun_carm1#realenergyintotheload#kwh,BUNDOORA,0.0,29.630575,27.649868,26.830671,372.0
2025-10-29 19:00:00,solar.bun_carm1#realenergyintotheload#kwh,BUNDOORA,0.0,14.5404415,11.448311,11.109126,157.0
2025-10-29 20:00:00,solar.bun_carm1#realenergyintotheload#kwh,BUNDOORA,0.0,0.949549,0.15641631,0.15178208,5.0
2025-10-29 21:00:00,solar.bun_carm1#realenergyintotheload#kwh,BUNDOORA,0.0,0.19220245,0.0025106422,0.0024362581,0.0
2025-10-29 22:00:00,solar.bun_carm1#realenergyintotheload#kwh,BUNDOORA,0.0,-0.026933601,0.0019780602,0.0019194552,0.0
2025-10-29 23:00:00,solar.bun_carm1#realenergyintotheload#kwh,BUNDOORA,0.0,-0.0013400046,0.0019780602,0.0019194552,0.0
2025-10-30 00:00:00,solar.bun_carm1#realenergyintotheload#kwh,BUNDOORA,0.0,-0.007185936,0.0019780602,0.0019194552,0.0
2025-10-30 01:00:00,solar.bun_carm1#realenergyintotheload#kwh,BUNDOORA,0.0,-0.009059687,0.0019780602,0.0019194552,0.0
2025-10-30 02:00:00,solar.bun_carm1#realenergyintotheload#kwh,BUNDOORA,0.0,0.009717509,0.0019780602,0.0019194552,0.0
2025-10-30 03:00:00,solar.bun_carm1#realenergyintotheload#kwh,BUNDOORA,0.0,0.01149104,0.0020450968,0.0019845057,0.0
2025-10-30 04:00:00,solar.bun_carm1#realenergyintotheload#kwh,BUNDOORA,0.0,0.0038939992,0.0019780602,0.0019194552,0.0
2025-10-30 05:00:00,solar.bun_carm1#realenergyintotheload#kwh,BUNDOORA,0.0,0.0038023915,0.0013604376,0.0013201312,0.0
2025-10-30 06:00:00,solar.bun_carm1#realenergyintotheload#kwh,BUNDOORA,0.0,0.17082636,0.0013604376,0.0013201312,0.0
2025-10-30 07:00:00,solar.bun_carm1#realenergyintotheload#kwh,BUNDOORA,0.0,0.40404183,3.4902213,3.3868148,44.0
2025-10-30 08:00:00,solar.bun_carm1#realenergyintotheload#kwh,BUNDOORA,0.0,0.617766,17.050531,16.545366,232.0
2025-10-30 09:00:00,solar.bun_carm1#realenergyintotheload#kwh,BUNDOORA,0.0,18.615307,34.71099,33.68259,448.0
2025-10-30 10:00:00,solar.bun_carm1#realenergyintotheload#kwh,BUNDOORA,0.0,42.20199,48.217346,46.788788,647.0
2025-10-30 11:00:00,solar.bun_carm1#realenergyintotheload#kwh,BUNDOORA,0.0,61.14511,59.187206,57.433636,824.0
2025-10-30 12:00:00,solar.bun_carm1#realenergyintotheload#kwh,BUNDOORA,0.0,66.75865,65.04118,63.114174,938.0
2025-10-30 13:00:00,solar.bun_carm1#realenergyintotheload#kwh,BUNDOORA,0.0,66.10025,67.39008,65.393486,969.0
2025-10-30 14:00:00,solar.bun_carm1#realenergyintotheload#kwh,BUNDOORA,0.0,55.765354,50.747253,49.24374,694.0
2025-10-30 15:00:00,solar.bun_carm1#realenergyintotheload#kwh,BUNDOORA,0.0,44.383682,45.757713,44.402027,622.0
2025-10-30 16:00:00,solar.bun_carm1#realenergyintotheload#kwh,BUNDOORA,0.0,42.641624,45.79257,44.43585,615.0
2025-10-30 17:00:00,solar.bun_carm1#realenergyintotheload#kwh,BUNDOORA,0.0,32.259605,32.354225,31.39565,418.0
2025-10-30 18:00:00,solar.bun_carm1#realenergyintotheload#kwh,BUNDOORA,0.0,23.172436,20.760942,20.145847,269.0
2025-10-30 19:00:00,solar.bun_carm1#realenergyintotheload#kwh,BUNDOORA,0.0,14.1736555,8.450354,8.199991,116.0
2025-10-30 20:00:00,solar.bun_carm1#realenergyintotheload#kwh,BUNDOORA,0.0,1.6644821,0.19300735,0.18728903,6.0
2025-10-30 21:00:00,solar.bun_carm1#realenergyintotheload#kwh,BUNDOORA,0.0,0.13165209,-0.0034490277,0.0,0.0
2025-10-30 22:00:00,solar.bun_carm1#realenergyintotheload#kwh,BUNDOORA,0.0,-0.08715157,0.0014995739,0.0014551453,0.0
2025-10-30 23:00:00,solar.bun_carm1#realenergyintotheload#kwh,BUNDOORA,0.0,-0.06649452,0.001606298,0.0015587074,0.0
2025-10-31 00:00:00,solar.bun_carm1#realenergyintotheload#kwh,BUNDOORA,0.0,-0.044609807,0.0023408188,0.0022714662,0.0
2025-10-31 01:00:00,solar.bun_carm1#realenergyintotheload#kwh,BUNDOORA,0.0,-0.01809408,0.0023408188,0.0022714662,0.0
2025-10-31 02:00:00,solar.bun_carm1#realenergyintotheload#kwh,BUNDOORA,0.0,-0.078103416,0.0020171937,0.0019574293,0.0
2025-10-31 03:00:00,solar.bun_carm1#realenergyintotheload#kwh,BUNDOORA,0.0,-0.08202107,0.0014995739,0.0014551453,0.0
2025-10-31 04:00:00,solar.bun_carm1#realenergyintotheload#kwh,BUNDOORA,0.0,0.00086753536,0.001606298,0.0015587074,0.0
2025-10-31 05:00:00,solar.bun_carm1#realenergyintotheload#kwh,BUNDOORA,0.0,0.06792648,-0.006530221,0.0,0.0
2025-10-31 06:00:00,solar.bun_carm1#realenergyintotheload#kwh,BUNDOORA,0.0,0.5169712,-0.006358363,0.0,0.0
2025-10-31 07:00:00,solar.bun_carm1#realenergyintotheload#kwh,BUNDOORA,0.0,1.835883,0.7784168,0.7553543,14.0
2025-10-31 08:00:00,solar.bun_carm1#realenergyintotheload#kwh,BUNDOORA,0.0,2.890606,7.0280643,6.8198404,93.0
2025-10-31 09:00:00,solar.bun_carm1#realenergyintotheload#kwh,BUNDOORA,0.0,3.5245671,4.7836285,4.6419015,64.0
2025-10-31 10:00:00,solar.bun_carm1#realenergyintotheload#kwh,BUNDOORA,0.0,6.4167156,5.1130915,4.961603,66.0
2025-10-31 11:00:00,solar.bun_carm1#realenergyintotheload#kwh,BUNDOORA,0.0,16.769066,12.968876,12.5846405,167.0
2025-10-31 12:00:00,solar.bun_carm1#realenergyintotheload#kwh,BUNDOORA,0.0,20.69428,12.453434,12.08447,161.0
2025-10-31 13:00:00,solar.bun_carm1#realenergyintotheload#kwh,BUNDOORA,0.0,13.5062895,8.786743,8.526414,113.0
2025-10-31 14:00:00,solar.bun_carm1#realenergyintotheload#kwh,BUNDOORA,0.0,11.787293,10.014627,9.717919,129.0
2025-10-31 15:00:00,solar.bun_carm1#realenergyintotheload#kwh,BUNDOORA,0.0,27.859444,43.492073,42.20351,571.0
2025-10-31 16:00:00,solar.bun_carm1#realenergyintotheload#kwh,BUNDOORA,0.0,29.413832,28.38921,27.54811,354.0
2025-10-31 17:00:00,solar.bun_carm1#realenergyintotheload#kwh,BUNDOORA,0.0,15.82414,14.356,13.930668,183.0
2025-10-31 18:00:00,solar.bun_carm1#realenergyintotheload#kwh,BUNDOORA,0.0,30.33215,19.273148,18.702133,250.0
2025-10-31 19:00:00,solar.bun_carm1#realenergyintotheload#kwh,BUNDOORA,0.0,14.209265,5.4166,5.2561197,71.0
2025-10-31 20:00:00,solar.bun_carm1#realenergyintotheload#kwh,BUNDOORA,0.0,3.4630527,0.013999986,0.013585201,3.0
2025-10-31 21:00:00,solar.bun_carm1#realenergyintotheload#kwh,BUNDOORA,0.0,0.27485064,0.002196391,0.0021313175,0.0
2025-10-31 22:00:00,solar.bun_carm1#realenergyintotheload#kwh,BUNDOORA,0.0,0.09145226,0.002559318,0.0024834918,0.0
2025-10-31 23:00:00,solar.bun_carm1#realenergyintotheload#kwh,BUNDOORA,0.0,0.046442464,0.0032766405,0.0031795618,0.0
2025-11-01 00:00:00,solar.bun_carm1#realenergyintotheload#kwh,BUNDOORA,0.0,0.041464843,0.003128876,0.0030361752,0.0
2025-11-01 01:00:00,solar.bun_carm1#realenergyintotheload#kwh,BUNDOORA,0.0,0.05400413,0.002559318,0.0024834918,0.0
2025-11-01 02:00:00,solar.bun_carm1#realenergyintotheload#kwh,BUNDOORA,0.0,-0.014856432,0.0018730203,0.0018175275,0.0
2025-11-01 03:00:00,solar.bun_carm1#realenergyintotheload#kwh,BUNDOORA,0.0,-0.014856432,0.0022359472,0.0021697017,0.0
2025-11-01 04:00:00,solar.bun_carm1#realenergyintotheload#kwh,BUNDOORA,0.0,-0.014856432,0.0017252555,0.0016741405,0.0
2025-11-01 05:00:00,solar.bun_carm1#realenergyintotheload#kwh,BUNDOORA,0.0,-0.0032273827,0.0022359472,0.0021697017,0.0
2025-11-01 06:00:00,solar.bun_carm1#realenergyintotheload#kwh,BUNDOORA,0.0,0.7809123,0.0021689106,0.0021046512,0.0
2025-11-01 07:00:00,solar.bun_carm1#realenergyintotheload#kwh,BUNDOORA,0.0,1.4922967,3.457839,3.355392,44.0
2025-11-01 08:00:00,solar.bun_carm1#realenergyintotheload#kwh,BUNDOORA,0.0,3.0412397,11.914998,11.561986,160.0
2025-11-01 09:00:00,solar.bun_carm1#realenergyintotheload#kwh,BUNDOORA,0.0,14.382227,23.761436,23.057444,303.0
2025-11-01 10:00:00,solar.bun_carm1#realenergyintotheload#kwh,BUNDOORA,0.0,32.162968,47.82174,46.4049,639.0
2025-11-01 11:00:00,solar.bun_carm1#realenergyintotheload#kwh,BUNDOORA,0.0,52.507854,57.45651,55.754215,806.0
2025-11-01 12:00:00,solar.bun_carm1#realenergyintotheload#kwh,BUNDOORA,0.0,64.68475,64.58885,62.675247,922.0
2025-11-01 13:00:00,solar.bun_carm1#realenergyintotheload#kwh,BUNDOORA,0.0,65.90232,67.50815,65.50805,972.0
2025-11-01 14:00:00,solar.bun_carm1#realenergyintotheload#kwh,BUNDOORA,0.0,62.72565,66.400154,64.432884,961.0
2025-11-01 15:00:00,solar.bun_carm1#realenergyintotheload#kwh,BUNDOORA,0.0,64.05098,63.512157,61.63045,889.0
2025-11-01 16:00:00,solar.bun_carm1#realenergyintotheload#kwh,BUNDOORA,0.0,55.3362,54.623554,53.005196,758.0
2025-11-01 17:00:00,solar.bun_carm1#realenergyintotheload#kwh,BUNDOORA,0.0,44.54691,43.159695,41.88098,581.0
2025-11-01 18:00:00,solar.bun_carm1#realenergyintotheload#kwh,BUNDOORA,0.0,32.830208,28.007977,27.17817,378.0
2025-11-01 19:00:00,solar.bun_carm1#realenergyintotheload#kwh,BUNDOORA,0.0,16.748798,12.071104,11.713468,167.0
2025-11-01 20:00:00,solar.bun_carm1#realenergyintotheload#kwh,BUNDOORA,0.0,4.3781385,0.45386547,0.44041857,9.0
2025-11-01 21:00:00,solar.bun_carm1#realenergyintotheload#kwh,BUNDOORA,0.0,0.23897745,0.0023146872,0.0022461088,0.0
2025-11-01 22:00:00,solar.bun_carm1#realenergyintotheload#kwh,BUNDOORA,0.0,0.0038927363,0.0023146872,0.0022461088,0.0
2025-11-01 23:00:00,solar.bun_carm1#realenergyintotheload#kwh,BUNDOORA,0.0,-0.047356874,0.0023146872,0.0022461088,0.0
2025-11-02 00:00:00,solar.bun_carm1#realenergyintotheload#kwh,BUNDOORA,0.0,-0.04380893,0.0023146872,0.0022461088,0.0
2025-11-02 01:00:00,solar.bun_carm1#realenergyintotheload#kwh,BUNDOORA,0.0,-0.043949094,0.0021689106,0.0021046512,0.0
2025-11-02 02:00:00,solar.bun_carm1#realenergyintotheload#kwh,BUNDOORA,0.0,-0.043949094,0.0021689106,0.0021046512,0.0
2025-11-02 03:00:00,solar.bun_carm1#realenergyintotheload#kwh,BUNDOORA,0.0,-0.020808818,0.0021689106,0.0021046512,0.0
2025-11-02 04:00:00,solar.bun_carm1#realenergyintotheload#kwh,BUNDOORA,0.0,-0.018502062,0.0021689106,0.0021046512,0.0
2025-11-02 05:00:00,solar.bun_carm1#realenergyintotheload#kwh,BUNDOORA,0.0,-0.036509376,0.0021689106,0.0021046512,0.0
2025-11-02 06:00:00,solar.bun_carm1#realenergyintotheload#kwh,BUNDOORA,0.0,0.9312259,0.0021689106,0.0021046512,0.0
2025-11-02 07:00:00,solar.bun_carm1#realenergyintotheload#kwh,BUNDOORA,0.0,2.1511765,4.189328,4.065209,53.0
2025-11-02 08:00:00,solar.bun_carm1#realenergyintotheload#kwh,BUNDOORA,0.0,8.69169,17.796108,17.268854,246.0
2025-11-02 09:00:00,solar.bun_carm1#realenergyintotheload#kwh,BUNDOORA,0.0,25.886932,33.988377,32.981384,454.0
2025-11-02 10:00:00,solar.bun_carm1#realenergyintotheload#kwh,BUNDOORA,0.0,45.478733,48.163235,46.73628,659.0
2025-11-02 11:00:00,solar.bun_carm1#realenergyintotheload#kwh,BUNDOORA,0.0,54.679108,56.890823,55.20529,805.0
2025-11-02 12:00:00,solar.bun_carm1#realenergyintotheload#kwh,BUNDOORA,0.0,49.77107,55.584324,53.9375,768.0
2025-11-02 13:00:00,solar.bun_carm1#realenergyintotheload#kwh,BUNDOORA,0.0,67.58589,67.68339,65.6781,989.0
2025-11-02 14:00:00,solar.bun_carm1#realenergyintotheload#kwh,BUNDOORA,0.0,66.70226,66.77281,64.7945,971.0
2025-11-02 15:00:00,solar.bun_carm1#realenergyintotheload#kwh,BUNDOORA,0.0,62.01293,61.65131,59.824738,895.0
2025-11-02 16:00:00,solar.bun_carm1#realenergyintotheload#kwh,BUNDOORA,0.0,54.578022,54.84609,53.221134,761.0
2025-11-02 17:00:00,solar.bun_carm1#realenergyintotheload#kwh,BUNDOORA,0.0,45.17638,43.339638,42.05559,583.0
2025-11-02 18:00:00,solar.bun_carm1#realenergyintotheload#kwh,BUNDOORA,0.0,23.53741,27.52609,26.710562,373.0
2025-11-02 19:00:00,solar.bun_carm1#realenergyintotheload#kwh,BUNDOORA,0.0,8.211019,3.9538474,3.8367047,54.0
2025-11-02 20:00:00,solar.bun_carm1#realenergyintotheload#kwh,BUNDOORA,0.0,0.17382243,0.0034696953,0.0033668969,1.0
2025-11-02 21:00:00,solar.bun_carm1#realenergyintotheload#kwh,BUNDOORA,0.0,-0.32705837,-0.0020707021,0.0,0.0
2025-11-02 22:00:00,solar.bun_carm1#realenergyintotheload#kwh,BUNDOORA,0.0,-0.14741474,0.0032129744,0.003117782,0.0
2025-11-02 23:00:00,solar.bun_carm1#realenergyintotheload#kwh,BUNDOORA,0.0,-0.0027764046,0.0007846523,0.00076140504,0.0
2025-11-03 00:00:00,solar.bun_carm1#realenergyintotheload#kwh,BUNDOORA,0.0,0.012054759,0.00016623679,0.0001613116,0.0
2025-11-03 01:00:00,solar.bun_carm1#realenergyintotheload#kwh,BUNDOORA,0.0,-0.040705204,0.0032356002,0.0031397375,0.0
2025-11-03 02:00:00,solar.bun_carm1#realenergyintotheload#kwh,BUNDOORA,0.0,0.004077222,0.0021553505,0.0020914928,0.0
2025-11-03 03:00:00,solar.bun_carm1#realenergyintotheload#kwh,BUNDOORA,0.0,-0.009412631,0.0023272082,0.0022582589,0.0
2025-11-03 04:00:00,solar.bun_carm1#realenergyintotheload#kwh,BUNDOORA,0.0,-0.009412631,0.0023272082,0.0022582589,0.0
2025-11-03 05:00:00,solar.bun_carm1#realenergyintotheload#kwh,BUNDOORA,0.0,-0.02676203,0.0023272082,0.0022582589,0.0
2025-11-03 06:00:00,solar.bun_carm1#realenergyintotheload#kwh,BUNDOORA,0.0,0.5861667,0.0032356002,0.0031397375,0.0
2025-11-03 07:00:00,solar.bun_carm1#realenergyintotheload#kwh,BUNDOORA,0.0,1.8715608,1.477824,1.4340397,22.0
2025-11-03 08:00:00,solar.bun_carm1#realenergyintotheload#kwh,BUNDOORA,0.0,2.944611,2.9176838,2.8312402,42.0
2025-11-03 09:00:00,solar.bun_carm1#realenergyintotheload#kwh,BUNDOORA,0.0,5.8053136,5.4367356,5.2756586,69.0
2025-11-03 10:00:00,solar.bun_carm1#realenergyintotheload#kwh,BUNDOORA,0.0,5.7809186,5.073747,4.9234247,63.0
2025-11-03 11:00:00,solar.bun_carm1#realenergyintotheload#kwh,BUNDOORA,0.0,7.7221384,7.5308313,7.3077116,98.0
2025-11-03 12:00:00,solar.bun_carm1#realenergyintotheload#kwh,BUNDOORA,0.0,5.7127314,2.8925989,2.8068984,38.0
2025-11-03 13:00:00,solar.bun_carm1#realenergyintotheload#kwh,BUNDOORA,0.0,7.287549,6.6966505,6.4982457,85.0
2025-11-03 14:00:00,solar.bun_carm1#realenergyintotheload#kwh,BUNDOORA,0.0,7.1012435,6.3485947,6.1605015,80.0
2025-11-03 15:00:00,solar.bun_carm1#realenergyintotheload#kwh,BUNDOORA,0.0,7.414377,9.691177,9.404052,126.0
2025-11-03 16:00:00,solar.bun_carm1#realenergyintotheload#kwh,BUNDOORA,0.0,6.6530995,9.592714,9.308506,123.0
2025-11-03 17:00:00,solar.bun_carm1#realenergyintotheload#kwh,BUNDOORA,0.0,4.9215174,6.004735,5.82683,78.0
2025-11-03 18:00:00,solar.bun_carm1#realenergyintotheload#kwh,BUNDOORA,0.0,10.846256,7.094042,6.883863,94.0
2025-11-03 19:00:00,solar.bun_carm1#realenergyintotheload#kwh,BUNDOORA,0.0,5.8011127,1.9394069,1.881947,29.0
2025-11-03 20:00:00,solar.bun_carm1#realenergyintotheload#kwh,BUNDOORA,0.0,0.63781536,0.0015487117,0.0015028273,2.0
2025-11-03 21:00:00,solar.bun_carm1#realenergyintotheload#kwh,BUNDOORA,0.0,0.12836163,0.002163938,0.002099826,0.0
2025-11-03 22:00:00,solar.bun_carm1#realenergyintotheload#kwh,BUNDOORA,0.0,-0.003049486,0.002163938,0.002099826,0.0
2025-11-03 23:00:00,solar.bun_carm1#realenergyintotheload#kwh,BUNDOORA,0.0,-0.0048600174,0.002163938,0.002099826,0.0
2025-11-04 00:00:00,solar.bun_carm1#realenergyintotheload#kwh,BUNDOORA,0.0,0.0017461027,0.002163938,0.002099826,0.0
2025-11-04 01:00:00,solar.bun_carm1#realenergyintotheload#kwh,BUNDOORA,0.0,-0.002553262,0.002163938,0.002099826,0.0
2025-11-04 02:00:00,solar.bun_carm1#realenergyintotheload#kwh,BUNDOORA,0.0,-0.004563724,0.002163938,0.002099826,0.0
2025-11-04 03:00:00,solar.bun_carm1#realenergyintotheload#kwh,BUNDOORA,0.0,0.0017461027,0.002163938,0.002099826,0.0
2025-11-04 04:00:00,solar.bun_carm1#realenergyintotheload#kwh,BUNDOORA,0.0,0.0032721711,0.0015344047,0.0014889442,0.0
2025-11-04 05:00:00,solar.bun_carm1#realenergyintotheload#kwh,BUNDOORA,0.0,0.012712925,0.0015344047,0.0014889442,0.0
2025-11-04 06:00:00,solar.bun_carm1#realenergyintotheload#kwh,BUNDOORA,0.0,0.43145162,0.0016821693,0.0016323308,0.0
2025-11-04 07:00:00,solar.bun_carm1#realenergyintotheload#kwh,BUNDOORA,0.0,0.15042955,1.955721,1.8977779,28.0
2025-11-04 08:00:00,solar.bun_carm1#realenergyintotheload#kwh,BUNDOORA,0.0,1.4967452,6.610756,6.4148955,88.0
2025-11-04 09:00:00,solar.bun_carm1#realenergyintotheload#kwh,BUNDOORA,0.0,18.656984,28.419647,27.577644,358.0
2025-11-04 10:00:00,solar.bun_carm1#realenergyintotheload#kwh,BUNDOORA,0.0,26.397776,32.19802,31.244074,408.0
2025-11-04 11:00:00,solar.bun_carm1#realenergyintotheload#kwh,BUNDOORA,0.0,16.442608,16.587534,16.096087,213.0
2025-11-04 12:00:00,solar.bun_carm1#realenergyintotheload#kwh,BUNDOORA,0.0,44.822697,58.652306,56.914585,810.0
2025-11-04 13:00:00,solar.bun_carm1#realenergyintotheload#kwh,BUNDOORA,0.0,25.537088,41.65869,40.42445,545.0
2025-11-04 14:00:00,solar.bun_carm1#realenergyintotheload#kwh,BUNDOORA,0.0,25.412186,30.303463,29.405647,383.0
2025-11-04 15:00:00,solar.bun_carm1#realenergyintotheload#kwh,BUNDOORA,0.0,12.22214,10.130402,9.830263,130.0
2025-11-04 16:00:00,solar.bun_carm1#realenergyintotheload#kwh,BUNDOORA,0.0,21.116016,16.300787,15.817836,210.0
2025-11-04 17:00:00,solar.bun_carm1#realenergyintotheload#kwh,BUNDOORA,0.0,17.868324,16.788044,16.290657,212.0
2025-11-04 18:00:00,solar.bun_carm1#realenergyintotheload#kwh,BUNDOORA,0.0,15.401523,11.339266,11.003312,145.0
2025-11-04 19:00:00,solar.bun_carm1#realenergyintotheload#kwh,BUNDOORA,0.0,9.010233,7.306078,7.0896173,98.0
2025-11-04 20:00:00,solar.bun_carm1#realenergyintotheload#kwh,BUNDOORA,0.0,0.85919714,0.0144554535,0.014027175,3.0
2025-11-04 21:00:00,solar.bun_carm1#realenergyintotheload#kwh,BUNDOORA,0.0,0.21305543,0.00091408606,0.00088700396,0.0
2025-11-04 22:00:00,solar.bun_carm1#realenergyintotheload#kwh,BUNDOORA,0.0,0.061626524,0.00091408606,0.00088700396,0.0
2025-11-04 23:00:00,solar.bun_carm1#realenergyintotheload#kwh,BUNDOORA,0.0,-0.056361265,0.0010723001,0.0010405305,0.0
2025-11-05 00:00:00,solar.bun_carm1#realenergyintotheload#kwh,BUNDOORA,0.0,0.05890967,0.0014389817,0.0013963484,0.0
2025-11-05 01:00:00,solar.bun_carm1#realenergyintotheload#kwh,BUNDOORA,0.0,-0.003463585,0.0021958419,0.0021307846,0.0
2025-11-05 02:00:00,solar.bun_carm1#realenergyintotheload#kwh,BUNDOORA,0.0,-0.028814362,0.0021958419,0.0021307846,0.0
2025-11-05 03:00:00,solar.bun_carm1#realenergyintotheload#kwh,BUNDOORA,0.0,-0.0020175427,0.0016709461,0.0016214402,0.0
2025-11-05 04:00:00,solar.bun_carm1#realenergyintotheload#kwh,BUNDOORA,0.0,-0.00074672326,0.0016709461,0.0016214402,0.0
2025-11-05 05:00:00,solar.bun_carm1#realenergyintotheload#kwh,BUNDOORA,0.0,-0.00074672326,0.0016709461,0.0016214402,0.0
2025-11-05 06:00:00,solar.bun_carm1#realenergyintotheload#kwh,BUNDOORA,0.0,0.8697749,0.0016709461,0.0016214402,0.0
2025-11-05 07:00:00,solar.bun_carm1#realenergyintotheload#kwh,BUNDOORA,0.0,0.9580928,2.6969275,2.6170244,35.0
2025-11-05 08:00:00,solar.bun_carm1#realenergyintotheload#kwh,BUNDOORA,0.0,5.1697974,12.715884,12.339145,168.0
2025-11-05 09:00:00,solar.bun_carm1#realenergyintotheload#kwh,BUNDOORA,0.0,24.47665,30.027424,29.137787,381.0
2025-11-05 10:00:00,solar.bun_carm1#realenergyintotheload#kwh,BUNDOORA,0.0,31.651634,31.10218,30.1807,394.0
2025-11-05 11:00:00,solar.bun_carm1#realenergyintotheload#kwh,BUNDOORA,0.0,38.646698,47.34262,45.939976,630.0
2025-11-05 12:00:00,solar.bun_carm1#realenergyintotheload#kwh,BUNDOORA,0.0,49.48071,52.43059,50.877205,718.0
2025-11-05 13:00:00,solar.bun_carm1#realenergyintotheload#kwh,BUNDOORA,0.0,44.583157,49.995007,48.51378,670.0
2025-11-05 14:00:00,solar.bun_carm1#realenergyintotheload#kwh,BUNDOORA,0.0,36.729256,41.898426,40.65708,549.0
2025-11-05 15:00:00,solar.bun_carm1#realenergyintotheload#kwh,BUNDOORA,0.0,41.95079,49.447006,47.982014,656.0
2025-11-05 16:00:00,solar.bun_carm1#realenergyintotheload#kwh,BUNDOORA,0.0,41.183475,35.788116,34.727802,463.0
2025-11-05 17:00:00,solar.bun_carm1#realenergyintotheload#kwh,BUNDOORA,0.0,33.01714,33.565723,32.571255,430.0
2025-11-05 18:00:00,solar.bun_carm1#realenergyintotheload#kwh,BUNDOORA,0.0,20.365192,22.143501,21.487444,283.0
2025-11-05 19:00:00,solar.bun_carm1#realenergyintotheload#kwh,BUNDOORA,0.0,12.149029,10.311966,10.006448,141.0
2025-11-05 20:00:00,solar.bun_carm1#realenergyintotheload#kwh,BUNDOORA,0.0,1.9533687,0.63174784,0.61303073,13.0
2025-11-05 21:00:00,solar.bun_carm1#realenergyintotheload#kwh,BUNDOORA,0.0,0.15336728,0.0025106422,0.0024362581,0.0
2025-11-05 22:00:00,solar.bun_carm1#realenergyintotheload#kwh,BUNDOORA,0.0,0.02453518,0.0020450968,0.0019845057,0.0
2025-11-05 23:00:00,solar.bun_carm1#realenergyintotheload#kwh,BUNDOORA,0.0,0.020354014,0.0020450968,0.0019845057,0.0
2025-11-06 00:00:00,solar.bun_carm1#realenergyintotheload#kwh,BUNDOORA,0.0,0.025974631,0.0020450968,0.0019845057,0.0
2025-11-06 01:00:00,solar.bun_carm1#realenergyintotheload#kwh,BUNDOORA,0.0,0.013564923,0.0020450968,0.0019845057,0.0
2025-11-06 02:00:00,solar.bun_carm1#realenergyintotheload#kwh,BUNDOORA,0.0,0.0064227283,0.0013604376,0.0013201312,0.0
2025-11-06 03:00:00,solar.bun_carm1#realenergyintotheload#kwh,BUNDOORA,0.0,0.0038023915,0.0013604376,0.0013201312,0.0
2025-11-06 04:00:00,solar.bun_carm1#realenergyintotheload#kwh,BUNDOORA,0.0,0.0038023915,0.0013604376,0.0013201312,0.0
2025-11-06 05:00:00,solar.bun_carm1#realenergyintotheload#kwh,BUNDOORA,0.0,0.0038023915,0.0013604376,0.0013201312,0.0
2025-11-06 06:00:00,solar.bun_carm1#realenergyintotheload#kwh,BUNDOORA,0.0,0.13688019,0.0014274743,0.0013851818,0.0
2025-11-06 07:00:00,solar.bun_carm1#realenergyintotheload#kwh,BUNDOORA,0.0,-0.059406552,5.6751122,5.506973,69.0
2025-11-06 08:00:00,solar.bun_carm1#realenergyintotheload#kwh,BUNDOORA,0.0,3.8033097,19.837675,19.249935,271.0
2025-11-06 09:00:00,solar.bun_carm1#realenergyintotheload#kwh,BUNDOORA,0.0,20.902903,37.24323,36.139805,487.0
2025-11-06 10:00:00,solar.bun_carm1#realenergyintotheload#kwh,BUNDOORA,0.0,44.210155,49.77379,48.299114,682.0
2025-11-06 11:00:00,solar.bun_carm1#realenergyintotheload#kwh,BUNDOORA,0.0,56.820374,58.58774,56.851933,845.0
2025-11-06 12:00:00,solar.bun_carm1#realenergyintotheload#kwh,BUNDOORA,0.0,66.5993,64.41861,62.510048,952.0
2025-11-06 13:00:00,solar.bun_carm1#realenergyintotheload#kwh,BUNDOORA,0.0,68.005104,68.5627,66.53136,998.0
2025-11-06 14:00:00,solar.bun_carm1#realenergyintotheload#kwh,BUNDOORA,0.0,68.74259,67.212524,65.22118,977.0
2025-11-06 15:00:00,solar.bun_carm1#realenergyintotheload#kwh,BUNDOORA,0.0,63.60881,62.2055,60.362507,902.0
2025-11-06 16:00:00,solar.bun_carm1#realenergyintotheload#kwh,BUNDOORA,0.0,38.770634,38.588673,37.445385,509.0
2025-11-06 17:00:00,solar.bun_carm1#realenergyintotheload#kwh,BUNDOORA,0.0,22.544481,23.35959,22.667503,297.0
2025-11-06 18:00:00,solar.bun_carm1#realenergyintotheload#kwh,BUNDOORA,0.0,8.732758,10.578063,10.264662,137.0
2025-11-06 19:00:00,solar.bun_carm1#realenergyintotheload#kwh,BUNDOORA,0.0,6.1311173,2.6657767,2.5867965,38.0
2025-11-06 20:00:00,solar.bun_carm1#realenergyintotheload#kwh,BUNDOORA,0.0,1.1819054,0.0833837,0.08091325,4.0
2025-11-06 21:00:00,solar.bun_carm1#realenergyintotheload#kwh,BUNDOORA,0.0,0.31796503,0.0019294155,0.0018722517,0.0
2025-11-06 22:00:00,solar.bun_carm1#realenergyintotheload#kwh,BUNDOORA,0.0,-0.04196516,0.0019777564,0.0019191604,0.0
2025-11-06 23:00:00,solar.bun_carm1#realenergyintotheload#kwh,BUNDOORA,0.0,-0.0004254887,0.0023272082,0.0022582589,0.0
2025-11-07 00:00:00,solar.bun_carm1#realenergyintotheload#kwh,BUNDOORA,0.0,-0.0046690833,0.0023272082,0.0022582589,0.0
2025-11-07 01:00:00,solar.bun_carm1#realenergyintotheload#kwh,BUNDOORA,0.0,0.012928239,0.0021553505,0.0020914928,0.0
2025-11-07 02:00:00,solar.bun_carm1#realenergyintotheload#kwh,BUNDOORA,0.0,0.046955302,0.0021553505,0.0020914928,0.0
2025-11-07 03:00:00,solar.bun_carm1#realenergyintotheload#kwh,BUNDOORA,0.0,-0.024641091,0.0021553505,0.0020914928,0.0
2025-11-07 04:00:00,solar.bun_carm1#realenergyintotheload#kwh,BUNDOORA,0.0,-0.02676203,0.0023272082,0.0022582589,0.0
2025-11-07 05:00:00,solar.bun_carm1#realenergyintotheload#kwh,BUNDOORA,0.0,-0.015542604,0.0020486263,0.0019879306,0.0
2025-11-07 06:00:00,solar.bun_carm1#realenergyintotheload#kwh,BUNDOORA,0.0,0.8575611,0.003128876,0.0030361752,0.0
2025-11-07 07:00:00,solar.bun_carm1#realenergyintotheload#kwh,BUNDOORA,0.0,2.6722994,2.7108567,2.6305408,36.0
2025-11-07 08:00:00,solar.bun_carm1#realenergyintotheload#kwh,BUNDOORA,0.0,17.855654,9.743384,9.454712,127.0
2025-11-07 09:00:00,solar.bun_carm1#realenergyintotheload#kwh,BUNDOORA,0.0,8.675202,5.658936,5.491276,75.0
2025-11-07 10:00:00,solar.bun_carm1#realenergyintotheload#kwh,BUNDOORA,0.0,14.351198,8.817517,8.556276,115.0
2025-11-07 11:00:00,solar.bun_carm1#realenergyintotheload#kwh,BUNDOORA,0.0,13.145753,10.348087,10.041499,134.0
2025-11-07 12:00:00,solar.bun_carm1#realenergyintotheload#kwh,BUNDOORA,0.0,18.44001,16.420973,15.934461,213.0
2025-11-07 13:00:00,solar.bun_carm1#realenergyintotheload#kwh,BUNDOORA,0.0,25.770838,19.568571,18.988804,251.0
2025-11-07 14:00:00,solar.bun_carm1#realenergyintotheload#kwh,BUNDOORA,0.0,35.760426,41.21441,39.99333,547.0
2025-11-07 15:00:00,solar.bun_carm1#realenergyintotheload#kwh,BUNDOORA,0.0,14.286221,11.039293,10.712227,140.0
2025-11-07 16:00:00,solar.bun_carm1#realenergyintotheload#kwh,BUNDOORA,0.0,13.848498,8.925622,8.661178,114.0
2025-11-07 17:00:00,solar.bun_carm1#realenergyintotheload#kwh,BUNDOORA,0.0,8.004405,3.0397658,2.9497051,40.0
2025-11-07 18:00:00,solar.bun_carm1#realenergyintotheload#kwh,BUNDOORA,0.0,5.857519,3.6283462,3.5208473,51.0
2025-11-07 19:00:00,solar.bun_carm1#realenergyintotheload#kwh,BUNDOORA,0.0,5.6185303,1.4614426,1.4181437,24.0
2025-11-07 20:00:00,solar.bun_carm1#realenergyintotheload#kwh,BUNDOORA,0.0,1.9439566,0.013237996,0.012845787,3.0
2025-11-07 21:00:00,solar.bun_carm1#realenergyintotheload#kwh,BUNDOORA,0.0,0.26651677,0.0021012733,0.0020390179,0.0
2025-11-07 22:00:00,solar.bun_carm1#realenergyintotheload#kwh,BUNDOORA,0.0,-0.020029366,0.002615159,0.0025376782,0.0
2025-11-07 23:00:00,solar.bun_carm1#realenergyintotheload#kwh,BUNDOORA,0.0,0.10425802,0.0021831417,0.0021184606,0.0
2025-11-08 00:00:00,solar.bun_carm1#realenergyintotheload#kwh,BUNDOORA,0.0,0.030117428,0.0024317068,0.0023596613,0.0
2025-11-08 01:00:00,solar.bun_carm1#realenergyintotheload#kwh,BUNDOORA,0.0,-0.020647213,0.0028685026,0.002783516,0.0
2025-11-08 02:00:00,solar.bun_carm1#realenergyintotheload#kwh,BUNDOORA,0.0,0.004834531,0.0032351844,0.003139334,0.0
2025-11-08 03:00:00,solar.bun_carm1#realenergyintotheload#kwh,BUNDOORA,0.0,0.07190802,0.003462825,0.00336023,0.0
2025-11-08 04:00:00,solar.bun_carm1#realenergyintotheload#kwh,BUNDOORA,0.0,0.11773891,0.0026332315,0.0025552155,0.0
2025-11-08 05:00:00,solar.bun_carm1#realenergyintotheload#kwh,BUNDOORA,0.0,0.02339011,0.0024566876,0.0023839022,0.0
2025-11-08 06:00:00,solar.bun_carm1#realenergyintotheload#kwh,BUNDOORA,0.0,0.3171345,0.003071914,0.002980901,0.0
2025-11-08 07:00:00,solar.bun_carm1#realenergyintotheload#kwh,BUNDOORA,0.0,-0.39721942,2.7304401,2.649544,36.0
2025-11-08 08:00:00,solar.bun_carm1#realenergyintotheload#kwh,BUNDOORA,0.0,0.08308105,7.855991,7.6232376,104.0
2025-11-08 09:00:00,solar.bun_carm1#realenergyintotheload#kwh,BUNDOORA,0.0,8.145411,10.160884,9.859842,129.0
2025-11-08 10:00:00,solar.bun_carm1#realenergyintotheload#kwh,BUNDOORA,0.0,8.456005,11.155379,10.824873,144.0
2025-11-08 11:00:00,solar.bun_carm1#realenergyintotheload#kwh,BUNDOORA,0.0,8.841992,10.2105665,9.908053,130.0
2025-11-08 12:00:00,solar.bun_carm1#realenergyintotheload#kwh,BUNDOORA,0.0,8.116926,11.589747,11.246372,148.0
2025-11-08 13:00:00,solar.bun_carm1#realenergyintotheload#kwh,BUNDOORA,0.0,13.616732,15.68519,15.220477,200.0
2025-11-08 14:00:00,solar.bun_carm1#realenergyintotheload#kwh,BUNDOORA,0.0,11.918833,14.369293,13.943567,189.0
2025-11-08 15:00:00,solar.bun_carm1#realenergyintotheload#kwh,BUNDOORA,0.0,11.914814,14.825297,14.386061,194.0
2025-11-08 16:00:00,solar.bun_carm1#realenergyintotheload#kwh,BUNDOORA,0.0,8.112061,9.099335,8.829744,117.0
2025-11-08 17:00:00,solar.bun_carm1#realenergyintotheload#kwh,BUNDOORA,0.0,8.151938,9.006434,8.739596,116.0
2025-11-08 18:00:00,solar.bun_carm1#realenergyintotheload#kwh,BUNDOORA,0.0,5.4479804,4.3724747,4.242929,59.0
2025-11-08 19:00:00,solar.bun_carm1#realenergyintotheload#kwh,BUNDOORA,0.0,4.3455486,2.6537838,2.5751588,35.0
2025-11-08 20:00:00,solar.bun_carm1#realenergyintotheload#kwh,BUNDOORA,0.0,0.48656368,0.44156426,0.42848182,9.0
2025-11-08 21:00:00,solar.bun_carm1#realenergyintotheload#kwh,BUNDOORA,0.0,0.069202706,0.00091408606,0.00088700396,0.0
2025-11-08 22:00:00,solar.bun_carm1#realenergyintotheload#kwh,BUNDOORA,0.0,0.012886662,0.00091408606,0.00088700396,0.0
2025-11-08 23:00:00,solar.bun_carm1#realenergyintotheload#kwh,BUNDOORA,0.0,0.00977034,0.00066552084,0.0006458031,0.0
2025-11-09 00:00:00,solar.bun_carm1#realenergyintotheload#kwh,BUNDOORA,0.0,0.0112845795,0.0009441027,0.0009161313,0.0
2025-11-09 01:00:00,solar.bun_carm1#realenergyintotheload#kwh,BUNDOORA,0.0,0.011090009,0.0016039095,0.0015563897,0.0
2025-11-09 02:00:00,solar.bun_carm1#realenergyintotheload#kwh,BUNDOORA,0.0,0.018386755,0.0016709461,0.0016214402,0.0
2025-11-09 03:00:00,solar.bun_carm1#realenergyintotheload#kwh,BUNDOORA,0.0,-0.0023488067,0.0014223809,0.0013802393,0.0
2025-11-09 04:00:00,solar.bun_carm1#realenergyintotheload#kwh,BUNDOORA,0.0,-0.0021685855,0.0014223809,0.0013802393,0.0
2025-11-09 05:00:00,solar.bun_carm1#realenergyintotheload#kwh,BUNDOORA,0.0,0.023662541,0.0020053862,0.0019459716,0.0
2025-11-09 06:00:00,solar.bun_carm1#realenergyintotheload#kwh,BUNDOORA,0.0,0.6064075,0.0020053862,0.0019459716,0.0
2025-11-09 07:00:00,solar.bun_carm1#realenergyintotheload#kwh,BUNDOORA,0.0,-0.0014609639,2.362154,2.2921693,34.0
2025-11-09 08:00:00,solar.bun_carm1#realenergyintotheload#kwh,BUNDOORA,0.0,3.211192,9.851657,9.559777,127.0
2025-11-09 09:00:00,solar.bun_carm1#realenergyintotheload#kwh,BUNDOORA,0.0,15.337511,19.58451,19.00427,242.0
2025-11-09 10:00:00,solar.bun_carm1#realenergyintotheload#kwh,BUNDOORA,0.0,13.623885,24.244009,23.525719,305.0
2025-11-09 11:00:00,solar.bun_carm1#realenergyintotheload#kwh,BUNDOORA,0.0,33.89013,45.49493,44.14703,599.0
2025-11-09 12:00:00,solar.bun_carm1#realenergyintotheload#kwh,BUNDOORA,0.0,38.937588,51.483456,49.95813,684.0
2025-11-09 13:00:00,solar.bun_carm1#realenergyintotheload#kwh,BUNDOORA,0.0,53.683334,62.58579,60.73153,884.0
2025-11-09 14:00:00,solar.bun_carm1#realenergyintotheload#kwh,BUNDOORA,0.0,42.13821,57.111275,55.41921,777.0
2025-11-09 15:00:00,solar.bun_carm1#realenergyintotheload#kwh,BUNDOORA,0.0,40.619953,51.037575,49.52546,684.0
2025-11-09 16:00:00,solar.bun_carm1#realenergyintotheload#kwh,BUNDOORA,0.0,27.908663,29.193926,28.328983,364.0
2025-11-09 17:00:00,solar.bun_carm1#realenergyintotheload#kwh,BUNDOORA,0.0,20.218077,16.71267,16.217514,212.0
2025-11-09 18:00:00,solar.bun_carm1#realenergyintotheload#kwh,BUNDOORA,0.0,22.077763,19.644133,19.062126,250.0
2025-11-09 19:00:00,solar.bun_carm1#realenergyintotheload#kwh,BUNDOORA,0.0,12.195992,6.403215,6.213504,86.0
2025-11-09 20:00:00,solar.bun_carm1#realenergyintotheload#kwh,BUNDOORA,0.0,2.2454276,0.51387644,0.49865156,11.0
2025-11-09 21:00:00,solar.bun_carm1#realenergyintotheload#kwh,BUNDOORA,0.0,0.3022469,0.0015300922,0.0014847594,0.0
2025-11-09 22:00:00,solar.bun_carm1#realenergyintotheload#kwh,BUNDOORA,0.0,0.034316506,0.000916782,0.00088962005,0.0
2025-11-09 23:00:00,solar.bun_carm1#realenergyintotheload#kwh,BUNDOORA,0.0,0.02348163,0.0014274743,0.0013851818,0.0
2025-11-10 00:00:00,solar.bun_carm1#realenergyintotheload#kwh,BUNDOORA,0.0,0.019524628,0.0014274743,0.0013851818,0.0
2025-11-10 01:00:00,solar.bun_carm1#realenergyintotheload#kwh,BUNDOORA,0.0,0.0030723982,0.0021447968,0.0020812517,0.0
2025-11-10 02:00:00,solar.bun_carm1#realenergyintotheload#kwh,BUNDOORA,0.0,0.019565247,0.0014274743,0.0013851818,0.0
2025-11-10 03:00:00,solar.bun_carm1#realenergyintotheload#kwh,BUNDOORA,0.0,0.019565247,0.0014274743,0.0013851818,0.0
2025-11-10 04:00:00,solar.bun_carm1#realenergyintotheload#kwh,BUNDOORA,0.0,0.019565247,0.0014274743,0.0013851818,0.0
2025-11-10 05:00:00,solar.bun_carm1#realenergyintotheload#kwh,BUNDOORA,0.0,0.044560127,0.0014274743,0.0013851818,0.0
2025-11-10 06:00:00,solar.bun_carm1#realenergyintotheload#kwh,BUNDOORA,0.0,0.24704581,0.0014274743,0.0013851818,0.0
2025-11-10 07:00:00,solar.bun_carm1#realenergyintotheload#kwh,BUNDOORA,0.0,0.80351937,3.3045094,3.206605,46.0
2025-11-10 08:00:00,solar.bun_carm1#realenergyintotheload#kwh,BUNDOORA,0.0,4.314994,13.282676,12.889143,174.0
2025-11-10 09:00:00,solar.bun_carm1#realenergyintotheload#kwh,BUNDOORA,0.0,19.579397,23.36859,22.676237,290.0
2025-11-10 10:00:00,solar.bun_carm1#realenergyintotheload#kwh,BUNDOORA,0.0,31.583416,29.532814,28.657831,376.0
2025-11-10 11:00:00,solar.bun_carm1#realenergyintotheload#kwh,BUNDOORA,0.0,28.888544,30.093193,29.201607,384.0
2025-11-10 12:00:00,solar.bun_carm1#realenergyintotheload#kwh,BUNDOORA,0.0,26.340036,21.71577,21.072386,284.0
2025-11-10 13:00:00,solar.bun_carm1#realenergyintotheload#kwh,BUNDOORA,0.0,16.422342,12.793159,12.414129,161.0
2025-11-10 14:00:00,solar.bun_carm1#realenergyintotheload#kwh,BUNDOORA,0.0,7.181202,6.894551,6.6902823,92.0
2025-11-10 15:00:00,solar.bun_carm1#realenergyintotheload#kwh,BUNDOORA,0.0,12.583136,9.625544,9.340363,120.0
2025-11-10 16:00:00,solar.bun_carm1#realenergyintotheload#kwh,BUNDOORA,0.0,21.13954,14.537459,14.1067505,189.0
2025-11-10 17:00:00,solar.bun_carm1#realenergyintotheload#kwh,BUNDOORA,0.0,36.513542,36.92258,35.828655,482.0
2025-11-10 18:00:00,solar.bun_carm1#realenergyintotheload#kwh,BUNDOORA,0.0,7.281902,6.6181216,6.4220433,87.0
2025-11-10 19:00:00,solar.bun_carm1#realenergyintotheload#kwh,BUNDOORA,0.0,7.0771213,2.8946211,2.8088608,40.0
2025-11-10 20:00:00,solar.bun_carm1#realenergyintotheload#kwh,BUNDOORA,0.0,2.7528574,0.44536498,0.43216994,10.0
2025-11-10 21:00:00,solar.bun_carm1#realenergyintotheload#kwh,BUNDOORA,0.0,0.6370765,0.0015487117,0.0015028273,0.0
2025-11-10 22:00:00,solar.bun_carm1#realenergyintotheload#kwh,BUNDOORA,0.0,0.052609775,0.0016964765,0.0016462142,0.0
2025-11-10 23:00:00,solar.bun_carm1#realenergyintotheload#kwh,BUNDOORA,0.0,-0.02229615,0.0016964765,0.0016462142,0.0
2025-11-11 00:00:00,solar.bun_carm1#realenergyintotheload#kwh,BUNDOORA,0.0,-0.021603167,0.002163938,0.002099826,0.0
2025-11-11 01:00:00,solar.bun_carm1#realenergyintotheload#kwh,BUNDOORA,0.0,0.005877763,0.002163938,0.002099826,0.0
2025-11-11 02:00:00,solar.bun_carm1#realenergyintotheload#kwh,BUNDOORA,0.0,0.00253862,0.002163938,0.002099826,0.0
2025-11-11 03:00:00,solar.bun_carm1#realenergyintotheload#kwh,BUNDOORA,0.0,0.0022541569,0.0015344047,0.0014889442,0.0
2025-11-11 04:00:00,solar.bun_carm1#realenergyintotheload#kwh,BUNDOORA,0.0,0.0017863978,0.0012831432,0.0012451268,0.0
2025-11-11 05:00:00,solar.bun_carm1#realenergyintotheload#kwh,BUNDOORA,0.0,0.018705595,0.00091408606,0.00088700396,0.0
2025-11-11 06:00:00,solar.bun_carm1#realenergyintotheload#kwh,BUNDOORA,0.0,0.5397213,0.00091408606,0.00088700396,0.0
2025-11-11 07:00:00,solar.bun_carm1#realenergyintotheload#kwh,BUNDOORA,0.0,0.74911356,1.7641182,1.7118518,27.0
2025-11-11 08:00:00,solar.bun_carm1#realenergyintotheload#kwh,BUNDOORA,0.0,5.8119016,4.87802,4.733496,65.0
2025-11-11 09:00:00,solar.bun_carm1#realenergyintotheload#kwh,BUNDOORA,0.0,11.343493,10.749554,10.431071,137.0
2025-11-11 10:00:00,solar.bun_carm1#realenergyintotheload#kwh,BUNDOORA,0.0,26.465559,31.068024,30.147556,395.0
2025-11-11 11:00:00,solar.bun_carm1#realenergyintotheload#kwh,BUNDOORA,0.0,30.595388,43.04146,41.766247,562.0
2025-11-11 12:00:00,solar.bun_carm1#realenergyintotheload#kwh,BUNDOORA,0.0,14.094178,13.90033,13.488498,179.0
2025-11-11 13:00:00,solar.bun_carm1#realenergyintotheload#kwh,BUNDOORA,0.0,52.707863,63.986122,62.090374,955.0
2025-11-11 14:00:00,solar.bun_carm1#realenergyintotheload#kwh,BUNDOORA,0.0,38.98779,57.822105,56.108982,799.0
2025-11-11 15:00:00,solar.bun_carm1#realenergyintotheload#kwh,BUNDOORA,0.0,46.848984,57.961502,56.244247,802.0
2025-11-11 16:00:00,solar.bun_carm1#realenergyintotheload#kwh,BUNDOORA,0.0,32.613678,28.534388,27.688986,351.0
2025-11-11 17:00:00,solar.bun_carm1#realenergyintotheload#kwh,BUNDOORA,0.0,38.95191,42.41231,41.15574,558.0
2025-11-11 18:00:00,solar.bun_carm1#realenergyintotheload#kwh,BUNDOORA,0.0,25.466883,25.829233,25.063978,329.0
2025-11-11 19:00:00,solar.bun_carm1#realenergyintotheload#kwh,BUNDOORA,0.0,8.710228,7.284427,7.068608,98.0
2025-11-11 20:00:00,solar.bun_carm1#realenergyintotheload#kwh,BUNDOORA,0.0,6.074083,1.4573045,1.4141282,23.0
2025-11-11 21:00:00,solar.bun_carm1#realenergyintotheload#kwh,BUNDOORA,0.0,0.32092664,0.0018259832,0.0017718838,0.0
2025-11-11 22:00:00,solar.bun_carm1#realenergyintotheload#kwh,BUNDOORA,0.0,0.0150142135,0.0013604376,0.0013201312,0.0
2025-11-11 23:00:00,solar.bun_carm1#realenergyintotheload#kwh,BUNDOORA,0.0,-0.012369349,0.0013604376,0.0013201312,0.0
2025-11-12 00:00:00,solar.bun_carm1#realenergyintotheload#kwh,BUNDOORA,0.0,-0.011696183,0.0013604376,0.0013201312,0.0
2025-11-12 01:00:00,solar.bun_carm1#realenergyintotheload#kwh,BUNDOORA,0.0,-0.012035844,0.0013604376,0.0013201312,0.0
2025-11-12 02:00:00,solar.bun_carm1#realenergyintotheload#kwh,BUNDOORA,0.0,-0.012035844,0.0013604376,0.0013201312,0.0
2025-11-12 03:00:00,solar.bun_carm1#realenergyintotheload#kwh,BUNDOORA,0.0,-0.0072037643,0.0013604376,0.0013201312,0.0
2025-11-12 04:00:00,solar.bun_carm1#realenergyintotheload#kwh,BUNDOORA,0.0,-0.0072037643,0.0013604376,0.0013201312,0.0
2025-11-12 05:00:00,solar.bun_carm1#realenergyintotheload#kwh,BUNDOORA,0.0,-0.0025570726,0.0013604376,0.0013201312,0.0
2025-11-12 06:00:00,solar.bun_carm1#realenergyintotheload#kwh,BUNDOORA,0.0,0.15769352,0.0013604376,0.0013201312,0.0
2025-11-12 07:00:00,solar.bun_carm1#realenergyintotheload#kwh,BUNDOORA,0.0,0.07365114,6.188203,6.004862,83.0
2025-11-12 08:00:00,solar.bun_carm1#realenergyintotheload#kwh,BUNDOORA,0.0,8.307522,19.84854,19.260477,266.0
2025-11-12 09:00:00,solar.bun_carm1#realenergyintotheload#kwh,BUNDOORA,0.0,33.431522,36.71445,35.626694,477.0
2025-11-12 10:00:00,solar.bun_carm1#realenergyintotheload#kwh,BUNDOORA,0.0,37.97277,48.80625,47.360245,647.0
2025-11-12 11:00:00,solar.bun_carm1#realenergyintotheload#kwh,BUNDOORA,0.0,36.751842,28.449738,27.606842,356.0
2025-11-12 12:00:00,solar.bun_carm1#realenergyintotheload#kwh,BUNDOORA,0.0,41.202282,38.857006,37.70577,504.0
2025-11-12 13:00:00,solar.bun_carm1#realenergyintotheload#kwh,BUNDOORA,0.0,43.122295,38.16784,37.03702,496.0
2025-11-12 14:00:00,solar.bun_carm1#realenergyintotheload#kwh,BUNDOORA,0.0,38.831547,38.82236,37.67215,505.0
2025-11-12 15:00:00,solar.bun_carm1#realenergyintotheload#kwh,BUNDOORA,0.0,33.95126,28.11576,27.28276,356.0
2025-11-12 16:00:00,solar.bun_carm1#realenergyintotheload#kwh,BUNDOORA,0.0,14.122246,13.467244,13.068243,172.0
2025-11-12 17:00:00,solar.bun_carm1#realenergyintotheload#kwh,BUNDOORA,0.0,30.262775,26.234097,25.456846,331.0
2025-11-12 18:00:00,solar.bun_carm1#realenergyintotheload#kwh,BUNDOORA,0.0,17.087154,23.670847,22.96954,299.0
2025-11-12 19:00:00,solar.bun_carm1#realenergyintotheload#kwh,BUNDOORA,0.0,10.085081,8.26772,8.022768,109.0
2025-11-12 20:00:00,solar.bun_carm1#realenergyintotheload#kwh,BUNDOORA,0.0,5.502498,1.634384,1.5859613,26.0
2025-11-12 21:00:00,solar.bun_carm1#realenergyintotheload#kwh,BUNDOORA,0.0,0.60160923,0.0013791334,0.0013382732,0.0
2025-11-12 22:00:00,solar.bun_carm1#realenergyintotheload#kwh,BUNDOORA,0.0,-0.09073142,0.0013120968,0.0012732227,0.0
2025-11-12 23:00:00,solar.bun_carm1#realenergyintotheload#kwh,BUNDOORA,0.0,-0.032964773,0.0013791334,0.0013382732,0.0
2025-11-13 00:00:00,solar.bun_carm1#realenergyintotheload#kwh,BUNDOORA,0.0,-0.17359182,0.0005622828,0.00054562377,0.0
2025-11-13 01:00:00,solar.bun_carm1#realenergyintotheload#kwh,BUNDOORA,0.0,-0.1313141,0.0013120968,0.0012732227,0.0
2025-11-13 02:00:00,solar.bun_carm1#realenergyintotheload#kwh,BUNDOORA,0.0,-0.00067826913,0.0013791334,0.0013382732,0.0
2025-11-13 03:00:00,solar.bun_carm1#realenergyintotheload#kwh,BUNDOORA,0.0,-0.19386609,0.001939143,0.001881691,0.0
2025-11-13 04:00:00,solar.bun_carm1#realenergyintotheload#kwh,BUNDOORA,0.0,0.04376691,0.0022223254,0.0021564835,0.0
2025-11-13 05:00:00,solar.bun_carm1#realenergyintotheload#kwh,BUNDOORA,0.0,-0.25184736,0.0015555687,0.001509481,0.0
2025-11-13 06:00:00,solar.bun_carm1#realenergyintotheload#kwh,BUNDOORA,0.0,0.49345985,0.00091250194,0.0008854668,0.0
2025-11-13 07:00:00,solar.bun_carm1#realenergyintotheload#kwh,BUNDOORA,0.0,4.249244,6.755328,6.555185,91.0
2025-11-13 08:00:00,solar.bun_carm1#realenergyintotheload#kwh,BUNDOORA,0.0,18.110533,21.742912,21.098724,295.0
2025-11-13 09:00:00,solar.bun_carm1#realenergyintotheload#kwh,BUNDOORA,0.0,38.20556,37.558456,36.445694,514.0
2025-11-13 10:00:00,solar.bun_carm1#realenergyintotheload#kwh,BUNDOORA,0.0,53.573692,51.12174,49.60713,711.0
2025-11-13 11:00:00,solar.bun_carm1#realenergyintotheload#kwh,BUNDOORA,0.0,50.88771,51.529446,50.002758,701.0
2025-11-13 12:00:00,solar.bun_carm1#realenergyintotheload#kwh,BUNDOORA,0.0,51.71784,52.37027,50.81867,714.0
2025-11-13 13:00:00,solar.bun_carm1#realenergyintotheload#kwh,BUNDOORA,0.0,59.86358,56.969627,55.28176,802.0
2025-11-13 14:00:00,solar.bun_carm1#realenergyintotheload#kwh,BUNDOORA,0.0,58.728603,59.610485,57.844376,843.0
2025-11-13 15:00:00,solar.bun_carm1#realenergyintotheload#kwh,BUNDOORA,0.0,61.289253,61.575794,59.751457,882.0
2025-11-13 16:00:00,solar.bun_carm1#realenergyintotheload#kwh,BUNDOORA,0.0,60.073483,57.823975,56.110794,806.0
2025-11-13 17:00:00,solar.bun_carm1#realenergyintotheload#kwh,BUNDOORA,0.0,48.34714,46.517826,45.139618,625.0
2025-11-13 18:00:00,solar.bun_carm1#realenergyintotheload#kwh,BUNDOORA,0.0,27.747002,29.704687,28.824612,398.0
2025-11-13 19:00:00,solar.bun_carm1#realenergyintotheload#kwh,BUNDOORA,0.0,16.721401,14.292795,13.869335,194.0
2025-11-13 20:00:00,solar.bun_carm1#realenergyintotheload#kwh,BUNDOORA,0.0,2.319167,0.7798412,0.75673646,14.0
2025-11-13 21:00:00,solar.bun_carm1#realenergyintotheload#kwh,BUNDOORA,0.0,0.97301865,0.0029181018,0.0028316458,0.0
2025-11-13 22:00:00,solar.bun_carm1#realenergyintotheload#kwh,BUNDOORA,0.0,0.10836093,0.00263492,0.002556854,0.0
2025-11-13 23:00:00,solar.bun_carm1#realenergyintotheload#kwh,BUNDOORA,0.0,0.008783134,0.002762419,0.0026805755,0.0
2025-11-14 00:00:00,solar.bun_carm1#realenergyintotheload#kwh,BUNDOORA,0.0,0.0063120816,0.0015344047,0.0014889442,0.0
2025-11-14 01:00:00,solar.bun_carm1#realenergyintotheload#kwh,BUNDOORA,0.0,0.0028920262,0.0015344047,0.0014889442,0.0
2025-11-14 02:00:00,solar.bun_carm1#realenergyintotheload#kwh,BUNDOORA,0.0,0.0048627853,0.0016821693,0.0016323308,0.0
2025-11-14 03:00:00,solar.bun_carm1#realenergyintotheload#kwh,BUNDOORA,0.0,0.0048627853,0.0021447968,0.0020812517,0.0
2025-11-14 04:00:00,solar.bun_carm1#realenergyintotheload#kwh,BUNDOORA,0.0,0.0046376158,0.0021447968,0.0020812517,0.0
2025-11-14 05:00:00,solar.bun_carm1#realenergyintotheload#kwh,BUNDOORA,0.0,0.028732019,0.0021447968,0.0020812517,0.0
2025-11-14 06:00:00,solar.bun_carm1#realenergyintotheload#kwh,BUNDOORA,0.0,0.97488046,0.0021447968,0.0020812517,0.0
2025-11-14 07:00:00,solar.bun_carm1#realenergyintotheload#kwh,BUNDOORA,0.0,3.01551,3.644865,3.5368767,52.0
2025-11-14 08:00:00,solar.bun_carm1#realenergyintotheload#kwh,BUNDOORA,0.0,15.122537,21.827574,21.180878,290.0
2025-11-14 09:00:00,solar.bun_carm1#realenergyintotheload#kwh,BUNDOORA,0.0,37.176846,38.726498,37.57913,511.0
2025-11-14 10:00:00,solar.bun_carm1#realenergyintotheload#kwh,BUNDOORA,0.0,41.6661,52.82173,51.256756,714.0
2025-11-14 11:00:00,solar.bun_carm1#realenergyintotheload#kwh,BUNDOORA,0.0,56.001896,62.282887,60.4376,873.0
2025-11-14 12:00:00,solar.bun_carm1#realenergyintotheload#kwh,BUNDOORA,0.0,58.61469,68.14969,66.130585,986.0
2025-11-14 13:00:00,solar.bun_carm1#realenergyintotheload#kwh,BUNDOORA,0.0,67.13203,68.98608,66.94219,1040.0
2025-11-14 14:00:00,solar.bun_carm1#realenergyintotheload#kwh,BUNDOORA,0.0,70.052536,68.77561,66.73796,1026.0
2025-11-14 15:00:00,solar.bun_carm1#realenergyintotheload#kwh,BUNDOORA,0.0,66.26558,65.147606,63.217445,948.0
2025-11-14 16:00:00,solar.bun_carm1#realenergyintotheload#kwh,BUNDOORA,0.0,61.541565,57.478138,55.775204,812.0
2025-11-14 17:00:00,solar.bun_carm1#realenergyintotheload#kwh,BUNDOORA,0.0,47.018715,46.419243,45.043957,630.0
2025-11-14 18:00:00,solar.bun_carm1#realenergyintotheload#kwh,BUNDOORA,0.0,36.340027,31.530445,30.596277,423.0
2025-11-14 19:00:00,solar.bun_carm1#realenergyintotheload#kwh,BUNDOORA,0.0,15.398417,12.917999,12.535272,174.0
2025-11-14 20:00:00,solar.bun_carm1#realenergyintotheload#kwh,BUNDOORA,0.0,2.0836022,0.37377846,0.36270434,8.0
2025-11-14 21:00:00,solar.bun_carm1#realenergyintotheload#kwh,BUNDOORA,0.0,0.27452457,0.00289403,0.002808287,0.0
2025-11-14 22:00:00,solar.bun_carm1#realenergyintotheload#kwh,BUNDOORA,0.0,0.040441588,0.0018930198,0.0018369344,0.0
2025-11-14 23:00:00,solar.bun_carm1#realenergyintotheload#kwh,BUNDOORA,0.0,0.0040456476,0.0010645466,0.0010330068,0.0
2025-11-15 00:00:00,solar.bun_carm1#realenergyintotheload#kwh,BUNDOORA,0.0,0.012458111,0.0016411288,0.0015925063,0.0
2025-11-15 01:00:00,solar.bun_carm1#realenergyintotheload#kwh,BUNDOORA,0.0,0.010487348,0.0018129866,0.0017592723,0.0
2025-11-15 02:00:00,solar.bun_carm1#realenergyintotheload#kwh,BUNDOORA,0.0,0.0043562194,0.0015344047,0.0014889442,0.0
2025-11-15 03:00:00,solar.bun_carm1#realenergyintotheload#kwh,BUNDOORA,0.0,-0.003364824,0.0015344047,0.0014889442,0.0
2025-11-15 04:00:00,solar.bun_carm1#realenergyintotheload#kwh,BUNDOORA,0.0,-0.005639719,0.0018129866,0.0017592723,0.0
2025-11-15 05:00:00,solar.bun_carm1#realenergyintotheload#kwh,BUNDOORA,0.0,0.036751423,0.002163938,0.002099826,0.0
2025-11-15 06:00:00,solar.bun_carm1#realenergyintotheload#kwh,BUNDOORA,0.0,0.7766458,0.0024425199,0.002370154,0.0
2025-11-15 07:00:00,solar.bun_carm1#realenergyintotheload#kwh,BUNDOORA,0.0,-0.00058223255,3.40317,3.3023427,45.0
2025-11-15 08:00:00,solar.bun_carm1#realenergyintotheload#kwh,BUNDOORA,0.0,2.4249709,20.078722,19.483839,269.0
2025-11-15 09:00:00,solar.bun_carm1#realenergyintotheload#kwh,BUNDOORA,0.0,18.362837,37.48614,36.37552,495.0
2025-11-15 10:00:00,solar.bun_carm1#realenergyintotheload#kwh,BUNDOORA,0.0,43.67985,50.471497,48.97615,691.0
2025-11-15 11:00:00,solar.bun_carm1#realenergyintotheload#kwh,BUNDOORA,0.0,60.037724,59.838783,58.06591,850.0
2025-11-15 12:00:00,solar.bun_carm1#realenergyintotheload#kwh,BUNDOORA,0.0,59.59401,62.232735,60.388935,905.0
2025-11-15 13:00:00,solar.bun_carm1#realenergyintotheload#kwh,BUNDOORA,0.0,51.311462,55.783997,54.131256,770.0
2025-11-15 14:00:00,solar.bun_carm1#realenergyintotheload#kwh,BUNDOORA,0.0,39.88824,43.96671,42.664085,591.0
2025-11-15 15:00:00,solar.bun_carm1#realenergyintotheload#kwh,BUNDOORA,0.0,39.38814,42.621647,41.358875,568.0
2025-11-15 16:00:00,solar.bun_carm1#realenergyintotheload#kwh,BUNDOORA,0.0,36.139248,31.553804,30.618944,403.0
2025-11-15 17:00:00,solar.bun_carm1#realenergyintotheload#kwh,BUNDOORA,0.0,28.270409,24.025625,23.313807,301.0
2025-11-15 18:00:00,solar.bun_carm1#realenergyintotheload#kwh,BUNDOORA,0.0,17.863691,14.358511,13.9331045,181.0
2025-11-15 19:00:00,solar.bun_carm1#realenergyintotheload#kwh,BUNDOORA,0.0,16.416607,8.03891,7.800737,108.0
2025-11-15 20:00:00,solar.bun_carm1#realenergyintotheload#kwh,BUNDOORA,0.0,6.9279914,1.2989484,1.2604638,20.0
2025-11-15 21:00:00,solar.bun_carm1#realenergyintotheload#kwh,BUNDOORA,0.0,2.35327,0.0022359472,0.0021697017,0.0
2025-11-15 22:00:00,solar.bun_carm1#realenergyintotheload#kwh,BUNDOORA,0.0,0.09569651,0.0022359472,0.0021697017,0.0
2025-11-15 23:00:00,solar.bun_carm1#realenergyintotheload#kwh,BUNDOORA,0.0,0.06480946,0.0022359472,0.0021697017,0.0
2025-11-16 00:00:00,solar.bun_carm1#realenergyintotheload#kwh,BUNDOORA,0.0,-0.02229615,0.0022359472,0.0021697017,0.0
2025-11-16 01:00:00,solar.bun_carm1#realenergyintotheload#kwh,BUNDOORA,0.0,-0.02229615,0.0022359472,0.0021697017,0.0
2025-11-16 02:00:00,solar.bun_carm1#realenergyintotheload#kwh,BUNDOORA,0.0,-0.014856432,0.0018730203,0.0018175275,0.0
2025-11-16 03:00:00,solar.bun_carm1#realenergyintotheload#kwh,BUNDOORA,0.0,-0.02008893,0.0017252555,0.0016741405,0.0
2025-11-16 04:00:00,solar.bun_carm1#realenergyintotheload#kwh,BUNDOORA,0.0,-0.021603167,0.0018730203,0.0018175275,0.0
2025-11-16 05:00:00,solar.bun_carm1#realenergyintotheload#kwh,BUNDOORA,0.0,-0.021563618,0.0017252555,0.0016741405,0.0
2025-11-16 06:00:00,solar.bun_carm1#realenergyintotheload#kwh,BUNDOORA,0.0,0.4216533,0.0020486263,0.0019879306,0.0
2025-11-16 07:00:00,solar.bun_carm1#realenergyintotheload#kwh,BUNDOORA,0.0,0.289913,2.7898023,2.7071474,39.0
2025-11-16 08:00:00,solar.bun_carm1#realenergyintotheload#kwh,BUNDOORA,0.0,0.7367057,8.414494,8.165194,109.0
2025-11-16 09:00:00,solar.bun_carm1#realenergyintotheload#kwh,BUNDOORA,0.0,9.823227,9.642393,9.356713,124.0
2025-11-16 10:00:00,solar.bun_carm1#realenergyintotheload#kwh,BUNDOORA,0.0,25.923515,33.366367,32.377804,424.0
2025-11-16 11:00:00,solar.bun_carm1#realenergyintotheload#kwh,BUNDOORA,0.0,36.37973,36.981377,35.88571,476.0
2025-11-16 12:00:00,solar.bun_carm1#realenergyintotheload#kwh,BUNDOORA,0.0,14.37032,10.970394,10.645369,143.0
2025-11-16 13:00:00,solar.bun_carm1#realenergyintotheload#kwh,BUNDOORA,0.0,35.253956,26.599457,25.81138,341.0
2025-11-16 14:00:00,solar.bun_carm1#realenergyintotheload#kwh,BUNDOORA,0.0,37.34743,41.134514,39.915802,543.0
2025-11-16 15:00:00,solar.bun_carm1#realenergyintotheload#kwh,BUNDOORA,0.0,42.003662,46.358017,44.984543,620.0
2025-11-16 16:00:00,solar.bun_carm1#realenergyintotheload#kwh,BUNDOORA,0.0,27.794724,21.081518,20.456926,268.0
2025-11-16 17:00:00,solar.bun_carm1#realenergyintotheload#kwh,BUNDOORA,0.0,32.416412,27.607141,26.789211,347.0
2025-11-16 18:00:00,solar.bun_carm1#realenergyintotheload#kwh,BUNDOORA,0.0,12.8994875,13.915137,13.502867,178.0
2025-11-16 19:00:00,solar.bun_carm1#realenergyintotheload#kwh,BUNDOORA,0.0,5.4443836,3.457736,3.3552918,48.0
2025-11-16 20:00:00,solar.bun_carm1#realenergyintotheload#kwh,BUNDOORA,0.0,5.3406334,0.45479482,0.4413204,9.0
2025-11-16 21:00:00,solar.bun_carm1#realenergyintotheload#kwh,BUNDOORA,0.0,0.67740375,0.0026537427,0.0025751188,0.0
2025-11-16 22:00:00,solar.bun_carm1#realenergyintotheload#kwh,BUNDOORA,0.0,0.009077116,0.0029181018,0.0028316458,0.0
2025-11-16 23:00:00,solar.bun_carm1#realenergyintotheload#kwh,BUNDOORA,0.0,-0.020778203,0.0022885685,0.002220764,0.0
2025-11-17 00:00:00,solar.bun_carm1#realenergyintotheload#kwh,BUNDOORA,0.0,0.009348915,0.0022885685,0.002220764,0.0
2025-11-17 01:00:00,solar.bun_carm1#realenergyintotheload#kwh,BUNDOORA,0.0,0.024276558,0.0022885685,0.002220764,0.0
2025-11-17 02:00:00,solar.bun_carm1#realenergyintotheload#kwh,BUNDOORA,0.0,0.00030963775,0.0022885685,0.002220764,0.0
2025-11-17 03:00:00,solar.bun_carm1#realenergyintotheload#kwh,BUNDOORA,0.0,-0.0023488067,0.0014223809,0.0013802393,0.0
2025-11-17 04:00:00,solar.bun_carm1#realenergyintotheload#kwh,BUNDOORA,0.0,0.010206708,0.00066552084,0.0006458031,0.0
2025-11-17 05:00:00,solar.bun_carm1#realenergyintotheload#kwh,BUNDOORA,0.0,0.02711568,0.00066552084,0.0006458031,0.0
2025-11-17 06:00:00,solar.bun_carm1#realenergyintotheload#kwh,BUNDOORA,0.0,0.9511417,0.00066552084,0.0006458031,0.0
2025-11-17 07:00:00,solar.bun_carm1#realenergyintotheload#kwh,BUNDOORA,0.0,3.1789656,5.0115476,4.863068,67.0
2025-11-17 08:00:00,solar.bun_carm1#realenergyintotheload#kwh,BUNDOORA,0.0,6.326259,10.697502,10.380562,138.0
2025-11-17 09:00:00,solar.bun_carm1#realenergyintotheload#kwh,BUNDOORA,0.0,15.240244,16.983067,16.4799,215.0
2025-11-17 10:00:00,solar.bun_carm1#realenergyintotheload#kwh,BUNDOORA,0.0,22.38042,25.960148,25.191013,322.0
2025-11-17 11:00:00,solar.bun_carm1#realenergyintotheload#kwh,BUNDOORA,0.0,22.58153,26.690619,25.899841,334.0
2025-11-17 12:00:00,solar.bun_carm1#realenergyintotheload#kwh,BUNDOORA,0.0,22.748753,21.726686,21.08298,284.0
2025-11-17 13:00:00,solar.bun_carm1#realenergyintotheload#kwh,BUNDOORA,0.0,18.448391,17.056696,16.551348,220.0
2025-11-17 14:00:00,solar.bun_carm1#realenergyintotheload#kwh,BUNDOORA,0.0,22.114042,26.586061,25.798384,339.0
2025-11-17 15:00:00,solar.bun_carm1#realenergyintotheload#kwh,BUNDOORA,0.0,22.915604,19.03286,18.468964,242.0
2025-11-17 16:00:00,solar.bun_carm1#realenergyintotheload#kwh,BUNDOORA,0.0,25.43487,17.801035,17.273634,225.0
2025-11-17 17:00:00,solar.bun_carm1#realenergyintotheload#kwh,BUNDOORA,0.0,23.166147,12.602611,12.229227,160.0
2025-11-17 18:00:00,solar.bun_carm1#realenergyintotheload#kwh,BUNDOORA,0.0,16.406109,9.598798,9.314409,124.0
2025-11-17 19:00:00,solar.bun_carm1#realenergyintotheload#kwh,BUNDOORA,0.0,9.929807,6.0773406,5.897284,80.0
2025-11-17 20:00:00,solar.bun_carm1#realenergyintotheload#kwh,BUNDOORA,0.0,4.290245,0.6333462,0.61458176,13.0
2025-11-17 21:00:00,solar.bun_carm1#realenergyintotheload#kwh,BUNDOORA,0.0,1.0543114,0.002762419,0.0026805755,0.0
2025-11-17 22:00:00,solar.bun_carm1#realenergyintotheload#kwh,BUNDOORA,0.0,0.0843629,0.003350912,0.0032516327,0.0
2025-11-17 23:00:00,solar.bun_carm1#realenergyintotheload#kwh,BUNDOORA,0.0,0.102605715,0.0023117028,0.002243213,0.0
2025-11-18 00:00:00,solar.bun_carm1#realenergyintotheload#kwh,BUNDOORA,0.0,0.102605715,0.0023117028,0.002243213,0.0
2025-11-18 01:00:00,solar.bun_carm1#realenergyintotheload#kwh,BUNDOORA,0.0,0.25819534,0.0023117028,0.002243213,0.0
2025-11-18 02:00:00,solar.bun_carm1#realenergyintotheload#kwh,BUNDOORA,0.0,0.1133773,0.0023117028,0.002243213,0.0
2025-11-18 03:00:00,solar.bun_carm1#realenergyintotheload#kwh,BUNDOORA,0.0,-0.026540134,0.0016821693,0.0016323308,0.0
2025-11-18 04:00:00,solar.bun_carm1#realenergyintotheload#kwh,BUNDOORA,0.0,-0.0062030824,0.0020450968,0.0019845057,0.0
2025-11-18 05:00:00,solar.bun_carm1#realenergyintotheload#kwh,BUNDOORA,0.0,0.11056451,0.0015344047,0.0014889442,0.0
2025-11-18 06:00:00,solar.bun_carm1#realenergyintotheload#kwh,BUNDOORA,0.0,1.2750512,0.0015344047,0.0014889442,0.0
2025-11-18 07:00:00,solar.bun_carm1#realenergyintotheload#kwh,BUNDOORA,0.0,5.7523465,3.5282001,3.4236684,49.0
2025-11-18 08:00:00,solar.bun_carm1#realenergyintotheload#kwh,BUNDOORA,0.0,10.435144,12.522724,12.151707,165.0
2025-11-18 09:00:00,solar.bun_carm1#realenergyintotheload#kwh,BUNDOORA,0.0,24.703377,24.784328,24.050032,312.0
2025-11-18 10:00:00,solar.bun_carm1#realenergyintotheload#kwh,BUNDOORA,0.0,20.99492,18.100023,17.563765,230.0
2025-11-18 11:00:00,solar.bun_carm1#realenergyintotheload#kwh,BUNDOORA,0.0,27.886486,23.471918,22.776505,306.0
2025-11-18 12:00:00,solar.bun_carm1#realenergyintotheload#kwh,BUNDOORA,0.0,20.53677,16.176695,15.69742,211.0
2025-11-18 13:00:00,solar.bun_carm1#realenergyintotheload#kwh,BUNDOORA,0.0,17.637897,12.969795,12.585532,169.0
2025-11-18 14:00:00,solar.bun_carm1#realenergyintotheload#kwh,BUNDOORA,0.0,37.531036,34.918446,33.8839,452.0
2025-11-18 15:00:00,solar.bun_carm1#realenergyintotheload#kwh,BUNDOORA,0.0,39.52023,35.293545,34.247887,454.0
2025-11-18 16:00:00,solar.bun_carm1#realenergyintotheload#kwh,BUNDOORA,0.0,27.969034,21.573845,20.934666,277.0
2025-11-18 17:00:00,solar.bun_carm1#realenergyintotheload#kwh,BUNDOORA,0.0,28.381884,21.923477,21.27394,278.0
2025-11-18 18:00:00,solar.bun_carm1#realenergyintotheload#kwh,BUNDOORA,0.0,22.740946,18.808577,18.251326,237.0
2025-11-18 19:00:00,solar.bun_carm1#realenergyintotheload#kwh,BUNDOORA,0.0,13.971954,7.8445015,7.6120887,106.0
2025-11-18 20:00:00,solar.bun_carm1#realenergyintotheload#kwh,BUNDOORA,0.0,7.8260293,2.3210928,2.2523246,33.0
2025-11-18 21:00:00,solar.bun_carm1#realenergyintotheload#kwh,BUNDOORA,0.0,1.2943406,0.0032766405,0.0031795618,0.0
2025-11-18 22:00:00,solar.bun_carm1#realenergyintotheload#kwh,BUNDOORA,0.0,0.102211215,0.002196391,0.0021313175,0.0
2025-11-18 23:00:00,solar.bun_carm1#realenergyintotheload#kwh,BUNDOORA,0.0,0.041464843,0.002196391,0.0021313175,0.0
2025-11-19 00:00:00,solar.bun_carm1#realenergyintotheload#kwh,BUNDOORA,0.0,-0.020901807,0.002559318,0.0024834918,0.0
2025-11-19 01:00:00,solar.bun_carm1#realenergyintotheload#kwh,BUNDOORA,0.0,-0.008404642,0.002559318,0.0024834918,0.0
2025-11-19 02:00:00,solar.bun_carm1#realenergyintotheload#kwh,BUNDOORA,0.0,-0.020901807,0.002196391,0.0021313175,0.0
2025-11-19 03:00:00,solar.bun_carm1#realenergyintotheload#kwh,BUNDOORA,0.0,-0.008544802,0.0022359472,0.0021697017,0.0
2025-11-19 04:00:00,solar.bun_carm1#realenergyintotheload#kwh,BUNDOORA,0.0,-0.01349615,0.0018319797,0.0017777027,0.0
2025-11-19 05:00:00,solar.bun_carm1#realenergyintotheload#kwh,BUNDOORA,0.0,0.06614565,0.0015487117,0.0015028273,0.0
2025-11-19 06:00:00,solar.bun_carm1#realenergyintotheload#kwh,BUNDOORA,0.0,1.8726023,0.0026075938,0.0025303373,0.0
2025-11-19 07:00:00,solar.bun_carm1#realenergyintotheload#kwh,BUNDOORA,0.0,3.8749533,6.281992,6.0958724,82.0
2025-11-19 08:00:00,solar.bun_carm1#realenergyintotheload#kwh,BUNDOORA,0.0,12.958148,14.6758585,14.24105,187.0
2025-11-19 09:00:00,solar.bun_carm1#realenergyintotheload#kwh,BUNDOORA,0.0,27.755335,29.810642,28.927427,379.0
2025-11-19 10:00:00,solar.bun_carm1#realenergyintotheload#kwh,BUNDOORA,0.0,43.830547,45.755783,44.400154,619.0
2025-11-19 11:00:00,solar.bun_carm1#realenergyintotheload#kwh,BUNDOORA,0.0,48.82337,55.457806,53.814728,771.0
2025-11-19 12:00:00,solar.bun_carm1#realenergyintotheload#kwh,BUNDOORA,0.0,49.716045,57.173447,55.47954,791.0
2025-11-19 13:00:00,solar.bun_carm1#realenergyintotheload#kwh,BUNDOORA,0.0,56.317932,59.422302,57.661766,825.0
2025-11-19 14:00:00,solar.bun_carm1#realenergyintotheload#kwh,BUNDOORA,0.0,62.572098,61.709015,59.88073,892.0
2025-11-19 15:00:00,solar.bun_carm1#realenergyintotheload#kwh,BUNDOORA,0.0,52.07284,54.945076,53.317192,765.0
2025-11-19 16:00:00,solar.bun_carm1#realenergyintotheload#kwh,BUNDOORA,0.0,39.90613,45.24954,43.90891,604.0
2025-11-19 17:00:00,solar.bun_carm1#realenergyintotheload#kwh,BUNDOORA,0.0,51.86195,48.50073,47.063774,655.0
2025-11-19 18:00:00,solar.bun_carm1#realenergyintotheload#kwh,BUNDOORA,0.0,33.784874,32.661415,31.693739,441.0
2025-11-19 19:00:00,solar.bun_carm1#realenergyintotheload#kwh,BUNDOORA,0.0,16.230791,15.870592,15.400386,215.0
2025-11-19 20:00:00,solar.bun_carm1#realenergyintotheload#kwh,BUNDOORA,0.0,3.7605894,1.6246336,1.5764997,26.0
2025-11-19 21:00:00,solar.bun_carm1#realenergyintotheload#kwh,BUNDOORA,0.0,0.98078924,0.0015351981,0.001489714,0.0
2025-11-19 22:00:00,solar.bun_carm1#realenergyintotheload#kwh,BUNDOORA,0.0,0.0055313893,0.0010645466,0.0010330068,0.0
2025-11-19 23:00:00,solar.bun_carm1#realenergyintotheload#kwh,BUNDOORA,0.0,0.009845421,0.001023506,0.0009931821,0.0
2025-11-20 00:00:00,solar.bun_carm1#realenergyintotheload#kwh,BUNDOORA,0.0,0.038602043,0.001023506,0.0009931821,0.0
2025-11-20 01:00:00,solar.bun_carm1#realenergyintotheload#kwh,BUNDOORA,0.0,0.055732816,0.0013823275,0.0013413726,0.0
2025-11-20 02:00:00,solar.bun_carm1#realenergyintotheload#kwh,BUNDOORA,0.0,0.052753065,0.0016829628,0.0016331008,0.0
2025-11-20 03:00:00,solar.bun_carm1#realenergyintotheload#kwh,BUNDOORA,0.0,0.037833102,0.0015300922,0.0014847594,0.0
2025-11-20 04:00:00,solar.bun_carm1#realenergyintotheload#kwh,BUNDOORA,0.0,0.036645833,0.0014274743,0.0013851818,0.0
2025-11-20 05:00:00,solar.bun_carm1#realenergyintotheload#kwh,BUNDOORA,0.0,0.0073599685,0.0010645466,0.0010330068,0.0
2025-11-20 06:00:00,solar.bun_carm1#realenergyintotheload#kwh,BUNDOORA,0.0,0.36050466,0.0014274743,0.0013851818,0.0
2025-11-20 07:00:00,solar.bun_carm1#realenergyintotheload#kwh,BUNDOORA,0.0,1.1376404,6.2066617,6.0227737,81.0
2025-11-20 08:00:00,solar.bun_carm1#realenergyintotheload#kwh,BUNDOORA,0.0,5.8202066,13.964665,13.550927,177.0
2025-11-20 09:00:00,solar.bun_carm1#realenergyintotheload#kwh,BUNDOORA,0.0,26.462124,33.244434,32.259483,428.0
2025-11-20 10:00:00,solar.bun_carm1#realenergyintotheload#kwh,BUNDOORA,0.0,34.841587,36.601795,35.517376,477.0
2025-11-20 11:00:00,solar.bun_carm1#realenergyintotheload#kwh,BUNDOORA,0.0,42.37521,51.209553,49.69234,682.0
2025-11-20 12:00:00,solar.bun_carm1#realenergyintotheload#kwh,BUNDOORA,0.0,44.76809,55.973843,54.31548,755.0
2025-11-20 13:00:00,solar.bun_carm1#realenergyintotheload#kwh,BUNDOORA,0.0,61.180622,70.01196,67.93768,1049.0
2025-11-20 14:00:00,solar.bun_carm1#realenergyintotheload#kwh,BUNDOORA,0.0,49.729847,59.875843,58.10187,820.0
2025-11-20 15:00:00,solar.bun_carm1#realenergyintotheload#kwh,BUNDOORA,0.0,42.809772,46.04719,44.68293,611.0
2025-11-20 16:00:00,solar.bun_carm1#realenergyintotheload#kwh,BUNDOORA,0.0,54.557304,58.998108,57.25014,824.0
2025-11-20 17:00:00,solar.bun_carm1#realenergyintotheload#kwh,BUNDOORA,0.0,48.541553,48.89665,47.447964,670.0
2025-11-20 18:00:00,solar.bun_carm1#realenergyintotheload#kwh,BUNDOORA,0.0,31.32538,34.624157,33.59833,463.0
2025-11-20 19:00:00,solar.bun_carm1#realenergyintotheload#kwh,BUNDOORA,0.0,19.656673,18.031542,17.497313,244.0
2025-11-20 20:00:00,solar.bun_carm1#realenergyintotheload#kwh,BUNDOORA,0.0,6.7171817,3.5224466,3.4180853,48.0
2025-11-20 21:00:00,solar.bun_carm1#realenergyintotheload#kwh,BUNDOORA,0.0,0.51653177,0.00066902995,0.00064920826,0.0
2025-11-20 22:00:00,solar.bun_carm1#realenergyintotheload#kwh,BUNDOORA,0.0,0.0875002,0.0020458903,0.0019852757,0.0
2025-11-20 23:00:00,solar.bun_carm1#realenergyintotheload#kwh,BUNDOORA,0.0,-0.11504183,0.0018259832,0.0017718838,0.0
2025-11-21 00:00:00,solar.bun_carm1#realenergyintotheload#kwh,BUNDOORA,0.0,0.0053917244,0.0013604376,0.0013201312,0.0
2025-11-21 01:00:00,solar.bun_carm1#realenergyintotheload#kwh,BUNDOORA,0.0,0.013130018,0.0013604376,0.0013201312,0.0
2025-11-21 02:00:00,solar.bun_carm1#realenergyintotheload#kwh,BUNDOORA,0.0,0.01645749,0.0013604376,0.0013201312,0.0
2025-11-21 03:00:00,solar.bun_carm1#realenergyintotheload#kwh,BUNDOORA,0.0,0.0019365754,0.0013604376,0.0013201312,0.0
2025-11-21 04:00:00,solar.bun_carm1#realenergyintotheload#kwh,BUNDOORA,0.0,0.004029914,0.0013604376,0.0013201312,0.0
2025-11-21 05:00:00,solar.bun_carm1#realenergyintotheload#kwh,BUNDOORA,0.0,0.0015393775,0.0013604376,0.0013201312,0.0
2025-11-21 06:00:00,solar.bun_carm1#realenergyintotheload#kwh,BUNDOORA,0.0,0.037182588,0.0013604376,0.0013201312,0.0
2025-11-21 07:00:00,solar.bun_carm1#realenergyintotheload#kwh,BUNDOORA,0.0,2.0373495,7.5276847,7.3046584,106.0
2025-11-21 08:00:00,solar.bun_carm1#realenergyintotheload#kwh,BUNDOORA,0.0,12.828213,23.364847,22.672606,317.0
2025-11-21 09:00:00,solar.bun_carm1#realenergyintotheload#kwh,BUNDOORA,0.0,36.8974,39.800705,38.62151,538.0
2025-11-21 10:00:00,solar.bun_carm1#realenergyintotheload#kwh,BUNDOORA,0.0,51.78046,52.36577,50.8143,733.0
2025-11-21 11:00:00,solar.bun_carm1#realenergyintotheload#kwh,BUNDOORA,0.0,65.671646,63.096058,61.22668,904.0
2025-11-21 12:00:00,solar.bun_carm1#realenergyintotheload#kwh,BUNDOORA,0.0,65.315544,69.41378,67.35722,998.0
2025-11-21 13:00:00,solar.bun_carm1#realenergyintotheload#kwh,BUNDOORA,0.0,71.43585,70.054085,67.97855,1066.0
2025-11-21 14:00:00,solar.bun_carm1#realenergyintotheload#kwh,BUNDOORA,0.0,71.528656,69.292244,67.23929,1053.0
2025-11-21 15:00:00,solar.bun_carm1#realenergyintotheload#kwh,BUNDOORA,0.0,67.8076,66.57082,64.598495,976.0
2025-11-21 16:00:00,solar.bun_carm1#realenergyintotheload#kwh,BUNDOORA,0.0,61.42302,58.575104,56.83967,842.0
2025-11-21 17:00:00,solar.bun_carm1#realenergyintotheload#kwh,BUNDOORA,0.0,48.806335,48.761253,47.316578,662.0
2025-11-21 18:00:00,solar.bun_carm1#realenergyintotheload#kwh,BUNDOORA,0.0,31.374779,33.298824,32.312263,435.0
2025-11-21 19:00:00,solar.bun_carm1#realenergyintotheload#kwh,BUNDOORA,0.0,15.967038,15.493205,15.03418,204.0
2025-11-21 20:00:00,solar.bun_carm1#realenergyintotheload#kwh,BUNDOORA,0.0,2.206312,2.1356637,2.0723894,31.0
2025-11-21 21:00:00,solar.bun_carm1#realenergyintotheload#kwh,BUNDOORA,0.0,1.2930259,0.0018930198,0.0018369344,0.0
2025-11-21 22:00:00,solar.bun_carm1#realenergyintotheload#kwh,BUNDOORA,0.0,0.06768069,0.0020458903,0.0019852757,0.0
2025-11-21 23:00:00,solar.bun_carm1#realenergyintotheload#kwh,BUNDOORA,0.0,0.04956547,0.0018930198,0.0018369344,0.0
2025-11-22 00:00:00,solar.bun_carm1#realenergyintotheload#kwh,BUNDOORA,0.0,0.019157957,0.000916782,0.00088962005,0.0
2025-11-22 01:00:00,solar.bun_carm1#realenergyintotheload#kwh,BUNDOORA,0.0,0.016871087,0.0014274743,0.0013851818,0.0
2025-11-22 02:00:00,solar.bun_carm1#realenergyintotheload#kwh,BUNDOORA,0.0,0.02460938,0.0014274743,0.0013851818,0.0
2025-11-22 03:00:00,solar.bun_carm1#realenergyintotheload#kwh,BUNDOORA,0.0,0.009681752,0.0010645466,0.0010330068,0.0
2025-11-22 04:00:00,solar.bun_carm1#realenergyintotheload#kwh,BUNDOORA,0.0,0.004618679,0.001023506,0.0009931821,0.0
2025-11-22 05:00:00,solar.bun_carm1#realenergyintotheload#kwh,BUNDOORA,0.0,0.028307203,0.0014274743,0.0013851818,0.0
2025-11-22 06:00:00,solar.bun_carm1#realenergyintotheload#kwh,BUNDOORA,0.0,0.31640735,0.000916782,0.00088962005,0.0
2025-11-22 07:00:00,solar.bun_carm1#realenergyintotheload#kwh,BUNDOORA,0.0,1.6242936,2.9479814,2.86064,40.0
2025-11-22 08:00:00,solar.bun_carm1#realenergyintotheload#kwh,BUNDOORA,0.0,8.15691,10.116292,9.816571,130.0
2025-11-22 09:00:00,solar.bun_carm1#realenergyintotheload#kwh,BUNDOORA,0.0,16.134981,13.606162,13.203046,173.0
2025-11-22 10:00:00,solar.bun_carm1#realenergyintotheload#kwh,BUNDOORA,0.0,35.698692,35.81709,34.755917,470.0
2025-11-22 11:00:00,solar.bun_carm1#realenergyintotheload#kwh,BUNDOORA,0.0,40.323933,36.59863,35.5143,477.0
2025-11-22 12:00:00,solar.bun_carm1#realenergyintotheload#kwh,BUNDOORA,0.0,50.72249,52.556416,50.999302,719.0
2025-11-22 13:00:00,solar.bun_carm1#realenergyintotheload#kwh,BUNDOORA,0.0,50.241848,54.245422,52.638268,746.0
2025-11-22 14:00:00,solar.bun_carm1#realenergyintotheload#kwh,BUNDOORA,0.0,45.373222,50.185684,48.698807,687.0
2025-11-22 15:00:00,solar.bun_carm1#realenergyintotheload#kwh,BUNDOORA,0.0,50.38795,54.89163,53.265327,763.0
2025-11-22 16:00:00,solar.bun_carm1#realenergyintotheload#kwh,BUNDOORA,0.0,37.137386,42.339684,41.085266,564.0
2025-11-22 17:00:00,solar.bun_carm1#realenergyintotheload#kwh,BUNDOORA,0.0,18.720982,12.464406,12.095117,165.0
2025-11-22 18:00:00,solar.bun_carm1#realenergyintotheload#kwh,BUNDOORA,0.0,15.551995,10.061371,9.763278,131.0
2025-11-22 19:00:00,solar.bun_carm1#realenergyintotheload#kwh,BUNDOORA,0.0,11.431411,5.26185,5.1059546,70.0
2025-11-22 20:00:00,solar.bun_carm1#realenergyintotheload#kwh,BUNDOORA,0.0,3.7723866,0.17470218,0.16952619,5.0
2025-11-22 21:00:00,solar.bun_carm1#realenergyintotheload#kwh,BUNDOORA,0.0,0.70886767,0.0021553505,0.0020914928,0.0
2025-11-22 22:00:00,solar.bun_carm1#realenergyintotheload#kwh,BUNDOORA,0.0,0.047713682,0.0021553505,0.0020914928,0.0
2025-11-22 23:00:00,solar.bun_carm1#realenergyintotheload#kwh,BUNDOORA,0.0,0.03494992,0.0021553505,0.0020914928,0.0
2025-11-23 00:00:00,solar.bun_carm1#realenergyintotheload#kwh,BUNDOORA,0.0,-0.009456292,0.0021553505,0.0020914928,0.0
2025-11-23 01:00:00,solar.bun_carm1#realenergyintotheload#kwh,BUNDOORA,0.0,-0.02676203,0.0023272082,0.0022582589,0.0
2025-11-23 02:00:00,solar.bun_carm1#realenergyintotheload#kwh,BUNDOORA,0.0,-0.02676203,0.0034074578,0.0033065034,0.0
2025-11-23 03:00:00,solar.bun_carm1#realenergyintotheload#kwh,BUNDOORA,0.0,-0.01194785,0.003128876,0.0030361752,0.0
2025-11-23 04:00:00,solar.bun_carm1#realenergyintotheload#kwh,BUNDOORA,0.0,-0.013462088,0.0020486263,0.0019879306,0.0
2025-11-23 05:00:00,solar.bun_carm1#realenergyintotheload#kwh,BUNDOORA,0.0,0.0812768,0.0020486263,0.0019879306,0.0
2025-11-23 06:00:00,solar.bun_carm1#realenergyintotheload#kwh,BUNDOORA,0.0,0.86543,0.0020486263,0.0019879306,0.0
2025-11-23 07:00:00,solar.bun_carm1#realenergyintotheload#kwh,BUNDOORA,0.0,0.949236,3.124629,3.0320542,41.0
2025-11-23 08:00:00,solar.bun_carm1#realenergyintotheload#kwh,BUNDOORA,0.0,2.3653188,6.8996572,6.6952376,90.0
2025-11-23 09:00:00,solar.bun_carm1#realenergyintotheload#kwh,BUNDOORA,0.0,5.658837,7.0013375,6.7939053,92.0
2025-11-23 10:00:00,solar.bun_carm1#realenergyintotheload#kwh,BUNDOORA,0.0,7.037594,10.139622,9.8392105,129.0
2025-11-23 11:00:00,solar.bun_carm1#realenergyintotheload#kwh,BUNDOORA,0.0,6.3940377,8.987764,8.721479,117.0
2025-11-23 12:00:00,solar.bun_carm1#realenergyintotheload#kwh,BUNDOORA,0.0,8.8790655,9.651713,9.365757,125.0
2025-11-23 13:00:00,solar.bun_carm1#realenergyintotheload#kwh,BUNDOORA,0.0,10.936758,9.545838,9.263019,122.0
2025-11-23 14:00:00,solar.bun_carm1#realenergyintotheload#kwh,BUNDOORA,0.0,16.177134,9.523282,9.241131,123.0
2025-11-23 15:00:00,solar.bun_carm1#realenergyintotheload#kwh,BUNDOORA,0.0,18.177938,12.78661,12.407774,167.0
2025-11-23 16:00:00,solar.bun_carm1#realenergyintotheload#kwh,BUNDOORA,0.0,22.502544,15.834068,15.364944,201.0
2025-11-23 17:00:00,solar.bun_carm1#realenergyintotheload#kwh,BUNDOORA,0.0,24.546137,14.671795,14.237106,190.0
2025-11-23 18:00:00,solar.bun_carm1#realenergyintotheload#kwh,BUNDOORA,0.0,16.486107,11.699705,11.353072,151.0
2025-11-23 19:00:00,solar.bun_carm1#realenergyintotheload#kwh,BUNDOORA,0.0,11.309256,7.7652974,7.535231,102.0
2025-11-23 20:00:00,solar.bun_carm1#realenergyintotheload#kwh,BUNDOORA,0.0,2.8650844,2.3218865,2.253095,33.0
2025-11-23 21:00:00,solar.bun_carm1#realenergyintotheload#kwh,BUNDOORA,0.0,0.9530695,0.0020486263,0.0019879306,0.0
2025-11-23 22:00:00,solar.bun_carm1#realenergyintotheload#kwh,BUNDOORA,0.0,0.07281736,0.002196391,0.0021313175,0.0
2025-11-23 23:00:00,solar.bun_carm1#realenergyintotheload#kwh,BUNDOORA,0.0,0.043919675,0.002196391,0.0021313175,0.0
2025-11-24 00:00:00,solar.bun_carm1#realenergyintotheload#kwh,BUNDOORA,0.0,0.043919675,0.002196391,0.0021313175,0.0
2025-11-24 01:00:00,solar.bun_carm1#realenergyintotheload#kwh,BUNDOORA,0.0,0.041167364,0.0020486263,0.0019879306,0.0
2025-11-24 02:00:00,solar.bun_carm1#realenergyintotheload#kwh,BUNDOORA,0.0,0.038644552,0.002196391,0.0021313175,0.0
2025-11-24 03:00:00,solar.bun_carm1#realenergyintotheload#kwh,BUNDOORA,0.0,0.052167274,0.0020486263,0.0019879306,0.0
2025-11-24 04:00:00,solar.bun_carm1#realenergyintotheload#kwh,BUNDOORA,,0.062655866,0.002559318,0.0024834918,0.0
2025-11-24 05:00:00,solar.bun_carm1#realenergyintotheload#kwh,BUNDOORA,,0.121862985,0.002559318,0.0024834918,0.0
2025-11-24 06:00:00,solar.bun_carm1#realenergyintotheload#kwh,BUNDOORA,,0.9169116,0.0024922814,0.0024184412,0.0
2025-11-24 07:00:00,solar.bun_carm1#realenergyintotheload#kwh,BUNDOORA,,3.305352,7.4059567,7.186537,97.0
2025-11-24 08:00:00,solar.bun_carm1#realenergyintotheload#kwh,BUNDOORA,,5.8386555,20.676987,20.064379,276.0
2025-11-24 09:00:00,solar.bun_carm1#realenergyintotheload#kwh,BUNDOORA,,29.011797,37.726215,36.608482,509.0
2025-11-24 10:00:00,solar.bun_carm1#realenergyintotheload#kwh,BUNDOORA,,46.428764,50.62955,49.129524,702.0
2025-11-24 11:00:00,solar.bun_carm1#realenergyintotheload#kwh,BUNDOORA,,60.299976,60.987267,59.180367,862.0
